timestamp,d0,d1,d2,d3,v_mm_s,gz
1784799068.046728,9550,9052,1867,4343,29.1700,0.0000
1784799068.071719,9399,9090,1829,4362,29.1700,0.0000
1784799068.097565,9437,9034,1848,4334,71.5900,-1.3100
1784799068.122452,9437,9090,1820,4334,71.5900,-1.3100
1784799068.147763,9381,9052,1857,4343,80.0400,-0.8800
1784799068.173387,9475,9090,1810,4343,80.0400,-0.8800
1784799068.198768,9475,9118,1848,4334,100.0700,-0.9400
1784799068.223827,9437,9099,1904,4278,100.0700,-0.9400
1784799068.249383,9512,9090,1886,4278,102.7800,0.5000
1784799068.274651,9512,9062,1895,4296,102.7800,0.5000
1784799068.299803,9596,9109,1876,4296,111.3700,-0.3100
1784799068.325339,9587,9071,1829,4306,111.3700,-0.3100
1784799068.350431,9690,9118,1895,4287,118.6800,-1.1900
1784799068.375533,9690,9109,1857,4287,118.6800,-1.1900
1784799068.401290,9981,9137,1820,4278,121.7100,0.5600
1784799068.426414,9944,9090,1839,4268,121.7100,0.5600
1784799068.451560,9859,9090,1867,4268,116.6700,0.2500
1784799068.476708,9559,9062,1792,4268,116.6700,0.2500
1784799068.502441,9212,9099,1876,4231,124.1900,-0.6900
1784799068.527809,9550,9109,1839,4212,124.1900,-0.6900
1784799068.552810,9324,9165,1857,4212,129.8300,-1.0000
1784799068.578392,9653,9137,1857,4212,129.8300,-1.0000
1784799068.603744,9259,9156,1839,4221,129.9300,-0.1900
1784799068.628815,9212,9184,1829,4231,129.9300,-0.1900
1784799068.654377,9296,9146,1829,4221,135.2300,-0.2500
1784799068.679501,9287,9193,1857,4193,135.2300,-0.2500
1784799068.704599,9343,9193,1876,4174,135.2300,-0.4400
1784799068.730366,9390,8771,1857,4212,135.2300,-0.4400
1784799068.755467,9390,8752,1904,4184,143.5100,0.6900
1784799068.780752,9596,9221,1923,4137,143.5100,0.6900
1784799068.806365,9606,8846,1886,4156,146.0500,-0.1900
1784799068.831817,9653,8536,1970,4146,146.0500,-0.1900
1784799068.856793,9653,8921,1942,4156,146.0500,0.0600
1784799068.882321,9334,8649,1932,4165,146.0500,0.0600
1784799068.907437,9324,8574,1923,4118,148.4900,-1.2500
1784799068.932805,9324,8574,1848,4165,148.4900,-1.2500
1784799068.958127,9221,8640,1848,4193,154.5500,0.7500
1784799068.983576,9296,8611,1886,4203,154.5500,0.7500
1784799069.008533,9653,8658,1867,4174,153.8000,0.3700
1784799069.033849,9625,8940,1876,4203,153.8000,0.3700
1784799069.059413,9503,9015,1867,4193,165.5900,0.8100
1784799069.084511,9362,8921,1848,4231,165.5900,0.8100
1784799069.109661,9287,8846,1886,4203,162.2800,-0.2500
1784799069.135432,9296,8762,1829,4203,162.2800,-0.2500
1784799069.160810,9268,8715,1839,4137,170.4000,-0.4400
1784799069.185814,9287,8715,1848,4109,170.4000,-0.4400
1784799069.211394,9212,8733,1867,4099,169.7100,-1.3100
1784799069.236500,9212,8705,1820,4081,169.7100,-1.3100
1784799069.261812,9221,8696,1848,4081,179.3900,-0.9400
1784799069.287355,9259,8733,1848,3996,179.3900,-0.9400
1784799069.312481,9278,8790,1876,3996,180.3100,-2.1900
1784799069.337578,9259,8762,1867,3968,180.3100,-2.1900
1784799069.362824,9221,8677,1810,3949,193.1900,-0.9400
1784799069.388453,9249,8762,1867,3921,193.1900,-0.9400
1784799069.413555,9231,8696,1848,3884,185.6200,-0.7500
1784799069.438689,9212,8649,1857,3912,185.6200,-0.7500
1784799069.464818,9174,9240,1820,3912,198.7100,1.9400
1784799069.489815,9174,8818,1829,3874,198.7100,1.9400
1784799069.514804,9221,8837,1904,3921,202.8500,-0.7500
1784799069.540435,9193,8959,1886,3968,202.8500,-0.7500
1784799069.565530,9212,8959,1923,3977,202.8500,2.3100
1784799069.590834,9193,8621,1876,3874,202.8500,2.3100
1784799069.616425,9240,8630,1961,3884,205.5600,0.4400
1784799069.641525,9212,8668,1886,3931,205.5600,0.4400
1784799069.666663,9231,8687,1876,3902,202.8500,1.8800
1784799069.692506,9202,8649,1923,3921,205.5600,-0.5000
1784799069.717513,9278,8536,1895,3893,205.5600,-0.5000
1784799069.742596,9240,8583,1951,3987,205.5600,-0.5000
1784799069.768361,9287,8499,1895,3987,205.5600,-0.2500
1784799069.793847,9240,8518,1932,3968,205.5600,-0.2500
1784799069.818836,9268,8546,1942,3940,198.8700,-1.3100
1784799069.843826,9221,8593,1970,3977,204.2300,-0.1900
1784799069.869493,9212,8687,1914,4034,204.2300,-0.1900
1784799069.894586,9240,8771,1989,3931,204.2300,-0.1900
1784799069.919849,9137,8940,1942,3996,205.5600,0.3100
1784799069.945466,9193,9118,1961,3996,200.1500,1.1900
1784799069.970562,9193,9137,1932,3968,200.1500,1.1900
1784799069.995651,9240,9184,1989,3949,202.8500,-0.6900
1784799070.021445,9278,9118,1989,4015,202.8500,-0.6900
1784799070.046776,9240,9193,1979,4024,200.1500,-0.4400
1784799070.071651,9240,9334,2045,4024,200.1500,-0.4400
1784799070.097506,9240,9315,1979,3940,197.4400,0.0600
1784799070.122858,9231,8621,1989,3931,197.4400,0.0600
1784799070.147932,9165,8752,2017,3893,193.5700,0.2500
1784799070.173435,9127,8733,1989,3959,193.5700,0.2500
1784799070.198505,9174,8733,2045,3987,194.7400,1.1900
1784799070.223874,9174,8771,2007,3987,194.7400,1.1900
1784799070.249389,9165,8808,1979,4006,201.4700,-1.8100
1784799070.274508,9127,8808,2036,4006,201.4700,-1.8100
1784799070.299617,9165,8846,2054,4109,197.4400,-0.1200
1784799070.324883,9165,8855,2073,4071,197.4400,-0.1200
1784799070.350699,9165,8855,2045,4099,197.4400,-0.3700
1784799070.375601,9174,8808,2054,4024,197.4400,-0.3700
1784799070.400717,9184,8874,2083,4071,201.5300,1.2500
1784799070.426512,9202,8808,2148,4006,201.5300,1.2500
1784799070.451872,9259,8902,2120,3968,204.2300,-1.5000
1784799070.476882,9306,8921,2148,3949,204.2300,-1.5000
1784799070.502470,9296,8902,2158,3996,197.4400,2.8800
1784799070.527569,9278,8940,2186,3977,197.4400,2.8800
1784799070.552950,9296,8940,2242,3987,202.8500,-0.8100
1784799070.578458,9287,8940,2298,3921,202.8500,-0.8100
1784799070.603557,9268,8949,2223,3968,201.5300,2.0000
1784799070.628684,9268,8912,2261,3931,201.5300,2.0000
1784799070.654410,9287,8977,2251,3912,204.2300,-0.4400
1784799070.679537,9268,8987,2204,3949,204.2300,-0.4400
1784799070.704684,9268,9015,2214,3949,196.2200,1.0600
1784799070.730423,9221,8968,2186,3855,196.2200,1.0600
1784799070.755877,9221,9024,2280,3874,206.9900,0.3100
1784799070.780914,9221,9062,2261,3846,206.9900,0.3100
1784799070.805926,9249,8987,2214,3865,202.8500,0.1900
1784799070.831568,9249,8987,2186,3921,202.8500,0.1900
1784799070.856885,9249,8968,2251,3912,198.8700,-1.1200
1784799070.881928,9240,8977,2223,3855,198.8700,-1.1200
1784799070.907510,9296,9015,2167,3855,202.8500,-1.5000
1784799070.932594,9249,9052,2158,3855,202.8500,-1.5000
1784799070.957741,9287,9081,2280,3809,206.9900,-1.2500
1784799070.983490,9278,9005,2261,3874,206.9900,-1.2500
1784799071.008592,9278,9099,2270,3874,205.5600,3.0000
1784799071.033705,9212,9099,2326,3799,205.5600,3.0000
1784799071.059478,9240,9015,2251,3799,201.5300,-0.1900
1784799071.084905,9259,8977,2251,3874,201.5300,-0.1900
1784799071.109908,9259,8949,2280,3743,204.2300,2.4400
1784799071.135445,9193,8930,2233,3827,204.2300,2.4400
1784799071.160579,9249,8987,2242,3893,202.8500,-1.8100
1784799071.185926,9240,8959,2242,3912,202.8500,-1.8100
1784799071.211026,9165,8949,2204,3865,201.5300,0.2500
1784799071.236560,9240,8949,2251,3884,201.5300,0.2500
1784799071.261893,9174,8949,2204,3902,206.9900,0.4400
1784799071.286780,9221,8940,2223,3865,206.9900,0.4400
1784799071.312544,9184,8940,2223,3696,202.8500,-1.1900
1784799071.337654,9202,8874,2251,3799,202.8500,-1.1900
1784799071.362775,9137,8884,2204,3799,202.8500,-0.6900
1784799071.388524,9127,8921,2214,3752,202.8500,-0.6900
1784799071.413923,9156,8771,2270,3790,205.5600,-2.5600
1784799071.438945,9156,8827,2261,3734,205.5600,-2.5600
1784799071.464518,9174,8827,2242,3771,205.5600,0.8100
1784799071.489603,9127,8846,2308,3415,205.5600,0.8100
1784799071.514946,9127,8930,2223,3771,205.5600,-1.0600
1784799071.540503,9146,8968,2167,3518,205.5600,-1.0600
1784799071.565603,9127,8940,2214,3161,205.5600,2.0600
1784799071.590695,9193,8959,2204,3499,205.5600,2.0600
1784799071.616009,9137,8959,2242,3724,205.5600,0.5600
1784799071.641604,9146,8949,2167,3762,205.5600,0.5600
1784799071.666698,9174,8930,2251,3818,205.5600,1.6300
1784799071.691899,9184,8893,2233,3461,205.5600,1.6300
1784799071.717622,9184,8874,2233,3415,205.5600,0.9400
1784799071.742930,9202,8940,2223,3452,205.5600,0.9400
1784799071.767996,9249,8959,2223,3433,200.1500,1.1200
1784799071.793555,9212,8949,2242,3499,200.1500,0.1200
1784799071.818635,9202,8940,2261,3461,200.1500,0.1200
1784799071.843980,9184,8940,2261,3415,200.1500,0.1200
1784799071.869541,9174,8930,2233,3734,196.2200,-0.9400
1784799071.894643,9127,8949,2233,3452,197.4400,-0.6300
1784799071.919770,9127,8865,2223,3677,197.4400,-0.6300
1784799071.945489,9146,8846,2233,3630,197.4400,0.0000
1784799071.970630,9081,8930,2251,3687,197.4400,0.0000
1784799071.995748,9156,8902,2270,3630,197.4400,0.0000
1784799072.021481,9127,8902,2233,3630,200.1500,1.5600
1784799072.046999,9099,8930,2261,3527,209.7500,1.8800
1784799072.071959,9052,8893,2251,3518,209.7500,1.8800
1784799072.097370,9099,8921,2289,3424,202.8500,-2.0600
1784799072.122593,9127,8865,2261,3461,202.8500,-2.0600
1784799072.147695,9090,8855,2298,3349,205.5600,0.3100
1784799072.173013,9099,8837,2270,3349,205.5600,0.3100
1784799072.198593,9118,8771,2345,3405,198.8700,-0.4400
1784799072.223696,9118,8771,2289,3311,198.8700,-0.4400
1784799072.248837,9165,8865,2317,3349,204.2300,0.6900
1784799072.274579,9165,8762,2298,3321,204.2300,0.6900
1784799072.299682,9024,8762,2280,3311,202.8500,-0.1200
1784799072.324807,9005,8705,2308,3255,202.8500,-0.1200
1784799072.350787,9137,8640,2317,3227,205.5600,-0.0600
1784799072.375957,9099,8705,2326,3264,205.5600,-0.0600
1784799072.400995,9109,8743,2336,3227,198.8700,-1.1200
1784799072.426547,9052,8743,2439,3264,198.8700,-1.1200
1784799072.451649,9090,8733,2420,3255,204.2300,-1.1900
1784799072.476981,9109,8743,2355,3274,204.2300,-1.1900
1784799072.502506,9081,8705,2373,3255,204.1800,0.0600
1784799072.527620,9090,8762,2392,3246,204.1800,0.0600
1784799072.552767,9090,8715,2345,3218,200.1500,-0.3700
1784799072.577912,9099,8827,2420,3218,200.1500,-0.3700
1784799072.603611,9081,8668,2439,3246,204.2300,1.9400
1784799072.628710,9081,8668,2420,3236,204.2300,1.9400
1784799072.653984,9099,8705,2401,3236,196.2200,1.0600
1784799072.679615,9090,8715,2420,3218,196.2200,1.0600
1784799072.704989,9090,8640,2411,3274,201.4700,1.0600
1784799072.730064,9090,8687,2392,3236,201.4700,1.0600
1784799072.755630,9090,8687,2401,3246,193.5700,0.0600
1784799072.780701,9071,8790,2401,3208,193.5700,0.0600
1784799072.806023,9099,8715,2401,3236,197.4400,-2.5600
1784799072.831584,9118,8724,2401,3199,197.4400,-2.5600
1784799072.856705,9034,8912,2401,3218,200.1500,0.1200
1784799072.881775,9099,8959,2401,3208,200.1500,0.1200
1784799072.907580,9109,8987,2392,3189,202.8500,-2.6900
1784799072.932731,9146,8987,2364,3152,202.8500,-2.6900
1784799072.957768,9137,8930,2448,3208,200.1500,-0.0600
1784799072.983558,9071,9090,2383,3180,200.1500,-0.0600
1784799073.008658,9156,9052,2458,3199,202.8500,0.6900
1784799073.034007,9118,9034,2392,3199,202.8500,0.6900
1784799073.059166,9118,8884,2383,3180,205.5600,2.3100
1784799073.084630,9071,8921,2448,3218,205.5600,2.3100
1784799073.109746,9043,8846,2477,3171,202.8500,0.2500
1784799073.135193,9005,8818,2411,3152,202.8500,0.2500
1784799073.160628,9071,8837,2477,3105,210.9700,-0.7500
1784799073.185715,9127,8893,2495,3171,210.9700,-0.7500
1784799073.210849,9062,8874,2420,3114,208.2600,0.6900
1784799073.236610,9062,8930,2439,3133,208.2600,0.6900
1784799073.261715,9052,8893,2477,3096,205.5600,-0.3700
1784799073.287033,9071,8921,2439,3067,205.5600,-0.3700
1784799073.312596,9081,8949,2477,3058,205.5600,-0.3100
1784799073.338022,9071,8949,2467,3067,205.5600,-0.3100
1784799073.363058,9109,8949,2495,3058,200.1500,-0.0600
1784799073.388577,9109,8912,2495,3096,200.1500,-0.0600
1784799073.413679,9052,8949,2495,3086,205.5600,-0.1200
1784799073.439048,9118,8930,2477,3058,205.5600,-0.1200
1784799073.464173,9090,8930,2477,3067,197.4400,-1.4400
1784799073.489679,9062,8987,2505,3030,197.4400,-1.4400
1784799073.514812,9109,8959,2542,3086,202.8500,-2.6300
1784799073.539938,9118,8987,2552,3077,202.8500,-2.6300
1784799073.565667,9081,8865,2561,3067,197.4400,0.3100
1784799073.590762,9090,8949,2542,3039,197.4400,0.3100
1784799073.616070,9034,8902,2542,3049,202.8500,0.1900
1784799073.641685,9071,8959,2552,3039,202.8500,0.1900
1784799073.667046,9090,8949,2514,3011,200.1500,1.1200
1784799073.692088,9043,8968,2598,2974,200.1500,1.1200
1784799073.717637,9071,8959,2570,3021,202.8500,1.5600
1784799073.742740,9062,8968,2580,3030,200.1500,1.1900
1784799073.768055,9071,8987,2552,3030,200.1500,1.1900
1784799073.793618,9043,8996,2580,3002,200.1500,1.1900
1784799073.818719,9034,9015,2589,2992,202.8500,2.2500
1784799073.843814,9015,9015,2580,2974,202.8500,2.2500
1784799073.869623,8996,8996,2589,3011,200.1500,0.8100
1784799073.894706,8968,8987,2617,2964,202.8500,2.8800
1784799073.919837,9005,9024,2664,2946,202.8500,2.8800
1784799073.945096,9015,9034,2617,3039,202.8500,2.8800
1784799073.971128,8968,9024,2664,2955,197.4400,-1.7500
1784799073.996102,8968,9024,2645,2983,200.1500,1.3700
1784799074.021172,9015,9071,2608,2964,200.1500,1.3700
1784799074.046852,8949,9005,2683,2974,202.8500,-1.1900
1784799074.071764,8940,9043,2683,2936,202.8500,-1.1900
1784799074.097163,8987,9005,2655,2964,200.1500,2.3800
1784799074.122673,8996,8996,2655,2955,200.1500,2.3800
1784799074.147781,9052,8987,2627,2917,200.1500,-1.9400
1784799074.172945,9071,8949,2664,2899,200.1500,-1.9400
1784799074.198678,9024,9024,2899,2908,200.1500,1.4400
1784799074.223769,9034,9034,2552,2955,200.1500,1.4400
1784799074.248896,8968,9024,2467,2908,200.1500,-0.3700
1784799074.274643,8968,8949,2477,2992,200.1500,-0.3700
1784799074.300050,9024,8977,2458,2983,200.1500,0.1200
1784799074.325098,9015,8996,2467,2955,200.1500,0.1200
1784799074.350604,9015,9034,2477,3002,197.4400,-0.0600
1784799074.375724,9015,8912,2486,3030,197.4400,-0.0600
1784799074.401092,9015,8884,2514,2983,200.1500,1.2500
1784799074.426152,9015,8818,2486,2936,200.1500,1.2500
1784799074.451722,9015,8790,2552,2946,202.8500,-1.8100
1784799074.476817,9015,8799,2561,3002,202.8500,-1.8100
1784799074.502211,8940,8762,2645,2917,200.1500,-0.1900
1784799074.527748,8959,8902,2674,3021,200.1500,-0.1900
1784799074.552912,9249,8893,2711,2964,202.8500,-1.3700
1784799074.577968,9174,8846,2730,2927,202.8500,-1.3700
1784799074.603715,9174,8837,2749,2955,202.8500,-0.5600
1784799074.629140,9184,8902,2795,2946,202.8500,-0.5600
1784799074.654096,9212,8902,2852,2946,202.8500,0.1200
1784799074.679705,9212,8902,2870,2964,202.8500,0.1200
1784799074.705095,9184,8912,2833,2917,205.5600,1.3100
1784799074.730120,9071,8921,2767,2955,205.5600,1.3100
1784799074.755685,9071,8940,2777,2880,202.8500,-1.8100
1784799074.780792,8902,8977,2758,2936,202.8500,-1.8100
1784799074.805903,8949,8940,2824,2861,202.8500,-3.8100
1784799074.831674,8921,9005,2777,2936,202.8500,-3.8100
1784799074.856768,8921,8977,2777,2889,202.8500,1.3700
1784799074.881880,9334,9015,2777,2889,202.8500,1.3700
1784799074.907641,9334,8996,2833,3002,202.8500,-0.5600
1784799074.932791,9109,9081,2805,2870,202.8500,-0.5600
1784799074.958065,8949,9024,2889,2917,202.8500,2.0000
1784799074.983171,8940,8977,2899,2917,202.8500,2.0000
1784799075.008765,8959,9015,2927,2936,197.4400,-1.0000
1784799075.034114,8959,9062,2992,2908,197.4400,-1.0000
1784799075.059149,8912,8977,2974,2899,194.7400,2.6300
1784799075.084749,9071,9034,2992,2974,194.7400,2.6300
1784799075.109849,8996,9034,3021,2983,198.8700,-0.5600
1784799075.135153,9062,8968,2917,2992,198.8700,-0.5600
1784799075.160752,8799,8940,3002,2964,204.2300,0.6900
1784799075.185848,8855,8996,3021,2946,204.2300,0.6900
1784799075.210933,8855,8968,3011,2983,205.5600,-1.7500
1784799075.236720,9231,8987,3086,2992,205.5600,-1.7500
1784799075.261808,9615,8977,2992,2955,200.1500,-2.1300
1784799075.287219,8733,9043,3077,2992,200.1500,-2.1300
1784799075.312706,8696,8996,3049,2936,201.5300,-1.3100
1784799075.338133,8696,9043,3049,2946,201.5300,-1.3100
1784799075.363103,8705,9071,3011,2870,204.2300,-2.4400
1784799075.388667,8621,9062,2992,2917,204.2300,-2.4400
1784799075.413785,8583,9118,2974,2917,192.0300,-1.3700
1784799075.439150,8536,9099,2974,2870,192.0300,-1.3700
1784799075.464165,8593,9202,2983,2899,194.7400,-0.5000
1784799075.489774,9034,9324,2946,2861,194.7400,-0.5000
1784799075.514869,9034,8921,2936,2824,193.5700,-1.2500
1784799075.540041,8996,9343,2899,2880,193.5700,-1.2500
1784799075.565771,8996,9005,2936,2814,201.4700,-0.8100
1784799075.590864,8752,9034,2917,2833,201.4700,-0.8100
1784799075.616009,9231,9015,2880,2861,198.8700,-2.1300
1784799075.641753,9165,9024,2917,2889,198.8700,-2.1300
1784799075.667122,9109,9381,2870,2870,200.1500,0.9400
1784799075.692170,9174,8996,2852,2880,200.1500,0.9400
1784799075.717733,9127,8996,2908,2889,201.4700,-0.2500
1784799075.742841,9062,9034,2870,2917,201.4700,-0.2500
1784799075.768138,8968,8621,2861,2899,197.4400,2.1300
1784799075.793725,8940,8640,2936,2842,197.4400,2.1300
1784799075.818849,8968,8611,2936,2889,198.8700,1.1200
1784799075.843925,8921,8546,2889,2861,201.4700,0.6300
1784799075.869691,8846,8658,2880,2936,201.4700,0.6300
1784799075.894810,8930,8968,2992,2880,201.4700,0.6300
1784799075.919912,8902,9156,2908,2880,197.4400,0.4400
1784799075.945097,8874,9156,2927,2936,193.5700,0.8800
1784799075.971180,8874,9081,2946,2946,193.5700,0.8800
1784799075.996194,8940,9127,2983,2983,194.7400,-0.1900
1784799076.021186,8902,9081,2936,2983,194.7400,-0.1900
1784799076.046804,8855,9071,2908,3030,194.7400,-0.0600
1784799076.072160,8893,9446,2899,3096,194.7400,-0.0600
1784799076.097303,8893,9127,2955,3096,194.7400,0.6900
1784799076.122772,8930,8752,2908,2439,194.7400,0.6900
1784799076.147889,8921,9437,2908,2336,198.7100,-0.9400
1784799076.172997,8921,9428,2880,2401,198.7100,-0.9400
1784799076.198753,8968,9418,2899,2326,190.9200,1.9400
1784799076.223882,8959,9362,2899,2326,190.9200,1.9400
1784799076.248981,8977,9362,2908,2336,198.7100,0.1200
1784799076.274758,8959,9334,2955,2308,198.7100,0.1200
1784799076.300160,8959,9259,2927,2280,190.9200,0.4400
1784799076.325174,8902,9287,3011,2242,190.9200,0.4400
1784799076.350191,8884,9296,2936,2364,193.1900,-0.1900
1784799076.375851,8930,9306,2983,2326,193.1900,-0.1900
1784799076.401148,8884,9278,2936,2739,194.7400,0.6300
1784799076.426244,8921,9278,2964,2355,194.7400,0.6300
1784799076.451812,8940,9278,2974,2720,190.9200,-0.5600
1784799076.476913,8874,9268,2983,2270,190.9200,-0.5600
1784799076.502236,8921,9278,2964,2552,189.3300,2.0600
1784799076.527797,8893,9240,2983,2627,189.3300,2.0600
1784799076.552915,8949,9268,2955,2570,194.7400,-0.6900
1784799076.578028,9015,9202,3002,3011,194.7400,-0.6900
1784799076.603793,9034,9184,3011,2983,192.0300,-0.8800
1784799076.629247,8921,9156,2992,2974,192.0300,-0.8800
1784799076.654177,8977,9071,3011,2870,197.4400,0.0600
1784799076.679779,8959,8902,3021,2795,197.4400,0.0600
1784799076.704885,8808,8987,3030,2777,194.7400,0.1900
1784799076.730236,8865,9034,3067,2824,194.7400,0.1900
1784799076.755731,8865,8987,3039,2739,200.1500,0.6300
1784799076.780875,8921,8949,3058,2786,200.1500,0.6300
1784799076.805957,8874,9034,3067,2777,198.7100,0.5000
1784799076.831298,8837,8996,3049,2758,198.7100,0.5000
1784799076.856849,8837,9221,3067,2730,196.2200,-1.2500
1784799076.881945,8855,9231,3077,2758,196.2200,-1.2500
1784799076.907119,8874,9306,3114,2786,198.7100,-0.5000
1784799076.932838,8874,9268,3058,2805,198.7100,-0.5000
1784799076.958122,8846,9146,3105,2814,194.7400,1.3100
1784799076.983288,8846,9221,3067,2814,194.7400,1.3100
1784799077.008817,8855,9184,3096,2767,190.9200,1.1200
1784799077.034250,8855,9184,3096,2805,190.9200,1.1200
1784799077.059208,8912,9174,3105,2805,194.7400,0.8100
1784799077.084809,8893,9156,3096,2833,194.7400,0.8100
1784799077.109897,8846,9081,3124,2805,197.4400,2.0000
1784799077.135252,8846,8987,3105,2795,197.4400,2.0000
1784799077.160796,8865,9165,3124,2805,197.4400,-2.2500
1784799077.185890,8865,9165,3133,2786,197.4400,-2.2500
1784799077.211004,8855,8884,3096,2767,194.7400,0.8800
1784799077.236762,8855,8977,3143,2777,194.7400,0.8800
1784799077.261875,8827,8818,3161,2842,200.1500,-1.1200
1784799077.286999,8827,8724,3086,2739,200.1500,-1.1200
1784799077.312269,8837,9287,3133,2786,202.8500,2.1900
1784799077.337859,8799,9099,3133,2711,202.8500,2.1900
1784799077.363235,8818,9221,3171,2683,205.5600,-1.3100
1784799077.388261,8790,9090,3133,2664,205.5600,-1.3100
1784799077.413856,8790,8930,3152,2683,196.2200,0.5600
1784799077.439018,8762,9015,3143,2645,196.2200,0.5600
1784799077.464266,8780,8959,3180,2655,198.7100,-1.0000
1784799077.489856,8752,9034,3189,2664,198.7100,-1.0000
1784799077.514951,8752,8968,3208,2702,200.1500,0.8800
1784799077.540115,8799,8884,3189,2674,200.1500,0.8800
1784799077.565860,8780,8855,3180,2683,194.7400,0.6300
1784799077.590931,8799,8799,3218,2683,194.7400,0.6300
1784799077.616034,8827,8827,3218,2655,189.3300,-0.1200
1784799077.641829,8827,8762,3255,2627,189.3300,-0.1200
1784799077.667279,8780,8780,3293,2608,192.0300,-1.8100
1784799077.692278,8808,8771,3227,2580,192.0300,-1.8100
1784799077.717332,8808,8837,3227,2542,193.5700,-0.3700
1784799077.742907,8855,8846,3227,2608,193.5700,-0.3700
1784799077.768253,8790,8846,3208,2495,193.1900,-1.2500
1784799077.793311,8846,8930,3236,2523,194.7400,-0.1200
1784799077.818914,8855,9081,3264,2448,194.7400,-0.1200
1784799077.843984,8846,9015,3227,2477,194.7400,-0.1200
1784799077.869290,8874,9184,3227,2467,194.7400,-1.1900
1784799077.894878,8874,9062,3255,2401,197.4400,1.3700
1784799077.919981,8912,9062,3227,2448,197.4400,1.3700
1784799077.945114,8884,9127,3274,2373,194.7400,1.4400
1784799077.970871,8865,9118,3321,2477,194.7400,1.4400
1784799077.996275,8912,9343,3358,2430,194.7400,1.4400
1784799078.021269,8874,9193,3311,2430,192.0300,1.7500
1784799078.046849,8912,9484,3311,2439,189.3300,0.5000
1784799078.071975,8884,9343,3236,2617,189.3300,0.5000
1784799078.097270,8893,9409,3330,2758,197.4400,2.0600
1784799078.122808,9005,9428,3330,2936,197.4400,2.0600
1784799078.148147,8949,9381,3321,2814,193.5700,-0.8100
1784799078.173022,8977,9202,3293,2711,193.5700,-0.8100
1784799078.198410,8968,9240,3274,2636,201.4700,-0.4400
1784799078.223927,8940,9184,3264,2617,201.4700,-0.4400
1784799078.249028,8977,9174,3283,2561,200.1500,-0.9400
1784799078.274197,8996,9118,3274,2636,200.1500,-0.9400
1784799078.300247,9005,9005,3264,2552,196.2200,-1.7500
1784799078.325320,8968,8921,3311,2486,196.2200,-1.7500
1784799078.350271,8987,8921,3264,2542,204.2300,1.0600
1784799078.376066,8912,9353,3283,2514,204.2300,1.0600
1784799078.400980,8977,9315,3274,2533,197.4400,1.3100
1784799078.426311,8921,9324,3311,2495,197.4400,1.3100
1784799078.451879,8855,9287,3321,2514,202.8500,-0.3700
1784799078.476982,8837,9409,3340,2505,202.8500,-0.3700
1784799078.503080,8818,9428,3340,2617,196.2200,0.5000
1784799078.528372,8855,9231,3349,2570,196.2200,0.5000
1784799078.553937,8930,9437,3330,2598,201.4700,0.2500
1784799078.579067,8827,9446,3386,2683,201.4700,0.2500
1784799078.604192,8865,9409,3368,2730,193.5700,-0.5600
1784799078.629929,8930,9390,3274,2777,193.5700,-0.5600
1784799078.655266,8865,9381,3283,2786,200.1500,1.3700
1784799078.680356,8865,8959,3236,2730,200.1500,1.3700
1784799078.705917,8846,8987,3330,2805,198.7100,0.0000
1784799078.731331,8837,8959,3264,2767,198.7100,0.0000
1784799078.756389,8837,8921,3293,2720,196.2200,-0.7500
1784799078.781939,8827,8846,3302,2749,196.2200,-0.7500
1784799078.807070,8827,8865,3321,2767,198.7100,-1.3100
1784799078.832105,8827,9005,3386,2749,198.7100,-1.3100
1784799078.857897,8865,8930,3340,2730,202.8500,-1.3100
1784799078.883008,8846,8949,3368,2702,202.8500,-1.3100
1784799078.908091,8818,8968,3386,2692,194.7400,-3.1300
1784799078.933853,8846,8827,3396,2674,194.7400,-3.1300
1784799078.959095,8902,8827,3396,2702,188.2700,0.8800
1784799078.984326,8884,8940,3424,2692,188.2700,0.8800
1784799079.009278,8855,8959,3405,2730,192.0300,-0.1200
1784799079.034970,8855,8930,3433,2636,192.0300,-0.1200
1784799079.060288,8846,8940,3396,2683,193.1900,1.1200
1784799079.085319,8855,8977,3424,2561,193.1900,1.1200
1784799079.110944,8921,8968,3424,2598,182.9600,0.1200
1784799079.136064,8884,8977,3424,2523,182.9600,0.1200
1784799079.161310,8865,8949,3461,2467,181.2100,1.3100
1784799079.186935,8893,8940,3471,2514,181.2100,1.3100
1784799079.212028,8912,8930,3480,2430,182.1500,0.1200
1784799079.237128,8959,8930,3480,2373,182.1500,0.1200
1784799079.262929,8940,8902,3518,2420,175.0100,-0.1200
1784799079.288018,8930,8959,3499,2411,175.0100,-0.1200
1784799079.313333,8884,8977,3499,2411,178.5100,-1.7500
1784799079.338882,9005,8912,3480,2467,178.5100,-1.7500
1784799079.364018,9005,8902,3480,2627,175.8000,-1.0000
1784799079.389328,8959,8996,3499,2542,175.8000,-1.0000
1784799079.414877,9005,8977,3424,2533,178.5100,-1.3100
1784799079.439995,8949,8949,3433,2477,178.5100,-1.3100
1784799079.465089,8930,8977,3499,2467,175.8000,0.7500
1784799079.490393,8949,8968,3527,2542,175.8000,0.7500
1784799079.515993,8921,9034,3555,2486,175.8000,0.6900
1784799079.541085,8968,8977,3565,2486,175.8000,0.6900
1784799079.566191,8865,8949,3593,2495,173.1000,-0.5600
1784799079.591992,8893,8930,3555,2552,173.1000,-0.5600
1784799079.617084,8846,8977,3565,2477,170.4000,-0.5000
1784799079.642334,8846,8987,3546,2477,170.4000,-0.5000
1784799079.667947,8855,8977,3546,2664,167.6900,0.9400
1784799079.693417,8846,8959,3583,2702,167.6900,0.9400
1784799079.718398,8884,8855,3565,2777,167.6900,-0.8100
1784799079.743950,8818,8799,3565,2692,162.2800,1.1200
1784799079.769081,8677,8893,3480,2833,162.2800,1.1200
1784799079.794380,8677,8930,3537,2401,162.2800,1.1200
1784799079.819942,8743,8949,3471,2786,156.8700,1.0600
1784799079.845047,8780,9062,3527,2767,156.8700,-0.5000
1784799079.870141,8743,9052,3527,2767,156.8700,-0.5000
1784799079.895904,8733,9052,3546,2749,148.7600,-1.0600
1784799079.921019,8696,9081,3555,2739,148.7600,-1.0600
1784799079.946136,8658,9090,3612,2720,148.7600,-1.0600
1784799079.971352,8677,9109,3593,2739,151.4600,-1.0600
1784799079.997381,8677,9165,3621,2702,148.7600,0.5600
1784799080.022375,8912,9231,3574,2683,148.7600,0.5600
1784799080.047378,8912,9165,3612,2617,146.0500,0.0000
1784799080.073010,9324,9127,3612,2645,146.0500,0.0000
1784799080.099048,9324,9127,3612,2645,143.3500,-0.4400
1784799080.123380,8743,8949,3612,2598,143.3500,-0.4400
1784799080.148986,8818,8949,3583,2542,143.3500,-0.0600
1784799080.174090,8930,9456,3574,2608,143.3500,-0.0600
1784799080.199204,8846,9371,3602,2580,146.0500,0.8800
1784799080.224975,8846,9465,3537,2570,146.0500,0.8800
1784799080.250076,8959,9390,3593,2533,149.0300,-0.1200
1784799080.275180,8959,9334,3593,2561,149.0300,-0.1200
1784799080.300978,8959,9249,3612,2598,135.2300,-0.2500
1784799080.326404,8884,9315,3630,2627,135.2300,-0.2500
1784799080.351351,8884,9324,3658,2636,140.5400,0.1900
1784799080.376929,8837,9353,3583,2692,140.5400,0.1900
1784799080.402040,8893,9596,3677,2702,140.7500,-0.3100
1784799080.427635,8940,8987,3677,2730,140.7500,-0.3100
1784799080.452373,8902,9343,3696,2739,137.9400,1.4400
1784799080.478042,8902,9156,3705,2702,137.9400,1.4400
1784799080.503134,8799,9324,3621,2692,135.2300,0.6300
1784799080.528470,8799,9371,3658,2636,135.2300,0.6300
1784799080.554053,8827,9540,3696,2692,143.3500,0.2500
1784799080.579165,8771,9531,3696,2692,143.3500,0.2500
1784799080.604217,8790,9090,3705,2636,129.8300,-0.4400
1784799080.630006,8780,9503,3743,2589,129.8300,-0.4400
1784799080.655370,8743,9512,3649,2617,127.1200,-0.5000
1784799080.680378,8837,9587,3696,2570,127.1200,-0.5000
1784799080.706014,8799,9615,3705,2655,121.7100,-0.2500
1784799080.731107,8837,9596,3696,2674,121.7100,-0.2500
1784799080.756445,8837,9587,3724,2692,124.4200,0.5000
1784799080.781995,8762,9615,3724,2664,124.4200,0.5000
1784799080.807098,8790,9672,3696,2692,124.4200,-1.3700
1784799080.832199,8837,9409,3696,2720,124.4200,-1.3700
1784799080.857991,8696,9409,3658,2664,124.4200,0.3700
1784799080.883097,8818,8977,3705,2589,124.4200,0.3700
1784799080.908197,8818,8940,3668,2486,121.9800,-0.1900
1784799080.933947,8874,9700,3771,2448,121.9800,-0.1900
1784799080.959098,8874,9700,3902,2373,126.9500,0.7500
1784799080.984482,8837,9568,3968,2373,126.9500,0.7500
1784799081.009404,8921,9512,3968,2411,119.0100,-0.6900
1784799081.035049,8837,9521,4034,2430,119.0100,-0.6900
1784799081.060403,8912,9521,4137,2448,121.9800,0.5600
1784799081.085431,9090,9446,3790,2458,121.9800,0.5600
1784799081.111097,9202,9484,3893,2458,121.4400,-0.4400
1784799081.136153,8987,9521,3931,2167,121.4400,-0.4400
1784799081.161401,8846,9475,3602,2233,116.3000,-0.3700
1784799081.187042,8743,9446,3612,2308,116.3000,-0.3700
1784799081.212162,8705,9540,3640,2139,114.0200,0.2500
1784799081.237236,8705,9493,3743,2092,114.0200,0.2500
1784799081.263026,8799,9493,3762,2111,115.9200,-0.5600
1784799081.288129,8799,9568,3762,2045,115.9200,-0.5600
1784799081.313446,8743,9446,3855,2139,113.6000,0.2500
1784799081.339026,8743,9446,3818,2101,113.6000,0.2500
1784799081.364096,8827,9399,3734,2036,116.3000,-0.4400
1784799081.389433,8874,9343,3818,1998,116.3000,-0.4400
1784799081.414982,8874,9278,3902,2083,113.6000,1.8800
1784799081.440090,8921,9334,3855,2167,113.6000,1.8800
1784799081.465186,8865,9184,3809,2261,105.4800,-0.4400
1784799081.490437,8893,9184,3837,2345,105.4800,-0.4400
1784799081.516070,8921,9221,3818,2655,113.6000,0.1900
1784799081.541178,8930,9315,3846,2655,113.6000,0.1900
1784799081.566593,8968,9437,3818,2570,108.7200,-0.9400
1784799081.592076,8949,9371,3837,2514,108.7200,-0.9400
1784799081.617168,8959,9503,3921,2505,110.8900,-0.8800
1784799081.642440,8959,9493,3846,2552,110.8900,-0.8800
1784799081.668056,8949,9493,3846,2448,108.1900,-0.1900
1784799081.693453,8949,9578,3893,2486,108.1900,-0.1900
1784799081.718449,8949,9521,3865,2458,110.4000,-1.1900
1784799081.744042,8949,9606,3837,2411,110.4000,-1.1900
1784799081.769142,9034,9503,3874,2439,103.4100,0.0600
1784799081.794509,9034,9587,3931,2401,105.4800,-1.3100
1784799081.820005,9034,9475,3874,2411,105.4800,-1.3100
1784799081.845144,8968,9465,3809,2477,105.4800,-1.3100
1784799081.870248,8968,9493,3874,2430,105.4800,-1.3100
1784799081.896040,8968,9493,3921,2458,105.4800,-1.3100
1784799081.921128,8893,9493,3884,2514,105.4800,-1.3100
1784799081.946243,8893,9465,3912,2664,105.4800,-1.3100
1784799081.971448,8940,9578,3855,2674,105.4800,-1.3100
1784799081.997477,8940,9531,3865,1998,105.4800,-1.3100
1784799082.022519,8874,9475,3865,2730,105.4800,-1.3100
1784799082.047449,8930,9493,3893,2176,105.4800,-1.3100
1784799082.073092,8921,9503,3855,2158,105.4800,-1.3100
1784799082.098193,8874,9503,3865,2420,105.4800,-1.3100
1784799082.123484,8912,9512,3855,2411,105.4800,-1.3100
1784799082.149080,8837,9512,3827,2298,105.4800,-1.3100
1784799082.174183,8884,9475,3855,2627,8.6900,0.7500
1784799082.199273,8884,9531,3874,1904,8.6900,0.7500
1784799082.225068,8827,9446,3902,1867,8.1100,7.6300
1784799082.250183,8865,9456,3809,2683,8.1100,7.6300
1784799082.275278,8865,9399,3893,2383,2.7000,4.7500
1784799082.301064,8799,9418,3865,2233,2.7000,4.7500
1784799082.326514,8696,9428,3846,2345,10.8200,12.6300
1784799082.351519,8696,9437,3762,2420,10.8200,12.6300
1784799082.377037,8658,9399,3818,2270,5.4100,15.4400
1784799082.402169,8677,9428,3743,2373,5.4100,15.4400
1784799082.427503,9184,9343,3724,2411,5.4100,15.6300
1784799082.452498,9109,9446,3724,2317,5.4100,15.6300
1784799082.478145,9109,9437,3734,2336,5.4100,12.9400
1784799082.503237,8930,9503,3762,2308,2.7000,13.5600
1784799082.528475,8930,9550,3809,2148,2.7000,13.5600
1784799082.554125,8930,9559,3780,2120,2.7000,13.5600
1784799082.579225,8508,9418,3771,2101,10.8200,14.0000
1784799082.604379,9212,9390,3715,2158,5.4100,11.6300
1784799082.630115,8827,9409,3715,2101,5.4100,11.6300
1784799082.655516,8415,9653,3724,2101,5.4100,12.5600
1784799082.680502,8508,9559,3762,2073,5.4100,12.5600
1784799082.706168,8508,9409,3790,2111,5.4100,12.5600
1784799082.731197,8705,9437,3762,2054,-2.7000,11.9400
1784799082.756641,8724,9503,3743,2073,0.0000,11.6900
1784799082.782092,8687,9437,3724,2083,0.0000,11.6900
1784799082.807280,8668,9503,3743,2129,-2.7000,10.0000
1784799082.832328,8630,9587,3705,2139,-2.7000,10.0000
1784799082.858093,8649,9587,3762,2036,0.0000,11.3100
1784799082.883171,8621,9184,3743,2083,0.0000,11.3100
1784799082.908263,8583,9231,3809,2054,0.0000,9.0000
1784799082.933402,8583,9231,3827,2083,0.0000,9.0000
1784799082.959502,8518,9287,3762,2129,-2.7000,9.7500
1784799082.984516,8386,9315,3743,2092,-2.7000,9.7500
1784799083.009487,8827,9296,3762,2176,2.7000,7.5000
1784799083.035164,8827,9278,3799,2439,2.7000,7.5000
1784799083.060288,8649,9268,3734,1923,0.0000,9.1300
1784799083.085500,8658,9315,3762,2317,0.0000,9.1300
1784799083.111161,8715,9259,3734,1876,2.7000,6.3100
1784799083.136227,8715,9287,3724,1867,2.7000,6.3100
1784799083.161327,8752,9324,3724,1801,0.0000,7.1900
1784799083.187140,8818,9334,3743,1801,0.0000,7.1900
1784799083.212230,8762,9334,3743,1745,0.0000,4.7500
1784799083.237327,8790,9653,3715,1717,0.0000,4.7500
1784799083.263144,8743,9596,3696,2467,0.0000,4.3800
1784799083.288592,8855,9446,3668,2364,0.0000,4.3800
1784799083.313557,8743,9268,3743,2383,2.7000,4.3100
1784799083.339082,8837,9202,3790,2336,2.7000,4.3100
1784799083.364194,8827,9268,3696,2214,-2.7000,3.7500
1784799083.389668,8696,9240,3743,1754,-2.7000,3.7500
1784799083.414634,8649,9278,3724,1754,-2.7000,5.6300
1784799083.440178,8715,9212,3668,1726,-2.7000,5.6300
1784799083.465285,8649,9287,3705,1792,0.0000,4.3100
1784799083.490367,8668,9240,3658,1820,0.0000,4.3100
1784799083.516178,8743,9249,3715,1810,2.7000,3.1300
1784799083.541296,8705,9343,3724,1801,2.7000,3.1300
1784799083.566376,8658,9287,3762,1810,2.7000,3.1300
1784799083.592160,8668,9174,3771,1773,2.7000,3.1300
1784799083.617541,8668,9221,3790,1829,2.7000,3.1300
1784799083.642604,8668,9231,3762,2186,2.7000,3.1300
1784799083.668149,8771,9259,3734,2514,2.7000,3.1300
1784799083.693229,8762,9287,3724,1773,2.7000,3.1300
1784799083.718565,8733,9306,3696,2101,2.7000,3.1300
1784799083.744116,8724,9324,3743,2101,2.7000,3.1300
1784799083.769226,8790,9381,3734,1717,2.7000,3.1300
1784799083.794332,8724,9475,3668,1707,2.7000,3.1300
1784799083.820117,8677,9193,3640,1717,2.7000,3.1300
1784799083.845216,8687,9146,3668,1745,2.7000,3.1300
1784799083.870366,8687,9202,3658,1782,2.7000,3.1300
1784799083.895528,8687,9202,3780,1810,3.1900,2.1300
1784799083.921191,8696,9184,3771,1820,3.1900,2.1300
1784799083.946546,8696,9184,3771,1848,75.7300,1.2500
1784799083.971594,8780,9174,3762,1839,75.7300,1.2500
1784799083.997190,8715,9184,3771,1801,83.8500,-2.5600
1784799084.022273,8724,9221,3780,1801,83.8500,-2.5600
1784799084.047529,8799,9221,3762,1792,94.6600,3.1900
1784799084.073182,8762,9212,3734,1773,94.6600,3.1900
1784799084.098316,8808,9231,3790,1792,105.4800,-1.3700
1784799084.123369,8771,9202,3780,1810,105.4800,-1.3700
1784799084.149252,8790,9231,3752,1801,110.8900,0.1200
1784799084.174262,8705,9202,3818,1829,110.8900,0.1200
1784799084.199374,8790,9268,3780,1820,110.8900,2.2500
1784799084.225147,8658,9184,3855,1820,110.8900,2.2500
1784799084.250570,8715,9165,3827,1876,116.3000,0.9400
1784799084.275595,8602,9193,3874,1857,116.3000,0.9400
1784799084.300579,8611,9193,3865,1932,113.6000,1.2500
1784799084.326234,8602,9202,3912,1923,113.6000,1.2500
1784799084.351347,8611,9184,3968,1942,119.0100,2.6900
1784799084.376801,8611,9184,3968,1961,119.0100,2.6900
1784799084.402217,8593,9202,3996,1914,110.8900,-2.9400
1784799084.427332,8527,9193,4090,1951,110.8900,-2.9400
1784799084.452579,8574,9202,4193,1961,121.9800,2.3800
1784799084.478220,8593,9193,4287,2007,121.9800,2.3800
1784799084.503308,8621,9184,4287,2036,113.6000,-1.8800
1784799084.528457,8658,9193,4362,2054,113.6000,-1.8800
1784799084.554243,8668,9165,3734,2017,116.3000,1.1200
1784799084.579626,8743,9212,3677,1989,116.3000,1.1200
1784799084.604625,8762,9184,3705,2036,115.9200,-1.1900
1784799084.630202,8827,9202,3724,1979,115.9200,-1.1900
1784799084.655329,8959,9174,3724,2054,114.0200,-0.2500
1784799084.680680,8959,9156,3705,2073,114.0200,-0.2500
1784799084.706156,9024,9071,3705,2092,116.3000,0.1900
1784799084.731315,9062,9052,3780,2054,116.3000,0.1900
1784799084.756396,9062,9099,3752,2083,116.3000,-0.1200
1784799084.781741,9081,9071,4465,2158,116.3000,-0.1200
1784799084.807322,9071,9127,3658,2017,121.7100,1.2500
1784799084.832377,9071,9099,3677,1998,121.7100,1.2500
1784799084.857546,9071,9099,3583,1961,124.4200,-0.9400
1784799084.883263,8940,9081,3987,1979,124.4200,-0.9400
1784799084.908704,8827,9034,3537,2355,127.1200,-1.0600
1784799084.933714,8865,8959,4353,2298,127.1200,-1.0600
1784799084.959241,8865,9043,4128,2467,127.1200,-1.0600
1784799084.984375,8855,9081,3949,2345,127.1200,-1.0600
1784799085.009692,8855,9090,3865,2186,124.4200,1.3700
1784799085.035232,8827,9127,3884,2223,121.7100,-0.3100
1784799085.060323,8846,9146,3865,1961,121.7100,-0.3100
1784799085.085443,8921,9146,3827,1932,121.7100,-0.3100
1784799085.111349,8855,9174,3855,1932,121.7100,1.6300
1784799085.136395,8687,9090,3762,1942,116.3000,-0.8800
1784799085.161418,8687,9090,3762,1951,116.3000,-0.8800
1784799085.187217,8546,9118,3771,2036,119.0100,-0.1900
1784799085.212649,8602,9118,3762,1961,119.0100,-0.1900
1784799085.237672,8602,9127,3771,1876,119.0100,-0.1900
1784799085.262762,8490,9109,3762,1961,124.4200,1.5000
1784799085.288287,8583,9090,3771,1989,119.0100,0.8100
1784799085.313640,8574,9146,3809,2355,119.0100,0.8100
1784799085.338729,8546,9118,3865,2204,119.0100,0.3700
1784799085.364323,8536,9062,3865,2223,119.0100,0.3700
1784799085.389549,8518,9052,3902,2148,121.7100,1.3100
1784799085.414526,8583,9052,3949,2054,121.7100,1.3100
1784799085.440392,8696,9174,4034,1961,124.6300,0.6300
1784799085.465353,8611,9240,4193,1951,124.6300,0.6300
1784799085.490580,8593,9231,4240,1998,126.9500,-0.1200
1784799085.516254,8527,9249,4118,1989,126.9500,-0.1200
1784799085.541653,8536,9249,4099,2064,124.6300,-1.0000
1784799085.566933,8536,9231,4071,2064,124.6300,-1.0000
1784799085.592218,8536,9137,4118,2045,126.9500,0.3100
1784799085.617389,8461,9034,4109,2073,126.9500,0.3100
1784799085.642652,8499,9099,4090,2073,129.9300,-1.0000
1784799085.668199,8490,9090,4156,1998,129.9300,-1.0000
1784799085.693311,8527,9099,4231,2036,135.2300,1.2500
1784799085.718471,8480,9137,4240,2064,135.2300,1.2500
1784799085.743751,8461,9118,4287,2101,129.9300,-0.6300
1784799085.769322,8508,9062,3865,2111,129.9300,-0.6300
1784799085.794439,8461,9081,3696,2045,140.7500,-0.1900
1784799085.819646,8461,9043,4334,2101,140.7500,-0.1900
1784799085.845302,8461,9005,4099,2139,135.2300,0.5600
1784799085.870688,8433,9034,3987,2073,135.2300,0.5600
1784799085.895698,8424,8987,4006,2101,137.9900,1.0000
1784799085.921288,8461,9034,3996,2054,137.9900,1.0000
1784799085.946461,8433,9015,4043,2101,132.5800,-0.1900
1784799085.971695,8536,9005,4006,2083,132.5800,-0.1900
1784799085.997260,8443,9062,4006,2120,140.6400,-0.3100
1784799086.022354,8461,9081,4071,2167,140.6400,-0.3100
1784799086.047490,8424,9043,4071,2120,143.3500,-0.4400
1784799086.073222,8461,9043,4128,2139,143.3500,-0.4400
1784799086.098341,8461,9099,4034,2101,137.9400,0.5000
1784799086.123471,8461,9099,3921,2111,137.9400,0.5000
1784799086.148743,8386,9071,3687,2045,143.3500,-0.4400
1784799086.174723,8461,9024,3621,2139,143.3500,-0.4400
1784799086.199694,8433,8996,3724,2120,140.6400,0.6900
1784799086.224870,8368,8930,3865,2129,140.6400,0.6900
1784799086.250342,8377,8996,4081,2045,143.3500,-0.9400
1784799086.275429,8302,9005,4174,2054,143.3500,-0.9400
1784799086.300739,8368,8949,4099,2101,146.0500,1.2500
1784799086.326385,8330,8818,3996,2111,146.0500,1.2500
1784799086.351418,8339,8912,3959,2092,148.7600,-0.3100
1784799086.376571,8358,9052,3987,2139,148.7600,-0.3100
1784799086.402345,8386,9005,4146,2111,146.0500,-0.1900
1784799086.427431,8358,9146,4249,2092,146.0500,-0.1900
1784799086.452526,8377,9240,4184,2129,151.4600,-1.8100
1784799086.478463,8349,9418,4118,2111,151.4600,-1.8100
1784799086.503715,8311,9259,4193,2139,148.7600,-0.7500
1784799086.528732,8386,9034,4231,2111,148.7600,-0.7500
1784799086.554288,8415,8996,4156,2083,151.4600,-0.3100
1784799086.579393,8424,8987,3912,2073,151.4600,-0.3100
1784799086.604740,8471,9118,3837,2045,151.7900,-0.0600
1784799086.630280,8452,9118,3855,2064,151.7900,-0.0600
1784799086.655372,8471,9052,3837,2054,151.1400,0.5600
1784799086.680481,8461,9043,3827,2167,151.1400,0.5600
1784799086.705636,8433,9052,3837,2111,154.1700,0.3100
1784799086.731355,8396,9024,3837,2176,154.1700,0.3100
1784799086.756478,8386,9034,3809,2129,156.8700,-1.1900
1784799086.781588,8321,8902,3752,2176,156.8700,-1.1900
1784799086.807354,8311,8940,3658,2129,154.1700,-1.5600
1784799086.832741,8264,8874,3771,2214,154.1700,-1.5600
1784799086.857797,8330,8837,3837,2120,159.5800,0.0600
1784799086.883328,8264,8912,3771,2176,159.5800,0.0600
1784799086.908514,8246,8902,3893,2186,156.8700,0.6900
1784799086.933744,8264,8968,3865,2148,156.8700,0.6900
1784799086.959318,8283,8921,3921,2139,159.5800,0.5000
1784799086.984427,8255,8912,3893,2204,159.5800,0.5000
1784799087.009508,8227,8949,3884,2120,156.8700,-0.3700
1784799087.035292,8264,8987,3884,2111,156.8700,-0.3700
1784799087.060416,8255,8959,3865,2186,162.2800,-1.0600
1784799087.085523,8246,8930,3884,2139,162.2800,-1.0600
1784799087.111294,8264,8959,3855,2204,162.2800,0.9400
1784799087.136741,8264,8921,3902,2167,162.2800,0.9400
1784799087.161750,8293,8930,3874,2176,167.0500,-0.3700
1784799087.186806,8311,8912,3893,2148,167.0500,-0.3700
1784799087.212400,8302,8912,3921,2158,168.3500,-1.0600
1784799087.237473,8311,8949,3921,2176,167.0500,-0.6300
1784799087.262774,8255,8930,3949,2101,167.0500,-0.6300
1784799087.288386,8218,8996,3968,2083,167.0500,-0.6300
1784799087.313465,8227,8977,3921,2148,173.8700,1.9400
1784799087.338603,8255,8977,3921,2158,170.4000,0.2500
1784799087.364351,8208,9034,3874,2139,170.4000,0.2500
1784799087.389519,8283,8987,4184,2129,175.8000,0.9400
1784799087.414575,8283,9015,3799,2167,175.8000,0.9400
1784799087.440377,8274,8987,3743,2176,177.6600,2.0600
1784799087.465778,8274,8996,3809,2129,177.6600,2.0600
1784799087.490890,8274,9184,3827,2120,187.6700,-0.5000
1784799087.516305,8321,9015,3799,2148,187.6700,-0.5000
1784799087.541435,8330,9052,3837,2195,181.2100,-0.5000
1784799087.566769,8321,9052,3893,2176,181.2100,-0.5000
1784799087.591892,8283,9090,3809,2167,177.6600,-1.2500
1784799087.617424,8293,9071,3790,2158,177.6600,-1.2500
1784799087.642505,8302,9202,3846,2176,187.6700,-1.0600
1784799087.667826,8274,8546,3837,2186,187.6700,-1.0600
1784799087.693407,8255,8715,3809,2195,186.6200,-1.4400
1784799087.718507,8227,8762,3780,2223,186.6200,-1.4400
1784799087.743666,8246,8799,3809,2233,188.2700,-0.6900
1784799087.769391,8246,8827,3799,2261,188.2700,-0.6900
1784799087.794795,8283,8827,3846,2261,159.5800,2.1900
1784799087.819820,8283,8771,3837,2261,159.5800,2.1900
1784799087.845385,8283,8771,3940,2233,189.3300,-3.1900
1784799087.870489,8311,8780,3959,2195,189.3300,-3.1900
1784799087.895753,8311,8752,4090,2280,173.1000,2.0600
1784799087.921371,8283,8771,4128,2223,173.1000,2.0600
1784799087.946469,8358,8818,4118,2261,183.9200,-1.1200
1784799087.971566,8368,8724,4118,2195,183.9200,-1.1200
1784799087.997336,8433,8715,4062,2204,181.2100,-0.7500
1784799088.022516,8480,8724,4099,2233,181.2100,-0.7500
1784799088.047601,8461,8743,4034,2261,181.2100,1.2500
1784799088.072860,8536,8668,4006,2261,181.2100,1.2500
1784799088.098815,8499,8743,4081,2214,186.6200,-0.2500
1784799088.123834,8114,8705,4128,2204,186.6200,-0.2500
1784799088.148828,8499,8696,4278,2223,186.6200,1.5600
1784799088.174428,8480,8677,4325,2270,186.6200,1.5600
1784799088.199527,8452,8696,4371,2214,192.0300,0.0600
1784799088.224833,8461,8705,4325,2251,192.0300,0.0600
1784799088.250426,8433,8724,4325,2270,198.7100,-1.5000
1784799088.275510,8443,8705,4006,2242,198.7100,-1.5000
1784799088.300641,8452,8733,3959,2204,194.7400,-0.1900
1784799088.326409,8490,8705,3884,2242,194.7400,-0.1900
1784799088.351509,8077,8687,3931,2186,198.8700,-0.8100
1784799088.376643,8124,8780,3884,2186,198.8700,-0.8100
1784799088.402462,8218,8668,3874,2176,197.4400,1.5600
1784799088.427865,8611,8602,3912,2204,197.4400,1.5600
1784799088.452804,7955,8611,3884,2233,202.8500,0.3700
1784799088.478352,7936,8640,3921,2261,202.8500,0.3700
1784799088.503486,7964,8602,3912,2336,200.1500,0.6900
1784799088.528822,8227,8518,3931,2261,200.1500,0.6900
1784799088.554350,8602,8452,3949,2373,200.1500,0.0000
1784799088.579465,8611,8386,3949,2373,200.1500,0.0000
1784799088.604568,8311,8471,3780,2392,200.1500,-1.3100
1784799088.629731,7842,8499,3771,2373,200.1500,-1.3100
1784799088.655456,7842,8433,3752,2373,200.1500,-1.9400
1784799088.680568,8199,8424,3799,2298,200.1500,-1.9400
1784799088.705781,8518,8461,3743,2298,202.8500,-0.5600
1784799088.731438,8086,8396,3893,2326,202.8500,-0.5600
1784799088.756838,8086,8396,4043,2411,200.1500,-0.5000
1784799088.781875,7777,8358,4034,2411,200.1500,-0.5000
1784799088.807424,8133,8349,4062,2373,205.5600,-0.6900
1784799088.832522,8499,8339,3977,2355,205.5600,-0.6900
1784799088.857838,8499,8339,4062,2420,200.1500,-0.8800
1784799088.883420,8499,8837,4043,2448,200.1500,-0.8800
1784799088.908534,8499,8302,3977,2373,204.2300,-0.1900
1784799088.933619,8255,8396,3977,2364,204.2300,-0.1900
1784799088.959469,8199,8377,3921,2392,201.5300,1.5600
1784799088.984503,8274,8358,3931,2345,201.5300,1.5600
1784799089.009636,8218,8386,3874,2373,202.8500,-1.0000
1784799089.035375,8124,8358,3959,2458,202.8500,-1.0000
1784799089.060847,8105,8349,3968,2486,202.8500,-1.8100
1784799089.085860,8114,8405,3977,2486,202.8500,-1.8100
1784799089.110898,8058,8471,4024,2486,202.8500,-0.9400
1784799089.136485,8105,8424,3968,2495,202.8500,-0.9400
1784799089.161590,8133,8424,3996,2430,200.1500,-0.3100
1784799089.187116,8180,8433,3931,2430,205.5600,2.0000
1784799089.212477,8461,8396,3949,2411,205.5600,2.0000
1784799089.237563,8461,8349,3884,2392,205.5600,2.0000
1784799089.262709,8518,8349,3912,2298,200.1500,0.4400
1784799089.288455,8114,8405,3846,2270,202.8500,0.8100
1784799089.313576,7992,8405,3818,2242,202.8500,0.8100
1784799089.338681,7673,8443,3818,2345,200.1500,0.0600
1784799089.364462,7673,8377,3818,2345,200.1500,0.0600
1784799089.389904,7673,8330,3705,2345,200.1500,0.0600
1784799089.414906,7673,8368,3734,2917,202.8500,0.6300
1784799089.440616,7514,8358,3874,2692,205.5600,0.4400
1784799089.465574,7523,8386,3874,2674,205.5600,0.4400
1784799089.490945,7608,8452,4400,2589,200.1500,2.8100
1784799089.516404,7617,8415,4315,2617,200.1500,2.8100
1784799089.541571,7711,8452,4249,2636,208.2600,1.1200
1784799089.566624,7739,8377,4446,2645,208.2600,1.1200
1784799089.592045,8011,8433,4446,2692,202.8500,0.0000
1784799089.617608,8002,8415,3940,2598,202.8500,0.0000
1784799089.642621,7683,8424,3977,2627,200.1500,0.8100
1784799089.668077,7720,8443,4325,2636,200.1500,0.8100
1784799089.693483,7636,8377,4221,2598,200.1500,-0.2500
1784799089.718903,7983,8339,4231,2561,200.1500,-0.2500
1784799089.743860,8002,8358,4043,2627,200.1500,0.0600
1784799089.769516,8452,8349,4146,2589,200.1500,0.0600
1784799089.794579,7627,8415,4099,2674,197.4400,0.2500
1784799089.819902,7655,8396,3996,2645,197.4400,0.2500
1784799089.845435,7730,8415,4015,2645,196.2200,-1.0600
1784799089.870556,7730,8490,4034,2627,196.2200,-1.0600
1784799089.895707,7899,8415,4043,2655,201.4700,-1.7500
1784799089.921431,7899,8368,3996,2711,201.4700,-1.7500
1784799089.946560,7880,8368,3959,2683,202.8500,0.2500
1784799089.971682,7927,8396,3893,2683,202.8500,0.2500
1784799089.996919,7880,8349,3865,2739,196.2200,2.6300
1784799090.022536,7833,8321,3884,2852,196.2200,2.6300
1784799090.047886,7758,8255,3884,2870,198.7100,0.1900
1784799090.072955,7758,8283,4006,2964,198.7100,0.1900
1784799090.098510,7748,8246,4118,2720,193.5700,0.2500
1784799090.123620,7786,8161,4128,2364,193.5700,0.2500
1784799090.148917,7852,8218,4043,2420,198.7100,-0.1200
1784799090.174513,7870,8218,4034,2448,198.7100,-0.1200
1784799090.199631,7955,8199,4006,2467,196.2200,-2.5000
1784799090.224737,7936,8236,3940,2542,196.2200,-2.5000
1784799090.250495,8058,8255,3921,2589,194.7400,-1.0000
1784799090.275856,8189,8255,3977,2824,194.7400,-1.0000
1784799090.300943,8311,8236,3987,2580,197.4400,1.5000
1784799090.326455,8311,8236,4034,2608,197.4400,1.5000
1784799090.351578,8311,8302,4081,2692,197.4400,1.5600
1784799090.376938,8311,8236,4081,2655,197.4400,1.5600
1784799090.401928,7852,8236,4062,2702,198.7100,3.2500
1784799090.427558,7833,8246,4081,2767,198.7100,3.2500
1784799090.452654,8067,8293,4034,2908,196.2200,0.3100
1784799090.477987,8152,8283,4062,2786,196.2200,0.3100
1784799090.503613,8124,8180,3949,2936,194.7400,0.8100
1784799090.528680,8002,8227,4034,3114,194.7400,0.8100
1784799090.553778,8067,8264,4015,3077,192.0300,-0.0600
1784799090.579548,7983,8236,3987,3086,192.0300,-0.0600
1784799090.604928,8002,8255,4034,3152,197.4400,-0.3100
1784799090.629960,8067,8189,4099,2861,197.4400,-0.3100
1784799090.655528,8086,8236,4024,2861,194.7400,-0.8800
1784799090.680619,8002,8180,4043,2477,194.7400,-0.8800
1784799090.705956,7992,8133,4006,2992,194.7400,1.4400
1784799090.731485,8049,8133,4071,2880,194.7400,1.4400
1784799090.756636,8039,8180,4034,2777,194.7400,-1.0600
1784799090.781710,7917,8171,4024,2852,194.7400,-1.0600
1784799090.807495,8142,8152,4043,2880,198.7100,1.8100
1784799090.832594,8180,8142,4090,2974,198.7100,1.8100
1784799090.857699,7505,8227,4081,2946,190.9200,1.2500
1784799090.882869,8208,8246,4062,2908,190.9200,1.2500
1784799090.908581,7852,8218,4090,2955,197.4400,-0.3700
1784799090.933948,7720,8208,4128,3039,197.4400,-0.3700
1784799090.958954,7673,8255,4034,3114,194.7400,-0.9400
1784799090.984556,7730,8218,4034,3189,194.7400,-0.9400
1784799091.009963,8255,8180,4034,2852,194.7400,0.5600
1784799091.035001,8255,8246,4081,3246,194.7400,0.5600
1784799091.060539,7523,8161,4146,3218,197.4400,0.8800
1784799091.085647,7486,8208,4156,3180,197.4400,0.8800
1784799091.110824,7354,8171,4128,3152,194.7400,-0.2500
1784799091.136547,7889,8199,4034,3199,197.4400,2.8800
1784799091.161637,7889,8218,4081,3152,197.4400,2.8800
1784799091.186752,7889,8255,4043,3096,197.4400,2.8800
1784799091.212534,7420,8227,4052,3067,197.4400,4.3100
1784799091.237684,7420,8264,4043,2955,197.4400,4.3100
1784799091.263019,7326,8199,4006,2936,205.5600,0.1900
1784799091.288059,7720,8180,4015,2880,205.5600,0.1900
1784799091.313612,7720,8086,4015,3011,196.2200,-0.4400
1784799091.338944,7720,8086,4052,2880,196.2200,-0.4400
1784799091.364035,8049,8067,4062,3011,204.2300,0.7500
1784799091.389590,7899,8142,4043,3021,197.4400,-2.7500
1784799091.414692,7899,8077,4052,2955,197.4400,-2.7500
1784799091.440025,7861,8030,4015,2983,197.4400,-2.7500
1784799091.465602,7880,8105,4015,2908,194.7400,-0.1900
1784799091.490678,7824,8133,4015,2786,194.7400,-0.0600
1784799091.515800,7805,8114,4006,2805,194.7400,-0.0600
1784799091.541760,7805,8096,4024,2805,200.1500,0.6900
1784799091.566993,7805,8133,4071,2805,200.1500,0.6900
1784799091.592056,7702,8096,3987,3143,200.1500,0.6900
1784799091.617554,7664,8105,3996,2964,200.1500,1.3700
1784799091.642891,7589,8133,3987,3058,205.5600,2.1900
1784799091.667984,7551,8114,3996,3011,205.5600,2.1900
1784799091.693529,7551,8180,4071,3030,202.8500,-1.3100
1784799091.718658,7551,8189,4081,3067,202.8500,-1.3100
1784799091.743749,7551,8189,4071,3330,200.1500,1.5600
1784799091.769048,7598,8189,4146,3415,200.1500,1.5600
1784799091.794632,7514,8189,4109,2974,197.4400,-1.6900
1784799091.819738,7561,8189,4146,3011,197.4400,-1.6900
1784799091.844906,7476,8049,4137,3386,200.1500,-1.5600
1784799091.871014,7561,7974,4156,3283,200.1500,-1.5600
1784799091.895967,7495,7955,4109,3236,197.4400,0.4400
1784799091.921041,7523,7870,4109,3049,197.4400,0.4400
1784799091.946614,7523,7908,4081,3058,200.1500,0.0600
1784799091.971714,7523,7908,3884,3021,200.1500,0.0600
1784799091.997024,7495,7917,3855,3011,200.1500,-1.2500
1784799092.022596,7448,7917,4090,3011,200.1500,-1.2500
1784799092.047710,7354,7974,4672,3021,198.8700,-1.7500
1784799092.072958,7373,8049,4559,3002,198.8700,-1.7500
1784799092.098586,7373,7974,4465,3011,200.1500,-0.8800
1784799092.123699,7326,7964,4343,3058,200.1500,-0.8800
1784799092.148820,7242,7992,4390,3002,201.4700,-0.3100
1784799092.174560,7308,8011,4343,2983,201.4700,-0.3100
1784799092.200009,7308,8011,4240,2936,202.8500,-0.4400
1784799092.225024,7439,7955,4249,2936,202.8500,-0.4400
1784799092.250110,7533,7983,4184,2936,196.2200,1.6900
1784799092.275676,7542,7955,4268,2936,196.2200,1.6900
1784799092.301050,7551,7917,4259,2946,197.4400,-0.5000
1784799092.326100,7505,7917,4221,2946,197.4400,-0.5000
1784799092.351659,7467,7927,4249,2899,194.7400,1.3700
1784799092.376743,7495,7908,4268,2917,194.7400,1.3700
1784799092.402102,7392,7917,4240,2936,197.4400,-0.3100
1784799092.427624,7467,7927,4240,2870,197.4400,-0.3100
1784799092.452748,7401,7945,4118,2870,200.1500,-1.3100
1784799092.477867,7439,7936,4184,2899,200.1500,-1.3100
1784799092.503623,7364,7936,4193,2880,197.4400,-0.5600
1784799092.529036,7448,7974,4165,2899,197.4400,-0.5600
1784799092.554030,7486,7955,4193,2946,198.7100,-0.6900
1784799092.579605,7476,7974,4146,2917,198.7100,-0.6900
1784799092.604699,7476,7983,4118,2927,197.4400,-1.6300
1784799092.630036,7401,7955,4071,2908,197.4400,-1.6300
1784799092.655574,7373,7945,4109,2899,194.7400,0.6300
1784799092.680691,7354,7908,4109,2889,194.7400,0.6300
1784799092.705804,7336,7899,4156,2908,190.9200,1.1900
1784799092.731577,7373,7927,4231,2889,190.9200,1.1900
1784799092.756689,7373,7899,4268,2861,197.4400,1.2500
1784799092.781802,7242,7889,4249,2899,197.4400,1.2500
1784799092.806969,7261,7936,4221,2833,197.4400,0.2500
1784799092.832680,7261,7880,4174,2946,197.4400,0.2500
1784799092.858048,7289,7861,4193,2974,198.7100,-1.1900
1784799092.883111,7242,7908,4174,3086,198.7100,-1.1900
1784799092.908663,7223,7899,4174,3236,190.9200,-1.0000
1784799092.934088,7270,7833,4137,2842,190.9200,-1.0000
1784799092.959102,7242,7824,4193,2795,197.4400,-0.5600
1784799092.984685,7195,7824,4212,2786,197.4400,-0.5600
1784799093.009748,7223,7927,4221,2870,202.8500,0.3100
1784799093.034872,7195,7861,4156,2889,202.8500,0.3100
1784799093.060635,7214,7814,4221,2974,194.7400,-1.1900
1784799093.085772,7223,7814,4221,2899,194.7400,-1.1900
1784799093.110843,7195,7777,4184,2833,197.4400,-2.3100
1784799093.136606,7176,7777,4137,2899,197.4400,-2.3100
1784799093.162086,7261,7814,4090,2842,197.4400,-1.5000
1784799093.187109,7242,7777,4006,2908,197.4400,-1.5000
1784799093.212169,7242,7824,4634,2861,204.2300,1.0000
1784799093.237718,7167,7880,4606,2861,204.2300,1.0000
1784799093.263133,7195,7861,4503,2824,201.5300,-0.1900
1784799093.288153,7195,7936,4493,2814,201.5300,-0.1900
1784799093.313705,7204,7861,4522,2870,200.1500,1.3100
1784799093.338811,7195,7833,4568,2870,200.1500,0.9400
1784799093.364130,7195,7805,4568,2946,200.1500,0.9400
1784799093.389682,7148,7805,4597,2964,200.1500,0.9400
1784799093.414792,7148,7702,4615,2964,200.1500,1.6300
1784799093.439950,7176,7636,4578,3208,200.1500,1.6300
1784799093.465688,7195,7720,4531,3293,197.4400,1.2500
1784799093.491299,7223,7758,4531,3405,197.4400,0.6300
1784799093.516150,7317,7767,4484,3293,197.4400,0.6300
1784799093.541693,7308,7777,4531,3377,197.4400,0.6300
1784799093.566831,7308,7814,4587,3264,205.5600,-0.6300
1784799093.592110,7317,7814,4634,3311,197.4400,1.5000
1784799093.617715,7223,7908,4578,3218,197.4400,1.5000
1784799093.642849,7233,7899,4606,2974,202.8500,-0.4400
1784799093.667857,7242,8002,4578,3621,202.8500,-0.4400
1784799093.693218,7186,7617,4643,3630,200.1500,-0.0600
1784799093.718741,7186,7580,4728,3602,200.1500,-0.0600
1784799093.743841,7298,8058,4775,3593,205.5600,2.1300
1784799093.769311,7364,8142,4662,3039,205.5600,2.1300
1784799093.795127,7439,8199,4803,2786,202.8500,-0.3100
1784799093.820106,7476,7711,4493,3583,202.8500,-0.3100
1784799093.845136,7383,7627,4249,3565,200.1500,-0.5600
1784799093.870708,6942,7673,4653,3602,200.1500,-0.5600
1784799093.895833,6942,7833,4822,3705,200.1500,-0.3700
1784799093.921179,6960,7852,4400,3124,200.1500,-0.3700
1784799093.946691,7054,7767,4822,3114,200.1500,0.3100
1784799093.971800,6895,7786,4212,3171,200.1500,0.3100
1784799093.996971,6895,7711,4212,3208,200.1500,-0.4400
1784799094.022893,6904,7692,4315,3274,200.1500,-0.4400
1784799094.047794,6904,7570,4315,3227,197.4400,2.1300
1784799094.072882,6867,7636,4325,3236,197.4400,2.1300
1784799094.098649,6932,7551,4259,3218,202.8500,-2.5600
1784799094.124063,6885,7598,4306,3330,202.8500,-2.5600
1784799094.149147,6867,7542,4343,3358,202.8500,2.2500
1784799094.174217,6867,7589,4296,3565,202.8500,2.2500
1784799094.199774,6895,7589,4325,3677,200.1500,-1.9400
1784799094.225152,6904,7598,4381,3255,200.1500,-1.9400
1784799094.250277,6942,7617,4371,3518,194.7400,-1.1900
1784799094.275759,6989,7598,4325,3405,194.7400,-1.1900
1784799094.300867,6998,7580,4353,3358,192.0300,-2.8800
1784799094.326100,7514,7683,4362,3368,192.0300,-2.8800
1784799094.351734,7251,7683,4353,3405,194.7400,1.7500
1784799094.376834,7251,7683,4296,3527,194.7400,1.7500
1784799094.401964,7129,8077,4306,3602,197.4400,-2.2500
1784799094.427738,7129,8105,4306,3330,197.4400,-2.2500
1784799094.453161,6960,8142,4315,3340,194.7400,2.1900
1784799094.478181,6998,8021,4315,3377,194.7400,2.1900
1784799094.503730,6998,8039,4296,3677,194.7400,2.1900
1784799094.528887,6989,8086,4306,3227,194.7400,2.1900
1784799094.554145,6989,8011,4381,3386,189.3300,2.3800
1784799094.579711,6998,7974,4446,3433,189.3300,2.3800
1784799094.604809,7017,7870,4400,3433,192.0300,-0.5600
1784799094.629914,6970,7870,4400,3508,192.0300,-0.5600
1784799094.655272,6867,7974,4343,3555,182.9600,2.3800
1784799094.680805,6839,7945,4381,3593,182.9600,2.3800
1784799094.705917,6810,7880,4343,3640,187.6700,-1.5000
1784799094.731179,6810,7908,4362,3274,187.6700,-1.5000
1784799094.756802,6810,7805,4353,3077,186.6200,0.5000
1784799094.782211,6914,7833,4334,2974,186.6200,0.5000
1784799094.807205,6914,7870,4325,3049,182.9600,-1.3700
1784799094.832774,6914,7861,4353,3105,182.9600,-1.3700
1784799094.857863,6914,7739,4362,3133,184.9100,0.8800
1784799094.883184,6914,7842,4334,3340,184.9100,0.8800
1784799094.908761,6923,7833,4400,3452,177.6600,-0.5000
1784799094.933859,6923,7927,4334,3677,177.6600,-0.5000
1784799094.959015,6979,7974,4306,3490,183.9200,0.0600
1784799094.984760,6914,7974,4306,3049,183.9200,0.0600
1784799095.009853,6914,7974,4334,3049,181.2100,-0.0600
1784799095.034997,6914,7974,4353,3124,181.2100,-0.0600
1784799095.060757,6820,7974,4353,3124,187.6700,-0.2500
1784799095.086155,6960,7955,4362,3124,187.6700,-0.2500
1784799095.111130,6998,7964,4325,3180,180.3100,0.9400
1784799095.136695,7045,7917,4334,3208,180.3100,0.9400
1784799095.161804,7026,7927,4362,3189,182.1500,-2.8100
1784799095.187176,7026,7833,4325,3199,182.1500,-2.8100
1784799095.212209,7026,7786,4334,3208,183.9200,-1.1200
1784799095.237806,7026,7711,4334,3264,183.9200,-1.1200
1784799095.262910,6932,7617,4334,3227,183.9200,-0.5600
1784799095.288103,6857,7589,4334,3274,183.9200,-0.5600
1784799095.313788,6885,7495,4334,3255,186.6200,-1.8800
1784799095.338897,6885,7542,4334,3218,186.6200,-1.8800
1784799095.364382,6876,7580,4390,3246,185.6200,-1.3100
1784799095.389780,6867,7580,4362,3208,185.6200,-1.3100
1784799095.415203,6848,7448,4390,3208,189.3300,-3.8800
1784799095.440201,6895,7514,4381,3264,200.1500,2.3800
1784799095.465782,6885,7467,4371,3255,200.1500,2.3800
1784799095.490897,6876,7542,4381,3293,200.1500,2.3800
1784799095.516227,6904,7505,4381,3283,194.7400,-0.2500
1784799095.541755,6904,7439,4400,3255,194.7400,2.0000
1784799095.566854,6895,7411,4418,3274,194.7400,2.0000
1784799095.592082,6885,7439,4362,3311,198.7100,-0.0600
1784799095.617724,6867,7645,4325,3227,198.7100,-0.0600
1784799095.642950,6876,7673,4334,3293,196.2200,1.3100
1784799095.667930,6867,7636,4409,3283,196.2200,1.3100
1784799095.693323,6839,7664,4437,3293,200.1500,-1.1900
1784799095.719228,6820,7645,4437,3264,200.1500,-1.1900
1784799095.744348,6810,7720,4409,3236,201.4700,0.5600
1784799095.769235,6801,7655,4428,3255,201.4700,0.5600
1784799095.794822,6876,7655,4409,3246,198.8700,0.4400
1784799095.819912,6876,7655,4409,3246,198.8700,0.4400
1784799095.845197,6820,7645,4456,3236,200.1500,0.2500
1784799095.870826,6810,7636,4400,3236,200.1500,0.2500
1784799095.895883,6857,7673,4475,3255,202.8500,0.0000
1784799095.921009,6839,7683,4437,3264,202.8500,0.0000
1784799095.946787,6876,7598,4428,3246,189.3300,2.8800
1784799095.971915,6876,7598,4456,3283,189.3300,2.8800
1784799095.997037,6914,7655,4446,3246,197.4400,-0.1200
1784799096.022780,6923,7627,4446,3274,197.4400,-0.1200
1784799096.048191,6885,7627,4446,3293,194.7400,0.5600
1784799096.073217,6932,7617,4446,3302,194.7400,0.5600
1784799096.098354,6895,7627,4456,3321,194.7400,-1.3700
1784799096.123875,6914,7598,4493,3330,194.7400,-1.3700
1784799096.149188,6951,7523,4484,3330,194.7400,0.9400
1784799096.174291,6857,7533,4456,3368,194.7400,0.9400
1784799096.199856,6885,7514,4503,3368,190.4300,-0.1900
1784799096.224989,6782,7505,4475,3330,190.4300,-0.1900
1784799096.250240,6801,7523,4493,3321,190.9200,0.4400
1784799096.275841,6848,7401,4512,3340,190.9200,0.4400
1784799096.300969,6782,7448,4446,3377,192.0300,-0.9400
1784799096.326045,6820,7392,4493,3330,192.0300,-0.9400
1784799096.351810,6773,7392,4597,3405,192.0300,-0.8100
1784799096.377264,6773,7439,4512,3377,192.0300,-0.8100
1784799096.402281,6735,7317,4615,3386,189.3300,-0.3100
1784799096.427816,6735,7326,4615,3368,189.3300,-0.3100
1784799096.452956,6698,7326,4587,3405,192.0300,1.6900
1784799096.478281,6642,7289,4512,3396,192.0300,1.6900
1784799096.503846,6651,7383,4597,3443,194.7400,0.5000
1784799096.528966,6632,7326,4540,3377,194.7400,0.5000
1784799096.554018,6773,7411,4475,3424,186.6200,-2.8100
1784799096.579796,6876,7430,4550,3433,186.6200,-2.8100
1784799096.604891,6857,7420,4522,3583,192.0300,-0.0600
1784799096.629981,6829,7448,4522,3443,192.0300,-0.0600
1784799096.655146,6792,7392,4512,3452,194.7400,-0.1900
1784799096.681359,6782,7533,4522,3443,194.7400,-0.1900
1784799096.706277,6707,7467,4503,3443,192.0300,1.1200
1784799096.731341,6726,7420,4484,3527,192.0300,1.1200
1784799096.756865,6717,7354,4522,3480,197.4400,-2.8100
1784799096.782333,6717,7354,4578,3499,197.4400,-2.8100
1784799096.807292,6782,7383,4503,3537,200.1500,0.0000
1784799096.832842,6717,7373,4531,3546,200.1500,0.0000
1784799096.857956,6717,7364,4559,3490,197.4400,0.9400
1784799096.883157,6576,7354,4550,3471,197.4400,0.9400
1784799096.908861,6623,7251,4550,3471,192.0300,1.1900
1784799096.933939,6576,7157,4522,3471,192.0300,1.1900
1784799096.959050,6660,7233,4550,3452,193.5700,-1.0600
1784799096.984835,6520,7317,4550,3443,193.5700,-1.0600
1784799097.010275,6604,7167,4597,3452,201.4700,1.4400
1784799097.035292,6454,7542,4559,3480,201.4700,1.4400
1784799097.060796,6529,7439,4559,3452,197.4400,1.1900
1784799097.085915,6454,7242,4587,3471,197.4400,1.1900
1784799097.111279,6388,7702,4587,3443,189.3300,0.3100
1784799097.136380,6454,7720,4625,3471,189.3300,0.3100
1784799097.161921,6726,7636,4587,3508,192.0300,-0.3100
1784799097.187022,6266,7598,4597,3499,192.0300,-0.3100
1784799097.212324,6951,7542,4606,3471,189.3300,-2.6900
1784799097.237898,6932,7467,4587,3537,189.3300,-2.6900
1784799097.263017,6876,7439,4662,3490,194.7400,0.1200
1784799097.288151,6792,7383,4653,3508,194.7400,0.1200
1784799097.314290,6782,7336,4634,3518,197.4400,-2.8800
1784799097.339300,6754,7373,4662,3499,197.4400,-2.8800
1784799097.364379,6763,7345,4653,3518,205.5600,1.0600
1784799097.389878,6763,7336,4625,3499,202.8500,-2.8100
1784799097.415012,6632,7317,4662,3508,202.8500,-2.8100
1784799097.440302,6548,7308,4643,3527,202.8500,-2.8100
1784799097.465878,6548,7298,4672,3499,205.5600,-4.0000
1784799097.490976,6548,7261,4606,3499,208.2600,-0.9400
1784799097.516070,6538,7251,4625,3499,208.2600,-0.9400
1784799097.541387,6510,7204,4634,3490,200.1500,-0.3100
1784799097.566949,6491,7195,4634,3555,200.1500,-0.3100
1784799097.592067,6520,7195,4662,3565,200.1500,-0.3100
1784799097.617290,6548,7233,4662,3640,208.2600,-0.6900
1784799097.643340,6510,7120,4662,3640,202.8500,0.3100
1784799097.668440,6445,7129,4681,3677,202.8500,0.3100
1784799097.693473,6435,7064,4681,3752,205.5600,0.6300
1784799097.718930,6463,7054,4709,3715,205.5600,0.6300
1784799097.744327,6473,7045,4690,3715,198.8700,0.0600
1784799097.769351,6416,7045,4718,3752,198.8700,0.0600
1784799097.794926,6416,7054,4672,3762,206.9900,1.3700
1784799097.820028,6463,7129,4681,3743,206.9900,1.3700
1784799097.845159,6482,7092,4747,3799,198.8700,1.8800
1784799097.870912,6482,7092,4700,3846,198.8700,1.8800
1784799097.896013,6463,7092,4690,3837,195.9500,2.9400
1784799097.921136,6416,7073,4718,3818,195.9500,2.9400
1784799097.946937,6454,7073,4728,3780,202.8500,0.3100
1784799097.972333,6473,7045,4747,3780,202.8500,0.3100
1784799097.997247,6473,7073,4747,3818,193.5700,-2.5600
1784799098.022856,6445,7045,4718,3780,193.5700,-2.5600
1784799098.047992,6454,7139,4784,3734,200.1500,0.9400
1784799098.073335,6463,7064,4747,3809,200.1500,0.9400
1784799098.098354,6379,7082,4672,3752,201.4700,0.6300
1784799098.123999,6360,6998,4728,3724,201.4700,0.6300
1784799098.149063,6285,7129,4728,3790,193.5700,-1.2500
1784799098.174467,6332,7176,4747,3743,193.5700,-1.2500
1784799098.199962,6407,7139,4794,3743,198.7100,1.0000
1784799098.225058,6388,7139,4718,3762,198.7100,1.0000
1784799098.250188,6388,7111,4747,3762,194.7400,-1.0000
1784799098.275984,6426,7064,4765,3780,194.7400,-1.0000
1784799098.301297,6426,7017,4737,3771,197.4400,-0.6300
1784799098.326369,6435,6989,4784,3724,197.4400,-0.6300
1784799098.351934,6435,6989,4784,3752,197.4400,-0.6900
1784799098.377034,6435,6989,4812,3715,197.4400,-0.6900
1784799098.402373,6360,7036,4756,3724,200.1500,-0.1200
1784799098.427932,6435,7045,4831,3724,200.1500,-0.1200
1784799098.453026,6416,7036,4784,3799,200.1500,-1.0600
1784799098.478122,6351,7036,4812,3734,200.1500,-1.0600
1784799098.503924,6304,7026,4850,3743,197.4400,-0.3100
1784799098.529077,6341,7017,4850,3780,197.4400,-0.3100
1784799098.554132,6219,6989,4803,3799,193.5700,-0.5600
1784799098.579902,6163,6998,4803,3809,193.5700,-0.5600
1784799098.605361,6154,6960,4840,3790,200.1500,0.6900
1784799098.630373,6154,6885,4803,3865,200.1500,0.6900
1784799098.655370,6107,6960,4822,3790,204.2300,1.2500
1784799098.680985,6051,6989,4765,3780,204.2300,1.2500
1784799098.706359,6097,6960,4803,3846,196.2200,-0.8100
1784799098.731411,6219,6989,4812,3827,196.2200,-0.8100
1784799098.756988,6229,6951,4803,3846,201.4700,0.1900
1784799098.782070,6201,6970,4812,3799,201.4700,0.1900
1784799098.807268,6201,6942,4784,3799,194.7400,0.6900
1784799098.832964,6201,6932,4812,3855,194.7400,0.6900
1784799098.858097,6201,6989,4812,3874,196.2200,0.1200
1784799098.883228,6201,6942,4784,3780,196.2200,0.1200
1784799098.909012,6248,6942,4869,3771,197.4400,0.2500
1784799098.934365,6304,6932,4859,3846,197.4400,0.2500
1784799098.959486,6266,6923,4822,3884,197.4400,0.8100
1784799098.984941,6323,6923,4915,3846,197.4400,0.8100
1784799099.010033,6323,6932,4915,3846,194.7400,0.3100
1784799099.035362,6294,6885,4915,3893,194.7400,0.3100
1784799099.060899,6248,6867,4878,3874,197.4400,0.1900
1784799099.086088,6238,6867,4850,3874,197.4400,0.1900
1784799099.111164,6257,6867,4878,3893,204.2300,1.0000
1784799099.136371,6257,6848,4906,3893,204.2300,1.0000
1784799099.162182,6219,6792,4915,3884,194.7400,-0.2500
1784799099.187128,6266,6782,4925,3837,194.7400,-0.2500
1784799099.212463,6285,6792,4869,3893,194.7400,1.1900
1784799099.238025,6210,6829,4897,3837,194.7400,1.1900
1784799099.263392,6229,6829,4859,3874,190.9200,0.5000
1784799099.288396,6163,6857,4878,3902,190.9200,0.5000
1784799099.313987,6163,6895,4906,3902,192.0300,-0.0600
1784799099.339129,6107,6951,4925,3959,189.3300,0.2500
1784799099.364419,6116,6951,4934,3921,189.3300,0.2500
1784799099.389978,6144,7054,4944,3968,189.3300,0.2500
1784799099.415089,6041,7007,4878,3968,194.7400,-0.1900
1784799099.440202,6032,6960,4953,3940,194.7400,-0.1900
1784799099.465933,6013,6979,4944,3959,197.4400,0.0000
1784799099.491101,6041,7026,4944,3921,200.1500,-2.4400
1784799099.516218,6041,7045,4953,3968,200.1500,-2.4400
1784799099.541933,6041,7017,4906,3912,200.1500,-2.4400
1784799099.567077,5985,6895,4925,3902,194.7400,-0.3100
1784799099.592414,6032,6876,4934,3893,194.7400,-0.6300
1784799099.617466,6060,6810,4897,3949,194.7400,-0.6300
1784799099.643151,6013,6820,4822,4006,197.4400,1.1900
1784799099.668147,5985,6829,4747,4006,197.4400,1.1900
1784799099.693594,5985,6773,4728,3977,202.8500,1.7500
1784799099.719052,5966,6801,5150,3968,202.8500,1.7500
1784799099.744267,5947,6782,5450,4024,197.4400,0.3100
1784799099.769262,5985,6773,5385,3996,197.4400,0.3100
1784799099.795065,5985,6820,5385,4062,197.4400,-1.0000
1784799099.820301,6041,6810,5197,4043,197.4400,-1.0000
1784799099.845379,6022,6810,5150,3940,194.7400,-0.1200
1784799099.871006,5957,6801,5188,4137,194.7400,-0.1200
1784799099.896472,5994,6773,5131,4006,200.1500,-0.5600
1784799099.921454,6032,6773,5244,4034,200.1500,-0.5600
1784799099.946956,5985,6745,5112,4006,197.4400,1.5000
1784799099.972100,5938,6820,5188,3968,197.4400,1.5000
1784799099.997185,6022,6688,5103,4043,194.7400,-0.9400
1784799100.022990,5966,6754,5094,4043,194.7400,-0.9400
1784799100.048064,6004,6688,5066,3996,197.4400,1.1900
1784799100.073236,5957,6707,5103,3996,197.4400,1.1900
1784799100.098333,5976,6660,5103,4015,197.4400,0.2500
1784799100.124113,5985,6679,4991,4062,197.4400,0.2500
1784799100.149400,5966,6670,4981,4156,197.4400,-0.6900
1784799100.174479,5976,6660,4991,4334,197.4400,-0.6900
1784799100.200047,5957,6642,4981,4343,197.4400,0.9400
1784799100.225442,5966,6642,5009,4400,197.4400,0.9400
1784799100.250492,5966,6651,4915,4437,194.7400,1.3700
1784799100.276106,5966,6670,4859,4465,194.7400,1.3700
1784799100.301130,6032,6670,4878,4240,193.5700,-1.1900
1784799100.326250,6041,6679,4915,4043,193.5700,-1.1900
1784799100.352021,5976,6735,4934,4137,194.7400,1.5600
1784799100.377126,5994,6717,4972,4137,194.7400,1.5600
1784799100.402221,6004,6679,5000,4221,192.0300,-1.6300
1784799100.428042,6041,6688,5037,4184,192.0300,-1.6300
1784799100.453446,6060,6707,5047,4165,192.0300,0.0000
1784799100.478715,6051,6707,5094,4184,192.0300,0.0000
1784799100.503584,6032,6642,5131,4193,193.1900,0.0000
1784799100.529099,6004,6660,5094,4212,193.1900,0.0000
1784799100.554484,6051,6660,5159,4165,192.0300,-0.7500
1784799100.579514,5976,6707,5159,4249,192.0300,-0.7500
1784799100.605112,5957,6642,5169,4212,196.2200,0.4400
1784799100.630169,6013,6623,5319,4212,196.2200,0.4400
1784799100.655517,5929,6642,5610,4249,197.4400,-2.0000
1784799100.681075,5929,6585,4934,4203,197.4400,-2.0000
1784799100.706172,5891,6576,5197,4184,201.4700,-0.5600
1784799100.731306,5816,6585,5103,4203,201.4700,-0.5600
1784799100.757067,5891,6548,5188,4203,202.8500,0.6900
1784799100.782483,5854,6520,5197,4193,202.8500,0.6900
1784799100.807515,5929,6510,5253,4137,200.1500,1.1200
1784799100.833081,5825,6566,5366,4203,200.1500,1.1200
1784799100.858153,5872,6576,5403,4268,198.8700,-0.6300
1784799100.883491,5882,6463,5263,4287,198.8700,-0.6300
1784799100.909044,5844,6501,5122,4249,197.4400,1.8800
1784799100.934141,5863,6510,5112,4259,197.4400,1.8800
1784799100.959260,5854,6520,5131,4268,197.4400,0.2500
1784799100.984550,5891,6566,5253,4315,197.4400,0.2500
1784799101.010117,5863,6576,5281,4259,198.7100,0.5000
1784799101.035244,5900,6501,5291,4268,198.7100,0.5000
1784799101.060481,5938,6520,5253,4306,193.5700,-0.1900
1784799101.086529,5891,6557,5263,4249,193.5700,-0.1900
1784799101.111493,5872,6538,5244,4240,201.4700,-0.5000
1784799101.136512,5882,6501,5244,4231,201.4700,-0.5000
1784799101.162083,5872,6557,5291,4249,194.7400,-0.6900
1784799101.187201,5891,6482,5263,4278,194.7400,-0.6900
1784799101.212541,5872,6463,5197,4249,196.2200,0.8100
1784799101.238089,5872,6510,5234,4278,196.2200,0.8100
1784799101.263206,5872,6566,5206,4287,200.1500,-0.7500
1784799101.288377,5788,6548,5216,4287,200.1500,-0.7500
1784799101.314078,5835,6501,5188,4306,200.1500,0.7500
1784799101.339185,5835,6473,5188,4390,200.1500,0.7500
1784799101.364278,5835,6473,5291,4371,200.1500,-0.3100
1784799101.390034,5835,6463,5244,4325,200.1500,-0.3100
1784799101.415516,5741,6473,5206,4362,194.7400,0.0000
1784799101.440524,5760,6379,5225,4268,198.7100,-0.6900
1784799101.466028,5760,6463,5122,4353,198.7100,-0.6900
1784799101.491144,5760,6407,5206,4371,198.7100,-0.6900
1784799101.516374,5722,6407,5188,4362,194.7400,-0.5600
1784799101.541565,5750,6416,5178,4409,196.2200,-0.2500
1784799101.567141,5760,6445,5253,4390,196.2200,-0.2500
1784799101.592243,5741,6426,5188,4400,196.2200,-0.2500
1784799101.617386,5732,6398,5244,4400,200.1500,-0.5600
1784799101.643144,5741,6435,5225,4418,202.8500,-1.5600
1784799101.668275,5779,6351,5234,4381,202.8500,-1.5600
1784799101.693364,5760,6416,5253,4390,202.8500,1.1900
1784799101.719100,5722,6360,5300,4400,202.8500,1.1900
1784799101.744980,5713,6351,5244,4418,202.8500,-0.4400
1784799101.769513,5713,6360,5272,4343,202.8500,-0.4400
1784799101.795146,5713,6398,5281,4418,205.5600,1.4400
1784799101.820204,5703,6454,5328,4409,205.5600,1.4400
1784799101.845615,5657,6370,5281,4400,200.1500,-1.3100
1784799101.871129,5685,6351,5244,4418,200.1500,-1.3100
1784799101.896203,5685,6323,5263,4390,200.1500,0.3100
1784799101.921301,5694,6313,5328,4409,200.1500,0.3100
1784799101.947056,5685,6351,5300,4390,197.4400,-1.6900
1784799101.972211,5657,6341,5244,4456,197.4400,-1.6900
1784799101.997316,5657,6332,5225,4437,200.1500,0.9400
1784799102.022565,5628,6332,5291,4409,200.1500,0.9400
1784799102.048167,5657,6285,5338,4418,200.1500,0.3100
1784799102.073535,5619,6294,5263,4475,200.1500,0.3100
1784799102.098600,5582,6294,5300,4437,200.1500,-1.8100
1784799102.124172,5582,6304,5300,4465,200.1500,-1.8100
1784799102.149246,5600,6276,5300,4418,197.4400,1.1900
1784799102.174558,5610,6388,5309,4381,197.4400,1.1900
1784799102.200131,5619,6313,5338,4428,200.1500,-0.0600
1784799102.225224,5628,6285,5291,4475,200.1500,-0.0600
1784799102.250335,5591,6257,5394,4662,194.7400,-0.4400
1784799102.276113,5591,6323,5385,4803,194.7400,-0.4400
1784799102.301207,5591,6285,5366,4681,193.5700,-0.4400
1784799102.326647,5572,6238,5413,4747,193.5700,-0.4400
1784799102.352075,5563,6323,5422,4812,200.1500,1.3100
1784799102.377224,5563,6257,5441,4831,200.1500,1.3100
1784799102.402586,5610,6229,5413,4812,201.4700,-1.0600
1784799102.427613,5591,6276,5366,4878,201.4700,-1.0600
1784799102.453210,5553,6266,5394,4718,197.4400,0.5000
1784799102.478284,5563,6294,5375,4400,197.4400,0.5000
1784799102.503600,5553,6248,5385,4390,202.8500,1.8800
1784799102.529169,5572,6210,5431,4475,202.8500,1.8800
1784799102.554281,5572,6210,5394,4540,200.1500,-0.6300
1784799102.579423,5628,6257,5413,4634,200.1500,-0.6300
1784799102.605158,5516,6266,5413,4606,193.5700,0.2500
1784799102.630291,5469,6229,5413,4606,193.5700,0.2500
1784799102.655580,5516,6229,5385,4634,201.4700,-1.3700
1784799102.681144,5506,6182,5394,4597,201.4700,-1.3700
1784799102.706235,5516,6229,5422,4681,196.2200,-0.5000
1784799102.731576,5488,6191,5422,4662,196.2200,-0.5000
1784799102.757113,5535,6248,5478,4672,197.4400,0.1900
1784799102.782287,5506,6191,5497,4672,197.4400,0.1900
1784799102.807369,5478,6173,5422,4606,198.7100,-1.8100
1784799102.833100,5478,6257,5403,4634,198.7100,-1.8100
1784799102.858212,5535,6191,5450,4643,196.2200,1.3100
1784799102.883324,5497,6238,5460,4625,196.2200,1.3100
1784799102.908549,5516,6191,5450,4681,197.4400,-0.2500
1784799102.934217,5488,6210,5431,4672,197.4400,-0.2500
1784799102.959506,5516,6191,5422,4643,202.8500,-0.7500
1784799102.984778,5563,6182,5431,4681,202.8500,-0.7500
1784799103.010186,5525,6229,5488,4718,194.7400,-0.1900
1784799103.035592,5469,6238,5413,4634,194.7400,-0.1900
1784799103.060617,5488,6257,5469,4690,201.4700,0.4400
1784799103.086177,5450,6248,5450,4662,201.4700,0.4400
1784799103.111310,5460,6219,5394,4718,196.2200,0.4400
1784799103.136481,5450,6201,5460,4672,196.2200,0.4400
1784799103.162178,5450,6201,5441,4653,197.4400,1.4400
1784799103.187270,5413,6285,5422,4681,197.4400,1.4400
1784799103.212388,5413,6229,5422,4690,200.1500,-2.1300
1784799103.238129,5497,6219,5478,4756,200.1500,-2.1300
1784799103.263606,5403,6219,5413,4784,198.7100,2.1300
1784799103.288608,5413,6229,5422,4756,198.7100,2.1300
1784799103.313666,5478,6201,5460,4728,193.5700,-1.3100
1784799103.339238,5422,6191,5460,4737,193.5700,-1.3100
1784799103.364700,5441,6219,5441,4775,200.1500,0.0600
1784799103.389685,5394,6238,5469,4784,200.1500,0.0600
1784799103.415241,5375,6238,5506,4784,201.4700,0.5600
1784799103.440326,5366,6219,5488,4794,201.4700,0.5600
1784799103.465475,5375,6201,5506,4850,196.2200,0.7500
1784799103.491331,5385,6116,5450,4728,194.7400,0.8100
1784799103.516330,5375,6116,5497,4765,194.7400,0.8100
1784799103.541449,5338,6116,5516,4803,194.7400,0.8100
1784799103.567205,5300,6116,5525,4737,200.1500,0.4400
1784799103.592643,5347,6079,5544,4784,197.4400,-1.1200
1784799103.617625,5356,6060,5525,4803,197.4400,-1.1200
1784799103.643212,5281,6088,5563,4822,200.1500,-0.3700
1784799103.668293,5375,6060,5506,4869,200.1500,-0.3700
1784799103.693647,5309,6126,5516,4887,200.1500,-0.3700
1784799103.719167,5338,6022,5582,4878,197.4400,2.6900
1784799103.744265,5375,6032,5516,4944,200.1500,-2.0600
1784799103.769740,5319,6079,5525,4991,200.1500,-2.0600
1784799103.794841,5319,6041,5544,5000,197.4400,-1.0000
1784799103.820389,5291,6069,5553,5009,197.4400,-1.0000
1784799103.845521,5338,6004,5553,4991,200.1500,-1.1200
1784799103.870488,5338,6060,5600,5075,200.1500,-1.1200
1784799103.896232,5300,6097,5563,5103,197.4400,0.0600
1784799103.922112,5347,6022,5516,5047,197.4400,0.0600
1784799103.946692,5309,6079,5572,5037,202.8500,0.1200
1784799103.972225,5338,6051,5610,5112,202.8500,0.1200
1784799103.997316,5347,6069,5591,5112,197.4400,0.8100
1784799104.022667,5309,6116,5516,5056,197.4400,0.8100
1784799104.048249,5356,6088,5600,5131,197.4400,-0.9400
1784799104.073328,5328,6107,5553,5159,197.4400,-0.9400
1784799104.098394,5328,6041,5563,5141,197.4400,0.8800
1784799104.124166,5319,5994,5610,5141,197.4400,0.8800
1784799104.149294,5366,6069,5591,5206,202.8500,-0.1900
1784799104.174408,5309,6079,5582,5150,202.8500,-0.1900
1784799104.199688,5291,6051,5582,5178,200.1500,0.0600
1784799104.225281,5263,6032,5638,5216,200.1500,0.0600
1784799104.250639,5300,6013,5628,5169,200.1500,-0.7500
1784799104.275693,5272,6013,5647,5094,200.1500,-0.7500
1784799104.301264,5206,6013,5628,5094,200.1500,1.0000
1784799104.326384,5169,5966,5675,5019,200.1500,1.0000
1784799104.351649,5169,5938,5666,5000,194.7400,0.4400
1784799104.377252,5169,5994,5628,4934,194.7400,0.4400
1784799104.402350,5159,5910,5685,4944,200.1500,0.1900
1784799104.427472,5159,5966,5675,4934,200.1500,0.1900
1784799104.453242,5216,5994,5750,4934,200.1500,-0.0600
1784799104.478342,5225,5957,5694,4944,200.1500,-0.0600
1784799104.503673,5169,5966,5694,4925,202.8500,2.9400
1784799104.529222,5178,6004,5722,4906,202.8500,2.9400
1784799104.554389,5206,5966,5722,4906,197.4400,-1.2500
1784799104.579663,5178,6022,5703,4934,197.4400,-1.2500
1784799104.604754,5188,6041,5675,4915,197.4400,-1.7500
1784799104.630328,5197,5966,5713,5000,197.4400,-1.7500
1784799104.655417,5159,6013,5722,4915,197.4400,0.1200
1784799104.680702,5159,5976,5694,4944,197.4400,0.1200
1784799104.706288,5169,5919,5666,4953,200.1500,-1.6300
1784799104.731397,5141,5891,5675,4850,200.1500,-1.6300
1784799104.756559,5141,5910,5675,4869,196.2200,1.3700
1784799104.782612,5159,5872,5638,4859,196.2200,1.3700
1784799104.807704,5103,5891,5675,4840,206.9900,-0.3700
1784799104.832703,5216,5929,5685,4822,206.9900,-0.3700
1784799104.858305,5234,5882,5750,4859,198.8700,0.1900
1784799104.883368,5178,5900,5741,4822,198.8700,0.1900
1784799104.908663,5169,5863,5741,4831,202.8500,-2.1300
1784799104.934244,5150,5900,5732,4859,202.8500,-2.1300
1784799104.959340,5178,5872,5779,4803,206.9900,1.0600
1784799104.984569,5141,5854,5769,4812,206.9900,1.0600
1784799105.010214,5141,5872,5779,4822,198.8700,0.3700
1784799105.035326,5084,5807,5750,4775,198.8700,0.3700
1784799105.060427,5112,5835,5769,4794,205.5600,0.1200
1784799105.085752,5103,5835,5779,4775,205.5600,0.1200
1784799105.111707,5056,5825,5779,4794,200.1500,-0.2500
1784799105.136705,5066,5891,5741,4812,200.1500,-0.2500
1784799105.161733,5066,5825,5769,4812,198.7100,-1.5000
1784799105.187309,5066,5882,5807,4887,198.7100,-1.5000
1784799105.212506,5094,5835,5816,4878,196.2200,-2.3100
1784799105.237760,5084,5825,5788,4869,196.2200,-2.3100
1784799105.263306,5103,5844,5788,4887,198.7100,0.4400
1784799105.288385,5122,5910,5835,4859,198.7100,0.4400
1784799105.313516,5103,5882,5844,4878,193.5700,-1.1900
1784799105.339316,5103,5779,5844,4953,193.5700,-1.1900
1784799105.364381,5066,5779,5825,4878,201.4700,0.3700
1784799105.389499,5112,5741,5872,4887,201.4700,0.3700
1784799105.415245,5103,5741,5854,4850,196.2200,0.7500
1784799105.440745,5084,5638,5825,4981,204.2300,-2.0000
1784799105.465723,5150,5628,5854,4944,204.2300,-2.0000
1784799105.490791,5094,5685,5872,4878,204.2300,-2.0000
1784799105.516429,5094,5694,5872,4897,200.1500,1.1200
1784799105.541752,5094,5713,5872,4878,200.1500,1.1200
1784799105.566792,5094,5779,5844,4822,196.2200,1.1900
1784799105.592342,5084,5985,5854,4850,197.4400,-1.4400
1784799105.617443,5066,5863,5825,4887,197.4400,-1.4400
1784799105.642563,5047,5910,5807,4915,197.4400,-1.4400
1784799105.668360,5028,5807,5825,4897,204.2300,1.4400
1784799105.693428,5019,5816,5863,4915,196.2200,1.6300
1784799105.718572,5000,5854,5882,4859,196.2200,1.6300
1784799105.744445,4972,5816,5882,4915,196.2200,1.6300
1784799105.769758,5000,5807,5863,4934,192.0300,7.7500
1784799105.794747,5000,5797,5854,4962,215.2700,-2.9400
1784799105.820300,4981,5732,5882,4972,215.2700,-2.9400
1784799105.845726,5000,5713,5929,5141,198.8700,0.8800
1784799105.870751,4972,5760,5900,5263,198.8700,0.8800
1784799105.895995,5075,5760,5938,5263,198.8700,0.8800
1784799105.921372,5075,5619,5900,5263,202.8500,-1.8100
1784799105.946610,4972,5638,5919,5647,202.8500,-2.4400
1784799105.971807,5037,5694,5938,5638,202.8500,-2.4400
1784799105.997376,5009,5732,5919,5572,205.5600,-0.3100
1784799106.022496,5009,5769,5891,5572,205.5600,-0.3100
1784799106.047641,4897,5750,5947,5506,205.5600,1.8800
1784799106.073354,4906,5750,5957,5506,205.5600,1.8800
1784799106.098706,4906,5741,5947,5506,208.2600,-0.1200
1784799106.123783,4906,5732,5976,5628,208.2600,-0.1200
1784799106.149337,4878,5722,5957,5563,205.5600,1.2500
1784799106.174442,4934,5722,5947,5563,205.5600,1.2500
1784799106.199732,4859,5694,5947,5544,205.5600,-1.1900
1784799106.225334,4878,5703,5985,5469,205.5600,-1.1900
1784799106.250452,4906,5647,5994,5422,205.5600,-0.2500
1784799106.275559,4906,5666,5976,5469,205.5600,-0.2500
1784799106.301298,4859,5638,5966,5506,202.8500,0.6900
1784799106.326426,4775,5600,5966,5497,202.8500,0.6900
1784799106.351634,4784,5685,5994,5544,208.2600,-1.1900
1784799106.377298,4812,5628,5994,5506,208.2600,-1.1900
1784799106.402412,4747,5628,6013,5525,202.8500,1.5000
1784799106.427799,4747,5647,6013,5525,202.8500,1.5000
1784799106.452849,4672,5610,6032,5572,205.5600,0.5600
1784799106.478449,4709,5600,6032,5553,205.5600,0.5600
1784799106.503493,4700,5610,6032,5525,200.1500,-0.9400
1784799106.528832,4756,5591,6022,5460,200.1500,-0.9400
1784799106.554379,4718,5610,6004,5506,205.5600,0.1200
1784799106.579478,4681,5591,6022,5488,205.5600,0.1200
1784799106.604622,4634,5628,6032,5488,205.5600,1.0000
1784799106.630369,4625,5638,5966,5535,205.5600,1.0000
1784799106.655494,4653,5628,5966,5591,198.8700,0.0000
1784799106.680804,4709,5610,6022,5506,198.8700,0.0000
1784799106.706406,4672,5610,6032,5553,204.2300,-0.6900
1784799106.731768,4700,5628,6088,5506,204.2300,-0.6900
1784799106.756774,4662,5610,6013,5450,202.8500,-0.8100
1784799106.782354,4672,5582,6013,5441,202.8500,-0.8100
1784799106.807445,4681,5600,5994,5497,202.8500,-0.8100
1784799106.832803,4718,5591,5985,5535,202.8500,-0.8100
1784799106.858318,4709,5563,6069,5385,200.1500,-0.3700
1784799106.883449,4775,5535,6032,5403,200.1500,-0.3700
1784799106.908610,4812,5582,6097,5319,201.5300,0.3100
1784799106.933866,4831,5610,6041,5216,201.5300,0.3100
1784799106.959483,4747,5572,6041,5188,200.1500,-2.3100
1784799106.984522,4765,5600,6079,5122,200.1500,-2.3100
1784799107.009824,4784,5497,6069,5206,206.9900,-1.2500
1784799107.035406,4831,5582,6088,5647,206.9900,-1.2500
1784799107.060844,4850,5497,6097,5638,200.1500,1.0600
1784799107.085844,4784,5488,6088,5628,200.1500,1.0600
1784799107.111402,4737,5563,6051,5572,200.1500,0.0000
1784799107.136495,4803,5497,6107,5563,200.1500,0.0000
1784799107.161931,4794,5535,6097,5469,200.1500,-0.8800
1784799107.187396,4775,5460,6097,5497,200.1500,-0.8800
1784799107.212497,4869,5488,6126,5497,196.2200,-2.3800
1784799107.237604,4747,5497,6107,5478,196.2200,-2.3800
1784799107.263395,4728,5516,6126,5450,204.2300,2.0600
1784799107.288525,4737,5497,6116,5469,204.2300,2.0600
1784799107.313580,4803,5516,6107,5478,202.8500,-0.6900
1784799107.339336,4822,5460,6107,5422,202.8500,-0.6900
1784799107.364455,4765,5469,6088,5488,201.5300,1.5000
1784799107.389856,4765,5460,6163,5478,201.5300,1.5000
1784799107.414904,4709,5460,6144,5478,204.2300,0.0600
1784799107.440442,4737,5394,6163,5516,204.2300,0.0600
1784799107.465563,4784,5450,6154,5506,202.8500,1.9400
1784799107.490875,4756,5413,6097,5478,202.8500,1.9400
1784799107.516437,4718,5385,6126,5460,200.1500,0.7500
1784799107.541536,4681,5328,6144,5469,200.1500,0.7500
1784799107.566865,4709,5356,6116,5441,196.2200,-0.1900
1784799107.592427,4681,5385,6154,5488,196.2200,-0.1900
1784799107.617530,4728,5460,6191,5563,197.4400,0.3100
1784799107.642849,4747,5431,6191,5572,206.9900,0.1200
1784799107.668406,4737,5441,6154,5572,206.9900,0.1200
1784799107.693856,4756,5488,6173,5610,206.9900,0.1200
1784799107.718858,4709,5450,6191,5563,196.2200,-0.4400
1784799107.744402,4700,5431,6182,5638,200.1500,-3.5000
1784799107.769495,4672,5441,6191,5600,200.1500,-3.5000
1784799107.794596,4681,5347,6182,5657,202.8500,-1.5600
1784799107.820376,4653,5422,6219,5675,202.8500,-1.5600
1784799107.845554,4681,5347,6201,5647,202.8500,-1.5600
1784799107.870747,4690,5328,6173,5657,204.2300,0.1200
1784799107.895774,4690,5319,6229,5647,193.5700,0.1900
1784799107.921477,4653,5338,6229,5657,193.5700,0.1900
1784799107.947023,4728,5291,6210,5713,197.4400,0.1900
1784799107.971898,4662,5263,6201,5722,197.4400,0.1900
1784799107.997453,4690,5272,6257,5750,202.8500,-1.5600
1784799108.022886,4737,5253,6238,5779,202.8500,-1.5600
1784799108.047867,4737,5244,6219,5779,200.1500,0.2500
1784799108.073448,4756,5216,6238,5788,200.1500,0.2500
1784799108.098554,4747,5244,6182,5788,197.4400,1.6900
1784799108.123889,4803,5272,6276,5788,197.4400,1.6900
1784799108.149445,4803,5319,6201,5666,202.8500,0.7500
1784799108.174532,4756,5300,6229,5600,202.8500,0.7500
1784799108.199624,4775,5309,6257,5506,202.8500,0.0000
1784799108.225425,4765,5234,6257,5441,202.8500,0.0000
1784799108.250508,4756,5309,6266,5385,202.8500,-0.2500
1784799108.275846,4887,5291,6248,5478,202.8500,-0.2500
1784799108.300888,4878,5319,6294,5478,197.4400,0.9400
1784799108.326514,4934,5300,6304,5666,197.4400,0.9400
1784799108.351839,4268,5253,6219,5647,197.4400,0.9400
1784799108.376912,4240,5263,6257,5657,197.4400,0.9400
1784799108.402483,4625,5281,6238,5732,200.1500,1.3700
1784799108.427582,4249,5272,6294,5675,200.1500,1.3700
1784799108.452919,4240,5309,6285,5713,194.7400,-1.1200
1784799108.478486,4165,5319,6276,5722,194.7400,-1.1200
1784799108.503592,4531,5347,6257,5732,194.7400,3.9400
1784799108.528710,4869,5291,6285,5628,194.7400,3.9400
1784799108.554475,4850,5328,6304,5553,200.1500,-0.9400
1784799108.579576,4784,5300,6313,5694,200.1500,-0.9400
1784799108.604876,4765,5338,6285,5732,194.7400,1.2500
1784799108.630467,4690,5328,6332,5816,194.7400,1.2500
1784799108.655568,4672,5309,6351,5825,194.7400,-0.6900
1784799108.680891,4672,5272,6276,5797,194.7400,-0.6900
1784799108.706496,4597,5272,6323,5797,200.1500,-1.0600
1784799108.731534,4597,5244,6313,5807,200.1500,-1.0600
1784799108.756628,4597,5234,6313,5807,197.4400,-0.8800
1784799108.781989,4578,5169,6341,5854,197.4400,-0.8800
1784799108.807533,4503,5225,6398,5891,197.4400,0.8800
1784799108.832638,4522,5263,6388,5994,197.4400,0.8800
1784799108.857807,4503,5300,6407,5694,200.1500,-0.9400
1784799108.883520,4493,5253,6332,5807,200.1500,-0.9400
1784799108.908920,4550,5188,6388,5947,197.4400,-0.1200
1784799108.933967,4512,5309,6351,5872,197.4400,-0.1200
1784799108.959569,4493,5281,6313,5854,197.4400,0.7500
1784799108.984699,4522,5309,6388,5910,197.4400,0.7500
1784799109.009865,4559,5263,6341,5825,197.4400,0.0000
1784799109.035474,4390,5244,6351,5844,197.4400,0.0000
1784799109.060563,4437,5234,6388,5844,200.1500,-0.6900
1784799109.085679,4446,5159,6407,5807,200.1500,-0.6900
1784799109.111446,4418,5206,6398,5854,200.1500,0.2500
1784799109.136568,4484,5197,6398,5844,200.1500,0.2500
1784799109.161693,4400,5197,6398,5854,202.8500,-0.9400
1784799109.187458,4418,5178,6473,5816,202.8500,-0.9400
1784799109.212918,4381,5197,6463,5732,205.5600,0.0600
1784799109.237904,4400,5206,6473,5741,205.5600,0.0600
1784799109.262999,4456,5206,6435,5797,200.1500,-1.3700
1784799109.288542,4400,5188,6454,5825,200.1500,-1.3700
1784799109.313941,4428,5216,6454,5910,200.1500,1.0000
1784799109.338989,4390,5169,6491,5957,200.1500,1.0000
1784799109.364647,4437,5150,6463,5919,197.4400,-0.8800
1784799109.389645,4437,5103,6445,5938,197.4400,-0.8800
1784799109.414914,4371,5075,6538,5910,197.4400,1.1900
1784799109.440525,4437,5066,6473,5994,197.4400,1.1900
1784799109.465667,4371,5122,6473,5994,197.4400,-0.4400
1784799109.490734,4418,5122,6435,5929,197.4400,-0.4400
1784799109.516508,4381,5178,6463,5994,202.8500,-0.6900
1784799109.541955,4428,5150,6398,5966,202.8500,-0.6900
1784799109.566945,4409,5094,6482,5985,200.1500,-2.2500
1784799109.592499,4428,5122,6426,5994,200.1500,1.4400
1784799109.617587,4409,5103,6416,6004,200.1500,1.4400
1784799109.642971,4437,5066,6426,6013,200.1500,1.4400
1784799109.668483,4390,5028,6407,6013,201.5300,-1.1200
1784799109.693598,4353,5000,6407,6022,201.5300,-1.1200
1784799109.718678,4390,4972,6482,6032,200.1500,1.8100
1784799109.743997,4362,4972,6463,5985,200.1500,-0.3700
1784799109.769563,4390,4981,6501,5994,200.1500,-0.3700
1784799109.794689,4390,5019,6501,6032,200.1500,-0.3700
1784799109.819836,4371,5094,6454,6004,200.1500,-3.0000
1784799109.845654,4362,5150,6510,6051,198.7100,-0.1900
1784799109.870933,4409,5103,6529,6210,198.7100,-0.1900
1784799109.895970,4390,5009,6548,5638,193.5700,-1.4400
1784799109.921539,4390,4887,6510,6238,193.5700,-1.4400
1784799109.946843,4409,4831,6548,6445,198.7100,-0.5600
1784799109.971950,4381,4794,6548,6266,198.7100,-0.5600
1784799109.997608,4409,5178,6538,6238,196.2200,0.1200
1784799110.022632,4371,4812,6548,6191,196.2200,0.1200
1784799110.047929,4418,5159,6576,6126,200.1500,-0.0600
1784799110.073538,4400,4840,6566,6201,200.1500,-0.0600
1784799110.098616,4353,4972,6632,6088,200.1500,0.0600
1784799110.123710,4371,4850,6548,6088,200.1500,0.0600
1784799110.148973,4390,4934,6585,6135,200.1500,0.3700
1784799110.174951,4296,4915,6557,6107,200.1500,0.3700
1784799110.199948,4325,4962,6520,6191,202.8500,-0.0600
1784799110.225041,4296,4897,6548,6173,202.8500,-0.0600
1784799110.250586,4353,4869,6557,6229,200.1500,-0.4400
1784799110.275990,4428,5281,6548,6219,200.1500,-0.4400
1784799110.301200,4400,4972,6566,6238,205.5600,-0.2500
1784799110.326564,4371,5066,6604,6276,205.5600,-0.2500
1784799110.351695,4390,5666,6548,6266,202.8500,-1.1900
1784799110.376808,4371,5009,6576,6248,202.8500,-1.1900
1784799110.402571,4371,4944,6585,6248,204.2300,-0.6300
1784799110.427702,4325,5328,6632,6276,204.2300,-0.6300
1784799110.452787,4353,4991,6595,6294,198.8700,2.1900
1784799110.478552,4353,5563,6632,6332,198.8700,2.1900
1784799110.504009,4315,4991,6576,6332,198.7100,0.9400
1784799110.528980,4315,5028,6670,6266,198.7100,0.9400
1784799110.554512,4268,5347,6670,6154,198.8700,0.3100
1784799110.579633,4231,5112,6679,6107,198.8700,0.3100
1784799110.604988,4231,5206,6632,6126,197.4400,-0.5000
1784799110.630062,4203,5197,6623,6135,197.4400,-0.5000
1784799110.655616,4184,5141,6557,6126,200.1500,0.5000
1784799110.680720,4221,5150,6613,6135,200.1500,0.5000
1784799110.706021,4193,4972,6595,6135,200.1500,-0.7500
1784799110.731628,4221,4897,6613,6144,200.1500,-0.7500
1784799110.756716,4278,4887,6604,6210,200.1500,-0.0600
1784799110.781855,4353,4850,6707,6182,200.1500,-0.0600
1784799110.807994,4418,4897,6670,6210,200.1500,2.6300
1784799110.833007,4400,4953,6660,6182,200.1500,2.6300
1784799110.858017,4484,5000,6717,6238,200.1500,-0.5600
1784799110.883641,4174,5197,6698,6229,200.1500,-0.5600
1784799110.908685,3780,5413,6707,6173,200.1500,1.1900
1784799110.934008,4081,5328,6698,6163,200.1500,1.1900
1784799110.959594,4109,5366,6688,6182,202.8500,-1.0600
1784799110.984749,4493,5159,6698,6285,202.8500,-1.0600
1784799111.009779,4493,4981,6688,6341,200.1500,-0.4400
1784799111.035538,4512,5000,6660,6510,200.1500,-0.4400
1784799111.060673,4137,5037,6651,6510,200.1500,-0.6300
1784799111.085797,4062,4962,6651,6501,200.1500,-0.6300
1784799111.111044,3715,4962,6660,6501,200.1500,0.0000
1784799111.137035,4043,4887,6698,6501,200.1500,0.0000
1784799111.162069,4043,4944,6717,6491,202.8500,0.9400
1784799111.187071,4456,5075,6707,6491,202.8500,0.9400
1784799111.212641,4146,4981,6754,6604,198.8700,-0.2500
1784799111.238029,4062,4925,6726,6595,198.8700,-0.2500
1784799111.263059,4428,4981,6707,6754,204.2300,-1.0600
1784799111.288620,4371,4944,6735,6332,204.2300,-1.0600
1784799111.313771,4418,4869,6773,6304,201.5300,1.3100
1784799111.338856,4409,4897,6792,6323,201.5300,1.3100
1784799111.364605,4456,4869,6782,6351,205.5600,-2.2500
1784799111.389717,4456,4906,6801,6360,205.5600,-2.2500
1784799111.414857,4428,4869,6782,6294,208.2600,-0.3100
1784799111.440603,4390,4944,6848,6285,208.2600,-0.3100
1784799111.466069,4418,4878,6782,6370,202.8500,0.6900
1784799111.491098,4362,4812,6763,6285,202.8500,0.6900
1784799111.516573,4306,4831,6801,6313,202.8500,1.5600
1784799111.541689,4137,4812,6839,6332,202.8500,1.5600
1784799111.567065,4193,4794,6820,6341,205.5600,0.4400
1784799111.592131,4203,4859,6829,6323,205.5600,0.4400
1784799111.617691,4287,4859,6801,6313,204.2300,0.5000
1784799111.642812,4221,4850,6820,6332,204.2300,0.5000
1784799111.668142,4203,4887,6829,6360,196.2200,-0.9400
1784799111.693666,4128,4887,6848,6407,204.2300,0.9400
1784799111.718760,4109,4850,6876,6370,204.2300,0.9400
1784799111.743970,4090,4831,6876,6360,204.2300,0.9400
1784799111.769657,4052,4803,6857,6351,200.1500,-0.2500
1784799111.795095,4052,4765,6876,6332,198.8700,0.8800
1784799111.820103,4015,4859,6857,6473,198.8700,0.8800
1784799111.845639,4024,4822,6867,6426,202.8500,0.4400
1784799111.870733,4015,4850,6857,6454,202.8500,0.4400
1784799111.896083,4043,4831,6857,6379,202.8500,0.4400
1784799111.921638,4090,4822,6857,6407,208.2600,-0.7500
1784799111.946719,4034,4794,6839,6426,205.5600,0.1200
1784799111.971822,4071,4831,6857,6426,205.5600,0.1200
1784799111.997643,4090,4822,6857,6491,209.7500,-1.6300
1784799112.022707,3959,4812,6820,6501,209.7500,-1.6300
1784799112.048123,4015,4737,6829,6510,205.5600,-0.1900
1784799112.073184,4146,4784,6857,6585,205.5600,-0.1900
1784799112.099072,4015,4822,6876,6632,198.8700,-0.5600
1784799112.124090,3940,4803,6876,6623,198.8700,-0.5600
1784799112.149135,3977,4878,6867,6576,209.7500,1.0600
1784799112.174685,3940,5150,6876,6595,209.7500,1.0600
1784799112.199778,3996,5647,6885,6623,208.2600,-1.4400
1784799112.225152,3912,5657,6876,6595,208.2600,-1.4400
1784799112.250661,4015,5628,6876,6604,204.1800,-1.3700
1784799112.275766,4052,5619,6857,6585,204.1800,-1.3700
1784799112.300883,4034,5572,6857,6585,221.7800,-3.1300
1784799112.326661,4184,5112,6914,6585,221.7800,-3.1300
1784799112.351743,4203,5112,6914,6585,218.0300,3.0000
1784799112.376871,4184,5516,6914,6679,218.0300,3.0000
1784799112.402645,4156,5516,6932,6688,198.8700,-1.6300
1784799112.428103,4174,5112,6932,6726,198.8700,-1.6300
1784799112.453084,4174,5122,6932,6782,205.5600,1.0600
1784799112.478187,4109,5188,6932,6960,205.5600,1.0600
1784799112.503717,4071,5075,6932,6745,204.2300,0.1900
1784799112.529135,4099,5141,6932,6867,204.2300,0.1900
1784799112.554158,4043,5131,6932,6773,204.1800,0.6300
1784799112.579715,4006,5234,6904,6726,204.1800,0.6300
1784799112.604908,3968,5234,6904,6726,200.1500,-0.4400
1784799112.629976,3949,4869,6876,6679,200.1500,-0.4400
1784799112.655710,3931,4915,6970,6688,205.5600,-0.9400
1784799112.680822,3921,4400,6960,6632,205.5600,-0.9400
1784799112.705943,3893,4944,6989,6632,205.5600,2.3800
1784799112.731693,3959,4522,7007,6613,205.5600,2.3800
1784799112.757063,3940,4597,6951,6660,202.8500,0.0600
1784799112.782682,3884,4615,6998,6707,202.8500,0.0600
1784799112.808708,3996,4972,7017,6651,202.8500,-1.2500
1784799112.832844,3865,4559,7026,6670,202.8500,-1.2500
1784799112.858682,3893,4550,7054,6623,197.4400,0.5600
1784799112.884456,3874,4615,7045,6651,197.4400,0.5600
1784799112.908726,3931,4615,7026,6604,202.8500,0.1200
1784799112.933805,3865,4615,6998,6642,202.8500,0.1200
1784799112.959026,3855,4568,7054,6660,202.8500,2.1300
1784799112.984718,3855,4615,7082,6670,202.8500,2.1300
1784799113.009805,3884,4681,7092,6679,200.1500,-0.2500
1784799113.034900,3912,4775,7054,6604,200.1500,-0.2500
1784799113.060965,3846,4831,7064,6632,198.8700,0.5600
1784799113.085974,3987,5019,7082,6660,198.8700,0.5600
1784799113.110985,3865,4794,7120,6660,204.2300,-0.5000
1784799113.136704,3931,4540,7082,6632,204.2300,-0.5000
1784799113.161767,3902,4568,7064,6726,205.5600,0.9400
1784799113.187007,3884,4597,7073,6623,205.5600,0.9400
1784799113.212693,3940,4587,7073,6623,205.5600,-0.5000
1784799113.237757,3884,4756,7092,6698,205.5600,-0.5000
1784799113.262825,3931,4737,7120,6735,201.5300,0.0600
1784799113.288696,3996,4728,7082,6773,201.5300,0.0600
1784799113.313752,3884,4597,7092,6388,205.5600,-1.2500
1784799113.339020,3884,4597,7157,6501,205.5600,-1.2500
1784799113.364643,3884,4653,7167,6482,200.1500,1.1200
1784799113.389965,3884,4634,7111,6576,200.1500,1.1200
1784799113.414988,3884,4568,7148,6585,204.2300,0.8800
1784799113.440026,3884,4906,7167,6585,204.2300,0.8800
1784799113.465730,3884,4962,7176,6613,205.5600,-0.4400
1784799113.491030,3884,4597,7129,6557,205.5600,-0.4400
1784799113.516003,3884,4709,7148,7092,200.1500,-2.3100
1784799113.541730,3884,4690,7111,6735,200.1500,-2.3100
1784799113.566826,3884,4522,7139,6698,201.5300,2.1900
1784799113.591883,3884,4446,7111,6613,201.5300,2.1900
1784799113.617726,3884,4465,7120,6604,204.2300,-1.1200
1784799113.642811,3884,4803,7139,6604,204.2300,-1.1200
1784799113.667922,3884,5188,7129,6642,200.1500,0.3100
1784799113.693733,3884,5103,7120,6651,200.1500,0.3100
1784799113.719016,3884,4972,7157,6688,201.5300,0.1900
1784799113.744030,3884,4944,7157,6651,201.5300,0.1900
1784799113.769694,3884,4925,7167,6707,200.1500,0.6300
1784799113.794764,3884,4915,7120,6660,200.1500,0.6300
1784799113.820016,3884,4925,7167,6717,202.8500,-1.0000
1784799113.845060,3884,4944,7148,6679,202.8500,-1.0000
1784799113.870795,3884,4944,7167,6679,205.5600,-0.5600
1784799113.895826,3884,5225,7157,6679,205.5600,0.9400
1784799113.921073,3884,5197,7186,6688,205.5600,0.9400
1784799113.946747,3884,4972,7195,6698,205.5600,0.9400
1784799113.971846,3884,4784,7204,6707,205.5600,-0.1200
1784799113.997019,3884,4672,7204,6707,200.1500,-0.8800
1784799114.022741,3884,4559,7176,6792,200.1500,-0.8800
1784799114.048024,3884,4362,7233,6745,200.1500,-0.3700
1784799114.073038,3884,4503,7223,6820,200.1500,-0.3700
1784799114.098781,3884,4390,7214,6782,209.7500,-0.7500
1784799114.123825,3884,4728,7242,6773,209.7500,-0.7500
1784799114.149227,3884,4296,7204,6726,201.5300,-0.8100
1784799114.174725,3884,4325,7176,6754,201.5300,-0.8100
1784799114.199800,3884,4371,7195,6726,208.2600,0.8100
1784799114.224877,3884,4493,7195,6735,208.2600,0.8100
1784799114.250701,3884,4597,7223,6745,208.2600,1.2500
1784799114.275786,3884,4615,7195,6754,208.2600,1.2500
1784799114.300853,3884,4672,7204,6763,208.2600,1.4400
1784799114.325987,3884,4709,7195,6660,208.2600,1.4400
1784799114.352025,3884,4709,7233,6642,208.2600,-0.8100
1784799114.377056,3884,4756,7261,6623,208.2600,-0.8100
1784799114.402055,3884,4765,7270,6642,200.1500,1.2500
1784799114.427772,3884,4700,7242,7082,200.1500,1.2500
1784799114.452844,3884,4784,7214,7242,210.9700,-1.6900
1784799114.478072,3884,4765,7289,7167,210.9700,-1.6900
1784799114.503762,3884,4765,7289,7176,202.8500,0.1200
1784799114.528825,3884,4756,7345,7092,202.8500,0.1200
1784799114.553905,3884,4765,7251,7214,205.5600,-0.2500
1784799114.579752,3884,4784,7308,7064,205.5600,-0.2500
1784799114.604815,3884,4794,7270,7045,202.8500,2.5000
1784799114.629898,3884,4784,7308,7036,202.8500,2.5000
1784799114.655719,3884,4709,7289,7073,202.8500,0.9400
1784799114.681061,3884,4747,7326,7092,202.8500,0.9400
1784799114.706010,3884,4737,7298,6989,202.8500,0.3100
1784799114.731151,3884,4747,7261,6989,202.8500,0.3100
1784799114.756801,3884,4728,7308,7036,202.8500,-1.3100
1784799114.782080,3884,4737,7336,6960,202.8500,-1.3100
1784799114.807097,3884,4784,7308,6970,202.8500,1.7500
1784799114.832797,3884,4812,7308,6979,202.8500,1.7500
1784799114.857865,3884,4840,7298,7017,200.1500,-0.5000
1784799114.883106,3884,4784,7298,6970,200.1500,-0.5000
1784799114.908799,3884,4812,7383,6998,197.4400,1.5000
1784799114.933859,3884,4915,7345,6979,197.4400,1.5000
1784799114.958949,3884,4803,7326,6942,200.1500,1.0000
1784799114.984789,3884,4662,7326,6951,200.1500,1.0000
1784799115.010048,3884,4578,7420,6951,197.4400,0.7500
1784799115.035079,3884,4625,7392,7045,197.4400,0.7500
1784799115.060763,3884,4606,7420,7073,194.7400,-1.3100
1784799115.085840,3884,4643,7448,7392,194.7400,-1.3100
1784799115.111095,3884,4700,7448,7148,194.7400,-0.3700
1784799115.136138,3884,4615,7486,7007,194.7400,-0.3700
1784799115.161829,3884,4615,7458,7036,197.4400,-1.5600
1784799115.186906,3884,4672,7458,7064,197.4400,-1.5600
1784799115.212126,3884,4662,7448,7064,194.7400,-1.1900
1784799115.237814,3884,4747,7495,7082,194.7400,-1.1900
1784799115.262884,3884,4737,7486,7007,202.8500,0.0000
1784799115.287974,3884,4709,7505,7036,202.8500,0.0000
1784799115.313861,3884,4615,7476,7054,202.8500,0.0000
1784799115.339086,3884,4681,7476,7045,202.8500,0.0000
1784799115.364089,3884,4672,7514,7036,205.5600,-0.0600
1784799115.389804,3884,4672,7514,7036,205.5600,-0.0600
1784799115.414862,3884,4709,7523,7007,202.8500,-1.8100
1784799115.440095,3884,4737,7589,7036,202.8500,-1.8100
1784799115.465803,3884,4822,7598,7045,205.5600,-0.3700
1784799115.490879,3884,4756,7533,7054,205.5600,-0.3700
1784799115.515929,3884,4794,7561,7054,208.2600,-0.8100
1784799115.541758,3884,5047,7627,7101,208.2600,-0.8100
1784799115.566880,3884,4794,7561,7007,205.5600,-0.2500
1784799115.591921,3884,5328,7608,7064,205.5600,-0.2500
1784799115.617057,3884,5112,7589,7064,200.1500,0.4400
1784799115.642973,3884,4540,7570,7064,200.1500,0.4400
1784799115.668106,3884,4550,7627,7073,205.5600,2.2500
1784799115.693152,3884,4559,7589,7092,205.5600,2.2500
1784799115.718841,3884,4578,7673,7073,200.1500,-0.5000
1784799115.744121,3884,4597,7598,7092,200.1500,-0.5000
1784799115.769124,3884,4597,7627,7036,205.5600,0.3700
1784799115.794829,3884,4597,7627,7101,205.5600,0.3700
1784799115.819917,3884,4587,7664,7139,202.8500,-0.8100
1784799115.845021,3884,4531,7645,7073,200.1500,2.3100
1784799115.870833,3884,4559,7683,7139,200.1500,2.3100
1784799115.895887,3884,4550,7683,7064,200.1500,2.3100
1784799115.920954,3884,4578,7720,7111,205.5600,-0.4400
1784799115.946795,3884,4615,7702,7073,200.1500,1.6300
1784799115.972126,3884,4615,7711,7176,200.1500,1.6300
1784799115.997116,3884,4709,7730,7129,200.1500,0.0000
1784799116.022163,3884,4681,7702,7157,200.1500,0.0000
1784799116.047929,3884,4512,7664,7148,200.1500,0.0000
1784799116.073096,3884,4578,7683,7101,202.8500,-1.0000
1784799116.098086,3884,4559,7617,7082,200.1500,0.0600
1784799116.123864,3114,4550,7617,7082,200.1500,0.0600
1784799116.149017,3124,4578,7617,7026,200.1500,-0.8100
1784799116.174134,3161,4587,7617,7111,200.1500,-0.8100
1784799116.199863,3161,4597,7617,7204,194.7400,0.1200
1784799116.224925,3143,4587,7617,7317,194.7400,0.1200
1784799116.249994,3161,4615,7636,7326,200.1500,-0.5600
1784799116.275846,3124,4597,7589,7345,200.1500,-0.5600
1784799116.301081,3161,4597,7617,7233,200.1500,1.5600
1784799116.326115,3143,4606,7617,7223,200.1500,1.5600
1784799116.351843,3152,4597,7580,7261,200.1500,-1.3100
1784799116.376905,3171,4606,7533,7214,200.1500,-1.3100
1784799116.402086,3067,4625,7617,7073,202.8500,-2.7500
1784799116.427109,3077,4728,7636,6979,202.8500,-2.7500
1784799116.452904,3077,4690,7673,7645,201.5300,-2.8800
1784799116.477953,3077,4672,7664,7279,201.5300,-2.8800
1784799116.503095,3021,4409,7655,7279,205.5600,1.0000
1784799116.528891,3105,4240,7673,7251,205.5600,1.0000
1784799116.553952,3030,4278,7673,7233,208.2600,-3.1900
1784799116.579022,3114,4249,7608,7176,208.2600,-3.1900
1784799116.604879,3077,4259,7636,7223,205.5600,0.6900
1784799116.630137,3049,4221,7627,7214,205.5600,0.6900
1784799116.655127,3077,4287,7627,7233,202.8500,0.1900
1784799116.680871,3133,4231,7673,7242,202.8500,0.1900
1784799116.705943,3133,4390,7692,7233,202.8500,-0.2500
1784799116.731145,3096,4465,7645,7233,202.8500,-0.2500
1784799116.756868,3246,4456,7739,7195,200.1500,0.3700
1784799116.781952,3096,4503,7702,7251,200.1500,0.3700
1784799116.807013,3124,4475,7720,7186,205.5600,-0.6300
1784799116.832834,3096,4428,7720,7092,205.5600,-0.6300
1784799116.857922,3152,4437,7720,7204,197.4400,1.6300
1784799116.883003,3133,4475,7683,7204,197.4400,1.6300
1784799116.908076,3161,4437,7692,7233,204.1800,-0.1900
1784799116.933923,3124,4512,7673,7289,204.1800,-0.1900
1784799116.959109,3086,4503,7683,7364,201.4700,0.4400
1784799116.984153,3039,4446,7683,7308,201.4700,0.4400
1784799117.009948,3030,4493,7683,7298,201.5300,0.8100
1784799117.035154,3011,4475,7664,7336,201.5300,0.8100
1784799117.060144,2983,4503,7692,7336,200.1500,-0.3100
1784799117.085899,3030,4465,7730,7308,200.1500,-0.3100
1784799117.110973,2964,4493,7739,7345,204.2300,-0.8800
1784799117.136030,2964,4409,7748,7345,204.2300,-0.8800
1784799117.161890,2946,4362,7692,7354,190.9200,1.0600
1784799117.186964,2946,4371,7711,7354,190.9200,1.0600
1784799117.212033,2946,4381,7739,7298,197.4400,-2.3100
1784799117.237940,3021,4409,7702,7308,197.4400,-2.3100
1784799117.262983,2974,4418,7702,7308,194.7400,1.6300
1784799117.288152,2974,4371,7739,7326,194.7400,1.6300
1784799117.313148,2983,4390,7730,7308,193.1900,-0.8100
1784799117.338938,2964,4371,7739,7383,193.1900,-0.8100
1784799117.364149,3002,4437,7767,7373,190.9200,3.1300
1784799117.389148,3030,4446,7758,7317,190.9200,3.1300
1784799117.414939,2983,4400,7767,7345,197.4400,-0.5000
1784799117.439999,2974,4446,7805,7383,197.4400,-0.5000
1784799117.465137,2955,4437,7777,7308,201.4700,-0.5600
1784799117.490926,2955,4400,7814,7345,201.4700,-0.5600
1784799117.516009,2992,4418,7786,7317,189.3300,-2.8800
1784799117.541065,2983,4381,7777,7317,189.3300,-2.8800
1784799117.566932,2964,4296,7795,7279,188.2700,0.1900
1784799117.592074,2964,4296,7795,7279,188.2700,0.1900
1784799117.617156,2955,4287,7833,7308,192.0300,-2.0600
1784799117.642920,3021,4249,7833,7298,192.0300,-2.0600
1784799117.667985,2955,4287,7852,7279,194.7400,-0.0600
1784799117.693203,3021,4278,7814,7298,194.7400,-0.0600
1784799117.718916,3021,4278,7833,7298,189.3300,-0.1900
1784799117.743999,2964,4278,7870,7345,189.3300,-0.1900
1784799117.769034,2983,4390,7833,7364,192.0300,0.0600
1784799117.794887,2983,4418,7861,7373,192.0300,0.6300
1784799117.819962,2983,4418,7852,7430,192.0300,0.6300
1784799117.845099,2946,4484,7870,7467,192.0300,0.6300
1784799117.870219,2927,4493,7889,7411,189.3300,0.4400
1784799117.895991,2946,4446,7852,7420,189.3300,0.4400
1784799117.921100,2946,4400,7908,7392,190.4300,-0.3700
1784799117.946373,2936,4465,7833,7392,190.4300,-0.3700
1784799117.971972,2946,4493,7852,7411,185.6200,-0.0600
1784799117.997400,2946,4428,7833,7383,185.6200,-0.0600
1784799118.022436,2936,4446,7842,7495,189.3300,1.6900
1784799118.047953,2955,4456,7842,7420,186.6200,-1.6300
1784799118.073059,2899,4390,7870,7448,186.6200,-1.6300
1784799118.098339,2899,4428,7842,7486,186.6200,-1.6300
1784799118.123945,2992,4428,7814,7467,183.9200,1.2500
1784799118.149062,2880,4400,7880,7486,178.5100,-0.5600
1784799118.174154,2927,4362,7842,7430,178.5100,-0.5600
1784799118.199911,2908,4371,7861,7411,181.2100,0.1900
1784799118.225054,2927,4409,7852,7364,181.2100,0.1900
1784799118.250197,2889,4390,7852,7326,181.2100,0.1900
1784799118.275381,2889,4362,7852,7289,181.2100,-1.3700
1784799118.301101,2880,4371,7908,7317,178.5100,-0.2500
1784799118.326381,2899,4390,7927,7401,178.5100,-0.2500
1784799118.351705,2899,4409,7974,7880,180.3100,-0.7500
1784799118.377017,2946,4409,7936,8189,180.3100,-0.7500
1784799118.402091,2917,4400,7974,8218,183.9200,-0.0600
1784799118.427390,2927,4353,7974,8086,183.9200,-0.0600
1784799118.452991,2927,4381,7974,8011,183.9200,1.6900
1784799118.478084,2927,4428,8011,7870,183.9200,1.6900
1784799118.503198,2927,4334,7992,7870,184.9100,-0.0600
1784799118.528971,2927,4325,7992,7645,184.9100,-0.0600
1784799118.554070,2927,4334,8002,7673,178.5100,-1.8100
1784799118.579179,2927,4343,8114,7664,178.5100,-1.8100
1784799118.604940,2927,4371,8096,7645,177.6600,-2.7500
1784799118.630044,2927,4381,8114,7636,177.6600,-2.7500
1784799118.655341,2927,4371,8171,7673,179.3900,0.2500
1784799118.680384,2927,4334,8189,7636,179.3900,0.2500
1784799118.706054,2927,4325,8199,7617,175.0100,0.5000
1784799118.731143,2927,4390,8208,7655,175.0100,0.5000
1784799118.756351,2927,4390,8189,7730,179.3900,-0.3100
1784799118.782027,2927,4418,8227,7711,179.3900,-0.3100
1784799118.807122,2927,4540,8161,7692,175.8000,-2.0000
1784799118.832222,2927,4484,8161,7636,175.8000,-2.0000
1784799118.858015,2927,4540,8058,7758,169.7100,0.0600
1784799118.883214,2927,4503,7983,7598,169.7100,0.0600
1784799118.908381,2927,4503,7983,7598,182.1500,-0.5600
1784799118.933995,2927,4334,7983,7580,182.1500,-0.5600
1784799118.959152,2927,4306,7983,7589,169.7100,1.1200
1784799118.984423,2927,4353,7983,7617,169.7100,1.1200
1784799119.009953,2927,4306,7964,7627,173.1000,-0.2500
1784799119.035079,2927,4343,8039,7683,173.1000,-0.2500
1784799119.060153,2927,4306,7983,7683,164.9900,-0.6900
1784799119.085396,2927,4325,8011,7673,164.9900,-0.6900
1784799119.111053,2927,4353,8021,7673,167.6900,-0.5000
1784799119.136141,2927,4287,8021,7673,167.6900,-0.5000
1784799119.161264,2927,4287,8049,7692,162.2800,0.6300
1784799119.187058,2927,4240,8086,7645,162.2800,0.6300
1784799119.212385,2927,4221,8039,7655,171.1100,-0.3100
1784799119.237371,2927,4259,8039,7636,171.1100,-0.3100
1784799119.263032,2927,4296,8114,7627,161.7500,-1.3100
1784799119.288440,2927,4259,8114,7617,161.7500,-1.3100
1784799119.313387,2927,4306,8086,7692,168.3500,-0.3700
1784799119.339023,2927,4212,8124,7627,168.3500,-0.3700
1784799119.364100,2927,4353,8124,7664,161.7500,0.5600
1784799119.389200,2927,4287,8171,7748,161.7500,0.5600
1784799119.414999,2927,4287,8208,7730,173.1000,0.4400
1784799119.440095,2927,4315,8236,7748,173.1000,0.4400
1784799119.465198,2927,4325,8255,7852,164.9900,0.6900
1784799119.490310,2927,4259,8218,7833,164.9900,0.6900
1784799119.516084,2927,4306,8208,7814,171.1100,0.0000
1784799119.541415,2927,4249,8218,7814,171.1100,0.0000
1784799119.566458,2927,4343,8218,7805,159.1000,-0.3700
1784799119.592080,2927,4343,8246,7795,159.1000,-0.3700
1784799119.617474,2927,4371,8227,7833,164.9900,-0.8100
1784799119.642519,2927,4400,8180,7870,164.9900,-0.8100
1784799119.668061,2927,4362,8227,7833,159.5800,-0.0600
1784799119.693175,2927,4390,8236,7870,159.5800,-0.0600
1784799119.718294,2927,4390,8171,7880,162.2800,0.5000
1784799119.744054,2927,4371,8180,7852,162.2800,0.5000
1784799119.769157,2927,4381,8218,7852,162.2800,-1.0000
1784799119.794244,2927,4381,8058,7805,162.2800,-1.0000
1784799119.820032,2927,4325,7992,7777,162.2800,-0.3700
1784799119.845159,2927,4334,7992,7814,162.2800,-0.3700
1784799119.870509,2927,4315,8415,7842,162.2800,-2.1300
1784799119.895431,2927,4315,7983,7852,162.2800,-2.1300
1784799119.921104,2927,4343,8039,7824,159.5800,0.6900
1784799119.946445,2927,4278,8011,7833,159.5800,0.6900
1784799119.971484,2927,4353,8114,7870,162.2800,0.2500
1784799119.997109,2927,4249,8433,7842,164.9900,-0.2500
1784799120.022200,2927,4296,8124,7870,164.9900,-0.2500
1784799120.047432,2927,4259,8124,7842,164.9900,-0.2500
1784799120.073084,2927,4221,8171,7852,162.2800,-0.9400
1784799120.098175,2927,4221,8133,7861,162.2800,-0.9400
1784799120.123294,2927,4287,8199,7880,162.2800,0.3100
1784799120.149072,2927,4296,8180,7852,162.2800,2.5600
1784799120.174426,2927,4221,8180,7852,162.2800,2.5600
1784799120.199432,2927,4259,8264,7824,162.2800,2.5600
1784799120.225055,2927,4174,8264,7880,159.5800,0.9400
1784799120.250247,2927,4146,8227,7908,156.8700,0.6300
1784799120.275445,2927,4146,8227,7889,156.8700,0.6300
1784799120.301132,2927,4109,8321,7964,159.5800,-0.0600
1784799120.326153,2927,4109,8358,7945,159.5800,-0.0600
1784799120.351518,2927,4184,8396,7974,153.8000,-2.0600
1784799120.376562,2927,4128,8386,7974,153.8000,-2.0600
1784799120.402236,2927,4184,8358,7758,156.8700,-1.3100
1784799120.427433,2927,4174,8377,7777,156.8700,-1.3100
1784799120.452484,2927,4174,8274,7748,156.8700,0.4400
1784799120.478482,2927,4184,8246,7795,156.8700,0.4400
1784799120.503483,2927,4287,8236,7795,162.8300,-0.4400
1784799120.528514,2927,4118,8274,7861,162.8300,-0.4400
1784799120.554141,2927,4184,8274,7861,156.8700,0.4400
1784799120.579259,2927,4362,8264,7861,156.8700,0.4400
1784799120.604501,2927,4353,8405,7945,156.4500,-0.3100
1784799120.630141,2927,4278,8471,7983,156.4500,-0.3100
1784799120.655207,2927,4325,8433,8011,154.5500,1.0000
1784799120.680343,2927,4259,8358,7992,154.5500,1.0000
1784799120.706043,2927,4165,8405,7992,151.1400,0.0600
1784799120.731183,2927,3593,8302,7964,151.1400,0.0600
1784799120.756284,2927,4174,8218,7945,157.3100,-0.8800
1784799120.782126,2927,3987,8218,8002,157.3100,-0.8800
1784799120.807831,2927,3977,8208,7936,151.1400,0.8800
1784799120.832526,2927,3884,8171,7927,151.1400,0.8800
1784799120.857561,2927,3931,8189,7936,154.5500,-1.2500
1784799120.883145,2927,4156,8189,7964,154.5500,-1.2500
1784799120.908512,2927,4165,8246,7908,159.1000,-0.1900
1784799120.933558,2927,4184,8218,7936,159.1000,-0.1900
1784799120.959135,2927,4240,8208,7964,157.3100,-0.4400
1784799120.984220,2927,4240,8264,7974,157.3100,-0.4400
1784799121.009346,2927,4165,8283,7945,159.5800,1.5000
1784799121.035147,2927,4240,8283,7955,159.5800,1.5000
1784799121.060218,2927,4212,8302,7974,151.1400,-1.8100
1784799121.085312,2927,4221,8321,7974,151.1400,-1.8100
1784799121.111107,2927,4193,8302,7955,156.8700,1.8800
1784799121.136555,2927,4165,8330,7983,156.8700,1.8800
1784799121.161866,2927,4193,8358,7936,151.4600,-1.4400
1784799121.187183,2927,4184,8386,7927,151.4600,-1.4400
1784799121.212187,2927,4231,8377,7927,151.4600,-0.3700
1784799121.237525,2927,4137,8405,7927,151.4600,-0.3700
1784799121.262612,2927,4174,8386,7974,148.7600,-1.0000
1784799121.288178,2927,4184,8443,7964,148.7600,-1.0000
1784799121.313257,2927,4231,8396,7992,156.8700,0.4400
1784799121.338597,2927,4203,8368,8039,156.8700,0.4400
1784799121.364165,2927,3837,8452,7974,149.0300,-0.6900
1784799121.389276,2927,4296,8490,7974,149.0300,-0.6900
1784799121.414388,2927,4240,8490,7974,153.8000,-0.8800
1784799121.440144,2927,4259,8490,7974,153.8000,-0.8800
1784799121.465548,2927,3827,8499,7974,148.7600,-0.9400
1784799121.490565,2927,3799,8471,7974,148.7600,-0.9400
1784799121.516135,2927,3762,8480,7983,149.0300,-0.3100
1784799121.541222,2927,3433,8508,8011,149.0300,-0.3100
1784799121.566557,2927,3921,8518,8011,143.1900,0.8100
1784799121.592104,2927,3499,8499,8049,143.1900,0.8100
1784799121.617218,2927,3537,8461,8021,146.0500,0.5000
1784799121.642301,2927,3630,8499,8039,146.0500,0.5000
1784799121.667621,2927,3612,8471,8021,143.3500,1.5600
1784799121.693198,2927,3630,8471,7964,143.3500,1.5600
1784799121.718354,2927,3621,8480,7983,145.8400,-0.3700
1784799121.743499,2927,3658,8480,8021,145.8400,-0.3700
1784799121.769203,2927,3687,8480,8039,143.3500,0.6300
1784799121.794582,2927,3687,8480,8030,143.3500,0.6300
1784799121.819610,2927,3743,8471,8049,146.2700,0.4400
1784799121.845212,2927,3818,8508,8030,146.2700,0.4400
1784799121.870587,2927,3790,8518,8039,140.5400,1.6900
1784799121.895589,2927,3799,8508,8058,140.5400,1.6900
1784799121.921156,2927,3780,8536,8067,140.7500,1.5000
1784799121.946301,2927,3827,8536,8105,140.7500,1.5000
1784799121.971411,2927,3827,8621,8105,143.3500,0.1900
1784799121.997160,2927,3809,8546,8086,143.3500,0.1900
1784799122.022253,2927,3940,8546,8096,137.9400,0.6300
1784799122.047355,2927,3996,8546,8105,137.9400,0.6300
1784799122.073123,2927,3977,8565,8114,137.9400,-0.1200
1784799122.098599,2927,4118,8593,8096,137.9400,-0.1200
1784799122.123577,2927,3977,8536,8096,137.9400,2.1900
1784799122.148655,2927,4062,8518,8114,137.9400,2.1900
1784799122.174244,2927,3874,8574,8077,137.8900,-0.6900
1784799122.199591,2270,3893,8640,8096,137.9900,0.9400
1784799122.224627,2308,3912,8640,8067,137.9900,0.9400
1784799122.250207,2317,3902,8602,8086,137.9900,0.9400
1784799122.275419,2298,3893,8621,8096,137.8900,-0.5000
1784799122.300545,2317,3837,8593,8086,143.5100,0.5600
1784799122.326197,2223,3865,8555,8077,143.5100,0.5600
1784799122.351323,2317,3855,8546,8114,132.5800,-0.5000
1784799122.376467,2411,3780,8602,8133,132.5800,-0.5000
1784799122.402257,2364,3743,8508,8114,132.5800,-0.5000
1784799122.427600,2326,3940,8565,8124,143.5100,0.5000
1784799122.452869,2355,3874,8593,8124,140.6400,-0.5000
1784799122.478171,2373,3874,8565,8058,140.6400,-0.5000
1784799122.503284,2364,4024,8508,8124,140.5400,1.1200
1784799122.528768,2364,3837,8536,8096,140.5400,1.1200
1784799122.554132,2326,3715,8565,8077,140.6400,0.3100
1784799122.579252,2298,3715,8565,8152,140.6400,0.3100
1784799122.604363,2251,3752,8640,8152,143.5100,-0.5000
1784799122.629682,2336,3771,8640,8133,143.5100,-0.5000
1784799122.655258,2355,3771,8611,8142,140.6400,-0.9400
1784799122.680343,2345,3734,8621,8199,140.6400,-0.9400
1784799122.705783,2336,3734,8668,8152,135.2300,0.0600
1784799122.731237,2355,3743,8649,8161,135.2300,0.0600
1784799122.756883,2401,3715,8649,8133,137.9400,1.0600
1784799122.781649,2401,3790,8621,8161,137.9400,1.0600
1784799122.807212,2448,3855,8630,8133,140.7500,1.0000
1784799122.832313,2401,3874,8677,8124,140.7500,1.0000
1784799122.857624,2392,3912,8658,8152,135.2300,-0.5000
1784799122.883224,2411,3912,8743,8152,135.2300,-0.5000
1784799122.908308,2401,3884,8771,8124,135.2300,-0.3100
1784799122.933402,2411,3874,9034,8124,135.2300,-0.3100
1784799122.959167,2420,3818,9024,8114,137.9400,0.0000
1784799122.984320,2364,3780,9034,8058,137.9400,0.0000
1784799123.009396,2373,3837,8959,8161,132.5300,0.2500
1784799123.034567,2355,3809,8959,8161,132.5300,0.2500
1784799123.060604,2280,3865,8837,8189,135.2300,0.1900
1784799123.085639,2308,3865,8846,8189,135.2300,0.1900
1784799123.110699,2336,3771,8855,8255,135.2300,0.5600
1784799123.136242,2289,4024,8855,8255,135.2300,0.5600
1784799123.161361,2298,3931,8855,8274,132.5300,-2.3100
1784799123.186646,2364,3931,8780,8293,132.5300,-2.3100
1784799123.212239,2326,3715,8846,8274,127.1200,1.6300
1784799123.237344,2364,3780,8912,8246,127.1200,1.6300
1784799123.262467,2298,3809,8621,8264,127.1200,-0.1200
1784799123.288246,2298,3762,9062,8274,127.1200,-0.1200
1784799123.313327,2392,3705,8396,8255,132.4700,-0.1900
1784799123.338501,2373,3658,8527,8274,132.4700,-0.1900
1784799123.364219,2411,3658,8546,8255,127.2800,1.1900
1784799123.389665,2355,3658,8546,8302,127.2800,1.1900
1784799123.414675,2373,3658,8705,8293,126.9500,-0.5000
1784799123.440181,2392,3658,8705,8302,126.9500,-0.5000
1784799123.465339,2345,3630,8583,8283,129.9300,0.7500
1784799123.490662,2373,3630,8640,8255,129.9300,0.7500
1784799123.515714,2317,3565,8555,8321,129.8300,-0.1900
1784799123.541319,2308,3630,8574,8302,129.8300,-0.1900
1784799123.566422,2251,3574,8499,8339,129.8300,0.1200
1784799123.591553,2289,3574,8480,8339,129.8300,0.1200
1784799123.617279,2289,3612,8490,8283,127.1200,-0.3100
1784799123.642374,2280,3621,8490,8368,127.1200,-0.3100
1784799123.667512,2298,3705,8490,8255,129.8300,0.0000
1784799123.693291,2289,3668,8386,8330,129.8300,0.0000
1784799123.718640,2298,3809,8386,8311,127.1200,-0.6300
1784799123.743653,2280,3780,8386,8321,127.1200,-0.6300
1784799123.769248,2270,3734,8884,8293,124.4200,-0.3700
1784799123.794420,2326,3762,8846,8236,124.4200,-0.3700
1784799123.819720,2298,3734,8415,8283,124.4200,-0.1900
1784799123.845210,2289,3687,8452,8264,124.4200,-0.1900
1784799123.870327,2298,3687,8855,8302,119.0100,-1.5000
1784799123.895425,2251,3771,8837,8283,119.0100,-1.5000
1784799123.921224,2289,3790,8949,8246,121.7100,1.0000
1784799123.946326,2289,3724,8921,8321,121.7100,1.0000
1784799123.971437,2289,3715,8874,8246,119.0100,-1.5600
1784799123.996746,2289,3837,9052,8321,119.0100,-1.5600
1784799124.022441,2289,3752,9034,8302,119.0100,0.6300
1784799124.047707,2289,3884,9127,8283,119.0100,0.6300
1784799124.072960,2289,3809,9127,8283,127.1200,-0.4400
1784799124.098292,2289,3968,9043,8283,127.1200,-0.4400
1784799124.123384,2289,3884,9043,8283,124.4200,0.1200
1784799124.148739,2289,3715,9081,8311,121.7100,0.4400
1784799124.174356,2289,3865,9062,8330,121.7100,0.4400
1784799124.199385,2289,3846,9109,8311,121.7100,0.4400
1784799124.224486,2289,3827,9052,8293,119.0100,-1.1200
1784799124.250307,2289,3884,9127,8293,116.6700,-1.4400
1784799124.275375,2289,3827,9127,8311,116.6700,-1.4400
1784799124.300722,2289,3743,9090,8377,124.1900,0.6900
1784799124.326234,2289,3771,9156,8339,124.1900,0.6900
1784799124.351344,2289,3874,9137,8339,124.1900,0.6900
1784799124.376726,2289,3818,9109,8311,116.3000,-0.8800
1784799124.401765,2289,3855,9184,8349,121.9800,0.1900
1784799124.427329,2289,3752,9184,8424,121.9800,0.1900
1784799124.452429,2289,3855,9109,8368,119.0100,-0.1900
1784799124.477771,2289,3865,9174,8311,119.0100,-0.1900
1784799124.503421,2289,3809,9174,8386,121.4400,-0.8100
1784799124.528417,2289,3912,9202,8377,121.4400,-0.8100
1784799124.553611,2289,3912,9278,8386,119.0100,-0.4400
1784799124.579310,2289,3865,9156,8349,119.0100,-0.4400
1784799124.604469,2289,3780,9221,8396,116.6700,-0.7500
1784799124.629712,2289,3780,9221,8396,116.6700,-0.7500
1784799124.655308,2289,3743,9231,8311,118.6800,-0.6900
1784799124.680395,2289,3818,9231,8377,118.6800,-0.6900
1784799124.705744,2289,3762,9259,8368,114.0200,-1.0000
1784799124.731261,2289,3583,9259,8396,114.0200,-1.0000
1784799124.756391,2289,3621,9259,8368,113.6000,0.4400
1784799124.781708,2289,3630,9306,8377,113.6000,0.4400
1784799124.807254,2289,3499,9278,8386,115.9200,-1.0600
1784799124.832397,2289,3499,9296,8339,115.9200,-1.0600
1784799124.857464,2289,3537,8959,8386,110.8900,0.2500
1784799124.882627,2289,3537,9334,8396,110.8900,0.2500
1784799124.908387,2289,3480,9109,8330,113.6000,0.1900
1784799124.933742,2289,3480,9353,8358,113.6000,0.1900
1784799124.958748,2289,3480,9099,8246,111.3700,-0.3700
1784799124.984389,2289,3452,9099,8246,111.3700,-0.3700
1784799125.009430,2289,3490,9099,8180,108.1900,-0.3100
1784799125.034744,2289,3518,8696,8227,108.1900,-0.3100
1784799125.060368,2289,3518,8921,8227,110.4000,-0.5000
1784799125.085409,2289,3452,9231,8255,110.4000,-0.5000
1784799125.110520,2289,3443,8865,8246,106.0700,-0.3100
1784799125.136285,2289,3499,9015,8330,106.0700,-0.3100
1784799125.161411,2289,3546,9296,8293,108.1900,2.1300
1784799125.186541,2289,3630,9362,8330,108.1900,2.1300
1784799125.212270,2289,3574,9409,8330,110.8900,-1.1200
1784799125.237848,2289,3574,9259,8302,110.8900,-1.1200
1784799125.262720,2289,3602,9362,8396,105.4800,0.5600
1784799125.287877,2289,3668,9362,8330,105.4800,0.5600
1784799125.313410,2289,3630,9324,8386,102.7800,-0.6300
1784799125.338792,2289,3677,9409,8368,102.7800,-0.6300
1784799125.363828,2289,3640,9268,8377,108.1900,1.1900
1784799125.389385,2289,3734,9268,8377,108.1900,1.1900
1784799125.414509,2289,3621,9259,8377,104.8800,1.5000
1784799125.439617,2289,3640,9231,8368,104.8800,1.5000
1784799125.465351,2289,3640,9231,8386,106.0700,0.5000
1784799125.490471,2289,3696,9231,8433,106.0700,0.5000
1784799125.515568,2289,3630,9137,8452,110.4000,-0.1200
1784799125.541340,2289,3630,9081,8433,110.4000,-0.1200
1784799125.566780,2289,3668,9156,8490,103.4100,-0.5600
1784799125.591775,2289,3593,9137,8518,103.4100,-0.5600
1784799125.617337,2289,3668,9137,8527,108.1900,1.0000
1784799125.642441,2289,3593,9099,8443,108.1900,1.0000
1784799125.667779,2289,3593,9099,8546,104.8800,-0.1900
1784799125.692837,2289,3649,9071,8480,104.8800,-0.1900
1784799125.718416,2289,3593,9071,8583,105.4800,0.1200
1784799125.743664,2289,3583,9081,8743,105.4800,0.1200
1784799125.768828,2289,3583,8996,8724,103.4100,-0.5600
1784799125.794400,2289,3565,9034,8818,103.4100,-0.5600
1784799125.819494,2289,3555,8959,8724,105.4800,-0.1900
1784799125.844683,2289,3518,8893,8630,105.4800,-0.1900
1784799125.870398,2289,3602,8912,8959,104.8800,-0.0600
1784799125.895931,2289,3612,8987,8940,104.8800,-0.0600
1784799125.920809,2289,3658,8940,8846,103.4100,0.0000
1784799125.946375,2289,3752,8996,8499,103.4100,0.0000
1784799125.971468,2289,3677,9034,8424,108.1900,0.6300
1784799125.996805,2289,3734,8949,8443,108.1900,0.6300
1784799126.022358,2289,3696,8921,8396,110.8900,0.1200
1784799126.047466,2289,3790,8865,8415,110.8900,0.1200
1784799126.072627,2289,3705,8893,8415,105.4800,1.1200
1784799126.098333,2289,3743,8930,8405,105.4800,0.0000
1784799126.123489,2289,3743,8874,8405,105.4800,0.0000
1784799126.148551,2289,3668,8884,8452,105.4800,0.0000
1784799126.173870,2289,3658,8902,8452,105.4800,0.0000
1784799126.199423,2289,3715,8949,8433,105.4800,0.0000
1784799126.224816,2289,3696,8921,8424,105.4800,0.0000
1784799126.249856,2289,3696,8996,8471,105.4800,0.0000
1784799126.275431,2289,3630,8949,8471,105.4800,0.0000
1784799126.300519,2289,3687,9062,8499,105.4800,0.0000
1784799126.325835,2289,3583,8977,8518,105.4800,0.0000
1784799126.351403,2289,3574,8912,8536,105.4800,0.0000
1784799126.376495,2289,3630,8921,8611,105.4800,0.0000
1784799126.401618,2289,3640,8818,8508,105.4800,0.0000
1784799126.427397,2289,3621,8930,8499,105.4800,0.0000
1784799126.452486,2289,3658,8846,8471,105.4800,0.0000
1784799126.477593,2289,3593,8893,8555,105.4800,0.0000
1784799126.503374,2289,3574,8837,8508,16.9500,0.8100
1784799126.528839,2289,3537,8884,8536,16.9500,0.8100
1784799126.553857,2289,3452,8893,8527,5.4100,8.6900
1784799126.578983,2289,3546,8912,8508,5.4100,8.6900
1784799126.604537,2289,3386,8865,8508,10.8200,12.9400
1784799126.629601,2289,3762,8912,8452,10.8200,12.9400
1784799126.654892,2289,3330,8977,8405,2.7000,12.8800
1784799126.680459,2289,3743,8949,8490,2.7000,12.8800
1784799126.705533,2289,3724,8968,8452,8.1100,15.3100
1784799126.730687,2289,3396,9024,8433,8.1100,15.3100
1784799126.756737,2289,3433,8977,8499,0.0000,13.2500
1784799126.781558,2289,3977,9099,8536,0.0000,13.2500
1784799126.807051,2289,3846,9306,8574,-2.7000,14.5000
1784799126.832417,2289,3593,9437,8499,-2.7000,14.5000
1784799126.857863,2289,3593,8846,8518,-5.4100,14.4400
1784799126.882867,2289,3687,8949,8490,-5.4100,14.4400
1784799126.908406,2289,3612,8884,8452,-8.1100,11.9400
1784799126.933527,2289,3752,8846,8461,-8.1100,11.9400
1784799126.958851,2289,3799,8846,8480,0.0000,14.7500
1784799126.984382,2289,3818,8902,8565,0.0000,14.7500
1784799127.009478,2289,3931,9015,8574,-8.1100,14.2500
1784799127.034591,2289,3874,9005,8480,-8.1100,14.2500
1784799127.059766,2289,3855,9221,8433,0.0000,14.6900
1784799127.085474,2289,3874,9156,8433,0.0000,14.6900
1784799127.110595,2289,3902,9184,8433,0.0000,10.3800
1784799127.135937,2289,3837,9137,8508,0.0000,10.3800
1784799127.161451,2289,3809,9137,8508,-2.7000,11.0000
1784799127.186898,2289,3799,9090,8377,-2.7000,11.0000
1784799127.211898,2289,3809,9109,8433,2.7000,6.8100
1784799127.237501,2289,3705,9015,8433,2.7000,6.8100
1784799127.262565,2289,3734,9034,8443,-2.7000,10.5000
1784799127.287904,2289,3724,8977,8368,-2.7000,10.5000
1784799127.313433,2289,3762,8893,8386,2.7000,8.3800
1784799127.338533,2289,3752,8921,8339,2.7000,8.3800
1784799127.363631,2289,3752,8808,8377,-5.4100,7.7500
1784799127.389428,2289,3809,8762,8386,-5.4100,7.7500
1784799127.414542,2289,3724,8790,8415,0.0000,5.0000
1784799127.439664,2289,3809,8752,8480,0.0000,5.0000
1784799127.464960,2289,3931,8752,8555,0.0000,5.2500
1784799127.490515,2289,3996,8799,8658,0.0000,3.7500
1784799127.515845,2289,3996,8799,8940,0.0000,3.7500
1784799127.540935,2289,3959,8780,8743,0.0000,3.7500
1784799127.566493,2289,3940,8790,8499,-2.7000,4.4400
1784799127.591601,2289,3959,8790,8968,-2.7000,4.4400
1784799127.616914,2289,3940,8818,9024,-2.7000,4.5600
1784799127.642476,2289,3959,8884,9090,-2.7000,5.6900
1784799127.667591,2289,3949,8874,8330,-2.7000,5.6900
1784799127.692679,2289,3959,8837,8330,-2.7000,5.6900
1784799127.718523,2289,3912,8921,8311,-5.4100,2.4400
1784799127.743812,2289,3940,8902,8321,-2.7000,2.8100
1784799127.768868,2289,3912,8930,8349,-2.7000,2.8100
1784799127.794451,2289,3949,8921,8396,-2.7000,4.7500
1784799127.819560,2289,3977,8940,8396,-2.7000,4.7500
1784799127.845187,2289,3977,8930,8415,0.0000,4.4400
1784799127.870413,2289,4006,8959,8415,0.0000,4.4400
1784799127.895532,2289,4006,8968,8461,0.0000,4.4400
1784799127.920623,2289,3949,8968,8527,0.0000,4.4400
1784799127.945865,2289,3912,8968,8499,0.0000,4.4400
1784799127.971527,2289,3996,8930,8508,0.0000,4.4400
1784799127.996617,2289,3893,9005,8508,0.0000,4.4400
1784799128.021709,2289,3921,8921,8527,0.0000,4.4400
1784799128.047509,2289,3865,8930,8480,0.0000,4.4400
1784799128.072870,2289,3790,8930,8499,0.0000,4.4400
1784799128.097926,2289,3846,8959,8508,0.0000,4.4400
1784799128.123489,2289,3780,8930,8508,0.0000,4.4400
1784799128.148889,2289,3799,8930,8527,0.0000,4.4400
1784799128.173880,2289,3790,8977,8518,0.0000,4.4400
1784799128.199449,2289,3724,8912,8518,0.0000,4.4400
1784799128.224570,2101,3771,8921,8518,4.1200,1.1200
1784799128.249657,2148,3762,8940,8508,4.1200,1.1200
1784799128.275501,2139,3743,8949,8546,80.0400,3.8800
1784799128.300551,2139,3715,8921,8527,92.8100,-4.8800
1784799128.325637,2120,3696,8912,8499,92.8100,-4.8800
1784799128.350777,2139,3734,8940,8499,92.8100,-4.8800
1784799128.376547,2129,3734,8949,8527,102.7800,-1.3700
1784799128.401910,2129,3743,8874,8499,102.7800,-1.3700
1784799128.426906,2139,3762,8874,8499,121.4400,-6.1900
1784799128.452528,2176,3724,8846,8461,110.8900,1.8800
1784799128.477915,2111,3696,8930,8546,110.8900,1.8800
1784799128.502923,2139,3790,8912,8583,110.8900,1.8800
1784799128.528513,2214,3771,8912,8518,106.0700,-2.1900
1784799128.553613,2204,3790,8827,8583,115.9200,0.1200
1784799128.578730,2195,3724,8762,8527,115.9200,0.1200
1784799128.604515,2139,3893,8790,8527,110.8900,0.7500
1784799128.629600,2158,3855,8752,8527,110.8900,0.7500
1784799128.654952,2186,3837,8687,8508,119.3200,-0.6900
1784799128.680466,2223,3874,8724,8518,119.3200,-0.6900
1784799128.705713,2176,3884,8696,8518,124.4200,1.3100
1784799128.730917,2176,3855,8630,8508,124.4200,1.3100
1784799128.756076,2148,3837,8733,8480,132.5300,1.3100
1784799128.781569,2214,3902,8696,8471,132.5300,1.3100
1784799128.806890,2167,3855,8705,8546,135.2300,-0.2500
1784799128.831913,2186,3893,8743,8480,135.2300,-0.2500
1784799128.857543,2251,4062,8649,8490,140.6400,1.2500
1784799128.882693,2186,3893,8649,8518,140.6400,1.2500
1784799128.907900,2308,3893,8668,8518,143.3500,-1.7500
1784799128.933521,2223,3949,8668,8518,143.3500,-1.7500
1784799128.958659,2261,3827,8930,8518,143.1900,-0.2500
1784799128.983897,2233,3893,8865,8555,143.1900,-0.2500
1784799129.009527,2280,3912,8865,8536,151.7900,1.9400
1784799129.034606,2214,3940,9005,8546,151.7900,1.9400
1784799129.059888,2204,3893,9062,8546,151.1400,2.3100
1784799129.084900,2280,3874,9015,8574,151.1400,2.3100
1784799129.110584,2280,3968,8959,8555,157.3100,-0.9400
1784799129.135943,2261,3902,8930,8565,157.3100,-0.9400
1784799129.160939,2280,3931,8846,8555,159.5800,1.1200
1784799129.186590,2270,3893,8884,8574,159.5800,1.1200
1784799129.211719,2270,3921,8902,8574,159.1000,-1.5600
1784799129.236924,2251,3912,8902,8583,159.1000,-1.5600
1784799129.262565,2223,3921,8799,8611,162.2800,-1.6300
1784799129.287667,2186,3921,8799,8518,162.2800,-1.6300
1784799129.312767,2186,3921,8818,8518,167.6900,-0.3700
1784799129.338581,2298,3912,8780,8518,167.6900,-0.3700
1784799129.363663,2355,3884,8893,8443,173.1000,0.1200
1784799129.388949,2336,3583,8893,8415,173.1000,0.1200
1784799129.414533,2345,3302,8818,8499,179.3900,-0.9400
1784799129.439652,2345,3246,8949,8490,179.3900,-0.9400
1784799129.464936,2345,3255,8949,8518,177.6600,0.8100
1784799129.490503,2392,3546,9193,8452,177.6600,0.8100
1784799129.515613,2383,3227,8940,8461,183.9200,0.7500
1784799129.540725,2439,3902,8855,8499,183.9200,0.7500
1784799129.565939,2392,3884,8837,8508,183.9200,2.2500
1784799129.591604,2439,3809,8846,8471,183.9200,2.2500
1784799129.616695,2439,3780,8808,8480,189.3300,0.4400
1784799129.641820,2430,3818,8855,8461,189.3300,0.4400
1784799129.667607,2439,3799,8771,8480,197.4400,0.8100
1784799129.692991,2420,3837,8884,8480,197.4400,0.8100
1784799129.717962,2420,3480,8884,8471,198.7100,-0.3100
1784799129.743582,2467,3743,8902,8499,198.7100,-0.3100
1784799129.768694,2430,3752,8902,8471,193.5700,0.0600
1784799129.794030,2420,3780,8855,8518,193.5700,0.0600
1784799129.819569,2401,3780,8855,8536,197.4400,-0.4400
1784799129.844668,2401,3752,8771,8518,197.4400,-0.4400
1784799129.869778,2373,3696,8630,8499,197.4400,-0.0600
1784799129.895576,2373,3677,8968,8565,197.4400,-0.0600
1784799129.920680,2373,3724,8865,8527,200.1500,0.3100
1784799129.945754,2373,3640,8865,8546,200.1500,0.3100
1784799129.971522,2373,3630,8771,8565,194.7400,1.4400
1784799129.996996,2373,3621,8827,8593,194.7400,1.4400
1784799130.021950,2373,3630,8893,8677,197.4400,1.8800
1784799130.047000,2373,3677,8893,8640,197.4400,1.8800
1784799130.072658,2373,3583,8827,8724,197.4400,-1.6300
1784799130.098002,2373,3555,8930,8677,197.4400,-1.6300
1784799130.123005,2373,3612,8893,8687,192.0300,0.8100
1784799130.148629,2373,3696,8930,8658,192.0300,0.8100
1784799130.173720,2373,3771,8930,8658,197.4400,-0.5000
1784799130.199009,2373,3677,8959,8687,197.4400,-0.5000
1784799130.224603,2373,3696,8949,8668,194.7400,0.0600
1784799130.249722,2373,3621,8959,8687,194.7400,0.0600
1784799130.274837,2373,3658,8996,8611,205.5600,-0.0600
1784799130.300588,2373,3612,8968,8677,205.5600,-0.0600
1784799130.326027,2373,3565,8949,8630,197.4400,0.3700
1784799130.351011,2373,3565,8940,8658,197.4400,0.3700
1784799130.376556,2373,3518,8949,8621,200.1500,1.7500
1784799130.401692,2373,3527,8968,8621,200.1500,0.8100
1784799130.427060,2373,3461,8940,8602,200.1500,0.8100
1784799130.452011,2373,3527,8893,8640,200.1500,0.8100
1784799130.477785,2373,3433,8855,8593,200.1500,-0.5000
1784799130.502762,2373,3537,8837,8593,202.8500,-0.1200
1784799130.527993,2373,3471,8884,8602,202.8500,-0.1200
1784799130.553653,2373,3461,8846,8649,200.1500,-1.8100
1784799130.578785,2373,3443,8884,8611,200.1500,-1.8100
1784799130.603899,2373,3443,8846,8611,200.1500,-1.8100
1784799130.629638,2373,3358,8855,8565,202.8500,1.9400
1784799130.655385,2373,3396,8846,8574,197.4400,-1.0600
1784799130.679997,2373,3424,8808,8593,197.4400,-1.0600
1784799130.705743,2373,3349,8818,8565,205.5600,1.8100
1784799130.730736,2373,3340,8808,8649,205.5600,1.8100
1784799130.756003,2373,3293,8799,8677,200.1500,0.3700
1784799130.781634,2373,3358,8780,8658,200.1500,0.3700
1784799130.806712,2373,3293,8762,8621,200.1500,-0.2500
1784799130.831839,2373,3302,8780,8583,200.1500,-0.2500
1784799130.857566,2373,3264,8790,8640,200.1500,0.5600
1784799130.882685,2373,3311,8790,8658,200.1500,0.5600
1784799130.907798,2373,3236,8715,8621,200.1500,0.1900
1784799130.932925,2373,3424,8733,8668,200.1500,0.1900
1784799130.958690,2373,3255,8743,8640,197.4400,-0.5000
1784799130.984038,2373,3311,8705,8640,197.4400,-0.5000
1784799131.009024,2373,3311,8752,8640,197.4400,0.9400
1784799131.034663,2373,3340,8733,8640,197.4400,0.9400
1784799131.059767,2373,3396,8733,8611,202.8500,1.6300
1784799131.085039,2373,3293,8780,8658,202.8500,1.6300
1784799131.110643,2373,3293,8827,8611,200.1500,-0.1200
1784799131.135750,2373,3321,8771,8621,200.1500,-0.1200
1784799131.160836,2373,3340,8780,8583,200.1500,0.6300
1784799131.186650,2373,3340,8771,8611,200.1500,0.6300
1784799131.211733,2373,3471,8790,8611,194.7400,-0.2500
1784799131.236834,2373,3461,8743,8461,194.7400,-0.2500
1784799131.262630,2373,3452,8762,8480,200.1500,1.7500
1784799131.288040,2373,3490,8771,8658,200.1500,1.7500
1784799131.313163,2373,3527,8762,8668,202.8500,-1.1900
1784799131.338132,2373,3452,8743,8593,202.8500,-1.1900
1784799131.363696,2373,3546,8780,8668,200.1500,1.6900
1784799131.389076,2373,3518,8780,8630,200.1500,1.6900
1784799131.414042,2373,3546,8762,8705,200.1500,-1.8100
1784799131.439680,2373,3433,8827,8696,200.1500,-1.8100
1784799131.464778,2373,3368,8855,8733,200.1500,-1.0600
1784799131.489883,2373,3386,8987,8668,200.1500,-1.0600
1784799131.515708,2373,3349,8977,8649,197.4400,0.3700
1784799131.540783,2373,3311,9034,8649,197.4400,0.3700
1784799131.565880,2373,3321,9202,8762,202.8500,-0.3100
1784799131.591672,2373,3302,8583,8762,202.8500,-0.3100
1784799131.617071,2373,3349,8630,8724,197.4400,-0.3100
1784799131.642108,2373,3396,8668,8715,197.4400,-0.3100
1784799131.667608,2373,3340,8668,8677,197.4400,1.0000
1784799131.692747,2373,3340,8565,8705,197.4400,1.0000
1784799131.718061,2373,3340,8621,8724,196.2200,0.5000
1784799131.743086,2373,3349,9174,8827,196.2200,0.5000
1784799131.768749,2373,3386,9071,8799,194.7400,2.2500
1784799131.793823,2373,3368,9081,8780,194.7400,2.2500
1784799131.818969,2373,3368,9090,8799,198.7100,2.3800
1784799131.844719,2373,3424,9315,8649,198.7100,2.3800
1784799131.869823,2373,3302,9268,8583,193.5700,-1.7500
1784799131.895092,2373,3377,9127,8649,193.5700,-1.7500
1784799131.920686,2373,3396,9052,8668,192.0300,1.7500
1784799131.946077,2373,3358,9081,8696,192.0300,1.7500
1784799131.971099,2373,3321,9081,8668,197.4400,-1.1900
1784799131.996688,2373,3293,8846,8724,197.4400,-1.1900
1784799132.021792,2373,3396,8818,8743,192.0300,0.3700
1784799132.047148,2373,3283,8818,8715,192.0300,0.3700
1784799132.072673,2373,3264,8790,8677,194.7400,0.5000
1784799132.097784,2373,3368,8762,8733,194.7400,0.5000
1784799132.122883,2373,3302,8752,8733,195.9500,-0.8800
1784799132.148643,2373,3293,8771,8743,195.9500,-0.8800
1784799132.173760,2373,3311,8780,8771,190.9200,-0.3100
1784799132.198877,2373,3405,8780,8762,190.9200,-0.3100
1784799132.224081,2373,3368,8818,8677,194.7400,-1.0000
1784799132.249737,2373,3311,8818,8630,194.7400,-1.0000
1784799132.275087,2373,3274,8733,8677,194.7400,0.2500
1784799132.300104,2373,3246,8818,8696,194.7400,0.2500
1784799132.325723,2373,3114,8808,8687,192.0300,0.3100
1784799132.350835,2373,3114,8771,8687,197.4400,-1.6900
1784799132.376107,2373,3114,8715,8687,197.4400,-1.6900
1784799132.401711,2373,3067,8790,8611,197.4400,-1.6900
1784799132.426796,2373,3133,8743,8611,197.4400,-1.8100
1784799132.451915,2373,3152,8790,8621,197.4400,-1.8100
1784799132.477694,2373,3124,8790,8621,200.1500,1.5000
1784799132.502808,2373,3143,8715,8621,194.7400,-2.0000
1784799132.528098,2373,3124,8715,8715,194.7400,-2.0000
1784799132.553691,2373,3067,8837,8715,194.7400,-2.0000
1784799132.578794,2373,3067,8733,8696,197.4400,0.6300
1784799132.604112,2373,3058,8977,8696,200.1500,-0.8100
1784799132.629090,2373,3049,8977,8696,200.1500,-0.8100
1784799132.654993,2373,2983,9043,8705,202.8500,-0.6900
1784799132.679897,2373,3077,9081,8724,202.8500,-0.6900
1784799132.705299,2373,3011,9146,8733,197.4400,0.3100
1784799132.730761,2373,3030,9034,8724,197.4400,0.3100
1784799132.755969,2373,3002,9071,8733,200.1500,-0.5600
1784799132.780943,2373,3002,9081,8705,200.1500,-0.5600
1784799132.806763,2373,2983,9146,8724,202.8500,1.0000
1784799132.832111,2373,3030,9146,8771,202.8500,1.0000
1784799132.857092,2373,2908,9146,8837,194.7400,0.0600
1784799132.882729,2373,3058,8452,8837,194.7400,0.0600
1784799132.907829,2373,3011,8461,8771,197.4400,0.6300
1784799132.933106,2373,3030,8415,8808,197.4400,0.6300
1784799132.958718,2373,3011,8565,8696,200.1500,0.1200
1784799132.983809,2373,3002,8565,8696,200.1500,0.1200
1784799133.008919,2373,3002,8621,8696,197.4400,-0.6300
1784799133.034706,2373,3039,8555,8555,197.4400,-0.6300
1784799133.059791,2373,2964,8555,8555,197.4400,-0.2500
1784799133.084905,2373,2964,8808,8621,197.4400,-0.2500
1784799133.110014,2373,2955,8827,8621,202.8500,-0.9400
1784799133.135805,2373,2992,9184,8621,202.8500,-0.9400
1784799133.161143,2373,2955,8855,8733,196.2200,0.5000
1784799133.186149,2373,2917,8827,8884,196.2200,0.5000
1784799133.211774,2373,2917,8912,8930,200.1500,-0.4400
1784799133.237168,2373,2964,10281,8921,200.1500,-0.4400
1784799133.262160,2373,2908,8621,8630,198.7100,-0.3100
1784799133.287763,2373,2946,8687,8630,198.7100,-0.3100
1784799133.312971,2373,2927,8705,8583,196.2200,-0.6900
1784799133.337966,2373,2889,8752,8621,196.2200,-0.6900
1784799133.363762,2373,2974,8762,8593,201.4700,0.8100
1784799133.388865,2373,2936,8630,8818,201.4700,0.8100
1784799133.413985,2373,2964,8630,9015,200.1500,-0.5600
1784799133.440205,2373,2927,8677,8902,200.1500,-0.5600
1784799133.464852,2373,2964,8696,8855,202.8500,-0.9400
1784799133.490142,2373,2955,8724,8790,202.8500,-0.9400
1784799133.515130,2373,2964,8724,8790,200.1500,-1.4400
1784799133.540810,2373,2899,8705,8790,200.1500,-1.4400
1784799133.566141,2373,2917,8715,8846,198.8700,-2.3100
1784799133.591157,2373,2908,8715,8827,198.8700,-2.3100
1784799133.616803,2373,2880,8658,8808,208.2600,-1.5000
1784799133.641902,2373,2880,8658,8827,208.2600,-1.5000
1784799133.667151,2373,2861,8668,8771,200.1500,0.6300
1784799133.692791,2373,2927,8677,8846,200.1500,0.6300
1784799133.717893,2373,2824,8658,8846,200.1500,0.3700
1784799133.742997,2373,2833,8677,8790,200.1500,0.3700
1784799133.768775,2373,2870,8583,8855,200.1500,0.6900
1784799133.794168,2373,2824,8555,8818,200.1500,0.6900
1784799133.819180,2373,2805,8555,8846,202.8500,2.2500
1784799133.844769,2373,2861,8555,8846,202.8500,2.2500
1784799133.869874,2373,2908,8555,8846,197.4400,-0.7500
1784799133.895197,2373,2852,8640,8930,197.4400,-0.7500
1784799133.920727,2373,2786,8658,8893,200.1500,1.3700
1784799133.945845,2373,2833,8649,8959,200.1500,1.3700
1784799133.971151,2373,2833,8611,8949,204.2300,0.4400
1784799133.996289,2373,2833,8621,8912,204.2300,0.4400
1784799134.021844,2373,2814,8583,8893,196.2200,-0.1900
1784799134.046939,2373,2795,8583,8893,196.2200,-0.1900
1784799134.072088,2373,2777,8649,8893,198.7100,0.2500
1784799134.098238,2373,2814,8621,8921,198.7100,0.2500
1784799134.123234,2373,2777,8546,8921,194.7400,-0.2500
1784799134.148294,2373,2758,8565,8930,194.7400,-0.2500
1784799134.173823,2373,2814,8602,8930,193.5700,-1.4400
1784799134.198983,2373,2786,8621,8771,193.5700,-1.4400
1784799134.224254,2373,2899,8621,8771,194.7400,0.7500
1784799134.249812,2373,2908,8846,8780,194.7400,0.7500
1784799134.274925,2373,2767,8959,8696,202.8500,-0.3100
1784799134.300005,2373,2917,8968,8696,202.8500,-0.3100
1784799134.325797,2373,2805,9015,8696,192.0300,-0.8800
1784799134.350886,2373,2917,8959,8696,192.0300,-0.8800
1784799134.375981,2373,2805,8968,8724,202.8500,-0.3100
1784799134.401313,2373,2805,8959,8705,202.8500,-0.3100
1784799134.427250,2373,2749,8949,8705,198.7100,-0.1200
1784799134.452266,2373,2833,8959,8705,190.9200,1.0600
1784799134.477306,2373,2833,8959,8705,190.9200,1.0600
1784799134.502856,2373,2777,8940,8715,190.9200,1.0600
1784799134.528004,2373,2758,8977,8715,198.7100,1.6900
1784799134.553267,2373,2767,8940,8715,194.7400,0.0000
1784799134.578852,2373,2758,8968,8715,194.7400,0.0000
1784799134.603953,2373,2777,9005,8715,194.7400,0.0000
1784799134.629080,2373,2730,8940,8940,196.2200,-1.6300
1784799134.654874,2373,2749,8715,8987,204.2300,-0.7500
1784799134.679944,2373,2739,8715,8987,204.2300,-0.7500
1784799134.705059,2373,2720,8565,9005,196.2200,0.6300
1784799134.730817,2373,2777,8583,9015,196.2200,0.6300
1784799134.756331,2373,2758,8527,9015,204.2300,-1.0000
1784799134.781291,2373,2749,8480,8912,204.2300,-1.0000
1784799134.806822,2373,2720,8536,8959,196.2200,-0.6900
1784799134.831902,2373,2720,8433,8996,196.2200,-0.6900
1784799134.857261,2373,2692,8443,9024,197.4400,3.1300
1784799134.882395,3405,2711,8461,9052,197.4400,3.1300
1784799134.907917,3349,2645,8386,8996,200.1500,0.1200
1784799134.932997,3293,2739,8780,9043,200.1500,0.1200
1784799134.958165,3227,2720,8433,9052,198.7100,0.5000
1784799134.983931,3208,2749,9071,9052,198.7100,0.5000
1784799135.009011,3152,2730,8921,9390,196.2200,0.0600
1784799135.034302,3264,2758,8818,9390,196.2200,0.0600
1784799135.059866,3283,2749,8658,9390,200.1500,-1.2500
1784799135.085292,3264,2692,8733,9390,200.1500,-1.2500
1784799135.110310,3311,2702,8733,8818,197.4400,-1.0000
1784799135.135857,3340,2739,8527,8827,197.4400,-1.0000
1784799135.160965,3293,2617,8490,8827,194.7400,1.2500
1784799135.186274,3264,2664,8452,8827,194.7400,1.2500
1784799135.211847,3499,2824,9306,8780,197.4400,-1.3700
1784799135.236976,3593,2730,8930,8621,197.4400,-1.3700
1784799135.262034,3630,2702,8865,8583,197.4400,2.6300
1784799135.287817,3264,2692,8762,8583,197.4400,2.6300
1784799135.312917,3302,2805,8771,8565,197.4400,0.5000
1784799135.338441,3302,2833,8780,8565,197.4400,0.5000
1784799135.363238,3180,2805,8677,8593,197.4400,1.1200
1784799135.388907,3246,2795,8602,8780,197.4400,1.1200
1784799135.414265,3171,2842,8574,8518,200.1500,-0.2500
1784799135.439260,3236,2786,8574,8536,200.1500,-0.2500
1784799135.464913,3161,2899,8630,8536,197.4400,1.1900
1784799135.489991,3143,3105,8668,8536,197.4400,1.1900
1784799135.515279,3208,2664,8668,8536,202.8500,-0.2500
1784799135.540881,3189,2636,8640,8536,202.8500,-0.2500
1784799135.566010,3189,3114,8658,8696,200.1500,-1.6300
1784799135.591110,3161,2749,8677,8846,200.1500,-1.6300
1784799135.616879,3189,3002,8658,8940,200.1500,0.0600
1784799135.641973,3246,2270,8705,8799,200.1500,0.0600
1784799135.667294,3255,2936,8705,8696,200.1500,0.2500
1784799135.692846,3321,2917,8724,8658,200.1500,0.2500
1784799135.717954,3218,2908,8593,8837,197.4400,-2.0600
1784799135.743280,3180,2861,8546,8818,197.4400,-2.0600
1784799135.768832,3246,2870,8424,8818,197.4400,-0.5000
1784799135.793944,3246,2955,8396,8874,197.4400,-0.5000
1784799135.819068,3274,2814,8330,8884,200.1500,-1.8800
1784799135.844300,3358,2870,8302,8865,200.1500,-1.8800
1784799135.869931,3358,2880,8396,8893,196.2200,0.8800
1784799135.895053,3349,2852,8471,8902,196.2200,0.8800
1784799135.920150,3424,2889,8518,8930,200.1500,1.0000
1784799135.945922,3452,2861,8565,8902,200.1500,1.0000
1784799135.971300,3443,2870,8555,8902,201.4700,0.8100
1784799135.996302,3499,2899,8555,8893,201.4700,0.8100
1784799136.021904,3518,2852,8555,8893,200.1500,0.7500
1784799136.047313,3499,2852,8565,8930,200.1500,0.7500
1784799136.072302,3396,2880,8555,8968,193.5700,0.7500
1784799136.097897,3424,2824,8527,8977,193.5700,0.7500
1784799136.122999,3443,2880,8527,8987,198.7100,-0.2500
1784799136.148080,3424,2833,8593,9043,198.7100,-0.2500
1784799136.174112,3443,2861,8499,8996,200.1500,-0.6900
1784799136.199007,3452,2786,8499,8996,200.1500,-0.6900
1784799136.224075,3527,2946,8583,8912,196.2200,0.1900
1784799136.249207,3480,3002,8602,8865,196.2200,0.1900
1784799136.275321,3433,2720,8480,8949,201.4700,-0.5600
1784799136.300301,3433,2720,8480,8949,201.4700,-0.5600
1784799136.325308,3433,2655,8480,9034,200.1500,-1.4400
1784799136.350949,3433,2852,8274,9043,200.1500,-1.4400
1784799136.376370,3433,2702,8330,9043,196.2200,0.9400
1784799136.401321,3433,2824,8330,9052,196.2200,0.9400
1784799136.426928,3433,2692,8386,9071,205.5600,1.3100
1784799136.452035,3433,2795,8377,9062,205.5600,1.3100
1784799136.477130,3433,2636,8443,9015,198.7100,0.6300
1784799136.502928,3433,2702,8443,9015,200.1500,-0.4400
1784799136.528024,3433,2749,8452,9005,200.1500,-0.4400
1784799136.553119,3433,2655,8452,9005,200.1500,-0.4400
1784799136.578922,3433,2786,8452,9005,202.8500,-0.3700
1784799136.604501,3433,2852,8452,9005,200.1500,-2.8100
1784799136.629325,3433,2795,8752,8996,200.1500,-2.8100
1784799136.654913,3433,2833,8837,8996,196.2200,-0.3100
1784799136.679995,3433,2795,8771,8977,196.2200,-0.3100
1784799136.705347,3433,2711,8780,9005,196.2200,-0.3100
1784799136.730382,3433,2542,8752,8968,202.8500,-1.0000
1784799136.756136,3433,2542,8771,8959,200.1500,-0.6300
1784799136.781091,3433,2655,8724,8959,200.1500,-0.6300
1784799136.806567,3433,2467,8743,8893,206.9900,0.0600
1784799136.831974,3433,2448,8743,8893,206.9900,0.0600
1784799136.857231,3433,2664,8640,8893,201.5300,-0.2500
1784799136.882191,3433,2270,8630,8893,201.5300,-0.2500
1784799136.907966,3433,2233,8649,8912,200.1500,-2.0000
1784799136.933340,3433,2458,8630,8912,200.1500,-2.0000
1784799136.958389,3433,2458,8677,8921,204.2300,1.1200
1784799136.983957,3433,2514,8649,8921,204.2300,1.1200
1784799137.009050,3433,2523,8724,8977,202.8500,2.0600
1784799137.034374,3433,2477,8771,8959,202.8500,2.0600
1784799137.059957,3433,2889,8752,8959,201.5300,0.7500
1784799137.085050,3433,2486,8780,8987,201.5300,0.7500
1784799137.110143,3433,2280,8808,9005,201.4700,1.3100
1784799137.135906,3433,2842,8808,9034,201.4700,1.3100
1784799137.161032,3433,2336,8658,9052,193.5700,0.6900
1784799137.186128,3433,2298,8696,9024,193.5700,0.6900
1784799137.211897,3433,2326,8677,9005,194.7400,-0.0600
1784799137.237344,3433,2355,8677,9034,194.7400,-0.0600
1784799137.262355,3433,2420,8705,8996,198.7100,-0.5600
1784799137.287374,3433,2336,8696,8949,198.7100,-0.5600
1784799137.313018,3433,2298,8724,8949,197.4400,0.1900
1784799137.338126,3433,2392,8743,8865,197.4400,0.1900
1784799137.363386,3433,2317,8771,8865,197.4400,-0.2500
1784799137.388992,3433,2317,8808,8874,197.4400,-0.2500
1784799137.414103,3433,2308,8808,8846,196.2200,0.4400
1784799137.439200,3433,2317,8846,8837,196.2200,0.4400
1784799137.464988,3433,2336,8565,8837,202.8500,1.4400
1784799137.490100,3433,2336,8283,8874,202.8500,1.4400
1784799137.515360,3433,2355,8302,8930,204.2300,1.3700
1784799137.540996,3433,2289,8377,8930,204.2300,1.3700
1784799137.566344,3433,2345,8377,9109,196.2200,0.3700
1784799137.591344,3433,2364,8518,9090,196.2200,0.3700
1784799137.616928,3433,2336,8396,9118,200.1500,0.8100
1784799137.642083,3433,2280,8405,9137,200.1500,0.8100
1784799137.667386,3433,2289,8349,9090,206.9900,0.1200
1784799137.692366,3433,2270,8349,8968,206.9900,0.1200
1784799137.718043,3433,2251,9099,8977,201.5300,-2.1300
1784799137.743178,3433,2251,8724,8808,201.5300,-2.1300
1784799137.768239,3433,2195,8255,8752,198.8700,-1.1200
1784799137.794033,3433,2204,8283,8715,198.8700,-1.1200
1784799137.819335,3433,2326,8321,8771,204.2300,-1.1200
1784799137.844362,3433,2336,8274,8808,204.2300,-1.1200
1784799137.870025,3433,2392,8893,8865,200.1500,-0.1900
1784799137.895414,3433,2261,8808,8865,200.1500,-0.1900
1784799137.920403,3433,2280,8471,9221,202.8500,-0.8100
1784799137.945994,3433,2270,8461,9625,202.8500,-0.8100
1784799137.971106,3433,2233,8424,9625,200.1500,0.6900
1784799137.996429,3433,2120,8424,9062,200.1500,0.6900
1784799138.022001,3433,2289,8471,9081,194.7400,-0.2500
1784799138.047093,3433,2261,8471,9071,194.7400,-0.2500
1784799138.072172,3433,2251,8518,9071,198.8700,1.3100
1784799138.098121,3433,2176,8527,9118,198.8700,1.3100
1784799138.123238,3433,2223,8527,9156,204.2300,1.3100
1784799138.148412,3433,2195,8490,9146,204.2300,1.3100
1784799138.173403,3433,2195,8583,9071,200.1500,2.3100
1784799138.199048,3433,2186,8583,8977,200.1500,2.3100
1784799138.224439,3433,2261,8152,8902,198.8700,1.3100
1784799138.249411,3433,2280,8152,8949,198.8700,1.3100
1784799138.275040,3433,2270,8246,8987,204.2300,0.4400
1784799138.300138,3433,2233,8096,9015,204.2300,0.4400
1784799138.325430,3433,2280,8142,9071,193.5700,-0.6300
1784799138.351054,3433,2251,8142,9071,193.5700,-0.6300
1784799138.376132,3433,2223,8715,9024,198.7100,0.0000
1784799138.401247,3433,2270,8762,9118,198.7100,0.0000
1784799138.427022,3433,2270,8658,9118,194.7400,-1.1200
1784799138.452474,3433,2270,8499,9081,194.7400,-1.1200
1784799138.477470,3433,2298,8302,9081,193.5700,0.3700
1784799138.503020,3433,2233,8218,9071,193.5700,0.3700
1784799138.528092,3433,2129,8349,9052,200.1500,0.0600
1784799138.553455,3433,2158,8415,9052,200.1500,0.0600
1784799138.579005,3433,2176,8433,9062,200.1500,-0.1900
1784799138.604083,3433,2073,8518,9146,200.1500,1.7500
1784799138.629174,3433,2120,8555,8921,200.1500,1.7500
1784799138.654450,3433,2083,8602,8996,200.1500,1.7500
1784799138.680069,3433,2083,8583,9062,197.4400,-1.2500
1784799138.705175,3433,2092,8630,9062,204.2300,0.2500
1784799138.730256,3433,2139,8687,9015,204.2300,0.2500
1784799138.756056,3433,2345,8733,9062,190.9200,-0.5600
1784799138.781453,3433,2139,8724,9062,190.9200,-0.5600
1784799138.806463,3433,2054,8715,9015,190.9200,-0.5600
1784799138.832040,3433,2017,8724,9015,192.0300,-0.1900
1784799138.857408,3433,2355,8724,9015,198.7100,-2.9400
1784799138.882428,3433,2730,8743,9015,198.7100,-2.9400
1784799138.908036,3433,2439,8743,8977,200.1500,0.6300
1784799138.933120,3433,2298,8668,8977,200.1500,0.6300
1784799138.958642,3433,2233,8668,8987,196.2200,-0.8100
1784799138.984542,3433,2326,8602,9015,196.2200,-0.8100
1784799139.009104,3433,2280,8602,9015,198.7100,0.1900
1784799139.034199,3433,2242,8602,9015,198.7100,0.1900
1784799139.059296,3433,2289,8518,8996,196.2200,1.3100
1784799139.085451,3433,2204,8471,8996,196.2200,1.3100
1784799139.110406,3433,2158,8471,8996,197.4400,-0.8800
1784799139.135435,3433,2129,8461,8996,197.4400,-0.8800
1784799139.161086,3433,2233,8368,9034,200.1500,-1.3100
1784799139.186185,3433,2270,8377,9052,200.1500,-1.3100
1784799139.211438,3433,2289,8246,9071,189.3300,2.3800
1784799139.237093,3433,2326,8246,9071,189.3300,2.3800
1784799139.262181,3433,2195,8264,9146,189.3300,-0.0600
1784799139.287284,3433,2270,8236,9165,189.3300,-0.0600
1784799139.313069,3433,2308,8302,9165,189.3300,0.2500
1784799139.338250,3433,2242,8302,9231,189.3300,0.2500
1784799139.363266,3433,2308,8302,9193,186.6200,-0.3100
1784799139.389058,3433,2289,8621,9202,186.6200,-0.3100
1784799139.414427,3433,2280,8930,9118,183.9200,0.7500
1784799139.439476,3433,2261,8893,9118,183.9200,0.7500
1784799139.464474,3433,2251,8874,9005,183.9200,0.1200
1784799139.490126,3433,2289,8733,9005,183.9200,0.1200
1784799139.515466,3433,2355,8733,9005,184.9100,1.3100
1784799139.540493,3433,2326,8255,9005,184.9100,1.3100
1784799139.566119,3433,2298,8396,9005,177.6600,0.6300
1784799139.591212,3433,2289,8396,9005,177.6600,0.6300
1784799139.616392,3433,2345,8752,9062,178.5100,2.0600
1784799139.642125,3433,2392,8715,9081,178.5100,2.0600
1784799139.667214,3433,2392,8715,9081,170.4000,0.0600
1784799139.692334,3433,2486,8715,9081,170.4000,0.0600
1784799139.718098,3433,2720,8490,9090,175.8000,1.1900
1784799139.743496,3433,2326,8433,9090,175.8000,1.1900
1784799139.768461,3433,2223,8480,9052,170.4000,0.6300
1784799139.794083,3433,2176,8480,9052,170.4000,0.6300
1784799139.819179,3433,2176,8311,9015,173.1000,1.5600
1784799139.844590,3433,2158,8283,9015,173.1000,1.5600
1784799139.869476,3433,2214,8358,9062,167.6900,-0.6900
1784799139.895562,3433,2167,8386,9062,167.6900,-0.6900
1784799139.920276,3433,2233,8424,9062,167.6900,0.0600
1784799139.945498,3433,2204,8415,9062,167.6900,0.0600
1784799139.971159,3433,2251,8415,9062,162.2800,-0.1900
1784799139.996273,3433,2214,8415,9062,162.2800,-0.1900
1784799140.021605,3433,2261,8452,9062,162.2800,-0.8800
1784799140.047142,3433,2204,8452,9353,162.2800,-0.8800
1784799140.072531,3433,2158,8452,9353,162.2800,-0.3100
1784799140.097547,3433,2129,8452,9353,162.2800,-0.3100
1784799140.123116,3433,2139,8452,8959,159.5800,-0.9400
1784799140.148227,3433,2148,8452,8959,159.5800,-0.9400
1784799140.173692,3433,2148,8452,8959,159.5800,-0.7500
1784799140.199126,3433,2139,8555,8996,159.5800,-0.7500
1784799140.224201,3433,2092,8527,8987,159.5800,0.4400
1784799140.249334,3433,2073,8471,8921,159.5800,0.4400
1784799140.275102,3433,2073,8424,9184,154.1700,0.6900
1784799140.300198,3433,2083,8377,9278,154.1700,0.6900
1784799140.325512,3433,2007,8349,9315,154.1700,1.0600
1784799140.351080,3433,2064,8330,9315,154.1700,1.0600
1784799140.376201,3433,2073,8321,9249,154.1700,0.3100
1784799140.401536,3433,2007,8386,9174,154.1700,0.3100
1784799140.426646,3433,1998,8386,9202,148.7600,3.1900
1784799140.452168,3433,2064,8358,9109,148.7600,3.1900
1784799140.477267,3433,2036,8415,9137,148.7600,1.2500
1784799140.502595,3433,2054,8452,9062,148.7600,1.2500
1784799140.528226,3433,1998,8508,9081,148.7600,0.9400
1784799140.553292,3433,2054,8508,9118,140.5400,0.1900
1784799140.578382,3433,1998,8508,9249,140.5400,0.1900
1784799140.604251,3433,1923,8443,9390,140.5400,0.1900
1784799140.629573,3433,1989,8433,9409,149.0300,-0.5000
1784799140.654593,3433,1951,8471,9362,149.0300,-0.5000
1784799140.680146,3433,1942,8452,9503,137.8900,1.0600
1784799140.705245,3433,2036,8452,9559,140.7500,-1.0000
1784799140.730563,3433,1989,8443,9024,140.7500,-1.0000
1784799140.756146,3433,2007,8433,8987,140.7500,-1.0000
1784799140.781283,3433,1970,8415,8987,135.2300,-0.5000
1784799140.806408,3433,2092,8499,8987,137.9900,-0.3100
1784799140.832132,3433,1951,8443,8987,137.9900,-0.3100
1784799140.857232,3433,1979,8443,9081,137.8900,0.0000
1784799140.882353,3433,1970,8415,9062,137.8900,0.0000
1784799140.908119,3433,1932,8405,9024,137.9900,-0.6300
1784799140.933603,3433,1970,8405,9005,137.9900,-0.6300
1784799140.958557,3433,2007,8415,9034,135.2300,1.8800
1784799140.983649,3433,2036,8424,8987,135.2300,1.8800
1784799141.009232,3433,2007,8415,8940,129.9300,0.3700
1784799141.034575,3433,1961,8368,8874,129.9300,0.3700
1784799141.059624,3433,2045,8377,8874,132.5300,1.5000
1784799141.085206,3433,2064,8396,8912,132.5300,1.5000
1784799141.110321,3433,2036,8358,8940,129.8300,1.3100
1784799141.135493,3433,2045,8368,9052,129.8300,1.3100
1784799141.161189,3433,2073,8386,9099,137.9400,-0.3700
1784799141.186302,3433,2026,8368,9193,137.9400,-0.3700
1784799141.211431,3433,2036,8377,9127,127.1200,1.6900
1784799141.237177,3433,2017,8396,9221,127.1200,1.6900
1784799141.262581,3433,2007,8368,9202,129.8300,-1.5000
1784799141.287606,3433,2083,8386,9174,129.8300,-1.5000
1784799141.313171,3433,2073,8424,9221,129.8300,-1.1900
1784799141.338265,3433,2036,8452,9231,129.8300,-1.1900
1784799141.363556,3433,2026,8424,9240,121.7100,-0.8100
1784799141.389165,3433,2036,8433,9202,121.7100,-0.8100
1784799141.414265,3433,1970,8396,9231,124.4200,-2.0000
1784799141.439386,3433,1942,8415,9202,124.4200,-2.0000
1784799141.465135,3433,1942,8452,9221,121.7100,0.5000
1784799141.490240,3433,2017,8424,9174,121.7100,0.5000
1784799141.515359,3433,1914,8443,9137,126.9500,-1.8100
1784799141.540686,3433,1970,8471,9212,126.9500,-1.8100
1784799141.566238,3433,1932,8415,9174,116.6700,-0.3100
1784799141.591608,3433,1923,8433,9202,116.6700,-0.3100
1784799141.616677,3433,1914,8377,9212,121.7100,-0.4400
1784799141.642209,3433,1876,8433,9240,121.7100,-0.4400
1784799141.667317,3433,1989,8386,9165,119.0100,0.3700
1784799141.692723,3433,2026,8377,9184,119.0100,0.3700
1784799141.718199,3433,2064,8396,9146,118.6800,0.0000
1784799141.743294,4146,1970,8415,9156,118.6800,0.0000
1784799141.768435,4259,1886,8386,9193,114.0200,-0.6300
1784799141.794242,4259,1914,8424,9212,114.0200,-0.6300
1784799141.819326,4203,1923,8377,9174,118.6800,0.5600
1784799141.844394,4249,1979,8396,9193,118.6800,0.5600
1784799141.870187,4165,1876,8377,9165,119.3200,-0.0600
1784799141.895611,4184,1942,8368,9174,119.3200,-0.0600
1784799141.920637,4212,1932,8386,9193,119.3200,-0.0600
1784799141.946155,4212,2007,8424,9174,119.3200,-0.0600
1784799141.971260,4231,1979,8368,9193,119.3200,-0.0600
1784799141.996359,4221,1923,8424,9193,119.3200,-0.0600
1784799142.021690,4249,2026,8396,9193,119.3200,-0.0600
1784799142.047262,4249,1998,8433,9174,119.3200,-0.0600
1784799142.072375,4306,1989,8396,9165,119.3200,-0.0600
1784799142.097530,4249,1998,8386,9174,119.3200,-0.0600
1784799142.123247,4296,1932,8368,9193,119.3200,-0.0600
1784799142.148520,4296,1970,8396,9174,119.3200,-0.0600
1784799142.173661,4315,1951,8396,9231,119.3200,-0.0600
1784799142.199232,4306,1998,8433,9184,119.3200,-0.0600
1784799142.224636,4353,1923,8396,9202,119.3200,-0.0600
1784799142.249676,4353,2007,8358,9184,14.1800,2.8800
1784799142.275223,4353,1914,8377,9184,14.1800,2.8800
1784799142.300322,4381,1876,8377,9221,10.8200,10.9400
1784799142.325433,4343,1886,8386,9174,10.8200,10.9400
1784799142.351213,4212,1895,8321,9240,5.4100,8.0600
1784799142.376310,4118,1951,8377,9212,5.4100,8.0600
1784799142.401394,4043,1951,8377,9202,5.4100,16.7500
1784799142.427174,4137,1979,8349,9202,-2.7000,10.1300
1784799142.452301,4024,1998,8339,9221,-2.7000,10.1300
1784799142.477672,4024,1979,8349,9212,-2.7000,10.1300
1784799142.502837,4081,1914,8358,9268,-2.7000,14.1900
1784799142.528279,4062,1942,8358,9268,-2.7000,13.3800
1784799142.553704,4006,2045,8358,9268,-2.7000,13.3800
1784799142.578765,4024,1979,8386,9165,-2.7000,13.3800
1784799142.604271,3968,2064,8386,9165,2.7000,11.4400
1784799142.630407,4043,2083,8358,9165,2.7000,12.1900
1784799142.654681,4043,2139,8377,9221,2.7000,12.1900
1784799142.680419,4015,2073,8349,9193,-5.4100,10.6300
1784799142.705360,4006,2101,8349,9212,-5.4100,10.6300
1784799142.731920,3996,2073,8349,9212,0.0000,12.1900
1784799142.756256,4015,2111,8321,9202,0.0000,12.1900
1784799142.781848,4052,2129,8377,9202,0.0000,10.8800
1784799142.806664,4052,2083,8415,9127,0.0000,10.8800
1784799142.832256,3977,2045,8386,9071,5.4100,13.0600
1784799142.857363,3996,2111,8405,9015,5.4100,13.0600
1784799142.882658,3987,2007,8415,8930,2.7000,9.8100
1784799142.908243,3996,2054,8433,8930,2.7000,9.8100
1784799142.933323,3996,2007,8452,8996,-2.7000,11.6300
1784799142.958497,4034,1998,8490,8902,-2.7000,11.6300
1784799142.983700,4006,2195,8480,8902,0.0000,9.1900
1784799143.009345,4006,2139,8471,8987,0.0000,9.1900
1784799143.034434,3977,2092,8996,8987,2.7000,12.3800
1784799143.059634,3977,2111,8902,8987,2.7000,12.3800
1784799143.085491,4015,2101,8705,9015,-2.7000,8.8100
1784799143.110690,4006,2158,8630,9015,-2.7000,8.8100
1784799143.135705,4006,2139,8611,9015,0.0000,8.0600
1784799143.161302,4006,2083,8546,8996,0.0000,8.0600
1784799143.186708,4006,2129,8555,9043,0.0000,7.0600
1784799143.211710,4006,2026,8546,9062,0.0000,7.0600
1784799143.237278,4006,2101,8574,9043,0.0000,6.5600
1784799143.262420,4006,2007,8546,9081,0.0000,6.5600
1784799143.287532,4006,1961,8480,9062,2.7000,7.1900
1784799143.313300,4006,1820,8583,9081,2.7000,7.1900
1784799143.338388,4006,1857,8583,9071,5.4100,5.0000
1784799143.363471,4006,1961,8527,9052,5.4100,5.0000
1784799143.389320,4006,2017,8593,9052,2.7000,3.9400
1784799143.414765,4006,1895,8480,9043,2.7000,3.9400
1784799143.439674,4006,1970,8518,9034,2.7000,4.1300
1784799143.464752,4006,2383,8518,9156,2.7000,4.1300
1784799143.490339,4006,2608,8508,9034,0.0000,4.8800
1784799143.515722,4006,2467,8555,9146,0.0000,4.8800
1784799143.540769,4006,2411,8508,9146,0.0000,4.9400
1784799143.566335,4006,2383,8461,9531,0.0000,4.9400
1784799143.591431,4006,2430,8574,8827,2.7000,4.4400
1784799143.616765,4006,2317,8471,9034,2.7000,4.4400
1784799143.642347,4006,2326,8480,9062,2.7000,4.4400
1784799143.667424,4006,2308,8452,9062,2.7000,4.4400
1784799143.692960,4006,2383,8471,9062,2.7000,4.4400
1784799143.718360,4006,2261,8490,9062,2.7000,4.4400
1784799143.743710,4006,2280,8565,9081,2.7000,4.4400
1784799143.768781,4006,2308,8490,9071,2.7000,4.4400
1784799143.794299,4006,2336,8546,9090,2.7000,4.4400
1784799143.819389,4006,2336,8471,9071,2.7000,4.4400
1784799143.844687,4006,2298,8368,9099,2.7000,4.4400
1784799143.870295,4006,2280,8321,9127,2.7000,4.4400
1784799143.895443,4006,2317,8396,9156,2.7000,4.4400
1784799143.920481,4006,2364,8368,9090,2.7000,4.4400
1784799143.946251,4006,2326,8377,9118,3.3700,1.6900
1784799143.971425,4006,2401,8358,9127,3.3700,1.6900
1784799143.996501,4006,2411,8358,9137,80.0400,1.8100
1784799144.021627,4006,2514,8461,9137,80.0400,1.8100
1784799144.047359,4006,2477,8386,9118,91.9600,-5.8100
1784799144.072749,4006,2523,8396,9081,91.9600,-5.8100
1784799144.097810,4006,2448,8433,9071,102.7800,2.5600
1784799144.123344,4006,2373,8293,9043,102.7800,2.5600
1784799144.148466,4006,2411,8396,9062,119.0100,-9.1900
1784799144.173916,4006,2430,8302,9081,119.0100,-9.1900
1784799144.199349,4006,2336,8236,9062,106.0700,3.5600
1784799144.224445,4006,2270,8283,9099,106.0700,3.5600
1784799144.249562,4006,2326,8293,9109,113.1600,-2.1300
1784799144.275328,4006,2392,8321,9099,113.1600,-2.1300
1784799144.300427,4006,2467,8274,9090,113.6000,8.3800
1784799144.325522,4006,2580,8302,9099,113.6000,8.3800
1784799144.351318,4006,2552,8264,9071,116.3000,2.5600
1784799144.376434,4006,2251,8293,9034,116.3000,2.5600
1784799144.401737,4006,2139,8311,9005,111.3700,3.5600
1784799144.426808,4006,1961,8311,9005,111.3700,3.5600
1784799144.452431,4006,1942,8377,8987,116.3000,-1.1900
1784799144.477501,4006,2326,8368,8940,116.3000,-1.1900
1784799144.502821,4006,1970,8368,8968,113.6000,2.5600
1784799144.528373,4006,1998,8358,8996,113.6000,2.5600
1784799144.553484,4006,2054,8283,8996,121.4400,-1.5600
1784799144.578774,4006,2045,8339,9052,121.4400,-1.5600
1784799144.604364,4006,1989,8339,9052,119.0100,1.1200
1784799144.629460,4006,2007,8255,9118,119.0100,1.1200
1784799144.654799,4006,2045,8274,9071,121.7100,-0.6300
1784799144.680401,4006,1989,8236,9090,121.7100,-0.6300
1784799144.705778,4006,2101,8189,9062,121.9800,0.4400
1784799144.730772,4006,2045,8218,9052,121.9800,0.4400
1784799144.756338,4006,2026,8236,9052,124.1900,-1.1200
1784799144.781490,4006,2195,8255,9034,124.1900,-1.1200
1784799144.806631,4006,2111,8274,9081,119.0100,2.1900
1784799144.832341,4006,2101,8227,9202,119.0100,2.1900
1784799144.857418,4006,2129,8236,9081,124.4200,-1.2500
1784799144.882530,4006,2092,8189,9052,124.4200,-1.2500
1784799144.907814,4006,2073,8321,8799,121.9800,-0.0600
1784799144.933418,4006,2007,8180,8762,121.9800,-0.0600
1784799144.958789,4006,2045,8133,8715,126.9500,0.5000
1784799144.983889,4006,2054,8124,8715,126.9500,0.5000
1784799145.009399,4006,2017,8124,9052,121.9800,0.3700
1784799145.034779,4006,2073,8105,9005,121.9800,0.3700
1784799145.059815,4006,1970,8133,9005,126.9500,0.4400
1784799145.085389,4006,1989,8142,8996,126.9500,0.4400
1784799145.110482,4006,2007,8105,8959,124.6300,0.3700
1784799145.135829,4006,2007,8208,8977,124.6300,0.3700
1784799145.161390,4006,2045,8199,8949,132.4700,-0.7500
1784799145.186481,4006,2017,8199,9005,132.4700,-0.7500
1784799145.211671,4006,2054,8255,8977,132.5300,1.0000
1784799145.237363,4006,2139,8358,9015,132.5300,1.0000
1784799145.262875,4006,1970,8302,8940,127.1200,1.2500
1784799145.287790,4006,1998,8274,8921,132.5300,0.8800
1784799145.312869,4006,2073,8274,8977,132.5300,0.8800
1784799145.338490,4006,2017,8274,8977,132.5300,0.8800
1784799145.363812,4006,2026,8274,9287,127.2800,-0.1900
1784799145.389036,4006,2007,8255,9324,135.2300,0.6300
1784799145.414428,4006,1979,8274,9371,135.2300,0.6300
1784799145.439569,4006,2045,8321,9324,132.4700,-1.0600
1784799145.464884,4006,2054,8321,9278,132.4700,-1.0600
1784799145.490583,4006,2101,8236,9334,129.9300,2.0600
1784799145.515542,4006,2111,8283,9259,129.9300,2.0600
1784799145.540961,4006,2054,8302,9259,135.2300,1.5600
1784799145.566416,4006,2064,8255,9296,135.2300,1.5600
1784799145.591795,4006,2148,8236,9287,137.9400,0.0000
1784799145.616870,4006,2101,8349,9249,137.9400,0.0000
1784799145.642405,4006,2101,8302,9212,137.9400,-0.0600
1784799145.667506,4006,2111,8311,9146,137.9400,-0.0600
1784799145.692817,4006,2073,8321,9146,140.6400,-0.4400
1784799145.718429,4006,2054,8321,9062,140.6400,-0.4400
1784799145.743507,4006,2083,8368,9024,135.2300,-1.2500
1784799145.768605,4006,2083,8339,9034,135.2300,-1.2500
1784799145.794386,4006,2092,8349,9015,137.8900,0.6300
1784799145.819504,4006,2176,8349,9024,137.8900,0.6300
1784799145.844671,4006,2186,8349,8977,143.5100,-1.1900
1784799145.870353,4006,2223,8368,8940,143.5100,-1.1900
1784799145.895823,4006,2204,8405,8930,140.5400,1.3700
1784799145.920816,4006,2176,8443,8865,140.5400,1.3700
1784799145.945964,4006,2167,8536,8846,143.5100,-0.7500
1784799145.971468,4006,2167,8236,8865,143.5100,-0.7500
1784799145.996826,4006,2176,8218,8818,143.1900,0.5000
1784799146.021844,4006,2120,8274,8808,143.1900,0.5000
1784799146.047438,4006,2233,8227,8827,151.7900,-1.1900
1784799146.072775,4006,2158,8246,8827,151.7900,-1.1900
1784799146.097693,4006,2242,8227,8780,145.8400,0.1200
1784799146.123689,4006,2214,8236,8762,145.8400,0.1200
1784799146.148608,4006,2223,8208,8780,148.7600,-0.2500
1784799146.173791,4006,2251,8161,8790,148.7600,-0.2500
1784799146.199443,4006,2233,8152,8743,149.0300,0.0600
1784799146.224850,4006,2261,8105,8743,149.0300,0.0600
1784799146.249843,4006,2223,8133,8762,151.4600,-0.6300
1784799146.275419,4006,2298,8105,8733,151.4600,-0.6300
1784799146.300556,4006,2336,8527,8743,151.1400,0.1200
1784799146.325871,4006,2308,8443,8771,151.1400,0.1200
1784799146.351015,4006,2289,8433,8724,160.0700,-1.0600
1784799146.376501,4006,2298,8339,8743,160.0700,-1.0600
1784799146.401619,4006,2298,8339,8724,153.8000,-0.1900
1784799146.426866,4006,2261,8405,8687,153.8000,-0.1900
1784799146.452481,4006,2420,8264,8696,157.3100,0.1200
1784799146.477587,4006,2280,8236,8687,157.3100,0.1200
1784799146.502889,4006,2420,8189,8715,153.8000,-1.8800
1784799146.528489,4006,2251,7992,8705,153.8000,-1.8800
1784799146.553849,4006,2420,8687,8658,160.0700,0.6900
1784799146.578895,4006,2308,7683,8677,160.0700,0.6900
1784799146.604457,4006,2383,7711,8687,154.1700,-0.3100
1784799146.629645,4006,2373,8077,8658,154.1700,-0.3100
1784799146.654873,4006,2373,8058,8630,154.1700,-0.1900
1784799146.680453,4006,2364,8021,8630,154.1700,-0.1900
1784799146.705552,4006,2439,8368,8640,153.8000,-0.5000
1784799146.730655,4006,2373,8283,8668,153.8000,-0.5000
1784799146.756438,4006,2392,8142,8696,157.3100,6.5600
1784799146.781565,4006,2280,8302,8668,157.3100,6.5600
1784799146.806669,4006,2223,8236,8724,153.8000,1.6300
1784799146.832402,4006,2242,8330,8658,153.8000,1.6300
1784799146.857606,4006,2204,8246,8696,157.3100,2.9400
1784799146.882894,4006,2223,8255,8696,157.3100,2.9400
1784799146.907938,4006,2195,8255,8696,156.4500,2.4400
1784799146.933498,4006,2214,8039,8696,156.4500,2.4400
1784799146.958591,4006,2204,7955,8752,165.5900,-0.8800
1784799146.984020,4006,2233,7936,8846,165.5900,-0.8800
1784799147.009490,4006,2204,7964,8743,161.7500,-1.0000
1784799147.034607,4006,2204,7964,8808,161.7500,-1.0000
1784799147.059706,4006,2317,7917,8808,173.8700,-0.3700
1784799147.085532,4006,2270,7917,8733,173.8700,-0.3700
1784799147.110886,4006,2317,7917,8452,172.3600,-2.8100
1784799147.135915,4006,2345,7927,8471,172.3600,-2.8100
1784799147.161502,4006,2336,7936,8471,173.8700,-1.4400
1784799147.186569,4006,2336,7936,8321,173.8700,-1.4400
1784799147.211920,4006,2373,7833,8790,173.1000,-0.3700
1784799147.237423,4006,2383,7824,8283,175.8000,0.0000
1784799147.262561,4006,2448,7824,8283,175.8000,0.0000
1784799147.287682,4006,2364,7842,8311,175.8000,0.0000
1784799147.312970,4006,2401,7842,8705,169.7100,0.4400
1784799147.338664,4006,2411,7899,8743,182.1500,-0.4400
1784799147.363650,4006,2383,7889,8302,182.1500,-0.4400
1784799147.388809,4006,2364,7852,8415,175.8000,-0.3700
1784799147.414533,4006,2401,7899,8377,175.8000,-0.3700
1784799147.439984,4006,2364,7974,8405,175.8000,-0.3700
1784799147.464941,4006,2383,7927,8405,181.2100,-0.0600
1784799147.490649,4006,2355,7927,8405,181.2100,0.0000
1784799147.515929,4006,2345,7824,8565,181.2100,0.0000
1784799147.541002,4006,2383,7861,8565,180.3100,0.0600
1784799147.566551,4006,2383,7833,8443,180.3100,0.0600
1784799147.591615,4006,2420,7805,8358,187.6700,0.1200
1784799147.616731,4006,2392,7786,8377,187.6700,0.1200
1784799147.642509,4006,2326,7795,9156,183.9200,-1.0000
1784799147.667668,4006,2392,7814,8865,183.9200,-1.0000
1784799147.692747,4006,2392,7805,8865,185.6200,0.3700
1784799147.718504,4006,2336,7833,8865,185.6200,0.3700
1784799147.743900,4006,2373,7833,8865,186.6200,-1.0000
1784799147.768927,4006,2383,7833,8865,186.6200,-1.0000
1784799147.794489,4006,2411,7889,8471,189.3300,0.3100
1784799147.819590,4006,2317,7814,8358,189.3300,0.3100
1784799147.844934,4006,2373,7805,8302,190.4300,0.8100
1784799147.869994,4006,2355,7852,8302,190.4300,0.8100
1784799147.895574,4006,2430,7852,8152,188.2700,0.7500
1784799147.920731,4006,2514,7814,8630,188.2700,0.7500
1784799147.945994,4006,2477,7786,8086,193.1900,-0.0600
1784799147.971575,4006,2533,7786,8142,193.1900,-0.0600
1784799147.996662,4006,2552,7861,8611,194.7400,0.9400
1784799148.021864,4006,2289,7777,8565,194.7400,0.9400
1784799148.047913,4006,2289,7805,8546,192.0300,1.4400
1784799148.072961,4006,2345,7777,8611,192.0300,1.4400
1784799148.097950,4006,2280,7777,8471,193.5700,-0.1900
1784799148.123648,4006,2383,7786,8461,193.5700,-0.1900
1784799148.148700,4006,2345,7795,8480,201.4700,-0.5000
1784799148.173974,4006,2251,7777,8433,201.4700,-0.5000
1784799148.199533,4006,2280,7861,8396,202.8500,-0.8800
1784799148.224650,4006,2533,7833,8358,202.8500,-0.8800
1784799148.249758,4006,2420,7805,8377,202.8500,-3.5600
1784799148.275487,4006,2824,7758,8377,202.8500,-3.5600
1784799148.300622,4006,2861,7758,8405,196.2200,2.1300
1784799148.325716,4006,2870,7805,8424,196.2200,2.1300
1784799148.351520,4006,2908,7786,8424,204.2300,-1.5600
1784799148.376972,4006,2964,7805,8368,204.2300,-1.5600
1784799148.401963,4006,2505,7748,8386,198.8700,2.3100
1784799148.427031,4006,2946,7748,8396,198.8700,2.3100
1784799148.452599,4006,2711,7720,8433,204.2300,-1.6300
1784799148.477979,4006,2974,7673,8415,204.2300,-1.6300
1784799148.503004,4006,3039,7683,8368,202.8500,1.5000
1784799148.528583,4006,2992,7655,8433,202.8500,1.5000
1784799148.553691,4006,3077,7655,8377,202.8500,-1.5000
1784799148.579048,4006,3039,7702,8424,202.8500,-1.5000
1784799148.604619,4006,3067,7683,8396,200.1500,-0.4400
1784799148.629694,4006,3105,7683,8377,200.1500,-0.4400
1784799148.654842,4006,3096,7692,8368,205.5600,-0.2500
1784799148.680606,4006,3152,7702,8386,205.5600,-0.2500
1784799148.705994,4006,3124,7673,8368,202.8500,0.2500
1784799148.731022,4006,3011,7683,8424,202.8500,0.2500
1784799148.756567,4006,3002,7655,8415,205.5600,-2.1900
1784799148.781674,4006,2946,7645,8386,205.5600,-2.1900
1784799148.806974,4006,2786,7608,8433,206.8300,0.8100
1784799148.832591,4006,2946,7636,8424,206.8300,0.8100
1784799148.857658,4006,2899,7608,8424,206.9900,-0.5600
1784799148.882758,4006,3039,7636,8415,206.9900,-0.5600
1784799148.908519,4006,2674,7627,8452,198.8700,-2.0000
1784799148.933668,4006,2674,7598,8508,198.8700,-2.0000
1784799148.960266,4006,2964,7589,8405,200.1500,0.9400
1784799148.984514,4006,2870,7598,8358,200.1500,0.9400
1784799149.009988,4006,2974,7580,8358,204.2300,1.1900
1784799149.035015,4006,2861,7645,8377,204.2300,1.1900
1784799149.060061,4006,2946,7608,8368,200.1500,0.2500
1784799149.085619,4006,3180,7636,8377,200.1500,0.2500
1784799149.111019,4006,2345,7627,8396,196.2200,-1.4400
1784799149.136055,4006,2308,7664,8368,196.2200,-1.4400
1784799149.161743,4006,2373,7608,8415,204.2300,0.7500
1784799149.186749,4006,2495,7561,8461,201.5300,1.0600
1784799149.211853,4006,2523,7561,8424,201.5300,1.0600
1784799149.237600,4006,2561,7580,8358,204.2300,-0.3100
1784799149.262699,4006,2627,7542,8339,204.2300,-0.3100
1784799149.287874,4006,2636,7589,8358,204.2300,-0.3100
1784799149.313597,4006,2617,7533,8377,198.8700,-0.8800
1784799149.339029,4203,2580,7551,8396,204.2300,0.6900
1784799149.369602,4193,2589,7533,8302,204.2300,0.6900
1784799149.389659,4184,2627,7580,8339,204.2300,0.6900
1784799149.414711,4184,2636,7514,8339,197.4400,0.3100
1784799149.440183,4184,2533,7523,8302,198.8700,0.4400
1784799149.465547,4109,2702,7570,8246,198.8700,0.4400
1784799149.490789,4174,2655,7570,8189,206.9900,-0.8800
1784799149.515755,4231,2730,7570,8152,206.9900,-0.8800
1784799149.541180,4184,2739,7551,8218,196.2200,-0.1900
1784799149.566655,4184,2664,7561,8171,196.2200,-0.1900
1784799149.591783,4212,2730,7505,8180,200.1500,-0.3100
1784799149.616937,4146,2730,7486,8142,200.1500,-0.3100
1784799149.643030,4203,2711,7514,8199,194.7400,0.1200
1784799149.668109,4174,2702,7533,8199,194.7400,0.1200
1784799149.693041,4146,2739,7486,8161,200.1500,1.0000
1784799149.718632,4184,2711,7439,8171,200.1500,1.0000
1784799149.743735,4203,2683,7411,8180,200.1500,-1.3100
1784799149.769078,4306,2767,7373,8208,200.1500,-1.3100
1784799149.794629,4306,2767,7364,8302,200.1500,0.3100
1784799149.819721,4400,2758,7354,8302,200.1500,0.3100
1784799149.844842,4400,2711,7383,8311,202.8500,-0.1900
1784799149.870614,4428,2749,7411,8321,202.8500,-0.1900
1784799149.895699,4568,2833,7430,8283,197.4400,-0.4400
1784799149.920831,4550,2908,7430,8255,197.4400,-0.4400
1784799149.946574,4015,2467,7411,8264,200.1500,0.0600
1784799149.972081,4512,2655,7467,8264,200.1500,0.0600
1784799149.997041,4400,2795,7486,8096,194.7400,1.6300
1784799150.022156,4400,2861,7458,8086,194.7400,1.6300
1784799150.047874,4390,3021,7542,8021,202.8500,0.1900
1784799150.073064,4334,3114,7645,8011,202.8500,0.1900
1784799150.098092,4390,3161,7627,8039,202.8500,3.0000
1784799150.123676,4390,3143,7458,8002,202.8500,3.0000
1784799150.148805,4381,3180,7458,8002,194.7400,-1.3700
1784799150.173906,4418,2814,7458,8002,194.7400,-1.3700
1784799150.199665,4409,3246,7233,8105,202.8500,1.7500
1784799150.224806,4437,2824,7627,8171,202.8500,1.7500
1784799150.249944,4428,2861,7195,8171,200.1500,0.7500
1784799150.275654,4428,2486,7298,8133,200.1500,0.7500
1784799150.301069,4484,2899,7251,8227,202.8500,0.1200
1784799150.326097,4475,2833,7186,8171,202.8500,0.1200
1784799150.351645,4493,3218,7195,8114,200.1500,-1.0600
1784799150.376753,4512,3124,7186,8124,200.1500,-1.0600
1784799150.402099,4540,3086,7101,8077,200.1500,-0.5000
1784799150.427606,4550,3105,7111,8039,200.1500,-0.5000
1784799150.452726,4578,3049,7148,8086,205.5600,-0.8800
1784799150.477821,4578,3067,7186,8096,205.5600,-0.8800
1784799150.503595,4493,3002,7195,8096,202.8500,0.3100
1784799150.528707,4690,3021,7308,8096,202.8500,0.3100
1784799150.553859,4531,3011,7336,8086,202.8500,0.0600
1784799150.579059,4775,2992,7204,8161,202.8500,0.0600
1784799150.605077,4540,2992,7270,8180,205.5600,-0.7500
1784799150.630056,4587,3011,7345,8114,205.5600,-0.7500
1784799150.655138,4559,3067,7336,8011,205.5600,-0.6900
1784799150.680699,4568,3021,7270,7974,205.5600,-0.6900
1784799150.705788,4568,3021,7270,7955,205.5600,-1.1900
1784799150.731142,4568,3058,7251,7974,205.5600,-1.1900
1784799150.756679,4568,3086,7279,7964,206.9900,-0.3100
1784799150.781789,4568,3143,7261,7974,206.9900,-0.3100
1784799150.806898,4568,3133,7279,8011,198.8700,-0.2500
1784799150.832676,4568,3011,7289,8039,198.8700,-0.2500
1784799150.857777,4568,2955,7261,8030,206.9900,-1.4400
1784799150.882869,4568,2824,7251,8030,206.9900,-1.4400
1784799150.908679,4568,3114,7214,7992,198.8700,-0.3700
1784799150.934076,4568,2767,7289,7945,198.8700,-0.3700
1784799150.959103,4568,2739,7270,7945,198.7100,0.0000
1784799150.984619,4568,2814,7242,7945,198.7100,0.0000
1784799151.009758,4568,2805,7223,7927,196.2200,1.3700
1784799151.035131,4568,2842,7167,7917,196.2200,1.3700
1784799151.060149,4568,2974,7233,7945,197.4400,0.4400
1784799151.085742,4568,3105,7186,7889,197.4400,0.4400
1784799151.110854,4568,3114,7157,7889,197.4400,0.7500
1784799151.136153,4568,3189,7176,7861,197.4400,0.7500
1784799151.161733,4568,3227,7120,7889,197.4400,1.8800
1784799151.186827,4568,3293,7167,7899,197.4400,1.8800
1784799151.211988,4568,3349,7157,7955,200.1500,0.5600
1784799151.238126,4568,3058,7176,7889,200.1500,0.5600
1784799151.263125,4568,2749,7195,7889,202.8500,2.0600
1784799151.288138,4568,2777,7186,7805,208.2600,1.1900
1784799151.313709,4568,2711,7242,7814,208.2600,1.1900
1784799151.338802,4568,2720,7251,7852,208.2600,1.1900
1784799151.364143,4568,2824,7204,7880,197.4400,-1.8800
1784799151.389777,4568,3311,7251,8161,202.8500,-1.1200
1784799151.414805,4568,2805,7186,8021,202.8500,-1.1200
1784799151.440074,4568,2974,7233,8264,202.8500,-0.4400
1784799151.465667,4568,2983,7214,8302,202.8500,-0.4400
1784799151.490872,4568,2955,7204,8255,200.1500,0.7500
1784799151.515890,4568,2936,7204,8227,200.1500,0.7500
1784799151.541654,4568,2927,7204,8086,200.1500,1.2500
1784799151.567120,4568,3011,7204,8011,200.1500,1.2500
1784799151.592100,4568,3021,7111,8011,205.5600,-1.5000
1784799151.617193,4568,2974,7129,8208,205.5600,-1.5000
1784799151.642759,4568,2983,7092,8152,200.1500,-0.2500
1784799151.668128,4568,3049,7082,8208,200.1500,-0.2500
1784799151.693139,4568,3049,7111,7974,205.5600,0.9400
1784799151.718764,4568,3124,7082,8161,205.5600,0.9400
1784799151.743874,4568,3208,7054,7992,202.8500,-1.3100
1784799151.769152,4568,3086,6989,7908,202.8500,-1.3100
1784799151.794757,4568,3096,7007,7908,205.5600,-0.3100
1784799151.819860,4568,3039,7026,7861,205.5600,-0.3100
1784799151.844998,4568,3096,7073,7861,202.8500,-0.6300
1784799151.870742,4568,3236,7101,7824,202.8500,-0.6300
1784799151.896133,4568,3302,7111,7748,205.5600,-0.7500
1784799151.921154,4568,3302,7139,7730,205.5600,-0.7500
1784799151.946731,4568,3039,7129,7767,193.5700,0.4400
1784799151.971814,4568,3049,7092,7767,193.5700,0.4400
1784799151.997145,4568,3067,7101,7758,201.4700,-0.3700
1784799152.022690,4568,3039,7101,7758,201.4700,-0.3700
1784799152.047801,4568,3030,7092,7720,200.1500,-1.4400
1784799152.072913,4568,3180,7082,7777,200.1500,-1.4400
1784799152.098263,4568,3067,7026,7805,197.4400,-0.3100
1784799152.123809,4568,3124,7045,7814,197.4400,-0.3100
1784799152.148910,4568,3189,7082,7824,200.1500,1.2500
1784799152.174092,4568,3096,7101,7805,200.1500,1.2500
1784799152.199783,4568,3133,7054,7786,198.8700,1.5600
1784799152.225164,4568,3114,7045,7795,198.8700,1.5600
1784799152.250194,4568,3161,7045,7777,200.1500,0.6900
1784799152.275773,4568,3161,7026,7805,200.1500,0.6900
1784799152.300891,4568,3133,6989,7777,204.2300,1.6300
1784799152.326240,4568,3086,6970,7739,204.2300,1.6300
1784799152.351780,4568,2955,6932,7692,197.4400,-0.9400
1784799152.376918,4568,3049,6895,7720,197.4400,-0.9400
1784799152.402026,4568,3021,6876,7720,198.8700,-2.0600
1784799152.427770,4568,3086,6989,7739,198.8700,-2.0600
1784799152.452875,4568,3124,6932,7683,204.2300,-1.4400
1784799152.477999,4568,3114,7017,7683,204.2300,-1.4400
1784799152.503763,4568,3105,6960,7730,196.2200,0.5000
1784799152.529190,4568,3114,6989,7720,196.2200,0.5000
1784799152.554185,4568,3208,6979,7673,206.9900,-0.1200
1784799152.579747,4568,3274,6970,7711,206.9900,-0.1200
1784799152.604856,4568,3321,6970,7692,202.8500,0.6900
1784799152.630217,4568,3255,6970,7730,202.8500,0.6900
1784799152.655286,4568,3274,6810,7767,202.8500,-1.1200
1784799152.680833,4568,3358,6717,7805,202.8500,-1.1200
1784799152.705924,4568,3236,6688,7748,205.5600,-0.8100
1784799152.731129,4568,3180,6735,7748,205.5600,-0.8100
1784799152.756913,4568,3255,6679,7739,200.1500,-0.5000
1784799152.781924,4568,3311,6754,7730,200.1500,-0.5000
1784799152.807261,4568,3171,6745,7758,205.5600,-3.9400
1784799152.832811,4568,3171,6792,7720,205.5600,-3.9400
1784799152.858202,4568,3161,6782,7692,194.7400,1.5600
1784799152.883268,4568,3143,6848,7739,194.7400,1.5600
1784799152.908802,4568,3236,6829,7645,200.1500,-0.3100
1784799152.933920,4568,3171,6829,7683,200.1500,-0.3100
1784799152.959270,4568,3152,6839,7655,205.5600,-0.3700
1784799152.984783,4568,3114,6839,7617,205.5600,-0.3700
1784799153.009892,4568,3161,6867,7627,198.8700,-0.8800
1784799153.035003,4568,3236,6923,7673,198.8700,-0.8800
1784799153.060784,4568,3189,6801,7636,204.2300,-0.6300
1784799153.085891,4568,3171,6801,7636,204.2300,-0.6300
1784799153.111004,4568,3236,6820,7655,201.5300,-0.8100
1784799153.136734,4568,3246,6857,7598,201.5300,-0.8100
1784799153.162377,4568,3264,6839,7589,201.4700,1.0600
1784799153.187278,4568,3321,6810,7542,201.4700,1.0600
1784799153.212351,4568,3424,6801,7476,193.5700,1.8100
1784799153.237905,4568,3358,6820,7486,194.7400,0.3700
1784799153.263016,4568,3293,6867,7401,194.7400,0.3700
1784799153.288260,4568,3490,6810,7364,194.7400,0.3700
1784799153.313860,4568,3424,6829,7326,202.8500,0.4400
1784799153.338939,4568,3302,6810,7336,198.7100,1.4400
1784799153.364132,4568,3518,6829,7401,198.7100,1.4400
1784799153.389904,4568,3677,6782,7401,205.5600,-2.3100
1784799153.414926,4568,3499,6848,7430,205.5600,-2.3100
1784799153.440186,4568,3171,6763,7420,205.5600,-2.3100
1784799153.465828,4568,2983,6763,7495,202.8500,0.1900
1784799153.491228,4568,3349,6707,7448,202.8500,-0.8800
1784799153.516243,4568,2974,6698,7420,202.8500,-0.8800
1784799153.541807,4568,3199,6979,7458,198.8700,1.3700
1784799153.566952,4568,3705,6979,7486,198.8700,1.3700
1784799153.592284,4568,3349,7383,7476,206.9900,-0.7500
1784799153.617802,4568,3349,7383,7476,206.9900,-0.7500
1784799153.642895,4568,3696,7383,7458,198.8700,2.8800
1784799153.668191,4568,3630,6989,7458,198.8700,2.8800
1784799153.693324,4568,3208,6820,7458,202.8500,-2.6900
1784799153.718875,4568,3687,6876,7458,202.8500,-2.6900
1784799153.743985,4568,3208,6763,7505,202.8500,-0.4400
1784799153.769179,4568,3677,6726,7486,202.8500,-0.4400
1784799153.794869,4568,3715,6717,7476,200.1500,0.1900
1784799153.820249,4568,3705,6632,7486,200.1500,0.1900
1784799153.845243,4568,3105,6717,7448,197.4400,-0.1200
1784799153.870854,4568,3734,6717,7486,197.4400,-0.1200
1784799153.895961,4568,3696,6735,7476,200.1500,-0.3100
1784799153.921304,4568,3687,6810,7514,200.1500,-0.3100
1784799153.946850,4568,3734,6848,7439,200.1500,-0.7500
1784799153.972260,4568,3696,6773,7467,200.1500,-0.7500
1784799153.997064,4568,3471,6773,7411,204.2300,-0.6900
1784799154.022835,4568,3386,6839,7420,204.2300,-0.6900
1784799154.047921,4568,3677,6885,7439,202.8500,1.1200
1784799154.073028,4568,3762,6773,7411,202.8500,1.1200
1784799154.098824,4568,3762,6801,7476,201.5300,-1.2500
1784799154.124337,4568,3368,6763,7467,201.5300,-1.2500
1784799154.149239,4568,3386,6754,7476,197.4400,1.5600
1784799154.174330,4568,3724,6810,7467,197.4400,1.5600
1784799154.199899,4568,3865,6773,7411,194.7400,0.1200
1784799154.225281,4568,3799,6763,7392,194.7400,0.1200
1784799154.250399,4568,3518,6735,7364,200.1500,0.0600
1784799154.275890,4568,3743,6754,7383,200.1500,0.0600
1784799154.300982,4568,3734,6707,7354,194.7400,2.0600
1784799154.326126,4568,3677,6726,7383,194.7400,2.0600
1784799154.351882,4568,3771,6660,7392,201.4700,-0.1900
1784799154.376986,4568,3734,6604,7364,201.4700,-0.1900
1784799154.402122,4568,3799,6576,7392,196.2200,1.4400
1784799154.427867,4568,3734,6632,7383,196.2200,1.4400
1784799154.453291,4568,3734,6576,7373,197.4400,0.6900
1784799154.478352,4568,3752,6604,7392,197.4400,0.6900
1784799154.503859,4568,3771,6613,7392,200.1500,0.8100
1784799154.528956,4568,3593,6623,7458,200.1500,0.8100
1784799154.554316,4568,3790,6632,7411,200.1500,-0.8100
1784799154.579825,4568,3771,6613,7383,200.1500,-0.8100
1784799154.604940,4568,3771,6604,7401,200.1500,1.1200
1784799154.630140,4568,3565,6595,7439,200.1500,1.1200
1784799154.655811,4568,3649,6595,7439,197.4400,-0.8100
1784799154.680923,4568,3537,6548,7448,197.4400,-0.8100
1784799154.706087,4568,3640,6623,7373,202.8500,1.8800
1784799154.731237,4568,3490,6613,7401,202.8500,1.8800
1784799154.757303,4568,3527,6623,7373,200.1500,-2.0000
1784799154.782337,4568,3471,6595,7373,200.1500,-2.0000
1784799154.807404,4568,3583,6566,7411,197.4400,1.6900
1784799154.832922,4568,3602,6463,7364,197.4400,1.6900
1784799154.858322,4568,3583,6538,7354,200.1500,0.6900
1784799154.883386,4568,3621,6698,7326,200.1500,0.6900
1784799154.908899,4568,3593,6632,7289,205.5600,2.5000
1784799154.934008,4568,3715,6613,7270,205.5600,2.5000
1784799154.959281,4568,3593,6595,7214,197.4400,-2.1300
1784799154.984930,4568,3630,6623,7186,197.4400,-2.1300
1784799155.010010,4568,3555,6491,7195,200.1500,0.5600
1784799155.035113,4568,3555,6445,7129,200.1500,0.5600
1784799155.060890,4568,3780,6604,7101,202.8500,-1.8100
1784799155.086251,4568,3602,6473,7101,202.8500,-1.8100
1784799155.111274,4568,3715,6407,7186,202.8500,-0.1200
1784799155.136845,4568,3677,6360,7214,202.8500,-0.1200
1784799155.161976,4568,3752,6398,7242,202.8500,-2.9400
1784799155.187326,4568,3677,6463,7251,202.8500,2.6900
1784799155.212839,4568,3790,6595,7233,202.8500,2.6900
1784799155.237962,4568,3734,6670,7214,202.8500,2.6900
1784799155.263103,4568,3677,6717,7223,202.8500,0.3100
1784799155.288427,4568,3837,6717,7251,205.5600,5.1900
1784799155.313961,4568,3734,6895,7251,205.5600,5.1900
1784799155.339056,4568,3612,6782,7223,197.4400,0.3700
1784799155.364197,4568,3677,6454,7214,197.4400,0.3700
1784799155.389960,4568,3752,6454,7270,197.4400,0.3700
1784799155.415337,4568,3621,6407,7289,193.5700,1.1200
1784799155.440393,4568,3640,6445,7308,204.2300,0.1200
1784799155.465935,4568,3687,6407,7308,204.2300,0.1200
1784799155.491723,4568,3780,6341,7308,200.1500,0.9400
1784799155.516438,4568,3687,6341,7317,200.1500,0.9400
1784799155.541922,4568,3818,6285,7364,200.1500,-0.2500
1784799155.567031,4568,3799,6276,7383,200.1500,-0.2500
1784799155.592364,4568,3743,6323,7364,193.5700,-1.2500
1784799155.617922,4568,3780,6360,7289,193.5700,-1.2500
1784799155.643016,4568,3771,6332,7317,198.7100,-0.8100
1784799155.668117,4568,3687,6332,7401,198.7100,-0.8100
1784799155.693871,4568,3743,6332,7129,194.7400,-0.6900
1784799155.719018,4568,3668,6351,6942,194.7400,-0.6900
1784799155.744333,4568,3687,6294,6857,194.7400,0.1200
1784799155.769872,4568,3874,6313,6848,194.7400,0.1200
1784799155.795002,4568,3762,6313,6848,200.1500,-1.1200
1784799155.820369,4568,3799,6313,6848,200.1500,-1.1200
1784799155.845286,4568,3780,6313,6829,200.1500,-0.2500
1784799155.870977,4568,3855,6313,6829,200.1500,-0.2500
1784799155.896078,4568,3762,6294,6876,196.2200,-1.5600
1784799155.921348,4568,3837,6323,6904,196.2200,-1.5600
1784799155.946984,4568,3809,6332,6904,201.4700,0.1200
1784799155.972076,4568,3724,6294,6951,201.4700,0.1200
1784799155.997167,4568,3790,6304,6857,202.8500,-0.5600
1784799156.022966,4568,3780,6285,6820,202.8500,-0.5600
1784799156.048064,4568,3668,6313,6942,198.8700,-0.1900
1784799156.073634,4568,3696,6332,6998,198.8700,-0.1900
1784799156.098944,4568,3762,6276,7017,201.4700,-1.9400
1784799156.124365,4568,3715,6313,7120,201.4700,-1.9400
1784799156.149339,4568,3734,6313,7092,200.1500,-0.1200
1784799156.174933,4568,3687,6332,7101,200.1500,-0.1200
1784799156.200052,4568,3734,6360,7082,198.8700,-2.1900
1784799156.225365,4568,3705,6304,7064,198.8700,-2.1900
1784799156.250911,4568,3809,6360,7111,200.1500,0.4400
1784799156.276013,4568,3799,6285,7129,200.1500,0.4400
1784799156.301124,4568,3809,6304,7064,194.7400,0.6900
1784799156.326253,4568,3724,6294,7101,194.7400,0.6900
1784799156.352089,4568,3790,6332,7082,197.4400,2.6300
1784799156.377118,4568,3762,6285,7120,197.4400,2.6300
1784799156.402323,4568,3715,6341,7054,197.4400,-1.0600
1784799156.428017,4568,3752,6351,7073,197.4400,-1.0600
1784799156.453362,4568,3818,6285,7129,192.0300,2.3800
1784799156.478387,4568,3752,6351,7148,192.0300,2.3800
1784799156.503996,4568,3743,6370,7148,197.4400,-0.6300
1784799156.529094,4568,3799,6276,7111,197.4400,-0.6300
1784799156.554393,4568,3799,6266,7120,195.9500,1.1900
1784799156.579985,4568,3809,6285,7101,195.9500,1.1900
1784799156.605074,4568,3752,6294,7101,196.2200,-0.4400
1784799156.630162,4568,3799,6266,7120,196.2200,-0.4400
1784799156.655988,4568,3734,6257,7129,200.1500,-1.4400
1784799156.681077,4568,3734,6238,7129,200.1500,-1.4400
1784799156.706167,4568,3799,6191,7120,194.7400,-1.7500
1784799156.732135,4568,3790,6210,7101,194.7400,-1.7500
1784799156.757381,4568,3837,6154,7101,200.1500,1.5000
1784799156.782412,4568,3827,6173,7092,200.1500,1.5000
1784799156.807969,4568,3762,6173,7045,202.8500,-1.4400
1784799156.833050,4568,3846,6173,7026,202.8500,-1.4400
1784799156.858129,4568,3696,6135,6989,194.7400,0.7500
1784799156.883395,4568,3855,6126,7007,194.7400,0.7500
1784799156.909041,4568,3743,6154,7017,200.1500,0.8800
1784799156.934132,4568,3780,6154,7036,200.1500,0.8800
1784799156.959288,4568,3799,6097,7007,197.4400,4.1300
1784799156.985023,4568,3799,6135,6979,197.4400,4.1300
1784799157.010132,4568,3827,6144,6979,197.4400,-1.3100
1784799157.035302,4568,3799,6144,6979,197.4400,-1.3100
1784799157.061017,4568,3752,6163,6979,194.7400,1.7500
1784799157.086421,4568,3790,6135,6932,194.7400,1.7500
1784799157.111453,4568,3818,6163,6932,202.8500,-0.3100
1784799157.137013,4568,3837,6135,6904,200.1500,0.0600
1784799157.162107,4568,3771,6182,6876,200.1500,0.0600
1784799157.187445,4568,3809,6163,6885,200.1500,0.0600
1784799157.212955,4568,3855,6126,6923,200.1500,-0.7500
1784799157.238090,4568,3865,6126,6867,200.1500,-0.7500
1784799157.263196,4568,3846,6163,6876,200.1500,0.2500
1784799157.288955,4568,3884,6097,6848,200.1500,-0.1900
1784799157.314075,4568,3827,6069,6810,200.1500,-0.1900
1784799157.339197,4568,3884,6097,6857,200.1500,-0.1900
1784799157.364334,5103,3912,6088,6857,204.2300,0.8800
1784799157.390064,5159,3809,6032,6876,198.8700,1.4400
1784799157.415410,5112,3874,6069,6848,198.8700,1.4400
1784799157.440423,5131,3902,6069,6839,205.5600,-0.1200
1784799157.466055,5150,3949,5994,6848,205.5600,-0.1200
1784799157.491243,5131,3893,6032,6810,205.5600,0.3100
1784799157.516452,5122,3855,6107,6820,205.5600,0.3100
1784799157.542028,5159,3912,6051,6848,200.1500,0.5600
1784799157.567141,5188,3809,6107,6820,200.1500,0.5600
1784799157.592311,5159,3931,6069,6857,202.8500,1.8800
1784799157.618023,5141,3940,6069,6857,202.8500,1.8800
1784799157.643132,5150,3902,6060,6829,205.5600,0.2500
1784799157.668231,5150,4006,6032,6792,205.5600,0.2500
1784799157.694031,5197,4015,6013,6820,201.5300,-0.6300
1784799157.719426,5197,3987,5994,6820,201.5300,-0.6300
1784799157.744414,5206,4165,6041,6895,204.2300,-1.0600
1784799157.769975,5291,3921,5985,6895,204.2300,-1.0600
1784799157.795088,5281,3874,5994,6895,208.2600,-0.2500
1784799157.820578,5338,3912,5994,6857,208.2600,-0.2500
1784799157.845416,5244,3874,5976,6857,202.8500,-1.0000
1784799157.871215,5300,3902,5976,6810,202.8500,-1.0000
1784799157.896169,5338,3865,5976,6801,205.5600,1.0000
1784799157.921277,5291,3940,5994,6801,205.5600,1.0000
1784799157.947092,5225,3874,6041,6810,205.5600,-1.0000
1784799157.972178,5206,3921,6051,6801,205.5600,-1.0000
1784799157.997288,5244,3921,5891,6810,201.5300,-0.1200
1784799158.023092,5385,3893,5957,6754,201.5300,-0.1200
1784799158.048464,5272,3912,5938,6726,204.2300,-1.1200
1784799158.073448,5263,3865,5929,6885,204.2300,-1.1200
1784799158.099042,5272,3865,5882,6857,198.8700,0.1900
1784799158.124135,5338,3940,5854,6707,198.8700,0.1900
1784799158.149491,5263,3893,5854,6726,200.1500,-1.2500
1784799158.175056,5263,3912,5807,6735,200.1500,-1.2500
1784799158.200138,5291,3921,5816,6763,197.4400,-1.4400
1784799158.225237,5253,3912,5797,6735,197.4400,-1.4400
1784799158.250588,5281,3874,5750,6763,204.2300,0.3100
1784799158.276124,5291,3996,5788,6707,204.2300,0.3100
1784799158.301224,5291,3968,5816,6688,200.1500,-0.4400
1784799158.326661,5319,4015,5816,6698,200.1500,-0.4400
1784799158.352326,5263,3949,5835,6707,198.8700,0.1200
1784799158.377475,5291,4062,5779,6707,198.8700,0.1200
1784799158.402473,5244,4034,5835,6726,197.4400,-0.3700
1784799158.428092,5263,4081,5807,6632,197.4400,-0.3700
1784799158.453502,5309,4062,5797,6688,201.4700,1.6300
1784799158.478492,5263,4071,5797,6642,201.4700,1.6300
1784799158.504096,5272,4071,5750,6642,200.1500,-0.8100
1784799158.529236,5253,4090,5760,6660,200.1500,-0.8100
1784799158.554456,5272,4099,5750,6651,194.7400,0.1200
1784799158.580066,5272,4128,5788,6651,194.7400,0.1200
1784799158.605167,5272,4109,5750,6651,196.2200,-0.6300
1784799158.630319,5272,4128,5703,6632,196.2200,-0.6300
1784799158.656073,5272,4128,5694,6707,204.2300,2.1900
1784799158.681170,5272,4109,5703,6679,204.2300,2.1900
1784799158.706478,5272,4081,5666,6623,196.2200,-0.1200
1784799158.732046,5272,4221,5685,6613,196.2200,-0.1200
1784799158.757154,5272,4221,5675,6595,204.2300,-1.6300
1784799158.782703,5272,4287,5713,6660,204.2300,-1.6300
1784799158.807510,5272,4296,5657,6613,200.1500,-0.3100
1784799158.833147,5272,4315,5675,6679,200.1500,-0.3100
1784799158.858291,5272,4268,5628,6623,196.2200,-0.5000
1784799158.883477,5272,4287,5675,6595,196.2200,-0.5000
1784799158.909130,5272,4362,5666,6576,194.7400,-1.8100
1784799158.934231,5272,4400,5657,6613,194.7400,-1.8100
1784799158.959372,5272,4306,5657,6548,195.9500,-0.2500
1784799158.985126,5272,4315,5685,6632,195.9500,-0.2500
1784799159.010231,5272,4259,5628,6632,190.9200,-1.8800
1784799159.035527,5272,4259,5647,6566,190.9200,-1.8800
1784799159.061103,5272,4249,5638,6632,195.9500,2.9400
1784799159.086539,5272,4259,5647,6632,193.5700,0.5600
1784799159.111555,5272,4221,5703,6604,193.5700,0.5600
1784799159.137094,5272,4353,5657,6651,193.5700,0.5600
1784799159.162181,5272,4259,5666,6604,189.3300,0.8800
1784799159.187276,5272,4249,5647,6548,189.3300,0.8800
1784799159.213078,5272,4390,5647,6529,201.4700,-0.5000
1784799159.238162,5272,4334,5666,6510,190.9200,0.3100
1784799159.263266,5272,4343,5610,6529,190.9200,0.3100
1784799159.288360,5272,4390,5657,6501,190.9200,0.3100
1784799159.314167,5272,4390,5657,6529,204.2300,-2.1300
1784799159.339519,5272,4390,5582,6585,194.7400,0.8100
1784799159.364525,5272,4240,5582,6595,194.7400,0.8100
1784799159.390180,5272,4268,5544,6529,193.5700,-1.8800
1784799159.415529,5272,4325,5563,6557,193.5700,-1.8800
1784799159.440667,5272,4400,5563,6520,201.4700,0.8800
1784799159.466139,5272,4390,5572,6510,201.4700,0.8800
1784799159.491283,5272,4334,5525,6548,193.5700,-0.1900
1784799159.516545,5272,4278,5544,6538,193.5700,-0.1900
1784799159.542178,5272,4268,5544,6557,201.4700,2.1300
1784799159.567238,5272,4334,5516,6510,201.4700,2.1300
1784799159.592439,5272,4371,5525,6510,196.2200,0.3100
1784799159.618120,5272,4296,5516,6491,196.2200,0.3100
1784799159.643214,5272,4325,5544,6463,194.7400,0.9400
1784799159.668680,5272,4381,5506,6538,194.7400,0.9400
1784799159.694084,5272,4475,5506,6566,197.4400,0.8800
1784799159.719206,5272,4418,5497,6520,197.4400,0.8800
1784799159.744488,5272,4493,5469,6491,204.2300,0.1900
1784799159.769523,5272,4493,5478,6529,204.2300,0.1900
1784799159.795190,5272,4390,5469,6557,196.2200,-0.7500
1784799159.820277,5272,4428,5469,6501,196.2200,-0.7500
1784799159.845679,5272,4446,5469,6585,200.1500,-0.5600
1784799159.871175,5272,4418,5488,6435,200.1500,-0.5600
1784799159.896434,5272,4400,5488,6435,200.1500,0.3700
1784799159.921384,5272,4381,5460,6482,200.1500,0.3700
1784799159.947172,5272,4465,5460,6454,194.7400,-0.8800
1784799159.972521,5272,4409,5478,6426,194.7400,-0.8800
1784799159.997527,5272,4428,5478,6416,194.7400,0.3100
1784799160.023150,5272,4484,5488,6398,194.7400,0.3100
1784799160.048241,5272,4493,5506,6426,194.7400,-0.6900
1784799160.073554,5272,4550,5478,6463,194.7400,-0.6900
1784799160.099141,5272,4484,5553,6426,192.0300,-0.8100
1784799160.124409,5272,4484,5469,6426,192.0300,-0.8100
1784799160.149349,5272,4531,5525,6416,197.4400,1.1200
1784799160.174535,5272,4465,5563,6388,197.4400,1.1200
1784799160.200221,5272,4512,5553,6407,197.4400,0.8100
1784799160.225330,5272,4568,5619,6445,197.4400,0.8100
1784799160.250578,5272,4522,5544,6520,197.4400,0.8100
1784799160.276224,5272,4550,5591,6501,197.4400,0.8100
1784799160.301526,5272,4512,5553,6482,197.4400,-0.8100
1784799160.326534,5272,4531,5535,6510,197.4400,-0.8100
1784799160.352233,5272,4512,5544,6463,202.8500,-2.0600
1784799160.377555,5272,4493,5516,6435,202.8500,-2.0600
1784799160.402550,5272,4493,5506,6463,202.8500,-0.3700
1784799160.428204,5272,4531,5506,6426,202.8500,-0.3700
1784799160.453289,5272,4559,5478,6388,202.8500,-1.6900
1784799160.478695,5272,4559,5488,6445,202.8500,-1.6900
1784799160.504179,5272,4550,5469,6445,200.1500,0.1900
1784799160.529288,5272,4493,5450,6304,200.1500,0.1900
1784799160.554375,5272,4531,5497,6229,197.4400,0.2500
1784799160.580179,5272,4446,5413,6285,197.4400,0.2500
1784799160.605565,5272,4493,5460,6323,200.1500,6.4400
1784799160.630589,5272,4540,5413,6294,200.1500,6.4400
1784799160.656168,5272,4512,5413,6276,197.4400,0.0000
1784799160.681379,5272,4606,5385,6304,197.4400,0.0000
1784799160.706700,5272,4484,5356,6323,194.7400,-0.1900
1784799160.731608,5272,4531,5413,6351,194.7400,-0.1900
1784799160.757240,5272,4559,5356,6360,200.1500,-0.8100
1784799160.782343,5272,4531,5347,6266,200.1500,-0.8100
1784799160.807610,5272,4578,5309,6238,197.4400,0.3700
1784799160.833249,5272,4559,5319,6219,197.4400,0.3700
1784799160.858332,5272,4568,5272,6210,197.4400,-2.0600
1784799160.883428,5272,4578,5253,6229,197.4400,-2.0600
1784799160.909248,5272,4597,5253,6210,202.8500,-0.1200
1784799160.934654,5272,4653,5234,6191,202.8500,-0.1200
1784799160.959601,5272,4597,5244,6191,194.7400,-1.2500
1784799160.985247,5272,4653,5281,6257,194.7400,-1.2500
1784799161.010596,5272,4634,5225,6238,198.8700,1.6900
1784799161.035616,5272,4587,5253,6210,198.8700,1.6900
1784799161.061223,5272,4653,5234,6210,204.2300,-0.6900
1784799161.086297,5272,4634,5216,6144,204.2300,-0.6900
1784799161.111413,5272,4634,5234,6163,205.5600,-3.3100
1784799161.137167,5272,4662,5263,6163,205.5600,-3.3100
1784799161.162487,5272,4681,5244,6210,205.5600,0.6300
1784799161.187407,5272,4597,5281,6219,205.5600,0.6300
1784799161.212509,5272,4653,5225,6191,201.5300,-1.1200
1784799161.238407,5272,4643,5234,6201,201.5300,-1.1200
1784799161.263600,5272,4634,5178,6201,204.2300,0.6300
1784799161.288781,5272,4606,5216,6201,198.8700,0.6300
1784799161.314250,5272,4681,5159,6210,198.8700,0.6300
1784799161.339619,5272,4728,5197,6219,198.8700,0.6300
1784799161.364615,5272,4615,5197,6163,202.8500,0.1900
1784799161.390366,5272,4662,5178,6238,205.5600,-3.0000
1784799161.415347,5272,4672,5188,6238,205.5600,-3.0000
1784799161.440441,5272,4643,5206,6191,206.9900,1.1200
1784799161.466230,5272,4653,5206,6229,206.9900,1.1200
1784799161.491324,5272,4690,5188,6173,206.9900,1.1200
1784799161.516455,5272,4831,5206,6154,201.5300,-1.1900
1784799161.542277,5272,4831,5206,6144,205.5600,3.0000
1784799161.567629,5272,4728,5178,6154,205.5600,3.0000
1784799161.592681,5272,4747,5169,6191,194.7400,0.9400
1784799161.618214,5272,4747,5150,6163,194.7400,0.9400
1784799161.643320,5272,4803,5188,6163,197.4400,1.9400
1784799161.668643,5272,4728,5159,6088,197.4400,1.9400
1784799161.694217,5272,4737,5178,6097,194.7400,-0.1200
1784799161.719303,5272,4718,5169,6135,194.7400,-0.1200
1784799161.744531,5272,4756,5131,6116,195.9500,1.7500
1784799161.769645,5272,4765,5094,6163,195.9500,1.7500
1784799161.795290,5272,4690,5197,6069,190.9200,-0.6300
1784799161.820381,5272,4765,5103,6116,190.9200,-0.6300
1784799161.845492,5272,4765,5131,6097,194.7400,-0.2500
1784799161.871638,5272,4803,5122,6079,194.7400,-0.2500
1784799161.896623,5272,4709,5122,6126,200.1500,-1.1200
1784799161.921662,5272,4812,5150,6107,200.1500,-1.1200
1784799161.947276,5272,4812,5122,6116,197.4400,-0.3700
1784799161.972498,5272,4878,5103,6144,197.4400,-0.3700
1784799161.997613,5272,4850,5112,6126,197.4400,0.0000
1784799162.023275,5272,4878,5066,6144,197.4400,0.0000
1784799162.048354,5272,4925,5141,6154,201.4700,1.3700
1784799162.073476,5272,4925,5066,6116,201.4700,1.3700
1784799162.099253,5272,4944,5084,6097,194.7400,1.2500
1784799162.124351,5272,4906,5103,6154,194.7400,1.2500
1784799162.149469,5272,5009,5066,6097,200.1500,-1.4400
1784799162.175215,5272,5094,5103,6154,200.1500,-1.4400
1784799162.201169,5272,5019,5047,6060,196.2200,-0.5000
1784799162.225665,5272,5122,5056,6088,196.2200,-0.5000
1784799162.251212,5272,5075,5047,6088,197.4400,-0.8800
1784799162.276320,5272,5169,5066,6088,197.4400,-0.8800
1784799162.301661,5272,5075,5028,6032,202.8500,-0.2500
1784799162.326787,5272,5066,5056,6107,202.8500,-0.2500
1784799162.352303,5272,5244,5047,6154,194.7400,0.0600
1784799162.377403,5272,5009,5037,6088,194.7400,0.0600
1784799162.402667,5272,4972,5037,6013,200.1500,0.4400
1784799162.428455,5272,4887,4991,5976,200.1500,0.4400
1784799162.453413,5272,4887,5056,6013,204.2300,0.0600
1784799162.478510,5272,4878,4972,5985,204.2300,0.0600
1784799162.504287,5272,4869,4962,6060,190.9200,-1.5000
1784799162.529713,5272,4944,4925,6088,190.9200,-1.5000
1784799162.554782,5272,4944,4878,6032,201.4700,-0.8100
1784799162.580276,5272,5150,4944,6060,201.4700,-0.8100
1784799162.605376,5272,5169,4962,6022,188.2700,-1.1200
1784799162.630706,5272,5197,4906,6060,188.2700,-1.1200
1784799162.656421,5272,5056,4953,6004,192.0300,0.3700
1784799162.681374,5272,5028,4915,6013,192.0300,0.3700
1784799162.706489,5272,4991,4915,5976,194.7400,1.3100
1784799162.731739,5272,5066,4906,6022,194.7400,1.3100
1784799162.757357,5272,5112,4906,6041,200.1500,0.3100
1784799162.782596,5272,5047,4934,6004,200.1500,0.3100
1784799162.807582,5272,5188,4897,5994,194.7400,0.9400
1784799162.833745,5272,5103,4915,5976,194.7400,0.9400
1784799162.858715,5272,4850,4925,5985,194.7400,0.6300
1784799162.883708,5272,4915,4869,5976,194.7400,0.6300
1784799162.909337,5272,4775,4850,5976,197.4400,1.8100
1784799162.934426,5272,4859,4878,5947,197.4400,1.8100
1784799162.959658,5272,4897,4850,5966,192.0300,0.0600
1784799162.985322,5272,4869,4859,5966,192.0300,0.0600
1784799163.010493,5272,4831,4822,5957,194.7400,-3.1300
1784799163.035545,5272,4859,4794,5929,194.7400,-3.1300
1784799163.061316,5272,4869,4831,5957,194.7400,-1.9400
1784799163.086426,5272,4869,4812,5957,194.7400,-1.9400
1784799163.111503,5272,4859,4822,5900,197.4400,2.5000
1784799163.137277,5272,4850,4756,5938,197.4400,2.5000
1784799163.162717,5272,4925,4756,5957,200.1500,2.2500
1784799163.187699,5272,4906,4747,5872,200.1500,2.2500
1784799163.213259,5272,4915,4747,5900,201.5300,0.4400
1784799163.238448,5272,4887,4756,5891,204.2300,0.1900
1784799163.263710,5272,4878,4775,5872,204.2300,0.1900
1784799163.288729,5272,5066,4747,5910,204.2300,0.1900
1784799163.314367,5272,4840,4765,5872,200.1500,-0.6300
1784799163.339454,5272,4878,4728,5863,200.1500,-0.6300
1784799163.364597,5272,5159,4737,5891,197.4400,-0.2500
1784799163.390352,5272,5131,4718,5882,205.5600,-0.5600
1784799163.415635,5272,5544,4681,5825,205.5600,-0.5600
1784799163.440596,5272,5488,4643,5882,205.5600,-0.5600
1784799163.466396,5272,5366,4681,5872,205.5600,0.0000
1784799163.491744,5272,5422,4662,5919,200.1500,-1.0000
1784799163.516733,5272,5178,4643,5891,200.1500,-1.0000
1784799163.542406,5272,5413,4606,5863,205.5600,0.3100
1784799163.567438,5272,5385,4625,5910,205.5600,0.3100
1784799163.592760,5272,5478,4653,5844,209.4800,1.5000
1784799163.618323,5272,5460,4653,5825,209.4800,1.5000
1784799163.643481,5272,5488,4615,5825,206.9900,0.8800
1784799163.668517,5272,5525,4672,5844,206.9900,0.8800
1784799163.693935,5272,5553,4672,5825,193.5700,1.1900
1784799163.719405,5272,5469,4690,5825,193.5700,1.1900
1784799163.744519,5272,5394,4718,5807,202.8500,1.2500
1784799163.769605,5272,5431,4765,5844,202.8500,1.2500
1784799163.795705,5272,5413,4747,5863,200.1500,-0.3700
1784799163.820695,5272,5469,4775,5807,200.1500,-0.3700
1784799163.845693,5272,5450,4794,5835,201.4700,0.8800
1784799163.871390,5272,5469,4756,5807,201.4700,0.8800
1784799163.896477,5272,5469,4690,5769,198.8700,0.3700
1784799163.921776,5272,5178,4681,5807,198.8700,0.3700
1784799163.947375,5272,4840,4718,5732,198.7100,2.8800
1784799163.972516,5272,4840,4662,5797,198.7100,2.8800
1784799163.997570,5272,5037,4615,5750,200.1500,-0.0600
1784799164.023356,5272,5019,4681,5732,200.1500,-0.0600
1784799164.048509,5272,4962,4634,5779,200.1500,-1.4400
1784799164.073558,5272,5000,4625,5732,200.1500,-1.4400
1784799164.099353,5272,5066,4643,5741,201.5300,-1.8800
1784799164.124757,5272,5291,4615,5863,201.5300,-1.8800
1784799164.149733,5272,5206,4672,5816,202.8500,0.2500
1784799164.175368,5272,5206,4690,5750,202.8500,0.2500
1784799164.200446,5272,5188,4662,5825,206.9900,-0.8800
1784799164.225770,5272,5225,4662,5779,206.9900,-0.8800
1784799164.251396,5272,5075,4662,5713,198.8700,0.6900
1784799164.276447,5272,5075,4625,5741,198.8700,0.6900
1784799164.301553,5272,5009,4559,5722,205.5600,0.3100
1784799164.326777,5272,4972,4512,5750,205.5600,0.3100
1784799164.352427,5272,5028,4531,5835,201.4700,1.0600
1784799164.377524,5272,5066,4587,5722,201.4700,1.0600
1784799164.402832,5272,5131,4653,5722,200.1500,-0.0600
1784799164.428450,5272,5206,4559,5741,200.1500,-0.0600
1784799164.453769,5272,5141,4578,5694,202.8500,-0.0600
1784799164.478770,5272,5159,4568,5703,202.8500,-0.0600
1784799164.504406,5272,5141,4578,5732,198.8700,-1.2500
1784799164.529751,5272,5206,4568,5741,198.8700,-1.2500
1784799164.554762,5272,5047,4606,5769,202.8500,-0.8100
1784799164.580492,5272,5403,4606,5788,202.8500,-0.8100
1784799164.605500,5272,5403,4606,5779,205.5600,-0.3100
1784799164.630615,5272,5094,4662,5844,205.5600,-0.3100
1784799164.656397,5272,5422,4653,5807,200.1500,0.5600
1784799164.681491,5272,5131,4634,5797,200.1500,0.5600
1784799164.706594,5272,5572,4672,5807,202.8500,-1.3100
1784799164.732384,5272,5525,4718,5825,202.8500,-1.3100
1784799164.757675,5272,5328,4643,5863,197.4400,-0.3100
1784799164.782839,5272,5441,4587,5807,197.4400,-0.3100
1784799164.808360,5272,5647,4587,5769,200.1500,-0.1200
1784799164.833464,5272,5478,4587,5797,200.1500,-0.1200
1784799164.858762,5272,4981,4625,5741,204.2300,0.3700
1784799164.883786,5272,5009,4587,5779,204.2300,0.3700
1784799164.909444,5272,4953,4597,5703,196.2200,0.8100
1784799164.934538,5272,5375,4606,5750,196.2200,0.8100
1784799164.959783,5272,5619,4540,5750,202.8500,0.8100
1784799164.985616,5272,5525,4634,5760,202.8500,0.8100
1784799165.010543,5272,5488,4550,5769,200.1500,3.1900
1784799165.036181,5272,5385,4578,5760,200.1500,3.1900
1784799165.061435,5272,5385,4568,5675,204.2300,0.3100
1784799165.086827,5272,5356,4606,5722,204.2300,0.3100
1784799165.111843,5272,5309,4587,5703,198.8700,-1.5000
1784799165.137411,5272,5338,4625,5703,198.8700,-1.5000
1784799165.162539,5272,5272,4522,5722,200.1500,-1.0600
1784799165.187822,5272,5253,4568,5694,200.1500,-1.0600
1784799165.213425,5272,5281,4531,5685,202.8500,1.0000
1784799165.238734,5272,5272,4625,5750,202.8500,1.0000
1784799165.263597,5272,5356,4540,5694,197.4400,0.0600
1784799165.288920,5272,5338,4587,5675,197.4400,0.0600
1784799165.314546,5272,5356,4540,5685,198.7100,1.3700
1784799165.339602,5272,5291,4550,5675,197.4400,-0.1200
1784799165.364786,5272,5385,4531,5694,197.4400,-0.1200
1784799165.390832,5272,5319,4503,5685,197.4400,-0.1200
1784799165.415864,5272,5394,4493,5685,196.2200,1.0000
1784799165.440901,5272,5394,4475,5685,200.1500,-1.8100
1784799165.466460,5272,5422,4493,5628,200.1500,-1.8100
1784799165.491855,5272,5525,4456,5694,194.7400,0.0600
1784799165.516867,5272,5441,4512,5647,194.7400,0.0600
1784799165.542641,5272,5460,4512,5666,200.1500,-0.7500
1784799165.567559,5272,5825,4493,5657,200.1500,-0.7500
1784799165.592682,5272,5225,4493,5619,200.1500,-1.8800
1784799165.618443,5272,5141,4493,5600,200.1500,-1.8800
1784799165.643706,5272,5084,4475,5628,200.1500,-0.1200
1784799165.668688,6238,5084,4465,5600,200.1500,-0.1200
1784799165.694441,6304,5441,4465,5591,200.1500,0.1200
1784799165.719867,6323,5469,4493,5591,200.1500,0.1200
1784799165.744852,6313,5431,4437,5553,200.1500,0.7500
1784799165.770396,6332,5431,4437,5553,200.1500,0.7500
1784799165.795522,6276,5779,4409,5591,202.8500,-0.5600
1784799165.820860,6323,5835,4437,5563,202.8500,-0.5600
1784799165.845922,6370,5797,4456,5582,194.7400,0.8100
1784799165.871521,6360,5844,4512,5572,194.7400,0.8100
1784799165.896605,6313,5825,4531,5657,194.7400,-0.8800
1784799165.921939,6332,5807,4456,5591,194.7400,-0.8800
1784799165.947501,6426,5797,4465,5600,197.4400,0.3100
1784799165.972606,6416,5779,4456,5582,197.4400,0.3100
1784799165.997763,6388,5750,4531,5563,192.0300,0.2500
1784799166.023491,6454,5694,4475,5563,192.0300,0.2500
1784799166.048852,6463,5797,4540,5478,194.7400,1.5000
1784799166.073878,6463,5732,4568,5497,194.7400,1.5000
1784799166.099489,6491,5675,4568,5478,192.0300,2.5000
1784799166.124597,6520,5694,4465,5478,192.0300,2.5000
1784799166.149895,6538,5788,4503,5478,192.0300,0.7500
1784799166.175469,6510,5732,4634,5497,192.0300,0.7500
1784799166.200654,6491,5713,4634,5544,194.7400,-0.0600
1784799166.225680,6501,5713,4540,5600,194.7400,-0.0600
1784799166.251452,6491,5788,4484,5535,192.0300,-0.0600
1784799166.276544,6548,5816,4550,5516,192.0300,-0.0600
1784799166.301658,6482,5825,4446,5450,189.3300,-1.6300
1784799166.326847,6510,5797,4503,5535,189.3300,-1.6300
1784799166.352880,6576,5769,4550,5582,186.6200,0.2500
1784799166.377909,6482,5854,4475,5506,186.6200,0.2500
1784799166.402911,6520,5854,4531,5535,186.6200,1.2500
1784799166.428525,6501,5750,4522,5628,186.6200,1.2500
1784799166.453904,6566,5825,4475,5582,186.6200,0.0000
1784799166.478949,6463,5769,4446,5572,186.6200,0.0000
1784799166.504522,6520,5769,4446,5619,181.2100,3.6300
1784799166.529608,6548,5882,4475,5591,181.2100,3.6300
1784799166.554781,6548,5779,4400,5628,178.5100,-0.7500
1784799166.580501,6548,5779,4428,5628,178.5100,-0.7500
1784799166.605594,6482,5835,4390,5469,178.5100,-2.4400
1784799166.630711,6510,5854,4400,5413,178.5100,-2.4400
1784799166.656483,6491,5891,4437,5413,178.5100,-1.7500
1784799166.681915,6538,5947,4503,5413,178.5100,-1.7500
1784799166.706878,6529,5900,4400,5375,175.0100,-0.2500
1784799166.732450,6548,5985,4437,5441,175.0100,-0.2500
1784799166.757579,6595,5703,4381,5488,178.5100,-4.8800
1784799166.782930,6595,5356,4334,5488,178.5100,-4.8800
1784799166.807985,6595,5750,4446,5497,179.3900,0.5000
1784799166.833567,6595,5816,4428,5497,179.3900,0.5000
1784799166.858670,6595,5413,4456,5469,175.8000,-2.0600
1784799166.883868,6595,5422,4456,5422,175.8000,-2.0600
1784799166.909564,6595,5460,4475,5403,172.3600,-1.1900
1784799166.934664,6595,5422,4475,5422,172.3600,-1.1900
1784799166.959883,6595,5431,4475,5422,175.8000,-1.0000
1784799166.985558,6595,5460,4446,5431,175.8000,-1.0000
1784799167.010917,6595,5478,4475,5403,178.5100,0.8100
1784799167.035964,6595,5488,4409,5385,178.5100,0.8100
1784799167.061524,6595,5553,4381,5385,181.2100,-0.3700
1784799167.086632,6595,5525,4353,5422,181.2100,-0.3700
1784799167.111944,6595,5506,4362,5441,184.9100,0.8800
1784799167.137523,6595,5488,4334,5385,184.9100,0.8800
1784799167.162632,6595,5525,4278,5403,185.6200,0.1900
1784799167.187718,6595,5469,4259,5460,185.6200,0.1900
1784799167.213476,6595,5413,4268,5478,187.6700,1.3100
1784799167.238612,6595,5441,4240,5450,187.6700,1.3100
1784799167.263734,6595,5403,4259,5460,189.3300,1.4400
1784799167.289481,6595,5478,4212,5450,197.4400,-0.3100
1784799167.314978,6595,5788,4231,5469,197.4400,-0.3100
1784799167.339958,6595,6097,4203,5450,197.4400,-0.3100
1784799167.365039,6595,6135,4268,5441,190.9200,-1.3100
1784799167.390577,6595,5722,4193,5460,195.9500,0.8800
1784799167.415694,6595,5854,4306,5413,195.9500,0.8800
1784799167.441023,6595,5891,4343,5413,200.1500,-1.3700
1784799167.466609,6595,5535,4334,5394,200.1500,-1.3700
1784799167.491684,6595,5506,4334,5366,200.1500,-1.3700
1784799167.516844,6595,5628,4334,5385,197.4400,1.1200
1784799167.542563,6595,5610,4296,5347,198.8700,-1.1200
1784799167.567708,6595,5703,4371,5347,198.8700,-1.1200
1784799167.592809,6595,5844,4446,5338,198.8700,-1.1200
1784799167.618587,6595,5769,4371,5338,197.4400,0.1900
1784799167.644161,6595,5807,4306,5375,200.1500,0.3700
1784799167.668968,6595,5741,4278,5347,200.1500,0.3700
1784799167.694544,6595,5760,4334,5356,204.2300,0.0000
1784799167.719691,6595,5750,4249,5319,204.2300,0.0000
1784799167.744966,6595,5703,4390,5338,196.2200,-1.3700
1784799167.770548,6595,5703,4231,5366,196.2200,-1.3700
1784799167.795644,6595,5779,4221,5356,202.8500,0.0000
1784799167.820754,6595,5760,4268,5328,202.8500,0.0000
1784799167.846036,6595,5722,4221,5319,202.8500,-1.6900
1784799167.871650,6595,5779,4184,5300,202.8500,-1.6900
1784799167.896782,6595,5760,4221,5300,201.4700,0.0600
1784799167.921891,6595,5854,4249,5347,201.4700,0.0600
1784799167.947621,6595,5788,4268,5328,196.2200,-0.9400
1784799167.972960,6595,5872,4193,5319,196.2200,-0.9400
1784799167.998002,6595,5750,4287,5319,197.4400,-1.7500
1784799168.023595,6595,5788,4203,5319,197.4400,-1.7500
1784799168.048703,6595,5779,4184,5300,200.1500,-0.2500
1784799168.074028,6595,5825,4325,5300,200.1500,-0.2500
1784799168.099596,6595,5844,4240,5281,200.1500,1.6900
1784799168.124686,6595,5844,4249,5300,200.1500,1.6900
1784799168.149827,6595,5825,4259,5309,202.8500,-0.4400
1784799168.175659,6595,5797,4221,5291,202.8500,-0.4400
1784799168.200734,6595,5816,4203,5328,202.8500,2.8800
1784799168.225780,6595,5863,4268,5281,202.8500,2.8800
1784799168.251585,6595,5835,4287,5263,202.8500,2.5600
1784799168.276996,6595,5863,4231,5309,202.8500,2.5600
1784799168.302027,6595,5882,4221,5244,205.5600,0.1200
1784799168.327099,6595,5929,4231,5234,205.5600,0.1200
1784799168.352646,6595,5910,4231,5263,202.8500,-1.8100
1784799168.377748,6595,6022,4203,5263,202.8500,-1.8100
1784799168.403073,6595,6022,4184,5225,208.2600,-0.6900
1784799168.428663,6595,6135,4118,5234,208.2600,-0.6900
1784799168.453757,6595,6088,4156,5225,204.2300,0.3700
1784799168.478871,6595,6116,4128,5234,204.2300,0.3700
1784799168.504620,6595,5966,4137,5300,201.5300,0.3100
1784799168.529784,6595,5929,4062,5281,201.5300,0.3100
1784799168.555055,6595,5910,4062,5263,205.5600,-0.1900
1784799168.580601,6595,5957,3996,5263,205.5600,-0.1900
1784799168.606024,6595,5994,4006,5244,202.8500,0.0000
1784799168.631064,6595,6069,4034,5253,202.8500,0.0000
1784799168.656632,6595,6013,4006,5216,202.8500,-0.6900
1784799168.681695,6595,6041,4062,5253,202.8500,-0.6900
1784799168.707033,6595,6069,4062,5244,205.5600,-0.7500
1784799168.732592,6595,6032,4081,5131,205.5600,-0.7500
1784799168.757707,6595,6107,4062,5131,200.1500,-0.6300
1784799168.782849,6595,6116,4024,5169,200.1500,-0.6300
1784799168.808552,6595,6051,4071,5234,202.8500,-0.6300
1784799168.833671,6595,6097,4109,5234,202.8500,-0.6300
1784799168.858770,6595,6069,4193,5141,200.1500,0.5000
1784799168.884182,6595,6060,4118,5141,200.1500,0.5000
1784799168.909652,6595,6069,4071,5141,205.5600,-1.3700
1784799168.935064,6595,6060,3987,5122,205.5600,-1.3700
1784799168.960393,6595,6032,4024,5122,202.8500,-0.3700
1784799168.985647,6595,6069,4034,5122,202.8500,-0.3700
1784799169.010803,6595,5994,3987,5253,205.5600,-0.6300
1784799169.036070,6595,6051,3977,5234,205.5600,-0.6300
1784799169.061630,6595,6032,3949,5234,205.5600,-0.1200
1784799169.086729,6595,6013,3949,5272,205.5600,-0.1200
1784799169.111899,6595,6079,3931,5309,200.1500,0.6300
1784799169.137645,6595,6116,3940,5291,200.1500,0.6300
1784799169.162740,6595,6116,3931,5309,202.8500,1.5600
1784799169.187842,6595,6079,3949,5281,202.8500,1.5600
1784799169.213640,6595,6491,3893,5244,196.2200,-0.0600
1784799169.239074,6595,6248,3987,5300,196.2200,-0.0600
1784799169.264083,6595,6163,3996,5234,206.9900,1.2500
1784799169.289576,6595,6097,3931,5225,206.9900,1.2500
1784799169.314714,6595,6079,3968,5244,197.4400,-1.2500
1784799169.340060,6595,6079,4024,5234,197.4400,-1.2500
1784799169.365168,6595,6163,3987,5216,198.8700,-1.7500
1784799169.390705,6595,6051,4006,5225,198.8700,-1.7500
1784799169.415799,6595,6051,4006,5281,198.7100,-3.1900
1784799169.441064,6595,6060,3968,5281,198.7100,-3.1900
1784799169.466769,6595,6060,3996,5197,205.5600,0.3700
1784799169.491839,6595,6126,3931,5197,201.5300,-0.2500
1784799169.516942,6595,6069,3959,5225,201.5300,-0.2500
1784799169.542675,6595,6069,3912,5206,201.5300,-0.2500
1784799169.568082,6595,6097,3968,5216,202.8500,0.5600
1784799169.593086,6595,6069,3912,5225,206.9900,0.4400
1784799169.618672,6595,6097,3893,5216,206.9900,0.4400
1784799169.643882,6595,6182,3902,5216,202.8500,-0.5000
1784799169.669106,6595,6107,3931,5206,202.8500,-0.5000
1784799169.694807,6595,6079,3931,5206,202.8500,-0.6900
1784799169.719766,6595,6219,3949,5206,202.8500,-0.6900
1784799169.745000,6595,6116,3968,5234,197.4400,0.5600
1784799169.770672,6595,6088,3987,5234,197.4400,0.5600
1784799169.795809,6595,6154,3940,5234,200.1500,0.4400
1784799169.820869,6595,6116,3912,5234,200.1500,0.4400
1784799169.846630,6595,6107,3931,5169,194.7400,0.1900
1784799169.872197,6595,6107,3921,5188,194.7400,0.1900
1784799169.897086,6595,6163,3921,5150,200.1500,-0.0600
1784799169.922703,6595,6201,3940,5216,200.1500,-0.0600
1784799169.947745,6595,6088,3902,5216,196.2200,-1.7500
1784799169.973080,6595,6201,3874,5075,196.2200,-1.7500
1784799169.998137,6595,6248,3912,5037,201.4700,0.3700
1784799170.023757,6595,6294,3855,4972,201.4700,0.3700
1784799170.048906,6595,6191,3921,4944,197.4400,-2.1300
1784799170.074011,6595,6154,3874,4944,197.4400,-2.1300
1784799170.099719,6595,6173,3884,4962,202.8500,0.8100
1784799170.124817,6595,6182,3949,4962,202.8500,0.8100
1784799170.149960,6595,6219,3799,4934,200.1500,-0.6900
1784799170.175723,6595,6257,3827,4934,200.1500,-0.6900
1784799170.201078,6595,6163,3837,4953,198.8700,2.1900
1784799170.226119,6595,6191,3818,4944,198.8700,2.1900
1784799170.251707,6595,6248,3837,4944,204.2300,0.4400
1784799170.276852,6595,6229,3837,4915,204.2300,0.4400
1784799170.302121,6595,6257,3874,4944,200.1500,1.7500
1784799170.327698,6595,6219,3799,4887,200.1500,1.7500
1784799170.352782,6595,6285,3799,4897,200.1500,-0.3100
1784799170.377926,6595,6304,3846,4859,200.1500,-0.3100
1784799170.403688,6595,6276,3771,4915,198.8700,1.5600
1784799170.428795,6595,6304,3837,5000,198.8700,1.5600
1784799170.453896,6595,6304,3827,5122,200.1500,-0.2500
1784799170.479661,6595,6351,3771,5216,200.1500,-0.2500
1784799170.505113,6595,6351,3846,5103,209.7500,-0.8100
1784799170.530119,6595,6304,3762,5075,209.7500,-0.8100
1784799170.555644,6595,6304,3734,5066,196.2200,0.6300
1784799170.580773,6595,6294,3780,5084,196.2200,0.6300
1784799170.606138,6595,6248,3780,5019,200.1500,0.0600
1784799170.631188,6595,6313,3762,5019,200.1500,0.0600
1784799170.656753,6595,6332,3780,4906,200.1500,0.6300
1784799170.681860,6595,6351,3771,4878,200.1500,0.6300
1784799170.707197,6595,6266,3771,4887,204.2300,-0.8100
1784799170.732758,6595,6285,3734,4981,204.2300,-0.8100
1784799170.757845,6595,6313,3818,5075,198.8700,0.0600
1784799170.783043,6595,6313,3780,5131,198.8700,0.0600
1784799170.808763,6595,6332,3809,5047,200.1500,-0.0600
1784799170.834162,6595,6323,3743,5094,200.1500,-0.0600
1784799170.859174,6595,6313,3790,5019,200.1500,0.3100
1784799170.884739,6595,6379,3715,4981,200.1500,0.3100
1784799170.910344,6595,6379,3771,4972,202.8500,-0.8800
1784799170.935180,6595,6313,3780,4981,202.8500,-0.8800
1784799170.960731,6595,6313,3724,5000,202.8500,1.1900
1784799170.985823,6595,6332,3752,4991,202.8500,1.1900
1784799171.010940,6595,6351,3771,4953,206.9900,-0.3100
1784799171.036781,6595,6323,3780,4981,206.9900,-0.3100
1784799171.061813,6595,6341,3799,4981,198.8700,0.7500
1784799171.086956,6595,6360,3799,4981,198.8700,0.7500
1784799171.112729,6595,6379,3809,4962,200.1500,-0.9400
1784799171.138157,6595,6379,3790,4915,200.1500,-0.9400
1784799171.163173,6595,6398,3799,4915,198.7100,1.6300
1784799171.188709,6595,6445,3818,4915,198.7100,1.6300
1784799171.213807,6595,6379,3752,4897,202.8500,1.0600
1784799171.239179,6595,6388,3743,4953,202.8500,1.0600
1784799171.264237,6595,6435,3734,4944,200.1500,1.8100
1784799171.289797,6595,6388,3846,4962,200.1500,1.8100
1784799171.314936,6595,6398,3771,4991,200.1500,1.1900
1784799171.340232,6595,6370,3677,5056,200.1500,1.1900
1784799171.365797,6595,6426,3705,5009,205.5600,1.5000
1784799171.390891,6595,6416,3715,5000,205.5600,1.5000
1784799171.416057,6595,6435,3696,5000,193.5700,2.8800
1784799171.441795,6595,6454,3668,4981,206.9900,2.1900
1784799171.467207,6595,6445,3743,4915,206.9900,2.1900
1784799171.492223,6595,6482,3621,5197,206.9900,2.1900
1784799171.517780,6595,6510,3574,4962,202.8500,-0.9400
1784799171.543175,6595,6538,3555,5497,200.1500,0.2500
1784799171.568195,6595,6501,3658,5131,200.1500,0.2500
1784799171.593913,6595,6548,3518,5131,198.8700,1.5000
1784799171.618869,6595,6576,3593,5037,198.8700,1.5000
1784799171.644443,6595,6979,3546,5488,200.1500,0.0000
1784799171.669764,6595,7073,3508,5347,200.1500,0.0000
1784799171.695015,6595,6942,3527,5356,200.1500,0.6900
1784799171.719956,6595,6998,3499,5338,200.1500,0.6900
1784799171.745750,6595,6998,3499,5356,197.4400,-2.4400
1784799171.770865,6595,6942,3537,5356,197.4400,-2.4400
1784799171.796153,6595,6923,3499,5338,205.5600,1.6900
1784799171.821751,6595,6792,3527,5338,205.5600,1.6900
1784799171.846844,6595,6848,3499,5338,197.4400,0.5000
1784799171.872185,6595,6782,3527,5150,197.4400,0.5000
1784799171.897713,6595,6688,3583,5150,202.8500,-0.0600
1784799171.922831,6595,6688,3630,5094,202.8500,-0.0600
1784799171.947924,6595,6642,3612,5141,200.1500,-0.2500
1784799171.973173,6595,6623,3574,5103,200.1500,-0.2500
1784799171.998839,6595,6585,3555,5056,200.1500,-1.5000
1784799172.023915,6595,6576,3490,5112,200.1500,-1.5000
1784799172.049026,6595,6566,3555,5103,202.8500,-0.4400
1784799172.074819,6595,6566,3574,5066,202.8500,-0.4400
1784799172.100160,6595,6576,3583,5047,200.1500,-0.1900
1784799172.125191,6595,6557,3518,5056,200.1500,-0.1900
1784799172.150809,6595,6604,3555,4991,200.1500,-1.1900
1784799172.176199,6595,6604,3593,5000,200.1500,-1.1900
1784799172.201173,6595,6632,3527,4981,205.5600,0.3700
1784799172.226882,6595,6660,3574,5000,205.5600,0.3700
1784799172.251899,6595,6660,3593,5019,200.1500,0.0600
1784799172.277178,6595,6632,3612,4944,200.1500,0.0600
1784799172.302797,6595,6623,3574,4953,205.5600,1.9400
1784799172.327890,6595,6623,3574,4981,205.5600,1.9400
1784799172.353025,6595,6670,3236,4944,197.4400,-0.1200
1784799172.378787,6595,6679,3583,4925,197.4400,-0.1200
1784799172.403882,6595,6670,3021,4944,200.1500,-1.1900
1784799172.428982,6595,6660,2946,4972,200.1500,-1.1900
1784799172.454800,6595,6688,2927,4981,197.4400,-1.5000
1784799172.480732,6595,6623,2936,4972,197.4400,-1.5000
1784799172.505215,6595,6688,3030,4962,200.1500,0.5600
1784799172.530203,6595,6642,2936,4934,200.1500,0.5600
1784799172.555867,6595,6642,3340,4953,210.9700,-0.7500
1784799172.580948,6595,6651,3358,4944,210.9700,-0.7500
1784799172.606169,6595,6660,3358,5000,205.5600,-0.9400
1784799172.631889,6595,6688,3030,4934,205.5600,-0.9400
1784799172.656961,6595,6679,3321,4925,205.5600,1.7500
1784799172.682049,6595,6688,2955,4962,205.5600,1.7500
1784799172.707850,6595,6717,2936,4906,202.8500,-1.3100
1784799172.732967,6595,6670,2936,4972,202.8500,-1.3100
1784799172.758195,6595,6679,2964,4962,197.4400,-0.9400
1784799172.783846,6595,6679,2974,4915,197.4400,-0.9400
1784799172.809219,6595,6717,2964,4925,201.5300,-0.5600
1784799172.834203,6595,6707,2927,4934,201.5300,-0.5600
1784799172.859832,6595,6754,2927,4934,204.2300,0.1900
1784799172.884933,6595,6688,2927,4934,204.2300,0.1900
1784799172.910218,6595,6688,2964,4934,202.8500,-1.0600
1784799172.935829,6595,6670,2974,4953,202.8500,-1.0600
1784799172.960930,6595,6679,2983,4944,205.5600,1.1200
1784799172.986024,6595,6660,3030,4934,205.5600,1.1200
1784799173.011814,6595,6670,3030,4934,196.2200,0.4400
1784799173.036966,6595,6688,3067,4972,196.2200,0.4400
1784799173.062021,6595,6688,3086,4991,201.4700,-0.7500
1784799173.087805,6595,6698,3143,5047,201.4700,-0.7500
1784799173.113164,6595,6763,3096,5047,197.4400,0.3700
1784799173.138189,6595,6688,3096,5056,197.4400,0.3700
1784799173.163219,6595,6745,3171,5094,197.4400,-0.1200
1784799173.188887,6595,6763,3124,5066,197.4400,-0.1200
1784799173.213990,6595,6754,3199,5066,189.3300,0.1200
1784799173.239433,6595,6801,3283,5019,189.3300,0.1200
1784799173.264905,6595,6820,3218,5000,190.9200,1.6900
1784799173.289988,6595,6810,3161,5009,190.9200,1.6900
1784799173.315104,6595,6839,3161,5075,190.4300,-0.1200
1784799173.340881,6595,6867,3114,5103,190.4300,-0.1200
1784799173.365983,6595,6839,3067,5066,192.0300,2.2500
1784799173.391094,6595,6914,3049,4503,189.3300,0.1900
1784799173.416869,6595,7148,3067,4456,189.3300,0.1900
1784799173.442470,6595,7148,2917,4418,189.3300,0.1900
1784799173.467291,6595,7326,2964,4362,192.0300,3.5000
1784799173.492882,6595,6735,2936,4400,190.9200,0.3700
1784799173.517961,6595,6735,2983,4475,190.9200,0.3700
1784799173.543263,6595,6707,3021,4587,195.9500,1.0000
1784799173.568858,6595,6726,3021,4747,195.9500,1.0000
1784799173.593961,6595,6942,3086,4728,195.9500,1.0000
1784799173.619131,6595,7120,3405,4728,196.2200,-0.5000
1784799173.644893,6595,7326,2842,4634,201.4700,-3.3800
1784799173.669940,6595,6998,2842,4634,201.4700,-3.3800
1784799173.695380,6595,6998,2861,4634,190.9200,-0.2500
1784799173.720834,6595,6960,2974,4831,190.9200,-0.2500
1784799173.746246,6595,6932,3002,4756,205.5600,-0.3700
1784799173.771290,6595,6923,3002,4709,205.5600,-0.3700
1784799173.796242,6595,6857,3114,4700,197.4400,1.4400
1784799173.821923,6595,6923,3227,4765,197.4400,1.4400
1784799173.847264,6595,6895,3161,4700,205.5600,1.4400
1784799173.872247,6595,6904,3171,4700,205.5600,1.4400
1784799173.897907,6595,6895,3133,4625,204.2300,-0.1900
1784799173.923033,6595,7007,3096,4728,204.2300,-0.1900
1784799173.948147,6595,6932,3058,4718,196.2200,-0.6900
1784799173.973921,6595,6923,3039,4718,196.2200,-0.6900
1784799173.999022,6595,6951,3077,4690,197.4400,1.7500
1784799174.024120,6595,6932,3049,4672,197.4400,1.7500
1784799174.049898,6595,6885,3021,4737,204.2300,2.5000
1784799174.075277,6595,6923,3096,4887,204.2300,2.5000
1784799174.100217,6595,6895,3077,4887,196.2200,1.3700
1784799174.125876,6595,6914,3180,4193,196.2200,1.3700
1784799174.150989,6595,6970,3180,4362,194.7400,-1.8100
1784799174.176286,6595,7026,3208,4437,194.7400,-1.8100
1784799174.201888,7636,7082,3199,4522,201.4700,1.5600
1784799174.226980,7636,7064,3246,4522,201.4700,1.5600
1784799174.252068,7683,7082,3227,4531,198.8700,-0.8800
1784799174.277291,7683,7214,3208,4634,198.8700,-0.8800
1784799174.302972,7655,7092,3236,4475,194.7400,-1.0000
1784799174.328056,7711,7064,3208,4353,194.7400,-1.0000
1784799174.353176,7655,7092,3321,4371,200.1500,0.0600
1784799174.379314,7645,7120,3396,4353,200.1500,0.0600
1784799174.404361,7636,7054,3340,4503,200.1500,1.6300
1784799174.429297,7908,7176,3293,4437,200.1500,1.6300
1784799174.454929,7748,7101,3321,4268,194.7400,-0.8100
1784799174.480037,7814,7092,3311,4765,194.7400,-0.8100
1784799174.505315,7805,7167,3236,4531,197.4400,1.1900
1784799174.530938,7805,7111,3143,4915,197.4400,1.1900
1784799174.556033,7711,7223,3171,4700,197.4400,1.3700
1784799174.581129,7645,7157,3143,4700,197.4400,1.3700
1784799174.606917,7636,7148,3180,4700,189.3300,2.0600
1784799174.632034,7730,7242,3180,4568,189.3300,2.0600
1784799174.657131,7777,7439,3218,4540,200.1500,0.1900
1784799174.682936,7814,7326,3199,4531,200.1500,0.1900
1784799174.708325,7824,7373,3199,4540,189.3300,0.3100
1784799174.733324,7842,7354,3199,4540,189.3300,0.3100
1784799174.758907,7805,7317,3264,4634,194.7400,-2.7500
1784799174.784001,7852,7176,3330,4643,194.7400,-2.7500
1784799174.809311,7889,7082,3330,4700,189.3300,-2.0600
1784799174.834866,7833,7045,3321,4756,189.3300,-2.0600
1784799174.859986,7861,7195,3386,4690,192.0300,0.1900
1784799174.885111,7861,7148,3311,4803,192.0300,0.1900
1784799174.910474,7861,7120,3246,4850,192.0300,2.1300
1784799174.935979,7880,7148,3264,4728,192.0300,2.1300
1784799174.961077,7889,7214,3246,4728,194.7400,0.5600
1784799174.986293,7927,7111,3255,4615,194.7400,0.5600
1784799175.012352,7927,7176,3161,4606,194.7400,-0.7500
1784799175.037319,7917,7364,3161,4550,194.7400,-0.7500
1784799175.062337,7927,7233,3171,4568,192.0300,2.0000
1784799175.087978,7927,7064,3114,4522,192.0300,2.0000
1784799175.113077,7945,7007,3096,4531,194.7400,0.6900
1784799175.138338,8011,6914,3067,4540,194.7400,0.6900
1784799175.163955,7992,6810,3030,4540,197.4400,0.7500
1784799175.189053,7992,7589,3030,4568,197.4400,0.7500
1784799175.214158,8021,7542,2927,4578,197.4400,-0.3700
1784799175.239938,8002,7570,2889,4550,197.4400,-0.3700
1784799175.265036,8002,7551,2899,4587,194.7400,-1.8100
1784799175.290159,8002,7533,2852,4568,194.7400,-1.8100
1784799175.315942,8002,7570,2852,4615,197.4400,-1.3100
1784799175.341342,8002,7655,2842,4550,192.0300,-1.4400
1784799175.366326,8002,7645,2795,4550,192.0300,-1.4400
1784799175.391894,8002,7655,2842,4587,192.0300,-1.4400
1784799175.417007,8002,7683,2833,4587,194.7400,0.0600
1784799175.442352,8002,7730,2814,4606,194.7400,0.0600
1784799175.467344,8002,7354,2870,4587,194.7400,-0.9400
1784799175.493003,8002,7683,2814,4578,189.3300,0.2500
1784799175.518097,8002,7580,2842,4559,189.3300,0.2500
1784799175.543218,8002,7551,2824,4643,189.3300,0.2500
1784799175.569028,8002,7533,2842,4615,192.0300,-0.9400
1784799175.594347,8002,7542,2824,4597,192.0300,-1.0000
1784799175.619206,8002,7523,2814,4643,192.0300,-1.0000
1784799175.645052,8002,7580,2814,4606,200.1500,2.7500
1784799175.670392,8002,7589,2814,4597,200.1500,2.7500
1784799175.695520,8002,7458,2880,4587,197.4400,-0.1200
1784799175.721021,8002,7617,2880,4568,197.4400,-0.1200
1784799175.746163,8002,7627,2833,4643,197.4400,0.1200
1784799175.771338,8002,7617,2842,4578,197.4400,0.1200
1784799175.796988,8002,7608,2824,4578,194.7400,-2.3100
1784799175.822065,8002,7683,2824,4531,194.7400,-2.3100
1784799175.847201,8002,7589,2777,4587,197.4400,0.2500
1784799175.872970,8002,7589,2833,4531,197.4400,0.2500
1784799175.898074,8002,7523,2833,4540,193.5700,-0.1900
1784799175.923175,8002,7476,2814,4512,193.5700,-0.1900
1784799175.948924,8002,7448,2880,4550,197.4400,0.0000
1784799175.974534,8002,7505,2842,4540,197.4400,0.0000
1784799175.999351,8002,7551,2861,4540,205.5600,1.6900
1784799176.024423,8002,7533,2842,4568,205.5600,1.6900
1784799176.050033,8002,7580,2852,4503,206.9900,0.1200
1784799176.075135,8002,7627,2870,4475,206.9900,0.1200
1784799176.100348,8002,7730,2842,4475,198.8700,1.8800
1784799176.126028,8002,7692,2777,4484,198.8700,1.8800
1784799176.151183,8002,7711,2814,4484,198.7100,-1.5000
1784799176.176220,8002,7627,2805,4400,198.7100,-1.5000
1784799176.202014,8002,7570,2814,4409,196.2200,0.1200
1784799176.227121,8002,7561,2786,4446,196.2200,0.1200
1784799176.252205,8002,7514,2795,4456,204.2300,1.3700
1784799176.278014,8002,7430,2824,4409,204.2300,1.3700
1784799176.303424,8002,7458,2824,4465,200.1500,-1.1900
1784799176.328434,8002,7448,2795,4437,200.1500,-1.1900
1784799176.354026,8002,7448,2786,4484,198.8700,-0.1900
1784799176.379115,8002,7439,2739,4522,198.8700,-0.1900
1784799176.404431,8002,7420,2749,4578,202.8500,0.0600
1784799176.429950,8002,7420,2749,4615,202.8500,0.0600
1784799176.455074,8002,7486,2711,4559,200.1500,-1.0600
1784799176.480209,8002,7420,2720,4597,200.1500,-1.0600
1784799176.505493,8002,7448,2692,4597,204.2300,-1.0600
1784799176.531075,8002,7495,2730,4587,204.2300,-1.0600
1784799176.556187,8002,7486,2795,4559,202.8500,1.5600
1784799176.581567,8002,7364,2758,4522,202.8500,1.5600
1784799176.607106,8002,7392,2842,4475,196.2200,-0.8100
1784799176.632425,8002,7430,2992,4475,196.2200,-0.8100
1784799176.657472,8002,7476,2767,4418,197.4400,1.3100
1784799176.683041,8002,7486,2373,4409,197.4400,1.3100
1784799176.708168,8002,7486,2383,4437,198.7100,1.3100
1784799176.733463,8002,7523,2430,4446,198.7100,1.3100
1784799176.759027,8002,7495,2495,4390,196.2200,2.1900
1784799176.784137,8002,7495,2486,4381,196.2200,2.1900
1784799176.809231,8002,7514,2505,4493,197.4400,0.6900
1784799176.835073,8002,7514,2542,4493,197.4400,0.6900
1784799176.860109,8002,7514,2542,4493,197.4400,0.9400
1784799176.885370,8002,7514,2430,4540,197.4400,0.9400
1784799176.911011,8002,7514,2458,4437,201.4700,-3.5000
1784799176.936512,8002,7495,2458,4296,201.4700,-3.5000
1784799176.961463,8002,7561,2439,4174,190.9200,2.0000
1784799176.986521,8002,7514,2420,4156,190.9200,2.0000
1784799177.012085,8002,7523,2355,4109,194.7400,-2.4400
1784799177.037194,8002,7514,2364,4137,194.7400,-2.4400
1784799177.062554,8002,7542,2355,4062,189.3300,0.3700
1784799177.088090,8002,7561,2326,4071,189.3300,0.3700
1784799177.113200,8002,7505,2289,4109,194.7400,0.8100
1784799177.138311,8002,7598,2401,4071,194.7400,0.8100
1784799177.164101,8002,7598,2861,4071,193.1900,2.6300
1784799177.189190,8002,7617,2777,4099,193.1900,2.6300
1784799177.214473,8002,7673,2674,4090,185.6200,0.1900
1784799177.240054,8002,7739,2655,4090,185.6200,0.1900
1784799177.265485,8002,7664,2692,4071,189.3300,-0.8800
1784799177.290536,8002,7683,2617,4024,192.0300,0.3100
1784799177.316047,8002,7739,2617,3959,192.0300,0.3100
1784799177.341141,8002,7683,2645,3921,192.0300,0.3100
1784799177.366494,8002,7636,2608,3949,192.0300,-2.4400
1784799177.392052,8002,7683,2589,3959,192.0300,-2.4400
1784799177.417157,8002,7748,2636,3959,194.7400,-1.8800
1784799177.442239,8002,7702,2570,3931,192.0300,1.1900
1784799177.468002,8002,7730,2561,3912,192.0300,1.1900
1784799177.493141,8002,7758,2486,3912,192.0300,1.1900
1784799177.518334,8002,7711,2580,3921,192.0300,-1.7500
1784799177.543533,8002,7711,2617,3996,192.0300,1.0000
1784799177.569128,8002,7702,2899,3968,192.0300,1.0000
1784799177.594507,8002,7730,2251,4006,192.0300,-0.5600
1784799177.619537,8002,7720,2195,4043,192.0300,-0.5600
1784799177.645273,8002,7692,2401,4015,192.0300,3.8100
1784799177.670192,8002,7683,2477,4043,192.0300,3.8100
1784799177.695525,8002,7720,2523,4071,192.0300,-0.3100
1784799177.721089,8002,7758,2523,4071,192.0300,-0.3100
1784799177.746375,8002,7777,2448,4062,189.3300,1.1900
1784799177.771298,8002,7683,2458,4174,189.3300,1.1900
1784799177.797072,8002,7692,2420,4174,181.2100,1.1200
1784799177.822328,8002,7739,2420,4362,181.2100,1.1200
1784799177.847469,8002,7739,2411,4493,178.5100,1.0600
1784799177.873044,8002,7730,2401,4418,178.5100,1.0600
1784799177.898152,8002,7692,2458,4203,177.6600,1.3100
1784799177.923457,8002,7711,2411,4268,177.6600,1.3100
1784799177.948541,8002,7692,2420,4268,184.9100,0.3700
1784799177.974204,8002,7758,2505,4325,184.9100,0.3700
1784799177.999261,8002,7711,2430,4343,186.6200,-1.2500
1784799178.024576,8002,7720,2505,4306,186.6200,-1.2500
1784799178.050133,8002,7730,2467,4418,183.9200,-1.5600
1784799178.075317,8002,7655,2448,4475,183.9200,-1.5600
1784799178.100633,8002,7730,2430,4475,183.9200,-0.7500
1784799178.126127,8002,7805,2439,4512,183.9200,-0.7500
1784799178.151491,8002,7748,2383,4578,178.5100,-0.6900
1784799178.176547,8002,7824,2411,4559,178.5100,-0.6900
1784799178.202115,8002,7814,2411,4512,181.2100,-0.5600
1784799178.227525,8002,7748,2448,4493,181.2100,-0.5600
1784799178.252482,8002,7683,2486,4184,183.9200,-1.0600
1784799178.278111,8002,7692,2458,4540,183.9200,-1.0600
1784799178.303200,8002,7767,2486,4503,178.5100,1.1900
1784799178.328338,8002,7702,2861,4174,178.5100,1.1900
1784799178.354065,8002,7805,2251,4531,183.9200,-1.5000
1784799178.379179,8002,7795,2261,4446,183.9200,-1.5000
1784799178.404393,8002,7795,2298,4400,172.3600,-0.9400
1784799178.430061,8002,7833,2270,4475,172.3600,-0.9400
1784799178.455510,8002,7730,2326,4418,178.5100,-0.6900
1784799178.480529,8002,7805,2364,4418,178.5100,-0.6900
1784799178.505570,8002,7795,2411,4559,178.5100,0.4400
1784799178.531159,8002,7748,2326,4568,178.5100,0.4400
1784799178.556601,8002,7777,2364,4315,178.5100,-1.1900
1784799178.581573,8002,7833,2439,3940,178.5100,-1.1900
1784799178.607151,8002,7889,2439,3827,178.5100,1.3100
1784799178.632251,8002,7795,2401,3818,178.5100,1.3100
1784799178.657385,8002,7833,2392,4203,178.5100,-0.8800
1784799178.683168,8002,7870,2280,4418,178.5100,-0.8800
1784799178.708240,8002,7852,2317,4400,179.3900,1.6300
1784799178.733359,8002,7730,2280,4371,179.3900,1.6300
1784799178.759139,8002,7824,2336,4268,175.8000,-0.1200
1784799178.784643,8002,7870,2336,4278,175.8000,-0.1200
1784799178.809595,8002,7814,2317,4296,169.7100,2.4400
1784799178.835101,8002,7805,2326,4221,169.7100,2.4400
1784799178.860225,8002,7795,2308,4231,175.8000,-0.3100
1784799178.885586,8002,7786,2326,4240,175.8000,-0.3100
1784799178.910660,8002,7842,2289,4296,173.8700,0.9400
1784799178.936203,8002,7777,2280,4428,173.8700,0.9400
1784799178.961308,8002,7777,2261,4325,172.3600,-0.4400
1784799178.986644,8002,7814,2336,4334,172.3600,-0.4400
1784799179.012215,8002,7936,2336,4306,173.1000,1.3100
1784799179.037313,8002,7852,2298,4334,173.1000,1.3100
1784799179.062416,8002,7842,2317,4409,175.8000,0.3100
1784799179.088563,8002,7889,2326,4428,175.8000,0.3100
1784799179.113605,8002,7870,2317,4531,173.8700,1.2500
1784799179.138643,8002,7833,2298,4568,173.8700,1.2500
1784799179.164164,8002,7870,2355,4550,172.3600,-0.6300
1784799179.189281,8002,7936,2317,4540,172.3600,-0.6300
1784799179.214640,8002,7899,2261,4568,175.8000,0.0600
1784799179.240206,8002,7889,2270,4503,175.8000,0.0600
1784799179.265291,8002,7974,2251,4540,173.1000,-0.6300
1784799179.290380,8002,7899,2261,4418,173.1000,-0.6300
1784799179.316146,8002,7908,2336,4428,170.4000,0.0600
1784799179.341287,8002,7936,2242,4428,170.4000,0.0600
1784799179.366453,8002,8011,2261,4381,173.8700,1.4400
1784799179.392147,8002,7964,2214,4428,173.8700,1.4400
1784799179.417603,8002,7983,2195,4400,172.3600,-0.5600
1784799179.442619,8002,8021,2214,4446,172.3600,-0.5600
1784799179.467837,8002,7983,2195,4446,173.1000,0.8800
1784799179.493273,8002,7945,2176,4475,170.4000,-1.7500
1784799179.518589,8002,7955,2186,4446,170.4000,-1.7500
1784799179.543659,8002,8049,2186,4446,170.4000,-1.7500
1784799179.569394,8002,8002,2176,4446,170.4000,0.5000
1784799179.594416,8002,8011,2167,4362,167.6900,-1.8100
1784799179.619644,8002,7945,2176,4353,167.6900,-1.8100
1784799179.645209,8002,7992,2176,4240,167.6900,0.1900
1784799179.670298,8002,7974,2120,4268,167.6900,0.1900
1784799179.695454,8002,8011,2195,4259,167.6900,0.1900
1784799179.721241,8002,8049,2176,4165,167.6900,-0.5600
1784799179.746618,8002,8021,2148,4128,173.1000,-1.1900
1784799179.771614,8002,8058,2167,4137,173.1000,-1.1900
1784799179.797193,8002,8011,2148,4128,164.9900,-0.1900
1784799179.822706,8002,7974,2148,4099,164.9900,-0.1900
1784799179.847585,8002,8011,2129,4099,167.6900,-0.5000
1784799179.873181,8002,8011,2120,4090,167.6900,-0.5000
1784799179.898268,8002,7992,2120,4062,162.2800,-0.3700
1784799179.923378,8002,8049,2111,4043,162.2800,-0.3700
1784799179.948798,8002,8058,2111,4024,164.9900,-0.7500
1784799179.974249,8002,8058,2092,4034,164.9900,-0.7500
1784799179.999348,8002,8030,2101,4034,162.2800,1.6300
1784799180.024566,8002,7992,2064,4015,162.2800,1.6300
1784799180.050718,8002,8058,2092,4043,164.9900,1.6900
1784799180.075625,8002,8058,2064,4052,164.9900,1.6900
1784799180.100662,8002,8058,2045,4043,156.8700,-0.6900
1784799180.126261,8002,8133,2092,3987,156.8700,-0.6900
1784799180.151329,8002,8058,2120,3996,159.5800,-0.1900
1784799180.176834,8002,8058,2054,4006,159.5800,-0.1900
1784799180.202218,8002,8124,2101,3949,154.1700,-0.2500
1784799180.227319,8002,8039,2054,3968,154.1700,-0.2500
1784799180.252434,8002,8039,2017,3968,156.8700,0.1200
1784799180.278237,8002,8049,2036,3959,156.8700,0.1200
1784799180.303339,8002,8067,2036,3977,156.8700,0.3100
1784799180.328427,8002,8142,2036,3921,156.8700,0.3100
1784799180.354198,8002,8096,2007,3921,156.8700,1.1200
1784799180.379665,8002,8096,2007,3884,156.8700,1.1200
1784799180.404702,8002,8142,2026,3912,154.1700,-1.2500
1784799180.429689,8002,8124,2007,3884,154.1700,-1.2500
1784799180.455315,8002,8171,2054,3884,156.8700,-0.7500
1784799180.480659,8002,8114,2017,3865,156.8700,-0.7500
1784799180.505681,8002,8133,2017,3846,151.4600,0.5000
1784799180.531475,8002,8114,2045,3884,151.4600,0.5000
1784799180.556372,8002,8124,2026,3893,156.8700,0.1200
1784799180.581907,8002,8133,2017,3949,156.8700,0.1200
1784799180.607252,8002,8105,2073,3912,154.1700,-0.8100
1784799180.632604,8002,8114,2101,3921,154.1700,-0.8100
1784799180.657504,8002,8152,2064,3949,156.8700,0.1900
1784799180.683253,8002,8189,2017,3931,156.8700,0.1900
1784799180.708650,8002,8208,2026,3931,156.4500,1.0600
1784799180.733669,8002,8124,2054,3940,156.4500,1.0600
1784799180.759270,8002,8189,2045,3949,160.0700,-1.1900
1784799180.784342,8002,8171,2026,3893,160.0700,-1.1900
1784799180.809676,8002,8161,2007,3874,156.8700,-0.8100
1784799180.835224,8002,8096,2007,3884,156.8700,-0.8100
1784799180.860519,8002,8152,2045,3884,151.4600,-0.2500
1784799180.885487,8002,8180,2026,3884,151.4600,-0.2500
1784799180.911227,8002,8255,1970,3893,156.8700,0.8100
1784799180.936311,8002,8255,1979,3818,156.8700,0.8100
1784799180.961407,8002,8171,1989,3799,148.4900,-0.8100
1784799180.986743,8002,8227,2007,3837,148.4900,-0.8100
1784799181.012691,8002,8152,1970,3809,154.1700,-0.1200
1784799181.037686,8002,8171,2007,3827,154.1700,-0.1200
1784799181.062727,8002,8208,1979,3874,154.1700,-1.5600
1784799181.088481,8002,8321,1970,3818,154.1700,-1.5600
1784799181.113387,8002,8368,2036,3818,154.1700,-1.6300
1784799181.139006,8002,8227,1979,3912,154.1700,-1.6300
1784799181.164275,8002,8302,2017,3949,154.1700,0.6300
1784799181.189369,8002,8236,1961,3865,154.1700,0.6300
1784799181.214609,8002,8208,1998,3921,154.5500,-1.1900
1784799181.240266,8002,8236,1998,3968,154.5500,-1.1900
1784799181.265392,8002,8255,1989,4015,151.4600,-0.3100
1784799181.290491,8002,8227,1979,4015,151.4600,-0.3100
1784799181.316417,8002,8246,1998,3977,148.4900,0.5000
1784799181.341672,8002,8236,1998,4006,148.4900,0.5000
1784799181.366692,8002,8236,1942,3987,149.0300,1.3100
1784799181.392222,8002,8283,1979,3996,149.0300,1.3100
1784799181.417336,8002,8227,1951,3996,145.8400,0.8100
1784799181.442799,8002,8264,1951,3940,149.0300,0.5600
1784799181.467735,8002,8208,1961,4043,149.0300,0.5600
1784799181.493340,8002,8330,1970,4006,149.0300,0.5600
1784799181.518494,8002,8330,1998,3977,140.5400,-0.3100
1784799181.543772,8002,8321,1942,4052,140.5400,-0.3100
1784799181.569351,8002,8246,2007,4024,146.0500,-1.1200
1784799181.594426,8002,8358,1989,4006,143.3500,1.1200
1784799181.619562,8002,8330,1979,4015,143.3500,1.1200
1784799181.645314,8002,8349,1998,3940,143.3500,1.1200
1784799181.670786,8002,8330,1989,3977,146.0500,-0.1900
1784799181.695745,8002,8311,1951,4006,146.0500,0.5600
1784799181.721304,8002,8311,1951,4034,146.0500,0.5600
1784799181.746566,8002,8424,1989,3931,148.7600,0.1900
1784799181.771719,8002,8264,2007,3959,148.7600,0.1900
1784799181.797320,8002,8293,1998,3931,148.7600,-1.6900
1784799181.822395,8002,8386,2007,3921,148.7600,-1.6900
1784799181.847528,8002,8368,2007,3893,143.3500,-0.3700
1784799181.873292,8002,8386,1998,3902,143.3500,-0.3700
1784799181.898527,8002,8386,1932,3912,146.0500,-1.8100
1784799181.923528,8002,8330,1914,3902,146.0500,-1.8100
1784799181.949281,8002,8339,1942,3959,146.0500,0.4400
1784799181.974734,8002,8405,1961,3940,146.0500,0.4400
1784799181.999674,8002,8424,1942,3931,140.6400,-0.5600
1784799182.024808,8002,8396,1979,4625,140.6400,-0.5600
1784799182.050362,8002,8349,1923,4559,146.0500,1.1200
1784799182.075756,8002,8358,1886,4249,146.0500,1.1200
1784799182.100764,8002,8490,1932,4249,148.7600,-2.6300
1784799182.126372,8002,8386,1942,4306,148.7600,-2.6300
1784799182.151472,8002,8368,1942,4409,146.0500,0.2500
1784799182.176581,8002,8405,1914,4428,146.0500,0.2500
1784799182.202345,8002,8330,1932,3809,143.3500,-0.3100
1784799182.227484,8002,8386,1914,3818,143.3500,-0.3100
1784799182.252641,8002,8480,1932,3809,143.3500,0.6900
1784799182.278319,8002,8508,1923,3837,143.3500,0.6900
1784799182.303732,8002,8452,1979,3902,140.5400,-0.6900
1784799182.328766,8002,8443,1942,3977,140.5400,-0.6900
1784799182.354338,8002,8480,1970,3977,143.5100,-1.1200
1784799182.379405,8002,8508,1932,3912,143.5100,-1.1200
1784799182.404726,8002,8377,1914,4015,137.8900,-0.1200
1784799182.430272,8002,8339,1951,3837,137.8900,-0.1200
1784799182.455716,8002,8339,1951,3837,140.6400,0.1200
1784799182.480527,8002,8330,1895,3809,140.6400,0.1200
1784799182.505766,8002,8368,1951,3931,140.6400,-1.0600
1784799182.531387,8002,8339,1932,3827,140.6400,-1.0600
1784799182.556475,8002,8358,1914,3799,140.7500,-0.5600
1784799182.581669,8002,8358,1932,3790,140.7500,-0.5600
1784799182.607720,8002,8246,1932,3809,135.2300,-0.8100
1784799182.632763,8002,8264,1904,4099,135.2300,-0.8100
1784799182.657992,8002,8302,1904,4400,132.5800,1.0000
1784799182.683355,8002,8255,1886,3968,132.5800,1.0000
1784799182.708475,8002,8293,1895,4231,140.6400,0.0600
1784799182.733789,8002,8283,1876,3931,140.6400,0.0600
1784799182.759353,8002,8255,1904,4006,135.2300,0.6300
1784799182.784445,8002,8255,1942,4062,135.2300,0.6300
1784799182.809577,8002,8255,1886,3987,135.2300,1.0000
1784799182.835339,8002,8236,1886,3865,135.2300,1.0000
1784799182.860433,8002,8293,1904,3874,132.5800,0.3700
1784799182.885525,8002,8264,1904,3874,132.5800,0.3700
1784799182.911290,8002,8264,1886,4052,132.5300,0.2500
1784799182.936781,8002,8283,1876,4071,132.5300,0.2500
1784799182.961744,8002,8293,1829,4015,132.5300,0.8100
1784799182.987298,8002,8330,1839,4015,132.5300,0.8100
1784799183.012412,8002,8283,1848,4015,132.5300,0.4400
1784799183.037768,8002,8321,1829,3996,132.5300,0.4400
1784799183.062833,8002,8293,1848,4006,132.5300,-0.3100
1784799183.088393,8002,8358,1829,3987,132.5300,-0.3100
1784799183.113496,8002,8368,1857,4006,137.9900,0.8100
1784799183.138829,8002,8443,1857,3949,137.9900,0.8100
1784799183.164390,8002,8452,1839,3949,135.2300,0.6300
1784799183.189493,8002,8415,1829,3977,135.2300,0.6300
1784799183.214664,8002,8499,1848,3921,135.2300,0.8800
1784799183.240431,8002,8508,1820,3949,135.2300,0.8800
1784799183.265798,9127,8555,1932,3959,135.2300,0.0000
1784799183.290812,9127,8508,1839,3996,135.2300,0.0000
1784799183.316367,9127,8574,1839,3949,135.2300,0.3100
1784799183.341460,9156,8518,1829,3977,135.2300,0.3100
1784799183.366755,9099,8480,1886,3949,132.5300,-0.8800
1784799183.392326,9109,8593,1886,3959,132.5300,-0.8800
1784799183.417481,9109,8527,1848,3968,135.2300,-0.6900
1784799183.442564,9146,8583,1829,3940,135.2300,-0.6900
1784799183.468335,9165,8574,1848,3940,132.5300,-0.8100
1784799183.493440,9118,8565,1839,3968,132.5300,-0.8100
1784799183.518542,9137,8602,1810,3968,132.4700,0.3700
1784799183.543718,9118,8546,1839,3968,132.4700,0.3700
1784799183.569439,9137,8536,1857,3931,124.6300,-0.5600
1784799183.594817,9127,8527,1839,3893,124.6300,-0.5600
1784799183.619915,9118,8527,1848,3893,129.8300,0.8800
1784799183.645465,9127,8555,1820,3893,132.4700,-0.5000
1784799183.670820,9137,8583,1857,3865,132.4700,-0.5000
1784799183.695841,9109,8574,1942,3855,132.4700,-0.5000
1784799183.721409,9137,8583,1857,3931,124.6300,0.8800
1784799183.746517,9127,8546,1867,3846,127.1200,-0.6300
1784799183.771840,9165,8546,1932,3959,127.1200,-0.6300
1784799183.797530,9212,8555,1923,3940,127.1200,-0.9400
1784799183.822492,9193,8527,1942,3940,127.1200,-0.9400
1784799183.847751,9184,8555,1951,3940,127.1200,-0.9400
1784799183.873480,9174,8574,1914,3884,129.8300,-0.3700
1784799183.898550,9193,8611,1923,3865,127.1200,0.5000
1784799183.923824,9174,8668,1904,3893,127.1200,0.5000
1784799183.949388,9184,8649,1895,3959,129.8300,-1.6300
1784799183.974547,9193,8630,1857,4156,129.8300,-1.6300
1784799183.999818,9212,8602,1829,3658,127.1200,1.1900
1784799184.025356,9221,8583,1904,3687,127.1200,1.1900
1784799184.050473,9221,8630,1820,3687,127.1200,-0.8100
1784799184.075573,9259,8658,1951,3846,127.1200,-0.8100
1784799184.100883,9259,8649,1867,3846,129.8300,0.1200
1784799184.126463,9259,8649,1895,3780,129.8300,0.1200
1784799184.151623,9306,8621,1951,3799,124.4200,-2.0000
1784799184.176760,9324,8574,1942,3790,124.4200,-2.0000
1784799184.202531,9381,8611,1848,3865,129.8300,0.7500
1784799184.227839,9343,8593,1857,3837,129.8300,0.7500
1784799184.252858,9343,8593,1848,3846,127.1200,0.4400
1784799184.278454,9334,8565,1942,3893,127.1200,0.4400
1784799184.303859,9390,8630,1914,3846,127.1200,-0.8100
1784799184.328872,9390,8602,1876,3855,127.1200,-0.8100
1784799184.354434,9390,8602,1942,3809,127.1200,1.2500
1784799184.379531,9390,8630,1886,3790,127.1200,1.2500
1784799184.404845,9390,8602,1886,3790,124.4200,-2.0000
1784799184.430426,9390,8677,1857,3743,124.4200,-2.0000
1784799184.455524,9390,8583,1942,3771,124.4200,3.3800
1784799184.480658,9390,8602,1820,3837,124.4200,3.3800
1784799184.506385,9390,8602,1876,3818,124.4200,-0.7500
1784799184.531568,9390,8658,1829,3818,124.4200,-0.7500
1784799184.556844,9390,8687,1876,3818,124.4200,1.5000
1784799184.581915,9390,8668,1904,3865,124.4200,1.5000
1784799184.607524,9390,8640,1876,3809,116.6700,-1.1200
1784799184.632879,9390,8696,1904,3818,116.6700,-1.1200
1784799184.658022,9390,8649,1876,3809,124.1900,1.1900
1784799184.683498,9390,8696,1895,3799,124.1900,1.1900
1784799184.708597,9390,8677,1923,3827,119.0100,-1.0000
1784799184.733905,9390,8687,1923,3799,119.0100,-1.0000
1784799184.759606,9390,8733,1923,3771,116.6700,2.8800
1784799184.784604,9390,8724,1829,3846,116.6700,2.8800
1784799184.809737,9390,8733,1895,3724,118.6800,-1.6900
1784799184.835474,9390,8658,1923,3649,118.6800,-1.6900
1784799184.860856,9390,8733,1904,3612,119.0100,3.6900
1784799184.885955,9390,8668,1867,4006,119.0100,3.6900
1784799184.911485,9390,8827,1867,4015,119.0100,-0.6300
1784799184.936899,9390,8743,1857,4381,119.0100,-0.6300
1784799184.962079,9390,8696,1867,4362,121.9800,1.6300
1784799184.987532,9390,8668,1904,3696,121.9800,1.6300
1784799185.012748,9390,8696,1876,3687,116.3000,-2.1300
1784799185.037807,9390,8705,1923,3780,116.3000,-2.1300
1784799185.063452,9390,8705,1932,3790,118.6800,1.1200
1784799185.088553,9390,8743,1886,3818,118.6800,1.1200
1784799185.113772,9390,8780,1886,3799,116.3000,-1.5000
1784799185.139475,9390,8677,1904,3818,116.3000,-1.5000
1784799185.164608,9390,8762,1895,3837,108.7200,1.5000
1784799185.189896,9390,8705,1886,3846,108.7200,1.5000
1784799185.214972,9390,8724,1923,3855,113.1600,-1.1900
1784799185.240520,9390,8762,1876,3837,113.1600,-1.1900
1784799185.265889,9390,8687,1951,3902,108.1900,-0.3700
1784799185.290944,9390,8705,1979,3846,108.1900,-0.3700
1784799185.316548,9390,8715,1951,3818,108.7200,0.5000
1784799185.341745,9390,8724,1895,3837,108.7200,0.5000
1784799185.366946,9390,8696,1951,3809,116.3000,0.6300
1784799185.392502,9390,8733,1914,3855,116.3000,0.6300
1784799185.417609,9390,8668,1904,3837,115.9200,-0.8100
1784799185.442744,9390,8808,1942,3799,115.9200,-0.8100
1784799185.468514,9390,8724,1951,3809,111.3700,0.3100
1784799185.493905,9390,8808,1886,3818,111.3700,0.3100
1784799185.518892,9390,8743,1886,3827,116.3000,-0.4400
1784799185.544485,9390,8705,1951,3874,116.3000,-0.4400
1784799185.569605,9390,8715,1932,3799,113.6000,0.2500
1784799185.594954,9390,8743,1923,3809,119.0100,-0.8100
1784799185.620442,9390,8705,1961,3790,119.0100,-0.8100
1784799185.645575,9390,8743,1970,3780,119.0100,-0.8100
1784799185.670687,9390,8752,1998,3809,116.3000,-0.1200
1784799185.696467,9390,8733,1998,3780,116.3000,-0.8800
1784799185.721593,9390,8762,1979,3780,116.3000,-0.8800
1784799185.746703,9390,8790,1951,3734,113.6000,0.9400
1784799185.771894,9390,8743,1979,3818,113.6000,0.9400
1784799185.797938,9390,8780,2026,3818,113.6000,0.9400
1784799185.822932,9390,8818,1942,3762,113.6000,-2.0600
1784799185.847986,9390,8827,1979,3762,116.3000,-0.0600
1784799185.873538,9390,8762,1914,3780,116.3000,-0.0600
1784799185.898780,9390,8752,1904,3734,116.3000,-0.0600
1784799185.924014,9390,8837,1979,3780,116.3000,-0.0600
1784799185.949533,9390,8752,1942,3790,116.3000,-0.0600
1784799185.974637,9390,8790,1914,3790,116.3000,-0.0600
1784799185.999760,9390,8705,1932,3771,116.3000,-0.0600
1784799186.025635,9390,8715,1923,3752,116.3000,-0.0600
1784799186.050629,9390,8696,1961,3771,116.3000,-0.0600
1784799186.075777,9390,8790,2007,3734,116.3000,-0.0600
1784799186.101513,9390,8733,1961,3752,116.3000,-0.0600
1784799186.126956,9390,8771,1998,3752,116.3000,-0.0600
1784799186.151963,9390,8715,2017,3734,116.3000,-0.0600
1784799186.177525,9390,8668,2036,3734,116.3000,-0.0600
1784799186.202586,9390,8733,1989,3780,116.3000,-0.0600
1784799186.227952,9390,8762,1970,3734,116.3000,-0.0600
1784799186.253585,9390,8752,1970,3705,17.0300,0.7500
1784799186.278621,9390,8743,1989,3752,17.0300,0.7500
1784799186.303684,9390,8696,1961,3715,8.1100,4.9400
1784799186.329118,9390,8733,1961,3715,8.1100,4.9400
1784799186.354581,9390,8752,2045,3752,5.4100,10.6900
1784799186.379735,9390,8743,1970,3771,5.4100,10.6900
1784799186.404869,9390,8724,2007,3734,0.0000,11.6300
1784799186.430563,9390,8808,2017,3752,0.0000,11.6300
1784799186.455962,9390,8743,2007,3762,2.7000,14.6900
1784799186.481012,9390,8705,2007,3790,2.7000,14.6900
1784799186.506565,9390,8752,2007,3780,0.0000,13.8800
1784799186.531694,9390,8733,1989,3780,0.0000,13.8800
1784799186.556980,9390,8724,1942,3780,0.0000,13.5000
1784799186.582551,9390,8762,1998,3762,0.0000,13.5000
1784799186.607703,9390,8762,1970,3790,0.0000,14.8100
1784799186.632867,9390,8687,1951,3743,0.0000,14.8100
1784799186.658556,9390,8649,2017,3771,2.7000,16.6900
1784799186.683654,9390,8743,1961,3780,2.7000,16.6900
1784799186.708778,9390,8733,1951,3762,-5.4100,12.8800
1784799186.734571,9390,8724,2017,3780,2.7000,12.7500
1784799186.759978,9390,8790,1951,3780,2.7000,12.7500
1784799186.784976,9390,8752,1932,3809,2.7000,12.7500
1784799186.810535,9390,8780,1961,3818,-2.7000,13.0000
1784799186.835689,9390,8752,1989,3818,-2.7000,13.0000
1784799186.860969,9390,8705,1979,3809,-2.7000,11.8800
1784799186.886587,9390,8780,1951,3809,2.7000,12.6900
1784799186.911661,9390,8780,2017,3818,2.7000,12.6900
1784799186.936776,9390,8752,1961,3818,0.0000,9.6900
1784799186.962060,9390,8752,1951,3837,0.0000,9.6900
1784799186.987762,9390,8743,1961,3855,-2.7000,10.7500
1784799187.012733,9390,8780,1923,3846,-2.7000,10.7500
1784799187.038029,9390,8696,1923,3837,2.7000,6.6900
1784799187.063656,9390,8687,1904,3865,2.7000,6.6900
1784799187.089076,9390,8687,1914,3855,-2.7000,11.3800
1784799187.114051,9390,8696,1876,3846,-2.7000,11.3800
1784799187.139607,9390,8649,1857,3855,0.0000,3.8100
1784799187.164725,9390,8640,1895,3912,0.0000,3.8100
1784799187.190076,9390,8630,1895,3865,-5.4100,10.8100
1784799187.215599,9390,8668,1932,3865,-5.4100,10.8100
1784799187.240691,9390,8668,1932,3912,2.7000,5.6300
1784799187.265825,9390,8724,1942,3837,2.7000,5.6300
1784799187.291640,9390,8696,1942,3865,0.0000,7.1900
1784799187.316695,9390,8733,1904,3902,0.0000,7.1900
1784799187.341813,9390,8724,1979,3884,2.7000,4.3100
1784799187.367564,9390,8771,1867,3912,2.7000,4.3100
1784799187.393013,9390,8790,1886,3893,2.7000,4.8100
1784799187.418107,9390,8733,1932,3893,2.7000,4.8100
1784799187.443540,9390,8762,1886,3865,0.0000,3.9400
1784799187.468670,9390,8780,2026,3902,0.0000,3.9400
1784799187.493745,9390,8780,2533,3921,0.0000,5.0600
1784799187.519603,9390,8733,2505,3940,0.0000,5.0600
1784799187.544714,9390,8762,2195,3921,5.4100,3.8100
1784799187.569751,9390,8733,2195,3931,5.4100,3.8100
1784799187.594923,9390,8790,2148,3902,5.4100,3.8100
1784799187.620625,9390,8846,2101,3949,5.4100,3.8100
1784799187.645869,9390,8752,2430,3959,5.4100,3.8100
1784799187.671242,9390,8780,2467,3912,5.4100,3.8100
1784799187.696623,9390,8799,2083,3921,5.4100,3.8100
1784799187.722034,9390,8818,2467,3902,5.4100,3.8100
1784799187.747057,9390,8724,2467,3893,5.4100,3.8100
1784799187.772623,9390,8818,2467,3940,5.4100,3.8100
1784799187.797773,9390,8790,1792,3912,5.4100,3.8100
1784799187.823094,9390,8846,2223,4024,5.4100,3.8100
1784799187.848598,9390,8837,2101,3902,5.4100,3.8100
