timestamp,d0,d1,d2,d3,v_mm_s,gz
1785145989.577173,8987,8799,1632,3715,0.0000,0.0000
1785145989.602031,9062,8715,1613,3687,0.0000,0.0000
1785145989.627123,9015,8808,1557,3640,20.8100,0.0000
1785145989.652114,9015,8743,1623,3734,20.8100,0.0000
1785145989.677272,9015,8771,1604,3649,62.2100,-0.3700
1785145989.702270,9062,8837,1651,3640,62.2100,-0.3700
1785145989.727906,9062,8846,1595,3640,83.8500,-0.6200
1785145989.752993,9062,8752,1651,3630,83.8500,-0.6200
1785145989.778209,9005,8733,1595,3705,100.0700,-0.8800
1785145989.804167,9052,8790,1623,3612,100.0700,-0.8800
1785145989.829232,9015,8752,1632,3612,108.1900,-0.8800
1785145989.853975,9071,8762,1623,3621,108.1900,-0.8800
1785145989.879945,9043,8818,1604,3649,111.3700,-0.8800
1785145989.905193,9024,8752,1632,3612,111.3700,-0.8800
1785145989.930749,9090,8808,1670,3621,113.6000,-0.8800
1785145989.956355,9034,8733,1585,3640,113.6000,-0.8800
1785145989.981153,9081,8818,1613,3630,113.6000,-0.8800
1785145990.006321,8987,8762,1585,3602,113.6000,-0.8800
1785145990.032309,9024,8799,1604,3621,118.6800,-0.9400
1785145990.057872,9005,8733,1642,3649,118.6800,-0.9400
1785145990.082211,9005,8790,1660,3602,119.0100,-0.9400
1785145990.107944,9015,8902,1623,3658,119.0100,-0.9400
1785145990.133708,8996,8799,1623,3658,121.7100,-0.8800
1785145990.158369,8987,8818,1595,3687,129.8300,-0.8800
1785145990.185717,9052,8743,1642,3640,129.8300,-0.8800
1785145990.209198,9005,8930,1679,3743,129.8300,-0.8800
1785145990.234002,8977,8855,1613,3874,127.1200,-0.9400
1785145990.260389,9005,8855,1604,3743,132.5300,-0.9400
1785145990.285405,8959,8884,1670,4137,132.5300,-0.9400
1785145990.310173,9005,8715,1651,3921,137.9400,-0.9400
1785145990.336282,8996,8837,1651,3827,137.9400,-0.9400
1785145990.361033,9015,8884,1660,3809,137.9400,-0.9400
1785145990.386546,9024,8912,1604,3884,140.6400,-0.8800
1785145990.411401,8987,8780,1632,3865,140.6400,-0.7500
1785145990.437228,8996,8949,1679,3799,140.6400,-0.7500
1785145990.463744,9005,8893,1679,3762,151.4600,-0.7500
1785145990.487824,8977,8930,1651,3799,151.4600,-0.7500
1785145990.515071,9005,8808,1651,3790,151.4600,-0.6900
1785145990.538430,9015,8808,1689,3780,151.4600,-0.6900
1785145990.564579,8977,8733,1670,3790,151.1400,-0.6900
1785145990.590417,8987,8799,1717,3762,151.1400,-0.6900
1785145990.615064,8949,8893,1689,3799,160.0700,-0.6900
1785145990.639417,8996,8837,1717,3790,160.0700,-0.6900
1785145990.665190,8977,8930,1707,3884,161.7500,-0.6200
1785145990.690219,8921,8808,1707,3818,161.7500,-0.6200
1785145990.716294,8940,9109,1745,3771,171.1100,-0.5600
1785145990.741431,8987,8996,1726,3762,171.1100,-0.5600
1785145990.765960,8949,9034,1698,3715,172.3600,-0.5600
1785145990.790966,8940,8968,1735,3640,172.3600,-0.5600
1785145990.817987,8987,9024,1754,3602,182.1500,-0.5600
1785145990.842484,8996,8687,1764,3574,182.1500,-0.5600
1785145990.867758,8959,8912,1698,3537,182.9600,-0.6200
1785145990.893188,8949,8968,1745,3471,182.9600,-0.6200
1785145990.918157,8968,8771,1735,3527,187.6700,-0.6900
1785145990.943212,8977,8977,1754,3499,187.6700,-0.6900
1785145990.970045,8968,8649,1820,3565,186.6200,-0.6900
1785145990.994327,8902,8658,1754,3537,186.6200,-0.6900
1785145991.019008,8940,9296,1820,3537,192.0300,-0.7500
1785145991.045263,8902,8724,1764,3537,192.0300,-0.7500
1785145991.070341,8902,8668,1773,3555,194.7400,-0.6900
1785145991.095150,8930,8583,1782,3537,194.7400,-0.6900
1785145991.121206,8959,8555,1820,3527,200.1500,-0.6900
1785145991.146118,8987,8565,1810,3527,200.1500,-0.6900
1785145991.171252,8902,8555,1782,3546,193.5700,-0.6200
1785145991.197550,8912,8565,1810,3490,193.5700,-0.6200
1785145991.222177,8940,8536,1876,3499,204.2300,-0.5600
1785145991.247474,8940,8527,1792,3499,204.2300,-0.5600
1785145991.274401,8921,8527,1810,3452,198.8700,-0.5600
1785145991.298469,8902,8527,1886,3452,198.8700,-0.5600
1785145991.323815,8930,8527,1886,3349,204.2300,-0.5600
1785145991.348403,8865,8555,1857,3565,204.2300,-0.5600
1785145991.374205,8930,8508,1876,3527,205.5600,-0.5000
1785145991.400164,8865,8499,1895,3555,205.5600,-0.5000
1785145991.425128,8977,8480,1895,3583,202.8500,-0.5000
1785145991.450495,8921,8546,1951,3583,202.8500,-0.5000
1785145991.475320,8940,8536,1932,3574,201.5300,-0.5000
1785145991.500583,8874,8508,1914,3565,201.5300,-0.5000
1785145991.526516,9005,8593,1876,3565,205.5600,-0.5000
1785145991.551408,8959,8546,1942,3527,205.5600,-0.5000
1785145991.576400,8893,8527,1998,3593,205.5600,-0.5000
1785145991.602216,8949,8574,1923,3499,205.5600,-0.5000
1785145991.627287,8893,8621,1904,3471,209.7500,-0.5000
1785145991.652317,8930,8546,1923,3565,209.7500,-0.5000
1785145991.678160,8940,8574,1932,3527,204.1800,-0.4400
1785145991.703167,8940,8658,1979,3574,204.1800,-0.4400
1785145991.728944,8902,8640,2007,3537,205.5600,-0.4400
1785145991.754565,8921,8602,2017,3518,205.5600,-0.4400
1785145991.779360,8940,8649,1979,3546,210.9700,-0.4400
1785145991.804112,8884,8677,2017,3537,210.9700,-0.4400
1785145991.830216,8884,8602,2007,3499,204.2300,-0.4400
1785145991.855291,8902,8668,2007,3490,204.2300,-0.4400
1785145991.880346,8902,8677,1998,3471,210.9700,-0.4400
1785145991.906850,8865,8696,2026,3471,210.9700,-0.4400
1785145991.931039,8865,8705,2036,3461,198.8700,-0.4400
1785145991.956169,8912,8715,2054,3433,198.8700,-0.4400
1785145991.982559,8884,8715,1998,3461,206.9900,-0.5600
1785145992.007620,8912,8705,2026,3424,206.9900,-0.5600
1785145992.032542,8912,8780,2017,3452,197.4400,-0.6200
1785145992.058214,8865,8687,1998,3424,197.4400,-0.6200
1785145992.083229,8884,8687,1961,3452,202.8500,-0.6900
1785145992.108634,8912,8752,2064,3368,197.4400,-0.7500
1785145992.134134,8884,8687,2064,3405,197.4400,-0.7500
1785145992.159273,8874,8743,2017,3377,197.4400,-0.7500
1785145992.184237,8874,8771,2073,3518,197.4400,-0.7500
1785145992.210668,8893,8752,2064,3508,197.4400,-0.6900
1785145992.235410,8893,8771,2083,3518,197.4400,-0.6900
1785145992.260077,8902,8733,2101,3471,200.1500,-0.6900
1785145992.286319,8865,8780,2129,3565,200.1500,-0.6900
1785145992.311368,8837,8771,2083,3546,197.4400,-0.6900
1785145992.336516,8846,8752,2073,3405,197.4400,-0.6900
1785145992.362124,8818,8752,2054,5000,200.1500,-0.7500
1785145992.387048,8893,8752,2073,4578,200.1500,-0.7500
1785145992.413720,8827,8771,2129,5037,202.8500,-0.7500
1785145992.440175,8827,8762,2148,4428,202.8500,-0.7500
1785145992.466999,8827,8799,2073,5019,198.8700,-0.7500
1785145992.491582,8855,8771,2158,4925,198.8700,-0.7500
1785145992.516883,8855,8799,2158,4925,204.2300,-0.8100
1785145992.539715,8827,8818,2167,4906,204.2300,-0.8100
1785145992.565314,8874,8799,2167,4869,201.5300,-0.8100
1785145992.590178,8902,8799,2167,4531,201.5300,-0.8100
1785145992.615027,8865,8827,2148,4381,197.4400,-0.7500
1785145992.640105,8837,8818,2158,4156,197.4400,-0.7500
1785145992.666677,8884,8818,2148,4475,204.2300,-0.6900
1785145992.691803,8884,8780,2148,4850,204.2300,-0.6900
1785145992.716314,8837,8827,2167,4906,200.1500,-0.6900
1785145992.742131,8818,8808,2261,4465,200.1500,-0.6900
1785145992.769136,8865,8762,2176,4362,202.8500,-0.6900
1785145992.793986,8818,8818,2186,4944,202.8500,-0.6900
1785145992.818690,8818,8808,2195,4887,200.1500,-0.7500
1785145992.843892,8790,8874,2176,4840,200.1500,-0.7500
1785145992.869905,8865,8818,2176,4887,201.5300,-0.6900
1785145992.894941,8846,8884,2242,4353,201.5300,-0.6900
1785145992.920365,8790,8865,2233,4353,204.2300,-0.6900
1785145992.945033,8930,8855,2289,4343,204.2300,-0.6900
1785145992.972868,8846,8865,2251,4343,198.8700,-0.7500
1785145992.995893,8827,8884,2223,4878,198.8700,-0.7500
1785145993.021168,8808,8865,2204,4353,204.2300,-0.8100
1785145993.047319,8855,8865,2261,4400,204.2300,-0.8100
1785145993.071511,8846,8884,2195,4418,198.8700,-0.8100
1785145993.097427,8799,8884,2223,4906,198.8700,-0.8100
1785145993.121989,8818,8884,2204,4934,198.7100,-0.8100
1785145993.148640,8818,8902,2242,3940,198.7100,-0.8100
1785145993.173414,8771,8912,2233,4006,193.5700,-0.8100
1785145993.198550,8808,8930,2289,4475,193.5700,-0.8100
1785145993.225395,8808,8930,2280,4578,201.4700,-0.7500
1785145993.252128,8846,9005,2251,4597,201.4700,-0.7500
1785145993.274064,8837,8893,2336,4446,194.7400,-0.7500
1785145993.300140,8790,8930,2280,4597,194.7400,-0.7500
1785145993.324494,8799,8949,2233,4081,200.1500,-0.7500
1785145993.350565,8827,8930,2383,4512,200.1500,-0.7500
1785145993.375228,8771,8940,2251,3949,202.8500,-0.8100
1785145993.400094,8799,8968,2308,3940,202.8500,-0.8100
1785145993.425299,8808,9005,2336,4465,200.1500,-0.8100
1785145993.452000,8780,8884,2326,4268,200.1500,-0.8100
1785145993.476776,8818,8912,2317,4334,200.1500,-0.8100
1785145993.501641,8799,8996,2289,4353,200.1500,-0.8100
1785145993.527325,8771,9090,2326,4925,202.8500,-0.8100
1785145993.552164,8855,9062,2308,3499,202.8500,-0.8100
1785145993.578065,8733,8949,2270,4371,198.8700,-0.8100
1785145993.604090,8827,9005,2280,4353,198.8700,-0.8100
1785145993.628669,8799,8743,2308,3593,206.9900,-0.8100
1785145993.653953,8790,8705,2326,4249,206.9900,-0.8100
1785145993.679935,8846,8743,2317,4240,200.1500,-0.7500
1785145993.705213,8752,8733,2298,3583,200.1500,-0.7500
1785145993.729586,8790,8733,2401,4090,202.8500,-0.7500
1785145993.755419,8743,8733,2411,4081,202.8500,-0.7500
1785145993.780770,8799,8668,2383,4052,200.1500,-0.7500
1785145993.805726,8752,8696,2392,4043,200.1500,-0.7500
1785145993.832809,8752,8658,2448,3977,201.5300,-0.7500
1785145993.857789,8752,8640,2420,4062,201.5300,-0.7500
1785145993.881444,8743,8621,2420,3949,206.9900,-0.7500
1785145993.908700,8780,8602,2467,4737,200.1500,-0.7500
1785145993.932805,8743,8621,2448,3264,200.1500,-0.7500
1785145993.957687,8743,8649,2458,3180,200.1500,-0.7500
1785145993.983334,8818,8640,2458,3940,198.8700,-0.7500
1785145994.008306,8762,8621,2458,3180,198.8700,-0.7500
1785145994.033599,8780,8621,2458,3124,209.7500,-0.7500
1785145994.059268,8733,8658,2439,3931,200.1500,-0.8100
1785145994.084170,8790,8621,2486,3959,200.1500,-0.8100
1785145994.109376,8790,8640,2495,3921,200.1500,-0.8100
1785145994.135505,8705,8640,2486,3949,202.8500,-0.8800
1785145994.160674,8790,8593,2505,3058,200.1500,-0.9400
1785145994.185467,8771,8658,2533,3987,200.1500,-0.9400
1785145994.211637,8790,8640,2505,3931,194.7400,-0.9400
1785145994.236286,8705,8630,2505,4456,194.7400,-0.9400
1785145994.261932,8790,8705,2477,3931,196.2200,-0.8800
1785145994.287987,8780,8677,2514,4043,196.2200,-0.8800
1785145994.313343,8752,8705,2505,3508,201.4700,-0.8100
1785145994.337430,8762,8705,2514,3931,201.4700,-0.8100
1785145994.364355,8752,8696,2495,4296,196.2200,-0.7500
1785145994.389110,8743,8696,2523,3931,196.2200,-0.7500
1785145994.416183,8733,8752,2523,4278,201.4700,-0.7500
1785145994.439744,8724,8724,2514,3415,201.4700,-0.7500
1785145994.464068,8752,8724,2514,3424,196.2200,-0.8100
1785145994.489165,8724,8724,2523,3311,196.2200,-0.8100
1785145994.515296,8743,8733,2589,3321,201.4700,-0.8100
1785145994.540248,8687,8752,2589,3780,201.4700,-0.8100
1785145994.565513,8790,8818,2617,3818,198.8700,-0.8800
1785145994.591498,8705,8818,2627,3818,198.8700,-0.8800
1785145994.616670,8733,8827,2580,3321,204.2300,-0.8800
1785145994.641738,8724,8799,2598,3827,204.2300,-0.8800
1785145994.666747,8668,8818,2636,3790,198.8700,-0.8800
1785145994.692602,8724,8846,2589,3799,198.8700,-0.8800
1785145994.717637,8771,8846,2608,3762,204.2300,-0.8800
1785145994.742990,8724,8902,2627,3734,204.2300,-0.8800
1785145994.769142,8696,8902,2627,3771,205.5600,-0.8100
1785145994.793339,8733,8865,2589,3743,205.5600,-0.8100
1785145994.819590,8715,8893,2636,3809,200.1500,-0.8100
1785145994.844550,8715,8846,2636,3311,200.1500,-0.8100
1785145994.869895,8696,8930,2617,3293,196.2200,-0.6900
1785145994.894599,8743,8865,2627,3715,196.2200,-0.6900
1785145994.920602,8715,8893,2636,3734,197.4400,-0.6200
1785145994.945390,8733,8884,2589,3762,197.4400,-0.6200
1785145994.970485,8705,8921,2589,3734,202.8500,-0.5600
1785145994.996129,8733,8893,2589,3358,202.8500,-0.5600
1785145995.021067,8705,8940,2608,3715,202.8500,-0.5600
1785145995.046120,8743,8940,2617,3743,202.8500,-0.5600
1785145995.072608,8677,8921,2655,3330,202.8500,-0.5600
1785145995.098222,8743,8912,2570,3264,202.8500,-0.5600
1785145995.122704,8715,8921,2589,3330,209.7500,-0.6200
1785145995.149510,8715,8940,2627,2880,209.7500,-0.6200
1785145995.173307,8611,8921,2608,2917,201.5300,-0.6900
1785145995.198424,8715,8996,2655,2880,201.5300,-0.6900
1785145995.226003,8743,8940,2645,3696,202.8500,-0.7500
1785145995.249056,8733,8949,2627,3340,202.8500,-0.7500
1785145995.274157,8705,8912,2598,3293,204.2300,-0.7500
1785145995.300375,8705,9005,2636,3246,204.2300,-0.7500
1785145995.325498,8724,8940,2627,3283,196.2200,-0.6900
1785145995.350312,8715,8987,2645,3293,196.2200,-0.6900
1785145995.376057,8715,8968,2617,3236,201.4700,-0.7500
1785145995.401835,8715,9005,2636,3255,201.4700,-0.7500
1785145995.426335,8715,8959,2608,3321,197.4400,-0.8100
1785145995.453043,8724,8949,2683,3246,197.4400,-0.8100
1785145995.477447,8715,8940,2683,2889,197.4400,-0.8100
1785145995.502917,8705,8893,2627,3302,197.4400,-0.8100
1785145995.528292,8715,9015,2598,3293,197.4400,-0.8100
1785145995.553655,8715,8959,2627,3302,197.4400,-0.8100
1785145995.578394,8733,8987,2636,2899,200.1500,-0.8100
1785145995.604135,8687,9005,2645,2824,200.1500,-0.8100
1785145995.629595,8771,8996,2636,3218,200.1500,-0.8100
1785145995.655094,8687,9005,2636,2983,200.1500,-0.8100
1785145995.680171,8715,8996,2692,3096,198.8700,-0.8800
1785145995.705513,8677,8968,2702,3227,198.8700,-0.8800
1785145995.731037,8705,9005,2692,3236,201.4700,-0.8800
1785145995.756600,8687,8977,2664,3143,201.4700,-0.8800
1785145995.782197,8649,9081,2702,3480,198.8700,-0.8100
1785145995.806365,8658,9005,2674,3152,198.8700,-0.8100
1785145995.831990,8715,9081,2711,3161,204.2300,-0.7500
1785145995.857221,8687,9071,2683,3030,205.5600,-0.8100
1785145995.882739,8696,9052,2683,3433,205.5600,-0.8100
1785145995.908118,8715,9034,2655,3386,205.5600,-0.8100
1785145995.933708,8677,9071,2683,3349,205.5600,-0.7500
1785145995.958452,8677,9052,2683,3377,205.5600,-0.7500
1785145995.984986,8658,9034,2711,3143,205.5600,-0.7500
1785145996.009522,8687,9109,2664,3246,200.1500,-0.7500
1785145996.034371,8705,9090,2674,3330,200.1500,-0.7500
1785145996.062423,8696,9090,2664,3405,205.5600,-0.7500
1785145996.085190,8640,9268,2749,3405,205.5600,-0.7500
1785145996.110341,8668,9278,2664,3424,202.8500,-0.7500
1785145996.136039,8677,9156,2645,4221,202.8500,-0.7500
1785145996.161770,8677,9306,2674,4174,202.8500,-0.7500
1785145996.186082,8687,9343,2711,4221,202.8500,-0.7500
1785145996.213529,8668,9240,2749,3508,205.5600,-0.7500
1785145996.238250,9418,9137,2683,3143,205.5600,-0.7500
1785145996.263104,8705,9137,2683,4146,200.1500,-0.8100
1785145996.288090,8649,8874,2645,3565,200.1500,-0.8100
1785145996.314806,8696,8940,2739,3518,200.1500,-0.8100
1785145996.338776,8640,8818,2683,3555,200.1500,-0.8100
1785145996.365004,8668,9174,2767,3546,198.8700,-0.7500
1785145996.390119,8640,8743,2683,3527,198.8700,-0.7500
1785145996.414338,8658,8771,2711,3086,206.9900,-0.6200
1785145996.440320,8640,8827,2758,2692,206.9900,-0.6200
1785145996.465350,8649,8780,2739,3143,198.8700,-0.6200
1785145996.490683,8640,8743,2730,2674,198.8700,-0.6200
1785145996.517388,8658,8771,2824,3180,205.5600,-0.6900
1785145996.541785,8621,8677,2739,3208,205.5600,-0.6900
1785145996.566757,8668,8715,2749,3208,204.2300,-0.8100
1785145996.592504,8715,8677,2777,3077,204.2300,-0.8100
1785145996.617770,8658,8733,2767,3218,202.8500,-0.8100
1785145996.642044,8687,8715,2786,3011,202.8500,-0.8100
1785145996.668289,8677,8705,2720,2992,196.2200,-0.8800
1785145996.693542,8630,8743,2730,2720,196.2200,-0.8800
1785145996.718164,8733,8715,2786,2786,204.2300,-0.8800
1785145996.744081,8621,8762,2767,2927,204.2300,-0.8800
1785145996.769225,8611,8762,2795,2720,193.5700,-0.8800
1785145996.794468,8649,8733,2749,2692,193.5700,-0.8800
1785145996.820122,8621,8733,2814,2720,206.9900,-0.7500
1785145996.846097,8630,8752,2749,2702,206.9900,-0.7500
1785145996.870759,8658,8771,2711,2645,200.1500,-0.8100
1785145996.895633,8677,8762,2720,2645,200.1500,-0.8100
1785145996.922355,8658,8733,2711,2974,200.1500,-0.6200
1785145996.947366,8630,8752,2739,2899,200.1500,-0.6200
1785145996.971549,8630,8837,2758,3283,201.5300,-0.6200
1785145996.997432,8621,8780,2758,3330,201.5300,-0.6200
1785145997.022339,8640,8818,2730,3330,206.9900,-0.6200
1785145997.047575,8658,8837,2767,3415,206.9900,-0.6200
1785145997.073308,8649,8846,2777,3377,198.8700,-0.5600
1785145997.098969,8630,8837,2824,3424,198.8700,-0.5600
1785145997.123408,8677,8799,2861,3386,209.7500,-0.5600
1785145997.149448,8640,8808,2777,3415,209.7500,-0.5600
1785145997.174104,8621,8837,2786,3405,205.5600,-0.5600
1785145997.198993,8621,8884,2777,2974,205.5600,-0.5600
1785145997.225504,8602,8884,2749,3039,202.8500,-0.6200
1785145997.250977,8705,8846,2777,2936,202.8500,-0.6200
1785145997.275551,8593,8902,2767,2992,200.1500,-0.6200
1785145997.302069,8649,8884,2805,2899,200.1500,-0.6200
1785145997.326088,8574,8893,2805,2946,200.1500,-0.6900
1785145997.351177,8649,8902,2786,3039,200.1500,-0.6900
1785145997.377234,8649,8921,2805,2917,200.1500,-0.6900
1785145997.402245,8668,8940,2833,2917,200.1500,-0.6900
1785145997.427039,8593,8921,2749,3208,198.8700,-0.6900
1785145997.453334,8583,8846,2842,3677,198.8700,-0.6900
1785145997.478694,8640,8912,2814,3705,200.1500,-0.6200
1785145997.503573,8602,8949,2842,3555,200.1500,-0.6200
1785145997.530924,8611,8949,2842,3405,201.4700,-0.6200
1785145997.556694,8658,8949,2777,3086,201.4700,-0.6200
1785145997.581746,8640,8940,2899,3067,200.1500,-0.6900
1785145997.606703,8602,8996,2824,2917,200.1500,-0.6900
1785145997.631691,8602,8968,2927,2917,197.4400,-0.6900
1785145997.657693,8621,9015,2870,2824,200.1500,-0.6900
1785145997.683213,8583,8977,2842,2842,200.1500,-0.6900
1785145997.708009,8640,8959,2852,2833,200.1500,-0.6900
1785145997.731354,8640,8949,2842,2805,197.4400,-0.6200
1785145997.757620,8649,8996,2861,2795,197.4400,-0.6200
1785145997.782282,8630,8968,2899,2720,201.5300,-0.6200
1785145997.807423,8611,9015,2889,2702,204.2300,-0.6200
1785145997.834077,8668,8996,2917,3583,204.2300,-0.6200
1785145997.858763,8602,9015,2917,3208,204.2300,-0.6200
1785145997.883569,8611,9015,2974,3114,200.1500,-0.5600
1785145997.909905,8649,9052,2917,3143,202.8500,-0.5600
1785145997.935018,8640,9024,2983,2749,202.8500,-0.5600
1785145997.959161,8668,9052,2955,3067,202.8500,-0.6200
1785145997.985193,8668,9062,2974,2608,202.8500,-0.6200
1785145998.010237,8640,9043,2964,2655,202.8500,-0.6200
1785145998.036161,8640,9043,2899,2655,205.5600,-0.6200
1785145998.062674,8630,9015,2927,3011,202.8500,-0.6900
1785145998.087414,8649,9005,2917,2645,202.8500,-0.6900
1785145998.113219,8555,9071,2899,2598,202.8500,-0.6900
1785145998.137522,8611,9015,2964,2561,202.8500,-0.6900
1785145998.163517,8640,9005,2964,2523,198.8700,-0.7500
1785145998.187878,8621,9043,2974,2514,198.8700,-0.7500
1785145998.213273,8630,8996,2992,2486,206.9900,-0.7500
1785145998.238249,8621,9052,2955,2486,206.9900,-0.7500
1785145998.264340,8611,9015,2974,2458,196.2200,-0.7500
1785145998.289374,8658,8959,2992,2880,196.2200,-0.7500
1785145998.313966,8611,9052,3021,2880,204.2300,-0.8100
1785145998.338952,8593,9090,3021,3283,204.2300,-0.8100
1785145998.363883,8621,9052,2964,3283,194.7400,-0.8100
1785145998.390286,8621,9062,3002,3199,194.7400,-0.8100
1785145998.415679,8574,9071,3039,3302,194.7400,-0.7500
1785145998.440061,8621,9071,3011,3218,194.7400,-0.7500
1785145998.465959,8621,9071,3058,3180,196.2200,-0.6900
1785145998.492013,8630,9034,3039,3086,196.2200,-0.6900
1785145998.517800,8640,9034,3058,3152,198.7100,-0.6900
1785145998.542007,8658,9034,3021,3114,198.7100,-0.6900
1785145998.566977,8649,9062,3021,3096,202.8500,-0.8100
1785145998.593361,8649,9062,3030,3124,202.8500,-0.8100
1785145998.618510,8593,9034,3011,3124,200.1500,-0.8800
1785145998.643953,8593,9015,3049,3067,200.1500,-0.8800
1785145998.668754,8574,9127,3086,3105,197.4400,-0.9400
1785145998.694195,8611,9024,3039,3086,197.4400,-0.9400
1785145998.720168,8583,9090,3011,3105,200.1500,-0.9400
1785145998.745116,8574,9043,3030,3086,200.1500,-0.9400
1785145998.770016,8593,9052,3049,3124,196.2200,-0.8800
1785145998.794927,8583,9062,3077,3096,196.2200,-0.8800
1785145998.819949,8602,9081,3021,2824,201.4700,-0.8800
1785145998.847344,8546,9062,3049,2683,201.4700,-0.8800
1785145998.871245,8602,9024,3067,3105,200.1500,-0.8800
1785145998.896824,8611,9015,3049,3067,200.1500,-0.8800
1785145998.922107,8611,9015,3114,3086,194.7400,-0.8100
1785145998.947732,8546,9034,3096,3039,194.7400,-0.8100
1785145998.973076,8555,9081,3067,2983,200.1500,-0.7500
1785145998.998499,8602,9043,3058,3039,200.1500,-0.7500
1785145999.023416,8555,9024,3049,3002,200.1500,-0.6900
1785145999.047930,8565,9052,3152,3021,200.1500,-0.6900
1785145999.074955,8555,9081,3105,2899,202.8500,-0.6900
1785145999.099196,8546,9090,3114,2955,202.8500,-0.6900
1785145999.125313,8593,9090,3105,2889,196.2200,-0.6900
1785145999.150074,8593,9090,3143,2889,196.2200,-0.6900
1785145999.175030,8565,9099,3105,2917,206.9900,-0.6900
1785145999.200137,8640,9062,3114,2946,206.9900,-0.6900
1785145999.227507,8593,9052,3161,2870,197.4400,-0.6900
1785145999.251465,8593,9052,3208,2936,197.4400,-0.6900
1785145999.276273,8574,9081,3143,2927,200.1500,-0.7500
1785145999.302311,8593,9090,3124,2917,200.1500,-0.7500
1785145999.327283,8574,9090,3105,2917,200.1500,-0.8100
1785145999.352157,8583,9118,3180,2917,200.1500,-0.8100
1785145999.377990,8593,9081,3124,2955,196.2200,-0.8800
1785145999.403394,8593,9146,3218,2917,196.2200,-0.8800
1785145999.428513,8611,9127,3161,2889,201.4700,-0.8800
1785145999.454057,8621,9052,3189,2852,201.4700,-0.8800
1785145999.479017,8602,9043,3180,2880,192.0300,-0.8100
1785145999.503940,8574,9090,3152,2880,192.0300,-0.8100
1785145999.530367,8583,9090,3236,2861,197.4400,-0.7500
1785145999.556098,8602,9090,3218,2833,197.4400,-0.7500
1785145999.580210,8565,9071,3208,2833,197.4400,-0.6900
1785145999.606133,8649,9081,3208,2795,197.4400,-0.6900
1785145999.631237,8640,9052,3208,2824,197.4400,-0.6900
1785145999.656182,8602,9005,3227,2833,197.4400,-0.6900
1785145999.682192,8611,9090,3255,2833,200.1500,-0.6900
1785145999.706979,8621,9109,3246,2786,200.1500,-0.6900
1785145999.731886,8611,9062,3236,2842,198.8700,-0.7500
1785145999.758184,8621,9052,3274,2749,200.1500,-0.8100
1785145999.783307,8583,9024,3274,2946,200.1500,-0.8100
1785145999.807865,8565,9062,3321,3630,200.1500,-0.8100
1785145999.833933,8555,9015,3340,3696,200.1500,-0.7500
1785145999.859421,8630,9034,3340,3537,200.1500,-0.6900
1785145999.884478,8583,9043,3227,2927,200.1500,-0.6900
1785145999.910024,8565,9005,3368,3602,201.4700,-0.6200
1785145999.936636,8546,9005,3311,3077,201.4700,-0.6200
1785145999.959896,8583,8996,3321,3039,201.4700,-0.6200
1785145999.986240,8555,8968,3274,3621,201.5300,-0.6200
1785146000.012593,8555,8987,3349,2992,201.4700,-0.5600
1785146000.035921,8546,8977,3274,2955,201.4700,-0.5600
1785146000.064412,8583,9005,3302,2992,198.8700,-0.5600
1785146000.087262,8546,8996,3330,2955,198.8700,-0.5600
1785146000.113886,8583,8977,3340,3021,200.1500,-0.5600
1785146000.138259,8602,8968,3368,2992,200.1500,-0.5600
1785146000.163185,8546,8940,3321,2974,206.9900,-0.6200
1785146000.187972,8546,9015,3358,2936,206.9900,-0.6200
1785146000.213836,8536,8977,3443,2927,202.8500,-0.6200
1785146000.239115,8518,8968,3293,2814,202.8500,-0.6200
1785146000.264016,8527,9005,3349,2777,196.2200,-0.6200
1785146000.290087,8536,8968,3349,2720,196.2200,-0.6200
1785146000.314858,8536,9015,3386,2758,198.7100,-0.6200
1785146000.340321,8499,8959,3368,2824,198.7100,-0.6200
1785146000.366175,8490,8987,3386,2664,196.2200,-0.7500
1785146000.391002,8527,8996,3358,2720,196.2200,-0.7500
1785146000.416329,8508,8996,3396,2852,192.0300,-0.8100
1785146000.442639,8527,8977,3377,2786,192.0300,-0.8100
1785146000.467552,8518,9005,3405,2767,186.6200,-0.8800
1785146000.491849,8518,8977,3358,2767,186.6200,-0.8800
1785146000.518133,8546,9090,3368,2711,190.4300,-0.9400
1785146000.542951,8518,9034,3340,2805,190.4300,-0.9400
1785146000.568206,8546,8959,3368,2786,180.3100,-1.0600
1785146000.594079,8490,9034,3396,2899,180.3100,-1.0600
1785146000.620034,8518,9015,3377,2814,187.6700,-1.0600
1785146000.643936,8518,9071,3443,2720,187.6700,-1.0600
1785146000.668909,8518,9005,3452,2336,172.3600,-1.1200
1785146000.695111,8555,9081,3443,2777,172.3600,-1.1200
1785146000.720141,8565,9071,3424,2364,179.3900,-1.2500
1785146000.745013,8546,9118,3377,2805,179.3900,-1.2500
1785146000.771340,8555,9109,3396,2373,175.8000,-1.2500
1785146000.796302,8499,9109,3443,2326,175.8000,-1.2500
1785146000.822067,8583,9071,3443,2777,173.1000,-1.3100
1785146000.846944,8499,9081,3480,2767,173.1000,-1.3100
1785146000.872218,8546,9071,3433,1932,161.7500,-1.4400
1785146000.897712,8565,9099,3452,2805,161.7500,-1.4400
1785146000.923907,8593,9127,3443,2786,162.8300,-1.3700
1785146000.948469,8565,9137,3471,2795,162.8300,-1.3700
1785146000.973094,8555,9174,3518,2852,164.9900,-1.1200
1785146000.998787,8593,9193,3499,2401,164.9900,-1.1200
1785146001.024219,8602,9165,3537,2899,164.9900,-0.8100
1785146001.049369,8583,9231,3471,2420,164.9900,-0.8100
1785146001.074964,8565,9202,3555,2336,167.6900,-0.6200
1785146001.100734,8574,9240,3546,2477,167.6900,-0.6200
1785146001.125720,8574,9240,3480,2467,167.6900,-0.5600
1785146001.151689,8546,9193,3565,2552,167.6900,-0.5600
1785146001.177437,8546,9287,3490,2458,169.7100,-0.5000
1785146001.202661,8546,9146,3527,2448,169.7100,-0.5000
1785146001.228072,8583,9278,3518,2533,171.1100,-0.5000
1785146001.252357,8583,9287,3508,2270,171.1100,-0.5000
1785146001.277053,8602,9287,3565,2486,167.0500,-0.5000
1785146001.303118,8611,9268,3565,2420,167.0500,-0.5000
1785146001.328010,8546,9315,3499,2101,168.3500,-0.5000
1785146001.353610,8611,9146,3537,1989,168.3500,-0.5000
1785146001.379550,8640,9259,3555,1979,164.4000,-0.5000
1785146001.404169,8640,9259,3555,1979,164.4000,-0.5000
1785146001.428762,8546,9249,3546,1979,160.0700,-0.5000
1785146001.455976,8546,9278,3490,2007,160.0700,-0.5000
1785146001.480211,8518,9259,3499,2017,159.1000,-0.5000
1785146001.505541,8574,9306,3518,2045,159.1000,-0.5000
1785146001.530686,8536,9278,3499,2026,160.0700,-0.5600
1785146001.555697,8536,9268,3602,2054,160.0700,-0.5600
1785146001.581654,8555,9240,3555,2392,154.1700,-0.6200
1785146001.607168,8518,9268,3583,2233,154.1700,-0.6200
1785146001.631991,8518,9287,3649,1970,154.1700,-0.6200
1785146001.656763,8574,9278,3593,2054,154.1700,-0.6200
1785146001.682663,8536,9353,3602,2355,151.4600,-0.6900
1785146001.707914,8527,9278,3621,2298,148.7600,-0.6900
1785146001.732967,8480,9315,3555,2373,148.7600,-0.6900
1785146001.758663,8499,9306,3593,1951,148.7600,-0.6900
1785146001.783847,8508,9371,3555,1867,143.1900,-0.6900
1785146001.808696,8555,9259,3612,1895,143.1900,-0.6900
1785146001.835412,8527,9278,3621,1895,149.0300,-0.6200
1785146001.859964,8461,9268,3649,1886,143.3500,-0.6200
1785146001.884730,8490,9249,3630,1932,143.3500,-0.6200
1785146001.912020,8546,9287,3612,1895,146.0500,-0.6200
1785146001.935939,8499,9315,3640,1895,146.0500,-0.6200
1785146001.962620,8461,9268,3630,1914,137.8900,-0.6200
1785146001.986828,8490,9278,3677,1961,137.8900,-0.6200
1785146002.013275,8490,9278,3630,1932,149.0300,-0.6200
1785146002.037186,8518,9315,3574,1970,149.0300,-0.6200
1785146002.063826,8508,9268,3621,1961,137.8900,-0.6200
1785146002.088274,8508,9287,3640,2026,137.8900,-0.6200
1785146002.112892,8508,9240,3640,2017,140.7500,-0.6200
1785146002.138675,8433,9315,3658,1961,140.7500,-0.6200
1785146002.164133,8480,9353,3687,1970,132.5800,-0.6200
1785146002.189043,8480,9371,3630,2026,132.5800,-0.6200
1785146002.214825,8499,9362,3649,1998,137.9900,-0.6900
1785146002.240705,8480,9296,3649,2007,137.9900,-0.6900
1785146002.264406,8508,9334,3649,2007,135.2300,-0.7500
1785146002.290807,8499,9334,3612,2036,135.2300,-0.7500
1785146002.316500,8499,9315,3649,1989,135.2300,-0.6900
1785146002.340735,8480,9287,3640,1979,135.2300,-0.6900
1785146002.366708,8499,9278,3668,1979,132.5300,-0.6900
1785146002.391938,8499,9259,3630,2083,132.5300,-0.6900
1785146002.417697,8452,9362,3630,2092,132.5300,-0.7500
1785146002.443898,8508,9278,3668,2129,132.5300,-0.7500
1785146002.467918,8518,9296,3677,2092,124.6300,-0.6900
1785146002.492826,8555,9296,3705,2176,124.6300,-0.6900
1785146002.519082,8508,9306,3677,2148,124.1900,-0.6900
1785146002.543751,8527,9296,3668,2167,124.1900,-0.6900
1785146002.568628,8518,9353,3687,2148,121.7100,-0.6900
1785146002.594576,8508,9334,3715,2158,121.7100,-0.6900
1785146002.620112,8490,9315,3705,2148,124.4200,-0.7500
1785146002.645208,8536,9324,3677,2148,124.4200,-0.7500
1785146002.670758,8518,9334,3696,2139,119.3200,-0.6900
1785146002.695617,8518,9324,3687,2129,119.3200,-0.6900
1785146002.722610,8527,9278,3658,2083,121.7100,-0.6900
1785146002.748622,8555,9278,3677,2026,121.7100,-0.6900
1785146002.773147,8518,9306,3649,2054,124.1900,-0.6900
1785146002.798937,8518,9324,3649,2026,124.1900,-0.6900
1785146002.824450,8527,9334,3649,2045,119.0100,-0.6200
1785146002.849550,8574,9315,3630,2073,119.0100,-0.6200
1785146002.875290,8565,9296,3687,2017,119.3200,-0.5600
1785146002.900319,8555,9287,3696,2073,119.3200,-0.5600
1785146002.924030,8555,9296,3677,2036,121.4400,-0.5000
1785146002.948889,8536,9249,3658,2036,121.4400,-0.5000
1785146002.975119,8536,9174,3687,2026,119.0100,-0.5000
1785146002.999512,8555,9353,3705,2017,119.0100,-0.5000
1785146003.024497,8574,9315,3696,2017,119.0100,-0.5000
1785146003.050551,8565,9381,3724,2036,119.0100,-0.5000
1785146003.075757,8546,9287,3724,2045,111.3700,-0.5000
1785146003.100808,8593,9212,3705,2045,111.3700,-0.5000
1785146003.126540,8583,9343,3696,2045,115.9200,-0.5000
1785146003.151807,8602,9202,3734,2083,115.9200,-0.5000
1785146003.176836,8583,9278,3715,2064,113.6000,-0.5000
1785146003.202796,8583,9249,3705,2073,113.6000,-0.5000
1785146003.227576,8546,9287,3734,2101,113.6000,-0.5000
1785146003.252662,8555,9249,3724,2092,113.6000,-0.5000
1785146003.278495,8583,9287,3724,2111,106.0700,-0.6200
1785146003.303678,8593,9221,3771,2111,106.0700,-0.6200
1785146003.328779,8574,9212,3724,2073,106.0700,-0.6200
1785146003.354634,8546,9184,3734,2120,106.0700,-0.6200
1785146003.379451,8593,9268,3743,2129,106.0700,-0.6200
1785146003.404897,8555,9240,3715,2139,106.0700,-0.6200
1785146003.431319,8593,9240,3715,2129,106.0700,-0.6200
1785146003.455535,8527,9240,3724,2139,106.0700,-0.6200
1785146003.480534,8574,9221,3752,2129,106.0700,-0.6200
1785146003.506428,8565,9212,3715,2111,106.0700,-0.6200
1785146003.531670,8555,9221,3734,2101,106.0700,-0.6200
1785146003.557308,8565,9165,3724,2101,106.0700,-0.6200
1785146003.582602,8536,9202,3734,2092,106.0700,-0.6200
1785146003.607543,8546,9212,3743,2120,106.0700,-0.6200
1785146003.632510,8640,9221,3724,2120,9.4700,-0.5600
1785146003.658795,8574,9240,3752,2054,9.4700,-0.5600
1785146003.683473,8555,9259,3752,2036,10.8200,-2.1900
1785146003.708366,8565,9315,3724,2007,10.8200,-2.1900
1785146003.734702,8518,9268,3705,2017,5.4100,-5.1900
1785146003.760471,8565,9353,3696,1970,5.4100,-5.1900
1785146003.784904,8518,9493,3658,2007,8.1100,-9.1300
1785146003.811049,8536,9503,3640,1961,8.1100,-9.1300
1785146003.835584,8443,9381,3649,1989,0.0000,-13.4400
1785146003.861374,8461,9399,3612,1970,0.0000,-13.4400
1785146003.887760,8490,9428,3583,1961,-2.7000,-18.1900
1785146003.911618,8536,9428,3574,1989,-2.7000,-18.1900
1785146003.936338,8527,9315,3583,1961,-2.7000,-23.0000
1785146003.962567,8583,9287,3612,1942,-2.7000,-23.0000
1785146003.987607,8593,9362,3546,1951,0.0000,-27.8100
1785146004.012667,8630,9625,3574,1970,0.0000,-27.8100
1785146004.038408,8611,9306,3537,1970,0.0000,-32.5600
1785146004.063457,8630,9165,3565,1961,0.0000,-32.5600
1785146004.088380,8583,9090,3574,1970,0.0000,-37.1900
1785146004.114861,8574,9071,3546,1989,0.0000,-41.7500
1785146004.139832,8499,9099,3602,1914,0.0000,-41.7500
1785146004.164716,8499,9099,3537,1942,0.0000,-41.7500
1785146004.189653,8499,9118,3555,1998,-2.7000,-46.2500
1785146004.215466,8499,9137,3537,1998,-2.7000,-46.2500
1785146004.240880,8499,9146,3546,1951,0.0000,-50.5600
1785146004.265462,8461,9146,3527,1932,0.0000,-54.6900
1785146004.291383,8461,9156,3527,1970,0.0000,-54.6900
1785146004.316777,8443,9212,3508,1970,0.0000,-54.6900
1785146004.341646,8452,9240,3518,1914,0.0000,-58.5000
1785146004.368668,8424,9231,3508,1979,0.0000,-62.1900
1785146004.392857,8377,9212,3518,1942,0.0000,-62.1900
1785146004.418215,8405,9240,3537,1998,0.0000,-65.6200
1785146004.444142,8368,9184,3527,1970,0.0000,-65.6200
1785146004.470578,8368,9212,3546,1998,0.0000,-68.8700
1785146004.493390,8461,9146,3527,1989,0.0000,-68.8700
1785146004.520950,8396,9240,3565,1923,-2.7000,-71.8100
1785146004.544303,8386,9193,3565,1951,-2.7000,-71.8100
1785146004.570227,8339,9165,3565,1989,2.7000,-74.3700
1785146004.595594,8330,9193,3518,1961,2.7000,-74.3700
1785146004.620628,8311,9137,3537,2026,-2.7000,-76.5600
1785146004.645400,8321,9221,3555,2036,-2.7000,-76.5600
1785146004.671672,8330,9202,3527,2054,5.4100,-78.5600
1785146004.696959,8368,9146,3537,2111,5.4100,-78.5600
1785146004.721944,8358,9212,3546,2111,2.7000,-80.5600
1785146004.748314,8368,9240,3555,2073,2.7000,-80.5600
1785146004.774001,8368,9193,3546,2120,2.7000,-82.3100
1785146004.799089,8349,9174,3555,2139,2.7000,-82.3100
1785146004.823451,8349,9127,3546,2129,5.4100,-83.8100
1785146004.848828,8330,9156,3527,2120,5.4100,-83.8100
1785146004.874282,8433,9287,3508,2139,5.4100,-85.3100
1785146004.901282,8377,9231,3537,2111,5.4100,-85.3100
1785146004.925399,8358,9268,3565,2167,5.4100,-86.9400
1785146004.950059,8377,9259,3537,2120,5.4100,-86.9400
1785146004.975525,8386,9221,3527,2120,5.4100,-86.9400
1785146005.001359,8368,9221,3518,2139,5.4100,-86.9400
1785146005.027018,8368,9184,3537,2148,5.4100,-86.9400
1785146005.052011,8368,9174,3527,2120,5.4100,-86.9400
1785146005.076967,8377,9296,3555,2120,5.4100,-86.9400
1785146005.101590,8368,9306,3527,2129,5.4100,-86.9400
1785146005.127611,8368,9221,3518,2111,5.4100,-86.9400
1785146005.152611,8368,9146,3527,2176,5.4100,-86.9400
1785146005.180748,8433,9353,3527,2148,5.4100,-86.9400
1785146005.204353,8396,9231,3508,2242,5.4100,-86.9400
1785146005.229940,8405,9193,3508,2336,5.4100,-86.9400
1785146005.255006,8386,9127,3518,2383,5.4100,-86.9400
1785146005.280216,8415,9202,3537,1876,5.4100,-86.9400
1785146005.304482,8424,9437,3537,1848,5.4100,-86.9400
1785146005.329362,8377,9240,3518,1886,4.3700,-89.8100
1785146005.355586,8368,9137,3490,1839,4.3700,-89.8100
1785146005.381294,8377,9278,3537,1867,67.6200,-90.1200
1785146005.406683,8377,9231,3518,1867,67.6200,-90.1200
1785146005.431420,8349,9184,3555,1998,78.4400,-89.8700
1785146005.456336,8396,9202,3565,2317,78.4400,-89.8700
1785146005.481702,8386,9193,3593,2261,102.7800,-90.0600
1785146005.507389,8358,9212,3555,2233,102.7800,-90.0600
1785146005.532582,8433,9137,3593,2223,102.7800,-90.1900
1785146005.557392,8377,9109,3555,2176,102.7800,-90.1900
1785146005.583662,8386,9109,3565,2214,108.1900,-90.2500
1785146005.608617,8377,9071,3555,2204,108.1900,-90.2500
1785146005.633538,8386,9184,3546,2204,110.8900,-90.3100
1785146005.658739,8377,9118,3555,2129,110.8900,-90.3100
1785146005.684669,8358,9137,3537,2158,105.4800,-90.3700
1785146005.709909,8386,9137,3555,2280,105.4800,-90.3700
1785146005.734801,8358,9231,3574,2251,108.1900,-90.4400
1785146005.760583,8349,9146,3555,2158,108.1900,-90.4400
1785146005.785359,8311,9296,3546,2223,110.8900,-90.4400
1785146005.810433,8339,9184,3537,2242,110.8900,-90.4400
1785146005.836623,8339,9090,3555,2242,110.8900,-90.5000
1785146005.861467,8321,9137,3555,2242,110.8900,-90.5000
1785146005.886643,8321,9071,3565,2186,108.1900,-90.5600
1785146005.913770,8330,9024,3546,2242,108.1900,-90.5600
1785146005.937662,8311,9202,3555,2204,111.3700,-90.5000
1785146005.962728,8321,9062,3546,2186,111.3700,-90.5000
1785146005.988810,8302,9062,3518,2167,113.6000,-90.5600
1785146006.013376,8246,9296,3546,2186,113.6000,-90.5600
1785146006.038397,8349,9052,3546,2223,113.1600,-90.5000
1785146006.064838,8349,9052,3546,2139,113.1600,-90.5000
1785146006.089544,8349,9052,3555,2129,116.3000,-90.4400
1785146006.115222,8264,9118,3565,2129,116.3000,-90.4400
1785146006.140382,8255,9052,3602,2092,116.3000,-90.3100
1785146006.165954,8264,9052,3546,2101,116.6700,-90.2500
1785146006.191021,8264,9296,3565,2148,116.6700,-90.2500
1785146006.216831,8236,9324,3574,2148,116.6700,-90.2500
1785146006.241383,8255,9174,3574,2158,126.9500,-90.1900
1785146006.266397,8255,9062,3555,2120,126.9500,-90.1900
1785146006.292698,8264,9278,3555,2158,121.9800,-90.1200
1785146006.317439,8246,9390,3574,2167,124.1900,-90.0600
1785146006.342393,8264,9315,3612,2148,124.1900,-90.0600
1785146006.368703,8274,9381,3537,2111,124.1900,-90.0600
1785146006.394535,8246,9005,3565,2111,116.6700,-90.1200
1785146006.418990,8274,9212,3537,2111,124.1900,-90.2500
1785146006.444348,8302,9484,3518,2101,124.1900,-90.2500
1785146006.469464,8264,9062,3527,2120,119.0100,-90.4400
1785146006.494463,8227,9437,3518,2148,119.0100,-90.4400
1785146006.522364,8199,9015,3527,2120,121.7100,-90.6200
1785146006.546031,8208,9418,3555,2129,121.7100,-90.6200
1785146006.571951,8189,9146,3537,2148,116.3000,-90.6900
1785146006.596544,8236,9165,3555,2129,116.3000,-90.6900
1785146006.623339,8199,9259,3565,2129,119.0100,-90.7500
1785146006.646985,8189,9334,3518,2129,119.0100,-90.7500
1785146006.672833,8189,9062,3555,2101,119.3200,-90.6900
1785146006.697635,8227,8940,3555,2111,119.3200,-90.6900
1785146006.723638,8264,9015,3574,2083,124.1900,-90.6900
1785146006.747947,8255,9371,3574,2120,124.1900,-90.6900
1785146006.773586,8189,9146,3555,2111,121.9800,-90.7500
1785146006.798538,8180,8977,3574,2111,121.9800,-90.7500
1785146006.823390,8246,9324,3555,2101,121.4400,-90.7500
1785146006.849788,8208,9306,3490,2101,121.4400,-90.7500
1785146006.874849,8171,9015,3527,2158,124.4200,-90.7500
1785146006.899960,8180,9015,3574,2139,124.4200,-90.7500
1785146006.925504,8218,8968,3546,2167,119.0100,-90.6900
1785146006.950928,8189,8977,3527,2139,119.0100,-90.6900
1785146006.975604,8180,8996,3499,2148,121.7100,-90.6900
1785146007.001649,8142,8893,3508,2158,121.7100,-90.6900
1785146007.026474,8142,8884,3499,2139,121.9800,-90.6200
1785146007.051446,8255,8912,3518,2158,121.9800,-90.6200
1785146007.077775,8227,8818,3546,2204,129.7100,-90.6200
1785146007.103074,8246,8874,3537,2214,129.7100,-90.6200
1785146007.127769,8171,9578,3518,2148,132.5800,-90.5600
1785146007.154649,8096,9193,3565,2251,132.5800,-90.5600
1785146007.179597,8133,9212,3593,2223,129.8300,-90.5600
1785146007.204030,8133,8846,3583,2223,129.8300,-90.5600
1785146007.230029,8133,8987,3602,2223,137.9900,-90.5000
1785146007.254693,8124,9146,3593,2233,137.9900,-90.5000
1785146007.279619,8124,8912,3565,2261,132.5800,-90.4400
1785146007.306193,8152,8940,3565,2214,132.5800,-90.4400
1785146007.331421,8208,8837,3574,2204,135.2300,-90.5000
1785146007.356006,8124,8893,3574,2223,135.2300,-90.5000
1785146007.381540,8067,9221,3574,2251,135.2300,-90.5600
1785146007.408075,8180,9184,3546,2251,135.2300,-90.5600
1785146007.433941,8161,8884,3546,2251,137.9400,-90.6200
1785146007.457893,8105,8808,3565,2270,137.9400,-90.6200
1785146007.482877,8114,8799,3565,2261,137.9400,-90.7500
1785146007.507796,8105,8771,3555,2280,137.9400,-90.7500
1785146007.534623,8105,8752,3537,2317,140.7500,-90.7500
1785146007.559529,8142,8743,3527,2317,140.7500,-90.7500
1785146007.583642,8114,8752,3537,2251,140.6400,-90.6200
1785146007.609601,8114,8780,3527,2308,140.6400,-90.6200
1785146007.634524,8077,8743,3537,2280,140.6400,-90.5000
1785146007.659809,8086,8780,3546,2336,140.6400,-90.5000
1785146007.685725,8086,8818,3574,2392,145.8400,-90.3700
1785146007.710673,8067,8790,3593,2336,145.8400,-90.3700
1785146007.735744,8086,9193,3555,2392,151.7900,-90.2500
1785146007.761741,8049,8733,3546,2345,151.7900,-90.2500
1785146007.786752,8086,8705,3612,2383,148.4900,-90.2500
1785146007.811660,8152,8733,3565,2364,148.4900,-90.2500
1785146007.838281,8086,8724,3527,2401,151.4600,-90.2500
1785146007.862605,8049,9090,3593,2392,151.4600,-90.2500
1785146007.887879,8086,8818,3593,2383,156.8700,-90.2500
1785146007.913635,8086,8855,3583,2392,156.8700,-90.2500
1785146007.940070,8077,8762,3583,2458,154.1700,-90.2500
1785146007.964829,8067,8752,3574,2392,154.1700,-90.2500
1785146007.992298,8067,8771,3565,2420,159.5800,-90.3100
1785146008.017189,8067,8827,3565,2401,159.5800,-90.3100
1785146008.039584,8030,8733,3574,2392,160.0700,-90.4400
1785146008.065586,8077,8705,3593,2383,160.0700,-90.4400
1785146008.091249,8086,8658,3621,2420,156.4500,-90.4400
1785146008.115822,8096,8649,3574,2373,160.0700,-90.5000
1785146008.141542,8058,8705,3602,2392,160.0700,-90.5000
1785146008.166576,8067,8687,3621,2392,160.0700,-90.5000
1785146008.191587,8030,8687,3602,2392,159.1000,-90.5600
1785146008.217948,8030,8640,3602,2420,160.0700,-90.5600
1785146008.243148,8067,9043,3640,2383,160.0700,-90.5600
1785146008.267539,8058,8687,3593,2401,161.7500,-90.5600
1785146008.293574,8030,9090,3574,2364,161.7500,-90.5600
1785146008.318461,8039,8583,3574,2364,161.7500,-90.5600
1785146008.343774,7945,8583,3621,2336,162.8300,-90.5000
1785146008.369572,8002,8602,3583,2364,164.4000,-90.3700
1785146008.394519,8021,8611,3593,2298,164.4000,-90.3700
1785146008.419537,8011,8621,3546,2280,164.9900,-90.3100
1785146008.445786,7992,8630,3621,2280,164.9900,-90.3100
1785146008.473066,8011,8621,3593,2176,167.6900,-90.3700
1785146008.496897,8021,8687,3518,2186,167.6900,-90.3700
1785146008.523720,8011,8705,3612,2167,173.8700,-90.4400
1785146008.548543,8058,8705,3565,2129,173.8700,-90.4400
1785146008.573138,8067,8611,3583,2167,167.0500,-90.4400
1785146008.596748,8039,8602,3602,2242,167.0500,-90.4400
1785146008.623264,8002,8602,3583,2158,175.8000,-90.4400
1785146008.647833,7945,8574,3612,2186,175.8000,-90.4400
1785146008.673338,7964,8987,3630,2158,173.1000,-90.3700
1785146008.699171,7964,8987,3574,2214,173.1000,-90.3700
1785146008.723933,7917,8593,3574,2214,175.8000,-90.3700
1785146008.749489,7992,8555,3602,2233,175.8000,-90.3700
1785146008.774553,7908,8527,3593,2214,170.4000,-90.3700
1785146008.799824,8293,8499,3574,2242,170.4000,-90.3700
1785146008.824773,7964,8527,3649,2308,167.6900,-90.4400
1785146008.850528,7955,8902,3612,2336,167.6900,-90.4400
1785146008.876023,7992,8527,3612,2373,170.4000,-90.5000
1785146008.900752,7936,8490,3630,2364,170.4000,-90.5000
1785146008.926874,7917,8508,3602,2373,171.1100,-90.5600
1785146008.952645,7917,8536,3612,2176,171.1100,-90.5600
1785146008.976409,7899,8499,3593,2101,164.4000,-90.5600
1785146009.002530,7974,8508,3630,2129,164.4000,-90.5600
1785146009.027959,7927,8461,3612,2233,173.8700,-90.6200
1785146009.052636,7917,8874,3630,2167,173.8700,-90.6200
1785146009.078771,7955,8433,3621,2251,172.3600,-90.5600
1785146009.103647,7955,8443,3649,2242,172.3600,-90.5600
1785146009.129331,7899,8452,3593,2242,178.5100,-90.5000
1785146009.154682,7852,8912,3630,2242,178.5100,-90.5000
1785146009.180095,7927,8443,3621,2251,181.2100,-90.3100
1785146009.205546,7908,8865,3621,2270,181.2100,-90.3100
1785146009.230732,8011,8518,3593,2317,178.5100,-90.3100
1785146009.257109,8039,8508,3602,2317,178.5100,-90.3100
1785146009.280746,7842,8452,3640,2336,183.9200,-90.3700
1785146009.306644,7889,8415,3621,2420,183.9200,-90.3700
1785146009.331640,7880,8480,3630,2383,189.3300,-90.4400
1785146009.356385,7974,8415,3593,2458,189.3300,-90.4400
1785146009.382384,7964,8452,3630,2477,189.3300,-90.4400
1785146009.407345,8199,8368,3621,2477,189.3300,-90.4400
1785146009.432835,7945,8461,3640,2542,189.3300,-90.4400
1785146009.458589,8264,8386,3640,2617,189.3300,-90.4400
1785146009.484195,7861,8405,3677,2345,189.3300,-90.4400
1785146009.508398,7842,8827,3630,2458,189.3300,-90.4400
1785146009.534683,7899,8415,3668,2298,194.7400,-90.4400
1785146009.559561,8096,8368,3630,2345,194.7400,-90.4400
1785146009.584352,7955,8396,3668,2223,200.1500,-90.3700
1785146009.610406,8067,8490,3640,2326,200.1500,-90.3700
1785146009.635328,8377,8405,3574,2223,197.4400,-90.3100
1785146009.660736,7945,8471,3649,2233,197.4400,-90.3100
1785146009.686663,8443,8846,3593,2214,194.7400,-90.3100
1785146009.711724,8236,8339,3593,2233,194.7400,-90.3100
1785146009.736760,7899,8311,3602,2523,197.4400,-90.3100
1785146009.762628,7880,8368,3612,2420,197.4400,-90.3100
1785146009.787807,8114,8339,3593,2692,202.8500,-90.3100
1785146009.812582,8433,8349,3696,2645,202.8500,-90.3100
1785146009.838387,8405,8302,3687,2580,200.1500,-90.3700
1785146009.863692,7861,8339,3687,2570,200.1500,-90.3700
1785146009.888530,8142,8733,3612,2561,200.1500,-90.4400
1785146009.914844,8096,9193,3630,2514,200.1500,-90.4400
1785146009.939469,7927,9165,3602,2523,200.1500,-90.4400
1785146009.964543,8077,8752,3715,2495,200.1500,-90.4400
1785146009.990813,8039,8724,3649,2411,194.7400,-90.5000
1785146010.015653,7945,9156,3621,2430,194.7400,-90.5000
1785146010.040263,8171,9146,3649,2411,200.1500,-90.4400
1785146010.066305,8321,8339,3705,2392,200.1500,-90.4400
1785146010.092924,8011,8696,3724,2364,200.1500,-90.4400
1785146010.116675,7824,8302,3734,2401,197.4400,-90.3700
1785146010.142491,8171,8311,3687,2364,197.4400,-90.3700
1785146010.170438,7805,8339,3705,2355,200.1500,-90.3100
1785146010.192743,7870,8321,3705,2383,200.1500,-90.3100
1785146010.218441,7927,8246,3696,2420,197.4400,-90.3100
1785146010.244184,7673,8311,3724,2345,197.4400,-90.3100
1785146010.268730,7964,8658,3668,2364,200.1500,-90.3100
1785146010.294407,7899,8283,3762,2355,200.1500,-90.3100
1785146010.320175,8171,8274,3762,2373,201.4700,-90.4400
1785146010.344952,7870,8368,3715,2373,201.4700,-90.4400
1785146010.372031,7786,8668,3743,2345,196.2200,-90.5000
1785146010.395222,7955,8658,3715,2392,196.2200,-90.5000
1785146010.421634,7805,8668,3743,2308,200.1500,-90.5600
1785146010.447994,7777,9081,3734,2289,200.1500,-90.5600
1785146010.472969,7711,8658,3715,2345,194.7400,-90.5600
1785146010.496745,7917,8255,3734,2373,194.7400,-90.5600
1785146010.522522,7777,8255,3677,2345,189.3300,-90.5000
1785146010.547701,7870,8696,3705,2383,189.3300,-90.5000
1785146010.573830,7908,8218,3715,2392,197.4400,-90.4400
1785146010.598373,7655,8264,3677,2439,197.4400,-90.4400
1785146010.623452,7767,8227,3687,2345,194.7400,-90.3700
1785146010.648590,7692,8227,3743,2401,194.7400,-90.3700
1785146010.675629,7767,8611,3715,2401,197.4400,-90.3700
1785146010.699735,7655,8199,3734,2401,197.4400,-90.3700
1785146010.724330,7739,8142,3668,2401,194.7400,-90.3100
1785146010.750712,7739,8640,3715,2439,194.7400,-90.3100
1785146010.775628,7805,8630,3752,2430,197.4400,-90.3100
1785146010.801048,7720,8189,3705,2401,197.4400,-90.3100
1785146010.826210,7739,8246,3762,2420,198.7100,-90.3100
1785146010.851216,7645,8658,3724,2439,198.7100,-90.3100
1785146010.876196,7739,8227,3715,2448,196.2200,-90.5000
1785146010.902482,7702,8171,3771,2448,196.2200,-90.5000
1785146010.927498,7720,8236,3762,2448,192.0300,-90.5600
1785146010.953151,7683,8274,3762,2411,192.0300,-90.5600
1785146010.979419,7655,8189,3799,2458,194.7400,-90.5600
1785146011.003458,7636,8142,3799,2467,194.7400,-90.5600
1785146011.028926,7617,8227,3705,2477,189.3300,-90.5600
1785146011.055144,7795,8255,3743,2439,189.3300,-90.5600
1785146011.080456,7636,8630,3705,2514,194.7400,-90.5000
1785146011.104207,7664,8218,3743,2486,194.7400,-90.5000
1785146011.130650,7617,8246,3743,2486,192.0300,-90.5000
1785146011.155906,7664,8255,3743,2505,192.0300,-90.5000
1785146011.181129,7636,8236,3762,2458,200.1500,-90.3700
1785146011.206150,7561,8255,3705,2505,200.1500,-90.3700
1785146011.231281,7589,8199,3724,2486,197.4400,-90.3100
1785146011.258668,7542,8133,3743,2523,197.4400,-90.3100
1785146011.282385,7608,8199,3724,2552,194.7400,-90.3100
1785146011.307196,7589,8152,3743,2533,194.7400,-90.3100
1785146011.332145,7608,8161,3724,2533,197.4400,-90.3100
1785146011.358425,7617,8124,3724,2533,197.4400,-90.3100
1785146011.383630,7617,8152,3743,2486,200.1500,-90.3700
1785146011.409009,7514,8133,3743,2561,200.1500,-90.3700
1785146011.434706,7570,8077,3780,2542,197.4400,-90.4400
1785146011.459218,7551,8133,3743,2561,197.4400,-90.4400
1785146011.484364,7476,8133,3752,2523,194.7400,-90.5600
1785146011.510803,7627,8124,3734,2645,194.7400,-90.5600
1785146011.535497,7636,8152,3715,2533,197.4400,-90.5600
1785146011.560115,7617,8077,3743,2561,197.4400,-90.5600
1785146011.585358,7542,8096,3696,2542,189.3300,-90.5000
1785146011.611428,7598,8114,3743,2542,189.3300,-90.5000
1785146011.636163,7561,8114,3715,2589,186.6200,-90.4400
1785146011.661681,7551,8114,3715,2589,186.6200,-90.4400
1785146011.687857,7523,8114,3724,2552,189.3300,-90.4400
1785146011.713242,7551,8114,3715,2542,189.3300,-90.4400
1785146011.739020,7580,8114,3724,2523,197.4400,-90.3700
1785146011.763232,7551,8152,3743,2570,197.4400,-90.3700
1785146011.789133,7551,8058,3705,2533,197.4400,-90.3100
1785146011.813120,7505,8114,3743,2561,197.4400,-90.3100
1785146011.839371,7589,8096,3715,2533,197.4400,-90.3100
1785146011.864078,7570,8124,3799,2533,197.4400,-90.3100
1785146011.889162,7627,8152,3752,2552,205.5600,-90.3100
1785146011.915136,7551,8067,3799,2486,205.5600,-90.3100
1785146011.940564,7664,8105,3809,2505,202.8500,-90.3100
1785146011.965636,7467,8105,3771,2552,197.4400,-90.3700
1785146011.991410,7505,8077,3809,2523,197.4400,-90.3700
1785146012.016377,7551,8011,3846,2533,197.4400,-90.3700
1785146012.041144,7551,8086,3827,2533,189.3300,-90.3700
1785146012.067307,7514,8067,3799,2589,192.0300,-90.4400
1785146012.092078,7505,8067,3818,2552,192.0300,-90.4400
1785146012.117131,7476,8058,3837,2523,192.0300,-90.4400
1785146012.143311,7505,8058,3809,2561,189.3300,-90.5600
1785146012.168457,7486,8114,3837,2552,189.3300,-90.6900
1785146012.193390,7486,8105,3827,2598,189.3300,-90.6900
1785146012.219287,7476,8067,3818,2580,189.3300,-90.7500
1785146012.244327,7476,8049,3790,2608,189.3300,-90.7500
1785146012.269528,7476,8077,3790,2589,189.3300,-90.7500
1785146012.296073,7448,8105,3799,2627,186.6200,-90.6900
1785146012.321848,7476,8058,3780,2702,186.6200,-90.5000
1785146012.345648,7458,8086,3818,2655,186.6200,-90.5000
1785146012.373455,7420,8077,3846,2683,186.6200,-90.3700
1785146012.396782,7495,8039,3780,2711,186.6200,-90.3700
1785146012.423102,7458,8096,3874,2664,192.0300,-90.3700
1785146012.447376,7411,8096,3790,2739,192.0300,-90.3700
1785146012.474795,7505,8067,3827,2711,193.5700,-90.4400
1785146012.500215,7505,8049,3790,2711,193.5700,-90.4400
1785146012.523625,7420,8096,3809,2720,198.7100,-90.5600
1785146012.548227,7392,8011,3865,2711,198.7100,-90.5600
1785146012.573465,7383,8039,3874,2749,192.0300,-90.6900
1785146012.600248,7392,8030,3865,2749,192.0300,-90.6900
1785146012.625191,7401,8002,3837,2702,192.0300,-90.7500
1785146012.649569,7401,8030,3855,2702,192.0300,-90.7500
1785146012.675406,7401,8030,3837,2692,186.6200,-90.7500
1785146012.700072,7373,8002,3799,2795,186.6200,-90.7500
1785146012.725176,7364,8021,3893,2683,181.2100,-90.8700
1785146012.752573,7411,8011,3827,2711,181.2100,-90.8700
1785146012.777407,7336,8002,3837,2720,183.9200,-90.8700
1785146012.801364,7411,8002,3893,2720,183.9200,-90.8700
1785146012.827450,7354,8002,3827,2692,186.6200,-90.8100
1785146012.853174,7401,7955,3846,2730,186.6200,-90.8100
1785146012.877560,7373,7964,3855,2777,189.3300,-90.6200
1785146012.903136,7345,7964,3902,2749,189.3300,-90.6200
1785146012.928058,7317,7917,3865,2720,186.6200,-90.5600
1785146012.955448,7383,7917,3846,2692,186.6200,-90.5600
1785146012.979321,7354,7927,3921,2692,186.6200,-90.4400
1785146013.004197,7354,7927,3874,2692,186.6200,-90.4400
1785146013.031425,7364,7983,3837,2786,192.0300,-90.3100
1785146013.056926,7279,7974,3818,2814,192.0300,-90.3100
1785146013.081835,7289,7955,3837,2786,189.3300,-90.3100
1785146013.107337,7298,7983,3837,2758,189.3300,-90.3100
1785146013.132940,7289,7945,3837,2805,192.0300,-90.3700
1785146013.157197,7289,7945,3874,2833,192.0300,-90.3700
1785146013.182653,7308,7945,3865,2842,194.7400,-90.4400
1785146013.207862,7279,7945,3874,2777,194.7400,-90.4400
1785146013.233800,7279,7964,3902,2767,197.4400,-90.4400
1785146013.258959,7336,7964,3902,2739,197.4400,-90.4400
1785146013.283551,7223,7936,3846,2795,197.4400,-90.3700
1785146013.311697,7204,7927,3846,2814,197.4400,-90.3700
1785146013.333608,7204,7927,3940,2786,202.8500,-90.3700
1785146013.358501,7326,7917,3874,2777,202.8500,-90.3700
1785146013.384376,7317,7917,3837,2777,202.8500,-90.3100
1785146013.409167,7270,7870,3902,2814,202.8500,-90.3100
1785146013.434304,7251,7880,3921,2805,192.0300,-90.3100
1785146013.460507,7308,7908,3931,2795,192.0300,-90.3100
1785146013.485309,7251,7842,3884,2777,197.4400,-90.3100
1785146013.510506,7289,7908,3874,2777,197.4400,-90.3100
1785146013.536924,7261,7842,3874,2795,190.9200,-90.3700
1785146013.562295,7326,7852,3874,2814,190.9200,-90.3700
1785146013.587466,7289,7889,3893,2786,197.4400,-90.5000
1785146013.613030,7223,7880,3902,2786,197.4400,-90.5000
1785146013.637168,7157,7880,3893,2786,195.9500,-90.6200
1785146013.662858,7157,7852,3855,2833,195.9500,-90.6200
1785146013.688793,7120,7852,3912,2833,192.0300,-90.6900
1785146013.716489,7195,7852,3959,2833,189.3300,-90.8100
1785146013.738259,7242,7852,3968,2833,189.3300,-90.8100
1785146013.765204,7195,7814,3968,2880,189.3300,-90.8100
1785146013.789521,7195,7805,3968,2880,185.6200,-90.8100
1785146013.814550,7289,7852,3884,2842,185.6200,-90.8100
1785146013.840073,7195,7852,3921,2833,181.2100,-90.8100
1785146013.865164,7195,7861,3893,2824,181.2100,-90.8100
1785146013.890364,7176,7777,3902,2842,182.1500,-90.7500
1785146013.917077,7139,7852,3884,2842,182.1500,-90.7500
1785146013.941169,7204,7795,3931,2833,181.2100,-90.6200
1785146013.966937,7082,7805,3902,2824,181.2100,-90.6200
1785146013.992327,7148,7805,3921,2824,177.6600,-90.5000
1785146014.017701,7186,7795,3949,2861,183.9200,-90.5000
1785146014.042909,7139,7824,3977,2805,183.9200,-90.5000
1785146014.068403,7111,7814,3912,2899,183.9200,-90.5000
1785146014.093131,7157,7758,3959,2899,181.2100,-90.5000
1785146014.118286,7176,7730,3959,2936,190.4300,-90.4400
1785146014.144467,7092,7767,4006,2992,190.4300,-90.4400
1785146014.171632,7064,7748,3987,2974,182.9600,-90.5000
1785146014.194100,7101,7739,3996,2983,182.9600,-90.5000
1785146014.221342,7101,7739,3977,2983,190.4300,-90.6900
1785146014.245457,7139,7739,4015,2917,190.4300,-90.6900
1785146014.272500,7139,7720,4006,2917,186.6200,-90.7500
1785146014.296592,7167,7720,3940,2908,186.6200,-90.7500
1785146014.323293,7036,7739,3968,2852,186.6200,-90.6200
1785146014.346719,7120,7711,3959,2842,186.6200,-90.6200
1785146014.372778,7073,7767,3940,2889,188.2700,-90.5600
1785146014.397152,7111,7711,3949,2936,188.2700,-90.5600
1785146014.423258,7092,7655,4006,2861,189.3300,-90.5000
1785146014.448365,7139,7692,4015,2805,189.3300,-90.5000
1785146014.473276,7129,7683,3987,2805,189.3300,-90.5000
1785146014.499084,7026,7664,3987,2833,189.3300,-90.5000
1785146014.524277,7101,7739,4024,2833,193.1900,-90.5000
1785146014.549156,7073,7673,3968,3067,193.1900,-90.5000
1785146014.573927,7101,7683,4006,3218,192.0300,-90.5000
1785146014.600931,7007,7655,3940,3218,192.0300,-90.5000
1785146014.625250,7054,7692,3959,3218,188.2700,-90.5000
1785146014.650062,7045,7655,3959,3218,188.2700,-90.5000
1785146014.677473,7045,7702,3996,3255,189.3300,-90.4400
1785146014.701780,7045,7702,3987,3255,189.3300,-90.4400
1785146014.726151,6960,7702,3996,3255,198.7100,-90.5000
1785146014.751997,7092,7702,4024,3236,198.7100,-90.5000
1785146014.777224,7036,7664,3959,3227,197.4400,-90.5600
1785146014.802302,7017,7664,3959,3189,197.4400,-90.5600
1785146014.828906,7017,7636,3959,3189,190.9200,-90.6900
1785146014.853348,7017,7580,4052,3283,190.9200,-90.6900
1785146014.878711,7036,7608,4015,3283,198.7100,-90.6900
1785146014.904654,7036,7608,4015,3283,198.7100,-90.6900
1785146014.929653,7064,7608,4062,3283,188.2700,-90.6900
1785146014.954758,7092,7673,4062,3021,188.2700,-90.6900
1785146014.979052,7092,7598,4024,3077,194.7400,-90.6200
1785146015.005222,7036,7608,4043,3039,194.7400,-90.6200
1785146015.030483,6998,7617,3996,2992,193.1900,-90.5600
1785146015.055357,6998,7608,4024,2992,193.1900,-90.5600
1785146015.083128,7017,7598,4043,2936,192.0300,-90.5000
1785146015.106040,6998,7636,4006,2946,192.0300,-90.5000
1785146015.131345,7007,7627,4015,2955,186.6200,-90.4400
1785146015.157343,7007,7570,3987,2955,186.6200,-90.4400
1785146015.182383,6989,7636,4006,2992,189.3300,-90.3700
1785146015.207393,7017,7589,4034,2983,189.3300,-90.3700
1785146015.233391,6979,7589,4062,2992,189.3300,-90.4400
1785146015.258238,6989,7589,4024,3002,189.3300,-90.4400
1785146015.284117,7073,7570,4015,3021,189.3300,-90.5000
1785146015.310036,7026,7636,3987,3021,189.3300,-90.5000
1785146015.334339,6989,7570,4062,3011,188.2700,-90.5600
1785146015.359067,7036,7589,4006,2974,188.2700,-90.5600
1785146015.385648,6970,7589,4015,2992,193.1900,-90.5000
1785146015.410252,6914,7533,4090,3011,193.1900,-90.5000
1785146015.435009,6942,7589,4062,2964,194.7400,-90.5000
1785146015.461740,6970,7598,4062,3011,194.7400,-90.5000
1785146015.486306,6979,7570,4052,2964,193.5700,-90.5000
1785146015.511239,6951,7505,4109,2974,193.5700,-90.5000
1785146015.537072,6960,7542,4090,3011,204.2300,-90.6200
1785146015.562117,6932,7589,4043,2992,204.2300,-90.6200
1785146015.587682,6914,7570,4071,2992,189.3300,-90.5600
1785146015.613740,6904,7608,4052,3021,189.3300,-90.5600
1785146015.638436,6960,7533,4090,3039,192.0300,-90.5000
1785146015.663671,6867,7551,4062,3021,192.0300,-90.5000
1785146015.689125,6914,7551,4081,3058,189.3300,-90.4400
1785146015.714585,6951,7551,4128,3227,189.3300,-90.4400
1785146015.739640,6904,7495,4118,3246,194.7400,-90.3700
1785146015.765600,6942,7505,4146,3311,194.7400,-90.3700
1785146015.790864,6923,7486,4109,3405,188.2700,-90.3100
1785146015.815349,6885,7570,4099,3433,188.2700,-90.3100
1785146015.842455,6876,7505,4109,3246,194.7400,-90.3700
1785146015.867870,6829,7505,4128,2889,194.7400,-90.3700
1785146015.892621,6857,7551,4099,2870,198.7100,-90.5000
1785146015.917692,6848,7458,4090,2899,198.7100,-90.5000
1785146015.942130,6810,7542,4137,2917,188.2700,-90.6900
1785146015.967621,6829,7523,4099,3358,194.7400,-90.6900
1785146015.994502,6782,7523,4090,2880,194.7400,-90.6900
1785146016.018135,6820,7523,4137,2983,194.7400,-90.6900
1785146016.043042,6829,7486,4137,2955,193.1900,-90.6900
1785146016.069793,6810,7523,4156,2917,193.5700,-90.6200
1785146016.094293,6763,7495,4118,2917,193.5700,-90.6200
1785146016.119059,6782,7486,4099,3039,200.1500,-90.5600
1785146016.144989,6763,7542,4128,2946,200.1500,-90.5600
1785146016.171939,6745,7533,4128,2974,195.9500,-90.4400
1785146016.195546,6801,7495,4128,2955,195.9500,-90.4400
1785146016.222885,6801,7505,4137,3011,197.4400,-90.3700
1785146016.246290,6754,7495,4146,3133,197.4400,-90.3700
1785146016.273355,6810,7486,4099,3274,194.7400,-90.3700
1785146016.297944,6698,7476,4156,3180,194.7400,-90.3700
1785146016.323408,6773,7523,4165,3161,196.2200,-90.3700
1785146016.347066,6745,7505,4174,3171,196.2200,-90.3700
1785146016.373117,6735,7523,4249,3274,201.4700,-90.4400
1785146016.398151,6717,7476,4193,3189,201.4700,-90.4400
1785146016.423089,6698,7486,4203,3255,193.5700,-90.4400
1785146016.448967,6707,7486,4193,3199,193.5700,-90.4400
1785146016.474391,6698,7467,4174,3227,198.7100,-90.4400
1785146016.498888,6670,7476,4174,3218,198.7100,-90.4400
1785146016.525371,6679,7467,4221,3218,190.9200,-90.5000
1785146016.550299,6660,7514,4268,3274,190.9200,-90.5000
1785146016.575113,6698,7430,4221,3274,194.7400,-90.4400
1785146016.601127,6660,7476,4221,3302,194.7400,-90.4400
1785146016.625947,6651,7458,4221,3293,198.7100,-90.3700
1785146016.652323,6632,7448,4231,3311,198.7100,-90.3700
1785146016.677615,6613,7411,4221,3311,192.0300,-90.3100
1785146016.702314,6651,7448,4231,3246,192.0300,-90.3100
1785146016.727362,6604,7392,4221,3321,196.2200,-90.3100
1785146016.753533,6670,7420,4193,3368,196.2200,-90.3100
1785146016.778380,6632,7411,4203,3255,194.7400,-90.3100
1785146016.803288,6651,7383,4193,3218,194.7400,-90.3100
1785146016.828997,6604,7373,4203,3424,189.3300,-90.3100
1785146016.854695,6670,7411,4184,3218,189.3300,-90.3100
1785146016.879506,6604,7392,4231,3255,198.7100,-90.4400
1785146016.905396,6623,7392,4193,3358,198.7100,-90.4400
1785146016.930279,6604,7401,4231,3255,190.9200,-90.5600
1785146016.955463,6566,7411,4259,3264,190.9200,-90.5600
1785146016.981708,6585,7411,4240,3274,194.7400,-90.6200
1785146017.006583,6595,7373,4259,3302,194.7400,-90.6200
1785146017.030965,6651,7373,4249,3396,192.0300,-90.6200
1785146017.060269,6557,7383,4240,3415,192.0300,-90.6200
1785146017.082505,6595,7336,4287,3330,189.3300,-90.6200
1785146017.107467,6557,7373,4259,3415,189.3300,-90.6200
1785146017.133463,6576,7364,4287,3405,189.3300,-90.6200
1785146017.158398,6557,7401,4278,3377,189.3300,-90.6200
1785146017.183398,6548,7317,4268,3386,197.4400,-90.5000
1785146017.210607,6557,7420,4278,3480,197.4400,-90.5000
1785146017.235606,6604,7373,4278,3452,192.0300,-90.5000
1785146017.258995,6529,7458,4315,3452,192.0300,-90.5000
1785146017.284046,6557,7345,4315,3461,192.0300,-90.5000
1785146017.312653,6557,7411,4268,3461,192.0300,-90.5000
1785146017.336196,6576,7373,4296,3471,192.0300,-90.5000
1785146017.360776,6529,7326,4278,3480,192.0300,-90.5000
1785146017.386739,6548,7392,4306,3461,193.1900,-90.5600
1785146017.411364,6548,7345,4296,3443,193.1900,-90.5600
1785146017.436204,6538,7261,4268,3471,188.2700,-90.4400
1785146017.462765,6501,7336,4306,3452,188.2700,-90.4400
1785146017.487202,6501,7336,4287,3461,198.7100,-90.4400
1785146017.512940,6557,7364,4296,3490,198.7100,-90.4400
1785146017.538080,6501,7298,4287,3490,197.4400,-90.3700
1785146017.564234,6529,7298,4334,3461,197.4400,-90.3700
1785146017.589421,6548,7308,4278,3443,193.5700,-90.3100
1785146017.616032,6520,7289,4296,3471,193.5700,-90.3100
1785146017.639219,6510,7308,4296,3461,200.1500,-90.3100
1785146017.664497,6491,7289,4325,3480,204.2300,-90.3100
1785146017.690352,6491,7261,4315,3499,204.2300,-90.3100
1785146017.715227,6520,7270,4315,3537,204.2300,-90.3100
1785146017.740246,6463,7279,4343,3443,193.5700,-90.3700
1785146017.767417,6482,7279,4315,3602,197.4400,-90.3700
1785146017.791234,6445,7251,4334,3546,197.4400,-90.3700
1785146017.816195,6435,7270,4306,3527,204.2300,-90.3100
1785146017.841937,6445,7270,4325,3499,204.2300,-90.3100
1785146017.867012,6482,7223,4343,3518,204.2300,-90.3100
1785146017.892374,6463,7242,4390,3537,197.4400,-90.3100
1785146017.918243,6379,7223,4353,3555,196.2200,-90.3100
1785146017.943051,6473,7261,4362,3518,196.2200,-90.3100
1785146017.967931,6426,7242,4353,3527,195.9500,-90.3700
1785146017.994245,6482,7270,4362,3537,195.9500,-90.3700
1785146018.019686,6398,7261,4362,3527,196.2200,-90.4400
1785146018.044152,6445,7242,4390,3490,196.2200,-90.4400
1785146018.071217,6407,7204,4353,3518,201.4700,-90.5600
1785146018.095409,6416,7214,4362,3555,201.4700,-90.5600
1785146018.122424,6426,7195,4343,3565,193.5700,-90.5600
1785146018.146256,6388,7204,4353,3527,193.5700,-90.5600
1785146018.172746,6379,7204,4343,3565,195.9500,-90.5600
1785146018.196698,6379,7204,4409,3546,195.9500,-90.5600
1785146018.222920,6388,7186,4353,3583,188.2700,-90.5600
1785146018.248064,6323,7186,4362,3574,188.2700,-90.5600
1785146018.272384,6323,7204,4381,3527,195.9500,-90.5000
1785146018.299191,6360,7167,4362,3621,195.9500,-90.5000
1785146018.324375,6341,7195,4428,3602,188.2700,-90.3700
1785146018.350316,6388,7214,4437,3574,188.2700,-90.3700
1785146018.375584,6388,7214,4400,3508,198.7100,-90.2500
1785146018.400108,6323,7167,4400,3565,198.7100,-90.2500
1785146018.425862,6341,7101,4428,3602,193.5700,-90.2500
1785146018.453450,6304,7186,4400,3602,193.5700,-90.2500
1785146018.477286,6341,7139,4381,3612,201.4700,-90.2500
1785146018.502402,6360,7139,4371,3555,201.4700,-90.2500
1785146018.525905,6266,7111,4362,3630,197.4400,-90.3100
1785146018.550848,6332,7092,4353,3621,197.4400,-90.3100
1785146018.575795,6351,7101,4418,3574,190.9200,-90.3700
1785146018.602277,6313,7157,4428,3565,190.9200,-90.3700
1785146018.626989,6370,7148,4400,3565,197.4400,-90.3700
1785146018.653777,6294,7139,4400,3612,197.4400,-90.3700
1785146018.677846,6285,7129,4400,3658,200.1500,-90.3700
1785146018.703018,6257,7120,4437,3630,200.1500,-90.3700
1785146018.728037,6229,7129,4503,3621,197.4400,-90.3700
1785146018.754102,6238,7064,4418,3630,197.4400,-90.3700
1785146018.778943,6266,7064,4456,3583,197.4400,-90.3700
1785146018.804160,6248,7092,4446,3602,197.4400,-90.3700
1785146018.830099,6266,7092,4484,3574,198.7100,-90.3700
1785146018.854805,6266,7111,4456,3612,198.7100,-90.3700
1785146018.879762,6285,7054,4465,3640,190.9200,-90.3700
1785146018.906251,6294,7054,4503,3630,190.9200,-90.3700
1785146018.931148,6257,7017,4484,3621,192.0300,-90.3700
1785146018.956126,6248,7017,4465,3621,192.0300,-90.3700
1785146018.982046,6210,7026,4484,3668,197.4400,-90.3700
1785146019.007790,6276,7092,4493,3658,197.4400,-90.3700
1785146019.031750,6276,7026,4465,3640,204.2300,-90.3700
1785146019.057976,6238,7036,4484,3630,204.2300,-90.3700
1785146019.082914,6266,7045,4475,3677,198.8700,-90.3100
1785146019.107847,6248,7026,4512,3715,198.8700,-90.3100
1785146019.134200,6191,7036,4493,3640,200.1500,-90.4400
1785146019.159080,6238,7026,4512,3687,200.1500,-90.4400
1785146019.184400,6229,7036,4512,3630,202.8500,-90.4400
1785146019.210227,6201,7045,4484,3658,202.8500,-90.4400
1785146019.234846,6191,7036,4465,3687,201.4700,-90.5000
1785146019.259803,6219,7007,4512,3743,201.4700,-90.5000
1785146019.286079,6191,6970,4531,3705,196.2200,-90.5000
1785146019.311110,6238,7026,4522,3743,196.2200,-90.5000
1785146019.335913,6201,7007,4531,3743,200.1500,-90.5000
1785146019.363349,6219,7007,4522,3724,200.1500,-90.5000
1785146019.387510,6182,7007,4522,3705,200.1500,-90.4400
1785146019.413033,6163,6960,4568,3715,200.1500,-90.4400
1785146019.437938,6173,6979,4550,3762,200.1500,-90.3700
1785146019.462734,6144,7026,4550,3705,200.1500,-90.3700
1785146019.487763,6154,7007,4540,3734,201.4700,-90.3700
1785146019.513981,6163,6970,4540,3696,201.4700,-90.3700
1785146019.538781,6107,6951,4578,3715,198.8700,-90.3100
1785146019.563689,6163,6942,4568,3734,198.8700,-90.3100
1785146019.589826,6154,6951,4559,3715,197.4400,-90.3100
1785146019.615214,6144,6942,4559,3715,202.8500,-90.3100
1785146019.640099,6135,6895,4578,3734,202.8500,-90.3100
1785146019.665748,6135,6970,4587,3696,202.8500,-90.3100
1785146019.690664,6116,6914,4606,3743,197.4400,-90.3700
1785146019.715679,6079,6951,4578,3715,197.4400,-90.3700
1785146019.741932,6107,6989,4597,3734,205.5600,-90.4400
1785146019.766641,6060,6904,4606,3658,201.4700,-90.4400
1785146019.791829,6126,6932,4578,3687,201.4700,-90.4400
1785146019.816745,6116,6923,4606,3762,201.4700,-90.4400
1785146019.844203,6069,6876,4597,3743,200.1500,-90.5000
1785146019.869471,6107,6895,4634,3780,196.2200,-90.4400
1785146019.893002,6060,6857,4606,3780,196.2200,-90.4400
1785146019.918799,6135,6904,4578,3734,196.2200,-90.4400
1785146019.943658,6041,6904,4597,3752,200.1500,-90.5000
1785146019.970439,6079,6876,4634,3809,200.1500,-90.4400
1785146019.995482,6079,6876,4625,3762,200.1500,-90.4400
1785146020.022227,6013,6848,4653,3790,197.4400,-90.3700
1785146020.045236,6022,6867,4625,3780,197.4400,-90.3700
1785146020.072687,6069,6876,4643,3799,194.7400,-90.3700
1785146020.095860,6022,6885,4643,3762,194.7400,-90.3700
1785146020.122375,6004,6867,4653,3790,200.1500,-90.4400
1785146020.146987,6004,6839,4634,3799,200.1500,-90.4400
1785146020.171917,6060,6839,4662,3780,201.4700,-90.5000
1785146020.196891,6022,6820,4709,3818,201.4700,-90.5000
1785146020.222656,6022,6820,4672,3771,193.5700,-90.5600
1785146020.247629,5994,6829,4681,3809,193.5700,-90.5600
1785146020.272609,5976,6829,4662,3837,200.1500,-90.6200
1785146020.298893,5985,6857,4643,3790,200.1500,-90.6200
1785146020.323820,5919,6820,4662,3799,194.7400,-90.6200
1785146020.348764,5919,6829,4700,3827,194.7400,-90.6200
1785146020.374614,5957,6801,4643,3912,197.4400,-90.6200
1785146020.399618,5929,6810,4643,3818,197.4400,-90.6200
1785146020.424852,5938,6801,4634,3809,194.7400,-90.5600
1785146020.450739,5947,6782,4653,3809,194.7400,-90.5600
1785146020.475692,5966,6763,4662,3855,189.3300,-90.4400
1785146020.502720,5966,6773,4662,3799,189.3300,-90.4400
1785146020.526901,5947,6717,4672,3818,192.0300,-90.4400
1785146020.551919,5919,6754,4643,3827,192.0300,-90.4400
1785146020.577122,5910,6820,4700,3931,194.7400,-90.4400
1785146020.602845,5929,6782,4718,3855,194.7400,-90.4400
1785146020.627738,5929,6782,4681,3902,193.5700,-90.4400
1785146020.652818,5929,6754,4700,3865,193.5700,-90.4400
1785146020.678655,5919,6735,4700,3874,198.7100,-90.5000
1785146020.703536,5900,6726,4728,3855,198.7100,-90.5000
1785146020.728558,5910,6745,4681,3902,192.0300,-90.5600
1785146020.754843,5900,6782,4700,3921,192.0300,-90.5600
1785146020.780062,5854,6707,4728,3865,194.7400,-90.5600
1785146020.805175,5882,6773,4718,3865,194.7400,-90.5600
1785146020.835131,5891,6773,4690,3884,194.7400,-90.5000
1785146020.855625,5863,6717,4718,3874,194.7400,-90.5000
1785146020.880837,5910,6717,4709,3902,194.7400,-90.5000
1785146020.906638,5835,6717,4728,3884,194.7400,-90.5000
1785146020.931631,5900,6745,4709,3874,189.3300,-90.4400
1785146020.956792,5891,6717,4737,3912,189.3300,-90.4400
1785146020.983193,5825,6763,4784,3949,193.5700,-90.4400
1785146021.009355,5863,6735,4794,3949,193.5700,-90.4400
1785146021.032540,5816,6726,4784,3837,193.1900,-90.3700
1785146021.058674,5863,6707,4737,3827,193.1900,-90.3700
1785146021.083486,5825,6717,4775,3940,188.2700,-90.3700
1785146021.108855,5854,6707,4737,3940,188.2700,-90.3700
1785146021.134742,5863,6670,4756,3865,193.1900,-90.3700
1785146021.159570,5854,6726,4747,3846,193.1900,-90.3700
1785146021.186508,5807,6651,4747,3846,190.9200,-90.4400
1785146021.210720,5741,6679,4765,3799,190.9200,-90.4400
1785146021.235689,5788,6698,4765,3790,195.9500,-90.5600
1785146021.260596,5825,6670,4803,3855,195.9500,-90.5600
1785146021.286470,5807,6698,4765,3799,188.2700,-90.5600
1785146021.312872,5779,6688,4794,3846,188.2700,-90.5600
1785146021.337395,5825,6679,4803,3818,186.6200,-90.6200
1785146021.363124,5797,6632,4775,3818,186.6200,-90.6200
1785146021.388019,5779,6670,4794,3790,193.1900,-90.6200
1785146021.413099,5797,6651,4831,3790,193.1900,-90.6200
1785146021.439154,5760,6670,4803,3912,186.6200,-90.6900
1785146021.464749,5703,6670,4794,3968,186.6200,-90.6900
1785146021.493787,5788,6670,4840,4118,185.6200,-90.6900
1785146021.514542,5779,6670,4822,4099,185.6200,-90.6900
1785146021.539423,5750,6613,4831,4099,184.9100,-90.6200
1785146021.564768,5694,6623,4803,4099,184.9100,-90.6200
1785146021.590694,5722,6651,4822,4090,180.3100,-90.6200
1785146021.615842,5675,6651,4812,4090,180.3100,-90.6200
1785146021.640782,5741,6604,4831,4118,190.4300,-90.6200
1785146021.666779,5666,6651,4812,4146,183.9200,-90.6200
1785146021.691857,5675,6576,4812,4146,183.9200,-90.6200
1785146021.717209,5675,6613,4803,4081,183.9200,-90.6200
1785146021.742551,5750,6642,4887,4081,185.6200,-90.5600
1785146021.767495,5694,6623,4822,4118,185.6200,-90.5600
1785146021.792729,5675,6566,4812,4099,194.7400,-90.5000
1785146021.818698,5750,6576,4794,4099,194.7400,-90.4400
1785146021.843844,5703,6557,4822,4071,194.7400,-90.4400
1785146021.869074,5694,6557,4822,4071,194.7400,-90.4400
1785146021.894878,5666,6623,4840,4090,194.7400,-90.4400
1785146021.920453,5675,6557,4878,4062,201.4700,-90.5000
1785146021.944654,5628,6595,4869,4184,201.4700,-90.5000
1785146021.972050,5619,6557,4869,4109,190.9200,-90.5000
1785146021.995511,5647,6604,4869,4156,190.9200,-90.5000
1785146022.023856,5638,6566,4878,4400,198.7100,-90.4400
1785146022.046741,5619,6566,4859,4315,198.7100,-90.4400
1785146022.073232,5563,6566,4878,4531,196.2200,-90.3700
1785146022.096582,5572,6538,4897,4540,196.2200,-90.3700
1785146022.122540,5638,6557,4878,4522,198.7100,-90.3100
1785146022.149517,5572,6548,4925,4493,198.7100,-90.3100
1785146022.174613,5610,6510,4915,4259,197.4400,-90.3100
1785146022.199005,5591,6510,4915,4259,197.4400,-90.3100
1785146022.223915,5610,6520,4869,4446,200.1500,-90.3100
1785146022.249223,5600,6520,4897,4437,200.1500,-90.3100
1785146022.274572,5638,6576,4944,4390,200.1500,-90.3700
1785146022.299931,5600,6538,4934,4390,200.1500,-90.3700
1785146022.325367,5610,6501,4944,4362,197.4400,-90.5000
1785146022.350790,5600,6473,4878,4334,197.4400,-90.5000
1785146022.376060,5572,6463,4962,4334,198.8700,-90.5600
1785146022.401053,5563,6463,4944,4278,198.8700,-90.5600
1785146022.426795,5563,6482,4962,4278,197.4400,-90.5600
1785146022.451680,5563,6463,4915,4296,197.4400,-90.5600
1785146022.478673,5525,6463,4944,4343,198.7100,-90.5600
1785146022.503148,5535,6491,4906,4343,198.7100,-90.5600
1785146022.529199,5553,6501,4915,4400,194.7400,-90.5600
1785146022.553154,5478,6435,4934,4418,194.7400,-90.5600
1785146022.578738,5506,6435,4925,4418,192.0300,-90.5000
1785146022.604883,5497,6473,4944,4456,192.0300,-90.5000
1785146022.632547,5535,6463,4944,4456,196.2200,-90.4400
1785146022.654486,5450,6482,4944,4531,196.2200,-90.4400
1785146022.680841,5478,6529,5037,4531,194.7400,-90.4400
1785146022.704938,5506,6482,5000,4531,194.7400,-90.4400
1785146022.730781,5497,6435,5019,4550,201.4700,-90.3700
1785146022.755841,5506,6360,4991,4625,201.4700,-90.3700
1785146022.780735,5516,6416,5037,4597,192.0300,-90.4400
1785146022.806705,5497,6398,4991,4568,192.0300,-90.4400
1785146022.834341,5572,6416,4962,4587,188.2700,-90.3700
1785146022.857154,5516,6407,4981,4578,188.2700,-90.3700
1785146022.882993,5563,6426,5019,4587,201.4700,-90.4400
1785146022.907349,5506,6388,4991,4728,201.4700,-90.4400
1785146022.932592,5478,6398,5000,4522,190.9200,-90.4400
1785146022.958415,5460,6407,4981,4597,190.9200,-90.4400
1785146022.983391,5572,6407,5009,4418,197.4400,-90.4400
1785146023.008334,5450,6426,5000,4484,197.4400,-90.4400
1785146023.034960,5525,6370,4991,4484,194.7400,-90.5000
1785146023.059918,5450,6398,5019,4484,194.7400,-90.5000
1785146023.084478,5497,6388,5047,4409,200.1500,-90.5600
1785146023.110577,5413,6379,4972,4409,200.1500,-90.5600
1785146023.135287,5488,6388,5009,4381,194.7400,-90.5600
1785146023.160489,5460,6360,5000,4390,194.7400,-90.5600
1785146023.186688,5478,6370,5028,4484,189.3300,-90.4400
1785146023.211276,5403,6341,5028,4371,189.3300,-90.4400
1785146023.236773,5450,6370,5009,4418,194.7400,-90.3700
1785146023.261792,5450,6351,5056,4475,194.7400,-90.3700
1785146023.287753,5375,6313,5009,4334,197.4400,-90.3100
1785146023.312754,5394,6332,5019,4456,197.4400,-90.3100
1785146023.337545,5375,6370,5047,4400,201.4700,-90.3100
1785146023.363304,5338,6304,5047,4597,201.4700,-90.3100
1785146023.388574,5385,6341,5037,4503,193.5700,-90.4400
1785146023.413632,5375,6360,5094,4409,193.5700,-90.4400
1785146023.439492,5375,6341,5094,4428,200.1500,-90.5600
1785146023.464592,5413,6304,5141,4418,200.1500,-90.5600
1785146023.489899,5385,6341,5066,4381,198.7100,-90.6200
1785146023.515776,5441,6266,5066,4446,198.7100,-90.6200
1785146023.543617,5385,6257,5084,4371,193.5700,-90.6200
1785146023.572504,5385,6285,5075,4446,189.3300,-90.6200
1785146023.594409,5385,6294,5056,4437,189.3300,-90.6200
1785146023.618900,5403,6257,5094,4409,192.0300,-90.5600
1785146023.642897,5385,6276,5075,4400,192.0300,-90.5600
1785146023.668329,5375,6266,5103,4400,192.0300,-90.5600
1785146023.693607,5319,6238,5094,4409,193.1900,-90.5600
1785146023.719326,5338,6294,5066,4381,190.9200,-90.3700
1785146023.743517,5338,6219,5122,4409,190.9200,-90.3700
1785146023.769062,5319,6276,5094,4418,194.7400,-90.3100
1785146023.794194,5375,6238,5122,4418,194.7400,-90.3100
1785146023.819320,5338,6219,5112,4381,194.7400,-90.3100
1785146023.844572,5291,6266,5103,4400,197.4400,-90.3100
1785146023.871463,5291,6210,5122,4390,202.8500,-90.4400
1785146023.895722,5319,6201,5150,4409,202.8500,-90.4400
1785146023.922201,5356,6229,5112,4390,201.4700,-90.5000
1785146023.945355,5338,6210,5150,4390,201.4700,-90.5000
1785146023.972863,5338,6210,5122,4381,196.2200,-90.5600
1785146023.996678,5300,6210,5131,4343,196.2200,-90.5600
1785146024.022891,5300,6219,5141,4400,197.4400,-90.5600
1785146024.047678,5338,6210,5122,4390,197.4400,-90.5600
1785146024.072530,5281,6173,5206,4381,195.9500,-90.5600
1785146024.097580,5319,6201,5206,4381,195.9500,-90.5600
1785146024.123154,5347,6210,5206,4437,190.9200,-90.5000
1785146024.148182,5291,6210,5178,4446,190.9200,-90.5000
1785146024.173274,5300,6201,5188,4409,192.0300,-90.5000
1785146024.200000,5328,6173,5159,4409,192.0300,-90.5000
1785146024.224597,5338,6173,5159,4409,194.7400,-90.4400
1785146024.249415,5291,6210,5188,4428,194.7400,-90.4400
1785146024.275305,5291,6191,5225,4475,192.0300,-90.4400
1785146024.300618,5234,6201,5197,4456,192.0300,-90.4400
1785146024.325789,5206,6173,5234,4456,197.4400,-90.3700
1785146024.351312,5216,6135,5188,4437,197.4400,-90.3700
1785146024.376696,5216,6191,5159,4493,194.7400,-90.4400
1785146024.401510,5272,6154,5234,4456,194.7400,-90.4400
1785146024.428949,5263,6219,5206,4456,194.7400,-90.5000
1785146024.452445,5244,6154,5253,4465,194.7400,-90.5000
1785146024.477352,5225,6163,5225,4409,193.5700,-90.6200
1785146024.503136,5253,6191,5234,4456,193.5700,-90.6200
1785146024.528998,5197,6163,5197,4465,195.9500,-90.6200
1785146024.553492,5197,6163,5244,4428,195.9500,-90.6200
1785146024.579219,5225,6107,5253,4503,192.0300,-90.6200
1785146024.604213,5197,6135,5263,4446,192.0300,-90.6200
1785146024.629135,5216,6135,5244,4465,192.0300,-90.5600
1785146024.655303,5272,6135,5244,4465,192.0300,-90.5600
1785146024.680304,5300,6116,5234,4522,192.0300,-90.5600
1785146024.705340,5197,6116,5281,4465,192.0300,-90.5600
1785146024.732655,5188,6126,5253,4475,192.0300,-90.5000
1785146024.756877,5159,6107,5263,4446,192.0300,-90.5000
1785146024.782375,5216,6154,5281,4446,192.0300,-90.3700
1785146024.807126,5159,6107,5263,4446,192.0300,-90.3700
1785146024.832337,5206,6097,5281,4503,190.9200,-90.3700
1785146024.858259,5159,6116,5272,4418,190.9200,-90.3700
1785146024.884078,5131,6116,5272,4512,193.1900,-90.3700
1785146024.909048,5159,6126,5272,4437,193.1900,-90.3700
1785146024.933572,5131,6079,5300,4887,192.0300,-90.4400
1785146024.959595,5159,6079,5263,4962,192.0300,-90.4400
1785146024.985119,5141,6116,5300,4915,192.0300,-90.5000
1785146025.009914,5103,6079,5300,4418,192.0300,-90.5000
1785146025.035354,5112,6060,5253,4944,192.0300,-90.5000
1785146025.060141,5141,6069,5263,4531,192.0300,-90.5000
1785146025.085130,5084,6069,5253,4512,194.7400,-90.5000
1785146025.111392,5169,6060,5291,4475,194.7400,-90.5000
1785146025.136208,5131,6069,5300,4606,194.7400,-90.4400
1785146025.161227,5122,6069,5300,4615,194.7400,-90.4400
1785146025.187199,5103,5994,5338,4615,194.7400,-90.4400
1785146025.212490,5094,6022,5281,4653,194.7400,-90.4400
1785146025.237302,5066,6022,5291,4681,197.4400,-90.3700
1785146025.263795,5131,5976,5281,4643,197.4400,-90.3700
1785146025.288199,5075,6032,5338,4681,197.4400,-90.4400
1785146025.313171,5075,6004,5356,4634,197.4400,-90.4400
1785146025.339915,5141,6004,5338,4662,194.7400,-90.4400
1785146025.364230,5056,5994,5356,4643,194.7400,-90.4400
1785146025.389553,5075,6069,5385,4643,190.9200,-90.3700
1785146025.414258,5047,6032,5394,4653,190.9200,-90.3700
1785146025.440506,5037,5994,5366,4662,195.9500,-90.3100
1785146025.465636,5037,6022,5366,4672,195.9500,-90.3100
1785146025.490540,4981,6032,5347,4681,194.7400,-90.3700
1785146025.516600,5019,6004,5338,4709,194.7400,-90.3700
1785146025.541778,5066,6013,5403,4737,193.5700,-90.5000
1785146025.567015,5009,6032,5413,4700,201.4700,-90.5000
1785146025.592712,5000,5957,5403,4709,201.4700,-90.5000
1785146025.617959,5000,5994,5394,4775,201.4700,-90.5000
1785146025.642737,4991,6004,5403,4765,194.7400,-90.5600
1785146025.668819,4953,5994,5375,4775,190.9200,-90.5600
1785146025.693371,5019,5957,5441,4869,190.9200,-90.5600
1785146025.718645,4962,6004,5431,4803,195.9500,-90.5600
1785146025.744167,4972,5985,5413,4869,195.9500,-90.5600
1785146025.769133,4981,5966,5403,4869,195.9500,-90.5600
1785146025.794844,4972,5994,5394,4897,194.7400,-90.5000
1785146025.820101,4944,5957,5403,4859,190.9200,-90.4400
1785146025.845577,4981,5929,5413,4878,190.9200,-90.4400
1785146025.872216,5037,5957,5431,4897,197.4400,-90.3700
1785146025.896609,4953,5976,5422,4925,197.4400,-90.3700
1785146025.923812,4925,5938,5422,4887,200.1500,-90.3100
1785146025.946547,4934,5957,5441,4925,200.1500,-90.3100
1785146025.973760,4972,5919,5441,4897,197.4400,-90.3100
1785146025.997402,4962,5919,5441,4915,197.4400,-90.3100
1785146026.023786,4915,5947,5506,4944,197.4400,-90.3100
1785146026.048258,4944,5891,5431,5047,197.4400,-90.3100
1785146026.073252,4906,5947,5488,5075,200.1500,-90.4400
1785146026.098138,4887,5947,5450,5075,200.1500,-90.4400
1785146026.124514,4915,5900,5497,5028,204.2300,-90.5600
1785146026.149538,4897,5882,5488,5084,204.2300,-90.5600
1785146026.174246,4934,5863,5478,4991,194.7400,-90.5000
1785146026.200540,4897,5919,5488,4991,194.7400,-90.5000
1785146026.225355,4887,5900,5506,5141,200.1500,-90.4400
1785146026.250439,4887,5910,5460,5328,200.1500,-90.4400
1785146026.276124,4887,5872,5450,5488,193.5700,-90.4400
1785146026.301068,4906,5919,5525,5628,193.5700,-90.4400
1785146026.326081,4944,5891,5525,5319,193.1900,-90.4400
1785146026.352270,4944,5910,5553,5675,193.1900,-90.4400
1785146026.377897,4887,5900,5553,5291,192.0300,-90.4400
1785146026.402961,4944,5900,5535,5413,192.0300,-90.4400
1785146026.429611,4887,5854,5544,4906,196.2200,-90.4400
1785146026.453480,4840,5882,5563,4906,196.2200,-90.4400
1785146026.478507,4850,5825,5544,4906,201.4700,-90.4400
1785146026.504120,4869,5825,5563,4906,201.4700,-90.4400
1785146026.529280,4897,5938,5544,4878,194.7400,-90.3700
1785146026.554637,4840,5854,5488,4878,194.7400,-90.3700
1785146026.580693,4859,5844,5544,4887,193.5700,-90.3700
1785146026.605474,4869,5835,5535,4897,193.5700,-90.3700
1785146026.630100,4897,5844,5544,4859,198.7100,-90.3700
1785146026.656131,4887,5835,5610,4897,198.7100,-90.3700
1785146026.681313,4831,5844,5544,4925,198.8700,-90.5000
1785146026.706605,4765,5797,5544,4953,198.8700,-90.5000
1785146026.732367,4822,5825,5600,4869,197.4400,-90.6200
1785146026.757849,4812,5816,5591,4869,197.4400,-90.6200
1785146026.783029,4859,5797,5563,4869,201.4700,-90.6200
1785146026.808327,4812,5797,5582,5000,201.4700,-90.6200
1785146026.834246,4784,5807,5610,4962,193.5700,-90.6200
1785146026.858214,4859,5835,5600,5000,193.5700,-90.6200
1785146026.884073,4765,5788,5600,4925,200.1500,-90.5600
1785146026.909127,4794,5788,5647,4991,200.1500,-90.5600
1785146026.934466,4812,5788,5619,5009,197.4400,-90.4400
1785146026.960241,4775,5807,5619,4962,197.4400,-90.4400
1785146026.989298,4794,5797,5666,5338,198.7100,-90.3700
1785146027.010379,4784,5769,5647,5019,198.7100,-90.3700
1785146027.036307,4765,5741,5628,5300,196.2200,-90.2500
1785146027.061343,4803,5750,5647,5319,196.2200,-90.2500
1785146027.086610,4765,5760,5610,5741,200.1500,-90.2500
1785146027.112197,4803,5750,5628,5263,200.1500,-90.2500
1785146027.137391,4737,5750,5666,5722,202.8500,-90.3100
1785146027.162687,4718,5750,5694,5713,202.8500,-90.3100
1785146027.188877,4784,5741,5619,5788,206.9900,-90.4400
1785146027.213624,4784,5732,5619,5253,206.9900,-90.4400
1785146027.238913,4737,5750,5610,5722,200.1500,-90.5000
1785146027.263083,4737,5703,5666,5797,200.1500,-90.5000
1785146027.290703,4747,5750,5703,5807,196.2200,-90.5600
1785146027.314693,4718,5694,5647,5779,196.2200,-90.5600
1785146027.340055,4737,5722,5600,5338,201.4700,-90.5600
1785146027.365267,4756,5703,5638,5741,201.4700,-90.5600
1785146027.390461,4728,5732,5657,5741,197.4400,-90.5000
1785146027.415254,4690,5703,5657,5732,197.4400,-90.5000
1785146027.441470,4709,5694,5666,5638,193.5700,-90.4400
1785146027.466121,4700,5713,5694,5638,193.5700,-90.4400
1785146027.491376,4756,5703,5675,5647,200.1500,-90.3700
1785146027.518414,4700,5703,5722,5666,194.7400,-90.3700
1785146027.542548,4653,5685,5732,5488,194.7400,-90.3700
1785146027.567773,4700,5685,5685,5572,194.7400,-90.3700
1785146027.593281,4662,5713,5703,5525,197.4400,-90.4400
1785146027.618593,4643,5732,5722,5488,205.5600,-90.5000
1785146027.643672,4690,5657,5750,5450,205.5600,-90.5000
1785146027.669400,4700,5657,5713,5338,202.8500,-90.5600
1785146027.694375,4690,5610,5732,5460,202.8500,-90.5600
1785146027.719667,4653,5657,5760,5441,202.8500,-90.5600
1785146027.745653,4681,5638,5722,5469,201.4700,-90.5600
1785146027.771732,4662,5638,5741,5413,196.2200,-90.5600
1785146027.795548,4643,5647,5769,5497,196.2200,-90.5600
1785146027.823030,4643,5610,5750,5497,197.4400,-90.5000
1785146027.846947,4606,5628,5713,5403,197.4400,-90.5000
1785146027.872982,4606,5638,5741,5441,194.7400,-90.5000
1785146027.897457,4643,5591,5732,5403,194.7400,-90.5000
1785146027.923234,4625,5600,5750,5431,194.7400,-90.5000
1785146027.947299,4568,5572,5769,5478,194.7400,-90.5000
1785146027.973132,4615,5582,5760,5478,202.8500,-90.4400
1785146027.998954,4653,5582,5769,5441,202.8500,-90.4400
1785146028.023458,4587,5666,5835,5478,200.1500,-90.3700
1785146028.049157,4568,5600,5825,5450,200.1500,-90.3700
1785146028.074567,4615,5563,5825,5385,220.7900,-90.3700
1785146028.099336,4634,5638,5797,5422,220.7900,-90.3700
1785146028.125863,4578,5553,5844,5422,190.9200,-90.4400
1785146028.150026,4606,5619,5807,5375,190.9200,-90.4400
1785146028.175221,4653,5591,5825,5375,200.1500,-90.4400
1785146028.201479,4522,5638,5863,5544,200.1500,-90.4400
1785146028.226417,4634,5628,5844,5563,205.5600,-90.3700
1785146028.251205,4597,5563,5844,5478,205.5600,-90.3700
1785146028.277569,4550,5600,5825,5450,200.1500,-90.3700
1785146028.302197,4522,5591,5863,5497,200.1500,-90.3700
1785146028.327608,4503,5572,5872,5525,202.8500,-90.3700
1785146028.353308,4531,5582,5844,5544,202.8500,-90.3700
1785146028.377994,4578,5591,5844,5506,202.8500,-90.3100
1785146028.402917,4503,5563,5825,5572,202.8500,-90.3100
1785146028.429825,4550,5619,5863,5572,197.4400,-90.3100
1785146028.455412,4550,5563,5891,5535,197.4400,-90.3100
1785146028.479066,4550,5544,5872,5572,197.4400,-90.3100
1785146028.505385,4597,5572,5900,5628,197.4400,-90.3100
1785146028.530489,4559,5544,5854,5591,200.1500,-90.3100
1785146028.555135,4522,5544,5844,5591,200.1500,-90.3100
1785146028.580942,4503,5544,5872,5638,200.1500,-90.1900
1785146028.605999,4484,5563,5872,5535,200.1500,-90.1900
1785146028.631655,4493,5516,5882,5657,202.8500,-90.0000
1785146028.657602,4484,5535,5919,5713,202.8500,-90.0000
1785146028.683163,4446,5525,5882,5732,200.1500,-89.9400
1785146028.708109,4437,5553,5891,5628,200.1500,-89.9400
1785146028.734797,4465,5497,5882,5666,200.1500,-89.9400
1785146028.760679,4493,5488,5919,5610,200.1500,-89.9400
1785146028.786179,4428,5497,5872,5750,200.1500,-90.0000
1785146028.810490,4446,5544,5891,5844,200.1500,-90.0000
1785146028.834578,4465,5497,5919,5966,198.8700,-90.0600
1785146028.859276,4475,5525,5929,5976,198.8700,-90.0600
1785146028.885368,4484,5525,5929,6032,204.2300,-90.1200
1785146028.910449,4362,5525,5938,6022,204.2300,-90.1200
1785146028.935269,4437,5478,5966,6022,202.8500,-90.2500
1785146028.961133,4465,5497,5910,5685,202.8500,-90.2500
1785146028.987595,4353,5525,5947,5732,200.1500,-90.3700
1785146029.012938,4381,5469,5947,5694,200.1500,-90.3700
1785146029.037108,4381,5497,5938,5807,200.1500,-90.4400
1785146029.062253,4381,5488,5947,5732,200.1500,-90.4400
1785146029.087060,4400,5469,5976,5741,200.1500,-90.4400
1785146029.113348,4343,5441,5957,5506,200.1500,-90.4400
1785146029.137995,4353,5478,6004,5506,200.1500,-90.3700
1785146029.163219,4306,5441,5994,5506,200.1500,-90.3700
1785146029.189015,4315,5469,5957,5506,202.8500,-90.3700
1785146029.215117,4362,5441,5976,5544,202.8500,-90.3700
1785146029.239523,4315,5450,6004,5779,200.1500,-90.3700
1785146029.264627,4390,5497,6022,5779,200.1500,-90.3700
1785146029.290042,4334,5450,5994,5722,197.4400,-90.3700
1785146029.315003,4381,5460,5985,5600,197.4400,-90.3700
1785146029.340511,4259,5441,6022,5544,197.4400,-90.5000
1785146029.367365,4334,5460,6004,5797,197.4400,-90.5000
1785146029.392385,4296,5469,5985,5882,194.7400,-90.5000
1785146029.415974,4381,5403,5976,5844,194.7400,-90.5000
1785146029.442412,4306,5403,5976,5572,192.0300,-90.5000
1785146029.467195,4306,5413,6004,5525,197.4400,-90.4400
1785146029.492149,4278,5385,6004,5506,197.4400,-90.4400
1785146029.518052,4296,5422,5938,5525,197.4400,-90.4400
1785146029.543079,4203,5413,5985,5450,194.7400,-90.4400
1785146029.570770,4184,5347,6032,5460,197.4400,-90.4400
1785146029.594617,4221,5375,5976,5469,197.4400,-90.4400
1785146029.619212,4249,5422,6041,5441,194.7400,-90.3100
1785146029.644162,4193,5394,6051,5431,194.7400,-90.3100
1785146029.671229,4240,5347,6032,5779,196.2200,-90.2500
1785146029.695620,4240,5366,6004,5347,196.2200,-90.2500
1785146029.720755,4259,5385,6032,5403,204.2300,-90.1900
1785146029.746189,4221,5338,6069,5769,204.2300,-90.1900
1785146029.773235,4193,5422,6051,5769,197.4400,-90.3100
1785146029.798167,4165,5366,6041,5713,197.4400,-90.3100
1785146029.823682,4174,5366,6088,5713,197.4400,-90.4400
1785146029.847285,4240,5375,6041,5741,197.4400,-90.4400
1785146029.873441,4062,5328,6088,5713,200.1500,-90.6200
1785146029.898633,4109,5338,6126,5760,200.1500,-90.6200
1785146029.923420,4071,5338,6097,6126,197.4400,-90.7500
1785146029.948909,4099,5319,6097,6097,197.4400,-90.7500
1785146029.974116,4128,5366,6088,6154,194.7400,-90.7500
1785146029.999540,4099,5366,6126,6126,194.7400,-90.7500
1785146030.025204,4109,5375,6088,6182,188.2700,-90.6200
1785146030.050351,4128,5319,6135,6173,188.2700,-90.6200
1785146030.076080,4109,5319,6088,6163,195.9500,-90.5000
1785146030.100083,4090,5281,6097,6182,195.9500,-90.5000
1785146030.126188,4174,5319,6116,6173,192.0300,-90.3700
1785146030.152111,4062,5300,6079,6201,192.0300,-90.3700
1785146030.176794,4034,5300,6126,6201,194.7400,-90.2500
1785146030.202538,4052,5300,6097,6173,194.7400,-90.2500
1785146030.227888,4034,5319,6126,6341,189.3300,-90.1900
1785146030.252204,4052,5309,6135,6257,189.3300,-90.1900
1785146030.277685,4052,5309,6135,6435,197.4400,-90.1900
1785146030.303188,4015,5253,6116,6323,197.4400,-90.1900
1785146030.328209,4024,5319,6107,6388,190.9200,-90.1900
1785146030.353385,4006,5281,6116,6182,190.9200,-90.1900
1785146030.379724,3977,5253,6126,6501,197.4400,-90.2500
1785146030.404406,3996,5253,6144,5797,197.4400,-90.2500
1785146030.429422,4006,5244,6097,6201,198.7100,-90.2500
1785146030.455154,3949,5281,6135,6388,198.7100,-90.2500
1785146030.481758,3940,5263,6144,6388,197.4400,-90.2500
1785146030.506817,3987,5206,6163,5713,197.4400,-90.2500
1785146030.531432,3977,5309,6191,5685,192.0300,-90.3100
1785146030.556190,3987,5178,6107,5779,192.0300,-90.3100
1785146030.581222,3949,5281,6182,5760,194.7400,-90.3700
1785146030.607489,3959,5234,6182,5703,194.7400,-90.3700
1785146030.632319,3931,5263,6182,5713,194.7400,-90.3700
1785146030.657684,3931,5244,6210,5713,194.7400,-90.3700
1785146030.683247,3921,5206,6294,5741,194.7400,-90.3700
1785146030.708518,3855,5206,6201,5713,194.7400,-90.3700
1785146030.733463,3921,5225,6210,5760,193.5700,-90.3700
1785146030.759369,3912,5216,6257,5722,193.5700,-90.3700
1785146030.785054,3912,5188,6219,5732,194.7400,-90.3100
1785146030.809721,3931,5188,6219,6191,194.7400,-90.3100
1785146030.836885,3921,5216,6219,6191,197.4400,-90.2500
1785146030.860811,3855,5253,6229,6219,197.4400,-90.2500
1785146030.885706,3855,5159,6294,6238,201.4700,-90.3100
1785146030.911405,3846,5197,6229,6276,201.4700,-90.3100
1785146030.936852,3893,5206,6248,6266,193.5700,-90.3700
1785146030.962024,3809,5188,6229,6276,193.5700,-90.3700
1785146030.987670,3846,5188,6229,6341,201.4700,-90.5000
1785146031.012900,3912,5206,6276,5844,201.4700,-90.5000
1785146031.037681,3884,5216,6257,5854,193.5700,-90.5600
1785146031.064143,3780,5197,6229,5854,193.5700,-90.5600
1785146031.089660,3818,5188,6294,5872,198.7100,-90.6200
1785146031.113546,3884,5188,6285,5900,198.7100,-90.6200
1785146031.138844,3762,5188,6266,5910,193.5700,-90.6200
1785146031.165253,3846,5131,6238,6341,193.5700,-90.6200
1785146031.189780,3780,5141,6276,6323,194.7400,-90.5600
1785146031.214746,3799,5131,6276,6323,194.7400,-90.5600
1785146031.240600,3818,5169,6294,5957,198.7100,-90.4400
1785146031.265660,3752,5122,6313,5957,198.7100,-90.4400
1785146031.291341,3799,5169,6266,5957,190.9200,-90.3700
1785146031.316918,3790,5150,6257,5985,190.9200,-90.3700
1785146031.341440,3780,5159,6332,6032,197.4400,-90.3700
1785146031.366411,3818,5150,6257,6041,197.4400,-90.3700
1785146031.392869,3809,5112,6257,5976,192.0300,-90.3700
1785146031.417643,3752,5150,6285,5985,197.4400,-90.3100
1785146031.442362,3715,5131,6219,5976,197.4400,-90.3100
1785146031.468570,3799,5131,6276,5976,197.4400,-90.3100
1785146031.493466,3790,5159,6323,5929,195.9500,-90.3100
1785146031.518682,3771,5084,6285,5947,192.0300,-90.3700
1785146031.544940,3762,5169,6332,5938,192.0300,-90.3700
1785146031.569485,3780,5150,6341,6013,197.4400,-90.4400
1785146031.594694,3771,5056,6370,5947,197.4400,-90.4400
1785146031.621212,3780,5094,6379,5994,194.7400,-90.5000
1785146031.645762,3743,5131,6360,5985,194.7400,-90.5000
1785146031.671917,3790,5056,6379,5844,192.0300,-90.4400
1785146031.696564,3743,5084,6388,5976,192.0300,-90.4400
1785146031.723330,3790,5084,6398,6473,196.2200,-90.4400
1785146031.747272,3771,5112,6370,6520,196.2200,-90.4400
1785146031.774148,3724,5047,6416,6613,189.3300,-90.4400
1785146031.797516,3734,5047,6416,6613,189.3300,-90.4400
1785146031.823099,3724,5056,6379,6116,198.7100,-90.3100
1785146031.848830,3752,5037,6388,6660,198.7100,-90.3100
1785146031.873788,3752,5047,6407,6660,193.5700,-90.2500
1785146031.899206,3762,5037,6370,6726,193.5700,-90.2500
1785146031.924482,3752,5047,6416,7186,197.4400,-90.3100
1785146031.949792,3752,5000,6426,6360,197.4400,-90.3100
1785146031.975297,3687,5019,6388,6360,197.4400,-90.4400
1785146032.000600,3687,4991,6426,6426,197.4400,-90.4400
1785146032.025438,3743,5037,6416,6416,197.4400,-90.5600
1785146032.050457,3724,5028,6426,6426,197.4400,-90.5600
1785146032.076740,3752,5009,6407,6445,194.7400,-90.6200
1785146032.101779,3752,5047,6407,6454,194.7400,-90.6200
1785146032.126542,3734,4991,6426,6407,197.4400,-90.6900
1785146032.152720,3715,5037,6407,6388,197.4400,-90.6900
1785146032.178854,3668,5037,6416,6435,190.4300,-90.6900
1785146032.202638,3668,5028,6473,6435,190.4300,-90.6900
1785146032.228457,3771,5000,6482,6501,193.5700,-90.5600
1785146032.253885,3724,5000,6379,6445,193.5700,-90.5600
1785146032.278427,3724,5019,6416,6510,192.0300,-90.3700
1785146032.303333,3687,5056,6435,6473,192.0300,-90.3700
1785146032.329883,3687,4991,6445,6548,201.4700,-90.3100
1785146032.354755,3724,5047,6426,6501,201.4700,-90.3100
1785146032.380831,3743,4981,6473,6576,193.5700,-90.2500
1785146032.405419,3715,5000,6445,6529,193.5700,-90.2500
1785146032.430707,3658,5009,6463,6651,194.7400,-90.3100
1785146032.457337,3677,4962,6463,6651,194.7400,-90.3100
1785146032.481847,3658,4962,6463,6604,198.7100,-90.3700
1785146032.506451,3696,4962,6463,6688,198.7100,-90.3700
1785146032.532584,3696,5019,6463,6698,196.2200,-90.4400
1785146032.558519,3705,4962,6520,6726,196.2200,-90.4400
1785146032.583003,3696,4972,6501,6698,194.7400,-90.5000
1785146032.607831,3658,4934,6520,6698,194.7400,-90.5000
1785146032.634180,3677,4962,6529,6717,197.4400,-90.5000
1785146032.658739,3696,4953,6482,6782,197.4400,-90.5000
1785146032.683945,3612,4944,6491,6707,194.7400,-90.5000
1785146032.709603,3649,4915,6510,6717,194.7400,-90.5000
1785146032.734500,3649,4925,6510,6735,192.0300,-90.5000
1785146032.759420,3668,4915,6482,6698,192.0300,-90.5000
1785146032.786011,3677,4934,6491,6698,197.4400,-90.5000
1785146032.810807,3715,4915,6557,6707,197.4400,-90.5000
1785146032.836189,3621,4897,6510,6707,194.7400,-90.3700
1785146032.861848,3649,4906,6548,6726,194.7400,-90.3700
1785146032.887239,3677,4925,6576,6735,197.4400,-90.3100
1785146032.911774,3715,4897,6566,6735,197.4400,-90.3100
1785146032.937589,3640,4869,6501,6745,197.4400,-90.3100
1785146032.962540,3687,4869,6576,6792,197.4400,-90.3100
1785146032.987449,3640,4897,6604,6717,197.4400,-90.3700
1785146033.013772,3696,4869,6548,6698,197.4400,-90.3700
1785146033.038539,3677,4897,6585,6660,200.1500,-90.4400
1785146033.064360,3696,4897,6623,6773,200.1500,-90.4400
1785146033.089568,3640,4878,6585,6745,194.7400,-90.5000
1785146033.114779,3677,4887,6604,6651,194.7400,-90.5000
1785146033.140239,3640,4878,6632,6632,194.7400,-90.5600
1785146033.164684,3696,4850,6585,6604,194.7400,-90.5600
1785146033.190770,3574,4869,6604,6557,192.0300,-90.6200
1785146033.215657,3621,4850,6613,6557,192.0300,-90.6200
1785146033.240803,3658,4878,6632,6426,189.3300,-90.6900
1785146033.266502,3593,4840,6595,6341,189.3300,-90.6900
1785146033.291662,3537,4840,6632,6445,186.6200,-90.6200
1785146033.316617,3612,4878,6632,6801,186.6200,-90.6200
1785146033.342757,3630,4887,6632,6867,189.3300,-90.5600
1785146033.368288,3593,4840,6642,6604,192.0300,-90.5000
1785146033.394036,3621,4822,6679,6745,192.0300,-90.5000
1785146033.418497,3612,4822,6651,6651,192.0300,-90.5000
1785146033.443688,3621,4765,6595,6651,192.0300,-90.3700
1785146033.469145,3565,4794,6642,6538,192.0300,-90.3100
1785146033.495196,3583,4794,6698,6463,192.0300,-90.3100
1785146033.520023,3574,4794,6651,6435,194.7400,-90.3100
1785146033.544856,3574,4775,6679,6454,194.7400,-90.3100
1785146033.572965,3593,4765,6670,6482,197.4400,-90.3100
1785146033.595958,3583,4775,6679,6426,197.4400,-90.3100
1785146033.622842,3574,4775,6660,6426,202.8500,-90.3700
1785146033.646689,3602,4756,6642,6473,202.8500,-90.3700
1785146033.673903,3555,4840,6651,6482,197.4400,-90.3700
1785146033.697348,3555,4803,6698,6482,197.4400,-90.3700
1785146033.723263,3583,4784,6745,6426,197.4400,-90.3700
1785146033.747504,3612,4737,6660,6482,197.4400,-90.3700
1785146033.773576,3518,4728,6717,6445,197.4400,-90.3100
1785146033.798675,3565,4728,6688,6491,197.4400,-90.3100
1785146033.824689,3518,4718,6698,6473,200.1500,-90.3100
1785146033.850177,3499,4794,6735,6520,200.1500,-90.3100
1785146033.876629,3480,4747,6754,6510,200.1500,-90.3100
1785146033.904039,3508,4756,6726,6501,200.1500,-90.3100
1785146033.926220,3471,4747,6698,6501,197.4400,-90.3700
1785146033.951569,3527,4822,6707,6529,197.4400,-90.3700
1785146033.976485,3490,4718,6763,6557,200.1500,-90.3700
1785146034.001496,3518,4765,6745,6557,200.1500,-90.3700
1785146034.030630,3452,4794,6717,6548,202.8500,-90.3100
1785146034.054733,3471,4728,6763,6566,202.8500,-90.3100
1785146034.077905,3433,4700,6735,6566,205.5600,-90.3100
1785146034.103539,3443,4756,6773,6576,205.5600,-90.3100
1785146034.129163,3433,4709,6745,6651,205.5600,-90.3700
1785146034.153700,3471,4653,6745,6632,205.5600,-90.3700
1785146034.179439,3471,4700,6773,6660,202.8500,-90.4400
1785146034.204986,3396,4672,6763,6642,202.8500,-90.4400
1785146034.230689,3461,4653,6763,6651,210.9700,-90.5600
1785146034.256010,3415,4653,6726,6642,210.9700,-90.5600
1785146034.280989,3424,4662,6782,6670,200.1500,-90.6200
1785146034.305676,3424,4615,6782,6698,200.1500,-90.6200
1785146034.331056,3433,4690,6773,6679,208.2600,-90.5000
1785146034.355476,3386,4662,6810,6707,208.2600,-90.5000
1785146034.380734,3358,4690,6820,6688,200.1500,-90.3700
1785146034.406563,3405,4690,6801,6688,200.1500,-90.3700
1785146034.431607,3433,4700,6801,6698,201.5300,-90.2500
1785146034.456465,3330,4643,6810,6698,201.5300,-90.2500
1785146034.482702,3358,4597,6829,6688,204.2300,-90.1900
1785146034.507795,3330,4587,6801,6726,204.2300,-90.1900
1785146034.532884,3311,4587,6867,6773,202.8500,-90.1200
1785146034.558563,3377,4606,6792,6782,202.8500,-90.1200
1785146034.583418,3368,4625,6885,6735,205.5600,-90.1900
1785146034.609824,3368,4606,6801,6717,205.5600,-90.1900
1785146034.634622,3321,4578,6857,6763,198.8700,-90.1900
1785146034.659472,3358,4578,6820,6763,198.8700,-90.1900
1785146034.684869,3321,4597,6848,6829,209.7500,-90.1900
1785146034.710964,3283,4531,6810,6763,209.7500,-90.1900
1785146034.735759,3321,4578,6895,6801,200.1500,-90.1200
1785146034.760400,3293,4512,6857,6754,200.1500,-90.1200
1785146034.786461,3246,4578,6914,6773,198.8700,-90.1900
1785146034.811797,3358,4568,6876,6698,198.8700,-90.1900
1785146034.836702,3283,4568,6895,6773,200.1500,-90.2500
1785146034.862456,3283,4606,6839,6726,200.1500,-90.2500
1785146034.887461,3274,4559,6904,6773,202.8500,-90.1900
1785146034.914600,3246,4550,6839,6735,202.8500,-90.1900
1785146034.939658,3283,4550,6904,6745,197.4400,-90.1900
1785146034.963864,3293,4568,6876,6726,197.4400,-90.1900
1785146034.988570,3302,4540,6914,6726,204.2300,-90.1900
1785146035.015851,3340,4540,6923,6726,204.2300,-90.1900
1785146035.039833,3311,4540,6923,6773,205.5600,-90.1900
1785146035.066156,3264,4493,6876,6754,205.5600,-90.1900
1785146035.090274,3283,4503,6942,6754,201.5300,-90.1900
1785146035.115656,3302,4493,6904,6763,201.5300,-90.1900
1785146035.140855,3302,4484,6932,6745,206.9900,-90.1900
1785146035.165636,3311,4484,6979,6763,206.9900,-90.1900
1785146035.192823,3283,4503,6914,6839,204.1800,-90.3100
1785146035.216640,3264,4493,6951,6745,204.1800,-90.3100
1785146035.241469,3199,4475,6942,6754,205.5600,-90.3700
1785146035.267401,3302,4512,6942,6754,205.5600,-90.3700
1785146035.292679,3302,4446,6960,6773,205.5600,-90.4400
1785146035.318240,3180,4446,6960,6829,206.9900,-90.5000
1785146035.343664,3218,4418,6970,6829,206.9900,-90.5000
1785146035.368484,3189,4465,6951,6829,206.9900,-90.5000
1785146035.393465,3246,4409,6989,6792,200.1500,-90.5000
1785146035.419887,3208,4456,6970,6763,196.2200,-90.5000
1785146035.445323,3180,4381,6989,6801,196.2200,-90.5000
1785146035.469492,3189,4418,6960,6745,197.4400,-90.3700
1785146035.495564,3208,4409,6989,6745,197.4400,-90.3700
1785146035.521108,3236,4409,6979,6810,200.1500,-90.3100
1785146035.546784,3189,4400,7026,6820,200.1500,-90.3100
1785146035.572887,3208,4381,7007,6857,206.9900,-90.3700
1785146035.596743,3161,4437,7026,6829,206.9900,-90.3700
1785146035.623257,3133,4428,6998,6829,198.8700,-90.3700
1785146035.648812,3161,4381,7007,6829,198.8700,-90.3700
1785146035.673724,3180,4390,6998,6848,202.8500,-90.3100
1785146035.698292,3124,4381,6970,6848,202.8500,-90.3100
1785146035.724959,3180,4371,7045,6829,202.8500,-90.3100
1785146035.748984,3114,4362,7045,6829,202.8500,-90.3100
1785146035.774289,3143,4446,7045,6829,200.1500,-90.3100
1785146035.799676,3180,4353,7036,6829,200.1500,-90.3100
1785146035.824776,3171,4371,7036,6867,206.9900,-90.3100
1785146035.851052,3114,4334,7045,6820,206.9900,-90.3100
1785146035.876509,3161,4287,7054,6857,202.8500,-90.3100
1785146035.900606,3152,4353,7064,6829,202.8500,-90.3100
1785146035.925748,3143,4353,7064,6829,202.8500,-90.3700
1785146035.951542,3133,4325,7045,6904,202.8500,-90.3700
1785146035.976795,3039,4343,7082,6867,200.1500,-90.3700
1785146036.002097,3133,4315,7092,6839,200.1500,-90.3700
1785146036.028007,3077,4400,7082,6895,196.2200,-90.3700
1785146036.052511,3152,4287,7082,6848,196.2200,-90.3700
1785146036.077578,3105,4306,7101,6914,201.4700,-90.3100
1785146036.103765,3161,4315,7139,6876,201.4700,-90.3100
1785146036.128521,3105,4306,7111,6876,198.8700,-90.2500
1785146036.153669,3086,4334,7139,6895,198.8700,-90.2500
1785146036.179593,3067,4296,7111,6932,200.1500,-90.2500
1785146036.204888,3105,4287,7129,6857,200.1500,-90.2500
1785146036.229603,3067,4278,7111,6876,200.1500,-90.3100
1785146036.255239,3049,4259,7148,6895,200.1500,-90.3100
1785146036.280520,3049,4325,7092,6848,201.4700,-90.3700
1785146036.305541,3058,4278,7167,6885,201.4700,-90.3700
1785146036.330916,3058,4240,7101,6876,196.2200,-90.5000
1785146036.357004,3030,4231,7157,6876,196.2200,-90.5000
1785146036.382470,3049,4315,7129,6839,202.8500,-90.5600
1785146036.406647,3096,4249,7167,6829,202.8500,-90.5600
1785146036.433966,3161,4231,7167,6848,197.4400,-90.5600
1785146036.457741,3067,4296,7167,6810,197.4400,-90.5600
1785146036.482587,3058,4268,7129,6876,200.1500,-90.5000
1785146036.508697,3058,4240,7139,6857,200.1500,-90.5000
1785146036.533516,3021,4315,7157,6839,197.4400,-90.4400
1785146036.559009,3058,4212,7176,6876,197.4400,-90.4400
1785146036.584589,2964,4231,7176,6857,201.4700,-90.3700
1785146036.609626,3067,4287,7148,6876,201.4700,-90.3700
1785146036.634887,3011,4334,7176,6885,196.2200,-90.3700
1785146036.661801,3021,4249,7195,6885,196.2200,-90.3700
1785146036.686407,2992,4268,7214,6839,200.1500,-90.3100
1785146036.711563,2964,4315,7167,6885,200.1500,-90.3100
1785146036.736654,3067,4249,7204,6885,202.8500,-90.3100
1785146036.761761,2946,4249,7195,6914,202.8500,-90.3100
1785146036.786961,3021,4643,7214,6876,204.2300,-90.4400
1785146036.812701,2974,4278,7214,6923,204.2300,-90.4400
1785146036.837852,3011,4184,7214,6914,201.5300,-90.5000
1785146036.863543,2964,4193,7204,6914,201.5300,-90.5000
1785146036.888833,2992,4268,7233,6970,198.7100,-90.5000
1785146036.913962,3058,4634,7242,6923,198.7100,-90.5000
1785146036.938965,2983,4625,7176,6960,196.2200,-90.4400
1785146036.965187,2964,4597,7214,6970,196.2200,-90.4400
1785146036.990320,3039,4287,7261,6979,201.4700,-90.4400
1785146037.015699,2889,4587,7242,6998,201.4700,-90.4400
1785146037.040805,2936,4568,7242,6998,196.2200,-90.3700
1785146037.065747,2983,4606,7289,7007,196.2200,-90.3700
1785146037.090784,2964,4972,7261,7064,197.4400,-90.3100
1785146037.117678,2917,4587,7289,7017,200.1500,-90.2500
1785146037.142113,2936,4193,7317,7054,200.1500,-90.2500
1785146037.166709,3011,4193,7279,6970,200.1500,-90.2500
1785146037.193230,2946,4953,7270,7092,200.1500,-90.2500
1785146037.217515,2955,4662,7308,7092,200.1500,-90.2500
1785146037.242877,2908,4643,7326,7073,200.1500,-90.3100
1785146037.268627,2964,4578,7270,6979,200.1500,-90.4400
1785146037.293578,2880,4512,7270,7092,200.1500,-90.4400
1785146037.318502,2983,4512,7308,7092,200.1500,-90.4400
1785146037.344849,2974,4887,7308,7082,197.4400,-90.5000
1785146037.370195,2946,4887,7289,7148,200.1500,-90.5600
1785146037.397756,2964,4869,7326,7148,200.1500,-90.5600
1785146037.421479,3002,4850,7298,7148,200.1500,-90.5600
1785146037.446150,2880,4587,7298,7148,197.4400,-90.6200
1785146037.472789,2842,4578,7317,7279,194.7400,-90.5600
1785146037.496926,2899,4887,7354,7129,194.7400,-90.5600
1785146037.522740,2946,4915,7308,7373,192.0300,-90.4400
1785146037.547050,2908,4850,7336,7195,192.0300,-90.4400
1785146037.574067,2936,4859,7383,7120,194.7400,-90.3100
1785146037.598024,2974,4850,7326,7120,194.7400,-90.3100
1785146037.623924,2936,4850,7364,7195,194.7400,-90.2500
1785146037.648705,2927,4859,7326,7411,194.7400,-90.2500
1785146037.673394,2964,4850,7373,7373,197.4400,-90.2500
1785146037.698717,2974,4869,7364,7139,197.4400,-90.2500
1785146037.725077,2842,4831,7383,7486,200.1500,-90.2500
1785146037.750003,2861,4831,7383,7542,200.1500,-90.2500
1785146037.774498,2899,4859,7383,7533,197.4400,-90.3100
1785146037.801064,2824,4812,7373,7486,197.4400,-90.3100
1785146037.827166,2899,4812,7373,7458,197.4400,-90.4400
1785146037.851302,2824,4840,7373,7580,197.4400,-90.4400
1785146037.876766,2908,4840,7354,7505,197.4400,-90.4400
1785146037.902128,2852,4850,7364,7523,197.4400,-90.4400
1785146037.926704,2880,4878,7364,7523,194.7400,-90.4400
1785146037.952636,2852,4850,7401,7570,194.7400,-90.4400
1785146037.978143,2861,4850,7420,7570,194.7400,-90.4400
1785146038.002587,2889,4850,7401,7542,194.7400,-90.4400
1785146038.029441,2786,4906,7439,7317,198.7100,-90.3700
1785146038.053784,2955,4812,7458,7542,198.7100,-90.3700
1785146038.078526,2777,4803,7439,7439,193.5700,-90.3700
1785146038.104496,2814,4897,7401,7439,193.5700,-90.3700
1785146038.129439,2786,4784,7439,7439,195.9500,-90.2500
1785146038.154685,2880,4784,7439,7580,195.9500,-90.2500
1785146038.179710,2795,4812,7439,7495,193.5700,-90.2500
1785146038.205496,2870,4765,7411,7495,193.5700,-90.2500
1785146038.230459,2852,4831,7458,7542,197.4400,-90.1900
1785146038.255387,2805,4437,7439,7486,197.4400,-90.1900
1785146038.282321,2749,4822,7448,7486,194.7400,-90.1900
1785146038.306686,2814,4822,7495,7486,194.7400,-90.1900
1785146038.331722,2824,4765,7505,7523,202.8500,-90.1900
1785146038.357450,2842,4775,7486,7523,202.8500,-90.1900
1785146038.384112,2795,4775,7533,7523,200.1500,-90.3100
1785146038.408455,2814,4737,7476,7401,200.1500,-90.3100
1785146038.434648,2805,4728,7476,7364,200.1500,-90.3700
1785146038.458666,2692,4775,7467,7364,200.1500,-90.3700
1785146038.483434,2833,4803,7495,7495,194.7400,-90.4400
1785146038.510399,2702,4747,7514,7326,194.7400,-90.4400
1785146038.535362,2702,4765,7476,7326,197.4400,-90.4400
1785146038.560694,2767,4775,7486,7392,197.4400,-90.4400
1785146038.585618,2683,4756,7505,7420,194.7400,-90.5000
1785146038.610724,2730,4681,7523,7420,194.7400,-90.5000
1785146038.636347,2674,4662,7514,7476,197.4400,-90.5000
1785146038.661662,2777,4700,7514,7383,197.4400,-90.5000
1785146038.686460,2692,4643,7505,7495,194.7400,-90.4400
1785146038.711535,2767,4690,7514,7420,194.7400,-90.4400
1785146038.738612,2739,4606,7570,7448,194.7400,-90.3100
1785146038.763468,2692,4718,7551,7420,194.7400,-90.3100
1785146038.788479,2711,4681,7523,7458,194.7400,-90.2500
1785146038.815112,2749,4625,7551,7505,194.7400,-90.2500
1785146038.840311,2720,4662,7551,7420,196.2200,-90.3100
1785146038.864004,2655,4662,7570,7495,196.2200,-90.3100
1785146038.889572,2683,4662,7580,7439,198.7100,-90.3100
1785146038.914592,2627,4662,7580,7439,198.7100,-90.3100
1785146038.939454,2730,4681,7551,7458,197.4400,-90.4400
1785146038.966000,2683,4681,7551,7458,197.4400,-90.4400
1785146038.991390,2608,4634,7551,7411,192.0300,-90.5000
1785146039.016512,2636,4690,7580,7458,192.0300,-90.5000
1785146039.041773,2674,4568,7570,7458,197.4400,-90.5000
1785146039.067089,2702,4587,7598,7401,185.6200,-90.4400
1785146039.092029,2674,4606,7561,7448,185.6200,-90.4400
1785146039.117422,2645,4653,7608,7514,185.6200,-90.4400
1785146039.142446,2627,4643,7608,7439,190.4300,-90.3700
1785146039.167508,2636,4522,7598,7439,190.4300,-90.3700
1785146039.193696,2683,4578,7598,7439,182.9600,-90.4400
1785146039.218581,2636,4578,7598,7476,183.9200,-90.4400
1785146039.243592,2589,4625,7598,7476,183.9200,-90.4400
1785146039.269445,2608,4540,7627,7458,183.9200,-90.4400
1785146039.294725,2589,4550,7673,7458,189.3300,-90.3700
1785146039.319802,2627,4512,7627,7476,189.3300,-90.2500
1785146039.346956,2542,4531,7636,7476,189.3300,-90.2500
1785146039.375343,2645,4568,7664,7476,193.1900,-90.2500
1785146039.398213,2617,4456,7655,7448,193.1900,-90.2500
1785146039.425729,2627,4531,7598,7523,186.6200,-90.3700
1785146039.446889,2636,4512,7664,7523,186.6200,-90.3700
1785146039.473293,2608,4512,7664,7523,192.0300,-90.4400
1785146039.497690,2608,4512,7702,7458,192.0300,-90.4400
1785146039.524701,2589,4531,7655,7458,185.6200,-90.4400
1785146039.548024,2542,4437,7655,7533,185.6200,-90.4400
1785146039.574489,2570,4484,7655,7551,186.6200,-90.5000
1785146039.598564,2561,4522,7683,7523,186.6200,-90.5000
1785146039.623880,2542,4522,7683,7495,187.6700,-90.5600
1785146039.649677,2570,4493,7702,7570,187.6700,-90.5600
1785146039.675116,2533,4446,7711,7570,182.9600,-90.5600
1785146039.699342,2495,4446,7711,7570,182.9600,-90.5600
1785146039.725387,2561,4446,7683,7476,187.6700,-90.5600
1785146039.750627,2552,4456,7683,7523,187.6700,-90.5600
1785146039.775664,2486,4456,7739,7598,177.6600,-90.5000
1785146039.801795,2495,4456,7702,7533,177.6600,-90.5000
1785146039.826614,2533,4437,7748,7533,182.1500,-90.4400
1785146039.851781,2495,4437,7683,7533,182.1500,-90.4400
1785146039.877715,2505,4559,7702,7561,182.9600,-90.5000
1785146039.902559,2514,4409,7711,7533,182.9600,-90.5000
1785146039.927723,2523,4465,7711,7589,187.6700,-90.4400
1785146039.953464,2533,4456,7730,7523,187.6700,-90.4400
1785146039.978702,2523,4446,7692,7514,189.3300,-90.4400
1785146040.003786,2505,4446,7767,7533,189.3300,-90.4400
1785146040.030359,2495,4437,7739,7514,183.9200,-90.3700
1785146040.054613,2505,4400,7739,7495,183.9200,-90.3700
1785146040.079420,2486,4390,7702,7523,186.6200,-90.3100
1785146040.104549,2495,4446,7730,7533,186.6200,-90.3100
1785146040.130748,2373,4400,7730,7561,181.2100,-90.3700
1785146040.155763,2523,4400,7758,7523,181.2100,-90.3700
1785146040.180697,2467,4437,7739,7542,177.6600,-90.4400
1785146040.207184,2495,4418,7767,7551,177.6600,-90.4400
1785146040.233371,2401,4418,7786,7542,182.1500,-90.4400
1785146040.256515,2523,4437,7777,7542,182.1500,-90.4400
1785146040.282369,2439,4400,7795,7551,181.2100,-90.4400
1785146040.307371,2467,4371,7805,7608,181.2100,-90.4400
1785146040.332792,2477,4456,7767,7533,178.5100,-90.4400
1785146040.358709,2411,4390,7795,7533,178.5100,-90.4400
1785146040.383521,2486,4353,7795,7542,172.3600,-90.4400
1785146040.408729,2439,4353,7805,7589,172.3600,-90.4400
1785146040.434922,2430,4381,7777,7533,182.1500,-90.3700
1785146040.459840,2383,4343,7777,7533,182.1500,-90.3700
1785146040.485564,2355,4437,7805,7561,170.4000,-90.3700
1785146040.510835,2383,4409,7852,7598,170.4000,-90.3700
1785146040.535593,2401,4409,7852,7523,175.0100,-90.3100
1785146040.561739,2420,4409,7786,7580,175.0100,-90.3100
1785146040.586826,2373,4343,7786,7580,176.6300,-90.3700
1785146040.611717,2439,4371,7805,7523,176.6300,-90.3700
1785146040.636728,2401,4371,7814,7523,169.7100,-90.4400
1785146040.663502,2392,4371,7842,7542,169.7100,-90.4400
1785146040.688065,2373,4390,7814,7533,179.3900,-90.5000
1785146040.713215,2373,4306,7861,7542,179.3900,-90.5000
1785146040.740731,2392,4325,7842,7580,173.1000,-90.5600
1785146040.764107,2355,4325,7861,7486,173.1000,-90.5600
1785146040.788998,2336,4409,7852,7598,170.4000,-90.5600
1785146040.814935,2373,4381,7861,7598,170.4000,-90.5600
1785146040.839541,2355,4287,7899,7580,164.4000,-90.5600
1785146040.864746,2383,4334,7908,7523,164.4000,-90.5600
1785146040.890673,2383,4306,7908,7570,173.1000,-90.5000
1785146040.916128,2373,4325,7927,7551,173.1000,-90.5000
1785146040.940945,2336,4315,7852,7608,167.6900,-90.5000
1785146040.967687,2355,4287,7852,7589,167.6900,-90.5000
1785146040.991522,2420,4390,7917,7589,171.1100,-90.4400
1785146041.021016,2298,4353,7870,7523,164.9900,-90.4400
1785146041.042396,2373,4325,7899,7589,164.9900,-90.4400
1785146041.067471,2317,4325,7889,7598,164.9900,-90.4400
1785146041.093010,2298,4296,7852,7589,167.6900,-90.4400
1785146041.118820,2355,4306,7870,8049,170.4000,-90.4400
1785146041.144071,2345,4353,7917,8049,170.4000,-90.4400
1785146041.169062,2270,4259,7889,7617,164.4000,-90.4400
1785146041.194736,2326,4259,7889,7664,164.4000,-90.4400
1785146041.220678,2355,4268,7889,7589,170.4000,-90.5000
1785146041.244272,2251,4362,7889,7589,170.4000,-90.5000
1785146041.270199,2345,4259,7945,7702,162.2800,-90.5000
1785146041.295593,2355,4287,7945,7636,162.2800,-90.5000
1785146041.322804,2336,4353,7974,7617,162.2800,-90.4400
1785146041.346598,2317,4334,7974,7617,162.2800,-90.4400
1785146041.373912,2336,4268,7917,7617,165.5900,-90.4400
1785146041.396623,2308,4259,7833,7627,165.5900,-90.4400
1785146041.424301,2298,4212,7927,7655,161.7500,-90.3700
1785146041.447131,2326,4278,7889,7655,161.7500,-90.3700
1785146041.474142,2308,4278,7917,7645,164.9900,-90.4400
1785146041.498507,2280,4268,7899,7627,164.9900,-90.4400
1785146041.523929,2289,4306,7927,7636,162.8300,-90.4400
1785146041.548728,2308,4287,7945,7636,162.8300,-90.4400
1785146041.574335,2308,4315,7936,7636,159.1000,-90.4400
1785146041.599564,2289,4278,7936,7636,159.1000,-90.4400
1785146041.624732,2326,4249,8002,7636,162.2800,-90.4400
1785146041.650640,2270,4278,7983,7664,162.2800,-90.4400
1785146041.675491,2308,4325,7983,7645,159.5800,-90.3700
1785146041.700411,2317,4287,7992,7730,159.5800,-90.3700
1785146041.726315,2261,4362,7983,7683,156.8700,-90.3100
1785146041.751167,2270,4221,8002,7683,156.8700,-90.3100
1785146041.776280,2289,4259,8039,7739,165.5900,-90.3100
1785146041.802644,2223,4212,8039,7636,165.5900,-90.3100
1785146041.827371,2242,4343,8021,7758,156.4500,-90.3100
1785146041.852162,2270,4268,7983,7730,156.4500,-90.3100
1785146041.878219,2204,4287,7983,7730,165.5900,-90.3700
1785146041.903134,2317,4231,7983,7795,165.5900,-90.3700
1785146041.928818,2242,4268,8002,7748,162.2800,-90.4400
1785146041.954454,2261,4259,8039,7748,162.2800,-90.4400
1785146041.979223,2214,4249,8002,7777,161.7500,-90.4400
1785146042.004159,2242,4174,8077,7777,161.7500,-90.4400
1785146042.030631,2158,4231,8067,7777,159.5800,-90.5000
1785146042.055343,2214,4249,8067,7777,159.5800,-90.5000
1785146042.080137,2204,4165,8021,7786,159.5800,-90.5600
1785146042.106831,2214,4334,8058,7805,159.5800,-90.5600
1785146042.131626,2186,4240,8039,7786,154.1700,-90.5600
1785146042.156648,2195,4221,8077,7805,154.1700,-90.5600
1785146042.182336,2214,4184,8049,7805,156.8700,-90.6200
1785146042.207569,2158,4221,8058,7908,156.8700,-90.6200
1785146042.232733,2242,4249,8039,7908,157.3100,-90.6200
1785146042.259272,2270,4259,8058,7974,157.3100,-90.6200
1785146042.284458,2158,4203,8021,8368,148.4900,-90.5600
1785146042.308560,2204,4193,8058,8161,148.4900,-90.5600
1785146042.334254,2214,4221,8077,8161,151.4600,-90.3700
1785146042.359315,2251,4203,8067,8386,151.4600,-90.3700
1785146042.384757,2176,4184,8086,7927,151.4600,-90.3100
1785146042.410338,2101,4165,8058,7927,151.4600,-90.3100
1785146042.435676,2176,4174,8077,8002,143.3500,-90.3700
1785146042.460819,2176,4156,8114,8264,143.3500,-90.3700
1785146042.486381,2148,4184,8067,8264,146.0500,-90.5000
1785146042.511432,2129,4193,8086,8152,146.0500,-90.5000
1785146042.536377,2148,4240,8077,7974,148.7600,-90.5600
1785146042.562504,2083,4221,8058,8011,148.7600,-90.5600
1785146042.587124,2148,4259,8039,8433,156.8700,-90.5600
1785146042.612179,2101,4278,8124,7964,156.8700,-90.5600
1785146042.638149,2148,4249,8096,7936,151.4600,-90.5000
1785146042.663099,2073,4249,8133,8490,151.4600,-90.5000
1785146042.688642,2092,4193,8096,7936,154.1700,-90.5000
1785146042.714773,2139,4249,8086,8424,154.1700,-90.5000
1785146042.739559,2120,4184,8086,8293,151.4600,-90.5000
1785146042.764263,2092,4109,8105,8396,151.4600,-90.5000
1785146042.789362,2073,4156,8133,8452,154.1700,-90.4400
1785146042.815367,2083,4174,8096,8358,154.1700,-90.4400
1785146042.840554,2176,4128,8142,8208,151.4600,-90.4400
1785146042.865696,2092,4137,8114,8227,151.4600,-90.4400
1785146042.891364,2054,4221,8067,8377,154.1700,-90.4400
1785146042.916330,2083,4193,8086,8377,154.1700,-90.4400
1785146042.941221,2111,4156,8124,8415,151.4600,-90.4400
1785146042.967587,2148,4212,8152,8264,154.1700,-90.3700
1785146042.992741,2176,4128,8142,8386,154.1700,-90.3700
1785146043.017163,2120,4212,8180,8246,154.1700,-90.3700
1785146043.043130,2054,4109,8152,8386,154.1700,-90.3100
1785146043.068695,2073,4146,8180,8311,154.1700,-90.2500
1785146043.097134,2045,4184,8161,8311,154.1700,-90.2500
1785146043.119350,2073,4165,8199,8368,154.1700,-90.1900
1785146043.145353,2054,4193,8171,8368,154.1700,-90.1900
1785146043.169309,2017,4156,8171,8264,154.1700,-90.1900
1785146043.195740,2036,4174,8171,8358,151.4600,-90.1900
1785146043.220298,2026,4212,8189,8396,151.4600,-90.2500
1785146043.245299,2026,4099,8180,8405,151.4600,-90.2500
1785146043.273090,2045,4099,8161,8349,156.8700,-90.3100
1785146043.297368,2036,4156,8161,8433,156.8700,-90.3100
1785146043.323161,2092,4118,8227,8396,154.1700,-90.4400
1785146043.347149,2083,4118,8199,8358,154.1700,-90.4400
1785146043.373589,2026,4118,8171,8377,151.4600,-90.5000
1785146043.397498,2064,4165,8227,8508,151.4600,-90.5000
1785146043.425671,2083,4203,8236,8255,151.4600,-90.5600
1785146043.448412,2036,4156,8180,8377,151.4600,-90.5600
1785146043.475183,2073,4174,8227,8358,148.7600,-90.5600
1785146043.499290,2092,4212,8236,8293,148.7600,-90.5600
1785146043.524297,2054,4109,8227,8461,148.7600,-90.5000
1785146043.549525,2054,4099,8236,8396,148.7600,-90.5000
1785146043.576006,2083,4099,8246,8415,145.8400,-90.5000
1785146043.600863,2054,4034,8218,8415,145.8400,-90.5000
1785146043.627376,2064,4118,8246,8443,146.0500,-90.4400
1785146043.651857,2073,4071,8199,8424,146.0500,-90.4400
1785146043.676511,2017,4062,8218,8358,146.0500,-90.4400
1785146043.702117,2026,4062,8218,8424,146.0500,-90.4400
1785146043.728638,2036,4015,8218,8330,146.2700,-90.4400
1785146043.753202,1970,4081,8218,8339,146.2700,-90.4400
1785146043.778727,1979,4081,8218,8415,146.0500,-90.4400
1785146043.803296,2054,4024,8218,8415,146.0500,-90.4400
1785146043.828217,2083,3977,8208,8302,140.6400,-90.4400
1785146043.853335,2083,4052,8274,8302,140.6400,-90.4400
1785146043.878913,2111,4043,8218,8302,143.3500,-90.5000
1785146043.904465,2045,4043,8246,8565,143.3500,-90.5000
1785146043.929446,1998,4071,8246,8339,143.3500,-90.5000
1785146043.954819,2054,4015,8218,8246,143.3500,-90.5000
1785146043.980860,2036,4015,8255,8630,140.6400,-90.5600
1785146044.005517,2036,4024,8255,8630,140.6400,-90.5600
1785146044.031015,2007,3996,8274,8630,140.6400,-90.6200
1785146044.056909,2026,4043,8255,8490,140.6400,-90.6200
1785146044.081767,1951,4081,8293,8490,137.9400,-90.5600
1785146044.106885,2045,4034,8293,8490,137.9400,-90.5600
1785146044.132524,2064,4071,8321,8574,132.5800,-90.6200
1785146044.157569,1989,3996,8246,8583,132.5800,-90.6200
1785146044.184355,2007,4024,8264,8574,135.2300,-90.5600
1785146044.209605,1951,3987,8293,8490,135.2300,-90.5600
1785146044.234216,1932,4024,8302,8630,135.2300,-90.5000
1785146044.258633,2007,4015,8302,8574,135.2300,-90.5000
1785146044.284447,2073,4062,8311,8593,135.2300,-90.4400
1785146044.309613,2064,3940,8321,8621,135.2300,-90.4400
1785146044.334983,1989,3987,8311,8621,135.2300,-90.4400
1785146044.360366,1951,4006,8358,8396,135.2300,-90.4400
1785146044.386448,1989,3977,8349,8471,135.2300,-90.4400
1785146044.410388,1970,3977,8386,8471,135.2300,-90.4400
1785146044.438454,1942,3977,8311,8508,132.5800,-90.4400
1785146044.462954,2007,3968,8321,8630,132.5800,-90.4400
1785146044.489264,2017,4006,8311,8396,135.2300,-90.4400
1785146044.514798,2045,3987,8368,8461,135.2300,-90.4400
1785146044.538565,1970,3987,8349,8630,135.2300,-90.3700
1785146044.564134,1942,3977,8339,8490,135.2300,-90.3700
1785146044.590899,1914,3987,8349,8621,132.5800,-90.3700
1785146044.616276,1970,4034,8302,8583,132.5800,-90.3700
1785146044.639647,1942,3996,8321,9709,135.2300,-90.3700
1785146044.666057,2083,3996,8339,8415,135.2300,-90.3700
1785146044.691272,1998,4043,8339,8621,135.2300,-90.3700
1785146044.716779,1951,3987,8368,8593,135.2300,-90.3700
1785146044.741761,2007,3884,8386,8480,135.2300,-90.4400
1785146044.766741,1951,3921,8349,8574,135.2300,-90.4400
1785146044.792105,1942,3959,8358,8574,132.5800,-90.4400
1785146044.817783,1914,3931,8358,8536,132.5800,-90.4400
1785146044.841449,1951,3921,8358,8565,137.9900,-90.4400
1785146044.866726,2036,3940,8358,8677,137.9900,-90.4400
1785146044.892825,1886,3996,8405,8715,135.2300,-90.4400
1785146044.918033,1961,3949,8415,8715,132.5300,-90.5000
1785146044.944196,1895,4034,8302,8536,132.5300,-90.5000
1785146044.968228,1914,3893,8358,8658,132.5300,-90.5000
1785146044.993477,1932,3959,8358,8630,135.2300,-90.5600
1785146045.018790,1951,3968,8386,8621,129.8300,-90.5600
1785146045.044373,1895,3902,8386,8565,129.8300,-90.5600
1785146045.069565,1914,3931,8368,8565,129.8300,-90.5600
1785146045.094901,1932,3968,8424,8490,129.9300,-90.5000
1785146045.120745,1895,3912,8368,8574,129.8300,-90.5000
1785146045.145486,1932,3921,8386,8452,129.8300,-90.5000
1785146045.170954,1895,3968,8415,8733,132.4700,-90.4400
1785146045.196226,1886,3931,8377,8677,132.4700,-90.4400
1785146045.221875,1904,3912,9521,8771,132.4700,-90.4400
1785146045.246504,1857,3874,8368,8771,129.8300,-90.4400
1785146045.274917,1923,3940,8415,8565,132.5300,-90.4400
1785146045.297845,1876,3884,8377,8565,132.5300,-90.4400
1785146045.323835,1839,3959,8415,8471,129.8300,-90.4400
1785146045.348810,1914,3968,8396,9596,129.8300,-90.4400
1785146045.374460,1876,3893,8396,8499,129.8300,-90.4400
1785146045.398394,1886,3977,8368,8555,129.8300,-90.4400
1785146045.424904,1886,3959,8461,8593,129.8300,-90.5000
1785146045.450212,1829,3855,8415,8480,129.8300,-90.5000
1785146045.474388,1857,3818,8443,8602,121.9800,-90.5600
1785146045.500516,1857,3893,8405,8471,121.9800,-90.5600
1785146045.525634,1848,3874,8405,8321,126.9500,-90.5600
1785146045.550491,1857,3874,8405,8490,126.9500,-90.5600
1785146045.576613,1839,3902,8377,8480,124.4200,-90.5000
1785146045.601459,1810,3846,8452,8415,124.4200,-90.5000
1785146045.626217,1782,3874,8433,8415,121.9800,-90.5000
1785146045.652116,1886,3912,8396,8499,121.9800,-90.5000
1785146045.677179,1839,3921,8443,8377,129.7100,-90.4400
1785146045.702646,1820,3902,8433,8565,129.7100,-90.4400
1785146045.728934,1839,3921,8452,8461,121.9800,-90.4400
1785146045.753580,1820,3902,8443,8471,121.9800,-90.4400
1785146045.778596,1839,3921,8443,8518,126.9500,-90.3700
1785146045.805198,1839,3902,8471,8452,126.9500,-90.3700
1785146045.829583,1867,3855,8490,8471,121.9800,-90.3700
1785146045.855211,1867,3884,8452,8471,121.9800,-90.3700
1785146045.879197,1820,3874,8490,8415,124.4200,-90.3700
1785146045.905225,1848,3855,8471,8302,124.4200,-90.3700
1785146045.932103,1829,3893,8490,8443,121.7100,-90.4400
1785146045.956612,1839,3902,8480,8490,121.7100,-90.4400
1785146045.981363,1857,3893,8527,8386,121.7100,-90.4400
1785146046.006300,1867,3827,8443,8386,121.7100,-90.4400
1785146046.031516,1792,3865,8471,8433,119.0100,-90.4400
1785146046.057492,1914,3837,8490,8386,119.0100,-90.4400
1785146046.082300,1829,3799,8518,8452,115.9200,-90.5000
1785146046.107443,1820,3893,8508,8452,115.9200,-90.5000
1785146046.133157,1782,3837,8471,8461,113.6000,-90.5000
1785146046.158394,1876,3874,8471,8452,113.6000,-90.5000
1785146046.183463,1914,3874,8565,8471,111.3700,-90.4400
1785146046.209407,1839,3912,8518,8433,111.3700,-90.4400
1785146046.235086,1829,3837,8499,8508,113.6000,-90.4400
1785146046.259175,1829,3837,8480,8508,113.6000,-90.4400
1785146046.285589,1867,3809,8583,8443,119.0100,-90.3700
1785146046.310526,1810,3912,8518,8471,119.0100,-90.3700
1785146046.335370,1810,3893,8508,8461,113.6000,-90.5000
1785146046.361393,1820,3855,8536,8433,113.6000,-90.5000
1785146046.386766,1839,3846,8527,9690,116.3000,-90.5600
1785146046.412117,1829,3809,8527,9690,116.3000,-90.5600
1785146046.437449,1773,3837,8546,9653,116.3000,-90.6200
1785146046.462147,1829,3865,8508,8415,116.3000,-90.6200
1785146046.487783,1829,3752,8508,8621,115.9200,-90.6200
1785146046.514184,1857,3884,8508,9081,115.9200,-90.6200
1785146046.538254,1857,3837,8518,8480,113.6000,-90.7500
1785146046.563464,1801,3884,8527,8377,113.6000,-90.7500
1785146046.589342,1848,3809,8536,8790,113.6000,-90.7500
1785146046.614479,1773,3874,8499,8705,113.6000,-90.7500
1785146046.640151,1782,3837,8499,8893,111.3700,-90.7500
1785146046.665250,1848,3865,8536,9165,111.3700,-90.7500
1785146046.690329,1820,3884,8536,9005,110.8900,-90.8100
1785146046.715081,1810,3846,8555,8593,110.8900,-90.8100
1785146046.741892,1782,3902,8574,8808,110.8900,-90.8100
1785146046.767083,1820,3931,8536,9193,110.8900,-90.8100
1785146046.791168,1829,3865,8499,9071,108.1900,-90.8700
1785146046.817381,1839,3931,8583,9071,108.1900,-90.8700
1785146046.842365,1782,3855,8583,8630,108.1900,-90.8700
1785146046.867557,1839,3874,8518,8630,108.1900,-90.8100
1785146046.893311,1782,3884,8536,9296,108.1900,-90.8100
1785146046.918151,1829,3931,8518,9296,108.1900,-90.8100
1785146046.943141,1801,3799,8490,8771,105.4800,-90.8100
1785146046.969625,1876,3902,8536,9259,107.6400,-90.8100
1785146046.994327,1782,3855,8527,9221,107.6400,-90.8100
1785146047.019379,1801,3846,8527,9221,108.7200,-90.7500
1785146047.045386,1867,3752,8518,9287,108.7200,-90.7500
1785146047.070691,1792,3752,8546,9287,110.4000,-90.6900
1785146047.095575,1735,3827,8593,9081,110.4000,-90.6900
1785146047.122350,1773,3818,8546,9081,106.0700,-90.6200
1785146047.146702,1801,3837,8546,9521,106.0700,-90.6200
1785146047.173106,1726,3837,8593,8715,110.4000,-90.6200
1785146047.197422,1735,3855,8593,9428,110.4000,-90.6200
1785146047.223511,1735,3743,8602,9371,110.8900,-90.5600
1785146047.247392,1810,3865,8602,9371,110.8900,-90.5600
1785146047.276767,1904,3771,8602,8977,108.7200,-90.5600
1785146047.299406,1773,3762,8593,9625,108.7200,-90.5600
1785146047.325319,1810,3743,8611,9043,108.1900,-90.5600
1785146047.349841,1717,3818,8611,9390,108.1900,-90.5600
1785146047.374285,1642,3818,8611,9475,110.4000,-90.5000
1785146047.399467,1754,3818,8611,8687,110.4000,-90.5000
1785146047.424859,1764,3790,8630,8687,106.0700,-90.5600
1785146047.450536,1782,3734,8621,9662,106.0700,-90.5600
1785146047.475571,1707,3780,8602,9521,105.4800,-90.6200
1785146047.502295,1745,3780,8611,9521,105.4800,-90.6200
1785146047.526657,1773,3752,8574,9240,108.1900,-90.6200
1785146047.551382,1782,3837,8621,9324,108.1900,-90.6200
1785146047.576069,1660,3780,8621,9127,105.4800,-90.6900
1785146047.602502,1792,3790,8705,8780,105.4800,-90.6900
1785146047.627093,1735,3734,8658,9259,102.7800,-90.7500
1785146047.653105,1792,3743,8705,9259,102.7800,-90.7500
1785146047.678240,1801,3771,8658,9606,102.7800,-90.7500
1785146047.703136,1679,3818,8715,9662,102.7800,-90.7500
1785146047.728190,1754,3762,8593,9090,102.7800,-90.7500
1785146047.754810,1764,3715,8668,9278,102.7800,-90.7500
1785146047.779442,1801,3846,8658,9240,100.0700,-90.6900
1785146047.804462,1773,3827,8677,9653,100.0700,-90.6900
1785146047.830321,1764,3799,8677,9268,102.7800,-90.6900
1785146047.855302,1745,3752,8687,9268,102.7800,-90.6900
1785146047.882302,1679,3780,8668,9231,100.0700,-90.6200
1785146047.906543,1735,3752,8630,9728,100.0700,-90.6200
1785146047.931343,1745,3809,8677,9306,100.0700,-90.6200
1785146047.956146,1745,3790,8649,9221,100.0700,-90.6200
1785146047.982908,1726,3762,8715,9193,102.7800,-90.6200
1785146048.007731,1773,3752,8771,9737,102.7800,-90.6200
1785146048.032233,1754,3743,8705,9240,102.7800,-90.6200
1785146048.060882,1698,3799,8658,9700,102.7800,-90.6200
1785146048.083196,1782,3837,8677,9202,100.0700,-90.5600
1785146048.108774,1707,3809,8715,9718,100.0700,-90.5600
1785146048.134955,1745,3790,8696,9718,105.4800,-90.5000
1785146048.159559,1707,3762,8687,9278,105.4800,-90.5000
1785146048.184301,1698,3799,8705,9278,104.8800,-90.5000
1785146048.210774,1689,3771,8724,9034,104.8800,-90.5000
1785146048.237093,1717,3762,8677,9118,104.8800,-90.5000
1785146048.260800,1735,3743,8687,8649,104.8800,-90.5000
1785146048.289696,1735,3818,8705,9315,104.8800,-90.5000
1785146048.311255,1698,3771,8696,9747,104.8800,-90.5000
1785146048.337644,1689,3771,8743,9465,104.8800,-90.5000
1785146048.362345,1754,3818,8715,9174,104.8800,-90.5000
1785146048.387218,1782,3734,8780,9174,104.8800,-90.5000
1785146048.412538,1829,3818,8715,9249,104.8800,-90.5000
1785146048.438523,1717,3715,8687,9249,104.8800,-90.5000
1785146048.465112,1745,3743,8705,8433,104.8800,-90.5000
1785146048.489415,1735,3818,8724,8433,104.8800,-90.5000
1785146048.514713,1735,3790,8715,9156,104.8800,-90.5000
1785146048.539232,1717,3865,8715,9118,104.8800,-90.5000
1785146048.564720,1717,3771,8677,8508,17.3700,-90.4400
1785146048.589719,1754,3780,8677,8508,17.3700,-90.4400
1785146048.615370,1764,3865,8780,8508,8.1100,-92.1200
1785146048.640284,1745,3752,8780,8508,8.1100,-92.1200
1785146048.665243,1707,3921,8771,8696,8.1100,-92.1200
1785146048.692195,1726,3799,8687,8621,2.7000,-95.0600
1785146048.716791,1707,3884,8733,8602,8.1100,-98.8700
1785146048.742202,1698,3912,8715,8630,8.1100,-98.8700
1785146048.769205,1689,3940,8733,8715,8.1100,-103.5000
1785146048.792951,1707,3874,8696,8705,8.1100,-103.5000
1785146048.818622,1707,3959,8649,8743,8.1100,-108.6900
1785146048.843392,1726,4043,8640,8752,8.1100,-108.6900
1785146048.869727,1754,4071,8658,8668,5.4100,-114.0600
1785146048.893653,1745,3949,8555,8668,5.4100,-114.0600
1785146048.920220,1707,3931,8583,8668,-2.7000,-119.3100
1785146048.944882,1717,3705,8518,8640,-2.7000,-119.3100
1785146048.970373,1651,3696,8480,8696,-2.7000,-124.2500
1785146048.995354,1707,3696,8555,8668,-2.7000,-124.2500
1785146049.020371,1876,3602,8518,8630,0.0000,-129.0000
1785146049.046135,1698,3555,8518,8687,0.0000,-129.0000
1785146049.071272,1886,3574,8471,8715,0.0000,-133.4400
1785146049.096733,1867,3546,8602,8668,0.0000,-133.4400
1785146049.121143,1820,3565,8630,8649,0.0000,-137.6900
1785146049.147486,1782,3537,8621,8668,0.0000,-137.6900
1785146049.172355,1782,3537,8630,8715,0.0000,-141.6900
1785146049.197351,1848,3555,8649,8658,0.0000,-141.6900
1785146049.223271,1848,3555,8668,8837,0.0000,-145.5600
1785146049.248871,1801,3546,8687,8827,0.0000,-145.5600
1785146049.274707,1867,3546,8696,8705,0.0000,-149.2500
1785146049.299325,1801,3537,8696,8743,0.0000,-149.2500
1785146049.324401,1820,3537,8649,8733,2.7000,-152.8100
1785146049.349529,1904,3471,8630,8649,2.7000,-152.8100
1785146049.375483,1867,3443,8696,8743,5.4100,-155.8700
1785146049.400397,1829,3443,8630,8790,5.4100,-155.8700
1785146049.425878,1792,3499,8677,8733,0.0000,-158.7500
1785146049.451432,1829,3433,8696,8752,0.0000,-158.7500
1785146049.476631,1820,3461,8677,8752,5.4100,-161.1900
1785146049.502611,1782,3396,8677,8593,5.4100,-161.1900
1785146049.527427,1735,3415,8602,8593,2.7000,-163.5000
1785146049.553866,1735,3405,8583,8593,2.7000,-163.5000
1785146049.578369,1839,3358,8696,8640,8.1100,-165.6200
1785146049.603736,1764,3330,8630,8621,8.1100,-165.6200
1785146049.629234,1717,3424,8630,8611,5.4100,-167.3700
1785146049.653659,1670,3433,8621,8611,5.4100,-167.3700
1785146049.678787,1886,3405,8621,8611,5.4100,-169.1200
1785146049.704952,1754,3415,8649,8611,5.4100,-169.1200
1785146049.729986,1735,3386,8640,8583,0.0000,-170.7500
1785146049.754708,1820,3386,8593,8649,0.0000,-170.7500
1785146049.780569,1754,3480,8630,8621,2.7000,-172.3700
1785146049.805546,1782,3490,8593,8621,2.7000,-172.3700
1785146049.831956,1857,3386,8602,8583,0.0000,-173.7500
1785146049.858059,1782,3443,8555,8583,0.0000,-173.7500
1785146049.882646,1717,3377,8630,8583,0.0000,-174.8700
1785146049.907659,1726,3480,8565,8696,0.0000,-174.8700
1785146049.936219,1726,3443,8574,8696,2.7000,-176.0000
1785146049.959449,1810,3443,8565,8649,2.7000,-176.0000
1785146049.984317,1820,3443,8921,8658,0.0000,-177.0000
1785146050.011940,1792,3424,8518,8658,0.0000,-177.0000
1785146050.033647,1820,3386,8508,8658,5.4100,-178.1200
1785146050.059557,1754,3377,8471,8677,5.4100,-178.1200
1785146050.084495,1735,3490,8518,8649,5.4100,-178.1200
1785146050.110188,1773,3405,8499,8733,5.4100,-178.1200
1785146050.134485,1773,3405,8480,8705,5.4100,-178.1200
1785146050.161033,1773,3424,8527,8724,5.4100,-178.1200
1785146050.185709,1773,3424,8574,8677,5.4100,-178.1200
1785146050.210460,1764,3461,8574,8640,5.4100,-178.1200
1785146050.236402,1792,3396,8499,8611,5.4100,-178.1200
1785146050.262851,1829,3452,8930,8696,5.4100,-178.1200
1785146050.286985,1773,3405,8508,8687,5.4100,-178.1200
1785146050.313237,1792,3461,8893,8687,5.4100,-178.1200
1785146050.339351,1773,3396,8518,8602,5.4100,-178.1200
1785146050.362754,1782,3433,8574,8602,5.4100,-178.1200
1785146050.390104,1782,3415,8518,8724,3.2700,-179.3100
1785146050.413682,1754,3461,8968,8565,3.2700,-179.3100
1785146050.438497,1745,3386,8480,8565,67.6200,-179.7500
1785146050.464936,1829,3386,8536,8640,67.6200,-179.7500
1785146050.490831,1801,3386,8536,8640,73.0300,-179.4400
1785146050.516507,1782,3424,8490,8640,73.0300,-179.4400
1785146050.542531,1829,3415,8527,8611,108.7200,-179.0600
1785146050.565798,1764,3443,8546,8602,108.7200,-179.0600
1785146050.592726,1792,3424,8480,8602,102.1200,-179.0600
1785146050.616026,1792,3377,8518,8593,102.1200,-179.0600
1785146050.643308,1792,3471,8480,8593,106.0700,-179.0600
1785146050.666865,1773,3480,8471,8565,106.0700,-179.0600
1785146050.693348,1773,3358,9005,8621,108.1900,-179.0000
1785146050.717721,1735,3415,8471,8611,108.1900,-179.0000
1785146050.743722,1810,3415,8471,8593,119.0100,-178.9400
1785146050.768121,1829,3405,8490,8536,119.0100,-178.9400
1785146050.793811,1764,3386,8490,8536,108.1900,-179.0000
1785146050.823050,1782,3377,8480,8574,108.1900,-179.0000
1785146050.846469,1848,3461,8518,8565,121.7100,-179.0600
1785146050.870735,1810,3405,8508,8508,121.7100,-179.0600
1785146050.895043,1839,3424,8527,8508,124.4200,-178.9400
1785146050.920235,1839,3405,8508,8546,124.4200,-178.9400
1785146050.945712,1764,3358,8499,8565,124.4200,-178.8700
1785146050.971049,1848,3405,8490,8546,124.4200,-178.8700
1785146050.996371,1810,3396,8490,8490,124.4200,-178.9400
1785146051.022042,1782,3386,8508,8527,124.4200,-178.9400
1785146051.047000,1801,3396,8508,8480,135.2300,-178.8700
1785146051.073146,1810,3358,8527,8480,135.2300,-178.8700
1785146051.098036,1754,3471,8471,8536,135.2300,-178.8700
1785146051.123195,1820,3415,8452,8546,135.2300,-178.8700
1785146051.148244,1810,3386,8546,8452,135.2300,-178.9400
1785146051.173601,1792,3396,8518,8471,135.2300,-178.9400
1785146051.199465,1801,3386,8490,8415,137.9400,-178.9400
1785146051.224483,1801,3386,8508,8443,137.9400,-178.9400
1785146051.250016,1810,3415,8508,8415,148.7600,-178.9400
1785146051.274927,1792,3386,8471,8415,148.7600,-178.9400
1785146051.300908,1810,3424,8471,8405,146.0500,-178.9400
1785146051.326273,1839,3424,8433,8415,146.0500,-178.9400
1785146051.350791,1857,3396,8480,8396,148.7600,-179.0000
1785146051.375593,1810,3396,8443,8396,148.7600,-179.0000
1785146051.400994,1801,3405,8536,8386,156.8700,-179.0600
1785146051.427237,1895,3405,8480,8415,156.8700,-179.0600
1785146051.451830,1857,3424,8452,8405,159.5800,-179.0600
1785146051.476966,1820,3415,8433,8405,159.5800,-179.0600
1785146051.502716,1904,3386,8499,8368,164.4000,-179.1200
1785146051.527646,1839,3368,8471,8433,164.4000,-179.1200
1785146051.553589,1886,3433,8471,8386,168.3500,-179.1900
1785146051.578919,1942,3443,8480,8415,168.3500,-179.1900
1785146051.606052,1886,3405,8527,8433,178.5100,-179.2500
1785146051.629219,1839,3396,8471,8386,178.5100,-179.2500
1785146051.655205,1839,3396,8480,8480,167.0500,-179.3100
1785146051.680161,1848,3377,8490,8508,167.0500,-179.3100
1785146051.705348,1801,3443,8536,8452,176.6300,-179.3100
1785146051.730949,1829,3405,8490,8396,176.6300,-179.3100
1785146051.756963,1914,3340,8480,8818,175.8000,-179.3100
1785146051.782924,1886,3377,8480,8499,175.8000,-179.3100
1785146051.806901,1876,3396,8527,8602,183.9200,-179.3100
1785146051.831830,1904,3405,8443,8593,183.9200,-179.3100
1785146051.856777,1839,3386,8443,8677,189.3300,-179.3700
1785146051.883370,1923,3358,8443,8621,189.3300,-179.3700
1785146051.908043,1923,3330,8443,8611,194.7400,-179.3700
1785146051.933090,1895,3405,8480,8499,194.7400,-179.3700
1785146051.958795,1923,3330,8433,8733,194.7400,-179.3700
1785146051.984126,1932,3283,8433,8733,194.7400,-179.3700
1785146052.009491,1923,3321,8433,8696,194.7400,-179.4400
1785146052.035111,1923,3368,8452,8649,194.7400,-179.4400
1785146052.059954,1914,3311,8424,8602,197.4400,-179.5000
1785146052.084815,1886,3330,8471,8677,197.4400,-179.5000
1785146052.111020,1876,3330,8471,8687,194.7400,-179.5000
1785146052.136403,1895,3386,8490,8621,194.7400,-179.5000
1785146052.160887,1895,3302,8452,8536,200.1500,-179.5000
1785146052.185895,1932,3293,8461,8536,200.1500,-179.5000
1785146052.212198,1923,3311,8461,8527,192.0300,-179.5000
1785146052.237196,1932,3311,8471,8677,190.9200,-179.5600
1785146052.262259,1895,3386,8443,8677,190.9200,-179.5600
1785146052.287946,1998,3386,8443,8527,190.9200,-179.5600
1785146052.312905,1951,3349,8424,8574,195.9500,-179.5600
1785146052.338320,1942,3283,8424,8574,190.9200,-179.6200
1785146052.364560,1970,3340,8480,8602,190.9200,-179.6200
1785146052.388999,1979,3340,8461,8602,197.4400,-179.6200
1785146052.414807,1923,3255,8405,8602,197.4400,-179.6200
1785146052.440202,1961,3340,8433,8565,197.4400,-179.6200
1785146052.465140,1951,3283,8424,8658,197.4400,-179.6900
1785146052.490099,1961,3321,8396,8602,200.1500,-179.6900
1785146052.516189,1942,3218,8452,8602,200.1500,-179.6900
1785146052.541835,1923,3302,8499,8583,200.1500,-179.6900
1785146052.566343,1970,3218,8490,8546,194.7400,-179.6900
1785146052.593494,1979,3236,8518,8461,200.1500,-179.6900
1785146052.616911,1932,3311,8527,8518,200.1500,-179.6900
1785146052.643352,1942,3293,8480,8518,200.1500,-179.7500
1785146052.668118,1961,3330,8452,8480,200.1500,-179.7500
1785146052.694931,1932,3293,8518,8490,200.1500,-179.8100
1785146052.718946,1951,3274,8443,8490,200.1500,-179.8100
1785146052.747964,1989,3293,8433,8480,194.7400,-179.8700
1785146052.768993,1961,3302,8452,8452,194.7400,-179.8700
1785146052.793962,1961,3264,8415,8490,197.4400,-180.0000
1785146052.820391,1998,3274,8415,8461,197.4400,-180.0000
1785146052.845275,1942,3199,8396,8461,194.7400,-180.0000
1785146052.870304,1979,3246,8405,8396,194.7400,-180.0000
1785146052.895283,1923,3208,8377,8471,194.7400,-180.0000
1785146052.922290,1942,3227,8415,8461,194.7400,-180.0000
1785146052.946908,1942,3274,8452,8396,194.7400,-180.0000
1785146052.971314,1989,3180,8471,8461,194.7400,-180.0000
1785146052.997455,1979,3236,8433,8433,192.0300,-180.0000
1785146053.022844,1979,3246,8471,8471,192.0300,-180.0000
1785146053.047396,1970,3180,8490,8518,194.7400,-179.9400
1785146053.073583,2007,3218,8433,8461,194.7400,-179.9400
1785146053.098654,2083,3208,8405,8480,194.7400,-180.0000
1785146053.123437,2017,3199,8386,8490,194.7400,-180.0000
1785146053.151348,2017,3208,8396,8518,192.0300,179.9400
1785146053.175414,1951,3218,8405,8527,192.0300,179.9400
1785146053.199868,2007,3199,8415,8518,192.0300,179.9400
1785146053.225194,1970,3236,8433,8508,192.0300,179.9400
1785146053.250173,1961,3199,8443,8508,189.3300,-180.0000
1785146053.275623,1932,3180,8461,8546,189.3300,-180.0000
1785146053.301621,1998,3161,8461,8536,190.9200,-179.9400
1785146053.326227,2007,3199,8415,8555,190.9200,-179.9400
1785146053.351182,1961,3171,8461,8565,189.3300,-179.9400
1785146053.377377,1989,3180,8358,8565,189.3300,-179.9400
1785146053.402264,1989,3227,8424,8546,194.7400,-179.9400
1785146053.427128,2036,3171,8349,8546,194.7400,-179.9400
1785146053.453131,2017,3180,8396,8536,189.3300,-179.8700
1785146053.478572,1970,3171,8386,8536,189.3300,-179.8700
1785146053.505415,1942,3218,8386,8499,192.0300,-179.9400
1785146053.529353,1942,3189,8443,8480,192.0300,-179.9400
1785146053.554139,1961,3133,8415,8555,189.3300,-179.9400
1785146053.581284,1932,3189,8358,8452,189.3300,-179.9400
1785146053.605812,1989,3171,8358,8471,197.4400,-180.0000
1785146053.630343,1951,3199,8377,8527,197.4400,-180.0000
1785146053.655086,1942,3189,8396,8508,194.7400,179.9400
1785146053.681138,1942,3180,8424,8536,194.7400,179.9400
1785146053.706748,1942,3152,8377,8546,197.4400,179.8700
1785146053.731506,2092,3143,8358,8546,197.4400,179.8700
1785146053.756565,2036,3133,8368,8499,189.3300,179.8100
1785146053.782317,1989,3152,8433,8499,189.3300,179.8100
1785146053.807139,1923,3143,8368,8499,189.3300,179.7500
1785146053.832529,1998,3114,8349,8593,189.3300,179.7500
1785146053.859549,2045,3096,8283,8611,192.0300,179.7500
1785146053.883271,2017,3143,8424,8621,192.0300,179.7500
1785146053.908060,1979,3152,8480,8574,186.6200,179.7500
1785146053.934345,2083,3124,8396,8640,186.6200,179.7500
1785146053.960963,2073,3105,8405,8583,183.9200,179.7500
1785146053.986055,2036,3133,8396,8574,183.9200,179.7500
1785146054.010140,2092,3114,8377,8574,183.9200,179.8100
1785146054.035863,2467,3114,8415,8574,183.9200,179.8100
1785146054.060760,2392,3039,8358,8574,186.6200,179.8700
1785146054.086670,2101,3096,8396,8583,186.6200,179.8700
1785146054.111196,2120,3105,8396,8611,183.9200,179.9400
1785146054.136376,2364,3067,8377,8630,183.9200,179.9400
1785146054.162794,2026,3058,8339,8602,183.9200,179.9400
1785146054.187442,2045,3086,8368,8640,183.9200,179.9400
1785146054.212521,2458,3077,8396,8640,189.3300,-180.0000
1785146054.238357,2083,3049,8358,8593,189.3300,-180.0000
1785146054.263423,2139,3058,8283,8621,189.3300,-179.9400
1785146054.288553,2842,3086,8349,8621,192.0300,-179.8700
1785146054.314393,2251,3077,8377,8630,192.0300,-179.8700
1785146054.339792,2833,3096,8368,8668,192.0300,-179.8700
1785146054.364665,2458,3152,8311,8668,194.7400,-179.8700
1785146054.390715,2411,3039,8377,8640,192.0300,-179.9400
1785146054.415788,2645,3039,8293,8640,192.0300,-179.9400
1785146054.440968,2805,3049,8415,8630,190.9200,-179.9400
1785146054.465754,2664,3049,8377,8630,190.9200,-179.9400
1785146054.491224,2692,3039,8415,8658,190.9200,-179.9400
1785146054.516471,2674,3067,8330,8630,192.0300,-179.8700
1785146054.541624,2514,3011,8358,8649,192.0300,-179.9400
1785146054.567386,2477,3058,8358,8677,192.0300,-179.9400
1785146054.595364,2711,3049,8368,8677,195.9500,179.9400
1785146054.617454,2674,3030,8415,8677,195.9500,179.9400
1785146054.644629,2674,3021,8377,8658,189.3300,179.9400
1785146054.668195,2786,3039,8330,8668,189.3300,179.9400
1785146054.695407,2608,3039,8283,8696,189.3300,-180.0000
1785146054.719192,2720,3002,8339,8715,189.3300,-180.0000
1785146054.745067,2655,3021,8274,8658,190.9200,-179.8700
1785146054.771015,2683,3049,8358,8658,190.9200,-179.8700
1785146054.795458,2683,3058,8368,8677,198.7100,-179.8100
1785146054.820230,2720,2974,8377,8649,198.7100,-179.8100
1785146054.847494,2645,2955,8368,8649,194.7400,-179.8100
1785146054.872254,2598,2983,8433,8658,194.7400,-179.8100
1785146054.896738,2617,3039,8396,8640,190.9200,-179.8700
1785146054.921860,2589,2964,8358,8677,190.9200,-179.8700
1785146054.947519,2598,3021,8321,8621,195.9500,-179.9400
1785146054.972892,2580,2936,8274,8696,195.9500,-179.9400
1785146054.998954,2645,3030,8302,8687,190.9200,179.9400
1785146055.023510,2589,2983,8330,8658,190.9200,179.9400
1785146055.050491,2617,3011,8349,8583,192.0300,179.8700
1785146055.075512,2542,2974,8311,8668,192.0300,179.8700
1785146055.102964,2561,3011,8368,8677,193.1900,179.8700
1785146055.127049,2598,2899,8396,8696,193.1900,179.8700
1785146055.149416,2627,2927,8339,8611,192.0300,179.9400
1785146055.175426,2561,2964,8415,8611,192.0300,179.9400
1785146055.201197,2589,2955,8405,8677,190.9200,-180.0000
1785146055.226044,2514,2927,8358,8696,190.9200,-180.0000
1785146055.251415,2533,2955,8386,8630,193.1900,-180.0000
1785146055.276547,2580,3030,8321,8658,193.1900,-180.0000
1785146055.301547,2533,2992,8396,8640,189.3300,-180.0000
1785146055.328302,2580,2946,8377,8602,189.3300,-180.0000
1785146055.353826,2655,2964,8330,8499,190.9200,-179.9400
1785146055.378020,2570,2955,8377,8499,190.9200,-179.9400
1785146055.403454,2598,2870,8339,8490,195.9500,-179.8700
1785146055.429573,2561,2908,8358,8490,195.9500,-179.8700
1785146055.454268,2580,2870,8349,8490,192.0300,-179.7500
1785146055.479163,2608,2936,8339,8527,192.0300,-179.7500
1785146055.504623,2514,2936,8264,8490,192.0300,-179.6900
1785146055.531542,2533,2824,8368,8508,192.0300,-179.6900
1785146055.555205,2570,2852,8236,8490,194.7400,-179.6900
1785146055.581264,2552,2946,8339,8518,194.7400,-179.6900
1785146055.607505,2608,2861,8396,8546,190.9200,-179.6900
1785146055.630517,2636,2880,8358,8546,190.9200,-179.6900
1785146055.656904,2561,2899,8293,8518,189.3300,-179.7500
1785146055.681857,2561,2917,8339,8527,189.3300,-179.7500
1785146055.706954,2561,2955,8302,8527,195.9500,-179.8100
1785146055.733113,2589,2917,8321,8555,195.9500,-179.8100
1785146055.757590,2608,3011,8368,8611,197.4400,-179.8700
1785146055.782778,2570,2795,8358,8593,197.4400,-179.8700
1785146055.808456,2580,2852,8377,8621,197.4400,-179.8700
1785146055.833629,2608,2899,8311,8583,197.4400,-179.8700
1785146055.858401,2570,2833,8377,8658,196.2200,-179.8700
1785146055.884960,2552,2870,8302,8687,196.2200,-179.8700
1785146055.909694,2608,2927,8283,8677,198.7100,-179.8700
1785146055.935475,2645,2842,8302,8668,198.7100,-179.8700
1785146055.960933,2664,2852,8293,8668,193.5700,-179.8700
1785146055.985910,2655,2861,8358,8668,193.5700,-179.8700
1785146056.010951,2617,2927,8396,8677,195.9500,-179.9400
1785146056.036715,2664,2880,8264,8677,195.9500,-179.9400
1785146056.062672,2655,2842,8377,8602,188.2700,-180.0000
1785146056.087410,2645,2842,8330,8621,188.2700,-180.0000
1785146056.113066,2645,2861,8433,8621,195.9500,-180.0000
1785146056.138635,2664,2814,8349,8546,195.9500,-180.0000
1785146056.162988,2655,2852,8293,8536,192.0300,179.9400
1785146056.188318,2692,2899,8330,8527,192.0300,179.9400
1785146056.213487,2692,2814,8302,8518,190.9200,179.9400
1785146056.239312,2664,2805,8311,8602,192.0300,179.9400
1785146056.265103,2674,2880,8302,8658,192.0300,179.9400
1785146056.289435,2702,2889,8321,8771,192.0300,179.9400
1785146056.314368,2683,2889,8311,8752,192.0300,-180.0000
1785146056.341870,2720,2927,8302,8780,198.7100,-180.0000
1785146056.366074,2702,2861,8358,8790,198.7100,-180.0000
1785146056.390570,2683,2955,8293,8790,188.2700,-179.9400
1785146056.416456,2683,2852,8264,8790,188.2700,-179.9400
1785146056.442763,2664,2927,8368,8762,195.9500,-179.9400
1785146056.466760,2702,2899,8330,8790,195.9500,-179.9400
1785146056.493607,2711,2824,8293,8705,190.9200,-179.8700
1785146056.517406,2692,2861,8321,8705,190.9200,-179.8700
1785146056.543900,2720,2852,8264,8724,189.3300,-179.8700
1785146056.568577,2702,2842,8283,8733,189.3300,-179.8700
1785146056.596646,2739,2899,8321,8687,194.7400,-179.8700
1785146056.618796,2711,2833,8264,8696,194.7400,-179.8700
1785146056.645509,2720,2805,8358,8696,198.7100,-179.8700
1785146056.669561,2720,2824,8321,8687,198.7100,-179.8700
1785146056.695600,2739,2852,8274,8658,190.9200,-179.8700
1785146056.720798,2692,2936,8311,8733,190.9200,-179.8700
1785146056.745534,2749,2758,8302,8668,197.4400,-179.8700
1785146056.770896,2730,2786,8302,8724,197.4400,-179.8700
1785146056.797358,2786,2899,8349,8687,204.2300,-179.8700
1785146056.823142,2786,2955,8236,8677,204.2300,-179.8700
1785146056.846922,2777,2880,8283,8677,196.2200,-179.9400
1785146056.871478,2777,2842,8246,8733,196.2200,-179.9400
1785146056.898702,2777,2692,8255,8733,204.2300,-179.9400
1785146056.922609,2730,2880,8293,8705,204.2300,-179.9400
1785146056.948358,2702,2861,8283,8743,202.8500,-179.9400
1785146056.973816,2758,2824,8218,8705,202.8500,-179.9400
1785146056.998338,2795,2711,8208,8705,200.1500,-180.0000
1785146057.023719,2777,2617,8227,8705,200.1500,-180.0000
1785146057.049995,2767,2580,8293,8733,196.2200,-179.9400
1785146057.074667,2758,2486,8255,8724,196.2200,-179.9400
1785146057.099689,2786,2617,8264,8762,198.7100,-179.9400
1785146057.126255,2795,2523,8293,8724,198.7100,-179.9400
1785146057.151167,2805,2514,8293,8715,193.5700,-179.9400
1785146057.176353,2814,2486,8321,8743,193.5700,-179.9400
1785146057.201577,2805,2486,8274,8677,197.4400,-179.8700
1785146057.226414,2814,2505,8339,8743,197.4400,-179.8700
1785146057.253575,2917,2495,8236,8752,197.4400,-179.9400
1785146057.277704,2842,2439,8330,8733,197.4400,-179.9400
1785146057.302615,2852,2486,8293,8724,201.4700,-179.9400
1785146057.328536,2805,2655,8293,8715,201.4700,-179.9400
1785146057.354356,2899,2467,8302,8715,198.8700,-180.0000
1785146057.379024,2833,2477,8264,8715,198.8700,-180.0000
1785146057.403743,2824,2458,8264,8715,200.1500,-180.0000
1785146057.431122,2852,2495,8283,8705,200.1500,-180.0000
1785146057.456358,2936,2458,8246,8743,194.7400,179.9400
1785146057.479391,2842,2486,8236,8733,194.7400,179.9400
1785146057.505710,2880,2467,8274,8715,201.4700,179.9400
1785146057.530476,2936,2430,8264,8715,201.4700,179.9400
1785146057.555434,2936,2430,8339,8677,190.9200,-180.0000
1785146057.582210,2870,2439,8264,8715,190.9200,-180.0000
1785146057.606777,2936,2486,8255,8743,197.4400,-179.9400
1785146057.632524,2870,2401,8218,8752,197.4400,-179.9400
1785146057.658830,2889,2373,8246,8705,201.4700,-179.8700
1785146057.682638,2917,2401,8274,8752,201.4700,-179.8700
1785146057.707354,2964,2411,8302,8724,197.4400,-179.8100
1785146057.734107,2946,2448,8264,8677,197.4400,-179.8100
1785146057.758584,2927,2439,8274,8743,200.1500,-179.7500
1785146057.783694,2889,2448,8283,8771,200.1500,-179.7500
1785146057.809644,2946,2411,8236,8752,193.5700,-179.4400
1785146057.834558,2946,2364,8264,8724,193.5700,-179.4400
1785146057.860005,2946,2430,8236,8771,197.4400,-179.3700
1785146057.885831,2927,2411,8255,8724,197.4400,-179.3700
1785146057.910442,2936,2373,8236,8724,200.1500,-179.5000
1785146057.935931,2983,2373,8227,8790,200.1500,-179.5000
1785146057.961446,2908,2373,8236,8780,202.8500,-179.4400
1785146057.986574,2946,2373,8283,8780,202.8500,-179.4400
1785146058.011611,3011,2373,8274,8771,200.1500,-179.4400
1785146058.036597,2983,2364,8236,8771,200.1500,-179.4400
1785146058.062840,2964,2392,8227,8752,200.1500,-179.4400
1785146058.087935,3011,2364,8246,8762,200.1500,-179.4400
1785146058.112403,3021,2336,8208,8733,200.1500,-179.4400
1785146058.138396,2955,2345,8208,8715,200.1500,-179.4400
1785146058.163949,3030,2317,8218,8790,200.1500,-179.5000
1785146058.189254,3021,2364,8227,8762,197.4400,-179.5000
1785146058.214506,3021,2355,8227,8762,197.4400,-179.5000
1785146058.239398,3021,2383,8208,8790,197.4400,-179.5000
1785146058.267846,2946,2383,8189,8790,197.4400,-179.6200
1785146058.290509,3152,2364,8171,8799,194.7400,-179.6900
1785146058.315895,3067,2355,8161,8827,194.7400,-179.6900
1785146058.341220,3049,2411,8161,8837,197.4400,-179.7500
1785146058.366553,3096,2411,8208,8855,197.4400,-179.7500
1785146058.393434,3077,2373,8189,8855,194.7400,-179.7500
1785146058.417529,3077,2336,8180,8808,194.7400,-179.7500
1785146058.445194,3077,2326,8171,8865,192.0300,-179.8100
1785146058.467852,3002,2270,8208,8977,192.0300,-179.8100
1785146058.494469,3058,2355,8189,8874,194.7400,-179.9400
1785146058.518960,3058,2308,8236,8884,194.7400,-179.9400
1785146058.545642,3086,2364,8124,8884,194.7400,-179.9400
1785146058.568863,3049,2336,8218,8808,194.7400,-179.9400
1785146058.595013,3077,2317,8171,8837,194.7400,-179.9400
1785146058.619504,3096,2355,8199,8808,194.7400,-179.9400
1785146058.645606,3077,2308,8180,8808,197.4400,-179.8700
1785146058.670370,3058,2336,8218,8790,197.4400,-179.8700
1785146058.697783,3058,2280,8227,8855,197.4400,-179.8700
1785146058.720839,3058,2326,8189,8818,197.4400,-179.8700
1785146058.746433,3067,2326,8152,8827,190.9200,-179.8700
1785146058.771839,3058,2420,8227,8846,190.9200,-179.8700
1785146058.796666,3049,2317,8218,8949,194.7400,-179.9400
1785146058.823392,3039,2270,8218,8874,194.7400,-179.9400
1785146058.847467,3086,2289,8208,8837,198.7100,-179.9400
1785146058.873468,3086,2298,8152,8865,198.7100,-179.9400
1785146058.898857,3086,2317,8189,8893,197.4400,-179.9400
1785146058.923654,3049,2308,8199,8930,197.4400,-179.9400
1785146058.948740,3152,2345,8199,8874,194.7400,-179.8700
1785146058.975081,3096,2280,8208,8874,194.7400,-179.8700
1785146058.999755,3152,2289,8199,8874,197.4400,-179.8100
1785146059.024477,3152,2270,8199,8846,197.4400,-179.8100
1785146059.051043,3114,2317,8283,8865,200.1500,-179.7500
1785146059.075446,3124,2298,8189,8940,200.1500,-179.7500
1785146059.101542,3124,2317,8180,8874,196.2200,-179.7500
1785146059.127040,3152,2298,8189,8902,196.2200,-179.7500
1785146059.151928,3264,2308,8255,8827,204.2300,-179.7500
1785146059.176507,3096,2270,8189,8846,204.2300,-179.7500
1785146059.202722,3143,2251,8171,8818,201.5300,-179.7500
1785146059.227910,3152,2289,8152,8827,201.5300,-179.7500
1785146059.252896,3199,2298,8199,8893,201.4700,-179.7500
1785146059.278416,3180,2270,8218,8808,201.4700,-179.7500
1785146059.303804,3208,2214,8189,8865,196.2200,-179.8100
1785146059.328709,3161,2251,8255,8884,196.2200,-179.8100
1785146059.354385,3152,2214,8274,8940,204.2300,-179.8700
1785146059.380556,3152,2223,8255,8902,204.2300,-179.8700
1785146059.405113,3199,2261,8227,8884,200.1500,-179.8700
1785146059.429920,3189,2204,8180,8996,200.1500,-179.8700
1785146059.455781,3152,2223,8180,8912,200.1500,-179.8700
1785146059.481042,3236,2261,8208,8921,200.1500,-179.8700
1785146059.505796,3208,2233,8171,8837,194.7400,-179.8700
1785146059.531868,3274,2223,8255,8827,194.7400,-179.8700
1785146059.557020,3199,2251,8152,10375,197.4400,-179.8700
1785146059.582325,3283,2233,8227,8837,197.4400,-179.8700
1785146059.607924,3208,2204,8189,8808,197.4400,-179.9400
1785146059.632621,3264,2167,8161,8771,197.4400,-179.9400
1785146059.659225,3264,2167,8180,8818,194.7400,-179.9400
1785146059.683916,3255,2223,8227,8771,194.7400,-179.9400
1785146059.708456,3255,2186,8227,8808,192.0300,-179.9400
1785146059.733778,3227,2186,8171,8855,192.0300,-179.9400
1785146059.759578,3264,2204,8096,8893,192.0300,-179.9400
1785146059.784777,3274,2233,8114,8893,192.0300,-179.9400
1785146059.810317,3302,2242,8133,8893,197.4400,-179.8700
1785146059.835570,3274,2204,8133,8987,197.4400,-179.8700
1785146059.860667,3274,2223,8142,8827,194.7400,-179.8700
1785146059.885818,3236,2176,8161,8884,194.7400,-179.8700
1785146059.911780,3302,2186,8142,8921,200.1500,-179.8700
1785146059.936637,3302,2204,8142,9925,200.1500,-179.8700
1785146059.961571,3236,2233,8161,8771,202.8500,-179.8700
1785146059.987375,3321,2186,8142,8799,202.8500,-179.8700
1785146060.012637,3321,2270,8189,8771,193.5700,-179.9400
1785146060.037680,3340,2233,8180,8799,193.5700,-179.9400
1785146060.063560,3311,2139,8171,8855,201.4700,-179.9400
1785146060.088617,3293,2167,8152,8827,201.4700,-179.9400
1785146060.113386,3293,2186,8124,8987,196.2200,-180.0000
1785146060.145037,3358,2129,8105,8968,201.4700,-179.9400
1785146060.166086,3311,2129,8161,8996,201.4700,-179.9400
1785146060.191533,3321,2129,8208,9024,201.4700,-179.9400
1785146060.219288,3340,2158,8189,9109,196.2200,-179.8700
1785146060.240856,3377,2186,8133,8959,200.1500,-179.8700
1785146060.266169,3349,2101,8096,9052,200.1500,-179.8700
1785146060.291373,3340,2148,8133,9634,204.2300,-179.9400
1785146060.316396,3311,2139,8152,8902,204.2300,-179.9400
1785146060.342606,3396,2129,8180,8996,197.4400,-180.0000
1785146060.368852,3340,2129,8161,9005,197.4400,-180.0000
1785146060.393572,3349,2158,8161,8968,200.1500,-180.0000
1785146060.417690,3349,2111,8255,9034,200.1500,-180.0000
1785146060.445277,3321,2129,8236,9034,196.2200,179.9400
1785146060.469516,3386,2111,8161,8977,196.2200,179.9400
1785146060.495537,3330,2129,8199,8987,194.7400,179.9400
1785146060.519778,3340,2092,8180,8977,194.7400,179.9400
1785146060.545407,3424,2083,8246,8987,194.7400,-180.0000
1785146060.569476,3368,2083,8152,8977,194.7400,-180.0000
1785146060.595759,3415,2073,8133,8921,204.2300,-180.0000
1785146060.620675,3377,2026,8189,8987,204.2300,-180.0000
1785146060.645762,3424,2073,8152,9005,194.7400,-180.0000
1785146060.671520,3424,2054,8171,8987,194.7400,-180.0000
1785146060.697018,3415,2083,8189,8949,193.5700,179.9400
1785146060.722275,3415,2111,8218,8959,193.5700,179.9400
1785146060.747531,3358,2101,8246,8996,195.9500,-180.0000
1785146060.772358,3405,2036,8199,8949,195.9500,-180.0000
1785146060.797494,3415,2083,8218,8996,189.3300,-179.8700
1785146060.823872,3415,2045,8227,9005,189.3300,-179.8700
1785146060.848409,3396,2092,8133,9099,189.3300,-179.8100
1785146060.873563,3433,2036,8189,9062,189.3300,-179.8100
1785146060.900538,3452,2073,8199,9137,190.9200,-179.8700
1785146060.925463,3443,2036,8152,9071,190.9200,-179.8700
1785146060.949912,3443,2045,8208,9156,195.9500,-179.9400
1785146060.975402,3424,2017,8161,9156,195.9500,-179.9400
1785146061.001085,3461,2036,8208,9109,193.5700,-180.0000
1785146061.025887,3471,1998,8171,9146,193.5700,-180.0000
1785146061.051737,3405,1998,8124,9071,198.7100,179.9400
1785146061.076460,3461,2036,8189,9090,198.7100,179.9400
1785146061.101537,3433,2007,8124,9118,200.1500,-180.0000
1785146061.126988,3471,1989,8171,9137,200.1500,-180.0000
1785146061.155633,3415,2036,8152,9137,196.2200,-179.9400
1785146061.177982,3490,2036,8067,9090,196.2200,-179.9400
1785146061.202465,3490,1998,8114,9127,197.4400,-179.8700
1785146061.228407,3490,2045,8096,9127,197.4400,-179.8700
1785146061.253519,3471,1989,8142,9118,205.5600,-179.8700
1785146061.278746,3461,1998,8133,9090,205.5600,-179.8700
1785146061.304384,3527,1951,8086,9090,200.1500,-179.9400
1785146061.329455,3527,1970,8133,9090,200.1500,-179.9400
1785146061.354372,3499,1961,8114,9071,197.4400,-180.0000
1785146061.380620,3499,2017,8180,9062,197.4400,-180.0000
1785146061.405806,3546,1998,8152,9005,200.1500,-180.0000
1785146061.430524,3546,2007,8114,8987,200.1500,-180.0000
1785146061.456754,3527,2026,8142,8996,194.7400,179.9400
1785146061.481409,3565,1961,8114,8921,194.7400,179.9400
1785146061.506552,3508,1970,8161,8912,189.3300,179.9400
1785146061.532368,3546,1961,8133,8921,189.3300,179.9400
1785146061.557673,3480,1979,8124,8921,189.3300,-179.9400
1785146061.582416,3471,1914,8142,8884,189.3300,-179.9400
1785146061.608616,3508,1961,8161,8837,183.9200,-179.8700
1785146061.633774,3499,1942,8189,8893,183.9200,-179.8700
1785146061.665039,3527,1923,8114,8762,186.6200,-179.9400
1785146061.685117,3527,1961,8171,8846,186.6200,-179.9400
1785146061.709718,3583,1914,8096,8874,181.2100,-179.9400
1785146061.734674,3574,1886,8133,8874,181.2100,-179.9400
1785146061.760364,3574,1942,8142,8818,181.2100,-180.0000
1785146061.785543,3602,2017,8264,8837,181.2100,-180.0000
1785146061.810589,3508,1951,8133,8818,182.1500,179.9400
1785146061.836667,3555,1951,8189,8884,182.1500,179.9400
1785146061.861984,3537,1989,8067,8846,175.8000,179.9400
1785146061.887055,3555,1961,8180,9512,175.8000,179.9400
1785146061.912963,3508,1923,8142,9428,172.3600,-180.0000
1785146061.938353,3546,1923,8124,9399,173.8700,179.9400
1785146061.963205,3574,1932,8086,9324,173.8700,179.9400
1785146061.988393,3565,1914,8142,9146,173.8700,179.9400
1785146062.013885,3565,1951,8133,9146,172.3600,179.9400
1785146062.038522,3583,1961,8171,9109,172.3600,179.9400
1785146062.064759,3565,1979,8208,9043,167.6900,-180.0000
1785146062.089609,3546,1970,8208,9231,167.6900,-180.0000
1785146062.114365,3621,1942,8180,9146,167.6900,-180.0000
1785146062.140530,3658,1961,8142,9371,167.6900,-180.0000
1785146062.165439,3602,1961,8161,9240,167.6900,-180.0000
1785146062.190676,3583,1970,8133,9315,164.9900,179.9400
1785146062.216860,3602,1979,8096,9353,164.9900,179.9400
1785146062.241999,3574,2007,8114,9324,162.2800,-180.0000
1785146062.266397,3612,1961,8152,9334,162.2800,-180.0000
1785146062.294005,3565,1951,8171,9306,165.5900,-179.9400
1785146062.317709,3593,1942,8171,9381,165.5900,-179.9400
1785146062.343535,3612,1904,8077,9381,159.1000,-179.9400
1785146062.368354,3630,1951,8161,9399,159.1000,-179.9400
1785146062.395545,3668,1904,8171,9475,162.2800,-179.9400
1785146062.418716,3630,1923,8171,9371,162.2800,-179.9400
1785146062.446025,3574,1923,8114,9437,162.2800,-180.0000
1785146062.469833,3621,1904,8114,9324,162.2800,-180.0000
1785146062.495151,3658,1839,8133,9231,162.2800,-180.0000
1785146062.519743,3696,1895,8105,9156,162.2800,-180.0000
1785146062.546509,3630,1904,8124,9137,154.1700,-179.9400
1785146062.571234,3677,1886,8105,9090,154.1700,-179.9400
1785146062.595495,3612,1886,8171,9090,154.1700,-179.9400
1785146062.621594,3696,1923,8152,9137,154.1700,-179.9400
1785146062.646816,3649,1895,8171,9015,151.4600,-180.0000
1785146062.672913,3715,1932,8189,9034,151.4600,-180.0000
1785146062.697676,3649,1923,8264,9034,148.7600,179.9400
1785146062.722410,3640,1886,8142,8968,148.7600,179.9400
1785146062.747821,3658,1886,8161,8987,151.4600,179.8700
1785146062.773866,3696,1867,8124,9034,151.4600,179.8700
1785146062.798342,3668,1895,8133,8987,146.0500,179.8700
1785146062.823702,3658,1923,8189,9005,146.0500,179.8700
1785146062.849630,3687,1886,8114,8996,143.3500,179.8100
1785146062.874912,3715,1886,8096,9081,143.3500,179.8100
1785146062.901300,3677,1829,8096,8977,140.6400,179.8100
1785146062.925731,3696,1904,8086,9081,140.6400,179.8100
1785146062.950555,3734,1904,8067,9034,140.6400,179.8100
1785146062.975682,3724,1886,8011,9062,140.6400,179.8100
1785146063.002285,3771,1867,8142,9034,135.2300,179.8100
1785146063.026628,3705,1810,8171,9156,135.2300,179.8100
1785146063.051546,3696,1820,8152,9156,137.9400,179.8100
1785146063.077545,3677,1923,8171,10572,137.9400,179.8100
1785146063.103114,3687,1829,8105,9081,135.2300,179.8700
1785146063.128329,3696,1857,8114,9146,135.2300,179.8700
1785146063.154412,3734,1820,8124,9118,135.2300,179.8700
1785146063.178715,3771,1820,8077,9165,135.2300,179.8700
1785146063.203467,3715,1792,8199,9165,132.5300,-180.0000
1785146063.230815,3762,1792,8114,9127,132.5300,-180.0000
1785146063.254749,3771,1782,8077,9278,135.2300,-180.0000
1785146063.279739,3771,1820,8077,9287,135.2300,-180.0000
1785146063.306674,3696,1754,8058,9202,129.8300,-180.0000
1785146063.331564,3734,1782,8096,9156,129.8300,-180.0000
1785146063.355717,3752,1773,8039,9221,129.8300,-179.9400
1785146063.381700,3771,1745,8011,9212,129.8300,-179.9400
1785146063.406451,3734,1829,8086,9202,124.4200,-180.0000
1785146063.431612,3724,1801,8133,9202,124.4200,-180.0000
1785146063.457914,3715,1810,8124,9278,127.1200,-180.0000
1785146063.482687,3780,1848,8199,9240,127.1200,-180.0000
1785146063.507650,3734,1773,8152,9165,124.4200,-180.0000
1785146063.533900,3743,1801,8161,9212,124.4200,-180.0000
1785146063.558658,3762,1829,8152,9212,127.1200,179.9400
1785146063.583627,3724,1782,8189,9221,127.1200,179.9400
1785146063.609537,3734,1773,8208,9221,121.7100,179.8700
1785146063.634441,3734,1754,8199,9221,121.7100,179.8700
1785146063.661259,3743,1810,8077,9221,124.4200,179.8100
1785146063.686268,3771,1764,8067,9221,124.4200,179.8100
1785146063.710489,3715,1745,8067,9202,119.0100,179.8100
1785146063.735445,3734,1820,8058,9202,119.0100,179.8100
1785146063.760714,3790,1726,8096,9118,119.0100,179.8100
1785146063.786946,3799,1876,8077,9202,119.0100,179.8100
1785146063.812212,3790,1792,8133,9221,119.0100,179.8700
1785146063.836864,3780,1810,8011,9146,119.0100,179.8700
1785146063.863010,3799,1810,8133,9146,113.6000,179.8700
1785146063.889392,3799,1876,8049,9165,119.0100,179.8700
1785146063.913422,3780,1792,8105,9165,119.0100,179.8700
1785146063.938595,3762,1810,8142,9174,119.0100,179.8700
1785146063.964069,3771,1792,8133,9174,113.6000,179.8700
1785146063.989133,3809,1745,8180,9165,113.6000,179.8700
1785146064.015239,3809,1754,8114,9174,116.3000,179.8700
1785146064.040791,3780,1735,8189,9127,116.3000,179.9400
1785146064.065029,3818,1773,8124,9127,116.3000,179.9400
1785146064.090606,3837,1848,8161,9118,116.3000,179.9400
1785146064.115717,3818,1876,8124,9174,113.6000,179.9400
1785146064.141397,3771,1735,8096,9109,110.8900,-180.0000
1785146064.167011,3865,1810,8096,10581,110.8900,-180.0000
1785146064.191736,3865,1745,8152,10544,113.6000,-180.0000
1785146064.217201,3837,1895,8152,9174,113.6000,-180.0000
1785146064.245616,3780,1857,8077,9174,113.6000,179.9400
1785146064.267858,3902,1820,8077,9165,113.6000,179.9400
1785146064.293508,3799,1735,8021,9212,108.1900,179.9400
1785146064.318526,3771,1810,8021,9062,108.1900,179.9400
1785146064.345584,3846,1801,8067,9174,110.8900,179.8700
1785146064.368927,3790,1857,8096,9212,110.8900,179.8700
1785146064.396399,3837,1745,8096,9146,113.6000,179.8700
1785146064.419903,3884,1745,8105,9202,113.6000,179.8700
1785146064.444899,3827,1773,8171,9202,113.6000,179.8700
1785146064.471148,3846,1717,8171,9202,113.6000,179.8700
1785146064.496548,3827,1848,8171,9859,113.6000,179.8700
1785146064.521558,3809,1792,8218,9202,113.6000,179.8700
1785146064.547104,3884,1745,8124,10703,113.6000,179.8700
1785146064.571677,3874,1707,8152,9165,113.6000,179.8700
1785146064.597638,3865,1717,8114,10572,113.6000,179.8700
1785146064.622747,3855,1792,8114,9287,113.6000,179.8700
1785146064.647685,3855,1745,8124,9212,113.6000,179.8700
1785146064.673019,3884,1810,8096,9249,113.6000,179.8700
1785146064.698955,3837,1754,8058,10628,113.6000,179.8700
1785146064.724584,3846,1735,8114,9202,113.6000,179.8700
1785146064.749357,3865,1792,8096,9296,113.6000,179.8700
1785146064.774631,3827,1745,8133,9249,14.4600,179.6900
1785146064.799714,3855,1754,8086,9278,14.4600,179.6900
1785146064.825218,3790,1745,8086,9268,8.1100,177.9400
1785146064.850722,3902,1745,8096,9184,8.1100,177.9400
1785146064.875842,3865,1810,8152,9184,2.7000,174.7500
1785146064.900612,3865,1754,8021,9212,2.7000,174.7500
1785146064.926805,3893,1839,8114,9259,8.1100,170.6900
1785146064.953546,3818,1782,8067,9231,8.1100,170.6900
1785146064.976886,3855,1764,8077,9559,5.4100,165.9400
1785146065.002788,3799,1810,8030,9446,5.4100,165.9400
1785146065.028090,3762,1801,7992,9231,13.5200,160.8700
1785146065.053640,3734,1839,8321,9081,13.5200,160.8700
1785146065.077929,3780,1801,8302,9174,10.8200,155.7500
1785146065.103677,3734,1914,8715,9090,10.8200,155.7500
1785146065.128608,3687,1829,8274,9212,2.7000,150.8700
1785146065.153615,3705,1829,8302,9109,2.7000,150.8700
1785146065.180231,3677,1801,8396,9184,-2.7000,146.3700
1785146065.204531,3640,1876,8002,9212,-2.7000,146.3700
1785146065.231178,3705,1810,8021,9343,-5.4100,142.0600
1785146065.257127,3640,1829,7983,9324,-5.4100,142.0600
1785146065.283437,3687,1886,7983,9306,0.0000,138.1900
1785146065.307124,3649,1923,7992,9306,0.0000,138.1900
1785146065.332829,3621,1895,7974,9278,0.0000,134.5000
1785146065.357871,3668,1904,7955,9278,0.0000,134.5000
1785146065.383468,3658,1876,7974,9296,-2.7000,131.0000
1785146065.409165,3696,1895,7964,9334,-2.7000,131.0000
1785146065.433848,3612,1904,7889,9343,2.7000,127.6200
1785146065.459625,3649,1895,8002,9371,2.7000,127.6200
1785146065.485693,3649,1923,7917,9306,-2.7000,124.4400
1785146065.512107,3630,1914,7880,9306,-2.7000,124.4400
1785146065.534335,3668,2026,7927,9306,0.0000,121.1900
1785146065.559678,3612,1970,7861,9306,0.0000,121.1900
1785146065.584627,3658,1989,7852,9306,0.0000,118.1200
1785146065.609519,3668,1951,7824,9306,0.0000,118.1200
1785146065.635752,3649,1932,7889,9465,2.7000,115.1200
1785146065.660455,3630,1951,7870,9465,2.7000,115.1200
1785146065.685548,3668,1942,8218,10009,-2.7000,112.2500
1785146065.711463,3696,1998,8246,9475,-2.7000,112.2500
1785146065.736813,3649,1923,7833,9428,0.0000,109.4400
1785146065.762222,3668,1923,8283,9456,0.0000,109.4400
1785146065.787454,3668,1970,7795,9446,2.7000,106.8100
1785146065.812485,3705,2007,7795,9512,2.7000,106.8100
1785146065.837517,3677,2064,7814,9559,0.0000,104.4400
1785146065.864026,3612,1998,8255,9493,2.7000,102.2500
1785146065.888924,3658,1923,8255,9615,2.7000,102.2500
1785146065.914484,3621,1979,7852,9559,2.7000,102.2500
1785146065.939423,3658,2064,7852,9596,0.0000,100.1200
1785146065.964678,3621,2017,8227,9596,2.7000,98.1900
1785146065.989921,3621,1970,8274,10234,2.7000,98.1900
1785146066.015744,3621,2111,8218,10234,0.0000,96.3700
1785146066.040598,3649,1979,8227,10206,0.0000,96.3700
1785146066.068233,3583,2007,7833,10281,2.7000,94.6200
1785146066.091861,3546,1998,7814,10281,2.7000,94.6200
1785146066.117917,3687,2054,7899,10281,-2.7000,92.8700
1785146066.142188,3640,2054,7833,10197,-2.7000,92.8700
1785146066.172248,3658,2064,7842,9690,-2.7000,92.8700
1785146066.193746,3649,1989,7880,10225,-2.7000,92.8700
1785146066.218168,3630,2129,7889,10882,-2.7000,92.8700
1785146066.243860,3705,1979,7908,10835,-2.7000,92.8700
1785146066.268584,3602,1979,7908,10835,-2.7000,92.8700
1785146066.293518,3612,2036,7861,9672,-2.7000,92.8700
1785146066.319733,3640,2036,7908,10919,-2.7000,92.8700
1785146066.344831,3546,2092,7870,10919,-2.7000,92.8700
1785146066.369627,3621,1979,7880,12111,-2.7000,92.8700
1785146066.395619,3574,1970,7861,10938,-2.7000,92.8700
1785146066.420838,3640,1979,7842,10929,-2.7000,92.8700
1785146066.446224,3518,1998,7833,9840,-2.7000,92.8700
1785146066.471529,3583,2007,7805,9765,-2.7000,92.8700
1785146066.496819,3630,2026,7842,9831,-2.7000,92.8700
1785146066.521608,3602,2111,7861,9850,4.7300,90.3700
1785146066.547900,3640,1942,7861,9878,4.7300,90.3700
1785146066.572376,3621,2111,7833,9784,71.5900,89.8100
1785146066.597456,3593,1932,7814,9747,71.5900,89.8100
1785146066.623445,3630,2017,7786,9765,80.0400,89.9400
1785146066.648783,3612,2045,7795,9822,80.0400,89.9400
1785146066.673838,3602,2045,7842,9765,108.1900,89.9400
1785146066.698593,3602,2111,7824,11004,108.1900,89.9400
1785146066.724502,3565,2045,7842,9822,100.7600,89.9400
1785146066.749670,3593,2045,7805,9793,100.7600,89.9400
1785146066.774598,3593,2017,7833,9756,110.4000,90.0000
1785146066.800405,3612,2007,7870,9756,110.4000,90.0000
1785146066.825487,3630,2026,7833,9840,110.8900,89.9400
1785146066.850417,3583,2092,9315,9765,110.8900,89.9400
1785146066.876704,3640,2017,7880,9793,110.8900,90.0000
1785146066.901752,3593,2064,7842,9737,110.8900,90.0000
1785146066.926551,3630,2026,7805,9775,113.6000,90.0000
1785146066.952798,3630,2045,7842,10929,113.6000,90.0000
1785146066.977826,3593,2111,7861,9840,116.6700,90.0000
1785146067.002756,3649,2101,7767,9728,116.6700,90.0000
1785146067.028884,3658,2064,7814,9812,115.9200,90.0600
1785146067.053615,3640,2036,7833,9793,115.9200,90.0600
1785146067.078414,3630,1989,7833,9681,124.4200,90.0600
1785146067.104870,3649,2017,7842,10825,124.4200,90.0600
1785146067.129901,3649,2054,7833,9709,119.0100,90.0600
1785146067.155177,3612,2111,7842,10835,119.0100,90.0600
1785146067.181385,3677,2073,7833,9718,116.3000,90.0600
1785146067.205655,3612,2129,7786,9803,116.3000,90.0600
1785146067.230669,3583,2083,7814,9728,116.3000,90.0600
1785146067.256516,3677,2064,7758,9944,116.3000,90.0600
1785146067.281613,3658,2054,7814,9803,119.0100,90.1200
1785146067.306392,3687,2092,7767,9803,119.0100,90.1200
1785146067.332948,3677,2111,7758,9953,119.0100,90.0600
1785146067.357735,3612,2054,7814,9747,119.0100,90.0600
1785146067.382356,3649,2186,7805,9784,119.3200,90.0600
1785146067.408414,3668,2129,7748,9784,119.3200,90.0600
1785146067.433513,3687,2083,7748,10047,121.4400,90.0000
1785146067.458414,3658,2045,7730,9775,121.4400,90.0000
1785146067.485025,3593,2073,7730,9775,121.7100,89.8700
1785146067.510288,3687,2120,7777,9728,121.7100,89.8700
1785146067.535683,3640,2129,7711,9718,119.3200,89.7500
1785146067.562013,3640,2073,7711,10075,119.3200,89.7500
1785146067.586137,3630,2073,7748,10056,121.4400,89.6200
1785146067.610658,3640,2054,7730,9793,121.4400,89.6200
1785146067.636488,3621,2129,7748,9831,116.3000,89.3700
1785146067.661456,3621,2120,7758,10056,116.3000,89.3700
1785146067.686662,3658,2092,7786,10778,119.3200,89.3100
1785146067.712540,3630,2092,7739,10281,119.3200,89.3100
1785146067.737644,3640,2176,7795,10075,126.9500,89.3700
1785146067.763424,3621,2158,7767,10075,126.9500,89.3700
1785146067.789214,3630,2214,7777,9634,121.7100,89.4400
1785146067.814334,3715,2148,7814,9634,124.6300,89.5600
1785146067.838829,3668,2129,7786,9634,124.6300,89.5600
1785146067.865063,3640,2120,7814,9634,124.6300,89.5600
1785146067.889573,3649,2186,7758,9531,126.9500,89.5600
1785146067.915146,3640,2148,7730,9962,124.4200,89.6200
1785146067.940789,3687,2129,7739,9915,124.4200,89.6200
1785146067.965523,3602,2158,7730,9484,124.6300,89.6900
1785146067.990874,3687,2233,7702,9972,124.6300,89.6900
1785146068.018565,3640,2270,7702,10703,126.9500,89.6900
1785146068.041800,3649,2317,7786,10703,126.9500,89.6900
1785146068.068278,3630,2308,7777,10685,127.1200,89.6900
1785146068.091831,3715,2270,7702,10685,127.1200,89.6900
1785146068.118922,3696,2458,7767,9493,135.2300,89.6200
1785146068.142964,3677,2345,7730,10656,135.2300,89.6200
1785146068.169584,3658,2148,7692,9784,132.5300,89.6200
1785146068.193668,3715,2129,7720,9456,132.5300,89.6200
1785146068.218651,3668,2167,7739,9456,137.9400,89.6200
1785146068.244750,3668,2167,7702,9390,137.9400,89.6200
1785146068.270269,3668,2298,7739,9437,132.5800,89.6900
1785146068.295230,3668,2167,7702,9437,132.5800,89.6900
1785146068.319557,3677,2167,7683,9399,137.9900,89.6200
1785146068.345746,3687,2298,7739,9409,137.9900,89.6200
1785146068.370926,3640,2167,7730,9409,137.8900,89.5600
1785146068.396544,3715,2186,7730,10619,137.8900,89.5600
1785146068.421437,3687,2204,7711,9315,143.5100,89.5600
1785146068.446443,3677,2176,7730,10581,143.5100,89.5600
1785146068.471749,3677,2233,7730,9315,137.8900,89.6200
1785146068.498951,3715,2204,7730,9315,137.8900,89.6200
1785146068.522537,3696,2186,7720,9287,143.5100,89.6200
1785146068.548489,3715,2289,7720,10563,143.5100,89.6200
1785146068.573407,3640,2176,7720,9315,140.5400,89.6900
1785146068.598641,3640,2204,7702,9315,140.5400,89.6900
1785146068.624986,3649,2204,7702,9324,146.2700,89.7500
1785146068.649628,3658,2186,7655,9259,146.2700,89.7500
1785146068.674432,3640,2195,7655,9278,143.1900,89.8100
1785146068.699546,3677,2167,7645,9240,143.1900,89.8100
1785146068.725717,3658,2176,7702,9915,149.0300,89.8100
1785146068.750628,3715,2148,7645,9878,149.0300,89.8100
1785146068.775571,3668,2186,7655,9296,145.8400,89.8100
1785146068.801395,3687,2204,7673,9324,145.8400,89.8100
1785146068.826651,3677,2195,7636,9278,151.7900,89.8100
1785146068.851667,3677,2214,7673,9278,151.7900,89.8100
1785146068.877944,3630,2148,7683,9268,148.7600,89.7500
1785146068.902564,3658,2204,7608,9334,148.7600,89.7500
1785146068.927378,3668,2158,7645,9249,148.4900,89.7500
1785146068.953589,3668,2204,7702,9306,148.4900,89.7500
1785146068.978395,3743,2195,7589,9287,151.4600,89.6900
1785146069.004122,3658,2139,7627,9231,151.4600,89.6900
1785146069.029826,3696,2186,7673,9231,160.0700,89.6900
1785146069.055482,3640,2176,7608,9306,160.0700,89.6900
1785146069.079620,3649,2139,7636,9869,148.4900,89.6200
1785146069.105418,3696,2148,7636,9840,148.4900,89.6200
1785146069.130306,3696,2176,7589,9840,160.0700,89.6200
1785146069.155428,3677,2120,7683,10469,160.0700,89.6200
1785146069.181720,3705,2186,7664,10525,151.1400,89.6200
1785146069.206343,3658,2158,7608,9296,151.1400,89.6200
1785146069.231450,3715,2186,7617,9831,154.1700,89.6900
1785146069.257439,3790,2101,7580,10366,154.1700,89.6900
1785146069.283741,3762,2158,7655,9803,156.8700,89.6900
1785146069.307868,3696,2195,7561,9878,156.8700,89.6900
1785146069.333379,3696,2195,7580,9221,157.3100,89.6900
1785146069.358404,3724,2158,7683,10450,157.3100,89.6900
1785146069.383315,3752,2167,7570,9869,164.9900,89.6900
1785146069.411651,3752,2195,7589,9822,164.9900,89.6900
1785146069.434489,3790,2129,7561,10506,151.1400,89.6900
1785146069.459412,3743,2186,7580,10441,151.1400,89.6900
1785146069.485591,3771,2223,7589,11050,162.2800,89.6900
1785146069.510896,3724,2186,7608,10441,162.2800,89.6900
1785146069.536083,3724,2214,7533,10384,157.3100,89.6900
1785146069.561420,3780,2280,7627,9887,157.3100,89.6900
1785146069.587272,3687,2270,7617,10506,162.2800,89.5600
1785146069.611316,3696,2355,7627,10450,162.2800,89.5600
1785146069.637538,3780,2308,7523,11088,162.2800,89.6200
1785146069.662395,3743,2270,7505,10459,162.2800,89.6200
1785146069.688188,3734,2439,7533,9390,164.9900,89.6200
1785146069.713401,3696,2702,7514,9231,164.9900,89.6200
1785146069.740989,3780,2430,7542,11069,159.5800,89.6900
1785146069.763791,3734,2570,7505,10413,164.9900,89.7500
1785146069.789648,3790,2439,7505,10338,164.9900,89.7500
1785146069.814379,3696,2439,7561,11529,164.9900,89.7500
1785146069.839589,3705,2467,7514,10441,164.4000,89.8700
1785146069.867054,3762,2486,7523,10422,170.4000,89.9400
1785146069.890325,3790,2486,7514,10422,170.4000,89.9400
1785146069.916931,3743,2617,7533,10478,182.1500,90.0000
1785146069.941284,3790,2655,7505,11501,182.1500,90.0000
1785146069.968040,3677,2711,7514,10459,167.6900,90.0000
1785146069.991741,3790,2495,7486,11473,167.6900,90.0000
1785146070.018599,3762,2523,7514,11473,178.5100,90.1200
1785146070.042449,3752,2523,7514,11520,178.5100,90.1200
1785146070.069952,3790,2552,7505,11501,177.6600,90.1200
1785146070.093552,3780,2514,7495,10413,177.6600,90.1200
1785146070.119085,3743,2486,7458,9221,179.3900,90.1900
1785146070.143534,3752,2505,7495,9249,179.3900,90.1900
1785146070.169163,3715,2542,7476,9268,183.9200,90.1200
1785146070.194857,3705,2523,7411,10272,183.9200,90.1200
1785146070.219384,3762,2477,7486,9240,181.2100,90.0600
1785146070.245309,3771,2514,7458,10366,181.2100,90.0600
1785146070.270254,3780,2505,7420,10328,183.9200,90.0000
1785146070.295311,3705,2570,7430,10366,183.9200,90.0000
1785146070.321487,3762,2523,7439,10291,183.9200,90.0000
1785146070.346301,3724,2505,7467,9156,183.9200,90.0000
1785146070.371374,3799,2561,7420,9184,186.6200,89.8700
1785146070.397367,3762,2561,7476,10197,186.6200,89.8700
1785146070.422937,3790,2570,7476,9653,183.9200,89.8100
1785146070.448223,3752,2570,7420,9672,183.9200,89.8100
1785146070.472474,3724,2542,7401,9643,186.6200,89.6900
1785146070.498531,3696,2505,7439,10216,186.6200,89.6900
1785146070.523375,3677,2580,7401,9681,186.6200,89.6200
1785146070.550395,3762,2505,7458,9681,186.6200,89.6200
1785146070.576295,3705,2523,7420,9681,186.6200,89.6200
1785146070.601045,3771,2561,7439,9409,186.6200,89.6200
1785146070.628032,3762,2542,7439,8424,186.6200,89.6200
1785146070.651356,3809,2561,7401,8405,186.6200,89.6200
1785146070.678118,3743,2533,7401,8452,189.3300,89.6900
1785146070.702193,3780,2552,7392,8499,189.3300,89.6900
1785146070.727689,3818,2505,7383,8490,194.7400,89.6900
1785146070.753604,3724,2523,7439,8471,194.7400,89.6900
1785146070.780037,3780,2514,7401,8461,194.7400,89.7500
1785146070.804987,3818,2580,7364,8536,194.7400,89.7500
1785146070.828674,3762,2636,7383,8461,197.4400,89.7500
1785146070.856393,3780,2645,7373,8461,197.4400,89.7500
1785146070.880666,3790,2561,7345,8452,185.6200,89.8100
1785146070.905017,3762,2570,7354,8433,185.6200,89.8100
1785146070.930003,3771,2608,7373,8480,202.8500,89.8700
1785146070.955602,3790,2627,7364,8499,202.8500,89.8700
1785146070.980942,3780,2552,7364,8433,201.4700,89.8100
1785146071.005952,3790,2561,7298,8471,201.4700,89.8100
1785146071.032254,3809,2580,7317,8433,202.8500,89.7500
1785146071.057078,3799,2692,7317,8433,202.8500,89.7500
1785146071.082627,3809,2655,7289,8480,205.5600,89.7500
1785146071.108137,3827,2608,7279,8424,205.5600,89.7500
1785146071.133551,3827,2645,7242,8443,194.7400,89.7500
1785146071.158304,3846,2674,7308,8443,194.7400,89.7500
1785146071.184005,3855,2674,7261,8443,198.8700,89.7500
1785146071.208321,3846,2655,7251,8424,198.8700,89.7500
1785146071.233716,3827,2655,7289,8443,201.4700,89.8700
1785146071.259929,3846,2664,7317,8339,201.4700,89.8700
1785146071.284935,3809,2636,7270,8452,201.5300,89.9400
1785146071.309618,3809,2702,7298,8433,201.5300,89.9400
1785146071.336129,3846,2627,7298,8433,198.7100,89.8700
1785146071.362399,3893,2711,7223,8424,198.7100,89.8700
1785146071.387259,3855,2580,7242,8461,193.5700,89.7500
1785146071.411899,3846,2608,7270,8377,193.5700,89.7500
1785146071.436472,3893,2580,7251,8433,201.4700,89.6200
1785146071.462479,3865,2561,7251,8349,201.4700,89.6200
1785146071.488600,3865,2589,7195,8386,188.2700,89.5600
1785146071.512318,3865,2570,7233,8424,188.2700,89.5600
1785146071.537531,3846,2542,7233,8490,197.4400,89.6200
1785146071.563669,3884,2561,7186,8396,194.7400,89.5600
1785146071.588720,3874,2533,7204,8396,194.7400,89.5600
1785146071.613711,3827,2552,7186,8386,201.4700,89.6200
1785146071.639557,3902,2533,7129,8349,201.4700,89.6200
1785146071.664581,3874,2542,7186,8349,201.4700,89.6200
1785146071.690709,3837,2570,7204,8415,194.7400,89.6900
1785146071.716902,3827,2561,7233,8415,194.7400,89.7500
1785146071.742017,3827,2523,7251,8415,194.7400,89.7500
1785146071.768469,3837,2598,7242,8349,186.6200,89.6900
1785146071.796455,3855,2561,7242,8415,186.6200,89.6900
1785146071.819573,3865,2589,7186,8386,192.0300,89.6200
1785146071.841058,3893,2636,7176,8339,192.0300,89.6200
1785146071.868099,3846,2552,7176,8349,194.7400,89.5600
1785146071.892361,3893,2598,7176,8377,194.7400,89.5600
1785146071.918139,3884,2627,7157,8424,194.7400,89.5600
1785146071.941950,3902,2645,7186,8293,194.7400,89.5600
1785146071.968790,3855,2767,7139,8246,194.7400,89.6200
1785146071.992846,3968,2720,7176,8339,194.7400,89.6200
1785146072.018507,3902,2749,7148,8368,205.5600,89.6900
1785146072.043469,3874,2777,7120,9343,205.5600,89.6900
1785146072.068542,3846,2636,7120,8255,192.0300,89.7500
1785146072.093417,3912,2720,7139,8311,192.0300,89.7500
1785146072.119755,3855,2767,7157,8321,200.1500,89.9400
1785146072.144189,3865,2758,7120,8321,200.1500,89.9400
1785146072.169749,3874,2730,7148,8227,196.2200,90.0000
1785146072.195218,3874,2749,7214,8339,196.2200,90.0000
1785146072.220209,3884,2683,7111,8246,201.4700,90.0000
1785146072.245340,3893,2777,7157,8246,201.4700,90.0000
1785146072.271944,3959,2702,7101,8246,198.8700,90.0000
1785146072.296640,3893,2711,7101,8264,198.8700,90.0000
1785146072.322205,3968,2702,7214,8302,201.4700,89.9400
1785146072.347385,3893,2767,7054,8330,201.4700,89.9400
1785146072.372329,3912,2739,7157,8330,200.1500,89.8700
1785146072.397728,3921,2692,7045,8311,200.1500,89.8700
1785146072.423332,3874,2702,7120,8255,197.4400,89.8100
1785146072.448149,3940,2692,7036,8255,197.4400,89.8100
1785146072.473210,3931,2767,7101,8339,197.4400,89.6900
1785146072.499410,3912,2758,7026,8283,197.4400,89.6900
1785146072.524546,3893,2674,7045,8302,193.5700,89.5600
1785146072.549335,3940,2692,7026,8246,193.5700,89.5600
1785146072.575507,3940,2739,7064,8246,193.1900,89.5000
1785146072.600939,3977,2805,7026,8255,193.1900,89.5000
1785146072.625480,3968,2786,7007,8368,189.3300,89.5600
1785146072.651279,3987,2730,7054,8274,189.3300,89.5600
1785146072.676265,3949,2777,7073,8339,188.2700,89.5600
1785146072.701138,4006,2805,7073,8302,188.2700,89.5600
1785146072.727359,3996,2814,7007,8339,193.1900,89.6200
1785146072.752367,3996,2786,7073,8433,193.1900,89.6200
1785146072.777781,3987,2833,7026,8349,194.7400,89.6900
1785146072.804727,3940,2777,7007,8368,194.7400,89.6900
1785146072.828380,3959,2824,7064,8368,189.3300,89.6900
1785146072.853892,3959,2974,6979,8189,189.3300,89.6900
1785146072.879233,3931,2786,6979,8339,192.0300,89.6900
1785146072.904166,4034,2842,6932,8339,192.0300,89.6900
1785146072.929212,3977,2777,6932,8293,194.7400,89.5600
1785146072.955379,3959,2795,6989,8293,194.7400,89.5600
1785146072.980333,3968,2946,6951,8368,194.7400,89.5600
1785146073.005198,3949,2786,6885,8358,194.7400,89.5600
1785146073.031119,3968,2833,6895,8368,194.7400,89.6200
1785146073.056273,3996,2824,6951,8339,194.7400,89.6200
1785146073.081337,3977,2824,6989,8246,192.0300,89.6200
1785146073.107233,3996,2833,7007,8368,192.0300,89.6200
1785146073.132303,4015,2786,6932,8246,194.7400,89.6900
1785146073.157301,3996,2814,6989,8358,194.7400,89.6900
1785146073.183403,3996,2814,7054,8293,192.0300,89.6200
1785146073.209525,3968,2852,7007,8114,192.0300,89.6200
1785146073.233381,3959,2786,6942,8264,193.5700,89.6200
1785146073.259112,4006,2824,7017,8321,193.5700,89.6200
1785146073.284155,3959,2861,6989,8161,195.9500,89.6200
1785146073.309400,3977,2786,6904,8142,195.9500,89.6200
1785146073.336281,3968,2795,6942,8180,189.3300,89.6200
1785146073.360792,4015,2777,6885,8171,189.3300,89.6200
1785146073.385201,4006,2927,6904,8246,194.7400,89.6200
1785146073.411331,3996,2833,6820,8039,194.7400,89.6200
1785146073.436915,4015,2833,6867,8189,194.7400,89.6200
1785146073.461545,4034,2842,6942,8124,194.7400,89.6200
1785146073.487124,3996,2842,6857,8171,197.4400,89.5600
1785146073.512773,4024,2814,6951,8086,197.4400,89.5600
1785146073.537735,3987,2852,6970,8086,197.4400,89.5600
1785146073.563240,3968,2852,6942,8189,190.9200,89.5600
1785146073.589002,3968,2880,6970,8171,190.9200,89.5600
1785146073.613137,3977,2842,6876,7955,190.9200,89.5600
1785146073.639369,3996,2880,6998,8011,197.4400,89.6200
1785146073.664285,3987,2852,6867,8086,198.7100,89.6200
1785146073.689434,4006,2927,6904,8114,198.7100,89.6200
1785146073.715581,4034,2917,6970,8161,194.7400,89.5600
1785146073.741746,3987,2833,6904,8124,194.7400,89.5600
1785146073.767222,4024,2908,6904,8142,192.0300,89.5600
1785146073.791844,4006,2852,6801,8077,192.0300,89.5600
1785146073.818295,4015,2861,6857,8086,188.2700,89.6200
1785146073.842005,4015,2870,6829,8114,188.2700,89.6200
1785146073.868523,4052,2870,6932,8133,195.9500,89.7500
1785146073.892343,4052,2870,6914,8133,195.9500,89.7500
1785146073.918250,3996,2955,6848,8114,189.3300,89.8100
1785146073.943528,4109,2861,6914,8180,189.3300,89.8100
1785146073.967961,4090,2917,6914,8133,193.5700,89.8100
1785146073.993309,3987,2927,6895,8077,193.5700,89.8100
1785146074.019665,4081,2917,6914,8077,198.7100,89.8100
1785146074.044381,4034,2899,6820,8077,198.7100,89.8100
1785146074.069484,4034,2927,6876,8030,197.4400,89.7500
1785146074.095561,4034,2889,6867,8011,197.4400,89.7500
1785146074.121055,4109,2870,6839,8030,200.1500,89.7500
1785146074.145738,4071,2936,6951,8011,200.1500,89.7500
1785146074.171115,4062,2955,6810,7992,198.8700,89.6900
1785146074.196234,4071,2936,6914,7992,198.8700,89.6900
1785146074.221651,4081,2917,6839,7992,204.2300,89.7500
1785146074.247034,4090,2964,6914,7833,204.2300,89.7500
1785146074.272413,4090,2946,6810,7974,202.8500,89.6900
1785146074.297186,4081,2889,6829,7852,202.8500,89.6900
1785146074.322206,4118,2861,6810,9990,197.4400,89.7500
1785146074.349621,4128,2899,6773,9934,197.4400,89.7500
1785146074.373228,4071,2870,6782,9925,200.1500,89.8100
1785146074.398254,4071,2908,6782,9202,200.1500,89.8100
1785146074.423996,4118,2908,6763,8199,200.1500,89.8700
1785146074.449457,4118,2852,6810,7889,200.1500,89.8700
1785146074.474402,4118,2889,6829,7842,198.8700,89.8700
1785146074.500065,4109,2899,6829,7870,198.8700,89.8700
1785146074.525275,4137,2889,6810,8199,204.2300,89.8100
1785146074.550379,4156,2899,6763,7852,204.2300,89.8100
1785146074.576994,4156,2870,6820,7852,200.1500,89.8100
1785146074.601666,4137,2927,6810,8086,200.1500,89.8100
1785146074.626215,4156,2936,6782,8339,194.7400,89.6900
1785146074.652340,4118,2908,6857,8339,194.7400,89.6900
1785146074.677431,4174,2908,6792,8161,194.7400,89.6900
1785146074.702284,4146,2955,6801,8011,194.7400,89.6900
1785146074.727980,4109,2889,6754,8255,197.4400,89.6200
1785146074.753027,4184,2927,6735,7739,197.4400,89.6200
1785146074.777990,4090,2917,6810,8011,190.9200,89.6200
1785146074.804673,4137,2899,6792,7702,190.9200,89.6200
1785146074.829156,4137,2946,6763,7664,192.0300,89.6900
1785146074.854175,4128,2908,6745,8565,192.0300,89.6900
1785146074.880102,4156,2955,6792,7589,198.7100,89.8100
1785146074.905522,4118,2974,6735,7636,198.7100,89.8100
1785146074.930226,4193,2983,6792,7645,197.4400,89.8100
1785146074.955951,4109,3002,6707,7730,197.4400,89.8100
1785146074.981044,4156,2983,6763,7805,194.7400,89.8100
1785146075.006036,4174,3030,6801,7777,194.7400,89.8100
1785146075.032227,4118,3030,6717,7767,200.1500,89.8100
1785146075.057076,4109,2992,6717,8039,200.1500,89.8100
1785146075.082235,4174,3030,6745,7786,198.8700,89.7500
1785146075.108078,4165,2992,6651,7899,198.8700,89.7500
1785146075.134132,4203,3021,6670,7720,198.7100,89.7500
1785146075.158793,4137,3067,6698,7824,198.7100,89.7500
1785146075.183927,4165,3021,6688,7805,196.2200,89.7500
1785146075.209581,4184,3030,6613,7748,196.2200,89.7500
1785146075.233995,4184,3067,6642,7852,204.2300,89.8100
1785146075.260206,4193,3077,6670,7777,204.2300,89.8100
1785146075.285134,4221,3077,6763,7805,197.4400,89.8100
1785146075.310444,4184,3067,6660,7758,197.4400,89.8100
1785146075.336125,4221,3180,6623,7711,197.4400,89.8100
1785146075.361542,4212,3133,6585,7767,197.4400,89.7500
1785146075.386208,4203,3114,6632,7861,197.4400,89.7500
1785146075.413207,4231,3077,6717,7870,197.4400,89.7500
1785146075.437083,4203,3124,6670,7748,200.1500,89.7500
1785146075.462002,4128,3096,6698,7748,200.1500,89.7500
1785146075.488527,4231,3133,6566,7617,201.5300,89.8100
1785146075.513344,4259,3114,6613,7617,204.2300,89.8100
1785146075.538088,4231,3143,6613,7645,204.2300,89.8100
1785146075.563985,4240,3096,6660,7589,204.2300,89.8100
1785146075.589286,4221,3086,6651,7899,205.5600,89.8100
1785146075.614287,4212,3114,6679,7983,202.8500,89.7500
1785146075.640759,4249,3096,6548,7880,202.8500,89.7500
1785146075.666596,4278,3086,6548,8480,200.1500,89.6200
1785146075.690238,4315,3180,6576,8555,200.1500,89.6200
1785146075.716473,4221,3161,6557,8452,197.4400,89.6200
1785146075.742153,4259,3077,6520,7561,197.4400,89.6200
1785146075.768042,4259,3152,6576,8499,194.7400,89.6200
1785146075.791078,4259,3133,6566,8527,194.7400,89.6200
1785146075.817846,4278,3180,6604,7627,197.4400,89.6200
1785146075.842433,4268,3143,6585,7589,197.4400,89.6200
1785146075.868366,4278,3218,6491,7533,194.7400,89.6200
1785146075.893386,4278,3189,6566,7533,194.7400,89.6200
1785146075.917932,4315,3171,6482,7533,194.7400,89.6900
1785146075.943310,4249,3171,6529,7533,194.7400,89.6900
1785146075.969200,4278,3180,6566,7542,197.4400,89.6900
1785146075.994342,4315,3152,6501,8508,197.4400,89.6900
1785146076.019196,4268,3161,6538,7551,194.7400,89.6900
1785146076.045280,4306,3161,6604,7580,194.7400,89.6900
1785146076.070421,4240,3227,6557,7505,193.5700,89.6900
1785146076.095545,4306,3218,6520,7505,193.5700,89.6900
1785146076.121343,4278,3171,6501,7533,193.1900,89.6900
1785146076.146144,4296,3236,6566,7533,193.1900,89.6900
1785146076.171428,4259,3255,6613,7505,190.9200,89.7500
1785146076.197197,4259,3255,6548,7505,190.9200,89.7500
1785146076.221992,4259,3236,6595,7448,204.2300,89.8100
1785146076.246988,4287,3208,6491,7561,204.2300,89.8100
1785146076.273212,4296,3218,6510,7476,196.2200,89.8700
1785146076.298243,4343,3236,6510,7458,196.2200,89.8700
1785146076.323161,4353,3255,6482,7439,206.9900,89.8700
1785146076.348989,4278,3218,6463,7439,206.9900,89.8700
1785146076.374767,4306,3246,6426,7486,197.4400,89.8100
1785146076.400002,4343,3227,6482,7486,197.4400,89.8100
1785146076.425192,4334,3293,6576,7411,205.5600,89.8100
1785146076.449985,4390,3255,6435,7448,205.5600,89.8100
1785146076.474934,4315,3246,6463,7448,200.1500,89.8100
1785146076.501188,4381,3264,6407,7486,200.1500,89.8100
1785146076.526616,4362,3255,6407,8912,202.8500,89.8700
1785146076.551393,4381,3405,6332,7401,202.8500,89.8700
1785146076.577138,4353,3311,6445,7345,197.4400,89.9400
1785146076.602338,4353,3480,6323,7345,197.4400,89.9400
1785146076.627741,4362,3283,6313,7411,201.5300,90.0000
1785146076.653196,4390,3368,6285,7411,201.5300,90.0000
1785146076.678581,4306,3368,6351,7411,200.1500,90.0000
1785146076.703122,4343,3415,6398,7411,200.1500,90.0000
1785146076.729274,4343,3405,6379,7411,204.2300,90.0000
1785146076.754298,4362,3330,6341,7411,204.2300,90.0000
1785146076.778913,4428,3358,6407,7420,205.5600,89.8700
1785146076.805003,4409,3368,6388,7411,205.5600,89.8700
1785146076.830475,4456,3358,6332,7326,200.1500,89.8100
1785146076.858561,4390,3377,6388,7326,200.1500,89.8100
1785146076.884117,4409,3377,6388,7326,201.5300,89.7500
1785146076.908356,4418,3340,6379,7326,201.5300,89.7500
1785146076.934457,4390,3340,6323,7354,204.2300,89.6900
1785146076.958659,4390,3358,6266,7298,204.2300,89.6900
1785146076.983667,4390,3330,6285,7308,197.4400,89.7500
1785146077.009484,4409,3396,6266,7345,197.4400,89.7500
1785146077.034212,4381,3368,6276,7383,200.1500,89.8100
1785146077.060410,4437,3396,6238,7383,200.1500,89.8100
1785146077.086706,4456,3321,6304,7364,200.1500,89.8700
1785146077.110589,4437,3340,6294,7364,200.1500,89.8700
1785146077.137502,4437,3349,6219,7364,200.1500,89.8100
1785146077.161528,4456,3396,6285,7786,198.8700,89.7500
1785146077.187254,4465,3396,6210,7561,198.8700,89.7500
1785146077.214053,4381,3321,6276,7533,198.8700,89.7500
1785146077.236936,4418,3405,6285,7720,204.2300,89.7500
1785146077.260957,4437,3377,6238,7627,204.2300,89.7500
1785146077.286994,4390,3340,6257,7608,205.5600,89.7500
1785146077.311162,4475,3377,6219,7720,197.4400,89.8100
1785146077.336993,4475,3330,6276,7542,197.4400,89.8100
1785146077.362125,4400,3358,6248,7551,197.4400,89.8100
1785146077.386829,4437,3368,6163,7308,201.5300,89.8100
1785146077.413129,4484,3368,6257,7354,206.9900,89.8100
1785146077.438923,4493,3386,6201,7233,206.9900,89.8100
1785146077.462892,4493,3377,6173,7270,208.2600,89.8100
1785146077.488862,4456,3377,6135,7195,208.2600,89.8100
1785146077.513924,4522,3330,6182,7214,208.2600,89.8100
1785146077.538896,4503,3424,6248,7195,198.8700,89.8700
1785146077.565999,4522,3358,6191,7167,206.9900,89.8700
1785146077.590039,4493,3368,6191,7204,206.9900,89.8700
1785146077.617800,4484,3396,6201,7195,202.8500,89.8700
1785146077.641571,4503,3386,6201,7233,202.8500,89.8700
1785146077.667864,4522,3330,6182,8293,198.8700,89.8700
1785146077.691319,4531,3415,6163,7298,198.8700,89.8700
1785146077.717497,4550,3377,6210,7233,204.2300,89.8700
1785146077.741852,4606,3386,6163,7270,204.2300,89.8700
1785146077.768155,4615,3443,6144,7214,201.5300,89.7500
1785146077.793127,4559,3490,6173,7261,201.5300,89.7500
1785146077.818472,4550,3480,6182,7204,197.4400,89.6900
1785146077.842938,4531,3499,6144,7167,197.4400,89.6900
1785146077.869378,4587,3499,6126,7270,200.1500,89.6900
1785146077.894164,4578,3508,6163,7148,200.1500,89.6900
1785146077.919074,4578,3461,6163,7261,198.7100,89.6200
1785146077.944918,4522,3537,6144,7373,198.7100,89.6200
1785146077.969769,4540,3565,6107,7279,192.0300,89.5000
1785146077.995106,4503,3508,6154,7279,192.0300,89.5000
1785146078.020931,4550,3555,6126,7279,193.5700,89.4400
1785146078.045816,4568,3555,6173,7326,193.5700,89.4400
1785146078.070773,4578,3527,6126,7298,198.7100,89.3700
1785146078.097021,4578,3602,6144,7298,198.7100,89.3700
1785146078.122070,4578,3593,6135,7298,194.7400,89.3100
1785146078.147799,4597,3593,6126,7336,194.7400,89.3100
1785146078.173071,4643,3612,6069,7439,194.7400,89.3100
1785146078.198003,4587,3555,6079,7439,194.7400,89.3100
1785146078.223197,4625,3752,6069,7411,189.3300,89.3100
1785146078.248886,4587,3658,6097,7411,189.3300,89.3100
1785146078.274069,4522,3677,6107,7533,185.6200,89.0000
1785146078.298759,4540,3640,6097,7589,185.6200,89.0000
1785146078.325027,4615,3612,6060,7383,190.4300,88.6900
1785146078.350044,4568,3593,6069,7082,190.4300,88.6900
1785146078.375167,4625,3668,6107,8208,180.3100,88.5000
1785146078.400784,4625,3593,6079,8208,180.3100,88.5000
1785146078.425784,4625,3612,6069,7458,182.1500,88.6200
1785146078.451175,4653,3593,6013,7430,182.1500,88.6200
1785146078.477097,4606,3593,6060,7392,183.9200,88.8100
1785146078.501990,4653,3555,6060,7373,183.9200,88.8100
1785146078.526764,4643,3668,6088,7186,183.9200,88.9400
1785146078.553545,4634,3565,6041,7101,183.9200,88.9400
1785146078.577929,4615,3649,6032,7101,182.9600,88.8700
1785146078.602759,4662,3583,6126,8480,182.9600,88.8700
1785146078.628709,4615,3696,6022,7064,187.6700,88.8100
1785146078.654110,4634,3668,6041,7064,187.6700,88.8100
1785146078.679146,4653,3630,6051,7064,183.9200,89.0000
1785146078.705030,4643,3677,6022,7148,183.9200,89.0000
1785146078.729956,4690,3574,6041,7045,186.6200,89.1900
1785146078.754712,4718,3668,5994,7036,186.6200,89.1900
1785146078.780689,4653,3696,5976,7036,189.3300,89.1200
1785146078.806182,4653,3630,6032,7007,189.3300,89.1200
1785146078.830774,4700,3668,5966,7748,189.3300,89.0600
1785146078.856694,4672,3677,5966,7336,189.3300,89.0600
1785146078.881674,4690,3696,5994,7120,192.0300,89.1200
1785146078.907037,4672,3696,5957,7007,192.0300,89.1200
1785146078.931842,4653,3677,5957,7092,189.3300,89.2500
1785146078.957996,4653,3677,5957,7036,189.3300,89.2500
1785146078.982775,4681,3799,5938,7036,188.2700,89.3700
1785146079.007981,4672,3715,5910,7036,188.2700,89.3700
1785146079.034439,4672,3705,5938,7036,193.1900,89.5000
1785146079.059101,4662,3724,5947,7007,193.1900,89.5000
1785146079.084245,4700,3668,5957,7007,192.0300,89.5600
1785146079.109895,4709,3658,5919,6979,192.0300,89.5600
1785146079.135185,4690,3649,5919,6979,194.7400,89.6200
1785146079.160301,4597,3687,5910,6979,194.7400,89.6200
1785146079.185864,4672,3724,5900,6979,193.5700,89.6900
1785146079.211153,4662,3696,5919,7017,193.5700,89.6900
1785146079.235731,4690,3752,5872,7054,194.7400,89.7500
1785146079.262384,4728,3734,5872,6960,194.7400,89.7500
1785146079.287189,4747,3743,5872,7082,194.7400,89.7500
1785146079.311623,4700,3762,5835,7111,198.7100,89.8100
1785146079.338108,4634,3724,5835,7082,198.7100,89.8100
1785146079.362620,4700,3799,5825,7082,198.7100,89.8100
1785146079.388926,4653,3827,5844,7082,200.1500,89.8100
1785146079.414756,4700,3846,5844,7045,202.8500,89.8100
1785146079.439202,4709,3724,5825,7054,202.8500,89.8100
1785146079.463536,4747,3687,5816,7036,202.8500,89.8100
1785146079.489871,4718,3724,5835,6979,197.4400,89.8100
1785146079.516152,4728,3780,5854,6979,200.1500,89.8100
1785146079.539699,4718,3734,5835,6979,200.1500,89.8100
1785146079.567101,4747,3780,5825,6998,201.5300,89.7500
1785146079.590593,4728,3780,5863,6989,201.5300,89.7500
1785146079.617328,4728,3762,5863,6857,201.4700,89.7500
1785146079.642004,4728,3855,5844,7017,201.4700,89.7500
1785146079.667950,4728,3818,5825,7017,201.5300,89.7500
1785146079.692499,4765,3715,5779,6970,201.5300,89.7500
1785146079.717757,4784,3771,5816,6960,198.7100,89.8700
1785146079.743757,4756,3752,5788,6960,198.7100,89.8700
1785146079.767648,4756,3902,5788,6904,200.1500,89.9400
1785146079.793605,4803,3780,5825,6979,200.1500,89.9400
1785146079.818498,4747,3827,5825,6923,200.1500,89.9400
1785146079.843724,4728,3837,5854,6923,200.1500,89.9400
1785146079.870089,4812,3771,5750,6923,201.5300,89.8700
1785146079.894794,4812,3818,5779,6885,201.5300,89.8700
1785146079.920798,4747,3752,5797,6914,197.4400,89.8100
1785146079.947048,4775,3837,5769,6914,197.4400,89.8100
1785146079.971040,4803,3809,5797,6867,204.2300,89.7500
1785146079.996138,4794,3874,5816,8330,204.2300,89.7500
1785146080.021933,4822,3874,5750,6848,193.5700,89.6900
1785146080.047042,4803,3809,5760,6848,193.5700,89.6900
1785146080.071866,4822,3780,5779,6914,194.7400,89.6900
1785146080.097703,4803,3893,5732,6914,194.7400,89.6900
1785146080.123095,4794,3977,5760,6914,198.7100,89.6900
1785146080.148494,4803,3884,5722,6857,198.7100,89.6900
1785146080.173996,4897,3996,5703,6857,193.5700,89.6900
1785146080.201014,4887,3912,5685,6848,193.5700,89.6900
1785146080.223866,4887,3874,5732,6848,193.1900,89.7500
1785146080.249596,4878,3893,5694,6876,193.1900,89.7500
1785146080.275002,4850,3931,5685,6876,196.2200,89.7500
1785146080.300222,4812,3855,5694,6839,196.2200,89.7500
1785146080.325825,4840,3818,5685,6810,194.7400,89.8100
1785146080.350582,4840,3799,5703,6810,194.7400,89.8100
1785146080.375769,4869,3874,5694,6773,194.7400,89.7500
1785146080.402310,4925,3855,5638,6726,194.7400,89.7500
1785146080.427176,4840,3874,5666,6801,197.4400,89.6200
1785146080.452814,4850,3921,5657,6839,197.4400,89.6200
1785146080.478229,4869,3912,5657,6763,201.4700,89.5000
1785146080.503578,4906,3912,5675,6810,201.4700,89.5000
1785146080.528928,4878,3921,5666,6867,197.4400,89.4400
1785146080.553826,4887,3893,5619,6876,197.4400,89.4400
1785146080.578643,4887,3949,5675,6820,197.4400,89.3700
1785146080.604462,4859,3949,5619,6885,197.4400,89.3700
1785146080.631126,4878,3902,5638,6839,189.3300,89.3700
1785146080.654999,4887,3893,5610,6839,189.3300,89.3700
1785146080.680907,4859,3949,5619,6895,194.7400,89.3700
1785146080.705555,4887,3893,5610,6904,194.7400,89.3700
1785146080.731231,4878,3977,5619,6904,194.7400,89.4400
1785146080.756112,4897,3987,5591,6932,194.7400,89.4400
1785146080.781433,4850,3893,5600,6895,188.2700,89.4400
1785146080.806766,4915,3931,5610,6914,188.2700,89.4400
1785146080.831888,4944,4006,5600,6932,195.9500,89.4400
1785146080.857268,4869,3996,5535,6904,195.9500,89.4400
1785146080.882917,4972,3949,5572,6848,188.2700,89.5000
1785146080.907578,4878,3996,5582,6951,188.2700,89.5000
1785146080.932621,4915,3949,5591,6876,198.7100,89.5000
1785146080.958664,4934,4006,5572,6829,198.7100,89.5000
1785146080.983794,4925,4034,5610,6895,193.5700,89.5000
1785146081.009563,4897,4015,5525,6801,193.5700,89.5000
1785146081.034631,4925,4043,5572,6848,198.7100,89.5000
1785146081.059584,4953,4071,5478,6792,198.7100,89.5000
1785146081.085189,4934,4006,5497,6698,188.2700,89.5000
1785146081.111742,4897,4034,5516,6763,195.9500,89.4400
1785146081.135714,4897,3977,5525,6763,195.9500,89.4400
1785146081.160739,4953,4015,5488,6726,195.9500,89.4400
1785146081.188279,4915,3987,5469,6735,188.2700,89.4400
1785146081.212293,4925,4062,5553,6717,190.4300,89.3700
1785146081.237496,4906,4015,5535,6717,190.4300,89.3700
1785146081.263681,4934,4015,5516,6763,190.4300,89.3700
1785146081.287618,4934,4006,5535,6763,188.2700,89.3700
1785146081.312954,4972,4015,5469,6763,186.6200,89.4400
1785146081.338853,4972,4024,5488,6745,186.6200,89.4400
1785146081.364269,4962,4052,5488,6801,190.4300,89.5000
1785146081.390485,4962,4090,5525,6745,190.4300,89.5000
1785146081.416389,4962,4071,5478,7017,192.0300,89.5600
1785146081.440954,4944,4118,5460,6745,192.0300,89.5600
1785146081.467069,4953,4052,5488,6754,190.9200,89.6200
1785146081.490865,4972,4062,5488,6726,190.9200,89.6200
1785146081.517943,4972,4081,5450,6763,195.9500,89.6200
1785146081.541200,4972,4099,5488,6763,195.9500,89.6200
1785146081.568030,5037,4137,5403,6745,190.9200,89.6900
1785146081.591632,5037,4052,5469,6745,190.9200,89.6900
1785146081.616612,4962,4090,5422,6848,201.4700,89.6200
1785146081.643123,4962,4109,5488,6857,201.4700,89.6200
1785146081.667707,4934,4109,5469,6726,197.4400,89.5000
1785146081.693674,5009,4099,5403,6820,197.4400,89.5000
1785146081.719419,5009,4062,5422,6679,194.7400,89.4400
1785146081.743947,5028,4174,5441,6745,194.7400,89.4400
1785146081.769286,5037,4071,5413,6735,197.4400,89.4400
1785146081.795194,5037,4052,5441,6773,197.4400,89.4400
1785146081.819592,5075,4081,5450,6773,197.4400,89.5600
1785146081.844847,4981,4118,5375,6754,197.4400,89.5600
1785146081.870624,5037,4090,5385,6754,190.9200,89.6200
1785146081.895822,5009,4146,5375,6763,190.9200,89.6200
1785146081.920853,5028,4128,5413,6717,198.7100,89.6900
1785146081.946695,5037,4128,5385,6679,198.7100,89.6900
1785146081.971580,5084,4118,5375,6698,196.2200,89.8100
1785146081.997494,5028,4099,5375,6688,196.2200,89.8100
1785146082.022747,5047,4099,5394,6745,198.7100,89.8100
1785146082.047742,5056,4128,5413,6717,198.7100,89.8100
1785146082.072968,5028,4137,5366,6745,198.8700,89.7500
1785146082.098356,5047,4118,5328,6707,198.8700,89.7500
1785146082.124226,5019,4137,5338,6688,204.2300,89.6200
1785146082.149477,5056,4156,5356,6717,204.2300,89.6200
1785146082.173982,5112,4184,5356,6717,200.1500,89.5000
1785146082.201593,5056,4146,5319,6698,200.1500,89.5000
1785146082.225204,5056,4156,5300,6670,194.7400,89.3700
1785146082.253151,5047,4137,5300,6707,194.7400,89.3700
1785146082.277414,5066,4156,5338,6688,190.9200,89.3700
1785146082.302538,5084,4165,5338,6660,190.9200,89.3700
1785146082.327760,5084,4174,5319,6613,193.1900,89.3700
1785146082.353802,5084,4165,5366,6595,193.1900,89.3700
1785146082.381586,5075,4203,5319,6642,185.6200,89.5000
1785146082.403007,5094,4231,5291,6604,185.6200,89.5000
1785146082.430807,5094,4193,5300,6623,187.6700,89.6900
1785146082.454306,5084,4249,5272,6688,187.6700,89.6900
1785146082.479017,5112,4184,5281,6604,185.6200,89.8700
1785146082.505379,5084,4193,5291,6576,185.6200,89.8700
1785146082.529946,5188,4203,5263,6623,198.7100,89.9400
1785146082.553655,5094,4193,5263,6576,198.7100,89.9400
1785146082.580157,5094,4212,5263,6604,197.4400,89.9400
1785146082.605125,5131,4287,5244,6576,197.4400,89.9400
1785146082.629827,5066,4231,5244,6595,200.1500,89.9400
1785146082.655763,5103,4268,5234,6585,200.1500,89.9400
1785146082.680930,5141,4231,5281,6576,197.4400,89.9400
1785146082.706697,5131,4221,5272,6548,197.4400,89.9400
1785146082.732038,5103,4259,5291,6557,200.1500,89.9400
1785146082.757189,5188,4249,5225,6557,200.1500,89.9400
1785146082.781994,5141,4334,5244,6557,198.8700,89.8700
1785146082.808305,5103,4325,5281,6491,198.8700,89.8700
1785146082.833163,5141,4287,5234,6538,200.1500,89.9400
1785146082.857807,5216,4296,5244,6501,200.1500,89.9400
1785146082.883837,5253,4334,5272,6491,202.8500,89.9400
1785146082.909070,5122,4287,5263,6482,201.4700,89.9400
1785146082.933804,5112,4315,5169,6482,201.4700,89.9400
1785146082.959936,5169,4296,5150,6482,201.4700,89.9400
1785146082.984824,5234,4334,5150,6482,200.1500,90.0000
1785146083.009644,5131,4325,5150,6463,200.1500,90.0000
1785146083.035897,5216,4334,5150,6538,198.8700,90.0000
1785146083.060811,5206,4278,5188,6482,197.4400,90.0600
1785146083.086028,5197,4315,5206,6463,197.4400,90.0600
1785146083.111944,5197,4343,5188,6501,197.4400,90.0600
1785146083.137148,5197,4334,5122,6463,201.4700,90.0600
1785146083.162308,5216,4400,5169,6501,196.2200,90.0600
1785146083.187759,5272,4334,5178,6501,196.2200,90.0600
1785146083.213902,5253,4390,5094,6491,196.2200,90.0600
1785146083.237633,5197,4400,5122,6473,200.1500,90.0000
1785146083.265286,5244,4381,5094,6473,197.4400,89.9400
1785146083.289068,5206,4409,5094,6416,197.4400,89.9400
1785146083.313778,5300,4400,5178,6407,194.7400,89.8700
1785146083.339612,5272,4381,5131,6454,194.7400,89.8700
1785146083.366891,5225,4418,5066,6426,200.1500,89.8100
1785146083.390100,5234,4381,5019,6426,200.1500,89.8100
1785146083.417731,5263,4437,5037,6407,197.4400,89.8100
1785146083.441670,5263,4437,5056,6426,197.4400,89.8100
1785146083.467736,5225,4418,5047,6426,194.7400,89.7500
1785146083.491852,5234,4409,5056,6388,194.7400,89.7500
1785146083.518318,5272,4400,5037,6416,192.0300,89.7500
1785146083.542030,5309,4456,5066,6426,192.0300,89.7500
1785146083.567636,5263,4446,5084,6388,194.7400,89.7500
1785146083.593117,5225,4428,5103,6407,194.7400,89.7500
1785146083.618115,5225,4418,5103,6454,195.9500,89.8100
1785146083.643606,5253,4437,5075,6370,195.9500,89.8100
1785146083.669453,5272,4456,5084,6370,190.9200,89.7500
1785146083.693763,5291,4465,5075,6379,190.9200,89.7500
1785146083.719328,5263,4446,5028,6370,194.7400,89.8100
1785146083.745111,5281,4456,5037,6332,194.7400,89.8100
1785146083.769821,5300,4409,5094,6323,194.7400,89.8700
1785146083.795001,5272,4484,5056,6370,194.7400,89.8700
1785146083.821107,5281,4550,5028,6351,197.4400,89.9400
1785146083.846162,5281,4475,5000,6351,197.4400,89.9400
1785146083.871043,5366,4465,5075,6294,197.4400,89.9400
1785146083.896943,5366,4493,4934,6313,197.4400,89.9400
1785146083.921898,5356,4531,4981,6323,198.7100,89.9400
1785146083.948283,5347,4606,4972,6323,198.7100,89.9400
1785146083.973051,5319,4540,5056,6323,193.5700,89.9400
1785146083.997889,5347,4503,4991,6323,193.5700,89.9400
1785146084.022599,5309,4634,5009,6313,201.4700,90.0600
1785146084.049145,5366,4503,5028,6304,201.4700,90.0600
1785146084.074070,5356,4559,5009,6332,190.9200,90.1200
1785146084.099081,5385,4559,5009,6304,190.9200,90.1200
1785146084.125490,5338,4522,4962,6285,208.2600,90.1200
1785146084.149929,5375,4531,4962,6304,208.2600,90.1200
1785146084.175099,5338,4568,4944,6294,200.1500,90.1900
1785146084.201897,5347,4550,5037,6276,200.1500,90.1900
1785146084.225885,5385,4559,4953,6294,202.8500,90.2500
1785146084.251008,5403,4568,4953,6304,202.8500,90.2500
1785146084.276832,5403,4634,4934,6285,197.4400,90.1900
1785146084.302140,5431,4615,4925,6257,197.4400,90.1900
1785146084.327443,5413,4625,4897,6285,200.1500,90.1200
1785146084.352680,5375,4597,4915,6257,200.1500,90.1200
1785146084.377633,5375,4672,4962,6276,200.1500,90.1200
1785146084.402806,5366,4662,4953,6276,200.1500,90.1200
1785146084.428918,5366,4643,4934,6276,200.1500,90.0600
1785146084.454008,5469,4597,4934,6276,200.1500,90.0600
1785146084.478923,5403,4606,4925,6285,200.1500,90.0600
1785146084.504941,5422,4634,4906,6266,200.1500,90.0600
1785146084.529907,5516,4597,4887,6257,200.1500,90.0600
1785146084.555351,5403,4634,4915,6248,200.1500,90.0600
1785146084.580754,5403,4662,4906,6304,205.5600,90.0000
1785146084.606514,5375,4662,4878,6229,205.5600,90.0000
1785146084.631409,5347,4625,4925,6257,197.4400,90.0000
1785146084.657561,5403,4681,4878,6257,197.4400,90.0000
1785146084.682259,5450,4681,4869,6266,200.1500,90.0000
1785146084.707045,5441,4681,4840,6266,200.1500,90.0000
1785146084.733147,5441,4625,4803,6248,197.4400,90.0000
1785146084.758288,5488,4681,4859,6229,197.4400,90.0000
1785146084.783111,5413,4718,4812,6229,202.8500,90.0000
1785146084.808686,5450,4672,4831,6219,202.8500,90.0000
1785146084.833660,5413,4709,4822,6219,200.1500,90.0600
1785146084.858824,5403,4681,4840,6210,200.1500,90.0600
1785146084.884947,5469,4700,4812,6238,196.2200,90.0600
1785146084.909913,5450,4718,4850,6276,196.2200,90.0600
1785146084.934932,5460,4700,4878,6238,198.7100,90.0000
1785146084.961066,5506,4784,4878,6266,198.8700,90.0600
1785146084.985975,5469,4737,4812,6266,198.8700,90.0600
1785146085.010792,5535,4756,4822,6276,198.8700,90.0600
1785146085.036637,5497,4765,4803,6229,201.4700,90.1200
1785146085.061745,5516,4718,4850,6210,201.4700,90.1200
1785146085.086648,5469,4812,4803,6219,193.5700,90.2500
1785146085.113108,5488,4775,4822,6191,201.4700,90.3100
1785146085.137744,5488,4822,4831,6191,201.4700,90.3100
1785146085.162682,5497,4775,4822,6191,201.4700,90.3100
1785146085.189654,5497,4822,4756,6191,197.4400,90.3700
1785146085.216060,5506,4822,4765,6163,193.5700,90.4400
1785146085.239347,5563,4775,4775,6163,193.5700,90.4400
1785146085.263772,5563,4775,4775,6163,202.8500,90.4400
1785146085.289710,5525,4775,4784,6210,202.8500,90.4400
1785146085.316110,5544,4794,4803,6219,201.4700,90.4400
1785146085.339858,5582,4812,4794,6229,201.4700,90.4400
1785146085.367114,5572,4831,4812,6238,197.4400,90.3700
1785146085.390625,5666,4765,4794,6238,197.4400,90.3700
1785146085.417543,5544,4859,4850,6248,202.8500,90.3100
1785146085.442775,5591,4831,4747,6266,202.8500,90.3100
1785146085.468319,5553,4803,4775,6257,197.4400,90.2500
1785146085.491800,5591,4812,4737,6248,197.4400,90.2500
1785146085.517536,5591,4850,4728,6257,197.4400,90.1200
1785146085.544670,5563,4887,4803,6219,197.4400,90.1200
1785146085.568044,5563,4944,4812,6257,197.4400,90.1200
1785146085.593750,5572,4944,4756,6257,197.4400,90.1200
1785146085.618841,5572,4962,4794,6238,200.1500,90.1200
1785146085.643614,5600,4906,4728,6238,200.1500,90.1200
1785146085.669781,5544,4887,4681,6238,200.1500,90.1200
1785146085.695263,5572,4925,4718,6238,200.1500,90.1200
1785146085.719909,5544,4934,4681,6238,197.4400,90.0600
1785146085.745798,5582,4944,4709,6266,197.4400,90.0600
1785146085.771015,5563,4869,4681,6238,193.5700,90.0600
1785146085.796258,5610,4944,4737,6201,193.5700,90.0600
1785146085.822649,5647,4897,4662,6201,197.4400,90.0000
1785146085.846833,5535,4944,4756,6201,197.4400,90.0000
1785146085.871883,5675,4934,4728,6201,202.8500,89.9400
1785146085.898127,5582,4962,4756,6116,202.8500,89.9400
1785146085.923542,5619,4991,4709,6116,197.4400,89.8700
1785146085.948241,5619,5028,4681,6088,197.4400,89.8700
1785146085.973719,5638,4953,4737,6088,201.4700,89.8700
1785146085.998636,5610,5000,4700,6088,201.4700,89.8700
1785146086.023831,5657,4944,4672,6079,200.1500,89.8700
1785146086.050505,5628,4981,4672,6154,200.1500,89.8700
1785146086.075666,5657,5028,4615,6060,200.1500,89.9400
1785146086.099563,5666,5000,4615,6041,200.1500,89.9400
1785146086.127327,5666,5028,4578,6041,193.5700,89.8700
1785146086.150881,5685,5028,4634,6069,193.5700,89.8700
1785146086.176050,5685,5009,4606,6069,201.4700,89.8700
1785146086.201627,5685,5009,4625,6022,201.4700,89.8700
1785146086.226660,5647,5075,4578,6041,200.1500,89.8100
1785146086.251848,5685,5056,4625,6051,200.1500,89.8100
1785146086.277626,5675,5056,4587,6051,196.2200,89.8100
1785146086.302598,5675,5019,4634,6060,196.2200,89.8100
1785146086.327815,5675,5009,4550,5985,201.4700,89.7500
1785146086.354287,5666,5075,4587,6032,201.4700,89.7500
1785146086.379243,5703,5066,4578,6032,202.8500,89.7500
1785146086.404615,5694,5066,4615,6032,202.8500,89.7500
1785146086.429912,5685,5075,4597,6032,197.4400,89.7500
1785146086.455783,5713,5094,4578,5994,197.4400,89.7500
1785146086.480727,5703,5103,4568,6004,193.5700,89.6900
1785146086.505653,5694,5141,4475,5994,193.5700,89.6900
1785146086.530671,5694,5188,4540,5985,204.2300,89.6900
1785146086.555653,5741,5103,4512,5966,204.2300,89.6900
1785146086.581780,5788,5094,4493,6004,196.2200,89.6200
1785146086.606865,5685,5122,4484,5976,196.2200,89.6200
1785146086.631627,5713,5122,4540,5994,201.4700,89.6200
1785146086.656766,5750,5094,4559,5994,201.4700,89.6200
1785146086.683278,5788,5094,4531,5966,194.7400,89.6200
1785146086.708780,5741,5216,4503,5957,194.7400,89.6200
1785146086.733183,5703,5122,4578,5957,193.5700,89.6200
1785146086.758860,5779,5084,4550,5957,193.5700,89.6200
1785146086.783912,5807,5112,4578,5938,194.7400,89.5600
1785146086.808697,5703,5066,4568,5966,194.7400,89.5600
1785146086.834894,5788,5084,4550,5957,197.4400,89.6200
1785146086.859631,5769,5122,4550,5957,197.4400,89.6200
1785146086.884692,5732,5103,4522,5938,197.4400,89.6200
1785146086.910808,5779,5122,4503,5966,204.2300,89.6200
1785146086.936047,5788,5112,4493,5994,204.2300,89.6200
1785146086.961269,5816,5084,4512,5976,204.2300,89.6200
1785146086.986617,5835,5188,4512,5994,197.4400,89.5600
1785146087.011615,5816,5075,4409,6013,197.4400,89.5600
1785146087.036886,5825,5150,4418,6013,192.0300,89.5000
1785146087.064072,5825,5169,4503,6013,196.2200,89.5000
1785146087.087609,5816,5150,4400,5994,196.2200,89.5000
1785146087.112946,5807,5272,4456,5994,196.2200,89.5000
1785146087.138626,5863,5253,4437,5994,197.4400,89.5000
1785146087.163850,5872,5338,4428,5994,201.4700,89.5000
1785146087.189169,5797,5422,4484,6032,201.4700,89.5000
1785146087.215636,5825,5225,4437,6032,190.9200,89.5600
1785146087.239787,5835,5525,4381,6022,190.9200,89.5600
1785146087.266223,5825,5216,4400,6022,197.4400,89.6200
1785146087.291363,5872,5666,4475,6013,197.4400,89.6200
1785146087.317501,5844,5628,4512,6013,197.4400,89.6900
1785146087.341022,5863,5591,4381,5957,197.4400,89.6900
1785146087.368738,5854,5797,4512,5957,200.1500,89.6900
1785146087.391887,5807,5544,4381,5957,200.1500,89.6900
1785146087.418647,5825,5506,4475,5957,202.8500,89.5600
1785146087.442681,5863,5469,4409,5835,202.8500,89.5600
1785146087.467409,5844,5431,4390,5891,194.7400,89.4400
1785146087.492803,5816,5506,4400,5854,194.7400,89.4400
1785146087.518893,5900,5535,4437,5891,194.7400,89.3700
1785146087.545313,5891,5553,4381,5882,194.7400,89.3700
1785146087.572567,5863,5431,4381,5844,192.0300,89.3100
1785146087.596205,5863,5122,4371,5891,192.0300,89.3100
1785146087.621448,5919,5112,4390,5835,192.0300,89.3700
1785146087.647213,5872,5075,4437,5872,192.0300,89.3700
1785146087.671901,5872,5112,4437,5844,189.3300,89.5000
1785146087.696946,5919,5094,4400,5825,189.3300,89.5000
1785146087.723313,5938,5122,4362,5825,186.6200,89.5600
1785146087.747957,5929,5188,4343,5844,186.6200,89.5600
1785146087.774025,5900,5141,4362,5825,192.0300,89.5600
1785146087.797530,5957,5112,4306,5825,192.0300,89.5600
1785146087.823871,5957,5131,4343,5769,189.3300,89.5600
1785146087.849334,5910,5112,4343,5807,189.3300,89.5600
1785146087.874205,5976,5131,4325,5750,194.7400,89.6200
1785146087.900069,5947,5159,4306,5760,194.7400,89.6200
1785146087.925399,5929,5112,4259,5722,198.7100,89.5600
1785146087.948551,5929,5150,4343,5769,198.7100,89.5600
1785146087.975006,5938,5131,4240,5685,193.5700,89.5000
1785146087.999675,5910,5188,4287,5685,193.5700,89.5000
1785146088.025028,5938,5122,4287,5685,197.4400,89.5000
1785146088.050779,5938,5094,4306,5685,197.4400,89.5000
1785146088.077069,5891,5150,4268,5703,197.4400,89.5600
1785146088.102277,5994,5084,4221,5750,197.4400,89.5600
1785146088.126782,5947,5169,4231,5685,197.4400,89.5000
1785146088.151697,5985,5131,4325,5722,197.4400,89.5000
1785146088.177190,5947,5159,4306,5722,200.1500,89.5600
1785146088.203280,5966,5159,4287,5657,200.1500,89.5600
1785146088.228181,5966,5131,4212,5647,197.4400,89.5600
1785146088.252569,5938,5216,4296,5647,197.4400,89.5600
1785146088.277513,6032,5234,4287,5647,194.7400,89.6200
1785146088.303798,5947,5188,4259,5647,194.7400,89.6200
1785146088.329053,6041,5188,4240,5685,194.7400,89.6200
1785146088.354193,5957,5206,4193,5675,194.7400,89.6200
1785146088.381040,5985,5150,4221,5675,192.0300,89.6200
1785146088.405419,5966,5188,4278,5638,192.0300,89.6200
1785146088.431333,6013,5188,4203,5638,194.7400,89.6900
1785146088.456923,6060,5122,4212,5610,194.7400,89.6900
1785146088.481004,6069,5159,4249,5572,197.4400,89.6900
1785146088.506356,6004,5169,4259,5563,197.4400,89.6900
1785146088.531869,6004,5188,4240,5572,197.4400,89.6900
1785146088.558578,6004,5206,4259,5619,197.4400,89.6900
1785146088.581938,6013,5206,4146,5619,194.7400,89.5600
1785146088.607678,6051,5188,4287,5591,194.7400,89.5600
1785146088.632892,6041,5188,4231,5563,200.1500,89.5000
1785146088.658808,6032,5206,4231,5610,200.1500,89.5000
1785146088.684322,6041,5197,4118,5600,192.0300,89.5600
1785146088.709691,6004,5234,4184,5506,192.0300,89.5600
1785146088.734054,6051,5216,4174,5600,190.9200,89.5600
1785146088.763107,6051,5188,4156,5600,190.9200,89.5600
1785146088.785312,6088,5225,4240,5563,194.7400,89.5000
1785146088.809813,6088,5178,4109,5553,194.7400,89.5000
1785146088.835782,6051,5253,4184,5553,195.9500,89.5000
1785146088.861084,6051,5272,4231,5591,194.7400,89.5000
1785146088.885920,6069,5178,4184,5488,194.7400,89.5000
1785146088.911656,6069,5225,4118,5544,194.7400,89.5000
1785146088.936574,6060,5272,4231,5591,194.7400,89.5600
1785146088.961743,6060,5234,4146,5525,194.7400,89.5600
1785146088.987787,6060,5328,4278,5488,189.3300,89.5000
1785146089.012983,6097,5675,4090,5553,192.0300,89.5000
1785146089.038095,6097,5685,4184,5478,192.0300,89.5000
1785146089.063627,6069,5685,4193,5488,192.0300,89.5000
1785146089.089036,6135,5807,4174,5488,194.7400,89.4400
1785146089.116387,6116,5375,4099,5478,192.0300,89.4400
1785146089.140007,6097,5976,4165,5478,192.0300,89.4400
1785146089.164944,6135,6032,4071,5563,194.7400,89.4400
1785146089.189704,6144,5722,4128,5544,194.7400,89.4400
1785146089.214961,6182,6051,4128,5544,189.3300,89.4400
1785146089.240836,6116,6051,4109,5563,189.3300,89.4400
1785146089.266991,6144,6022,4071,5516,200.1500,89.5000
1785146089.291188,6116,6041,4052,5460,200.1500,89.5000
1785146089.318524,6116,6004,4109,5525,194.7400,89.5000
1785146089.342172,6116,6041,4278,5497,194.7400,89.5000
1785146089.368781,6173,5976,4128,5563,190.9200,89.5000
1785146089.392571,6116,6041,3977,5469,190.9200,89.5000
1785146089.417681,6191,6013,4137,5394,201.4700,89.5000
1785146089.442615,6191,5957,4024,5403,201.4700,89.5000
1785146089.468872,6191,6013,4146,5394,193.5700,89.5000
1785146089.494696,6219,5919,4034,5497,193.5700,89.5000
1785146089.519347,6219,5947,4156,5413,198.7100,89.5600
1785146089.545015,6191,5929,4071,5394,198.7100,89.5600
1785146089.570649,6182,5919,3912,5478,200.1500,89.6200
1785146089.595295,6173,5938,4024,5450,200.1500,89.6200
1785146089.620730,6210,5872,4006,5422,194.7400,89.6200
1785146089.645927,6201,5938,4409,5450,194.7400,89.6200
1785146089.673756,6219,5966,3959,5422,190.9200,89.4400
1785146089.696866,6210,5825,3874,5441,190.9200,89.4400
1785146089.721679,6219,5882,3874,5385,193.1900,89.3100
1785146089.746701,6229,5900,3874,5413,193.1900,89.3100
1785146089.773022,6219,5816,4137,5375,189.3300,89.1900
1785146089.798047,6229,5872,3837,5385,189.3300,89.1900
1785146089.823696,6257,5994,3780,5441,186.6200,89.1900
1785146089.848726,6238,5863,3855,5460,186.6200,89.1900
1785146089.875139,6229,5835,3799,5431,188.2700,89.3100
1785146089.899922,6248,5825,3743,5431,188.2700,89.3100
1785146089.925169,6285,5807,3846,5450,187.6700,89.4400
1785146089.949805,6229,5957,3724,5441,187.6700,89.4400
1785146089.974934,6276,5929,3752,5403,192.0300,89.5000
1785146090.001364,6210,5854,4128,5422,192.0300,89.5000
1785146090.027398,6238,5854,3705,5366,188.2700,89.5000
1785146090.050951,6238,5854,3677,5385,188.2700,89.5000
1785146090.076895,6248,5929,3799,5441,198.7100,89.5000
1785146090.101789,6323,5788,3668,5385,198.7100,89.5000
1785146090.126494,6238,5872,3696,5375,194.7400,89.5000
1785146090.152891,6276,5882,3705,5394,194.7400,89.5000
1785146090.177688,6276,5929,3630,5422,197.4400,89.4400
1785146090.202526,6294,5929,3640,5375,197.4400,89.4400
1785146090.228781,6257,5844,3696,5422,192.0300,89.3700
1785146090.253748,6276,5760,3602,5422,192.0300,89.3700
1785146090.278815,6294,5807,3705,5394,194.7400,89.3700
1785146090.305457,6313,5816,3687,5328,194.7400,89.3700
1785146090.329898,6276,5825,3687,5366,192.0300,89.4400
1785146090.355200,6341,5807,3640,5347,192.0300,89.4400
1785146090.380915,6341,5788,3649,5403,190.9200,89.5600
1785146090.405689,6341,5891,3593,5403,190.9200,89.5600
1785146090.430777,6341,5891,3621,5403,198.7100,89.6200
1785146090.456644,6341,5919,3658,5319,198.7100,89.6200
1785146090.482024,6351,5919,3612,5338,196.2200,89.6200
1785146090.507237,6351,5919,3621,5338,196.2200,89.6200
1785146090.532504,6351,5919,3621,5309,201.4700,89.6200
1785146090.558464,6351,5919,3621,5309,201.4700,89.6200
1785146090.583234,6360,5957,3649,5319,201.5300,89.6200
1785146090.610173,6332,5891,3602,5319,201.5300,89.6200
1785146090.633869,6332,5891,3640,5291,201.4700,89.5600
1785146090.658607,6332,5900,3640,5291,201.4700,89.5600
1785146090.684972,6341,5910,3621,5281,201.5300,89.5000
1785146090.709690,6370,5900,3546,5281,201.5300,89.5000
1785146090.734980,6360,5910,3583,5281,197.4400,89.4400
1785146090.760414,6360,5882,3593,5281,197.4400,89.4400
1785146090.785459,6351,5882,3537,5375,200.1500,89.3700
1785146090.810653,6398,5957,3546,5375,200.1500,89.3700
1785146090.837022,6407,5938,3612,5375,198.7100,89.4400
1785146090.861678,6407,5938,3612,5244,198.7100,89.4400
1785146090.886571,6379,5835,3537,5188,193.5700,89.5000
1785146090.912481,6407,5854,3565,5234,193.5700,89.5000
1785146090.937789,6398,5919,3574,5225,198.7100,89.5600
1785146090.963171,6398,5910,3612,5225,193.5700,89.6900
1785146090.988541,6379,5929,3630,5206,193.5700,89.6900
1785146091.013787,6426,5891,3555,5206,193.5700,89.6900
1785146091.039601,6416,5957,3480,5206,201.4700,89.6900
1785146091.063899,6407,5938,3555,5206,193.5700,89.6200
1785146091.089797,6454,5919,3555,5206,193.5700,89.6200
1785146091.114706,6435,5985,3546,5253,195.9500,89.5000
1785146091.139486,6398,5985,3490,5244,195.9500,89.5000
1785146091.167261,6379,6022,3518,5263,190.9200,89.5000
1785146091.190871,6398,5976,3443,5263,190.9200,89.5000
1785146091.216936,6398,6051,3574,5281,194.7400,89.5000
1785146091.241625,6473,5910,3508,5291,194.7400,89.5000
1785146091.268523,6445,5929,3508,5309,197.4400,89.5000
1785146091.292459,6463,5994,3546,5272,197.4400,89.5000
1785146091.318499,6473,5966,3546,5300,198.7100,89.5600
1785146091.342451,6501,5929,3574,5253,198.7100,89.5600
1785146091.369423,6482,5966,3527,5253,196.2200,89.6200
1785146091.393971,6510,5929,3518,5263,196.2200,89.6200
1785146091.418893,6510,5882,3527,5272,198.7100,89.6200
1785146091.443603,6491,6032,3480,5206,198.7100,89.6200
1785146091.469420,6491,5994,3546,5225,196.2200,89.6900
1785146091.494457,6510,5957,3490,5197,196.2200,89.6900
1785146091.519577,6520,6013,3518,5178,197.4400,89.6900
1785146091.545605,6529,6126,3471,5178,197.4400,89.6900
1785146091.572322,6482,5947,3480,5281,197.4400,89.6200
1785146091.596155,6482,5947,3480,5216,197.4400,89.6200
1785146091.622297,6482,6079,3490,5244,204.2300,89.6200
1785146091.646765,6520,6079,3490,5244,204.2300,89.6200
1785146091.672401,6520,6144,3452,5263,196.2200,89.6200
1785146091.698028,6548,6126,3471,5291,196.2200,89.6200
1785146091.723694,6557,6069,3461,5291,206.9900,89.6200
1785146091.748283,6576,6060,3480,5356,206.9900,89.6200
1785146091.774177,6557,6013,3480,5356,196.2200,89.6200
1785146091.798644,6548,6032,3499,5385,196.2200,89.6200
1785146091.823820,6566,6079,3480,5385,200.1500,89.5600
1785146091.850065,6557,6022,3480,5338,200.1500,89.5600
1785146091.876489,6595,6051,3499,5413,197.4400,89.5600
1785146091.899374,6557,6069,3508,5375,197.4400,89.5600
1785146091.925587,6595,6041,3490,5375,194.7400,89.5600
1785146091.950502,6595,6079,3386,5375,194.7400,89.5600
1785146091.975637,6604,6144,3433,5338,201.4700,89.5600
1785146092.001554,6604,6135,3424,5319,201.4700,89.5600
1785146092.026401,6576,6079,3499,5319,194.7400,89.5600
1785146092.051654,6557,6163,3452,5450,194.7400,89.5600
1785146092.077776,6613,6069,3471,5366,190.9200,89.5600
1785146092.103119,6613,6126,3480,5385,190.9200,89.5600
1785146092.127619,6595,6097,3471,5385,194.7400,89.5600
1785146092.153439,6595,6079,3452,5394,194.7400,89.5600
1785146092.179132,6585,6069,3452,5328,197.4400,89.6200
1785146092.203986,6595,6088,3452,5403,197.4400,89.6200
1785146092.230281,6595,6116,3415,5244,192.0300,89.6200
1785146092.254589,6651,6135,3433,5244,192.0300,89.6200
1785146092.279614,6642,6144,3461,5234,200.1500,89.6200
1785146092.305051,6604,6088,3452,5234,200.1500,89.6200
1785146092.330932,6670,6107,3396,5150,195.9500,89.5600
1785146092.355855,6642,6182,3424,5150,195.9500,89.5600
1785146092.380342,6651,6182,3377,5150,196.2200,89.6200
1785146092.407391,6679,6182,3443,5150,196.2200,89.6200
1785146092.431925,6679,6154,3433,5150,197.4400,89.6900
1785146092.456988,6660,6173,3368,5112,197.4400,89.6900
1785146092.482735,6660,6163,3433,5112,200.1500,89.7500
1785146092.508249,6660,6144,3471,5112,200.1500,89.7500
1785146092.533445,6613,6173,3396,5084,200.1500,89.7500
1785146092.560397,6717,6154,3415,6370,200.1500,89.7500
1785146092.583395,6670,6248,3396,5056,197.4400,89.7500
1785146092.608574,6660,6182,3349,5619,197.4400,89.7500
1785146092.634620,6688,6191,3424,5084,194.7400,89.6900
1785146092.659856,6688,6173,3443,5084,194.7400,89.6900
1785146092.684688,6679,6144,3433,5141,197.4400,89.7500
1785146092.710432,6698,6285,3424,5150,197.4400,89.7500
1785146092.735361,6698,6285,3424,5150,194.7400,89.8700
1785146092.760395,6698,6257,3396,5037,194.7400,89.8700
1785146092.787913,6660,6201,3386,5047,205.5600,89.9400
1785146092.811793,6726,6210,3405,5047,205.5600,89.9400
1785146092.836655,6717,6238,3405,5047,197.4400,89.8700
1785146092.862936,6726,6285,3405,5066,200.1500,89.8100
1785146092.887894,6717,6238,3433,5000,200.1500,89.8100
1785146092.912788,6754,6238,3405,5000,205.5600,89.6900
1785146092.938555,6782,6257,3368,5019,205.5600,89.6900
1785146092.968093,6745,6210,3340,5019,200.1500,89.6200
1785146092.990898,6745,6285,3311,5019,200.1500,89.6200
1785146093.019674,6754,6276,3293,5028,200.1500,89.6200
1785146093.041287,6754,6210,3274,5028,200.1500,89.6200
1785146093.068910,6754,6248,3283,5066,197.4400,89.6200
1785146093.095451,6745,6248,3340,5037,197.4400,89.6200
1785146093.119678,6698,6219,3349,5084,197.4400,89.7500
1785146093.143574,6801,6248,3349,5084,197.4400,89.7500
1785146093.167450,6801,6304,3321,5019,197.4400,89.8100
1785146093.192295,6792,6257,3311,5000,197.4400,89.8100
1785146093.218174,6792,6313,3368,5000,194.7400,89.9400
1785146093.242753,6792,6323,3368,5066,194.7400,89.9400
1785146093.268665,6810,6313,3274,5009,197.4400,90.0000
1785146093.292518,6810,6294,3274,5047,197.4400,90.0000
1785146093.318393,6773,6341,3274,4991,194.7400,90.2500
1785146093.343722,6857,6341,3321,5000,194.7400,90.2500
1785146093.368675,6810,6313,3330,5066,200.1500,90.4400
1785146093.395250,6810,6276,3302,5131,200.1500,90.4400
1785146093.419784,6810,6257,3293,5066,202.8500,90.6200
1785146093.445481,6820,6313,3293,5056,202.8500,90.6200
1785146093.469586,6829,6257,3264,5084,200.1500,90.8700
1785146093.495785,6782,6257,3274,5084,200.1500,90.8700
1785146093.520507,6801,6304,3274,5019,200.1500,91.1200
1785146093.545502,6829,6341,3236,5056,200.1500,91.1200
1785146093.572673,6867,6341,3274,5075,202.8500,91.2500
1785146093.597130,6839,6370,3302,5056,202.8500,91.2500
1785146093.622349,6885,6416,3293,5056,197.4400,91.2500
1785146093.647861,6867,6398,3264,4991,197.4400,91.2500
1785146093.672769,6885,6332,3218,5047,197.4400,91.2500
1785146093.697804,6885,6463,3340,5037,197.4400,91.2500
1785146093.723874,6876,6407,3293,5056,197.4400,91.3100
1785146093.748598,6914,6407,3246,5056,197.4400,91.3100
1785146093.773460,6876,6407,3274,5084,194.7400,91.3700
1785146093.799962,6885,6388,3199,5037,194.7400,91.3700
1785146093.824756,6848,6388,3189,5047,194.7400,91.1900
1785146093.849545,6932,6407,3180,5112,194.7400,91.1900
1785146093.875563,6885,6463,3208,5019,198.8700,90.8700
1785146093.900962,6932,6388,3199,5019,198.8700,90.8700
1785146093.926000,6951,6426,3161,5216,201.4700,90.6200
1785146093.951669,6923,6463,3152,5084,201.4700,90.6200
1785146093.976630,6904,6445,3180,5056,200.1500,90.4400
1785146094.001631,6895,6426,3133,5075,200.1500,90.4400
1785146094.027585,6960,6473,3152,5056,197.4400,90.2500
1785146094.052677,6960,6463,3152,5056,197.4400,90.2500
1785146094.077484,6960,6482,3171,5056,200.1500,90.0600
1785146094.103459,7007,6529,3105,5094,200.1500,90.0600
1785146094.128397,6989,6538,3152,5094,200.1500,89.8700
1785146094.153658,6942,6501,3133,5094,200.1500,89.8700
1785146094.179486,6970,6501,3143,5169,197.4400,89.7500
1785146094.204532,6960,6538,3161,5159,197.4400,89.7500
1785146094.229425,6970,6463,3161,5141,200.1500,89.6200
1785146094.255644,6989,6529,3086,5178,200.1500,89.6200
1785146094.281090,6942,6529,3124,5131,193.5700,89.6200
1785146094.305579,6960,6520,3152,5131,193.5700,89.6200
1785146094.333082,6970,6529,3161,5188,198.7100,89.5600
1785146094.356452,7026,6501,3161,5188,198.7100,89.5600
1785146094.382126,7017,6529,3096,5159,190.9200,89.5600
1785146094.407388,6989,6510,3105,5263,190.9200,89.5600
1785146094.432472,7036,6538,3152,5188,198.7100,89.5600
1785146094.457428,6989,6566,3143,5122,198.7100,89.5600
1785146094.483655,7045,6520,3124,5150,192.0300,89.5600
1785146094.508959,7045,6585,3077,5178,192.0300,89.5600
1785146094.533935,7054,6576,3030,5150,194.7400,89.5600
1785146094.559359,7045,6538,3114,5150,194.7400,89.5600
1785146094.584487,7026,6566,3152,5131,193.5700,89.6200
1785146094.609753,7026,6557,3124,5131,193.5700,89.6200
1785146094.635402,7073,6623,3133,5094,201.4700,89.6900
1785146094.660766,7073,6642,3171,5112,201.4700,89.6900
1785146094.685790,7054,6595,3114,5084,193.5700,89.6900
1785146094.711589,7054,6576,3114,5112,198.7100,89.6200
1785146094.736737,7092,6679,3030,6323,198.7100,89.6200
1785146094.761626,7026,6623,3021,5094,198.7100,89.6200
1785146094.787360,7092,6613,3021,5103,200.1500,89.6200
1785146094.812403,7082,6623,3049,5084,200.1500,89.6200
1785146094.837634,7129,6660,3058,5094,197.4400,89.6200
1785146094.863483,7017,6576,3002,5131,200.1500,89.5600
1785146094.888352,7073,6595,3021,5084,200.1500,89.5600
1785146094.913461,7064,6651,3011,5169,200.1500,89.5600
1785146094.939501,7054,6717,3143,5169,200.1500,89.5600
1785146094.966460,7073,6604,3030,5178,197.4400,89.5600
1785146094.989659,7073,6623,2974,5188,197.4400,89.5600
1785146095.014617,7148,6623,2964,5234,197.4400,89.5600
1785146095.040369,7111,6642,2964,5197,197.4400,89.5600
1785146095.066177,7101,6642,2946,5197,192.0300,89.5000
1785146095.091131,7167,6651,2974,5206,192.0300,89.5000
1785146095.117196,7092,6651,3058,5216,194.7400,89.4400
1785146095.141621,7111,6745,3067,5188,194.7400,89.4400
1785146095.168150,7129,6735,2983,5206,190.9200,89.3700
1785146095.193308,7101,6651,2983,5197,190.9200,89.3700
1785146095.218193,7101,6670,2936,5150,195.9500,89.4400
1785146095.242720,7101,6717,2992,5103,195.9500,89.4400
1785146095.268481,7139,6679,2964,5197,192.0300,89.5000
1785146095.293523,7129,6679,3021,5197,192.0300,89.5000
1785146095.318748,7176,6726,2964,5188,194.7400,89.5000
1785146095.344306,7176,6810,2964,5188,194.7400,89.5000
1785146095.369459,7157,6810,2974,5188,193.5700,89.5600
1785146095.394656,7157,6810,2946,5197,193.5700,89.5600
1785146095.420973,7157,6810,2899,5197,195.9500,89.5600
1785146095.445666,7157,6707,2899,5197,195.9500,89.5600
1785146095.470460,7157,6707,2983,5197,196.2200,89.5600
1785146095.496300,7186,6707,2983,5169,196.2200,89.5600
1785146095.521662,7233,6735,2889,5159,194.7400,89.5600
1785146095.546690,7279,6735,2889,5159,194.7400,89.5600
1785146095.572377,7176,6717,2936,5122,202.8500,89.5000
1785146095.597921,7176,6754,3011,5084,202.8500,89.5000
1785146095.622372,7167,6707,2983,5084,201.4700,89.5000
1785146095.650138,7186,6754,2917,5000,201.4700,89.5000
1785146095.673379,7186,6717,2974,5009,196.2200,89.4400
1785146095.698416,7242,6707,2917,5009,196.2200,89.4400
1785146095.724383,7242,6754,2908,6107,197.4400,89.4400
1785146095.749572,7261,6754,2936,4981,197.4400,89.4400
1785146095.775132,7261,6735,2861,4981,201.4700,89.5600
1785146095.800344,7214,6707,2927,5009,201.4700,89.5600
1785146095.825891,7204,6782,2889,5009,196.2200,89.6900
1785146095.851039,7204,6782,2889,5009,196.2200,89.6900
1785146095.876920,7204,6717,2908,5009,200.1500,89.6900
1785146095.902364,7279,6707,2880,5037,200.1500,89.6900
1785146095.926806,7279,6717,2908,5037,200.1500,89.6900
1785146095.952646,7289,6717,2908,5009,200.1500,89.6900
1785146095.977607,7289,6707,2880,4962,205.5600,89.6200
1785146096.002621,7270,6698,2946,4962,205.5600,89.6200
1785146096.028372,7270,6688,2917,4962,200.1500,89.5600
1785146096.053263,7214,6698,2908,4962,200.1500,89.5600
1785146096.078330,7270,6707,2908,5722,204.2300,89.5000
1785146096.104812,7317,6707,2805,5722,204.2300,89.5000
1785146096.129353,7279,6810,2852,5722,197.4400,89.4400
1785146096.155303,7279,6745,2889,5722,197.4400,89.4400
1785146096.180331,7279,6707,2880,5722,193.5700,89.4400
1785146096.205572,7336,6707,2824,4981,193.5700,89.4400
1785146096.230778,7251,6707,2824,4981,195.9500,89.4400
1785146096.256726,7317,6707,2861,4981,195.9500,89.4400
1785146096.281321,7317,6801,2814,4981,190.9200,89.4400
1785146096.306298,7317,6801,2927,4981,190.9200,89.4400
1785146096.334207,7317,6801,2927,4981,193.1900,89.5000
1785146096.357366,7336,6763,2814,4822,193.1900,89.5000
1785146096.382364,7364,6773,2824,4850,193.5700,89.5000
1785146096.408355,7383,6801,2786,4850,193.5700,89.5000
1785146096.434134,7383,6801,2805,4625,193.1900,89.5000
1785146096.458842,7373,6763,2861,4794,193.1900,89.5000
1785146096.484704,7345,6810,2842,4493,190.9200,89.5000
1785146096.509357,7401,6773,2824,4550,190.9200,89.5000
1785146096.534653,7364,6839,2795,4550,194.7400,89.5000
1785146096.560583,7354,6810,2842,4503,194.7400,89.5000
1785146096.586557,7411,6810,2777,4597,197.4400,89.5000
1785146096.611105,7364,6801,2767,4606,197.4400,89.5000
1785146096.636652,7430,6801,2720,4606,197.4400,89.5000
1785146096.662668,7420,6829,2711,4559,192.0300,89.5600
1785146096.686852,7420,6829,2795,4559,192.0300,89.5600
1785146096.712483,7373,6876,2730,4531,192.0300,89.5600
1785146096.737321,7411,6820,2795,4578,194.7400,89.5600
1785146096.762323,7411,6801,2824,4531,194.7400,89.5600
1785146096.788337,7430,6829,2833,4531,197.4400,89.5600
1785146096.813416,7458,6829,2730,4531,198.7100,89.5600
1785146096.838233,7430,6857,2730,4512,198.7100,89.5600
1785146096.864961,7392,6829,2692,4550,190.9200,89.6200
1785146096.889435,7439,6829,2795,4550,190.9200,89.6200
1785146096.914584,7458,6820,2636,4550,197.4400,89.6900
1785146096.940485,7420,6914,2730,4484,197.4400,89.6900
1785146096.966658,7439,6876,2711,4493,200.1500,89.6900
1785146096.990227,7439,6923,2608,4550,200.1500,89.6900
1785146097.017716,7401,6932,2702,4503,202.8500,89.6900
1785146097.041883,7411,6904,2674,4484,202.8500,89.6900
1785146097.068219,7439,6857,2636,4446,196.2200,89.6200
1785146097.092265,7420,6857,2720,4484,196.2200,89.6200
1785146097.119232,7392,6942,2645,4465,200.1500,89.5600
1785146097.142759,7430,6942,2645,4465,200.1500,89.5600
1785146097.169259,7476,6942,2749,4446,194.7400,89.5000
1785146097.193369,7401,6951,2664,4456,194.7400,89.5000
1785146097.218565,7495,6998,2674,4475,198.7100,89.5600
1785146097.244149,7430,6942,2542,4493,198.7100,89.5600
1785146097.269575,7439,6979,2589,4456,188.2700,89.5600
1785146097.296113,7467,6960,2589,4475,188.2700,89.5600
1785146097.319555,7486,6998,2608,4503,193.1900,89.5000
1785146097.345467,7495,7007,2702,4465,193.1900,89.5000
1785146097.370352,7495,7017,2617,4522,190.9200,89.4400
1785146097.395216,7495,6998,2674,4522,190.9200,89.4400
1785146097.421121,7514,6979,2636,4493,193.1900,89.4400
1785146097.446172,7476,7092,2608,4418,193.1900,89.4400
1785146097.471914,7476,7092,2617,4418,194.7400,89.4400
1785146097.497429,7476,7092,2617,4418,194.7400,89.4400
1785146097.522603,7495,7007,2561,4400,189.3300,89.4400
1785146097.547450,7495,7045,2580,4456,189.3300,89.4400
1785146097.574160,7551,7045,2580,4456,181.2100,89.3700
1785146097.598635,7551,7111,2608,4456,181.2100,89.3700
1785146097.623486,7514,7111,2608,4456,175.0100,89.1900
1785146097.649234,7523,7073,2561,4456,175.0100,89.1900
1785146097.674412,7523,7064,2674,4465,175.8000,89.0600
1785146097.699348,7580,7064,2617,4437,175.8000,89.0600
1785146097.725283,7617,7064,2552,4381,178.5100,88.8700
1785146097.750150,7551,7101,2561,4446,178.5100,88.8700
1785146097.775087,7570,7139,2636,4446,175.8000,88.9400
1785146097.801354,7570,7139,2589,4456,175.8000,88.9400
1785146097.826604,7598,7073,2598,4503,181.2100,89.0600
1785146097.851163,7598,7054,2589,4503,181.2100,89.0600
1785146097.877283,7598,7139,2589,4503,183.9200,89.2500
1785146097.902150,7598,7064,2589,4503,183.9200,89.2500
1785146097.927532,7598,7157,2589,4503,190.4300,89.5000
1785146097.953568,7598,7176,2542,4446,190.4300,89.5000
1785146097.978327,7608,7129,2523,4362,188.2700,89.5600
1785146098.003417,7636,7129,2552,4362,188.2700,89.5600
1785146098.029359,7636,7195,2552,4475,192.0300,89.6200
1785146098.054451,7598,7186,2430,4475,192.0300,89.6200
1785146098.079361,7598,7148,2514,4475,192.0300,89.5600
1785146098.105509,7617,7157,2598,4381,192.0300,89.5600
1785146098.132341,7720,7148,2561,4512,195.9500,89.5600
1785146098.157614,7720,7148,2505,4493,195.9500,89.5600
1785146098.183253,7720,7111,2542,4400,193.5700,89.5000
1785146098.208223,7664,7195,2467,4400,193.5700,89.5000
1785146098.233784,7664,7195,2467,4531,192.0300,89.5000
1785146098.259334,7655,7195,2523,4531,192.0300,89.5000
1785146098.284536,7617,7157,2505,4512,192.0300,89.3700
1785146098.309639,7664,7242,2373,4400,192.0300,89.3700
1785146098.335197,7627,7251,2439,4400,193.1900,89.3100
1785146098.360195,7673,7251,2486,4381,193.1900,89.3100
1785146098.385785,7673,7251,2448,4381,186.6200,89.3100
1785146098.411330,7673,7233,2420,4390,186.6200,89.3100
1785146098.438597,7673,7326,2439,4390,185.6200,89.3100
1785146098.459264,7664,7242,2411,4418,185.6200,89.3100
1785146098.485696,7664,7195,2420,4418,189.3300,89.3700
1785146098.510351,7664,7242,2430,4418,189.3300,89.3700
1785146098.535954,7673,7242,2439,4400,187.6700,89.3700
1785146098.561194,7673,7298,2411,4465,187.6700,89.3700
1785146098.586992,7683,7298,2411,4465,182.9600,89.4400
1785146098.612298,7702,7317,2355,4465,186.6200,89.5600
1785146098.637366,7739,7317,2420,4400,186.6200,89.5600
1785146098.662900,7711,7317,2392,4400,186.6200,89.5600
1785146098.687068,7711,7289,2420,4400,192.0300,89.5600
1785146098.712129,7711,7326,2355,4400,192.0300,89.5600
1785146098.738887,7711,7326,2439,4672,193.1900,89.5600
1785146098.763126,7786,7364,2383,4259,193.1900,89.5600
1785146098.788069,7786,7364,2364,4287,193.5700,89.5000
1785146098.814327,7748,7326,2383,4287,193.5700,89.5000
1785146098.840186,7758,7373,2326,4343,189.3300,89.3700
1785146098.864798,7739,7345,2326,4315,192.0300,89.3700
1785146098.890382,7739,7364,2364,4315,192.0300,89.3700
1785146098.915161,7795,7364,2317,4315,193.1900,89.3700
1785146098.940096,7795,7392,2355,4306,193.1900,89.3700
1785146098.968285,7824,7430,2355,4306,188.2700,89.4400
1785146098.991095,7824,7420,2401,4249,188.2700,89.4400
1785146099.018288,7777,7383,2298,4296,192.0300,89.5000
1785146099.043874,7777,7383,2280,4296,192.0300,89.5000
1785146099.068307,7777,7354,2270,4268,194.7400,89.6200
1785146099.092965,7814,7392,2326,4249,194.7400,89.6200
1785146099.119109,7814,7411,2317,4249,197.4400,89.8100
1785146099.143253,7814,7448,2420,4278,197.4400,89.8100
1785146099.169521,7842,7430,2373,4278,202.8500,89.7500
1785146099.194542,7805,7448,2298,4325,202.8500,89.7500
1785146099.219301,7805,7430,2336,4325,200.1500,89.6900
1785146099.244313,7824,7430,2298,4287,200.1500,89.6900
1785146099.270088,7805,7439,2298,4315,194.7400,89.6900
1785146099.295468,7870,7458,2345,4315,194.7400,89.6900
1785146099.320303,7870,7420,2317,4268,200.1500,89.6900
1785146099.346210,7852,7448,2317,4287,200.1500,89.6900
1785146099.372346,7870,7430,2270,4287,194.7400,89.6200
1785146099.396105,7861,7551,2261,4268,194.7400,89.6200
1785146099.422565,7861,7551,2308,4315,197.4400,89.6200
1785146099.447508,7842,7476,2308,4287,197.4400,89.6200
1785146099.472258,8039,7542,2261,4221,194.7400,89.6200
1785146099.499562,7870,7467,2289,4221,194.7400,89.6200
1785146099.525198,7880,7448,2317,4174,192.0300,89.6200
1785146099.549608,7880,7505,2317,4118,192.0300,89.6200
1785146099.574266,7880,7589,2317,4118,194.7400,89.5600
1785146099.599094,7880,7589,2261,4118,194.7400,89.5600
1785146099.624134,7852,7523,2233,4071,194.7400,89.5600
1785146099.652891,7852,7486,2298,4146,194.7400,89.5600
1785146099.675218,7899,7476,2289,4174,189.3300,89.6200
1785146099.700340,7899,7505,2336,4174,189.3300,89.6200
1785146099.726431,7917,7533,2261,5234,189.3300,89.6200
1785146099.751740,7955,7458,2317,4118,189.3300,89.6200
1785146099.776701,7889,7533,2326,4099,192.0300,89.6200
1785146099.802232,7889,7542,2223,4128,192.0300,89.6200
1785146099.827341,7889,7542,2261,4137,194.7400,89.5600
1785146099.852558,7936,7430,2251,4165,194.7400,89.5600
1785146099.878533,7936,7542,2233,4099,189.3300,89.5600
1785146099.904682,7927,7542,2223,4099,189.3300,89.5600
1785146099.928453,7983,7514,2298,4081,194.7400,89.5600
1785146099.953614,7964,7561,2280,4099,194.7400,89.5600
1785146099.979778,7964,7542,2280,4137,192.0300,89.6200
1785146100.004327,7927,7542,2223,4446,192.0300,89.6200
1785146100.029121,8002,7551,2204,4493,194.7400,89.6900
1785146100.055069,8002,7551,2261,4493,194.7400,89.6900
1785146100.080086,8011,7617,2186,4381,192.0300,89.6200
1785146100.105310,8011,7617,2251,3987,192.0300,89.6200
1785146100.131799,7992,7627,2251,5225,194.7400,89.6200
1785146100.156568,7992,7627,2242,5225,194.7400,89.6200
1785146100.181521,7992,7627,2233,4456,190.9200,89.6900
1785146100.207458,7992,7645,2195,4522,190.9200,89.6900
1785146100.232898,8021,7645,2195,4446,192.0300,89.6200
1785146100.257720,8021,7645,2242,4446,192.0300,89.6200
1785146100.283242,8058,7589,2139,4446,190.4300,89.4400
1785146100.308380,8058,7645,2148,4146,190.4300,89.4400
1785146100.334204,8058,7627,2139,4146,183.9200,89.4400
1785146100.359163,8011,7617,2139,4465,183.9200,89.4400
1785146100.384113,8133,7655,2195,4268,186.6200,89.5600
1785146100.409245,7983,7608,2242,4437,186.6200,89.5600
1785146100.435338,8002,7608,2214,4203,185.6200,89.6200
1785146100.460292,8002,7627,2214,4203,185.6200,89.6200
1785146100.485751,8105,7720,2176,4203,190.4300,89.5600
1785146100.511057,8105,7664,2186,4428,190.4300,89.5600
1785146100.536068,8114,7683,2176,4587,186.6200,89.5600
1785146100.561316,8067,7702,2120,4240,186.6200,89.5600
1785146100.587717,8067,7702,2167,4240,183.9200,89.4400
1785146100.612988,8067,7702,2214,4512,183.9200,89.4400
1785146100.637077,8067,7683,2167,4540,175.8000,89.4400
1785146100.663256,8086,7683,2129,4540,180.3100,89.5000
1785146100.688285,8133,7673,2120,4662,180.3100,89.5000
1785146100.713272,8133,7758,2111,4456,180.3100,89.5000
1785146100.739047,8086,7720,2129,4240,182.1500,89.5000
1785146100.764340,8077,7730,2120,4606,182.1500,89.5000
1785146100.789219,8077,7758,2120,4700,177.6600,89.5600
1785146100.818351,8077,7711,2092,4334,181.2100,89.5600
1785146100.840063,8021,7711,2092,4446,181.2100,89.5600
1785146100.865064,8105,7748,2054,4465,181.2100,89.5600
1785146100.891257,8105,7739,2139,4465,181.2100,89.5000
1785146100.916480,8067,7805,2073,4118,178.5100,89.4400
1785146100.941318,8086,7758,2139,4052,178.5100,89.4400
1785146100.968406,8114,7748,2073,4653,181.2100,89.4400
1785146100.992075,8114,7730,2092,4522,181.2100,89.4400
1785146101.018723,8142,7777,2073,4522,179.3900,89.4400
1785146101.043112,8077,7748,2158,4597,179.3900,89.4400
1785146101.071133,8077,7730,2054,4634,178.5100,89.4400
1785146101.093159,8349,7814,2045,4634,178.5100,89.4400
1785146101.119450,8227,7730,2139,5131,178.5100,89.4400
1785146101.144678,8105,7748,2007,5131,178.5100,89.4400
1785146101.169972,8105,7814,2026,5131,175.0100,89.4400
1785146101.194476,8105,7824,2026,3996,175.0100,89.4400
1785146101.219907,8105,7824,2073,3996,179.3900,89.5000
1785146101.246444,8142,7758,2054,4559,179.3900,89.5000
1785146101.273672,8152,7824,2045,4400,172.3600,89.5600
1785146101.296279,8208,7767,2007,4400,172.3600,89.5600
1785146101.321181,8208,7777,2045,4400,173.1000,89.5600
1785146101.347383,8208,7777,2036,4400,173.1000,89.5600
1785146101.372546,8171,7824,2007,4400,176.6300,89.6200
1785146101.397096,8171,7842,2092,4400,176.6300,89.6200
1785146101.422064,8255,7861,2017,4400,172.3600,89.5600
1785146101.448051,8189,7795,2036,3912,172.3600,89.5600
1785146101.473588,8189,7795,2054,3931,176.6300,89.4400
1785146101.498355,8189,7852,2054,3949,176.6300,89.4400
1785146101.524141,8264,7852,2036,3949,169.7100,89.5000
1785146101.549099,8264,7805,2007,3949,169.7100,89.5000
1785146101.575752,8180,7861,1989,4325,170.4000,89.5600
1785146101.600629,8180,7889,1989,4259,170.4000,89.5600
1785146101.625321,8218,7861,1979,4278,173.1000,89.5000
1785146101.650584,8218,7870,2092,4278,173.1000,89.5000
1785146101.676208,8236,7889,1970,4343,173.1000,89.5000
1785146101.701642,8274,7974,2054,4156,173.1000,89.5000
1785146101.729218,8199,7842,2064,4371,170.4000,89.5000
1785146101.752163,8189,7842,2045,4906,170.4000,89.5000
1785146101.777075,8274,7899,2017,4568,173.1000,89.4400
1785146101.802072,8302,7861,2036,5028,173.1000,89.4400
1785146101.828412,8302,7880,2017,4709,167.6900,89.3700
1785146101.853012,8274,7833,2017,4522,167.6900,89.3700
1785146101.878064,8218,7899,1998,4522,167.6900,89.3700
1785146101.904034,8264,7899,2045,4522,167.6900,89.3700
1785146101.930350,8311,7889,2045,5206,164.9900,89.4400
1785146101.954831,8302,7964,1998,4615,164.9900,89.4400
1785146101.980630,8171,7889,1998,4709,164.9900,89.5000
1785146102.005367,8171,7889,1979,4681,164.9900,89.5000
1785146102.030077,8255,7908,1979,4343,167.6900,89.5600
1785146102.056306,8274,7908,1932,4615,167.6900,89.5600
1785146102.081063,8283,7889,1998,4512,167.6900,89.5600
1785146102.106075,8283,7889,1989,4512,167.6900,89.5600
1785146102.132116,8274,7927,1961,4606,162.2800,89.5000
1785146102.157356,8274,8002,1942,4550,162.2800,89.5000
1785146102.183386,8283,7992,1951,4531,165.5900,89.5000
1785146102.208496,8358,7936,1895,4484,165.5900,89.5000
1785146102.233560,8339,7964,1914,4493,161.7500,89.5000
1785146102.258477,8339,7964,1979,4493,161.7500,89.5000
1785146102.284665,8358,7964,1979,4540,164.9900,89.4400
1785146102.309536,8358,7945,1961,4475,164.9900,89.4400
1785146102.334913,8358,8002,1876,4418,156.8700,89.3700
1785146102.360158,8377,7927,1895,4493,156.8700,89.3700
1785146102.386601,8302,8030,1895,4503,154.1700,89.3700
1785146102.410273,8405,7983,1979,4428,154.1700,89.3700
1785146102.436339,8349,7983,1876,4390,156.8700,89.3100
1785146102.461318,8377,8011,1829,4428,156.8700,89.3100
1785146102.486285,8386,8002,1886,4428,154.1700,89.3100
1785146102.512553,8386,7992,1876,4428,154.1700,89.3100
1785146102.538056,8293,8011,1867,4371,156.8700,89.3100
1785146102.562193,8368,7992,1895,4334,156.8700,89.3100
1785146102.588126,8349,8067,1942,4362,146.0500,89.1900
1785146102.613202,8349,7964,1942,4381,146.0500,89.1900
1785146102.638713,8490,8039,1886,4353,140.6400,89.1200
1785146102.664160,8339,8002,1979,4446,140.6400,89.1200
1785146102.689316,8415,8067,1876,5272,146.0500,89.1200
1785146102.714390,8415,8030,1857,4362,146.0500,89.1200
1785146102.741456,8415,8096,1857,4362,146.0500,89.1200
1785146102.765441,8377,8011,1848,4362,143.3500,89.1200
1785146102.790074,8461,8021,1895,4353,143.3500,89.1200
1785146102.815913,8433,8049,1942,4334,143.3500,89.1200
1785146102.841471,8405,8049,1895,4428,148.7600,89.1900
1785146102.867339,8443,8030,1829,4343,148.7600,89.3100
1785146102.891206,8471,8002,1904,4409,148.7600,89.3100
1785146102.918353,8471,8077,1839,4409,151.4600,89.3700
1785146102.942134,8368,8077,1979,4353,151.4600,89.3700
1785146102.968679,8368,8096,1886,4493,148.7600,89.3700
1785146102.993385,8415,8039,1904,4493,148.7600,89.3700
1785146103.019613,8415,8058,1839,4306,146.0500,89.3700
1785146103.043329,8415,8105,1923,4362,146.0500,89.3700
1785146103.069980,8405,8086,1886,4362,151.4600,89.3700
1785146103.094495,8415,8049,1848,4437,151.4600,89.3700
1785146103.120143,8555,8105,1820,4343,143.1900,89.2500
1785146103.145127,8443,8114,1848,4353,143.1900,89.2500
1785146103.170114,8452,8086,1914,4362,149.0300,89.2500
1785146103.195839,8405,8058,1867,4221,149.0300,89.2500
1785146103.221131,8499,8086,1867,4278,137.9400,89.1900
1785146103.246402,8415,8086,1820,4184,137.9400,89.1900
1785146103.271273,8471,8105,1839,4240,140.6400,89.1900
1785146103.297781,8358,8124,1895,4343,140.6400,89.1900
1785146103.323242,8471,8133,1886,4249,140.6400,89.1900
1785146103.347204,8396,8133,1773,4240,140.6400,89.1900
1785146103.373152,8461,8133,1848,4296,137.9400,89.2500
1785146103.398180,8461,8161,1792,4231,137.9400,89.2500
1785146103.424070,8461,8105,1810,4325,135.2300,89.2500
1785146103.451381,8490,8105,1886,4259,135.2300,89.2500
1785146103.477994,8518,8124,1857,4287,140.6400,89.3700
1785146103.502917,8461,8124,1754,4268,140.6400,89.3700
1785146103.528575,8443,8142,1764,4221,137.8900,89.3700
1785146103.551661,8471,8152,1792,4278,137.8900,89.3700
1785146103.576403,8480,8152,1801,4231,140.6400,89.2500
1785146103.601273,8480,8142,1810,4221,140.6400,89.2500
1785146103.627729,8518,8208,1810,4184,143.5100,89.1900
1785146103.651654,8658,8171,1782,4231,143.5100,89.1900
1785146103.677274,8499,8208,1773,4212,140.5400,89.1200
1785146103.702718,8499,8171,1810,4249,140.5400,89.1200
1785146103.727006,8555,8208,1895,4231,149.0300,89.1900
1785146103.753467,8480,8171,1782,4278,149.0300,89.1900
1785146103.778472,8546,8152,1782,4278,140.5400,89.1900
1785146103.803181,8490,8227,1857,4174,140.5400,89.1900
1785146103.829520,8565,8218,1848,4165,149.0300,89.1900
1785146103.854112,8527,8199,1773,4174,149.0300,89.1900
1785146103.879178,8527,8189,1754,4174,143.1900,89.2500
1785146103.906057,8583,8218,1745,4231,143.1900,89.2500
1785146103.930110,8630,8218,1801,4203,140.6400,89.1900
1785146103.954996,8546,8171,1848,4193,140.6400,89.1900
1785146103.982066,8621,8189,1726,4221,140.6400,89.2500
1785146104.006749,8574,8208,1735,4146,140.6400,89.2500
1785146104.031081,8546,8180,1801,4174,143.3500,89.3100
1785146104.057119,8602,8246,1801,4165,143.3500,89.3100
1785146104.082186,8640,8208,1735,4128,146.0500,89.3700
1785146104.107596,8508,8264,1773,4174,146.0500,89.3700
1785146104.133434,8649,8255,1735,4099,140.6400,89.5000
1785146104.158131,8583,8246,1792,4193,140.6400,89.5000
1785146104.183085,8565,8246,1848,4156,146.2700,89.5000
1785146104.209321,8565,8227,1792,4165,146.2700,89.5000
1785146104.236246,8565,8236,1792,4165,137.9400,89.5000
1785146104.259271,8602,8236,1810,4128,137.9400,89.5000
1785146104.284805,8668,8227,1754,4212,143.1900,89.5000
1785146104.311064,8630,8218,1735,4156,143.1900,89.5000
1785146104.335297,8574,8227,1745,4184,143.3500,89.5000
1785146104.360867,8574,8255,1745,4221,143.3500,89.5000
1785146104.386698,8677,8283,1735,4184,143.3500,89.5600
1785146104.410986,8724,8218,1820,4165,143.3500,89.5600
1785146104.436007,8518,8246,1810,4165,143.5100,89.5000
1785146104.462372,8640,8236,1698,4165,143.5100,89.5000
1785146104.487017,8687,8255,1792,4109,135.2300,89.3700
1785146104.512025,8687,8255,1801,4212,135.2300,89.3700
1785146104.538273,8687,8283,1717,4156,132.5800,89.3100
1785146104.563694,8668,8264,1764,4156,129.8300,89.3100
1785146104.588346,8668,8283,1689,4203,129.8300,89.3100
1785146104.614017,8621,8264,1735,4193,129.8300,89.3100
1785146104.638996,8630,8255,1754,4193,127.1200,89.2500
1785146104.664042,8687,8227,1735,4184,127.1200,89.2500
1785146104.690290,8696,8246,1745,4240,127.1200,89.1900
1785146104.715447,8649,8283,1754,4137,124.4200,89.1900
1785146104.740055,8687,8255,1735,4559,124.4200,89.1900
1785146104.766169,8687,8311,1698,4231,124.4200,89.1900
1785146104.792077,8668,8293,1754,4156,129.8300,89.1900
1785146104.816912,8658,8274,1707,4156,126.9500,89.1200
1785146104.842103,8621,8283,1707,4184,126.9500,89.1200
1785146104.868532,8630,8293,1707,4118,124.6300,89.1900
1785146104.892391,8715,8283,1792,4184,124.6300,89.1900
1785146104.919210,8630,8321,1717,4128,129.8300,89.2500
1785146104.943470,8705,8293,1726,4118,129.8300,89.2500
1785146104.969495,8705,8293,1660,4156,129.8300,89.3100
1785146104.994120,8762,8321,1698,4118,129.8300,89.3100
1785146105.020868,8677,8283,1670,4249,132.5300,89.3100
1785146105.045017,8677,8330,1735,4156,132.5300,89.3100
1785146105.070904,8677,8358,1745,4128,132.4700,89.3700
1785146105.095279,8733,8330,1717,4146,132.4700,89.3700
1785146105.120291,8733,8283,1745,4174,132.5800,89.3700
1785146105.147836,8677,8311,1707,4109,132.5800,89.3700
1785146105.170951,8677,8311,1707,4128,137.9900,89.3100
1785146105.195975,8696,8386,1745,4231,137.9900,89.3100
1785146105.222216,8705,8377,1642,4099,135.2300,89.3100
1785146105.248381,8762,8358,1792,4090,135.2300,89.3100
1785146105.272460,8799,8358,1754,4090,129.9300,89.3100
1785146105.298172,8743,8377,1670,4156,129.9300,89.3100
1785146105.324881,8743,8452,1782,4156,135.2300,89.3100
1785146105.348413,8743,8452,1698,4156,135.2300,89.3100
1785146105.375832,8733,8358,1651,4081,135.2300,89.3100
1785146105.398992,8733,8358,1679,4071,135.2300,89.3100
1785146105.423957,8715,8349,1726,4071,137.9900,89.2500
1785146105.450444,8715,8377,1642,4062,137.9900,89.2500
1785146105.475454,8715,8424,1670,4137,132.5800,89.3100
1785146105.501017,8715,8424,1651,4071,132.5800,89.3100
1785146105.526178,8743,8405,1717,4071,135.2300,89.3700
1785146105.551196,8743,8405,1698,4090,135.2300,89.3700
1785146105.576364,8743,8424,1745,4081,137.9400,89.4400
1785146105.602559,8733,8405,1670,4118,137.9400,89.4400
1785146105.627465,8771,8424,1651,4099,135.2300,89.5000
1785146105.653329,8733,8424,1623,4090,135.2300,89.5000
1785146105.678089,8752,8433,1613,4090,132.5300,89.5600
1785146105.703392,8790,8396,1642,4118,132.5300,89.5600
1785146105.728550,8827,8443,1632,4118,135.2300,89.5600
1785146105.754046,8827,8405,1679,4118,135.2300,89.5600
1785146105.779125,8799,8433,1642,4034,135.2300,89.5600
1785146105.803942,8780,8424,1651,4099,135.2300,89.5600
1785146105.830368,8846,8415,1595,4062,135.2300,89.5600
1785146105.855097,8837,8405,1632,4146,135.2300,89.5600
1785146105.879986,8921,8452,1717,4062,135.2300,89.5600
1785146105.905936,8837,8452,1679,4081,135.2300,89.5600
1785146105.931134,8799,8424,1670,4062,132.5300,89.4400
1785146105.957091,8808,8433,1642,4043,132.5300,89.4400
1785146105.981959,8818,8433,1623,4118,135.2300,89.4400
1785146106.006928,8865,8461,1623,4062,135.2300,89.4400
1785146106.031905,8780,8424,1595,4090,132.5300,89.4400
1785146106.058484,8780,8461,1632,4062,132.5300,89.4400
1785146106.084560,8752,8480,1613,4081,132.5300,89.4400
1785146106.107956,8959,8499,1585,4052,132.5300,89.4400
1785146106.133974,8818,8433,1595,4099,129.8300,89.4400
1785146106.159372,8865,8471,1679,4099,129.8300,89.4400
1785146106.185509,8818,8471,1613,4062,127.1200,89.5000
1785146106.209970,8912,8443,1595,4090,127.1200,89.5000
1785146106.234869,8846,8480,1642,4099,127.1200,89.5000
1785146106.259887,8780,8527,1689,4052,127.1200,89.5000
1785146106.286170,8762,8508,1651,4071,124.4200,89.3700
1785146106.310958,8827,8452,1670,4109,124.4200,89.3700
1785146106.336149,8874,8490,1670,4099,127.1200,89.3700
1785146106.361993,8762,8490,1689,4099,127.1200,89.3700
1785146106.387261,8818,8508,1689,4146,127.1200,89.3700
1785146106.412946,8930,8527,1679,4081,127.1200,89.3700
1785146106.437914,8846,8536,1660,4118,127.1200,89.3700
1785146106.463319,8799,8508,1660,4146,127.1200,89.3700
1785146106.488009,8865,8565,1642,4203,124.4200,89.3700
1785146106.514169,8846,8527,1642,4137,119.0100,89.3700
1785146106.538864,8855,8518,1604,4137,119.0100,89.3700
1785146106.563926,8846,8527,1585,4137,119.0100,89.3700
1785146106.589880,8827,8546,1642,4128,119.0100,89.3700
1785146106.616057,8912,8527,1642,4099,121.7100,89.3100
1785146106.641004,8865,8527,1595,4118,121.7100,89.3100
1785146106.665941,8921,8527,1660,4071,119.0100,89.3100
1785146106.691391,8865,8527,1576,4071,119.0100,89.3100
1785146106.717190,8865,8602,1604,4118,119.0100,89.3100
1785146106.742641,8893,8602,1623,4099,119.0100,89.3100
1785146106.766982,8912,8602,1585,4128,119.0100,89.3100
1785146106.792285,8912,8546,1689,4128,119.0100,89.3100
1785146106.820661,8912,8518,1623,4015,119.3200,89.4400
1785146106.843619,8884,8555,1642,4128,119.3200,89.4400
1785146106.869734,8884,8555,1604,4165,118.6800,89.4400
1785146106.893997,8968,8565,1567,4165,118.6800,89.4400
1785146106.920136,8893,8602,1604,4165,116.3000,89.3700
1785146106.944041,9015,8621,1613,4156,116.3000,89.3700
1785146106.971013,8996,8621,1585,4109,111.3700,89.3100
1785146106.995616,8930,8611,1632,4081,111.3700,89.3100
1785146107.020445,8977,8565,1613,4146,118.6800,89.3100
1785146107.046209,8996,8593,1538,4118,118.6800,89.3100
1785146107.071209,9062,8583,1567,4128,114.0200,89.3100
1785146107.096252,8921,8611,1595,4146,114.0200,89.3100
1785146107.121797,8977,8602,1604,4118,118.6800,89.3100
1785146107.146777,8996,8630,1567,4128,118.6800,89.3100
1785146107.171637,9024,8593,1576,4165,121.9800,89.2500
1785146107.198949,9015,8611,1642,4118,121.9800,89.2500
1785146107.222865,9015,8583,1548,4071,121.7100,89.3700
1785146107.247801,9024,8640,1557,4081,121.7100,89.3700
1785146107.274226,9005,8630,1576,4099,126.9500,89.4400
1785146107.299345,9015,8611,1576,4099,126.9500,89.4400
1785146107.324281,8977,8621,1557,4052,121.7100,89.5600
1785146107.348875,8940,8621,1567,4109,121.7100,89.5600
1785146107.374870,8893,8593,1567,4109,121.7100,89.6200
1785146107.399748,9062,8630,1576,4034,121.7100,89.6200
1785146107.424932,8949,8621,1604,4034,119.3200,89.5600
1785146107.451026,8912,8630,1548,4062,119.3200,89.5600
1785146107.475851,8959,8677,1613,4071,121.7100,89.5600
1785146107.501499,9005,8649,1567,4090,121.7100,89.5600
1785146107.527064,8912,8668,1585,4071,121.4400,89.5600
1785146107.552165,9118,8640,1613,4024,121.4400,89.5600
1785146107.577273,8940,8658,1595,4071,119.3200,89.5600
1785146107.602690,8968,8658,1595,4052,119.3200,89.5600
1785146107.627779,9005,8668,1557,4109,121.4400,89.6200
1785146107.652950,9005,8677,1595,4015,121.4400,89.6200
1785146107.678955,8996,8687,1604,4090,121.9800,89.6200
1785146107.703809,8996,8668,1632,4043,121.9800,89.6200
1785146107.728938,9015,8658,1595,3987,119.0100,89.5600
1785146107.755292,9099,8658,1557,4052,119.0100,89.5600
1785146107.780247,9071,8668,1585,4006,121.4400,89.5000
1785146107.805165,8987,8677,1595,4062,121.4400,89.5000
1785146107.830845,9052,8687,1595,4034,114.0200,89.5000
1785146107.855723,9043,8668,1576,4118,114.0200,89.5000
1785146107.881064,9071,8677,1529,4043,119.0100,89.4400
1785146107.906838,8987,8705,1613,4081,119.0100,89.4400
1785146107.931688,9099,8705,1595,4081,116.3000,89.3700
1785146107.956946,9062,8715,1595,4081,116.3000,89.3700
1785146107.983025,9062,8715,1557,4081,115.9200,89.3100
1785146108.008906,9062,8724,1567,4081,115.9200,89.3100
1785146108.033025,9109,8668,1567,4099,116.3000,89.2500
1785146108.058990,9062,8649,1651,4099,116.3000,89.2500
1785146108.083724,9062,8677,1520,4043,110.8900,89.2500
1785146108.109142,9062,8705,1585,4156,110.8900,89.2500
1785146108.134826,9146,8705,1538,3996,111.3700,89.2500
1785146108.159727,9146,8715,1595,3987,111.3700,89.2500
1785146108.184699,8968,8668,1557,3987,110.8900,89.3100
1785146108.210985,9137,8733,1642,4062,110.8900,89.3100
1785146108.235971,9127,8780,1538,4062,110.8900,89.4400
1785146108.260890,9052,8752,1623,4062,110.8900,89.4400
1785146108.286747,9052,8733,1613,4062,110.4000,89.4400
1785146108.311683,9071,8733,1538,4024,110.4000,89.4400
1785146108.338220,9024,8705,1576,4024,110.8900,89.5000
1785146108.363106,9024,8733,1538,4024,110.8900,89.5000
1785146108.387792,9024,8771,1538,4024,108.7200,89.5000
1785146108.413180,9156,8771,1585,4024,108.7200,89.5000
1785146108.438984,9015,8724,1567,4024,110.8900,89.5000
1785146108.464109,9015,8771,1651,4034,110.4000,89.5000
1785146108.488946,9099,8762,1548,4034,110.4000,89.5000
1785146108.514672,9071,8771,1548,4034,110.4000,89.5000
1785146108.539725,8987,8808,1492,4034,108.7200,89.4400
1785146108.566940,8987,8762,1510,4034,108.1900,89.4400
1785146108.592952,9099,8808,1576,4006,108.1900,89.4400
1785146108.619435,9090,8733,1567,4024,110.4000,89.4400
1785146108.644383,9184,8752,1548,4024,110.4000,89.4400
1785146108.672345,9118,8790,1613,4024,108.7200,89.3700
1785146108.694970,9137,8799,1520,4043,108.7200,89.3700
1785146108.720559,9174,8743,1538,4043,108.1900,89.3700
1785146108.743711,9174,8743,1604,4043,108.1900,89.3700
1785146108.771592,9127,8752,1520,4043,107.6400,89.3700
1785146108.793885,9193,8799,1567,4043,107.6400,89.3700
1785146108.820224,9146,8790,1567,4024,100.7600,89.3100
1785146108.843912,9146,8808,1613,4024,100.7600,89.3100
1785146108.870107,9146,8799,1501,4052,108.1900,89.3700
1785146108.895092,9146,8799,1529,4043,108.1900,89.3700
1785146108.921185,9015,8799,1538,4043,105.4800,89.3100
1785146108.944963,9015,8790,1520,4043,105.4800,89.3100
1785146108.970698,9052,8827,1473,4128,108.1900,89.3100
1785146108.995847,9109,8799,1501,4052,108.1900,89.3100
1785146109.021264,9137,8808,1520,4052,105.4800,89.3100
1785146109.047364,9137,8818,1538,4052,105.4800,89.3100
1785146109.071800,9137,8799,1529,4062,105.4800,89.3100
1785146109.097313,9137,8818,1557,4081,105.4800,89.3100
1785146109.122535,9127,8818,1557,4109,108.1900,89.3100
1785146109.148107,9184,8808,1529,4109,108.1900,89.3100
1785146109.172822,9184,8808,1651,4081,105.4800,89.3700
1785146109.197703,9184,8808,1548,4099,105.4800,89.3700
1785146109.223614,9184,8837,1548,4099,105.4800,89.4400
1785146109.248662,9184,8837,1585,4090,105.4800,89.4400
1785146109.273879,9193,8855,1567,4090,102.7800,89.4400
1785146109.299881,9109,8874,1501,4090,102.7800,89.4400
1785146109.324694,9193,8874,1651,4062,102.7800,89.4400
1785146109.350164,9193,8874,1492,4090,102.7800,89.4400
1785146109.376953,9249,8884,1595,4052,105.4800,89.3700
1785146109.401009,9202,8884,1595,4006,105.4800,89.3700
1785146109.426575,9184,8837,1501,4052,108.1900,89.3700
1785146109.451804,9193,8884,1492,4062,108.1900,89.3700
1785146109.477042,9174,8837,1482,4128,102.7800,89.3700
1785146109.501914,9174,8893,1501,4071,102.7800,89.3700
1785146109.527960,9174,8893,1585,4052,108.1900,89.3700
1785146109.552610,9174,8902,1454,4034,108.1900,89.3700
1785146109.577863,9174,8893,1548,4071,102.7800,89.3700
1785146109.603897,9174,8818,1538,4043,102.7800,89.3700
1785146109.629468,9287,8902,1538,4071,97.3700,89.4400
1785146109.654233,9212,8846,1482,4062,97.3700,89.4400
1785146109.679551,9165,8912,1538,4062,100.0700,89.4400
1785146109.705235,9156,8902,1538,4071,100.0700,89.4400
1785146109.730114,9156,8893,1557,4034,92.8100,89.3700
1785146109.755846,9231,8893,1538,4034,92.8100,89.3700
1785146109.780843,9109,8874,1557,4118,92.8100,89.3700
1785146109.806003,9240,8949,1501,4062,92.8100,89.3700
1785146109.832255,9193,8874,1567,4062,92.8100,89.3700
1785146109.857530,9268,8874,1445,4062,92.8100,89.3700
1785146109.882084,9287,8874,1548,4071,92.8100,89.3700
1785146109.907586,9287,8855,1445,4081,92.8100,89.3700
1785146109.932584,9202,8865,1454,4081,92.8100,89.3700
1785146109.957852,9231,8884,1454,4081,92.8100,89.3700
1785146109.983598,9174,8855,1463,4099,92.8100,89.3700
1785146110.009058,9184,8874,1473,4062,92.8100,89.3700
1785146110.033684,9184,8921,1585,4090,92.8100,89.3700
1785146110.059844,9221,8884,1567,4118,92.8100,89.3700
1785146110.085184,9343,8884,1529,4071,92.8100,89.3700
1785146110.109723,9296,8837,1548,4081,14.2400,89.3100
1785146110.135750,9240,8921,1529,4062,14.2400,89.3100
1785146110.161151,9240,8855,1548,4081,10.8200,87.6200
1785146110.186084,9221,8855,1520,4024,10.8200,87.6200
1785146110.211725,9287,8855,1548,4024,8.1100,84.7500
1785146110.236710,9287,8837,1520,4099,8.1100,84.7500
1785146110.261999,9287,8818,1548,4137,10.8200,81.0000
1785146110.287778,9287,8827,1529,4137,10.8200,81.0000
1785146110.313142,9231,8799,1567,4137,2.7000,76.6900
1785146110.338021,9231,8771,1557,4071,2.7000,76.6900
1785146110.363622,9231,8827,1529,4071,2.7000,72.3100
1785146110.388600,9156,8837,1548,4099,2.7000,72.3100
1785146110.413759,9127,8790,1548,4071,-2.7000,67.9400
1785146110.440033,9071,8799,1548,4062,-2.7000,67.9400
1785146110.464493,9099,8827,1595,4062,2.7000,63.5000
1785146110.489675,9043,8762,1548,4128,2.7000,63.5000
1785146110.515899,8996,8837,1520,4099,-2.7000,59.2500
1785146110.541535,9005,8808,1520,4128,-2.7000,59.2500
1785146110.565934,9005,8733,1576,4081,2.7000,55.0600
1785146110.592180,9005,8752,1520,4174,2.7000,55.0600
1785146110.617264,9024,8780,1548,4128,-2.7000,51.0600
1785146110.642702,9090,8743,1567,4212,-2.7000,51.0600
1785146110.667125,9090,8818,1510,4156,5.4100,47.0000
1785146110.692536,9109,8808,1482,4156,5.4100,47.0000
1785146110.717535,9259,8827,1595,4146,5.4100,43.0600
1785146110.742903,9193,8780,1651,4193,5.4100,43.0600
1785146110.769439,9156,8790,1689,4193,2.7000,39.3100
1785146110.794016,9231,8733,1745,4174,2.7000,39.3100
1785146110.818617,9193,8733,1735,4099,0.0000,35.5600
1785146110.845931,9156,8733,1735,4146,5.4100,32.0600
1785146110.869852,9146,8715,1689,4156,5.4100,32.0600
1785146110.895029,9127,8565,1679,4156,5.4100,32.0600
1785146110.921093,9118,8630,1745,4165,2.7000,28.6900
1785146110.946383,9099,8640,1689,4165,2.7000,28.6900
1785146110.971140,9081,8602,1632,4231,2.7000,25.6200
1785146110.996985,9062,8611,1660,5253,5.4100,22.5000
1785146111.022680,9071,8649,1707,4240,5.4100,22.5000
1785146111.046785,9137,8658,1651,4306,5.4100,22.5000
1785146111.073521,9052,8640,1604,4203,2.7000,19.5600
1785146111.098179,9024,8668,1623,4231,5.4100,16.9400
1785146111.123681,8996,8677,1585,4343,5.4100,16.9400
1785146111.153409,9015,8658,1642,4381,2.7000,14.7500
1785146111.174201,9043,8696,1782,4400,2.7000,14.7500
1785146111.202275,9043,8724,1660,4437,2.7000,12.7500
1785146111.226007,9052,8696,1660,4353,2.7000,12.7500
1785146111.251949,9052,8715,1585,4475,5.4100,10.9400
1785146111.275595,9015,8677,1623,4343,5.4100,10.9400
1785146111.302996,9034,8649,1707,4484,5.4100,9.1900
1785146111.326500,9015,8649,1651,4306,5.4100,9.1900
1785146111.352258,9034,8658,1679,4334,2.7000,7.4400
1785146111.376567,9015,8705,1651,4306,2.7000,7.4400
1785146111.401468,8977,8696,1623,4268,2.7000,6.0000
1785146111.426476,8996,8733,1642,4231,2.7000,6.0000
1785146111.453161,8996,8752,1595,4118,2.7000,4.8100
1785146111.477579,8987,8771,1604,4128,2.7000,4.8100
1785146111.502547,8968,8715,1576,4099,10.8200,3.4400
1785146111.529489,8987,8724,1557,4109,10.8200,3.4400
1785146111.553642,8987,8715,1642,4128,5.4100,1.9400
1785146111.578995,8968,8743,1642,4062,5.4100,1.9400
1785146111.604620,8977,8705,1576,4118,5.4100,1.9400
1785146111.629744,8987,8696,1623,4099,5.4100,1.9400
1785146111.655804,9005,8762,1651,4081,5.4100,1.9400
1785146111.681060,9005,8762,1632,4109,5.4100,1.9400
1785146111.705694,8987,8799,1576,4052,5.4100,1.9400
1785146111.730512,8987,8752,1679,4024,5.4100,1.9400
1785146111.756613,8987,8771,1651,4052,5.4100,1.9400
1785146111.783047,8996,8752,1623,4015,5.4100,1.9400
1785146111.806844,8977,8762,1623,4034,5.4100,1.9400
1785146111.832676,8959,8733,1604,3987,5.4100,1.9400
1785146111.857500,8940,8733,1660,4006,5.4100,1.9400
