timestamp,d0,d1,d2,d3,v_mm_s,gz
1784345428.386976,9709,8583,2129,3715,0.0000,0.0600
1784345428.432160,9643,8593,2101,3734,18.2000,-0.1200
1784345428.477835,9596,8611,2045,3687,59.5000,1.0000
1784345428.522339,9437,8593,2054,3724,100.0700,-0.1900
1784345428.566998,9362,8602,2129,3724,100.0700,-0.1900
1784345428.611984,9296,8602,2204,3696,110.8900,0.8800
1784345428.656984,9315,8602,2176,3696,119.0100,-0.1900
1784345428.701959,9334,8565,2092,3724,127.1200,0.2500
1784345428.746193,9334,8611,2195,3734,127.1200,0.9400
1784345428.790970,9615,8602,2167,3705,129.8300,0.0600
1784345428.835310,9634,8593,2120,3715,135.2300,-0.1900
1784345428.880908,9681,8555,2204,3687,137.9400,1.5000
1784345428.925229,9737,8583,2167,3677,143.3500,-0.1900
1784345428.970652,9653,8555,2148,3668,137.8900,0.2500
1784345429.015352,9681,8602,2139,3668,137.8900,0.2500
1784345429.060977,9718,8565,2129,3705,146.0500,0.6300
1784345429.106060,9643,8574,2120,3649,151.7900,1.2500
1784345429.150961,9606,8611,2148,3724,151.4600,-0.6300
1784345429.195951,9559,8621,2176,3658,153.8000,-0.2500
1784345429.241303,9531,8583,2083,3734,160.0700,2.1300
1784345429.286932,9606,8611,2045,3658,159.1000,-1.4400
1784345429.332116,9578,8640,2111,3640,165.5900,-0.6300
1784345429.376929,9456,8583,2158,3612,164.9900,0.8100
1784345429.423073,9606,8593,2139,3649,170.4000,0.0600
1784345429.467947,9756,8602,2345,3630,170.4000,0.0600
1784345429.512987,9465,8555,2439,3574,173.1000,2.8800
1784345429.558393,9512,8527,2317,3602,178.5100,-0.2500
1784345429.602617,9390,8499,2242,3574,182.9600,-0.8100
1784345429.647929,9362,8499,2251,3555,184.9100,-2.2500
1784345429.693090,9456,8415,2270,3630,192.0300,-0.8100
1784345429.738332,9493,8433,2289,3518,189.3300,-2.3100
1784345429.784067,9531,8443,2373,3574,202.8500,-1.5600
1784345429.828993,9475,8527,2448,3508,205.5600,1.1200
1784345429.874364,9531,8499,2580,3508,198.8700,0.3100
1784345429.919588,9399,8536,2570,3527,206.9900,0.8100
1784345429.964455,9390,9146,2589,3480,206.9900,0.8100
1784345430.009867,9493,8874,2589,3480,200.1500,0.4400
1784345430.052378,9493,9024,2420,3537,208.2600,1.5000
1784345430.096961,9381,8724,2308,3499,193.5700,-0.8800
1784345430.142297,9428,8902,2270,3499,212.5100,-1.2500
1784345430.187463,9306,8621,2242,3527,206.8300,0.6300
1784345430.232138,9362,8527,2251,3471,204.2300,1.7500
1784345430.276953,9362,8480,2308,3424,198.8700,1.6900
1784345430.322588,9324,8386,2289,3452,209.7500,1.4400
1784345430.366907,9324,8377,2289,3415,209.7500,1.4400
1784345430.412277,9381,8471,2280,3415,206.8300,-0.1200
1784345430.457293,9465,8396,2364,3386,201.4700,1.9400
1784345430.502310,9315,8302,2420,3405,206.8300,0.7500
1784345430.547893,9296,8386,2373,3433,209.7500,-0.9400
1784345430.592942,9221,8386,2298,3377,210.9700,-1.5600
1784345430.639092,9231,8302,2298,3415,200.1500,-1.6300
1784345430.683079,9202,8396,2336,3386,201.5300,1.6300
1784345430.728047,9202,8818,2561,3415,206.9900,-1.3100
1784345430.772978,9137,8508,2645,3396,206.8300,-0.4400
1784345430.817927,9193,8490,2570,3368,206.8300,-0.4400
1784345430.862073,9156,8536,2401,3377,206.9900,1.3100
1784345430.906084,9156,8574,2373,3349,210.9700,-0.1900
1784345430.952229,9090,8677,2467,3330,204.1800,-2.6300
1784345430.995895,9099,8743,2814,3349,208.2600,0.3700
1784345431.041953,9146,8733,2861,3377,206.9900,2.1900
1784345431.086244,9090,8611,3011,3302,202.8500,0.4400
1784345431.131243,9062,8640,2636,3274,210.9700,-2.5600
1784345431.174296,9062,8611,2683,3330,202.8500,-0.2500
1784345431.219034,9127,8677,2749,3321,202.8500,-0.2500
1784345431.264509,9146,8565,2561,3340,208.2600,0.7500
1784345431.309913,9137,8733,2598,3321,205.5600,0.4400
1784345431.354193,9137,8715,2739,3255,194.7400,0.5600
1784345431.399370,9156,8912,2542,3293,200.1500,-0.5600
1784345431.443998,9156,8799,2129,3264,200.1500,0.3700
1784345431.488852,9165,8865,2101,3264,204.1800,0.7500
1784345431.533184,9127,8743,2214,3293,215.2700,0.5000
1784345431.578091,9127,8602,2092,3246,201.5300,1.5600
1784345431.623967,9184,8602,2392,3227,204.2300,-1.1900
1784345431.668385,9184,8574,2758,3255,204.2300,-1.1900
1784345431.713210,9146,8565,2692,3236,204.1800,-1.4400
1784345431.757892,9165,8583,2730,3255,209.7500,-0.6900
1784345431.804235,9193,8658,2749,3293,208.2600,0.8800
1784345431.847871,9278,8724,2636,3218,208.2600,-0.2500
1784345431.890969,9278,8724,2580,3218,201.5300,0.4400
1784345431.935242,9278,8743,2570,3199,206.9900,-0.6900
1784345431.980258,9090,8733,2627,3171,204.1800,-1.4400
1784345432.024417,9034,8790,2655,3199,198.7100,-0.0600
1784345432.070040,9071,8752,2917,3143,210.9700,-0.0600
1784345432.115432,9146,8724,2917,3124,210.9700,-0.0600
1784345432.161530,9071,8733,2645,3152,205.5600,-1.5000
1784345432.205850,9081,8724,2683,3161,192.0300,-2.0000
1784345432.250426,9071,8733,2598,3189,210.9700,-1.2500
1784345432.295510,9156,8705,2674,3133,200.1500,0.0000
1784345432.340186,9174,8733,2617,3143,202.8500,2.1300
1784345432.385023,9146,8733,2702,3096,209.4800,-0.9400
1784345432.430086,9137,8724,2758,3124,215.2700,-0.4400
1784345432.476319,9146,8752,2842,3133,198.8700,1.2500
1784345432.521427,9165,8771,2974,3171,204.2300,1.0600
1784345432.565390,9146,8752,2870,3180,204.2300,1.0600
1784345432.610906,9212,8743,2523,3161,204.1800,0.1900
1784345432.654995,9212,8762,2720,3152,212.5100,-0.8800
1784345432.700477,9118,8799,2674,3152,204.1800,-0.1900
1784345432.745789,9109,8912,2720,3124,205.5600,-0.9400
1784345432.791495,9109,8799,2692,3124,209.7500,-0.8100
1784345432.835459,9043,8705,2655,3086,208.2600,0.5600
1784345432.880374,9118,8893,2655,3105,202.8500,1.7500
1784345432.924902,9052,8808,2758,3039,205.5600,-0.7500
1784345432.970467,9090,9127,2720,3152,201.5300,-1.5000
1784345433.016113,9005,8874,2767,3096,201.5300,-1.5000
1784345433.061121,9099,8874,2805,3105,198.7100,-0.9400
1784345433.105267,9090,8846,2495,2992,201.5300,0.9400
1784345433.150805,9127,8649,2983,3096,204.2300,-0.1200
1784345433.196267,9090,9118,2880,3058,197.4400,-1.9400
1784345433.240832,9090,8855,2861,3030,202.8500,-0.6300
1784345433.285552,9015,8818,3086,3021,196.2200,0.5000
1784345433.330188,9034,8855,2749,3058,206.9900,1.6900
1784345433.375231,9081,8405,3011,2917,198.8700,1.5000
1784345433.420007,9165,8471,2730,2936,206.9900,0.0000
1784345433.465534,9184,8508,2692,3030,206.9900,0.0000
1784345433.509503,9174,8490,2674,3096,198.8700,2.1900
1784345433.555366,9090,8621,2636,3021,204.2300,0.8100
1784345433.600500,9052,8930,2702,2870,196.2200,-0.6900
1784345433.643872,9052,8602,2720,2899,198.7100,-0.3100
1784345433.687901,9015,8715,2711,2824,201.5300,-0.6300
1784345433.732265,9015,8555,2702,2786,212.5100,0.6300
1784345433.777261,9118,8733,2749,2777,202.8500,-1.6900
1784345433.823514,9043,8658,2749,2795,208.2600,-0.3700
1784345433.867820,9034,8696,2683,2749,208.2600,1.0000
1784345433.913781,8940,8640,2627,2795,208.2600,1.0000
1784345433.958496,8940,8630,2486,2805,201.5300,0.0600
1784345434.004894,9015,8583,3039,2739,201.4700,2.2500
1784345434.049876,8968,8621,2842,2739,205.5600,-0.6300
1784345434.095790,8912,8696,2861,2702,210.9700,2.5000
1784345434.140759,8959,8743,2730,2711,202.8500,-0.3700
1784345434.183206,8959,8743,2786,2692,202.8500,-1.0600
1784345434.228106,8874,8837,2749,2720,210.9700,0.6300
1784345434.273199,8902,8808,2805,2730,206.8300,0.5600
1784345434.318877,8959,8827,2767,2749,209.7500,-1.3100
1784345434.364071,9034,8855,2852,2749,209.7500,-1.3100
1784345434.410638,9127,8818,2917,2758,210.9700,0.2500
1784345434.455333,8930,8837,2946,2692,213.6700,-0.4400
1784345434.501131,9024,8855,2946,2702,210.9700,1.5600
1784345434.546860,9043,8837,2946,2692,208.2600,1.0000
1784345434.591827,9090,8837,2899,2739,208.2600,0.0000
1784345434.637841,9240,8799,2908,2692,204.1800,0.3100
1784345434.683006,8968,8912,2899,2664,205.5600,-1.1200
1784345434.727888,8808,8921,2908,2720,215.2700,-0.6300
1784345434.773179,8884,8893,2899,2767,202.8500,-2.1900
1784345434.817837,8949,8865,2936,2749,202.8500,-2.1900
1784345434.862235,9024,8865,3011,2758,205.5600,-1.8800
1784345434.906799,9024,8799,3189,2674,210.9700,1.3100
1784345434.951952,8865,8874,3227,2617,202.8500,-0.4400
1784345434.997021,8733,8865,3264,2655,205.5600,0.8100
1784345435.042058,8855,8855,3049,2655,201.5300,1.3100
1784345435.086316,8855,8902,3002,2589,204.2300,2.2500
1784345435.130763,8846,8921,2964,2645,202.8500,0.3700
1784345435.175354,8808,8959,2974,2589,208.2600,-1.1900
1784345435.219767,8808,8921,3058,2589,208.2600,0.5600
1784345435.264117,8799,8912,3096,2617,208.2600,0.5600
1784345435.308771,8799,8884,3227,2533,194.7400,0.6900
1784345435.352873,8799,8855,2824,2580,197.4400,0.5600
1784345435.397045,8799,8912,2749,2617,202.8500,1.3700
1784345435.441933,9146,8949,2758,2655,205.5600,-0.3700
1784345435.486942,9146,8940,2814,2523,196.2200,-0.6300
1784345435.531918,8959,8912,2795,2627,200.1500,-1.1200
1784345435.576455,8959,8893,3105,2552,204.2300,0.3100
1784345435.619812,8959,8940,3096,2552,205.5600,-0.1200
1784345435.665259,8940,8874,2711,2561,205.5600,-0.1200
1784345435.711745,9071,8865,3340,2523,196.2200,-1.1200
1784345435.755784,9034,8940,3321,2505,209.7500,-0.6900
1784345435.800728,9043,8930,3283,2495,210.9700,-2.3800
1784345435.844738,9043,9043,3236,2523,202.8500,-0.1900
1784345435.888973,8912,8949,3189,2486,200.1500,1.3700
1784345435.934693,8902,8884,3208,2458,208.2600,1.6300
1784345435.979096,8668,8874,3236,2420,204.1800,-0.1900
1784345436.023309,8771,8959,3152,2439,212.5100,-0.1900
1784345436.069308,8912,9024,3058,2420,206.8300,1.2500
1784345436.113257,8949,9240,3049,2467,206.8300,1.2500
1784345436.158918,8884,8987,3030,2514,205.5600,1.6300
1784345436.203906,8893,8837,3096,2486,205.5600,-1.4400
1784345436.249232,8884,8771,3180,2505,209.7500,-0.6300
1784345436.294430,8855,8799,3236,2505,209.4800,-2.1900
1784345436.339950,8818,8762,3143,2448,215.2700,0.0600
1784345436.385813,8865,8715,3133,2430,209.4800,2.3800
1784345436.429766,8818,8715,3236,2439,215.2700,0.5000
1784345436.475741,8790,8715,3349,2439,212.1300,0.3100
1784345436.520364,8790,8696,3433,2542,215.2700,1.0000
1784345436.565336,8874,8668,3377,2467,215.2700,1.0000
1784345436.610802,8855,8855,3171,2392,212.1300,1.4400
1784345436.655718,8855,8733,3086,2401,212.5100,0.9400
1784345436.699895,8855,8827,3114,2355,202.8500,-0.7500
1784345436.744832,8837,8799,3143,2355,200.1500,-1.5600
1784345436.790715,8893,8771,3255,2420,210.9700,-2.8100
1784345436.835853,8799,8874,3386,2383,210.9700,-0.1900
1784345436.880349,8818,8865,3443,2355,208.2600,1.1900
1784345436.925425,8799,8837,3443,2345,205.5600,0.6300
1784345436.970650,8846,8752,3396,2401,209.4800,-1.3700
1784345437.014826,8808,8865,3349,2373,209.4800,-1.3700
1784345437.060690,8827,8884,3321,2364,213.6700,-1.5000
1784345437.105657,8780,8865,3283,2448,200.1500,0.2500
1784345437.149704,8827,8865,3330,2411,215.2700,1.3100
1784345437.195010,8827,8827,3321,2383,201.5300,0.8800
1784345437.239748,8752,8912,3293,2345,215.2700,-1.1900
1784345437.284639,8733,8874,3208,2364,202.8500,-1.3100
1784345437.329164,8752,8977,3246,2401,208.2600,-0.8100
1784345437.374712,8733,8940,3302,2308,209.4800,0.7500
1784345437.419315,8743,8930,3293,2326,209.7500,-1.2500
1784345437.464738,8771,8987,3302,2308,209.7500,-1.2500
1784345437.509747,8771,8977,3255,2392,205.5600,1.3700
1784345437.554302,8799,8921,3349,2448,198.8700,0.0000
1784345437.598990,8715,8968,3340,2345,202.8500,0.6900
1784345437.643928,8799,9052,3330,2411,204.2300,-0.8100
1784345437.688888,8799,9024,3377,2411,198.8700,-2.2500
1784345437.733666,8733,8987,3340,2214,206.9900,-0.2500
1784345437.778409,8808,8959,3358,2251,216.3800,-2.1900
1784345437.823189,8780,9005,3321,2261,202.8500,-0.1200
1784345437.867709,8808,9052,3330,2261,202.8500,-0.1200
1784345437.912950,8808,9043,3386,2111,193.5700,2.0000
1784345437.958054,8808,9052,3368,2101,206.9900,1.5000
1784345438.000176,8808,8959,3508,2045,204.1800,1.3700
1784345438.044984,8818,9034,3537,2139,218.0300,0.6900
1784345438.089100,8818,9005,3433,2092,206.8300,2.8100
1784345438.133702,8818,9005,3415,2336,212.5100,0.8100
1784345438.178228,8837,9005,3443,2514,196.2200,1.5600
1784345438.223776,8818,9043,3443,2261,198.7100,2.0600
1784345438.268380,8808,9052,3433,2129,198.7100,2.0600
1784345438.313232,8837,9137,3452,2026,204.1800,0.9400
1784345438.358671,8874,9156,3452,2439,212.5100,0.2500
1784345438.403400,8846,9137,3443,2448,213.6700,0.3700
1784345438.448276,8902,9127,3452,2458,210.9700,0.3700
1784345438.493875,8790,9174,3527,2326,213.6700,0.8100
1784345438.539090,8752,9184,3490,2148,212.1300,1.0600
1784345438.583602,8808,9212,3471,2120,205.5600,-1.0600
1784345438.628661,8780,9174,3499,2101,204.2300,-1.1900
1784345438.673315,8762,9127,3565,2045,198.8700,-3.4400
1784345438.718789,8771,9118,3527,2026,198.8700,-3.4400
1784345438.764008,8752,9081,3565,2045,197.4400,0.5600
1784345438.808305,8799,9109,3555,2111,210.9700,-1.2500
1784345438.853383,8687,9109,3490,2092,210.9700,0.0000
1784345438.898352,8696,9052,3546,2111,208.2600,0.7500
1784345438.943382,8687,9052,3508,2186,212.5100,0.5000
1784345438.988086,8668,9015,3537,2139,200.1500,0.6300
1784345439.032928,8705,9005,3480,2167,201.5300,1.6300
1784345439.077824,8743,9043,3490,2204,209.7500,2.1300
1784345439.122769,8724,9024,3518,2167,198.8700,0.0000
1784345439.167720,8771,9052,3612,2176,198.8700,0.0000
1784345439.211814,8752,9015,3668,2223,197.4400,0.5000
1784345439.256595,8752,9005,3621,2129,195.9500,1.3100
1784345439.297680,8752,9043,3602,2129,190.9200,0.2500
1784345439.342172,8724,8949,3658,2111,201.4700,0.5000
1784345439.386918,8724,8968,3574,2148,194.7400,1.4400
1784345439.431614,8762,9005,3593,2045,188.2700,0.1900
1784345439.476743,8752,8996,3649,2064,192.0300,-0.4400
1784345439.521752,8743,8968,3593,2036,184.9100,0.5000
1784345439.566917,8743,9062,3658,1961,185.6200,-0.3700
1784345439.611724,8752,8968,3668,1961,185.6200,-0.3700
1784345439.656587,8799,9015,3640,2017,190.4300,2.1300
1784345439.701619,8687,8996,3621,1970,183.9200,-0.0600
1784345439.746664,8715,9024,3640,1961,173.1000,-0.7500
1784345439.791631,8687,9052,3743,2007,181.2100,-0.3100
1784345439.836256,8733,9043,3696,1970,170.4000,-1.8800
1784345439.880755,8715,9137,3752,1932,173.1000,-1.0600
1784345439.925723,8715,9081,3762,1942,175.8000,0.7500
1784345439.970695,8696,9137,3771,1923,170.4000,-1.1900
1784345440.014726,8668,9090,3790,1876,170.4000,-1.1900
1784345440.059944,8687,9024,3752,1961,170.4000,0.6900
1784345440.105081,8658,9043,3799,1942,167.6900,-0.2500
1784345440.149920,8658,9052,3827,1923,164.9900,-0.4400
1784345440.194656,8668,9109,3837,1914,164.9900,-0.3100
1784345440.239303,8677,9099,3865,1857,162.2800,1.1900
1784345440.283944,8658,9109,3912,1810,156.8700,2.3800
1784345440.329117,8640,9071,3874,1923,156.8700,0.2500
1784345440.374101,8658,9099,3809,1895,154.1700,0.0600
1784345440.418880,8611,9099,3790,1886,154.1700,-0.5600
1784345440.463282,8611,9090,3827,1886,154.1700,-0.5600
1784345440.508307,8658,9109,3837,1886,154.1700,-0.6900
1784345440.552629,8658,9118,3837,1810,154.1700,-0.1200
1784345440.597023,8640,9118,3884,1914,148.4900,1.1900
1784345440.640989,8658,9184,3912,1904,154.5500,0.9400
1784345440.684944,8658,9156,3968,1932,148.4900,-0.9400
1784345440.731202,8696,9109,4015,1998,149.0300,-0.4400
1784345440.774860,8724,9137,4024,1904,143.1900,1.3100
1784345440.819550,8733,9165,4034,1998,143.1900,1.3100
1784345440.863675,8808,9118,3977,1923,143.3500,1.5000
1784345440.908672,8762,9287,3987,2036,146.2700,-0.0600
1784345440.953534,8762,9249,3940,2064,140.6400,-0.5000
1784345440.998083,8762,9127,4006,2036,137.9400,-0.3100
1784345441.043086,8668,9165,4024,2083,140.6400,-1.4400
1784345441.087824,8696,9156,4015,2186,135.2300,-1.0000
1784345441.133080,8658,9212,4062,2261,135.2300,-2.0600
1784345441.177929,8715,9193,4052,1773,132.5800,-0.9400
1784345441.220980,8715,9315,4015,2111,132.4700,-0.8800
1784345441.265706,8687,9137,4062,1839,132.4700,-0.8800
1784345441.310195,8687,9193,4062,1970,132.5800,-0.1200
1784345441.354798,8715,9193,4062,2139,132.4700,-0.4400
1784345441.400640,8771,9184,4090,1698,127.1200,0.5000
1784345441.445270,8724,9202,4090,1848,129.8300,0.5000
1784345441.490240,8762,9212,4071,1820,121.7100,1.3700
1784345441.534758,8762,9231,4099,1895,121.7100,-0.9400
1784345441.579905,8780,9193,4071,1867,119.0100,-0.2500
1784345441.624729,8724,9212,4109,1839,116.3000,-0.4400
1784345441.671257,8724,9221,4081,1876,119.3200,0.6300
1784345441.715557,8687,9259,4081,1810,115.9200,2.5000
1784345441.760556,8677,9268,4109,1792,115.9200,2.5000
1784345441.802810,8687,9268,4128,1735,114.0200,0.6900
1784345441.847566,8649,9231,4128,1764,110.4000,1.1900
1784345441.892066,8640,9221,4137,1810,106.0700,0.5600
1784345441.934592,8696,9221,4193,1773,110.4000,-1.1200
1784345441.980240,8696,9202,4146,1707,108.7200,-0.9400
1784345442.025509,8677,9287,4193,1792,110.4000,-0.1900
1784345442.070284,8668,9268,4165,1670,100.7600,-0.4400
1784345442.115537,8649,9287,4137,1782,100.7600,-0.4400
1784345442.160500,8668,9231,4165,1839,100.7600,-0.4400
1784345442.205104,8649,9249,4128,1679,100.7600,-0.4400
1784345442.249989,8658,9296,4109,1717,100.7600,-0.4400
1784345442.295061,8687,9240,4128,1717,100.7600,-0.4400
1784345442.340121,8677,9249,4118,1754,100.7600,-0.4400
1784345442.384549,8696,9212,4128,1707,100.7600,-0.4400
1784345442.429604,8668,9259,4128,1623,100.7600,-0.4400
1784345442.474699,8668,9240,4146,1764,13.4200,0.3700
1784345442.519578,8687,9174,4156,1660,5.4100,10.8800
1784345442.564655,8687,9259,4128,1735,0.0000,16.5600
1784345442.609540,8715,9231,4128,1810,2.7000,16.9400
1784345442.654547,8733,9156,4278,1754,8.1100,16.4400
1784345442.699238,8752,9062,4446,1810,8.1100,16.4400
1784345442.744964,8771,9052,3855,1810,5.4100,17.8100
1784345442.790736,8743,9043,3874,1829,13.5200,18.0000
1784345442.835590,8705,9202,3884,1886,10.8200,15.0000
1784345442.880638,8621,9156,4428,1998,8.1100,14.3800
1784345442.923820,8621,9202,4043,2064,5.4100,14.1900
1784345442.969835,8621,9165,3949,1942,5.4100,13.3800
1784345443.014673,8743,9259,3902,2026,5.4100,14.8100
1784345443.060177,8846,9259,3931,2026,2.7000,13.5000
1784345443.106621,8865,9268,3977,1923,2.7000,10.0600
1784345443.150519,8733,9005,3996,1998,2.7000,10.6900
1784345443.196511,8687,8846,3902,1932,2.7000,10.6900
1784345443.239977,8790,8884,3902,2007,5.4100,11.2500
1784345443.284954,8715,8940,4296,1942,5.4100,10.6900
1784345443.328790,8715,9005,4024,1942,2.7000,9.6300
1784345443.373689,8733,9015,4043,1923,5.4100,8.8100
1784345443.418688,8668,9052,4043,1895,2.7000,9.0600
1784345443.464684,8668,9081,4024,1848,8.1100,7.0000
1784345443.508482,8668,9184,4006,1820,5.4100,6.6900
1784345443.552917,8771,9184,4043,1857,5.4100,7.5000
1784345443.596936,8827,9137,4006,1857,5.4100,7.5000
1784345443.641936,8715,9081,3940,1848,5.4100,6.7500
1784345443.686707,8743,9118,3912,1782,5.4100,6.4400
1784345443.731845,8996,9231,3818,1754,5.4100,7.2500
1784345443.776931,9034,9202,3827,1820,5.4100,5.9400
1784345443.822061,9034,9127,3827,1810,5.4100,6.8100
1784345443.866577,8602,9137,3865,1857,8.1100,5.5600
1784345443.911732,8611,9156,3837,1839,5.4100,5.0000
1784345443.956572,8593,9221,3837,1810,8.1100,6.0000
1784345444.001496,8724,9165,3855,1848,8.1100,6.0000
1784345444.046508,8724,9165,3865,1839,8.1100,6.0000
1784345444.090760,8752,9090,3837,1886,8.1100,6.0000
1784345444.134953,8696,9156,3827,1932,8.1100,6.0000
1784345444.179915,8668,9146,3837,1961,8.1100,6.0000
1784345444.224696,8677,9090,3818,2045,8.1100,6.0000
1784345444.269845,8696,9202,3827,1979,8.1100,6.0000
1784345444.315022,8687,9278,3846,1932,8.1100,6.0000
1784345444.360203,8677,9184,3837,1904,4.0600,0.0000
1784345444.404828,8752,9428,3846,1857,75.7300,-0.0600
1784345444.450058,8696,9531,3865,1876,75.7300,-0.0600
1784345444.495499,8752,9184,3846,1820,98.1100,-2.3100
1784345444.540474,8696,9109,3846,1782,119.0100,-1.6300
1784345444.584987,8602,9090,3865,1773,121.4400,0.2500
1784345444.629928,8658,9052,3809,1782,121.7100,0.8100
1784345444.674508,8705,9090,3855,1792,124.4200,0.8100
1784345444.719891,8733,9109,3846,1848,127.1200,1.5600
1784345444.764828,8715,9081,3940,1839,121.9800,-0.5000
1784345444.809789,8658,9202,3855,1867,127.1200,-1.6900
1784345444.855031,8668,9212,3855,1810,132.4700,0.5000
1784345444.898984,8668,9146,3884,1810,132.4700,0.5000
1784345444.944097,8987,9127,3912,1810,124.6300,-0.6900
1784345444.988937,8996,9015,3893,1792,132.4700,-0.1200
1784345445.033947,9081,9090,3874,1782,132.5300,-0.1900
1784345445.078803,8799,9052,3884,1848,135.2300,0.8100
1784345445.123643,8480,9062,3874,1773,135.2300,0.1900
1784345445.168775,8555,9156,3855,1810,132.5300,0.8800
1784345445.214062,8555,9109,3855,1829,132.5800,1.1900
1784345445.259108,8583,9109,3874,1810,132.4700,0.1900
1784345445.304603,8593,9146,3884,1829,137.8900,1.0000
1784345445.349413,8611,9062,3855,1839,137.8900,1.0000
1784345445.393846,8602,9212,3912,1839,137.9900,-0.0600
1784345445.438522,8583,9071,3921,1829,135.2300,0.3700
1784345445.483011,8640,9362,3921,1867,140.7500,0.3100
1784345445.527432,8593,9446,3884,1867,135.2300,-0.8800
1784345445.572535,8649,9315,3902,1886,140.7500,0.9400
1784345445.617630,8808,9146,3921,1867,137.8900,1.1200
1784345445.662430,8649,9202,3940,1867,143.5100,0.2500
1784345445.706764,8668,9165,3912,1876,140.6400,-0.7500
1784345445.752110,8546,9287,3874,1923,140.6400,-0.7500
1784345445.795562,8546,9081,3912,1961,146.0500,0.1200
1784345445.839412,8546,8977,3959,1848,146.0500,1.9400
1784345445.885002,8649,9090,3884,1829,148.7600,1.6900
1784345445.929916,8602,9193,3921,1914,148.7600,1.5600
1784345445.974701,8546,9034,3912,1932,148.7600,-1.4400
1784345446.018594,8546,9118,3931,1932,148.4900,-2.8800
1784345446.064567,8471,9259,3912,2054,154.5500,-1.5600
1784345446.110084,8490,8996,3902,2017,154.1700,2.0000
1784345446.154770,8649,8959,3921,2064,154.1700,3.1300
1784345446.199774,8518,9343,3912,2064,154.1700,3.1300
1784345446.244882,8574,8940,3884,1970,153.8000,1.3100
1784345446.290491,8471,9202,3931,1867,157.3100,0.3700
1784345446.335436,8536,8987,3921,1886,156.4500,-1.1900
1784345446.380507,8480,8827,3921,1914,157.3100,-0.8800
1784345446.425128,8480,8921,3893,1904,159.1000,-1.5600
1784345446.469996,8490,8949,3921,2167,165.5900,1.5000
1784345446.514748,8480,9081,3959,2355,161.7500,2.6300
1784345446.559969,8415,8921,3912,2204,168.3500,1.9400
1784345446.604903,8424,9249,3902,2120,164.4000,2.5000
1784345446.650611,8377,8893,3921,2120,164.4000,2.5000
1784345446.695487,8396,8921,3940,2111,165.5900,0.8800
1784345446.739588,8405,8818,3921,2054,167.0500,-1.2500
1784345446.784394,8386,8930,3893,2064,173.8700,-0.9400
1784345446.829410,8377,8799,3912,2111,169.7100,1.0000
1784345446.874721,8396,8799,3949,2111,173.8700,-0.1900
1784345446.920636,8386,9184,3959,2176,172.3600,-0.0600
1784345446.965592,8368,9193,3931,2139,176.6300,0.2500
1784345447.010345,8349,9259,3959,2176,178.5100,0.0600
1784345447.054883,8274,9287,3940,2176,181.2100,-0.6900
1784345447.100390,8321,9221,3902,2204,181.2100,-0.6900
1784345447.145401,8283,9240,3874,2223,178.5100,0.3100
1784345447.189709,8283,9127,3968,2261,181.2100,0.8100
1784345447.235571,8208,9118,3921,2214,186.6200,1.3700
1784345447.280672,8293,8893,3931,2195,183.9200,2.3100
1784345447.325443,8293,8733,3940,2148,181.2100,-0.9400
1784345447.370643,8293,8912,3931,2092,178.5100,1.5000
1784345447.415677,8227,8949,3902,2026,186.6200,-0.4400
1784345447.460368,8180,9118,3921,2139,186.6200,0.1900
1784345447.505420,8180,8874,3912,2204,188.2700,-0.2500
1784345447.550830,8189,8940,3921,2204,188.2700,-0.2500
1784345447.595562,8161,8640,3902,2129,189.3300,0.8100
1784345447.640078,8152,8902,3865,2176,189.3300,0.1900
1784345447.686638,8152,8837,3921,2167,193.1900,-1.1900
1784345447.731760,8152,8546,3912,2233,192.0300,-1.7500
1784345447.776390,8114,8621,3921,2223,193.5700,-1.5000
1784345447.821033,8133,8640,3902,2242,200.1500,-1.3700
1784345447.865038,8049,8959,3949,2233,198.7100,0.2500
1784345447.908489,8049,9174,3959,2289,201.5300,0.9400
1784345447.953884,8133,8621,3921,2336,204.2300,-0.6300
1784345447.999100,8124,8621,3968,2308,204.2300,-0.6300
1784345448.044316,8189,8649,3940,2270,205.5600,3.0000
1784345448.088397,8124,8733,3977,2270,196.2200,-0.3100
1784345448.133094,8049,8565,3968,2401,194.7400,0.1200
1784345448.178687,8049,8555,3902,2383,201.4700,1.2500
1784345448.223943,8105,8583,3940,2289,205.5600,2.2500
1784345448.269770,8067,8799,3959,2242,204.1800,-0.1200
1784345448.314497,8058,8490,3931,2251,192.0300,-2.7500
1784345448.359572,8077,8827,4015,2233,209.7500,-2.3800
1784345448.405035,8077,8471,3987,2251,216.3800,3.3800
1784345448.450335,8114,8339,3940,2308,216.3800,3.3800
1784345448.494911,8105,8452,4006,2261,216.3800,0.5000
1784345448.540493,8030,8415,3977,2261,196.2200,1.0000
1784345448.585069,7992,8386,3968,2223,206.9900,-2.0600
1784345448.630477,8077,8321,4006,2223,213.6700,-1.0600
1784345448.676297,8058,8396,4062,2204,209.4800,-0.0600
1784345448.721796,7974,8424,4043,2204,212.5100,-0.2500
1784345448.766834,7908,8349,4071,2167,216.3800,0.0000
1784345448.811023,7936,8349,4034,2186,190.9200,-0.5000
1784345448.856578,7889,8349,4034,2251,215.2700,0.6300
1784345448.902826,7880,8377,3996,2720,200.1500,0.6300
1784345448.947844,7917,8330,3987,2411,200.1500,0.6300
1784345448.991596,7889,8283,4034,2401,208.2600,1.0000
1784345449.037865,7889,8321,3987,2467,201.5300,0.4400
1784345449.082855,7945,8311,3977,2552,220.7900,-0.5600
1784345449.127913,7992,8255,3977,2317,212.1300,-0.7500
1784345449.172411,7936,8283,3987,2251,206.9900,0.4400
1784345449.218862,7964,8283,4006,2308,219.0800,1.6900
1784345449.263041,7852,8246,4034,2298,196.2200,0.8100
1784345449.308316,7833,8189,3996,2251,209.7500,-1.7500
1784345449.353806,7842,8227,4024,2298,201.5300,0.1900
1784345449.399282,7880,8255,4015,2364,201.5300,0.1900
1784345449.444379,7927,8218,4034,2664,213.6700,0.5600
1784345449.490844,7899,8246,3977,2392,206.9900,-2.1300
1784345449.534594,7852,8377,3987,2373,205.5600,-0.8100
1784345449.579844,7852,8208,4024,2411,216.3800,-1.0000
1784345449.625856,7955,8189,4006,2383,209.4800,0.0000
1784345449.670391,7908,8114,4024,2373,215.2700,-0.5000
1784345449.715386,7824,8152,4006,2326,205.5600,-1.0600
1784345449.758332,7795,8152,4015,2467,210.9700,-0.8100
1784345449.801728,7852,8246,4099,2383,210.9700,-0.8100
1784345449.846347,7777,8208,4071,2448,198.8700,-0.1200
1784345449.891690,7758,8133,4071,2458,215.2700,0.0000
1784345449.936557,7748,8096,4034,2514,196.2200,0.5000
1784345449.982313,7720,8302,4015,2420,212.5100,2.4400
1784345450.026385,7795,8152,4128,2420,204.1800,0.7500
1784345450.071778,7739,8199,4071,2420,215.2700,-1.3700
1784345450.116983,7805,8171,4118,2448,194.7400,-1.4400
1784345450.160596,7711,8152,4109,2552,213.6700,0.6300
1784345450.205390,7814,8218,4034,2552,209.4800,0.2500
1784345450.250327,7767,8105,4052,2439,209.4800,0.2500
1784345450.295002,7758,8114,4146,2495,218.0300,0.6300
1784345450.339868,7777,8096,4109,2364,205.5600,0.5600
1784345450.385286,7730,8142,4156,2317,202.8500,0.1200
1784345450.430323,7758,8086,4024,2308,198.8700,-0.9400
1784345450.475314,7730,8086,4034,2355,213.6700,-1.1900
1784345450.519930,7627,8049,4052,2420,212.5100,-0.5000
1784345450.565271,7627,8039,4146,2448,202.8500,0.5000
1784345450.610832,7580,8096,4034,2467,204.1800,-0.6900
1784345450.655588,7598,8077,4006,2401,204.2300,-0.6900
1784345450.700506,7655,8058,4062,2486,204.2300,-0.6900
1784345450.745591,7692,8067,4081,2448,210.9700,-0.1900
1784345450.789894,7655,7992,4099,2486,201.5300,1.0600
1784345450.834490,7645,8021,4128,2439,215.2700,-0.8100
1784345450.879784,7589,8021,4034,2467,216.3800,-0.3100
1784345450.925303,7570,8049,4081,2664,210.9700,-0.8100
1784345450.969577,7551,8030,4109,2777,201.5300,-0.2500
1784345451.015216,7580,8067,4156,2645,198.7100,-0.5600
1784345451.060274,7551,8039,4052,2580,202.8500,0.0600
1784345451.105611,7580,7992,4062,2645,213.6700,0.1200
1784345451.149518,7551,8086,4174,2655,213.6700,0.1200
1784345451.195575,7608,7964,4099,2674,197.4400,0.3100
1784345451.240610,7551,8002,4128,2692,216.3800,0.6900
1784345451.285398,7495,7992,4203,2674,213.6700,0.1200
1784345451.330576,7505,8049,4146,2739,206.8300,-0.8800
1784345451.375269,7514,8105,4306,2720,212.5100,1.6300
1784345451.420286,7448,7927,4165,2786,213.6700,-0.8100
1784345451.465252,7505,7974,4174,2870,216.3800,-1.2500
1784345451.510279,7467,8058,4137,2795,206.8300,-0.6300
1784345451.555474,7495,8002,4174,2664,202.8500,0.6300
1784345451.599819,7448,7880,4174,2720,202.8500,0.6300
1784345451.645292,7401,7889,4156,2702,200.1500,1.7500
1784345451.689600,7458,7964,4184,2767,201.4700,-0.7500
1784345451.735310,7401,7964,4278,2711,200.1500,-0.3700
1784345451.780252,7383,7945,4184,2692,210.9700,1.3100
1784345451.825314,7383,7899,4193,2692,192.0300,-0.1200
1784345451.869872,7430,7927,4212,2692,204.1800,0.5600
1784345451.915304,7411,7945,4193,2758,205.5600,-0.5600
1784345451.959684,7439,8011,4203,2814,198.7100,0.5000
1784345452.005270,7364,7927,4203,2777,200.1500,-0.1900
1784345452.049479,7364,7908,4203,2824,200.1500,-0.1900
1784345452.094263,7373,7852,4240,2861,210.9700,-0.3700
1784345452.139272,7383,7852,4212,2692,219.0800,1.3700
1784345452.183918,7345,7899,4240,2749,210.9700,0.3100
1784345452.228677,7401,7842,4231,2805,204.1800,1.3100
1784345452.274312,7289,7861,4268,2777,195.9500,-0.8100
1784345452.319262,7251,7870,4287,2842,214.7800,1.3700
1784345452.364305,7289,7861,4221,2917,212.5100,0.9400
1784345452.409527,7326,7758,4278,3030,197.4400,-0.1200
1784345452.454755,7298,7786,4249,3086,208.2600,-1.4400
1784345452.499706,7233,7786,4221,2495,208.2600,-1.4400
1784345452.545191,7233,7795,4249,2955,206.8300,-0.3100
1784345452.590390,7242,7795,4296,3096,201.4700,-0.8100
1784345452.632832,7261,7880,4296,3096,212.1300,-0.9400
1784345452.676200,7261,7777,4353,3058,198.7100,-1.0600
1784345452.721237,7176,7673,4278,2739,204.1800,1.0000
1784345452.765562,7233,7786,4334,2824,205.5600,0.2500
1784345452.810450,7242,7683,4296,3039,201.4700,0.5000
1784345452.855198,7167,7711,4343,3039,213.6700,-1.4400
1784345452.900295,7233,7692,4400,2767,205.5600,-1.0000
1784345452.944382,7186,7664,4315,2917,205.5600,-1.0000
1784345452.989214,7214,7692,4306,2946,200.1500,1.0600
1784345453.033658,7448,7645,4296,3049,205.5600,-0.6900
1784345453.079357,7270,7711,4381,2964,216.3800,-1.1900
1784345453.124541,7308,7645,4343,2992,213.6700,0.3700
1784345453.170372,7214,7627,4325,3067,216.3800,-1.0000
1784345453.215578,7317,7561,4353,2805,209.4800,-0.2500
1784345453.260206,7279,7627,4296,2946,215.2700,1.1900
1784345453.305282,7186,7627,4428,3255,202.8500,1.1900
1784345453.346780,7186,7645,4400,3377,202.8500,1.1900
1784345453.391229,7092,7561,4456,3302,208.2600,-0.9400
1784345453.436167,7167,7523,4446,3330,202.8500,-0.5600
1784345453.482488,7139,7523,4400,2692,210.9700,-1.0000
1784345453.527436,7092,7561,4512,3180,206.8300,0.0600
1784345453.572414,7064,7533,4409,3105,193.1900,1.1200
1784345453.616260,7139,7570,4475,3067,197.4400,-2.2500
1784345453.661706,7073,7514,4428,3058,202.8500,-0.3700
1784345453.706301,7120,7561,4446,3114,205.5600,0.9400
1784345453.751131,7092,7523,4437,2992,210.9700,-1.4400
1784345453.795573,7082,7533,4493,3030,210.9700,-1.4400
1784345453.840889,7045,7495,4465,3143,202.8500,1.1200
1784345453.885729,7045,7486,4512,3255,213.6700,1.5000
1784345453.930614,7054,7486,4428,3199,196.2200,-0.3100
1784345453.975551,7120,7476,4456,3443,220.7900,-1.0000
1784345454.020521,7017,7542,4475,3452,189.3300,0.0600
1784345454.065565,7298,7439,4484,3199,216.3800,1.5000
1784345454.110241,6998,7420,4484,3330,213.6700,2.3100
1784345454.155338,6932,7411,4465,2730,213.6700,0.8800
1784345454.198758,6885,7448,4568,3555,213.6700,0.8800
1784345454.244663,6867,7411,4550,3349,213.6700,-1.3100
1784345454.289953,6867,7401,4522,3283,209.4800,-2.6300
1784345454.333889,6867,7354,4559,3227,213.6700,1.5600
1784345454.379510,6839,7392,4550,3218,218.0300,0.2500
1784345454.424409,6848,7383,4503,3208,208.2600,-1.6900
1784345454.470752,6839,7345,4484,3218,194.7400,-1.5000
1784345454.515677,6820,7326,4568,3274,205.5600,-0.0600
1784345454.560687,6829,7289,4568,3227,213.6700,0.7500
1784345454.605194,6820,7317,4512,3293,208.2600,0.0000
1784345454.650823,6820,7336,4578,2983,192.0300,0.3700
1784345454.695231,6810,7326,4578,3161,192.0300,0.3700
1784345454.739901,6782,7373,4597,3433,198.8700,0.1900
1784345454.785259,6801,7336,4578,3293,215.2700,-1.1900
1784345454.830185,6735,7270,4540,3386,212.1300,1.0600
1784345454.875838,6735,7326,4522,3330,209.7500,1.5600
1784345454.920733,6763,7270,4531,3358,200.1500,0.0600
1784345454.964729,6707,7261,4606,3311,208.2600,0.0000
1784345455.009519,6773,7233,4597,3424,200.1500,0.9400
1784345455.054826,6688,7270,4597,3424,205.5600,1.7500
1784345455.099817,6660,7270,4597,3471,205.5600,1.7500
1784345455.144602,6707,7251,4634,3508,202.8500,1.0000
1784345455.189859,6670,7233,4606,3499,205.5600,0.2500
1784345455.235172,6688,7195,4643,3527,204.1800,-1.1900
1784345455.279673,6642,7186,4662,3583,215.2700,-1.2500
1784345455.324520,6623,7251,4653,3546,209.4800,0.6300
1784345455.369678,6679,7214,4662,3555,201.4700,-1.6300
1784345455.414602,6623,7223,4681,3555,197.4400,0.0600
1784345455.459654,6623,7167,4718,3537,198.8700,-0.7500
1784345455.504578,6604,7214,4756,3574,200.1500,2.6900
1784345455.549537,6632,7233,4681,3658,200.1500,2.6900
1784345455.594860,6623,7176,4700,3621,198.7100,1.6300
1784345455.639395,6623,7139,4718,3640,193.5700,-1.3100
1784345455.685160,6623,7129,4747,3677,198.7100,2.1900
1784345455.730432,6585,7120,4662,3762,194.7400,6.0000
1784345455.774270,6576,7064,4737,3058,182.9600,2.8800
1784345455.819365,6548,7120,4728,3030,173.8700,-0.7500
1784345455.864412,6548,7120,4690,3002,159.5800,-0.3700
1784345455.909302,6538,7129,4718,3011,145.8400,3.3100
1784345455.954633,6548,7111,4672,3114,137.9900,1.0600
1784345455.999713,6510,7064,4690,3086,137.9900,1.0600
1784345456.044154,6529,7148,4718,3002,124.6300,-0.4400
1784345456.089319,6538,7092,4709,3049,126.9500,1.0600
1784345456.134165,6520,7092,4690,3049,116.6700,2.2500
1784345456.180236,6520,7101,4690,3161,115.9200,3.2500
1784345456.225209,6538,7101,4672,3133,103.4100,3.3100
1784345456.270262,6529,7148,4643,3143,99.3600,0.2500
1784345456.314883,6520,7101,4728,3161,92.8100,0.6300
1784345456.360132,6529,7157,4728,3124,93.8400,-1.5000
1784345456.405199,6520,7139,4747,3086,92.8100,-0.6900
1784345456.449782,6510,7092,4681,3133,92.8100,-0.6900
1784345456.494226,6548,7092,4681,3189,104.8800,-1.0000
1784345456.540201,6473,7129,4662,3799,95.4600,0.1900
1784345456.585171,6566,7064,4681,3743,93.8400,-1.0000
1784345456.630384,6538,7064,4662,3433,89.2500,-1.0000
1784345456.675302,6491,7064,4690,3677,87.5000,-0.4400
1784345456.720495,6501,7111,4681,3358,100.0700,-0.3100
1784345456.764459,6557,7092,4747,3011,104.8800,-2.1900
1784345456.810207,6548,7092,4672,3490,106.0700,-1.3700
1784345456.855477,6501,7111,4737,3124,104.8800,0.6900
1784345456.899675,6501,7036,4700,3105,104.8800,0.6900
1784345456.944854,6538,7129,4737,3227,105.4800,0.5000
1784345456.990317,6529,7111,4690,3246,94.6600,1.2500
1784345457.035203,6529,7092,4718,3330,95.4600,1.1900
1784345457.079558,6529,7101,4709,3349,94.6600,1.5000
1784345457.125212,6548,7101,4681,3358,91.9600,-0.4400
1784345457.170362,6491,7073,4672,3405,93.8400,-3.2500
1784345457.216261,6557,7036,4728,3386,102.7800,-8.1300
1784345457.260174,6557,7120,4784,3405,127.2800,-5.6900
1784345457.306327,6510,7111,4709,3349,154.1700,-6.1300
1784345457.351431,6548,7054,4690,3593,179.3900,-3.2500
1784345457.394343,6529,7073,4775,3752,179.3900,-3.2500
1784345457.440280,6529,7073,4653,3612,193.5700,-0.8800
1784345457.485325,6566,7082,4756,3565,201.4700,-2.9400
1784345457.529254,6473,7045,4765,3490,202.8500,-0.5000
1784345457.574236,6463,7054,4728,3405,205.5600,-0.9400
1784345457.619376,6426,7026,4765,3377,201.5300,0.1200
1784345457.664373,6435,6998,4756,3368,209.7500,2.1900
1784345457.709364,6435,7007,4747,3433,202.8500,1.6300
1784345457.754445,6426,7045,4765,3377,200.1500,0.6900
1784345457.799598,6435,6998,4765,3452,200.1500,0.6900
1784345457.845424,6370,7017,4747,3490,190.9200,-2.2500
1784345457.890029,6407,6970,4747,3424,210.9700,1.0600
1784345457.935391,6379,6942,4794,3490,215.2700,1.5000
1784345457.980296,6398,6970,4840,3508,210.9700,-1.5000
1784345458.025273,6370,6932,4887,3602,209.4800,-3.1900
1784345458.070343,6313,6932,4840,3565,215.2700,1.3700
1784345458.114976,6416,6923,4840,3565,204.1800,0.1900
1784345458.160903,6360,6960,4840,3574,208.2600,3.0600
1784345458.205735,6332,6923,4850,3537,206.9900,-0.3100
1784345458.249710,6332,6970,4897,3480,206.9900,-0.3100
1784345458.295431,6313,6942,4859,3537,216.3800,-0.8800
1784345458.340425,6323,6960,4812,3612,210.9700,-0.1200
1784345458.385612,6341,6923,4840,3612,213.6700,1.3100
1784345458.430331,6266,6960,4878,3658,201.5300,1.5000
1784345458.475891,6294,6895,4840,3593,209.7500,-1.0000
1784345458.520486,6313,6867,4840,3593,209.4800,1.1200
1784345458.565703,6229,6904,4859,3602,206.9900,-0.0600
1784345458.610914,6257,6914,4887,3593,204.1800,1.8800
1784345458.655340,6248,6904,4962,3649,206.9900,0.6300
1784345458.700448,6285,6848,4915,3565,206.9900,0.6300
1784345458.744986,6266,6876,4953,3640,200.1500,-0.8100
1784345458.790334,6219,6848,4972,3621,194.7400,-1.5000
1784345458.835442,6201,6829,4972,3630,193.5700,-2.8100
1784345458.879981,6173,6820,4897,3705,198.7100,-1.8100
1784345458.925328,6173,6839,4897,3593,197.4400,0.5600
1784345458.969719,6182,6829,4925,3743,204.1800,-0.4400
1784345459.014991,6154,6820,4915,3687,200.1500,-0.8100
1784345459.060373,6116,6792,4944,3734,201.4700,0.0600
1784345459.105056,6126,6792,4953,3762,205.5600,0.6900
1784345459.150368,6097,6820,4925,3799,205.5600,0.6900
1784345459.196681,6107,6839,4944,3771,210.9700,1.3700
1784345459.240721,6126,6829,4953,3771,206.8300,0.5000
1784345459.285994,6107,6867,4981,3752,206.9900,-0.2500
1784345459.330467,6079,6876,5019,3743,204.1800,0.0000
1784345459.374835,6060,6923,5028,3724,204.2300,0.5000
1784345459.420514,6116,6867,5047,3762,202.8500,-1.0000
1784345459.465609,6088,6904,5103,3837,200.1500,0.0000
1784345459.509898,6079,6810,5047,3780,196.2200,-1.2500
1784345459.554898,6088,6867,5131,3799,206.9900,-0.3700
1784345459.600394,6022,6820,5103,3846,206.9900,-0.3700
1784345459.645657,6041,6857,5075,3790,201.5300,-1.8800
1784345459.690490,6032,6839,5094,3799,209.7500,0.1900
1784345459.735970,6032,6820,5047,3846,196.2200,-0.5000
1784345459.780515,6022,6839,5084,3855,212.5100,-0.5600
1784345459.825840,6022,6792,5150,3865,196.2200,-0.9400
1784345459.870396,6022,6857,5066,3949,212.5100,-0.8800
1784345459.915860,5966,6942,5084,3893,216.3800,0.5000
1784345459.959984,5985,6960,5094,3940,209.4800,0.5600
1784345460.005851,5994,6707,5150,3949,212.5100,-2.0000
1784345460.050726,5985,6707,5037,3921,202.8500,0.3700
1784345460.095671,5985,6679,5066,3977,202.8500,0.3700
1784345460.141032,5947,6651,5084,3996,210.9700,2.1900
1784345460.186832,5976,6613,5066,3912,200.1500,1.3100
1784345460.231892,5947,6595,5066,3902,202.8500,1.5600
1784345460.275649,5938,6576,5094,3902,208.2600,0.7500
1784345460.320842,5947,6604,5094,3931,201.5300,0.3700
1784345460.365566,5910,6623,5122,3931,216.3800,-0.7500
1784345460.410800,5910,6632,5075,3949,212.5100,-0.9400
1784345460.455996,5919,6623,5112,3959,196.2200,0.0000
1784345460.500644,5844,6566,5141,4006,212.5100,0.1200
1784345460.546042,5835,6585,5178,3940,212.5100,0.1200
1784345460.590535,5835,6538,5206,3987,200.1500,1.3700
1784345460.635500,5788,6548,5188,4052,201.5300,-0.5600
1784345460.680408,5825,6520,5169,4024,205.5600,0.6300
1784345460.725556,5779,6529,5206,4015,218.0300,1.1200
1784345460.770953,5863,6482,5169,4099,208.2600,-0.2500
1784345460.815490,5825,6510,5225,4062,216.3800,-0.6900
1784345460.860908,5779,6520,5216,4099,208.2600,-0.6300
1784345460.904623,5788,6454,5253,4128,213.6700,-0.3700
1784345460.950450,5788,6473,5197,4109,213.6700,-0.3700
1784345460.995515,5779,6454,5206,4071,216.3800,-0.6900
1784345461.040073,5741,6445,5225,4109,210.9700,-1.5600
1784345461.084862,5713,6388,5253,4090,200.1500,0.3700
1784345461.129924,5750,6407,5216,4118,206.8300,1.8100
1784345461.175094,5750,6313,5244,4090,201.4700,0.3100
1784345461.219965,5703,6407,5263,4052,210.9700,1.4400
1784345461.265133,5779,6426,5319,4071,213.6700,0.8100
1784345461.310467,5713,6435,5309,4128,213.6700,0.0000
1784345461.355582,5722,6323,5281,4099,205.5600,-0.4400
1784345461.400537,5703,6360,5291,4203,205.5600,-0.4400
1784345461.445580,5703,6388,5385,4174,204.1800,0.2500
1784345461.490704,5675,6379,5347,4184,206.9900,0.3100
1784345461.535657,5628,6360,5366,4212,200.1500,-2.5600
1784345461.580583,5610,6323,5385,4212,210.9700,0.2500
1784345461.625980,5638,6341,5366,4184,198.8700,-0.2500
1784345461.670973,5619,6294,5366,4212,206.9900,0.6900
1784345461.715760,5647,6313,5375,4240,205.5600,0.9400
1784345461.760708,5647,6313,5347,4221,208.2600,-1.0600
1784345461.805571,5600,6323,5394,4221,193.5700,0.0000
1784345461.850683,5544,6313,5413,4249,209.7500,-1.6300
1784345461.895633,5600,6323,5460,4231,209.7500,-1.6300
1784345461.940747,5628,6313,5366,4278,205.5600,-0.3100
1784345461.986002,5582,6266,5366,4240,205.5600,-1.5600
1784345462.030686,5572,6294,5375,4268,202.8500,-0.3700
1784345462.075973,5582,6266,5413,4268,210.9700,1.9400
1784345462.121038,5544,6276,5450,4306,201.5300,0.6900
1784345462.165895,5525,6276,5469,4296,209.7500,0.2500
1784345462.211032,5497,6285,5450,4343,198.8700,0.9400
1784345462.256011,5516,6191,5488,4315,201.4700,-0.3100
1784345462.302153,5450,6219,5488,4306,193.5700,-1.1200
1784345462.344875,5478,6238,5441,4325,193.5700,-1.1200
1784345462.391047,5488,6201,5478,4325,206.9900,-0.4400
1784345462.436348,5469,6219,5497,4418,202.8500,-1.8800
1784345462.480718,5516,6229,5535,4231,210.9700,-2.1300
1784345462.525677,5469,6182,5506,4287,202.8500,-1.4400
1784345462.570587,5469,6163,5544,4334,208.2600,0.8800
1784345462.615750,5525,6173,5544,4315,201.5300,0.4400
1784345462.660213,5413,6266,5525,4306,212.5100,0.6900
1784345462.705193,5506,6163,5516,4325,216.3800,0.1200
1784345462.750830,5469,6126,5544,4381,205.5600,0.8100
1784345462.796497,5422,6135,5516,4353,205.5600,0.8100
1784345462.840930,5413,6107,5563,4428,210.9700,0.0600
1784345462.886248,5394,6163,5563,4353,205.5600,-0.8100
1784345462.930726,5422,6210,5591,4381,204.1800,-0.6900
1784345462.975663,5375,6126,5628,4381,218.0300,-1.2500
1784345463.020358,5478,6088,5610,4409,212.1300,-1.2500
1784345463.065626,5347,6079,5628,4428,215.2700,0.1200
1784345463.110253,5375,6088,5591,4465,201.5300,1.3100
1784345463.155709,5394,6116,5582,4456,218.0300,0.3100
1784345463.201128,5347,6088,5600,4446,198.8700,1.1200
1784345463.246099,5366,6097,5628,4475,198.8700,1.1200
1784345463.291715,5272,6079,5722,4475,204.2300,0.8100
1784345463.336865,5309,6097,5722,4484,210.9700,0.0600
1784345463.381215,5281,6097,5703,4503,213.6700,-1.1900
1784345463.427199,5272,6022,5750,4456,205.5600,-0.3700
1784345463.471654,5272,6051,5741,4456,210.9700,-0.1900
1784345463.517122,5356,6051,5703,4681,208.2600,-1.3700
1784345463.562380,5272,6107,5722,4690,216.3800,-0.2500
1784345463.607723,5272,6088,5722,4550,208.2600,-0.6900
1784345463.652717,5263,6032,5732,4296,197.4400,-0.0600
1784345463.698696,5234,6032,5760,4775,208.2600,0.7500
1784345463.743356,5263,6032,5675,4597,208.2600,0.7500
1784345463.787964,5244,6032,5722,4578,206.8300,-0.6300
1784345463.832824,5206,5994,5694,4634,206.9900,-0.5600
1784345463.878057,5300,6041,5713,4400,212.1300,-0.1900
1784345463.922649,5253,6013,5666,4512,200.1500,0.6900
1784345463.967900,5244,6022,5741,4550,202.8500,0.2500
1784345464.013110,5206,6022,5722,4765,195.9500,0.4400
1784345464.057773,5206,5966,5722,4765,219.0800,0.0600
1784345464.102723,5216,5910,5741,4737,210.9700,0.3700
1784345464.147689,5131,6013,5750,4531,210.9700,0.3700
1784345464.193184,5141,6013,5788,4587,208.2600,1.9400
1784345464.238092,5169,5966,5891,4859,213.6700,-0.9400
1784345464.283335,5122,5929,5947,4690,213.6700,-0.7500
1784345464.328289,5112,5938,5835,4606,213.6700,0.4400
1784345464.373450,5084,6022,6032,4718,210.9700,0.4400
1784345464.419079,5122,5938,5966,4878,208.2600,1.0600
1784345464.463938,5159,5929,5863,4850,213.6700,-0.6900
1784345464.509955,5141,5844,5872,5328,198.8700,0.1900
1784345464.555332,5159,5863,5854,4794,212.5100,-0.9400
1784345464.601173,5103,5891,5994,4840,206.8300,2.3800
1784345464.645901,5075,5835,5947,4840,206.8300,2.3800
1784345464.690901,5075,5797,5929,4709,206.9900,-0.1200
1784345464.736734,5047,5854,5919,4587,202.8500,-0.6300
1784345464.781107,5047,5816,5919,4587,205.5600,-1.3100
1784345464.826443,5066,5835,5947,4718,192.0300,-0.1900
1784345464.872051,5028,5825,5863,4737,201.5300,0.4400
1784345464.913980,5037,5825,5863,4756,209.7500,0.0000
1784345464.959354,5066,5769,5638,4831,210.9700,-1.8100
1784345465.004055,4972,5807,5825,4831,200.1500,0.9400
1784345465.048094,5000,5797,5947,4878,200.1500,0.9400
1784345465.093223,4944,5741,5957,4822,204.1800,1.7500
1784345465.138493,5000,5741,5985,5009,202.8500,1.2500
1784345465.183772,4972,5807,5976,4906,220.7900,0.8100
1784345465.228342,4981,5722,6041,4934,216.3800,-1.4400
1784345465.273047,4934,5769,6079,4972,202.8500,-0.9400
1784345465.318123,4991,5703,6116,5028,216.3800,-0.5000
1784345465.363825,4981,5713,6126,5084,209.4800,-0.5600
1784345465.408755,4934,5732,6032,5047,208.2600,0.4400
1784345465.453818,4869,5722,6013,5084,223.5500,-1.1900
1784345465.498869,4906,5694,5957,5019,204.1800,1.3700
1784345465.544080,4906,5675,6022,5009,204.1800,1.3700
1784345465.590097,4925,5647,6004,5019,208.2600,0.6900
1784345465.634421,4953,5703,6004,5037,200.1500,1.1200
1784345465.679820,4859,5741,6022,5019,205.5600,0.1200
1784345465.724512,4878,5628,6032,4991,210.9700,1.1900
1784345465.768818,4850,5703,6060,4991,215.2700,4.5000
1784345465.814393,4859,5694,6135,5056,196.2200,-7.0600
1784345465.859219,4822,5647,6097,5103,204.2300,-2.4400
1784345465.903783,4850,5638,6097,5112,206.8300,-1.1900
1784345465.948204,4765,5647,6069,5084,206.8300,-1.1900
1784345465.993102,4756,5647,6079,5169,212.5100,-1.0600
1784345466.038202,4775,5666,6144,5178,200.1500,0.5600
1784345466.083176,4747,5600,6116,5150,209.4800,1.4400
1784345466.128034,4812,5563,6004,5206,213.6700,1.5600
1784345466.173345,4812,5563,6088,5131,198.7100,-0.1200
1784345466.218920,4709,5516,6013,5159,221.7800,-0.4400
1784345466.264000,4765,5572,6107,5206,193.5700,-1.7500
1784345466.308962,4765,5638,6069,5197,206.9900,2.6900
1784345466.354353,4775,5628,6032,5225,202.8500,0.6900
1784345466.400259,4737,5610,5976,5234,214.7800,0.0600
1784345466.445140,4756,5572,6004,5206,214.7800,0.0600
1784345466.491064,4643,5600,6032,5281,215.2700,-1.2500
1784345466.536477,4615,5535,6069,5234,198.8700,-1.6300
1784345466.581303,4625,5572,5929,5300,209.7500,1.1900
1784345466.625597,4662,5535,5854,5244,204.1800,0.2500
1784345466.671248,4718,5506,5938,5272,204.2300,0.0000
1784345466.716290,4700,5553,5947,5253,198.8700,-0.8100
1784345466.762561,4643,5506,6341,5291,201.4700,-0.7500
1784345466.807405,4568,5506,6398,5253,212.1300,1.8100
1784345466.852216,4597,5553,5976,5225,201.4700,0.6300
1784345466.897000,4606,5478,6060,5234,216.3800,-0.9400
1784345466.941224,4587,5497,6210,5263,216.3800,-0.9400
1784345466.986484,4634,5441,6210,5263,216.3800,0.0000
1784345467.031905,4503,5450,6276,5244,200.1500,1.5000
1784345467.076966,4559,5413,6276,5272,216.3800,1.4400
1784345467.121632,4522,5422,6257,5375,212.1300,0.7500
1784345467.166862,4559,5422,6182,5309,218.0300,0.0600
1784345467.211633,4465,5460,6304,5385,210.9700,-0.3100
1784345467.257215,4465,5450,6323,5356,202.8500,-0.9400
1784345467.301970,4371,5403,6313,5366,205.5600,-1.4400
1784345467.346210,4390,5413,6257,5319,205.5600,-1.4400
1784345467.390136,4362,5431,6341,5422,205.5600,-1.3700
1784345467.435183,4456,5422,6257,5385,213.6700,-0.8800
1784345467.480392,4446,5366,6229,5394,209.4800,2.1900
1784345467.525404,4484,5441,6266,5394,205.5600,-1.3700
1784345467.570295,4390,5366,6229,5356,215.2700,-0.3700
1784345467.615408,4353,5422,6379,5300,208.2600,-2.6300
1784345467.660507,4353,5431,6632,5375,208.2600,1.4400
1784345467.705950,4418,5309,6510,5394,210.9700,-0.6300
1784345467.751077,4418,5385,6482,5319,210.9700,0.0600
1784345467.795028,4409,5469,6501,5431,210.9700,0.0600
1784345467.840256,4353,5375,6482,5375,202.8500,0.8100
1784345467.885068,4268,5403,6501,5356,205.5600,-1.2500
1784345467.930289,4334,5375,6557,5375,196.2200,-1.9400
1784345467.975288,4353,5394,6623,5413,216.3800,-0.3100
1784345468.020216,4315,5375,6623,5385,215.2700,1.8800
1784345468.065345,4268,5385,6116,5422,202.8500,2.0000
1784345468.110194,4249,5394,6116,5450,210.9700,-1.1900
1784345468.155216,4306,5403,6097,5469,216.3800,0.2500
1784345468.200373,4249,5347,6144,5488,204.1800,0.3100
1784345468.245373,4203,5328,6219,5469,204.1800,0.3100
1784345468.291022,4146,5281,6313,5525,209.7500,1.1200
1784345468.336443,4193,5291,6323,5488,202.8500,0.3100
1784345468.382094,4174,5281,6416,5535,210.9700,0.4400
1784345468.426035,4128,5300,6454,5563,213.6700,0.0600
1784345468.471071,4137,5281,6454,5516,213.6700,-0.3700
1784345468.516280,4118,5253,6576,5544,206.8300,1.1900
1784345468.561307,4118,5216,6604,5582,213.6700,1.0600
1784345468.606051,4128,5253,6585,5600,210.9700,1.1200
1784345468.652137,4118,5225,6660,5638,208.2600,-0.6300
1784345468.698119,4128,5244,6416,5685,215.2700,-0.5600
1784345468.742428,4081,5188,6529,5713,215.2700,-0.5600
1784345468.788078,4081,5206,6379,5638,206.8300,1.0000
1784345468.834134,4099,5272,6388,5703,210.9700,-0.0600
1784345468.878034,4090,5225,6388,5703,200.1500,-2.0600
1784345468.922763,4071,5178,6351,5685,213.6700,-0.3700
1784345468.968546,4109,5131,6304,5666,204.2300,1.0600
1784345469.013047,4099,5178,6370,5657,212.1300,-0.6300
1784345469.058217,4024,5131,6407,5675,212.5100,1.3100
1784345469.102638,4062,5150,6360,5713,206.8300,-0.4400
1784345469.147501,4052,5084,6370,5722,212.5100,-0.6900
1784345469.193134,4006,5150,6398,5741,212.5100,-0.6900
1784345469.238291,4062,5094,6651,5750,209.4800,-1.4400
1784345469.283077,4071,5103,6219,5769,220.7900,-1.0600
1784345469.328222,4052,5122,6388,5713,205.5600,0.5000
1784345469.373103,4062,5094,6491,5769,205.5600,-0.1900
1784345469.418214,4015,5150,6473,5722,210.9700,1.9400
1784345469.463131,4006,5112,6585,5807,210.9700,0.1900
1784345469.508647,3987,5075,6585,5732,209.4800,8.6300
1784345469.554172,4015,5103,6679,5797,212.5100,1.1200
1784345469.599137,4034,5075,6876,5741,212.5100,1.1200
1784345469.644110,3977,5066,6717,5825,196.2200,0.6900
1784345469.689092,4015,5094,6670,5863,206.9900,-0.2500
1784345469.734169,3968,5047,6679,5844,210.9700,-0.1200
1784345469.779299,3949,5084,6632,5816,210.9700,1.3100
1784345469.824123,3996,5028,6745,5779,216.3800,0.1200
1784345469.869748,3996,5019,6416,5835,208.2600,-2.0600
1784345469.914550,3940,5066,6407,5788,212.1300,1.7500
1784345469.959662,3959,5037,6454,5882,215.2700,2.6900
1784345470.004461,3968,5075,6473,5919,206.8300,3.0600
1784345470.049356,3959,4981,6501,5900,201.4700,1.2500
1784345470.094420,3968,5028,6501,5882,201.4700,1.2500
1784345470.139804,3968,4981,6585,5900,204.1800,-0.3700
1784345470.184831,3959,5000,6566,5929,209.7500,0.2500
1784345470.230343,3949,5028,6595,5882,209.4800,1.0600
1784345470.275254,3949,4962,6595,5910,206.9900,-0.1900
1784345470.321179,3959,4962,6585,5910,205.5600,-1.8100
1784345470.365800,3912,4962,6632,5947,208.2600,-1.3100
1784345470.411531,3865,4972,6810,5966,206.8300,0.3100
1784345470.456547,3912,4953,6820,5985,212.5100,0.0000
1784345470.500323,3940,4925,6763,5957,212.5100,0.0000
1784345470.546324,3912,4869,6707,6069,201.5300,1.4400
1784345470.591740,3940,4925,6707,6041,206.9900,-0.6900
1784345470.637503,3865,4934,6707,6060,206.8300,-0.1200
1784345470.682295,3865,4972,6717,6069,212.5100,0.0600
1784345470.727447,3846,4897,6688,6032,200.1500,-0.5000
1784345470.773538,3893,4953,6698,6013,210.9700,1.3100
1784345470.817805,3865,4925,6726,6069,213.6700,-0.1900
1784345470.863418,3884,4915,6773,6069,213.6700,-2.0600
1784345470.908769,3855,4906,6763,6051,193.5700,0.9400
1784345470.952529,3837,4859,6820,6069,198.7100,1.4400
1784345470.998246,3799,4878,6942,6051,198.7100,1.4400
1784345471.043498,3780,4878,6904,6060,205.5600,2.0000
1784345471.088435,3809,4878,6839,6088,200.1500,0.5000
1784345471.133539,3818,4869,6773,6144,205.5600,0.9400
1784345471.177301,3790,4869,6698,6097,205.5600,1.7500
1784345471.224504,3771,4869,6810,6135,202.8500,1.5000
1784345471.268230,3724,4831,6914,6126,208.2600,-0.9400
1784345471.314222,3734,4831,6979,6144,201.5300,-0.6300
1784345471.358717,3696,4878,7045,6182,206.9900,-1.6300
1784345471.403573,3696,4822,7092,6238,200.1500,-0.1900
1784345471.447687,3687,4831,6895,6191,200.1500,-0.1900
1784345471.492446,3696,4831,6895,6191,194.7400,-2.6300
1784345471.537403,3687,4784,6876,6210,192.0300,2.1900
1784345471.582800,3668,4803,6923,6257,183.9200,4.0600
1784345471.627496,3630,4812,6979,6304,181.2100,3.8100
1784345471.673773,3621,4822,6885,6248,173.1000,-0.2500
1784345471.717841,3677,4840,6885,6238,169.7100,0.0600
1784345471.763255,3649,4765,7157,6191,168.3500,1.5000
1784345471.807438,3630,4812,7026,6219,159.5800,4.1900
1784345471.852230,3630,4822,7054,6238,151.4600,5.7500
1784345471.897602,3612,4794,7167,6191,151.4600,5.7500
1784345471.943222,3621,4822,6970,6201,137.9400,-0.1900
1784345471.987862,3649,4803,6829,6191,113.6000,0.1900
1784345472.032560,3602,4794,6895,6191,91.9600,-0.7500
1784345472.077923,3612,4831,6942,6276,89.2500,-4.2500
1784345472.122357,3668,4850,6942,6276,100.0700,-6.6900
1784345472.167196,3630,4794,6923,6238,119.0100,-1.0000
1784345472.212265,3621,4794,6904,6201,132.5300,0.6900
1784345472.256605,3621,4737,6839,6229,135.2300,1.3100
1784345472.302019,3621,4784,6839,6257,124.4200,-0.5000
1784345472.346368,3630,4822,6895,6257,124.4200,-0.5000
1784345472.391740,3593,4794,6904,6219,127.1200,-2.5600
1784345472.436492,3630,4822,6998,6257,137.8900,-2.7500
1784345472.481810,3565,4747,7139,6276,151.7900,-1.0000
1784345472.526518,3602,4775,6923,6285,148.4900,-1.0000
1784345472.572303,3621,4737,7036,6229,160.0700,-3.3800
1784345472.617336,3602,4709,6979,6257,173.1000,-2.8800
1784345472.661910,3574,4718,6960,6323,180.3100,-1.5000
1784345472.706987,3574,4709,6932,6294,192.0300,-0.7500
1784345472.751514,3574,4690,7251,6304,201.4700,0.7500
1784345472.796390,3527,4728,7298,6323,201.4700,0.7500
1784345472.840885,3527,4765,7317,6332,192.0300,6.1300
1784345472.886361,3537,4765,7214,6313,181.2100,7.5000
1784345472.931370,3555,4803,7223,6257,146.0500,5.2500
1784345472.976973,3537,4765,7223,6276,121.7100,0.8100
1784345473.021019,3508,4737,7204,6323,119.0100,-6.8100
1784345473.065787,3537,4775,7195,6332,132.5800,-7.6900
1784345473.111882,3508,4822,7270,6341,157.3100,-3.8800
1784345473.156505,3499,4803,7214,6323,178.5100,-3.6300
1784345473.200455,3490,4728,7242,6341,194.7400,0.1900
1784345473.245369,3480,4700,7420,6426,194.7400,0.1900
1784345473.290396,3518,4672,7373,6332,205.5600,0.5600
1784345473.335566,3518,4747,7392,6341,213.6700,-0.5000
1784345473.380626,3499,4728,7448,6398,202.8500,-0.0600
1784345473.426134,3424,4700,7486,6398,190.9200,-0.1200
1784345473.466468,3527,4672,7486,6398,206.9900,-2.1900
1784345473.512156,3452,4709,7514,6379,208.2600,-2.9400
1784345473.556323,3499,4747,7495,6388,200.1500,0.7500
1784345473.600311,3424,4803,7495,6388,202.8500,0.1200
1784345473.642316,3396,4803,7111,6388,202.8500,0.1200
1784345473.686370,3443,4672,7111,6445,202.8500,-0.2500
1784345473.731106,3386,4653,7570,6370,193.5700,-0.4400
1784345473.775784,3405,4625,7242,6388,209.7500,0.4400
1784345473.820690,3349,4690,7204,6491,212.1300,0.3700
1784345473.865459,3377,4625,7045,6520,213.6700,1.0000
1784345473.910646,3424,4568,7148,6482,197.4400,-1.1900
1784345473.955561,3415,4597,7148,6510,213.6700,-0.7500
1784345474.000801,3330,4568,7120,6473,198.7100,-1.9400
1784345474.046105,3396,4540,7082,6445,198.7100,-1.9400
1784345474.091365,3330,4578,7073,6529,208.2600,-1.5000
1784345474.136364,3377,4540,7298,6454,193.5700,1.0600
1784345474.181399,3340,4578,7195,6482,218.0300,-0.0600
1784345474.224449,3293,4568,7195,6538,198.8700,-0.3700
1784345474.268915,3340,4418,7157,6510,204.2300,1.3100
1784345474.314062,3274,4531,7223,6585,212.1300,3.1300
1784345474.359398,3321,4475,7167,6595,216.3800,0.7500
1784345474.403501,3293,4550,7176,6613,209.7500,0.6900
1784345474.446622,3293,4493,7176,6679,209.7500,0.6900
1784345474.491686,3349,4493,7279,6698,189.3300,-0.5000
1784345474.533380,3255,4503,7082,6698,209.4800,-0.8100
1784345474.577496,3293,4465,7082,6876,209.7500,-0.7500
1784345474.621567,3274,4428,7082,6876,214.7800,-0.6900
1784345474.666470,3302,4456,7354,6801,212.5100,-0.4400
1784345474.711081,3283,4381,7345,6820,197.4400,0.9400
1784345474.755682,3246,4437,7439,6726,200.1500,0.5000
1784345474.800730,3199,4446,7148,6698,205.5600,-1.1200
1784345474.845547,3208,4418,7129,6698,205.5600,-1.1200
1784345474.890743,3180,4446,7139,6726,210.9700,0.2500
1784345474.936078,3199,4437,7036,6651,205.5600,-0.3100
1784345474.981065,3161,4381,7476,6688,202.8500,-0.6300
1784345475.026397,3180,4446,7233,6707,216.3800,-1.1200
1784345475.071043,3171,4353,7186,6754,205.5600,-1.0600
1784345475.116023,3114,4428,7157,6698,213.6700,1.0000
1784345475.161182,3124,4418,7195,6735,200.1500,-0.5600
1784345475.205830,3180,4446,7195,6745,216.3800,0.9400
1784345475.251121,3105,4296,7195,6745,208.2600,1.4400
1784345475.296737,3143,4381,7204,6782,202.8500,1.9400
1784345475.340517,3096,4428,7148,6782,202.8500,1.9400
1784345475.385458,3133,4456,7261,6820,200.1500,-0.5000
1784345475.430504,3199,4437,7251,6801,205.5600,0.2500
1784345475.475495,3105,4456,7261,6801,194.7400,0.0600
1784345475.520626,3096,4381,7279,6848,205.5600,-1.5600
1784345475.561553,3096,4409,7279,6848,208.2600,-1.5000
1784345475.605922,3039,4315,7167,6810,210.9700,-1.6900
1784345475.650768,3077,4334,7233,6810,210.9700,0.0600
1784345475.695542,3152,4334,7233,6829,210.9700,0.0600
1784345475.733908,3114,4334,7233,6839,206.8300,2.0000
1784345475.777035,3152,4353,7345,6895,198.7100,-0.5000
1784345475.822526,3039,4343,7439,6820,210.9700,-0.6300
1784345475.866524,3086,4325,7439,6810,216.3800,-1.2500
1784345475.911242,3021,4343,7786,6801,209.4800,1.3700
1784345475.953494,3049,4287,7786,6839,209.7500,-0.3100
1784345475.998133,3021,4353,7833,6839,209.7500,-0.3100
1784345476.042524,3030,4334,7927,6867,201.5300,-0.3100
1784345476.088002,2946,4268,7964,6820,206.9900,0.3700
1784345476.132950,2964,4306,7814,6895,209.4800,3.3800
1784345476.177928,2917,4315,7992,6810,209.7500,2.1300
1784345476.222924,2955,4362,8049,6876,194.7400,0.0000
1784345476.267274,3030,4287,8096,6951,208.2600,0.1200
1784345476.312100,2964,4334,7964,6885,209.4800,-0.9400
1784345476.356607,2908,4409,7983,6914,198.7100,-0.8100
1784345476.400852,2899,4287,7955,6960,206.8300,-0.8800
1784345476.446256,2936,4278,7964,6904,206.8300,-0.8800
1784345476.491598,2889,4287,8011,6942,204.2300,-1.8800
1784345476.536278,2852,4221,7936,6923,216.3800,0.1200
1784345476.581679,2861,4278,7917,7036,213.6700,-0.3100
1784345476.626589,2852,4296,7795,6970,206.8300,-0.2500
1784345476.671529,2908,4296,7824,7026,204.2300,0.7500
1784345476.716664,2842,4296,7805,7017,196.2200,0.8800
1784345476.761626,2870,4353,7767,7045,212.5100,0.8100
1784345476.806586,2861,4400,7739,6998,212.1300,1.3700
1784345476.851620,2777,4287,7720,6989,215.2700,0.1200
1784345476.896609,2824,4212,7720,7036,215.2700,0.1200
1784345476.941608,2852,4249,7739,7064,204.1800,-0.3100
1784345476.986288,2833,4268,7739,7054,220.7900,-2.6300
1784345477.033257,2852,4249,7730,7101,205.5600,-1.7500
1784345477.075774,2814,4278,7777,7036,210.9700,3.2500
1784345477.120777,2720,4268,7777,7129,212.1300,2.6300
1784345477.167220,2739,4240,7758,7092,220.7900,0.5600
1784345477.211131,2749,4249,7739,7120,213.6700,0.0000
1784345477.256237,2777,4203,7739,7129,216.3800,1.8800
1784345477.301405,2720,4184,7786,7129,201.5300,1.8100
1784345477.346273,2692,4203,7748,7082,201.5300,1.8100
1784345477.391018,2674,4278,7673,7157,205.5600,-0.5000
1784345477.435997,2739,4268,7833,7148,201.4700,-1.6300
1784345477.481136,2702,4221,7767,7167,210.9700,-1.0600
1784345477.525994,2702,4249,7814,7186,208.2600,0.1900
1784345477.570812,2683,4156,7748,7233,202.8500,-0.6900
1784345477.615934,2702,4221,7767,7204,193.5700,-1.6300
1784345477.661385,2683,4156,7767,7214,204.2300,0.6900
1784345477.705809,2702,4174,7814,7279,193.5700,1.1900
1784345477.750193,2655,4099,7899,7233,193.5700,1.1900
1784345477.794761,2636,4165,7964,7270,206.9900,0.5000
1784345477.840424,2645,4184,7964,7223,205.5600,1.9400
1784345477.883704,2702,4193,8039,7308,200.1500,1.8800
1784345477.928018,2617,4146,8077,7317,197.4400,-0.6300
1784345477.971790,2589,4174,7927,7270,202.8500,-4.6900
1784345478.015986,2645,4174,7936,7279,201.5300,-2.3800
1784345478.060882,2598,4128,7852,7298,201.4700,-0.1900
1784345478.104406,2598,4165,7880,7298,192.0300,-1.2500
1784345478.149865,2570,4203,7992,7364,197.4400,1.6300
1784345478.194941,2561,4146,8030,7364,197.4400,1.6300
1784345478.239731,2542,4099,7955,7392,198.8700,1.1200
1784345478.284747,2589,4034,8067,7401,195.9500,1.0000
1784345478.329761,2552,4034,8236,7467,197.4400,0.8800
1784345478.374357,2552,4024,8189,7467,189.3300,-0.0600
1784345478.417936,2580,4137,8189,7514,193.5700,-0.9400
1784345478.463049,2533,3996,7992,7505,194.7400,0.0600
1784345478.507831,2608,4006,7908,7486,198.7100,-1.1900
1784345478.553029,2467,4165,7955,7495,183.9200,0.8800
1784345478.597967,2561,4118,7852,7448,194.7400,-0.0600
1784345478.643184,2495,4052,7861,7458,194.7400,-0.0600
1784345478.688286,2495,3987,7908,7430,192.0300,-0.6900
1784345478.732745,2495,3977,7852,7495,188.2700,0.1200
1784345478.776954,2505,4015,7786,7486,193.1900,0.4400
1784345478.822188,2458,4052,7842,7533,185.6200,-0.5000
1784345478.866926,2486,4024,7692,7514,190.4300,0.1900
1784345478.912062,2495,4090,8142,7495,185.6200,-1.0600
1784345478.957288,2514,3977,8133,7533,187.6700,-1.0000
1784345479.002172,2505,4043,8124,7589,182.9600,-1.3100
1784345479.046831,2542,4043,8142,7514,193.1900,-1.3700
1784345479.091734,2495,4052,8161,7561,193.1900,-1.3700
1784345479.136401,2505,4006,7842,7551,180.3100,-0.2500
1784345479.179954,2477,3987,7842,7551,187.6700,2.0600
1784345479.224851,2458,4006,8021,7589,189.3300,0.6900
1784345479.269761,2523,3977,8246,7608,186.6200,2.1300
1784345479.315301,2392,4043,8011,7561,185.6200,0.1900
1784345479.359890,2420,4052,8011,7627,187.6700,0.9400
1784345479.403254,2401,4024,8011,7636,186.6200,0.8800
1784345479.446932,2373,3968,8011,7655,186.6200,0.8800
1784345479.491374,2448,3987,8302,7673,183.9200,-0.8100
1784345479.535311,2467,4006,8302,7664,175.0100,-1.3100
1784345479.579267,2364,4043,8302,7608,184.9100,-1.3100
1784345479.623297,2467,3996,8302,7683,178.5100,-2.0000
1784345479.667992,2373,3987,8602,7655,178.5100,0.5600
1784345479.712097,2467,3968,8640,7645,175.8000,-0.3700
1784345479.756223,2373,3977,8630,7692,175.8000,-0.1200
1784345479.800851,2308,3855,8405,7636,178.5100,-0.3700
1784345479.844350,2364,3921,8405,7655,178.5100,-0.3700
1784345479.888907,2345,3977,8574,7655,178.5100,0.6300
1784345479.930879,2420,3818,8611,7655,181.2100,-0.5000
1784345479.975433,2420,3931,8611,7673,175.8000,0.2500
1784345480.019284,2392,3996,8611,7664,178.5100,-0.5000
1784345480.064267,2317,3949,8715,7730,178.5100,-1.6900
1784345480.107994,2326,3968,8762,7683,175.8000,-2.3800
1784345480.152227,2336,3902,8452,7673,173.1000,-2.5600
1784345480.196864,2401,3893,8218,7758,173.1000,-2.5600
1784345480.240414,2336,3865,8274,7758,167.0500,-6.8100
1784345480.285270,2308,3874,8321,7720,175.8000,-2.5000
1784345480.329911,2251,3931,8311,7720,179.3900,0.1200
1784345480.374361,2308,3912,8358,7786,178.5100,0.6900
1784345480.419487,2261,3884,8302,7870,169.7100,-0.0600
1784345480.463445,2280,3912,8274,7795,175.8000,0.6900
1784345480.508100,2345,3874,8349,7833,176.6300,-0.5000
1784345480.552904,2289,3968,8358,7824,175.0100,0.9400
1784345480.597808,2214,3837,8480,7814,175.0100,0.9400
1784345480.642872,2251,3865,8593,7824,176.6300,-0.2500
1784345480.686969,2326,3855,8790,7795,173.1000,-0.3100
1784345480.731883,2289,3884,8752,7880,167.0500,-1.5000
1784345480.776889,2270,3865,8743,7842,173.1000,-2.4400
1784345480.821933,2233,3912,8790,7852,171.1100,-1.0600
1784345480.866879,2223,3874,8837,7814,169.7100,-1.3100
1784345480.911017,2289,3884,8855,7852,167.6900,0.1900
1784345480.955995,2167,3902,8780,7824,168.3500,-1.2500
1784345481.001330,2261,3790,8780,7833,167.0500,0.1900
1784345481.045987,2214,3837,8846,7861,167.0500,0.1900
1784345481.090037,2195,3837,9343,7833,167.6900,-0.5600
1784345481.135052,2308,3865,9174,7805,170.4000,0.5000
1784345481.180295,2233,3762,8696,7880,171.1100,-0.5600
1784345481.225345,2251,3827,8640,7870,164.4000,-0.7500
1784345481.270330,2280,3780,8452,7889,168.3500,0.3100
1784345481.314083,2195,3837,8799,7889,161.7500,1.8100
1784345481.359310,2158,3790,9296,7899,168.3500,2.5000
1784345481.403275,2120,3837,8837,7927,164.9900,2.5000
1784345481.447840,2176,3762,8752,7955,167.6900,0.3700
1784345481.492894,2158,3827,8912,7983,167.6900,0.3700
1784345481.537410,2148,3799,8912,7964,164.9900,0.4400
1784345481.581982,2083,3771,8968,7936,162.2800,0.5000
1784345481.626914,2167,3705,9024,7955,162.2800,-0.0600
1784345481.672175,2176,3827,8687,7945,161.7500,-0.1200
1784345481.716914,2129,3762,9034,7974,162.8300,0.8800
1784345481.761968,2064,3771,8968,7936,162.2800,-0.2500
1784345481.806562,2045,3790,8930,7936,156.4500,-0.1200
1784345481.851464,2036,3743,8855,7992,162.2800,-1.3100
1784345481.896646,2092,3743,8827,8039,159.5800,-1.1200
1784345481.941282,2073,3724,8959,7927,159.5800,-1.1200
1784345481.987044,2186,3734,8790,7945,159.5800,0.9400
1784345482.031582,2101,3762,8818,8021,159.5800,2.3800
1784345482.076900,2073,3734,8940,8021,156.8700,1.5000
1784345482.121966,2073,3771,8930,8067,160.0700,-0.5600
1784345482.166932,2064,3846,8930,8133,154.1700,-0.1900
1784345482.211562,2083,3752,8996,8114,154.1700,-0.4400
1784345482.257039,2026,3687,9034,8199,154.1700,-1.0600
1784345482.301630,2092,3715,8762,8124,153.8000,-0.8100
1784345482.346901,2073,3640,8762,8152,154.1700,0.4400
1784345482.391568,2083,3743,8874,8161,154.1700,0.4400
1784345482.437006,2064,3743,8921,8218,157.3100,1.3700
1784345482.481335,2064,3809,8987,8208,151.4600,1.8800
1784345482.527209,2054,3734,9137,8180,151.4600,3.5600
1784345482.570378,2007,3724,9137,8180,151.4600,2.8800
1784345482.615404,2026,3743,9081,8161,148.4900,-0.2500
1784345482.660092,2045,3705,9034,8096,151.4600,0.2500
1784345482.704400,2007,3705,8968,8105,148.7600,-0.7500
1784345482.747432,2073,3687,8893,8105,148.7600,-0.7500
1784345482.792046,2007,3780,8893,8180,151.4600,-0.4400
1784345482.836962,1961,3715,8893,8180,148.7600,-1.4400
1784345482.880605,1942,3724,8893,8124,151.7900,-0.1200
1784345482.924991,1998,3715,8912,8152,148.4900,0.5000
1784345482.969200,1961,3677,8921,8133,149.0300,0.1900
1784345483.013108,2017,3649,8968,8649,151.4600,-0.5000
1784345483.057346,2064,3696,9024,8208,148.4900,0.0000
1784345483.102046,1923,3687,9034,8208,146.2700,-0.3100
1784345483.146090,1989,3696,8987,8227,146.2700,-0.3100
1784345483.190371,2083,3696,9015,8490,151.4600,2.2500
1784345483.236127,1998,3705,9005,8321,148.4900,2.7500
1784345483.281202,1989,3734,8968,8611,143.3500,1.6900
1784345483.326016,1942,3818,9109,8039,140.6400,-0.5000
1784345483.371002,1979,3837,9287,8039,143.5100,-0.8100
1784345483.415030,1961,3884,9005,8067,143.3500,0.5000
1784345483.460380,1970,3921,8921,8208,143.3500,-0.5000
1784345483.504987,1998,3884,8987,8171,143.3500,0.0600
1784345483.549590,1932,3865,8996,8171,137.8900,-2.0000
1784345483.592461,1970,3837,8940,8283,137.8900,-2.0000
1784345483.636158,1970,3855,8996,8236,137.9400,-0.5600
1784345483.681538,1904,3846,9062,8311,140.6400,-0.1200
1784345483.727144,1932,3799,9137,8321,135.2300,0.5000
1784345483.772532,1904,3855,9165,8339,140.7500,1.0600
1784345483.817652,1923,3790,9146,8358,135.2300,0.5000
1784345483.862125,1904,3799,9146,8396,143.5100,0.0600
1784345483.907377,1951,3734,9099,8508,137.9400,-1.1200
1784345483.949336,1923,3677,9071,8508,135.2300,1.0000
1784345483.994050,1857,3705,9090,8171,135.2300,1.0000
1784345484.038471,1839,3724,9099,8827,135.2300,1.8800
1784345484.082464,1886,3602,9090,8274,135.2300,-1.3100
1784345484.125767,1932,3630,9099,8274,135.2300,-0.1200
1784345484.171083,1895,3677,9099,8677,132.4700,-0.1200
1784345484.216176,1904,3574,9109,8565,132.5800,-0.6300
1784345484.261242,1904,3696,9165,8405,135.2300,-2.5000
1784345484.306106,1867,3677,9165,8396,129.8300,-0.3100
1784345484.351293,1923,3705,9174,8339,132.5300,-0.8800
1784345484.396386,1895,3640,9306,8405,132.5300,-0.8800
1784345484.441205,1876,3640,9184,8471,132.5300,0.1900
1784345484.486492,1904,3677,9193,8490,137.9900,1.0000
1784345484.531066,1932,3658,9231,8490,132.5300,1.4400
1784345484.575693,1867,3621,9193,8433,132.5800,0.5000
1784345484.620575,1848,3621,9127,8452,135.2300,2.3100
1784345484.665396,1876,3649,9202,8471,135.2300,-0.5000
1784345484.710722,1867,3687,9165,8499,129.9300,0.6900
1784345484.755807,1895,3649,9202,8518,132.5300,0.1900
1784345484.800898,1820,3687,9165,8499,132.4700,0.8800
1784345484.846067,1886,3630,9165,8536,132.4700,0.8800
1784345484.890082,1820,3612,9165,8508,127.2800,0.3700
1784345484.934743,1820,3612,9202,8499,127.1200,1.2500
1784345484.979639,1886,3687,9212,8574,126.9500,0.0600
1784345485.024870,1848,3658,9221,8518,127.2800,0.6300
1784345485.069717,1886,3593,9221,8499,126.9500,-1.8100
1784345485.115072,1801,3658,9231,8508,121.9800,-0.3100
1784345485.159587,1820,3658,9287,8536,124.1900,0.8800
1784345485.204544,1886,3649,9259,8490,124.4200,-0.3100
1784345485.249650,1867,3612,9212,8490,124.4200,-0.3100
1784345485.293848,1810,3555,9212,8490,121.9800,0.2500
1784345485.338392,1839,3574,9268,8499,126.9500,0.1900
1784345485.382611,1782,3565,9240,8452,119.3200,-0.8800
1784345485.426554,1839,3583,9240,8527,121.7100,1.4400
1784345485.470842,1820,3658,9268,8480,132.4700,-0.2500
1784345485.515797,1810,3658,9240,8490,119.3200,0.6900
1784345485.560898,1839,3649,9268,8508,121.7100,-0.8800
1784345485.606189,1820,3640,9306,8490,121.7100,-0.8800
1784345485.651114,1876,3677,9268,8508,121.7100,-0.8800
1784345485.696248,1867,3602,9296,8546,121.7100,-0.8800
1784345485.741522,1782,3574,9446,8565,121.7100,-0.8800
1784345485.786226,1773,3630,8912,8415,121.7100,-0.8800
1784345485.831453,1764,3621,9090,8574,121.7100,-0.8800
1784345485.876426,1839,3602,9071,8583,121.7100,-0.8800
1784345485.921935,1848,3546,9062,8602,8.9900,0.0600
1784345485.966769,1839,3602,9428,9315,0.0000,10.7500
1784345486.011536,1820,3677,9334,8658,0.0000,10.7500
1784345486.056170,1829,3583,9334,8546,5.4100,12.1900
1784345486.100755,1820,3602,9184,8508,2.7000,14.0600
1784345486.145280,1876,3583,9334,8536,16.2300,17.6200
1784345486.190331,1904,3630,9287,8527,13.5200,19.0000
1784345486.235785,1895,3583,9278,8471,8.1100,14.5000
1784345486.280777,1876,3555,9137,9043,5.4100,15.2500
1784345486.325863,1886,3612,9156,8968,2.7000,16.1900
1784345486.371242,1848,3583,9090,8968,5.4100,15.5000
1784345486.414737,1886,3583,9118,8837,2.7000,14.6300
1784345486.460240,1820,3574,9062,8687,2.7000,14.6300
1784345486.504212,1810,3565,9062,8687,2.7000,14.3800
1784345486.549310,1876,3555,9062,8593,2.7000,13.6300
1784345486.594313,1886,3546,8959,8593,5.4100,13.7500
1784345486.638811,1914,3612,8996,8649,2.7000,11.8800
1784345486.684236,1923,3555,9005,8602,5.4100,11.4400
1784345486.728231,1886,3499,8959,8536,2.7000,10.1900
1784345486.773816,1942,3537,9024,8424,5.4100,10.8100
1784345486.818229,1895,3424,9024,8274,2.7000,10.0000
1784345486.863258,1886,3499,9005,8274,0.0000,9.4400
1784345486.907732,1848,3490,9052,8443,0.0000,9.4400
1784345486.952329,1876,3424,8930,8405,2.7000,8.5600
1784345486.996542,1942,3405,8930,8358,0.0000,7.8100
1784345487.041818,1989,3546,8940,8330,2.7000,8.1300
1784345487.086595,1989,3471,8977,8302,-2.7000,5.7500
1784345487.131828,2007,3555,8977,8311,2.7000,5.2500
1784345487.176735,1989,3977,8949,8302,0.0000,6.3800
1784345487.221326,1961,3602,8968,8302,2.7000,5.6300
1784345487.265835,1961,3612,8987,8274,2.7000,5.8800
1784345487.310844,1979,3640,9015,8293,0.0000,3.8100
1784345487.355740,2045,3546,9146,8321,0.0000,3.8100
1784345487.401216,2017,3546,9343,8236,2.7000,5.6300
1784345487.446246,2064,3518,9174,8330,2.7000,5.6300
1784345487.489763,1970,3490,9174,8330,2.7000,5.6300
1784345487.534591,2036,3546,9174,8302,2.7000,5.6300
1784345487.579311,2007,3499,9193,8274,2.7000,5.6300
1784345487.624330,2045,3546,9521,8274,2.7000,5.6300
1784345487.669572,2017,3499,9465,8246,2.7000,5.6300
1784345487.714356,2036,3452,9559,8358,3.4500,0.0600
1784345487.758886,1998,3565,9390,8311,3.4500,0.0600
1784345487.804361,1989,3565,9418,8264,74.2500,0.2500
1784345487.849664,1961,3461,9090,8293,100.0700,-1.0600
1784345487.894743,2017,3490,9099,8311,119.0100,1.1900
1784345487.939412,1989,3461,9109,8293,126.9500,-1.3700
1784345487.984730,2017,3546,9296,8302,129.9300,1.1900
1784345488.029684,2083,3415,9324,8339,132.5300,1.2500
1784345488.075355,2054,3490,9399,8283,137.9400,0.5000
1784345488.118783,2036,3518,9399,8293,140.6400,0.2500
1784345488.164392,2026,3480,9409,8283,143.3500,0.5000
1784345488.209613,2036,3433,9409,8283,143.3500,0.5000
1784345488.254988,2101,3461,9221,8349,146.0500,-1.3100
1784345488.299736,2054,3471,9390,8311,146.0500,1.3100
1784345488.345318,2036,3471,9399,8433,151.4600,1.3100
1784345488.390091,2148,3461,9240,8349,154.1700,-0.7500
1784345488.435749,2195,3443,9221,8415,156.8700,-2.2500
1784345488.481364,2139,3461,9193,8452,162.2800,-1.0000
1784345488.526292,2148,3480,9278,8386,167.6900,-1.3100
1784345488.570644,2111,3443,9127,8386,173.1000,-2.0000
1784345488.616842,2101,3415,9090,8386,176.6300,0.3700
1784345488.661589,2120,3377,9278,8452,176.6300,0.3700
1784345488.706918,2101,3415,9212,8386,180.3100,0.9400
1784345488.752824,2101,3368,9306,8321,175.8000,1.8100
1784345488.797835,2017,3433,9334,8396,192.0300,0.5000
1784345488.843402,2064,3377,9324,8377,189.3300,0.5600
1784345488.888819,2026,3377,9259,8461,200.1500,1.1900
1784345488.933858,2036,3452,9409,8415,194.7400,-0.3700
1784345488.979505,2111,3415,9268,8386,194.7400,-0.6300
1784345489.024697,2270,3321,9127,8386,215.2700,1.3700
1784345489.070053,1895,3330,8996,8396,206.8300,0.4400
1784345489.114589,1886,3358,8996,8415,206.8300,0.4400
1784345489.160030,2280,3358,9437,8396,210.9700,0.3100
1784345489.205903,2495,3330,9353,8368,192.0300,0.5600
1784345489.251871,2580,3311,9099,8311,210.9700,1.0600
1784345489.296405,2477,3340,9071,8311,194.7400,1.4400
1784345489.341909,2580,3340,8987,8330,205.5600,0.0600
1784345489.386675,2552,3330,8987,8349,200.1500,-1.1200
1784345489.432125,2523,3311,9062,8339,210.9700,-0.1200
1784345489.477119,2552,3274,8987,8293,216.3800,-0.9400
1784345489.523104,2608,3208,9296,8274,213.6700,-0.5000
1784345489.566928,2336,3283,9287,8274,202.8500,-1.0000
1784345489.611431,2120,3274,9099,8274,202.8500,-1.0000
1784345489.657400,2054,3274,8959,8377,200.1500,0.1900
1784345489.702944,2129,3274,8959,8349,200.1500,-0.7500
1784345489.748415,2195,3236,9249,8415,192.0300,0.1200
1784345489.795077,2204,3236,9212,8424,194.7400,3.0000
1784345489.839174,2073,3246,9090,8443,210.9700,0.3100
1784345489.885014,2270,3218,9118,8452,208.2600,1.5000
1784345489.930450,2242,3274,9268,8396,202.8500,0.6900
1784345489.975459,2204,3208,9334,8443,216.3800,-0.3700
1784345490.021022,2242,3208,9240,8424,216.3800,-0.9400
1784345490.064865,2373,3199,9099,8433,208.2600,1.0600
1784345490.110059,2270,3218,9015,8452,208.2600,1.0600
1784345490.156064,2167,3236,9034,8452,213.6700,1.3700
1784345490.201163,2261,3180,9071,8471,200.1500,1.1200
1784345490.248047,2364,3143,9109,8386,206.9900,0.9400
1784345490.293232,2326,3114,9127,8396,198.8700,2.7500
1784345490.338594,2345,3086,9062,8349,208.2600,-0.3700
1784345490.384396,2411,3086,8912,8396,210.9700,-0.1200
1784345490.428691,2383,3058,8893,8349,198.7100,-0.6300
1784345490.474128,2401,3086,8902,8377,212.1300,-1.0000
1784345490.518968,2439,3077,8968,8377,210.9700,-0.4400
1784345490.564501,2355,3086,9005,8349,210.9700,-2.0000
1784345490.609173,2411,3049,8940,8415,210.9700,-2.0000
1784345490.653494,2439,3077,9015,8415,216.3800,1.0000
1784345490.699170,2458,3086,9071,8368,205.5600,0.9400
1784345490.743735,2430,3067,8996,8349,205.5600,0.9400
1784345490.788761,2364,3058,8996,8339,216.3800,1.0600
1784345490.833216,2383,3067,9034,8339,197.4400,1.6300
1784345490.878747,2514,3086,8855,8424,210.9700,-0.3100
1784345490.923506,2552,3096,8855,8490,215.2700,-0.7500
1784345490.968894,2523,3105,8790,8480,204.1800,0.9400
1784345491.014526,2505,2992,8846,8377,197.4400,-0.8800
1784345491.060590,2486,3011,8874,8377,197.4400,-0.8800
1784345491.103556,2495,3049,8874,8377,202.8500,0.8100
1784345491.148471,2523,2946,8818,8452,219.0800,0.5600
1784345491.193957,2533,2946,8959,8424,210.9700,-1.1900
1784345491.238687,2467,2899,8959,8424,215.2700,0.3700
1784345491.284543,2420,2955,8846,8433,209.4800,0.5600
1784345491.328825,2430,2870,8762,8386,205.5600,-1.8800
1784345491.370972,2458,2870,8771,8386,213.6700,-0.6900
1784345491.413922,2467,2983,8808,8386,212.5100,-1.7500
1784345491.459679,2486,2964,8930,8377,212.5100,-1.7500
1784345491.503844,2420,2927,8912,8433,201.5300,-0.3700
1784345491.549929,2420,2946,8837,8433,205.5600,-0.9400
1784345491.594732,2523,2899,8874,8358,215.2700,-1.5600
1784345491.640087,2561,2889,8949,8377,205.5600,0.5000
1784345491.684605,2523,2861,8808,8377,201.5300,0.2500
1784345491.730058,2552,2861,8902,8386,213.6700,0.8800
1784345491.775545,2664,2899,8771,8396,213.6700,0.5000
1784345491.819526,2645,2899,8790,8396,208.2600,0.5000
1784345491.865571,2533,2908,8780,8396,213.6700,0.8800
1784345491.910570,2542,2852,8827,8358,213.6700,0.8800
1784345491.955100,2533,2880,8799,8330,202.8500,0.5600
1784345492.001607,2570,2842,8827,8358,202.8500,1.8800
1784345492.046699,2495,2805,8846,8321,200.1500,0.8100
1784345492.090709,2495,2852,8762,8405,210.9700,0.9400
1784345492.135256,2467,2814,8799,8330,208.2600,-0.3100
1784345492.180667,2495,2861,8818,8330,205.5600,-1.1200
1784345492.225096,2552,2833,8780,8424,197.4400,3.0600
1784345492.269540,2542,2720,8799,8330,206.9900,1.7500
1784345492.315006,2514,2795,8752,8443,196.2200,-0.3700
1784345492.357644,2542,2777,8752,8461,196.2200,-0.3700
1784345492.402778,2505,2730,8771,8452,200.1500,-0.8100
1784345492.447686,2533,2805,8762,8433,192.0300,1.3700
1784345492.493048,2552,2786,8696,8471,192.0300,1.3100
1784345492.537138,2552,2833,8696,8443,195.9500,2.8800
1784345492.582260,2580,2730,8846,8358,190.9200,5.3100
1784345492.627325,2636,2739,8733,8349,182.1500,5.9400
1784345492.672697,2580,2720,8837,8368,156.4500,1.5000
1784345492.717658,2627,2702,8762,8358,146.0500,-3.4400
1784345492.762161,2589,2767,8818,8358,146.0500,-3.4400
1784345492.807626,2589,2739,8733,8339,148.7600,-5.3800
1784345492.851780,2533,2702,8799,8339,168.3500,-2.0600
1784345492.896846,2589,2730,8799,8358,178.5100,-1.5600
1784345492.942044,2552,2636,8743,8386,194.7400,-1.2500
1784345492.987953,2589,2645,8724,8396,197.4400,1.7500
1784345493.032869,2580,2655,8771,8396,202.8500,1.8100
1784345493.077180,2617,2730,8837,8358,201.5300,0.3700
1784345493.122237,2570,2627,8677,8405,212.5100,0.6300
1784345493.167317,2598,2617,8687,8405,196.2200,-0.1900
1784345493.212200,2683,2608,8687,8405,196.2200,-0.1900
1784345493.257917,2608,2533,8705,8490,205.5600,-0.6900
1784345493.302671,2598,2608,8687,8396,218.0300,-0.1900
1784345493.348175,2674,2570,8715,8433,201.5300,-2.1900
1784345493.392734,2664,2655,8705,8396,205.5600,-0.6300
1784345493.439125,2598,2683,8630,8461,213.6700,-1.6300
1784345493.483701,2655,2589,8630,8396,210.9700,1.3100
1784345493.528985,2627,2598,8649,8490,210.9700,0.1900
1784345493.575209,2589,2533,8611,8461,216.3800,-0.7500
1784345493.619940,2655,2580,8640,8443,206.9900,-0.0600
1784345493.666139,2692,2570,8593,8443,202.8500,-0.7500
1784345493.710963,2730,2505,8658,8480,202.8500,-1.1200
1784345493.756095,2683,2542,8621,8433,202.8500,-1.1200
1784345493.801090,2664,2570,8611,8452,212.1300,-0.5000
1784345493.847241,2730,2533,8621,8452,209.7500,-0.1200
1784345493.891311,2739,2486,8687,8443,214.7800,0.5600
1784345493.936939,2758,2477,8621,8424,201.4700,-1.3700
1784345493.982738,2730,2495,8602,8480,204.1800,1.0000
1784345494.029320,2767,2439,8649,8546,215.2700,0.8100
1784345494.074002,2711,2430,8640,8461,210.9700,0.7500
1784345494.119363,2730,2467,8640,8461,192.0300,0.0600
1784345494.160037,2627,2467,8640,8461,192.0300,0.0600
1784345494.204844,2720,2467,8555,8499,198.8700,0.4400
1784345494.248015,2730,2448,8555,8499,212.5100,0.1900
1784345494.291754,3330,2383,8555,8536,205.5600,3.2500
1784345494.337835,3227,2420,8677,8536,209.4800,-1.2500
1784345494.382342,3199,2401,8677,8536,216.3800,-0.8800
1784345494.427926,2936,2411,8546,8536,198.7100,-0.2500
1784345494.469921,2936,2477,8574,8471,216.3800,0.8100
1784345494.514136,2720,2364,8583,8471,216.3800,0.8100
1784345494.557813,2720,2373,8546,8471,210.9700,-0.6300
1784345494.603780,2711,2401,8583,8611,206.8300,-0.8800
1784345494.647877,2946,2411,8583,8611,218.0300,-1.0000
1784345494.693125,2946,2373,8640,8602,205.5600,-1.0000
1784345494.738791,3199,2373,8602,8555,208.2600,-0.1900
1784345494.783710,3114,2392,8536,8471,208.2600,-0.1200
1784345494.828495,3077,2345,8518,8518,197.4400,-0.8800
1784345494.873807,3049,2326,8518,8527,212.1300,-1.0000
1784345494.919504,3030,2317,8518,8508,204.2300,0.2500
1784345494.965001,3030,2336,8480,8499,202.8500,-0.1200
1784345495.009773,3021,2280,8527,8546,202.8500,-0.1200
1784345495.054816,3021,2364,8546,8508,210.9700,1.2500
1784345495.099807,3021,2280,8461,8565,208.2600,0.0600
1784345495.145745,3002,2336,8536,8555,205.5600,-0.8800
1784345495.190836,2964,2261,8499,8536,210.9700,0.1900
1784345495.236735,2983,2298,8518,8555,200.1500,0.6300
1784345495.281852,3021,2261,8480,8536,201.5300,-0.1200
1784345495.327952,3021,2261,8490,8546,212.5100,0.3100
1784345495.372837,3086,2261,8508,8536,196.2200,-1.3700
1784345495.418912,3077,2204,8527,8583,215.2700,-0.6300
1784345495.464046,3021,2270,8508,8574,213.6700,0.4400
1784345495.509900,3058,2233,8527,8630,213.6700,0.4400
1784345495.555165,3143,2270,8602,8649,213.6700,0.8100
1784345495.599846,3096,2233,8546,8565,210.9700,-0.7500
1784345495.645520,3077,2223,8536,8536,208.2600,-1.2500
1784345495.691703,3077,2270,8461,8602,213.6700,-0.5600
1784345495.735066,3096,2233,8452,8593,210.9700,0.9400
1784345495.780065,3124,2242,8574,8621,216.3800,0.4400
1784345495.824340,3114,2167,8471,8555,210.9700,0.3700
1784345495.865854,3096,2204,8471,8583,209.4800,-0.5600
1784345495.908929,3021,2167,8480,8583,209.4800,-0.5600
1784345495.952929,3067,2261,8480,8668,204.2300,0.0000
1784345495.999600,3133,2214,8490,8705,185.6200,0.0600
1784345496.043408,3133,2158,8527,8583,205.5600,0.1200
1784345496.088951,3143,2223,8471,8649,208.2600,0.1200
1784345496.134123,3171,2195,8499,8705,212.5100,-0.7500
1784345496.178141,3199,2167,8490,8630,206.8300,-1.6300
1784345496.224369,3283,2223,8471,8640,209.7500,-0.5600
1784345496.266926,3283,2139,8396,8705,208.2600,0.6300
1784345496.312299,3264,2195,8433,8687,208.2600,0.6300
1784345496.357919,3358,2129,8358,8696,189.3300,0.3700
1784345496.403086,3368,2083,8330,8658,206.8300,0.5000
1784345496.448239,3349,2073,8227,8752,205.5600,-1.2500
1784345496.493040,3443,2092,8452,8658,215.2700,-0.3100
1784345496.538956,3405,2176,8330,8687,213.6700,-2.5600
1784345496.583970,3386,2214,8311,8743,210.9700,-0.8100
1784345496.628901,3321,2092,8443,8743,208.2600,-0.3700
1784345496.673943,3293,2111,8386,8743,194.7400,-1.5600
1784345496.719839,3321,2092,8508,8696,204.1800,-0.1200
1784345496.763923,3274,2139,8461,8705,204.1800,-0.1200
1784345496.808555,3293,2054,8368,8715,212.5100,1.3700
1784345496.853855,3330,2120,8818,8771,202.8500,1.8800
1784345496.895412,3349,2064,8818,8771,206.8300,-0.5600
1784345496.939130,3358,2064,8443,8724,204.2300,1.1200
1784345496.984589,3321,2064,8424,8705,198.8700,-0.1900
1784345497.029393,3311,2017,8771,8752,218.0300,-0.2500
1784345497.074496,3330,2064,8433,8743,214.7800,0.8800
1784345497.119900,3340,1932,8565,8733,204.2300,-1.5000
1784345497.164435,3311,2007,8649,8762,202.8500,0.4400
1784345497.209289,3311,1998,8762,8733,202.8500,0.4400
1784345497.254645,3321,1989,8565,8724,210.9700,-0.2500
1784345497.299877,3311,1961,8480,8743,212.1300,0.5600
1784345497.344928,3377,1951,8705,8743,212.5100,0.3100
1784345497.390969,3452,1942,8752,8724,182.9600,-0.5000
1784345497.435886,3433,1923,8508,8771,218.0300,0.1200
1784345497.479227,3452,1932,8386,8752,188.2700,0.8800
1784345497.523988,3358,1914,8330,8752,198.7100,1.4400
1784345497.568554,3415,1867,8396,8724,200.1500,0.1200
1784345497.614030,3377,1867,8396,8771,216.3800,-1.0600
1784345497.658980,3452,1867,8283,8752,216.3800,-1.0600
1784345497.703937,3415,1923,8396,8743,210.9700,-1.2500
1784345497.748026,3433,1942,8368,8743,201.5300,1.3700
1784345497.790923,3574,1857,8368,8818,208.2600,1.3700
1784345497.836948,3602,1876,8452,8799,206.9900,1.1200
1784345497.881285,3546,1895,8368,8808,216.3800,-0.2500
1784345497.926027,3527,1961,8583,8790,210.9700,0.7500
1784345497.971334,3527,1829,8546,8846,193.5700,2.5000
1784345498.013054,3565,1792,8546,8827,204.2300,-0.8100
1784345498.058017,3602,2017,8687,8874,204.2300,-0.8100
1784345498.101670,3574,1904,8687,8874,196.2200,-2.6300
1784345498.145615,3668,1801,8687,8874,218.0300,-0.3700
1784345498.189620,3668,1801,9446,8874,202.8500,0.8800
1784345498.234310,3649,1914,8752,8874,194.7400,-0.6300
1784345498.276069,3621,1914,8752,8799,189.3300,0.0000
1784345498.320934,3593,1848,8902,8884,200.1500,-0.2500
1784345498.364996,3630,1820,8827,8884,197.4400,-0.2500
1784345498.408426,3696,1895,8827,8884,197.4400,-0.2500
1784345498.448445,3696,1951,8827,8884,200.1500,2.3800
1784345498.489361,3696,1801,8386,8884,197.4400,-0.5000
1784345498.533208,3752,1829,8386,8884,194.7400,-0.5000
1784345498.578060,3724,1782,8246,8884,192.0300,-1.7500
1784345498.621985,3734,1801,8246,8884,197.4400,-0.7500
1784345498.666634,3724,1801,8246,8837,192.0300,-0.2500
1784345498.711174,3724,1754,8339,8837,192.0300,-0.2500
1784345498.754472,3696,1829,8339,8837,186.6200,1.3700
1784345498.799530,3743,1848,8330,8827,194.7400,1.8100
1784345498.844413,3752,1792,8302,8827,189.3300,2.3100
1784345498.888972,3752,1764,8302,8865,192.0300,0.8100
1784345498.931059,3724,1773,8302,8865,186.6200,2.4400
1784345498.974272,3762,1773,8283,8846,185.6200,0.7500
1784345499.014185,3762,1707,8283,8846,185.6200,0.7500
1784345499.060075,3762,1726,8255,8837,187.6700,-0.3700
1784345499.106247,3771,1764,8171,8940,181.2100,-1.6300
1784345499.150043,3752,1717,8199,8949,178.5100,-1.0000
1784345499.194721,3780,1735,8189,8874,175.0100,0.3700
1784345499.237464,3809,1689,8189,8902,176.6300,-0.0600
1784345499.283413,3780,1717,8236,8949,175.8000,-0.3700
1784345499.327327,3780,1735,8227,8921,170.4000,-0.4400
1784345499.372372,3743,1735,8255,8921,170.4000,-0.6300
1784345499.416541,3771,1764,8236,8921,167.6900,0.0000
1784345499.462294,3705,1689,8293,8940,167.6900,0.0000
1784345499.508311,3734,1764,8227,8884,164.4000,0.1900
1784345499.552217,3790,1717,8227,8884,168.3500,-0.4400
1784345499.596359,3790,1764,8264,8884,159.1000,-1.2500
1784345499.641586,3762,1764,8246,8921,162.8300,-1.6900
1784345499.687064,3734,1689,8199,8930,159.5800,-0.8100
1784345499.732090,3790,1773,8236,9024,156.8700,-0.6900
1784345499.777704,3790,1764,8152,8987,156.4500,0.6300
1784345499.823109,3790,1707,8171,8949,160.0700,1.8100
1784345499.868249,3809,1745,8274,8968,151.4600,1.0000
1784345499.912452,3865,1679,8255,9034,151.4600,1.0000
1784345499.958121,3855,1670,8227,8987,151.4600,-0.3100
1784345500.003154,3790,1689,8236,8977,148.4900,0.1200
1784345500.047231,3865,1707,8246,8977,151.7900,0.3100
1784345500.092115,3893,1707,8218,8977,145.8400,0.8100
1784345500.136255,3818,1670,8199,8996,149.0300,0.8100
1784345500.182296,3846,1679,8246,8874,143.1900,1.0600
1784345500.227525,3855,1613,8180,8902,149.0300,0.3100
1784345500.272320,3837,1698,8218,8940,143.3500,-0.1900
1784345500.317533,3893,1689,8218,8959,143.3500,1.0000
1784345500.363346,3846,1679,8255,8940,143.3500,1.0000
1784345500.408096,3771,1604,8274,8940,137.8900,0.6300
1784345500.452636,3799,1773,8246,8940,146.2700,-0.9400
1784345500.497539,3809,1689,8264,8940,135.2300,-0.6900
1784345500.542493,3865,1651,8246,8959,137.9900,-1.4400
1784345500.588538,3940,1679,8255,8987,129.9300,-0.8100
1784345500.633158,3959,1670,8255,9118,132.4700,1.5000
1784345500.677753,3912,1689,8330,9118,132.5300,1.5600
1784345500.723562,3921,1613,8368,8968,127.1200,-0.0600
1784345500.767197,3921,1792,8368,8912,124.6300,-0.8800
1784345500.811775,3931,1689,8283,8912,124.6300,-0.8800
1784345500.857169,4006,1623,8349,8912,126.9500,1.3100
1784345500.901136,3987,1717,8283,8930,119.0100,1.2500
1784345500.945440,3987,1632,8283,9034,121.7100,-1.1900
1784345500.990255,3987,1651,8293,9043,119.0100,0.2500
1784345501.033557,4071,1632,8293,9043,121.7100,1.0000
1784345501.078234,3996,1613,8293,9024,116.6700,-0.1900
1784345501.122777,3996,1613,8311,9024,121.4400,-0.9400
1784345501.163323,3996,1773,8311,9024,119.0100,-1.3100
1784345501.208801,3949,1604,8302,9024,119.0100,-1.3100
1784345501.253763,3931,1679,8321,8977,119.0100,0.0600
1784345501.296222,3996,1764,8321,8977,119.0100,-0.7500
1784345501.337317,3996,1679,8321,8977,121.7100,-0.9400
1784345501.381719,4015,1613,8321,8996,119.0100,0.8100
1784345501.426763,3977,1689,8274,8996,119.0100,0.8100
1784345501.470895,4071,1595,8189,9071,119.0100,0.8100
1784345501.515650,4099,1679,8227,9034,119.0100,0.8100
1784345501.560750,4212,1557,8302,9081,119.0100,0.8100
1784345501.605342,4165,1595,8246,9052,119.0100,0.8100
1784345501.650561,4221,1585,8264,9081,119.0100,0.8100
1784345501.695713,4212,1651,8274,9099,119.0100,0.8100
1784345501.740281,4315,1679,8302,8996,8.9900,1.2500
1784345501.785555,4174,1604,8349,9024,2.7000,7.0000
1784345501.830812,4146,1651,8339,8930,2.7000,11.3100
1784345501.875776,3827,1679,8349,8930,10.8200,14.5600
1784345501.919853,4334,1717,8377,8930,10.8200,14.5600
1784345501.964539,4128,1660,8471,8930,13.5200,18.4400
1784345502.008574,4203,1670,8490,8930,13.5200,19.0600
1784345502.052776,4118,1632,8490,9005,8.1100,16.0000
1784345502.098311,4043,1689,8490,8987,13.5200,16.0000
1784345502.143444,4128,1698,8218,9043,2.7000,15.9400
1784345502.189214,3931,1754,8180,9015,8.1100,15.6300
1784345502.233830,3818,1782,8246,8977,2.7000,13.8800
1784345502.278645,3912,1745,8246,9052,5.4100,13.6300
1784345502.324759,3846,1642,8255,9024,0.0000,13.8100
1784345502.368312,3968,1773,8255,9146,0.0000,13.8100
1784345502.413881,3837,2045,8321,9127,0.0000,13.0600
1784345502.458497,3809,1595,8368,9137,0.0000,12.0000
1784345502.503712,3902,1989,8208,8733,2.7000,14.3800
1784345502.548683,3902,1595,8227,8696,0.0000,9.0000
1784345502.593346,3921,2017,8236,8696,0.0000,11.7500
1784345502.639317,3837,2401,8255,8771,2.7000,9.6300
1784345502.683633,3837,2448,8227,8865,2.7000,9.0000
1784345502.728854,3837,2392,8180,8874,0.0000,8.8800
1784345502.774491,3912,2383,8227,8912,2.7000,7.7500
1784345502.818862,3996,1613,8208,8987,2.7000,7.7500
1784345502.865844,3940,2317,8189,8996,2.7000,7.9400
1784345502.909686,3846,2289,8255,8921,0.0000,6.5000
1784345502.951293,3846,2383,8255,8921,2.7000,4.5600
1784345502.996031,3846,2336,8236,8921,0.0000,5.3800
1784345503.041329,3931,2139,8236,8996,0.0000,6.1900
1784345503.084817,3902,1989,8293,8921,0.0000,5.1900
1784345503.130404,3865,2120,8321,8930,2.7000,5.1900
1784345503.174352,3865,2120,8283,8930,0.0000,5.8100
1784345503.218524,3931,2101,8293,8902,0.0000,5.8100
1784345503.263503,3865,2214,8339,8818,0.0000,5.1900
1784345503.309337,3846,1670,8321,8893,0.0000,5.1900
1784345503.354279,3771,2101,8330,8846,0.0000,5.1900
1784345503.396602,3884,1989,8330,8846,0.0000,5.1900
1784345503.441398,3912,1651,8311,8865,0.0000,5.1900
1784345503.486811,3855,1679,8264,8837,0.0000,5.1900
1784345503.531912,3790,2073,8236,8902,0.0000,5.1900
1784345503.577469,3846,2326,8330,8818,0.0000,5.1900
1784345503.623122,3912,2355,8293,8855,4.5100,0.3100
1784345503.667472,3855,2289,8274,8855,76.9000,1.2500
1784345503.712902,3771,2280,8293,8837,99.3600,-1.2500
1784345503.758436,3855,2261,8283,8874,119.0100,1.6300
1784345503.804517,3846,2298,8283,8846,121.7100,-0.8800
1784345503.849413,3790,2289,8283,8846,121.7100,-0.1200
1784345503.895319,3818,2317,8330,8893,127.1200,0.0600
1784345503.938450,3809,1979,8330,8818,127.1200,0.5000
1784345503.980602,3809,1979,8330,8818,127.1200,0.5000
1784345504.025651,3884,2401,8283,8846,124.4200,-0.3700
1784345504.071809,3799,2505,8302,8827,127.2800,-0.3700
1784345504.116868,3780,2167,8255,8818,129.7100,-0.1900
1784345504.163548,3799,2730,8246,8884,129.8300,-0.8800
1784345504.205345,3790,2730,8293,8837,132.5300,0.6900
1784345504.250817,3874,2195,8236,8837,129.8300,-1.6900
1784345504.295434,3931,2101,8218,8780,132.5300,-1.1900
1784345504.340861,3865,2092,8293,8846,129.9300,0.1200
1784345504.384098,3893,2148,8236,8818,129.9300,0.1200
1784345504.427611,3931,2120,8283,8752,135.2300,0.5600
1784345504.473709,3884,2017,8236,8743,135.2300,0.6900
1784345504.519473,3912,2054,8227,8743,137.9400,0.7500
1784345504.564441,3865,2101,8218,8780,140.6400,-0.6900
1784345504.609405,3846,2111,8227,8762,137.9400,0.6300
1784345504.653817,3893,2007,8180,8743,140.6400,0.3700
1784345504.699595,3884,1970,8208,8715,143.3500,-0.3700
1784345504.743941,3931,2045,8161,8724,143.3500,-0.5600
1784345504.789453,3874,2158,8246,8771,143.3500,-0.6900
1784345504.835509,3837,2148,8189,8743,140.5400,-0.8800
1784345504.879379,3855,1932,8236,8743,140.5400,-0.8800
1784345504.924492,3865,2392,8152,8715,149.0300,0.2500
1784345504.969545,3874,2129,8171,8696,143.1900,-0.4400
1784345505.012081,3855,2458,8171,8687,154.5500,0.8800
1784345505.056492,3921,2129,8208,8743,151.4600,0.1900
1784345505.100437,3902,2439,8208,8743,153.8000,-0.8100
1784345505.144716,3874,2458,8208,8743,148.7600,0.5000
1784345505.189613,3865,1792,8114,8658,154.5500,0.7500
1784345505.234854,3818,2448,8133,8658,153.8000,0.2500
1784345505.279450,3893,1989,8189,8687,153.8000,0.2500
1784345505.324493,3846,1942,8152,8658,154.5500,1.0000
1784345505.369168,3855,1998,8105,8668,151.1400,1.1200
1784345505.414628,3846,2176,8105,8668,162.8300,1.5000
1784345505.458874,3912,2233,8077,8649,153.8000,-0.4400
1784345505.503802,3893,2289,8077,8630,160.0700,0.1900
1784345505.549653,3949,1989,8030,8611,156.4500,1.0000
1784345505.593888,3931,1895,8021,8593,159.5800,-0.5000
1784345505.638745,3893,1914,8067,8593,162.8300,-2.0000
1784345505.682545,3968,2270,8067,8593,162.2800,-2.0600
1784345505.727899,3921,2186,8067,8668,162.2800,-2.0600
1784345505.773086,3902,2026,8011,8733,167.6900,-0.9400
1784345505.818441,3902,1989,8039,8593,164.9900,-0.0600
1784345505.863565,3884,2007,8030,8546,169.7100,0.3700
1784345505.908550,3940,2036,7936,8518,173.8700,-0.5000
1784345505.953593,3959,1923,7974,8574,169.7100,1.0600
1784345505.998545,3968,1998,7936,8630,175.8000,0.1200
1784345506.043572,3996,1904,7945,8630,179.3900,0.3700
1784345506.088529,3949,1961,7983,8508,178.5100,-3.8100
1784345506.133825,3996,2026,7964,8508,175.8000,0.2500
1784345506.178482,3959,2139,7955,8508,175.8000,0.2500
1784345506.222796,4015,2036,7955,8518,175.8000,0.3100
1784345506.268753,3959,1914,7936,8490,178.5100,-0.4400
1784345506.313830,3977,2045,7936,8593,181.2100,0.3100
1784345506.359216,3968,2036,7842,8461,175.0100,-0.0600
1784345506.404522,3940,2092,7842,8471,187.6700,-0.6900
1784345506.449807,3987,2280,7861,8499,183.9200,1.7500
1784345506.494493,3987,1754,7861,8518,189.3300,0.3700
1784345506.540088,3959,2017,7870,8461,181.2100,0.4400
1784345506.585464,3949,2073,7861,8443,189.3300,0.5600
1784345506.630132,3912,2007,7908,8518,189.3300,0.5600
1784345506.675483,3940,2073,7814,8518,186.6200,-0.1200
1784345506.720582,3949,2054,7795,8377,192.0300,-0.5600
1784345506.766523,3931,2045,7786,8424,194.7400,0.2500
1784345506.811036,3931,2101,7833,8424,190.9200,0.3700
1784345506.856214,3977,2120,7880,8518,193.1900,0.1900
1784345506.901172,4024,2092,7917,8415,189.3300,-0.2500
1784345506.946544,3959,2026,7833,8415,197.4400,-0.7500
1784345506.990870,4062,2036,7805,8358,202.8500,-0.0600
1784345507.036060,3959,2120,7767,8405,193.5700,-1.3700
1784345507.080780,4071,2298,7748,8396,193.5700,-1.3700
1784345507.126217,3949,2036,7702,8452,201.4700,0.7500
1784345507.170762,4062,2336,7683,8405,198.8700,1.0000
1784345507.215276,3996,2392,7692,8405,209.7500,-0.0600
1784345507.259707,4062,2411,7739,8415,197.4400,-0.5000
1784345507.304756,4034,2298,7664,8405,208.2600,-0.1200
1784345507.349545,4006,2204,7758,8339,198.8700,0.3700
1784345507.394754,4024,2242,7730,8339,195.9500,-0.7500
1784345507.440556,4015,2251,7758,8377,205.5600,-1.1900
1784345507.484925,4043,2195,7730,8293,194.7400,2.2500
1784345507.531075,4024,2214,7683,8302,194.7400,2.2500
1784345507.575718,4006,2251,7702,8264,192.0300,1.0600
1784345507.622365,3987,2308,7730,8236,202.8500,-0.4400
1784345507.666001,4081,2289,7655,8311,210.9700,1.0600
1784345507.711619,4062,2270,7692,8330,205.5600,-0.6300
1784345507.756783,4024,2317,7645,8283,214.7800,0.9400
1784345507.801968,3996,2289,7655,8283,204.2300,-0.8800
1784345507.846779,4062,2326,7589,8255,201.5300,-0.8100
1784345507.892534,4090,2242,7542,8255,220.7900,-0.6300
1784345507.937133,4062,2251,7608,8236,198.8700,-0.9400
1784345507.982232,4099,2280,7636,8358,198.8700,-0.9400
1784345508.027627,4146,2355,7617,8330,204.2300,-0.1200
1784345508.072911,4052,2401,7608,8255,209.4800,0.5000
1784345508.111327,4052,2683,7608,8255,219.0800,3.5600
1784345508.156729,4090,2542,7598,8236,226.3100,0.9400
1784345508.202357,4081,2467,7580,8264,194.7400,-0.6300
1784345508.247212,4099,2458,7542,8227,216.3800,-0.3700
1784345508.291152,4146,2552,7467,8161,210.9700,-0.3100
1784345508.336719,4090,2486,7542,8199,216.3800,0.8100
1784345508.382658,4052,2505,7505,8255,192.0300,0.6900
1784345508.427653,4137,2477,7430,8255,192.0300,0.6900
1784345508.472873,4099,2401,7448,8142,205.5600,0.2500
1784345508.517969,4109,2308,7458,8142,200.1500,-0.8100
1784345508.563724,4118,2955,7458,8171,208.2600,1.6900
1784345508.607045,4099,2955,7458,8171,205.5600,2.1300
1784345508.650707,4109,2692,7486,8171,210.9700,-0.5000
1784345508.696109,4146,2383,7505,8105,202.8500,-0.3100
1784345508.741336,4156,2392,7439,8114,208.2600,0.5600
1784345508.786711,4174,2430,7430,8114,196.2200,-0.4400
1784345508.832034,4156,2448,7354,8142,216.3800,-1.8800
1784345508.877061,4212,2401,7467,8124,216.3800,-1.8800
1784345508.922680,4259,2477,7420,8067,201.4700,0.9400
1784345508.967779,4231,2505,7392,8096,212.1300,0.3100
1784345509.013021,4203,2420,7354,8096,201.4700,-0.4400
1784345509.058122,4240,2448,7373,8021,219.0800,0.8100
1784345509.104625,4249,2505,7317,7992,216.3800,0.4400
1784345509.149153,4231,2486,7364,8011,206.8300,0.0600
1784345509.194739,4193,2974,7308,8030,200.1500,0.3700
1784345509.237683,4249,2889,7354,7964,209.7500,-0.4400
1784345509.284629,4184,2786,7279,8011,194.7400,-1.1200
1784345509.329254,4221,2458,7326,8002,194.7400,-1.1200
1784345509.374115,4268,2467,7336,7974,209.4800,-1.1200
1784345509.419838,4249,2533,7308,7955,220.7900,-1.0600
1784345509.465742,4212,2645,7270,7964,197.4400,2.1300
1784345509.509703,4240,2674,7251,7964,216.3800,0.8800
1784345509.554187,4231,2664,7298,7945,205.5600,0.3700
1784345509.599782,4231,2627,7242,7889,197.4400,2.0600
1784345509.644737,4249,2655,7242,7880,210.9700,0.0000
1784345509.689769,4259,2580,7261,7899,210.9700,0.0000
1784345509.735898,4334,2655,7223,7880,210.9700,-1.2500
1784345509.779902,4362,2636,7279,7936,210.9700,-1.2500
1784345509.825307,4268,2608,7233,7908,205.5600,-2.1900
1784345509.870961,4343,2570,7223,7974,202.8500,-0.0600
1784345509.915449,4325,2505,7204,7955,205.5600,-0.1200
1784345509.960723,4334,2561,7167,7945,206.8300,-1.0600
1784345510.005993,4306,2589,7167,7945,201.4700,-1.0600
1784345510.049981,4315,2655,7148,7842,202.8500,0.7500
1784345510.095929,4371,2739,7157,7899,200.1500,-1.6900
1784345510.140746,4343,2702,7148,7842,205.5600,-1.6900
1784345510.185781,4334,2683,7139,7833,210.9700,-0.9400
1784345510.230977,4362,2749,7129,7758,210.9700,-0.9400
1784345510.276476,4334,2617,7111,7767,205.5600,0.8800
1784345510.321865,4353,2570,7101,7795,210.9700,0.5600
1784345510.366879,4362,2664,7082,7805,210.9700,-0.2500
1784345510.412766,4287,2674,7111,7833,175.0100,-1.5000
1784345510.457738,4315,2645,7092,7852,204.2300,-0.0600
1784345510.503051,4296,2561,7082,7692,200.1500,1.3100
1784345510.548223,4278,2852,7111,7655,196.2200,1.5000
1784345510.593917,4296,2739,7026,7692,206.9900,-0.0600
1784345510.641181,4371,2767,7101,7683,210.9700,-0.7500
1784345510.684883,4353,2852,6998,7720,197.4400,-0.4400
1784345510.730215,4353,2899,7017,7777,197.4400,-0.4400
1784345510.774799,4353,2580,6998,7777,206.8300,-1.0600
1784345510.819852,4400,2608,7064,7533,209.7500,-0.5000
1784345510.866158,4362,2692,6970,7523,204.1800,1.2500
1784345510.910090,4381,2767,6942,7645,215.2700,-1.0000
1784345510.955244,4390,2795,6979,7692,213.6700,0.5600
1784345510.999730,4456,2786,6942,7767,210.9700,1.2500
1784345511.045164,4437,2720,6942,7720,202.8500,1.4400
1784345511.089977,4437,3049,6998,7692,210.9700,-0.1900
1784345511.135089,4446,2992,6923,7664,204.1800,0.1900
1784345511.180187,4437,2964,6895,7627,204.1800,0.1900
1784345511.225332,4400,3039,6904,7645,206.9900,-1.0000
1784345511.270000,4484,3105,6923,7692,208.2600,-1.3700
1784345511.315135,4465,3105,6857,7692,213.6700,-1.5600
1784345511.360059,4503,3246,6895,7636,212.1300,-1.2500
1784345511.404891,4522,3321,6914,7617,201.4700,1.8100
1784345511.449820,4484,2542,6885,7655,216.3800,0.8100
1784345511.494974,4465,3302,6867,7655,210.9700,-0.1900
1784345511.539835,4446,3274,6829,7589,208.2600,0.6900
1784345511.584852,4493,3002,6820,7589,201.5300,0.0600
1784345511.629090,4493,3067,6867,7551,201.5300,0.0600
1784345511.674087,4503,3096,6848,7561,209.7500,-0.0600
1784345511.719288,4446,3255,6857,7523,208.2600,-2.1300
1784345511.764399,4475,3199,6829,7523,198.8700,-3.0000
1784345511.809845,4531,3171,6857,7514,212.5100,-0.1200
1784345511.854320,4503,3086,6801,7533,197.4400,1.4400
1784345511.899301,4512,3133,6782,7542,210.9700,-0.9400
1784345511.944052,4522,3105,6792,7542,198.8700,-1.3100
1784345511.989090,4540,3039,6810,7533,212.5100,0.9400
1784345512.034463,4568,3077,6763,7608,212.5100,0.9400
1784345512.078995,4568,3011,6745,7533,198.8700,0.8800
1784345512.124344,4625,3096,6754,7495,190.4300,-0.1900
1784345512.169928,4531,3189,6735,7505,213.6700,0.1200
1784345512.214912,4568,3114,6726,7476,193.5700,-0.0600
1784345512.260015,4531,3086,6717,7467,197.4400,0.2500
1784345512.304866,4615,2983,6717,7458,215.2700,-0.6900
1784345512.349883,4597,3161,6688,7448,213.6700,-1.0600
1784345512.395016,4615,3236,6651,7411,205.5600,2.0600
1784345512.439401,4643,3227,6660,7467,212.1300,-0.3100
1784345512.485387,4643,3199,6651,7458,206.9900,0.3700
1784345512.530132,4690,3152,6623,7401,206.9900,0.3700
1784345512.575361,4690,3171,6651,7383,206.8300,-0.5600
1784345512.620470,4737,3143,6604,7439,215.2700,-0.1200
1784345512.665248,4690,3161,6670,7430,193.5700,-0.4400
1784345512.710107,4690,3133,6623,7392,198.7100,-0.3700
1784345512.755964,4718,3180,6632,7392,201.5300,0.3700
1784345512.799544,4690,3039,6566,7383,201.4700,-1.3100
1784345512.844542,4672,3077,6529,7364,206.8300,-0.7500
1784345512.889477,4681,3114,6595,7373,198.7100,-0.5000
1784345512.934545,4718,3105,6585,7354,198.7100,-0.5000
1784345512.979909,4672,3208,6548,7317,219.0800,-0.5600
1784345513.024396,4700,3199,6491,7289,194.7400,0.7500
1784345513.069255,4718,3218,6576,7289,214.7800,-1.6900
1784345513.115015,4756,3208,6529,7223,212.5100,-2.0000
1784345513.159681,4728,3227,6623,7251,200.1500,-1.1900
1784345513.204369,4747,3283,6548,7308,189.3300,0.1900
1784345513.248976,4784,3105,6557,7251,205.5600,0.1200
1784345513.293208,4737,3236,6473,7261,180.3100,0.1900
1784345513.338241,4784,3124,6510,7242,204.2300,1.6300
1784345513.383518,4756,3189,6454,7242,204.2300,1.6300
1784345513.428950,4831,3199,6482,7214,210.9700,3.8800
1784345513.474080,4859,3199,6473,7129,210.9700,0.8100
1784345513.519017,4709,3340,6491,7233,194.7400,0.4400
1784345513.563962,4803,3302,6454,7233,213.6700,-1.0600
1784345513.608929,4756,3349,6473,7214,202.8500,-0.2500
1784345513.653902,4775,3340,6435,7176,205.5600,-1.1900
1784345513.698644,4747,3321,6435,7261,205.5600,-0.0600
1784345513.744158,4775,3208,6407,7261,213.6700,2.1900
1784345513.788271,4887,3199,6463,7852,210.9700,0.1900
1784345513.832999,4869,3180,6341,7345,210.9700,0.1900
1784345513.877489,4775,3180,6426,7186,214.7800,-0.9400
1784345513.923296,4831,3208,6379,7157,204.2300,-0.1900
1784345513.968523,4822,3330,6370,7082,206.8300,0.5000
1784345514.013038,4822,3274,6332,7082,209.7500,-0.7500
1784345514.057611,4775,3340,6351,7101,185.6200,0.1200
1784345514.102216,4728,3340,6257,7167,218.0300,0.8100
1784345514.147352,4822,3283,6257,7195,200.1500,0.6300
1784345514.192250,4906,3321,6341,7157,200.1500,-0.1200
1784345514.237442,4944,3283,6332,7139,202.8500,-0.9400
1784345514.281957,4850,3377,6294,7073,202.8500,-0.9400
1784345514.328353,4869,3293,6294,7129,196.2200,-0.2500
1784345514.372955,4906,3330,6257,7129,206.9900,1.6900
1784345514.417435,4878,3377,6323,7129,200.1500,-0.5600
1784345514.462433,4887,3302,6304,7129,201.5300,0.1900
1784345514.505739,4887,3340,6238,7139,215.2700,0.8800
1784345514.551033,4925,3358,6304,7082,216.3800,0.7500
1784345514.596099,4934,3340,6173,7092,206.8300,0.3700
1784345514.640643,4953,3340,6201,7176,213.6700,-1.3700
1784345514.686135,4944,3386,6266,7101,218.0300,-1.6900
1784345514.731095,4934,3433,6257,6960,218.0300,-1.6900
1784345514.775306,4944,3396,6257,6998,209.4800,-0.4400
1784345514.820054,4981,3452,6191,7017,206.9900,0.5000
1784345514.865099,4962,3443,6191,7092,208.2600,-0.1900
1784345514.910083,4934,3424,6173,7026,197.4400,0.0000
1784345514.955131,4972,3452,6116,7054,216.3800,0.3100
1784345514.999555,4906,3480,6163,7007,213.6700,0.0000
1784345515.045133,4953,3433,6060,6989,201.5300,-0.6900
1784345515.089694,4944,3518,6079,7007,209.7500,-0.4400
1784345515.134457,4915,3471,6097,7007,201.5300,-0.0600
1784345515.179006,4915,3461,6173,6942,201.5300,-0.0600
1784345515.224357,4962,3490,6116,6932,201.4700,0.6300
1784345515.269124,4972,3518,6079,6932,200.1500,-0.6300
1784345515.314416,5009,3508,6041,6923,205.5600,-0.0600
1784345515.359209,5009,3593,6088,6914,200.1500,1.6300
1784345515.404165,5009,3490,6060,6904,197.4400,0.5600
1784345515.449019,5019,3546,6060,6914,210.9700,0.8800
1784345515.494362,5131,3527,6013,6895,212.1300,-0.3700
1784345515.539131,5075,3499,6013,6914,213.6700,0.0600
1784345515.584066,5103,3537,6032,6876,212.5100,-0.3100
1784345515.629449,5028,3602,6013,6885,212.5100,-0.3100
1784345515.674562,5112,3565,5966,6885,213.6700,0.4400
1784345515.719552,5112,3565,6013,6876,202.8500,0.3100
1784345515.764257,5131,3649,5966,6885,212.1300,0.5000
1784345515.808738,5159,3621,6032,6876,218.0300,-0.0600
1784345515.852176,5075,3612,5882,6876,201.5300,-2.5600
1784345515.896262,5047,3668,5929,6876,215.2700,0.1200
1784345515.940429,5028,3687,5976,6876,214.7800,1.8800
1784345515.986271,5094,3649,5994,6885,212.5100,-0.8800
1784345516.031758,5094,3677,5966,6801,212.1300,-2.1300
1784345516.076118,5084,3762,5910,6848,212.1300,-2.1300
1784345516.120889,5112,3677,5947,6792,218.0300,-2.0000
1784345516.165807,5122,3649,5891,6848,198.8700,0.6900
1784345516.210861,5150,3715,5900,6782,215.2700,0.8800
1784345516.255835,5159,3734,5900,6857,212.1300,-0.7500
1784345516.301093,5234,3724,5844,6820,206.9900,-1.7500
1784345516.346141,5188,3762,5854,6801,212.1300,0.1900
1784345516.391216,5178,3705,5854,6763,212.5100,0.8800
1784345516.435390,5253,3790,5872,6839,208.2600,0.1200
1784345516.480104,5216,3705,5825,6763,208.2600,0.1200
1784345516.525211,5253,3762,5816,6782,213.6700,-1.7500
1784345516.570484,5216,3780,5741,6839,201.5300,1.6300
1784345516.615715,5206,3734,5779,6763,212.5100,-0.4400
1784345516.660779,5253,3790,5741,6792,194.7400,-0.8800
1784345516.705199,5263,3855,5703,6792,205.5600,-1.0000
1784345516.750540,5253,3884,5779,6707,196.2200,1.0600
1784345516.795730,5263,3827,5741,6698,218.0300,-0.1900
1784345516.840491,5291,3921,5713,6679,212.1300,-2.1300
1784345516.884355,5225,3949,5713,6679,215.2700,0.1900
1784345516.929468,5272,3874,5760,6660,215.2700,0.1900
1784345516.974296,5253,3912,5713,6679,210.9700,1.6300
1784345517.019739,5225,3846,5732,6651,204.1800,0.8800
1784345517.064306,5216,3865,5703,6679,204.2300,-2.3800
1784345517.109247,5216,3799,5732,6707,205.5600,-2.1300
1784345517.154242,5225,3921,5703,6763,204.1800,0.1200
1784345517.199680,5272,4034,5675,6726,216.3800,0.5600
1784345517.244812,5272,4052,5685,6679,218.0300,0.3100
1784345517.288412,5272,3959,5647,6679,198.8700,-0.8100
1784345517.333660,5281,3977,5638,6670,204.2300,0.6900
1784345517.376428,5244,3968,5685,6670,204.2300,0.6900
1784345517.422239,5300,3987,5675,6529,200.1500,0.5600
1784345517.467178,5272,3996,5638,6613,206.8300,0.1900
1784345517.511568,5272,4024,5657,6529,206.9900,-0.8100
1784345517.554720,5272,4071,5657,6529,202.8500,0.3700
1784345517.596256,5338,4015,5591,6529,210.9700,1.6900
1784345517.641300,5253,4034,5666,6538,198.8700,-0.0600
1784345517.686669,5225,4006,5628,6445,215.2700,0.1200
1784345517.731332,5281,4052,5582,6426,215.2700,0.1200
1784345517.776521,5328,4024,5600,6491,206.8300,0.4400
1784345517.821346,5385,4043,5582,6445,220.7900,0.8100
1784345517.866185,5281,4052,5553,6557,210.9700,-0.3100
1784345517.906869,5281,4099,5553,6510,202.8500,-0.8100
1784345517.952397,5319,4146,5497,6510,213.6700,1.7500
1784345517.997427,5347,4156,5553,6491,210.9700,0.1200
1784345518.043437,5394,4118,5525,6435,198.8700,1.0600
1784345518.088200,5403,4371,5478,6529,220.7900,-2.4400
1784345518.134247,5413,4493,5478,6510,201.5300,-0.7500
1784345518.179519,5366,4503,5478,6566,201.5300,-0.7500
1784345518.225462,5366,4437,5535,6576,212.5100,-0.5000
1784345518.269473,5366,4381,5488,6520,205.5600,-0.6900
1784345518.315289,5394,4268,5488,6548,200.1500,2.7500
1784345518.356941,5403,4221,5488,6548,201.5300,-1.5600
1784345518.401316,5385,4174,5450,6520,215.2700,0.1200
1784345518.446908,5422,4137,5460,6520,198.8700,2.3800
1784345518.491752,5403,4109,5478,6473,201.4700,0.6300
1784345518.536829,5403,4174,5450,6454,216.3800,-1.3100
1784345518.582221,5450,4428,5506,6454,208.2600,-2.3100
1784345518.626847,5422,4559,5441,6454,208.2600,-2.3100
1784345518.671693,5431,4522,5403,6426,201.5300,-1.8800
1784345518.716752,5460,4587,5375,6351,204.2300,-0.5000
1784345518.762290,5478,4597,5441,6351,183.9200,0.3100
1784345518.807256,5478,4587,5441,6360,213.6700,0.0600
1784345518.851741,5497,4587,5431,6379,213.6700,-0.4400
1784345518.897310,5497,4568,5356,6341,202.8500,1.4400
1784345518.942357,5535,4512,5394,6360,202.8500,2.0600
1784345518.987720,5535,4512,5403,6323,216.3800,-1.3700
1784345519.032220,5460,4465,5347,6294,205.5600,-1.9400
1784345519.077330,5535,4475,5375,6332,205.5600,-1.9400
1784345519.123823,5525,4550,5366,6332,200.1500,-1.6900
1784345519.167811,5488,4615,5309,6248,210.9700,0.1200
1784345519.212279,5525,4578,5300,6266,208.2600,0.8100
1784345519.256838,5460,4775,5291,6210,194.7400,0.1900
1784345519.301744,5431,4775,5291,6229,200.1500,4.3100
1784345519.347348,5506,4512,5309,6191,208.2600,0.4400
1784345519.391886,5506,4071,5281,6163,208.2600,3.3800
1784345519.436484,5525,4381,5281,6182,213.6700,0.2500
1784345519.481778,5525,4756,5216,6219,210.9700,-6.1300
1784345519.525882,5675,4700,5206,6210,210.9700,-6.1300
1784345519.571485,5647,4643,5253,6116,208.2600,-3.7500
1784345519.615663,5675,4587,5244,6116,201.5300,-0.0600
1784345519.660818,5685,4550,5188,6144,213.6700,0.1200
1784345519.705981,5628,4643,5216,6116,212.5100,-0.8100
1784345519.751505,5647,4606,5225,6032,201.5300,-0.0600
1784345519.796466,5619,4690,5197,6069,200.1500,0.1200
1784345519.842321,5657,4709,5188,6107,220.7900,1.6900
1784345519.886579,5722,4784,5141,6051,200.1500,1.5000
1784345519.932316,5722,4878,5188,6107,194.7400,-0.7500
1784345519.977472,5713,4906,5178,6051,194.7400,-0.7500
1784345520.022011,5722,5037,5197,6069,200.1500,-0.6300
1784345520.067286,5732,4315,5272,6126,208.2600,-0.8100
1784345520.112396,5854,4334,5150,6079,213.6700,2.3100
1784345520.156336,5854,4371,5141,6032,186.6200,-0.8800
1784345520.202307,5516,4672,5131,6013,186.6200,-1.3700
1784345520.248057,5591,4672,5112,6079,188.2700,1.4400
1784345520.292382,5685,4700,5056,6060,215.2700,1.3100
1784345520.335481,5619,4756,5103,6060,217.4400,0.0600
1784345520.381371,5628,4184,5131,5985,205.5600,0.8100
1784345520.426719,5657,4643,5066,5985,205.5600,0.8100
1784345520.471970,5703,4915,5075,5976,198.7100,0.1200
1784345520.517394,5807,4859,5066,6032,205.5600,0.8800
1784345520.562473,5910,4850,5075,6032,205.5600,2.6900
1784345520.608153,5779,4897,5047,5994,202.8500,-1.6300
1784345520.653131,5750,4869,5047,5938,194.7400,1.0000
1784345520.697388,5807,4962,5047,5966,216.3800,0.8800
1784345520.742075,5750,4831,4991,5957,205.5600,-0.3100
1784345520.787734,5835,4869,5019,5985,205.5600,0.1200
1784345520.832657,5900,4925,5000,5929,214.7800,1.5000
1784345520.876971,5947,4925,5000,5976,214.7800,1.5000
1784345520.922405,5929,4953,5056,5900,213.6700,1.1200
1784345520.968384,5938,4972,4953,5966,198.7100,0.6300
1784345521.013349,5966,4897,5019,5957,209.4800,-0.3700
1784345521.059473,5835,4859,4906,5882,194.7400,-1.3700
1784345521.104885,5722,4718,4915,5947,218.0300,0.3100
1784345521.149686,5722,4690,4887,5938,190.9200,0.5000
1784345521.193861,5722,4690,4897,5910,202.8500,0.1900
1784345521.239512,6163,4615,4887,5900,204.2300,1.1900
1784345521.285516,6173,4662,4897,5882,197.4400,-0.6300
1784345521.331555,6144,4625,4906,5882,197.4400,-0.6300
1784345521.376477,6173,4672,4859,5882,213.6700,3.1300
1784345521.421615,6285,4784,4831,5825,210.9700,-1.1900
1784345521.467542,5816,4831,4840,5872,216.3800,-0.5600
1784345521.512166,5976,4869,4840,5807,200.1500,-0.2500
1784345521.557835,5976,4906,4878,5854,194.7400,-1.4400
1784345521.602117,5957,4887,4840,5825,202.8500,-1.5600
1784345521.648469,5910,4812,4756,5797,201.5300,-0.7500
1784345521.693549,5844,4915,4718,5835,215.2700,0.0000
1784345521.737543,5976,4934,4812,5807,210.9700,-0.3100
1784345521.783573,5957,4869,4756,5741,210.9700,-0.3100
1784345521.828491,5929,4897,4728,5835,205.5600,-1.1200
1784345521.873771,6079,4915,4718,5807,206.8300,0.4400
1784345521.918664,6088,4897,4756,5750,215.2700,-0.8100
1784345521.964832,6144,4925,4831,5825,200.1500,-1.6300
1784345522.009633,6135,4869,4728,5807,216.3800,-1.0000
1784345522.054649,6135,4962,4700,5797,213.6700,-0.3100
1784345522.100493,6032,4972,4700,5760,197.4400,-0.0600
1784345522.145690,5929,4906,4672,5703,209.4800,-1.7500
1784345522.190536,5938,4887,4756,5732,204.2300,-1.3700
1784345522.236691,5985,4944,4775,5694,185.6200,1.2500
1784345522.281502,6032,4953,4634,5657,185.6200,1.2500
1784345522.327851,6041,4925,4737,5722,218.0300,-0.1900
1784345522.372032,5900,5056,4803,5694,201.5300,0.4400
1784345522.416865,5685,4972,4643,5760,201.4700,-1.3100
1784345522.461881,6538,5056,4653,5685,206.8300,-0.7500
1784345522.506793,6576,5122,4606,5722,198.7100,0.0600
1784345522.552518,6022,5216,4606,5647,200.1500,-0.4400
1784345522.592999,6022,5216,4606,5647,210.9700,0.3700
1784345522.638784,6163,5188,4662,5638,216.3800,-0.1900
1784345522.683118,6144,5150,4503,5675,216.3800,-0.1900
1784345522.728486,6126,5028,4606,5619,200.1500,-0.5600
1784345522.773497,6144,5094,4559,5619,210.9700,1.1900
1784345522.818520,6060,5141,4625,5638,189.3300,0.6900
1784345522.864719,6004,5141,4597,5600,212.1300,0.8800
1784345522.908587,6022,5131,4550,5563,201.4700,-0.7500
1784345522.952761,6022,5131,4531,5610,201.5300,-0.3700
1784345522.995541,6248,5150,4559,5610,204.2300,-0.3100
1784345523.041527,6219,5178,4522,5563,202.8500,0.6300
1784345523.086013,6219,5244,4512,5647,216.3800,-0.7500
1784345523.129505,6219,5159,4381,5591,216.3800,-0.7500
1784345523.175578,6257,5122,4465,5600,210.9700,-0.3100
1784345523.220509,6135,5347,4465,5535,185.6200,1.6900
1784345523.264242,6154,5319,4475,5535,213.6700,3.6900
1784345523.309917,6248,5356,4465,5563,198.7100,1.8800
1784345523.355599,6370,5272,4371,5553,200.1500,-0.2500
1784345523.400574,6351,5281,4390,5478,213.6700,-1.1200
1784345523.444743,6351,5309,4409,5525,204.1800,0.3700
1784345523.489985,6370,5234,4390,5544,194.7400,0.2500
1784345523.535292,6482,5234,4306,5516,204.2300,-1.2500
1784345523.579843,6482,5178,4325,5506,204.2300,-1.2500
1784345523.625027,6285,5263,4371,5469,200.1500,-0.7500
1784345523.669551,6351,5244,4240,5497,205.5600,0.6300
1784345523.715034,6360,5253,4259,5506,213.6700,-0.5600
1784345523.760284,6463,5253,4259,5535,208.2600,0.2500
1784345523.805082,6454,5244,4174,5469,210.9700,0.5600
1784345523.849838,6623,5291,4174,5469,205.5600,1.0600
1784345523.896268,6219,5338,4184,5441,205.5600,-0.8100
1784345523.939219,6257,5394,4184,5488,210.9700,0.3100
1784345523.983535,6398,5328,4184,5450,210.9700,0.6900
1784345524.028711,6566,5375,4165,5497,210.9700,0.6900
1784345524.073544,6416,5319,4165,5497,205.5600,0.5000
1784345524.117797,6341,5422,4165,5497,213.6700,-0.1200
1784345524.162712,6341,5328,4128,5460,214.7800,-1.8100
1784345524.207970,6248,5478,4109,5431,210.9700,1.7500
1784345524.251966,6266,5403,4109,5460,192.0300,1.3700
1784345524.297795,6304,5431,4071,5366,212.5100,0.5600
1784345524.341617,6501,5544,4090,5394,194.7400,-0.1900
1784345524.388166,6360,5431,4118,5385,210.9700,0.5600
1784345524.432932,6454,5450,4090,5366,204.1800,-0.5600
1784345524.477262,6595,5497,4099,5366,204.1800,-0.5600
1784345524.521646,6313,5413,4128,5281,209.7500,-0.9400
1784345524.567282,6248,5450,4081,5328,201.5300,0.5000
1784345524.611654,6754,5488,4052,5366,212.5100,1.3700
1784345524.657612,6660,5497,4081,5385,212.1300,0.8800
1784345524.702187,6660,5544,4099,5272,220.7900,-1.8800
1784345524.746736,6491,5506,4090,5319,208.2600,-0.5600
1784345524.792317,6154,5506,4099,5253,210.9700,1.3100
1784345524.836974,6182,5516,4081,5309,202.8500,-0.6900
1784345524.882083,6182,5469,4015,5328,210.9700,-1.5600
1784345524.927184,6538,5582,4071,5225,210.9700,-1.5600
1784345524.971676,6257,5535,4052,5338,186.6200,-2.3800
1784345525.015656,6332,5497,4071,5272,213.6700,-0.1200
1784345525.060841,6173,5563,4052,5225,209.4800,1.0000
1784345525.105885,6173,5516,4043,5300,215.2700,-0.5000
1784345525.150717,6294,5525,4099,5244,189.3300,-1.0000
1784345525.195298,6623,5572,4090,5263,200.1500,0.6300
1784345525.240289,6829,5591,4109,5253,202.8500,0.0600
1784345525.285865,6848,5544,4071,5263,208.2600,0.3100
1784345525.325394,6848,5628,4071,5253,208.2600,0.3100
1784345525.370605,6670,5610,4015,5225,194.7400,-0.6300
1784345525.415321,6520,5563,4062,5216,202.8500,0.7500
1784345525.460084,6566,5553,4052,5159,210.9700,-1.9400
1784345525.504982,6595,5600,3987,5197,204.1800,-0.6900
1784345525.550059,6595,5657,3921,5150,208.2600,0.7500
1784345525.595788,6501,5600,3968,5150,218.0300,-0.4400
1784345525.638815,6463,5685,3968,5150,204.1800,-0.0600
1784345525.684895,6454,5628,3921,5112,215.2700,0.5000
1784345525.729946,6482,5628,3893,5141,215.2700,0.5000
1784345525.770679,6482,5628,3893,5141,216.3800,1.0600
1784345525.814050,6482,5647,3977,5141,216.3800,1.6900
1784345525.859100,6773,5675,3931,5131,212.1300,-1.1900
1784345525.904824,7064,5685,3940,5150,198.7100,-0.5600
1784345525.946913,7064,5647,3893,5131,210.9700,-0.8100
1784345525.991963,6726,5703,3874,5084,202.8500,1.3700
1784345526.033722,6745,5703,3874,5169,210.9700,0.4400
1784345526.078401,6660,5713,3893,5084,210.9700,0.4400
1784345526.123289,6632,5788,3912,5056,212.1300,0.2500
1784345526.168685,6698,5769,3902,5084,205.5600,0.8100
1784345526.212383,6698,5807,3846,5056,200.1500,-1.3100
1784345526.257003,6698,5854,3846,5197,202.8500,1.5000
1784345526.301759,6698,5788,3827,5084,209.7500,0.5600
1784345526.346428,6754,5854,3780,5075,213.6700,-0.6300
1784345526.392780,6773,5788,3837,5037,192.0300,0.1900
1784345526.436701,6820,5863,3818,5075,202.8500,-0.1900
1784345526.481795,6829,5816,3790,5009,202.8500,-0.1900
1784345526.526350,6848,5825,3799,5066,213.6700,-0.3100
1784345526.572166,6839,5807,3818,5028,213.6700,-1.0600
1784345526.617044,6810,5816,3771,5000,216.3800,0.0000
1784345526.662393,6801,5797,3799,4991,206.8300,0.2500
1784345526.707234,6829,5825,3762,5028,205.5600,1.0600
1784345526.753074,6726,5872,3762,4944,218.0300,0.4400
1784345526.797791,6576,5854,3734,4962,210.9700,0.3700
1784345526.843844,6632,5882,3734,4962,201.5300,-0.8800
1784345526.887815,6688,5891,3743,5000,215.2700,-1.0000
1784345526.933228,6754,5910,3696,4962,204.1800,-0.2500
1784345526.974408,6717,5919,3696,4981,204.1800,-0.2500
1784345527.018465,6717,5882,3677,4972,209.7500,-1.1200
1784345527.063141,6632,5900,3668,4953,202.8500,-6.0600
1784345527.107275,6595,5985,3677,4972,210.9700,-0.4400
1784345527.151832,6595,5938,3658,4953,202.8500,2.2500
1784345527.196885,6651,5957,3640,4869,200.1500,2.0600
1784345527.240808,6651,5929,3658,4953,204.1800,2.3100
1784345527.284838,6660,6004,3640,4981,209.7500,0.1200
1784345527.330502,6735,5966,3612,4953,209.7500,0.1200
1784345527.374824,6735,6051,3630,4934,202.8500,0.8800
1784345527.419838,6773,6079,3621,4934,202.8500,0.0000
1784345527.463823,6782,6079,3696,4934,197.4400,0.6300
1784345527.510121,6717,6116,3602,4925,192.0300,1.1200
1784345527.555212,6679,6107,3546,4906,197.4400,1.7500
1784345527.599194,6679,6144,3508,4850,197.4400,-0.6900
1784345527.644195,6651,6126,3574,4831,198.8700,1.3100
1784345527.688822,6642,6135,3546,4812,206.9900,0.5000
1784345527.734142,6651,6135,3499,4822,206.8300,0.2500
1784345527.779027,6688,6173,3537,4859,206.8300,0.2500
1784345527.824359,6745,6144,3490,4840,212.5100,1.3100
1784345527.868963,6726,6210,3518,4831,206.8300,0.0000
1784345527.914025,6754,6163,3480,4850,215.2700,-0.8800
1784345527.959076,6763,6191,3471,4840,212.1300,-1.3700
1784345528.004055,6839,6210,3461,4803,198.7100,0.5600
1784345528.049263,6810,6304,3433,4859,205.5600,0.7500
1784345528.094850,6829,6276,3415,4831,200.1500,-1.3100
1784345528.139109,6782,6304,3490,4794,208.2600,0.6300
1784345528.184519,7129,6294,3424,4803,202.8500,2.0600
1784345528.227298,7129,6332,3396,4794,202.8500,2.0600
1784345528.271062,7129,6285,3471,4784,200.1500,1.3700
1784345528.316921,6801,6266,3415,4756,202.8500,2.2500
1784345528.361859,6801,6229,3443,4765,196.2200,1.1200
1784345528.406559,6726,6285,3330,4812,204.2300,0.6300
1784345528.451835,7458,6294,3424,4765,202.8500,-0.7500
1784345528.495394,7392,6248,3396,4822,192.0300,6.0600
1784345528.541085,7336,6248,3386,4737,197.4400,16.5600
1784345528.584474,7233,6323,3358,4794,167.6900,6.8800
1784345528.630331,7242,6294,3368,4803,167.6900,6.8800
1784345528.675825,7251,6248,3386,4784,113.6000,2.3100
1784345528.720615,7270,6294,3377,4747,100.0700,-7.5000
1784345528.765843,7242,6257,3424,4756,98.1100,-6.2500
1784345528.810907,7026,6229,3415,4718,113.1600,-7.6900
1784345528.855446,6932,6238,3377,4718,140.6400,-7.8100
1784345528.900366,6951,6294,3386,4728,164.4000,-4.8100
1784345528.945858,6951,6323,3358,4756,195.9500,-1.8100
1784345528.990824,6876,6266,3349,4794,205.5600,-0.7500
1784345529.035326,6801,6238,3321,4784,205.5600,1.0600
1784345529.080158,6829,6266,3340,4756,205.5600,1.0600
1784345529.125876,6895,6248,3302,4756,210.9700,0.5600
1784345529.171007,7073,6257,3349,4700,201.5300,-0.0600
1784345529.215524,7533,6201,3311,4765,215.2700,-1.3100
1784345529.260889,7430,6257,3293,4700,202.8500,-0.0600
1784345529.305135,7317,6238,3264,4700,181.2100,1.4400
1784345529.351733,7167,6294,3274,4728,190.9200,-0.1900
1784345529.395162,7054,6323,3311,4728,212.5100,1.5000
1784345529.440935,6998,6332,3246,4728,210.9700,-0.5600
1784345529.486766,6942,6332,3255,4718,208.2600,-0.5600
1784345529.531777,6970,6360,3264,4681,213.6700,0.3700
1784345529.576834,6951,6304,3236,4672,213.6700,0.3700
1784345529.621877,6989,6332,3180,4634,205.5600,-1.1200
1784345529.667269,6970,6276,3227,4681,192.0300,-0.3700
1784345529.709655,6970,6294,3255,4653,213.6700,-2.5600
1784345529.754642,7026,6341,3246,4625,208.2600,0.0600
1784345529.798603,7026,6323,3236,4615,194.7400,0.8100
1784345529.843951,7017,6294,3199,4681,213.6700,-0.1900
1784345529.888379,7345,6210,3227,4690,210.9700,0.6300
1784345529.932185,7345,6210,3227,4643,210.9700,0.6300
1784345529.976892,7692,6266,3171,4615,202.8500,1.5600
1784345530.022133,7617,6341,3161,4597,214.7800,3.1900
1784345530.067286,7608,6266,3199,4568,198.7100,0.5600
1784345530.112005,7608,6276,3189,4512,205.5600,-1.3700
1784345530.157362,7589,6388,3143,4550,208.2600,0.2500
1784345530.201015,7636,6323,3208,4634,208.2600,0.4400
1784345530.246308,7683,6370,3143,4578,205.5600,1.1200
1784345530.291286,7805,6398,3143,4587,205.5600,-0.3100
1784345530.336967,7448,6520,3171,4550,210.9700,-0.7500
1784345530.381921,7439,6501,3218,4587,210.9700,-0.7500
1784345530.426962,6998,6529,3161,4578,210.9700,0.0600
1784345530.472204,7927,6491,3189,4568,204.1800,1.5000
1784345530.516157,7392,6510,3199,4568,205.5600,2.6300
1784345530.562244,7326,6510,3105,4531,201.4700,-1.1900
1784345530.606993,7439,6529,3096,4522,213.6700,-2.9400
1784345530.651706,7730,6520,3067,4522,213.6700,-2.0600
1784345530.696554,7795,6595,3143,4531,213.6700,-0.7500
1784345530.738243,7795,6538,3143,4522,202.8500,1.0000
1784345530.783001,7852,6604,3133,4493,202.8500,1.0000
1784345530.827373,7814,6604,3143,4531,202.8500,1.8800
1784345530.872537,7861,6566,3133,4493,214.7800,0.9400
1784345530.917326,7852,6520,3067,4503,218.0300,-0.3100
1784345530.962327,7955,6632,3049,4493,193.5700,1.1900
1784345531.006537,7899,6651,2964,4493,219.0800,2.2500
1784345531.052273,7542,6642,3039,4465,218.0300,-0.3100
1784345531.096472,7917,6660,2983,4465,202.8500,-2.6300
1784345531.141159,7917,6651,3011,4484,208.2600,-0.5000
1784345531.185627,7852,6726,2992,4512,208.2600,5.0000
1784345531.230956,7824,6707,2917,4446,208.2600,5.0000
1784345531.276048,7917,6717,3039,4428,204.1800,2.0600
1784345531.320598,7899,6707,2964,4428,189.3300,0.4400
1784345531.365215,7870,6717,3002,4437,206.9900,1.2500
1784345531.410521,7655,6698,2899,4362,210.9700,-0.6300
1784345531.455639,7720,6745,2955,4418,201.5300,-0.4400
1784345531.500733,7683,6801,2964,4371,209.7500,0.2500
1784345531.545600,7880,6820,2917,4400,198.8700,1.4400
1784345531.590628,7861,6810,2917,4400,215.2700,0.3700
1784345531.635045,7880,6839,2983,4409,193.5700,-2.0600
1784345531.679482,8011,6867,2899,4428,193.5700,-2.0600
1784345531.724070,7842,6839,2908,4418,206.9900,-2.4400
1784345531.770058,7917,6792,2833,4343,210.9700,1.3100
1784345531.814218,7917,6801,2889,4381,197.4400,1.1900
1784345531.859114,8067,6867,2946,4353,206.8300,-0.2500
1784345531.904060,7889,6923,2899,4306,200.1500,-1.2500
1784345531.948490,7814,6876,2889,4259,202.8500,0.0000
1784345531.995418,7899,6895,2795,4343,197.4400,-1.0600
1784345532.040504,7899,6857,2814,4287,210.9700,-0.4400
1784345532.084171,7439,6885,2805,4315,206.9900,0.4400
1784345532.128025,7861,6885,2795,4315,206.9900,0.4400
1784345532.173119,7833,6932,2795,4315,198.8700,-0.3700
1784345532.217178,7852,6942,2711,4268,202.8500,-0.4400
1784345532.261694,7852,6970,2767,4315,215.2700,0.1900
1784345532.306648,7936,6960,2730,4278,205.5600,0.3700
1784345532.351114,7955,6960,2749,4259,210.9700,0.8100
1784345532.396609,7908,6951,2739,4259,197.4400,0.8800
1784345532.440774,8021,6951,2739,4268,200.1500,-0.5600
1784345532.486394,8039,6951,2683,4325,202.8500,2.0600
1784345532.531125,7824,6970,2664,4315,209.4800,0.6900
1784345532.576414,8086,6970,2739,4268,209.4800,0.6900
1784345532.621086,8030,6951,2683,4287,209.7500,1.1900
1784345532.665731,8124,6923,2645,4325,209.4800,-1.5000
1784345532.711167,8321,6989,2692,4231,215.2700,-2.1300
1784345532.755436,8030,6989,2702,4296,197.4400,1.3700
1784345532.800644,7992,6970,2645,4184,213.6700,-0.8800
1784345532.845201,7955,6989,2636,4221,213.6700,-0.8800
1784345532.890247,8124,6998,2617,4249,210.9700,-0.6300
1784345532.935840,8218,7054,2617,4165,210.9700,0.0600
1784345532.981219,8339,7036,2608,4137,213.6700,0.9400
1784345533.025391,7889,7026,2664,4259,213.6700,0.9400
1784345533.070246,8255,7073,2598,4231,216.3800,-0.7500
1784345533.116108,8227,7101,2608,4184,205.5600,-1.0000
1784345533.161239,8283,7092,2645,4184,196.2200,-5.3800
1784345533.207362,8246,7092,2608,4212,218.0300,0.6300
1784345533.251297,8189,7157,2617,4221,210.9700,0.8100
1784345533.295632,8255,7139,2664,4212,210.9700,0.4400
1784345533.341089,8283,7167,2570,4212,182.9600,1.3100
1784345533.386183,8339,7157,2617,4137,209.7500,0.8800
1784345533.432107,8358,7195,2636,4193,204.1800,1.6300
1784345533.476202,8424,7195,2495,4184,204.1800,1.6300
1784345533.518555,8424,7214,2533,4156,218.0300,0.6900
1784345533.562763,8424,7195,2627,4146,210.9700,-0.3700
1784345533.607615,8443,7223,2523,4137,208.2600,-0.8800
1784345533.652393,8067,7204,2552,4062,186.6200,-2.5600
1784345533.696448,8067,7308,2533,4184,202.8500,-1.6900
1784345533.739756,8067,7279,2552,4128,219.0800,0.9400
1784345533.784331,8274,7233,2514,4062,219.0800,0.9400
1784345533.829534,8096,7326,2505,4062,209.4800,1.9400
1784345533.874810,8124,7308,2467,4081,208.2600,-1.0600
1784345533.919648,8218,7336,2458,4118,215.2700,0.1200
1784345533.964514,8264,7317,2505,4034,202.8500,-0.7500
1784345534.010329,8189,7298,2477,4062,202.8500,-0.0600
1784345534.055229,7842,7298,2448,4034,198.8700,-1.9400
1784345534.100548,8443,7336,2439,4071,204.2300,0.0600
1784345534.145284,7795,7289,2458,4071,202.8500,-1.7500
1784345534.189392,7795,7326,2477,4015,205.5600,0.6900
1784345534.234537,8246,7401,2401,4062,205.5600,0.6900
1784345534.279305,8293,7401,2401,4118,213.6700,0.0600
1784345534.324422,8255,7373,2430,4146,205.5600,0.1200
1784345534.365662,8105,7373,2467,4071,198.8700,-0.1900
1784345534.410202,8105,7420,2401,4052,218.0300,1.3700
1784345534.453253,8105,7392,2467,4052,213.6700,1.5600
1784345534.497617,8105,7486,2505,4099,210.9700,-0.4400
1784345534.541918,8105,7392,2392,4062,208.2600,-0.8800
1784345534.586276,7814,7458,2420,4099,202.8500,-1.5000
1784345534.631479,7842,7458,2383,4052,204.1800,-0.9400
1784345534.675753,7824,7505,2326,4118,204.1800,-0.9400
1784345534.720932,7880,7420,2373,4099,209.7500,1.1900
1784345534.766185,7955,7448,2373,4118,200.1500,0.5600
1784345534.811515,8705,7495,2345,4118,197.4400,1.1200
1784345534.855318,8274,7523,2383,4156,212.1300,0.0000
1784345534.900218,8274,7476,2392,4146,195.9500,-0.6300
1784345534.945295,8011,7542,2401,4071,210.9700,0.5600
1784345534.988252,8011,7542,2477,4071,196.2200,0.7500
1784345535.032904,8208,7627,2355,4221,215.2700,-1.0600
1784345535.078250,8105,7627,2373,4137,215.2700,-1.0600
1784345535.122336,8208,7645,2336,4174,213.6700,0.1900
1784345535.166856,8142,7720,2345,4099,200.1500,0.4400
1784345535.212971,8161,7664,2280,4240,216.3800,0.1900
1784345535.257526,8283,7645,2298,4137,205.5600,0.3700
1784345535.301712,8255,7645,2336,4099,208.2600,-0.4400
1784345535.346850,8330,7636,2233,4034,208.2600,1.0600
1784345535.391933,8499,7645,2261,3931,213.6700,1.0000
1784345535.436588,8480,7692,2251,3977,212.1300,1.6300
1784345535.481548,8330,7673,2251,3996,212.1300,1.6300
1784345535.525744,8330,7673,2326,3996,201.4700,-0.5600
1784345535.570751,8649,7833,2204,4109,196.2200,-0.8100
1784345535.615313,8246,7711,2223,4071,204.2300,0.1200
1784345535.659499,8752,7711,2223,4137,198.8700,-0.5600
1784345535.704852,8208,7767,2355,4052,206.9900,0.6900
1784345535.750224,8658,7805,2195,4118,205.5600,0.8800
1784345535.795489,8649,7805,2223,4062,197.4400,1.0600
1784345535.839431,8649,7814,2326,4006,205.5600,0.3100
1784345535.883514,8349,7805,2223,3996,205.5600,0.3100
1784345535.927841,8715,7767,2204,4062,202.8500,0.0000
1784345535.971813,8715,7824,2214,4071,208.2600,-1.1200
1784345536.016293,8762,7786,2251,3977,192.0300,0.1900
1784345536.060710,8752,7767,2176,3987,202.8500,-1.1900
1784345536.104359,8752,7814,2204,3959,197.4400,-1.3100
1784345536.149902,8424,7824,2251,3987,190.9200,-0.8100
1784345536.194963,8030,7880,2176,3949,204.2300,2.1300
1784345536.239779,8021,7880,2204,3996,196.2200,0.6900
1784345536.284824,8583,7955,2223,3987,190.4300,-0.0600
1784345536.330276,8152,7927,2204,3987,190.4300,-0.0600
1784345536.372516,8152,8021,2195,3996,194.7400,-0.5000
1784345536.417981,8189,8021,2101,3987,193.5700,-0.6900
1784345536.462454,8546,8002,2195,3968,197.4400,1.6300
1784345536.507437,8930,8002,2158,4052,201.4700,1.9400
1784345536.553004,8771,7983,2101,4099,194.7400,-1.5000
1784345536.597631,8611,8049,2158,4052,194.7400,-2.4400
1784345536.641587,8433,8039,2120,3977,189.3300,-0.2500
1784345536.687381,8443,8011,2120,4006,186.6200,-1.7500
1784345536.732428,8424,8030,2064,3968,190.9200,1.6900
1784345536.777188,8368,8030,2101,3931,190.9200,1.6900
1784345536.821726,8368,8039,2045,3949,198.7100,0.2500
1784345536.866623,8330,8021,2092,3996,194.7400,0.8100
1784345536.910980,8358,8067,2064,4006,189.3300,-0.0600
1784345536.956473,8321,8067,2092,3921,186.6200,-0.4400
1784345537.000878,8321,8067,2017,3987,183.9200,-0.5000
1784345537.046019,8555,8030,2007,3968,188.2700,-0.8100
1784345537.090572,8555,8096,2054,3949,187.6700,-0.8800
1784345537.135371,8330,8114,2026,4024,178.5100,-1.2500
1784345537.179418,8471,8142,2129,4024,178.5100,-1.2500
1784345537.224667,8677,8086,2045,3902,189.3300,-0.3700
1784345537.269403,8874,8152,2064,3987,177.6600,-0.5600
1784345537.313473,8865,8142,2007,3949,190.4300,0.2500
1784345537.359423,8949,8133,2007,3912,185.6200,1.0000
1784345537.402946,8949,8180,1998,3931,187.6700,2.1300
1784345537.447785,8658,8114,1942,3874,185.6200,0.3700
1784345537.493367,9174,8171,1989,3865,184.9100,0.0000
1784345537.538604,9052,8161,1932,3884,177.6600,-0.6900
1784345537.583345,9052,8142,1979,3949,182.1500,0.6300
1784345537.628412,9005,8180,1970,3949,182.1500,0.6300
1784345537.673399,9005,8171,2036,3987,177.6600,-0.1200
1784345537.716947,9005,8171,2007,3987,182.1500,0.1200
1784345537.761388,8921,8161,1989,3827,178.5100,-1.2500
1784345537.806001,9034,8236,1914,3790,181.2100,0.0000
1784345537.849780,9034,8227,1951,3837,178.5100,-1.4400
1784345537.894779,9137,8236,1942,3790,181.2100,1.1900
1784345537.939859,9127,8274,1989,3799,173.1000,-0.3700
1784345537.984955,8808,8274,1979,3809,175.8000,1.1900
1784345538.027361,8808,8236,1951,3893,175.8000,1.1900
1784345538.072017,9071,8199,1961,3912,175.8000,-1.3700
1784345538.117008,8987,8293,1895,3884,173.1000,-0.8100
1784345538.161408,8818,8208,1923,3865,177.6600,0.4400
1784345538.206464,8921,8283,1942,3884,182.1500,1.3100
1784345538.252159,9052,8227,1942,3865,175.0100,0.4400
1784345538.297496,9146,8255,1961,3874,176.6300,0.6900
1784345538.342414,9184,8218,1951,3912,170.4000,-1.5600
1784345538.387411,8855,8208,1932,3902,175.8000,-0.3700
1784345538.431930,8611,8246,1979,3912,175.8000,-0.3700
1784345538.477085,8555,8283,1961,3837,172.3600,0.6300
1784345538.522067,9296,8246,2017,3771,176.6300,0.6300
1784345538.567555,8846,8283,1951,3949,178.5100,-1.2500
1784345538.609847,8846,8274,1951,3809,173.1000,-0.3100
1784345538.653933,8846,8368,1932,3996,169.7100,0.2500
1784345538.698132,9221,8349,1857,3912,171.1100,0.6300
1784345538.742994,9156,8377,1867,3977,172.3600,1.3700
1784345538.788068,9034,8349,1839,4006,167.6900,1.3100
1784345538.833853,9062,8368,1895,4052,170.4000,-0.0600
1784345538.878803,9081,8321,1839,3968,170.4000,-0.0600
1784345538.923654,8977,8339,1848,3968,165.5900,0.0600
1784345538.967193,9015,8339,1857,4043,167.0500,-0.1900
1784345539.009498,9015,8368,1848,3893,165.5900,-0.3700
1784345539.054095,9137,8415,1820,3865,159.1000,-1.0000
1784345539.099595,9156,8405,1867,3827,164.9900,0.6300
1784345539.144762,9193,8452,1848,3818,165.5900,-0.3100
1784345539.188184,9193,8452,1914,3790,162.2800,-0.1900
1784345539.233510,9193,8433,1876,3902,159.1000,0.2500
1784345539.277493,9024,8415,1886,3931,159.1000,0.2500
1784345539.321954,9015,8443,1904,3893,162.2800,1.8800
1784345539.366949,9146,8471,1904,3837,162.2800,-0.3100
1784345539.411746,9231,8480,1876,3846,160.0700,0.7500
1784345539.456504,9399,8518,1886,3762,156.4500,0.9400
1784345539.501610,8611,8461,1979,3734,160.0700,1.6300
1784345539.546187,8715,8461,1970,3902,154.1700,1.1900
1784345539.591583,8790,8424,1923,3790,156.8700,-0.6900
1784345539.635867,8790,8424,1914,3762,159.5800,-1.3700
1784345539.680754,9493,8433,1867,3752,159.5800,-1.3700
1784345539.725617,9165,8499,1895,3752,159.5800,-0.5600
1784345539.770694,8893,8508,1857,3696,159.5800,1.6900
1784345539.816027,9700,8471,1914,3743,159.5800,0.6900
1784345539.861065,9531,8461,1876,3724,156.4500,0.3700
1784345539.906325,9371,8527,1810,3752,157.3100,0.6300
1784345539.951471,9306,8621,1857,3884,159.5800,0.8100
1784345539.996495,9287,8630,1782,3790,156.8700,0.0000
1784345540.041571,9184,8565,1801,3780,156.8700,0.1200
1784345540.086551,9193,8555,1876,3818,154.1700,1.5600
1784345540.132509,9221,8621,1914,3809,154.1700,1.5600
1784345540.175936,9315,8565,1876,3790,151.4600,-1.1200
1784345540.220992,9268,8705,1848,3771,151.4600,-3.2500
1784345540.265617,9268,8668,1829,3780,154.1700,-1.4400
1784345540.309550,9202,8658,1848,3799,154.1700,-1.2500
1784345540.353883,9202,8630,1857,3809,148.4900,-0.6900
1784345540.398778,8790,8508,1820,3771,154.5500,0.5000
1784345540.443008,8790,8508,1904,3790,151.1400,2.3800
1784345540.487781,9521,8574,1839,3790,154.5500,0.5000
1784345540.532924,9540,8565,1867,3724,151.4600,0.0600
1784345540.577567,8949,8602,1886,3827,151.4600,0.0600
1784345540.622591,9596,8611,1801,3715,154.1700,0.6300
1784345540.667737,9559,8630,1820,3790,151.4600,-0.9400
1784345540.709638,9324,8611,1932,3790,151.4600,-1.0600
1784345540.754602,9324,8715,1876,3752,145.8400,0.9400
1784345540.799301,9343,8649,1839,3809,151.7900,0.6300
1784345540.843989,9334,8715,1839,3752,143.3500,1.6300
1784345540.889586,9428,8696,1801,3762,146.0500,0.3700
1784345540.934567,9418,8715,1792,3790,143.1900,-1.7500
1784345540.980187,9390,8687,1839,3724,143.1900,-1.7500
1784345541.025205,9362,8687,1839,3762,146.2700,-1.5600
1784345541.070832,9371,8724,1801,3743,146.0500,0.6300
1784345541.116712,9409,8687,1782,3696,146.0500,1.1200
1784345541.161189,9399,8733,1735,3649,143.3500,0.3100
1784345541.206701,9456,8780,1782,3649,140.5400,-0.3700
1784345541.251599,9456,8752,1857,3658,143.5100,-0.5600
1784345541.295244,9456,8752,1876,3649,146.0500,0.0600
1784345541.339805,9428,8799,1867,3687,140.6400,1.0000
1784345541.381901,9465,8799,1848,3696,143.3500,0.9400
1784345541.426824,9465,8743,1829,3677,143.3500,0.9400
1784345541.471598,9475,8799,1792,3658,140.5400,0.0000
1784345541.516080,9437,8715,1867,3630,140.7500,0.2500
1784345541.560734,9437,8752,1810,3649,137.8900,-1.6900
1784345541.605847,9418,8715,1792,3677,143.5100,0.7500
1784345541.651082,9446,8762,1773,3677,135.2300,1.0600
1784345541.696234,9446,8780,1773,3630,137.9900,-0.3700
1784345541.741660,9484,8762,1810,3649,140.5400,-0.3100
1784345541.786628,9428,8790,1801,3593,137.9900,-1.3700
1784345541.831218,9437,8780,1764,3602,135.2300,0.6300
1784345541.875649,9428,8780,1745,3574,135.2300,0.6300
1784345541.920084,9456,8733,1717,3630,132.5800,-0.6900
1784345541.964723,9381,8687,1707,3602,135.2300,-0.4400
1784345542.009970,9399,8733,1754,3593,135.2300,-0.5000
1784345542.055134,9409,8696,1717,3612,132.5300,2.0000
1784345542.099957,9418,8696,1745,3658,129.8300,0.3100
1784345542.145059,9418,8724,1698,3583,132.5800,0.3700
1784345542.190126,9465,8733,1726,3593,132.4700,-1.3700
1784345542.232680,9465,8743,1745,3546,129.8300,0.0000
1784345542.277102,9493,8780,1726,3565,129.8300,0.0000
1784345542.322181,9503,8790,1726,3593,132.5300,1.0000
1784345542.366030,9456,8790,1726,3621,127.2800,0.2500
1784345542.411752,9625,8808,1782,3518,132.4700,-0.8100
1784345542.456310,9634,8743,1754,3518,129.8300,2.3100
1784345542.501868,9643,8837,1829,3583,127.1200,-1.4400
1784345542.546871,9653,8771,1839,3508,127.1200,-1.5600
1784345542.591922,9756,8949,1820,3527,129.8300,-0.6300
1784345542.637028,9728,9071,1764,3574,132.5300,0.5000
1784345542.681387,9606,8780,1810,3537,132.5300,0.5000
1784345542.723674,9634,8780,1782,3574,132.5300,-0.5600
1784345542.768743,9643,8696,1848,3612,127.2800,-0.8800
1784345542.813889,9615,8658,1867,3546,129.7100,1.6900
1784345542.858697,9625,8602,1857,3621,124.6300,1.3100
1784345542.902771,9625,8677,1792,3527,126.9500,0.5600
1784345542.947377,9643,8715,1810,3565,129.9300,-0.6300
1784345542.991973,9672,8696,1773,3612,129.7100,0.6300
1784345543.037352,9690,8827,1801,3621,129.8300,0.4400
1784345543.079740,9672,8874,1801,3621,124.4200,-0.1900
1784345543.124808,9690,8893,1782,3640,124.4200,-0.1900
1784345543.169183,9625,9005,1782,3602,127.2800,-2.2500
1784345543.214358,9662,8930,1876,3612,124.1900,0.2500
1784345543.259281,9690,8949,1829,3612,124.4200,1.0000
1784345543.304655,9709,9156,1979,3565,124.4200,-0.0600
1784345543.348855,9775,9109,1876,3574,127.1200,-1.0600
1784345543.393961,9793,9118,1810,3574,124.4200,0.1200
1784345543.438943,9418,9081,1839,3602,121.9800,-0.3700
1784345543.483182,9784,8855,1895,3677,124.1900,-0.9400
1784345543.528085,9765,8912,1773,3574,124.1900,-0.9400
1784345543.570000,9765,8949,1773,3658,119.3200,1.6300
1784345543.614291,9747,8865,1707,3574,126.9500,-1.0000
1784345543.658823,9803,8893,1764,3574,124.4200,0.1900
1784345543.702726,9765,8893,1735,3612,121.7100,0.7500
1784345543.747727,9812,9221,1754,3602,116.6700,0.2500
1784345543.792217,9775,8715,1745,3612,121.4400,-0.1900
1784345543.837712,9793,8658,1754,3555,121.7100,0.2500
1784345543.882394,9793,8762,1782,3537,121.7100,0.2500
1784345543.927444,9793,8921,1745,3593,119.0100,1.0000
1784345543.969811,9793,9015,1707,3546,116.6700,0.1200
1784345544.014892,9803,9052,1754,3583,118.6800,0.0600
1784345544.057246,9803,9137,1689,3565,116.6700,0.1900
1784345544.101802,9812,9137,1735,3565,115.9200,-1.0600
1784345544.146714,9784,9137,1764,3593,114.0200,0.8800
1784345544.191774,9812,9174,1745,3602,115.9200,-0.7500
1784345544.236787,9840,9259,1717,3612,116.3000,-0.4400
1784345544.281348,9793,9212,1679,3612,116.3000,1.1200
1784345544.326293,9850,9240,1735,3621,116.3000,1.1200
1784345544.371722,9831,9240,1642,3593,114.0200,-0.5000
1784345544.416473,9831,9259,1689,3649,118.6800,0.2500
1784345544.460385,9831,9259,1670,3668,116.3000,0.6300
1784345544.505827,9859,9240,1660,3621,119.0100,0.1200
1784345544.550820,9925,9278,1707,3658,116.3000,-1.0000
1784345544.595872,9897,9334,1689,3583,116.3000,2.0000
1784345544.640897,9897,9324,1764,3649,119.0100,1.0600
1784345544.685806,9887,9334,1782,3583,119.0100,-0.1200
1784345544.730829,9887,9296,1717,3612,113.6000,0.6300
1784345544.775223,9840,9334,1764,3602,113.6000,0.6300
1784345544.820182,9850,9362,1717,3593,119.0100,0.8100
1784345544.864948,9859,9381,1773,3593,116.3000,-1.0000
1784345544.910087,9869,9371,1726,3649,119.0100,0.5600
1784345544.954914,9981,9371,1782,3593,113.6000,0.8800
1784345545.000005,9944,9446,1735,3649,116.6700,0.6300
1784345545.044842,9897,9353,1726,3612,118.6800,0.1200
1784345545.090415,9869,8949,1698,3602,113.6000,-0.3700
1784345545.134892,9925,9343,1717,3602,119.0100,-0.5600
1784345545.180172,9887,9278,1698,3687,116.3000,0.1900
1784345545.224825,9897,9296,1717,3593,116.3000,0.1900
1784345545.269822,9953,9296,1670,3612,116.6700,0.1900
1784345545.314987,9981,9362,1726,3630,116.3000,0.5000
1784345545.360167,9990,9306,1717,3602,121.7100,2.9400
1784345545.405112,10009,9362,1679,3602,124.1900,-1.5000
1784345545.449555,10056,9390,1726,3574,127.1200,1.6300
1784345545.493842,9990,9465,1810,3593,119.0100,1.8100
1784345545.538184,10056,9381,1754,3630,116.6700,0.5000
1784345545.583088,10178,9306,1726,3649,121.4400,-0.1900
1784345545.628025,9428,9418,1735,3649,121.4400,-0.1900
1784345545.672427,9747,9446,1735,3574,119.0100,-0.9400
1784345545.715253,10075,9456,1679,3612,119.0100,0.2500
1784345545.760591,10066,9512,1773,3583,121.7100,0.1200
1784345545.805430,10028,9484,1689,3574,121.7100,-0.6900
1784345545.850808,10019,9446,1679,3602,116.6700,0.0000
1784345545.895887,9990,9418,1717,3565,116.6700,0.0000
1784345545.941023,10009,9334,1670,3583,116.6700,0.0000
1784345545.985869,10019,9306,1679,3621,116.6700,0.0000
1784345546.030178,10066,9306,1782,3621,116.6700,0.0000
1784345546.074921,9953,9184,1670,3602,116.6700,0.0000
1784345546.119593,9944,9202,1689,3630,116.6700,0.0000
1784345546.164955,9962,9202,1679,3640,116.6700,0.0000
1784345546.209920,9944,9193,1679,3593,7.2200,0.4400
1784345546.254924,9934,9315,1689,3687,2.7000,8.1900
1784345546.300023,9944,9334,1717,3621,-2.7000,9.7500
1784345546.344896,9953,9306,1698,3649,2.7000,14.5600
1784345546.389161,9953,9409,1717,3612,8.1100,17.1900
1784345546.433303,9953,9437,1895,3537,8.1100,17.1900
1784345546.477415,9953,9493,1839,3593,0.0000,19.2500
1784345546.521876,9944,8977,1801,3612,10.8200,21.2500
1784345546.566200,9887,9109,1801,3583,0.0000,15.4400
1784345546.611421,9859,9090,1810,3574,2.7000,16.0000
1784345546.656434,9831,9202,1914,3640,2.7000,14.6900
1784345546.701626,9850,9202,2007,3630,10.8200,14.0600
1784345546.747029,9822,9156,2064,3612,8.1100,13.5600
1784345546.791986,9812,9127,2158,3612,8.1100,14.6900
1784345546.837102,9765,9174,2139,3593,2.7000,12.0000
1784345546.882152,9747,9165,2139,3677,2.7000,12.0000
1784345546.927075,9747,9184,2120,3630,5.4100,11.4400
1784345546.971371,9681,9127,2148,3593,2.7000,11.5000
1784345547.016992,9690,9062,2045,3640,5.4100,9.6900
1784345547.061450,9700,9062,2054,3612,5.4100,9.2500
1784345547.106919,9728,9062,1979,3621,5.4100,9.6300
1784345547.151942,9756,9062,1998,3583,5.4100,8.5600
1784345547.196586,9700,9052,1961,3593,5.4100,8.6300
1784345547.241924,9737,9099,1942,3537,5.4100,6.8800
1784345547.287457,9765,9118,1914,3565,2.7000,7.1300
1784345547.332083,9690,9099,1923,3593,2.7000,7.1300
1784345547.377043,9737,9081,1961,3574,5.4100,7.1900
1784345547.422019,9709,9090,1989,3583,5.4100,5.9400
1784345547.464544,9690,9090,1942,3602,2.7000,6.3800
1784345547.509908,9718,9071,1989,3574,2.7000,4.9400
1784345547.554478,9737,9071,2017,3537,5.4100,5.3800
1784345547.599153,9728,9024,1886,3537,2.7000,4.6900
1784345547.644665,9737,9043,1886,3602,2.7000,5.0600
1784345547.689973,9756,9043,1895,3649,5.4100,4.9400
1784345547.735014,9756,9043,1923,3612,2.7000,4.6300
1784345547.780127,9756,9043,1895,3602,2.7000,4.6300
1784345547.823255,9756,9034,1857,3640,2.7000,4.6300
1784345547.869029,9765,9071,1886,3677,2.7000,4.6300
1784345547.914053,9747,9024,1914,3630,2.7000,4.6300
1784345547.959031,9737,9052,1904,3640,2.7000,4.6300
1784345548.003374,9775,9071,1857,3658,2.7000,4.6300
