timestamp,d0,d1,d2,d3,v_mm_s,gz
1783085530.303622,9062,8611,1735,3621,0.0000,0.0600
1783085530.319250,8687,8555,1754,3649,0.0000,0.0600
1783085530.335238,8724,8611,1717,3630,0.0000,0.0600
1783085530.351738,8687,8611,1745,3658,0.0000,0.0600
1783085530.367362,8762,8705,1735,3658,23.4100,-0.0600
1783085530.383291,8687,8611,1773,3630,23.4100,-0.0600
1783085530.399291,8696,8583,1726,3658,23.4100,-0.0600
1783085530.415493,9090,8677,1726,3612,45.0800,-0.3700
1783085530.431325,8687,8555,1735,3658,45.0800,-0.3700
1783085530.447470,8705,8583,1735,3668,45.0800,-0.3700
1783085530.463466,8705,8574,1717,3658,82.8000,-0.4400
1783085530.479331,8696,8574,1726,3640,82.8000,-0.4400
1783085530.495326,8724,8583,1792,3612,82.8000,-0.4400
1783085530.511353,9099,8565,1754,3630,92.8100,1.0600
1783085530.527521,8696,8611,1735,3640,92.8100,1.0600
1783085530.544560,8696,8536,1745,3658,92.8100,1.0600
1783085530.560358,9118,8593,1717,3621,110.4000,-0.2500
1783085530.576668,8705,8546,1735,3640,110.4000,-0.2500
1783085530.592818,9090,8555,1689,3668,110.4000,-0.2500
1783085530.608654,8724,8555,1698,3649,116.3000,0.7500
1783085530.624422,8705,8518,1707,3658,116.3000,0.7500
1783085530.640609,8649,8555,1754,3602,116.3000,0.7500
1783085530.656480,8715,8527,1698,3583,119.3200,1.0000
1783085530.672476,8640,8508,1679,3593,119.3200,1.0000
1783085530.688670,8668,8518,1726,3583,119.3200,1.0000
1783085530.704368,8658,8527,1792,3621,124.1900,-0.6300
1783085530.721555,8658,8527,1735,3565,124.1900,-0.6300
1783085530.738655,8687,8527,1698,3612,124.1900,-0.6300
1783085530.753513,8677,8499,1726,3612,121.7100,0.0600
1783085530.769431,9052,8499,1735,3583,121.7100,0.0600
1783085530.785603,8621,8555,1689,3593,121.7100,0.0600
1783085530.801607,8733,8536,1698,3546,121.7100,0.0600
1783085530.817577,8696,8518,1623,3555,127.2800,-0.1900
1783085530.833527,8705,8518,1679,3621,127.2800,-0.1900
1783085530.849562,8640,8490,1689,3602,127.2800,-0.1900
1783085530.865553,8677,8490,1726,3602,137.9900,0.1200
1783085530.881504,8658,8490,1670,3593,137.9900,0.1200
1783085530.897546,9062,8508,1670,3583,137.9900,0.1200
1783085530.913574,8733,8480,1670,3621,135.2300,-0.8800
1783085530.929666,8696,8508,1604,3583,135.2300,-0.8800
1783085530.945655,9043,8471,1604,3640,135.2300,-0.8800
1783085530.961572,8752,8499,1604,3602,140.6400,-0.3100
1783085530.977616,8668,8490,1632,3555,140.6400,-0.3100
1783085530.993655,8640,8480,1613,3565,140.6400,-0.3100
1783085531.008692,9052,8499,1595,3574,143.3500,0.7500
1783085531.024935,8658,8490,1604,3555,143.3500,0.7500
1783085531.040685,9052,8461,1585,3574,143.3500,0.7500
1783085531.056646,8687,8471,1595,3630,148.7600,0.1900
1783085531.074706,8649,8471,1604,3630,148.7600,0.1900
1783085531.090951,8658,8480,1595,3583,148.7600,0.1900
1783085531.106714,8668,8471,1613,3593,154.1700,0.7500
1783085531.122776,8733,8424,1585,3555,154.1700,0.7500
1783085531.139000,8687,8480,1642,3583,154.1700,0.7500
1783085531.154712,8715,8424,1595,3612,154.1700,-0.9400
1783085531.170780,8630,8490,1660,3565,154.1700,-0.9400
1783085531.187019,8771,8471,1679,3583,154.1700,-0.9400
1783085531.202995,8733,8443,1717,3555,159.5800,-0.1200
1783085531.218821,8687,8480,1698,3565,159.5800,-0.1200
1783085531.234266,8640,8461,1623,3583,159.5800,-0.1200
1783085531.250019,8677,8452,1632,3546,159.5800,-0.1200
1783085531.265787,8752,8452,1651,3546,159.5800,0.1900
1783085531.282042,8696,8471,1651,3537,159.5800,0.1900
1783085531.297885,8677,8443,1670,3555,159.5800,0.1900
1783085531.313938,8621,8424,1689,3565,164.9900,-0.2500
1783085531.330102,8715,8461,1670,3565,164.9900,-0.2500
1783085531.345885,8668,8396,1698,3527,164.9900,-0.2500
1783085531.361988,8611,8452,1679,3555,167.6900,-0.8100
1783085531.378114,8668,8480,1717,3508,167.6900,-0.8100
1783085531.393931,8668,8405,1679,3555,167.6900,-0.8100
1783085531.409964,8696,8480,1670,3546,164.9900,0.1200
1783085531.426095,8621,8433,1698,3518,164.9900,0.1200
1783085531.441864,8677,8396,1670,3527,164.9900,0.1200
1783085531.457908,8687,8461,1754,3508,178.5100,1.9400
1783085531.475520,8649,8424,1717,3508,178.5100,1.9400
1783085531.491013,9062,8452,1679,3508,178.5100,1.9400
1783085531.506979,8677,8377,1707,3546,178.5100,0.0000
1783085531.523164,8668,8433,1745,3508,178.5100,0.0000
1783085531.539010,8649,8377,1764,3518,178.5100,0.0000
1783085531.554965,8696,8368,1745,3480,183.9200,1.0600
1783085531.571137,8677,8443,1717,3480,183.9200,1.0600
1783085531.587102,8611,8330,1745,3471,183.9200,1.0600
1783085531.603319,8621,8424,1754,3480,189.3300,-0.5000
1783085531.619146,8705,8311,1754,3471,189.3300,-0.5000
1783085531.635165,8668,8396,1773,3480,189.3300,-0.5000
1783085531.651192,8677,8424,1698,3471,194.7400,4.0000
1783085531.667312,8621,8368,1745,3518,194.7400,4.0000
1783085531.683173,9024,8433,1745,3508,194.7400,4.0000
1783085531.699153,8696,8368,1735,3490,194.7400,4.0000
1783085531.715470,8677,8424,1764,3499,190.9200,0.4400
1783085531.730134,8621,8339,1735,3452,190.9200,0.4400
1783085531.746054,8611,8405,1726,3527,190.9200,0.4400
1783085531.764104,8687,8405,1792,3508,209.7500,-0.3700
1783085531.780292,8724,8349,1745,3452,209.7500,-0.3700
1783085531.796139,8630,8358,1735,3583,209.7500,-0.3700
1783085531.812104,8658,8771,1726,3508,202.8500,-0.7500
1783085531.828295,8649,8349,1735,3480,202.8500,-0.7500
1783085531.844187,8677,8405,1754,3415,202.8500,-0.7500
1783085531.860194,8621,8780,1735,3424,208.2600,0.4400
1783085531.876364,8611,8321,1792,3461,208.2600,0.4400
1783085531.892226,8705,8771,1717,3443,208.2600,0.4400
1783085531.908267,8602,8808,1801,3461,205.5600,-0.8100
1783085531.924470,8602,8377,1745,3424,205.5600,-0.8100
1783085531.940268,8724,8762,1764,3461,205.5600,-0.8100
1783085531.955332,8611,8339,1735,3471,208.2600,-0.1200
1783085531.971292,8649,8733,1745,3415,208.2600,-0.1200
1783085531.987288,9043,8827,1773,3396,208.2600,-0.1200
1783085532.003687,9090,8696,1735,3386,204.1800,-0.2500
1783085532.019332,9034,9137,1735,3377,204.1800,-0.2500
1783085532.035358,8677,8443,1717,3461,204.1800,-0.2500
1783085532.051371,9062,8705,1726,3424,208.2600,0.2500
1783085532.067400,8724,8762,1754,3443,208.2600,0.2500
1783085532.083364,8762,9156,1698,3405,208.2600,0.2500
1783085532.099382,8677,9090,1698,3424,206.9900,-0.8800
1783085532.115395,9062,9118,1651,3471,206.9900,-0.8800
1783085532.131704,9024,9193,1670,3415,206.9900,-0.8800
1783085532.147423,8818,9071,1660,3415,200.1500,-0.8100
1783085532.163491,8837,9099,1689,3396,200.1500,-0.8100
1783085532.179451,8724,9071,1735,3396,200.1500,-0.8100
1783085532.195470,8658,9099,1698,3405,200.1500,-0.8100
1783085532.210488,8715,8705,1660,3396,200.1500,0.0600
1783085532.226452,8696,9043,1670,3396,200.1500,0.0600
1783085532.242605,8649,9071,1698,3396,200.1500,0.0600
1783085532.258444,8649,9081,1735,3377,200.1500,0.5000
1783085532.274482,8705,9109,1707,3368,200.1500,0.5000
1783085532.290974,8668,8790,1717,3368,200.1500,0.5000
1783085532.306581,8668,9090,1679,3415,202.8500,0.3100
1783085532.322599,8649,9052,1707,3349,202.8500,0.3100
1783085532.338757,8677,8658,1735,3340,202.8500,0.3100
1783085532.354457,9071,9099,1698,3424,200.1500,0.5000
1783085532.370549,8649,9052,1670,3358,200.1500,0.5000
1783085532.386732,8687,8649,1717,3349,200.1500,0.5000
1783085532.402986,8640,9081,1735,3358,202.8500,0.5000
1783085532.418675,8602,8649,1754,3377,202.8500,0.5000
1783085532.434734,8621,9052,1707,3415,202.8500,0.5000
1783085532.450615,8715,8630,1735,3330,205.5600,-1.1900
1783085532.465672,8621,9034,1717,3349,205.5600,-1.1900
1783085532.481666,8583,8649,1745,3358,205.5600,-1.1900
1783085532.497699,8611,9081,1792,3283,205.5600,-1.1900
1783085532.513620,8621,9043,1782,3340,205.5600,2.2500
1783085532.529679,8696,9081,1764,3349,205.5600,2.2500
1783085532.545669,8602,8771,1792,3405,205.5600,2.2500
1783085532.561716,8565,8724,1764,3330,201.5300,-0.2500
1783085532.577732,8602,8762,1810,3358,201.5300,-0.2500
1783085532.593709,8602,9052,1810,3340,201.5300,-0.2500
1783085532.609716,8649,9062,1773,3293,209.7500,0.6300
1783085532.625940,8649,9024,1810,3330,209.7500,0.6300
1783085532.641732,8574,8752,1810,3302,209.7500,0.6300
1783085532.657687,8546,8640,1857,3330,205.5600,0.3700
1783085532.673749,9005,9052,1773,3302,205.5600,0.3700
1783085532.689746,8630,8668,1857,3321,205.5600,0.3700
1783085532.706764,8630,8658,1773,3283,210.9700,2.3800
1783085532.722955,8546,9034,1782,3283,210.9700,2.3800
1783085532.738812,8574,8752,1829,3236,210.9700,2.3800
1783085532.754766,8630,8349,1857,3321,204.1800,0.2500
1783085532.770943,8602,9024,1810,3302,204.1800,0.2500
1783085532.786797,8546,8696,1810,3321,204.1800,0.2500
1783085532.803026,8640,9024,1792,3236,212.5100,-0.5600
1783085532.819024,8640,9034,1829,3227,212.5100,-0.5600
1783085532.835001,8583,9015,1820,3246,212.5100,-0.5600
1783085532.850971,8565,8743,1820,3283,205.5600,1.2500
1783085532.867456,8621,9015,1810,3246,205.5600,1.2500
1783085532.882926,8668,9015,1876,3227,205.5600,1.2500
1783085532.898870,8593,8987,1857,3218,205.5600,1.2500
1783085532.915191,8555,9005,1745,3283,200.1500,-2.1300
1783085532.931086,8565,9024,1792,3180,200.1500,-2.1300
1783085532.946890,8996,9024,1801,3246,200.1500,-2.1300
1783085532.963190,8640,8987,1829,3208,200.1500,0.2500
1783085532.978377,8630,9043,1839,3208,200.1500,0.2500
1783085532.994308,8593,8996,1810,3255,200.1500,0.2500
1783085533.010563,8621,9015,1839,3180,198.8700,0.5000
1783085533.025965,9005,8743,1829,3218,198.8700,0.5000
1783085533.041893,8687,9043,1810,3246,198.8700,0.5000
1783085533.058471,8630,9015,1764,3218,206.9900,-2.1300
1783085533.073940,8611,9024,1782,3180,206.9900,-2.1300
1783085533.089942,8640,8987,1810,3208,206.9900,-2.1300
1783085533.105916,9005,9024,1810,3208,198.8700,0.6300
1783085533.121959,8687,9005,1782,3171,198.8700,0.6300
1783085533.138217,8611,9015,1867,3246,198.8700,0.6300
1783085533.154406,8583,9015,1810,3293,205.5600,-1.1200
1783085533.170254,9362,8968,1801,3180,205.5600,-1.1200
1783085533.187042,9362,9024,1810,3189,205.5600,-1.1200
1783085533.203950,8640,9015,1782,3133,215.2700,1.5600
1783085533.219114,8565,8808,1839,3199,215.2700,1.5600
1783085533.235158,8959,8949,1857,3189,215.2700,1.5600
1783085533.252222,8677,8930,1839,3236,204.1800,1.6900
1783085533.267595,8630,8987,1839,3199,204.1800,1.6900
1783085533.283011,9034,8996,1820,3171,204.1800,1.6900
1783085533.299210,8959,8968,1839,3199,210.9700,-1.9400
1783085533.315082,8593,8949,1848,3180,210.9700,-1.9400
1783085533.331226,8593,8987,1867,3161,210.9700,-1.9400
1783085533.347287,8630,8930,1801,3236,209.7500,-0.1900
1783085533.363222,8959,8977,1839,3199,209.7500,-0.1900
1783085533.379241,8724,8912,1848,3143,209.7500,-0.1900
1783085533.395623,8640,8762,1867,3236,209.7500,-0.1900
1783085533.411358,8602,8912,1848,3152,202.8500,-1.3100
1783085533.427157,8996,8818,1810,3189,202.8500,-1.3100
1783085533.443198,8959,8912,1848,3171,202.8500,-1.3100
1783085533.459198,8602,8743,1848,3152,204.1800,0.3700
1783085533.475190,8658,8846,1876,3208,204.1800,0.3700
1783085533.490752,8696,8780,1820,3171,204.1800,0.3700
1783085533.506155,8565,8733,1857,3208,208.2600,2.0600
1783085533.522202,8930,8752,1951,3218,208.2600,2.0600
1783085533.538479,8930,8696,1914,3143,208.2600,2.0600
1783085533.554152,8649,8705,1876,3208,209.7500,0.7500
1783085533.570252,8640,8649,1886,3152,209.7500,0.7500
1783085533.586483,8977,8705,1886,3199,209.7500,0.7500
1783085533.602933,8668,8640,1848,3133,210.9700,-0.1900
1783085533.618217,8940,8705,1848,3143,210.9700,-0.1900
1783085533.634492,8621,8602,1848,3189,210.9700,-0.1900
1783085533.650259,8574,8621,1876,3077,205.5600,-1.7500
1783085533.666280,8611,8630,1886,3133,205.5600,-1.7500
1783085533.682501,8630,8583,1867,3114,205.5600,-1.7500
1783085533.698311,9334,8574,1876,3180,205.5600,-1.7500
1783085533.714255,8621,8583,1848,3096,210.9700,1.6900
1783085533.730425,8630,8546,1857,3096,210.9700,1.6900
1783085533.746554,8611,8593,1876,3161,210.9700,1.6900
1783085533.761367,8987,8583,1886,3114,208.2600,2.1900
1783085533.777306,8621,8583,1904,3105,208.2600,2.1900
1783085533.793321,8574,8611,1904,3086,208.2600,2.1900
1783085533.809289,8602,8546,1914,3180,208.2600,0.0000
1783085533.825340,9005,8583,1914,3143,208.2600,0.0000
1783085533.841285,8696,8536,1961,3114,208.2600,0.0000
1783085533.857591,8602,8574,1951,3180,205.5600,1.2500
1783085533.873625,8602,8583,1942,3152,205.5600,1.2500
1783085533.889482,8640,8574,1979,3049,205.5600,1.2500
1783085533.905330,8555,8555,1923,3124,205.5600,-1.4400
1783085533.921391,9334,8565,1951,3049,205.5600,-1.4400
1783085533.938737,8602,8555,1914,3124,205.5600,-1.4400
1783085533.954582,8621,8574,1942,3105,202.8500,0.5000
1783085533.970843,8602,8555,1998,3077,202.8500,0.5000
1783085533.986503,8940,8593,1914,3049,202.8500,0.5000
1783085534.004066,8611,8583,1904,3067,208.2600,-0.3100
1783085534.018928,8574,8602,1951,3086,208.2600,-0.3100
1783085534.033276,8593,8546,1923,3086,208.2600,-0.3100
1783085534.049802,8959,8574,1914,3049,205.5600,-0.1200
1783085534.065777,8611,8630,1932,3105,205.5600,-0.1200
1783085534.081210,8593,8593,1932,3077,205.5600,-0.1200
1783085534.097582,8940,8611,1932,3133,205.5600,-0.1200
1783085534.113223,8949,8583,1970,3021,206.8300,0.1200
1783085534.129593,8640,8611,1932,3077,206.8300,0.1200
1783085534.146156,8640,8602,1923,3114,206.8300,0.1200
1783085534.161720,8912,8658,1942,3002,205.5600,-0.1200
1783085534.177542,8912,8602,1942,3058,205.5600,-0.1200
1783085534.194083,8668,8630,1923,3058,205.5600,-0.1200
1783085534.209514,8752,8611,1989,3030,215.2700,0.0600
1783085534.225594,8602,8996,1961,3011,215.2700,0.0600
1783085534.241740,8611,8649,1989,3030,215.2700,0.0600
1783085534.257451,8921,8649,1942,3067,208.2600,0.5600
1783085534.273502,8649,8705,1970,3002,208.2600,0.5600
1783085534.289699,8921,8687,1998,3021,208.2600,0.5600
1783085534.304321,8536,8987,1942,3002,204.1800,-0.0600
1783085534.320338,8930,9034,1961,3021,204.1800,-0.0600
1783085534.336863,8621,8959,1932,3058,204.1800,-0.0600
1783085534.353878,8630,8687,1942,3114,209.7500,-0.3100
1783085534.368588,8640,9296,2007,3021,209.7500,-0.3100
1783085534.384944,8912,9240,1989,2983,209.7500,-0.3100
1783085534.400587,8696,9240,1970,3002,209.7500,-0.3100
1783085534.416651,8611,8949,2007,2955,206.8300,-0.3100
1783085534.431812,8611,9184,2045,2974,206.8300,-0.3100
1783085534.448496,8930,8884,2054,3058,206.8300,-0.3100
1783085534.464575,8902,9221,2064,3002,208.2600,-1.6300
1783085534.480714,8602,9221,2026,3049,208.2600,-1.6300
1783085534.496371,8649,9240,2007,3021,208.2600,-1.6300
1783085534.512549,8930,9156,2036,2983,208.2600,0.4400
1783085534.528821,8611,9221,2054,2983,208.2600,0.4400
1783085534.544441,8565,9202,2045,3002,208.2600,0.4400
1783085534.560487,8602,9202,2045,2992,215.2700,0.8800
1783085534.575536,8527,9174,2073,3002,215.2700,0.8800
1783085534.591578,8593,9165,2064,2992,215.2700,0.8800
1783085534.607740,8555,9193,1998,2983,206.8300,0.6300
1783085534.623672,8574,9146,2007,2992,206.8300,0.6300
1783085534.639740,8565,9146,2017,2964,206.8300,0.6300
1783085534.656030,8574,9118,1989,2983,212.5100,-0.0600
1783085534.671821,8565,9137,1989,2964,212.5100,-0.0600
1783085534.687834,8518,9137,2036,2936,212.5100,-0.0600
1783085534.705011,8555,9127,2064,2946,210.9700,-0.3100
1783085534.719802,8583,9165,2073,2964,210.9700,-0.3100
1783085534.735870,8565,9156,2073,2974,210.9700,-0.3100
1783085534.753853,8574,9109,2111,2964,210.9700,1.8800
1783085534.768315,8518,9156,2083,3002,210.9700,1.8800
1783085534.784025,8921,9165,2083,2992,210.9700,1.8800
1783085534.800594,8574,9137,2073,2974,208.2600,0.0000
1783085534.815911,8546,9127,2092,2908,208.2600,0.0000
1783085534.831883,8574,9109,2120,2927,208.2600,0.0000
1783085534.847934,8499,9165,2073,2936,208.2600,0.6300
1783085534.864879,8574,9109,2073,2936,208.2600,0.6300
1783085534.880608,8602,9137,2083,2899,208.2600,0.6300
1783085534.898643,8593,9118,2111,2899,208.2600,0.6300
1783085534.914668,8555,9099,2026,2908,208.2600,-0.2500
1783085534.931264,8574,9099,2092,2908,208.2600,-0.2500
1783085534.947014,8593,9081,2026,2927,208.2600,-0.2500
1783085534.962989,8565,9090,2026,2861,208.2600,-1.0600
1783085534.979409,8565,9146,2054,2852,208.2600,-1.0600
1783085534.995005,8518,9099,2036,2908,208.2600,-1.0600
1783085535.010941,8583,9127,2064,2955,205.5600,-1.5000
1783085535.027387,8574,9146,2064,2842,205.5600,-1.5000
1783085535.043114,8949,9193,2129,2889,205.5600,-1.5000
1783085535.058270,8630,9137,2045,2842,206.8300,-1.8800
1783085535.076451,8940,9118,2073,2842,206.8300,-1.8800
1783085535.092235,8640,9118,2054,2814,206.8300,-1.8800
1783085535.108013,8583,9174,2045,2824,208.2600,0.0000
1783085535.124386,8968,9118,2092,2814,208.2600,0.0000
1783085535.140429,8687,9090,2186,2852,208.2600,0.0000
1783085535.156337,8715,9156,2129,2805,209.7500,0.5600
1783085535.172406,8546,9118,2120,2805,209.7500,0.5600
1783085535.188382,8865,9099,2120,2852,209.7500,0.5600
1783085535.204573,8640,9146,2111,2739,208.2600,-1.5600
1783085535.220492,8536,9146,2129,2805,208.2600,-1.5600
1783085535.236560,8546,9165,2148,2777,208.2600,-1.5600
1783085535.253403,8902,9127,2158,2767,208.2600,1.1900
1783085535.268657,8940,9127,2139,2814,208.2600,1.1900
1783085535.285798,8874,9137,2092,2814,208.2600,1.1900
1783085535.302601,8893,9146,2092,2749,208.2600,-1.4400
1783085535.317510,8565,9146,2129,2777,208.2600,-1.4400
1783085535.333782,8940,9090,2129,2758,208.2600,-1.4400
1783085535.348848,8518,9109,2139,2692,208.2600,-1.4400
1783085535.364870,8902,9165,2167,2758,210.9700,0.3700
1783085535.381119,9231,9137,2158,2739,210.9700,0.3700
1783085535.396935,8546,9127,2148,2814,210.9700,0.3700
1783085535.412939,8912,9109,2139,2749,208.2600,1.4400
1783085535.429230,8987,9137,2186,2730,208.2600,1.4400
1783085535.445292,8527,9118,2148,2720,208.2600,1.4400
1783085535.461194,8518,9137,2186,2730,200.1500,-1.5000
1783085535.477559,8912,9146,2186,2795,200.1500,-1.5000
1783085535.492242,8546,9156,2233,2795,200.1500,-1.5000
1783085535.509225,8940,9174,2139,2664,204.1800,-0.4400
1783085535.524564,8640,9137,2111,2692,204.1800,-0.4400
1783085535.540282,8968,9090,2186,2720,204.1800,-0.4400
1783085535.556847,8855,9193,2120,2702,206.9900,1.9400
1783085535.574110,8968,9184,2158,2730,206.9900,1.9400
1783085535.588976,8884,9127,2167,2674,206.9900,1.9400
1783085535.604480,8527,9127,2158,2702,201.5300,0.3100
1783085535.621066,8902,9146,2186,2711,201.5300,0.3100
1783085535.636409,8930,9137,2195,2711,201.5300,0.3100
1783085535.653689,8855,9165,2204,2674,209.7500,0.4400
1783085535.668663,8874,9127,2280,2683,209.7500,0.4400
1783085535.684410,8912,9118,2167,2664,209.7500,0.4400
1783085535.700167,8583,9184,2176,2674,204.1800,-0.0600
1783085535.716392,8499,9156,2204,2664,204.1800,-0.0600
1783085535.732160,8574,9165,2167,2664,204.1800,-0.0600
1783085535.748465,8508,9156,2195,2617,212.5100,3.1900
1783085535.764764,8518,9156,2214,2674,212.5100,3.1900
1783085535.780464,8902,9202,2186,2655,212.5100,3.1900
1783085535.795947,8518,9137,2261,2664,212.5100,3.1900
1783085535.812125,8930,9193,2176,2636,201.5300,-0.8100
1783085535.828002,8518,9193,2186,2645,201.5300,-0.8100
1783085535.844857,8574,9137,2186,2636,201.5300,-0.8100
1783085535.859529,8705,9193,2167,2636,212.5100,-0.9400
1783085535.875523,8527,9184,2195,2598,212.5100,-0.9400
1783085535.892035,8546,9202,2176,2617,212.5100,-0.9400
1783085535.907685,8546,9165,2204,2608,206.8300,0.7500
1783085535.923961,8471,9165,2204,2617,206.8300,0.7500
1783085535.939769,8602,9184,2223,2627,206.8300,0.7500
1783085535.955515,8846,9202,2298,2598,206.9900,1.2500
1783085535.972475,8846,9249,2167,2617,206.9900,1.2500
1783085535.989404,8649,9184,2204,2589,206.9900,1.2500
1783085536.005430,8912,9165,2233,2589,201.5300,0.2500
1783085536.021338,8912,9231,2186,2608,201.5300,0.2500
1783085536.037289,8621,9174,2195,2645,201.5300,0.2500
1783085536.053955,8555,8865,2214,2561,209.7500,0.4400
1783085536.069252,8902,9212,2204,2570,209.7500,0.4400
1783085536.085319,8630,8902,2223,2580,209.7500,0.4400
1783085536.102155,8912,9231,2261,2561,204.1800,-1.1900
1783085536.117337,8912,8565,2270,2598,204.1800,-1.1900
1783085536.133391,8640,9202,2195,2570,204.1800,-1.1900
1783085536.150666,8555,9240,2270,2561,209.7500,1.1200
1783085536.165601,8649,8855,2233,2561,209.7500,1.1200
1783085536.181713,8527,8930,2233,2552,209.7500,1.1200
1783085536.197967,8490,8902,2317,2580,209.7500,1.1200
1783085536.213739,8574,9212,2270,2570,204.1800,-2.6300
1783085536.229792,8574,9240,2261,2589,204.1800,-2.6300
1783085536.246708,8583,9221,2270,2552,204.1800,-2.6300
1783085536.261730,8527,9278,2298,2561,208.2600,2.8800
1783085536.277791,8705,8912,2251,2552,208.2600,2.8800
1783085536.293128,8565,8912,2261,2561,208.2600,2.8800
1783085536.308724,8574,8611,2261,2570,208.2600,-1.0000
1783085536.324740,8574,8884,2251,2552,208.2600,-1.0000
1783085536.340746,8565,8949,2289,2542,208.2600,-1.0000
1783085536.356468,8949,8940,2251,2598,205.5600,0.8800
1783085536.372704,8696,8912,2251,2533,205.5600,0.8800
1783085536.388835,8555,8912,2317,2580,205.5600,0.8800
1783085536.404423,8621,8658,2308,2542,209.7500,-2.4400
1783085536.420504,8518,8611,2364,2523,209.7500,-2.4400
1783085536.436792,8696,9062,2326,2608,209.7500,-2.4400
1783085536.454718,8574,8668,2326,2561,198.8700,0.4400
1783085536.470875,8583,8668,2336,2542,198.8700,0.4400
1783085536.487762,8593,8621,2298,2542,198.8700,0.4400
1783085536.504573,8912,8715,2308,2542,212.5100,0.3100
1783085536.519804,8865,8677,2355,2514,212.5100,0.3100
1783085536.535836,8630,8677,2336,2542,212.5100,0.3100
1783085536.553308,8658,8593,2336,2561,201.5300,1.1900
1783085536.567567,8518,8630,2326,2542,201.5300,1.1900
1783085536.583577,8574,8621,2298,2514,201.5300,1.1900
1783085536.599856,8611,8677,2364,2523,208.2600,0.9400
1783085536.615669,8518,8611,2308,2533,208.2600,0.9400
1783085536.631673,8536,8677,2298,2523,208.2600,0.9400
1783085536.647991,8536,8696,2336,2561,209.7500,-0.3100
1783085536.663834,8640,8677,2336,2552,209.7500,-0.3100
1783085536.679783,8536,8640,2326,2552,209.7500,-0.3100
1783085536.696018,8546,8677,2355,2570,209.7500,-0.3100
1783085536.712289,8837,8640,2336,2533,204.1800,-0.3100
1783085536.727699,8565,8687,2336,2561,204.1800,-0.3100
1783085536.743957,8574,8687,2345,2533,204.1800,-0.3100
1783085536.759712,8499,8705,2373,2580,202.8500,0.2500
1783085536.774745,8611,8668,2364,2552,202.8500,0.2500
1783085536.790967,8649,8668,2392,2542,202.8500,0.2500
1783085536.806633,8884,8715,2383,2523,208.2600,3.2500
1783085536.823472,8574,8705,2383,2514,208.2600,3.2500
1783085536.839235,8611,8705,2355,2523,208.2600,3.2500
1783085536.855426,8715,8762,2364,2561,202.8500,-2.5000
1783085536.871059,8611,8771,2392,2523,202.8500,-2.5000
1783085536.887768,8912,8790,2430,2533,202.8500,-2.5000
1783085536.905067,8583,8893,2430,2533,205.5600,-3.1300
1783085536.919568,8536,8837,2439,2514,205.5600,-3.1300
1783085536.935537,8555,8874,2439,2552,205.5600,-3.1300
1783085536.951656,8602,8987,2448,2514,205.5600,-3.1300
1783085536.967061,8546,9212,2505,2495,206.9900,0.3100
1783085536.983220,8602,9221,2411,2486,206.9900,0.3100
1783085536.998855,8518,9202,2401,2495,206.9900,0.3100
1783085537.014893,8574,9202,2448,2505,201.5300,-1.0600
1783085537.031158,8508,9278,2458,2505,201.5300,-1.0600
1783085537.045750,8536,9259,2430,2439,201.5300,-1.0600
1783085537.062299,8527,9268,2430,2477,205.5600,0.2500
1783085537.078671,8574,9202,2430,2486,205.5600,0.2500
1783085537.094332,8565,9221,2401,2598,205.5600,0.2500
1783085537.110036,8490,9278,2467,2458,205.5600,-2.1300
1783085537.125827,8536,8949,2420,2439,205.5600,-2.1300
1783085537.141801,8565,9231,2505,2439,205.5600,-2.1300
1783085537.158122,8565,9212,2477,2458,205.5600,2.7500
1783085537.174157,8527,9249,2439,2448,205.5600,2.7500
1783085537.189917,8808,9249,2458,2439,205.5600,2.7500
1783085537.206535,8536,9278,2430,2458,205.5600,-1.4400
1783085537.222264,8621,9240,2411,2458,205.5600,-1.4400
1783085537.237854,8536,9259,2458,2486,205.5600,-1.4400
1783085537.254369,8546,9231,2458,2401,205.5600,-0.8100
1783085537.270459,8555,9202,2448,2401,205.5600,-0.8100
1783085537.286419,8499,9278,2477,2411,205.5600,-0.8100
1783085537.303663,8546,9259,2439,2430,210.9700,-1.3700
1783085537.317143,8490,9240,2448,2439,210.9700,-1.3700
1783085537.333711,8471,9249,2477,2401,210.9700,-1.3700
1783085537.349555,8536,9259,2514,2392,205.5600,0.4400
1783085537.365396,8518,9278,2467,2439,205.5600,0.4400
1783085537.381445,8555,9249,2458,2420,205.5600,0.4400
1783085537.397245,8518,9287,2467,2477,208.2600,-1.5600
1783085537.412983,8508,9231,2430,2383,208.2600,-1.5600
1783085537.429017,8480,9296,2505,2458,208.2600,-1.5600
1783085537.445658,8471,9231,2505,2439,208.2600,-1.5600
1783085537.461593,8583,9268,2523,2383,202.8500,1.1900
1783085537.477535,8574,9231,2495,2448,202.8500,1.1900
1783085537.493796,8546,9259,2514,2392,202.8500,1.1900
1783085537.509326,8499,9259,2495,2392,208.2600,-1.8100
1783085537.525489,8499,9362,2448,2392,208.2600,-1.8100
1783085537.541882,8555,9287,2514,2383,208.2600,-1.8100
1783085537.556970,8527,9296,2552,2392,205.5600,-0.6300
1783085537.573059,8508,9334,2523,2355,205.5600,-0.6300
1783085537.588374,8471,9315,2552,2355,205.5600,-0.6300
1783085537.605003,8527,9296,2533,2364,205.5600,-1.0600
1783085537.620205,8499,9259,2552,2373,205.5600,-1.0600
1783085537.636498,8593,9287,2523,2477,205.5600,-1.0600
1783085537.654317,8508,9259,2523,2345,210.9700,0.6900
1783085537.668871,8574,9231,2542,2326,210.9700,0.6900
1783085537.685151,8527,9287,2523,2364,210.9700,0.6900
1783085537.700404,8499,9287,2542,2345,210.9700,0.6900
1783085537.716777,8499,9296,2542,2411,205.5600,-0.3100
1783085537.733134,8574,9296,2533,2355,205.5600,-0.3100
1783085537.748159,8565,9259,2533,2364,205.5600,-0.3100
1783085537.764500,8565,9259,2561,2345,205.5600,0.2500
1783085537.780453,8583,9259,2580,2326,205.5600,0.2500
1783085537.796137,8574,9306,2561,2392,205.5600,0.2500
1783085537.812218,8546,9296,2561,2308,206.8300,1.6300
1783085537.829268,8536,9287,2561,2420,206.8300,1.6300
1783085537.844731,8546,9202,2552,2373,206.8300,1.6300
1783085537.859712,8546,9231,2655,2280,209.7500,-0.3100
1783085537.875400,8527,9287,2617,2317,209.7500,-0.3100
1783085537.891569,8480,9324,2589,2317,209.7500,-0.3100
1783085537.907576,8555,9259,2561,2364,204.1800,-0.7500
1783085537.923366,8536,9306,2580,2289,204.1800,-0.7500
1783085537.939319,8527,9278,2598,2345,204.1800,-0.7500
1783085537.955674,8536,9240,2580,2345,212.5100,0.6900
1783085537.971160,8574,9306,2580,2326,212.5100,0.6900
1783085537.987178,8536,9306,2561,2355,212.5100,0.6900
1783085538.004896,8555,9268,2608,2298,205.5600,-0.1900
1783085538.019345,8527,9278,2608,2251,205.5600,-0.1900
1783085538.035153,8443,9306,2617,2326,205.5600,-0.1900
1783085538.052833,8443,9362,2580,2251,205.5600,1.7500
1783085538.067586,8565,9296,2636,2336,205.5600,1.7500
1783085538.083637,8518,9306,2580,2355,205.5600,1.7500
1783085538.100640,8518,9296,2617,2261,201.5300,-0.1900
1783085538.117544,8668,9296,2636,2373,201.5300,-0.1900
1783085538.132802,8555,9287,2608,2242,201.5300,-0.1900
1783085538.148505,8508,9249,2636,2280,201.5300,-0.1900
1783085538.164576,8480,9259,2617,2280,208.2600,-0.2500
1783085538.180330,8480,9249,2664,2280,208.2600,-0.2500
1783085538.196326,8593,9343,2617,2355,208.2600,-0.2500
1783085538.212584,8527,9324,2645,2317,205.5600,0.0000
1783085538.228344,8499,9296,2636,2345,205.5600,0.0000
1783085538.244438,8480,9306,2627,2326,205.5600,0.0000
1783085538.260955,8536,9315,2655,2280,206.9900,-0.5600
1783085538.277687,8536,9315,2617,2280,206.9900,-0.5600
1783085538.294650,8499,9287,2636,2280,206.9900,-0.5600
1783085538.310702,8499,9296,2683,2308,208.2600,2.0600
1783085538.326975,8527,9343,2636,2289,208.2600,2.0600
1783085538.341639,8499,9315,2627,2317,208.2600,2.0600
1783085538.357762,8518,9315,2617,2336,208.2600,0.3700
1783085538.373537,8546,9390,2645,2308,208.2600,0.3700
1783085538.389580,8574,9306,2664,2289,208.2600,0.3700
1783085538.406218,8518,9371,2617,2355,208.2600,-0.8100
1783085538.422122,8546,9371,2645,2270,208.2600,-0.8100
1783085538.437569,8546,9324,2645,2336,208.2600,-0.8100
1783085538.455256,8555,9315,2627,2317,208.2600,-0.5000
1783085538.469930,8546,9343,2645,2261,208.2600,-0.5000
1783085538.485928,8508,9353,2645,2308,208.2600,-0.5000
1783085538.504058,8490,9296,2674,2298,196.2200,0.0000
1783085538.518067,8518,9287,2636,2336,196.2200,0.0000
1783085538.533911,8518,9306,2636,2289,196.2200,0.0000
1783085538.549974,8527,9324,2702,2280,208.2600,0.9400
1783085538.565609,8508,9324,2720,2242,208.2600,0.9400
1783085538.581616,8518,9324,2692,2270,208.2600,0.9400
1783085538.598070,8583,9315,2674,2326,208.2600,0.9400
1783085538.612614,8471,9381,2702,2261,208.2600,1.0600
1783085538.628559,8518,9343,2674,2280,208.2600,1.0600
1783085538.644843,8536,9324,2674,2242,208.2600,1.0600
1783085538.661033,8499,9278,2711,2204,200.1500,0.7500
1783085538.676856,8555,9324,2683,2280,200.1500,0.7500
1783085538.693151,8518,9324,2655,2223,200.1500,0.7500
1783085538.708869,8546,9315,2730,2186,209.7500,-0.1200
1783085538.724860,8480,9371,2711,2186,209.7500,-0.1200
1783085538.741201,8518,9353,2702,2195,209.7500,-0.1200
1783085538.756983,8518,9353,2730,2242,204.1800,-1.0000
1783085538.773594,8508,9437,2720,2233,204.1800,-1.0000
1783085538.789320,8518,9381,2730,2233,204.1800,-1.0000
1783085538.804956,8546,9324,2739,2223,209.7500,2.3100
1783085538.820985,8536,9381,2749,2270,209.7500,2.3100
1783085538.837368,8527,9343,2739,2233,209.7500,2.3100
1783085538.854826,8508,9371,2720,2204,204.1800,1.1900
1783085538.869176,8508,9399,2758,2176,204.1800,1.1900
1783085538.884902,8527,9334,2749,2167,204.1800,1.1900
1783085538.900635,8527,9362,2739,2195,204.1800,1.1900
1783085538.916741,8452,9362,2758,2186,205.5600,-1.5600
1783085538.932402,8536,9399,2749,2176,205.5600,-1.5600
1783085538.948222,8471,9024,2739,2233,205.5600,-1.5600
1783085538.963831,8508,9381,2720,2176,205.5600,1.5000
1783085538.979695,8461,9418,2749,2233,205.5600,1.5000
1783085538.995677,8480,9005,2749,2223,205.5600,1.5000
1783085539.012132,8471,9371,2767,2242,210.9700,-2.4400
1783085539.027786,8527,9099,2758,2167,210.9700,-2.4400
1783085539.043982,8499,9418,2758,2214,210.9700,-2.4400
1783085539.060979,8499,9109,2824,2214,204.2300,1.4400
1783085539.076760,8499,9052,2795,2223,204.2300,1.4400
1783085539.092283,8490,9437,2814,2223,204.2300,1.4400
1783085539.108310,8508,9081,2767,2233,204.1800,-1.0000
1783085539.124744,8527,9371,2824,2242,204.1800,-1.0000
1783085539.140297,8490,9071,2852,2242,204.1800,-1.0000
1783085539.155950,8499,8987,2814,2204,200.1500,0.5600
1783085539.171078,8508,9005,2795,2167,200.1500,0.5600
1783085539.186947,8480,8799,2824,2186,200.1500,0.5600
1783085539.204303,8508,9081,2795,2158,205.5600,-0.1900
1783085539.218991,8499,9390,2786,2233,205.5600,-0.1900
1783085539.235002,8490,8780,2805,2204,205.5600,-0.1900
1783085539.251449,8490,9071,2805,2176,209.7500,-0.1200
1783085539.267260,8480,9409,2805,2195,209.7500,-0.1200
1783085539.283305,8452,9409,2842,2176,209.7500,-0.1200
1783085539.299527,8461,9052,2805,2158,204.1800,-1.3700
1783085539.315218,8471,9381,2842,2186,204.1800,-1.3700
1783085539.333226,8471,9381,2824,2139,204.1800,-1.3700
1783085539.349268,8490,9043,2842,2167,204.1800,-1.3700
1783085539.366688,8490,9015,2842,2129,200.1500,-0.1200
1783085539.382352,8499,9099,2842,2158,200.1500,-0.1200
1783085539.398041,8490,8715,2842,2176,200.1500,-0.1200
1783085539.414590,8555,9390,2899,2139,210.9700,-0.2500
1783085539.430783,8518,8771,2861,2148,210.9700,-0.2500
1783085539.446458,8490,8771,2880,2139,210.9700,-0.2500
1783085539.462775,8499,9062,2852,2120,205.5600,0.8800
1783085539.478872,8536,8743,2899,2158,205.5600,0.8800
1783085539.494390,8565,9071,2936,2195,205.5600,0.8800
1783085539.510152,8480,8827,2899,2120,205.5600,-0.6300
1783085539.526758,8480,8808,2880,2101,205.5600,-0.6300
1783085539.542132,8508,9456,2917,2129,205.5600,-0.6300
1783085539.558228,8471,8780,2889,2129,202.8500,-1.6300
1783085539.574388,8565,9174,2880,2129,202.8500,-1.6300
1783085539.590157,8499,9390,2936,2120,202.8500,-1.6300
1783085539.606248,8508,8762,2880,2111,210.9700,-0.8100
1783085539.621119,8518,9381,2889,2120,210.9700,-0.8100
1783085539.637172,8565,9174,2889,2120,210.9700,-0.8100
1783085539.655352,8508,9174,2861,2101,205.5600,1.6900
1783085539.669382,8518,9146,2880,2120,205.5600,1.6900
1783085539.685393,8518,9221,2936,2101,205.5600,1.6900
1783085539.701759,8565,9174,2927,2101,208.2600,0.1200
1783085539.717429,8499,9156,2955,2111,208.2600,0.1200
1783085539.733413,8518,9127,2899,2064,208.2600,0.1200
1783085539.750186,8499,8940,2927,2083,205.5600,-0.6300
1783085539.765568,8490,9118,2880,2073,205.5600,-0.6300
1783085539.781409,8518,8799,2955,2045,205.5600,-0.6300
1783085539.798245,8518,8987,2974,2045,205.5600,-0.6300
1783085539.813367,8536,9005,2899,2054,205.5600,0.1900
1783085539.829373,8565,9268,2889,2026,205.5600,0.1900
1783085539.845572,8508,9137,2917,2026,205.5600,0.1900
1783085539.861418,8518,9231,2974,2073,202.8500,1.0600
1783085539.877409,8536,9118,2927,2054,202.8500,1.0600
1783085539.893702,8518,9193,2917,2054,202.8500,1.0600
1783085539.908236,8518,9081,2955,2073,205.5600,0.5000
1783085539.924270,8518,9184,2955,2054,205.5600,0.5000
1783085539.940543,8499,9043,2955,2101,205.5600,0.5000
1783085539.956477,8499,9202,2974,2092,205.5600,-1.1900
1783085539.972582,8565,9034,2955,2064,205.5600,-1.1900
1783085539.988914,8508,9118,2946,2120,205.5600,-1.1900
1783085540.005147,8480,9090,2946,2073,202.8500,1.1200
1783085540.020662,8499,9071,2964,2064,202.8500,1.1200
1783085540.036829,8480,9343,2964,2120,202.8500,1.1200
1783085540.053687,8536,9240,2946,2054,202.8500,0.7500
1783085540.068405,8480,9249,2992,2026,202.8500,0.7500
1783085540.084592,8508,9212,2955,2045,202.8500,0.7500
1783085540.100384,8452,9221,2983,2036,202.8500,0.7500
1783085540.117395,8471,9174,2983,2036,197.4400,1.4400
1783085540.135412,8499,9268,2992,2036,197.4400,1.4400
1783085540.151704,8490,9296,2974,1979,205.5600,0.1200
1783085540.167673,8480,9240,2974,2017,205.5600,0.1200
1783085540.183638,8471,9287,2955,1989,205.5600,0.1200
1783085540.200324,8499,9193,3011,1989,202.8500,-0.7500
1783085540.216396,8518,9174,2983,1970,202.8500,-0.7500
1783085540.231719,8461,9371,3011,1989,202.8500,-0.7500
1783085540.248199,8490,9362,2992,2007,202.8500,-0.7500
1783085540.263867,8480,9249,3011,1979,202.8500,0.1200
1783085540.279833,8499,9324,3049,1951,202.8500,0.1200
1783085540.296539,8490,9315,3049,1979,202.8500,0.1200
1783085540.311775,8490,9371,3030,1989,205.5600,-0.5000
1783085540.327756,8471,9324,3021,2026,205.5600,-0.5000
1783085540.344164,8518,9343,3021,1998,205.5600,-0.5000
1783085540.359529,8490,9343,3021,2026,208.2600,1.2500
1783085540.375472,8480,9324,3067,1951,208.2600,1.2500
1783085540.390782,8490,9362,3049,1970,208.2600,1.2500
1783085540.406547,8490,9353,3049,2017,205.5600,1.3700
1783085540.422588,8443,9381,3049,1942,205.5600,1.3700
1783085540.438849,8471,9371,3011,1998,205.5600,1.3700
1783085540.455932,8461,9334,3049,1951,205.5600,-0.6300
1783085540.470902,8461,9334,3039,1951,205.5600,-0.6300
1783085540.487205,8433,9381,3030,1989,205.5600,-0.6300
1783085540.503987,8433,9353,3030,1951,205.5600,-0.6300
1783085540.518888,8443,9353,3067,1961,198.8700,-1.0600
1783085540.535285,8443,9371,3030,1961,198.8700,-1.0600
1783085540.551077,8405,9353,3096,1961,198.8700,-1.0600
1783085540.567623,8405,9399,3030,1961,206.9900,-2.2500
1783085540.584692,8452,9399,3002,1951,206.9900,-2.2500
1783085540.600965,8443,9399,3039,1951,202.8500,0.9400
1783085540.616610,8433,9371,3067,1961,202.8500,0.9400
1783085540.632629,8433,9390,3039,1942,202.8500,0.9400
1783085540.648943,8415,9353,3086,1961,202.8500,0.1900
1783085540.664948,8452,9343,3049,1970,202.8500,0.1900
1783085540.681226,8452,9343,3030,1886,202.8500,0.1900
1783085540.697504,8415,9353,3058,1942,202.8500,0.1900
1783085540.713109,8452,9390,3067,1942,205.5600,1.7500
1783085540.729115,8461,9381,3105,1961,205.5600,1.7500
1783085540.745414,8377,9343,3096,1942,205.5600,1.7500
1783085540.760776,8433,9390,3049,1895,200.1500,0.0000
1783085540.776754,8386,9381,3096,1914,200.1500,0.0000
1783085540.793065,8461,9418,3067,1895,200.1500,0.0000
1783085540.809025,8433,9437,3077,1895,202.8500,-1.0600
1783085540.824939,8433,9409,3077,1895,202.8500,-1.0600
1783085540.841374,8452,9390,3086,1914,202.8500,-1.0600
1783085540.856832,8424,9428,3096,1886,200.1500,-0.6900
1783085540.872895,8377,9475,3086,1904,200.1500,-0.6900
1783085540.888652,8452,9409,3077,1914,200.1500,-0.6900
1783085540.905454,8452,9446,3077,1876,202.8500,1.3700
1783085540.920145,8415,9399,3067,1951,202.8500,1.3700
1783085540.935875,8424,9399,3049,1914,202.8500,1.3700
1783085540.951892,8424,9428,3067,1914,196.2200,-1.0000
1783085540.968542,8377,9428,3058,1886,196.2200,-1.0000
1783085540.984379,8490,9399,3096,1942,196.2200,-1.0000
1783085541.000318,8471,9418,3030,1923,196.2200,-1.0000
1783085541.016553,8396,9446,3086,1914,198.7100,0.7500
1783085541.032448,8433,9446,3096,1932,198.7100,0.7500
1783085541.048196,8433,9437,3105,1914,198.7100,0.7500
1783085541.064021,8499,9465,3114,1932,200.1500,0.5600
1783085541.080207,8443,9409,3124,1942,200.1500,0.5600
1783085541.096051,8377,9465,3096,1932,200.1500,0.5600
1783085541.112352,8443,9437,3114,1886,190.9200,0.0000
1783085541.128230,8452,9418,3124,1914,190.9200,0.0000
1783085541.143991,8452,9418,3124,1923,190.9200,0.0000
1783085541.159450,8424,9418,3067,1961,194.7400,1.3100
1783085541.177504,8424,9418,3039,1961,194.7400,1.3100
1783085541.194536,8424,9437,3133,1923,194.7400,1.3100
1783085541.210237,8452,9418,3105,1886,195.9500,-0.6900
1783085541.226370,8471,9428,3049,1914,195.9500,-0.6900
1783085541.242459,8471,9409,3124,1904,195.9500,-0.6900
1783085541.259249,8443,9409,3096,1904,185.6200,-1.0600
1783085541.275480,8508,9334,3133,1886,185.6200,-1.0600
1783085541.291981,8443,9446,3124,1848,185.6200,-1.0600
1783085541.307216,8443,9390,3114,1886,183.9200,0.3700
1783085541.324238,8443,9446,3124,1848,183.9200,0.3700
1783085541.341163,8565,9503,3124,1876,183.9200,0.3700
1783085541.357170,8461,9428,3124,1820,181.2100,-0.8800
1783085541.372716,8471,9475,3189,1876,181.2100,-0.8800
1783085541.388599,8424,9446,3067,1932,181.2100,-0.8800
1783085541.406334,8424,9446,3133,1867,187.6700,1.2500
1783085541.422653,8480,9550,3171,1839,187.6700,1.2500
1783085541.438372,8527,9437,3086,1839,187.6700,1.2500
1783085541.455487,8443,9493,3161,1848,181.2100,-1.5600
1783085541.470280,8452,9503,3114,1829,181.2100,-1.5600
1783085541.486151,8499,9475,3133,1867,181.2100,-1.5600
1783085541.502229,8499,9437,3133,1904,182.9600,1.9400
1783085541.518637,8471,9503,3133,2007,182.9600,1.9400
1783085541.534039,8461,9484,3114,1904,182.9600,1.9400
1783085541.551323,8461,9493,3180,1848,182.1500,-2.8800
1783085541.567805,8471,9437,3152,1895,182.1500,-2.8800
1783085541.583342,8471,9465,3152,1876,182.1500,-2.8800
1783085541.599473,8490,9465,3199,1904,182.1500,-2.8800
1783085541.615611,8490,9493,3124,1904,175.0100,2.7500
1783085541.631434,8480,9540,3133,1886,175.0100,2.7500
1783085541.647377,8480,9456,3236,1895,175.0100,2.7500
1783085541.663671,8471,9484,3199,1857,173.1000,-2.0600
1783085541.679505,8471,9493,3124,1839,173.1000,-2.0600
1783085541.695428,8471,9475,3133,1867,173.1000,-2.0600
1783085541.711761,8471,9512,3180,1876,175.8000,1.1900
1783085541.727427,8471,9446,3199,1886,175.8000,1.1900
1783085541.743405,8480,9446,3189,1867,175.8000,1.1900
1783085541.759720,8471,9512,3152,1839,173.1000,-0.3700
1783085541.775437,8461,9484,3199,1820,173.1000,-0.3700
1783085541.791785,8471,9437,3199,1839,173.1000,-0.3700
1783085541.807753,8490,9475,3218,1829,170.4000,1.7500
1783085541.823479,8443,9503,3218,1839,170.4000,1.7500
1783085541.838498,8490,9550,3199,1839,170.4000,1.7500
1783085541.856397,8433,9521,3199,1848,167.6900,-0.3100
1783085541.870130,8405,9521,3161,1820,167.6900,-0.3100
1783085541.886115,8433,9550,3189,1904,167.6900,-0.3100
1783085541.902669,8433,9550,3208,1829,164.9900,0.5000
1783085541.918206,8424,9521,3180,1839,164.9900,0.5000
1783085541.934160,8461,9531,3246,1782,164.9900,0.5000
1783085541.950512,8461,9531,3189,1810,168.3500,-0.1200
1783085541.966510,8452,9521,3236,1857,168.3500,-0.1200
1783085541.982864,8405,9550,3218,1820,168.3500,-0.1200
1783085541.999075,8415,9540,3208,1801,164.4000,0.0600
1783085542.014524,8424,9550,3255,1801,164.4000,0.0600
1783085542.030508,8415,9531,3180,1792,164.4000,0.0600
1783085542.047097,8358,9587,3218,1810,164.4000,0.0600
1783085542.061762,8386,9587,3180,1904,162.2800,1.3700
1783085542.078607,8415,9550,3171,1782,162.2800,1.3700
1783085542.094894,8452,9559,3218,1801,162.2800,1.3700
1783085542.109705,8386,9540,3246,1810,162.2800,0.3100
1783085542.125947,8386,9568,3218,1810,162.2800,0.3100
1783085542.141653,8433,9568,3255,1754,162.2800,0.3100
1783085542.157669,8377,9568,3246,1820,156.8700,-0.3100
1783085542.173697,8424,9521,3246,1886,156.8700,-0.3100
1783085542.189324,8405,9521,3274,1801,156.8700,-0.3100
1783085542.205348,8452,9643,3264,1782,156.8700,0.5600
1783085542.221640,8358,9559,3283,1792,156.8700,0.5600
1783085542.237445,8396,9512,3274,1745,156.8700,0.5600
1783085542.254488,8330,9615,3246,1754,151.4600,-1.2500
1783085542.270080,8424,9550,3180,1792,151.4600,-1.2500
1783085542.285588,8377,9625,3264,1820,151.4600,-1.2500
1783085542.301708,8893,9568,3321,1810,151.4600,3.0000
1783085542.317944,8339,9550,3311,1754,151.4600,3.0000
1783085542.333638,8368,9643,3255,1801,151.4600,3.0000
1783085542.349813,8377,9606,3330,1782,151.4600,3.0000
1783085542.366660,8377,9606,3255,1810,148.7600,-1.9400
1783085542.382634,8405,9634,3264,1886,148.7600,-1.9400
1783085542.398408,8386,9662,3255,1867,148.7600,-1.9400
1783085542.414381,8311,9578,3246,1839,149.0300,1.1900
1783085542.430661,8368,9578,3227,1792,149.0300,1.1900
1783085542.446389,8358,9606,3264,1839,149.0300,1.1900
1783085542.462903,8368,9653,3321,1876,148.4900,-1.4400
1783085542.481008,8368,9634,3255,1773,148.4900,-1.4400
1783085542.497303,8358,9596,3302,1820,148.4900,-1.4400
1783085542.512756,8339,9662,3274,1876,146.0500,0.6900
1783085542.528669,8311,9540,3283,1792,146.0500,0.6900
1783085542.544422,8311,9625,3302,1829,146.0500,0.6900
1783085542.562554,8311,9653,3274,1829,146.0500,-1.1900
1783085542.577779,8339,9662,3340,1857,146.0500,-1.1900
1783085542.594043,8349,9587,3340,1801,146.0500,-1.1900
1783085542.609787,8349,9634,3321,1782,143.3500,1.7500
1783085542.626253,8358,9615,3293,1726,143.3500,1.7500
1783085542.642881,8358,9643,3340,1745,143.3500,1.7500
1783085542.658497,8358,9643,3349,1773,140.6400,-2.3800
1783085542.673869,8368,9587,3321,1848,140.6400,-2.3800
1783085542.690187,8368,9615,3330,1745,140.6400,-2.3800
1783085542.705723,8386,9606,3311,1782,140.6400,1.4400
1783085542.722096,8368,9672,3349,1745,140.6400,1.4400
1783085542.737450,8368,9681,3330,1829,140.6400,1.4400
1783085542.756257,8368,9643,3349,1754,140.6400,-1.3100
1783085542.769599,8377,9718,3340,1726,140.6400,-1.3100
1783085542.786610,8377,9662,3340,1782,140.6400,-1.3100
1783085542.805016,8424,9700,3340,1773,140.6400,2.5600
1783085542.819850,8368,9681,3396,1707,140.6400,2.5600
1783085542.836251,8386,9681,3386,1782,140.6400,2.5600
1783085542.851531,8443,9672,3358,1773,137.9400,-1.2500
1783085542.867019,8396,9690,3358,1792,137.9400,-1.2500
1783085542.881950,8377,9700,3377,1745,137.9400,-1.2500
1783085542.897907,8386,9709,3349,1726,137.9400,-1.2500
1783085542.913856,8405,9690,3330,1707,135.2300,-0.8800
1783085542.929826,8405,9672,3396,1745,135.2300,-0.8800
1783085542.945915,8368,9662,3358,1754,135.2300,-0.8800
1783085542.961856,8358,9700,3424,1745,135.2300,-0.8800
1783085542.977873,8424,9793,3452,1754,135.2300,-0.8800
1783085542.994059,8386,9709,3386,1810,135.2300,-0.8800
1783085543.009966,8443,9718,3396,1810,129.8300,-0.3700
1783085543.026924,8443,9709,3368,1782,129.8300,-0.3700
1783085543.044872,8443,9793,3396,1782,129.8300,-0.3700
1783085543.063007,8443,9718,3405,1745,129.8300,-0.2500
1783085543.079959,8443,9718,3415,1782,129.8300,-0.2500
1783085543.096113,8452,9784,3443,1801,129.8300,-0.2500
1783085543.113232,8452,9784,3396,1773,129.8300,-0.5600
1783085543.128051,8452,9784,3349,1773,129.8300,-0.5600
1783085543.144381,8424,9718,3443,1764,129.8300,-0.5600
1783085543.161102,8424,9718,3443,1773,129.8300,0.7500
1783085543.177038,8433,9390,3433,1745,129.8300,0.7500
1783085543.193374,8424,9747,3471,1717,129.8300,0.7500
1783085543.208998,8443,9409,3480,1745,121.9800,-1.0000
1783085543.224981,8471,9484,3443,1735,121.9800,-1.0000
1783085543.241214,8471,9775,3508,1689,121.9800,-1.0000
1783085543.256039,8452,9437,3461,1754,129.7100,2.0000
1783085543.272009,8443,9521,3518,1745,129.7100,2.0000
1783085543.288163,8415,9437,3537,1679,129.7100,2.0000
1783085543.306062,8415,9803,3490,1707,121.7100,-0.8100
1783085543.324294,8415,9822,3452,1754,121.7100,-0.8100
1783085543.340064,8443,9493,3527,1707,121.7100,-0.8100
1783085543.355987,8443,9887,3537,1782,121.9800,1.3100
1783085543.372422,8443,9531,3602,1735,121.9800,1.3100
1783085543.388243,8443,9503,3480,1717,121.9800,1.3100
1783085543.404355,8443,9765,3705,1782,124.1900,-0.6300
1783085543.420351,8471,9793,3480,1726,124.1900,-0.6300
1783085543.436207,8433,9503,3640,1745,124.1900,-0.6300
1783085543.452141,8424,9887,3668,1754,119.0100,-1.3700
1783085543.467708,8443,9606,3537,1707,119.0100,-1.3700
1783085543.483121,8443,9202,3565,1764,119.0100,-1.3700
1783085543.499705,8443,9212,3537,1782,116.6700,0.7500
1783085543.515500,8433,9193,3518,1717,116.6700,0.7500
1783085543.531664,8396,9231,3461,1670,116.6700,0.7500
1783085543.547318,8405,9221,3508,1745,116.6700,0.7500
1783085543.563480,8452,9193,3555,1801,118.6800,-0.5000
1783085543.579441,8461,9174,3687,1735,118.6800,-0.5000
1783085543.595446,8480,9156,3649,1717,118.6800,-0.5000
1783085543.611251,8461,9174,3583,1754,116.3000,2.3800
1783085543.627275,8490,9193,3593,1745,116.3000,2.3800
1783085543.643385,8433,9287,3602,1782,116.3000,2.3800
1783085543.659217,8471,9174,3565,1876,111.3700,-1.3100
1783085543.675189,8443,9240,3518,1764,111.3700,-1.3100
1783085543.691332,8461,9202,3705,1792,111.3700,-1.3100
1783085543.707179,8471,9231,3640,1839,113.6000,2.3100
1783085543.723237,8471,9240,3687,1698,113.6000,2.3100
1783085543.739541,8424,9202,3602,1717,113.6000,2.3100
1783085543.754915,8377,9184,3640,1904,110.8900,-2.0000
1783085543.770246,8433,9174,3602,1792,110.8900,-2.0000
1783085543.786328,8424,9212,3621,1689,110.8900,-2.0000
1783085543.802597,8415,9137,3668,1745,110.8900,-2.0000
1783085543.818269,8415,9231,3687,1726,110.8900,-2.0000
1783085543.834613,8415,9184,3630,1773,110.8900,-2.0000
1783085543.850334,8452,9212,3593,1745,110.8900,-2.0000
1783085543.866264,8443,9165,3612,1726,110.8900,-2.0000
1783085543.882471,8452,9202,3602,1698,110.8900,-2.0000
1783085543.898557,8396,9156,3649,1745,110.8900,-2.0000
1783085543.914437,8386,9165,3715,1670,110.8900,-2.0000
1783085543.930624,8433,9174,3602,1801,110.8900,-2.0000
1783085543.946340,8443,9137,3546,1717,110.8900,-2.0000
1783085543.962417,8452,9212,3658,1754,110.8900,-2.0000
1783085543.978595,8471,9184,3724,1670,110.8900,-2.0000
1783085543.994390,8405,9146,3649,1801,110.8900,-2.0000
1783085544.009724,8396,9184,3640,1698,110.8900,-2.0000
1783085544.025414,8415,9174,3555,1745,110.8900,-2.0000
1783085544.041404,8461,9127,3724,1726,110.8900,-2.0000
1783085544.057393,8368,9165,3593,1773,110.8900,-2.0000
1783085544.073448,8405,9193,3696,1782,110.8900,-2.0000
1783085544.089377,8433,9165,3752,1801,110.8900,-2.0000
1783085544.105348,8461,9174,3640,1679,110.8900,-2.0000
1783085544.121498,8424,9137,3612,1857,110.8900,-2.0000
1783085544.137574,8424,9165,3593,1801,13.9200,1.3700
1783085544.153447,8424,9212,3490,1735,13.9200,1.3700
1783085544.169460,8415,9287,3555,1801,13.9200,1.3700
1783085544.185336,8443,9475,3490,1642,0.0000,5.5600
1783085544.200875,8443,9531,3490,1782,0.0000,5.5600
1783085544.217500,8433,9568,3499,1773,0.0000,5.5600
1783085544.234055,8396,9118,3593,1735,2.7000,9.9400
1783085544.249578,8424,9043,3433,1801,2.7000,9.9400
1783085544.265484,8377,9353,3480,1745,2.7000,9.9400
1783085544.280405,8358,9353,3518,1689,5.4100,9.3100
1783085544.297440,8358,9343,3471,1764,5.4100,9.3100
1783085544.312563,8283,9324,3537,1717,5.4100,9.3100
1783085544.328476,8274,9324,3490,1773,5.4100,9.3100
1783085544.346559,8274,9775,3555,1764,5.4100,13.6300
1783085544.362706,8283,9306,3527,1698,5.4100,13.6300
1783085544.378520,8255,9756,3546,1679,5.4100,13.6300
1783085544.394467,8246,9756,3546,1670,8.1100,11.5600
1783085544.410828,8264,9784,3527,1670,8.1100,11.5600
1783085544.426551,8321,9812,3480,1707,8.1100,11.5600
1783085544.444657,8321,9765,3480,1660,2.7000,15.2500
1783085544.460500,8386,9812,3518,1679,2.7000,15.2500
1783085544.476662,8405,9596,3480,1679,2.7000,15.2500
1783085544.492669,8396,9287,3461,1698,2.7000,10.9400
1783085544.508627,8386,9184,3499,1754,2.7000,10.9400
1783085544.523666,8405,9193,3461,1670,2.7000,10.9400
1783085544.539600,8415,9174,3480,1670,5.4100,12.8100
1783085544.555613,8433,9156,3461,1604,5.4100,12.8100
1783085544.571627,8396,9118,3452,1679,5.4100,12.8100
1783085544.587565,8396,9118,3452,1698,5.4100,8.5000
1783085544.603671,8461,8959,3471,1726,5.4100,8.5000
1783085544.619778,8424,8921,3461,1689,5.4100,8.5000
1783085544.635525,8396,8865,3471,1679,5.4100,11.1300
1783085544.651644,8386,9174,3443,1689,5.4100,11.1300
1783085544.667662,8386,9231,3518,1632,5.4100,11.1300
1783085544.683887,8368,9287,3480,1726,5.4100,8.0000
1783085544.699628,8358,9240,3452,1670,5.4100,8.0000
1783085544.715658,8349,9606,3461,1670,5.4100,8.0000
1783085544.731695,8330,9212,3415,1670,2.7000,8.9400
1783085544.747678,8339,9643,3490,1707,2.7000,8.9400
1783085544.763696,8330,9559,3461,1698,2.7000,8.9400
1783085544.779687,8377,9625,3443,1698,2.7000,8.9400
1783085544.794961,8358,9587,3433,1604,2.7000,8.1900
1783085544.810720,8330,9615,3471,1642,2.7000,8.1900
1783085544.826684,8349,9606,3461,1660,2.7000,8.1900
1783085544.842931,8283,9653,3443,1679,2.7000,9.8100
1783085544.858715,8368,9634,3443,1632,2.7000,9.8100
1783085544.874670,8349,9681,3461,1679,2.7000,9.8100
1783085544.891050,8358,9606,3471,1689,2.7000,5.1900
1783085544.907078,8377,9625,3452,1717,2.7000,5.1900
1783085544.922734,8386,9672,3443,1632,2.7000,5.1900
1783085544.939243,8396,9690,3443,1679,0.0000,10.1900
1783085544.955014,8452,9718,3471,1623,0.0000,10.1900
1783085544.970939,8396,9690,3461,1679,0.0000,10.1900
1783085544.986932,8386,9775,3433,1689,2.7000,6.8800
1783085545.002753,8396,9728,3452,1670,2.7000,6.8800
1783085545.018771,8349,9756,3433,1632,2.7000,6.8800
1783085545.034980,8358,9756,3443,1604,2.7000,9.2500
1783085545.050940,8386,9737,3471,1604,2.7000,9.2500
1783085545.066870,8368,9747,3443,1632,2.7000,9.2500
1783085545.084241,8368,9812,3490,1707,0.0000,5.8800
1783085545.099819,8377,9784,3452,1660,0.0000,5.8800
1783085545.115769,8358,9728,3471,1576,0.0000,5.8800
1783085545.132448,8405,9456,3490,1642,-2.7000,7.3100
1783085545.148291,8396,9409,3499,1595,-2.7000,7.3100
1783085545.163865,8443,9784,3452,1585,-2.7000,7.3100
1783085545.179807,8358,9428,3471,1642,0.0000,5.3100
1783085545.195842,8396,9437,3471,1660,0.0000,5.3100
1783085545.211893,8415,9109,3433,1670,0.0000,5.3100
1783085545.227920,8386,9737,3443,1623,0.0000,5.3100
1783085545.243890,8452,9409,3471,1595,-2.7000,2.5600
1783085545.259882,8461,9390,3508,1670,-2.7000,2.5600
1783085545.275926,8480,9399,3499,1698,-2.7000,2.5600
1783085545.292160,8424,9737,3518,1660,0.0000,5.4400
1783085545.307902,8433,9390,3480,1660,0.0000,5.4400
1783085545.323145,8461,9334,3480,1642,0.0000,5.4400
1783085545.338983,8424,9362,3490,1651,0.0000,4.4400
1783085545.354955,8415,9737,3499,1651,0.0000,4.4400
1783085545.371557,8424,9381,3508,1660,0.0000,4.4400
1783085545.386965,8424,9700,3471,1660,0.0000,3.4400
1783085545.403122,8405,9399,3490,1632,0.0000,3.4400
1783085545.419162,8433,9428,3499,1632,0.0000,3.4400
1783085545.434873,8480,9653,3537,1632,-2.7000,4.5600
1783085545.450977,8480,9718,3499,1651,-2.7000,4.5600
1783085545.467297,8424,9381,3490,1660,-2.7000,4.5600
1783085545.483914,8452,9681,3499,1679,0.0000,3.7500
1783085545.498967,8415,9672,3527,1632,0.0000,3.7500
1783085545.515283,8433,9643,3527,1642,0.0000,3.7500
1783085545.531051,8405,9643,3490,1642,0.0000,3.7500
1783085545.547015,8443,9700,3518,1679,0.0000,3.2500
1783085545.563271,8480,9672,3480,1707,0.0000,3.2500
1783085545.579119,8461,9681,3499,1670,0.0000,3.2500
1783085545.594210,8452,9690,3518,1651,0.0000,3.1300
1783085545.610242,8433,9690,3499,1651,0.0000,3.1300
1783085545.626029,8415,9428,3471,1717,0.0000,3.1300
1783085545.644185,8415,9625,3490,1698,0.0000,3.0000
1783085545.660028,8452,9662,3555,1679,0.0000,3.0000
1783085545.676254,8424,9662,3471,1689,0.0000,3.0000
1783085545.692192,8490,9690,3527,1717,0.0000,2.5000
1783085545.708121,8452,9606,3499,1632,0.0000,2.5000
1783085545.723191,8452,9653,3527,1660,0.0000,2.5000
1783085545.740124,8518,9625,3518,1698,2.7000,2.9400
1783085545.756145,8518,9634,3490,1651,2.7000,2.9400
1783085545.772383,8555,9662,3518,1707,2.7000,2.9400
1783085545.788266,8508,9428,3508,1660,2.7000,2.8100
1783085545.804187,8490,9634,3499,1670,2.7000,2.8100
1783085545.820397,8433,9371,3527,1698,2.7000,2.8100
1783085545.836105,8480,9381,3527,1679,0.0000,3.1900
1783085545.851338,8461,9615,3508,1689,0.0000,3.1900
1783085545.867368,8471,9662,3527,1670,0.0000,3.1900
1783085545.883331,8518,9634,3527,1679,2.7000,3.2500
1783085545.899241,8499,9634,3518,1670,2.7000,3.2500
1783085545.915213,8443,9531,3518,1689,2.7000,3.2500
1783085545.931182,8499,9493,3527,1670,2.7000,1.7500
1783085545.947455,8480,9596,3518,1689,2.7000,1.7500
1783085545.963253,8480,9606,3490,1689,2.7000,1.7500
1783085545.979173,8461,9428,3508,1660,2.7000,1.7500
1783085545.995173,8471,9578,3490,1698,2.7000,3.5600
1783085546.011242,8480,9484,3499,1679,2.7000,3.5600
1783085546.027205,8508,9596,3499,1717,2.7000,3.5600
1783085546.043386,8480,9484,3527,1679,0.0000,2.8100
1783085546.059332,8471,9371,3508,1689,0.0000,2.8100
1783085546.075271,8499,9465,3499,1707,0.0000,2.8100
1783085546.091285,8461,9268,3490,1707,2.7000,4.3100
1783085546.107304,8452,9465,3490,1717,2.7000,4.3100
1783085546.122322,8508,9521,3527,1735,2.7000,4.3100
1783085546.138506,8461,9428,3490,1689,-2.7000,-0.5600
1783085546.154375,8499,9615,3555,1698,-2.7000,-0.5600
1783085546.170335,8471,9568,3508,1717,-2.7000,-0.5600
1783085546.186681,8499,9568,3508,1735,2.7000,3.8100
1783085546.202389,8518,9493,3499,1689,2.7000,3.8100
1783085546.218373,8490,9437,3499,1707,2.7000,3.8100
1783085546.234619,8527,9268,3490,1726,2.7000,3.8100
1783085546.250362,8490,9287,3518,1707,2.7000,3.8100
1783085546.266306,8518,9212,3518,1698,2.7000,3.8100
1783085546.284338,8518,9324,3518,1707,2.7000,3.8100
1783085546.300599,8461,9249,3518,1698,2.7000,3.8100
1783085546.316301,8471,9212,3499,1689,2.7000,3.8100
1783085546.332390,8443,9409,3537,1698,2.7000,3.8100
1783085546.348601,8490,9296,3490,1679,2.7000,3.8100
1783085546.364423,8508,9625,3537,1689,2.7000,3.8100
1783085546.379401,8461,9634,3499,1679,2.7000,3.8100
1783085546.395438,8499,9287,3537,1707,2.7000,3.8100
1783085546.411356,8480,9334,3490,1689,2.7000,3.8100
1783085546.427398,8471,9231,3527,1689,2.7000,3.8100
1783085546.443423,8490,9568,3480,1735,2.7000,3.8100
1783085546.459398,8499,9259,3499,1698,2.7000,3.8100
1783085546.475693,8508,9437,3499,1698,2.7000,3.8100
1783085546.491732,8499,9381,3471,1717,2.7000,3.8100
1783085546.507549,8508,9371,3518,1717,2.7000,3.8100
1783085546.523454,8480,9184,3518,1707,2.7000,3.8100
1783085546.539455,8461,9278,3518,1689,2.7000,3.8100
1783085546.555419,8480,9550,3508,1689,2.7000,3.8100
1783085546.571491,8443,9381,3518,1707,3.1900,-0.2500
1783085546.587470,8424,9202,3471,1707,3.1900,-0.2500
1783085546.603511,8405,9221,3527,1689,3.1900,-0.2500
1783085546.619449,8471,9127,3499,1698,56.8000,-0.5600
1783085546.634559,8490,9437,3480,1745,56.8000,-0.5600
1783085546.650513,8490,9390,3490,1717,56.8000,-0.5600
1783085546.666580,8452,9334,3499,1707,75.7300,-2.2500
1783085546.682639,8452,9249,3499,1717,75.7300,-2.2500
1783085546.698686,8471,9268,3518,1642,75.7300,-2.2500
1783085546.715400,8490,9174,3452,1707,102.7800,0.6300
1783085546.730549,8424,9296,3499,1717,102.7800,0.6300
1783085546.746554,8518,9418,3461,1792,102.7800,0.6300
1783085546.762872,8480,9484,3490,1745,108.1900,-0.5000
1783085546.778577,8471,9399,3490,1707,108.1900,-0.5000
1783085546.794594,8490,9512,3480,1707,108.1900,-0.5000
1783085546.810908,8490,9259,3508,1689,114.0200,1.8100
1783085546.826582,8499,9409,3461,1773,114.0200,1.8100
1783085546.843586,8499,9390,3499,1689,114.0200,1.8100
1783085546.860646,8443,9287,3537,1745,114.0200,1.8100
1783085546.876838,8433,9475,3490,1689,115.9200,1.1900
1783085546.891644,8433,9306,3527,1735,115.9200,1.1900
1783085546.907587,8471,9212,3499,1735,115.9200,1.1900
1783085546.923561,8433,9268,3546,1745,116.6700,0.5000
1783085546.939913,8490,9193,3527,1651,116.6700,0.5000
1783085546.955693,8452,9231,3518,1726,116.6700,0.5000
1783085546.971655,8452,9231,3527,1745,121.4400,0.8800
1783085546.987571,8490,9343,3508,1726,121.4400,0.8800
1783085547.003651,8499,9324,3546,1707,121.4400,0.8800
1783085547.019551,8443,9399,3518,1726,119.3200,1.8800
1783085547.035578,8471,9306,3518,1726,119.3200,1.8800
1783085547.051617,8386,9343,3537,1754,119.3200,1.8800
1783085547.067614,8396,9362,3508,1689,119.0100,0.2500
1783085547.083660,8433,9221,3508,1726,119.0100,0.2500
1783085547.099857,8396,9174,3527,1726,119.0100,0.2500
1783085547.116663,8386,9306,3527,1707,119.0100,0.2500
1783085547.131636,8396,9193,3499,1754,119.0100,-1.3700
1783085547.147683,8358,9249,3527,1726,119.0100,-1.3700
1783085547.163212,8415,9390,3499,1698,119.0100,-1.3700
1783085547.179109,8405,9381,3537,1698,121.7100,1.8100
1783085547.195318,8358,9334,3518,1707,121.7100,1.8100
1783085547.210761,8443,9503,3508,1764,121.7100,1.8100
1783085547.226782,8424,9127,3508,1735,121.4400,-1.9400
1783085547.242976,8368,9296,3499,1707,121.4400,-1.9400
1783085547.258798,8396,9371,3518,1707,121.4400,-1.9400
1783085547.275096,8443,9268,3471,1707,119.3200,1.0600
1783085547.291315,8339,9137,3480,1810,119.3200,1.0600
1783085547.307051,8368,9212,3471,1698,119.3200,1.0600
1783085547.322934,8386,9156,3471,1679,119.0100,-2.6300
1783085547.339187,8386,9212,3480,1745,119.0100,-2.6300
1783085547.354872,8415,9174,3480,1707,119.0100,-2.6300
1783085547.370881,8368,9287,3499,1726,124.4200,1.8100
1783085547.387175,8368,9306,3490,1764,124.4200,1.8100
1783085547.402962,8377,9099,3480,1745,124.4200,1.8100
1783085547.418912,8377,9418,3518,1745,124.4200,-1.6900
1783085547.435202,8377,9268,3461,1707,124.4200,-1.6900
1783085547.449970,8396,9249,3480,1745,124.4200,-1.6900
1783085547.466429,8386,9202,3508,1745,127.1200,1.0600
1783085547.483985,8386,9324,3480,1735,127.1200,1.0600
1783085547.500332,8321,9137,3471,1754,127.1200,1.0600
1783085547.516600,8321,9437,3471,1745,124.4200,0.4400
1783085547.531877,8368,9231,3480,1707,124.4200,0.4400
1783085547.548089,8339,9146,3508,1679,124.4200,0.4400
1783085547.563059,8339,9118,3508,1782,129.8300,-0.2500
1783085547.579918,8349,9062,3490,1689,129.8300,-0.2500
1783085547.596221,8377,9137,3527,1735,129.8300,-0.2500
1783085547.611916,8339,9109,3518,1745,129.8300,-0.2500
1783085547.627960,8377,9184,3518,1670,127.1200,0.5000
1783085547.644170,8396,9315,3546,1745,127.1200,0.5000
1783085547.661037,8396,9296,3518,1745,127.1200,0.5000
1783085547.676974,8368,9399,3527,1726,129.8300,-1.0600
1783085547.693319,8358,9127,3527,1764,129.8300,-1.0600
1783085547.709062,8386,9306,3546,1829,129.8300,-1.0600
1783085547.725051,8321,9156,3537,1735,129.8300,0.1900
1783085547.741364,8349,9268,3546,1726,129.8300,0.1900
1783085547.757091,8349,9184,3546,1773,129.8300,0.1900
1783085547.773040,8330,9146,3527,1717,129.8300,-0.3100
1783085547.789154,8330,9221,3508,1735,129.8300,-0.3100
1783085547.805109,8377,9137,3527,1726,129.8300,-0.3100
1783085547.821255,8293,9156,3574,1782,129.8300,1.0600
1783085547.837300,8330,9156,3480,1717,129.8300,1.0600
1783085547.853162,8349,9174,3565,1726,129.8300,1.0600
1783085547.870306,8255,9371,3508,1782,129.8300,0.7500
1783085547.886549,8255,9240,3508,1829,129.8300,0.7500
1783085547.902366,8264,9137,3565,1764,129.8300,0.7500
1783085547.918513,8264,9221,3527,1773,132.5300,-1.0600
1783085547.933472,8274,9324,3555,1764,132.5300,-1.0600
1783085547.949047,8283,9231,3565,1717,132.5300,-1.0600
1783085547.965469,8302,9315,3480,1801,129.8300,-0.1900
1783085547.983669,8274,9184,3499,1735,129.8300,-0.1900
1783085547.997361,8283,9221,3537,1810,129.8300,-0.1900
1783085548.013020,8255,9184,3565,1792,137.9400,-1.8800
1783085548.029617,8302,9071,3518,1745,137.9400,-1.8800
1783085548.045238,8255,9249,3565,1801,137.9400,-1.8800
1783085548.061375,8255,9240,3537,1792,137.9400,-1.8800
1783085548.077598,8227,9231,3527,1735,132.5300,-0.3700
1783085548.093179,8246,9118,3555,1801,132.5300,-0.3700
1783085548.109140,8227,9231,3527,1754,132.5300,-0.3700
1783085548.125450,8246,9315,3508,1782,140.6400,-0.8100
1783085548.141122,8189,9409,3555,1848,140.6400,-0.8100
1783085548.157130,8208,8959,3546,1782,140.6400,-0.8100
1783085548.173262,8227,9146,3537,1773,129.8300,-0.3100
1783085548.188990,8227,9062,3565,1773,129.8300,-0.3100
1783085548.204541,8246,9137,3546,1839,129.8300,-0.3100
1783085548.221048,8255,9259,3537,1810,137.9400,-0.3100
1783085548.235981,8236,9240,3565,1801,137.9400,-0.3100
1783085548.252285,8218,9268,3546,1820,137.9400,-0.3100
1783085548.268276,8218,9146,3574,1801,137.9400,0.5600
1783085548.284049,8236,9118,3565,1867,137.9400,0.5600
1783085548.300163,8227,9062,3565,1801,137.9400,0.5600
1783085548.317930,8236,9296,3555,1848,146.0500,0.1200
1783085548.332057,8236,9043,3555,1820,146.0500,0.1200
1783085548.348104,8246,9090,3537,1876,146.0500,0.1200
1783085548.364420,8208,9193,3537,1829,140.6400,0.8800
1783085548.380224,8218,9118,3565,1829,140.6400,0.8800
1783085548.396490,8227,9099,3537,1839,140.6400,0.8800
1783085548.412624,8208,9184,3537,1810,146.0500,-0.7500
1783085548.428126,8218,9081,3565,1867,146.0500,-0.7500
1783085548.444206,8171,9202,3546,1895,146.0500,-0.7500
1783085548.460663,8189,9118,3546,1848,146.0500,0.1200
1783085548.475605,8236,9202,3555,1904,146.0500,0.1200
1783085548.491786,8142,9127,3537,1801,146.0500,0.1200
1783085548.507373,8208,9193,3527,1867,146.0500,0.1200
1783085548.523375,8199,9409,3583,1876,148.7600,0.0000
1783085548.539856,8189,9306,3555,1782,148.7600,0.0000
1783085548.555458,8199,9362,3537,1857,148.7600,0.0000
1783085548.571384,8161,9193,3537,1848,146.0500,1.5600
1783085548.587461,8161,9146,3518,1857,146.0500,1.5600
1783085548.603217,8199,9249,3527,1820,146.0500,1.5600
1783085548.619165,8180,9184,3555,1839,151.4600,0.0600
1783085548.635543,8199,9202,3527,1848,151.4600,0.0600
1783085548.650190,8199,9184,3537,1923,151.4600,0.0600
1783085548.668710,8199,9212,3546,1904,145.8400,0.5000
1783085548.684418,8199,9381,3527,1886,145.8400,0.5000
1783085548.701786,8161,9165,3546,1820,145.8400,0.5000
1783085548.718155,8189,9343,3555,1848,157.3100,-2.5600
1783085548.732279,8171,9202,3546,1857,157.3100,-2.5600
1783085548.750341,8171,9212,3546,1886,157.3100,-2.5600
1783085548.767495,8105,9240,3527,1876,148.4900,1.6300
1783085548.782309,8124,9015,3537,1923,148.4900,1.6300
1783085548.798217,8189,8996,3583,1857,148.4900,1.6300
1783085548.814610,8171,9081,3555,1867,154.5500,-0.4400
1783085548.830356,8142,8996,3555,1848,154.5500,-0.4400
1783085548.847352,8152,9099,3574,1932,154.5500,-0.4400
1783085548.862749,8189,8977,3565,1867,154.1700,-2.1900
1783085548.879456,8152,9146,3537,1867,154.1700,-2.1900
1783085548.896374,8105,9193,3537,1895,154.1700,-2.1900
1783085548.913211,8105,9156,3555,1886,154.1700,1.5000
1783085548.931332,8152,9249,3537,1886,154.1700,1.5000
1783085548.949300,8152,9034,3612,1848,154.1700,1.5000
1783085548.966467,8142,9062,3565,1867,159.5800,-1.4400
1783085548.981429,8152,9099,3508,1886,159.5800,-1.4400
1783085548.997462,8124,9202,3537,1914,159.5800,-1.4400
1783085549.013562,8152,9156,3527,1848,156.8700,1.5000
1783085549.029377,8142,9165,3527,1886,156.8700,1.5000
1783085549.045272,8142,9231,3527,1895,156.8700,1.5000
1783085549.061859,8124,9212,3555,1876,154.1700,-1.0000
1783085549.079384,8124,9259,3546,1876,154.1700,-1.0000
1783085549.094926,8171,9221,3537,1895,154.1700,-1.0000
1783085549.110845,8114,9240,3583,1867,154.1700,-1.0000
1783085549.126687,8133,9071,3508,1904,159.1000,1.0600
1783085549.142390,8114,9137,3537,1904,159.1000,1.0600
1783085549.158368,8086,9137,3621,1914,159.1000,1.0600
1783085549.174725,8086,9081,3527,1904,162.8300,-0.8800
1783085549.190464,8077,9127,3546,1932,162.8300,-0.8800
1783085549.206449,8114,9015,3537,1942,162.8300,-0.8800
1783085549.223068,8180,9156,3537,1876,159.1000,-0.1200
1783085549.238765,8077,9165,3527,1895,159.1000,-0.1200
1783085549.255878,8077,9071,3527,1895,159.1000,-0.1200
1783085549.271713,8077,9146,3518,1904,159.5800,-0.3100
1783085549.287305,8049,9165,3527,1970,159.5800,-0.3100
1783085549.303267,8077,9005,3518,1932,159.5800,-0.3100
1783085549.319636,8058,9099,3508,1914,165.5900,1.5000
1783085549.334809,8049,9137,3546,1951,165.5900,1.5000
1783085549.350870,8039,9202,3499,1951,165.5900,1.5000
1783085549.368302,8067,9024,3499,1951,159.1000,0.5600
1783085549.382837,8049,9193,3527,1970,159.1000,0.5600
1783085549.398721,8039,9231,3602,1932,159.1000,0.5600
1783085549.415068,8086,9127,3527,1961,168.3500,0.3700
1783085549.431235,8096,9165,3546,1942,168.3500,0.3700
1783085549.447244,8086,9118,3527,1951,168.3500,0.3700
1783085549.463368,8077,9127,3508,2007,167.6900,-1.1900
1783085549.478927,8077,9127,3508,1970,167.6900,-1.1900
1783085549.495117,8030,9118,3555,2007,167.6900,-1.1900
1783085549.511263,8067,9127,3518,1989,167.6900,-1.1900
1783085549.526873,8030,9099,3574,2017,167.6900,0.6300
1783085549.542834,8058,9156,3537,2007,167.6900,0.6300
1783085549.559174,8096,9043,3630,1989,167.6900,0.6300
1783085549.574879,8030,9090,3546,1989,164.4000,-2.6900
1783085549.590610,8067,9118,3583,1961,164.4000,-2.6900
1783085549.607075,7945,9118,3518,2017,164.4000,-2.6900
1783085549.621573,8030,9090,3546,1970,176.6300,2.1300
1783085549.637913,8058,9043,3555,1970,176.6300,2.1300
1783085549.653620,7945,9005,3518,1951,176.6300,2.1300
1783085549.669515,8021,9052,3583,2007,172.3600,-1.0600
1783085549.686328,8002,9071,3574,2017,172.3600,-1.0600
1783085549.701965,8021,9062,3518,2036,172.3600,-1.0600
1783085549.718817,8011,9062,3574,2007,175.8000,1.2500
1783085549.734234,8039,9052,3574,2036,175.8000,1.2500
1783085549.750345,8021,9118,3537,2045,175.8000,1.2500
1783085549.767421,8002,9062,3583,2007,181.2100,-0.5000
1783085549.782054,8049,9062,3555,2064,181.2100,-0.5000
1783085549.797732,8058,9156,3565,2111,181.2100,-0.5000
1783085549.813664,8049,9146,3537,2007,181.2100,-0.5000
1783085549.830099,8077,9156,3565,2064,178.5100,1.6300
1783085549.845726,8058,8996,3612,2045,178.5100,1.6300
1783085549.861690,8021,9099,3546,2092,178.5100,1.6300
1783085549.877925,8021,9174,3602,2083,178.5100,0.6900
1783085549.892960,7964,9146,3574,2045,178.5100,0.6900
1783085549.908940,8002,9099,3583,2120,178.5100,0.6900
1783085549.925285,8002,9071,3612,2073,184.9100,0.2500
1783085549.941028,7992,9034,3602,2111,184.9100,0.2500
1783085549.956987,7908,8959,3565,2073,184.9100,0.2500
1783085549.973678,7983,8949,3593,2007,182.9600,-0.1900
1783085549.989151,7992,8959,3612,2017,182.9600,-0.1900
1783085550.005606,8030,8949,3565,2111,182.9600,-0.1900
1783085550.021343,7983,8977,3574,2092,183.9200,-1.6300
1783085550.037172,7974,8930,3602,2101,183.9200,-1.6300
1783085550.052806,7945,9015,3565,2036,183.9200,-1.6300
1783085550.069413,7974,9062,3565,2111,183.9200,1.4400
1783085550.085342,7992,8818,3583,2064,183.9200,1.4400
1783085550.101271,7974,8827,3565,2073,183.9200,1.4400
1783085550.119163,7955,8855,3555,2064,185.6200,-2.3100
1783085550.133252,7936,8818,3565,2064,185.6200,-2.3100
1783085550.149102,7917,8893,3574,2073,185.6200,-2.3100
1783085550.165428,7936,8846,3508,2083,190.4300,2.1900
1783085550.180184,7983,8977,3537,2083,190.4300,2.1900
1783085550.195956,7992,8790,3555,2064,190.4300,2.1900
1783085550.212396,7955,8771,3555,2064,189.3300,-1.3700
1783085550.228040,8011,8808,3546,2148,189.3300,-1.3700
1783085550.243982,7955,8808,3612,2045,189.3300,-1.3700
1783085550.260112,7955,8790,3602,2036,189.3300,-1.3700
1783085550.275920,7936,8808,3499,2120,194.7400,1.5000
1783085550.292172,7908,8733,3508,2036,194.7400,1.5000
1783085550.308848,7908,8771,3574,2064,194.7400,1.5000
1783085550.324204,7917,8780,3555,2101,189.3300,-0.5600
1783085550.340331,7945,8733,3574,2083,189.3300,-0.5600
1783085550.356429,7945,8733,3593,2120,189.3300,-0.5600
1783085550.372224,7964,8743,3583,2092,192.0300,0.7500
1783085550.388238,7964,8696,3583,2083,192.0300,0.7500
1783085550.405907,7964,8677,3612,2111,192.0300,0.7500
1783085550.421745,7889,8743,3565,2111,189.3300,-0.4400
1783085550.437705,7899,8743,3555,2158,189.3300,-0.4400
1783085550.453559,7899,8724,3565,2111,189.3300,-0.4400
1783085550.469103,7899,8677,3583,2101,194.7400,0.8100
1783085550.485367,7899,8687,3574,2129,194.7400,0.8100
1783085550.501885,7880,8724,3583,2120,194.7400,0.8100
1783085550.518963,7870,8668,3602,2176,200.1500,-1.0000
1783085550.533609,7917,8949,3574,2111,200.1500,-1.0000
1783085550.549978,7870,8724,3555,2101,200.1500,-1.0000
1783085550.565336,7899,8649,3565,2092,200.1500,-1.0000
1783085550.581349,7842,8705,3593,2120,197.4400,-0.5600
1783085550.597179,7889,8640,3583,2148,197.4400,-0.5600
1783085550.613067,7861,8687,3555,2120,197.4400,-0.5600
1783085550.629081,7852,8640,3593,2083,190.9200,0.5600
1783085550.645702,7880,8621,3583,2120,190.9200,0.5600
1783085550.661246,7917,8649,3574,2064,190.9200,0.5600
1783085550.677125,7842,8602,3574,2129,204.2300,-0.6300
1783085550.693661,7880,8649,3602,2101,204.2300,-0.6300
1783085550.708292,7917,8668,3602,2111,204.2300,-0.6300
1783085550.724298,7842,8649,3565,2101,205.5600,0.2500
1783085550.740579,7861,8668,3583,2158,205.5600,0.2500
1783085550.756366,7917,8602,3574,2186,205.5600,0.2500
1783085550.772508,7852,8602,3649,2148,205.5600,-1.9400
1783085550.788462,7824,8546,3593,2139,205.5600,-1.9400
1783085550.804171,7889,8555,3583,2158,205.5600,-1.9400
1783085550.820104,7908,8536,3630,2158,205.5600,1.4400
1783085550.836382,7852,8546,3658,2176,205.5600,1.4400
1783085550.852093,7861,8546,3574,2148,205.5600,1.4400
1783085550.869456,7880,8518,3593,2204,206.8300,-1.1900
1783085550.884609,7824,8583,3593,2167,206.8300,-1.1900
1783085550.900686,7814,8527,3602,2186,206.8300,-1.1900
1783085550.918094,7814,8536,3574,2195,209.7500,2.0000
1783085550.932592,7814,8518,3602,2176,209.7500,2.0000
1783085550.948459,7824,8536,3640,2204,209.7500,2.0000
1783085550.964516,7824,8499,3602,2204,204.1800,-0.3100
1783085550.979684,7777,8508,3583,2176,204.1800,-0.3100
1783085550.995324,7814,8499,3612,2204,204.1800,-0.3100
1783085551.011549,7777,8499,3602,2158,204.1800,-0.3100
1783085551.027424,7861,8433,3677,2204,208.2600,2.1900
1783085551.043250,7880,8480,3621,2280,208.2600,2.1900
1783085551.059639,7861,8452,3649,2261,208.2600,2.1900
1783085551.075269,7824,8471,3565,2251,213.6700,-2.3800
1783085551.091255,7786,8480,3593,2176,213.6700,-2.3800
1783085551.107725,7795,8433,3593,2214,213.6700,-2.3800
1783085551.123349,7786,8452,3612,2223,202.8500,0.8800
1783085551.139447,7786,8452,3583,2223,202.8500,0.8800
1783085551.156436,7833,8443,3630,2233,202.8500,0.8800
1783085551.171416,7805,8386,3677,2223,209.7500,-4.2500
1783085551.187340,7786,8471,3555,2233,209.7500,-4.2500
1783085551.203527,7786,8424,3602,2233,209.7500,-4.2500
1783085551.219235,7739,8405,3602,2233,205.5600,2.9400
1783085551.235321,7767,8405,3621,2251,205.5600,2.9400
1783085551.251588,7748,8424,3583,2186,205.5600,2.9400
1783085551.267063,7777,8396,3612,2214,204.1800,-2.4400
1783085551.282655,7748,8433,3612,2214,204.1800,-2.4400
1783085551.298536,7777,8368,3668,2214,204.1800,-2.4400
1783085551.314407,7711,8405,3640,2176,204.1800,-2.4400
1783085551.330521,7739,8396,3677,2214,205.5600,3.3800
1783085551.346595,7786,8415,3649,2223,205.5600,3.3800
1783085551.362342,7739,8405,3621,2233,205.5600,3.3800
1783085551.378331,7758,8396,3612,2214,206.9900,-2.2500
1783085551.394946,7720,8358,3612,2270,206.9900,-2.2500
1783085551.410707,7748,8396,3649,2261,206.9900,-2.2500
1783085551.426611,7748,8386,3649,2233,205.5600,2.2500
1783085551.443187,7711,8368,3621,2242,205.5600,2.2500
1783085551.458891,7748,8339,3640,2223,205.5600,2.2500
1783085551.474959,7702,8330,3658,2214,201.5300,0.6300
1783085551.491205,7711,8339,3649,2214,201.5300,0.6300
1783085551.506864,7720,8358,3668,2233,201.5300,0.6300
1783085551.522693,7758,8368,3705,2242,205.5600,0.4400
1783085551.537676,7739,8349,3640,2270,205.5600,0.4400
1783085551.553632,7702,8339,3630,2251,205.5600,0.4400
1783085551.569952,7720,8302,3649,2204,200.1500,1.3700
1783085551.586468,7692,8339,3602,2204,200.1500,1.3700
1783085551.601502,7702,8311,3621,2223,200.1500,1.3700
1783085551.619564,7739,8339,3649,2289,202.8500,-2.0000
1783085551.634108,7702,8358,3649,2233,202.8500,-2.0000
1783085551.649571,7702,8358,3621,2223,202.8500,-2.0000
1783085551.666095,7664,8415,3583,2195,205.5600,-0.4400
1783085551.681507,7664,8293,3612,2204,205.5600,-0.4400
1783085551.697766,7711,8302,3630,2280,205.5600,-0.4400
1783085551.714256,7683,8311,3621,2289,197.4400,-3.8800
1783085551.729763,7683,8311,3630,2261,197.4400,-3.8800
1783085551.745731,7692,8264,3640,2242,197.4400,-3.8800
1783085551.761984,7655,8302,3602,2223,197.4400,-3.8800
1783085551.777841,7683,8311,3602,2223,202.8500,1.2500
1783085551.793690,7692,8293,3602,2214,202.8500,1.2500
1783085551.810059,7673,8311,3612,2251,202.8500,1.2500
1783085551.824898,7645,8274,3668,2326,205.5600,-2.1300
1783085551.840703,7655,8330,3630,2233,205.5600,-2.1300
1783085551.857128,7673,8255,3612,2233,205.5600,-2.1300
1783085551.872722,7627,8283,3649,2233,208.2600,3.0000
1783085551.888739,7608,8293,3649,2242,208.2600,3.0000
1783085551.904742,7645,8227,3630,2233,208.2600,3.0000
1783085551.920456,7655,8255,3612,2223,210.9700,-0.2500
1783085551.936571,7655,8236,3696,2298,210.9700,-0.2500
1783085551.952847,7561,8293,3602,2261,210.9700,-0.2500
1783085551.969380,7627,8264,3602,2233,202.8500,0.6300
1783085551.984555,7627,8218,3621,2223,202.8500,0.6300
1783085552.000805,7645,8264,3696,2336,202.8500,0.6300
1783085552.016736,7655,8227,3687,2242,205.5600,1.1200
1783085552.032573,7627,8274,3649,2233,205.5600,1.1200
1783085552.048815,7636,8255,3630,2280,205.5600,1.1200
1783085552.064851,7636,8246,3705,2317,205.5600,1.1200
1783085552.081186,7655,8236,3668,2261,208.2600,0.0600
1783085552.096711,7570,8208,3658,2270,208.2600,0.0600
1783085552.112517,7636,8274,3677,2308,208.2600,0.0600
1783085552.128633,7617,8208,3687,2317,202.8500,-0.6900
1783085552.144363,7627,8218,3668,2270,202.8500,-0.6900
1783085552.160005,7580,8180,3687,2298,202.8500,-0.6900
1783085552.176559,7580,8152,3658,2280,202.8500,1.3700
1783085552.192807,7589,8227,3649,2270,202.8500,1.3700
1783085552.208146,7570,8180,3668,2336,202.8500,1.3700
1783085552.224251,7533,8180,3668,2280,198.8700,0.7500
1783085552.239823,7570,8180,3696,2326,198.8700,0.7500
1783085552.255940,7551,8199,3687,2280,198.8700,0.7500
1783085552.272501,7598,8171,3677,2298,209.7500,-0.3100
1783085552.288666,7598,8114,3649,2308,209.7500,-0.3100
1783085552.303877,7551,8218,3668,2308,209.7500,-0.3100
1783085552.320191,7561,8180,3696,2355,201.5300,2.8800
1783085552.336169,7598,8152,3677,2345,201.5300,2.8800
1783085552.351765,7514,8189,3696,2289,201.5300,2.8800
1783085552.369070,7570,8227,3715,2364,202.8500,-1.2500
1783085552.382755,7570,8152,3640,2383,202.8500,-1.2500
1783085552.399234,7514,8142,3658,2355,202.8500,-1.2500
1783085552.415511,7523,8161,3687,2326,201.4700,2.3800
1783085552.431557,7523,8133,3649,2336,201.4700,2.3800
1783085552.447456,7598,8180,3696,2355,201.4700,2.3800
1783085552.463395,7561,8180,3687,2308,201.4700,2.3800
1783085552.479441,7533,8124,3687,2308,196.2200,-0.9400
1783085552.495029,7561,8180,3705,2336,196.2200,-0.9400
1783085552.511137,7542,8124,3705,2289,196.2200,-0.9400
1783085552.526846,7495,8096,3715,2326,200.1500,3.9400
1783085552.542971,7505,8105,3705,2355,200.1500,3.9400
1783085552.559086,7523,8133,3724,2317,200.1500,3.9400
1783085552.574871,7533,8189,3658,2289,200.1500,-0.1900
1783085552.590918,7467,8124,3734,2308,200.1500,-0.1900
1783085552.607453,7467,8077,3724,2336,200.1500,-0.1900
1783085552.623116,7505,8114,3696,2326,200.1500,0.0000
1783085552.640292,7533,8180,3724,2336,200.1500,0.0000
1783085552.655370,7476,8049,3677,2364,200.1500,0.0000
1783085552.670117,7533,8142,3705,2336,197.4400,-2.9400
1783085552.686319,7486,8067,3677,2336,197.4400,-2.9400
1783085552.702815,7448,8096,3705,2308,197.4400,-2.9400
1783085552.720198,7476,8067,3734,2364,201.4700,-0.5600
1783085552.734292,7486,8030,3677,2326,201.4700,-0.5600
1783085552.750534,7458,8114,3743,2345,201.4700,-0.5600
1783085552.766154,7505,8039,3696,2355,196.2200,-3.1300
1783085552.782240,7467,8021,3705,2336,196.2200,-3.1300
1783085552.798505,7495,8086,3696,2336,196.2200,-3.1300
1783085552.814141,7448,8077,3687,2401,196.2200,-3.1300
1783085552.830403,7458,8049,3696,2392,194.7400,1.5000
1783085552.846835,7486,8114,3687,2383,194.7400,1.5000
1783085552.862504,7476,8030,3715,2411,194.7400,1.5000
1783085552.878622,7439,8039,3696,2430,200.1500,0.8800
1783085552.894698,7448,8077,3734,2392,200.1500,0.8800
1783085552.909224,7439,8049,3696,2392,200.1500,0.8800
1783085552.925274,7514,8086,3696,2373,200.1500,-0.6900
1783085552.941265,7458,8105,3705,2355,200.1500,-0.6900
1783085552.956223,7411,8067,3687,2373,200.1500,-0.6900
1783085552.972788,7439,8443,3743,2326,206.9900,-0.1900
1783085552.988214,7411,8049,3715,2383,206.9900,-0.1900
1783085553.004510,7420,8049,3762,2355,206.9900,-0.1900
1783085553.020598,7420,8011,3696,2355,200.1500,-0.7500
1783085553.036537,7439,8471,3696,2364,200.1500,-0.7500
1783085553.052516,7420,8049,3724,2364,200.1500,-0.7500
1783085553.069509,7411,8011,3705,2336,196.2200,0.5000
1783085553.084252,7439,8002,3734,2355,196.2200,0.5000
1783085553.100232,7336,8105,3752,2364,196.2200,0.5000
1783085553.116416,7373,8021,3724,2383,202.8500,-1.5000
1783085553.132247,7401,8133,3762,2364,202.8500,-1.5000
1783085553.148318,7383,8096,3771,2364,202.8500,-1.5000
1783085553.164553,7401,8049,3743,2345,202.8500,-0.1900
1783085553.180287,7392,8461,3743,2355,202.8500,-0.1900
1783085553.196329,7401,8461,3715,2364,202.8500,-0.1900
1783085553.212443,7364,8218,3696,2392,198.7100,1.1900
1783085553.227345,7401,8096,3715,2383,198.7100,1.1900
1783085553.243403,7420,8086,3696,2373,198.7100,1.1900
1783085553.259368,7364,8490,3715,2364,198.7100,1.1900
1783085553.275387,7411,8030,3771,2355,201.5300,-2.5600
1783085553.291687,7411,8077,3752,2364,201.5300,-2.5600
1783085553.307927,7326,8142,3743,2364,201.5300,-2.5600
1783085553.323564,7411,8077,3724,2373,194.7400,2.1900
1783085553.339406,7364,8133,3696,2373,194.7400,2.1900
1783085553.355518,7354,8124,3752,2383,194.7400,2.1900
1783085553.371401,7364,8105,3734,2401,202.8500,-1.8100
1783085553.387415,7336,8218,3734,2439,202.8500,-1.8100
1783085553.403407,7336,8490,3734,2458,202.8500,-1.8100
1783085553.419333,7364,8114,3780,2383,197.4400,0.2500
1783085553.435450,7364,8152,3734,2373,197.4400,0.2500
1783085553.451447,7345,8114,3724,2383,197.4400,0.2500
1783085553.468170,7326,8096,3715,2411,200.1500,-0.8800
1783085553.483448,7345,8058,3734,2430,200.1500,-0.8800
1783085553.499445,7336,8067,3696,2448,200.1500,-0.8800
1783085553.514492,7364,8086,3715,2430,200.1500,1.4400
1783085553.530863,7354,8058,3705,2373,200.1500,1.4400
1783085553.546457,7308,8021,3734,2439,200.1500,1.4400
1783085553.562450,7336,8058,3696,2439,200.1500,1.4400
1783085553.578662,7289,8039,3705,2411,200.1500,-0.1200
1783085553.594539,7298,8433,3724,2411,200.1500,-0.1200
1783085553.610463,7289,8058,3724,2383,200.1500,-0.1200
1783085553.626670,7289,8049,3762,2467,197.4400,1.0600
1783085553.642494,7317,8096,3743,2458,197.4400,1.0600
1783085553.658520,7270,8152,3743,2467,197.4400,1.0600
1783085553.674719,7326,8049,3743,2448,202.8500,1.8100
1783085553.690517,7317,7992,3762,2458,202.8500,1.8100
1783085553.706568,7308,8030,3734,2458,202.8500,1.8100
1783085553.723760,7308,8030,3724,2477,197.4400,-0.4400
1783085553.740803,7270,8124,3724,2420,197.4400,-0.4400
1783085553.755635,7289,8021,3715,2458,197.4400,-0.4400
1783085553.771611,7251,8086,3734,2430,197.4400,0.5600
1783085553.787565,7270,8086,3734,2580,197.4400,0.5600
1783085553.803564,7270,8096,3724,2439,197.4400,0.5600
1783085553.819538,7251,8114,3752,2439,205.5600,0.7500
1783085553.835634,7345,8086,3790,2420,205.5600,0.7500
1783085553.851570,7233,8086,3715,2430,205.5600,0.7500
1783085553.868313,7279,8096,3705,2439,202.8500,2.0600
1783085553.883747,7242,8030,3734,2448,202.8500,2.0600
1783085553.899581,7270,8396,3752,2439,202.8500,2.0600
1783085553.915068,7270,8386,3752,2552,210.9700,-0.3100
1783085553.931985,7251,8002,3715,2448,210.9700,-0.3100
1783085553.947666,7270,8077,3780,2458,210.9700,-0.3100
1783085553.963668,7261,8058,3799,2477,210.9700,-0.3100
1783085553.979708,7233,8096,3752,2477,200.1500,0.3100
1783085553.995736,7214,8067,3771,2467,200.1500,0.3100
1783085554.011634,7214,8058,3762,2495,200.1500,0.3100
1783085554.027692,7279,8302,3762,2467,205.5600,0.4400
1783085554.042712,7233,8021,3780,2486,205.5600,0.4400
1783085554.059205,7176,8508,3771,2467,205.5600,0.4400
1783085554.074739,7251,8039,3771,2448,201.5300,0.1900
1783085554.090689,7186,8011,3734,2467,201.5300,0.1900
1783085554.107148,7186,8021,3743,2467,201.5300,0.1900
1783085554.122594,7176,7899,3780,2477,209.7500,-0.4400
1783085554.138775,7195,8030,3799,2523,209.7500,-0.4400
1783085554.154881,7204,8330,3762,2458,209.7500,-0.4400
1783085554.170659,7167,8011,3780,2448,208.2600,0.2500
1783085554.186690,7204,7945,3743,2533,208.2600,0.2500
1783085554.202861,7195,8593,3771,2467,208.2600,0.2500
1783085554.219700,7195,8039,3780,2467,201.5300,-1.3700
1783085554.234748,7195,8236,3799,2448,201.5300,-1.3700
1783085554.250999,7176,8274,3752,2448,201.5300,-1.3700
1783085554.268345,7167,8161,3752,2448,209.7500,0.0000
1783085554.283852,7195,8002,3799,2458,209.7500,0.0000
1783085554.299983,7167,8208,3771,2505,209.7500,0.0000
1783085554.315931,7204,8077,3771,2533,205.5600,-3.6300
1783085554.331779,7157,7983,3799,2514,205.5600,-3.6300
1783085554.347758,7129,8142,3780,2533,205.5600,-3.6300
1783085554.364069,7129,8171,3762,2533,200.1500,2.6300
1783085554.379821,7157,8152,3771,2505,200.1500,2.6300
1783085554.395853,7176,8030,3780,2523,200.1500,2.6300
1783085554.412336,7139,8246,3780,2505,200.1500,2.6300
1783085554.427796,7120,8105,3771,2523,205.5600,-0.9400
1783085554.443810,7176,7955,3752,2505,205.5600,-0.9400
1783085554.460026,7129,8246,3790,2523,205.5600,-0.9400
1783085554.475915,7139,7936,3837,2561,200.1500,0.6900
1783085554.491851,7139,8049,3771,2598,200.1500,0.6900
1783085554.508178,7111,7945,3762,2514,200.1500,0.6900
1783085554.523917,7101,8021,3790,2580,200.1500,-0.1200
1783085554.539951,7139,7908,3827,2533,200.1500,-0.1200
1783085554.556126,7101,8030,3780,2523,200.1500,-0.1200
1783085554.571216,7120,7945,3818,2514,198.8700,-0.5600
1783085554.587148,7111,7908,3771,2570,198.8700,-0.5600
1783085554.602991,7167,7992,3752,2589,198.8700,-0.5600
1783085554.619490,7101,8114,3790,2533,201.4700,2.7500
1783085554.635373,7111,8039,3790,2495,201.4700,2.7500
1783085554.652216,7082,8039,3799,2627,201.4700,2.7500
1783085554.668864,7082,8058,3790,2533,200.1500,0.4400
1783085554.684042,7045,7955,3743,2514,200.1500,0.4400
1783085554.700143,7092,8124,3799,2552,200.1500,0.4400
1783085554.715952,7073,8021,3818,2542,200.1500,0.4400
1783085554.731941,7101,8255,3771,2542,196.2200,1.1900
1783085554.748127,7073,7899,3780,2514,196.2200,1.1900
1783085554.763926,7064,7974,3780,2570,196.2200,1.1900
1783085554.779969,7064,7899,3809,2570,194.7400,-2.2500
1783085554.796228,7101,7908,3780,2589,194.7400,-2.2500
1783085554.811984,7064,7842,3771,2570,194.7400,-2.2500
1783085554.827171,7054,7992,3799,2523,201.4700,-0.3700
1783085554.843104,7026,8114,3790,2542,201.4700,-0.3700
1783085554.858976,7036,7917,3780,2552,201.4700,-0.3700
1783085554.875202,7064,8114,3780,2552,196.2200,-2.3800
1783085554.891042,7026,7917,3799,2552,196.2200,-2.3800
1783085554.907181,7092,8058,3846,2589,196.2200,-2.3800
1783085554.923204,7045,8030,3790,2627,198.7100,-0.6300
1783085554.938996,7017,7917,3790,2608,198.7100,-0.6300
1783085554.954995,7073,7880,3799,2561,198.7100,-0.6300
1783085554.971206,7026,8030,3818,2608,202.8500,0.5600
1783085554.987054,7073,7945,3818,2627,202.8500,0.5600
1783085555.003034,7045,7936,3809,2608,202.8500,0.5600
1783085555.019591,7007,8002,3818,2589,198.8700,-0.1200
1783085555.035051,7045,7908,3780,2645,198.8700,-0.1200
1783085555.051037,7036,7983,3818,2608,198.8700,-0.1200
1783085555.067145,7007,8171,3809,2598,209.7500,1.1900
1783085555.083098,6998,8039,3837,2636,209.7500,1.1900
1783085555.099070,6998,7786,3799,2674,209.7500,1.1900
1783085555.114316,7045,7917,3827,2655,201.5300,-1.1900
1783085555.130079,7017,7880,3818,2664,201.5300,-1.1900
1783085555.146107,7007,7917,3827,2598,201.5300,-1.1900
1783085555.162293,7073,7870,3827,2683,201.5300,-1.1900
1783085555.180347,7073,7927,3865,2683,206.9900,0.6900
1783085555.196129,7064,7917,3837,2617,206.9900,0.6900
1783085555.212160,6998,7908,3855,2636,206.9900,0.6900
1783085555.228363,6979,8021,3865,2674,205.5600,-1.5000
1783085555.244174,6989,7889,3846,2645,205.5600,-1.5000
1783085555.260162,7054,7842,3874,2674,205.5600,-1.5000
1783085555.276337,6970,8002,3846,2664,205.5600,-0.5000
1783085555.292154,7026,7908,3912,2730,205.5600,-0.5000
1783085555.308253,6998,7814,3865,2683,205.5600,-0.5000
1783085555.324343,6998,7880,3855,2664,198.8700,0.9400
1783085555.340175,6970,7814,3902,2692,198.8700,0.9400
1783085555.356343,6989,7880,3874,2692,198.8700,0.9400
1783085555.371215,6960,7824,3855,2627,202.8500,-1.4400
1783085555.387159,6970,7908,3912,2720,202.8500,-1.4400
1783085555.403184,6970,7917,3855,2702,202.8500,-1.4400
1783085555.419373,6970,7927,3874,2674,202.8500,0.9400
1783085555.435241,6989,7833,3874,2683,202.8500,0.9400
1783085555.451425,6942,7833,3865,2692,202.8500,0.9400
1783085555.467233,6960,7842,3884,2692,202.8500,0.9400
1783085555.483187,7007,7889,3846,2683,209.7500,0.1200
1783085555.499246,6895,7786,3912,2702,209.7500,0.1200
1783085555.515247,6960,7861,3912,2711,209.7500,0.1200
1783085555.531245,6923,7814,3884,2683,198.8700,-0.8100
1783085555.547292,6942,7786,3884,2739,198.8700,-0.8100
1783085555.563301,6942,7758,3884,2739,198.8700,-0.8100
1783085555.579409,6923,7814,3902,2683,205.5600,0.8800
1783085555.595250,6951,7758,3893,2702,205.5600,0.8800
1783085555.611509,6914,7777,3884,2730,205.5600,0.8800
1783085555.626304,6914,7777,3902,2720,202.8500,-0.6900
1783085555.642433,6932,7730,3884,2702,202.8500,-0.6900
1783085555.658273,6923,7861,3893,2711,202.8500,-0.6900
1783085555.674325,6904,7777,3940,2749,197.4400,2.0600
1783085555.690581,6914,7758,3912,2692,197.4400,2.0600
1783085555.706675,6942,7786,3902,2683,197.4400,2.0600
1783085555.722682,6932,7786,3921,2749,197.4400,1.3100
1783085555.738507,6885,7730,3893,2702,197.4400,1.3100
1783085555.754354,6914,7720,3921,2720,197.4400,1.3100
1783085555.770467,6876,7777,3902,2730,202.8500,-0.6900
1783085555.786728,6885,7805,3931,2692,202.8500,-0.6900
1783085555.802381,6923,7730,3931,2767,202.8500,-0.6900
1783085555.819246,6867,7720,3931,2777,200.1500,-2.3800
1783085555.834571,6876,7758,3921,2739,200.1500,-2.3800
1783085555.849334,6839,7758,3912,2777,200.1500,-2.3800
1783085555.866430,6914,7692,3977,2758,194.7400,-2.3800
1783085555.882591,6885,7795,3921,2777,194.7400,-2.3800
1783085555.898435,6923,7655,3902,2758,194.7400,-2.3800
1783085555.913603,6839,7730,3949,2814,194.7400,-2.3800
1783085555.929800,6876,7730,3968,2702,200.1500,-0.1900
1783085555.945695,6857,7739,3968,2739,200.1500,-0.1900
1783085555.963663,6857,7702,3959,2767,200.1500,-0.1900
1783085555.979698,6820,7730,3959,2720,200.1500,1.9400
1783085555.995691,6839,7692,3949,2795,200.1500,1.9400
1783085556.013619,6885,7730,3949,2777,200.1500,1.9400
1783085556.029631,6857,7655,3968,2777,202.8500,1.5600
1783085556.045721,6857,7702,4043,2758,202.8500,1.5600
1783085556.061658,6876,7720,3949,2767,202.8500,1.5600
1783085556.078871,6848,7730,3968,2767,198.8700,1.3100
1783085556.094558,6848,7720,3959,2767,198.8700,1.3100
1783085556.111170,6839,7711,4024,2805,198.8700,1.3100
1783085556.126948,6829,7655,3968,2824,202.8500,0.6900
1783085556.142552,6792,7673,4015,2795,202.8500,0.6900
1783085556.158852,6820,7664,3987,2805,202.8500,0.6900
1783085556.174591,6857,7636,4024,2795,201.4700,-0.1200
1783085556.190547,6829,7598,4015,2786,201.4700,-0.1200
1783085556.206932,6857,7627,3987,2814,201.4700,-0.1200
1783085556.222479,6876,7608,3987,2795,198.8700,1.6900
1783085556.238603,6773,7683,3996,2805,198.8700,1.6900
1783085556.254925,6848,7673,3987,2824,198.8700,1.6900
1783085556.270516,6810,7561,4006,2777,206.9900,0.1900
1783085556.286739,6801,7664,3968,2814,206.9900,0.1900
1783085556.302833,6773,7645,3977,2814,206.9900,0.1900
1783085556.318803,6810,7627,3949,2805,201.5300,-1.1200
1783085556.334954,6810,7608,3959,2842,201.5300,-1.1200
1783085556.350856,6801,7673,3987,2842,201.5300,-1.1200
1783085556.365667,6820,7589,4034,2833,201.5300,-1.1200
1783085556.381636,6763,7608,4062,2824,197.4400,1.9400
1783085556.397697,6792,7598,4034,2842,197.4400,1.9400
1783085556.413627,6792,7598,4015,2814,197.4400,1.9400
1783085556.429986,6792,7589,4006,2814,206.9900,-1.1200
1783085556.446091,6792,7580,3996,2852,206.9900,-1.1200
1783085556.461938,6792,7580,4034,2805,206.9900,-1.1200
1783085556.477865,6754,7636,4034,2833,194.7400,1.4400
1783085556.494186,6792,7580,4015,2842,194.7400,1.4400
1783085556.509712,6763,7570,4052,2814,194.7400,1.4400
1783085556.525721,6745,7617,4015,2870,200.1500,0.1900
1783085556.541751,6754,7580,4034,2805,200.1500,0.1900
1783085556.557722,6735,7580,3987,2824,200.1500,0.1900
1783085556.573748,6735,7551,4006,2861,193.5700,0.2500
1783085556.588753,6745,7570,4006,2852,193.5700,0.2500
1783085556.605848,6754,7523,4034,2852,193.5700,0.2500
1783085556.621925,6717,7570,4090,2861,206.9900,0.1900
1783085556.636816,6735,7551,4052,2824,206.9900,0.1900
1783085556.652840,6754,7523,4062,2861,206.9900,0.1900
1783085556.669997,6717,7514,4062,2861,198.8700,0.6300
1783085556.684777,6745,7551,4062,2870,198.8700,0.6300
1783085556.700762,6707,7505,4071,2861,198.8700,0.6300
1783085556.716995,6726,7505,4043,2805,204.2300,2.4400
1783085556.732820,6735,7561,4052,2870,204.2300,2.4400
1783085556.748821,6698,7570,4006,2852,204.2300,2.4400
1783085556.765061,6792,7505,4024,2861,202.8500,1.8100
1783085556.780851,6688,7523,4109,2861,202.8500,1.8100
1783085556.796889,6707,7514,4062,2833,202.8500,1.8100
1783085556.813399,6698,7533,4062,2908,202.8500,1.8100
1783085556.828860,6735,7514,4090,2870,196.2200,-0.5000
1783085556.844864,6698,7551,4034,2861,196.2200,-0.5000
1783085556.861197,6698,7486,4052,2852,196.2200,-0.5000
1783085556.877005,6717,7523,4099,2852,204.2300,-2.1300
1783085556.892993,6670,7467,4052,2908,204.2300,-2.1300
1783085556.908017,6698,7458,4071,2908,204.2300,-2.1300
1783085556.923868,6735,7476,4043,2917,196.2200,-1.4400
1783085556.939897,6660,7495,4081,2899,196.2200,-1.4400
1783085556.956109,6679,7448,4081,2889,196.2200,-1.4400
1783085556.971896,6717,7476,4062,2964,197.4400,-1.9400
1783085556.987913,6698,7439,4081,2861,197.4400,-1.9400
1783085557.004116,6660,7467,4081,2889,197.4400,-1.9400
1783085557.020083,6679,7476,4146,2870,204.2300,0.6900
1783085557.035931,6698,7476,4062,2861,204.2300,0.6900
1783085557.052233,6642,7430,4071,2917,204.2300,0.6900
1783085557.068038,6688,7467,4099,2870,198.8700,1.3100
1783085557.084376,6698,7430,4156,2899,198.8700,1.3100
1783085557.100200,6632,7383,4099,2917,198.8700,1.3100
1783085557.115973,6642,7476,4090,2861,198.8700,1.3100
1783085557.131984,6679,7411,4165,2964,209.7500,0.1200
1783085557.148198,6651,7420,4090,2899,209.7500,0.1200
1783085557.164047,6642,7383,4090,2899,209.7500,0.1200
1783085557.179207,6632,7439,4156,2908,201.5300,0.1200
1783085557.195217,6623,7458,4146,2927,201.5300,0.1200
1783085557.211142,6642,7392,4146,2946,201.5300,0.1200
1783085557.227181,6604,7467,4203,2917,205.5600,-1.1200
1783085557.243219,6651,7430,4156,2936,205.5600,-1.1200
1783085557.259183,6613,7411,4165,2946,205.5600,-1.1200
1783085557.275642,6623,7354,4174,2946,205.5600,0.9400
1783085557.291136,6595,7448,4174,2974,205.5600,0.9400
1783085557.307096,6623,7392,4184,2917,205.5600,0.9400
1783085557.323168,6595,7401,4165,2964,202.8500,-0.0600
1783085557.339168,6585,7430,4137,2917,202.8500,-0.0600
1783085557.355153,6632,7392,4193,2992,202.8500,-0.0600
1783085557.371330,6613,7345,4156,2955,204.2300,-0.5000
1783085557.387168,6576,7383,4184,2936,204.2300,-0.5000
1783085557.403165,6613,7430,4156,3002,204.2300,-0.5000
1783085557.420102,6576,7373,4203,2946,201.5300,0.5000
1783085557.435205,6576,7383,4174,2974,201.5300,0.5000
1783085557.450547,6604,7326,4259,2946,201.5300,0.5000
1783085557.466569,6585,7383,4146,2946,204.2300,-0.6900
1783085557.482179,6566,7392,4287,3030,204.2300,-0.6900
1783085557.498121,6548,7326,4184,2964,204.2300,-0.6900
1783085557.514292,6604,7308,4193,2974,198.8700,-0.8800
1783085557.530133,6566,7345,4184,2936,198.8700,-0.8800
1783085557.546214,6538,7364,4259,2974,198.8700,-0.8800
1783085557.562509,6576,7336,4221,2983,198.8700,-0.8800
1783085557.578320,6538,7317,4193,2955,202.8500,-0.0600
1783085557.594216,6538,7364,4146,2964,202.8500,-0.0600
1783085557.610364,6529,7392,4165,2955,202.8500,-0.0600
1783085557.626198,6548,7345,4212,2992,202.8500,-1.5600
1783085557.642263,6548,7317,4193,2955,202.8500,-1.5600
1783085557.658414,6557,7336,4193,2992,202.8500,-1.5600
1783085557.674230,6538,7373,4221,2974,205.5600,1.9400
1783085557.690401,6538,7308,4278,3021,205.5600,1.9400
1783085557.707313,6529,7317,4212,3021,205.5600,1.9400
1783085557.727396,6576,7317,4212,3021,202.8500,-1.0600
1783085557.743303,6520,7308,4193,2992,202.8500,-1.0600
1783085557.759318,6529,7308,4259,3039,202.8500,-1.0600
1783085557.775507,6529,7270,4221,3021,200.1500,2.8800
1783085557.791402,6510,7326,4203,3058,200.1500,2.8800
1783085557.809374,6491,7233,4221,3058,200.1500,2.8800
1783085557.825461,6510,7317,4174,3039,205.5600,-1.5000
1783085557.841418,6510,7270,4240,3002,205.5600,-1.5000
1783085557.860437,6510,7242,4203,3002,205.5600,-1.5000
1783085557.876389,6510,7317,4231,3002,202.8500,-2.3800
1783085557.892489,6491,7279,4156,3021,202.8500,-2.3800
1783085557.909364,6491,7261,4231,3011,202.8500,-2.3800
1783085557.925399,6529,7270,4174,2983,205.5600,-2.3800
1783085557.942260,6454,7270,4146,3058,205.5600,-2.3800
1783085557.960135,6529,7298,4212,3058,205.5600,-2.3800
1783085557.975693,6491,7251,4231,3030,200.1500,-0.0600
1783085557.991607,6463,7261,4221,3030,200.1500,-0.0600
1783085558.008395,6491,7261,4306,3030,200.1500,-0.0600
1783085558.024458,6501,7204,4306,3039,200.1500,-0.6300
1783085558.040301,6473,7223,4278,3077,200.1500,-0.6300
1783085558.056017,6501,7261,4240,3077,200.1500,-0.6300
1783085558.071344,6491,7223,4249,3067,205.5600,2.7500
1783085558.087273,6482,7223,4259,3096,205.5600,2.7500
1783085558.103666,6454,7195,4203,3049,205.5600,2.7500
1783085558.121040,6454,7251,4325,3067,202.8500,-0.1900
1783085558.135383,6454,7214,4268,3114,202.8500,-0.1900
1783085558.152319,6445,7204,4268,3077,202.8500,-0.1900
1783085558.167828,6398,7223,4259,3039,202.8500,-0.1900
1783085558.183504,6416,7242,4306,3086,200.1500,-0.9400
1783085558.200479,6426,7242,4306,3086,200.1500,-0.9400
1783085558.216528,6426,7270,4381,3086,210.9700,1.4400
1783085558.232207,6426,7233,4287,3049,210.9700,1.4400
1783085558.248214,6426,7167,4278,3067,210.9700,1.4400
1783085558.264566,6388,7233,4296,3039,202.8500,0.1200
1783085558.280324,6416,7270,4334,3114,202.8500,0.1200
1783085558.296205,6398,7186,4268,3049,202.8500,0.1200
1783085558.311477,6388,7157,4287,3077,202.8500,0.1200
1783085558.327448,6388,7186,4296,3067,205.5600,1.4400
1783085558.345528,6388,7157,4315,3067,205.5600,1.4400
1783085558.363453,6388,7139,4325,3067,205.5600,1.4400
1783085558.381460,6351,7186,4315,3067,205.5600,-0.4400
1783085558.398706,6379,7167,4278,3067,205.5600,-0.4400
1783085558.415762,6388,7157,4315,3114,196.2200,0.3100
1783085558.431786,6323,7111,4334,3114,196.2200,0.3100
1783085558.447847,6379,7148,4334,3105,196.2200,0.3100
1783085558.462958,6398,7139,4418,3133,196.2200,0.3100
1783085558.481798,6341,7176,4296,3133,200.1500,-2.0600
1783085558.496550,6416,7129,4325,3133,200.1500,-2.0600
1783085558.512354,6360,7204,4268,3114,200.1500,-2.0600
1783085558.528596,6360,7045,4428,3096,202.8500,-1.1200
1783085558.544329,6341,7148,4325,3133,202.8500,-1.1200
1783085558.560318,6341,7157,4400,3124,202.8500,-1.1200
1783085558.576581,6323,7167,4381,3189,206.9900,-0.1200
1783085558.592351,6304,7111,4343,3143,206.9900,-0.1200
1783085558.610601,6323,7082,4287,3143,206.9900,-0.1200
1783085558.626626,6351,7092,4381,3105,196.2200,0.8800
1783085558.643178,6370,7111,4371,3208,196.2200,0.8800
1783085558.659681,6285,7082,4334,3208,196.2200,0.8800
1783085558.675581,6360,7139,4306,3114,202.8500,-0.0600
1783085558.693943,6313,7101,4381,3114,202.8500,-0.0600
1783085558.710018,6351,7120,4315,3161,202.8500,-0.0600
1783085558.726402,6360,7092,4437,3161,200.1500,0.8100
1783085558.743656,6351,7092,4371,3161,200.1500,0.8100
1783085558.759872,6341,7092,4353,3208,200.1500,0.8100
1783085558.775942,6332,7139,4334,3152,204.2300,-1.0600
1783085558.792018,6341,7054,4325,3208,204.2300,-1.0600
1783085558.807673,6304,7092,4362,3180,204.2300,-1.0600
1783085558.824614,6266,7073,4343,3180,200.1500,2.3100
1783085558.840877,6285,7092,4371,3246,200.1500,2.3100
1783085558.856614,6313,7092,4343,3218,200.1500,2.3100
1783085558.872540,6276,7139,4325,3208,198.8700,-0.2500
1783085558.890923,6313,7064,4362,3208,198.8700,-0.2500
1783085558.906843,6257,7064,4390,3208,198.8700,-0.2500
1783085558.922677,6313,7129,4371,3180,202.8500,-1.2500
1783085558.940583,6238,6998,4390,3180,202.8500,-1.2500
1783085558.956448,6266,7157,4353,3274,202.8500,-1.2500
1783085558.972865,6257,7064,4315,3124,197.4400,-0.5600
1783085558.988502,6276,7036,4334,3236,197.4400,-0.5600
1783085559.005469,6285,6998,4409,3236,197.4400,-0.5600
1783085559.022976,6248,7017,4381,3264,200.1500,0.1200
1783085559.039649,6238,7092,4371,3264,200.1500,0.1200
1783085559.055367,6219,7054,4353,3218,200.1500,0.1200
1783085559.072120,6257,7045,4456,3283,200.1500,-0.1200
1783085559.087677,6257,6998,4400,3255,200.1500,-0.1200
1783085559.103301,6219,7007,4381,3283,200.1500,-0.1200
1783085559.120202,6266,7073,4409,3330,204.2300,1.4400
1783085559.135984,6266,7064,4437,3302,204.2300,1.4400
1783085559.151773,6191,6998,4306,3264,204.2300,1.4400
1783085559.167727,6219,7064,4456,3293,204.2300,1.4400
1783085559.184056,6219,7017,4400,3415,205.5600,0.3700
1783085559.199987,6238,7036,4390,3368,205.5600,0.3700
1783085559.215668,6219,7064,4456,3321,205.5600,0.3700
1783085559.231861,6201,7036,4428,3358,198.8700,-1.5600
1783085559.246745,6248,7045,4390,3330,198.8700,-1.5600
1783085559.262702,6219,7036,4409,3368,198.8700,-1.5600
1783085559.279367,6173,7092,4371,3358,208.2600,2.7500
1783085559.294822,6219,7073,4418,3386,208.2600,2.7500
1783085559.310693,6219,7007,4390,3358,208.2600,2.7500
1783085559.326907,6173,7036,4400,3405,202.8500,-1.5600
1783085559.344844,6173,6998,4409,3424,202.8500,-1.5600
1783085559.360676,6126,7026,4409,3349,202.8500,-1.5600
1783085559.376622,6163,7064,4390,3368,202.8500,0.3700
1783085559.392841,6191,7007,4418,3396,202.8500,0.3700
1783085559.408607,6163,7017,4456,3396,202.8500,0.3700
1783085559.424880,6144,7036,4409,3415,202.8500,-0.6900
1783085559.441307,6163,7007,4456,3405,202.8500,-0.6900
1783085559.456902,6210,6998,4409,3377,202.8500,-0.6900
1783085559.472933,6173,6979,4409,3349,202.8500,2.1300
1783085559.489370,6191,6942,4418,3396,202.8500,2.1300
1783085559.505137,6173,6998,4465,3386,202.8500,2.1300
1783085559.523340,6154,7064,4390,3377,205.5600,-2.5000
1783085559.536808,6135,6979,4437,3377,205.5600,-2.5000
1783085559.552379,6107,6998,4456,3340,205.5600,-2.5000
1783085559.568248,6107,7036,4465,3377,202.8500,1.3700
1783085559.584127,6144,6960,4446,3368,202.8500,1.3700
1783085559.600405,6126,6989,4437,3405,202.8500,1.3700
1783085559.615999,6154,6960,4446,3358,202.8500,1.3700
1783085559.631718,6107,6923,4409,3349,202.8500,-1.3100
1783085559.647789,6154,6970,4418,3396,202.8500,-1.3100
1783085559.664022,6182,6979,4475,3424,202.8500,-1.3100
1783085559.679824,6116,6989,4512,3508,197.4400,1.6300
1783085559.695697,6182,6989,4465,3490,197.4400,1.6300
1783085559.712168,6107,6998,4456,3443,197.4400,1.6300
1783085559.728254,6116,6951,4456,3471,200.1500,0.5000
1783085559.743976,6088,6932,4428,3433,200.1500,0.5000
1783085559.760232,6126,6970,4512,3471,200.1500,0.5000
1783085559.776320,6116,6942,4446,3518,200.1500,0.8800
1783085559.791060,6079,6970,4428,3424,200.1500,0.8800
1783085559.807655,6097,6979,4493,3527,200.1500,0.8800
1783085559.823307,6107,6960,4418,3555,200.1500,0.0000
1783085559.840076,6069,6942,4418,3415,200.1500,0.0000
1783085559.855869,6107,6942,4456,3508,200.1500,0.0000
1783085559.872926,6079,6895,4484,3574,200.1500,2.2500
1783085559.887275,6060,6923,4493,3555,200.1500,2.2500
1783085559.903445,6060,6923,4503,3527,200.1500,2.2500
1783085559.918876,6079,6923,4493,3415,200.1500,2.2500
1783085559.934813,6051,6923,4465,3518,200.1500,0.2500
1783085559.951087,6051,6932,4503,3565,200.1500,0.2500
1783085559.966872,6079,6923,4475,3490,200.1500,0.2500
1783085559.982952,6116,6895,4456,3593,194.7400,-2.3800
1783085559.999201,6022,6885,4503,3527,194.7400,-2.3800
1783085560.015222,6088,6885,4493,3490,194.7400,-2.3800
1783085560.031137,6088,6895,4503,3602,197.4400,0.7500
1783085560.047934,6079,6923,4484,3593,197.4400,0.7500
1783085560.063220,6022,6885,4475,3565,197.4400,0.7500
1783085560.078753,6079,6904,4493,3527,197.4400,-1.1900
1783085560.094442,6097,6960,4465,3612,197.4400,-1.1900
1783085560.110095,6041,6914,4512,3555,197.4400,-1.1900
1783085560.125956,6032,6895,4493,3555,194.7400,-1.1900
1783085560.142055,6013,6895,4475,3612,194.7400,-1.1900
1783085560.157875,6041,6857,4493,3565,194.7400,-1.1900
1783085560.175884,6041,6914,4484,3565,202.8500,1.0000
1783085560.192035,6051,6885,4484,3612,202.8500,1.0000
1783085560.208179,5994,6960,4493,3658,202.8500,1.0000
1783085560.224339,6013,6876,4512,3583,206.8300,0.8800
1783085560.240544,6022,6829,4475,3602,206.8300,0.8800
1783085560.256438,6004,6895,4531,3583,206.8300,0.8800
1783085560.273709,6022,6904,4522,3602,210.9700,3.5000
1783085560.288310,5957,6848,4531,3612,210.9700,3.5000
1783085560.304512,6004,6876,4531,3677,210.9700,3.5000
1783085560.319138,6022,6867,4503,3583,189.3300,-2.1300
1783085560.335230,5976,6876,4503,3658,189.3300,-2.1300
1783085560.350999,6004,6857,4550,3668,189.3300,-2.1300
1783085560.367014,5985,6829,4597,3649,189.3300,-2.1300
1783085560.383277,5966,6857,4559,3593,205.5600,1.1200
1783085560.399074,6004,6848,4568,3668,205.5600,1.1200
1783085560.415064,6022,6839,4559,3658,205.5600,1.1200
1783085560.431554,5985,6857,4522,3658,202.8500,-0.6900
1783085560.447522,5938,6876,4531,3677,202.8500,-0.6900
1783085560.465279,6013,6839,4540,3677,202.8500,-0.6900
1783085560.481271,5919,6839,4512,3640,212.5100,0.0000
1783085560.497581,5985,6820,4568,3715,212.5100,0.0000
1783085560.513293,5957,6829,4522,3705,212.5100,0.0000
1783085560.529399,5957,6820,4568,3649,205.5600,-0.3100
1783085560.545784,5938,6857,4568,3724,205.5600,-0.3100
1783085560.561437,5929,6857,4531,3612,205.5600,-0.3100
1783085560.576460,5976,6839,4568,3621,201.5300,-1.5000
1783085560.593426,5957,6810,4550,3687,201.5300,-1.5000
1783085560.608823,5976,6829,4615,3677,201.5300,-1.5000
1783085560.624042,5938,6801,4550,3621,205.5600,-0.4400
1783085560.640398,5910,6857,4578,3612,205.5600,-0.4400
1783085560.658431,5985,6792,4550,3612,205.5600,-0.4400
1783085560.676367,5910,6829,4559,3612,208.2600,-0.5600
1783085560.692132,5891,6801,4597,3668,208.2600,-0.5600
1783085560.708155,5900,6792,4550,3612,208.2600,-0.5600
1783085560.724658,5966,6782,4522,3705,205.5600,2.0600
1783085560.740365,5947,6782,4587,3621,205.5600,2.0600
1783085560.756620,5910,6782,4615,3687,205.5600,2.0600
1783085560.773390,5919,6782,4587,3649,209.7500,0.9400
1783085560.787889,5910,6820,4540,3640,209.7500,0.9400
1783085560.804207,5910,6782,4550,3705,209.7500,0.9400
1783085560.819362,5891,6773,4540,3677,209.7500,0.9400
1783085560.837116,5882,6773,4587,3734,204.1800,1.0000
1783085560.853131,5882,6763,4634,3668,204.1800,1.0000
1783085560.869532,5863,6782,4606,3687,200.1500,0.5600
1783085560.885181,5844,6773,4597,3724,200.1500,0.5600
1783085560.901245,5910,6801,4568,3696,200.1500,0.5600
1783085560.917650,5910,6773,4643,3677,208.2600,0.3100
1783085560.933649,5910,6763,4568,3734,208.2600,0.3100
1783085560.949469,5863,6792,4540,3640,208.2600,0.3100
1783085560.965783,5872,6829,4634,3677,208.2600,0.3100
1783085560.981522,5882,6801,4615,3658,205.5600,0.7500
1783085560.997503,5872,6773,4597,3696,205.5600,0.7500
1783085561.013808,5882,6792,4634,3724,205.5600,0.7500
1783085561.029369,5872,6717,4615,3677,202.8500,-0.8800
1783085561.044336,5872,6773,4625,3734,202.8500,-0.8800
1783085561.061607,5891,6773,4672,3687,202.8500,-0.8800
1783085561.076722,5854,6782,4625,3668,202.8500,0.2500
1783085561.092193,5872,6773,4653,3715,202.8500,0.2500
1783085561.108435,5844,6745,4615,3734,202.8500,0.2500
1783085561.124496,5872,6707,4625,3677,204.2300,-2.3100
1783085561.140400,5854,6763,4709,3705,204.2300,-2.3100
1783085561.156754,5863,6773,4662,3724,204.2300,-2.3100
1783085561.172947,5844,6745,4615,3752,202.8500,-0.7500
1783085561.188778,5835,6726,4643,3696,202.8500,-0.7500
1783085561.204982,5872,6707,4606,3724,202.8500,-0.7500
1783085561.222364,5872,6726,4662,3687,204.1800,-0.6300
1783085561.236663,5835,6726,4662,3734,204.1800,-0.6300
1783085561.253109,5825,6688,4634,3724,204.1800,-0.6300
1783085561.268546,5797,6735,4653,3705,204.1800,-0.6300
1783085561.284571,5816,6726,4643,3818,205.5600,0.6900
1783085561.300969,5816,6726,4672,3696,205.5600,0.6900
1783085561.315604,5825,6717,4634,3809,205.5600,0.6900
1783085561.331571,5825,6717,4662,3696,202.8500,-0.5000
1783085561.347439,5797,6726,4615,3809,202.8500,-0.5000
1783085561.363482,5779,6745,4625,3743,202.8500,-0.5000
1783085561.379915,5816,6735,4643,3799,205.5600,1.2500
1783085561.395512,5835,6754,4690,3818,205.5600,1.2500
1783085561.412037,5854,6754,4681,3799,205.5600,1.2500
1783085561.428084,5825,6698,4625,3846,208.2600,0.6300
1783085561.443828,5797,6670,4634,3780,208.2600,0.6300
1783085561.459788,5779,6670,4709,3790,208.2600,0.6300
1783085561.475856,5779,6642,4643,3837,208.2600,-0.5000
1783085561.491815,5779,6754,4672,3752,208.2600,-0.5000
1783085561.507734,5750,6688,4653,3790,208.2600,-0.5000
1783085561.524426,5788,6670,4625,3799,205.5600,-0.7500
1783085561.539533,5835,6707,4662,3809,205.5600,-0.7500
1783085561.555471,5797,6717,4681,3827,205.5600,-0.7500
1783085561.573785,5797,6679,4653,3771,205.5600,0.2500
1783085561.587549,5844,6651,4690,3799,205.5600,0.2500
1783085561.603518,5816,6698,4615,3762,205.5600,0.2500
1783085561.618686,5760,6717,4681,3790,205.5600,-1.0600
1783085561.634682,5732,6642,4634,3818,205.5600,-1.0600
1783085561.651491,5750,6660,4662,3809,205.5600,-1.0600
1783085561.667694,5779,6688,4690,3818,202.8500,1.0000
1783085561.683279,5760,6632,4643,3771,202.8500,1.0000
1783085561.699161,5769,6698,4737,3818,202.8500,1.0000
1783085561.715423,5760,6632,4615,3874,202.8500,1.0000
1783085561.730326,5732,6613,4709,3809,205.5600,0.9400
1783085561.746314,5741,6679,4672,3827,205.5600,0.9400
1783085561.763500,5750,6651,4653,3809,205.5600,0.9400
1783085561.778353,5732,6604,4672,3818,205.5600,-0.1900
1783085561.794556,5703,6604,4662,3884,205.5600,-0.1900
1783085561.811077,5694,6642,4718,3865,205.5600,-0.1900
1783085561.827186,5750,6566,4700,3846,202.8500,0.6900
1783085561.842711,5685,6576,4681,3846,202.8500,0.6900
1783085561.858793,5675,6538,4690,3827,202.8500,0.6900
1783085561.875572,5713,6566,4672,3827,208.2600,-0.1200
1783085561.892008,5713,6651,4728,3809,208.2600,-0.1200
1783085561.907971,5722,6717,4700,3865,208.2600,-0.1200
1783085561.924306,5694,6595,4690,3818,202.8500,2.7500
1783085561.939721,5694,6688,4747,3865,202.8500,2.7500
1783085561.955830,5694,6613,4709,3865,202.8500,2.7500
1783085561.970695,5685,6632,4718,3874,196.2200,0.3700
1783085561.986553,5657,6632,4672,3874,196.2200,0.3700
1783085562.002810,5694,6585,4718,3893,196.2200,0.3700
1783085562.018581,5703,6557,4747,3921,196.2200,0.3700
1783085562.034872,5713,6651,4700,3921,202.8500,0.1900
1783085562.051626,5685,6585,4737,3940,202.8500,0.1900
1783085562.067122,5694,6557,4765,3884,202.8500,0.1900
1783085562.082907,5628,6566,4718,3912,206.9900,-2.2500
1783085562.099378,5657,6595,4794,3884,206.9900,-2.2500
1783085562.116674,5666,6510,4747,3884,201.5300,-1.2500
1783085562.131596,5675,6566,4756,3865,201.5300,-1.2500
1783085562.148125,5638,6576,4765,3884,201.5300,-1.2500
1783085562.163682,5619,6538,4718,3949,201.5300,-1.2500
1783085562.180130,5628,6548,4747,3893,204.2300,-1.8100
1783085562.196207,5657,6595,4775,3921,204.2300,-1.8100
1783085562.212346,5647,6548,4747,3968,204.2300,-1.8100
1783085562.227779,5619,6585,4784,3874,201.5300,1.3700
1783085562.244584,5638,6548,4765,3884,201.5300,1.3700
1783085562.260065,5638,6482,4794,3959,201.5300,1.3700
1783085562.275847,5694,6529,4803,3921,208.2600,1.8800
1783085562.291974,5666,6520,4803,3874,208.2600,1.8800
1783085562.307733,5628,6491,4737,4034,208.2600,1.8800
1783085562.324549,5638,6491,4737,3921,205.5600,-0.9400
1783085562.340246,5666,6529,4775,3921,205.5600,-0.9400
1783085562.356290,5610,6529,4794,3987,205.5600,-0.9400
1783085562.373308,5647,6520,4756,3912,204.2300,1.6900
1783085562.388243,5638,6501,4756,3996,204.2300,1.6900
1783085562.402993,5600,6510,4812,3921,204.2300,1.6900
1783085562.418936,5610,6501,4794,3921,198.8700,2.1300
1783085562.435320,5610,6501,4747,4043,198.8700,2.1300
1783085562.451054,5619,6473,4803,3940,198.8700,2.1300
1783085562.468146,5600,6473,4747,3959,198.8700,2.1300
1783085562.483399,5591,6454,4794,3996,205.5600,1.8800
1783085562.499009,5600,6491,4775,3987,205.5600,1.8800
1783085562.514959,5572,6445,4812,4034,205.5600,1.8800
1783085562.531435,5572,6454,4840,3977,209.7500,-1.7500
1783085562.547168,5563,6529,4794,3977,209.7500,-1.7500
1783085562.563122,5535,6529,4794,3987,209.7500,-1.7500
1783085562.580054,5535,6454,4840,3940,196.2200,0.6300
1783085562.595351,5591,6426,4822,4043,196.2200,0.6300
1783085562.611318,5600,6482,4812,4015,196.2200,0.6300
1783085562.627322,5582,6463,4822,3940,202.8500,-1.6900
1783085562.643008,5582,6491,4775,3987,202.8500,-1.6900
1783085562.658919,5563,6463,4878,4071,202.8500,-1.6900
1783085562.673741,5582,6473,4775,4006,200.1500,0.5000
1783085562.690430,5553,6463,4784,4024,200.1500,0.5000
1783085562.705967,5572,6473,4803,4062,200.1500,0.5000
1783085562.723719,5535,6473,4822,3987,205.5600,-1.6900
1783085562.737854,5544,6398,4831,3996,205.5600,-1.6900
1783085562.753946,5516,6435,4812,3987,205.5600,-1.6900
1783085562.770428,5544,6388,4869,3996,202.8500,1.5600
1783085562.785973,5535,6435,4859,4006,202.8500,1.5600
1783085562.802315,5553,6426,4803,4006,202.8500,1.5600
1783085562.818243,5544,6435,4840,4034,200.1500,-1.6300
1783085562.834247,5516,6445,4812,4024,200.1500,-1.6300
1783085562.849974,5544,6416,4822,4006,200.1500,-1.6300
1783085562.866723,5544,6426,4784,4015,209.7500,2.8100
1783085562.882552,5506,6416,4850,4006,209.7500,2.8100
1783085562.899104,5535,6416,4831,4071,209.7500,2.8100
1783085562.914258,5516,6416,4831,4071,209.7500,2.8100
1783085562.929285,5469,6398,4850,4034,200.1500,-1.5000
1783085562.945276,5478,6388,4859,4006,200.1500,-1.5000
1783085562.960514,5516,6379,4925,4015,200.1500,-1.5000
1783085562.978302,5460,6407,4831,4015,200.1500,3.1300
1783085562.994137,5460,6407,4859,4099,200.1500,3.1300
1783085563.010393,5469,6426,4887,4006,200.1500,3.1300
1783085563.026261,5460,6398,4859,4081,196.2200,-1.5000
1783085563.042311,5544,6407,4850,4071,196.2200,-1.5000
1783085563.058455,5478,6398,4887,4081,196.2200,-1.5000
1783085563.074100,5478,6370,4831,4052,204.2300,0.1900
1783085563.090313,5469,6360,4887,4034,204.2300,0.1900
1783085563.106481,5460,6388,4859,4071,204.2300,0.1900
1783085563.122447,5469,6370,4887,4052,193.5700,-2.6900
1783085563.138299,5441,6398,4869,4034,193.5700,-2.6900
1783085563.154509,5422,6379,4906,4062,193.5700,-2.6900
1783085563.170279,5441,6360,4944,4052,200.1500,0.6900
1783085563.186265,5422,6351,4934,4156,200.1500,0.6900
1783085563.201320,5450,6379,4934,4081,200.1500,0.6900
1783085563.217246,5441,6341,4897,4137,200.1500,0.6900
1783085563.233303,5441,6407,4887,4109,206.9900,-1.8100
1783085563.249324,5460,6388,4878,4118,206.9900,-1.8100
1783085563.265298,5431,6332,4906,4090,206.9900,-1.8100
1783085563.281816,5431,6379,4944,4099,201.5300,2.9400
1783085563.297360,5422,6341,4944,4090,201.5300,2.9400
1783085563.313358,5460,6379,4934,4137,201.5300,2.9400
1783085563.329398,5413,6379,4925,4128,206.9900,-0.6300
1783085563.345468,5431,6360,4906,4128,206.9900,-0.6300
1783085563.361455,5413,6379,4915,4128,206.9900,-0.6300
1783085563.376460,5431,6351,4934,4128,204.1800,0.1200
1783085563.393357,5403,6332,4962,4137,204.1800,0.1200
1783085563.409544,5375,6313,4944,4118,204.1800,0.1200
1783085563.425487,5422,6360,4962,4081,208.2600,0.9400
1783085563.441462,5413,6360,4934,4137,208.2600,0.9400
1783085563.457340,5394,6323,4953,4193,208.2600,0.9400
1783085563.474321,5375,6323,4944,4193,205.5600,1.0600
1783085563.490583,5394,6304,4981,4156,205.5600,1.0600
1783085563.506392,5394,6332,4944,4174,205.5600,1.0600
1783085563.522736,5403,6285,4925,4165,205.5600,0.7500
1783085563.538733,5394,6276,4972,4109,205.5600,0.7500
1783085563.554430,5403,6248,4944,4118,205.5600,0.7500
1783085563.570427,5422,6313,4934,4109,208.2600,-0.8100
1783085563.586623,5385,6313,4925,4174,208.2600,-0.8100
1783085563.602475,5431,6341,4953,4165,208.2600,-0.8100
1783085563.618547,5413,6313,4934,4137,205.5600,0.8100
1783085563.634658,5375,6332,4953,4137,205.5600,0.8100
1783085563.650471,5356,6257,4925,4109,205.5600,0.8100
1783085563.666480,5338,6266,4897,4193,205.5600,0.8100
1783085563.682694,5338,6257,4887,4146,200.1500,-2.6900
1783085563.698512,5347,6294,5037,4156,200.1500,-2.6900
1783085563.713555,5366,6285,4906,4203,200.1500,-2.6900
1783085563.729536,5366,6304,4934,4165,205.5600,0.5600
1783085563.745538,5394,6294,4962,4203,205.5600,0.5600
1783085563.761636,5366,6313,4991,4174,205.5600,0.5600
1783085563.777539,5366,6229,4962,4156,205.5600,-1.3100
1783085563.793493,5366,6294,4944,4249,205.5600,-1.3100
1783085563.809552,5328,6248,4925,4212,205.5600,-1.3100
1783085563.825459,5338,6238,5000,4212,205.5600,2.0000
1783085563.841538,5347,6248,4962,4306,205.5600,2.0000
1783085563.857693,5309,6248,5037,4193,205.5600,2.0000
1783085563.875588,5375,6266,4972,4193,202.8500,-2.0600
1783085563.891577,5291,6210,5000,4231,202.8500,-2.0600
1783085563.907688,5291,6219,5009,4240,202.8500,-2.0600
1783085563.923550,5291,6229,4962,4221,208.2600,0.8800
1783085563.939617,5309,6201,4991,4268,208.2600,0.8800
1783085563.955631,5356,6191,5047,4259,208.2600,0.8800
1783085563.970804,5281,6173,5028,4221,205.5600,0.8800
1783085563.986590,5300,6266,4991,4259,205.5600,0.8800
1783085564.003049,5300,6229,4962,4315,205.5600,0.8800
1783085564.019176,5291,6238,5056,4278,201.5300,-0.1900
1783085564.034670,5291,6238,5047,4287,201.5300,-0.1900
1783085564.050588,5309,6201,4991,4259,201.5300,-0.1900
1783085564.067240,5300,6210,4962,4278,209.7500,0.0600
1783085564.082882,5225,6201,5000,4259,209.7500,0.0600
1783085564.098787,5281,6229,5047,4287,209.7500,0.0600
1783085564.114892,5272,6219,5000,4296,209.7500,0.0600
1783085564.130660,5253,6229,5000,4184,205.5600,-0.4400
1783085564.146884,5263,6266,4991,4315,205.5600,-0.4400
1783085564.162876,5281,6219,4991,4296,205.5600,-0.4400
1783085564.178854,5272,6219,5019,4296,202.8500,0.6900
1783085564.194944,5309,6210,5009,4268,202.8500,0.6900
1783085564.211164,5234,6201,4991,4259,202.8500,0.6900
1783085564.226588,5281,6248,4972,4362,198.8700,-1.5000
1783085564.242007,5253,6191,4962,4287,198.8700,-1.5000
1783085564.257746,5216,6210,5028,4268,198.8700,-1.5000
1783085564.273625,5253,6201,5019,4306,206.9900,-1.0000
1783085564.289714,5253,6229,5000,4268,206.9900,-1.0000
1783085564.305790,5225,6219,5037,4278,206.9900,-1.0000
1783085564.322518,5234,6201,5056,4325,205.5600,-0.6900
1783085564.337735,5253,6173,5131,4334,205.5600,-0.6900
1783085564.353731,5234,6182,5037,4353,205.5600,-0.6900
1783085564.369707,5206,6154,5047,4287,205.5600,-0.6900
1783085564.385716,5206,6154,5056,4306,205.5600,0.5600
1783085564.401792,5188,6182,5056,4334,205.5600,0.5600
1783085564.417763,5225,6163,5141,4334,205.5600,0.5600
1783085564.433758,5206,6144,5112,4334,208.2600,-0.2500
1783085564.449800,5225,6210,5112,4306,208.2600,-0.2500
1783085564.465750,5253,6191,5084,4315,208.2600,-0.2500
1783085564.481774,5197,6201,5103,4334,205.5600,1.4400
1783085564.497969,5169,6144,5122,4334,205.5600,1.4400
1783085564.514830,5197,6154,5075,4334,205.5600,1.4400
1783085564.530776,5263,6116,5084,4343,201.5300,-0.1200
1783085564.546990,5178,6154,5094,4353,201.5300,-0.1200
1783085564.562978,5103,6135,5103,4315,201.5300,-0.1200
1783085564.578905,5150,6191,5075,4362,206.9900,-0.1900
1783085564.595183,5178,6163,5122,4371,206.9900,-0.1900
1783085564.611027,5206,6154,5112,4325,206.9900,-0.1900
1783085564.627091,5188,6116,5094,4334,204.1800,-1.4400
1783085564.644908,5206,6097,5188,4334,204.1800,-1.4400
1783085564.664104,5206,6079,5188,4334,204.1800,-1.4400
1783085564.680224,5159,6173,5131,4362,202.8500,0.6300
1783085564.696480,5150,6210,5112,4409,202.8500,0.6300
1783085564.711816,5150,6144,5150,4371,202.8500,0.6300
1783085564.730112,5206,6144,5169,4428,202.8500,-3.0600
1783085564.746089,5112,6154,5141,4437,202.8500,-3.0600
1783085564.762329,5159,6116,5141,4390,202.8500,-3.0600
1783085564.778147,5159,6182,5122,4353,209.7500,1.8800
1783085564.794159,5150,6154,5141,4381,209.7500,1.8800
1783085564.810261,5150,6107,5216,4437,209.7500,1.8800
1783085564.826229,5159,6135,5188,4409,204.1800,0.1200
1783085564.842024,5178,6163,5178,4437,204.1800,0.1200
1783085564.859355,5159,6097,5197,4437,204.1800,0.1200
1783085564.876048,5103,6144,5141,4428,205.5600,0.4400
1783085564.891867,5141,6135,5159,4456,205.5600,0.4400
1783085564.907935,5169,6135,5169,4409,205.5600,0.4400
1783085564.923343,5178,6135,5178,4456,208.2600,1.0000
1783085564.938856,5122,6191,5141,4409,208.2600,1.0000
1783085564.955030,5131,6116,5150,4418,208.2600,1.0000
1783085564.970855,5122,6116,5197,4475,208.2600,1.0000
1783085564.986968,5122,6126,5188,4428,206.9900,-0.7500
1783085565.003150,5122,6144,5197,4475,206.9900,-0.7500
1783085565.018886,5075,6116,5178,4456,206.9900,-0.7500
1783085565.034922,5094,6088,5159,4437,205.5600,1.5000
1783085565.051182,5084,6097,5188,4418,205.5600,1.5000
1783085565.067036,5103,6107,5178,4484,205.5600,1.5000
1783085565.085086,5159,6088,5169,4484,205.5600,0.7500
1783085565.100897,5066,6079,5216,4465,205.5600,0.7500
1783085565.117056,5056,6116,5178,4446,205.5600,0.7500
1783085565.133033,5094,6069,5216,4446,201.5300,-0.4400
1783085565.148995,5075,6088,5169,4456,201.5300,-0.4400
1783085565.164169,5122,6060,5206,4456,201.5300,-0.4400
1783085565.179950,5094,6032,5206,4409,206.9900,-2.1300
1783085565.195930,5103,6041,5188,4446,206.9900,-2.1300
1783085565.212303,5056,6041,5178,4493,206.9900,-2.1300
1783085565.227961,5075,6051,5225,4437,201.5300,-1.2500
1783085565.244030,5075,6060,5178,4456,201.5300,-1.2500
1783085565.260264,5084,6079,5234,4456,201.5300,-1.2500
1783085565.275958,5047,6069,5169,4503,202.8500,-2.1300
1783085565.292213,5028,6069,5178,4493,202.8500,-2.1300
1783085565.308396,5019,6097,5216,4465,202.8500,-2.1300
1783085565.324133,5066,6032,5225,4484,209.7500,1.1900
1783085565.340064,5047,6032,5234,4540,209.7500,1.1900
1783085565.356360,5075,6060,5216,4540,209.7500,1.1900
1783085565.372787,5084,6088,5206,4531,202.8500,1.1200
1783085565.388181,5028,5985,5253,4522,202.8500,1.1200
1783085565.404241,5009,6041,5216,4512,202.8500,1.1200
1783085565.420183,5019,6079,5253,4559,202.8500,1.1200
1783085565.436107,5075,6013,5263,4503,201.5300,-0.0600
1783085565.451084,5000,6032,5225,4550,201.5300,-0.0600
1783085565.467047,5000,6013,5272,4578,201.5300,-0.0600
1783085565.483737,5009,5985,5225,4540,204.2300,1.1200
1783085565.499372,4991,5985,5253,4522,204.2300,1.1200
1783085565.515332,4991,6088,5253,4568,204.2300,1.1200
1783085565.531285,5009,6041,5234,4578,201.5300,0.0600
1783085565.547143,4953,5985,5253,4568,201.5300,0.0600
1783085565.563090,5028,5985,5253,4578,201.5300,0.0600
1783085565.579342,4981,6060,5253,4578,208.2600,0.9400
1783085565.595074,5019,6004,5234,4587,208.2600,0.9400
1783085565.611056,4981,6004,5225,4559,208.2600,0.9400
1783085565.627138,4981,6041,5272,4606,206.9900,-0.3100
1783085565.643060,4953,5966,5244,4625,206.9900,-0.3100
1783085565.659102,4962,5985,5244,4606,206.9900,-0.3100
1783085565.675299,4972,6051,5225,4568,201.5300,-1.3700
1783085565.691097,5009,6013,5272,4690,201.5300,-1.3700
1783085565.707099,4962,6051,5253,4643,201.5300,-1.3700
1783085565.723418,4972,5985,5244,4615,202.8500,1.3100
1783085565.738215,5028,5966,5225,4615,202.8500,1.3100
1783085565.754258,5037,6022,5225,4568,202.8500,1.3100
1783085565.770376,4981,6004,5272,4597,205.5600,-1.6900
1783085565.786231,4962,5994,5281,4606,205.5600,-1.6900
1783085565.804123,4962,6004,5281,4559,205.5600,-1.6900
1783085565.820138,4962,5994,5281,4653,205.5600,-0.3100
1783085565.836303,4972,5947,5291,4681,205.5600,-0.3100
1783085565.852268,4906,5966,5281,4578,205.5600,-0.3100
1783085565.868128,4934,5966,5272,4615,205.5600,1.4400
1783085565.884558,4981,6004,5244,4643,205.5600,1.4400
1783085565.900188,4906,6022,5244,4615,205.5600,1.4400
1783085565.916223,4925,5976,5263,4597,205.5600,1.4400
1783085565.932570,4944,6022,5347,4681,206.9900,3.7500
1783085565.948148,4887,6032,5319,4653,206.9900,3.7500
1783085565.964114,4972,5966,5281,4662,206.9900,3.7500
1783085565.980356,4925,6032,5281,4625,201.5300,-0.3700
1783085565.996244,4906,5994,5309,4634,201.5300,-0.3700
1783085566.011545,4906,5966,5309,4653,201.5300,-0.3700
1783085566.027525,4925,5957,5300,4681,204.2300,1.2500
1783085566.043454,4944,6022,5281,4700,204.2300,1.2500
1783085566.059195,4897,5994,5309,4700,204.2300,1.2500
1783085566.075037,4897,6022,5281,4653,202.8500,-0.6900
1783085566.091244,4915,6032,5300,4653,202.8500,-0.6900
1783085566.107182,4869,5994,5309,4690,202.8500,-0.6900
1783085566.123319,4878,5947,5291,4700,198.8700,0.7500
1783085566.139157,4887,5966,5347,4653,198.8700,0.7500
1783085566.155151,4869,5966,5300,4672,198.8700,0.7500
1783085566.171173,4869,5966,5338,4709,198.8700,0.7500
1783085566.187172,4897,5929,5338,4681,200.1500,-2.3800
1783085566.203175,4906,5985,5309,4681,200.1500,-2.3800
1783085566.219217,4934,5985,5309,4709,200.1500,-2.3800
1783085566.235179,4887,5966,5319,4700,200.1500,-0.0600
1783085566.251231,4878,5957,5291,4709,200.1500,-0.0600
1783085566.267350,4831,5957,5328,4709,200.1500,-0.0600
1783085566.283259,4869,5938,5319,4728,202.8500,-0.3700
1783085566.298407,4869,5966,5319,4690,202.8500,-0.3700
1783085566.314265,4878,5994,5328,4765,202.8500,-0.3700
1783085566.330230,4897,5966,5328,4747,198.7100,-0.2500
1783085566.346509,4859,6004,5366,4709,198.7100,-0.2500
1783085566.362391,4859,5966,5319,4718,198.7100,-0.2500
1783085566.378478,4840,5966,5338,4709,201.5300,0.6900
1783085566.395169,4850,5976,5328,4690,201.5300,0.6900
1783085566.410247,4869,5994,5338,4775,201.5300,0.6900
1783085566.426229,4812,6013,5366,4718,210.9700,0.5600
1783085566.442461,4925,6004,5319,4737,210.9700,0.5600
1783085566.458338,4803,5976,5347,4747,210.9700,0.5600
1783085566.474214,4840,5985,5309,4765,202.8500,-1.0000
1783085566.490502,4812,6013,5356,4718,202.8500,-1.0000
1783085566.506294,4831,5957,5347,4747,202.8500,-1.0000
1783085566.522684,4859,6041,5347,4718,205.5600,2.0600
1783085566.538407,4794,5966,5375,4728,205.5600,2.0600
1783085566.554258,4822,6013,5356,4747,205.5600,2.0600
1783085566.570376,4812,6032,5366,4775,202.8500,-0.7500
1783085566.585346,4831,5976,5366,4765,202.8500,-0.7500
1783085566.603305,4831,5994,5366,4784,202.8500,-0.7500
1783085566.619311,4794,5976,5394,4709,202.8500,-0.7500
1783085566.635279,4831,5976,5375,4803,208.2600,1.3700
1783085566.651271,4784,5929,5385,4784,208.2600,1.3700
1783085566.667340,4784,5947,5413,4737,208.2600,1.3700
1783085566.683268,4803,5966,5366,4812,205.5600,-1.0000
1783085566.699401,4822,6022,5403,4784,205.5600,-1.0000
1783085566.715346,4840,5938,5413,4803,205.5600,-1.0000
1783085566.731426,4803,5938,5385,4747,205.5600,0.1200
1783085566.747396,4812,5976,5375,4737,205.5600,0.1200
1783085566.763324,4803,6060,5385,4728,205.5600,0.1200
1783085566.779315,4794,6004,5431,4756,205.5600,-3.0600
1783085566.795296,4718,6032,5385,4756,205.5600,-3.0600
1783085566.811365,4765,5994,5422,4784,205.5600,-3.0600
1783085566.827370,4812,6051,5422,4840,202.8500,0.1900
1783085566.842438,4831,6022,5422,4794,202.8500,0.1900
1783085566.858367,4794,6051,5403,4831,202.8500,0.1900
1783085566.874506,4784,6041,5431,4822,205.5600,-1.0600
1783085566.890860,4709,6088,5413,4794,205.5600,-1.0600
1783085566.906560,4709,6069,5441,4822,205.5600,-1.0600
1783085566.923543,4728,5985,5460,4831,200.1500,0.9400
1783085566.938864,4728,6013,5422,4822,200.1500,0.9400
1783085566.954546,4765,6022,5431,4812,200.1500,0.9400
1783085566.970795,4747,6154,5413,4794,204.1800,0.1200
1783085566.986451,4756,6144,5441,4822,204.1800,0.1200
1783085567.002419,4794,6097,5422,4859,204.1800,0.1200
1783085567.018553,4794,6069,5450,4850,206.9900,1.0600
1783085567.034420,4747,5957,5403,4859,206.9900,1.0600
1783085567.050544,4737,5976,5431,4869,206.9900,1.0600
1783085567.066706,4737,5985,5403,4906,206.9900,1.0600
1783085567.082501,4690,6051,5413,4812,202.8500,2.1900
1783085567.098495,4690,6116,5469,4953,202.8500,2.1900
1783085567.114663,4672,6060,5431,4887,202.8500,2.1900
1783085567.129467,4718,5966,5478,4850,198.8700,-0.5000
1783085567.145447,4728,6097,5469,4915,198.8700,-0.5000
1783085567.161469,4784,6229,5422,4897,198.8700,-0.5000
1783085567.177518,4728,6041,5488,4897,206.9900,0.4400
1783085567.193419,4672,6022,5460,4850,206.9900,0.4400
1783085567.209440,4709,5966,5441,4897,206.9900,0.4400
1783085567.225419,4718,6069,5450,4972,198.8700,-1.2500
1783085567.241511,4737,6041,5469,4869,198.8700,-1.2500
1783085567.257471,4700,6022,5450,4944,198.8700,-1.2500
1783085567.273722,4653,6154,5488,4925,204.2300,0.2500
1783085567.289565,4662,6032,5488,4915,204.2300,0.2500
1783085567.305488,4634,6116,5460,4925,204.2300,0.2500
1783085567.321459,4700,6097,5478,4962,201.5300,-1.0600
1783085567.337501,4700,6097,5497,4953,201.5300,-1.0600
1783085567.353502,4672,6144,5506,4962,201.5300,-1.0600
1783085567.369490,4672,6116,5488,4925,201.5300,-1.0600
1783085567.385680,4718,6097,5525,4991,206.9900,-1.3100
1783085567.400575,4681,6060,5525,4953,206.9900,-1.3100
1783085567.416542,4709,6097,5506,4991,206.9900,-1.3100
1783085567.432998,4672,6116,5506,4981,205.5600,-1.0600
1783085567.448537,4709,5938,5544,5028,205.5600,-1.0600
1783085567.464484,4681,6173,5525,5047,205.5600,-1.0600
1783085567.480906,4690,6116,5525,5019,201.5300,0.8800
1783085567.496548,4672,6135,5553,5037,201.5300,0.8800
1783085567.512507,4681,5994,5563,5112,201.5300,0.8800
1783085567.528715,4653,5816,5535,5056,205.5600,-0.7500
1783085567.544547,4625,6088,5525,5094,205.5600,-0.7500
1783085567.560627,4653,6051,5525,5047,205.5600,-0.7500
1783085567.576990,4643,6097,5535,5056,209.7500,1.3100
1783085567.592737,4625,5947,5572,5094,209.7500,1.3100
1783085567.608799,4587,5863,5591,5094,209.7500,1.3100
1783085567.624936,4690,6032,5553,5103,204.1800,0.0000
1783085567.640764,4615,6051,5591,5141,204.1800,0.0000
1783085567.656779,4625,6060,5610,5131,204.1800,0.0000
1783085567.673703,4615,6060,5572,5131,205.5600,0.7500
1783085567.688717,4643,6041,5572,5225,205.5600,0.7500
1783085567.704133,4559,5976,5572,5141,205.5600,0.7500
1783085567.719792,4615,6004,5619,5150,205.5600,0.7500
1783085567.735712,4634,6022,5591,5225,205.5600,-2.0000
1783085567.751704,4615,5985,5582,5169,205.5600,-2.0000
1783085567.768241,4578,5891,5591,5206,202.8500,0.1900
1783085567.783762,4643,6041,5553,5169,202.8500,0.1900
1783085567.799750,4606,5976,5610,5178,202.8500,0.1900
1783085567.815720,4568,5891,5582,5197,202.8500,0.1900
1783085567.831843,4597,5863,5544,5197,202.8500,-3.2500
1783085567.847711,4568,5891,5600,5188,202.8500,-3.2500
1783085567.865861,4550,5825,5666,5244,202.8500,-3.2500
1783085567.879885,4625,5985,5600,5122,206.9900,1.8100
1783085567.895834,4568,5844,5572,5225,206.9900,1.8100
1783085567.911996,4597,5947,5572,5244,206.9900,1.8100
1783085567.927707,4522,5863,5610,5291,204.1800,0.5600
1783085567.945658,4606,5994,5563,5291,204.1800,0.5600
1783085567.962454,4559,6022,5582,5309,204.1800,0.5600
1783085567.978431,4531,5910,5638,5338,210.9700,7.1300
1783085567.993735,4550,5872,5619,5328,210.9700,7.1300
1783085568.010004,4493,5957,5610,5356,210.9700,7.1300
1783085568.025656,4531,5863,5619,5403,216.3800,-4.8800
1783085568.041773,4531,6060,5591,5375,216.3800,-4.8800
1783085568.058019,4540,5872,5591,5385,216.3800,-4.8800
1783085568.075487,4512,5844,5610,5403,208.2600,3.0000
1783085568.089746,4503,5891,5628,5347,208.2600,3.0000
1783085568.106127,4540,6022,5628,5413,208.2600,3.0000
1783085568.122502,4559,6032,5619,5441,205.5600,-1.0000
1783085568.137746,4550,5919,5619,5441,205.5600,-1.0000
1783085568.154078,4531,5957,5647,5422,205.5600,-1.0000
1783085568.169613,4540,5882,5647,5422,205.5600,-1.0000
1783085568.185498,4550,5779,5610,5338,205.5600,2.6300
1783085568.201828,4531,6069,5666,5403,205.5600,2.6300
1783085568.216559,4559,5891,5610,5356,205.5600,2.6300
1783085568.233427,4540,5844,5619,5366,208.2600,-2.8800
1783085568.249679,4512,5872,5610,5413,208.2600,-2.8800
1783085568.264835,4475,5788,5657,5422,208.2600,-2.8800
1783085568.280879,4493,5910,5675,5403,208.2600,-1.0000
1783085568.297130,4503,5976,5628,5385,208.2600,-1.0000
1783085568.312975,4484,5807,5619,5375,208.2600,-1.0000
1783085568.328883,4484,5779,5685,5403,205.5600,-1.1200
1783085568.346642,4503,5816,5657,5403,205.5600,-1.1200
1783085568.363382,4465,5825,5666,5431,205.5600,-1.1200
1783085568.378927,4437,5947,5638,5441,215.2700,-1.8800
1783085568.394828,4475,5863,5600,5441,215.2700,-1.8800
1783085568.411253,4428,5760,5657,5431,215.2700,-1.8800
1783085568.426564,4493,5844,5657,5450,204.1800,1.0600
1783085568.441928,4465,5835,5657,5422,204.1800,1.0600
1783085568.457730,4493,5825,5675,5431,204.1800,1.0600
1783085568.475103,4456,5750,5628,5478,205.5600,2.1300
1783085568.489965,4465,5825,5685,5506,205.5600,2.1300
1783085568.505757,4446,5769,5647,5535,205.5600,2.1300
1783085568.521707,4418,5703,5675,5469,210.9700,-1.2500
1783085568.538358,4437,5816,5657,5506,210.9700,-1.2500
1783085568.554258,4437,5769,5657,5488,210.9700,-1.2500
1783085568.570081,4409,5769,5685,5516,210.9700,-1.2500
1783085568.586263,4418,5769,5750,5506,205.5600,1.3700
1783085568.602370,4390,5816,5675,5488,205.5600,1.3700
1783085568.617953,4409,5769,5703,5525,205.5600,1.3700
1783085568.634130,4446,5825,5675,5469,202.8500,0.1900
1783085568.650024,4428,5816,5685,5497,202.8500,0.1900
1783085568.665849,4437,5863,5732,5460,202.8500,0.1900
1783085568.681948,4418,5816,5685,5478,210.9700,1.1900
1783085568.698010,4390,5769,5694,5450,210.9700,1.1900
1783085568.713798,4400,5872,5675,5478,210.9700,1.1900
1783085568.729083,4428,5854,5732,5488,208.2600,-0.4400
1783085568.744801,4446,5741,5741,5506,208.2600,-0.4400
1783085568.760909,4418,5797,5741,5647,208.2600,-0.4400
1783085568.777031,4418,5750,5722,5516,205.5600,-0.2500
1783085568.792773,4409,5732,5694,5516,205.5600,-0.2500
1783085568.808880,4390,5816,5741,5450,205.5600,-0.2500
1783085568.825575,4428,5844,5788,5497,202.8500,-2.5600
1783085568.841076,4400,5769,5741,5516,202.8500,-2.5600
1783085568.857040,4381,5797,5732,5525,202.8500,-2.5600
1783085568.875139,4362,5769,5722,5460,202.8500,0.6300
1783085568.889292,4381,5760,5788,5497,202.8500,0.6300
1783085568.905380,4390,5844,5760,5497,202.8500,0.6300
1783085568.924422,4353,5779,5760,5488,208.2600,-0.9400
1783085568.937322,4334,5741,5741,5469,208.2600,-0.9400
1783085568.953046,4400,5722,5732,5516,208.2600,-0.9400
1783085568.969230,4371,5816,5769,5525,205.5600,0.4400
1783085568.984925,4381,5713,5741,5469,205.5600,0.4400
1783085569.000052,4381,5741,5788,5563,205.5600,0.4400
1783085569.016208,4381,5741,5741,5497,205.5600,0.4400
1783085569.032486,4381,5732,5741,5488,202.8500,0.0600
1783085569.047975,4343,5694,5760,5553,202.8500,0.0600
1783085569.064304,4381,5647,5722,5516,202.8500,0.0600
1783085569.080411,4343,5685,5732,5497,202.8500,0.6300
1783085569.096085,4343,5685,5750,5544,202.8500,0.6300
1783085569.112367,4325,5694,5732,5516,202.8500,0.6300
1783085569.128055,4325,5647,5722,5506,205.5600,-0.8800
1783085569.144283,4325,5732,5779,5525,205.5600,-0.8800
1783085569.160608,4334,5675,5760,5506,205.5600,-0.8800
1783085569.176711,4353,5600,5797,5516,205.5600,0.3700
1783085569.192589,4334,5638,5769,5497,205.5600,0.3700
1783085569.208806,4315,5657,5760,5563,205.5600,0.3700
1783085569.226515,4353,5666,5779,5525,208.2600,0.1900
1783085569.240199,4306,5638,5807,5516,208.2600,0.1900
1783085569.256313,4325,5600,5807,5535,208.2600,0.1900
1783085569.272137,4287,5610,5788,5525,205.5600,-0.7500
1783085569.288148,4334,5600,5779,5535,205.5600,-0.7500
1783085569.303076,4296,5610,5797,5516,205.5600,-0.7500
1783085569.318992,4315,5600,5797,5553,205.5600,-0.7500
1783085569.335450,4306,5666,5797,5506,205.5600,-0.3700
1783085569.351280,4334,5638,5825,5553,205.5600,-0.3700
1783085569.367226,4315,5713,5797,5516,205.5600,-0.3700
1783085569.383728,4306,5647,5816,5506,202.8500,-2.2500
1783085569.399332,4268,5638,5844,5544,202.8500,-2.2500
1783085569.415341,4287,5610,5807,5506,202.8500,-2.2500
1783085569.431944,4306,5638,5807,5497,201.5300,-1.2500
1783085569.447592,4315,5619,5844,5516,201.5300,-1.2500
1783085569.463434,4221,5647,5835,5478,201.5300,-1.2500
1783085569.479961,4221,5675,5825,5563,209.7500,-0.6300
1783085569.495584,4268,5666,5863,5572,209.7500,-0.6300
1783085569.511481,4249,5666,5882,5497,209.7500,-0.6300
1783085569.527604,4259,5610,5863,5516,208.2600,0.0600
1783085569.543115,4268,5610,5854,5469,208.2600,0.0600
1783085569.559229,4249,5628,5835,5516,208.2600,0.0600
1783085569.575940,4212,5685,5872,5525,208.2600,1.9400
1783085569.590121,4184,5685,5882,5497,208.2600,1.9400
1783085569.606123,4184,5685,5854,5497,208.2600,1.9400
1783085569.623609,4203,5703,5844,5488,204.1800,1.0000
1783085569.638612,4221,5544,5882,5535,204.1800,1.0000
1783085569.654572,4193,5572,5882,5563,204.1800,1.0000
1783085569.670887,4240,5535,5891,5506,205.5600,0.3700
1783085569.686633,4240,5619,5891,5535,205.5600,0.3700
1783085569.702297,4231,5610,5882,5525,205.5600,0.3700
1783085569.718598,4240,5600,5938,5544,215.2700,-0.1200
1783085569.734146,4174,5572,5872,5572,215.2700,-0.1200
1783085569.750576,4240,5506,5919,5582,215.2700,-0.1200
1783085569.766762,4174,5544,5910,5600,215.2700,-0.1200
1783085569.782575,4203,5506,5882,5619,201.5300,-1.3700
1783085569.798513,4203,5563,5891,5591,201.5300,-1.3700
1783085569.814926,4174,5572,5891,5553,201.5300,-1.3700
1783085569.830500,4212,5544,5891,5572,209.7500,0.5000
1783085569.846338,4174,5506,5919,5582,209.7500,0.5000
1783085569.861206,4212,5553,5900,5544,209.7500,0.5000
1783085569.877190,4212,5516,5910,5544,205.5600,-3.2500
1783085569.893469,4184,5525,5900,5544,205.5600,-3.2500
1783085569.909230,4184,5553,5891,5535,205.5600,-3.2500
1783085569.925901,4146,5506,5900,5591,202.8500,-4.8800
1783085569.941993,4156,5525,5900,5610,202.8500,-4.8800
1783085569.957571,4146,5553,5919,5582,202.8500,-4.8800
1783085569.974735,4118,5516,5900,5591,208.2600,3.6300
1783085569.989822,4128,5516,5891,5610,208.2600,3.6300
1783085570.005644,4071,5488,5891,5619,208.2600,3.6300
1783085570.021720,4118,5516,5976,5619,198.8700,-3.1300
1783085570.037767,4090,5488,5957,5628,198.8700,-3.1300
1783085570.053329,4146,5469,5947,5628,198.8700,-3.1300
1783085570.069318,4137,5506,5929,5666,198.8700,-3.1300
1783085570.085604,4128,5506,5929,5619,205.5600,3.1300
1783085570.101388,4118,5497,5929,5647,205.5600,3.1300
1783085570.116408,4137,5525,5919,5694,205.5600,3.1300
1783085570.132657,4137,5460,5938,5647,202.8500,-1.3700
1783085570.148841,4128,5506,5947,5713,202.8500,-1.3700
1783085570.164625,4109,5572,5938,5750,202.8500,-1.3700
1783085570.181883,4090,5506,5957,5666,202.8500,2.3100
1783085570.196672,4109,5441,5976,5816,202.8500,2.3100
1783085570.212831,4052,5450,5947,5732,202.8500,2.3100
1783085570.229104,4081,5497,5966,5713,204.2300,0.1200
1783085570.244689,4052,5469,5966,5694,204.2300,0.1200
1783085570.260962,4090,5460,5976,5750,204.2300,0.1200
1783085570.276627,4090,5488,5938,5825,204.1800,0.2500
1783085570.292508,4090,5469,5957,5769,204.1800,0.2500
1783085570.308751,4052,5506,5938,5741,204.1800,0.2500
1783085570.325904,4062,5460,5957,5807,200.1500,-2.3800
1783085570.340531,4109,5460,5976,5779,200.1500,-2.3800
1783085570.357489,4071,5469,5985,5779,200.1500,-2.3800
1783085570.374920,4043,5441,5966,5816,202.8500,1.4400
1783085570.389504,4128,5450,5938,5797,202.8500,1.4400
1783085570.405477,4090,5450,5947,5760,202.8500,1.4400
1783085570.421796,4043,5460,5938,5769,200.1500,-2.3100
1783085570.437575,4015,5403,5957,5816,200.1500,-2.3100
1783085570.454830,4081,5441,5994,5835,200.1500,-2.3100
1783085570.470067,4034,5356,5994,5872,209.7500,2.3100
1783085570.485839,4015,5460,5966,5844,209.7500,2.3100
1783085570.501791,4024,5413,5985,5844,209.7500,2.3100
1783085570.519255,4043,5413,5957,5900,209.7500,2.3100
1783085570.533804,4034,5431,5985,5825,198.8700,0.9400
1783085570.549556,4006,5366,6032,5872,198.8700,0.9400
1783085570.565855,4006,5422,6004,5872,198.8700,0.9400
1783085570.581620,4024,5469,5985,5797,209.7500,0.5600
1783085570.597621,3987,5478,6051,5835,209.7500,0.5600
1783085570.614081,3987,5413,6022,5816,209.7500,0.5600
1783085570.628592,4015,5469,6022,5825,204.1800,0.6300
1783085570.645200,3977,5385,5994,5844,204.1800,0.6300
1783085570.661765,3968,5394,6013,5863,204.1800,0.6300
1783085570.677355,3968,5431,6004,5910,202.8500,-0.5600
1783085570.693395,4006,5441,6060,5863,202.8500,-0.5600
1783085570.709300,3996,5385,6032,5900,202.8500,-0.5600
1783085570.727097,4034,5394,6013,5863,208.2600,2.4400
1783085570.741329,3921,5394,6022,5891,208.2600,2.4400
1783085570.757107,3949,5375,6041,5891,208.2600,2.4400
1783085570.773247,3996,5394,6013,5910,208.2600,2.4400
1783085570.788872,3977,5366,6022,5947,205.5600,-1.0000
1783085570.805170,3968,5375,6022,5854,205.5600,-1.0000
1783085570.820967,3959,5385,6032,5910,205.5600,-1.0000
1783085570.836858,3912,5413,6060,5947,205.5600,1.6900
1783085570.853419,3959,5328,6051,5900,205.5600,1.6900
1783085570.869049,3949,5366,6069,5976,205.5600,1.6900
1783085570.885081,3931,5366,6060,5938,205.5600,-1.0600
1783085570.901289,3968,5356,6051,5947,205.5600,-1.0600
1783085570.916005,3968,5356,6041,5938,205.5600,-1.0600
1783085570.932623,3996,5385,6051,5891,200.1500,-1.1200
1783085570.948941,3959,5356,6079,6004,200.1500,-1.1200
1783085570.964177,3921,5347,6079,5938,200.1500,-1.1200
1783085570.980253,3959,5356,6079,5891,205.5600,-0.8100
1783085570.996148,3959,5338,6107,5929,205.5600,-0.8100
1783085571.011941,3931,5328,6079,5947,205.5600,-0.8100
1783085571.028018,3949,5281,6069,5976,200.1500,0.1900
1783085571.044657,3912,5347,6069,5919,200.1500,0.1900
1783085571.060460,3874,5300,6116,5929,200.1500,0.1900
1783085571.076107,3921,5309,6107,5957,205.5600,0.2500
1783085571.092793,3893,5338,6107,5872,205.5600,0.2500
1783085571.107867,3902,5347,6126,5929,205.5600,0.2500
1783085571.125117,3902,5291,6107,5938,200.1500,1.1900
1783085571.140235,3893,5291,6107,5957,200.1500,1.1900
1783085571.156163,3893,5300,6144,5957,200.1500,1.1900
1783085571.172312,3874,5403,6144,6013,202.8500,0.5600
1783085571.187227,3912,5281,6144,5985,202.8500,0.5600
1783085571.203172,3893,5291,6116,5938,202.8500,0.5600
1783085571.219793,3855,5253,6173,5929,202.8500,0.4400
1783085571.235104,3874,5263,6097,6004,202.8500,0.4400
1783085571.251108,3902,5319,6135,5910,202.8500,0.4400
1783085571.267548,3865,5356,6126,5929,202.8500,0.4400
1783085571.283288,3855,5244,6154,5938,205.5600,-1.1900
1783085571.299334,3874,5328,6144,5947,205.5600,-1.1900
1783085571.315176,3865,5347,6154,6013,200.1500,-1.8800
1783085571.331624,3827,5300,6116,5947,200.1500,-1.8800
1783085571.347240,3846,5234,6144,5947,200.1500,-1.8800
1783085571.363020,3827,5234,6144,5929,200.1500,-1.8800
1783085571.379750,3827,5253,6135,5947,208.2600,0.9400
1783085571.394963,3855,5263,6126,5976,208.2600,0.9400
1783085571.411386,3799,5234,6144,5947,208.2600,0.9400
1783085571.427122,3799,5216,6210,6004,200.1500,-0.5000
1783085571.443054,3837,5225,6154,5966,200.1500,-0.5000
1783085571.458438,3809,5234,6126,5994,200.1500,-0.5000
1783085571.476172,3799,5291,6201,6041,205.5600,-0.9400
1783085571.490930,3818,5234,6210,6013,205.5600,-0.9400
1783085571.506289,3809,5234,6182,5994,205.5600,-0.9400
1783085571.523442,3846,5225,6126,6032,205.5600,-1.0600
1783085571.538727,3818,5159,6107,6051,205.5600,-1.0600
1783085571.556263,3837,5234,6163,6051,205.5600,-1.0600
1783085571.572180,3771,5178,6126,6004,205.5600,-0.3100
1783085571.588286,3809,5216,6154,5985,205.5600,-0.3100
1783085571.604280,3809,5197,6173,6004,205.5600,-0.3100
1783085571.620103,3855,5141,6238,6032,208.2600,-0.0600
1783085571.636558,3809,5206,6238,5994,208.2600,-0.0600
1783085571.652132,3818,5263,6219,6041,208.2600,-0.0600
1783085571.668451,3827,5188,6154,6032,208.2600,-0.0600
1783085571.683504,3771,5225,6163,6041,205.5600,0.3700
1783085571.699342,3818,5253,6173,6032,205.5600,0.3700
1783085571.715571,3846,5188,6154,6032,205.5600,0.3700
1783085571.731416,3837,5188,6219,6022,205.5600,1.2500
1783085571.747447,3855,5188,6201,6013,205.5600,1.2500
1783085571.763428,3780,5234,6238,6022,205.5600,1.2500
1783085571.779160,3780,5206,6219,6013,210.9700,-1.1900
1783085571.795636,3809,5169,6173,6013,210.9700,-1.1900
1783085571.812143,3780,5234,6191,5985,210.9700,-1.1900
1783085571.827315,3762,5216,6210,5966,210.9700,0.2500
1783085571.843511,3809,5206,6248,5985,210.9700,0.2500
1783085571.859701,3762,5178,6219,5994,210.9700,0.2500
1783085571.876561,3771,5206,6191,6022,202.8500,-1.5600
1783085571.891638,3799,5234,6210,6069,202.8500,-1.5600
1783085571.907624,3780,5178,6285,6032,202.8500,-1.5600
1783085571.925002,3780,5178,6219,5994,205.5600,1.0000
1783085571.939341,3743,5197,6266,5957,205.5600,1.0000
1783085571.954511,3799,5225,6257,6004,205.5600,1.0000
1783085571.970677,3818,5159,6238,6022,205.5600,1.0000
1783085571.986551,3790,5188,6257,6032,197.4400,-3.1300
1783085572.002801,3818,5178,6238,6032,197.4400,-3.1300
1783085572.018520,3790,5141,6248,6041,197.4400,-3.1300
1783085572.034509,3780,5150,6266,6041,205.5600,1.5000
1783085572.050887,3762,5150,6276,5985,205.5600,1.5000
1783085572.066591,3752,5216,6266,5994,205.5600,1.5000
1783085572.082661,3734,5141,6304,5966,200.1500,-0.7500
1783085572.103089,3752,5159,6276,6022,200.1500,-0.7500
1783085572.118707,3771,5122,6304,6022,200.1500,-0.7500
1783085572.132850,3743,5188,6285,6032,205.5600,3.3800
1783085572.153032,3780,5197,6266,5957,205.5600,3.3800
1783085572.163865,3771,5159,6285,5994,205.5600,3.3800
1783085572.179682,3743,5159,6285,6022,197.4400,0.2500
1783085572.195784,3752,5112,6285,5994,197.4400,0.2500
1783085572.210719,3734,5112,6304,5976,197.4400,0.2500
1783085572.226698,3734,5178,6248,5985,196.2200,2.0600
1783085572.242930,3734,5141,6276,6004,196.2200,2.0600
1783085572.258806,3780,5188,6323,6004,196.2200,2.0600
1783085572.275146,3752,5084,6323,6004,201.4700,-0.5000
1783085572.290917,3752,5141,6323,6013,201.4700,-0.5000
1783085572.307020,3715,5112,6285,6032,201.4700,-0.5000
1783085572.322991,3771,5131,6304,6013,202.8500,0.5600
1783085572.339108,3743,5131,6313,6013,202.8500,0.5600
1783085572.354965,3762,5178,6276,6022,202.8500,0.5600
1783085572.371222,3734,5150,6313,6060,202.8500,0.5600
1783085572.392552,3705,5122,6332,6004,200.1500,-1.3100
1783085572.403493,3724,5141,6323,6041,200.1500,-1.3100
1783085572.418731,3696,5056,6332,6013,200.1500,-1.3100
1783085572.434950,3677,5141,6294,6022,193.5700,2.6300
1783085572.450757,3715,5159,6332,6013,193.5700,2.6300
1783085572.466701,3705,5122,6360,6032,193.5700,2.6300
1783085572.481759,3696,5150,6360,6051,204.2300,-1.5600
1783085572.497657,3687,5094,6313,6041,204.2300,-1.5600
1783085572.513700,3677,5084,6341,6032,204.2300,-1.5600
1783085572.529680,3687,5122,6379,6022,202.8500,-1.0000
1783085572.545694,3696,5103,6341,6032,202.8500,-1.0000
1783085572.561729,3677,5094,6351,6069,202.8500,-1.0000
1783085572.578482,3649,5178,6370,6060,202.8500,-0.0600
1783085572.593973,3649,5066,6323,6022,202.8500,-0.0600
1783085572.609971,3658,5150,6341,6032,202.8500,-0.0600
1783085572.625678,3724,5178,6388,6088,204.1800,0.8800
1783085572.641744,3677,5094,6379,6060,204.1800,0.8800
1783085572.657799,3640,5084,6341,6060,204.1800,0.8800
1783085572.675792,3677,5112,6351,6060,205.5600,-1.5000
1783085572.691936,3687,5084,6360,6069,205.5600,-1.5000
1783085572.707851,3705,5075,6341,6097,205.5600,-1.5000
1783085572.724277,3687,5075,6370,6060,206.9900,2.9400
1783085572.738933,3658,5094,6379,6097,206.9900,2.9400
1783085572.754817,3687,5037,6379,6051,206.9900,2.9400
1783085572.771020,3715,5112,6379,6051,205.5600,-1.1200
1783085572.786864,3649,5084,6370,6116,205.5600,-1.1200
1783085572.802858,3668,5066,6416,6097,205.5600,-1.1200
1783085572.820475,3621,5084,6426,6051,205.5600,-1.1200
1783085572.835263,3583,5047,6398,6051,198.8700,1.7500
1783085572.851130,3612,5112,6416,6079,198.8700,1.7500
1783085572.867636,3602,5094,6398,6060,198.8700,1.7500
1783085572.882932,3630,5000,6388,6069,205.5600,-2.7500
1783085572.898933,3621,5131,6416,6097,205.5600,-2.7500
1783085572.915419,3593,5009,6454,6126,205.5600,-2.7500
1783085572.930940,3574,5066,6398,6107,204.2300,1.6300
1783085572.946932,3621,5047,6398,6079,204.2300,1.6300
1783085572.963168,3621,5094,6407,6079,204.2300,1.6300
1783085572.979019,3640,5084,6426,6088,201.5300,-3.2500
1783085572.995034,3593,5056,6426,6126,201.5300,-3.2500
1783085573.010839,3593,5094,6416,6107,201.5300,-3.2500
1783085573.026142,3593,5084,6445,6173,205.5600,2.3100
1783085573.042216,3555,5028,6426,6107,205.5600,2.3100
1783085573.057952,3565,5066,6407,6079,205.5600,2.3100
1783085573.075064,3574,5075,6435,6135,209.7500,0.3700
1783085573.090237,3574,5103,6426,6107,209.7500,0.3700
1783085573.106386,3583,5028,6445,6173,209.7500,0.3700
1783085573.121951,3546,5019,6426,6191,209.7500,0.3700
1783085573.137927,3565,5094,6445,6191,201.5300,0.3700
1783085573.154115,3583,5075,6445,6173,201.5300,0.3700
1783085573.169965,3546,5066,6454,6191,201.5300,0.3700
1783085573.186027,3555,5094,6426,6201,204.2300,0.1900
1783085573.202116,3555,5009,6463,6210,204.2300,0.1900
1783085573.217934,3508,5056,6463,6248,204.2300,0.1900
1783085573.233974,3555,5084,6463,6173,202.8500,0.1200
1783085573.250246,3574,5075,6473,6163,202.8500,0.1200
1783085573.266029,3537,5019,6491,6238,202.8500,0.1200
1783085573.281571,3518,5084,6463,6229,198.8700,1.1200
1783085573.297409,3499,5019,6510,6219,198.8700,1.1200
1783085573.315337,3555,5028,6482,6219,198.8700,1.1200
1783085573.331177,3565,5009,6426,6285,205.5600,1.4400
1783085573.347285,3565,5019,6501,6266,205.5600,1.4400
1783085573.363085,3546,5019,6491,6238,205.5600,1.4400
1783085573.379023,3537,5066,6473,6257,205.5600,0.5600
1783085573.395414,3508,5028,6510,6313,205.5600,0.5600
1783085573.411349,3480,5000,6510,6276,205.5600,0.5600
1783085573.427225,3508,5000,6491,6285,206.9900,-2.1900
1783085573.443373,3508,5056,6473,6313,206.9900,-2.1900
1783085573.459250,3518,5009,6482,6276,206.9900,-2.1900
1783085573.475417,3499,4981,6501,6285,201.5300,-0.8800
1783085573.491671,3508,4991,6510,6294,201.5300,-0.8800
1783085573.507174,3490,5009,6491,6304,201.5300,-0.8800
1783085573.523230,3480,5056,6510,6304,205.5600,-2.6900
1783085573.538600,3461,5009,6520,6285,205.5600,-2.6900
1783085573.554458,3518,4972,6538,6285,205.5600,-2.6900
1783085573.570067,3508,4981,6520,6294,205.5600,-2.6900
1783085573.586301,3452,5028,6454,6370,202.8500,1.3700
1783085573.602082,3452,4981,6510,6248,202.8500,1.3700
1783085573.618069,3461,4991,6529,6304,202.8500,1.3700
1783085573.634397,3461,5028,6510,6304,209.7500,1.3700
1783085573.650100,3461,5028,6520,6285,209.7500,1.3700
1783085573.666094,3480,4953,6510,6313,209.7500,1.3700
1783085573.682324,3452,4991,6538,6332,204.1800,0.1200
1783085573.698314,3415,4962,6520,6304,204.1800,0.1200
1783085573.714141,3461,4953,6482,6304,204.1800,0.1200
1783085573.730303,3461,4991,6538,6285,205.5600,1.0600
1783085573.746148,3405,4953,6548,6323,205.5600,1.0600
1783085573.762136,3405,4991,6538,6379,205.5600,1.0600
1783085573.778493,3405,5019,6538,6332,206.9900,-0.4400
1783085573.794403,3405,4953,6548,6341,206.9900,-0.4400
1783085573.809297,3443,4972,6566,6323,206.9900,-0.4400
1783085573.825300,3443,4915,6557,6351,206.8300,0.6900
1783085573.841200,3405,4991,6548,6332,206.8300,0.6900
1783085573.857280,3405,4991,6548,6323,206.8300,0.6900
1783085573.875615,3424,4906,6538,6323,205.5600,-0.8800
1783085573.891320,3358,5000,6548,6313,205.5600,-0.8800
1783085573.907220,3405,4962,6576,6388,205.5600,-0.8800
1783085573.923316,3396,4953,6548,6313,205.5600,-2.0000
1783085573.939287,3386,4944,6566,6332,205.5600,-2.0000
1783085573.955312,3443,4925,6529,6323,205.5600,-2.0000
1783085573.971408,3405,4953,6576,6341,205.5600,0.2500
1783085573.987395,3405,4953,6576,6341,205.5600,0.2500
1783085574.003388,3415,5000,6576,6341,205.5600,0.2500
1783085574.019368,3424,4934,6623,6313,205.5600,0.2500
1783085574.035374,3386,4878,6595,6313,205.5600,-2.1900
1783085574.051351,3396,4953,6585,6360,205.5600,-2.1900
1783085574.067164,3377,4953,6576,6360,205.5600,-2.1900
1783085574.082707,3358,4944,6566,6341,205.5600,0.0000
1783085574.098313,3358,4953,6613,6360,205.5600,0.0000
1783085574.114565,3368,4953,6585,6351,205.5600,0.0000
1783085574.130317,3340,4934,6604,6407,205.5600,0.8100
1783085574.146327,3368,4991,6576,6445,205.5600,0.8100
1783085574.162647,3368,4887,6576,6341,205.5600,0.8100
1783085574.178382,3349,4915,6613,6426,205.5600,-0.8800
1783085574.194325,3368,4915,6595,6435,205.5600,-0.8800
1783085574.210637,3340,4925,6604,6379,205.5600,-0.8800
1783085574.226246,3358,4887,6566,6454,205.5600,1.5000
1783085574.242393,3349,4840,6613,6407,205.5600,1.5000
1783085574.258587,3321,4944,6613,6398,205.5600,1.5000
1783085574.275198,3340,4915,6613,6379,205.5600,0.1200
1783085574.290549,3321,4944,6623,6370,205.5600,0.1200
1783085574.306972,3321,4850,6613,6435,205.5600,0.1200
1783085574.322416,3293,4850,6585,6463,205.5600,0.1200
1783085574.338469,3321,4897,6613,6445,210.9700,0.6900
1783085574.353775,3311,4944,6642,6407,210.9700,0.6900
1783085574.369740,3302,4915,6604,6379,210.9700,0.6900
1783085574.385473,3283,4850,6623,6454,210.9700,-0.8100
1783085574.401434,3311,4765,6651,6388,210.9700,-0.8100
1783085574.417701,3330,4915,6623,6426,210.9700,-0.8100
1783085574.433443,3293,4869,6632,6473,205.5600,-0.8100
1783085574.449569,3302,4915,6660,6407,205.5600,-0.8100
1783085574.465387,3227,4906,6698,6398,205.5600,-0.8100
1783085574.481408,3311,4840,6642,6445,205.5600,-1.0600
1783085574.497465,3255,4859,6642,6454,205.5600,-1.0600
1783085574.515460,3274,4840,6679,6454,205.5600,-1.0600
1783085574.531435,3302,4869,6688,6416,202.8500,0.4400
1783085574.547530,3264,4812,6642,6416,202.8500,0.4400
1783085574.563697,3302,4775,6698,6463,202.8500,0.4400
1783085574.580730,3264,4756,6698,6407,205.5600,-1.1900
1783085574.596708,3330,4728,6707,6501,205.5600,-1.1900
1783085574.613024,3274,4775,6660,6445,205.5600,-1.1900
1783085574.628757,3311,4765,6688,6435,205.5600,0.8100
1783085574.644755,3293,4840,6670,6482,205.5600,0.8100
1783085574.660906,3311,4822,6688,6454,205.5600,0.8100
1783085574.676358,3227,4803,6726,6520,204.1800,-0.2500
1783085574.692693,3264,4775,6660,6473,204.1800,-0.2500
1783085574.708973,3283,4728,6726,6445,204.1800,-0.2500
1783085574.725457,3264,4812,6688,6510,208.2600,-1.3100
1783085574.739582,3199,4812,6707,6510,208.2600,-1.3100
1783085574.756839,3255,4747,6745,6538,208.2600,-1.3100
1783085574.772575,3236,4784,6707,6473,208.2600,-1.3100
1783085574.788568,3180,4803,6717,6435,205.5600,2.0600
1783085574.804753,3246,4812,6726,6529,205.5600,2.0600
1783085574.820608,3264,4765,6735,6566,205.5600,2.0600
1783085574.836585,3283,4784,6698,6557,209.7500,0.4400
1783085574.851618,3246,4756,6717,6520,209.7500,0.4400
1783085574.867636,3255,4765,6726,6501,209.7500,0.4400
1783085574.883598,3255,4737,6717,6529,208.2600,1.3700
1783085574.899635,3208,4756,6763,6510,208.2600,1.3700
1783085574.915588,3218,4737,6754,6585,208.2600,1.3700
1783085574.931560,3246,4681,6717,6548,206.8300,-1.2500
1783085574.948108,3152,4747,6717,6510,206.8300,-1.2500
1783085574.963659,3171,4690,6735,6566,206.8300,-1.2500
1783085574.979607,3171,4662,6707,6538,206.9900,-0.1200
1783085574.997596,3180,4765,6745,6538,206.9900,-0.1200
1783085575.013836,3161,4681,6754,6576,206.9900,-0.1200
1783085575.029774,3143,4672,6726,6510,206.8300,-3.1300
1783085575.045664,3161,4662,6782,6585,206.8300,-3.1300
1783085575.061841,3199,4709,6754,6548,206.8300,-3.1300
1783085575.077615,3133,4737,6773,6576,205.5600,1.0600
1783085575.093066,3152,4747,6763,6538,205.5600,1.0600
1783085575.108653,3161,4700,6745,6595,205.5600,1.0600
1783085575.125477,3171,4690,6763,6548,210.9700,-0.1900
1783085575.140970,3105,4737,6773,6566,210.9700,-0.1900
1783085575.156687,3180,4700,6754,6576,210.9700,-0.1900
1783085575.172840,3208,4756,6810,6642,212.5100,-1.2500
1783085575.188918,3189,4709,6726,6604,212.5100,-1.2500
1783085575.204649,3133,4643,6782,6548,212.5100,-1.2500
1783085575.220631,3152,4634,6782,6595,212.5100,-1.2500
1783085575.236900,3246,4690,6745,6651,201.5300,0.5000
1783085575.252716,3236,4747,6763,6623,201.5300,0.5000
1783085575.268710,3143,4775,6763,6595,201.5300,0.5000
1783085575.284867,3171,4709,6763,6632,210.9700,1.0600
1783085575.300768,3189,4709,6810,6566,210.9700,1.0600
1783085575.316674,3133,4681,6763,6642,210.9700,1.0600
1783085575.332872,3133,4803,6810,6613,209.7500,0.9400
1783085575.348721,3180,4643,6810,6595,209.7500,0.9400
1783085575.364682,3114,4634,6820,6632,209.7500,0.9400
1783085575.379789,3030,4662,6829,6576,206.8300,1.1200
1783085575.395771,3124,4653,6810,6632,206.8300,1.1200
1783085575.411732,3105,4643,6810,6651,206.8300,1.1200
1783085575.427697,3077,4681,6810,6642,209.7500,0.8800
1783085575.443756,3208,4747,6810,6660,209.7500,0.8800
1783085575.459750,3143,4690,6839,6613,209.7500,0.8800
1783085575.477710,3114,4700,6857,6613,206.8300,-0.6900
1783085575.493789,3058,4653,6792,6623,206.8300,-0.6900
1783085575.509775,3058,4690,6839,6623,206.8300,-0.6900
1783085575.526105,3086,4634,6820,6642,208.2600,-0.6300
1783085575.541825,3058,4653,6857,6595,208.2600,-0.6300
1783085575.557791,3124,4718,6857,6660,208.2600,-0.6300
1783085575.574997,3114,4709,6839,6670,209.7500,-2.4400
1783085575.589838,3114,4672,6829,6604,209.7500,-2.4400
1783085575.605783,3039,4653,6857,6688,209.7500,-2.4400
1783085575.621981,3096,4662,6848,6623,210.9700,1.6300
1783085575.637187,3058,4662,6876,6613,210.9700,1.6300
1783085575.653140,3086,4634,6857,6679,210.9700,1.6300
1783085575.669420,3058,4643,6839,6660,210.9700,1.6300
1783085575.684830,3077,4662,6876,6670,201.5300,0.3100
1783085575.701106,2992,4568,6829,6670,201.5300,0.3100
1783085575.717257,3105,4634,6857,6679,201.5300,0.3100
1783085575.732847,3039,4625,6867,6604,215.2700,0.5600
1783085575.748821,3049,4615,6839,6642,215.2700,0.5600
1783085575.765228,3096,4634,6904,6660,215.2700,0.5600
1783085575.781109,3049,4597,6848,6642,204.1800,0.3100
1783085575.797143,3067,4681,6876,6642,204.1800,0.3100
1783085575.813170,3039,4653,6857,6632,204.1800,0.3100
1783085575.829008,3049,4643,6895,6632,213.6700,-0.6300
1783085575.844984,3049,4578,6885,6670,213.6700,-0.6300
1783085575.861164,3030,4587,6876,6651,213.6700,-0.6300
1783085575.876989,3039,4643,6942,6642,212.5100,-0.1200
1783085575.893021,3039,4643,6867,6651,212.5100,-0.1200
1783085575.908136,3058,4606,6942,6632,212.5100,-0.1200
1783085575.923952,3049,4615,6876,6660,209.4800,-0.9400
1783085575.940258,3124,4653,6904,6623,209.4800,-0.9400
1783085575.956536,3030,4653,6876,6651,209.4800,-0.9400
1783085575.972979,3058,4653,6895,6651,209.4800,-0.9400
1783085575.988950,3039,4615,6885,6642,206.9900,0.0000
1783085576.005406,3030,4634,6923,6613,206.9900,0.0000
1783085576.021210,3021,4597,6867,6632,206.9900,0.0000
1783085576.037072,3011,4597,6923,6660,208.2600,-0.3700
1783085576.053230,3058,4643,6895,6651,208.2600,-0.3700
1783085576.068970,2992,4615,6942,6660,208.2600,-0.3700
1783085576.084966,3030,4615,6932,6707,198.8700,-1.3100
1783085576.101134,3049,4587,6914,6660,198.8700,-1.3100
1783085576.117120,3021,4578,6932,6688,198.8700,-1.3100
1783085576.132948,3011,4587,6895,6595,209.7500,0.3700
1783085576.149293,3030,4597,6942,6623,209.7500,0.3700
1783085576.165108,3002,4615,6932,6698,209.7500,0.3700
1783085576.180451,2992,4615,6914,6642,201.5300,0.6900
1783085576.196547,2964,4578,6932,6717,201.5300,0.6900
1783085576.212338,2964,4615,6914,6754,201.5300,0.6900
1783085576.228022,2946,4578,7007,6679,208.2600,0.5600
1783085576.244307,2927,4568,6951,6679,208.2600,0.5600
1783085576.260063,2964,4559,6989,6679,208.2600,0.5600
1783085576.276457,2955,4550,6923,6707,202.8500,1.3700
1783085576.292353,3002,4606,6979,6707,202.8500,1.3700
1783085576.308037,3002,4578,6998,6688,202.8500,1.3700
1783085576.324800,2983,4540,6951,6670,205.5600,0.3700
1783085576.340254,2927,4550,6979,6707,205.5600,0.3700
1783085576.358266,2974,4568,6951,6707,205.5600,0.3700
1783085576.374186,3011,4625,6979,6679,200.1500,-0.0600
1783085576.390048,2955,4550,6979,6698,200.1500,-0.0600
1783085576.406376,2927,4568,6989,6745,200.1500,-0.0600
1783085576.422211,2917,4559,6979,6688,200.1500,-0.0600
1783085576.437200,2908,4634,6970,6726,205.5600,0.2500
1783085576.453435,2936,4540,6998,6726,205.5600,0.2500
1783085576.469364,2870,4587,7036,6698,205.5600,0.2500
1783085576.485315,2936,4606,7007,6717,209.7500,-1.1900
1783085576.505262,2880,4606,7007,6717,209.7500,-1.1900
1783085576.521168,2946,4522,7036,6707,202.8500,1.3100
1783085576.537118,2955,4512,7054,6754,202.8500,1.3100
1783085576.553069,2936,4512,7026,6754,202.8500,1.3100
1783085576.569321,2917,4522,7064,6773,202.8500,1.3100
1783085576.585084,2899,4540,7054,6726,202.8500,-0.3700
1783085576.601396,2955,4503,7007,6773,202.8500,-0.3700
1783085576.617213,2917,4625,7054,6717,202.8500,-0.3700
1783085576.633124,2870,4531,6998,6745,205.5600,-1.1200
1783085576.648187,2852,4568,7054,6763,205.5600,-1.1200
1783085576.664417,2936,4550,7007,6707,205.5600,-1.1200
1783085576.680122,2936,4540,7045,6754,201.5300,-1.0000
1783085576.696109,2964,4503,7054,6745,201.5300,-1.0000
1783085576.712420,2946,4522,7120,6763,201.5300,-1.0000
1783085576.728176,2983,4540,7045,6763,206.9900,0.7500
1783085576.744166,2861,4550,7120,6754,206.9900,0.7500
1783085576.760354,2955,4522,7017,6735,206.9900,0.7500
1783085576.776052,2889,4568,7092,6773,204.1800,-0.1900
1783085576.792150,2927,4550,7064,6773,204.1800,-0.1900
1783085576.808408,2899,4503,7064,6782,204.1800,-0.1900
1783085576.824790,2927,4522,7064,6792,205.5600,0.6300
1783085576.840167,2861,4522,7129,6773,205.5600,0.6300
1783085576.856431,2899,4531,7101,6782,205.5600,0.6300
1783085576.872247,2889,4522,7129,6820,205.5600,0.6300
1783085576.888209,2880,4540,7101,6792,205.5600,1.1900
1783085576.904420,2899,4493,7101,6810,205.5600,1.1900
1783085576.920182,2852,4512,7082,6820,205.5600,1.1900
1783085576.936230,2842,4503,7120,6820,209.7500,1.0000
1783085576.951236,2870,4493,7120,6839,209.7500,1.0000
1783085576.967199,2861,4493,7064,6782,209.7500,1.0000
1783085576.983527,2852,4531,7129,6829,204.1800,-2.0000
1783085576.999257,2852,4512,7092,6857,204.1800,-2.0000
1783085577.015220,2861,4493,7120,6782,204.1800,-2.0000
1783085577.031295,2824,4446,7139,6810,202.8500,0.4400
1783085577.047306,2899,4512,7129,6820,202.8500,0.4400
1783085577.063268,2908,4493,7129,6857,202.8500,0.4400
1783085577.081209,2917,4456,7176,6857,202.8500,-2.5000
1783085577.097278,2899,4456,7157,6829,202.8500,-2.5000
1783085577.115374,2880,4550,7139,6820,202.8500,-2.5000
1783085577.129256,2880,4493,7139,6904,202.8500,1.0600
1783085577.145366,2880,4465,7129,6792,202.8500,1.0600
1783085577.162514,2777,4503,7148,6801,202.8500,1.0600
1783085577.178196,2842,4503,7139,6820,205.5600,-0.0600
1783085577.193707,2842,4493,7157,6839,205.5600,-0.0600
1783085577.209272,2908,4465,7148,6820,205.5600,-0.0600
1783085577.226665,2842,4540,7120,6839,200.1500,0.9400
1783085577.241585,2805,4456,7157,6857,200.1500,0.9400
1783085577.257254,2805,4446,7139,6820,200.1500,0.9400
1783085577.273338,2814,4484,7157,6876,202.8500,0.1200
1783085577.289671,2842,4437,7176,6848,202.8500,0.1200
1783085577.305317,2852,4475,7139,6801,202.8500,0.1200
1783085577.321301,2852,4493,7195,6857,202.8500,0.1200
1783085577.337614,2880,4456,7186,6848,202.8500,-0.8100
1783085577.353360,2824,4437,7176,6839,202.8500,-0.8100
1783085577.369289,2842,4465,7157,6942,202.8500,-0.8100
1783085577.385642,2842,4428,7176,6792,205.5600,1.5000
1783085577.401277,2842,4512,7186,6876,205.5600,1.5000
1783085577.417493,2777,4540,7195,6904,205.5600,1.5000
1783085577.433612,2795,4456,7157,6829,205.5600,0.8800
1783085577.449351,2749,4428,7176,6932,205.5600,0.8800
1783085577.466342,2833,4484,7176,6932,205.5600,0.8800
1783085577.481647,2870,4493,7167,6829,202.8500,1.4400
1783085577.497298,2824,4465,7176,6885,202.8500,1.4400
1783085577.513463,2833,4484,7176,6876,202.8500,1.4400
1783085577.530034,2805,4371,7214,6914,205.5600,-2.8100
1783085577.545391,2824,4456,7148,6839,205.5600,-2.8100
1783085577.561085,2786,4437,7195,6904,205.5600,-2.8100
1783085577.577337,2777,4371,7167,6857,210.9700,-0.0600
1783085577.593100,2795,4390,7223,6885,210.9700,-0.0600
1783085577.609190,2805,4362,7176,6857,210.9700,-0.0600
1783085577.628175,2795,4428,7186,6867,200.1500,-3.8100
1783085577.641214,2777,4456,7195,6923,200.1500,-3.8100
1783085577.657285,2786,4428,7214,6951,200.1500,-3.8100
1783085577.673805,2749,4418,7167,6876,202.8500,0.6300
1783085577.689366,2749,4465,7242,6942,202.8500,0.6300
1783085577.705507,2777,4400,7214,6848,202.8500,0.6300
1783085577.721678,2758,4400,7233,6895,205.5600,0.1200
1783085577.737411,2749,4418,7251,6876,205.5600,0.1200
1783085577.753372,2749,4456,7223,6951,205.5600,0.1200
1783085577.768718,2805,4400,7223,6932,205.5600,0.1200
1783085577.784430,2767,4390,7204,6951,205.5600,1.4400
1783085577.800505,2739,4437,7233,6904,205.5600,1.4400
1783085577.816781,2739,4400,7195,6942,205.5600,1.4400
1783085577.832615,2739,4362,7251,6960,202.8500,0.6900
1783085577.849234,2711,4381,7242,6904,202.8500,0.6900
1783085577.863919,2758,4418,7223,6979,202.8500,0.6900
1783085577.879862,2739,4390,7289,6904,202.8500,1.3100
1783085577.895427,2720,4296,7233,6979,202.8500,1.3100
1783085577.911516,2739,4409,7261,6970,202.8500,1.3100
1783085577.927433,2739,4343,7242,6951,205.5600,1.2500
1783085577.943842,2720,4353,7279,6970,205.5600,1.2500
1783085577.959648,2692,4315,7223,6923,205.5600,1.2500
1783085577.975826,2739,4296,7261,6989,205.5600,-0.8100
1783085577.991557,2702,4287,7289,6960,205.5600,-0.8100
1783085578.007609,2702,4296,7251,6970,205.5600,-0.8100
1783085578.023531,2645,4343,7251,6942,200.1500,-0.6900
1783085578.040784,2655,4353,7251,6932,200.1500,-0.6900
1783085578.056933,2730,4381,7233,6989,200.1500,-0.6900
1783085578.072805,2617,4353,7298,7064,200.1500,-0.6900
1783085578.088757,2683,4381,7251,6970,200.1500,0.5600
1783085578.105054,2598,4381,7279,7073,200.1500,0.5600
1783085578.120790,2655,4371,7279,6932,200.1500,0.5600
1783085578.136786,2730,4315,7270,7045,202.8500,-2.0600
1783085578.153005,2664,4306,7279,7036,202.8500,-2.0600
1783085578.168560,2664,4334,7308,7073,202.8500,-2.0600
1783085578.184534,2664,4296,7298,6979,200.1500,1.1900
1783085578.200716,2683,4428,7317,7007,200.1500,1.1900
1783085578.216588,2636,4306,7345,7064,200.1500,1.1900
1783085578.232581,2561,4296,7317,7045,205.5600,-0.0600
1783085578.248768,2645,4334,7261,7054,205.5600,-0.0600
1783085578.264600,2580,4306,7336,7054,205.5600,-0.0600
1783085578.280545,2645,4315,7308,7007,205.5600,-0.5000
1783085578.295622,2655,4315,7298,7073,205.5600,-0.5000
1783085578.311554,2664,4362,7308,7054,205.5600,-0.5000
1783085578.327563,2617,4315,7317,7111,202.8500,0.2500
1783085578.343616,2617,4343,7317,7073,202.8500,0.2500
1783085578.359538,2580,4371,7336,7139,202.8500,0.2500
1783085578.375984,2608,4296,7317,7120,205.5600,-0.5000
1783085578.391582,2617,4296,7345,7111,205.5600,-0.5000
1783085578.407531,2617,4306,7326,7111,205.5600,-0.5000
1783085578.423577,2570,4315,7354,7157,205.5600,2.1900
1783085578.439683,2598,4278,7373,7092,205.5600,2.1900
1783085578.455623,2608,4296,7317,7129,205.5600,2.1900
1783085578.471671,2580,4306,7373,7092,202.8500,0.4400
1783085578.487640,2570,4268,7336,7111,202.8500,0.4400
1783085578.503587,2580,4278,7373,7167,202.8500,0.4400
1783085578.519561,2561,4268,7401,7120,202.8500,0.4400
1783085578.535842,2589,4287,7345,7139,210.9700,-1.8800
1783085578.551750,2561,4296,7364,7111,210.9700,-1.8800
1783085578.567735,2561,4306,7345,7101,210.9700,-1.8800
1783085578.583028,2570,4268,7411,7092,205.5600,-1.1900
1783085578.598630,2523,4259,7354,7129,205.5600,-1.1900
1783085578.615181,2561,4240,7383,7167,205.5600,-1.1900
1783085578.630737,2561,4259,7383,7233,205.5600,-0.4400
1783085578.646700,2542,4221,7345,7111,205.5600,-0.4400
1783085578.663175,2495,4334,7420,7186,205.5600,-0.4400
1783085578.678855,2570,4296,7364,7111,208.2600,-1.1200
1783085578.694821,2514,4240,7392,7101,208.2600,-1.1200
1783085578.712857,2505,4287,7458,7101,208.2600,-1.1200
1783085578.729049,2523,4325,7392,7186,201.5300,1.5000
1783085578.744871,2505,4193,7383,7167,201.5300,1.5000
1783085578.760816,2552,4296,7401,7167,201.5300,1.5000
1783085578.776853,2552,4212,7373,7214,212.5100,-1.0600
1783085578.792703,2523,4287,7392,7129,212.5100,-1.0600
1783085578.808682,2448,4278,7420,7195,212.5100,-1.0600
1783085578.825786,2495,4249,7392,7261,204.1800,-0.2500
1783085578.839738,2523,4296,7448,7157,204.1800,-0.2500
1783085578.855703,2505,4268,7458,7233,204.1800,-0.2500
1783085578.871725,2552,4221,7439,7251,204.1800,-0.2500
1783085578.887705,2477,4249,7420,7242,208.2600,0.5600
1783085578.903847,2448,4240,7430,7186,208.2600,0.5600
1783085578.919759,2458,4240,7458,7261,208.2600,0.5600
1783085578.935697,2495,4240,7430,7214,202.8500,0.5600
1783085578.951724,2448,4296,7458,7279,202.8500,0.5600
1783085578.967784,2486,4296,7439,7223,202.8500,0.5600
1783085578.983723,2477,4278,7448,7223,209.7500,1.5600
1783085578.999958,2392,4259,7439,7233,209.7500,1.5600
1783085579.015973,2420,4249,7476,7233,209.7500,1.5600
1783085579.031910,2467,4240,7439,7242,202.8500,-0.5000
1783085579.047887,2458,4231,7458,7308,202.8500,-0.5000
1783085579.063880,2448,4259,7439,7298,202.8500,-0.5000
1783085579.079770,2411,4240,7467,7261,201.5300,1.0000
1783085579.095753,2439,4221,7458,7279,201.5300,1.0000
1783085579.112290,2448,4221,7458,7214,201.5300,1.0000
1783085579.126917,2448,4231,7448,7308,202.8500,-3.3800
1783085579.142984,2486,4221,7476,7289,202.8500,-3.3800
1783085579.159056,2439,4268,7458,7251,202.8500,-3.3800
1783085579.175664,2448,4231,7458,7298,204.2300,-1.1900
1783085579.191055,2420,4203,7476,7298,204.2300,-1.1900
1783085579.206848,2392,4221,7486,7279,204.2300,-1.1900
1783085579.222862,2411,4212,7523,7261,196.2200,-0.8800
1783085579.240819,2430,4249,7486,7261,196.2200,-0.8800
1783085579.258904,2439,4278,7486,7261,196.2200,-0.8800
1783085579.275990,2392,4193,7486,7317,200.1500,0.9400
1783085579.289866,2467,4193,7533,7289,200.1500,0.9400
1783085579.306988,2439,4212,7514,7336,200.1500,0.9400
1783085579.324100,2430,4193,7495,7336,202.8500,-0.9400
1783085579.340397,2383,4165,7523,7336,202.8500,-0.9400
1783085579.355844,2411,4184,7523,7411,202.8500,-0.9400
1783085579.371870,2392,4184,7514,7326,200.1500,2.4400
1783085579.387906,2401,4221,7505,7345,200.1500,2.4400
1783085579.403898,2383,4203,7505,7345,200.1500,2.4400
1783085579.419876,2373,4193,7514,7308,200.1500,2.4400
1783085579.435913,2383,4193,7514,7364,197.4400,-1.5000
1783085579.451892,2392,4184,7561,7354,197.4400,-1.5000
1783085579.467913,2373,4193,7570,7383,197.4400,-1.5000
1783085579.483948,2383,4221,7561,7326,192.0300,0.6300
1783085579.499880,2355,4165,7523,7373,192.0300,0.6300
1783085579.515894,2336,4203,7551,7354,192.0300,0.6300
1783085579.532295,2364,4193,7551,7308,198.7100,0.6300
1783085579.547946,2326,4193,7514,7373,198.7100,0.6300
1783085579.563982,2373,4184,7561,7420,198.7100,0.6300
1783085579.580181,2355,4156,7523,7364,190.9200,-0.8800
1783085579.595374,2373,4203,7533,7439,190.9200,-0.8800
1783085579.611439,2326,4221,7551,7364,190.9200,-0.8800
1783085579.626949,2280,4165,7523,7392,194.7400,-0.6900
1783085579.643018,2392,4249,7570,7326,194.7400,-0.6900
1783085579.659244,2373,4128,7570,7411,194.7400,-0.6900
1783085579.676298,2364,4174,7580,7411,195.9500,0.0000
1783085579.691038,2326,4174,7542,7392,195.9500,0.0000
1783085579.707214,2345,4156,7598,7364,195.9500,0.0000
1783085579.723044,2336,4156,7598,7458,195.9500,0.0000
1783085579.739023,2317,4174,7561,7448,192.0300,-1.6300
1783085579.755400,2373,4118,7608,7345,192.0300,-1.6300
1783085579.770059,2308,4165,7561,7345,192.0300,-1.6300
1783085579.787055,2280,4137,7617,7364,194.7400,1.7500
1783085579.804066,2326,4156,7542,7364,194.7400,1.7500
1783085579.821277,2326,4165,7589,7392,190.9200,0.4400
1783085579.837101,2345,4193,7580,7392,190.9200,0.4400
1783085579.852092,2308,4146,7608,7373,190.9200,0.4400
1783085579.868510,2280,4184,7589,7411,190.9200,0.4400
1783085579.884031,2326,4118,7580,7373,194.7400,-1.6300
1783085579.900002,2326,4137,7608,7345,194.7400,-1.6300
1783085579.916253,2355,4128,7570,7420,194.7400,-1.6300
1783085579.932077,2355,4156,7608,7383,192.0300,-5.1300
1783085579.948078,2317,4137,7598,7523,192.0300,-5.1300
1783085579.964238,2308,4128,7580,7411,192.0300,-5.1300
1783085579.980016,2308,4137,7598,7411,194.7400,3.8100
1783085579.996011,2326,4109,7580,7411,194.7400,3.8100
1783085580.012206,2298,4128,7627,7420,194.7400,3.8100
1783085580.027983,2280,4090,7627,7476,193.1900,-2.1300
1783085580.044074,2280,4099,7598,7420,193.1900,-2.1300
1783085580.060406,2298,4137,7608,7401,193.1900,-2.1300
1783085580.076268,2317,4118,7627,7533,188.2700,3.6300
1783085580.092192,2355,4165,7627,7458,188.2700,3.6300
1783085580.108248,2280,4090,7617,7486,188.2700,3.6300
1783085580.124085,2355,4165,7598,7495,192.0300,-2.7500
1783085580.139322,2280,4052,7627,7430,192.0300,-2.7500
1783085580.155232,2289,4118,7673,7439,192.0300,-2.7500
1783085580.171083,2251,4137,7636,7420,192.0300,-2.7500
1783085580.187402,2298,4128,7683,7430,186.6200,3.2500
1783085580.203138,2308,4081,7627,7495,186.6200,3.2500
1783085580.219288,2251,4052,7608,7420,186.6200,3.2500
1783085580.235244,2289,4081,7655,7420,183.9200,-3.9400
1783085580.251181,2251,4109,7627,7401,183.9200,-3.9400
1783085580.267178,2270,4109,7645,7411,183.9200,-3.9400
1783085580.283410,2289,4118,7636,7448,183.9200,3.0000
1783085580.299191,2261,4146,7598,7448,183.9200,3.0000
1783085580.315191,2298,4137,7673,7448,183.9200,3.0000
1783085580.331280,2261,4081,7664,7486,189.3300,-0.9400
1783085580.347233,2233,4128,7636,7430,189.3300,-0.9400
1783085580.363207,2214,4128,7683,7458,189.3300,-0.9400
1783085580.379322,2204,4156,7636,7467,183.9200,1.6300
1783085580.395298,2242,4043,7673,7448,183.9200,1.6300
1783085580.411259,2308,4062,7655,7467,183.9200,1.6300
1783085580.426422,2261,4062,7664,7505,178.5100,0.6900
1783085580.442322,2251,4099,7664,7476,178.5100,0.6900
1783085580.458326,2223,4090,7655,7458,178.5100,0.6900
1783085580.474856,2204,4090,7655,7486,183.9200,0.5600
1783085580.490243,2261,4043,7673,7486,183.9200,0.5600
1783085580.506215,2261,4081,7673,7533,183.9200,0.5600
1783085580.522456,2270,4081,7636,7486,183.9200,0.6300
1783085580.538282,2186,4071,7711,7523,183.9200,0.6300
1783085580.554239,2251,4071,7683,7542,183.9200,0.6300
1783085580.572207,2204,4165,7664,7542,181.2100,0.4400
1783085580.588441,2233,4099,7645,7486,181.2100,0.4400
1783085580.604244,2326,4062,7673,7542,181.2100,0.4400
1783085580.620234,2167,4137,7683,7561,181.2100,0.4400
1783085580.636493,2148,4043,7702,7467,181.2100,1.0000
1783085580.652248,2223,4081,7692,7476,181.2100,1.0000
1783085580.667355,2251,4081,7720,7495,181.2100,1.0000
1783085580.683379,2242,4090,7692,7523,183.9200,-1.0600
1783085580.699352,2139,4052,7730,7533,183.9200,-1.0600
1783085580.715382,2176,4052,7720,7561,183.9200,-1.0600
1783085580.731414,2195,4062,7711,7486,181.2100,-0.1200
1783085580.747418,2242,4090,7711,7542,181.2100,-0.1200
1783085580.763431,2280,4052,7702,7523,181.2100,-0.1200
1783085580.779351,2195,4081,7730,7523,178.5100,-1.8800
1783085580.795407,2148,4052,7720,7505,178.5100,-1.8800
1783085580.811394,2195,4099,7711,7495,178.5100,-1.8800
1783085580.827331,2186,4071,7758,7523,178.5100,-0.8100
1783085580.843502,2242,4109,7748,7542,178.5100,-0.8100
1783085580.859591,2158,4090,7711,7533,178.5100,-0.8100
1783085580.876499,2167,4090,7748,7533,175.8000,-1.1200
1783085580.891406,2233,4071,7748,7523,175.8000,-1.1200
1783085580.907434,2214,4062,7758,7523,175.8000,-1.1200
1783085580.923452,2270,4052,7748,7505,175.8000,-1.1200
1783085580.939421,2158,4052,7767,7542,182.1500,-0.5000
1783085580.956417,2167,4006,7767,7598,182.1500,-0.5000
1783085580.972586,2242,4099,7758,7589,175.0100,0.0600
1783085580.988383,2129,4015,7758,7505,175.0100,0.0600
1783085581.004426,2242,4109,7758,7542,175.0100,0.0600
1783085581.020775,2223,4024,7758,7523,181.2100,-1.9400
1783085581.036391,2167,4052,7777,7580,181.2100,-1.9400
1783085581.054392,2120,4034,7758,7580,181.2100,-1.9400
1783085581.070420,2158,4090,7814,7598,181.2100,-1.9400
1783085581.086875,2167,4062,7767,7542,178.5100,2.4400
1783085581.102548,2214,4090,7824,7523,178.5100,2.4400
1783085581.118480,2204,4052,7814,7505,178.5100,2.4400
1783085581.134627,2129,4034,7786,7542,175.8000,-1.2500
1783085581.150465,2111,4071,7786,7570,175.8000,-1.2500
1783085581.165517,2176,4015,7833,7570,175.8000,-1.2500
1783085581.181475,2204,4034,7786,7514,178.5100,0.5000
1783085581.197424,2186,4006,7805,7580,178.5100,0.5000
1783085581.213473,2129,4015,7814,7542,178.5100,0.5000
1783085581.229432,2129,4052,7824,7523,175.8000,-0.5000
1783085581.245462,2148,4071,7852,7570,175.8000,-0.5000
1783085581.261503,2167,4015,7786,7542,175.8000,-0.5000
1783085581.277450,2167,4043,7805,7580,179.3900,-0.7500
1783085581.293478,2120,4034,7842,7580,179.3900,-0.7500
1783085581.309552,2139,4052,7795,7542,179.3900,-0.7500
1783085581.327056,2101,4015,7805,7551,167.0500,-0.1900
1783085581.343533,2129,4006,7861,7551,167.0500,-0.1900
1783085581.359495,2148,3959,7842,7570,167.0500,-0.1900
1783085581.376242,2129,4043,7842,7580,175.8000,-1.3700
1783085581.391546,2158,3996,7805,7589,175.8000,-1.3700
1783085581.407526,2158,4052,7870,7467,175.8000,-1.3700
1783085581.423540,2101,4052,7870,7523,167.6900,-0.5000
1783085581.438587,2139,4015,7852,7580,167.6900,-0.5000
1783085581.454495,2148,4006,7842,7580,167.6900,-0.5000
1783085581.470710,2158,4024,7842,7551,173.1000,-0.6300
1783085581.486564,2129,4015,7880,7580,173.1000,-0.6300
1783085581.502529,2148,4052,7852,7598,173.1000,-0.6300
1783085581.519157,2223,4006,7870,7580,173.1000,-0.6300
1783085581.534824,2139,4081,7880,7570,170.4000,0.4400
1783085581.550574,2186,4071,7861,7551,170.4000,0.4400
1783085581.566808,2101,4034,7842,7523,170.4000,0.4400
1783085581.582596,2158,4034,7889,7542,164.9900,-1.5600
1783085581.598597,2167,4034,7908,7570,164.9900,-1.5600
1783085581.615160,2158,4043,7852,7580,164.9900,-1.5600
1783085581.630673,2148,4062,7889,7608,167.6900,1.7500
1783085581.646569,2158,4006,7880,7580,167.6900,1.7500
1783085581.662822,2092,4052,7861,7580,167.6900,1.7500
1783085581.678536,2158,4043,7889,7580,167.6900,-0.9400
1783085581.694620,2129,4015,7852,7580,167.6900,-0.9400
1783085581.709681,2101,3987,7870,7589,167.6900,-0.9400
1783085581.726473,2092,4024,7899,7598,167.6900,1.6900
1783085581.741589,2101,3959,7889,7598,167.6900,1.6900
1783085581.757672,2167,4006,7889,7570,167.6900,1.6900
1783085581.773859,2083,3987,7899,7608,164.9900,1.0000
1783085581.789626,2064,4015,7908,7570,164.9900,1.0000
1783085581.805702,2083,4024,7880,7598,164.9900,1.0000
1783085581.821626,2064,3977,7870,7589,164.9900,1.0000
1783085581.837663,2111,3996,7899,7598,164.9900,1.8100
1783085581.853660,2111,3977,7917,7561,164.9900,1.8100
1783085581.869601,2036,3996,7889,7598,164.9900,1.8100
1783085581.885710,2167,4043,7889,7505,167.6900,0.8100
1783085581.901685,2129,4015,7880,7580,167.6900,0.8100
1783085581.917658,2111,3987,7889,7589,167.6900,0.8100
1783085581.933720,2083,3949,7880,7617,164.9900,-0.3100
1783085581.949721,2054,4006,7880,7608,164.9900,-0.3100
1783085581.965645,2092,3987,7927,7627,164.9900,-0.3100
1783085581.981617,2167,3996,7917,7636,164.9900,1.0600
1783085581.997712,2045,3940,7889,7627,164.9900,1.0600
1783085582.012721,2036,4062,7917,7589,164.9900,1.0600
1783085582.028957,2092,3987,7917,7608,164.9900,0.3700
1783085582.044707,2064,4024,7889,7608,164.9900,0.3700
1783085582.060826,2007,3987,7927,7627,164.9900,0.3700
1783085582.078041,2045,4006,7917,7608,162.2800,-1.5000
1783085582.092697,2054,3959,7899,7627,162.2800,-1.5000
1783085582.108660,2064,3996,7908,7664,162.2800,-1.5000
1783085582.125025,2092,3977,7908,7580,162.2800,0.3700
1783085582.140733,2036,3940,7917,7655,162.2800,0.3700
1783085582.156700,2007,3931,7927,7636,162.2800,0.3700
1783085582.172951,2054,4043,7899,7655,162.2800,-1.7500
1783085582.188744,2026,3968,7927,7570,162.2800,-1.7500
1783085582.204737,2007,3996,7917,7627,162.2800,-1.7500
1783085582.221002,2026,3949,7899,7608,162.2800,-3.6300
1783085582.236777,2017,3996,7945,7692,162.2800,-3.6300
1783085582.252767,2054,3968,7908,7617,162.2800,-3.6300
1783085582.269076,2017,3959,7927,7673,162.2800,-3.6300
1783085582.283982,1998,3949,7927,7598,164.9900,0.5000
1783085582.299806,2054,3931,7945,7673,164.9900,0.5000
1783085582.315804,2045,3912,7955,7589,164.9900,0.5000
1783085582.331854,2007,3902,7964,7655,164.9900,-1.0600
1783085582.347790,2026,3902,7945,7598,164.9900,-1.0600
1783085582.363847,2111,3893,7964,7645,164.9900,-1.0600
1783085582.379808,2007,3968,7964,7617,162.2800,-0.1900
1783085582.395837,2064,3921,7974,7636,162.2800,-0.1900
1783085582.411903,2017,3912,7936,7655,162.2800,-0.1900
1783085582.427736,1961,3884,7974,7636,162.2800,0.3700
1783085582.443826,2111,3931,8002,7627,162.2800,0.3700
1783085582.459898,1951,3884,7974,7636,162.2800,0.3700
1783085582.476532,1979,3912,7945,7664,164.4000,1.0600
1783085582.491880,1989,3931,7974,7636,164.4000,1.0600
1783085582.507905,1998,3931,7964,7683,164.4000,1.0600
1783085582.523888,1998,3940,7955,7655,168.3500,-1.8800
1783085582.539982,2026,3977,8030,7645,168.3500,-1.8800
1783085582.555952,1989,3959,7983,7617,168.3500,-1.8800
1783085582.571883,1989,4006,7992,7636,168.3500,-1.8800
1783085582.587058,1998,3959,8021,7683,164.9900,1.7500
1783085582.602922,2026,3996,8039,7645,164.9900,1.7500
1783085582.618902,2036,3921,7974,7664,164.9900,1.7500
1783085582.635186,2017,3949,8030,7636,162.2800,-1.4400
1783085582.650953,1904,3931,8039,7702,162.2800,-1.4400
1783085582.666904,1942,3912,8011,7655,162.2800,-1.4400
1783085582.683145,1961,3902,8002,7702,159.1000,-0.4400
1783085582.698963,1961,3940,8021,7683,159.1000,-0.4400
1783085582.716890,1914,3931,8021,7692,159.1000,-0.4400
1783085582.732904,1923,3893,8030,7683,168.3500,-0.6900
1783085582.749195,1970,3893,8039,7655,168.3500,-0.6900
1783085582.764967,1998,3865,8049,7683,168.3500,-0.6900
1783085582.780951,1932,3855,8011,7673,153.8000,1.9400
1783085582.797158,1923,3902,8021,7702,153.8000,1.9400
1783085582.813033,1951,3902,8067,7720,153.8000,1.9400
1783085582.828366,1942,3893,8049,7692,160.0700,0.3700
1783085582.844377,1970,3874,8049,7720,160.0700,0.3700
1783085582.860880,1914,3884,8049,7683,160.0700,0.3700
1783085582.878879,1970,3865,8030,7702,159.1000,-0.3100
1783085582.893374,1998,3921,8049,7739,159.1000,-0.3100
1783085582.909431,1895,3902,8058,7720,159.1000,-0.3100
1783085582.926624,1961,3884,8058,7711,162.2800,0.2500
1783085582.941410,1989,3846,8030,7748,162.2800,0.2500
1783085582.957232,1942,3865,8039,7692,162.2800,0.2500
1783085582.972785,1989,3902,8049,7758,156.8700,0.1900
1783085582.989130,1904,3874,8049,7702,156.8700,0.1900
1783085583.004854,1970,3855,8077,7739,156.8700,0.1900
1783085583.020897,1914,3893,8058,7777,156.8700,0.1900
1783085583.037270,1961,3865,8077,7720,160.0700,0.1900
1783085583.052872,1895,3893,8067,7805,160.0700,0.1900
1783085583.069085,1895,3884,8058,7730,160.0700,0.1900
1783085583.085490,1979,3884,8049,7748,156.8700,1.3700
1783085583.101120,1961,3865,8077,7720,156.8700,1.3700
1783085583.116245,1876,3902,8067,7767,156.8700,1.3700
1783085583.132381,1932,3865,8039,7730,156.8700,-0.6900
1783085583.148143,1998,3884,8039,7786,156.8700,-0.6900
1783085583.164174,1904,3865,8058,7730,156.8700,-0.6900
1783085583.179875,1839,3865,8086,7786,153.8000,1.3100
1783085583.196047,1942,3846,8067,7748,153.8000,1.3100
1783085583.212138,1942,3884,8077,7739,153.8000,1.3100
1783085583.227894,1820,3855,8058,7786,157.3100,-0.1900
1783085583.243901,1932,3874,8067,7758,157.3100,-0.1900
1783085583.260526,1961,3865,8086,7758,157.3100,-0.1900
1783085583.277996,1857,3837,8058,7748,154.1700,0.5600
1783085583.292161,1876,3855,8086,7777,154.1700,0.5600
1783085583.308504,1923,3865,8105,7767,154.1700,0.5600
1783085583.324567,1914,3902,8096,7795,148.7600,-2.0000
1783085583.340177,1801,3827,8058,7730,148.7600,-2.0000
1783085583.356504,1904,3855,8124,7777,148.7600,-2.0000
1783085583.372174,1942,3865,8077,7767,151.1400,0.3100
1783085583.387166,1867,3846,8105,7786,151.1400,0.3100
1783085583.403591,1895,3874,8133,7748,151.1400,0.3100
1783085583.419024,1923,3865,8105,7824,151.1400,0.3100
1783085583.435010,1979,3837,8067,7786,154.5500,-1.1900
1783085583.451332,1895,3865,8124,7758,154.5500,-1.1900
1783085583.467257,1848,3809,8114,7758,154.5500,-1.1900
1783085583.483248,1923,3846,8077,7758,153.8000,-0.3100
1783085583.499649,1895,3837,8124,7795,153.8000,-0.3100
1783085583.515313,1857,3865,8161,7767,153.8000,-0.3100
1783085583.531314,1876,3855,8096,7767,154.5500,0.8800
1783085583.547653,1979,3818,8114,7777,154.5500,0.8800
1783085583.563606,1886,3837,8124,7739,154.5500,0.8800
1783085583.579316,1857,3799,8114,7795,151.4600,-0.1200
1783085583.595583,1810,3799,8077,7767,151.4600,-0.1200
1783085583.611441,1970,3790,8105,7786,151.4600,-0.1200
1783085583.628183,1829,3818,8105,7786,151.4600,2.0600
1783085583.643682,1895,3827,8124,7767,151.4600,2.0600
1783085583.659322,1914,3865,8142,7814,151.4600,2.0600
1783085583.674415,1886,3837,8124,7805,151.1400,-1.0600
1783085583.690636,1820,3884,8133,7767,151.1400,-1.0600
1783085583.706282,1886,3846,8142,7814,151.1400,-1.0600
1783085583.722486,1886,3790,8171,7758,146.0500,1.8800
1783085583.738673,1876,3790,8189,7814,146.0500,1.8800
1783085583.754385,1876,3809,8133,7833,146.0500,1.8800
1783085583.770643,1886,3780,8133,7786,146.0500,1.8800
1783085583.786701,1886,3818,8171,7842,151.4600,-0.8100
1783085583.802510,1820,3734,8171,7805,151.4600,-0.8100
1783085583.818655,1904,3818,8161,7833,151.4600,-0.8100
1783085583.834612,1895,3855,8180,7805,151.7900,2.1900
1783085583.850365,1857,3762,8171,7833,151.7900,2.1900
1783085583.866191,1904,3780,8180,7805,151.7900,2.1900
1783085583.882544,1895,3809,8189,7842,151.4600,-2.0600
1783085583.898342,1886,3855,8161,7786,151.4600,-2.0600
1783085583.914138,1867,3827,8180,7899,151.4600,-2.0600
1783085583.931528,1848,3743,8180,7805,148.4900,1.0600
1783085583.947217,1876,3780,8189,7842,148.4900,1.0600
1783085583.963284,1848,3809,8208,7833,148.4900,1.0600
1783085583.979531,1801,3743,8189,7814,146.0500,-1.0600
1783085583.995670,1848,3780,8180,7814,146.0500,-1.0600
1783085584.011632,1876,3818,8189,7852,146.0500,-1.0600
1783085584.029149,1839,3771,8189,7852,154.5500,0.0600
1783085584.045422,1867,3809,8189,7824,154.5500,0.0600
1783085584.061289,1886,3790,8255,7805,154.5500,0.0600
1783085584.078742,1810,3809,8208,7842,143.1900,-1.6300
1783085584.094020,1857,3790,8208,7824,143.1900,-1.6300
1783085584.109454,1876,3790,8189,7833,143.1900,-1.6300
1783085584.126796,1904,3752,8218,7824,151.7900,0.6300
1783085584.141769,1773,3780,8218,7861,151.7900,0.6300
1783085584.157653,1886,3790,8227,7842,151.7900,0.6300
1783085584.173831,1792,3762,8180,7814,143.1900,0.3700
1783085584.188808,1810,3818,8208,7824,143.1900,0.3700
1783085584.204444,1810,3790,8227,7795,143.1900,0.3700
1783085584.220942,1848,3790,8227,7842,143.1900,0.3700
1783085584.236858,1820,3799,8236,7824,143.3500,1.1900
1783085584.252526,1810,3762,8246,7870,143.3500,1.1900
1783085584.268487,1801,3762,8227,7861,143.3500,1.1900
1783085584.285174,1792,3809,8218,7842,143.5100,0.5000
1783085584.300483,1810,3771,8236,7842,143.5100,0.5000
1783085584.316467,1782,3752,8283,7917,143.5100,0.5000
1783085584.333627,1773,3809,8236,7833,143.3500,0.1900
1783085584.348582,1820,3743,8218,7880,143.3500,0.1900
1783085584.364473,1810,3762,8246,7842,143.3500,0.1900
1783085584.381095,1764,3762,8227,7824,140.5400,0.7500
1783085584.396313,1745,3743,8246,7870,140.5400,0.7500
1783085584.412246,1857,3743,8218,7861,140.5400,0.7500
1783085584.428416,1792,3790,8218,7889,143.3500,0.5600
1783085584.444331,1829,3762,8246,7870,143.3500,0.5600
1783085584.460348,1782,3827,8264,7917,143.3500,0.5600
1783085584.478376,1792,3771,8246,7908,140.6400,1.5600
1783085584.492177,1735,3809,8208,7899,140.6400,1.5600
1783085584.507940,1745,3762,8236,7889,140.6400,1.5600
1783085584.523657,1782,3743,8227,7908,140.6400,1.5600
1783085584.539542,1773,3734,8236,7917,137.9400,1.5600
1783085584.555996,1764,3780,8264,7889,137.9400,1.5600
1783085584.572435,1735,3780,8246,7983,135.2300,0.1200
1783085584.588282,1717,3696,8236,7870,135.2300,0.1200
1783085584.604014,1773,3762,8255,7880,135.2300,0.1200
1783085584.619681,1726,3734,8236,7927,135.2300,0.1200
1783085584.635641,1735,3705,8255,7889,137.9400,-1.1900
1783085584.651888,1792,3818,8264,7927,137.9400,-1.1900
1783085584.667633,1764,3790,8246,7861,137.9400,-1.1900
1783085584.684552,1782,3724,8255,7861,137.9900,-0.3100
1783085584.701747,1726,3734,8311,7870,137.9900,-0.3100
1783085584.718794,1698,3715,8274,7899,137.9900,-0.3100
1783085584.733633,1764,3715,8293,7945,135.2300,0.2500
1783085584.748632,1735,3790,8283,7899,135.2300,0.2500
1783085584.764884,1773,3724,8274,7917,135.2300,0.2500
1783085584.780647,1726,3752,8293,7955,135.2300,0.2500
1783085584.796647,1726,3771,8274,7908,135.2300,0.2500
1783085584.813055,1717,3724,8302,7974,135.2300,0.2500
1783085584.828525,1726,3752,8274,7861,137.9400,-1.4400
1783085584.844666,1801,3790,8302,7936,137.9400,-1.4400
1783085584.860940,1726,3724,8274,7983,137.9400,-1.4400
1783085584.877862,1782,3715,8293,7908,135.2300,1.3100
1783085584.892839,1726,3762,8302,7955,135.2300,1.3100
1783085584.908990,1707,3752,8321,7927,135.2300,1.3100
1783085584.924637,1745,3827,8293,7889,137.9400,1.2500
1783085584.940697,1698,3734,8302,7936,137.9400,1.2500
1783085584.956947,1698,3752,8293,7927,137.9400,1.2500
1783085584.972428,1689,3743,8274,7974,137.9400,1.2500
1783085584.988531,1679,3743,8311,7927,140.6400,3.0600
1783085585.005283,1735,3762,8311,7936,140.6400,3.0600
1783085585.020442,1679,3696,8321,7964,140.6400,3.0600
1783085585.035835,1745,3799,8321,7889,129.8300,-1.1900
1783085585.051517,1773,3780,8321,7899,129.8300,-1.1900
1783085585.068167,1698,3818,8283,7917,129.8300,-1.1900
1783085585.084584,1717,3790,8330,7927,135.2300,-0.1200
1783085585.100046,1717,3762,8321,7955,135.2300,-0.1200
1783085585.115748,1745,3724,8283,7908,135.2300,-0.1200
1783085585.131995,1679,3762,8339,7936,129.8300,-0.4400
1783085585.148025,1782,3771,8321,7880,129.8300,-0.4400
1783085585.165815,1754,3771,8339,7880,129.8300,-0.4400
1783085585.181750,1735,3771,8321,7955,135.2300,1.0600
1783085585.198104,1698,3705,8358,7936,135.2300,1.0600
1783085585.215058,1670,3743,8339,7936,135.2300,1.0600
1783085585.231822,1689,3790,8358,7974,129.8300,0.5000
1783085585.247910,1735,3715,8349,7889,129.8300,0.5000
1783085585.263140,1707,3780,8358,7992,129.8300,0.5000
1783085585.278803,1670,3724,8396,7955,135.2300,-0.0600
1783085585.296789,1670,3696,8330,7955,135.2300,-0.0600
1783085585.312907,1698,3724,8386,7955,135.2300,-0.0600
1783085585.328991,1679,3696,8377,7992,135.2300,0.3100
1783085585.347078,1698,3734,8377,7992,135.2300,0.3100
1783085585.365828,1745,3734,8377,7945,135.2300,0.3100
1783085585.381494,1745,3715,8386,7955,135.2300,0.3100
1783085585.399062,1735,3743,8396,7955,129.8300,-0.1900
1783085585.417402,1670,3715,8377,7955,129.8300,-0.1900
1783085585.436584,1689,3715,8396,7936,129.8300,0.8100
1783085585.451442,1698,3705,8405,8030,129.8300,0.8100
1783085585.464183,1642,3724,8433,7974,129.8300,0.8100
1783085585.483567,1707,3734,8396,8011,129.8300,-0.7500
1783085585.497245,1726,3677,8377,8039,129.8300,-0.7500
1783085585.512429,1651,3696,8377,7955,129.8300,-0.7500
1783085585.531769,1642,3696,8368,8002,127.1200,-0.3100
1783085585.543152,1726,3752,8424,7992,127.1200,-0.3100
1783085585.563272,1670,3752,8433,7983,127.1200,-0.3100
1783085585.578670,1660,3715,8377,7955,124.4200,-1.8800
1783085585.591290,1642,3677,8386,8011,124.4200,-1.8800
1783085585.616643,1660,3696,8424,8011,124.4200,-1.8800
1783085585.630674,1726,3677,8405,7983,124.4200,0.3100
1783085585.643450,1670,3743,8386,7992,124.4200,0.3100
1783085585.655978,1707,3668,8386,7983,124.4200,0.3100
1783085585.671873,1679,3762,8396,8011,124.4200,0.3100
1783085585.688074,1679,3724,8452,8011,121.9800,-2.0000
1783085585.704232,1660,3715,8433,8030,121.9800,-2.0000
1783085585.720220,1689,3724,8386,8021,121.9800,-2.0000
1783085585.736080,1670,3677,8433,8002,126.9500,0.8100
1783085585.752177,1660,3687,8443,8021,126.9500,0.8100
1783085585.767943,1679,3762,8415,7983,126.9500,0.8100
1783085585.784096,1707,3715,8443,8021,124.4200,1.0600
1783085585.799930,1670,3743,8471,8002,124.4200,1.0600
1783085585.816056,1660,3677,8433,8002,124.4200,1.0600
1783085585.831992,1707,3677,8433,8002,121.7100,-1.7500
1783085585.847950,1660,3752,8415,8039,121.7100,-1.7500
1783085585.863903,1651,3724,8461,8049,121.7100,-1.7500
1783085585.880424,1679,3677,8443,8039,124.4200,0.6900
1783085585.895968,1670,3705,8415,8030,124.4200,0.6900
1783085585.912047,1660,3771,8415,8058,124.4200,0.6900
1783085585.927493,1632,3715,8396,8002,127.1200,-0.1200
1783085585.943042,1679,3771,8424,8002,127.1200,-0.1200
1783085585.959219,1679,3705,8452,8105,127.1200,-0.1200
1783085585.975065,1679,3762,8471,8030,127.1200,-0.1200
1783085585.991103,1689,3687,8433,8021,127.1200,0.3700
1783085586.007576,1651,3743,8433,8058,127.1200,0.3700
1783085586.023332,1642,3724,8471,8058,127.1200,0.3700
1783085586.039131,1660,3677,8480,8133,124.4200,-0.3100
1783085586.055220,1707,3705,8480,8077,124.4200,-0.3100
1783085586.071095,1623,3752,8480,8058,124.4200,-0.3100
1783085586.087119,1623,3696,8452,8077,124.4200,0.7500
1783085586.103401,1660,3734,8452,8096,124.4200,0.7500
1783085586.119153,1651,3724,8490,8067,124.4200,0.7500
1783085586.135088,1595,3696,8471,8058,121.7100,0.7500
1783085586.151217,1642,3705,8452,8114,121.7100,0.7500
1783085586.167122,1651,3724,8461,8180,121.7100,0.7500
1783085586.183088,1576,3687,8461,8133,124.4200,-0.1900
1783085586.199408,1651,3724,8490,8077,124.4200,-0.1900
1783085586.215134,1679,3705,8471,8114,124.4200,-0.1900
1783085586.230143,1670,3715,8490,8114,121.9800,1.6900
1783085586.246353,1613,3705,8452,8086,121.9800,1.6900
1783085586.262093,1670,3705,8480,8105,121.9800,1.6900
1783085586.278157,1567,3734,8480,8086,121.7100,-1.5600
1783085586.294333,1623,3752,8461,8096,121.7100,-1.5600
1783085586.310077,1632,3696,8490,8096,121.7100,-1.5600
1783085586.326733,1660,3724,8480,8039,121.7100,0.1900
1783085586.342363,1632,3696,8461,8077,121.7100,0.1900
1783085586.358076,1660,3734,8508,8105,121.7100,0.1900
1783085586.374062,1567,3649,8480,8077,124.1900,-0.5000
1783085586.391874,1642,3687,8471,8086,124.1900,-0.5000
1783085586.406127,1632,3677,8471,8152,124.1900,-0.5000
1783085586.422106,1623,3668,8471,8105,124.1900,-0.5000
1783085586.438630,1651,3602,8536,8030,119.0100,0.4400
1783085586.454201,1576,3743,8471,8114,119.0100,0.4400
1783085586.470079,1613,3696,8490,8114,119.0100,0.4400
1783085586.487245,1726,3687,8490,8161,121.7100,-1.1900
1783085586.502195,1613,3724,8490,8096,121.7100,-1.1900
1783085586.518157,1670,3687,8546,8086,121.7100,-1.1900
1783085586.534424,1595,3687,8527,8124,121.7100,-0.3100
1783085586.550120,1604,3687,8499,8142,121.7100,-0.3100
1783085586.566080,1595,3696,8508,8086,121.7100,-0.3100
1783085586.582325,1642,3734,8499,8086,119.0100,0.4400
1783085586.598122,1660,3705,8490,8124,119.0100,0.4400
1783085586.614126,1613,3658,8508,8161,119.0100,0.4400
1783085586.630382,1642,3752,8490,8199,124.4200,0.7500
1783085586.646206,1576,3687,8527,8152,124.4200,0.7500
1783085586.662262,1689,3724,8499,8114,124.4200,0.7500
1783085586.678515,1604,3715,8508,8142,119.0100,0.2500
1783085586.694154,1613,3743,8527,8142,119.0100,0.2500
1783085586.710140,1604,3668,8518,8161,119.0100,0.2500
1783085586.727188,1595,3724,8490,8114,121.9800,0.3700
1783085586.742355,1689,3687,8518,8142,121.9800,0.3700
1783085586.758250,1660,3696,8508,8142,121.9800,0.3700
1783085586.773279,1576,3696,8499,8218,121.9800,0.3700
1783085586.789255,1595,3715,8499,8142,124.4200,0.9400
1783085586.805359,1651,3677,8527,8133,124.4200,0.9400
1783085586.821263,1660,3762,8527,8114,124.4200,0.9400
1783085586.837429,1604,3743,8508,8152,121.7100,-0.0600
1783085586.853269,1604,3705,8527,8142,121.7100,-0.0600
1783085586.869277,1595,3696,8527,8161,121.7100,-0.0600
1783085586.885249,1660,3696,8508,8208,118.6800,1.0600
1783085586.901584,1557,3752,8490,8161,118.6800,1.0600
1783085586.917349,1679,3705,8546,8189,118.6800,1.0600
1783085586.933252,1567,3734,8546,8161,116.3000,1.3700
1783085586.949471,1613,3696,8565,8218,116.3000,1.3700
1783085586.964267,1585,3734,8555,8218,116.3000,1.3700
1783085586.981289,1576,3705,8508,8180,121.7100,-1.0000
1783085586.997323,1632,3705,8555,8189,121.7100,-1.0000
1783085587.013350,1538,3705,8536,8236,121.7100,-1.0000
1783085587.029299,1576,3677,8518,8293,114.0200,1.6900
1783085587.045316,1613,3696,8555,8189,114.0200,1.6900
1783085587.061455,1576,3696,8565,8227,114.0200,1.6900
1783085587.077069,1585,3696,8555,8264,121.4400,0.0600
1783085587.092495,1585,3705,8583,8227,121.4400,0.0600
1783085587.108344,1679,3715,8555,8227,121.4400,0.0600
1783085587.124318,1538,3668,8565,8171,110.8900,-0.5000
1783085587.140558,1613,3771,8574,8218,110.8900,-0.5000
1783085587.156359,1604,3734,8574,8283,110.8900,-0.5000
1783085587.172336,1529,3734,8565,8218,108.1900,-0.3700
1783085587.188594,1567,3752,8565,8189,108.1900,-0.3700
1783085587.204357,1604,3677,8565,8218,108.1900,-0.3700
1783085587.220363,1576,3687,8574,8171,108.1900,-0.3700
1783085587.236590,1538,3677,8565,8255,113.6000,1.0000
1783085587.252395,1576,3668,8536,8218,113.6000,1.0000
1783085587.268367,1567,3715,8536,8218,113.6000,1.0000
1783085587.284685,1585,3696,8574,8236,111.3700,-1.9400
1783085587.300428,1557,3658,8555,8274,111.3700,-1.9400
1783085587.317411,1623,3687,8565,8274,111.3700,-1.9400
1783085587.333820,1567,3658,8555,8283,113.6000,-0.4400
1783085587.349867,1538,3630,8555,8246,113.6000,-0.4400
1783085587.365765,1567,3687,8565,8236,113.6000,-0.4400
1783085587.381422,1576,3658,8574,8246,113.6000,0.3100
1783085587.397519,1595,3705,8555,8236,113.6000,0.3100
1783085587.413462,1613,3640,8574,8218,113.6000,0.3100
1783085587.429458,1567,3630,8565,8274,113.6000,-0.5600
1783085587.445454,1576,3724,8583,8396,113.6000,-0.5600
1783085587.461476,1520,3677,8583,8293,113.6000,-0.5600
1783085587.477407,1595,3687,8602,8264,118.6800,0.1900
1783085587.493522,1604,3677,8593,8311,118.6800,0.1900
1783085587.509501,1548,3687,8611,8264,118.6800,0.1900
1783085587.525921,1576,3762,8583,8236,108.7200,1.3100
1783085587.541540,1557,3658,8583,8246,108.7200,1.3100
1783085587.557603,1520,3696,8583,8283,108.7200,1.3100
1783085587.573517,1557,3640,8583,8339,113.6000,-0.2500
1783085587.588611,1548,3668,8621,8321,113.6000,-0.2500
1783085587.604596,1567,3668,8621,8274,113.6000,-0.2500
1783085587.620780,1557,3734,8640,8311,113.6000,-0.2500
1783085587.636582,1557,3677,8611,8349,110.8900,0.1900
1783085587.652504,1520,3715,8602,8274,110.8900,0.1900
1783085587.668705,1501,3658,8611,8274,110.8900,0.1900
1783085587.684546,1585,3649,8621,8330,110.8900,0.4400
1783085587.700441,1548,3687,8630,8283,110.8900,0.4400
1783085587.716803,1520,3640,8640,8330,110.8900,0.4400
1783085587.732597,1520,3696,8621,8330,110.8900,0.4400
1783085587.748550,1567,3687,8649,8330,110.8900,0.4400
1783085587.764862,1538,3630,8611,8565,110.8900,0.4400
1783085587.780616,1520,3668,8621,8433,110.8900,0.4400
1783085587.796597,1585,3715,8649,8386,110.8900,0.4400
1783085587.812834,1510,3687,8640,8321,110.8900,0.4400
1783085587.828943,1576,3640,8611,8311,110.8900,0.4400
1783085587.844627,1482,3687,8649,8311,110.8900,0.4400
1783085587.859871,1520,3668,8621,8368,110.8900,0.4400
1783085587.877759,1529,3658,8602,8368,110.8900,0.4400
1783085587.893697,1548,3687,8630,8293,110.8900,0.4400
1783085587.909946,1576,3658,8611,8349,110.8900,0.4400
1783085587.926453,1538,3649,8621,8330,110.8900,0.4400
1783085587.941933,1613,3687,8602,8302,110.8900,0.4400
1783085587.957894,1492,3696,8649,8321,110.8900,0.4400
1783085587.974105,1520,3640,8611,8349,110.8900,0.4400
1783085587.989928,1510,3668,8621,8274,110.8900,0.4400
1783085588.005723,1557,3687,8611,8358,110.8900,0.4400
1783085588.021957,1492,3705,8649,8264,110.8900,0.4400
1783085588.037896,1538,3677,8658,8311,110.8900,0.4400
1783085588.053754,1557,3658,8640,8368,10.5100,1.9400
1783085588.069848,1529,3649,8630,8358,10.5100,1.9400
1783085588.085737,1548,3658,8630,8339,10.5100,1.9400
1783085588.101711,1557,3705,8602,8339,5.4100,6.1900
1783085588.117774,1585,3743,8611,8311,5.4100,6.1900
1783085588.134717,1520,3724,8621,8311,5.4100,6.1900
1783085588.150873,1548,3705,8583,8311,8.1100,9.6900
1783085588.166978,1529,3668,8593,8302,8.1100,9.6900
1783085588.182767,1548,3649,8611,8311,8.1100,9.6900
1783085588.198812,1557,3771,8583,8293,2.7000,9.5600
1783085588.215004,1510,3658,8602,8293,2.7000,9.5600
1783085588.230785,1576,3668,8583,8311,2.7000,9.5600
1783085588.248749,1529,3658,8574,8311,5.4100,13.6900
1783085588.264753,1548,3630,8555,8236,5.4100,13.6900
1783085588.281189,1567,3715,8555,8293,5.4100,13.6900
1783085588.296879,1529,3612,8574,8283,5.4100,13.6900
1783085588.312846,1548,3677,8527,8302,16.2300,11.9400
1783085588.328377,1567,3649,8546,8321,16.2300,11.9400
1783085588.343803,1595,3602,8555,8339,16.2300,11.9400
1783085588.359789,1567,3612,8536,8283,2.7000,11.6900
1783085588.375788,1623,3715,8527,8274,2.7000,11.6900
1783085588.391768,1538,3640,8490,8330,2.7000,11.6900
1783085588.407783,1576,3602,8480,8264,2.7000,11.5600
1783085588.423863,1567,3752,8480,8283,2.7000,11.5600
1783085588.439785,1576,3602,8480,8274,2.7000,11.5600
1783085588.455899,1632,3677,8480,8274,2.7000,12.1900
1783085588.471855,1548,3602,8508,8227,2.7000,12.1900
1783085588.487854,1613,3574,8490,8218,2.7000,12.1900
1783085588.503832,1604,3724,8490,8171,5.4100,8.6900
1783085588.519843,1623,3687,8499,8236,5.4100,8.6900
1783085588.535826,1623,3621,8518,8218,5.4100,8.6900
1783085588.551847,1567,3668,8555,8246,2.7000,11.5000
1783085588.567928,1623,3658,8546,8236,2.7000,11.5000
1783085588.584852,1613,3630,8536,8236,2.7000,11.5000
1783085588.600868,1576,3658,8565,8189,2.7000,8.1900
1783085588.616971,1613,3640,8583,8199,2.7000,8.1900
1783085588.633279,1660,3687,8583,8152,2.7000,8.1900
1783085588.649131,1623,3677,8565,8199,2.7000,10.7500
1783085588.665021,1642,3621,8565,8152,2.7000,10.7500
1783085588.681238,1557,3649,8565,8152,2.7000,10.7500
1783085588.696877,1623,3677,8574,8161,0.0000,9.9400
1783085588.713149,1642,3621,8508,8199,0.0000,9.9400
1783085588.728874,1585,3677,8518,8218,0.0000,9.9400
1783085588.744872,1576,3649,8499,8218,0.0000,9.9400
1783085588.761474,1660,3668,8490,8171,0.0000,8.1900
1783085588.777056,1576,3668,8415,8171,0.0000,8.1900
1783085588.793079,1576,3649,8405,8152,0.0000,8.1900
1783085588.809160,1604,3687,8386,8227,2.7000,11.0600
1783085588.824915,1595,3677,8396,8180,2.7000,11.0600
1783085588.840849,1613,3715,8396,8255,2.7000,11.0600
1783085588.857131,1623,3705,8368,8227,0.0000,7.6300
1783085588.872941,1557,3724,8358,8199,0.0000,7.6300
1783085588.888581,1642,3724,8377,8218,0.0000,7.6300
1783085588.904127,1632,3677,8377,8180,5.4100,9.8100
1783085588.919922,1642,3799,8396,8218,5.4100,9.8100
1783085588.935928,1642,3696,8405,8218,5.4100,9.8100
1783085588.952292,1670,3752,8415,8199,2.7000,8.9400
1783085588.967958,1595,3677,8405,8208,2.7000,8.9400
1783085588.983965,1679,3724,8396,8246,2.7000,8.9400
1783085589.000992,1632,3687,8424,8189,2.7000,9.7500
1783085589.015927,1642,3696,8452,8171,2.7000,9.7500
1783085589.031915,1642,3696,8461,8180,2.7000,9.7500
1783085589.048420,1651,3705,8452,8161,5.4100,7.1900
1783085589.063965,1689,3724,8471,8180,5.4100,7.1900
1783085589.079927,1679,3696,8452,8142,5.4100,7.1900
1783085589.096142,1660,3677,8480,8124,0.0000,5.9400
1783085589.111995,1660,3677,8546,8133,0.0000,5.9400
1783085589.128170,1670,3696,8490,8133,0.0000,5.9400
1783085589.144296,1670,3715,8518,8161,2.7000,7.0000
1783085589.159961,1642,3705,8499,8077,2.7000,7.0000
1783085589.176075,1660,3687,8490,8049,2.7000,7.0000
1783085589.191010,1632,3658,8490,8077,2.7000,7.0000
1783085589.206980,1717,3705,8490,8067,2.7000,5.8800
1783085589.223160,1632,3658,8490,8133,2.7000,5.8800
1783085589.241111,1660,3658,8508,8152,2.7000,5.8800
1783085589.256973,1632,3668,8508,8124,2.7000,5.5000
1783085589.272984,1698,3687,8490,8133,2.7000,5.5000
1783085589.289256,1642,3677,8490,8105,2.7000,5.5000
1783085589.305018,1670,3658,8490,8077,2.7000,5.6300
1783085589.320961,1698,3715,8480,8124,2.7000,5.6300
1783085589.337580,1679,3612,8499,8077,2.7000,5.6300
1783085589.353406,1679,3668,8499,8067,5.4100,4.7500
1783085589.368993,1670,3621,8471,8077,5.4100,4.7500
1783085589.385251,1679,3583,8499,8058,5.4100,4.7500
1783085589.401209,1717,3658,8443,8105,5.4100,3.6900
1783085589.417280,1651,3593,8415,8142,5.4100,3.6900
1783085589.433460,1679,3640,8443,8246,5.4100,3.6900
1783085589.448252,1698,3555,8461,8555,2.7000,4.4400
1783085589.464365,1707,3677,8433,8490,2.7000,4.4400
1783085589.480587,1698,3630,8396,8490,2.7000,4.4400
1783085589.496382,1717,3593,8377,8508,2.7000,4.4400
1783085589.512330,1689,3612,8424,8180,2.7000,4.6900
1783085589.528600,1717,3555,8377,8208,2.7000,4.6900
1783085589.544088,1660,3621,8443,8536,2.7000,4.6900
1783085589.560296,1717,3583,8377,8386,5.4100,4.3800
1783085589.576403,1689,3574,8405,8218,5.4100,4.3800
1783085589.592103,1717,3612,8358,8452,5.4100,4.3800
1783085589.608128,1698,3565,8368,8218,5.4100,2.3100
1783085589.624261,1717,3574,8349,8311,5.4100,2.3100
1783085589.640302,1670,3621,8255,8471,5.4100,2.3100
1783085589.656159,1717,3555,8358,8349,2.7000,3.5000
1783085589.672463,1707,3574,8330,8349,2.7000,3.5000
1783085589.688081,1679,3583,8339,8546,2.7000,3.5000
1783085589.704051,1698,3565,8311,8499,2.7000,2.6900
1783085589.720289,1689,3565,8321,8565,2.7000,2.6900
1783085589.736105,1689,3555,8330,8377,2.7000,2.6900
1783085589.752116,1679,3630,8321,8358,2.7000,3.6900
1783085589.767149,1698,3546,8339,8480,2.7000,3.6900
1783085589.783663,1707,3612,8274,8433,2.7000,3.6900
1783085589.799809,1717,3583,8311,8443,2.7000,2.0600
1783085589.815603,1717,3583,8330,8386,2.7000,2.0600
1783085589.830976,1717,3565,8302,8433,2.7000,2.0600
1783085589.847252,1726,3612,8302,8321,2.7000,2.0600
1783085589.863220,1717,3527,8330,8311,2.7000,2.0600
1783085589.879102,1698,3630,8368,8396,2.7000,2.0600
1783085589.895312,1717,3546,8368,8368,2.7000,2.0600
1783085589.911528,1707,3602,8330,8321,2.7000,2.0600
1783085589.927127,1717,3565,8321,8358,2.7000,2.0600
1783085589.943285,1698,3621,8283,8433,2.7000,2.0600
1783085589.959174,1707,3621,8349,8415,2.7000,2.0600
1783085589.975119,1735,3565,8339,8368,2.7000,2.0600
1783085589.991441,1735,3640,8368,8396,2.7000,2.0600
1783085590.010218,1735,3565,8368,8396,2.7000,2.0600
1783085590.026507,1726,3565,8330,8349,2.7000,2.0600
1783085590.042180,1689,3602,8339,8311,2.7000,2.0600
1783085590.060208,1689,3602,8330,8274,2.7000,2.0600
1783085590.076164,1698,3630,8339,8396,2.7000,2.0600
1783085590.092431,1689,3621,8264,8368,2.7000,2.0600
1783085590.108249,1764,3565,8358,8386,2.7000,2.0600
1783085590.124289,1745,3565,8715,8499,2.7000,2.0600
1783085590.140388,1707,3602,8358,8368,2.7000,2.0600
1783085590.156224,1745,3537,8321,8433,2.7000,2.0600
1783085590.172287,1707,3621,8358,8377,2.7000,2.0600
1783085590.187254,1745,3565,8358,8311,3.9100,-0.4400
1783085590.204220,1726,3574,8321,8349,3.9100,-0.4400
1783085590.221293,1698,3574,8349,8311,3.9100,-0.4400
1783085590.239275,1717,3612,8349,8311,55.6800,-1.4400
1783085590.255564,1707,3583,8321,8349,55.6800,-1.4400
1783085590.271540,1735,3621,8321,8358,55.6800,-1.4400
1783085590.287523,1698,3565,8377,8452,77.2800,-0.2500
1783085590.303314,1726,3565,8330,8386,77.2800,-0.2500
1783085590.319389,1717,3537,8321,8321,77.2800,-0.2500
1783085590.335279,1726,3565,8293,8330,100.7600,1.1900
1783085590.351252,1726,3555,8311,8358,100.7600,1.1900
1783085590.367290,1726,3565,8321,8349,100.7600,1.1900
1783085590.383310,1726,3546,8368,8330,113.1600,-1.6300
1783085590.399361,1717,3555,8321,8339,113.1600,-1.6300
1783085590.415339,1717,3565,8311,8302,113.1600,-1.6300
1783085590.431356,1754,3527,8339,8321,113.6000,-0.0600
1783085590.446522,1764,3546,8368,8358,113.6000,-0.0600
1783085590.462350,1707,3518,8330,8452,113.6000,-0.0600
1783085590.480606,1707,3565,8330,8368,119.0100,0.1200
1783085590.496078,1660,3537,8283,8415,119.0100,0.1200
1783085590.511872,1754,3527,8368,8368,119.0100,0.1200
1783085590.527691,1698,3546,8339,8396,124.4200,-1.0000
1783085590.543921,1726,3527,8283,8518,124.4200,-1.0000
1783085590.559559,1754,3537,8293,8368,124.4200,-1.0000
1783085590.575249,1735,3565,8696,8443,124.4200,-1.0000
1783085590.591403,1745,3537,8302,8311,124.4200,0.2500
1783085590.607134,1726,3527,8349,8377,124.4200,0.2500
1783085590.623133,1726,3527,8339,8405,124.4200,0.2500
1783085590.639503,1792,3527,8330,8424,127.1200,-0.6300
1783085590.655304,1745,3583,8311,8424,127.1200,-0.6300
1783085590.671436,1745,3508,8302,8358,127.1200,-0.6300
1783085590.687787,1782,3537,8349,8471,129.9300,-1.1900
1783085590.704700,1782,3537,8330,8377,129.9300,-1.1900
1783085590.720397,1782,3518,8311,8368,129.9300,-1.1900
1783085590.736497,1810,3508,8311,8518,137.9900,0.0600
1783085590.752654,1735,3555,8311,8311,137.9900,0.0600
1783085590.768366,1754,3508,8358,8311,137.9900,0.0600
1783085590.784672,1735,3546,8330,8311,140.6400,0.3100
1783085590.800655,1764,3508,8255,8377,140.6400,0.3100
1783085590.816926,1754,3433,8696,8386,140.6400,0.3100
1783085590.833531,1745,3490,8302,8415,143.3500,1.5000
1783085590.849064,1764,3471,8715,8433,143.3500,1.5000
1783085590.864688,1754,3490,8264,8386,143.3500,1.5000
1783085590.881895,1764,3490,8264,8405,146.0500,-1.0000
1783085590.896772,1764,3527,8274,8311,146.0500,-1.0000
1783085590.912482,1745,3508,8321,8386,146.0500,-1.0000
1783085590.928552,1773,3490,8283,8339,146.0500,0.3700
1783085590.945047,1764,3499,8283,8377,146.0500,0.3700
1783085590.960554,1745,3499,8302,8321,146.0500,0.3700
1783085590.975647,1754,3518,8264,8321,151.4600,-1.0600
1783085590.991255,1754,3480,8255,8283,151.4600,-1.0600
1783085591.007355,1764,3490,8311,8396,151.4600,-1.0600
1783085591.023553,1773,3527,8255,8330,151.4600,-1.0600
1783085591.039414,1782,3471,8264,8386,156.8700,2.5000
1783085591.055297,1735,3518,8311,8321,156.8700,2.5000
1783085591.071734,1754,3471,8264,8293,156.8700,2.5000
1783085591.087533,1745,3490,8236,8396,156.8700,-2.0000
1783085591.103575,1792,3490,8293,8293,156.8700,-2.0000
1783085591.119864,1754,3508,8255,8321,156.8700,-2.0000
1783085591.135572,1754,3537,8264,8293,156.8700,-0.0600
1783085591.151580,1801,3461,8255,8368,156.8700,-0.0600
1783085591.167898,1820,3499,8705,8274,156.8700,-0.0600
1783085591.183418,1764,3499,8302,8311,156.8700,0.0600
1783085591.199528,1754,3527,8677,8293,156.8700,0.0600
1783085591.215824,1829,3508,8677,8311,156.8700,0.0600
1783085591.232176,1810,3518,8283,8311,164.4000,-0.1200
1783085591.247404,1754,3499,8264,8311,164.4000,-0.1200
1783085591.263121,1801,3452,8658,8283,164.4000,-0.1200
1783085591.278775,1764,3508,8293,8236,168.3500,-0.0600
1783085591.294730,1773,3518,8255,8293,168.3500,-0.0600
1783085591.310971,1717,3490,8236,8302,168.3500,-0.0600
1783085591.326654,1829,3490,8236,8321,168.3500,-0.0600
1783085591.342787,1792,3490,8293,8293,175.8000,0.0000
1783085591.359025,1773,3499,8264,8246,175.8000,0.0000
1783085591.375086,1782,3490,8264,8264,175.8000,0.0000
1783085591.390442,1707,3508,8283,8227,178.5100,0.3100
1783085591.406830,1764,3508,8255,8274,178.5100,0.3100
1783085591.422755,1782,3452,8246,8264,178.5100,0.3100
1783085591.438640,1820,3452,8658,8227,183.9200,-0.1900
1783085591.454956,1782,3471,8246,8274,183.9200,-0.1900
1783085591.470719,1764,3490,8236,8227,183.9200,-0.1900
1783085591.486572,1782,3461,8283,8236,186.6200,0.6900
1783085591.502684,1801,3499,8255,8246,186.6200,0.6900
1783085591.519684,1857,3490,8255,8246,186.6200,0.6900
1783085591.534433,1764,3480,8208,8283,188.2700,-0.2500
1783085591.550687,1839,3490,8246,8246,188.2700,-0.2500
1783085591.566457,1839,3471,8236,8246,188.2700,-0.2500
1783085591.582470,1857,3480,8227,8218,201.4700,0.5600
1783085591.598909,1867,3424,8236,8283,201.4700,0.5600
1783085591.617309,1829,3490,8302,8283,201.4700,0.5600
1783085591.632574,1867,3518,8246,8236,202.8500,-1.9400
1783085591.648528,1801,3433,8274,8255,202.8500,-1.9400
1783085591.664998,1810,3490,8236,8236,202.8500,-1.9400
1783085591.681329,1876,3471,8330,8311,202.8500,0.5600
1783085591.696923,1867,3452,8283,8283,202.8500,0.5600
1783085591.712830,1867,3452,8255,8264,202.8500,0.5600
1783085591.728511,1867,3415,8218,8264,205.5600,-3.0600
1783085591.744538,1867,3461,8321,8283,205.5600,-3.0600
1783085591.760800,1820,3433,8302,8264,205.5600,-3.0600
1783085591.775656,1951,3433,8658,8321,205.5600,-3.0600
1783085591.792109,1951,3405,8302,8358,205.5600,2.0600
1783085591.807888,1904,3433,8236,8293,205.5600,2.0600
1783085591.823822,1895,3424,8236,8330,205.5600,2.0600
1783085591.840357,1848,3452,8264,8283,205.5600,-0.5600
1783085591.855995,1942,3424,8236,8283,205.5600,-0.5600
1783085591.872403,1839,3415,8236,8302,205.5600,-0.5600
1783085591.888273,1914,3415,8274,8480,205.5600,0.1200
1783085591.904406,1848,3386,8199,8339,205.5600,0.1200
1783085591.919935,1914,3396,8227,8396,205.5600,0.1200
1783085591.935967,1923,3405,8208,8368,208.2600,-0.8800
1783085591.951738,1848,3386,8208,8471,208.2600,-0.8800
1783085591.969774,1998,3443,8208,8536,208.2600,-0.8800
1783085591.985694,1970,3377,8611,8602,205.5600,-0.1200
1783085592.002047,1848,3386,8227,8415,205.5600,-0.1200
1783085592.017761,1970,3396,8246,8293,205.5600,-0.1200
1783085592.033674,1857,3368,8152,8293,204.1800,-0.5000
1783085592.049955,1886,3405,8208,8396,204.1800,-0.5000
1783085592.065635,1876,3321,8208,8611,204.1800,-0.5000
1783085592.081549,1942,3396,8199,8630,205.5600,0.1900
1783085592.097952,1914,3358,8189,8499,205.5600,0.1900
1783085592.116620,1867,3396,8208,8499,205.5600,0.1900
1783085592.131592,1914,3396,8208,8490,209.7500,0.6300
1783085592.147688,1857,3386,8189,8574,209.7500,0.6300
1783085592.164219,1932,3368,8189,8433,209.7500,0.6300
1783085592.181682,1886,3358,8199,8574,202.8500,0.6900
1783085592.195776,1914,3386,8668,8330,202.8500,0.6900
1783085592.212306,1951,3330,8218,8583,202.8500,0.6900
1783085592.228362,2007,3386,8189,8377,198.8700,-0.6900
1783085592.243804,1923,3349,8218,8527,198.8700,-0.6900
1783085592.260716,1961,3358,8218,8555,198.8700,-0.6900
1783085592.277129,1923,3358,8152,8555,201.4700,0.2500
1783085592.292718,1942,3283,8246,8555,201.4700,0.2500
1783085592.308710,1961,3311,8246,8536,201.4700,0.2500
1783085592.325285,1895,3358,8227,8508,194.7400,-0.2500
1783085592.340740,1886,3293,8593,8480,194.7400,-0.2500
1783085592.358788,1886,3349,8199,8480,194.7400,-0.2500
1783085592.376734,1932,3368,8152,8480,194.7400,-0.2500
1783085592.392719,1895,3377,8152,8349,200.1500,0.2500
1783085592.409068,1876,3377,8133,8461,200.1500,0.2500
1783085592.424758,1932,3340,8171,8518,200.1500,0.2500
1783085592.440004,1876,3368,8555,8480,196.2200,1.6900
1783085592.455877,1932,3330,8171,8433,196.2200,1.6900
1783085592.472221,1895,3330,8180,8443,196.2200,1.6900
1783085592.488412,1951,3340,8602,8508,204.2300,-0.5000
1783085592.503875,1942,3340,8180,8443,204.2300,-0.5000
1783085592.519828,1932,3377,8199,8405,204.2300,-0.5000
1783085592.536133,1923,3302,8208,8424,202.8500,0.2500
1783085592.551913,1923,3321,8171,8368,202.8500,0.2500
1783085592.567867,1961,3321,8199,8443,202.8500,0.2500
1783085592.584624,1886,3302,8236,8386,194.7400,0.5000
1783085592.602385,1923,3330,8236,8330,194.7400,0.5000
1783085592.618378,1876,3311,8246,8480,194.7400,0.5000
1783085592.634051,1923,3321,8199,8480,205.5600,0.5600
1783085592.650751,1895,3302,8180,8377,205.5600,0.5600
1783085592.666549,1951,3302,8199,8386,205.5600,0.5600
1783085592.682095,1961,3330,8189,8302,202.8500,0.5000
1783085592.697448,1876,3293,8180,8330,202.8500,0.5000
1783085592.713164,1923,3377,8208,8386,202.8500,0.5000
1783085592.730430,1951,3264,8208,8255,201.5300,-0.7500
1783085592.745483,1961,3274,8199,8396,201.5300,-0.7500
1783085592.761146,1942,3274,8208,8405,201.5300,-0.7500
1783085592.777253,1932,3302,8208,8339,204.2300,-0.6900
1783085592.794944,1932,3293,8208,8339,204.2300,-0.6900
1783085592.811157,1923,3208,8208,8302,204.2300,-0.6900
1783085592.827098,1979,3264,8180,8330,204.2300,-0.6900
1783085592.842992,1942,3340,8180,8321,206.8300,0.1200
1783085592.859355,1961,3293,8161,8274,206.8300,0.1200
1783085592.875208,1914,3264,8161,8339,206.8300,0.1200
1783085592.890398,1923,3264,8180,8349,209.7500,-0.5000
1783085592.906448,1979,3283,8171,8339,209.7500,-0.5000
1783085592.922304,2017,3236,8180,8311,209.7500,-0.5000
1783085592.937276,1951,3227,8180,8349,204.1800,-0.6900
1783085592.953238,1951,3180,8218,8349,204.1800,-0.6900
1783085592.969191,1932,3293,8189,8321,204.1800,-0.6900
1783085592.985740,1886,3208,8180,8302,206.9900,1.5000
1783085593.001229,1998,3264,8152,8293,206.9900,1.5000
1783085593.017506,1979,3227,8199,8433,206.9900,1.5000
1783085593.033518,1998,3264,8171,8293,205.5600,5.5600
1783085593.049529,1970,3227,8161,8311,205.5600,5.5600
1783085593.065451,1979,3227,8152,8339,205.5600,5.5600
1783085593.081558,2026,3236,8133,8311,200.1500,-3.2500
1783085593.097489,1914,3218,8180,8443,200.1500,-3.2500
1783085593.113426,1970,3264,8189,8349,200.1500,-3.2500
1783085593.130010,1961,3180,8189,8358,202.8500,2.5600
1783085593.145283,2007,3246,8152,8377,202.8500,2.5600
1783085593.161290,1998,3227,8171,8321,202.8500,2.5600
1783085593.177237,2007,3180,8133,8339,202.8500,-2.1900
1783085593.193312,2007,3264,8142,8471,202.8500,-2.1900
1783085593.209315,1970,3199,8096,8396,202.8500,-2.1900
1783085593.225248,2026,3274,8096,8368,202.8500,0.5600
1783085593.240299,2036,3161,8152,8546,202.8500,0.5600
1783085593.256274,2026,3189,8180,8255,202.8500,0.5600
1783085593.272523,2007,3180,8161,8368,202.8500,0.5600
1783085593.288375,2026,3246,8208,8396,205.5600,-1.6900
1783085593.304452,2045,3189,8152,8555,205.5600,-1.6900
1783085593.320513,1998,3264,8124,8724,205.5600,-1.6900
1783085593.336275,2026,3171,8114,8508,198.8700,0.8800
1783085593.352265,2017,3180,8555,8583,198.8700,0.8800
1783085593.368694,2045,3133,8161,8480,198.8700,0.8800
1783085593.384277,2073,3152,8161,8565,206.9900,0.9400
1783085593.400517,2054,3124,8161,8733,206.9900,0.9400
1783085593.416684,2073,3124,8565,8471,206.9900,0.9400
1783085593.432460,2083,3133,8171,8246,202.8500,-0.2500
1783085593.448483,2101,3161,8161,8724,202.8500,-0.2500
1783085593.464671,2036,3105,8124,8668,202.8500,-0.2500
1783085593.480216,2007,3180,8105,8649,205.5600,1.6300
1783085593.496379,2073,3152,8086,8630,205.5600,1.6300
1783085593.512632,2073,3058,8142,8508,205.5600,1.6300
1783085593.527405,2064,3133,8189,8490,198.8700,-0.8100
1783085593.543731,2064,3161,8171,8377,198.8700,-0.8100
1783085593.559525,2073,3105,8161,8358,198.8700,-0.8100
1783085593.575366,2054,3152,8133,8762,198.8700,-0.8100
1783085593.591394,2045,3086,8133,8705,209.7500,0.5000
1783085593.607382,2120,3096,8114,8536,209.7500,0.5000
1783085593.625455,2101,3114,8114,8321,209.7500,0.5000
1783085593.641392,2073,3161,8189,8780,202.8500,0.0000
1783085593.657578,2026,3105,8199,8405,202.8500,0.0000
1783085593.673599,2139,3114,8171,8546,202.8500,0.0000
1783085593.689579,2158,3143,8189,8630,201.5300,0.5000
1783085593.705542,2120,3105,8189,8780,201.5300,0.5000
1783085593.721558,2092,3143,8124,8246,201.5300,0.5000
1783085593.737505,2101,3152,8142,8705,200.1500,-0.6900
1783085593.753504,2007,3067,8114,8461,200.1500,-0.6900
1783085593.769552,2111,3096,8096,8480,200.1500,-0.6900
1783085593.784752,2148,3124,8105,8593,204.2300,0.1900
1783085593.801034,2083,3114,8124,8602,204.2300,0.1900
1783085593.816403,2120,3124,8161,8424,204.2300,0.1900
1783085593.832362,2158,3086,8133,8255,205.5600,-2.3100
1783085593.850423,2092,3096,8133,8443,205.5600,-2.3100
1783085593.866762,2120,3152,8161,8508,205.5600,-2.3100
1783085593.882422,2120,3086,8114,8293,198.8700,1.0600
1783085593.898602,2073,3133,8114,8443,198.8700,1.0600
1783085593.914697,2083,3096,8142,8311,198.8700,1.0600
1783085593.930541,2129,3077,8152,8386,205.5600,-1.1200
1783085593.946460,2111,3143,8142,8368,205.5600,-1.1200
1783085593.962675,2158,3058,8142,8424,205.5600,-1.1200
1783085593.978880,2129,3067,8124,8452,204.2300,0.0600
1783085593.994529,2083,3096,8189,8330,204.2300,0.0600
1783085594.010753,2129,3086,8171,8555,204.2300,0.0600
1783085594.026523,2148,3011,8171,8527,204.2300,0.0600
1783085594.041523,2129,3105,8152,8518,205.5600,0.8100
1783085594.057884,2148,3067,8171,8480,205.5600,0.8100
1783085594.073471,2139,3105,8180,8302,205.5600,0.8100
1783085594.089490,2148,3039,8142,8349,197.4400,0.7500
1783085594.105553,2092,3114,8142,8508,197.4400,0.7500
1783085594.123614,2139,3021,8142,8405,197.4400,0.7500
1783085594.139513,2120,3105,8067,8471,198.8700,-1.8100
1783085594.155523,2064,3039,8086,8602,198.8700,-1.8100
1783085594.171599,2167,3021,8058,8415,198.8700,-1.8100
1783085594.187630,2092,3105,8508,8386,204.2300,-0.3700
1783085594.203631,2186,2974,8086,8508,204.2300,-0.3700
1783085594.219682,2120,3077,8124,8377,204.2300,-0.3700
1783085594.235527,2214,3058,8086,8555,204.1800,0.5000
1783085594.251557,2223,3067,8105,8377,204.1800,0.5000
1783085594.267574,2214,3067,8133,8293,204.1800,0.5000
1783085594.283583,2139,3030,8133,8433,204.2300,-1.0600
1783085594.298943,2139,3105,8152,8358,204.2300,-1.0600
1783085594.314620,2158,3002,8124,8377,204.2300,-1.0600
1783085594.330526,2148,3021,8096,8349,198.8700,0.9400
1783085594.346858,2129,3096,8067,8415,198.8700,0.9400
1783085594.362556,2223,3105,8086,8377,198.8700,0.9400
1783085594.379262,2148,2992,8077,8415,206.9900,0.0000
1783085594.394945,2186,3030,8058,8302,206.9900,0.0000
1783085594.410617,2233,2983,8058,8386,206.9900,0.0000
1783085594.426719,2195,3002,8096,8302,202.8500,0.6300
1783085594.442776,2176,2974,8067,8443,202.8500,0.6300
1783085594.458577,2223,2946,8077,8358,202.8500,0.6300
1783085594.474799,2251,2964,8077,8358,202.8500,0.6300
1783085594.490802,2214,2974,8058,8349,202.8500,-0.8800
1783085594.506653,2242,2983,8086,8471,202.8500,-0.8800
1783085594.522673,2223,2974,8461,8443,202.8500,-0.8800
1783085594.538851,2204,2974,8105,8349,204.1800,0.8800
1783085594.554646,2186,3030,8086,8443,204.1800,0.8800
1783085594.569705,2195,2946,8461,8368,204.1800,0.8800
1783085594.585662,2186,3002,8105,8424,204.2300,-0.7500
1783085594.601645,2223,3039,8142,8311,204.2300,-0.7500
1783085594.617689,2204,2917,8124,8555,204.2300,-0.7500
1783085594.633745,2186,3002,8096,8283,205.5600,1.1900
1783085594.649709,2223,3002,8077,8368,205.5600,1.1900
1783085594.665695,2289,2974,8077,8368,205.5600,1.1900
1783085594.681927,2261,3011,8096,8349,208.2600,0.8100
1783085594.697705,2204,2974,8124,8386,208.2600,0.8100
1783085594.713811,2214,2992,8067,8396,208.2600,0.8100
1783085594.730739,2242,2992,8096,8283,201.5300,0.5600
1783085594.745746,2214,3058,8086,8330,201.5300,0.5600
1783085594.761757,2214,2908,8067,8321,201.5300,0.5600
1783085594.778380,2223,2880,8067,8602,204.2300,-1.6300
1783085594.794783,2251,2964,8067,8349,204.2300,-1.6300
1783085594.811695,2233,2899,8152,8368,204.2300,-1.6300
1783085594.827717,2289,2964,8086,8658,204.1800,-0.2500
1783085594.842755,2270,3021,8096,8311,204.1800,-0.2500
1783085594.858695,2251,3030,8114,8499,204.1800,-0.2500
1783085594.874901,2308,3021,8096,8368,209.7500,-0.5000
1783085594.890732,2298,2870,8152,8321,209.7500,-0.5000
1783085594.906719,2270,2946,8105,8565,209.7500,-0.5000
1783085594.923191,2270,2946,8142,8330,209.7500,-0.5000
1783085594.941077,2223,3011,8096,8330,200.1500,0.8800
1783085594.956947,2326,2983,8508,8593,200.1500,0.8800
1783085594.972928,2270,3086,8508,8386,200.1500,0.8800
1783085594.992041,2355,3030,8508,8386,205.5600,-1.3100
1783085595.009840,2355,3002,8508,8368,205.5600,-1.3100
1783085595.027803,2317,2983,8508,8368,200.1500,2.6300
1783085595.043021,2336,2964,8508,8593,200.1500,2.6300
1783085595.058787,2308,2964,8077,8724,200.1500,2.6300
1783085595.074812,2298,3030,8077,8687,200.1500,2.6300
1783085595.091028,2326,2917,8086,8593,200.1500,-0.6900
1783085595.107017,2308,2917,8096,8274,200.1500,-0.6900
1783085595.122994,2308,2889,8030,8574,200.1500,-0.6900
1783085595.139446,2336,2946,8105,8565,201.5300,-0.8800
1783085595.154990,2289,2870,8086,8311,201.5300,-0.8800
1783085595.170834,2317,2889,8077,8461,201.5300,-0.8800
1783085595.187770,2326,2955,8152,8527,204.2300,-0.4400
1783085595.202951,2298,2889,8058,8321,204.2300,-0.4400
1783085595.219980,2336,2889,8058,8574,204.2300,-0.4400
1783085595.235959,2289,2936,8096,8264,204.1800,-0.1200
1783085595.251988,2326,2870,8058,8630,204.1800,-0.1200
1783085595.267911,2298,2870,8021,8893,204.1800,-0.1200
1783085595.283838,2308,2899,8067,8349,209.7500,0.9400
1783085595.300074,2383,2889,8049,8583,209.7500,0.9400
1783085595.318066,2336,2974,8058,8583,209.7500,0.9400
1783085595.336012,2355,2852,8021,8583,202.8500,-2.0600
1783085595.351855,2364,2861,8030,8677,202.8500,-2.0600
1783085595.368852,2355,2964,8030,8264,202.8500,-2.0600
1783085595.385897,2308,2889,8067,8293,200.1500,1.3100
1783085595.400915,2364,2899,8049,8555,200.1500,1.3100
1783085595.416878,2373,2824,8039,8368,200.1500,1.3100
1783085595.433175,2373,2936,8030,8696,200.1500,-2.3800
1783085595.448870,2355,2861,8058,8640,200.1500,-2.3800
1783085595.464883,2364,2861,8049,8621,200.1500,-2.3800
1783085595.481015,2364,2870,8030,8218,197.4400,1.5600
1783085595.496865,2401,2889,8058,8236,197.4400,1.5600
1783085595.512882,2326,2889,8039,8302,197.4400,1.5600
1783085595.530191,2355,2842,8030,8649,200.1500,0.3700
1783085595.544994,2383,2852,8030,8264,200.1500,0.3700
1783085595.560319,2355,2880,8030,8293,200.1500,0.3700
1783085595.577184,2392,2908,8049,8283,200.1500,0.7500
1783085595.593159,2392,2899,8086,8311,200.1500,0.7500
1783085595.609088,2392,2870,8039,8274,200.1500,0.7500
1783085595.625176,2401,2824,8067,8293,198.8700,0.3100
1783085595.641126,2383,2880,8030,8405,198.8700,0.3100
1783085595.657007,2373,2870,8058,8208,198.8700,0.3100
1783085595.673378,2373,2842,8415,8283,198.8700,0.3100
1783085595.690247,2401,2833,8415,8255,206.9900,0.3700
1783085595.705958,2392,2777,7992,8293,206.9900,0.3700
1783085595.724005,2392,2833,8021,8358,206.9900,0.3700
1783085595.740070,2401,2880,7992,8246,202.8500,-0.1200
1783085595.756558,2430,2814,8030,8283,202.8500,-0.1200
1783085595.772129,2383,2805,8011,8293,202.8500,-0.1200
1783085595.788114,2411,2852,8021,8330,202.8500,0.0600
1783085595.804216,2373,2852,8049,8668,202.8500,0.0600
1783085595.820026,2411,2842,8058,8302,202.8500,0.0600
1783085595.836005,2401,2814,8011,8377,206.8300,-2.1300
1783085595.852238,2411,2824,8011,8311,206.8300,-2.1300
1783085595.868100,2411,2805,8039,8358,206.8300,-2.1300
1783085595.884003,2401,2795,8443,8321,209.7500,-1.4400
1783085595.900199,2458,2777,8039,8311,209.7500,-1.4400
1783085595.915052,2420,2861,8039,8621,209.7500,-1.4400
1783085595.931155,2439,2739,8021,8227,201.5300,-0.8800
1783085595.947055,2420,2795,8030,8264,201.5300,-0.8800
1783085595.963083,2439,2777,8021,8630,201.5300,-0.8800
1783085595.979781,2448,2805,8049,8255,204.2300,1.3100
1783085595.997189,2430,2833,8002,8255,204.2300,1.3100
1783085596.013317,2411,2786,8049,8377,204.2300,1.3100
1783085596.030265,2420,2786,8021,8274,204.1800,-1.3100
1783085596.045860,2458,2777,8049,8236,204.1800,-1.3100
1783085596.061176,2411,2814,8049,8311,204.1800,-1.3100
1783085596.077278,2420,2749,8039,8621,206.9900,-0.0600
1783085596.093148,2448,2739,8049,8255,206.9900,-0.0600
1783085596.109086,2411,2758,8067,8311,206.9900,-0.0600
1783085596.125249,2448,2758,8058,8264,206.9900,-0.0600
1783085596.140358,2430,2749,8049,8293,205.5600,0.0600
1783085596.156515,2458,2730,8030,8236,205.5600,0.0600
1783085596.174412,2448,2767,8030,8330,205.5600,0.0600
1783085596.190450,2495,2730,8077,8386,202.8500,-0.3100
1783085596.206609,2495,2739,8067,8330,202.8500,-0.3100
1783085596.222536,2439,2664,8049,8283,202.8500,-0.3100
1783085596.238502,2448,2692,8030,8377,205.5600,-1.5000
1783085596.254569,2448,2711,8030,8293,205.5600,-1.5000
1783085596.270411,2458,2674,8058,8274,205.5600,-1.5000
1783085596.286397,2458,2664,8039,8293,205.5600,1.6300
1783085596.304334,2458,2683,8049,8368,205.5600,1.6300
1783085596.320568,2467,2730,8011,8405,205.5600,1.6300
1783085596.336211,2477,2720,8021,8283,201.5300,1.1900
1783085596.352294,2448,2674,8049,8630,201.5300,1.1900
1783085596.367284,2467,2655,8039,8321,201.5300,1.1900
1783085596.383258,2458,2664,8058,8264,206.9900,-1.6300
1783085596.399191,2477,2664,8039,8293,206.9900,-1.6300
1783085596.415597,2458,2664,8039,8302,206.9900,-1.6300
1783085596.431526,2467,2645,8039,8293,201.5300,-0.3700
1783085596.447298,2542,2627,8049,8293,201.5300,-0.3700
1783085596.465277,2486,2683,8049,8274,201.5300,-0.3700
1783085596.479949,2495,2636,8039,8274,202.8500,-0.3700
1783085596.495297,2495,2674,8039,8264,202.8500,-0.3700
1783085596.511277,2495,2655,8021,8330,202.8500,-0.3700
1783085596.527260,2477,2627,8021,8358,204.2300,-0.1900
1783085596.543290,2486,2608,8039,8246,204.2300,-0.1900
1783085596.559327,2523,2589,8030,8274,204.2300,-0.1900
1783085596.575390,2486,2580,8021,8321,204.2300,-0.1900
1783085596.591327,2514,2589,8049,8339,205.5600,0.5600
1783085596.607317,2533,2561,8058,8246,205.5600,0.5600
1783085596.623494,2552,2552,8058,8227,205.5600,0.5600
1783085596.638568,2486,2598,8039,8283,201.5300,1.8800
1783085596.654387,2505,2570,8058,8677,201.5300,1.8800
1783085596.670649,2523,2542,8077,8349,201.5300,1.8800
1783085596.688319,2542,2561,8039,8349,212.5100,-3.6900
1783085596.704869,2514,2608,8067,8274,212.5100,-3.6900
1783085596.720392,2514,2608,8030,8705,212.5100,-3.6900
1783085596.736472,2505,2608,8058,8358,198.8700,2.0000
1783085596.752711,2514,2542,8461,8358,198.8700,2.0000
1783085596.769393,2514,2580,8039,8658,198.8700,2.0000
1783085596.785334,2533,2542,8021,8311,215.2700,-2.1900
1783085596.801335,2523,2552,8021,8246,215.2700,-2.1900
1783085596.817358,2514,2542,8030,8349,215.2700,-2.1900
1783085596.834420,2514,2608,8030,8349,205.5600,0.2500
1783085596.850557,2552,2486,8039,8236,205.5600,0.2500
1783085596.866717,2514,2505,8049,8255,205.5600,0.2500
1783085596.884809,2514,2552,8049,8246,205.5600,-2.1900
1783085596.900473,2552,2495,8021,8208,205.5600,-2.1900
1783085596.916473,2598,2542,8067,8321,205.5600,-2.1900
1783085596.932601,2580,2495,8011,8264,208.2600,0.0600
1783085596.948484,2570,2495,8039,8311,208.2600,0.0600
1783085596.964480,2598,2505,8039,8274,208.2600,0.0600
1783085596.981792,2580,2514,8011,8330,201.5300,-0.8800
1783085596.996535,2598,2477,8021,8415,201.5300,-0.8800
1783085597.012483,2617,2505,8039,8283,201.5300,-0.8800
1783085597.029697,2617,2467,8049,8321,209.7500,2.6900
1783085597.044533,2589,2477,8039,8311,209.7500,2.6900
1783085597.060581,2570,2467,8049,8255,209.7500,2.6900
1783085597.077707,2580,2477,8049,8377,208.2600,1.1200
1783085597.093516,2552,2486,8077,8302,208.2600,1.1200
1783085597.109495,2561,2542,8058,8293,208.2600,1.1200
1783085597.125493,2552,2495,8058,8386,208.2600,0.3100
1783085597.141618,2589,2458,8011,8349,208.2600,0.3100
1783085597.157523,2589,2495,8058,8321,208.2600,0.3100
1783085597.173516,2570,2495,8039,8218,208.2600,0.3100
1783085597.189537,2589,2533,8049,8358,208.2600,0.6900
1783085597.205525,2608,2486,8077,8311,208.2600,0.6900
1783085597.221513,2627,2495,8067,8246,208.2600,0.6900
1783085597.237621,2570,2448,8058,8274,208.2600,-2.0600
1783085597.253515,2617,2467,8067,8349,208.2600,-2.0600
1783085597.269556,2598,2448,8067,8321,208.2600,-2.0600
1783085597.286058,2598,2495,8021,8283,204.1800,1.3700
1783085597.301690,2598,2477,8049,8264,204.1800,1.3700
1783085597.317690,2655,2439,8039,8283,204.1800,1.3700
1783085597.332664,2645,2467,8067,8321,212.5100,-0.1900
1783085597.348588,2645,2477,8021,8302,212.5100,-0.1900
1783085597.364946,2664,2477,8030,8274,212.5100,-0.1900
1783085597.380723,2636,2420,8058,8274,205.5600,-1.6900
1783085597.396696,2645,2439,8039,8321,205.5600,-1.6900
1783085597.412973,2655,2411,8030,8264,205.5600,-1.6900
1783085597.429725,2627,2420,8030,8293,205.5600,1.0600
1783085597.445021,2627,2448,8067,8311,205.5600,1.0600
1783085597.461065,2608,2448,8039,8255,205.5600,1.0600
1783085597.476718,2645,2477,8049,8274,205.5600,1.0600
1783085597.492655,2692,2495,8021,8264,202.8500,0.0000
1783085597.508869,2702,2439,8114,8246,202.8500,0.0000
1783085597.524649,2664,2420,8002,8246,202.8500,0.0000
1783085597.541618,2617,2448,8002,8330,202.8500,1.1900
1783085597.558670,2655,2439,7992,8293,202.8500,1.1900
1783085597.575044,2702,2477,8049,8283,197.4400,-0.8800
1783085597.589724,2683,2486,8039,8255,197.4400,-0.8800
1783085597.605675,2692,2467,8030,8311,197.4400,-0.8800
1783085597.623608,2655,2420,8039,8311,197.4400,-0.8800
1783085597.639645,2617,2523,8049,8311,198.8700,0.2500
1783085597.655698,2664,2486,8049,8283,198.8700,0.2500
1783085597.671736,2645,2495,8058,8339,198.8700,0.2500
1783085597.687703,2711,2458,8030,8274,200.1500,-0.5000
1783085597.703745,2645,2458,8011,8302,200.1500,-0.5000
1783085597.722739,2683,2514,8011,8302,200.1500,-0.5000
1783085597.738727,2711,2439,8011,8274,204.2300,1.3700
1783085597.755741,2692,2439,8086,8321,204.2300,1.3700
1783085597.770807,2683,2411,8030,8255,204.2300,1.3700
1783085597.786728,2645,2458,8039,8264,202.8500,-0.8800
1783085597.804711,2664,2420,8039,8330,202.8500,-0.8800
1783085597.822953,2674,2448,8021,8330,202.8500,-0.8800
1783085597.839516,2702,2448,8011,8246,201.5300,2.3100
1783085597.857958,2720,2420,8011,8246,201.5300,2.3100
1783085597.875033,2674,2383,7983,8274,206.9900,-0.6900
1783085597.894847,2711,2364,7983,8274,206.9900,-0.6900
1783085597.911149,2739,2383,8021,8264,206.9900,-0.6900
1783085597.926847,2720,2420,8002,8302,206.9900,-0.6900
1783085597.942807,2692,2420,8011,8255,200.1500,0.6300
1783085597.959203,2730,2317,8049,8255,200.1500,0.6300
1783085597.974818,2674,2430,8039,8302,200.1500,0.6300
1783085597.990562,2702,2355,7992,8302,205.5600,-0.6300
1783085598.006845,2683,2420,8049,8246,205.5600,-0.6300
1783085598.022601,2702,2401,8021,8274,205.5600,-0.6300
1783085598.038597,2683,2364,8011,8283,201.5300,-0.1900
1783085598.055011,2645,2401,8021,8311,201.5300,-0.1900
1783085598.070572,2598,2373,7955,8255,201.5300,-0.1900
1783085598.087132,2730,2280,8002,8293,209.7500,-1.5000
1783085598.103965,2720,2401,7983,8302,209.7500,-1.5000
1783085598.118990,2645,2298,7936,8405,209.7500,-1.5000
1783085598.134231,2674,2392,8030,8358,202.8500,0.0600
1783085598.150195,2664,2392,7992,8302,202.8500,0.0600
1783085598.165854,2683,2411,7974,8349,202.8500,0.0600
1783085598.182654,2702,2383,8002,8330,202.8500,-0.1900
1783085598.198479,2692,2401,8021,8293,202.8500,-0.1900
1783085598.213759,2711,2411,7964,8349,202.8500,-0.1900
1783085598.231576,2711,2373,7983,8311,201.5300,0.6300
1783085598.246300,2711,2392,7992,8264,201.5300,0.6300
1783085598.262005,2730,2345,7983,8311,201.5300,0.6300
1783085598.279438,2749,2373,8039,8349,209.7500,-0.5000
1783085598.293883,2749,2364,8021,8302,209.7500,-0.5000
1783085598.309640,2730,2364,7974,8321,209.7500,-0.5000
1783085598.326153,2749,2420,7992,8311,201.5300,-1.2500
1783085598.341788,2711,2364,8002,8321,201.5300,-1.2500
1783085598.357661,2777,2364,8011,8293,201.5300,-1.2500
1783085598.373863,2777,2392,8002,8386,201.5300,-1.2500
1783085598.390210,2824,2364,8058,8321,204.2300,1.8100
1783085598.406034,2758,2383,8030,8349,204.2300,1.8100
1783085598.421213,2702,2317,8002,8339,204.2300,1.8100
1783085598.439203,2730,2289,8002,8349,205.5600,-1.7500
1783085598.454980,2692,2383,8021,8321,205.5600,-1.7500
1783085598.470985,2674,2317,8021,8349,205.5600,-1.7500
1783085598.487306,2692,2345,8002,8330,197.4400,3.1300
1783085598.503085,2711,2326,8021,8330,197.4400,3.1300
1783085598.519023,2739,2373,8021,8349,197.4400,3.1300
1783085598.535366,2711,2308,7983,8349,202.8500,-1.6900
1783085598.550992,2730,2345,8058,8349,202.8500,-1.6900
1783085598.566991,2730,2326,8002,8339,202.8500,-1.6900
1783085598.583301,2739,2345,7974,8358,197.4400,-0.0600
1783085598.598887,2749,2345,8049,8330,197.4400,-0.0600
1783085598.614792,2777,2373,8021,8339,197.4400,-0.0600
1783085598.630971,2777,2298,8011,8321,197.4400,0.6900
1783085598.646851,2758,2317,8039,8339,197.4400,0.6900
1783085598.661851,2749,2298,8105,8311,197.4400,0.6900
1783085598.679240,2711,2336,8058,8321,197.4400,-0.7500
1783085598.694127,2786,2308,8049,8349,197.4400,-0.7500
1783085598.710199,2749,2289,8030,8302,197.4400,-0.7500
1783085598.726604,2702,2270,8030,8330,201.5300,0.8800
1783085598.742291,2720,2308,8021,8339,201.5300,0.8800
1783085598.758267,2730,2345,8039,8321,201.5300,0.8800
1783085598.774413,2777,2289,8002,8311,201.4700,0.5000
1783085598.789843,2749,2261,8049,8321,201.4700,0.5000
1783085598.806015,2777,2289,8021,8330,201.4700,0.5000
1783085598.822132,2749,2317,8002,8339,201.4700,0.5000
1783085598.837901,2814,2270,8021,8293,205.5600,0.3100
1783085598.853934,2786,2270,8002,8293,205.5600,0.3100
1783085598.871691,2767,2261,8011,8386,205.5600,0.3100
1783085598.887135,2786,2289,8002,8377,202.8500,0.7500
1783085598.902948,2739,2270,8039,8339,202.8500,0.7500
1783085598.918120,2758,2289,8002,8283,202.8500,0.7500
1783085598.933947,2777,2233,8011,8368,205.5600,-0.0600
1783085598.950080,2814,2280,7974,8424,205.5600,-0.0600
1783085598.966410,2842,2270,8011,8339,205.5600,-0.0600
1783085598.982030,2842,2308,7983,8330,202.8500,-1.0000
1783085598.998005,2805,2289,7983,8386,202.8500,-1.0000
1783085599.016004,2805,2289,8021,8386,202.8500,-1.0000
1783085599.032457,2767,2270,8021,8349,202.8500,-1.5000
1783085599.047990,2842,2289,8030,8321,202.8500,-1.5000
1783085599.064014,2805,2242,7992,8368,202.8500,-1.5000
1783085599.080729,2842,2270,8039,8349,200.1500,-1.5600
1783085599.096048,2852,2270,8039,8321,200.1500,-1.5600
1783085599.112208,2805,2251,7983,8339,200.1500,-1.5600
1783085599.128834,2814,2280,8049,8321,204.1800,-0.3700
1783085599.144069,2777,2280,7983,8349,204.1800,-0.3700
1783085599.159603,2795,2270,8011,8368,204.1800,-0.3700
1783085599.175557,2870,2251,8002,8330,204.1800,-0.3700
1783085599.191513,2805,2261,7955,8330,204.2300,0.9400
1783085599.207792,2824,2251,8002,8339,204.2300,0.9400
1783085599.223573,2889,2289,7992,8330,204.2300,0.9400
1783085599.239174,2833,2242,8021,8321,202.8500,1.0000
1783085599.255663,2870,2214,7974,8339,202.8500,1.0000
1783085599.271290,2795,2204,7964,8377,202.8500,1.0000
1783085599.287537,2852,2251,7983,8349,200.1500,0.4400
1783085599.303444,2833,2251,7945,8368,200.1500,0.4400
1783085599.319211,2833,2298,8039,8330,200.1500,0.4400
1783085599.335176,2908,2195,7964,8358,205.5600,-0.9400
1783085599.351269,2899,2298,7964,8339,205.5600,-0.9400
1783085599.367035,2814,2233,7964,8377,205.5600,-0.9400
1783085599.383048,2814,2242,7955,8368,205.5600,1.1200
1783085599.399800,2870,2223,8030,8339,205.5600,1.1200
1783085599.415561,2880,2214,7945,8339,205.5600,1.1200
1783085599.431343,2824,2223,7974,8330,201.5300,2.3800
1783085599.446738,2824,2261,7927,8368,201.5300,2.3800
1783085599.462685,2908,2214,7955,8396,201.5300,2.3800
1783085599.480032,2880,2270,7927,8368,204.2300,-0.3700
1783085599.494503,2917,2204,7983,8321,204.2300,-0.3700
1783085599.510278,3002,2270,7945,8330,204.2300,-0.3700
1783085599.526119,2936,2270,7955,8396,202.8500,0.3100
1783085599.542453,2964,2186,7964,8386,202.8500,0.3100
1783085599.558144,3236,2204,8011,8321,202.8500,0.3100
1783085599.574130,3246,2270,7992,8377,202.8500,0.3100
1783085599.590698,3274,2242,7955,8415,200.1500,-0.6900
1783085599.606528,3499,2204,7983,8386,200.1500,-0.6900
1783085599.622992,2946,2204,7936,8311,200.1500,-0.6900
1783085599.639982,3368,2317,8021,8405,200.1500,-0.5600
1783085599.656177,2880,2214,7955,8405,200.1500,-0.5600
1783085599.672569,3011,2195,7945,8349,200.1500,-0.5600
1783085599.688160,3143,2176,8011,8321,200.1500,0.0600
1783085599.703275,3058,2242,7974,8368,200.1500,0.0600
1783085599.719260,3349,2223,7974,8415,200.1500,0.0600
1783085599.735564,3602,2176,7992,8433,202.8500,0.0600
1783085599.751291,3218,2251,7964,8452,202.8500,0.0600
1783085599.767240,3011,2139,7992,8405,202.8500,0.0600
1783085599.783478,3358,2261,7992,8386,200.1500,1.4400
1783085599.799519,3030,2270,8002,8339,200.1500,1.4400
1783085599.815550,3208,2111,7974,8339,200.1500,1.4400
1783085599.831747,3255,2101,7955,8349,198.8700,0.5000
1783085599.847563,3171,2214,7945,8405,198.8700,0.5000
1783085599.863472,3302,2158,7983,8415,198.8700,0.5000
1783085599.880025,3011,2214,8002,8452,202.8500,0.3700
1783085599.895537,3218,2251,7983,8452,202.8500,0.3700
1783085599.911528,3424,2148,8030,8386,202.8500,0.3700
1783085599.927887,3443,2111,8002,8386,208.2600,1.5000
1783085599.943600,3255,2139,8002,8330,208.2600,1.5000
1783085599.958762,3218,2139,8002,8415,208.2600,1.5000
1783085599.975228,3274,2148,8002,8424,208.2600,-1.8800
1783085599.990590,3293,2139,7983,8405,208.2600,-1.8800
1783085600.006804,3396,2111,7992,8368,208.2600,-1.8800
1783085600.022625,3124,2158,7992,8358,208.2600,-1.8800
1783085600.038360,3236,2176,8030,8415,206.9900,-0.6900
1783085600.054287,3330,2064,8002,8452,206.9900,-0.6900
1783085600.070552,3415,2101,7992,8443,206.9900,-0.6900
1783085600.086314,3386,2101,7983,8415,205.5600,-0.4400
1783085600.102605,3386,2083,7964,8377,205.5600,-0.4400
1783085600.119678,3283,2111,7983,8396,205.5600,-0.4400
1783085600.134599,3386,2007,8002,8415,202.8500,2.6900
1783085600.151006,3236,2045,7964,8415,202.8500,2.6900
1783085600.167177,3264,2054,8011,8386,202.8500,2.6900
1783085600.183072,3443,2092,8002,8386,204.1800,-2.0600
1783085600.197779,3443,2092,8002,8433,204.1800,-2.0600
1783085600.214687,3424,2045,8021,8443,204.1800,-2.0600
1783085600.230574,3405,2073,7955,8433,208.2600,2.1900
1783085600.246464,3358,2101,8021,8405,208.2600,2.1900
1783085600.262613,3293,1970,7974,8424,208.2600,2.1900
1783085600.277261,3349,2101,7992,8433,205.5600,-0.1900
1783085600.293676,3424,2045,7964,8405,205.5600,-0.1900
1783085600.309613,3461,2101,8002,8443,205.5600,-0.1900
1783085600.325631,3546,2073,7974,8424,205.5600,-0.1900
1783085600.341896,3349,2064,7992,8452,205.5600,-0.5000
1783085600.357846,3480,2101,8002,8443,205.5600,-0.5000
1783085600.373579,3396,2007,7964,8405,205.5600,-0.5000
1783085600.389834,3405,2092,7983,8443,205.5600,0.0000
1783085600.405445,3443,2064,7964,8386,205.5600,0.0000
1783085600.421403,3490,2054,7964,8405,205.5600,0.0000
1783085600.437249,3433,2036,8011,8443,210.9700,2.2500
1783085600.453654,3368,1998,7927,8424,210.9700,2.2500
1783085600.469404,3396,2120,7983,8405,210.9700,2.2500
1783085600.485397,3433,2064,7936,8443,205.5600,-1.0000
1783085600.501930,3377,2073,7983,8424,205.5600,-1.0000
1783085600.517690,3405,2120,8002,8471,205.5600,-1.0000
1783085600.532712,3537,2073,7974,8433,205.5600,0.0000
1783085600.548957,3518,2101,8002,8415,205.5600,0.0000
1783085600.564728,3377,2026,7945,8424,205.5600,0.0000
1783085600.581003,3508,2092,8021,8471,206.9900,-1.4400
1783085600.598751,3471,2064,8021,8471,206.9900,-1.4400
1783085600.615007,3546,2036,7955,8443,206.9900,-1.4400
1783085600.630615,3518,2083,7964,8415,205.5600,1.9400
1783085600.646853,3433,1998,7964,8480,205.5600,1.9400
1783085600.663264,3443,2064,7974,8461,205.5600,1.9400
1783085600.681032,3518,2045,7955,8471,196.2200,0.8800
1783085600.694827,3471,2026,7945,8433,196.2200,0.8800
1783085600.711106,3443,2092,7936,8452,196.2200,0.8800
1783085600.726758,3508,2064,7955,8490,196.2200,0.8800
1783085600.742828,3490,2017,7936,8424,210.9700,1.6300
1783085600.759078,3499,2092,7964,8471,210.9700,1.6300
1783085600.776031,3537,2026,7927,8471,202.8500,-0.5600
1783085600.791905,3518,1970,7936,8433,202.8500,-0.5600
1783085600.807779,3471,2017,7936,8471,202.8500,-0.5600
1783085600.823698,3508,2026,7927,8490,202.8500,-0.5600
1783085600.839656,3490,2083,7927,8471,205.5600,0.5600
1783085600.856306,3499,1979,7945,8471,205.5600,0.5600
1783085600.872375,3443,1998,7889,8499,205.5600,0.5600
1783085600.887963,3508,2036,7936,8452,204.2300,0.9400
1783085600.904122,3508,2036,7927,8452,204.2300,0.9400
1783085600.920172,3527,1932,7945,8480,204.2300,0.9400
1783085600.935888,3518,2064,7908,8480,201.5300,0.6300
1783085600.952205,3499,1989,7955,8471,201.5300,0.6300
1783085600.968448,3518,2054,7908,8490,201.5300,0.6300
1783085600.983830,3490,2007,7899,8527,204.2300,0.1900
1783085600.999837,3490,2017,7927,8536,204.2300,0.1900
1783085601.015771,3546,1998,7927,8518,204.2300,0.1900
1783085601.031618,3461,1998,7936,8508,196.2200,-0.8800
1783085601.046915,3518,2017,7917,8499,196.2200,-0.8800
1783085601.062926,3508,1979,7880,8490,196.2200,-0.8800
1783085601.079784,3583,2083,7927,8499,192.0300,-7.2500
1783085601.095407,3546,1979,7974,8527,192.0300,-7.2500
1783085601.111404,3537,2007,7917,8546,192.0300,-7.2500
1783085601.127357,3537,1979,7908,8574,186.6200,3.5000
1783085601.143218,3546,1989,7927,8527,186.6200,3.5000
1783085601.159211,3546,1989,7927,8527,186.6200,3.5000
1783085601.174937,3518,1932,7927,8527,186.6200,3.5000
1783085601.191592,3518,2026,7945,8555,186.6200,-2.6300
1783085601.206874,3508,1932,7964,8508,186.6200,-2.6300
1783085601.222713,3583,2026,7974,8443,186.6200,-2.6300
1783085601.239610,3518,1932,7992,8480,186.6200,1.8100
1783085601.255040,3583,2026,7974,8490,186.6200,1.8100
1783085601.270749,3499,1961,7899,8508,186.6200,1.8100
1783085601.287181,3499,1989,7927,8499,186.6200,-0.8800
1783085601.303190,3518,1970,7936,8508,186.6200,-0.8800
1783085601.318406,3508,1979,7936,8527,186.6200,-0.8800
1783085601.334151,3574,1979,7936,8490,183.9200,1.0600
1783085601.350125,3527,1961,7945,8480,183.9200,1.0600
1783085601.366369,3546,1914,7899,8536,183.9200,1.0600
1783085601.382107,3574,1951,7936,8480,181.2100,-0.8800
1783085601.398018,3574,1923,7927,8536,181.2100,-0.8800
1783085601.416389,3583,1914,7955,8536,181.2100,-0.8800
1783085601.432651,3565,1904,7955,8508,181.2100,-0.3700
1783085601.448176,3555,1904,7974,8508,181.2100,-0.3700
1783085601.464054,3574,1932,7955,8565,181.2100,-0.3700
1783085601.481590,3677,1970,7945,8611,175.8000,-0.5600
1783085601.496656,3565,1895,7955,8527,175.8000,-0.5600
1783085601.511898,3527,1914,7936,8583,175.8000,-0.5600
1783085601.527954,3565,1876,7927,8546,178.5100,0.7500
1783085601.544130,3583,1914,7974,8508,178.5100,0.7500
1783085601.558870,3602,1886,7964,8546,178.5100,0.7500
1783085601.575361,3565,1867,7917,8565,175.8000,-0.8800
1783085601.590878,3565,1876,7899,8583,175.8000,-0.8800
1783085601.607105,3537,1848,7974,8574,175.8000,-0.8800
1783085601.623443,3583,1876,7955,8508,175.8000,-0.8800
1783085601.639337,3565,1867,7927,8593,175.8000,1.6900
1783085601.655217,3612,1839,7955,8546,175.8000,1.6900
1783085601.672197,3593,1839,7974,8527,175.8000,1.6900
1783085601.687172,3574,1876,7917,8536,167.0500,-1.8100
1783085601.703219,3546,1839,7908,8565,167.0500,-1.8100
1783085601.719417,3583,1810,7983,8518,167.0500,-1.8100
1783085601.735213,3593,1829,7917,8518,167.6900,1.6300
1783085601.751326,3593,1839,7917,8546,167.6900,1.6300
1783085601.767482,3593,1839,7945,8527,167.6900,1.6300
1783085601.783080,3658,1876,7945,8546,167.6900,-1.7500
1783085601.798138,3537,1848,7945,8536,167.6900,-1.7500
1783085601.815541,3687,1848,7945,8583,167.6900,-1.7500
1783085601.831594,3612,1857,7964,8565,170.4000,0.9400
1783085601.846150,3630,1867,7945,8565,170.4000,0.9400
1783085601.862792,3593,1895,7955,8555,170.4000,0.9400
1783085601.878193,3658,1886,7927,8593,167.6900,0.0000
1783085601.894594,3574,1857,7936,8602,167.6900,0.0000
1783085601.910872,3583,1867,7974,8546,167.6900,0.0000
1783085601.926155,3621,1839,7908,8602,167.6900,0.0000
1783085601.942368,3583,1848,7974,8536,164.9900,0.0600
1783085601.958627,3602,1895,7936,8565,164.9900,0.0600
1783085601.976529,3593,1839,7945,8565,164.9900,0.5000
1783085601.992267,3630,1876,8002,8649,164.9900,0.5000
1783085602.008328,3612,1923,7899,8621,164.9900,0.5000
1783085602.024551,3621,1829,7945,8621,162.2800,0.3700
1783085602.040242,3658,1876,8039,8555,162.2800,0.3700
1783085602.056539,3640,1829,8002,8611,162.2800,0.3700
1783085602.072685,3565,1839,7945,8611,162.2800,0.3700
1783085602.087917,3705,1886,7917,8565,160.0700,-0.5600
1783085602.104148,3593,1895,7955,8602,160.0700,-0.5600
1783085602.119394,3687,1848,7964,8555,160.0700,-0.5600
1783085602.135431,3687,1914,7936,8574,162.2800,2.3100
1783085602.151965,3696,1886,7936,8649,162.2800,2.3100
1783085602.167495,3658,1876,7936,8583,162.2800,2.3100
1783085602.183542,3696,1848,7945,8658,159.1000,-2.1900
1783085602.201576,3649,1904,7945,8611,159.1000,-2.1900
1783085602.217594,3649,1876,7983,8640,159.1000,-2.1900
1783085602.233242,3612,1904,7955,8593,157.3100,0.4400
1783085602.249132,3668,1904,7974,8593,157.3100,0.4400
1783085602.265346,3668,1857,7955,8602,157.3100,0.4400
1783085602.281353,3658,1886,7927,8668,151.1400,-1.2500
1783085602.297379,3649,1914,7927,8649,151.1400,-1.2500
1783085602.314270,3696,1848,7889,8668,151.1400,-1.2500
1783085602.330884,3630,1848,7964,8621,154.1700,0.6300
1783085602.344310,3612,1914,7955,8687,154.1700,0.6300
1783085602.360432,3677,1857,7955,8687,154.1700,0.6300
1783085602.376608,3658,1876,7936,8668,154.1700,0.6300
1783085602.392559,3658,1886,7936,8630,151.7900,-1.0000
1783085602.408434,3687,1857,7955,8677,151.7900,-1.0000
1783085602.424170,3640,1839,7927,8583,151.7900,-1.0000
1783085602.442098,3724,1829,7927,8630,145.8400,1.0600
1783085602.458730,3724,1857,7908,8687,145.8400,1.0600
1783085602.474438,3677,1867,7936,8668,148.7600,-1.2500
1783085602.490231,3687,1848,7917,8733,148.7600,-1.2500
1783085602.506150,3677,1904,7955,8649,148.7600,-1.2500
1783085602.522445,3640,1848,7936,8640,148.7600,-1.2500
1783085602.538234,3668,1857,7955,8630,143.3500,0.5600
1783085602.554270,3649,1857,7974,8668,143.3500,0.5600
1783085602.570502,3696,1876,7908,8630,143.3500,0.5600
1783085602.589630,3696,1820,7945,8630,146.2700,0.7500
1783085602.605543,3668,1820,7899,8677,146.2700,0.7500
1783085602.621168,3705,1829,7889,8658,146.2700,0.7500
1783085602.637563,3649,1839,7899,8640,143.3500,-0.5600
1783085602.653232,3715,1829,7927,8677,143.3500,-0.5600
1783085602.669253,3658,1848,7870,8687,143.3500,-0.5600
1783085602.686115,3743,1848,7861,8724,137.8900,1.0000
1783085602.701289,3687,1820,7899,9015,137.8900,1.0000
1783085602.717520,3677,1857,7927,8602,137.8900,1.0000
1783085602.734014,3705,1829,7870,8640,140.7500,-1.3100
1783085602.749555,3612,1876,7889,8668,140.7500,-1.3100
1783085602.765508,3668,1839,7880,8668,140.7500,-1.3100
1783085602.781677,3668,1886,7880,8724,140.6400,1.0600
1783085602.797538,3649,1801,7880,8630,140.6400,1.0600
1783085602.812373,3602,1867,7870,8649,140.6400,1.0600
1783085602.831618,3705,1820,7908,8668,140.5400,0.5000
1783085602.844471,3668,1867,7880,9015,140.5400,0.5000
1783085602.860419,3677,1829,7899,8630,140.5400,0.5000
1783085602.877900,3696,1839,7889,8640,137.9900,0.5600
1783085602.893377,3668,1801,7889,8687,137.9900,0.5600
1783085602.908451,3696,1848,7889,8687,137.9900,0.5600
1783085602.923606,3668,1820,7899,8649,137.9900,0.5600
1783085602.939607,3668,1848,7955,8696,135.2300,-0.6300
1783085602.955564,3705,1792,7908,9005,135.2300,-0.6300
1783085602.971546,3715,1848,7889,9005,135.2300,-0.6300
1783085602.987519,3649,1810,7927,8687,132.4700,-0.5600
1783085603.003624,3715,1820,7936,8640,132.4700,-0.5600
1783085603.019705,3715,1829,7889,9015,132.4700,-0.5600
1783085603.035572,3734,1754,7917,8724,129.9300,0.5000
1783085603.051605,3696,1857,7917,8771,129.9300,0.5000
1783085603.067652,3734,1857,7908,8668,129.9300,0.5000
1783085603.082703,3696,1764,7945,8705,132.5300,-0.1200
1783085603.098788,3668,1773,7955,8780,132.5300,-0.1200
1783085603.114626,3696,1848,7908,9015,132.5300,-0.1200
1783085603.130625,3724,1839,7880,8724,127.1200,0.7500
1783085603.146819,3743,1735,7927,8687,127.1200,0.7500
1783085603.162686,3668,1829,7964,8715,127.1200,0.7500
1783085603.178828,3752,1829,7880,8808,127.1200,0.3100
1783085603.194981,3818,1839,7936,8658,127.1200,0.3100
1783085603.210685,3734,1782,7889,8658,127.1200,0.3100
1783085603.226719,3724,1839,7880,8790,127.1200,1.5600
1783085603.242936,3809,1810,7889,8968,127.1200,1.5600
1783085603.258750,3705,1792,7908,8602,127.1200,1.5600
1783085603.274699,3715,1829,7927,8724,127.1200,1.5600
1783085603.291085,3724,1801,7908,8733,124.4200,-0.2500
1783085603.306786,3771,1810,7917,8696,124.4200,-0.2500
1783085603.322768,3809,1876,7908,8715,124.4200,-0.2500
1783085603.338939,3715,1764,7927,8724,124.4200,0.5000
1783085603.354762,3762,1735,7880,8808,124.4200,0.5000
1783085603.370775,3752,1782,7899,8752,124.4200,0.5000
1783085603.385907,3809,1726,7908,8696,127.1200,1.3100
1783085603.401711,3734,1754,7917,8799,127.1200,1.3100
1783085603.417712,3734,1764,7870,8808,127.1200,1.3100
1783085603.434094,3790,1764,7917,8696,119.0100,-0.3700
1783085603.449775,3790,1773,7917,8649,119.0100,-0.3700
1783085603.465759,3771,1773,7899,8687,119.0100,-0.3700
1783085603.483746,3771,1717,7917,8696,124.1900,1.5000
1783085603.499948,3809,1764,7899,8705,124.1900,1.5000
1783085603.515767,3762,1764,7870,8696,124.1900,1.5000
1783085603.532038,3780,1745,7917,8649,116.6700,-0.1200
1783085603.547981,3780,1773,7908,8658,116.6700,-0.1200
1783085603.563797,3743,1792,7899,8837,116.6700,-0.1200
1783085603.580543,3752,1782,7936,8724,116.3000,0.6900
1783085603.595994,3771,1745,7917,8799,116.3000,0.6900
1783085603.611823,3734,1689,7889,8827,116.3000,0.6900
1783085603.627614,3771,1670,7908,8780,119.0100,0.2500
1783085603.642924,3790,1698,7917,8724,119.0100,0.2500
1783085603.658876,3743,1745,7889,8808,119.0100,0.2500
1783085603.675067,3762,1707,7908,8762,113.6000,1.0000
1783085603.690886,3771,1764,7880,8724,113.6000,1.0000
1783085603.706914,3743,1726,7870,8762,113.6000,1.0000
1783085603.723101,3827,1717,7861,8743,113.6000,1.0000
1783085603.738880,3790,1707,7908,8837,113.6000,1.0000
1783085603.754939,3837,1782,7870,8733,113.6000,1.0000
1783085603.771261,3799,1754,7870,8855,113.6000,1.0000
1783085603.787150,3752,1745,7945,9193,113.6000,1.0000
1783085603.803149,3809,1792,7889,8724,113.6000,1.0000
1783085603.819365,3780,1782,7927,9090,113.6000,1.0000
1783085603.835101,3771,1773,7861,8705,113.6000,1.0000
1783085603.851066,3752,1707,7870,8687,113.6000,1.0000
1783085603.867148,3809,1717,7889,9052,113.6000,1.0000
1783085603.883108,3818,1707,7908,9156,113.6000,1.0000
1783085603.897984,3790,1698,7908,8705,113.6000,1.0000
1783085603.914824,3809,1735,7861,8808,113.6000,1.0000
1783085603.929919,3855,1773,7917,8705,113.6000,1.0000
1783085603.945952,3809,1745,7899,8677,113.6000,1.0000
1783085603.963989,3809,1726,7917,9118,113.6000,1.0000
1783085603.980162,3790,1745,7908,8855,113.6000,1.0000
1783085603.996252,3762,1707,7908,8799,113.6000,1.0000
1783085604.012196,3790,1726,7899,8724,113.6000,1.0000
1783085604.028447,3780,1764,7908,8696,113.6000,1.0000
1783085604.044111,3752,1745,7861,8799,10.7200,0.0000
1783085604.060038,3780,1745,7899,8668,10.7200,0.0000
1783085604.076253,3762,1745,7870,8696,10.7200,0.0000
1783085604.091997,3762,1689,7880,8687,10.7200,0.0000
1783085604.108126,3790,1698,7880,8640,2.7000,8.1900
1783085604.124284,3762,1670,7880,8621,2.7000,8.1900
1783085604.139102,3771,1679,7899,8536,2.7000,8.1900
1783085604.155367,3780,1717,7852,8583,5.4100,13.4400
1783085604.171101,3762,1698,7814,8630,5.4100,13.4400
1783085604.187146,3724,1707,7805,8536,5.4100,13.4400
1783085604.203492,3827,1698,7767,8630,5.4100,11.1900
1783085604.219108,3687,1660,7767,8611,5.4100,11.1900
1783085604.235132,3687,1726,7748,8649,5.4100,11.1900
1783085604.251433,3658,1717,7758,8743,16.2300,14.4400
1783085604.267400,3621,1689,7786,8715,16.2300,14.4400
1783085604.283170,3555,1707,7824,8799,16.2300,14.4400
1783085604.299120,3555,1707,7870,8771,8.1100,14.5000
1783085604.315171,3565,1764,7917,8799,8.1100,14.5000
1783085604.331115,3499,1689,7927,8762,8.1100,14.5000
1783085604.347541,3555,1745,7992,8780,2.7000,14.2500
1783085604.363225,3537,1735,8002,8743,2.7000,14.2500
1783085604.379178,3565,1679,7936,8780,2.7000,14.2500
1783085604.395247,3499,1689,7917,8762,0.0000,11.1300
1783085604.411238,3527,1613,7983,8677,0.0000,11.1300
1783085604.426230,3527,1726,8021,8677,0.0000,11.1300
1783085604.442344,3546,1670,7936,8602,2.7000,11.6300
1783085604.458553,3574,1717,8002,8621,2.7000,11.6300
1783085604.474197,3499,1773,7974,8536,2.7000,11.6300
1783085604.490629,3490,1754,7992,8480,2.7000,11.9400
1783085604.506265,3518,1698,7945,8536,2.7000,11.9400
1783085604.522361,3490,1735,7936,8977,2.7000,11.9400
1783085604.538517,3499,1707,7955,8565,2.7000,11.9400
1783085604.554275,3508,1754,7945,8630,0.0000,11.0000
1783085604.570270,3527,1773,7908,9306,0.0000,11.0000
1783085604.586428,3555,1792,7927,9278,0.0000,11.0000
1783085604.602291,3471,1829,7936,9240,2.7000,9.4400
1783085604.618361,3490,1829,7917,9193,2.7000,9.4400
1783085604.634468,3518,1754,7880,9090,2.7000,9.4400
1783085604.650301,3508,1735,7889,9137,2.7000,10.5000
1783085604.666294,3508,1717,7917,9024,2.7000,10.5000
1783085604.682550,3499,1764,7908,9034,2.7000,10.5000
1783085604.697364,3518,1810,7917,8930,0.0000,7.6300
1783085604.713332,3508,1820,7955,8987,0.0000,7.6300
1783085604.729324,3518,1745,7945,8940,0.0000,7.6300
1783085604.746090,3490,1839,7908,8846,2.7000,8.8100
1783085604.761333,3499,1764,7964,8827,2.7000,8.8100
1783085604.777399,3508,1764,7936,8884,2.7000,8.8100
1783085604.793406,3480,1839,7936,8808,0.0000,8.8100
1783085604.809359,3527,1801,7964,8874,0.0000,8.8100
1783085604.825412,3508,1773,7908,8855,0.0000,8.8100
1783085604.841402,3508,1820,7955,8959,0.0000,8.8100
1783085604.857401,3471,1820,7880,8921,2.7000,6.2500
1783085604.873434,3499,1820,7861,8818,2.7000,6.2500
1783085604.889428,3518,1820,7917,8855,2.7000,6.2500
1783085604.905469,3527,1792,7927,8808,0.0000,8.6900
1783085604.921457,3537,1904,7936,8818,0.0000,8.6900
1783085604.937440,3490,1839,8002,8855,0.0000,8.6900
1783085604.953609,3527,1876,7964,8808,2.7000,4.2500
1783085604.968575,3424,1839,7936,8827,2.7000,4.2500
1783085604.984486,3518,1792,7992,8912,2.7000,4.2500
1783085605.000826,3452,1886,7945,8865,2.7000,6.8100
1783085605.016520,3499,1810,7945,8884,2.7000,6.8100
1783085605.032566,3490,1886,7983,8837,2.7000,6.8100
1783085605.048673,3433,1886,7964,8799,0.0000,4.5000
1783085605.064744,3471,1914,8011,8818,0.0000,4.5000
1783085605.080579,3527,1923,7945,8780,0.0000,4.5000
1783085605.096901,3480,1876,7955,8846,-2.7000,3.7500
1783085605.112789,3508,1932,7927,8855,-2.7000,3.7500
1783085605.128762,3480,1801,7908,8855,-2.7000,3.7500
1783085605.145825,3499,1867,7908,8762,2.7000,5.1900
1783085605.160553,3499,1923,7927,8921,2.7000,5.1900
1783085605.176541,3480,1876,7889,8799,2.7000,5.1900
1783085605.192835,3461,1914,7964,8846,0.0000,1.6900
1783085605.208601,3480,1848,7964,8884,0.0000,1.6900
1783085605.224604,3480,1895,7917,8846,0.0000,1.6900
1783085605.240767,3480,1914,7927,8837,-2.7000,2.8800
1783085605.255586,3471,1932,7927,8855,-2.7000,2.8800
1783085605.271765,3480,1904,7917,8846,-2.7000,2.8800
1783085605.287988,3480,1923,7955,8827,-2.7000,2.8800
1783085605.303569,3537,1970,7936,8790,0.0000,3.3100
1783085605.319688,3499,1876,8002,8846,0.0000,3.3100
1783085605.335636,3499,1904,7945,8865,0.0000,3.3100
1783085605.351624,3499,1876,7983,8855,0.0000,3.0600
1783085605.367689,3461,1895,7908,8855,0.0000,3.0600
1783085605.383931,3471,1876,7945,8837,0.0000,3.0600
1783085605.399650,3443,1923,7899,8837,-2.7000,2.8800
1783085605.415622,3508,1848,7936,8865,-2.7000,2.8800
1783085605.431679,3480,1904,7945,8818,-2.7000,2.8800
1783085605.447610,3471,1923,7945,8902,-2.7000,2.8800
1783085605.463747,3471,1998,7936,8837,-2.7000,2.8800
1783085605.479749,3452,1932,7936,8846,-2.7000,2.8800
1783085605.495816,3490,2026,7955,8855,0.0000,4.0000
1783085605.511707,3461,1951,7964,8837,0.0000,4.0000
1783085605.528904,3527,1942,7983,8837,0.0000,4.0000
1783085605.545106,3490,1970,7908,8874,2.7000,2.0600
1783085605.560687,3461,1904,7917,8837,2.7000,2.0600
1783085605.577121,3424,1857,7955,8846,2.7000,2.0600
1783085605.592713,3452,1932,7889,8865,2.7000,2.0600
1783085605.608691,3480,1857,7955,8855,-2.7000,1.1900
1783085605.624897,3499,1951,7927,8865,-2.7000,1.1900
1783085605.640726,3471,1932,7974,8874,-2.7000,1.1900
1783085605.656730,3461,1951,7964,8865,2.7000,2.4400
1783085605.673084,3555,1951,7964,8893,2.7000,2.4400
1783085605.688944,3480,1886,7964,8846,2.7000,2.4400
1783085605.704914,3471,1886,7945,8790,0.0000,0.7500
1783085605.721036,3433,1951,7955,8855,0.0000,0.7500
1783085605.736738,3471,2007,7964,8874,0.0000,0.7500
1783085605.752784,3480,1961,7955,8837,-2.7000,2.7500
1783085605.768068,3471,1970,7964,8874,-2.7000,2.7500
1783085605.783881,3452,1904,7936,8827,-2.7000,2.7500
1783085605.799794,3424,1970,7917,8837,0.0000,1.6300
1783085605.816027,3499,1989,7908,8855,0.0000,1.6300
1783085605.832048,3602,1867,7917,8808,0.0000,1.6300
1783085605.847848,3480,1923,7945,8874,2.7000,1.3100
1783085605.864095,3424,1932,7927,8827,2.7000,1.3100
1783085605.879952,3405,2017,7964,8837,2.7000,1.3100
1783085605.896842,3452,2036,7964,8846,2.7000,1.8100
1783085605.912116,3471,1923,7964,8865,2.7000,1.8100
1783085605.928096,3490,1951,7936,8855,2.7000,1.8100
1783085605.944296,3480,2054,7974,8846,2.7000,1.6900
1783085605.960296,3405,1998,7955,8855,2.7000,1.6900
1783085605.976101,3461,1951,7983,8893,2.7000,1.6900
1783085605.992082,3499,1998,7974,8865,2.7000,0.3100
1783085606.008121,3471,1942,7945,8855,2.7000,0.3100
1783085606.024019,3565,1979,7955,8846,2.7000,0.3100
1783085606.039967,3452,1970,7955,8874,2.7000,0.3100
1783085606.054958,3461,1951,7992,8874,0.0000,2.9400
1783085606.070953,3461,1923,7955,8837,0.0000,2.9400
1783085606.087096,3480,1970,8030,8902,0.0000,2.9400
1783085606.103047,3433,1989,7945,8874,0.0000,0.1900
1783085606.119000,3433,1951,7955,8818,0.0000,0.1900
1783085606.135315,3527,1923,7917,8874,0.0000,0.1900
1783085606.151006,3461,1961,7917,8827,2.7000,2.6900
1783085606.167033,3433,1923,7983,8837,2.7000,2.6900
1783085606.183067,3433,1970,7964,8902,2.7000,2.6900
1783085606.199035,3461,2036,7964,8818,0.0000,1.0600
1783085606.215062,3461,2017,8002,8865,0.0000,1.0600
1783085606.231120,3490,2045,7964,8837,0.0000,1.0600
1783085606.247017,3452,1998,7955,8855,0.0000,2.1900
1783085606.263562,3490,1961,7964,8865,0.0000,2.1900
1783085606.279137,3443,1904,7917,8846,0.0000,2.1900
1783085606.295915,3424,1942,7908,8874,5.4100,1.1200
1783085606.310231,3461,1895,7955,8818,5.4100,1.1200
1783085606.326596,3461,1932,7927,8846,5.4100,1.1200
1783085606.342249,3433,1961,7974,8865,5.4100,1.1200
1783085606.358338,3405,1998,7983,8808,0.0000,0.5600
1783085606.374418,3424,2007,7964,8884,0.0000,0.5600
1783085606.390107,3471,1989,7964,8855,0.0000,0.5600
1783085606.406097,3471,1951,7955,8827,0.0000,2.0000
1783085606.422333,3508,1998,7974,8818,0.0000,2.0000
1783085606.438142,3452,1970,7964,8837,0.0000,2.0000
1783085606.454191,3433,2017,7955,8808,2.7000,0.8100
1783085606.470375,3480,2017,7974,8808,2.7000,0.8100
1783085606.486144,3443,1961,7983,8865,2.7000,0.8100
1783085606.502244,3508,2007,7936,8874,2.7000,0.8100
1783085606.519194,3471,1970,7936,8874,2.7000,0.8100
1783085606.538208,3555,1998,7936,8874,2.7000,0.8100
1783085606.554448,3518,1961,7908,8846,2.7000,0.8100
1783085606.570248,3461,1961,7992,8865,2.7000,0.8100
1783085606.586393,3490,1989,7974,8827,2.7000,0.8100
1783085606.602926,3508,1961,7945,8893,2.7000,0.8100
1783085606.618325,3480,1970,7955,8818,2.7000,0.8100
1783085606.634323,3480,1923,7992,8865,2.7000,0.8100
1783085606.650437,3480,1932,7936,8827,2.7000,0.8100
1783085606.668427,3415,1932,7908,8827,2.7000,0.8100
1783085606.684309,3499,1970,7983,8808,2.7000,0.8100
1783085606.700312,3433,1923,7983,8827,2.7000,0.8100
1783085606.716686,3499,2026,7936,8846,2.7000,0.8100
1783085606.732269,3499,2026,7908,8846,2.7000,0.8100
1783085606.748286,3443,2007,7945,8790,2.7000,0.8100
1783085606.763325,3461,1989,7917,8893,2.7000,0.8100
1783085606.779295,3424,2007,7945,8846,2.7000,0.8100
1783085606.795710,3480,1961,7945,8846,2.7000,0.8100
1783085606.811260,3480,1979,7974,8865,2.9700,0.5600
1783085606.827469,3461,1998,7974,8808,2.9700,0.5600
1783085606.843475,3480,1876,7945,8865,2.9700,0.5600
1783085606.861175,3433,1998,8002,8837,59.5000,-0.6900
1783085606.875349,3471,2007,7992,8855,59.5000,-0.6900
1783085606.891372,3480,2092,7974,8808,59.5000,-0.6900
1783085606.907479,3452,1932,7955,8837,59.5000,-0.6900
1783085606.923437,3490,1914,7955,8865,78.4400,-3.2500
1783085606.939396,3415,1970,7983,8865,78.4400,-3.2500
1783085606.955442,3583,1970,7917,8808,78.4400,-3.2500
1783085606.971409,3461,1961,7927,8837,95.4600,0.8800
1783085606.987477,3490,1961,7880,8827,95.4600,0.8800
1783085607.003455,3424,2045,7964,8846,95.4600,0.8800
1783085607.018499,3443,1942,7927,8846,102.1200,-1.2500
1783085607.034995,3471,2007,7917,8808,102.1200,-1.2500
1783085607.050814,3499,2007,7908,8808,102.1200,-1.2500
1783085607.066518,3508,1932,7936,8827,105.4800,0.4400
1783085607.082774,3555,2026,7964,8827,105.4800,0.4400
1783085607.098495,3499,1998,7908,8855,105.4800,0.4400
1783085607.115799,3452,1979,7899,8808,108.1900,0.3700
1783085607.130778,3461,2073,7908,8799,108.1900,0.3700
1783085607.146582,3499,2073,7936,8818,108.1900,0.3700
1783085607.162549,3499,2036,7917,8808,113.6000,0.3100
1783085607.178782,3499,2054,7889,8780,113.6000,0.3100
1783085607.194585,3452,1970,7927,8790,113.6000,0.3100
1783085607.210500,3461,2083,7917,8780,113.6000,-0.3100
1783085607.226761,3443,1932,7889,8799,113.6000,-0.3100
1783085607.242579,3555,2064,7880,8752,113.6000,-0.3100
1783085607.259211,3490,2017,7889,8790,119.0100,1.2500
1783085607.274805,3452,2036,7870,8771,119.0100,1.2500
1783085607.289685,3452,2054,7936,8790,119.0100,1.2500
1783085607.305997,3471,2017,7908,8799,119.0100,0.3700
1783085607.321715,3527,2111,7908,8799,119.0100,0.3700
1783085607.337608,3424,2111,7870,8743,119.0100,0.3700
1783085607.353906,3452,2036,7880,8780,119.0100,0.3700
1783085607.370146,3471,2036,7880,8724,121.9800,1.3100
1783085607.385900,3480,1979,7852,8762,121.9800,1.3100
1783085607.401931,3461,2036,7861,8790,121.9800,1.3100
1783085607.418077,3424,2083,7889,8780,124.1900,1.6300
1783085607.433901,3490,2064,7936,8780,124.1900,1.6300
1783085607.449910,3461,2073,7889,8780,124.1900,1.6300
1783085607.466000,3518,2007,7927,8733,127.1200,0.5600
1783085607.481968,3480,2073,7936,8790,127.1200,0.5600
1783085607.497860,3527,1989,7852,8790,127.1200,0.5600
1783085607.514045,3527,2045,7852,8762,129.8300,-1.4400
1783085607.529803,3452,2045,7889,8790,129.8300,-1.4400
1783085607.545832,3499,2073,7852,8743,129.8300,-1.4400
1783085607.561751,3518,2036,7852,8780,124.4200,0.3100
1783085607.576836,3527,2083,7795,8752,124.4200,0.3100
1783085607.593185,3518,2064,7833,8771,124.4200,0.3100
1783085607.608734,3527,2054,7824,8771,124.4200,0.3100
1783085607.624752,3499,2111,7870,8733,127.2800,0.7500
1783085607.640914,3508,2073,7880,8743,127.2800,0.7500
1783085607.656748,3518,2092,7852,8780,127.2800,0.7500
1783085607.672779,3508,2064,7889,8724,129.8300,-0.8800
1783085607.688956,3471,2083,7861,8771,129.8300,-0.8800
1783085607.704923,3508,2064,7889,8733,129.8300,-0.8800
1783085607.720806,3527,2092,7889,8705,129.8300,-0.1200
1783085607.736991,3471,2111,7880,8752,129.8300,-0.1200
1783085607.752836,3518,2111,7861,8743,129.8300,-0.1200
1783085607.768913,3518,2083,7889,8724,129.8300,2.0000
1783085607.785030,3499,2101,7833,8733,129.8300,2.0000
1783085607.801106,3546,2148,7833,8790,129.8300,2.0000
1783085607.817435,3574,2120,7824,8743,132.5300,-0.8100
1783085607.833154,3490,2176,7833,8762,132.5300,-0.8100
1783085607.848208,3527,2139,7852,8752,132.5300,-0.8100
1783085607.864371,3583,2092,7824,8724,132.5800,-0.5000
1783085607.880404,3518,2148,7852,8743,132.5800,-0.5000
1783085607.896269,3546,2139,7852,8677,132.5800,-0.5000
1783085607.913397,3480,2083,7814,8715,135.2300,-1.5000
1783085607.929625,3490,2158,7861,8724,135.2300,-1.5000
1783085607.945294,3508,2167,7833,8780,135.2300,-1.5000
1783085607.962791,3471,2167,7852,8762,137.9400,0.6900
1783085607.977226,3527,2158,7814,8705,137.9400,0.6900
1783085607.992993,3546,2139,7833,8705,137.9400,0.6900
1783085608.008909,3518,2158,7805,8762,137.9900,-0.1200
1783085608.024916,3518,2186,7814,8724,137.9900,-0.1200
1783085608.040809,3518,2214,7758,8762,137.9900,-0.1200
1783085608.056668,3555,2158,7767,8715,137.9900,-0.1200
1783085608.072889,3490,2223,7795,8705,140.6400,-0.7500
1783085608.088693,3508,2233,7824,8705,140.6400,-0.7500
1783085608.104763,3537,2251,7758,8752,140.6400,-0.7500
1783085608.120272,3518,2280,7870,8687,135.2300,-0.3100
1783085608.136113,3518,2186,7833,8733,135.2300,-0.3100
1783085608.152912,3480,2233,7842,8724,135.2300,-0.3100
1783085608.168343,3461,2214,7805,8715,137.9400,0.5000
1783085608.183966,3537,2298,7805,8687,137.9400,0.5000
1783085608.200190,3480,2195,7777,8715,137.9400,0.5000
1783085608.216693,3490,2233,7767,8668,140.6400,1.3700
1783085608.232009,3527,2261,7767,8649,140.6400,1.3700
1783085608.248372,3480,2261,7777,8752,140.6400,1.3700
1783085608.264228,3452,2289,7777,8640,140.6400,-0.5600
1783085608.280081,3499,2298,7805,8687,140.6400,-0.5600
1783085608.296309,3555,2270,7861,8705,140.6400,-0.5600
1783085608.313299,3490,2289,7880,8687,143.3500,-1.1900
1783085608.328127,3471,2251,7814,8677,143.3500,-1.1900
1783085608.343833,3461,2336,7814,8715,143.3500,-1.1900
1783085608.361315,3471,2317,7824,8640,143.5100,-0.6300
1783085608.375877,3480,2298,7786,8715,143.5100,-0.6300
1783085608.391895,3508,2317,7824,8602,143.5100,-0.6300
1783085608.408090,3499,2289,7833,8630,140.5400,0.9400
1783085608.423180,3508,2345,7833,8649,140.5400,0.9400
1783085608.439439,3508,2430,7824,8630,140.5400,0.9400
1783085608.455553,3499,2280,7777,8668,140.5400,0.9400
1783085608.471134,3471,2317,7814,8640,146.2700,-0.3100
1783085608.487380,3537,2373,7786,8640,146.2700,-0.3100
1783085608.503095,3508,2373,7805,8649,146.2700,-0.3100
1783085608.518935,3537,2317,7777,8602,140.5400,-0.3700
1783085608.535157,3518,2317,7758,8621,140.5400,-0.3700
1783085608.551101,3565,2355,7758,8649,140.5400,-0.3700
1783085608.567036,3527,2430,7758,8630,146.2700,-1.5600
1783085608.583255,3508,2486,7758,8621,146.2700,-1.5600
1783085608.598967,3471,2486,7767,8640,146.2700,-1.5600
1783085608.615177,3508,2392,7748,8593,148.7600,-0.6900
1783085608.631485,3480,2373,7758,8602,148.7600,-0.6900
1783085608.647259,3461,2364,7777,8630,148.7600,-0.6900
1783085608.663213,3527,2364,7758,8602,146.0500,1.3100
1783085608.679652,3518,2401,7767,8630,146.0500,1.3100
1783085608.694127,3546,2411,7748,8593,146.0500,1.3100
1783085608.712284,3527,2430,7786,8593,151.4600,1.1200
1783085608.726931,3499,2439,7748,8565,151.4600,1.1200
1783085608.742709,3518,2420,7777,8593,151.4600,1.1200
1783085608.758690,3518,2439,7748,8621,151.4600,0.8800
1783085608.774929,3546,2439,7748,8593,151.4600,0.8800
1783085608.790428,3508,2420,7730,8593,151.4600,0.8800
1783085608.806348,3471,2439,7739,8574,151.4600,0.8800
1783085608.822407,3527,2523,7758,8574,151.4600,0.5600
1783085608.841376,3527,2467,7730,8574,151.4600,0.5600
1783085608.858904,3499,2430,7730,8602,151.1400,0.6900
1783085608.874643,3527,2523,7711,8677,151.1400,0.6900
1783085608.890309,3518,2542,7720,8546,151.1400,0.6900
1783085608.906415,3537,2458,7720,8574,151.4600,1.2500
1783085608.921476,3527,2401,7739,8565,151.4600,1.2500
1783085608.937621,3546,2477,7692,8611,151.4600,1.2500
1783085608.953435,3546,2495,7720,8574,151.4600,1.2500
1783085608.969413,3499,2505,7720,8574,154.1700,0.5600
1783085608.985622,3555,2561,7692,8611,154.1700,0.5600
1783085609.001431,3471,2552,7711,8611,154.1700,0.5600
1783085609.017064,3555,2514,7711,8546,151.4600,-0.0600
1783085609.033317,3574,2598,7673,8583,151.4600,-0.0600
1783085609.049087,3508,2514,7664,8602,151.4600,-0.0600
1783085609.065515,3508,2523,7664,8583,154.1700,0.8100
1783085609.081640,3630,2552,7720,8555,154.1700,0.8100
1783085609.097347,3546,2533,7739,8555,154.1700,0.8100
1783085609.113234,3518,2552,7730,8527,160.0700,-0.8800
1783085609.129631,3546,2533,7683,8555,160.0700,-0.8800
1783085609.145361,3518,2552,7720,8574,160.0700,-0.8800
1783085609.162946,3518,2589,7730,8546,156.4500,-0.6900
1783085609.177642,3555,2552,7683,8574,156.4500,-0.6900
1783085609.192311,3527,2542,7664,8555,156.4500,-0.6900
1783085609.208490,3527,2570,7655,8536,156.8700,0.4400
1783085609.224698,3546,2561,7664,8574,156.8700,0.4400
1783085609.240391,3555,2589,7636,8527,156.8700,0.4400
1783085609.256509,3555,2627,7636,8574,156.8700,0.4400
1783085609.272695,3480,2570,7655,8565,162.2800,-1.2500
1783085609.288540,3527,2598,7608,8546,162.2800,-1.2500
1783085609.304411,3537,2617,7664,8593,162.2800,-1.2500
1783085609.320701,3527,2645,7655,8527,162.2800,-0.5000
1783085609.336451,3518,2598,7673,8555,162.2800,-0.5000
1783085609.352822,3480,2598,7692,8546,162.2800,-0.5000
1783085609.369272,3518,2627,7683,8536,164.9900,-1.7500
1783085609.384669,3555,2645,7645,8583,164.9900,-1.7500
1783085609.400657,3612,2636,7645,8546,164.9900,-1.7500
1783085609.416700,3602,2627,7551,8471,162.2800,1.3700
1783085609.432214,3602,2617,7645,8499,162.2800,1.3700
1783085609.448272,3555,2598,7645,8499,162.2800,1.3700
1783085609.464396,3574,2617,7683,8480,167.6900,-2.1900
1783085609.479326,3527,2674,7636,8471,167.6900,-2.1900
1783085609.495614,3518,2561,7673,8527,167.6900,-2.1900
1783085609.512821,3574,2617,7683,8499,164.9900,1.3100
1783085609.527504,3583,2580,7636,8518,164.9900,1.3100
1783085609.544464,3546,2598,7627,8452,164.9900,1.3100
1783085609.559566,3583,2655,7608,8471,164.9900,1.3100
1783085609.575690,3602,2655,7598,8508,167.6900,-2.4400
1783085609.591876,3593,2627,7636,8499,167.6900,-2.4400
1783085609.607692,3630,2570,7589,8461,167.6900,-2.4400
1783085609.623484,3583,2589,7580,8499,173.1000,2.7500
1783085609.639835,3555,2636,7636,8499,173.1000,2.7500
1783085609.655609,3640,2561,7627,8490,173.1000,2.7500
1783085609.671573,3565,2542,7608,8508,173.1000,-2.1900
1783085609.688102,3555,2561,7608,8443,173.1000,-2.1900
1783085609.703594,3555,2608,7598,8480,173.1000,-2.1900
1783085609.719519,3574,2598,7608,8480,173.1000,2.5000
1783085609.735910,3602,2523,7627,8480,173.1000,2.5000
1783085609.751636,3565,2495,7598,8508,173.1000,2.5000
1783085609.766699,3555,2561,7589,8508,170.4000,-1.0000
1783085609.783095,3565,2514,7570,8490,170.4000,-1.0000
1783085609.798641,3565,2533,7580,8452,170.4000,-1.0000
1783085609.814697,3593,2495,7561,8461,173.1000,2.2500
1783085609.830965,3546,2486,7580,8443,173.1000,2.2500
1783085609.846645,3574,2477,7570,8443,173.1000,2.2500
1783085609.863654,3602,2467,7561,8433,173.1000,-2.0000
1783085609.880001,3546,2523,7551,8424,173.1000,-2.0000
1783085609.895009,3546,2514,7580,8480,173.1000,-2.0000
1783085609.912256,3546,2542,7542,8461,175.0100,1.5000
1783085609.926925,3583,2495,7551,8461,175.0100,1.5000
1783085609.942659,3593,2533,7551,8490,175.0100,1.5000
1783085609.958758,3602,2523,7551,8461,175.8000,1.7500
1783085609.974988,3574,2477,7533,8490,175.8000,1.7500
1783085609.990636,3583,2458,7570,8471,175.8000,1.7500
1783085610.006608,3574,2523,7580,8452,175.8000,1.7500
1783085610.022933,3574,2533,7561,8480,182.1500,1.6900
1783085610.038740,3508,2514,7561,8443,182.1500,1.6900
1783085610.056142,3555,2477,7570,8443,182.1500,1.6900
1783085610.072437,3583,2477,7533,8452,177.6600,0.7500
1783085610.088526,3583,2495,7505,8386,177.6600,0.7500
1783085610.104132,3583,2514,7505,8386,177.6600,0.7500
1783085610.120005,3612,2552,7514,8396,193.1900,0.5000
1783085610.135548,3583,2430,7505,8415,193.1900,0.5000
1783085610.151508,3621,2477,7514,8415,193.1900,0.5000
1783085610.167910,3621,2486,7495,8415,175.0100,3.5600
1783085610.184086,3649,2458,7523,8443,175.0100,3.5600
1783085610.199653,3574,2458,7533,8386,175.0100,3.5600
1783085610.215920,3658,2448,7523,8424,190.4300,0.5600
1783085610.232039,3574,2477,7523,8368,190.4300,0.5600
1783085610.247795,3602,2486,7523,8368,190.4300,0.5600
1783085610.264032,3583,2477,7523,8405,183.9200,-0.3100
1783085610.279958,3602,2542,7533,8368,183.9200,-0.3100
1783085610.295848,3621,2467,7523,8405,183.9200,-0.3100
1783085610.313441,3612,2505,7505,8358,183.9200,0.9400
1783085610.327316,3621,2467,7495,8461,183.9200,0.9400
1783085610.343283,3565,2448,7476,8358,183.9200,0.9400
1783085610.360328,3630,2467,7430,8349,182.9600,-1.8100
1783085610.374881,3630,2448,7505,8368,182.9600,-1.8100
1783085610.391946,3612,2401,7448,8358,182.9600,-1.8100
1783085610.407122,3649,2420,7514,8368,189.3300,0.1200
1783085610.422819,3602,2383,7523,8386,189.3300,0.1200
1783085610.438593,3612,2458,7505,8311,189.3300,0.1200
1783085610.454879,3649,2486,7505,8339,189.3300,0.1200
1783085610.470606,3658,2392,7495,8321,192.0300,-1.3100
1783085610.486720,3583,2383,7430,8330,192.0300,-1.3100
1783085610.502942,3612,2401,7486,8321,192.0300,-1.3100
1783085610.518620,3602,2392,7430,8330,189.3300,-0.6900
1783085610.534871,3658,2420,7458,8349,189.3300,-0.6900
1783085610.551125,3640,2345,7439,8377,189.3300,-0.6900
1783085610.566999,3668,2430,7411,8368,198.7100,-1.1200
1783085610.582931,3649,2336,7467,8330,198.7100,-1.1200
1783085610.598591,3630,2364,7467,8368,198.7100,-1.1200
1783085610.616649,3640,2364,7439,8368,197.4400,0.0000
1783085610.632101,3668,2364,7401,8330,197.4400,0.0000
1783085610.648020,3630,2392,7458,8293,197.4400,0.0000
1783085610.663677,3668,2401,7401,8255,190.9200,-1.3100
1783085610.679658,3649,2448,7430,8349,190.9200,-1.3100
1783085610.696013,3630,2364,7411,8246,190.9200,-1.3100
1783085610.713247,3677,2420,7430,8283,197.4400,1.9400
1783085610.727673,3649,2364,7401,8302,197.4400,1.9400
1783085610.743821,3640,2477,7364,8302,197.4400,1.9400
1783085610.759990,3649,2411,7383,8264,206.9900,-0.4400
1783085610.775673,3668,2439,7411,8246,206.9900,-0.4400
1783085610.792061,3696,2383,7420,8283,206.9900,-0.4400
1783085610.808016,3649,2430,7392,8255,200.1500,0.4400
1783085610.823707,3649,2439,7383,8293,200.1500,0.4400
1783085610.839238,3658,2401,7392,8246,200.1500,0.4400
1783085610.854981,3640,2439,7373,8264,200.1500,0.4400
1783085610.870989,3640,2448,7383,8264,201.5300,-0.7500
1783085610.887512,3668,2439,7373,8274,201.5300,-0.7500
1783085610.903256,3668,2467,7420,8236,201.5300,-0.7500
1783085610.918982,3696,2486,7364,8255,200.1500,-1.0000
1783085610.935235,3668,2364,7373,8227,200.1500,-1.0000
1783085610.951035,3705,2430,7383,8236,200.1500,-1.0000
1783085610.967118,3649,2345,7364,8218,205.5600,-1.1900
1783085610.983400,3640,2392,7383,8236,205.5600,-1.1900
1783085610.999062,3649,2383,7345,8180,205.5600,-1.1900
1783085611.015150,3705,2336,7336,8255,205.5600,0.0000
1783085611.031362,3668,2345,7364,8189,205.5600,0.0000
1783085611.047068,3677,2364,7308,8161,205.5600,0.0000
1783085611.064426,3687,2326,7326,8236,205.5600,1.7500
1783085611.079645,3687,2392,7298,8208,205.5600,1.7500
1783085611.095214,3658,2420,7298,8199,205.5600,1.7500
1783085611.112217,3687,2364,7308,8227,205.5600,1.6900
1783085611.127486,3696,2364,7298,8218,205.5600,1.6900
1783085611.142582,3696,2401,7261,8227,205.5600,1.6900
1783085611.158202,3687,2336,7298,8208,205.5600,-0.0600
1783085611.174366,3696,2345,7326,8255,205.5600,-0.0600
1783085611.190050,3677,2336,7345,8171,205.5600,-0.0600
1783085611.206349,3668,2355,7308,8227,205.5600,-0.0600
1783085611.222368,3687,2326,7298,8161,202.8500,0.5000
1783085611.237778,3668,2345,7317,8218,202.8500,0.5000
1783085611.253836,3677,2373,7364,8180,202.8500,0.5000
1783085611.270057,3705,2345,7345,8180,208.2600,3.0000
1783085611.285881,3621,2401,7326,8246,208.2600,3.0000
1783085611.301912,3677,2401,7298,8199,208.2600,3.0000
1783085611.318398,3677,2411,7298,8218,205.5600,-1.0600
1783085611.334098,3677,2411,7298,8189,205.5600,-1.0600
1783085611.350309,3687,2401,7336,8199,205.5600,-1.0600
1783085611.366255,3658,2420,7308,8199,208.2600,1.5000
1783085611.382087,3696,2401,7289,8171,208.2600,1.5000
1783085611.398268,3687,2364,7289,8218,208.2600,1.5000
1783085611.413542,3668,2383,7345,8171,206.9900,-1.1900
1783085611.429262,3658,2345,7345,8189,206.9900,-1.1900
1783085611.445447,3658,2392,7298,8152,206.9900,-1.1900
1783085611.461933,3715,2336,7270,8199,201.5300,0.6900
1783085611.477271,3705,2355,7336,8199,201.5300,0.6900
1783085611.493488,3668,2364,7261,8133,201.5300,0.6900
1783085611.509227,3668,2411,7289,8171,201.5300,0.6900
1783085611.525235,3658,2420,7242,8142,206.9900,-2.0000
1783085611.541217,3658,2486,7251,8152,206.9900,-2.0000
1783085611.559333,3687,2439,7308,8152,201.5300,-0.8100
1783085611.575111,3630,2448,7261,8142,201.5300,-0.8100
1783085611.591096,3649,2523,7223,8142,201.5300,-0.8100
1783085611.607290,3621,2495,7214,8161,200.1500,-1.5600
1783085611.623134,3658,2523,7233,8171,200.1500,-1.5600
1783085611.639417,3630,2495,7242,8142,200.1500,-1.5600
1783085611.655703,3640,2495,7251,8142,200.1500,-1.5600
1783085611.670184,3677,2486,7167,8142,208.2600,1.3100
1783085611.686279,3649,2477,7223,8180,208.2600,1.3100
1783085611.702593,3668,2467,7242,8152,208.2600,1.3100
1783085611.718284,3640,2505,7186,8161,210.9700,-2.2500
1783085611.734537,3668,2514,7251,8077,210.9700,-2.2500
1783085611.750572,3677,2542,7195,8096,210.9700,-2.2500
1783085611.766256,3668,2552,7195,8133,210.9700,1.5600
1783085611.782299,3668,2561,7214,8124,210.9700,1.5600
1783085611.798612,3687,2533,7223,8105,210.9700,1.5600
1783085611.814293,3715,2552,7233,8133,208.2600,-2.2500
1783085611.830111,3696,2523,7233,8086,208.2600,-2.2500
1783085611.846365,3705,2486,7176,8133,208.2600,-2.2500
1783085611.863502,3715,2505,7176,8086,205.5600,0.5000
1783085611.878107,3743,2552,7223,8105,205.5600,0.5000
1783085611.894476,3724,2458,7195,8105,205.5600,0.5000
1783085611.910267,3734,2561,7214,8124,205.5600,-0.1200
1783085611.926057,3715,2552,7204,8086,205.5600,-0.1200
1783085611.941079,3724,2570,7157,8077,205.5600,-0.1200
1783085611.957280,3705,2514,7186,8067,205.5600,-0.1200
1783085611.973516,3724,2570,7176,8058,200.1500,1.3100
1783085611.989111,3658,2505,7176,8086,200.1500,1.3100
1783085612.005186,3715,2486,7139,8077,200.1500,1.3100
1783085612.021623,3734,2533,7157,8067,205.5600,-0.5000
1783085612.037459,3752,2505,7139,8039,205.5600,-0.5000
1783085612.053557,3705,2561,7129,8096,205.5600,-0.5000
1783085612.069830,3696,2552,7111,8067,205.5600,-0.7500
1783085612.085495,3687,2514,7157,8096,205.5600,-0.7500
1783085612.101456,3724,2570,7167,8021,205.5600,-0.7500
1783085612.117699,3696,2495,7176,8077,210.9700,1.6300
1783085612.133336,3743,2552,7157,8030,210.9700,1.6300
1783085612.149237,3734,2495,7195,8067,210.9700,1.6300
1783085612.165473,3715,2561,7129,8011,210.9700,1.5600
1783085612.181228,3705,2523,7120,8021,210.9700,1.5600
1783085612.198324,3696,2570,7120,8021,210.9700,1.5600
1783085612.214284,3724,2523,7176,8011,200.1500,1.9400
1783085612.230657,3687,2589,7120,8039,200.1500,1.9400
1783085612.246700,3668,2495,7082,8058,200.1500,1.9400
1783085612.264282,3705,2552,7186,8021,201.5300,1.9400
1783085612.279560,3687,2552,7167,8011,201.5300,1.9400
1783085612.294569,3705,2542,7167,8058,201.5300,1.9400
1783085612.310555,3705,2505,7111,8011,209.7500,1.1200
1783085612.326823,3715,2561,7111,8049,209.7500,1.1200
1783085612.342497,3762,2570,7101,8002,209.7500,1.1200
1783085612.358347,3743,2589,7139,8002,209.7500,1.1200
1783085612.374521,3752,2570,7148,8030,205.5600,-1.1900
1783085612.390329,3752,2598,7036,7964,205.5600,-1.1900
1783085612.406357,3743,2645,7139,7945,205.5600,-1.1900
1783085612.422638,3762,2533,7045,8011,200.1500,-0.2500
1783085612.438854,3705,2552,7092,8021,200.1500,-0.2500
1783085612.454586,3762,2552,7120,8030,200.1500,-0.2500
1783085612.469571,3752,2552,7064,7945,202.8500,-1.8100
1783085612.485862,3743,2589,7101,7983,202.8500,-1.8100
1783085612.501924,3734,2598,7054,7964,202.8500,-1.8100
1783085612.517666,3743,2589,7054,7983,201.5300,1.3700
1783085612.533414,3696,2608,7120,7964,201.5300,1.3700
1783085612.549725,3696,2608,7054,7945,201.5300,1.3700
1783085612.565310,3715,2598,7082,7992,208.2600,-1.9400
1783085612.581393,3668,2570,7026,7927,208.2600,-1.9400
1783085612.597756,3715,2589,7092,7955,208.2600,-1.9400
1783085612.614336,3734,2589,7036,7955,209.7500,0.6300
1783085612.629407,3705,2580,7101,7955,209.7500,0.6300
1783085612.646941,3724,2617,7036,7917,209.7500,0.6300
1783085612.663128,3724,2617,7026,7974,210.9700,0.2500
1783085612.677800,3724,2580,7007,7945,210.9700,0.2500
1783085612.694340,3715,2627,7026,7880,210.9700,0.2500
1783085612.710108,3715,2617,7073,7936,205.5600,-0.6900
1783085612.725793,3752,2598,7064,7899,205.5600,-0.6900
1783085612.741279,3734,2580,7036,7945,205.5600,-0.6900
1783085612.757154,3752,2627,7073,7955,205.5600,-0.6900
1783085612.772868,3743,2702,7064,7927,204.1800,1.0000
1783085612.789076,3752,2683,7045,7880,204.1800,1.0000
1783085612.804876,3780,2664,7045,7908,204.1800,1.0000
1783085612.820614,3743,2711,7017,7889,209.7500,0.4400
1783085612.839098,3762,2645,7026,7889,209.7500,0.4400
1783085612.855297,3780,2636,7026,7908,209.7500,0.4400
1783085612.871016,3809,2692,7007,7870,206.8300,0.8800
1783085612.887351,3790,2692,7036,7955,206.8300,0.8800
1783085612.903563,3799,2730,7007,7936,206.8300,0.8800
1783085612.918796,3837,2739,7026,7870,205.5600,-0.7500
1783085612.934572,3790,2711,6989,7861,205.5600,-0.7500
1783085612.950117,3827,2645,7017,7880,205.5600,-0.7500
1783085612.965775,3818,2739,7017,7852,200.1500,-1.0000
1783085612.981378,3818,2711,6970,7899,200.1500,-1.0000
1783085612.997209,3818,2655,6989,7889,200.1500,-1.0000
1783085613.012843,3809,2758,6970,7880,206.9900,-0.8800
1783085613.029280,3846,2674,6951,7852,206.9900,-0.8800
1783085613.044842,3837,2683,6970,7842,206.9900,-0.8800
1783085613.062083,3846,2702,6951,7842,201.5300,0.3700
1783085613.077099,3837,2692,6970,7852,201.5300,0.3700
1783085613.092878,3827,2720,6960,7842,201.5300,0.3700
1783085613.108867,3818,2711,6989,7861,201.5300,0.3700
1783085613.125041,3818,2702,7017,7824,202.8500,0.2500
1783085613.140907,3799,2664,6942,7861,202.8500,0.2500
1783085613.156977,3799,2720,6960,7861,202.8500,0.2500
1783085613.173188,3799,2720,6989,7814,200.1500,4.1900
1783085613.188907,3799,2711,6923,7842,200.1500,4.1900
1783085613.204911,3799,2749,6923,7824,200.1500,4.1900
1783085613.221073,3790,2758,6914,7805,202.8500,-1.5000
1783085613.236976,3780,2730,6979,7870,202.8500,-1.5000
1783085613.252945,3818,2749,6951,7842,202.8500,-1.5000
1783085613.268088,3790,2758,6989,7814,200.1500,2.6300
1783085613.283898,3865,2636,6932,7870,200.1500,2.6300
1783085613.299997,3837,2702,6951,7833,200.1500,2.6300
1783085613.317965,3846,2730,6904,7833,205.5600,0.4400
1783085613.334131,3809,2720,6895,7795,205.5600,0.4400
1783085613.349940,3809,2664,6932,7824,205.5600,0.4400
1783085613.365937,3799,2645,6951,7861,208.2600,1.2500
1783085613.382143,3855,2702,6885,7842,208.2600,1.2500
1783085613.397952,3837,2739,6904,7824,208.2600,1.2500
1783085613.413970,3827,2702,6895,7814,208.2600,-1.8100
1783085613.430264,3827,2617,6904,7767,208.2600,-1.8100
1783085613.445982,3865,2655,6914,7824,208.2600,-1.8100
1783085613.462687,3846,2739,6932,7805,202.8500,0.8100
1783085613.478268,3855,2702,6848,7767,202.8500,0.8100
1783085613.493086,3855,2674,6895,7795,202.8500,0.8100
1783085613.509089,3837,2711,6914,7767,205.5600,-1.1900
1783085613.525026,3846,2692,6876,7805,205.5600,-1.1900
1783085613.541021,3884,2702,6895,7777,205.5600,-1.1900
1783085613.557085,3855,2674,6951,7748,209.7500,0.8800
1783085613.573047,3865,2692,6857,7842,209.7500,0.8800
1783085613.589035,3846,2711,6867,7777,209.7500,0.8800
1783085613.605102,3855,2777,6923,7777,209.7500,0.8800
1783085613.621258,3837,2702,6876,7795,204.1800,-2.6900
1783085613.637092,3874,2664,6876,7758,204.1800,-2.6900
1783085613.653096,3827,2683,6895,7777,204.1800,-2.6900
1783085613.669200,3865,2692,6885,7814,205.5600,1.1200
1783085613.685290,3902,2720,6848,7748,205.5600,1.1200
1783085613.701130,3865,2674,6876,7777,205.5600,1.1200
1783085613.717069,3893,2664,6876,7805,206.8300,0.6900
1783085613.733136,3865,2674,6857,7805,206.8300,0.6900
1783085613.749144,3865,2702,6839,7758,206.8300,0.6900
1783085613.765062,3884,2720,6848,7748,209.7500,-0.4400
1783085613.780495,3912,2627,6867,7777,209.7500,-0.4400
1783085613.796582,3949,2702,6857,7711,209.7500,-0.4400
1783085613.813212,3931,2664,6867,7748,204.1800,0.9400
1783085613.828465,3902,2683,6820,7748,204.1800,0.9400
1783085613.844606,3874,2674,6848,7805,204.1800,0.9400
1783085613.860434,3902,2777,6829,7767,204.1800,0.9400
1783085613.877621,3893,2702,6829,7767,209.7500,-0.5000
1783085613.894402,3921,2739,6810,7720,209.7500,-0.5000
1783085613.910572,3884,2739,6763,7748,205.5600,-1.4400
1783085613.926235,3902,2758,6848,7748,205.5600,-1.4400
1783085613.942318,3959,2795,6810,7730,205.5600,-1.4400
1783085613.958527,3912,2767,6773,7711,205.5600,-0.1200
1783085613.974276,3902,2720,6820,7730,205.5600,-0.1200
1783085613.990223,3968,2692,6782,7711,205.5600,-0.1200
1783085614.006500,3921,2702,6801,7739,205.5600,-0.1200
1783085614.021281,3931,2739,6810,7739,205.5600,-0.9400
1783085614.037254,3931,2655,6810,7711,205.5600,-0.9400
1783085614.053258,3912,2702,6801,7711,205.5600,-0.9400
1783085614.069245,3940,2739,6792,7786,201.5300,-0.1900
1783085614.085295,3940,2720,6773,7711,201.5300,-0.1900
1783085614.101298,3912,2786,6810,7711,201.5300,-0.1900
1783085614.117302,3912,2702,6839,7711,206.9900,-0.6900
1783085614.135294,3884,2702,6792,7720,206.9900,-0.6900
1783085614.151376,3940,2767,6745,7655,206.9900,-0.6900
1783085614.167363,3949,2767,6763,7664,201.5300,1.6900
1783085614.183447,3902,2664,6763,7683,201.5300,1.6900
1783085614.199357,3931,2664,6792,7702,201.5300,1.6900
1783085614.215258,3940,2786,6773,7673,200.1500,-0.7500
1783085614.231373,3987,2711,6745,7645,200.1500,-0.7500
1783085614.247443,3902,2711,6773,7664,200.1500,-0.7500
1783085614.263009,3949,2749,6735,7627,209.7500,1.5600
1783085614.278422,3940,2758,6726,7673,209.7500,1.5600
1783085614.294524,3940,2749,6745,7664,209.7500,1.5600
1783085614.310383,3940,2749,6773,7627,209.7500,1.5600
1783085614.326388,3949,2730,6698,7617,201.5300,1.3100
1783085614.342525,3959,2711,6726,7683,201.5300,1.3100
1783085614.358391,3949,2683,6745,7655,201.5300,1.3100
1783085614.374418,3987,2767,6754,7608,206.9900,2.6300
1783085614.390843,3968,2739,6726,7645,206.9900,2.6300
1783085614.408580,4015,2758,6782,7645,204.1800,-0.8800
1783085614.424429,3921,2777,6726,7627,204.1800,-0.8800
1783085614.440453,3949,2749,6745,7617,204.1800,-0.8800
1783085614.456619,3996,2758,6726,7645,204.1800,-0.8800
1783085614.472458,3987,2749,6688,7617,205.5600,-0.4400
1783085614.488456,3968,2767,6698,7627,205.5600,-0.4400
1783085614.503515,3996,2739,6735,7617,205.5600,-0.4400
1783085614.519447,4024,2767,6707,7617,206.9900,-1.5600
1783085614.535470,4006,2758,6679,7589,206.9900,-1.5600
1783085614.551493,4015,2777,6717,7627,206.9900,-1.5600
1783085614.567507,4034,2795,6698,7570,198.8700,0.1200
1783085614.583520,4006,2777,6707,7617,198.8700,0.1200
1783085614.599565,4071,2795,6698,7617,198.8700,0.1200
1783085614.615471,4090,2795,6726,7655,209.7500,-2.7500
1783085614.631540,4024,2814,6679,7608,209.7500,-2.7500
1783085614.647576,4015,2767,6707,7627,209.7500,-2.7500
1783085614.663518,4081,2824,6707,7570,208.2600,0.8100
1783085614.679622,4071,2852,6707,7627,208.2600,0.8100
1783085614.695655,4071,2805,6698,7617,208.2600,0.8100
1783085614.711599,4128,2795,6670,7580,204.1800,0.2500
1783085614.727762,4081,2861,6707,7645,204.1800,0.2500
1783085614.743692,4118,2786,6679,7617,204.1800,0.2500
1783085614.759571,4090,2852,6679,7598,204.1800,0.2500
1783085614.774775,4109,2880,6679,7598,212.5100,-0.6300
1783085614.790575,4071,2805,6651,7589,212.5100,-0.6300
1783085614.806590,4090,2795,6660,7608,212.5100,-0.6300
1783085614.824564,4128,2833,6651,7608,201.5300,-0.3700
1783085614.840759,4071,2889,6651,7533,201.5300,-0.3700
1783085614.856582,4109,2824,6660,7589,201.5300,-0.3700
1783085614.872567,4071,2824,6660,7561,208.2600,-0.3100
1783085614.888784,4071,2908,6660,7617,208.2600,-0.3100
1783085614.904732,4118,2852,6660,7570,208.2600,-0.3100
1783085614.920723,4099,2880,6670,7570,209.7500,-0.1900
1783085614.936765,4081,2946,6632,7551,209.7500,-0.1900
1783085614.952655,4099,2870,6679,7542,209.7500,-0.1900
1783085614.968647,4137,2870,6604,7561,204.1800,0.1900
1783085614.984946,4156,2936,6595,7523,204.1800,0.1900
1783085615.000705,4118,2946,6651,7561,204.1800,0.1900
1783085615.015935,4146,2880,6651,7589,202.8500,-0.6300
1783085615.031741,4081,2927,6632,7514,202.8500,-0.6300
1783085615.047738,4118,2927,6623,7486,202.8500,-0.6300
1783085615.064248,4137,2946,6595,7505,205.5600,-1.3700
1783085615.080229,4174,2899,6642,7523,205.5600,-1.3700
1783085615.096034,4128,2964,6613,7514,205.5600,-1.3700
1783085615.112290,4118,2899,6632,7495,205.5600,-0.6900
1783085615.127954,4128,2955,6585,7533,205.5600,-0.6900
1783085615.143839,4156,2908,6613,7523,205.5600,-0.6900
1783085615.159873,4174,2983,6651,7495,202.8500,1.3100
1783085615.175957,4090,2992,6557,7476,202.8500,1.3100
1783085615.191775,4128,2889,6613,7514,202.8500,1.3100
1783085615.207889,4128,2927,6613,7486,202.8500,1.3100
1783085615.223986,4128,2974,6576,7486,212.5100,0.8100
1783085615.239937,4146,3002,6613,7486,212.5100,0.8100
1783085615.255875,4128,2927,6585,7542,212.5100,0.8100
1783085615.272056,4137,2946,6595,7495,201.5300,1.5000
1783085615.286914,4193,2964,6576,7495,201.5300,1.5000
1783085615.303002,4174,2955,6566,7458,201.5300,1.5000
1783085615.319119,4193,2908,6595,7420,202.8500,0.3100
1783085615.334908,4193,2964,6566,7467,202.8500,0.3100
1783085615.351044,4203,2964,6585,7439,202.8500,0.3100
1783085615.366873,4184,3021,6557,7458,208.2600,1.8100
1783085615.382918,4203,2964,6557,7439,208.2600,1.8100
1783085615.399051,4156,2936,6585,7458,208.2600,1.8100
1783085615.414831,4184,3021,6566,7458,200.1500,-0.2500
1783085615.430963,4174,3011,6566,7523,200.1500,-0.2500
1783085615.447074,4212,2936,6548,7467,200.1500,-0.2500
1783085615.463961,4221,3067,6529,7448,208.2600,-1.0000
1783085615.478998,4193,3021,6538,7448,208.2600,-1.0000
1783085615.495042,4193,2946,6548,7439,208.2600,-1.0000
1783085615.510933,4137,3002,6501,7420,208.2600,-1.0000
1783085615.526975,4221,3002,6520,7411,205.5600,0.0600
1783085615.542182,4203,3039,6529,7411,205.5600,0.0600
1783085615.558001,4221,3002,6501,7401,205.5600,0.0600
1783085615.574033,4212,2974,6520,7448,205.5600,-1.5000
1783085615.590221,4184,3021,6482,7430,205.5600,-1.5000
1783085615.605989,4193,3011,6491,7420,205.5600,-1.5000
1783085615.622008,4212,3030,6520,7458,205.5600,0.9400
1783085615.638267,4203,3077,6454,7411,205.5600,0.9400
1783085615.654039,4184,3086,6510,7430,205.5600,0.9400
1783085615.670023,4184,3039,6501,7401,205.5600,-6.1900
1783085615.686260,4193,3067,6482,7448,205.5600,-6.1900
1783085615.702049,4231,3067,6501,7373,205.5600,-6.1900
1783085615.718101,4184,3067,6491,7448,197.4400,2.5000
1783085615.734301,4137,3105,6482,7430,197.4400,2.5000
1783085615.750049,4240,3039,6473,7430,197.4400,2.5000
1783085615.766042,4146,3049,6473,7411,208.2600,-3.3100
1783085615.782298,4156,3039,6435,7392,208.2600,-3.3100
1783085615.798131,4184,3039,6426,7411,208.2600,-3.3100
1783085615.814292,4231,3039,6473,7420,205.5600,1.6300
1783085615.829107,4193,3114,6454,7383,205.5600,1.6300
1783085615.845073,4221,3086,6426,7383,205.5600,1.6300
1783085615.861165,4174,3067,6416,7383,208.2600,-0.6300
1783085615.877270,4184,3105,6435,7420,208.2600,-0.6300
1783085615.893098,4231,3114,6445,7411,208.2600,-0.6300
1783085615.909091,4212,3058,6435,7411,208.2600,1.9400
1783085615.925152,4174,3086,6426,7364,208.2600,1.9400
1783085615.941134,4212,3021,6445,7345,208.2600,1.9400
1783085615.957121,4231,3049,6426,7364,208.2600,1.9400
1783085615.973113,4240,3039,6407,7326,210.9700,-2.1900
1783085615.989157,4174,3049,6388,7326,210.9700,-2.1900
1783085616.005138,4278,3086,6416,7308,210.9700,-2.1900
1783085616.021229,4240,3049,6379,7298,205.5600,0.3100
1783085616.037184,4165,3067,6388,7336,205.5600,0.3100
1783085616.053150,4212,3105,6379,7364,205.5600,0.3100
1783085616.069472,4268,3077,6407,7317,202.8500,-1.5600
1783085616.085189,4231,3105,6379,7345,202.8500,-1.5600
1783085616.100393,4259,3143,6388,7326,202.8500,-1.5600
1783085616.116167,4278,3105,6360,7298,205.5600,-1.4400
1783085616.132221,4278,3143,6388,7317,205.5600,-1.4400
1783085616.148433,4278,3067,6360,7336,205.5600,-1.4400
1783085616.164370,4296,3067,6370,7289,202.8500,1.1900
1783085616.180261,4240,3143,6341,7298,202.8500,1.1900
1783085616.196432,4259,3114,6407,7317,202.8500,1.1900
1783085616.212263,4268,3105,6332,7345,201.5300,2.5000
1783085616.228368,4296,3105,6351,7308,201.5300,2.5000
1783085616.244715,4268,3124,6360,7317,201.5300,2.5000
1783085616.260292,4343,3096,6332,7242,201.5300,2.5000
1783085616.276473,4259,3096,6351,7298,206.9900,0.2500
1783085616.292325,4268,3133,6313,7317,206.9900,0.2500
1783085616.308487,4268,3152,6304,7261,206.9900,0.2500
1783085616.324414,4249,3133,6313,7289,205.5600,1.1200
1783085616.340423,4343,3114,6323,7308,205.5600,1.1200
1783085616.357617,4278,3096,6388,7308,205.5600,1.1200
1783085616.373832,4343,3171,6313,7270,205.5600,1.3100
1783085616.389317,4306,3143,6341,7270,205.5600,1.3100
1783085616.405386,4353,3114,6323,7326,205.5600,1.3100
1783085616.421554,4315,3152,6304,7251,208.2600,1.1900
1783085616.437455,4306,3124,6341,7251,208.2600,1.1900
1783085616.453353,4315,3171,6294,7261,208.2600,1.1900
1783085616.469791,4306,3152,6285,7261,208.2600,-0.4400
1783085616.485564,4362,3199,6304,7261,208.2600,-0.4400
1783085616.502261,4259,3152,6313,7270,208.2600,-0.4400
1783085616.517521,4287,3161,6285,7214,204.1800,-1.6900
1783085616.533455,4287,3189,6304,7223,204.1800,-1.6900
1783085616.549379,4343,3218,6341,7270,204.1800,-1.6900
1783085616.565468,4353,3218,6266,7270,208.2600,-0.2500
1783085616.581386,4325,3161,6351,7223,208.2600,-0.2500
1783085616.597475,4287,3152,6257,7251,208.2600,-0.2500
1783085616.612475,4353,3124,6285,7251,208.2600,-0.2500
1783085616.628449,4315,3180,6332,7279,208.2600,-0.0600
1783085616.645282,4343,3236,6266,7308,208.2600,-0.0600
1783085616.660431,4362,3152,6304,7233,208.2600,-0.0600
1783085616.676419,4334,3180,6276,7242,208.2600,-1.1200
1783085616.692514,4400,3161,6304,7242,208.2600,-1.1200
1783085616.708480,4343,3189,6304,7204,208.2600,-1.1200
1783085616.724451,4325,3171,6266,7223,209.7500,-0.7500
1783085616.740979,4428,3124,6332,7251,209.7500,-0.7500
1783085616.756443,4325,3171,6276,7233,209.7500,-0.7500
1783085616.772521,4334,3161,6313,7242,204.1800,1.0000
1783085616.789167,4353,3161,6304,7251,204.1800,1.0000
1783085616.804487,4334,3199,6276,7251,204.1800,1.0000
1783085616.820630,4325,3180,6276,7223,205.5600,-0.7500
1783085616.837473,4343,3189,6257,7223,205.5600,-0.7500
1783085616.854537,4381,3208,6276,7214,205.5600,-0.7500
1783085616.869541,4296,3152,6257,7223,215.2700,-0.3100
1783085616.885530,4296,3227,6238,7176,215.2700,-0.3100
1783085616.901701,4325,3152,6276,7186,215.2700,-0.3100
1783085616.917477,4343,3180,6229,7176,204.1800,-0.2500
1783085616.933568,4315,3152,6229,7176,204.1800,-0.2500
1783085616.949749,4334,3246,6238,7148,204.1800,-0.2500
1783085616.965515,4343,3171,6248,7195,208.2600,0.6900
1783085616.981521,4325,3199,6238,7223,208.2600,0.6900
1783085616.997706,4371,3208,6238,7233,208.2600,0.6900
1783085617.014755,4362,3143,6210,7223,210.9700,0.5000
1783085617.029798,4371,3264,6182,7101,210.9700,0.5000
1783085617.045881,4315,3105,6229,7186,210.9700,0.5000
1783085617.061651,4353,3236,6248,7223,210.9700,0.5000
1783085617.077599,4362,3236,6182,7214,205.5600,0.0000
1783085617.093776,4390,3180,6219,7186,205.5600,0.0000
1783085617.109595,4343,3255,6173,7195,205.5600,0.0000
1783085617.125628,4437,3218,6210,7176,202.8500,-1.8100
1783085617.141084,4381,3255,6201,7186,202.8500,-1.8100
1783085617.156619,4371,3293,6201,7157,202.8500,-1.8100
1783085617.172616,4381,3246,6182,7129,205.5600,-0.3700
1783085617.188648,4362,3640,6173,7204,205.5600,-0.3700
1783085617.204634,4371,3283,6182,7186,205.5600,-0.3700
1783085617.220655,4409,3218,6201,7129,208.2600,1.3100
1783085617.236701,4409,3255,6182,7157,208.2600,1.3100
1783085617.252983,4371,3311,6182,7157,208.2600,1.3100
1783085617.268713,4381,3283,6191,7167,208.2600,1.3700
1783085617.284676,4390,3433,6173,7195,208.2600,1.3700
1783085617.300746,4371,3255,6182,7148,208.2600,1.3700
1783085617.316739,4400,3302,6163,7148,205.5600,2.2500
1783085617.332737,4400,3396,6163,7148,205.5600,2.2500
1783085617.348750,4437,3349,6163,7148,205.5600,2.2500
1783085617.365139,4400,3293,6163,7111,205.5600,0.6900
1783085617.380761,4437,3283,6154,7129,205.5600,0.6900
1783085617.396712,4437,3283,6135,7167,205.5600,0.6900
1783085617.412764,4437,3302,6116,7129,208.2600,2.8100
1783085617.427794,4428,3405,6163,7129,208.2600,2.8100
1783085617.444148,4465,3264,6163,7111,208.2600,2.8100
1783085617.460250,4465,3658,6135,7101,205.5600,0.9400
1783085617.475774,4475,3377,6144,7120,205.5600,0.9400
1783085617.491741,4418,3396,6126,7101,205.5600,0.9400
1783085617.508001,4456,3424,6135,7129,205.5600,0.9400
1783085617.523760,4418,3424,6079,7101,205.5600,-1.3700
1783085617.539815,4409,3508,6144,7111,205.5600,-1.3700
1783085617.556012,4493,3443,6126,7139,205.5600,-1.3700
1783085617.571806,4437,3386,6097,7092,205.5600,1.7500
1783085617.587781,4437,3461,6163,7139,205.5600,1.7500
1783085617.604086,4428,3499,6126,7082,205.5600,1.7500
1783085617.619866,4493,3443,6135,7082,205.5600,-1.1200
1783085617.636856,4418,3386,6116,7082,205.5600,-1.1200
1783085617.653831,4484,3433,6097,7073,205.5600,-1.1200
1783085617.668922,4456,3433,6116,7036,205.5600,5.1300
1783085617.684945,4493,3602,6107,7082,205.5600,5.1300
1783085617.700883,4484,3443,6116,7054,205.5600,5.1300
1783085617.716958,4428,3386,6069,7064,200.1500,-5.1900
1783085617.732936,4484,3433,6097,7064,200.1500,-5.1900
1783085617.748923,4428,3537,6097,7073,200.1500,-5.1900
1783085617.765825,4503,3349,6107,7017,201.5300,3.2500
1783085617.780964,4446,3499,6079,7017,201.5300,3.2500
1783085617.796928,4522,3452,6051,7017,201.5300,3.2500
1783085617.813034,4484,3480,6060,6998,201.5300,3.2500
1783085617.829093,4475,3415,6041,7036,206.9900,-5.0000
1783085617.846461,4531,3452,6079,7054,206.9900,-5.0000
1783085617.861191,4503,3405,6069,6979,206.9900,-5.0000
1783085617.877058,4475,3452,6051,6998,201.5300,3.0000
1783085617.892977,4493,3377,6032,6989,201.5300,3.0000
1783085617.909040,4465,3471,6097,6989,201.5300,3.0000
1783085617.925052,4493,3368,6051,6998,204.2300,-0.8100
1783085617.941299,4493,3471,6041,6998,204.2300,-0.8100
1783085617.957211,4503,3480,6097,7017,204.2300,-0.8100
1783085617.973043,4465,3433,6060,7036,204.1800,1.4400
1783085617.989277,4512,3518,6004,6998,204.1800,1.4400
1783085618.005019,4550,3396,6041,7007,204.1800,1.4400
1783085618.020959,4531,3508,6032,7036,205.5600,-2.2500
1783085618.037855,4503,3415,6022,7054,205.5600,-2.2500
1783085618.052823,4559,3480,6032,6989,205.5600,-2.2500
1783085618.068818,4522,3396,6013,6989,202.8500,0.1200
1783085618.085143,4503,3574,6041,6951,202.8500,0.1200
1783085618.100787,4540,3574,6013,6942,202.8500,0.1200
1783085618.117857,4540,3443,6041,6942,201.4700,-1.6900
1783085618.134805,4531,3471,6032,6923,201.4700,-1.6900
1783085618.151489,4512,3424,6013,6960,201.4700,-1.6900
1783085618.167140,4550,3527,6004,6932,201.5300,1.4400
1783085618.182077,4503,3471,5994,6932,201.5300,1.4400
1783085618.199427,4559,3518,5976,6951,201.5300,1.4400
1783085618.216045,4540,3452,6013,6960,209.7500,-1.0000
1783085618.230718,4512,3518,6022,6970,209.7500,-1.0000
1783085618.246192,4531,3574,5966,6979,209.7500,-1.0000
1783085618.261920,4503,3490,5947,6979,209.7500,-1.0000
1783085618.277892,4550,3546,6022,6970,201.5300,3.5600
1783085618.294829,4522,3508,6004,6923,201.5300,3.5600
1783085618.310023,4540,3508,5985,6960,201.5300,3.5600
1783085618.326022,4522,3490,5985,6979,205.5600,-0.9400
1783085618.342190,4559,3546,5976,6970,205.5600,-0.9400
1783085618.357970,4597,3490,6004,6979,205.5600,-0.9400
1783085618.373963,4550,3537,5994,6942,205.5600,-0.1900
1783085618.390451,4587,3527,5947,6923,205.5600,-0.1900
1783085618.405971,4540,3583,5966,6914,205.5600,-0.1900
1783085618.421942,4587,3555,5966,6895,202.8500,1.0000
1783085618.438247,4578,3602,5957,6942,202.8500,1.0000
1783085618.453939,4550,3621,5957,6942,202.8500,1.0000
1783085618.469183,4587,3555,6013,6885,205.5600,1.2500
1783085618.484970,4606,3583,5966,6932,205.5600,1.2500
1783085618.500922,4587,3630,5938,6923,205.5600,1.2500
1783085618.517380,4597,3602,5957,6951,205.5600,-0.2500
1783085618.532994,4578,3583,5938,6932,205.5600,-0.2500
1783085618.549661,4568,3593,5957,6932,205.5600,-0.2500
1783085618.567140,4559,3565,5929,6914,205.5600,-1.1900
1783085618.581891,4597,3527,5919,6857,205.5600,-1.1900
1783085618.597194,4625,3602,5938,6895,205.5600,-1.1900
1783085618.613418,4568,3649,5947,6867,202.8500,-0.6300
1783085618.629479,4615,3593,5947,6876,202.8500,-0.6300
1783085618.645328,4568,3574,5900,6876,202.8500,-0.6300
1783085618.661678,4643,3593,5900,6876,202.8500,-1.2500
1783085618.677477,4606,3621,5929,6932,202.8500,-1.2500
1783085618.693374,4625,3555,5919,6876,202.8500,-1.2500
1783085618.709638,4606,3546,5919,6867,202.8500,-1.2500
1783085618.725694,4606,3630,5891,6876,208.2600,-1.1200
1783085618.740291,4625,3640,5910,6885,208.2600,-1.1200
1783085618.756387,4615,3593,5863,6951,208.2600,-1.1200
1783085618.772121,4662,3621,5882,6904,205.5600,-1.4400
1783085618.788315,4606,3630,5900,6876,205.5600,-1.4400
1783085618.804475,4606,3649,5882,6848,205.5600,-1.4400
1783085618.820191,4625,3621,5844,6857,208.2600,1.3700
1783085618.836243,4625,3649,5891,6923,208.2600,1.3700
1783085618.853644,4606,3677,5863,6904,208.2600,1.3700
1783085618.868338,4625,3640,5882,6885,205.5600,-0.5600
1783085618.884574,4662,3677,5863,6829,205.5600,-0.5600
1783085618.900755,4625,3621,5854,6867,205.5600,-0.5600
1783085618.916376,4653,3696,5844,6829,205.5600,1.0600
1783085618.932405,4615,3602,5844,6810,205.5600,1.0600
1783085618.948258,4578,3630,5825,6829,205.5600,1.0600
1783085618.965006,4662,3630,5835,6810,205.5600,1.0600
1783085618.980239,4662,3649,5854,6857,205.5600,-0.9400
1783085618.996446,4653,3658,5807,6792,205.5600,-0.9400
1783085619.011178,4634,3640,5816,6857,205.5600,-0.9400
1783085619.027591,4634,3640,5816,6839,205.5600,0.5000
1783085619.043783,4662,3658,5816,6820,205.5600,0.5000
1783085619.059593,4634,3658,5825,6792,205.5600,0.5000
1783085619.075858,4643,3724,5835,6810,205.5600,-0.6900
1783085619.091757,4681,3658,5807,6829,205.5600,-0.6900
1783085619.107458,4643,3658,5825,6810,205.5600,-0.6900
1783085619.123592,4681,3630,5769,6829,208.2600,1.0000
1783085619.139805,4634,3649,5797,6829,208.2600,1.0000
1783085619.155269,4653,3696,5835,6810,208.2600,1.0000
1783085619.171337,4737,3630,5779,6820,205.5600,-1.7500
1783085619.187607,4681,3705,5779,6829,205.5600,-1.7500
1783085619.203430,4728,3687,5807,6782,205.5600,-1.7500
1783085619.219292,4625,3687,5788,6792,202.8500,-0.8100
1783085619.235537,4662,3677,5732,6810,202.8500,-0.8100
1783085619.251587,4728,3696,5825,6810,202.8500,-0.8100
1783085619.267579,4690,3687,5797,6820,201.5300,-0.3700
1783085619.282533,4709,3677,5788,6773,201.5300,-0.3700
1783085619.298730,4672,3640,5788,6801,201.5300,-0.3700
1783085619.316008,4718,3696,5760,6848,206.9900,1.3700
1783085619.330645,4681,3658,5760,6773,206.9900,1.3700
1783085619.347399,4718,3724,5825,6801,206.9900,1.3700
1783085619.362933,4718,3668,5797,6754,198.8700,0.8800
1783085619.378610,4700,3705,5779,6763,198.8700,0.8800
1783085619.394724,4681,3677,5732,6782,198.8700,0.8800
1783085619.411077,4709,3762,5769,6773,205.5600,0.5000
1783085619.426802,4709,3668,5788,6792,205.5600,0.5000
1783085619.443051,4690,3705,5779,6792,205.5600,0.5000
1783085619.458731,4690,3734,5760,6810,205.5600,0.5000
1783085619.474515,4700,3687,5703,6792,205.5600,2.8100
1783085619.490531,4728,3715,5703,6735,205.5600,2.8100
1783085619.506768,4709,3687,5732,6735,205.5600,2.8100
1783085619.522464,4681,3715,5713,6698,206.9900,0.1200
1783085619.538445,4709,3743,5713,6754,206.9900,0.1200
1783085619.554963,4718,3734,5722,6726,206.9900,0.1200
1783085619.569575,4718,3724,5732,6688,205.5600,-0.3100
1783085619.586329,4700,3724,5722,6745,205.5600,-0.3100
1783085619.602480,4718,3640,5713,6698,205.5600,-0.3100
1783085619.618344,4718,3743,5713,6782,200.1500,0.8100
1783085619.634201,4728,3696,5685,6763,200.1500,0.8100
1783085619.650434,4700,3752,5675,6717,200.1500,0.8100
1783085619.667788,4718,3696,5694,6735,200.1500,0.8100
1783085619.681663,4690,3715,5741,6698,202.8500,5.8100
1783085619.698032,4700,3771,5741,6745,202.8500,5.8100
1783085619.713733,4737,3715,5713,6679,202.8500,-2.5000
1783085619.729772,4728,3724,5741,6698,202.8500,-2.5000
1783085619.745996,4718,3734,5657,6707,202.8500,-2.5000
1783085619.761966,4812,3771,5666,6688,202.8500,-2.5000
1783085619.777799,4747,3734,5666,6670,201.5300,2.3800
1783085619.794059,4765,3734,5703,6688,201.5300,2.3800
1783085619.810622,4775,3715,5694,6679,201.5300,2.3800
1783085619.825936,4756,3734,5675,6698,202.8500,-2.0000
1783085619.840912,4737,3696,5675,6679,202.8500,-2.0000
1783085619.856599,4803,3705,5638,6717,202.8500,-2.0000
1783085619.872863,4756,3790,5657,6670,205.5600,1.4400
1783085619.888577,4812,3743,5685,6670,205.5600,1.4400
1783085619.904564,4765,3771,5647,6670,205.5600,1.4400
1783085619.922995,4765,3762,5628,6660,205.5600,-2.0000
1783085619.939137,4756,3790,5638,6679,205.5600,-2.0000
1783085619.954897,4812,3846,5610,6660,205.5600,-2.0000
1783085619.970910,4747,3743,5657,6642,205.5600,0.3100
1783085619.987194,4709,3743,5638,6670,205.5600,0.3100
1783085620.003183,4765,3705,5619,6660,205.5600,0.3100
1783085620.019397,4803,3752,5638,6679,205.5600,0.4400
1783085620.035522,4850,3780,5685,6688,205.5600,0.4400
1783085620.051108,4784,3809,5666,6679,205.5600,0.4400
1783085620.068174,4822,3790,5657,6651,210.9700,-0.3700
1783085620.082218,4775,3780,5591,6670,210.9700,-0.3700
1783085620.097895,4756,3771,5563,6642,210.9700,-0.3700
1783085620.113939,4822,3790,5582,6604,200.1500,-0.0600
1783085620.131266,4756,3790,5591,6623,200.1500,-0.0600
1783085620.145908,4822,3809,5553,6651,200.1500,-0.0600
1783085620.161667,4784,3780,5572,6613,200.1500,-0.0600
1783085620.177968,4784,3780,5572,6632,202.8500,0.3100
1783085620.196029,4794,3799,5544,6632,202.8500,0.3100
1783085620.211829,4840,3790,5572,6632,202.8500,0.3100
1783085620.227973,4803,3799,5544,6576,200.1500,-1.0000
1783085620.244515,4831,3846,5582,6613,200.1500,-1.0000
1783085620.260130,4803,3809,5619,6613,200.1500,-1.0000
1783085620.276149,4794,3846,5572,6604,208.2600,-1.1900
1783085620.292528,4812,3837,5516,6604,208.2600,-1.1900
1783085620.308160,4803,3799,5553,6595,208.2600,-1.1900
1783085620.323352,4812,3846,5478,6623,205.5600,2.3800
1783085620.339227,4812,3809,5525,6595,205.5600,2.3800
1783085620.354989,4803,3818,5516,6651,205.5600,2.3800
1783085620.371210,4812,3837,5516,6566,202.8500,-0.5000
1783085620.386807,4812,3846,5535,6566,202.8500,-0.5000
1783085620.402807,4765,3809,5516,6613,202.8500,-0.5000
1783085620.419055,4812,3809,5488,6595,205.5600,1.8800
1783085620.434916,4822,3827,5544,6585,205.5600,1.8800
1783085620.450918,4840,3865,5525,6548,205.5600,1.8800
1783085620.468438,4822,3809,5506,6566,205.5600,-0.4400
1783085620.483133,4831,3837,5525,6566,205.5600,-0.4400
1783085620.499175,4822,3902,5488,6557,205.5600,-0.4400
1783085620.517087,4822,3837,5469,6566,206.9900,2.2500
1783085620.531945,4812,3865,5506,6576,206.9900,2.2500
1783085620.547370,4803,3846,5478,6548,206.9900,2.2500
1783085620.563755,4878,3846,5431,6520,201.5300,0.3700
1783085620.579583,4840,3855,5478,6548,201.5300,0.3700
1783085620.595387,4803,3846,5525,6566,201.5300,0.3700
1783085620.610453,4850,3931,5497,6548,201.5300,0.3700
1783085620.626126,4765,3865,5497,6529,210.9700,-1.9400
1783085620.642084,4878,3884,5506,6557,210.9700,-1.9400
1783085620.658436,4822,3884,5497,6538,210.9700,-1.9400
1783085620.676460,4869,3884,5460,6538,202.8500,0.6900
1783085620.692153,4840,3893,5460,6501,202.8500,0.6900
1783085620.708221,4869,3874,5488,6501,202.8500,0.6900
1783085620.724854,4840,3902,5478,6510,202.8500,-1.3700
1783085620.740513,4869,3855,5497,6510,202.8500,-1.3700
1783085620.756455,4869,3884,5488,6501,202.8500,-1.3700
1783085620.772494,4794,3893,5450,6491,208.2600,-0.7500
1783085620.788008,4812,3874,5460,6529,208.2600,-0.7500
1783085620.804140,4887,3902,5450,6473,208.2600,-0.7500
1783085620.820279,4878,3921,5450,6520,205.5600,-1.6900
1783085620.836347,4887,3902,5403,6501,205.5600,-1.6900
1783085620.851764,4859,3921,5431,6473,205.5600,-1.6900
1783085620.868471,4887,3949,5441,6548,210.9700,0.3100
1783085620.883254,4869,3893,5450,6529,210.9700,0.3100
1783085620.899542,4850,3893,5478,6520,210.9700,0.3100
1783085620.915751,4897,3996,5450,6454,210.9700,0.3100
1783085620.931124,4869,3884,5450,6510,205.5600,-1.4400
1783085620.947394,4925,3865,5478,6454,205.5600,-1.4400
1783085620.963580,4822,3987,5431,6482,205.5600,1.1200
1783085620.979317,4887,3874,5460,6482,205.5600,1.1200
1783085620.995716,4897,3949,5450,6510,205.5600,1.1200
1783085621.011691,4962,3921,5460,6491,205.5600,-0.6900
1783085621.027368,4897,3921,5431,6501,205.5600,-0.6900
1783085621.044066,4878,3987,5422,6491,205.5600,-0.6900
1783085621.059757,4934,3931,5403,6473,205.5600,-0.6900
1783085621.075389,4887,3996,5403,6473,205.5600,-1.1200
1783085621.091655,4925,3968,5450,6473,205.5600,-1.1200
1783085621.107897,4822,3921,5385,6463,205.5600,-1.1200
1783085621.124416,4897,4015,5385,6435,205.5600,-1.3100
1783085621.140869,4906,3977,5422,6510,205.5600,-1.3100
1783085621.157850,4915,3968,5413,6435,205.5600,-1.3100
1783085621.172744,4887,3987,5375,6435,202.8500,-0.0600
1783085621.188578,4944,3977,5394,6445,202.8500,-0.0600
1783085621.205026,4906,3949,5375,6426,202.8500,-0.0600
1783085621.220410,4915,3996,5422,6445,202.8500,-0.5600
1783085621.236451,4925,3996,5431,6473,202.8500,-0.5600
1783085621.252541,4972,3987,5347,6454,202.8500,-0.5600
1783085621.268338,4953,3977,5385,6426,205.5600,-0.9400
1783085621.284442,4962,4024,5356,6407,205.5600,-0.9400
1783085621.300874,4925,4052,5366,6416,205.5600,-0.9400
1783085621.318338,4925,4015,5338,6426,205.5600,0.3100
1783085621.332501,4906,4052,5356,6407,205.5600,0.3100
1783085621.349050,4915,4015,5300,6426,205.5600,0.3100
1783085621.363371,4972,4062,5319,6416,205.5600,0.3100
1783085621.379377,4915,4024,5338,6407,202.8500,1.3700
1783085621.395557,4962,4062,5385,6388,202.8500,1.3700
1783085621.411429,4906,4090,5366,6407,202.8500,1.3700
1783085621.427529,4944,3996,5328,6426,205.5600,-1.0600
1783085621.443594,4906,3987,5328,6426,205.5600,-1.0600
1783085621.459547,4981,4052,5309,6407,205.5600,-1.0600
1783085621.475723,4915,3977,5319,6398,208.2600,0.4400
1783085621.492055,4991,3996,5328,6398,208.2600,0.4400
1783085621.507649,4953,4071,5319,6379,208.2600,0.4400
1783085621.523712,4953,4052,5309,6426,202.8500,1.8800
1783085621.540165,4972,4062,5366,6379,202.8500,1.8800
1783085621.555637,4991,4109,5300,6379,202.8500,1.8800
1783085621.571696,4925,4071,5281,6407,205.5600,-0.4400
1783085621.587849,4981,4146,5319,6426,205.5600,-0.4400
1783085621.603594,4981,4128,5281,6407,205.5600,-0.4400
1783085621.619946,4897,4128,5291,6398,210.9700,-1.6900
1783085621.634951,4962,4156,5309,6379,210.9700,-1.6900
1783085621.651027,4934,4128,5300,6370,210.9700,-1.6900
1783085621.669069,4953,4137,5253,6360,202.8500,-3.5600
1783085621.682654,4962,4118,5281,6379,202.8500,-3.5600
1783085621.698697,4944,4128,5319,6351,202.8500,-3.5600
1783085621.715315,5000,4090,5281,6370,202.8500,1.1200
1783085621.730501,4962,4099,5309,6360,202.8500,1.1200
1783085621.746500,5009,4128,5300,6360,202.8500,1.1200
1783085621.763602,5000,4034,5263,6379,197.4400,-1.6300
1783085621.779178,4962,4165,5263,6360,197.4400,-1.6300
1783085621.794855,4934,4193,5244,6341,197.4400,-1.6300
1783085621.811145,4991,4146,5309,6341,205.5600,-0.1900
1783085621.826783,4991,4118,5263,6360,205.5600,-0.1900
1783085621.842968,5028,4193,5244,6360,205.5600,-0.1900
1783085621.859590,4991,4062,5263,6388,205.5600,-0.1900
1783085621.876384,5019,4184,5244,6388,205.5600,-1.3700
1783085621.892014,5028,4165,5234,6360,205.5600,-1.3700
1783085621.908116,5000,4081,5234,6332,205.5600,-1.3700
1783085621.924343,4972,4137,5244,6332,205.5600,1.0600
1783085621.939991,4991,4174,5319,6257,205.5600,1.0600
1783085621.956113,5028,4165,5263,6323,205.5600,1.0600
1783085621.972565,5009,4146,5281,6266,210.9700,-0.3700
1783085621.987962,5037,4174,5244,6313,210.9700,-0.3700
1783085622.003867,5000,4203,5216,6304,210.9700,-0.3700
1783085622.020058,5009,4109,5244,6313,204.1800,-0.4400
1783085622.035935,4981,4212,5244,6294,204.1800,-0.4400
1783085622.051967,5037,4174,5263,6276,204.1800,-0.4400
1783085622.069647,5000,4165,5216,6276,202.8500,0.9400
1783085622.086317,5019,4221,5188,6266,202.8500,0.9400
1783085622.102015,5028,4146,5225,6294,202.8500,0.9400
1783085622.118612,5056,4231,5253,6323,202.8500,-0.8100
1783085622.132861,5028,4221,5169,6276,202.8500,-0.8100
1783085622.148898,5028,4193,5216,6266,202.8500,-0.8100
1783085622.164996,5047,4184,5216,6248,208.2600,0.9400
1783085622.181078,5112,4212,5244,6238,208.2600,0.9400
1783085622.196646,5037,4203,5159,6294,208.2600,0.9400
1783085622.212943,5028,4259,5178,6257,205.5600,-0.1900
1783085622.229077,5028,4231,5178,6238,205.5600,-0.1900
1783085622.245014,5037,4203,5188,6238,205.5600,-0.1900
1783085622.260930,5094,4184,5188,6238,205.5600,-0.1900
1783085622.276692,5084,4259,5225,6266,205.5600,-1.1200
1783085622.292664,5028,4221,5206,6238,205.5600,-1.1200
1783085622.309199,5084,4259,5178,6248,205.5600,-1.1200
1783085622.324905,5047,4212,5178,6210,202.8500,-1.6900
1783085622.340874,5084,4203,5188,6248,202.8500,-1.6900
1783085622.357157,5103,4259,5197,6276,202.8500,-1.6900
1783085622.373528,5131,4278,5188,6248,205.5600,1.8100
1783085622.388959,5028,4174,5216,6229,205.5600,1.8100
1783085622.404288,5084,4287,5206,6201,205.5600,1.8100
1783085622.419937,5122,4240,5216,6238,200.1500,-0.1900
1783085622.438030,5122,4278,5225,6238,200.1500,-0.1900
1783085622.454086,5075,4240,5159,6229,200.1500,-0.1900
1783085622.470268,5094,4221,5112,6229,205.5600,1.8100
1783085622.486234,5094,4249,5112,6229,205.5600,1.8100
1783085622.502028,5112,4203,5112,6229,205.5600,1.8100
1783085622.519235,5112,4278,5141,6238,205.5600,0.4400
1783085622.534051,5131,4296,5103,6210,205.5600,0.4400
1783085622.550106,5122,4278,5150,6182,205.5600,0.4400
1783085622.567672,5094,4315,5112,6248,205.5600,1.1900
1783085622.582148,5131,4268,5112,6201,205.5600,1.1900
1783085622.598420,5122,4268,5122,6248,205.5600,1.1900
1783085622.614389,5131,4353,5131,6201,205.5600,0.5000
1783085622.630080,5131,4315,5141,6210,205.5600,0.5000
1783085622.646064,5066,4315,5094,6191,205.5600,0.5000
1783085622.661074,5150,4325,5112,6201,205.5600,0.5000
1783085622.677148,5112,4315,5094,6210,205.5600,-2.3100
1783085622.693441,5131,4325,5094,6191,205.5600,-2.3100
1783085622.709190,5141,4343,5094,6219,205.5600,-2.3100
1783085622.725309,5112,4325,5094,6210,200.1500,-0.5600
1783085622.741356,5197,4296,5141,6238,200.1500,-0.5600
1783085622.757152,5178,4315,5094,6163,200.1500,-0.5600
1783085622.773151,5150,4315,5084,6191,208.2600,-2.0600
1783085622.789652,5112,4296,5094,6201,208.2600,-2.0600
1783085622.806133,5066,4353,5075,6191,208.2600,-2.0600
1783085622.821527,5159,4371,5075,6191,198.8700,1.6300
1783085622.837763,5103,4315,5122,6210,198.8700,1.6300
1783085622.853595,5159,4343,5094,6173,198.8700,1.6300
1783085622.869229,5103,4259,5084,6182,208.2600,0.0000
1783085622.885033,5150,4418,5075,6154,208.2600,0.0000
1783085622.900921,5141,4381,5103,6163,208.2600,0.0000
1783085622.916542,5206,4315,5056,6201,206.9900,0.1900
1783085622.932127,5103,4409,5084,6201,206.9900,0.1900
1783085622.947876,5103,4353,5094,6201,206.9900,0.1900
1783085622.963842,5178,4428,5066,6154,202.8500,-0.9400
1783085622.980510,5150,4418,5075,6163,202.8500,-0.9400
1783085622.996225,5197,4371,5075,6210,202.8500,-0.9400
1783085623.012153,5159,4400,5028,6163,202.8500,-0.9400
1783085623.028372,5206,4390,5037,6210,206.8300,1.3100
1783085623.044064,5216,4428,5009,6144,206.8300,1.3100
1783085623.060247,5169,4390,5019,6173,206.8300,1.3100
1783085623.076467,5244,4400,5000,6182,205.5600,-1.5000
1783085623.092374,5188,4409,5019,6135,205.5600,-1.5000
1783085623.108362,5141,4437,4991,6116,205.5600,-1.5000
1783085623.124567,5141,4400,4981,6107,212.5100,1.6900
1783085623.140281,5216,4362,4981,6210,212.5100,1.6900
1783085623.156270,5178,4428,5009,6154,212.5100,1.6900
1783085623.172425,5225,4418,4944,6126,205.5600,-0.8800
1783085623.188110,5216,4418,4934,6144,205.5600,-0.8800
1783085623.203881,5141,4400,4972,6144,205.5600,-0.8800
1783085623.219048,5150,4475,4972,6154,205.5600,0.1200
1783085623.235139,5178,4428,4981,6154,205.5600,0.1200
1783085623.252476,5178,4418,4944,6097,205.5600,0.1200
1783085623.269454,5178,4531,4934,6107,205.5600,-2.0000
1783085623.283385,5197,4437,4953,6079,205.5600,-2.0000
1783085623.299982,5178,4465,4981,6097,205.5600,-2.0000
1783085623.315661,5234,4456,4925,6097,204.1800,-0.4400
1783085623.331422,5216,4390,4972,6088,204.1800,-0.4400
1783085623.348071,5244,4428,4972,6107,204.1800,-0.4400
1783085623.363762,5216,4522,4981,6060,206.9900,-0.4400
1783085623.379287,5244,4559,4934,6069,206.9900,-0.4400
1783085623.395491,5253,4437,4972,6060,206.9900,-0.4400
1783085623.411656,5300,4456,5000,6060,205.5600,2.1900
1783085623.427416,5253,4475,4944,6107,205.5600,2.1900
1783085623.443360,5272,4512,4962,6079,205.5600,2.1900
1783085623.458246,5244,4475,5000,6097,205.5600,2.1900
1783085623.474518,5281,4437,4991,6051,205.5600,-0.6300
1783085623.491279,5263,4578,4944,6051,205.5600,-0.6300
1783085623.506717,5263,4512,4953,6079,205.5600,-0.6300
1783085623.523008,5216,4456,4934,6079,205.5600,1.1900
1783085623.539194,5253,4446,4934,6041,205.5600,1.1900
1783085623.554641,5272,4522,4915,6088,205.5600,1.1900
1783085623.570649,5234,4522,4944,6069,202.8500,0.3100
1783085623.587263,5253,4522,4915,6069,202.8500,0.3100
1783085623.602872,5263,4493,4925,6032,202.8500,0.3100
1783085623.618902,5272,4550,4944,6022,201.5300,0.5000
1783085623.634952,5309,4522,4915,6097,201.5300,0.5000
1783085623.650660,5272,4522,4944,6041,201.5300,0.5000
1783085623.667794,5300,4503,4925,6022,212.5100,0.8100
1783085623.682678,5272,4531,4962,6013,212.5100,0.8100
1783085623.698487,5291,4531,4962,6041,212.5100,0.8100
1783085623.714533,5281,4522,4925,6051,209.4800,-1.8800
1783085623.729645,5300,4559,4962,6060,209.4800,-1.8800
1783085623.745415,5291,4522,4925,6022,209.4800,-1.8800
1783085623.761774,5291,4522,4897,6004,209.4800,-1.8800
1783085623.777663,5281,4540,4906,6013,206.9900,1.4400
1783085623.793393,5319,4540,4850,6022,206.9900,1.4400
1783085623.809460,5244,4540,4850,6013,206.9900,1.4400
1783085623.825985,5253,4568,4850,6013,201.5300,-0.0600
1783085623.841499,5291,4540,4878,6013,201.5300,-0.0600
1783085623.857457,5281,4540,4887,5985,201.5300,-0.0600
1783085623.873963,5281,4578,4869,6004,209.7500,-1.5000
1783085623.890031,5300,4578,4869,6013,209.7500,-1.5000
1783085623.907504,5309,4597,4878,6013,209.7500,-1.5000
1783085623.922876,5291,4559,4859,6013,208.2600,-0.0600
1783085623.937856,5281,4597,4906,6022,208.2600,-0.0600
1783085623.954018,5347,4597,4878,6032,208.2600,-0.0600
1783085623.969898,5347,4597,4869,6004,201.5300,0.4400
1783085623.984624,5319,4625,4850,5994,201.5300,0.4400
1783085624.000819,5328,4634,4869,5985,201.5300,0.4400
1783085624.018695,5309,4597,4850,6013,206.9900,0.5000
1783085624.032584,5338,4587,4803,5985,206.9900,0.5000
1783085624.048841,5281,4615,4869,5994,206.9900,0.5000
1783085624.064632,5338,4559,4831,5966,206.9900,0.5000
1783085624.081492,5356,4606,4822,5976,204.1800,-0.1200
1783085624.097406,5319,4597,4831,6051,204.1800,-0.1200
1783085624.112928,5385,4662,4831,6013,204.1800,-0.1200
1783085624.128919,5347,4606,4850,5966,210.9700,0.3100
1783085624.145273,5309,4606,4831,5985,210.9700,0.3100
1783085624.161698,5338,4625,4803,5994,202.8500,0.1900
1783085624.176942,5366,4653,4831,6022,202.8500,0.1900
1783085624.193224,5356,4634,4831,5938,202.8500,0.1900
1783085624.208934,5356,4615,4812,5994,202.8500,0.1900
1783085624.224909,5366,4615,4812,5947,208.2600,-1.2500
1783085624.241242,5328,4606,4812,5910,208.2600,-1.2500
1783085624.256097,5319,4643,4794,5985,208.2600,-1.2500
1783085624.271800,5356,4653,4840,5929,200.1500,1.8800
1783085624.288018,5385,4606,4794,5957,200.1500,1.8800
1783085624.303735,5347,4643,4812,5919,200.1500,1.8800
1783085624.319760,5375,4681,4803,5900,205.5600,-1.9400
1783085624.336381,5356,4625,4784,5919,205.5600,-1.9400
1783085624.352358,5413,4643,4812,5919,205.5600,-1.9400
1783085624.369020,5413,4634,4822,5919,205.5600,-0.9400
1783085624.383994,5366,4672,4812,5919,205.5600,-0.9400
1783085624.399863,5394,4700,4784,5910,205.5600,-0.9400
1783085624.415942,5385,4653,4794,5891,205.5600,1.4400
1783085624.432205,5375,4634,4794,5929,205.5600,1.4400
1783085624.447891,5366,4662,4784,5919,205.5600,1.4400
1783085624.463922,5394,4643,4737,5872,208.2600,0.0000
1783085624.480239,5366,4690,4747,5891,208.2600,0.0000
1783085624.495888,5394,4690,4765,5854,208.2600,0.0000
1783085624.511948,5366,4690,4784,5882,208.2600,0.0000
1783085624.527707,5375,4662,4775,5929,208.2600,1.5600
1783085624.543370,5394,4709,4747,5910,208.2600,1.5600
1783085624.559525,5385,4709,4747,5854,208.2600,1.5600
1783085624.575981,5394,4681,4765,5929,202.8500,-0.5600
1783085624.591230,5422,4662,4700,5882,202.8500,-0.5600
1783085624.607609,5422,4662,4728,5900,202.8500,-0.5600
1783085624.623240,5413,4765,4728,5872,202.8500,2.3100
1783085624.639200,5403,4765,4728,5872,202.8500,2.3100
1783085624.655854,5375,4718,4747,5900,202.8500,2.3100
1783085624.671800,5450,4718,4747,5872,205.5600,2.0000
1783085624.686957,5450,4737,4718,5854,205.5600,2.0000
1783085624.703282,5441,4756,4747,5891,205.5600,2.0000
1783085624.720236,5422,4709,4709,5891,204.1800,-2.5000
1783085624.735118,5413,4737,4756,5854,204.1800,-2.5000
1783085624.751337,5441,4681,4737,5863,204.1800,-2.5000
1783085624.767840,5535,4709,4784,5844,206.9900,1.1200
1783085624.783050,5488,4765,4737,5872,206.9900,1.1200
1783085624.799442,5403,4718,4709,5854,206.9900,1.1200
1783085624.813951,5441,4737,4718,5844,206.9900,1.1200
1783085624.829972,5431,4747,4756,5854,202.8500,-2.3100
1783085624.846469,5460,4690,4718,5854,202.8500,-2.3100
1783085624.861948,5478,4700,4709,5863,202.8500,-2.3100
1783085624.878221,5460,4737,4718,5835,205.5600,1.5000
1783085624.894878,5441,4709,4709,5844,205.5600,1.5000
1783085624.910247,5469,4700,4681,5825,205.5600,1.5000
1783085624.926345,5506,4765,4681,5844,201.5300,-1.6300
1783085624.942741,5431,4840,4672,5835,201.5300,-1.6300
1783085624.958296,5525,4728,4718,5854,201.5300,-1.6300
1783085624.974264,5413,4718,4681,5854,209.7500,0.6300
1783085624.990434,5478,4775,4709,5835,209.7500,0.6300
1783085625.006082,5488,4794,4643,5835,209.7500,0.6300
1783085625.022369,5422,4803,4625,5854,198.8700,-0.9400
1783085625.038561,5460,4765,4653,5797,198.8700,-0.9400
1783085625.054562,5478,4728,4681,5807,198.8700,-0.9400
1783085625.070145,5506,4794,4653,5844,205.5600,0.8100
1783085625.085130,5535,4887,4681,5825,205.5600,0.8100
1783085625.101068,5516,4859,4615,5844,205.5600,0.8100
1783085625.118496,5525,4765,4681,5835,205.5600,-0.6900
1783085625.133161,5544,4747,4653,5807,205.5600,-0.6900
1783085625.149132,5478,4747,4672,5807,205.5600,-0.6900
1783085625.165576,5497,4794,4634,5769,208.2600,2.3800
1783085625.181206,5506,4737,4653,5797,208.2600,2.3800
1783085625.197345,5516,4812,4634,5797,208.2600,2.3800
1783085625.213319,5497,4869,4625,5788,208.2600,2.3800
1783085625.229193,5478,4878,4606,5825,205.5600,-1.7500
1783085625.245163,5535,4803,4606,5825,205.5600,-1.7500
1783085625.261744,5469,4775,4606,5760,205.5600,-1.7500
1783085625.277461,5478,4775,4606,5769,206.9900,-0.3100
1783085625.293412,5544,4850,4606,5750,206.9900,-0.3100
1783085625.309597,5469,4878,4568,5750,206.9900,-0.3100
1783085625.325776,5516,4859,4597,5732,205.5600,-1.2500
1783085625.341639,5469,4850,4597,5788,205.5600,-1.2500
1783085625.356830,5553,4831,4587,5732,205.5600,-1.2500
1783085625.372386,5535,4840,4597,5788,204.1800,-0.9400
1783085625.388422,5497,4869,4597,5788,204.1800,-0.9400
1783085625.405033,5582,4887,4625,5741,204.1800,-0.9400
1783085625.420352,5525,4850,4587,5760,202.8500,0.1900
1783085625.438610,5582,4840,4587,5760,202.8500,0.1900
1783085625.454702,5535,4859,4540,5741,202.8500,0.1900
1783085625.470694,5535,4662,4568,5741,210.9700,3.6300
1783085625.486639,5497,4653,4597,5797,210.9700,3.6300
1783085625.502582,5553,4718,4559,5750,210.9700,3.6300
1783085625.520266,5544,4672,4550,5750,200.1500,-0.7500
1783085625.534791,5572,4615,4550,5750,200.1500,-0.7500
1783085625.550834,5582,4681,4559,5760,200.1500,-0.7500
1783085625.568196,5619,4634,4606,5722,212.5100,2.6900
1783085625.581326,5647,4831,4531,5722,212.5100,2.6900
1783085625.597412,5553,4653,4578,5750,212.5100,2.6900
1783085625.613719,5563,4859,4587,5732,201.5300,0.7500
1783085625.629419,5544,4662,4578,5703,201.5300,0.7500
1783085625.645425,5591,4615,4540,5722,201.5300,0.7500
1783085625.661709,5582,4587,4540,5675,201.5300,0.7500
1783085625.677533,5647,4597,4559,5694,208.2600,8.1900
1783085625.693825,5600,4625,4559,5741,208.2600,8.1900
1783085625.710415,5591,4643,4531,5713,208.2600,8.1900
1783085625.726018,5582,4634,4540,5750,213.6700,-5.0600
1783085625.741658,5591,4578,4568,5722,213.6700,-5.0600
1783085625.759880,5600,4578,4550,5722,213.6700,-5.0600
1783085625.776002,5572,4597,4522,5722,209.7500,2.6900
1783085625.791733,5591,4606,4540,5694,209.7500,2.6900
1783085625.807806,5582,4597,4531,5732,209.7500,2.6900
1783085625.822713,5619,4568,4531,5722,204.1800,-3.2500
1783085625.838797,5619,4597,4522,5703,204.1800,-3.2500
1783085625.855622,5563,4662,4540,5703,204.1800,-3.2500
1783085625.870590,5647,4634,4531,5694,205.5600,1.6300
1783085625.886736,5619,4606,4540,5666,205.5600,1.6300
1783085625.903181,5638,4634,4531,5703,205.5600,1.6300
1783085625.919979,5628,4587,4493,5750,205.5600,-2.8100
1783085625.934853,5619,4568,4493,5675,205.5600,-2.8100
1783085625.951841,5600,4559,4540,5722,205.5600,-2.8100
1783085625.967313,5638,4540,4503,5722,205.5600,-2.8100
1783085625.983265,5628,4568,4484,5685,205.5600,0.6300
1783085625.999433,5638,4615,4465,5666,205.5600,0.6300
1783085626.014845,5582,4597,4484,5703,205.5600,0.6300
1783085626.030868,5610,4587,4493,5703,205.5600,-1.1900
1783085626.047099,5619,4578,4503,5722,205.5600,-1.1900
1783085626.062927,5666,4962,4484,5713,205.5600,-1.1900
1783085626.078876,5619,4578,4456,5685,205.5600,1.3100
1783085626.094236,5647,4972,4437,5713,205.5600,1.3100
1783085626.109857,5619,4597,4437,5638,205.5600,1.3100
1783085626.126527,5666,4643,4418,5647,205.5600,-1.3100
1783085626.142696,5628,4625,4446,5657,205.5600,-1.3100
1783085626.158598,5600,4662,4456,5657,205.5600,-1.3100
1783085626.174153,5666,4643,4456,5675,202.8500,0.0000
1783085626.190968,5722,4597,4456,5685,202.8500,0.0000
1783085626.206098,5732,4597,4437,5685,202.8500,0.0000
1783085626.221968,5666,4597,4409,5638,210.9700,-1.8800
1783085626.238686,5685,4634,4409,5685,210.9700,-1.8800
1783085626.254242,5703,4718,4418,5638,210.9700,-1.8800
1783085626.269985,5694,4643,4437,5647,210.9700,0.8100
1783085626.286118,5628,4672,4371,5703,210.9700,0.8100
1783085626.302034,5619,4672,4418,5647,210.9700,0.8100
1783085626.319386,5675,4756,4400,5657,205.5600,-0.1900
1783085626.334403,5685,5075,4446,5647,205.5600,-0.1900
1783085626.349774,5675,5431,4400,5638,205.5600,-0.1900
1783085626.365394,5703,5047,4381,5619,202.8500,-1.3700
1783085626.380754,5675,5066,4381,5638,202.8500,-1.3700
1783085626.396953,5722,4709,4390,5628,202.8500,-1.3700
1783085626.413298,5713,4784,4381,5628,202.8500,-1.3700
1783085626.429042,5769,5094,4362,5591,205.5600,-1.8800
1783085626.444989,5685,5141,4390,5591,205.5600,-1.8800
1783085626.461334,5703,5450,4362,5647,205.5600,-1.8800
1783085626.477813,5694,5431,4390,5600,208.2600,1.5000
1783085626.492779,5703,5460,4362,5610,208.2600,1.5000
1783085626.509009,5666,5413,4362,5582,208.2600,1.5000
1783085626.524798,5750,5441,4409,5657,205.5600,0.1200
1783085626.540846,5685,4840,4400,5647,205.5600,0.1200
1783085626.557408,5769,4850,4353,5619,205.5600,0.1200
1783085626.572844,5760,4812,4343,5610,208.2600,2.8800
1783085626.589073,5713,5169,4325,5591,208.2600,2.8800
1783085626.605604,5750,4803,4334,5610,208.2600,2.8800
1783085626.621557,5713,5178,4371,5591,205.5600,-0.1200
1783085626.636338,5750,5441,4381,5600,205.5600,-0.1200
1783085626.652929,5741,5141,4362,5535,205.5600,-0.1200
1783085626.670074,5750,5403,4306,5638,205.5600,2.6300
1783085626.684699,5732,5422,4334,5610,205.5600,2.6300
1783085626.700616,5741,5422,4353,5563,205.5600,2.6300
1783085626.716887,5769,5422,4315,5572,205.5600,2.6300
1783085626.732175,5779,5469,4334,5563,208.2600,-1.0600
1783085626.748675,5750,5169,4325,5572,208.2600,-1.0600
1783085626.764330,5741,5469,4325,5600,208.2600,-1.0600
1783085626.781179,5760,5591,4325,5591,208.2600,-1.0600
1783085626.796262,5741,5591,4306,5572,208.2600,-1.0600
1783085626.812024,5750,5582,4287,5638,208.2600,-1.0600
1783085626.828102,5750,5582,4325,5516,205.5600,-0.6900
1783085626.844493,5760,5572,4315,5535,205.5600,-0.6900
1783085626.860213,5703,5722,4287,5582,205.5600,-0.6900
1783085626.876251,5797,5638,4343,5525,205.5600,-0.3100
1783085626.892785,5722,5647,4296,5535,205.5600,-0.3100
1783085626.907315,5741,5600,4296,5525,205.5600,-0.3100
1783085626.923707,5807,5628,4287,5563,210.9700,-0.3700
1783085626.939584,5779,5628,4315,5582,210.9700,-0.3700
1783085626.955312,5788,5582,4287,5516,210.9700,-0.3700
1783085626.971926,5732,5619,4240,5525,208.2600,-1.7500
1783085626.988146,5750,5600,4315,5488,208.2600,-1.7500
1783085627.005886,5750,5516,4249,5516,208.2600,-1.7500
1783085627.021019,5788,5478,4278,5525,208.2600,-0.0600
1783085627.037802,5760,5516,4296,5497,208.2600,-0.0600
1783085627.053593,5760,5553,4268,5506,208.2600,-0.0600
1783085627.070041,5807,5488,4231,5544,205.5600,-1.2500
1783085627.085372,5779,5469,4296,5525,205.5600,-1.2500
1783085627.101618,5835,5516,4278,5535,205.5600,-1.2500
1783085627.120036,5835,5535,4203,5516,208.2600,1.2500
1783085627.136190,5816,5535,4278,5516,208.2600,1.2500
1783085627.156521,5891,5572,4278,5516,208.2600,1.2500
1783085627.174645,5854,5591,4231,5516,208.2600,-0.7500
1783085627.190645,5872,5488,4212,5488,208.2600,-0.7500
1783085627.206558,5816,5469,4221,5488,208.2600,-0.7500
1783085627.225785,5891,5553,4221,5488,209.4800,-0.3700
1783085627.245783,5891,5563,4146,5488,209.4800,-0.3700
1783085627.261580,5825,5535,4193,5460,209.4800,-0.3700
1783085627.277769,5825,5506,4203,5488,215.2700,-1.3700
1783085627.293628,5825,5619,4212,5497,215.2700,-1.3700
1783085627.309338,5816,5535,4212,5488,215.2700,-1.3700
1783085627.325379,5854,5544,4137,5497,208.2600,-1.0600
1783085627.341564,5844,5478,4203,5478,208.2600,-1.0600
1783085627.357265,5872,5497,4165,5460,208.2600,-1.0600
1783085627.373415,5835,5506,4184,5478,208.2600,-0.5000
1783085627.388324,5835,5497,4184,5488,208.2600,-0.5000
1783085627.404308,5863,5478,4128,5478,208.2600,-0.5000
1783085627.420852,5891,5525,4165,5478,202.8500,-1.6900
1783085627.436764,5919,5600,4146,5441,202.8500,-1.6900
1783085627.452721,5882,5600,4137,5460,202.8500,-1.6900
1783085627.470523,5854,5478,4128,5441,208.2600,0.8800
1783085627.484450,5854,5460,4156,5441,208.2600,0.8800
1783085627.500516,5844,5488,4165,5413,208.2600,0.8800
1783085627.516606,5910,5516,4184,5450,206.8300,1.0600
1783085627.532284,5891,5535,4165,5394,206.8300,1.0600
1783085627.548297,5863,5535,4156,5460,206.8300,1.0600
1783085627.564640,5938,5478,4174,5385,212.5100,0.8100
1783085627.580366,5947,5488,4128,5441,212.5100,0.8100
1783085627.596815,5863,5544,4174,5441,212.5100,0.8100
1783085627.613009,5854,5553,4174,5403,212.5100,0.8100
1783085627.628804,5863,5506,4156,5450,210.9700,3.8100
1783085627.644606,5938,5497,4146,5394,210.9700,3.8100
1783085627.660908,5919,5506,4118,5385,210.9700,3.8100
1783085627.675662,5900,5535,4118,5450,206.8300,4.1900
1783085627.691703,5919,5572,4128,5403,206.8300,4.1900
1783085627.707890,5910,5525,4165,5441,206.8300,4.1900
1783085627.724186,5900,5516,4156,5469,209.7500,0.5600
1783085627.740149,5910,5516,4109,5403,209.7500,0.5600
1783085627.756557,5929,5506,4109,5413,209.7500,0.5600
1783085627.771544,5919,5544,4137,5413,201.5300,-0.4400
1783085627.787738,5910,5469,4090,5441,201.5300,-0.4400
1783085627.803686,5910,5553,4118,5431,201.5300,-0.4400
1783085627.821269,5900,5516,4071,5394,209.7500,-0.2500
1783085627.836357,5947,5516,4109,5450,209.7500,-0.2500
1783085627.852026,5947,5544,4071,5413,209.7500,-0.2500
1783085627.869162,5929,5572,4024,5422,201.5300,-0.8100
1783085627.883751,5957,5582,4052,5385,201.5300,-0.8100
1783085627.898827,5957,5535,4071,5413,201.5300,-0.8100
1783085627.915062,5938,5591,4090,5394,201.5300,-0.8100
1783085627.930814,5900,5544,4062,5450,205.5600,0.9400
1783085627.945781,5929,5553,4062,5394,205.5600,0.9400
1783085627.961731,5929,5591,4043,5403,205.5600,0.9400
1783085627.978015,5910,5610,4034,5394,208.2600,0.1900
1783085627.993844,5966,5591,4071,5422,208.2600,0.1900
1783085628.009801,5929,5600,4062,5413,208.2600,0.1900
1783085628.025961,6022,5553,4034,5403,209.7500,0.3100
1783085628.043946,6022,5478,4034,5431,209.7500,0.3100
1783085628.059855,5938,5619,4024,5385,209.7500,0.3100
1783085628.075808,5919,5535,4043,5366,208.2600,-2.0600
1783085628.091996,5919,5591,4024,5347,208.2600,-2.0600
1783085628.107858,5966,5535,3977,5375,208.2600,-2.0600
1783085628.124007,5957,5553,3996,5356,201.5300,0.6300
1783085628.140204,5929,5628,3968,5328,201.5300,0.6300
1783085628.155821,5966,5610,4024,5338,201.5300,0.6300
1783085628.171819,5929,5610,4015,5356,206.9900,-0.1200
1783085628.186891,5947,5516,3949,5338,206.9900,-0.1200
1783085628.202830,5985,5600,3959,5356,206.9900,-0.1200
1783085628.219408,5966,5610,3996,5366,198.8700,0.8800
1783085628.234863,5976,5628,4015,5347,198.8700,0.8800
1783085628.252879,5966,5619,4015,5385,198.8700,0.8800
1783085628.269060,5966,5591,3977,5366,208.2600,-0.3700
1783085628.284877,6013,5582,3921,5328,208.2600,-0.3700
1783085628.300922,5994,5563,3949,5347,208.2600,-0.3700
1783085628.316903,5957,5628,3959,5328,208.2600,-0.0600
1783085628.332908,5985,5619,3977,5300,208.2600,-0.0600
1783085628.348888,5985,5591,3996,5347,208.2600,-0.0600
1783085628.364870,6004,5582,4006,5338,208.2600,-0.0600
1783085628.380947,5966,5619,3949,5338,206.9900,-2.4400
1783085628.396946,6022,5572,3931,5319,206.9900,-2.4400
1783085628.412966,5994,5628,3940,5356,206.9900,-2.4400
1783085628.428145,6022,5666,3902,5328,202.8500,-0.5000
1783085628.443973,6088,5647,3874,5300,202.8500,-0.5000
1783085628.460202,6032,5600,3912,5300,202.8500,-0.5000
1783085628.476340,6032,5610,3912,5328,208.2600,-0.1200
1783085628.492006,6022,5619,3949,5309,208.2600,-0.1200
1783085628.508001,6032,5732,3921,5300,208.2600,-0.1200
1783085628.524332,6013,5600,3931,5300,198.8700,5.0000
1783085628.540005,6041,5610,3921,5291,198.8700,5.0000
1783085628.556008,6051,5610,3902,5291,198.8700,5.0000
1783085628.572173,6051,5666,3865,5263,205.5600,-0.3100
1783085628.588041,6060,5675,3902,5234,205.5600,-0.3100
1783085628.604076,6032,5610,3809,5291,205.5600,-0.3100
1783085628.620228,6032,5713,3865,5309,200.1500,1.4400
1783085628.636095,6069,5638,3874,5263,200.1500,1.4400
1783085628.652121,6041,5666,3893,5291,200.1500,1.4400
1783085628.668961,6032,5685,3855,5291,210.9700,0.6900
1783085628.684159,6032,5666,3874,5291,210.9700,0.6900
1783085628.699106,6032,5694,3846,5300,210.9700,0.6900
1783085628.715103,6069,5675,3874,5281,210.9700,0.6900
1783085628.731083,6041,5591,3884,5319,202.8500,1.8800
1783085628.747102,6079,5675,3865,5263,202.8500,1.8800
1783085628.763616,6079,5703,3884,5234,209.7500,0.1200
1783085628.779425,6051,5703,3874,5272,209.7500,0.1200
1783085628.795377,6060,5713,3855,5263,209.7500,0.1200
1783085628.811557,6079,5666,3865,5300,209.7500,0.1200
1783085628.827399,6060,5582,3855,5319,201.5300,-0.6900
1783085628.843340,6079,5657,3874,5281,201.5300,-0.6900
1783085628.859535,6097,5722,3874,5328,201.5300,-0.6900
1783085628.875408,6097,5722,3884,5253,205.5600,0.4400
1783085628.891376,6079,5694,3865,5253,205.5600,0.4400
1783085628.907767,6069,5647,3884,5291,205.5600,0.4400
1783085628.923325,6135,5675,3865,5356,202.8500,-1.0600
1783085628.939266,6116,5694,3874,5281,202.8500,-1.0600
1783085628.954373,6069,5675,3855,5272,202.8500,-1.0600
1783085628.970241,6135,5657,3780,5281,205.5600,-0.1900
1783085628.986679,6116,5666,3818,5234,205.5600,-0.1900
1783085629.002582,6079,5675,3809,5234,205.5600,-0.1900
1783085629.019038,6144,5657,3855,5234,206.9900,-1.0000
1783085629.034467,6154,5675,3855,5244,206.9900,-1.0000
1783085629.050282,6135,5628,3799,5263,206.9900,-1.0000
1783085629.066319,6107,5657,3771,5178,204.1800,0.5600
1783085629.082467,6173,5722,3790,5225,204.1800,0.5600
1783085629.101275,6126,5732,3790,5225,204.1800,0.5600
1783085629.119353,6173,5779,3799,5225,205.5600,-1.2500
1783085629.135993,6088,5722,3799,5216,205.5600,-1.2500
1783085629.155309,6088,5779,3799,5197,205.5600,-1.2500
1783085629.173267,6088,5750,3771,5216,208.2600,1.5000
1783085629.192328,6191,5760,3771,5216,208.2600,1.5000
1783085629.212356,6135,5750,3771,5216,208.2600,1.5000
1783085629.230636,6126,5779,3771,5216,202.8500,-1.2500
1783085629.248385,6126,5722,3715,5216,202.8500,-1.2500
1783085629.264355,6144,5750,3809,5188,202.8500,-1.2500
1783085629.282394,6163,5741,3790,5188,205.5600,0.0000
1783085629.298545,6229,5713,3762,5178,205.5600,0.0000
1783085629.314436,6173,5741,3809,5234,205.5600,0.0000
1783085629.330438,6191,5732,3771,5178,202.8500,-2.0600
1783085629.346646,6182,5694,3743,5206,202.8500,-2.0600
1783085629.361448,6191,5741,3734,5272,202.8500,-2.0600
1783085629.377399,6154,5741,3752,5197,205.5600,1.4400
1783085629.393601,6210,5750,3724,5216,205.5600,1.4400
1783085629.409516,6163,5703,3743,5197,205.5600,1.4400
1783085629.425438,6182,5769,3687,5159,205.5600,-0.5600
1783085629.441618,6201,5675,3734,5216,205.5600,-0.5600
1783085629.457402,6144,5732,3705,5150,205.5600,-0.5600
1783085629.475459,6210,5760,3705,5150,205.5600,-1.4400
1783085629.491659,6210,5797,3762,5188,205.5600,-1.4400
1783085629.507818,6210,5694,3724,5188,205.5600,-1.4400
1783085629.523668,6201,5769,3705,5197,205.5600,1.1200
1783085629.539624,6201,5779,3743,5234,205.5600,1.1200
1783085629.555769,6201,5788,3743,5197,205.5600,1.1200
1783085629.571536,6210,5750,3771,5178,208.2600,0.4400
1783085629.587552,6182,5750,3752,5159,208.2600,0.4400
1783085629.602589,6219,5750,3715,5150,208.2600,0.4400
1783085629.619149,6219,5741,3790,5150,208.2600,-1.3700
1783085629.634719,6219,5788,3762,5150,208.2600,-1.3700
1783085629.650581,6201,5797,3752,5197,208.2600,-1.3700
1783085629.666598,6191,5807,3771,5244,208.2600,1.7500
1783085629.684671,6191,5797,3724,5169,208.2600,1.7500
1783085629.700543,6266,5835,3790,5150,208.2600,1.7500
1783085629.719398,6257,5854,3743,5150,205.5600,2.2500
1783085629.734646,6266,5816,3724,5206,205.5600,2.2500
1783085629.750631,6210,5816,3743,5178,205.5600,2.2500
1783085629.766659,6238,5825,3724,5188,208.2600,0.3100
1783085629.782743,6276,5797,3734,5159,208.2600,0.3100
1783085629.798602,6238,5863,3724,5159,208.2600,0.3100
1783085629.814145,6229,5797,3734,5169,208.2600,-0.8100
1783085629.829923,6257,5835,3715,5159,208.2600,-0.8100
1783085629.845728,6238,5816,3705,5178,208.2600,-0.8100
1783085629.861948,6266,5816,3724,5178,208.2600,-0.8100
1783085629.877648,6229,5863,3743,5178,205.5600,-0.6300
1783085629.893646,6257,5835,3705,5141,205.5600,-0.6300
1783085629.910330,6294,5854,3715,5150,205.5600,-0.6300
1783085629.925709,6248,5872,3724,5216,205.5600,-1.5000
1783085629.941654,6276,5854,3724,5178,205.5600,-1.5000
1783085629.956707,6313,5844,3724,5122,205.5600,-1.5000
1783085629.973693,6313,5854,3705,5188,205.5600,0.1200
1783085629.989686,6285,5835,3705,5122,205.5600,0.1200
1783085630.006006,6294,5854,3715,5206,205.5600,0.1200
1783085630.021877,6294,5900,3705,5159,210.9700,-0.6300
1783085630.037836,6276,5835,3687,5084,210.9700,-0.6300
1783085630.054257,6266,5910,3687,5169,210.9700,-0.6300
1783085630.069458,6285,5872,3677,5103,210.9700,-0.1200
1783085630.084880,6294,5891,3696,5141,210.9700,-0.1200
1783085630.100846,6323,5854,3687,5084,210.9700,-0.1200
1783085630.116843,6304,5844,3687,5159,216.3800,-0.2500
1783085630.132867,6285,5844,3649,5188,216.3800,-0.2500
1783085630.148863,6304,5872,3687,5131,216.3800,-0.2500
1783085630.164949,6304,5872,3649,5169,216.3800,-0.2500
1783085630.180864,6285,5929,3658,5122,208.2600,-0.3700
1783085630.196890,6294,5900,3668,5112,208.2600,-0.3700
1783085630.212866,6323,5900,3658,5103,208.2600,-0.3700
1783085630.228874,6313,5910,3658,5141,213.6700,1.1900
1783085630.244925,6304,5957,3658,5131,213.6700,1.1900
1783085630.261000,6313,5854,3677,5131,213.6700,1.1900
1783085630.277199,6304,5900,3658,5075,208.2600,0.3100
1783085630.292989,6351,5966,3668,5056,208.2600,0.3100
1783085630.308991,6313,5938,3621,5075,208.2600,0.3100
1783085630.324952,6313,5919,3612,5103,213.6700,-0.5600
1783085630.342346,6323,5947,3612,5103,213.6700,-0.5600
1783085630.361967,6407,5947,3612,5084,213.6700,-0.5600
1783085630.378293,6370,5929,3630,5084,208.2600,-0.8100
1783085630.394114,6351,5882,3583,5075,208.2600,-0.8100
1783085630.410097,6351,5910,3602,5028,208.2600,-0.8100
1783085630.426258,6370,5891,3574,5084,202.8500,-1.1900
1783085630.442096,6332,5929,3602,5084,202.8500,-1.1900
1783085630.458108,6351,5976,3593,4972,202.8500,-1.1900
1783085630.474360,6360,5929,3602,5094,213.6700,-0.1200
1783085630.491087,6351,5900,3602,5037,213.6700,-0.1200
1783085630.507031,6379,5947,3555,5028,213.6700,-0.1200
1783085630.522998,6379,5891,3593,5019,210.9700,0.1900
1783085630.539180,6360,5929,3574,5037,210.9700,0.1900
1783085630.555045,6379,5872,3612,5028,210.9700,0.1900
1783085630.571304,6370,5900,3612,5028,208.2600,2.0000
1783085630.587088,6360,5957,3593,5056,208.2600,2.0000
1783085630.603049,6379,5863,3574,5084,208.2600,2.0000
1783085630.619415,6388,5891,3555,5037,208.2600,-0.1200
1783085630.635160,6398,5957,3593,5056,208.2600,-0.1200
1783085630.651118,6416,5891,3621,5056,208.2600,-0.1200
1783085630.668250,6388,5882,3555,5028,205.5600,1.2500
1783085630.683162,6370,5947,3574,5047,205.5600,1.2500
1783085630.699105,6398,5957,3574,5028,205.5600,1.2500
1783085630.715284,6454,5882,3546,5037,208.2600,2.5600
1783085630.731350,6398,5966,3583,4981,208.2600,2.5600
1783085630.746140,6407,5919,3574,5009,208.2600,2.5600
1783085630.762340,6416,5919,3574,5037,208.2600,2.5600
1783085630.778211,6388,5938,3574,4972,210.9700,1.4400
1783085630.794184,6416,5947,3583,4991,210.9700,1.4400
1783085630.810419,6407,5929,3583,5028,210.9700,1.4400
1783085630.826292,6426,5976,3574,5019,213.6700,0.0600
1783085630.844231,6426,6004,3555,4972,213.6700,0.0600
1783085630.860203,6435,5957,3537,5019,213.6700,0.0600
1783085630.876635,6407,5985,3546,5000,208.2600,-0.2500
1783085630.892225,6435,6022,3555,4953,208.2600,-0.2500
1783085630.908253,6370,5966,3527,4991,208.2600,-0.2500
1783085630.924389,6491,5957,3546,5028,210.9700,-1.7500
1783085630.940264,6435,5966,3490,5009,210.9700,-1.7500
1783085630.955361,6398,6041,3499,4991,210.9700,-1.7500
1783085630.971701,6463,5985,3461,5047,206.8300,0.8100
1783085630.987330,6463,5985,3480,5000,206.8300,0.8100
1783085631.003346,6473,6041,3527,4953,206.8300,0.8100
1783085631.019826,6454,5976,3527,5019,210.9700,-1.0000
1783085631.035365,6482,6041,3508,4991,210.9700,-1.0000
1783085631.051368,6445,6051,3480,4962,210.9700,-1.0000
1783085631.067927,6510,6022,3518,4972,210.9700,0.7500
1783085631.083682,6501,6004,3499,4944,210.9700,0.7500
1783085631.099413,6473,5985,3480,4981,210.9700,0.7500
1783085631.115372,6416,6004,3508,4972,210.9700,0.7500
1783085631.131617,6491,6032,3480,5000,210.9700,-0.3100
1783085631.147445,6416,6041,3490,5019,210.9700,-0.3100
1783085631.163418,6482,6041,3490,5009,210.9700,-0.3100
1783085631.180346,6454,6088,3499,5009,208.2600,-0.1200
1783085631.197630,6482,6060,3480,4953,208.2600,-0.1200
1783085631.212440,6482,6060,3480,4972,208.2600,-0.1200
1783085631.228382,6445,6097,3480,4962,210.9700,0.5600
1783085631.244427,6510,6097,3490,5019,210.9700,0.5600
1783085631.260408,6473,6032,3499,4972,210.9700,0.5600
1783085631.276443,6473,6097,3471,4953,215.2700,1.3100
1783085631.292459,6482,6116,3480,4962,215.2700,1.3100
1783085631.308439,6491,6088,3471,4915,215.2700,1.3100
1783085631.324464,6538,6051,3490,4925,206.8300,-1.1200
1783085631.340512,6482,6079,3471,5009,206.8300,-1.1200
1783085631.356488,6491,6097,3471,4962,206.8300,-1.1200
1783085631.372490,6501,6079,3461,4925,210.9700,0.3100
1783085631.388559,6520,6079,3424,4944,210.9700,0.3100
1783085631.404531,6501,6051,3433,4906,210.9700,0.3100
1783085631.420490,6491,6116,3443,4915,205.5600,-1.5600
1783085631.436563,6538,6088,3443,4944,205.5600,-1.5600
1783085631.452486,6473,6060,3443,4925,205.5600,-1.5600
1783085631.469047,6491,6126,3452,4897,208.2600,-0.8800
1783085631.483591,6501,6126,3443,4934,208.2600,-0.8800
1783085631.499550,6529,6116,3415,4925,208.2600,-0.8800
1783085631.515755,6520,6154,3452,4897,210.9700,-1.8800
1783085631.531591,6510,6126,3452,4878,210.9700,-1.8800
1783085631.547607,6520,6116,3461,4944,210.9700,-1.8800
1783085631.563855,6585,6135,3396,4906,210.9700,-1.8800
1783085631.579619,6566,6107,3405,4906,208.2600,-3.6300
1783085631.595760,6557,6135,3396,4925,208.2600,-3.6300
1783085631.611843,6557,6154,3433,4906,208.2600,-3.6300
1783085631.627708,6548,6182,3396,4887,202.8500,0.3100
1783085631.643708,6501,6163,3396,4878,202.8500,0.3100
1783085631.659844,6520,6107,3396,4887,202.8500,0.3100
1783085631.675704,6520,6126,3405,4859,213.6700,1.1900
1783085631.691924,6604,6219,3415,4897,213.6700,1.1900
1783085631.707964,6566,6210,3368,4887,213.6700,1.1900
1783085631.723680,6623,6154,3377,4906,208.2600,0.6300
1783085631.739796,6557,6116,3349,4944,208.2600,0.6300
1783085631.755413,6566,6107,3386,4897,208.2600,0.6300
1783085631.770954,6548,6182,3386,4878,208.2600,1.0000
1783085631.787145,6557,6126,3358,4887,208.2600,1.0000
1783085631.803289,6548,6126,3349,4915,208.2600,1.0000
1783085631.819130,6557,6116,3377,4887,208.2600,1.5000
1783085631.834774,6585,6126,3368,4925,208.2600,1.5000
1783085631.851312,6548,6126,3358,4887,208.2600,1.5000
1783085631.866809,6595,6173,3330,4915,208.2600,1.5000
1783085631.882852,6585,6154,3340,4897,213.6700,-1.5000
1783085631.899196,6604,6107,3405,4859,213.6700,-1.5000
1783085631.915006,6595,6201,3386,4878,213.6700,-1.5000
1783085631.930994,6595,6097,3358,4944,204.1800,1.1900
1783085631.947191,6595,6126,3358,4869,204.1800,1.1900
1783085631.962971,6585,6116,3330,4897,204.1800,1.1900
1783085631.978848,6604,6219,3349,4878,209.7500,-0.5000
1783085631.995031,6623,6163,3302,4906,209.7500,-0.5000
1783085632.009938,6576,6135,3330,4897,209.7500,-0.5000
1783085632.026518,6623,6182,3340,4887,210.9700,-0.0600
1783085632.044213,6623,6229,3311,4850,210.9700,-0.0600
1783085632.060259,6604,6163,3311,4887,210.9700,-0.0600
1783085632.076180,6585,6135,3330,4887,210.9700,-2.0600
1783085632.094040,6585,6173,3330,4887,210.9700,-2.0600
1783085632.110846,6595,6182,3293,4878,210.9700,-2.0600
1783085632.125941,6604,6191,3302,4840,205.5600,1.3100
1783085632.142128,6585,6154,3264,4878,205.5600,1.3100
1783085632.158361,6576,6126,3264,4812,205.5600,1.3100
1783085632.173998,6623,6229,3283,4869,210.9700,-0.6900
1783085632.189975,6642,6210,3302,4869,210.9700,-0.6900
1783085632.206141,6613,6210,3321,4822,210.9700,-0.6900
1783085632.221241,6642,6201,3274,4812,208.2600,1.1900
1783085632.237262,6632,6144,3218,4794,208.2600,1.1900
1783085632.253453,6613,6135,3227,4831,208.2600,1.1900
1783085632.269871,6632,6163,3246,4850,205.5600,-1.1900
1783085632.285044,6679,6173,3255,4822,205.5600,-1.1900
1783085632.301228,6660,6173,3227,4812,205.5600,-1.1900
1783085632.317080,6613,6107,3208,4812,205.5600,-1.1900
1783085632.333011,6623,6182,3227,4869,208.2600,0.0000
1783085632.349158,6717,6107,3218,4803,208.2600,0.0000
1783085632.365061,6679,6144,3227,4803,208.2600,0.0000
1783085632.381085,6642,6135,3246,4775,208.2600,-0.7500
1783085632.397224,6660,6210,3236,4784,208.2600,-0.7500
1783085632.414118,6660,6097,3255,4765,208.2600,-0.7500
1783085632.431174,6679,6107,3218,4784,206.8300,0.3700
1783085632.448127,6660,6135,3218,4784,206.8300,0.3700
1783085632.464144,6688,6126,3189,4803,206.8300,0.3700
1783085632.480114,6660,6107,3218,4784,206.9900,-0.8100
1783085632.496142,6651,6154,3246,4775,206.9900,-0.8100
1783085632.512237,6679,6126,3208,4784,206.9900,-0.8100
1783085632.528141,6688,6126,3227,4728,205.5600,-2.0000
1783085632.544174,6717,6144,3218,4775,205.5600,-2.0000
1783085632.560169,6670,6097,3255,4756,205.5600,-2.0000
1783085632.576181,6726,6097,3236,4784,206.8300,1.3700
1783085632.592180,6707,6144,3199,4747,206.8300,1.3700
1783085632.608194,6698,6097,3199,4728,206.8300,1.3700
1783085632.624309,6698,6097,3227,4747,212.5100,0.8100
1783085632.640195,6698,6116,3236,4747,212.5100,0.8100
1783085632.656254,6698,6154,3227,4747,212.5100,0.8100
1783085632.672128,6717,6126,3208,4700,208.2600,2.0600
1783085632.688226,6726,6116,3227,4690,208.2600,2.0600
1783085632.703424,6717,6126,3227,4709,208.2600,2.0600
1783085632.720117,6717,6126,3180,4747,201.5300,0.8100
1783085632.735257,6726,6097,3161,4737,201.5300,0.8100
1783085632.751433,6707,6051,3208,4728,201.5300,0.8100
1783085632.767217,6735,6051,3180,4765,201.5300,0.8100
1783085632.783290,6754,6135,3208,4765,209.7500,2.3800
1783085632.799483,6754,6116,3171,4737,209.7500,2.3800
1783085632.815553,6745,6107,3143,4728,209.7500,2.3800
1783085632.831399,6782,6135,3171,4728,204.1800,0.1900
1783085632.847574,6735,6163,3171,4747,204.1800,0.1900
1783085632.863513,6745,6097,3161,4700,204.1800,0.1900
1783085632.879336,6763,6126,3171,4737,209.7500,-0.8100
1783085632.896630,6773,6154,3152,4737,209.7500,-0.8100
1783085632.912322,6801,6107,3133,4690,209.7500,-0.8100
1783085632.928368,6745,6116,3124,4728,210.9700,-0.1200
1783085632.944751,6782,6097,3105,4765,210.9700,-0.1200
1783085632.960301,6801,6126,3096,4737,210.9700,-0.1200
1783085632.975400,6782,6097,3067,4709,204.1800,-0.4400
1783085632.991767,6745,6088,3058,4681,204.1800,-0.4400
1783085633.007395,6792,6126,3124,4794,204.1800,-0.4400
1783085633.023554,6810,6116,3143,4747,205.5600,1.0600
1783085633.039558,6810,6116,3124,4709,205.5600,1.0600
1783085633.055392,6745,6144,3124,4690,205.5600,1.0600
1783085633.072734,6810,6173,3096,4765,210.9700,-0.6300
1783085633.087731,6763,6154,3096,4718,210.9700,-0.6300
1783085633.103476,6810,6154,3077,4728,210.9700,-0.6300
1783085633.120414,6801,6144,3096,4728,210.9700,0.2500
1783085633.136105,6810,6126,3114,4718,210.9700,0.2500
1783085633.151488,6754,6135,3086,4728,210.9700,0.2500
1783085633.167553,6745,6135,3077,4747,210.9700,-1.4400
1783085633.183823,6782,6210,3077,4690,210.9700,-1.4400
1783085633.199390,6829,6191,3124,4709,210.9700,-1.4400
1783085633.215231,6848,6135,3105,4700,210.9700,-1.4400
1783085633.231860,6820,6126,3086,4700,215.2700,2.6900
1783085633.247385,6848,6173,3105,4700,215.2700,2.6900
1783085633.263064,6839,6210,3067,4718,215.2700,2.6900
1783085633.278997,6829,6201,3105,4737,206.8300,-0.6900
1783085633.294549,6773,6163,3086,4728,206.8300,-0.6900
1783085633.310826,6801,6219,3067,4653,206.8300,-0.6900
1783085633.326563,6848,6210,3114,4672,215.2700,0.9400
1783085633.342946,6857,6238,3096,4709,215.2700,0.9400
1783085633.358892,6810,6201,3067,4690,215.2700,0.9400
1783085633.374628,6820,6229,3077,4681,206.8300,-1.2500
1783085633.391240,6829,6266,3077,4653,206.8300,-1.2500
1783085633.406404,6820,6248,3049,4728,206.8300,-1.2500
1783085633.422119,6820,6304,3086,4653,212.5100,-0.5000
1783085633.438519,6857,6304,3039,4672,212.5100,-0.5000
1783085633.454785,6829,6285,3077,4625,212.5100,-0.5000
1783085633.471541,6839,6294,3030,4653,204.1800,0.2500
1783085633.486291,6857,6285,3049,4662,204.1800,0.2500
1783085633.502912,6829,6323,3021,4662,204.1800,0.2500
1783085633.518091,6810,6313,3030,4615,204.1800,0.2500
1783085633.534804,6867,6463,3077,4634,212.5100,-0.5000
1783085633.550119,6820,6370,3011,4625,212.5100,-0.5000
1783085633.565527,6895,6370,3058,4653,212.5100,-0.5000
1783085633.581568,6839,6341,3105,4681,208.2600,2.2500
1783085633.597871,6801,6351,3058,4653,208.2600,2.2500
1783085633.613635,6857,6332,3049,4643,208.2600,2.2500
1783085633.629560,6857,6341,3049,4634,204.1800,-0.7500
1783085633.646411,6867,6323,3077,4634,204.1800,-0.7500
1783085633.661957,6829,6341,2992,4625,204.1800,-0.7500
1783085633.677917,6895,6360,3002,4634,215.2700,1.9400
1783085633.694355,6857,6341,2974,4615,215.2700,1.9400
1783085633.709617,6848,6360,2955,4634,215.2700,1.9400
1783085633.726772,6848,6360,3021,4643,204.1800,-1.0000
1783085633.743527,6923,6360,3030,4634,204.1800,-1.0000
1783085633.759746,6885,6388,3039,4672,204.1800,-1.0000
1783085633.774547,6914,6341,3039,4662,212.5100,3.3100
1783085633.790693,6867,6416,3049,4672,212.5100,3.3100
1783085633.806731,6904,6426,2983,4653,212.5100,3.3100
1783085633.822644,6895,6370,3049,4578,208.2600,-0.1200
1783085633.839106,6960,6370,3030,4625,208.2600,-0.1200
1783085633.854722,6876,6426,3002,4634,208.2600,-0.1200
1783085633.871714,6867,6407,3058,4634,213.6700,-1.0000
1783085633.887732,6942,6482,3058,4587,213.6700,-1.0000
1783085633.903504,6895,6398,2964,4625,213.6700,-1.0000
1783085633.918804,6923,6613,3030,4606,204.1800,-0.1200
1783085633.934814,6914,6407,2992,4559,204.1800,-0.1200
1783085633.950625,6857,6398,2917,4597,204.1800,-0.1200
1783085633.966753,6876,6398,2974,4587,204.1800,-0.1200
1783085633.982869,6876,6454,2974,4559,213.6700,-2.0000
1783085633.998681,6932,6566,2974,4587,213.6700,-2.0000
1783085634.014501,6970,6548,2917,4578,213.6700,-2.0000
1783085634.030795,6960,6510,2992,4522,205.5600,2.0600
1783085634.046010,6989,6566,2974,4587,205.5600,2.0600
1783085634.062345,6923,6595,2927,4587,205.5600,2.0600
1783085634.078318,6932,6482,2983,4643,213.6700,-2.6300
1783085634.093982,6960,6754,2974,4587,213.6700,-2.6300
1783085634.110219,6970,6623,2936,4522,213.6700,-2.6300
1783085634.126733,7017,6979,2946,4578,215.2700,1.6300
1783085634.142094,6942,6698,2908,4522,215.2700,1.6300
1783085634.158036,6951,6613,2946,4578,215.2700,1.6300
1783085634.174106,6979,6810,2917,4550,210.9700,-2.8100
1783085634.189815,6960,6857,2946,4503,210.9700,-2.8100
1783085634.205544,6923,6820,2917,4475,210.9700,-2.8100
1783085634.221735,6960,6876,2927,4531,212.1300,2.3100
1783085634.237609,6979,6839,2889,4531,212.1300,2.3100
1783085634.253686,6970,6876,2870,4578,212.1300,2.3100
1783085634.270939,6960,6810,2899,4493,205.5600,-0.8800
1783085634.285613,7026,6895,2899,4540,205.5600,-0.8800
1783085634.302021,7017,6914,2899,4540,205.5600,-0.8800
1783085634.318337,7026,6951,2870,4522,212.5100,2.0000
1783085634.332792,7026,6895,2946,4522,212.5100,2.0000
1783085634.349106,7017,6876,2861,4522,212.5100,2.0000
1783085634.365180,6979,6829,2824,4512,210.9700,-2.1300
1783085634.380838,6979,6876,2880,4540,210.9700,-2.1300
1783085634.397682,6970,6904,2917,4531,210.9700,-2.1300
1783085634.413220,7026,6923,2861,4550,210.9700,-2.1300
1783085634.428622,7017,6839,2842,4522,201.5300,-0.6900
1783085634.444886,6998,6989,2870,4484,201.5300,-0.6900
1783085634.460697,7054,6951,2880,4540,201.5300,-0.6900
1783085634.476627,7026,7026,2880,4493,210.9700,-2.0000
1783085634.493040,7045,6942,2842,4512,210.9700,-2.0000
1783085634.509392,7036,6895,2880,4512,210.9700,-2.0000
1783085634.525105,7017,6904,2852,4484,208.2600,-0.2500
1783085634.541318,7045,6876,2861,4531,208.2600,-0.2500
1783085634.557513,7064,6904,2870,4503,208.2600,-0.2500
1783085634.572986,7045,6942,2861,4512,208.2600,0.2500
1783085634.589144,7054,6904,2842,4522,208.2600,0.2500
1783085634.605259,7026,6876,2861,4493,208.2600,0.2500
1783085634.621284,7017,6801,2861,4465,210.9700,1.8100
1783085634.636328,7026,6904,2852,4465,210.9700,1.8100
1783085634.652156,7054,6876,2861,4428,210.9700,1.8100
1783085634.668128,7045,6839,2861,4456,208.2600,-1.0600
1783085634.684421,7082,6998,2824,4437,208.2600,-1.0600
1783085634.700385,7045,6970,2842,4484,208.2600,-1.0600
1783085634.716069,7054,6829,2861,4456,208.2600,-1.0600
1783085634.732351,7045,6923,2861,4493,210.9700,1.0600
1783085634.748424,7064,6951,2880,4428,210.9700,1.0600
1783085634.764530,7082,6914,2805,4446,210.9700,1.0600
1783085634.780694,7054,6857,2861,4446,205.5600,2.5600
1783085634.796299,7092,6970,2842,4446,205.5600,2.5600
1783085634.812033,7082,6942,2814,4493,205.5600,2.5600
1783085634.828129,7064,6970,2833,4465,208.2600,0.1200
1783085634.844257,7092,6914,2880,4428,208.2600,0.1200
1783085634.860049,7054,6932,2795,4437,208.2600,0.1200
1783085634.876213,7101,6942,2852,4456,210.9700,1.0600
1783085634.890825,7082,6970,2805,4475,210.9700,1.0600
1783085634.907416,7082,6998,2852,4456,210.9700,1.0600
1783085634.923273,7092,6942,2805,4437,208.2600,-0.5000
1783085634.939132,7120,7026,2842,4446,208.2600,-0.5000
1783085634.955185,7120,6942,2795,4446,208.2600,-0.5000
1783085634.972414,7082,6895,2805,4456,208.2600,-2.1900
1783085634.987113,7092,6951,2786,4446,208.2600,-2.1900
1783085635.004836,7092,6951,2786,4418,208.2600,-2.1900
1783085635.022304,7111,6951,2824,4428,210.9700,-0.3700
1783085635.037155,7111,6970,2777,4446,210.9700,-0.3700
1783085635.052888,7120,6979,2730,4409,210.9700,-0.3700
1783085635.070591,7111,6895,2777,4409,208.2600,-1.0000
1783085635.085080,7148,6904,2758,4437,208.2600,-1.0000
1783085635.101062,7111,6923,2711,4446,208.2600,-1.0000
1783085635.117187,7129,6960,2749,4428,210.9700,1.0600
1783085635.132234,7129,6904,2730,4390,210.9700,1.0600
1783085635.148759,7148,6942,2739,4446,210.9700,1.0600
1783085635.165548,7148,6914,2749,4409,210.9700,1.0600
1783085635.180454,7129,6867,2711,4456,210.9700,-0.9400
1783085635.196281,7148,6904,2786,4437,210.9700,-0.9400
1783085635.212286,7111,6942,2720,4428,210.9700,-0.9400
1783085635.228088,7148,6970,2730,4381,215.2700,0.9400
1783085635.244202,7167,6970,2767,4409,215.2700,0.9400
1783085635.260241,7139,6951,2749,4428,215.2700,0.9400
1783085635.275925,7148,6914,2767,4409,209.4800,0.3100
1783085635.292008,7167,6914,2758,4418,209.4800,0.3100
1783085635.310811,7148,6895,2749,4418,209.4800,0.3100
1783085635.327238,7148,7026,2730,4390,216.3800,1.0600
1783085635.344658,7195,6989,2674,4390,216.3800,1.0600
1783085635.359190,7176,7007,2758,4437,216.3800,1.0600
1783085635.375327,7176,6904,2730,4371,216.3800,-0.1900
1783085635.391657,7176,6932,2758,4400,216.3800,-0.1900
1783085635.407281,7186,6904,2655,4409,216.3800,-0.1900
1783085635.423279,7148,6979,2683,4343,206.8300,-0.4400
1783085635.439543,7195,6923,2692,4381,206.8300,-0.4400
1783085635.455290,7186,6923,2795,4418,206.8300,-0.4400
1783085635.472481,7157,6942,2720,4362,215.2700,1.6300
1783085635.489510,7186,6979,2720,4362,215.2700,1.6300
1783085635.506778,7186,6932,2683,4390,215.2700,1.6300
1783085635.523226,7214,6970,2730,4371,210.9700,-0.7500
1783085635.539316,7204,6914,2720,4418,210.9700,-0.7500
1783085635.555315,7204,6960,2711,4409,210.9700,-0.7500
1783085635.572544,7204,6998,2645,4390,209.4800,2.7500
1783085635.588559,7176,6970,2655,4362,209.4800,2.7500
1783085635.604411,7195,6960,2692,4390,209.4800,2.7500
1783085635.622511,7195,6942,2645,4381,212.5100,0.8800
1783085635.640424,7195,6942,2664,4381,212.5100,0.8800
1783085635.656873,7233,7017,2674,4325,212.5100,0.8800
1783085635.674068,7233,7017,2664,4325,210.9700,0.7500
1783085635.690606,7242,6979,2598,4325,210.9700,0.7500
1783085635.707581,7242,6960,2655,4306,210.9700,0.7500
1783085635.723598,7242,7017,2645,4353,208.2600,-0.3700
1783085635.739475,7233,6960,2655,4325,208.2600,-0.3700
1783085635.755174,7214,6960,2608,4296,208.2600,-0.3700
1783085635.772349,7214,7017,2711,4362,210.9700,3.1900
1783085635.787452,7242,6942,2645,4334,210.9700,3.1900
1783085635.803277,7251,6979,2636,4343,210.9700,3.1900
1783085635.819551,7261,6960,2617,4362,208.2600,0.2500
1783085635.835380,7261,7026,2655,4362,208.2600,0.2500
1783085635.851152,7279,6979,2608,4306,208.2600,0.2500
1783085635.867229,7270,6970,2598,4296,210.9700,0.4400
1783085635.884432,7270,7017,2561,4371,210.9700,0.4400
1783085635.901497,7298,6989,2589,4371,210.9700,0.4400
1783085635.917365,7279,6989,2598,4287,210.9700,0.4400
1783085635.932665,7242,6989,2580,4315,205.5600,-0.7500
1783085635.949734,7279,6942,2514,4353,205.5600,-0.7500
1783085635.964563,7289,6998,2580,4296,205.5600,-0.7500
1783085635.980950,7261,7007,2570,4362,206.8300,-1.1200
1783085635.997441,7279,6998,2617,4315,206.8300,-1.1200
1783085636.012946,7251,6970,2570,4296,206.8300,-1.1200
1783085636.028958,7308,7045,2674,4325,205.5600,-0.1900
1783085636.045086,7289,7045,2523,4315,205.5600,-0.1900
1783085636.060671,7242,6970,2533,4259,205.5600,-0.1900
1783085636.076842,7298,7017,2627,4315,210.9700,-1.3100
1783085636.092732,7298,7007,2580,4268,210.9700,-1.3100
1783085636.108437,7279,7045,2598,4268,210.9700,-1.3100
1783085636.124841,7289,7036,2617,4278,209.7500,1.0600
1783085636.140477,7317,7017,2552,4306,209.7500,1.0600
1783085636.156483,7279,6979,2570,4240,209.7500,1.0600
1783085636.173537,7279,7054,2598,4278,208.2600,-0.0600
1783085636.189781,7308,6989,2533,4306,208.2600,-0.0600
1783085636.207969,7308,7064,2542,4268,208.2600,-0.0600
1783085636.223504,7354,6998,2580,4259,206.8300,-0.0600
1783085636.239970,7326,7111,2552,4240,206.8300,-0.0600
1783085636.256154,7326,7017,2514,4240,206.8300,-0.0600
1783085636.273094,7317,7054,2552,4268,209.7500,-0.9400
1783085636.287622,7317,7045,2552,4240,209.7500,-0.9400
1783085636.304763,7336,7045,2561,4249,209.7500,-0.9400
1783085636.320352,7336,7036,2561,4240,204.1800,0.5600
1783085636.335412,7364,7073,2542,4268,204.1800,0.5600
1783085636.351793,7345,7111,2514,4249,204.1800,0.5600
1783085636.367565,7354,7054,2580,4259,204.1800,0.5600
1783085636.383596,7373,7045,2523,4278,212.5100,-0.5600
1783085636.399763,7317,7082,2533,4259,212.5100,-0.5600
1783085636.415748,7364,7092,2477,4315,212.5100,-0.5600
1783085636.431422,7354,7111,2495,4268,210.9700,1.1900
1783085636.447500,7345,7064,2514,4249,210.9700,1.1900
1783085636.465313,7345,7101,2552,4203,201.5300,-2.6300
1783085636.480707,7373,7073,2495,4296,201.5300,-2.6300
1783085636.497170,7411,7092,2514,4221,201.5300,-2.6300
1783085636.512862,7392,7073,2467,4231,201.5300,-2.6300
1783085636.528621,7411,7082,2552,4240,208.2600,0.3700
1783085636.544946,7392,7054,2495,4184,208.2600,0.3700
1783085636.560697,7383,7101,2514,4231,208.2600,0.3700
1783085636.576658,7392,7129,2439,4221,212.5100,-1.9400
1783085636.593001,7401,7167,2458,4203,212.5100,-1.9400
1783085636.610483,7392,7092,2467,4203,212.5100,-1.9400
1783085636.627112,7364,7120,2477,4240,206.8300,3.7500
1783085636.642735,7430,7120,2467,4174,206.8300,3.7500
1783085636.657945,7345,7148,2495,4296,206.8300,3.7500
1783085636.673716,7364,7111,2430,4231,209.7500,0.0000
1783085636.689733,7373,7073,2458,4221,209.7500,0.0000
1783085636.705976,7373,7120,2439,4231,209.7500,0.0000
1783085636.722341,7467,7111,2439,4212,206.8300,0.8100
1783085636.737527,7448,7111,2467,4249,206.8300,0.8100
1783085636.755659,7505,7120,2420,4249,206.8300,0.8100
1783085636.772586,7439,7139,2448,4212,205.5600,1.1900
1783085636.787462,7401,7111,2439,4203,205.5600,1.1900
1783085636.803496,7467,7176,2430,4221,205.5600,1.1900
1783085636.820958,7448,7139,2448,4212,212.5100,2.0000
1783085636.835731,7458,7167,2448,4221,212.5100,2.0000
1783085636.851750,7439,7195,2477,4203,212.5100,2.0000
1783085636.868409,7401,7195,2448,4193,204.1800,0.0600
1783085636.883795,7467,7204,2401,4268,204.1800,0.0600
1783085636.899873,7420,7204,2430,4193,204.1800,0.0600
1783085636.916001,7439,7176,2458,4193,212.5100,-0.3100
1783085636.931287,7448,7195,2439,4193,212.5100,-0.3100
1783085636.947490,7448,7223,2439,4193,212.5100,-0.3100
1783085636.963525,7495,7204,2411,4203,212.5100,-0.3100
1783085636.979053,7467,7176,2420,4193,210.9700,-0.0600
1783085636.995293,7486,7167,2401,4174,210.9700,-0.0600
1783085637.011366,7448,7186,2448,4137,210.9700,-0.0600
1783085637.026756,7430,7261,2411,4165,201.5300,-0.2500
1783085637.043054,7476,7223,2392,4174,201.5300,-0.2500
1783085637.059080,7495,7261,2401,4203,201.5300,-0.2500
1783085637.074781,7448,7204,2392,4165,215.2700,-1.9400
1783085637.090996,7476,7251,2383,4212,215.2700,-1.9400
1783085637.107874,7476,7204,2355,4156,215.2700,-1.9400
1783085637.124636,7476,7195,2430,4174,204.1800,-1.0000
1783085637.140587,7439,7261,2401,4146,204.1800,-1.0000
1783085637.155927,7505,7195,2392,4165,204.1800,-1.0000
1783085637.172480,7514,7233,2373,4184,208.2600,0.6900
1783085637.187606,7486,7261,2373,4156,208.2600,0.6900
1783085637.203842,7476,7261,2345,4165,208.2600,0.6900
1783085637.222286,7467,7223,2373,4184,205.5600,-1.6300
1783085637.236119,7533,7261,2383,4174,205.5600,-1.6300
1783085637.253016,7476,7242,2364,4174,205.5600,-1.6300
1783085637.267663,7505,7214,2392,4165,205.5600,-1.6300
1783085637.284089,7523,7214,2364,4184,212.5100,0.0600
1783085637.300271,7523,7289,2430,4156,212.5100,0.0600
1783085637.318963,7523,7251,2364,4156,206.8300,-3.0600
1783085637.335997,7551,7251,2355,4156,206.8300,-3.0600
1783085637.351733,7523,7298,2383,4174,206.8300,-3.0600
1783085637.366857,7505,7261,2336,4174,208.2600,0.3100
1783085637.383020,7561,7279,2355,4174,208.2600,0.3100
1783085637.398765,7505,7261,2326,4146,208.2600,0.3100
1783085637.415662,7542,7251,2326,4212,208.2600,0.3100
1783085637.431735,7533,7223,2317,4146,213.6700,-3.1900
1783085637.446982,7505,7279,2345,4165,213.6700,-3.1900
1783085637.463141,7533,7298,2270,4184,213.6700,-3.1900
1783085637.479304,7551,7289,2317,4146,205.5600,-2.1900
1783085637.494995,7551,7270,2317,4165,205.5600,-2.1900
1783085637.511183,7589,7308,2336,4165,205.5600,-2.1900
1783085637.527478,7570,7233,2298,4137,210.9700,-0.2500
1783085637.543016,7561,7298,2317,4137,210.9700,-0.2500
1783085637.559337,7561,7261,2326,4165,210.9700,-0.2500
1783085637.575180,7551,7308,2317,4128,204.1800,-1.1900
1783085637.591025,7551,7223,2364,4109,204.1800,-1.1900
1783085637.607129,7580,7242,2336,4165,204.1800,-1.1900
1783085637.623198,7627,7308,2326,4118,215.2700,1.1200
1783085637.639334,7551,7270,2326,4099,215.2700,1.1200
1783085637.654296,7533,7289,2336,4118,215.2700,1.1200
1783085637.670420,7617,7270,2336,4118,215.2700,1.1200
1783085637.685964,7598,7354,2308,4128,205.5600,0.0000
1783085637.702305,7598,7326,2308,4099,205.5600,0.0000
1783085637.718074,7561,7298,2317,4015,205.5600,0.0000
1783085637.734574,7636,7298,2308,4165,208.2600,2.2500
1783085637.750370,7645,7298,2326,4137,208.2600,2.2500
1783085637.766028,7608,7326,2308,4099,208.2600,2.2500
1783085637.782460,7617,7289,2308,4137,201.5300,1.0600
1783085637.798473,7617,7354,2298,4099,201.5300,1.0600
1783085637.814507,7636,7279,2270,4034,201.5300,1.0600
1783085637.831180,7570,7308,2298,4034,212.5100,2.8800
1783085637.848387,7608,7326,2280,4071,212.5100,2.8800
1783085637.864605,7636,7317,2289,4128,212.5100,2.8800
1783085637.879132,7608,7354,2270,4071,204.1800,1.4400
1783085637.895137,7636,7364,2251,4099,204.1800,1.4400
1783085637.911128,7598,7336,2298,4081,204.1800,1.4400
1783085637.926124,7608,7354,2242,4071,218.0300,-2.7500
1783085637.942409,7655,7373,2251,4099,218.0300,-2.7500
1783085637.958207,7636,7298,2298,4081,218.0300,-2.7500
1783085637.974094,7655,7317,2214,4062,201.5300,2.3800
1783085637.990290,7627,7336,2242,4052,201.5300,2.3800
1783085638.006225,7664,7364,2261,4034,201.5300,2.3800
1783085638.022065,7645,7420,2242,4052,209.7500,-2.0000
1783085638.038926,7664,7420,2251,4043,209.7500,-2.0000
1783085638.054237,7617,7411,2242,4071,209.7500,-2.0000
1783085638.070819,7636,7345,2233,4034,205.5600,0.0000
1783085638.086238,7664,7392,2176,4099,205.5600,0.0000
1783085638.102216,7664,7383,2186,4071,205.5600,0.0000
1783085638.118275,7683,7392,2233,4034,208.2600,-1.6900
1783085638.135628,7655,7411,2233,4034,208.2600,-1.6900
1783085638.151978,7683,7458,2233,4071,208.2600,-1.6900
1783085638.167222,7702,7392,2270,4062,208.2600,-1.6900
1783085638.183219,7702,7430,2251,4071,210.9700,1.6300
1783085638.201257,7702,7383,2204,4071,210.9700,1.6300
1783085638.219265,7683,7364,2195,4071,205.5600,-1.1200
1783085638.235443,7664,7392,2270,4090,205.5600,-1.1200
1783085638.252542,7664,7411,2186,4024,205.5600,-1.1200
1783085638.269245,7730,7448,2233,4052,210.9700,-0.1900
1783085638.286322,7730,7392,2261,4034,210.9700,-0.1900
1783085638.302430,7730,7383,2270,4081,210.9700,-0.1900
1783085638.318336,7664,7486,2233,4062,210.9700,-0.1900
1783085638.334343,7664,7430,2242,4090,208.2600,0.9400
1783085638.352312,7664,7392,2345,4024,208.2600,0.9400
1783085638.368311,7702,7420,2223,4015,204.1800,-1.6300
1783085638.387298,7702,7458,2195,4015,204.1800,-1.6300
1783085638.404349,7720,7467,2242,4052,204.1800,-1.6300
1783085638.421220,7748,7439,2251,4052,208.2600,1.0000
1783085638.437318,7748,7495,2242,4006,208.2600,1.0000
1783085638.455369,7711,7430,2223,4006,208.2600,1.0000
1783085638.471647,7702,7476,2167,4024,209.7500,-2.2500
1783085638.487503,7673,7495,2176,4024,209.7500,-2.2500
1783085638.503345,7720,7430,2223,4052,209.7500,-2.2500
1783085638.521013,7720,7458,2233,4052,208.2600,-1.1900
1783085638.536366,7758,7486,2214,4062,208.2600,-1.1900
1783085638.554483,7758,7476,2214,4006,208.2600,-1.1900
1783085638.571356,7730,7420,2195,4006,201.5300,-0.2500
1783085638.589733,7730,7467,2204,4006,201.5300,-0.2500
1783085638.609488,7730,7523,2148,4006,201.5300,-0.2500
1783085638.628728,7730,7533,2223,4006,210.9700,0.6900
1783085638.648455,7730,7495,2186,4006,210.9700,0.6900
1783085638.666731,7730,7542,2158,4034,210.9700,0.6900
1783085638.682691,7805,7533,2148,4024,208.2600,0.9400
1783085638.698712,7767,7542,2158,4006,208.2600,0.9400
1783085638.714705,7767,7486,2167,4015,208.2600,0.9400
1783085638.730488,7777,7523,2139,3996,209.7500,0.1900
1783085638.746480,7767,7505,2139,4006,209.7500,0.1900
1783085638.764557,7767,7542,2139,4006,209.7500,0.1900
1783085638.780609,7777,7551,2167,3968,208.2600,0.5600
1783085638.797421,7777,7542,2204,4052,208.2600,0.5600
1783085638.814513,7805,7533,2139,4034,208.2600,0.5600
1783085638.829553,7777,7589,2158,3987,205.5600,2.4400
1783085638.845447,7805,7561,2064,4006,205.5600,2.4400
1783085638.861588,7805,7523,2158,4062,205.5600,2.4400
1783085638.877672,7795,7580,2129,4015,201.5300,2.0000
1783085638.893796,7795,7486,2111,4015,201.5300,2.0000
1783085638.913981,7795,7561,2111,4015,201.5300,2.0000
1783085638.929469,7805,7570,2120,4006,208.2600,-1.7500
1783085638.945463,7824,7542,2036,4024,208.2600,-1.7500
1783085638.961758,7795,7542,2083,4015,208.2600,-1.7500
1783085638.977619,7814,7598,2073,3959,202.8500,1.5000
1783085638.993611,7842,7514,2111,3977,202.8500,1.5000
1783085639.009749,7824,7551,2139,4015,202.8500,1.5000
1783085639.025616,7824,7627,2111,4015,200.1500,-2.1900
1783085639.042844,7824,7570,2092,4006,200.1500,-2.1900
1783085639.058954,7842,7580,2083,3959,200.1500,-2.1900
1783085639.074939,7880,7636,2158,3996,200.1500,-0.3100
1783085639.090543,7795,7589,2073,4006,200.1500,-0.3100
1783085639.106573,7805,7551,2083,4052,200.1500,-0.3100
1783085639.124756,7805,7617,2073,3987,197.4400,-0.6900
1783085639.140910,7852,7580,2083,4024,197.4400,-0.6900
1783085639.156778,7870,7617,2083,4006,197.4400,-0.6900
1783085639.172731,7833,7627,2045,3977,202.8500,-0.6300
1783085639.189895,7833,7580,2129,3977,202.8500,-0.6300
1783085639.205671,7842,7589,2073,3977,202.8500,-0.6300
1783085639.221813,7899,7580,2073,3968,197.4400,-0.3100
1783085639.237918,7870,7627,2007,3968,197.4400,-0.3100
1783085639.252622,7908,7627,2054,3968,197.4400,-0.3100
1783085639.269121,7814,7598,2007,3968,200.1500,0.6300
1783085639.285126,7880,7617,2073,3996,200.1500,0.6300
1783085639.300911,7889,7598,2054,3987,200.1500,0.6300
1783085639.316611,7870,7617,2073,3977,200.1500,0.6300
1783085639.333066,7852,7617,2045,3987,197.4400,-0.8800
1783085639.348919,7870,7655,2036,3949,197.4400,-0.8800
1783085639.364960,7899,7645,2007,3968,197.4400,-0.8800
1783085639.380977,7889,7627,2045,4006,200.1500,2.4400
1783085639.396693,7852,7664,2007,3968,200.1500,2.4400
1783085639.412782,7945,7702,1989,3987,200.1500,2.4400
1783085639.428917,7870,7673,2017,3987,200.1500,-1.4400
1783085639.444818,7917,7664,2007,4006,200.1500,-1.4400
1783085639.460793,7955,7645,1989,3959,200.1500,-1.4400
1783085639.476976,7852,7655,2007,4006,197.4400,2.5000
1783085639.492822,7936,7645,1998,3987,197.4400,2.5000
1783085639.508841,7889,7683,2026,3996,197.4400,2.5000
1783085639.524641,7936,7636,2007,4015,194.7400,-0.8800
1783085639.539728,7908,7655,2054,3959,194.7400,-0.8800
1783085639.555890,7861,7627,2036,4015,194.7400,-0.8800
1783085639.571926,7927,7673,2045,4006,194.7400,1.3100
1783085639.587709,7908,7664,1998,3977,194.7400,1.3100
1783085639.603877,7899,7655,2036,3968,194.7400,1.3100
1783085639.619696,7945,7673,1998,3996,194.7400,1.3100
1783085639.635764,7964,7702,1961,4034,194.7400,-1.3100
1783085639.651881,7955,7645,1970,4034,194.7400,-1.3100
1783085639.667764,7927,7702,2054,3968,194.7400,-1.3100
1783085639.683754,7927,7702,1961,3977,194.7400,1.7500
1783085639.699883,7908,7702,2007,4034,194.7400,1.7500
1783085639.714803,7983,7702,2017,3959,194.7400,1.7500
1783085639.731765,7945,7692,1979,4006,194.7400,-0.8100
1783085639.748123,7945,7673,2017,4024,194.7400,-0.8100
1783085639.763783,7945,7664,2007,3996,194.7400,-0.8100
1783085639.779946,7936,7720,2017,3940,189.3300,1.3100
1783085639.796241,7983,7720,2036,4006,189.3300,1.3100
1783085639.810946,7945,7673,2026,3996,189.3300,1.3100
1783085639.827009,7992,7673,2017,3968,194.7400,-0.1900
1783085639.843067,7974,7711,2054,3977,194.7400,-0.1900
1783085639.858888,8002,7683,2007,3959,194.7400,-0.1900
1783085639.874859,7955,7702,2026,3921,189.3300,2.6900
1783085639.891175,7992,7702,1979,3921,189.3300,2.6900
1783085639.906971,7983,7730,2064,3921,189.3300,2.6900
1783085639.922819,7992,7730,1961,3968,189.3300,-0.6900
1783085639.939186,7974,7730,2017,3921,189.3300,-0.6900
1783085639.954919,8002,7711,1970,3940,189.3300,-0.6900
1783085639.971481,7955,7711,2017,3987,192.0300,1.5000
1783085639.987196,8011,7767,1970,3977,192.0300,1.5000
1783085640.002951,7964,7786,1961,3893,192.0300,1.5000
1783085640.018966,7992,7692,1951,3921,192.0300,-1.5600
1783085640.035724,7983,7767,1951,3884,192.0300,-1.5600
1783085640.051020,7955,7748,1932,3959,192.0300,-1.5600
1783085640.067094,7983,7730,1979,3902,192.0300,-1.5600
1783085640.082054,7974,7767,1923,3855,186.6200,0.8100
1783085640.098014,8039,7795,1951,3921,186.6200,0.8100
1783085640.114032,8039,7739,1932,3940,186.6200,0.8100
1783085640.130021,7992,7739,1914,3959,182.9600,-0.8800
1783085640.145970,7955,7777,1932,3968,182.9600,-0.8800
1783085640.162462,8021,7739,1932,3977,182.9600,-0.8800
1783085640.178363,8058,7748,1876,3949,183.9200,1.2500
1783085640.194328,7983,7730,1932,3912,183.9200,1.2500
1783085640.210030,7983,7748,1932,3959,183.9200,1.2500
1783085640.225969,8030,7767,1904,4006,193.1900,0.1200
1783085640.242282,8058,7730,1876,3968,193.1900,0.1200
1783085640.258140,8039,7795,1923,3865,193.1900,0.1200
1783085640.275214,8030,7767,1923,3865,183.9200,0.5000
1783085640.293501,7964,7748,2045,3865,183.9200,0.5000
1783085640.309120,8030,7767,1979,3874,183.9200,0.5000
1783085640.325083,8039,7739,1886,3902,183.9200,-0.0600
1783085640.341253,8067,7814,1867,3874,183.9200,-0.0600
1783085640.357052,8011,7805,1857,3921,183.9200,-0.0600
1783085640.373026,8039,7805,1886,3902,181.2100,0.5600
1783085640.389367,8021,7786,1895,3846,181.2100,0.5600
1783085640.405146,8058,7786,1810,3846,181.2100,0.5600
1783085640.421948,8030,7767,1829,3855,181.2100,-0.4400
1783085640.437434,8039,7786,1876,3884,181.2100,-0.4400
1783085640.453212,8067,7786,1839,3865,181.2100,-0.4400
1783085640.469242,8058,7777,1820,3874,181.2100,0.3700
1783085640.485488,8067,7795,1829,3846,181.2100,0.3700
1783085640.501299,8105,7814,1839,3855,181.2100,0.3700
1783085640.517193,8067,7805,1839,3827,181.2100,0.3700
1783085640.533339,8105,7814,1829,3874,180.3100,-1.8100
1783085640.549222,8077,7824,1867,3893,180.3100,-1.8100
1783085640.565298,8086,7842,1839,3902,180.3100,-1.8100
1783085640.580216,8133,7852,1857,3902,181.2100,-0.1200
1783085640.596209,8077,7805,1886,3893,181.2100,-0.1200
1783085640.612212,8067,7861,1886,3902,181.2100,-0.1200
1783085640.628228,8124,7852,1867,3893,179.3900,-1.8100
1783085640.644212,8049,7824,1867,3912,179.3900,-1.8100
1783085640.660235,8096,7833,1820,3893,179.3900,-1.8100
1783085640.676192,8124,7833,1829,3949,169.7100,-0.6300
1783085640.692222,8105,7852,1801,3893,169.7100,-0.6300
1783085640.708266,8124,7852,1810,3921,169.7100,-0.6300
1783085640.724138,8114,7880,1829,3912,178.5100,-0.8800
1783085640.740232,8114,7889,1792,3912,178.5100,-0.8800
1783085640.756271,8124,7870,1801,3921,178.5100,-0.8800
1783085640.772507,8086,7852,1810,3865,176.6300,-1.3700
1783085640.788256,8133,7927,1820,3865,176.6300,-1.3700
1783085640.804744,8152,7842,1810,3893,176.6300,-1.3700
1783085640.820252,8133,7880,1820,3874,176.6300,-1.3700
1783085640.836245,8171,7880,1810,3893,178.5100,0.7500
1783085640.852225,8114,7870,1792,3893,178.5100,0.7500
1783085640.867318,8152,7889,1810,3855,178.5100,0.7500
1783085640.883348,8161,7899,1801,3846,175.0100,0.0600
1783085640.901602,8161,7861,1857,3837,175.0100,0.0600
1783085640.919702,8161,7927,1914,3855,173.1000,1.2500
1783085640.935877,8171,7880,1792,3902,173.1000,1.2500
1783085640.951540,8114,7870,1764,3837,173.1000,1.2500
1783085640.967398,8171,7880,1773,3949,173.1000,1.2500
1783085640.983808,8152,7908,1792,3893,175.8000,-0.5600
1783085640.999391,8171,7917,1792,3884,175.8000,-0.5600
1783085641.015535,8161,7889,1782,3949,175.8000,-0.5600
1783085641.031554,8171,7917,1764,3884,173.1000,1.6300
1783085641.047417,8180,7917,1782,3902,173.1000,1.6300
1783085641.063410,8189,7889,1764,3921,173.1000,1.6300
1783085641.078454,8180,7936,1764,3865,176.6300,-0.3700
1783085641.095008,8152,7899,1764,3977,176.6300,-0.3700
1783085641.110966,8189,7927,1810,3912,176.6300,-0.3700
1783085641.126316,8189,7880,1764,3874,169.7100,2.7500
1783085641.142351,8199,7917,1764,3921,169.7100,2.7500
1783085641.158675,8152,7908,1810,3884,169.7100,2.7500
1783085641.174354,8199,7917,1792,3884,175.8000,-3.4400
1783085641.190405,8208,7917,1773,3902,175.8000,-3.4400
1783085641.206420,8142,7936,1764,3827,175.8000,-3.4400
1783085641.222665,8189,7955,1745,3846,173.1000,2.4400
1783085641.238468,8171,7927,1735,3902,173.1000,2.4400
1783085641.254449,8189,7992,1792,3818,173.1000,2.4400
1783085641.270724,8189,7927,1764,3809,173.1000,2.4400
1783085641.286460,8199,7945,1773,3809,176.6300,-3.6300
1783085641.302564,8208,7927,1735,3809,176.6300,-3.6300
1783085641.318556,8189,7927,1801,3846,176.6300,-3.6300
1783085641.334545,8180,7974,1717,3827,169.7100,1.1200
1783085641.349619,8218,7974,1745,3762,169.7100,1.1200
1783085641.365477,8236,7936,1754,3846,169.7100,1.1200
1783085641.381514,8218,8021,1782,3799,170.4000,-2.1300
1783085641.397652,8236,7983,1792,3780,170.4000,-2.1300
1783085641.413486,8208,7936,1792,3809,170.4000,-2.1300
1783085641.429505,8227,7992,1764,3827,173.1000,1.6900
1783085641.445701,8236,7974,1801,3762,173.1000,1.6900
1783085641.461535,8246,7945,1764,3818,173.1000,1.6900
1783085641.477549,8227,7964,1820,3799,170.4000,-0.8100
1783085641.493702,8236,7992,1726,3818,170.4000,-0.8100
1783085641.509643,8218,7974,1764,3809,170.4000,-0.8100
1783085641.524548,8218,7983,1707,3780,173.8700,-1.0000
1783085641.544534,8218,7983,1735,3762,173.8700,-1.0000
1783085641.561559,8246,7945,1717,3827,173.8700,-1.0000
1783085641.577409,8246,7983,1726,3809,169.7100,0.8800
1783085641.592614,8218,8011,1698,3790,169.7100,0.8800
1783085641.608818,8246,7936,1726,3799,169.7100,0.8800
1783085641.626632,8246,7974,1764,3752,173.1000,-1.9400
1783085641.642653,8246,7983,1745,3799,173.1000,-1.9400
1783085641.658696,8227,8030,1735,3780,173.1000,-1.9400
1783085641.674772,8302,8039,1745,3743,167.6900,0.6900
1783085641.690722,8264,8011,1773,3790,167.6900,0.6900
1783085641.706608,8302,8021,1717,3809,167.6900,0.6900
1783085641.723709,8302,8030,1792,3799,167.6900,-0.6900
1783085641.740629,8302,8049,1745,3780,167.6900,-0.6900
1783085641.756684,8246,8049,1773,3696,167.6900,-0.6900
1783085641.772273,8255,8011,1745,3771,173.1000,0.8800
1783085641.787856,8255,8011,1689,3771,173.1000,0.8800
1783085641.803770,8255,8021,1764,3827,173.1000,0.8800
1783085641.819665,8246,7992,1754,3780,164.9900,-0.6300
1783085641.835798,8283,8030,1698,3827,164.9900,-0.6300
1783085641.851735,8302,8049,1707,3780,164.9900,-0.6300
1783085641.867701,8293,7983,1735,3837,164.9900,-0.6300
1783085641.884101,8264,8039,1745,3818,162.2800,1.0600
1783085641.899971,8274,8021,1707,3780,162.2800,1.0600
1783085641.915935,8283,8049,1707,3818,162.2800,1.0600
1783085641.932413,8283,8049,1651,3827,162.2800,-1.5600
1783085641.947908,8293,8058,1698,3762,162.2800,-1.5600
1783085641.963708,8264,8039,1679,3846,162.2800,-1.5600
1783085641.979907,8293,8030,1679,3780,164.9900,0.5000
1783085641.995746,8330,8030,1754,3771,164.9900,0.5000
1783085642.011710,8339,8049,1689,3855,164.9900,0.5000
1783085642.027956,8283,8086,1726,3743,156.8700,-0.5600
1783085642.043782,8349,8086,1689,3780,156.8700,-0.5600
1783085642.059802,8311,8049,1754,3818,156.8700,-0.5600
1783085642.074956,8293,8077,1689,3790,164.9900,2.2500
1783085642.090752,8321,8067,1726,3780,164.9900,2.2500
1783085642.106884,8358,8039,1726,3752,164.9900,2.2500
1783085642.122970,8283,8058,1707,3809,162.2800,-0.6900
1783085642.138777,8330,8039,1717,3771,162.2800,-0.6900
1783085642.154922,8349,8039,1679,3762,162.2800,-0.6900
1783085642.171364,8321,8086,1698,3790,164.9900,2.0000
1783085642.186857,8302,8058,1679,3734,164.9900,2.0000
1783085642.204799,8302,8105,1735,3734,164.9900,2.0000
1783085642.220797,8339,8086,1632,3734,162.2800,-0.8800
1783085642.237015,8321,8105,1623,3762,162.2800,-0.8800
1783085642.252813,8339,8133,1660,3687,162.2800,-0.8800
1783085642.268881,8311,8086,1679,3734,156.4500,0.8100
1783085642.285020,8405,8105,1679,3724,156.4500,0.8100
1783085642.300862,8339,8133,1660,3734,156.4500,0.8100
1783085642.316482,8330,8096,1660,3696,156.4500,0.8100
1783085642.332325,8368,8067,1660,3677,165.5900,-0.3100
1783085642.347945,8349,8086,1660,3705,165.5900,-0.3100
1783085642.364397,8386,8114,1707,3715,165.5900,-0.3100
1783085642.380183,8311,8096,1660,3734,162.2800,2.6900
1783085642.396154,8311,8067,1632,3752,162.2800,2.6900
1783085642.412303,8330,8096,1613,3734,162.2800,2.6900
1783085642.428165,8358,8124,1670,3762,162.2800,-2.1900
1783085642.444182,8358,8086,1679,3799,162.2800,-2.1900
1783085642.460233,8368,8096,1660,3809,162.2800,-2.1900
1783085642.476004,8339,8133,1651,3780,153.8000,1.5600
1783085642.491926,8358,8105,1623,3799,153.8000,1.5600
1783085642.508244,8368,8105,1642,3790,153.8000,1.5600
1783085642.523375,8368,8124,1585,3790,157.3100,-2.1300
1783085642.540063,8339,8114,1651,3771,157.3100,-2.1300
1783085642.556131,8330,8133,1717,3705,157.3100,-2.1300
1783085642.573451,8330,8105,1595,3818,156.8700,0.5000
1783085642.589689,8368,8180,1679,3809,156.8700,0.5000
1783085642.604945,8396,8114,1660,3799,156.8700,0.5000
1783085642.622065,8358,8152,1623,3790,156.8700,-1.1200
1783085642.636927,8405,8133,1651,3799,156.8700,-1.1200
1783085642.652944,8396,8133,1632,3743,156.8700,-1.1200
1783085642.669176,8396,8161,1689,3799,156.4500,-0.3700
1783085642.685238,8415,8152,1660,3809,156.4500,-0.3700
1783085642.700981,8415,8161,1642,3762,156.4500,-0.3700
1783085642.717191,8377,8180,1642,3734,156.8700,-1.6900
1783085642.732971,8415,8171,1604,3771,156.8700,-1.6900
1783085642.748960,8433,8124,1604,3771,156.8700,-1.6900
1783085642.765362,8452,8142,1613,3762,156.8700,-1.6900
1783085642.781134,8386,8142,1623,3809,156.8700,1.1900
1783085642.797141,8424,8152,1679,3743,156.8700,1.1900
1783085642.813236,8415,8133,1604,3743,156.8700,1.1900
1783085642.829240,8433,8180,1632,3705,156.8700,-2.5000
1783085642.845064,8433,8218,1651,3734,156.8700,-2.5000
1783085642.860164,8471,8171,1613,3734,156.8700,-2.5000
1783085642.876053,8415,8142,1623,3734,154.1700,3.5000
1783085642.892168,8471,8161,1660,3715,154.1700,3.5000
1783085642.908005,8443,8189,1604,3705,154.1700,3.5000
1783085642.924912,8443,8161,1604,3752,154.5500,-2.1900
1783085642.941324,8405,8180,1604,3734,154.5500,-2.1900
1783085642.957494,8452,8189,1689,3696,154.5500,-2.1900
1783085642.975244,8461,8161,1689,3715,151.4600,2.3100
1783085642.989363,8480,8189,1613,3752,151.4600,2.3100
1783085643.005322,8424,8199,1613,3734,151.4600,2.3100
1783085643.021912,8452,8180,1595,3715,151.4600,-1.2500
1783085643.037222,8471,8180,1585,3715,151.4600,-1.2500
1783085643.053458,8415,8189,1642,3715,151.4600,-1.2500
1783085643.069345,8424,8180,1651,3762,151.4600,-1.2500
1783085643.085127,8480,8199,1660,3715,151.1400,1.1200
1783085643.101567,8452,8199,1623,3705,151.1400,1.1200
1783085643.117144,8490,8189,1632,3743,151.1400,1.1200
1783085643.133117,8490,8208,1613,3687,148.7600,-1.4400
1783085643.149416,8461,8189,1613,3734,148.7600,-1.4400
1783085643.164067,8443,8180,1642,3705,148.7600,-1.4400
1783085643.182108,8443,8227,1576,3705,151.7900,0.3700
1783085643.198381,8499,8218,1595,3696,151.7900,0.3700
1783085643.214137,8424,8218,1585,3752,151.7900,0.3700
1783085643.229883,8443,8199,1613,3687,145.8400,-1.1900
1783085643.246192,8490,8236,1604,3715,145.8400,-1.1900
1783085643.262051,8527,8218,1613,3705,145.8400,-1.1900
1783085643.277882,8443,8227,1623,3687,146.0500,0.8100
1783085643.294315,8480,8189,1623,3724,146.0500,0.8100
1783085643.310160,8471,8227,1567,3677,146.0500,0.8100
1783085643.327337,8471,8236,1623,3743,154.5500,-0.6300
1783085643.344529,8461,8208,1632,3762,154.5500,-0.6300
1783085643.360655,8480,8236,1567,3752,154.5500,-0.6300
1783085643.376432,8490,8199,1585,3696,148.4900,-0.1900
1783085643.391301,8452,8246,1604,3724,148.4900,-0.1900
1783085643.407476,8499,8264,1585,3734,148.4900,-0.1900
1783085643.424276,8499,8189,1623,3743,148.7600,1.4400
1783085643.439023,8471,8208,1576,3780,148.7600,1.4400
1783085643.455230,8508,8274,1595,3762,148.7600,1.4400
1783085643.471377,8518,8227,1595,3724,146.0500,0.4400
1783085643.487031,8490,8246,1595,3734,146.0500,0.4400
1783085643.503278,8461,8274,1595,3724,146.0500,0.4400
1783085643.519205,8546,8227,1548,3715,146.0500,0.4400
1783085643.535339,8508,8311,1595,3715,151.4600,1.7500
1783085643.551534,8499,8255,1595,3734,151.4600,1.7500
1783085643.567430,8499,8274,1613,3734,151.4600,1.7500
1783085643.583298,8536,8321,1595,3743,148.7600,-0.5600
1783085643.599481,8536,8264,1604,3762,148.7600,-0.5600
1783085643.615323,8499,8189,1585,3724,148.7600,-0.5600
1783085643.631325,8536,8274,1604,3715,146.0500,1.5000
1783085643.647630,8583,8283,1613,3724,146.0500,1.5000
1783085643.663322,8527,8255,1604,3724,146.0500,1.5000
1783085643.678702,8555,8236,1595,3715,148.7600,1.8100
1783085643.694360,8527,8264,1604,3734,148.7600,1.8100
1783085643.710327,8565,8283,1595,3715,148.7600,1.8100
1783085643.726599,8546,8264,1595,3687,146.0500,0.6300
1783085643.742383,8555,8246,1595,3696,146.0500,0.6300
1783085643.758407,8555,8293,1557,3705,146.0500,0.6300
1783085643.774974,8555,8264,1557,3668,146.0500,0.0000
1783085643.790517,8555,8255,1595,3668,146.0500,0.0000
1783085643.806385,8565,8274,1567,3715,146.0500,0.0000
1783085643.824062,8546,8283,1604,3687,151.4600,-1.1900
1783085643.838042,8574,8264,1557,3658,151.4600,-1.1900
1783085643.854080,8527,8321,1567,3658,151.4600,-1.1900
1783085643.871217,8555,8293,1576,3677,143.3500,0.4400
1783085643.886514,8565,8274,1538,3696,143.3500,0.4400
1783085643.902286,8536,8311,1548,3705,143.3500,0.4400
1783085643.918612,8518,8274,1585,3668,146.0500,0.4400
1783085643.934199,8565,8283,1567,3724,146.0500,0.4400
1783085643.950266,8583,8330,1585,3668,146.0500,0.4400
1783085643.965416,8565,8255,1585,3715,146.0500,0.4400
1783085643.981150,8546,8274,1567,3687,140.6400,-2.5000
1783085643.997164,8583,8293,1576,3705,140.6400,-2.5000
1783085644.013435,8593,8283,1529,3734,140.6400,-2.5000
1783085644.029417,8565,8293,1576,3705,146.0500,0.2500
1783085644.045537,8574,8293,1548,3734,146.0500,0.2500
1783085644.061898,8602,8274,1576,3677,146.0500,0.2500
1783085644.077420,8583,8274,1604,3715,140.6400,-2.0000
1783085644.093544,8565,8311,1585,3687,140.6400,-2.0000
1783085644.109857,8593,8283,1576,3705,140.6400,-2.0000
1783085644.126604,8630,8311,1529,3687,143.3500,2.0000
1783085644.141504,8611,8339,1520,3668,143.3500,2.0000
1783085644.157482,8611,8321,1520,3677,143.3500,2.0000
1783085644.174427,8574,8339,1548,3668,143.3500,-1.5600
1783085644.189262,8565,8302,1576,3658,143.3500,-1.5600
1783085644.206055,8602,8330,1520,3677,143.3500,-1.5600
1783085644.221434,8602,8293,1501,3715,143.3500,2.3100
1783085644.236912,8621,8358,1557,3658,143.3500,2.3100
1783085644.252517,8583,8349,1520,3658,143.3500,2.3100
1783085644.268586,8602,8311,1548,3696,143.3500,2.3100
1783085644.285119,8630,8339,1548,3696,143.3500,-2.9400
1783085644.300498,8602,8377,1529,3640,143.3500,-2.9400
1783085644.316491,8658,8349,1520,3668,143.3500,-2.9400
1783085644.333092,8602,8358,1538,3658,146.0500,3.0000
1783085644.349199,8621,8349,1529,3649,146.0500,3.0000
1783085644.364644,8602,8368,1557,3640,146.0500,3.0000
1783085644.380883,8649,8368,1548,3687,140.6400,-1.0000
1783085644.396692,8649,8386,1557,3705,140.6400,-1.0000
1783085644.412576,8649,8443,1529,3612,140.6400,-1.0000
1783085644.428970,8649,8358,1520,3649,140.6400,1.1200
1783085644.444665,8658,8358,1492,3687,140.6400,1.1200
1783085644.460806,8630,8368,1529,3658,140.6400,1.1200
1783085644.476999,8640,8358,1557,3677,146.0500,0.1200
1783085644.493031,8611,8330,1567,3658,146.0500,0.1200
1783085644.509660,8611,8396,1529,3668,146.0500,0.1200
1783085644.525577,8677,8368,1510,3658,140.6400,-0.8100
1783085644.541771,8640,8368,1529,3668,140.6400,-0.8100
1783085644.557494,8668,8377,1529,3640,140.6400,-0.8100
1783085644.574907,8640,8377,1557,3658,140.6400,-0.6900
1783085644.589765,8630,8358,1520,3602,140.6400,-0.6900
1783085644.607906,8630,8358,1473,3658,140.6400,-0.6900
1783085644.624394,8705,8386,1585,3621,137.9400,-0.5000
1783085644.639808,8658,8368,1501,3630,137.9400,-0.5000
1783085644.656069,8687,8349,1501,3658,137.9400,-0.5000
1783085644.672995,8649,8424,1529,3593,137.9400,-0.5000
1783085644.687729,8677,8396,1520,3630,135.2300,-0.2500
1783085644.704120,8668,8368,1538,3640,135.2300,-0.2500
1783085644.719866,8668,8452,1492,3583,135.2300,-0.2500
1783085644.735118,8705,8443,1510,3649,135.2300,-0.3700
1783085644.750786,8668,8368,1492,3621,135.2300,-0.3700
1783085644.766751,8687,8415,1510,3612,135.2300,-0.3700
1783085644.783231,8715,8386,1510,3668,135.2300,-0.7500
1783085644.799235,8687,8386,1529,3640,135.2300,-0.7500
1783085644.814779,8687,8424,1520,3621,135.2300,-0.7500
1783085644.830830,8668,8396,1445,3602,137.9400,0.1200
1783085644.846608,8668,8386,1492,3621,137.9400,0.1200
1783085644.862668,8677,8415,1520,3602,137.9400,0.1200
1783085644.878865,8705,8405,1557,3649,135.2300,0.3100
1783085644.894633,8724,8405,1445,3658,135.2300,0.3100
1783085644.910640,8705,8424,1492,3612,135.2300,0.3100
1783085644.926988,8687,8461,1501,3658,137.9400,1.0600
1783085644.942619,8705,8377,1482,3630,137.9400,1.0600
1783085644.958583,8677,8452,1510,3593,137.9400,1.0600
1783085644.974954,8743,8480,1501,3649,132.5300,0.0000
1783085644.990615,8687,8424,1576,3621,132.5300,0.0000
1783085645.005652,8715,8443,1510,3621,132.5300,0.0000
1783085645.022952,8715,8499,1463,3621,135.2300,0.6300
1783085645.038484,8715,8518,1473,3621,135.2300,0.6300
1783085645.054496,8705,8433,1501,3640,135.2300,0.6300
1783085645.070677,8696,8452,1445,3593,132.5300,-0.3700
1783085645.085903,8771,8471,1426,3593,132.5300,-0.3700
1783085645.101930,8771,8415,1529,3640,132.5300,-0.3700
1783085645.119910,8743,8415,1557,3640,129.8300,1.5000
1783085645.136502,8724,8452,1463,3668,129.8300,1.5000
1783085645.151963,8771,8452,1473,3621,129.8300,1.5000
1783085645.168001,8696,8452,1510,3593,129.8300,1.5000
1783085645.184752,8762,8508,1473,3687,132.5800,1.1200
1783085645.199980,8743,8433,1492,3658,132.5800,1.1200
1783085645.215942,8752,8433,1492,3649,132.5800,1.1200
1783085645.231167,8752,8433,1520,3602,132.4700,0.0600
1783085645.248128,8771,8405,1473,3649,132.4700,0.0600
1783085645.264869,8771,8518,1463,3621,132.4700,0.0600
1783085645.281095,8743,8433,1538,3630,132.5300,0.8800
1783085645.297707,8705,8461,1492,3677,132.5300,0.8800
1783085645.313343,8733,8499,1473,3583,132.5300,0.8800
1783085645.329413,8733,8443,1501,3612,129.9300,-0.9400
1783085645.345320,8762,8452,1604,3640,129.9300,-0.9400
1783085645.361027,8715,8480,1492,3583,129.9300,-0.9400
1783085645.377097,8790,8415,1501,3649,129.8300,-0.3100
1783085645.392907,8752,8461,1463,3658,129.8300,-0.3100
1783085645.408856,8743,8471,1463,3574,129.8300,-0.3100
1783085645.425579,8715,8480,1482,3621,129.8300,-0.5000
1783085645.440775,8724,8480,1520,3640,129.8300,-0.5000
1783085645.456664,8780,8480,1473,3602,129.8300,-0.5000
1783085645.474316,8780,8461,1482,3621,132.4700,0.5600
1783085645.488727,8827,8461,1454,3583,132.4700,0.5600
1783085645.504664,8752,8443,1463,3602,132.4700,0.5600
1783085645.520932,8733,8443,1482,3630,129.8300,-0.4400
1783085645.536046,8780,8461,1463,3602,129.8300,-0.4400
1783085645.552212,8790,8471,1463,3612,129.8300,-0.4400
1783085645.568293,8733,8443,1510,3602,129.8300,-0.4400
1783085645.584068,8762,8480,1473,3593,129.9300,-0.5000
1783085645.600000,8808,8480,1454,3583,129.9300,-0.5000
1783085645.616309,8771,8508,1510,3602,129.9300,-0.5000
1783085645.632058,8743,8508,1492,3593,129.8300,-2.1300
1783085645.647806,8799,8461,1473,3583,129.8300,-2.1300
1783085645.664399,8837,8499,1463,3602,129.8300,-2.1300
1783085645.680188,8771,8461,1492,3555,129.7100,1.3700
1783085645.696103,8762,8490,1454,3574,129.7100,1.3700
1783085645.712086,8808,8518,1501,3612,129.7100,1.3700
1783085645.727881,8799,8518,1463,3621,129.9300,-1.8100
1783085645.743814,8771,8546,1454,3593,129.9300,-1.8100
1783085645.760098,8771,8546,1538,3555,129.9300,-1.8100
1783085645.775760,8799,8536,1463,3602,124.4200,0.9400
1783085645.791971,8771,8499,1501,3583,124.4200,0.9400
1783085645.808136,8780,8527,1445,3537,124.4200,0.9400
1783085645.823788,8790,8480,1445,3593,129.8300,-1.9400
1783085645.839337,8808,8471,1435,3583,129.8300,-1.9400
1783085645.855403,8790,8480,1501,3602,129.8300,-1.9400
1783085645.871092,8808,8461,1454,3612,129.8300,1.4400
1783085645.887139,8837,8508,1520,3612,129.8300,1.4400
1783085645.903558,8818,8555,1501,3602,129.8300,1.4400
1783085645.919256,8771,8480,1492,3640,129.8300,1.4400
1783085645.935488,8808,8536,1445,3602,129.8300,-0.8800
1783085645.951546,8827,8499,1501,3583,129.8300,-0.8800
1783085645.967176,8827,8518,1501,3602,129.8300,-0.8800
1783085645.983115,8818,8490,1482,3593,126.9500,0.7500
1783085645.999424,8846,8490,1445,3565,126.9500,0.7500
1783085646.015183,8799,8527,1454,3593,126.9500,0.7500
1783085646.031352,8846,8555,1454,3602,124.6300,0.1200
1783085646.047152,8874,8518,1473,3593,124.6300,0.1200
1783085646.062999,8827,8555,1492,3593,124.6300,0.1200
1783085646.079001,8827,8518,1473,3602,124.4200,1.2500
1783085646.095281,8799,8536,1454,3630,124.4200,1.2500
1783085646.109930,8808,8546,1482,3593,124.4200,1.2500
1783085646.126331,8855,8490,1473,3621,127.1200,-1.0600
1783085646.142240,8827,8536,1492,3612,127.1200,-1.0600
1783085646.158344,8818,8536,1445,3602,127.1200,-1.0600
1783085646.176527,8827,8574,1416,3621,124.4200,0.8800
1783085646.190349,8846,8574,1463,3583,124.4200,0.8800
1783085646.206200,8855,8536,1398,3612,124.4200,0.8800
1783085646.224038,8818,8536,1435,3583,121.4400,-0.3100
1783085646.238869,8837,8555,1492,3602,121.4400,-0.3100
1783085646.254294,8818,8546,1454,3602,121.4400,-0.3100
1783085646.270602,8818,8536,1379,3602,121.9800,-0.1200
1783085646.286283,8837,8565,1407,3630,121.9800,-0.1200
1783085646.302020,8827,8546,1473,3621,121.9800,-0.1200
1783085646.318507,8874,8583,1482,3612,121.9800,-0.1200
1783085646.334531,8865,8546,1492,3630,121.7100,-0.6300
1783085646.350417,8855,8518,1520,3583,121.7100,-0.6300
1783085646.366649,8874,8593,1510,3527,121.7100,-0.6300
1783085646.382346,8865,8555,1416,3583,119.0100,-0.9400
1783085646.397037,8874,8555,1426,3612,119.0100,-0.9400
1783085646.413364,8874,8574,1416,3565,119.0100,-0.9400
1783085646.429162,8884,8574,1416,3565,119.0100,0.5000
1783085646.445197,8865,8518,1445,3593,119.0100,0.5000
1783085646.461559,8874,8602,1482,3593,119.0100,0.5000
1783085646.477014,8893,8555,1482,3583,121.7100,-1.0600
1783085646.493083,8893,8518,1454,3593,121.7100,-1.0600
1783085646.509327,8884,8565,1407,3583,121.7100,-1.0600
1783085646.524951,8893,8518,1445,3583,124.4200,0.6900
1783085646.541575,8865,8546,1510,3583,124.4200,0.6900
1783085646.557682,8921,8602,1435,3583,124.4200,0.6900
1783085646.575282,8902,8546,1416,3630,119.0100,0.3700
1783085646.589416,8865,8583,1435,3583,119.0100,0.3700
1783085646.605687,8893,8611,1463,3602,119.0100,0.3700
1783085646.621340,8930,8593,1473,3574,121.7100,1.5600
1783085646.637448,8874,8630,1454,3593,121.7100,1.5600
1783085646.653475,8855,8583,1445,3593,121.7100,1.5600
1783085646.668167,8912,8555,1463,3574,121.7100,1.5600
1783085646.684562,8874,8611,1482,3593,119.0100,-1.0600
1783085646.700210,8874,8536,1482,3602,119.0100,-1.0600
1783085646.716233,8855,8593,1454,3527,119.0100,-1.0600
1783085646.732597,8902,8640,1435,3555,121.7100,0.5600
1783085646.748430,8902,8602,1473,3583,121.7100,0.5600
1783085646.764407,8874,8565,1463,3565,121.7100,0.5600
1783085646.781544,8874,8574,1445,3602,119.0100,0.5600
1783085646.798030,8884,8602,1492,3546,119.0100,0.5600
1783085646.813618,8874,8630,1492,3574,119.0100,0.5600
1783085646.829751,8902,8602,1454,3555,121.7100,0.8100
1783085646.845510,8940,8611,1463,3546,121.7100,0.8100
1783085646.860396,8855,8611,1501,3583,121.7100,0.8100
1783085646.877360,8921,8593,1454,3555,119.0100,0.3100
1783085646.893678,8940,8611,1473,3546,119.0100,0.3100
1783085646.909563,8949,8611,1482,3537,119.0100,0.3100
1783085646.925417,8884,8574,1595,3602,121.7100,0.4400
1783085646.941872,8921,8611,1454,3546,121.7100,0.4400
1783085646.959326,8921,8640,1445,3546,121.7100,0.4400
1783085646.976448,8921,8574,1454,3555,119.0100,-1.2500
1783085646.990823,8921,8621,1492,3593,119.0100,-1.2500
1783085647.006526,8930,8668,1482,3546,119.0100,-1.2500
1783085647.026949,8921,8668,1426,3565,116.3000,0.5600
1783085647.040768,8865,8677,1454,3574,116.3000,0.5600
1783085647.056718,8930,8687,1473,3612,116.3000,0.5600
1783085647.072570,8949,8630,1435,3565,116.3000,0.5600
1783085647.088290,8912,8649,1445,3583,121.9800,-1.3700
1783085647.104623,8930,8658,1407,3612,121.9800,-1.3700
1783085647.120407,8949,8621,1398,3537,121.9800,-1.3700
1783085647.136388,8959,8611,1454,3583,115.9200,0.1900
1783085647.152726,8949,8611,1445,3630,115.9200,0.1900
1783085647.168524,8930,8611,1463,3602,115.9200,0.1900
1783085647.184567,8940,8705,1398,3574,119.0100,-0.9400
1783085647.199924,8977,8668,1416,3593,119.0100,-0.9400
1783085647.215484,8959,8658,1454,3574,119.0100,-0.9400
1783085647.231757,8930,8696,1454,3537,116.3000,0.1200
1783085647.247836,8930,8668,1445,3574,116.3000,0.1200
1783085647.263726,9005,8762,1445,3612,116.3000,0.1200
1783085647.279561,8968,8649,1416,3565,116.3000,-0.1900
1783085647.296447,8912,8658,1407,3565,116.3000,-0.1900
1783085647.311951,8921,8658,1388,3621,116.3000,-0.1900
1783085647.327531,8968,8640,1454,3612,119.0100,-0.3100
1783085647.343839,8968,8715,1435,3593,119.0100,-0.3100
1783085647.359952,8930,8649,1435,3565,119.0100,-0.3100
1783085647.376393,8968,8677,1407,3593,119.0100,0.1200
1783085647.392839,8968,8630,1510,3583,119.0100,0.1200
1783085647.409831,8949,8611,1407,3602,119.0100,0.1200
1783085647.426105,8977,8677,1370,3593,119.0100,-1.2500
1783085647.441598,8968,8705,1435,3565,119.0100,-1.2500
1783085647.456642,9015,8668,1416,3593,119.0100,-1.2500
1783085647.472680,8977,8621,1416,3546,119.0100,-1.2500
1783085647.488924,9005,8687,1416,3612,119.0100,-1.2500
1783085647.504693,8977,8649,1463,3621,119.0100,-1.2500
1783085647.520590,8968,8705,1426,3565,119.0100,-1.2500
1783085647.537081,8987,8649,1360,3574,119.0100,-1.2500
1783085647.552453,9015,8611,1416,3583,119.0100,-1.2500
1783085647.568404,9024,8640,1454,3677,119.0100,-1.2500
1783085647.584606,8987,8621,1426,3565,119.0100,-1.2500
1783085647.600444,8987,8658,1407,3602,119.0100,-1.2500
1783085647.616419,8987,8715,1370,3621,119.0100,-1.2500
1783085647.632829,8968,8668,1416,3583,119.0100,-1.2500
1783085647.648667,8968,8668,1416,3612,119.0100,-1.2500
1783085647.664708,8987,8668,1445,3621,119.0100,-1.2500
1783085647.680942,9005,8640,1398,3612,119.0100,-1.2500
1783085647.697885,8968,8668,1398,3658,119.0100,-1.2500
1783085647.713654,8977,8630,1398,3621,119.0100,-1.2500
1783085647.729676,8959,8668,1398,3593,119.0100,-1.2500
1783085647.745856,8940,8668,1473,3546,119.0100,-1.2500
1783085647.761668,8940,8630,1445,3612,119.0100,-1.2500
1783085647.777820,8949,8687,1435,3602,119.0100,-1.2500
1783085647.795621,8987,8611,1426,3602,10.9600,2.5000
1783085647.811987,8996,8696,1473,3612,10.9600,2.5000
1783085647.827929,8987,8640,1426,3630,10.9600,2.5000
1783085647.845124,8968,8687,1435,3621,-2.7000,3.7500
1783085647.860880,8959,8668,1454,3621,-2.7000,3.7500
1783085647.877930,8921,8752,1435,3565,-2.7000,3.7500
1783085647.894109,8930,8780,1463,3658,8.1100,12.0600
1783085647.909515,8968,8733,1416,3602,8.1100,12.0600
1783085647.924500,8968,8837,1426,3583,8.1100,12.0600
1783085647.940550,9005,8893,1473,3583,8.1100,12.0600
1783085647.956317,8977,8837,1426,3593,5.4100,12.9400
1783085647.972279,9005,8818,1454,3658,5.4100,12.9400
1783085647.988080,9024,8808,1435,3583,5.4100,12.9400
1783085648.004172,8977,8893,1445,3574,16.2300,13.3100
1783085648.019783,8959,8799,1492,3583,16.2300,13.3100
1783085648.035771,8987,8790,1407,3602,16.2300,13.3100
1783085648.053798,8987,8837,1454,3574,29.7500,15.0600
1783085648.070150,8977,8752,1416,3565,29.7500,15.0600
1783085648.085984,8902,8762,1435,3583,29.7500,15.0600
1783085648.101889,8959,8799,1398,3518,2.7000,12.8100
1783085648.117992,8855,8771,1435,3574,2.7000,12.8100
1783085648.133800,8912,8752,1473,3583,2.7000,12.8100
1783085648.150874,8912,8696,1426,3583,2.7000,12.8100
1783085648.166833,8874,8677,1416,3546,2.7000,12.8100
1783085648.183436,8921,8677,1463,3574,2.7000,12.8100
1783085648.198895,8874,8705,1482,3565,8.1100,12.2500
1783085648.214851,8902,8705,1482,3574,8.1100,12.2500
1783085648.231018,8874,8658,1492,3640,8.1100,12.2500
1783085648.246834,8912,8649,1426,3593,2.7000,9.3800
1783085648.262951,8912,8658,1463,3640,2.7000,9.3800
1783085648.279275,8846,8649,1473,3565,2.7000,9.3800
1783085648.294787,8977,8630,1482,3537,0.0000,10.0000
1783085648.311025,8940,8574,1445,3527,0.0000,10.0000
1783085648.327297,8949,8621,1445,3555,0.0000,10.0000
1783085648.343508,9052,8583,1463,3555,2.7000,9.7500
1783085648.358131,9015,8583,1482,3574,2.7000,9.7500
1783085648.374076,9071,8630,1473,3555,2.7000,9.7500
1783085648.390199,9071,8621,1529,3537,-2.7000,10.6900
1783085648.406211,9324,8536,1473,3574,-2.7000,10.6900
1783085648.422074,9362,8621,1463,3602,-2.7000,10.6900
1783085648.438062,9371,8565,1492,3546,-2.7000,10.6900
1783085648.453377,9221,8536,1510,3658,0.0000,9.0000
1783085648.469044,9249,8602,1585,3640,0.0000,9.0000
1783085648.484972,9193,8527,1492,3574,0.0000,9.0000
1783085648.501232,8855,8546,1473,3574,2.7000,10.2500
1783085648.516943,8846,8593,1510,3574,2.7000,10.2500
1783085648.532941,8893,8518,1492,3621,2.7000,10.2500
1783085648.549124,8818,8611,1501,3640,0.0000,8.1900
1783085648.564974,8715,8546,1529,3574,0.0000,8.1900
1783085648.581015,8762,8593,1557,3555,0.0000,8.1900
1783085648.597265,8743,8602,1538,3621,0.0000,10.0000
1783085648.613011,8687,8602,1548,3621,0.0000,10.0000
1783085648.628999,8715,8640,1567,3621,0.0000,10.0000
1783085648.645113,8705,8593,1557,3612,5.4100,6.8100
1783085648.661012,8724,8649,1548,3602,5.4100,6.8100
1783085648.677118,8733,8574,1623,3630,5.4100,6.8100
1783085648.693601,8818,8668,1642,3649,0.0000,9.1900
1783085648.709140,8743,8621,1623,3649,0.0000,9.1900
1783085648.724465,8780,8630,1623,3649,0.0000,9.1900
1783085648.740420,8818,8687,1613,3649,0.0000,9.1900
1783085648.756407,8799,8555,1623,3705,0.0000,5.8100
1783085648.772484,8808,8611,1585,3649,0.0000,5.8100
1783085648.788394,8827,8668,1613,3602,0.0000,5.8100
1783085648.804375,8874,8649,1632,3677,2.7000,6.7500
1783085648.820358,8874,8630,1623,3649,2.7000,6.7500
1783085648.836336,8855,8658,1623,3658,2.7000,6.7500
1783085648.854333,8855,8602,1642,3649,2.7000,7.1300
1783085648.870325,8874,8602,1660,3612,2.7000,7.1300
1783085648.886358,8902,8574,1679,3640,2.7000,7.1300
1783085648.904922,8902,8574,1707,3602,2.7000,4.8100
1783085648.920251,8921,8527,1707,3630,2.7000,4.8100
1783085648.936180,8874,8527,1679,3621,2.7000,4.8100
1783085648.951378,8865,8527,1689,3630,2.7000,4.4400
1783085648.967188,8930,8480,1717,3668,2.7000,4.4400
1783085648.983536,8893,8415,1707,3602,2.7000,4.4400
1783085648.999644,8949,8499,1726,3677,2.7000,6.1300
1783085649.015172,8846,8433,1726,3602,2.7000,6.1300
1783085649.031218,8884,8536,1679,3630,2.7000,6.1300
1783085649.047453,8865,8471,1717,3658,5.4100,3.8100
1783085649.063197,8912,8386,1689,3621,5.4100,3.8100
1783085649.079256,8940,8405,1726,3658,5.4100,3.8100
1783085649.095365,8940,8396,1679,3630,2.7000,3.5600
1783085649.113377,8940,8368,1679,3640,2.7000,3.5600
1783085649.129198,8855,8358,1707,3612,2.7000,3.5600
1783085649.146236,8855,8368,1670,3649,5.4100,3.8100
1783085649.164223,8855,8405,1660,3612,5.4100,3.8100
1783085649.180233,8855,8349,1754,3621,5.4100,3.8100
1783085649.196257,9259,8405,1764,3640,2.7000,3.0600
1783085649.212254,8855,8349,1745,3640,2.7000,3.0600
1783085649.228235,9137,8368,1660,3593,2.7000,3.0600
1783085649.244179,8780,8349,1651,3668,5.4100,4.3800
1783085649.260365,9081,8396,1679,3621,5.4100,4.3800
1783085649.276978,8790,8368,1698,3630,5.4100,4.3800
1783085649.293561,8799,8405,1642,3602,5.4100,3.5600
1783085649.307250,8799,8377,1679,3649,5.4100,3.5600
1783085649.324279,8771,8386,1660,3621,5.4100,3.5600
1783085649.340295,8696,8471,1689,3612,5.4100,3.5600
1783085649.356282,9071,8377,1679,3630,5.4100,3.6300
1783085649.372528,8696,8490,1623,3649,5.4100,3.6300
1783085649.388443,8715,8443,1613,3649,5.4100,3.6300
1783085649.405545,8715,8480,1642,3583,8.1100,3.7500
1783085649.421379,8630,8452,1595,3602,8.1100,3.7500
1783085649.437509,9043,8424,1670,3602,8.1100,3.1900
1783085649.453294,8724,8452,1679,3602,8.1100,3.1900
1783085649.469278,8630,8415,1651,3527,8.1100,3.1900
1783085649.485527,9034,8499,1632,3593,8.1100,3.1900
1783085649.501385,8649,8424,1604,3602,8.1100,2.2500
1783085649.517506,8602,8499,1670,3621,8.1100,2.2500
1783085649.533607,8705,8433,1670,3583,8.1100,2.2500
1783085649.549392,8724,8490,1670,3583,8.1100,1.1900
1783085649.565402,9090,8499,1604,3565,8.1100,1.1900
1783085649.581592,9090,8490,1632,3565,8.1100,1.1900
1783085649.597340,8640,8499,1651,3612,8.1100,3.6900
1783085649.613420,9052,8518,1642,3527,8.1100,3.6900
1783085649.629585,8837,8583,1642,3574,8.1100,3.6900
1783085649.645367,8677,8518,1651,3593,8.1100,3.6900
1783085649.661401,8658,8490,1595,3630,8.1100,3.6900
1783085649.676441,8696,8546,1613,3602,8.1100,3.6900
1783085649.692402,8630,8480,1632,3565,8.1100,3.6900
1783085649.708470,9034,8461,1623,3555,8.1100,3.6900
1783085649.724449,9109,8499,1613,3593,8.1100,3.6900
1783085649.740441,8621,8499,1670,3574,8.1100,3.6900
1783085649.756580,9071,8508,1623,3602,8.1100,3.6900
1783085649.772465,8808,8499,1623,3583,8.1100,3.6900
1783085649.788432,8621,8480,1632,3583,8.1100,3.6900
1783085649.804482,9062,8508,1613,3593,8.1100,3.6900
1783085649.820502,8696,8490,1604,3602,8.1100,3.6900
1783085649.836449,8602,8480,1585,3583,8.1100,3.6900
1783085649.852468,8658,8508,1567,3640,8.1100,3.6900
1783085649.868526,8687,8518,1576,3593,8.1100,3.6900
1783085649.884456,8658,8480,1604,3583,8.1100,3.6900
