timestamp,d0,d1,d2,d3,v_mm_s,gz
1784776518.612212,9127,8818,1679,3583,0.0000,-0.0600
1784776518.664108,9193,8808,1735,3630,31.2100,0.0000
1784776518.715387,9165,8865,1717,3640,75.7300,-1.2500
1784776518.767506,9165,8808,1717,3621,79.5500,-1.5000
1784776518.818506,8987,8799,1726,3705,94.6600,3.9400
1784776518.870190,8959,8912,1717,3583,104.8800,-0.3100
1784776518.922050,8940,8799,1707,3621,108.1900,1.6900
1784776518.973248,8921,8827,1689,3602,108.1900,0.6300
1784776519.025146,8874,8865,1829,3612,113.6000,-0.9400
1784776519.076485,8921,8893,1717,3630,110.8900,2.3800
1784776519.128151,9043,8780,1764,3583,114.0200,0.7500
1784776519.179530,8987,8921,1707,3574,118.6800,-0.8100
1784776519.231250,9052,8921,1679,3612,114.0200,0.4400
1784776519.282580,9428,8884,1726,3537,121.4400,-0.9400
1784776519.334239,8987,8884,1707,3583,121.9800,-1.4400
1784776519.386104,9024,8921,1782,3602,129.7100,-0.0600
1784776519.437678,9034,8893,1698,3518,127.2800,-1.2500
1784776519.489156,9034,8874,1754,3593,143.3500,0.1900
1784776519.541427,9062,8930,1707,3621,140.7500,0.4400
1784776519.592200,9081,8893,1698,3630,140.6400,-0.2500
1784776519.643566,9034,8893,1707,3612,137.8900,1.1200
1784776519.695251,9062,8930,1735,3574,137.9400,-0.7500
1784776519.747085,9024,8968,1792,3537,151.7900,0.9400
1784776519.798526,9034,8921,1792,3527,148.7600,0.3700
1784776519.850148,9071,8921,1792,3593,148.7600,-0.0600
1784776519.901526,9034,8893,1764,3658,156.4500,0.0000
1784776519.953269,9081,8902,1745,3612,162.2800,0.5600
1784776520.004817,9109,8762,1764,3518,164.9900,0.5000
1784776520.056541,9043,8790,1792,3499,167.6900,1.1900
1784776520.107583,9052,9034,1735,3490,173.1000,0.6900
1784776520.159646,9081,9015,1773,3518,173.1000,-0.8100
1784776520.211203,9015,9043,1698,3415,181.2100,0.4400
1784776520.262348,9043,9052,1801,3368,183.9200,0.8100
1784776520.314209,9024,8968,1792,3480,181.2100,-1.9400
1784776520.365525,8996,9127,1773,3471,186.6200,0.0600
1784776520.417418,8921,8912,1810,3443,183.9200,-0.1200
1784776520.468588,8902,9024,1820,3433,189.3300,0.2500
1784776520.520604,8827,8902,1904,3499,186.6200,-1.8100
1784776520.572187,8827,8762,1857,3368,190.4300,0.3700
1784776520.623333,9390,8771,1810,3311,185.6200,0.1200
1784776520.675259,8733,8696,1867,3321,189.3300,-0.6300
1784776520.726369,8780,8687,1886,3424,186.6200,0.3100
1784776520.778304,8780,8611,1867,3424,183.9200,-1.4400
1784776520.829653,8733,8668,1810,3415,183.9200,0.4400
1784776520.881292,9052,8640,1867,3311,183.9200,-0.3700
1784776520.932794,9287,8687,1801,3358,186.6200,-1.3100
1784776520.984392,9118,8733,1886,3386,181.2100,0.0600
1784776521.036231,8902,8724,1867,3340,183.9200,1.1200
1784776521.087418,8921,8762,1876,3311,180.3100,-0.4400
1784776521.139618,8902,8808,1951,3330,181.2100,0.6300
1784776521.190658,8837,8827,1876,3330,180.3100,0.9400
1784776521.242556,8837,8855,1923,3368,176.6300,1.1200
1784776521.293880,8837,8855,1876,3293,181.2100,-0.7500
1784776521.345404,8902,8846,1886,3227,172.3600,2.3800
1784776521.397228,8874,8846,1923,3283,179.3900,1.4400
1784776521.448390,8977,8827,1914,3274,175.8000,-0.2500
1784776521.500257,8949,8865,1951,3236,175.0100,1.3100
1784776521.551645,8968,8930,1932,3302,173.1000,-1.0000
1784776521.603325,8902,8884,1932,3218,178.5100,1.9400
1784776521.654698,8846,8884,1942,3171,173.1000,-0.5600
1784776521.706356,8893,8921,1970,3321,173.1000,-0.6300
1784776521.757732,8893,9024,1970,3236,179.3900,0.0600
1784776521.809455,8893,8940,1970,3255,175.0100,-0.4400
1784776521.861251,8893,8930,1998,3208,176.6300,0.8800
1784776521.912685,8912,8959,1970,3189,183.9200,0.5600
1784776521.964300,8865,8902,2017,3218,178.5100,-1.0000
1784776522.015673,8874,8912,2007,3208,175.0100,1.5000
1784776522.067363,8884,8921,2036,3180,181.2100,0.5000
1784776522.118562,8884,8959,1932,3133,175.8000,1.2500
1784776522.170418,8865,8921,1970,3152,182.1500,0.7500
1784776522.222284,8855,8959,2054,3171,172.3600,-1.0000
1784776522.273705,8874,8959,1989,3124,178.5100,0.3100
1784776522.325321,8837,8912,1979,3133,178.5100,-0.8100
1784776522.376482,8837,8940,2073,3152,183.9200,1.1900
1784776522.428351,8808,8987,2026,3114,186.6200,0.5000
1784776522.479555,8855,8977,2026,3114,186.6200,1.0600
1784776522.531699,8855,8977,2073,3133,189.3300,-1.7500
1784776522.582803,8855,8968,2064,3067,178.5100,1.7500
1784776522.634438,8818,8968,2101,3096,183.9200,0.0600
1784776522.686285,8780,9024,2101,3199,181.2100,0.6300
1784776522.737512,8780,9005,2036,3189,183.9200,0.3700
1784776522.789354,8790,8968,2064,3114,183.9200,-0.4400
1784776522.840529,8743,8987,2111,3161,187.6700,-1.6900
1784776522.892883,8790,9034,2101,3067,182.9600,-1.0000
1784776522.943758,8790,8996,2195,3124,186.6200,-1.7500
1784776522.995494,8808,9099,2111,3152,186.6200,-1.2500
1784776523.046800,8752,9090,2129,3011,192.0300,-0.9400
1784776523.098533,8837,9043,2345,2983,189.3300,0.5000
1784776523.150366,8743,9043,2261,3058,186.6200,0.9400
1784776523.201604,8780,9024,2289,3021,186.6200,1.1200
1784776523.253395,8799,9015,2251,3021,186.6200,2.0600
1784776523.304778,8771,9071,2317,3021,189.3300,-0.5000
1784776523.356447,8752,9024,2355,2955,189.3300,-0.3700
1784776523.407799,8743,9109,2420,3021,186.6200,0.8800
1784776523.459581,8752,9109,2317,2899,186.6200,-0.2500
1784776523.511350,8752,9090,2533,3039,189.3300,0.8100
1784776523.562530,8658,9081,2326,3021,189.3300,0.5000
1784776523.614415,8715,9043,2411,2927,183.9200,-0.9400
1784776523.665798,8677,9081,2514,2992,185.6200,-1.6300
1784776523.717441,8771,9118,2477,2908,187.6700,0.8800
1784776523.768814,8808,9081,2430,3030,189.3300,-2.8100
1784776523.820492,8715,9043,2505,2917,185.6200,3.0000
1784776523.871745,8762,9024,2523,2880,184.9100,-2.6300
1784776523.923847,8771,9062,2430,2946,189.3300,2.0000
1784776523.975405,8762,9156,2514,2936,183.9200,-1.8800
1784776524.026789,8724,9156,2589,2927,182.9600,-0.3100
1784776524.078444,8687,9099,2561,3011,187.6700,-1.1200
1784776524.129683,8677,9071,2655,2908,185.6200,-0.9400
1784776524.181498,8658,8996,2627,2974,190.4300,-0.8800
1784776524.232752,8658,9071,2598,2824,190.9200,0.5600
1784776524.284873,8658,8959,2542,2870,193.1900,0.3100
1784776524.335887,8733,9024,2608,2880,196.2200,1.0600
1784776524.387771,8687,9015,2645,2795,193.1900,1.5600
1784776524.439449,8743,8949,2589,2899,180.3100,-0.3700
1784776524.490677,8743,8977,2645,2842,182.9600,-1.3700
1784776524.542614,8687,9024,2627,2805,181.2100,0.5000
1784776524.593790,8687,9043,2617,2805,183.9200,-0.3100
1784776524.645517,8649,9099,2655,2852,184.9100,2.0600
1784776524.696824,8696,9081,2683,2852,180.3100,1.5000
1784776524.748601,8611,9062,2692,2786,181.2100,-0.7500
1784776524.800407,8621,9062,2655,2805,178.5100,1.7500
1784776524.851629,8621,8996,2674,2739,182.1500,1.7500
1784776524.903822,8583,8930,2645,2674,177.6600,0.3100
1784776524.954848,8630,8930,2683,2730,173.1000,2.1300
1784776525.006525,8677,8930,2692,2664,178.5100,-0.3100
1784776525.057843,8640,9043,2674,2711,181.2100,0.7500
1784776525.109591,8630,8987,2767,2702,181.2100,-0.6900
1784776525.160866,8724,8987,2749,2692,181.2100,-1.0000
1784776525.212621,8658,8987,2767,2608,183.9200,-0.1900
1784776525.264519,8649,9259,2861,2664,187.6700,-0.6900
1784776525.315869,8696,9278,2767,2674,180.3100,-0.0600
1784776525.367556,8724,9324,2758,2645,183.9200,0.9400
1784776525.418858,8752,9240,2720,2589,186.6200,1.0600
1784776525.470614,8743,9221,2786,2608,183.9200,1.1200
1784776525.521864,8780,9249,2805,2627,183.9200,1.0000
1784776525.573614,8780,9306,2833,2645,182.1500,0.6900
1784776525.625482,8780,9259,2842,2589,180.3100,1.5000
1784776525.676906,8687,9231,2880,2552,175.8000,-1.5600
1784776525.728536,8677,9099,2814,2580,178.5100,-0.5600
1784776525.779720,8705,9099,2842,2608,183.9200,-0.3100
1784776525.831554,8696,8893,2861,2542,183.9200,0.6900
1784776525.882776,8658,8893,2852,2552,183.9200,1.0000
1784776525.934915,8640,8902,2899,2533,186.6200,-1.3700
1784776525.985942,8649,8912,2946,2552,183.9200,-0.9400
1784776526.037670,8640,8959,2964,2552,183.9200,-1.1200
1784776526.089502,8668,8808,2861,2523,189.3300,-3.8100
1784776526.140740,8583,8808,2833,2495,186.6200,-1.5000
1784776526.192565,8649,8846,2870,2514,183.9200,1.1900
1784776526.243732,8677,8846,2842,2495,181.2100,-1.6300
1784776526.295951,8621,8818,2814,2580,183.9200,0.5600
1784776526.346951,8602,8818,2908,2486,186.6200,-1.1200
1784776526.398751,8602,8818,2880,2495,183.9200,0.6300
1784776526.449963,8630,8846,2889,2486,183.9200,-0.5600
1784776526.501719,8715,8846,2889,2542,185.6200,-0.5600
1784776526.553586,8602,8874,2936,2458,195.9500,0.4400
1784776526.604777,8658,8865,2861,2467,185.6200,-0.4400
1784776526.656638,8668,8818,2870,2486,183.9200,1.3100
1784776526.707975,8621,8827,2889,2533,183.9200,-0.7500
1784776526.759655,8611,8846,2870,2430,182.1500,-0.1200
1784776526.810969,8687,8827,2880,2467,177.6600,-1.1200
1784776526.862716,8668,8865,2955,2383,176.6300,0.0600
1784776526.913994,8611,9221,2974,2477,172.3600,-1.1900
1784776526.965990,8640,9465,2936,2439,173.1000,1.5000
1784776527.017618,8574,9090,2917,2411,173.8700,-0.1200
1784776527.068968,8555,9118,2917,2411,175.0100,-0.5600
1784776527.120666,8565,9137,2936,2523,176.6300,-1.5000
1784776527.171908,8565,9099,2927,2355,173.1000,0.3700
1784776527.223711,8583,9484,2974,2383,172.3600,-0.1200
1784776527.275021,8630,9428,2955,2308,173.1000,0.1200
1784776527.326978,8583,9446,2983,2401,175.8000,0.3700
1784776527.378630,8583,9493,3011,2336,179.3900,0.5000
1784776527.430092,8574,9503,2974,2345,178.5100,-0.5000
1784776527.481658,8518,9456,2936,2392,177.6600,-0.5600
1784776527.532923,8536,9409,2983,2364,182.1500,-0.4400
1784776527.584711,8536,9399,3011,2308,177.6600,0.4400
1784776527.635917,8546,9437,2983,2364,182.1500,-1.6300
1784776527.688104,8518,9428,3021,2308,178.5100,-0.4400
1784776527.739036,8536,9418,3011,2317,178.5100,-0.4400
1784776527.790881,8640,9456,3011,2280,178.5100,-0.4400
1784776527.842664,8565,9493,3011,2280,173.8700,1.6900
1784776527.893962,8565,8940,3049,2280,172.3600,1.0000
1784776527.945739,8602,9005,3049,2317,171.1100,0.3700
1784776527.996901,8565,9052,2992,2233,169.7100,-1.2500
1784776528.049137,8518,9062,3049,2270,175.8000,0.6300
1784776528.100153,8518,9071,3067,2317,178.5100,-1.0600
1784776528.151921,8518,9071,3049,2251,178.5100,0.8100
1784776528.203696,8508,9099,3086,2289,184.9100,1.1200
1784776528.254894,8508,9099,3143,2270,182.9600,-1.6900
1784776528.306717,8546,9099,3105,2270,181.2100,-0.1900
1784776528.358128,8602,9156,3058,2261,178.5100,0.7500
1784776528.409767,8565,9249,3133,2317,175.8000,-0.5600
1784776528.461130,8555,9268,3105,2242,178.5100,1.7500
1784776528.512876,8583,9418,3143,2270,178.5100,-0.6900
1784776528.564215,8649,9475,3124,2186,178.5100,0.7500
1784776528.616120,8640,9512,3152,2223,178.5100,-0.3100
1784776528.667709,8640,9493,3171,2251,181.2100,-1.1200
1784776528.719103,8687,9512,3133,2158,184.9100,-0.3700
1784776528.770957,8621,9484,3143,2214,180.3100,-1.0000
1784776528.822227,8611,9399,3161,2204,183.9200,2.5000
1784776528.873800,8630,9399,3218,2251,189.3300,0.4400
1784776528.925475,8630,9005,3189,2289,189.3300,1.6900
1784776528.976827,8630,9081,3218,2242,181.2100,-0.8100
1784776529.028690,8630,9428,3227,2289,178.5100,0.6300
1784776529.080213,8499,9315,3255,2289,183.9200,2.1300
1784776529.131801,8555,9127,3218,2139,181.2100,1.4400
1784776529.183179,8536,9137,3274,2233,178.5100,-0.3100
1784776529.234847,8508,9118,3218,2158,175.0100,1.5600
1784776529.286393,8518,9174,3199,2148,182.1500,-1.1900
1784776529.337920,8546,9165,3302,2148,175.8000,1.2500
1784776529.389105,8574,9174,3227,2129,175.8000,-0.3700
1784776529.441268,8583,9156,3264,2148,175.8000,0.0000
1784776529.492734,8508,9127,3236,2054,178.5100,1.1900
1784776529.544332,8574,9212,3377,2129,181.2100,-0.2500
1784776529.595805,8593,9231,3274,2129,175.0100,-0.1200
1784776529.646966,8555,9240,3311,2158,182.1500,1.8100
1784776529.698951,8536,9240,3311,2101,178.5100,-0.8800
1784776529.750081,8574,9202,3349,2139,178.5100,1.2500
1784776529.802211,8640,9259,3340,2054,175.0100,-1.3700
1784776529.853247,8621,9202,3396,2064,176.6300,0.3100
1784776529.905200,8527,9446,3415,2158,175.0100,-1.6300
1784776529.956807,8555,9446,3321,2026,182.1500,1.1200
1784776530.007976,8583,9446,3302,1979,178.5100,-0.7500
1784776530.059842,8565,9484,3321,1979,178.5100,1.3700
1784776530.111058,8583,9315,3330,2045,181.2100,-0.2500
1784776530.163196,8574,9324,3349,2017,181.2100,2.9400
1784776530.214278,8574,9324,3377,1989,173.1000,0.6900
1784776530.265937,8555,9109,3386,1951,173.1000,2.1300
1784776530.317790,8565,9240,3340,1989,172.3600,0.4400
1784776530.368992,8611,9137,3377,2007,173.1000,0.0000
1784776530.420848,8593,9137,3443,1951,173.8700,-1.1200
1784776530.472073,8555,9109,3377,1951,169.7100,-1.1900
1784776530.524300,8536,9034,3377,1932,173.1000,-1.2500
1784776530.575271,8536,9034,3480,1998,178.5100,-1.1200
1784776530.626932,8546,8968,3546,1932,176.6300,-2.3100
1784776530.678293,8536,9005,3537,1989,173.1000,-0.5600
1784776530.730202,8536,8987,3518,1932,170.4000,1.1200
1784776530.781818,8499,8930,3508,1857,167.0500,0.8100
1784776530.833067,8499,8940,3471,1876,162.2800,0.4400
1784776530.884872,8536,8940,3546,1895,167.6900,0.0600
1784776530.936262,8518,8977,3555,1904,162.2800,-1.6900
1784776530.988039,8471,8996,3621,1895,160.0700,1.2500
1784776531.039277,8499,9015,3630,1961,161.7500,-0.0600
1784776531.091021,8499,8987,3630,1942,156.4500,-0.6300
1784776531.142828,8508,9024,3658,1914,156.4500,-0.6300
1784776531.194386,8490,9005,3668,1895,151.1400,0.6300
1784776531.245939,8499,8987,3687,1876,154.5500,-1.1200
1784776531.297258,8499,9062,3640,1867,148.4900,0.5600
1784776531.348982,8499,8996,3705,1951,148.7600,0.2500
1784776531.400295,8508,9034,3640,1895,151.4600,-0.2500
1784776531.452022,8518,9052,3705,1857,149.0300,0.6900
1784776531.503237,8527,9071,3612,1867,140.6400,0.1900
1784776531.555284,8527,9137,3640,1857,135.2300,2.1300
1784776531.606900,8536,9043,3593,1839,137.9400,-0.6900
1784776531.658297,8555,9024,3621,1886,132.5300,3.4400
1784776531.709941,8527,9090,3630,1848,129.8300,-1.2500
1784776531.761128,8546,9109,3640,1848,132.4700,0.0600
1784776531.812970,8546,9137,3602,1820,127.1200,1.1900
1784776531.864303,8546,9156,3687,1904,124.6300,0.8800
1784776531.916317,8508,9137,3649,1820,124.4200,-0.4400
1784776531.967377,8536,9137,3668,1820,124.4200,1.5600
1784776532.019120,8536,9156,3677,1839,121.7100,-0.3700
1784776532.070942,8555,9184,3696,1829,121.7100,-1.3100
1784776532.122187,8574,9193,3677,1867,116.3000,-0.8800
1784776532.173972,8527,9118,3696,1848,119.0100,-1.0000
1784776532.225162,8583,9118,3687,1801,118.6800,3.5000
1784776532.277340,8499,9146,3734,1839,121.7100,-2.1300
1784776532.328341,8583,9156,3696,1792,116.6700,1.3700
1784776532.380080,8508,9184,3687,1886,121.7100,-0.8100
1784776532.431334,8499,9156,3687,1810,119.0100,2.3800
1784776532.483095,8518,9165,3705,1810,121.7100,-1.0000
1784776532.534934,8527,9231,3687,1876,116.3000,0.2500
1784776532.586131,8452,9193,3743,1764,116.3000,-0.5000
1784776532.638034,8527,9249,3677,1801,115.9200,-0.0600
1784776532.689345,8536,9240,3696,1773,115.9200,-0.0600
1784776532.741040,8536,9240,3743,1810,110.8900,-1.6300
1784776532.792365,8471,9193,3715,1773,110.8900,-1.6300
1784776532.844183,8471,9231,3677,1773,113.6000,-1.1900
1784776532.895256,8518,9268,3790,1820,113.6000,-0.8800
1784776532.947219,8499,9306,3762,1773,108.1900,0.8800
1784776532.998995,8574,9296,3743,1829,105.4800,0.1900
1784776533.050355,8518,9249,3705,1764,105.4800,-0.4400
1784776533.102036,8433,9287,3743,1801,102.7800,0.6900
1784776533.153393,8443,9278,3734,1707,100.0700,0.2500
1784776533.205087,8490,9306,3734,1764,97.3700,2.0000
1784776533.256251,8424,9306,3743,1735,100.0700,1.0000
1784776533.308133,8443,9306,3724,1792,94.6600,0.9400
1784776533.359385,8415,9371,3734,1810,97.3700,-1.3700
1784776533.411417,8452,9306,3780,1764,91.9600,1.4400
1784776533.463036,8433,9306,3734,1782,97.3700,-0.0600
1784776533.514436,8471,9296,3724,1726,91.9600,0.6300
1784776533.566074,8415,9343,3743,1792,91.9600,-0.1900
1784776533.617277,8471,9334,3771,1735,94.6600,-0.1200
1784776533.669436,8490,9362,3762,1801,94.6600,-0.0600
1784776533.720456,8424,9362,3724,1839,94.6600,0.5600
1784776533.772158,8527,9343,3818,1801,89.2500,-0.1900
1784776533.824005,8443,9399,3734,1848,86.5500,0.8100
1784776533.875343,8508,9399,3799,1810,86.5500,0.8100
1784776533.927101,8508,9324,3705,1848,87.5000,-0.6900
1784776533.978261,8433,9315,3743,1829,91.0800,0.3100
1784776534.030162,8490,9324,3705,1829,91.0800,0.3100
1784776534.081453,8490,9362,3762,1717,91.0800,0.3100
1784776534.133154,8490,9306,3752,1801,91.0800,0.3100
1784776534.184526,8461,9390,3743,1792,91.0800,0.3100
1784776534.236197,8424,9381,3752,1717,91.0800,0.3100
1784776534.288048,8452,9315,3771,1782,91.0800,0.3100
1784776534.339274,8452,9353,3752,1745,7.5100,0.5600
1784776534.391487,8452,9306,3743,1801,13.5200,10.1300
1784776534.442489,8452,9315,3715,1782,10.8200,12.6900
1784776534.494158,8396,9446,3677,1726,10.8200,17.9400
1784776534.545527,8311,9503,3621,1735,10.8200,16.3100
1784776534.597248,8349,9503,3677,1735,13.5200,19.3100
1784776534.648480,8349,9418,3593,1717,8.1100,19.5600
1784776534.700318,8321,9484,3649,1782,8.1100,17.7500
1784776534.752118,8321,9512,3593,1745,10.8200,16.2500
1784776534.803643,8311,9437,3593,1651,10.8200,16.2500
1784776534.855168,8349,9390,3612,1754,8.1100,16.3100
1784776534.906565,8443,9296,3602,1707,8.1100,16.2500
1784776534.958237,8443,9381,3621,1717,5.4100,12.6300
1784776535.009473,8377,9324,3621,1745,10.8200,15.5600
1784776535.061247,8405,9324,3621,1754,5.4100,11.2500
1784776535.112607,8396,9315,3593,1679,10.8200,12.3800
1784776535.164581,8396,9240,3546,1754,5.4100,11.6900
1784776535.216184,8386,9259,3565,1782,10.8200,12.8800
1784776535.267350,8293,9287,3640,1745,8.1100,12.1900
1784776535.319197,8396,9306,3583,1754,8.1100,10.0000
1784776535.370410,8321,9428,3546,1726,5.4100,10.2500
1784776535.422643,8321,9315,3574,1848,10.8200,6.2500
1784776535.473593,8321,9315,3555,1745,8.1100,6.3100
1784776535.525304,8293,9418,3537,1670,8.1100,7.1300
1784776535.577121,8283,9343,3518,1698,5.4100,5.8800
1784776535.628334,8283,9343,3583,1792,10.8200,6.5000
1784776535.680240,8424,9306,3555,1801,8.1100,6.1900
1784776535.731460,8349,9278,3630,1689,8.1100,5.4400
1784776535.783614,8358,9418,3612,1754,10.8200,5.0000
1784776535.835156,8358,9278,3612,1764,8.1100,4.8800
1784776535.886275,8330,9287,3565,1764,8.1100,2.8800
1784776535.937722,8396,9296,3537,1745,10.8200,3.8100
1784776535.989347,8396,9306,3555,1839,10.8200,3.3800
1784776536.041185,8293,9362,3583,1754,8.1100,3.6300
1784776536.092357,8330,9221,3480,1745,8.1100,3.6900
1784776536.144289,8321,9287,3508,1801,13.5200,4.1300
1784776536.195663,8368,9278,3537,1764,5.4100,1.0600
1784776536.247326,8368,9371,3527,1754,10.8200,4.5000
1784776536.298642,8368,9296,3527,1689,13.5200,1.4400
1784776536.350359,8396,9268,3527,1717,13.5200,4.8100
1784776536.401576,8349,9324,3508,1773,8.1100,2.3100
1784776536.453359,8349,9287,3546,1764,10.8200,1.6300
1784776536.505389,8368,9221,3537,1792,10.8200,2.5600
1784776536.556628,8330,9184,3490,1707,10.8200,1.3700
1784776536.608265,8311,9306,3461,1726,10.8200,2.1900
1784776536.659464,8330,9306,3452,1876,13.5200,2.3800
1784776536.711368,8293,9212,3443,1820,5.4100,0.3700
1784776536.762718,8321,9202,3490,1726,5.4100,1.3100
1784776536.814364,8321,9249,3527,1848,10.8200,0.5000
1784776536.865703,8293,9268,3546,1782,10.8200,0.5000
1784776536.917681,8293,9240,3490,1792,10.8200,0.5000
1784776536.969283,8255,9240,3518,1801,10.8200,0.5000
1784776537.020486,8311,9240,3583,1810,10.8200,0.5000
1784776537.072293,8339,9249,3490,1829,10.8200,0.5000
1784776537.123514,8293,9296,3546,1801,10.8200,0.5000
1784776537.175625,8339,9240,3555,1782,10.8200,0.5000
1784776537.226698,8330,9212,3565,1829,3.8900,0.2500
1784776537.278415,8330,9287,3555,1735,70.3200,3.1300
1784776537.329767,8246,9221,3583,1839,75.7300,-1.1200
1784776537.381459,8274,9193,3602,1848,97.3700,2.6300
1784776537.433311,8255,9212,3593,1782,102.7800,-0.4400
1784776537.484612,8283,9324,3583,1848,102.7800,0.3100
1784776537.536674,8321,9165,3630,1801,100.0700,-0.0600
1784776537.587731,8246,9165,3949,1839,94.6600,0.5600
1784776537.639375,8264,9184,3658,1792,97.3700,0.0000
1784776537.690720,8255,9249,3546,1867,94.6600,1.4400
1784776537.742414,8246,9249,3508,1792,91.9600,0.8100
1784776537.794276,8199,9221,3555,1895,91.0800,0.1200
1784776537.845515,8302,9184,3555,1876,87.5000,0.1200
1784776537.897341,8274,9174,3499,1942,94.6600,-0.8100
1784776537.948698,8208,9174,3499,1848,89.2500,1.1200
1784776538.000379,8208,9202,3518,1839,94.6600,-0.3100
1784776538.051717,8227,9127,3537,1764,91.9600,1.3700
1784776538.103415,8255,9146,3508,1792,94.6600,-0.5000
1784776538.154675,8255,9081,3518,1764,89.2500,1.2500
1784776538.206476,8199,9137,3518,1829,93.8400,-2.3100
1784776538.258300,8171,9090,3452,1801,92.8100,1.7500
1784776538.309757,8293,9052,3499,1848,94.6600,-1.7500
1784776538.361378,8293,9071,3499,1764,94.6600,1.2500
1784776538.412787,8171,9043,3480,1717,97.3700,-0.3100
1784776538.464465,8208,9081,3490,1773,97.3700,-0.3700
1784776538.515628,8218,9090,3518,1867,97.3700,-1.3700
1784776538.567514,8283,9062,3508,1904,97.3700,1.1200
1784776538.618798,8283,9071,3452,1914,100.0700,-0.3100
1784776538.670871,8208,9221,3546,1876,100.0700,-0.4400
1784776538.722424,8208,9052,3443,1876,105.4800,0.5600
1784776538.773541,8208,9081,3490,1867,100.0700,0.5600
1784776538.825464,8236,9090,3490,1839,105.4800,0.5000
1784776538.876579,8283,9062,3518,1904,108.1900,0.5000
1784776538.928493,8311,9081,3555,1820,105.4800,-0.5000
1784776538.979860,8264,9015,3555,1839,113.6000,-0.6900
1784776539.031505,8227,9024,3490,1820,108.1900,-0.1900
1784776539.082929,8236,8968,3508,1839,110.8900,-1.9400
1784776539.134525,8189,8996,3499,1848,113.6000,1.8100
1784776539.186424,8199,8949,3537,1829,110.8900,-4.5600
1784776539.237612,8227,8977,3546,1857,116.3000,3.0000
1784776539.289441,8330,8987,3480,1810,114.0200,-3.2500
1784776539.341022,8283,9034,3537,1886,121.7100,0.2500
1784776539.392471,8180,9062,3546,1867,119.0100,-3.6300
1784776539.443864,8246,8959,3508,1848,116.3000,-0.3100
1784776539.495516,8255,8968,3583,1886,121.4400,-0.6900
1784776539.546950,8321,8968,3546,1848,121.7100,0.4400
1784776539.598574,8208,8949,3621,1867,121.9800,0.0000
1784776539.650488,8218,8987,3640,1895,129.8300,0.6900
1784776539.701890,8180,8893,3630,1857,119.0100,0.4400
1784776539.753525,8189,8987,3602,1876,124.1900,0.0600
1784776539.804827,8199,8940,3649,1914,119.3200,0.1900
1784776539.856602,8133,8940,3612,1895,121.4400,1.3100
1784776539.907889,8180,8893,3649,1876,119.3200,-0.9400
1784776539.959592,8227,8977,3640,1904,127.1200,0.3100
1784776540.010864,8161,8949,3602,1867,127.1200,0.6900
1784776540.062865,8142,8968,3649,1914,124.4200,-0.3700
1784776540.114511,8236,8912,3677,1914,129.7100,-0.0600
1784776540.165652,8114,8884,3649,1839,127.2800,0.7500
1784776540.217528,8067,8846,3687,1923,132.5300,0.2500
1784776540.268686,8199,8865,3715,1961,135.2300,0.1900
1784776540.320571,8086,8902,3780,1923,132.5300,-0.0600
1784776540.372089,8124,8827,3809,1979,132.5300,0.0600
1784776540.423590,8114,8846,3959,1923,137.9400,-1.5000
1784776540.475038,8142,8827,3987,1979,135.2300,0.0600
1784776540.526700,8133,8818,4034,1914,137.9400,-2.3800
1784776540.578526,8077,8799,4249,1961,140.6400,-0.3700
1784776540.629750,8086,8780,4484,1942,143.5100,1.3700
1784776540.681922,8049,8790,3630,1923,143.1900,-0.1200
1784776540.733113,8067,8752,3640,1923,148.7600,-0.1900
1784776540.784644,8086,8771,3630,1998,148.7600,-0.1200
1784776540.836290,8058,8780,3724,2026,146.0500,1.7500
1784776540.887684,8058,8837,3799,2007,154.1700,1.1200
1784776540.939476,8058,8762,3799,1979,159.5800,-0.1200
1784776540.990828,8039,8808,3705,1979,159.5800,-1.5000
1784776541.042557,8021,8771,3612,1961,162.2800,-1.7500
1784776541.093930,8021,8743,3612,1951,162.2800,-1.1200
1784776541.145645,8002,8762,3612,1979,159.1000,-0.8800
1784776541.196977,8002,8705,3593,1998,162.8300,1.1200
1784776541.248711,7992,8790,3602,2007,162.2800,-1.1200
1784776541.299846,8002,8724,3574,1970,164.9900,0.6300
1784776541.351675,7983,8677,3583,2073,159.5800,2.1900
1784776541.403514,7983,8705,3565,2007,154.1700,0.6300
1784776541.454970,7945,8696,3574,1989,151.4600,0.2500
1784776541.506688,7936,8762,3621,2045,148.7600,1.3100
1784776541.557765,7870,8677,3555,2026,148.7600,0.4400
1784776541.609663,7964,8658,3593,2064,151.1400,-1.5600
1784776541.660837,7927,8705,3555,2064,160.0700,0.7500
1784776541.713006,7964,8658,3565,2101,156.8700,-1.3700
1784776541.764064,7889,8762,3546,2036,151.4600,-1.0000
1784776541.816047,7908,8705,3593,2064,154.1700,0.1200
1784776541.867576,7833,8705,3574,2045,159.1000,-0.3100
1784776541.918809,7889,8687,3574,2158,165.5900,0.3700
1784776541.970647,7945,8649,3555,2120,170.4000,1.4400
1784776542.022350,7852,8621,3612,2120,167.6900,0.2500
1784776542.074004,7870,8649,3602,2120,164.9900,1.9400
1784776542.125065,7852,8602,3583,2054,170.4000,-1.8800
1784776542.176697,7814,8602,3565,2073,173.1000,0.9400
1784776542.228576,7805,8658,3574,2129,173.1000,-1.3100
1784776542.279756,7795,8611,3612,2167,175.0100,-1.5000
1784776542.331628,7861,8630,3593,2101,187.6700,-1.7500
1784776542.382964,7758,9062,3593,2007,180.3100,0.2500
1784776542.435029,7758,8630,3630,2045,180.3100,0.2500
1784776542.486068,7664,8687,3649,2092,186.6200,1.5000
1784776542.537765,7739,8696,3640,2223,182.1500,-0.3100
1784776542.589041,7730,8621,3649,2195,181.2100,1.2500
1784776542.640744,7748,8649,3687,2261,173.1000,0.4400
1784776542.692628,7777,8583,3668,2233,172.3600,1.1200
1784776542.743806,7711,8771,3677,2298,176.6300,0.3700
1784776542.795668,7711,8696,3658,2204,169.7100,0.8100
1784776542.847056,7673,8696,3705,2223,175.8000,-0.2500
1784776542.898787,7720,8640,3687,2186,176.6300,-0.1900
1784776542.950052,7702,8611,3658,2120,180.3100,0.2500
1784776543.001765,7636,8677,3668,2129,173.1000,0.0600
1784776543.052951,7664,8649,3677,2242,178.5100,0.5600
1784776543.104855,7692,8583,3649,2242,179.3900,0.8800
1784776543.156770,7683,8630,3687,2242,178.5100,1.6300
1784776543.208069,7692,8677,3724,2242,172.3600,0.6300
1784776543.259706,7589,8733,3687,2261,181.2100,1.9400
1784776543.311045,7655,8818,3696,2261,175.8000,0.0000
1784776543.362799,7627,8621,3668,2326,184.9100,1.5600
1784776543.413924,7636,8649,3696,2280,181.2100,0.4400
1784776543.465784,7580,8602,3687,2355,189.3300,-1.4400
1784776543.517666,7589,8602,3696,2458,175.0100,-0.4400
1784776543.569060,7580,8696,3687,2561,181.2100,0.2500
1784776543.620713,7655,8649,3696,2467,181.2100,1.0600
1784776543.671877,7533,8555,3705,2467,175.8000,1.7500
1784776543.723750,7598,8621,3724,2448,181.2100,1.4400
1784776543.774952,7514,8555,3724,2458,181.2100,0.6300
1784776543.827001,7523,8565,3705,2458,175.8000,2.6300
1784776543.878592,7495,8574,3705,2561,173.1000,0.2500
1784776543.930350,7514,8480,3715,2411,178.5100,1.3700
1784776543.981694,7505,8508,3743,2430,175.8000,0.1200
1784776544.032859,7495,8461,3734,2598,178.5100,0.0600
1784776544.084754,7476,8499,3734,2355,178.5100,0.0600
1784776544.135930,7458,8499,3799,2401,167.0500,-0.3700
1784776544.187815,7486,8527,3762,2580,170.4000,-0.5000
1784776544.239135,7542,8602,3799,2298,171.1100,1.6900
1784776544.290828,7542,8602,3818,2317,164.9900,-0.6900
1784776544.342102,7542,8527,3790,2345,167.6900,0.8100
1784776544.393873,7542,8518,3799,2373,167.6900,-0.5600
1784776544.445731,7542,8396,3734,2336,167.6900,0.2500
1784776544.496926,7542,8415,3752,2692,167.6900,-0.8800
1784776544.548790,7467,8490,3809,2364,170.4000,-0.1900
1784776544.600121,7430,8490,3762,2664,170.4000,-1.5600
1784776544.651839,7439,8433,3696,2420,173.1000,-3.0000
1784776544.703149,7448,8490,3780,2364,173.1000,-2.2500
1784776544.754891,7373,8264,3827,2383,173.1000,-3.5600
1784776544.806232,7392,8264,3827,2392,173.1000,-0.1900
1784776544.857908,7383,8368,3837,2401,175.8000,0.9400
1784776544.909794,7495,8368,3827,2317,173.1000,0.2500
1784776544.961216,7495,8368,3799,2392,173.1000,-0.5000
1784776545.012862,7392,8293,3809,2477,170.4000,2.1300
1784776545.064262,7392,8471,3799,2420,170.4000,1.3100
1784776545.115863,7373,8358,3799,2458,169.7100,1.0600
1784776545.167117,7354,8302,3799,2401,171.1100,1.0000
1784776545.218910,7354,8255,3790,2458,175.8000,2.5600
1784776545.270154,7354,8283,3865,2458,169.7100,2.1900
1784776545.322301,7373,8377,3837,2486,175.8000,-2.2500
1784776545.373827,7326,8283,3780,2477,173.8700,-0.3700
1784776545.425257,7345,8274,3874,2495,167.0500,-0.1900
1784776545.476861,7326,8293,3827,2467,173.1000,-1.5600
1784776545.528112,7279,8283,3846,2514,176.6300,1.3700
1784776545.580024,7298,8274,3837,2495,169.7100,1.7500
1784776545.631167,7308,8246,3902,2495,179.3900,0.5000
1784776545.683259,7214,8171,3818,2533,175.8000,0.5600
1784776545.734314,7373,8293,3855,2514,175.8000,0.5600
1784776545.786036,7308,8218,3874,2533,175.8000,0.6300
1784776545.837867,7251,8208,3837,2542,173.1000,0.3700
1784776545.889063,7261,8208,3818,2561,169.7100,-0.7500
1784776545.940905,7279,8208,3874,2552,170.4000,-0.8100
1784776545.992088,7214,8152,3818,2533,179.3900,-1.5600
1784776546.043924,7242,8124,3865,2542,173.1000,0.9400
1784776546.095313,7242,8133,3912,2552,172.3600,-1.1900
1784776546.146974,7242,8114,3912,2542,173.8700,0.8100
1784776546.198843,7233,8124,3902,2542,175.0100,0.5000
1784776546.250023,7233,8152,3874,2589,171.1100,2.3100
1784776546.301897,7261,8058,3837,2589,170.4000,0.0600
1784776546.353316,7195,8124,3874,2589,167.6900,0.8800
1784776546.404926,7186,8096,3940,2645,169.7100,1.3100
1784776546.456358,7167,8058,3912,2645,167.6900,-0.7500
1784776546.508034,7139,8039,3902,2645,164.9900,0.9400
1784776546.559341,7139,8077,3902,2617,167.6900,-1.3100
1784776546.611027,7167,8058,3949,2692,164.9900,-0.5000
1784776546.662915,7101,8002,3921,2683,164.9900,-0.0600
1784776546.714450,7129,8030,3893,2645,171.1100,-0.2500
1784776546.765955,7139,8021,3940,2739,167.0500,1.4400
1784776546.817336,7120,8011,3912,2692,175.8000,-0.6900
1784776546.868973,7129,8002,3959,2702,176.6300,1.2500
1784776546.920362,7082,7945,3987,2683,172.3600,-1.2500
1784776546.972211,7082,7992,3959,2674,173.1000,2.2500
1784776547.023877,7054,7974,3987,2702,170.4000,0.3100
1784776547.075358,7054,7917,3968,2739,170.4000,0.3100
1784776547.126930,7026,7889,3968,2749,167.6900,-1.8100
1784776547.178338,7026,7889,3968,2749,167.6900,-3.0000
1784776547.230221,6998,7861,3949,2777,170.4000,-1.7500
1784776547.281161,7036,7861,3977,2711,167.6900,-2.3800
1784776547.333070,7036,7899,3977,2730,173.1000,0.1200
1784776547.384236,7007,7889,3968,2739,173.1000,0.1200
1784776547.436376,7007,7927,4006,2758,170.4000,0.1900
1784776547.488071,7026,7833,4034,2739,173.1000,1.1200
1784776547.539316,6932,7889,4006,2805,170.4000,-0.3100
1784776547.591049,6951,7880,4006,2805,167.6900,1.0600
1784776547.642172,6998,7880,4015,2749,167.0500,0.3700
1784776547.694021,6942,7870,4006,2749,171.1100,1.5600
1784776547.745216,6932,7861,4006,2824,167.6900,0.3100
1784776547.797351,6895,7861,4043,2880,170.4000,0.4400
1784776547.848546,6895,7795,4071,2870,173.1000,0.1900
1784776547.900113,6867,7795,4062,2758,178.5100,0.2500
1784776547.951949,6932,7777,4043,2758,178.5100,-0.6300
1784776548.003141,6895,7777,4024,2814,177.6600,0.6300
1784776548.055011,6885,7777,4062,2814,184.9100,1.5000
1784776548.106477,6885,7786,4062,2814,183.9200,1.0600
1784776548.158498,6885,7720,4024,2852,185.6200,0.1900
1784776548.209382,6885,7711,4099,2852,186.6200,-0.3700
1784776548.261095,6885,7720,4099,2786,187.6700,2.2500
1784776548.312400,6876,7730,4109,2767,180.3100,1.0600
1784776548.364258,6810,7711,4090,2767,175.8000,-1.6300
1784776548.415989,6792,7683,4071,2767,170.4000,-0.1200
1784776548.467190,6801,7711,4109,2852,176.6300,-1.3100
1784776548.519049,6839,7683,4071,2842,175.8000,1.0000
1784776548.570398,6782,7645,4137,2730,172.3600,0.3700
1784776548.622092,6820,7645,4109,2814,167.6900,1.7500
1784776548.673407,6801,7673,4090,2805,171.1100,0.1900
1784776548.725179,6782,7673,4184,2889,159.1000,2.0600
1784776548.776302,6763,7645,4146,2880,167.6900,-0.1200
1784776548.828191,6745,7645,4137,2974,162.2800,1.0000
1784776548.880063,6717,7645,4146,2917,159.5800,0.3700
1784776548.931427,6745,7645,4146,2880,162.2800,0.4400
1784776548.983139,6726,7636,4146,2955,156.8700,-0.0600
1784776549.034452,6717,7673,4174,3405,162.2800,0.8100
1784776549.086125,6717,7683,4146,3433,159.1000,0.8800
1784776549.137337,6717,7645,4118,3246,159.1000,0.8800
1784776549.189170,6670,7617,4212,3246,161.7500,2.1900
1784776549.240509,6679,7636,4174,3471,160.0700,-1.0000
1784776549.292432,6745,7608,4156,3471,156.4500,0.6300
1784776549.344493,6717,7655,4221,3461,162.2800,-0.3700
1784776549.395263,6660,7627,4203,3443,160.0700,0.6300
1784776549.447131,6698,7551,4203,3424,151.1400,-0.7500
1784776549.498306,6651,7561,4240,3358,156.8700,0.6900
1784776549.550193,6642,7570,4231,3424,159.5800,-1.1200
1784776549.601470,6613,7514,4193,3424,162.2800,-1.3700
1784776549.653490,6623,7589,4203,3255,159.5800,-2.8100
1784776549.704469,6585,7542,4306,3321,162.2800,-0.2500
1784776549.756241,6585,7533,4268,3321,164.9900,-2.7500
1784776549.808123,6623,7570,4231,3330,170.4000,-0.6900
1784776549.859322,6623,7523,4249,3386,170.4000,-0.5600
1784776549.911167,6595,7523,4268,3386,170.4000,-0.3100
1784776549.962601,6632,7486,4221,3415,173.1000,-0.8800
1784776550.014517,6576,7467,4278,3415,170.4000,1.2500
1784776550.065501,6529,7467,4259,3424,170.4000,-3.5600
1784776550.117288,6566,7458,4296,3386,175.8000,-1.2500
1784776550.169135,6576,7476,4249,3377,175.8000,2.7500
1784776550.220284,6501,7486,4296,3311,170.4000,-1.1900
1784776550.272299,6548,7420,4325,3321,173.1000,0.8100
1784776550.323522,6529,7448,4259,3396,173.1000,-1.8800
1784776550.375246,6520,7505,4278,3433,167.0500,1.5000
1784776550.426532,6491,7448,4334,3340,171.1100,-1.7500
1784776550.478306,6482,7495,4287,3311,175.8000,2.9400
1784776550.529549,6473,7430,4278,3349,173.1000,-0.0600
1784776550.581332,6491,7495,4362,3340,175.0100,0.1200
1784776550.633189,6501,7383,4306,3302,182.1500,-1.3700
1784776550.684356,6454,7420,4343,3368,172.3600,-0.3700
1784776550.736195,6435,7505,4296,3396,170.4000,-0.1200
1784776550.787565,6445,7373,4334,3415,170.4000,-0.1200
1784776550.839326,6445,7392,4306,3433,175.0100,-2.8800
1784776550.890578,6454,7430,4362,3377,173.1000,1.1200
1784776550.942300,6454,7411,4325,3311,176.6300,-0.8100
1784776550.994143,6379,7383,4371,3293,169.7100,1.0600
1784776551.045338,6407,7373,4353,3377,175.8000,-0.1200
1784776551.097203,6398,7383,4362,3368,173.1000,0.8100
1784776551.148583,6398,7364,4343,3490,173.8700,-0.0600
1784776551.200258,6332,7345,4381,3593,164.4000,1.6300
1784776551.251563,6332,7336,4334,3405,167.6900,0.5000
1784776551.303471,6388,7383,4343,3377,167.6900,0.1200
1784776551.354489,6341,7289,4325,3433,170.4000,1.5600
1784776551.406349,6332,7336,4381,3368,171.1100,-1.1200
1784776551.458217,6360,7354,4437,3415,173.1000,1.5600
1784776551.509595,6304,7336,4390,3452,167.0500,-1.6300
1784776551.561357,6332,7317,4390,3368,173.8700,-0.1900
1784776551.612633,6313,7383,4371,3471,169.7100,-0.7500
1784776551.664285,6257,7326,4456,3471,170.4000,1.8800
1784776551.715468,6266,7308,4409,3471,173.1000,-0.1200
1784776551.767357,6285,7289,4409,3490,173.1000,2.0600
1784776551.819261,6276,7345,4418,3499,170.4000,-0.5000
1784776551.870709,6276,7261,4493,3424,175.8000,1.8100
1784776551.922261,6266,7270,4465,3433,176.6300,0.4400
1784776551.973421,6276,7251,4493,3415,164.4000,0.0000
1784776552.025296,6229,7270,4465,3424,173.8700,1.7500
1784776552.076458,6238,7279,4475,3433,169.7100,-2.5600
1784776552.128573,6173,7186,4475,3480,175.8000,-3.8100
1784776552.179643,6201,7261,4550,3527,173.1000,-1.6900
1784776552.231370,6182,7242,4531,3396,170.4000,-1.2500
1784776552.282662,6210,7195,4503,3452,175.8000,5.2500
1784776552.334419,6201,7186,4531,3527,181.2100,-2.7500
1784776552.386285,6126,7186,4531,3490,178.5100,-2.1900
1784776552.437481,6182,7195,4484,3518,178.5100,-2.1900
1784776552.489368,6201,7167,4484,3593,170.4000,-2.3800
1784776552.540679,6116,7176,4484,3546,175.8000,1.3700
1784776552.592365,6154,7176,4531,3546,167.6900,-0.4400
1784776552.643637,6107,7101,4568,3649,173.1000,0.2500
1784776552.695419,6097,7129,4484,3583,173.1000,-0.6300
1784776552.746691,6088,7129,4550,3574,167.0500,-1.0600
1784776552.798443,6135,7139,4597,3574,168.3500,-0.6900
1784776552.850315,6116,7111,4568,3612,173.1000,0.0000
1784776552.901707,6088,7148,4559,3593,162.2800,1.4400
1784776552.953394,6079,7101,4540,3593,167.6900,0.3100
1784776553.004692,6041,7092,4625,3612,167.6900,0.9400
1784776553.056395,6088,7045,4578,3612,169.7100,-0.3700
1784776553.107566,6022,7064,4550,3612,173.1000,0.3700
1784776553.159442,6032,7045,4587,3602,170.4000,-1.3100
1784776553.210695,6013,7092,4634,3583,176.6300,0.5600
1784776553.262725,6004,7054,4615,3621,175.8000,0.1900
1784776553.314353,6004,7017,4587,3705,173.1000,-2.1900
1784776553.365742,5985,7045,4597,3696,172.3600,0.8800
1784776553.417396,6004,7036,4578,3612,176.6300,-1.3100
1784776553.468598,5994,7036,4625,3583,175.0100,1.0000
1784776553.520451,5947,7026,4634,3649,176.6300,0.3100
1784776553.571750,5929,7007,4587,3705,175.0100,-0.2500
1784776553.623801,5994,6970,4587,3668,173.1000,-0.7500
1784776553.674830,5976,6989,4662,3640,176.6300,2.0600
1784776553.726504,5957,6970,4653,3677,169.7100,0.6300
1784776553.778380,5938,6951,4634,3771,176.6300,0.8100
1784776553.829537,5957,6970,4653,3762,169.7100,-0.2500
1784776553.881456,5957,6923,4634,3705,176.6300,-0.1200
1784776553.932998,5891,6932,4653,3724,169.7100,0.1900
1784776553.984480,5891,6951,4625,3705,173.8700,-0.0600
1784776554.035741,5872,6942,4606,3630,171.1100,0.3700
1784776554.087521,5872,6904,4634,3715,171.1100,0.3700
1784776554.139392,5863,6876,4625,3837,167.6900,1.1200
1784776554.190580,5816,6904,4653,3752,173.1000,0.5000
1784776554.242440,5844,6914,4662,3724,175.8000,1.7500
1784776554.293786,5788,6904,4681,3762,178.5100,0.2500
1784776554.345472,5807,6876,4662,3780,179.3900,0.0000
1784776554.396806,5807,6876,4672,3865,175.0100,0.1200
1784776554.448565,5788,6867,4681,3827,173.1000,0.8100
1784776554.499804,5807,6857,4653,3846,178.5100,-1.0000
1784776554.551680,5779,6857,4775,3734,173.1000,-0.8100
1784776554.603439,5788,6829,4775,3809,178.5100,-0.3100
1784776554.654813,5760,6829,4700,3780,183.9200,-0.7500
1784776554.706497,5750,6810,4709,3893,178.5100,1.1200
1784776554.757849,5760,6810,4700,3837,181.2100,-0.8100
1784776554.809511,5769,6801,4737,3865,175.8000,0.5600
1784776554.860831,5741,6820,4718,3827,175.8000,0.8100
1784776554.912555,5797,6820,4756,3921,178.5100,0.6900
1784776554.964426,5741,6792,4718,3874,178.5100,0.4400
1784776555.015828,5713,6763,4775,3912,173.1000,1.0600
1784776555.067468,5750,6763,4747,3855,178.5100,0.3100
1784776555.118846,5722,6754,4700,3855,181.2100,-0.1900
1784776555.170517,5722,6735,4747,3902,178.5100,-0.3100
1784776555.221748,5703,6754,4794,3931,178.5100,0.5000
1784776555.273567,5685,6763,4784,3921,169.7100,1.0600
1784776555.325055,5732,6717,4737,3931,179.3900,0.2500
1784776555.376976,5694,6745,4756,3959,169.7100,1.2500
1784776555.428452,5694,6670,4831,3940,176.6300,1.8100
1784776555.479675,5694,6688,4756,3921,164.9900,0.6300
1784776555.531513,5685,6679,4794,3987,169.7100,1.7500
1784776555.582923,5666,6745,4784,3959,171.1100,-1.0000
1784776555.634553,5638,6679,4747,3968,167.0500,1.1900
1784776555.685780,5675,6735,4850,3968,173.1000,-1.0600
1784776555.738689,5657,6698,4869,4052,175.0100,-1.8100
1784776555.789011,5610,6698,4822,4034,178.5100,0.0600
1784776555.840719,5591,6670,4840,3959,182.1500,-0.6300
1784776555.892509,5582,6651,4840,3996,175.0100,2.0000
1784776555.943700,5600,6651,4812,4015,181.2100,-0.3100
1784776555.995552,5582,6651,4859,4034,178.5100,1.3700
1784776556.046761,5563,6632,4840,4024,175.8000,0.5000
1784776556.098634,5544,6632,4878,3968,173.1000,1.4400
1784776556.149969,5544,6651,4850,4043,176.6300,1.0600
1784776556.201675,5544,6642,4850,4015,164.4000,0.6900
1784776556.252990,5582,6632,4878,4099,176.6300,0.5000
1784776556.304684,5488,6604,4850,4090,170.4000,-0.8800
1784776556.356569,5497,6623,4859,4109,170.4000,1.5600
1784776556.407958,5525,6632,4915,4137,167.0500,-1.6900
1784776556.459640,5469,6595,4878,4184,170.4000,0.7500
1784776556.510977,5488,6613,4869,4128,167.6900,-2.4400
1784776556.562637,5497,6566,4915,4212,173.1000,0.6900
1784776556.614110,5478,6576,4944,4137,170.4000,-0.4400
1784776556.665697,5488,6548,4944,4137,173.1000,0.3700
1784776556.717556,5431,6566,4944,4165,182.1500,0.5000
1784776556.768964,5403,6566,4925,4128,172.3600,0.1200
1784776556.820627,5422,6595,4915,4184,170.4000,-0.8800
1784776556.871988,5385,6557,4925,4165,173.1000,-0.6900
1784776556.923628,5394,6557,5009,4193,173.1000,-0.5000
1784776556.974913,5413,6557,4962,4203,178.5100,-1.5000
1784776557.026716,5413,6538,4897,4231,178.5100,-2.8100
1784776557.078552,5338,6491,4934,4203,183.9200,0.2500
1784776557.130248,5366,6520,4925,4278,178.5100,-1.4400
1784776557.181609,5328,6501,4962,4212,183.9200,1.7500
1784776557.233038,5385,6473,4972,4249,183.9200,-0.5000
1784776557.284650,5319,6520,4944,4240,178.5100,0.5000
1784776557.335854,5328,6454,5028,4240,175.0100,1.0000
1784776557.387743,5338,6473,4991,4325,179.3900,-0.3700
1784776557.439045,5309,6445,5009,4306,170.4000,-0.3100
1784776557.491444,5338,6435,4991,4306,175.8000,-2.1300
1784776557.543042,5347,6510,5075,4268,170.4000,0.7500
1784776557.593810,5291,6426,5056,4353,178.5100,-1.5000
1784776557.645650,5309,6426,4991,4306,175.0100,1.1200
1784776557.696801,5291,6445,5103,4296,182.1500,0.5600
1784776557.748711,5300,6416,5075,4353,173.1000,0.5000
1784776557.799870,5244,6407,5159,4343,177.6600,-0.3700
1784776557.852076,5272,6398,5094,4315,176.6300,0.5600
1784776557.903064,5253,6435,5056,4306,175.8000,0.1900
1784776557.954903,5244,6370,5141,4315,173.1000,-3.6300
1784776558.006741,5206,6398,5112,4390,173.1000,0.4400
1784776558.057933,5178,6398,5122,4390,173.1000,0.1200
1784776558.109803,5197,6351,5084,4390,178.5100,-1.3100
1784776558.161006,5188,6351,5122,4334,175.8000,-2.9400
1784776558.212717,5234,6360,5066,4418,177.6600,-0.5000
1784776558.264415,5178,6304,5131,4428,178.5100,-0.6900
1784776558.315742,5188,6351,5188,4437,178.5100,-0.5000
1784776558.367077,5159,6332,5094,4381,182.1500,0.6300
1784776558.418819,5141,6370,5112,4446,175.0100,0.5000
1784776558.470664,5178,6294,5206,4446,173.1000,-0.1200
1784776558.521891,5141,6313,5150,4456,173.1000,0.8100
1784776558.573836,5169,6313,5178,4484,173.1000,-0.8800
1784776558.625489,5122,6294,5159,4512,173.8700,0.8100
1784776558.676751,5206,6360,5188,4475,167.0500,0.8800
1784776558.728104,5141,6294,5159,4475,176.6300,2.0000
1784776558.779799,5112,6276,5178,4503,167.0500,-1.2500
1784776558.830968,5141,6276,5244,4531,173.1000,0.0600
1784776558.883121,5075,6313,5216,4540,175.8000,-1.1200
1784776558.934675,5150,6257,5197,4559,170.4000,-1.0600
1784776558.986085,5094,6276,5206,4522,178.5100,0.7500
1784776559.037762,5066,6276,5216,4550,178.5100,0.1200
1784776559.088972,5112,6238,5244,4578,175.8000,0.0600
1784776559.140823,5028,6229,5206,4550,186.6200,-0.0600
1784776559.191983,5028,6276,5244,4615,178.5100,0.0000
1784776559.244142,5028,6201,5263,4597,181.2100,2.2500
1784776559.295164,5094,6210,5281,4615,175.8000,0.0000
1784776559.347170,5019,6229,5234,4568,184.9100,-1.5600
1784776559.398792,5037,6248,5263,4578,175.0100,-1.7500
1784776559.449913,5009,6201,5272,4587,181.2100,2.2500
1784776559.501790,4991,6210,5319,4568,178.5100,0.8100
1784776559.552956,4981,6135,5319,4578,178.5100,0.5000
1784776559.605304,4981,6182,5272,4653,178.5100,0.5000
1784776559.656193,5000,6182,5347,4634,173.8700,0.3100
1784776559.707874,4991,6163,5319,4653,172.3600,1.3700
1784776559.759730,4981,6144,5328,4653,173.1000,0.2500
1784776559.810905,4953,6154,5347,4672,164.9900,0.3700
1784776559.862808,4944,6135,5375,4690,167.6900,0.3100
1784776559.914016,4991,6088,5385,4681,167.6900,0.7500
1784776559.965839,4934,6116,5403,4578,170.4000,0.6300
1784776560.017159,4878,6135,5497,4672,167.6900,-0.5600
1784776560.068869,4887,6088,5450,4709,173.1000,-0.5600
1784776560.120332,4878,6079,5413,4653,173.1000,-0.6900
1784776560.172223,4897,6088,5431,4709,170.4000,0.5000
1784776560.223758,4934,6088,5488,4700,170.4000,-0.5000
1784776560.274965,4840,6069,5478,4690,173.1000,0.5600
1784776560.326835,4887,6088,5478,4718,173.1000,-0.7500
1784776560.378191,4869,6097,5525,4690,175.8000,0.6900
1784776560.429876,4859,6060,5497,4737,175.8000,-0.8100
1784776560.481205,4850,6004,5535,4718,175.8000,1.2500
1784776560.532924,4812,6069,5535,4775,169.7100,-0.6300
1784776560.584079,4822,6013,5497,4728,176.6300,-0.9400
1784776560.636050,4784,6051,5506,4765,173.1000,-0.1200
1784776560.687839,4784,6032,5469,4718,175.8000,0.4400
1784776560.739216,4803,6022,5544,4765,175.0100,1.3700
1784776560.790884,4794,6004,5582,4840,176.6300,0.5600
1784776560.842187,4794,5994,5628,4831,175.8000,1.1900
1784776560.893931,4737,5985,5563,4794,169.7100,1.4400
1784776560.945080,4775,5985,5638,4784,175.8000,0.3100
1784776560.996969,4737,5966,5544,4775,173.8700,-0.5000
1784776561.048826,4718,5994,5600,4822,170.4000,-0.8100
1784776561.100218,4728,5957,5572,4831,170.4000,0.6300
1784776561.151870,4775,5976,5516,4812,167.0500,-0.1900
1784776561.203055,4747,5966,5647,4803,173.1000,1.5600
1784776561.254908,4700,5929,5619,4775,176.6300,-0.4400
1784776561.306370,4700,5891,5563,4775,169.7100,-0.3100
1784776561.358222,4690,5929,5638,4897,179.3900,0.1900
1784776561.409252,4681,5919,5638,4812,173.1000,-2.0000
1784776561.461276,4690,5919,5675,4869,178.5100,1.0600
1784776561.512859,4681,5947,5628,4850,175.0100,-0.5600
1784776561.564115,4653,5919,5628,4850,178.5100,-0.0600
1784776561.615939,4662,5919,5638,4915,182.1500,-0.7500
1784776561.667091,4625,5929,5694,5028,178.5100,0.0600
1784776561.719049,4643,5900,5600,4944,175.8000,0.1900
1784776561.770505,4690,5900,5703,4925,178.5100,-1.5600
1784776561.822016,4568,5891,5675,4925,175.8000,0.5600
1784776561.873291,4606,5900,5722,5112,178.5100,5.4400
1784776561.925062,4634,5900,5732,5000,190.9200,-4.8100
1784776561.976928,4653,5891,5722,5253,178.5100,2.3100
1784776562.028080,4653,5891,5797,5216,183.9200,-2.0000
1784776562.079960,4606,5854,5807,5216,175.8000,2.1900
1784776562.131308,4578,5863,5741,5216,175.8000,0.9400
1784776562.183007,4597,5835,5816,5169,179.3900,0.8100
1784776562.234308,4540,5807,5769,5291,178.5100,0.8800
1784776562.286038,4503,5844,5807,5347,172.3600,0.6900
1784776562.337343,4578,5825,5900,5075,182.1500,1.2500
1784776562.389093,4512,5825,5863,4981,182.9600,0.5000
1784776562.440958,4540,5807,5741,4944,178.5100,0.4400
1784776562.492294,4512,5825,5816,5394,175.8000,-1.7500
1784776562.543995,4531,5835,5788,5253,178.5100,2.3100
1784776562.595315,4493,5816,5825,5206,184.9100,-0.3100
1784776562.647032,4493,5788,5882,5103,175.0100,1.2500
1784776562.698266,4475,5797,5882,4906,175.8000,-0.0600
1784776562.750081,4503,5816,5844,5112,175.8000,1.1200
1784776562.801343,4428,5816,5854,5497,178.5100,0.9400
1784776562.853360,4475,5779,5957,5431,175.8000,1.0600
1784776562.904984,4465,5779,5938,5328,178.5100,-0.2500
1784776562.956263,4418,5816,5854,5460,178.5100,-2.3100
1784776563.008026,4409,5816,5882,5478,178.5100,-1.2500
1784776563.059234,4418,5769,5882,5450,183.9200,-1.4400
1784776563.111104,4390,5760,5966,5441,183.9200,0.7500
1784776563.162378,4446,5741,5891,5422,183.9200,2.1900
1784776563.214166,4371,5769,5891,5263,186.6200,0.4400
1784776563.265361,4390,5703,5938,5450,183.9200,0.5000
1784776563.317207,4362,5760,5929,5272,183.9200,0.6900
1784776563.369017,4334,5685,5929,5460,183.9200,-0.3700
1784776563.420189,4325,5722,5938,5460,178.5100,-0.1200
1784776563.472124,4343,5713,5929,5535,181.2100,0.2500
1784776563.523376,4381,5769,6022,5572,178.5100,-0.9400
1784776563.575240,4315,5638,5929,5497,178.5100,-0.2500
1784776563.626402,4287,5657,6004,5563,181.2100,-1.5600
1784776563.678155,4278,5675,5947,5506,178.5100,0.1900
1784776563.730031,4268,5628,5947,5582,181.2100,0.0600
1784776563.781198,4278,5628,6041,5516,181.2100,-0.1900
1784776563.833073,4287,5657,6041,5591,181.2100,0.4400
1784776563.884423,4184,5666,5985,5591,175.0100,-0.1900
1784776563.936115,4315,5610,6051,5460,184.9100,-0.1200
1784776563.987420,4221,5638,6022,5572,178.5100,-0.5600
1784776564.039145,4306,5591,5994,5535,178.5100,-0.0600
1784776564.091045,4221,5619,6022,5516,181.2100,-6.1300
1784776564.142267,4278,5647,6051,5582,182.1500,1.3100
1784776564.194090,4278,5535,6032,5628,172.3600,-1.0000
1784776564.245464,4156,5610,6022,5638,173.1000,2.3800
1784776564.297127,4212,5619,6041,5657,167.6900,-0.0600
1784776564.348458,4193,5591,6107,5619,170.4000,0.7500
1784776564.400181,4156,5544,6135,5666,162.2800,-2.0600
1784776564.451469,4165,5600,6097,5600,171.1100,0.8100
1784776564.503204,4137,5591,6135,5572,164.4000,0.6300
1784776564.555046,4174,5553,6069,5591,175.8000,-1.8100
1784776564.606463,4137,5582,6079,5628,178.5100,0.6300
1784776564.658288,4193,5535,6041,5647,186.6200,0.3700
1784776564.709486,4071,5497,6088,5553,178.5100,-0.0600
1784776564.761171,4099,5525,6107,5619,182.1500,0.1900
1784776564.812335,4090,5535,6097,5647,175.8000,0.0000
1784776564.864223,4043,5469,6107,5619,178.5100,-0.5600
1784776564.916060,4052,5478,6144,5666,178.5100,1.3100
1784776564.967513,4062,5506,6135,5722,169.7100,-0.6900
1784776565.019129,4052,5469,6107,5769,175.8000,0.5600
1784776565.070439,4043,5450,6182,5694,175.8000,-0.4400
1784776565.122168,4024,5431,6201,5694,178.5100,-0.3700
1784776565.173357,3996,5488,6135,5713,182.1500,-1.3700
1784776565.225222,3987,5469,6182,5685,172.3600,-0.1900
1784776565.276504,3959,5516,6248,5666,178.5100,0.0600
1784776565.328732,3959,5469,6163,5666,182.1500,-2.4400
1784776565.379536,3968,5460,6201,5619,181.2100,-0.3700
1784776565.431375,3959,5441,6257,5657,185.6200,-2.0000
1784776565.483190,3959,5441,6229,5732,183.9200,1.1200
1784776565.534319,3893,5441,6248,5741,183.9200,1.3100
1784776565.586214,3893,5460,6276,5779,183.9200,0.3100
1784776565.637542,3959,5403,6248,5750,186.6200,0.9400
1784776565.689263,3921,5366,6257,5750,183.9200,1.1900
1784776565.740555,3893,5403,6257,5750,181.2100,1.8100
1784776565.792292,3940,5431,6276,5750,178.5100,0.8100
1784776565.844203,3940,5394,6257,5779,181.2100,1.5000
1784776565.895461,3931,5366,6257,5779,178.5100,-0.2500
1784776565.947209,3837,5366,6323,5760,175.0100,-1.6900
1784776565.998575,3902,5385,6370,5825,182.1500,1.4400
1784776566.050236,3874,5385,6370,5797,180.3100,-0.2500
1784776566.101582,3902,5385,6370,5797,182.1500,1.5000
1784776566.153296,3902,5385,6370,5797,181.2100,0.2500
1784776566.204576,3884,5385,6360,5825,183.9200,0.7500
1784776566.256324,3874,5450,6360,5825,177.6600,1.3100
1784776566.308161,3884,5450,6360,5825,178.5100,-0.6900
1784776566.359593,3818,5338,6360,5966,182.1500,1.5000
1784776566.411258,3874,5338,6360,5863,178.5100,-1.6900
1784776566.462594,3837,5338,6351,5854,175.0100,0.4400
1784776566.514290,3855,5300,6388,5854,179.3900,-2.2500
1784776566.565451,3865,5300,6388,5835,178.5100,-0.6900
1784776566.617362,3846,5309,6435,5919,178.5100,-1.8100
1784776566.668594,3752,5272,6398,5863,181.2100,0.8800
1784776566.720608,3771,5272,6388,5929,175.8000,-1.3700
1784776566.772264,3762,5291,6416,5882,177.6600,0.3700
1784776566.823621,3752,5225,6435,5900,175.8000,-1.6300
1784776566.875302,3790,5281,6426,5919,176.6300,1.7500
1784776566.926463,3771,5281,6473,5863,175.8000,-2.4400
1784776566.978344,3724,5244,6445,5910,170.4000,0.1200
1784776567.029619,3734,5300,6426,5910,175.8000,-0.9400
1784776567.081657,3752,5253,6435,5910,175.0100,-1.0000
1784776567.133266,3771,5272,6426,5957,176.6300,0.2500
1784776567.184412,3743,5309,6426,5957,178.5100,-1.3100
1784776567.236295,3743,5216,6501,5966,173.1000,0.7500
1784776567.287665,3724,5263,6520,6032,169.7100,-1.3100
1784776567.339340,3762,5169,6482,6004,173.1000,1.2500
1784776567.390699,3668,5225,6491,5994,175.8000,-0.1200
1784776567.443104,3687,5244,6473,5957,173.1000,-0.3100
1784776567.493800,3649,5225,6548,6013,175.8000,1.5000
1784776567.545536,3668,5225,6491,6004,175.8000,-0.3700
1784776567.597283,3602,5159,6576,6004,181.2100,0.6900
1784776567.648482,3658,5169,6520,6032,178.5100,-2.4400
1784776567.700359,3621,5188,6529,6022,178.5100,-1.9400
1784776567.751667,3602,5169,6557,6032,184.9100,-1.7500
1784776567.803540,3583,5150,6566,6004,177.6600,-1.1200
1784776567.854706,3574,5159,6557,6032,183.9200,-0.0600
1784776567.906418,3583,5150,6632,6032,181.2100,0.0000
1784776567.957705,3574,5159,6548,6022,181.2100,0.0000
1784776568.009449,3555,5159,6557,6079,184.9100,0.0000
1784776568.061420,3574,5094,6595,6135,178.5100,1.8100
1784776568.112711,3499,5141,6566,6060,178.5100,-0.5000
1784776568.164397,3555,5112,6585,6107,177.6600,1.7500
1784776568.215809,3565,5131,6595,6107,175.8000,-0.2500
1784776568.267432,3508,5150,6660,6097,173.8700,-0.1900
1784776568.318588,3499,5103,6623,6210,169.7100,-0.1900
1784776568.370483,3518,5112,6670,6154,176.6300,-1.2500
1784776568.422316,3499,5112,6613,6210,172.3600,0.8100
1784776568.473712,3443,5103,6698,6210,175.8000,0.0000
1784776568.525369,3480,5056,6660,6191,173.1000,0.3700
1784776568.576742,3490,5094,6698,6126,179.3900,0.1200
1784776568.628488,3452,5047,6651,6191,169.7100,-0.0600
1784776568.679711,3499,5056,6679,6210,182.1500,0.2500
1784776568.731483,3433,5075,6698,6163,175.0100,-0.3700
1784776568.782945,3452,5047,6660,6219,186.6200,-1.3700
1784776568.834785,3490,5047,6726,6248,183.9200,-0.1900
1784776568.886379,3471,4972,6679,6257,183.9200,-3.8800
1784776568.937959,3358,5019,6698,6257,186.6200,0.5600
1784776568.989424,3368,4991,6745,6276,181.2100,-2.0600
1784776569.040647,3405,5009,6707,6266,183.9200,0.0000
1784776569.093075,3415,5019,6763,6248,183.9200,1.3700
1784776569.143791,3452,5000,6763,6294,183.9200,-0.6300
1784776569.195554,3433,4991,6820,6304,183.9200,3.1900
1784776569.247048,3330,4981,6820,6304,189.3300,-0.7500
1784776569.298808,3471,5000,6763,6238,181.2100,0.9400
1784776569.350410,3368,4953,6782,6304,178.5100,0.1900
1784776569.401610,3321,4953,6782,6294,175.8000,1.1900
1784776569.453507,3396,4991,6801,6351,173.1000,0.1200
1784776569.504845,3340,4944,6867,6351,178.5100,0.4400
1784776569.556595,3377,4944,6829,6351,175.8000,0.0600
1784776569.607845,3293,4953,6820,6398,175.8000,-0.6300
1784776569.659547,3302,4925,6801,6388,175.8000,2.8800
1784776569.711388,3302,4972,6876,6332,178.5100,-0.0600
1784776569.762683,3340,4915,6885,6370,175.0100,1.2500
1784776569.814511,3227,4859,6848,6388,182.1500,0.0000
1784776569.865852,3293,4915,6839,6379,175.8000,1.5600
1784776569.917540,3283,4915,6857,6388,175.8000,-0.0600
1784776569.968890,3227,4887,6848,6426,167.6900,1.3700
1784776570.020605,3255,4887,6857,6454,170.4000,-1.8100
1784776570.071834,3199,4869,6914,6416,173.1000,-0.4400
1784776570.123880,3283,4869,6932,6388,170.4000,-1.0600
1784776570.175498,3246,4878,6895,6407,170.4000,-0.6300
1784776570.226905,3218,4887,6895,6445,167.0500,0.8100
1784776570.278544,3264,4887,6904,6463,171.1100,-0.4400
1784776570.329727,3246,4840,6942,6454,164.4000,2.1300
1784776570.381536,3189,4831,6951,6454,171.1100,-0.2500
1784776570.433081,3227,4850,6979,6463,167.6900,3.6900
1784776570.484879,3199,4859,6932,6501,164.4000,-1.0600
1784776570.535940,3143,4869,6914,6538,168.3500,1.0000
1784776570.587655,3133,4859,7017,6454,167.6900,-0.1900
1784776570.639508,3171,4803,6970,6510,173.1000,-0.1900
1784776570.690742,3189,4859,6960,6482,177.6600,-0.7500
1784776570.742690,3171,4803,6998,6491,175.8000,-1.1900
1784776570.793816,3152,4812,7007,6501,182.1500,-0.5600
1784776570.845917,3096,4840,6998,6510,178.5100,0.5600
1784776570.897186,3086,4812,6989,6520,181.2100,-0.1200
1784776570.948816,3096,4803,6970,6529,180.3100,0.1200
1784776571.000474,3199,4775,7007,6548,184.9100,-2.8800
1784776571.051703,3133,4794,7017,6595,181.2100,-0.3100
1784776571.103911,3152,4812,7036,6566,177.6600,0.3700
1784776571.154720,3133,4756,7045,6576,178.5100,1.5600
1784776571.206881,3105,4794,7017,6557,178.5100,0.1900
1784776571.257931,3067,4803,7045,6623,178.5100,-1.0000
1784776571.309658,3030,4784,7054,6595,179.3900,-0.0600
1784776571.360933,3077,4775,7036,6585,181.2100,-0.8100
1784776571.412657,3039,4765,7082,6604,175.0100,1.0000
1784776571.464511,3086,4737,7073,6604,178.5100,-0.0600
1784776571.515733,3049,4737,7092,6623,184.9100,1.0600
1784776571.567643,3067,4737,7092,6679,177.6600,-0.2500
1784776571.618928,2964,4709,7064,6595,181.2100,2.2500
1784776571.670611,2955,4756,7101,6660,178.5100,-0.0600
1784776571.722008,2983,4709,7148,6660,178.5100,1.5600
1784776571.773675,3002,4709,7157,6735,178.5100,0.3700
1784776571.824912,3011,4718,7186,6698,178.5100,0.3100
1784776571.876704,2955,4747,7139,6726,173.1000,0.3700
1784776571.928591,3002,4690,7139,6660,181.2100,-0.8100
1784776571.980032,2974,4728,7186,6735,176.6300,0.4400
1784776572.031611,2974,4700,7157,6735,175.0100,-0.6300
1784776572.082925,2908,4737,7167,6698,178.5100,2.7500
1784776572.134657,3011,4662,7176,6707,175.8000,0.4400
1784776572.185892,2964,4653,7167,6810,173.8700,1.6300
1784776572.238029,2917,4625,7195,6773,173.1000,1.0600
1784776572.288971,2880,4606,7176,6820,173.1000,1.0600
1784776572.341042,2955,4606,7251,6782,182.1500,1.3100
1784776572.392608,2899,4615,7251,6782,172.3600,-0.7500
1784776572.443808,2908,4615,7279,6801,175.8000,-1.3700
1784776572.495674,2908,4597,7298,6867,181.2100,-0.3700
1784776572.546842,2861,4615,7298,6820,178.5100,-1.5000
1784776572.599333,2870,4587,7289,6867,178.5100,1.8800
1784776572.650030,2880,4615,7279,6801,178.5100,-0.2500
1784776572.701758,2824,4568,7289,6839,178.5100,2.0600
1784776572.753700,2899,4578,7298,6848,175.8000,-0.4400
1784776572.804793,2889,4559,7308,6867,173.1000,3.0000
1784776572.856678,2852,4568,7289,6867,173.1000,-1.3100
1784776572.907855,2852,4606,7345,6942,170.4000,2.8800
1784776572.959705,2936,4559,7251,6895,173.1000,-0.5600
1784776573.011020,2880,4615,7392,7036,173.1000,0.1900
1784776573.062755,2889,4568,7345,6942,173.1000,-0.3100
1784776573.114629,2889,4578,7345,6979,175.8000,-0.6300
1784776573.165820,2805,4484,7298,6960,167.6900,0.4400
1784776573.217682,2795,4615,7354,6989,175.8000,-0.2500
1784776573.269039,2730,4540,7364,7007,178.5100,1.7500
1784776573.320797,2805,4512,7383,6979,173.1000,0.1200
1784776573.372047,2824,4540,7383,6960,178.5100,1.8100
1784776573.423749,2739,4493,7336,7045,172.3600,-0.0600
1784776573.475089,2814,4503,7411,7026,178.5100,0.3100
1784776573.526846,2739,4540,7401,7007,173.8700,0.0600
1784776573.578697,2720,4512,7411,7054,173.1000,0.8100
1784776573.630070,2749,4475,7448,7082,170.4000,-0.3700
1784776573.681733,2758,4456,7411,7082,173.1000,-2.5000
1784776573.733091,2730,4512,7411,7064,170.4000,0.8100
1784776573.784767,2674,4484,7420,7064,170.4000,-2.1900
1784776573.836086,2683,4531,7448,7036,167.6900,1.1200
1784776573.887810,2692,4437,7467,7092,169.7100,-1.0600
1784776573.939670,2664,4428,7467,7092,171.1100,0.8800
1784776573.991144,2749,4428,7467,7092,161.7500,1.3100
1784776574.042727,2730,4456,7514,7111,171.1100,0.5000
1784776574.094228,2702,4428,7533,7176,162.2800,0.5600
1784776574.145799,2627,4475,7505,7026,167.6900,0.5600
1784776574.196957,2655,4437,7523,7167,167.0500,-0.0600
1784776574.248863,2692,4446,7505,7167,171.1100,-0.0600
1784776574.300021,2598,4437,7561,7148,173.1000,-1.3700
1784776574.352133,2655,4456,7570,7186,164.4000,-0.7500
1784776574.403744,2636,4400,7551,7129,173.8700,0.0000
1784776574.455148,2589,4428,7608,7167,170.4000,-0.3700
1784776574.506806,2608,4409,7542,7167,169.7100,1.7500
1784776574.557968,2561,4418,7570,7186,179.3900,-0.0600
1784776574.609834,2608,4390,7570,7176,172.3600,1.1900
1784776574.661077,2580,4409,7561,7129,175.8000,-0.7500
1784776574.713135,2561,4371,7608,7176,173.1000,1.1900
1784776574.764771,2570,4371,7570,7195,176.6300,0.1900
1784776574.816149,2636,4381,7570,7214,170.4000,0.9400
1784776574.867805,2542,4362,7598,7204,173.1000,-1.8800
1784776574.918978,2533,4362,7617,7233,172.3600,-1.4400
1784776574.970878,2477,4353,7598,7223,173.1000,-0.5000
1784776575.022230,2505,4353,7598,7233,175.8000,-1.0600
1784776575.074174,2570,4343,7655,7223,176.6300,1.8100
1784776575.125754,2439,4362,7617,7223,172.3600,-0.6900
1784776575.176930,2448,4315,7664,7242,173.1000,2.1300
1784776575.228820,2523,4362,7636,7233,167.6900,-0.4400
1784776575.280041,2477,4381,7636,7317,170.4000,3.0000
1784776575.331859,2458,4325,7664,7251,167.6900,-2.0000
1784776575.383200,2495,4296,7692,7279,168.3500,2.5600
1784776575.434920,2448,4306,7664,7251,161.7500,-0.7500
1784776575.486186,2439,4306,7720,7279,173.8700,0.6900
1784776575.538038,2430,4315,7664,7308,159.1000,-1.1200
1784776575.589827,2458,4296,7683,7279,170.4000,-0.5600
1784776575.641011,2411,4325,7720,7298,167.6900,-0.9400
1784776575.692873,2401,4287,7702,7317,167.6900,-0.9400
1784776575.744329,2392,4325,7702,7336,168.3500,-0.1900
1784776575.795902,2383,4278,7711,7336,167.6900,1.8800
1784776575.847208,2401,4231,7814,7326,156.4500,-0.8100
1784776575.898971,2401,4278,7739,7364,168.3500,0.8800
1784776575.950794,2420,4287,7758,7364,159.1000,-0.5600
1784776576.001999,2364,4268,7702,7317,162.2800,1.2500
1784776576.053866,2401,4249,7748,7345,162.2800,-1.2500
1784776576.105235,2336,4268,7777,7345,164.9900,-1.3100
1784776576.156932,2336,4259,7777,7345,162.8300,-1.8800
1784776576.208240,2308,4259,7777,7373,164.4000,-1.1200
1784776576.259948,2336,4212,7767,7383,167.6900,-1.1200
1784776576.311161,2298,4240,7814,7401,167.6900,1.0000
1784776576.363061,2308,4231,7824,7439,164.9900,0.2500
1784776576.414866,2298,4212,7795,7430,162.8300,0.1900
1784776576.466233,2298,4193,7852,7430,159.1000,-1.1200
1784776576.517903,2317,4212,7833,7420,154.1700,0.7500
1784776576.569249,2280,4193,7842,7467,154.1700,1.5600
1784776576.620951,2298,4193,7814,7486,148.7600,0.6900
1784776576.672183,2270,4249,7814,7467,148.7600,0.5000
1784776576.723985,2317,4184,7842,7448,148.7600,1.3700
1784776576.775859,2326,4203,7861,7505,146.0500,-0.8100
1784776576.827263,2317,4203,7927,7542,140.6400,1.3700
1784776576.878909,2289,4212,7899,7505,143.3500,-0.5000
1784776576.930610,2270,4165,7927,7505,137.8900,-0.1900
1784776576.981940,2364,4174,7908,7495,143.5100,0.0000
1784776577.033134,2251,4174,7908,7505,140.6400,-1.4400
1784776577.084975,2364,4193,7936,7486,143.3500,-0.5600
1784776577.136286,2298,4203,7899,7589,137.8900,0.9400
1784776577.188389,2233,4184,7955,7561,143.5100,0.3700
1784776577.239911,2317,4184,7955,7561,137.9400,0.4400
1784776577.291085,2298,4128,7955,7561,143.3500,-0.6300
1784776577.342938,2270,4156,7955,7598,143.3500,-0.6300
1784776577.394488,2261,4193,7983,7636,146.0500,-0.1900
1784776577.446062,2242,4193,7945,7598,146.0500,0.6300
1784776577.497298,2214,4184,7945,7655,146.0500,-1.0000
1784776577.549051,2204,4137,8002,7655,146.0500,-1.1200
1784776577.600298,2195,4203,8011,7655,140.6400,-0.6900
1784776577.652096,2167,4109,8011,7617,146.0500,-1.1200
1784776577.704031,2280,4137,7992,7617,143.3500,-0.8800
1784776577.755231,2158,4231,8021,7673,146.0500,-0.1900
1784776577.807052,2214,4137,8049,7664,140.6400,0.6900
1784776577.858321,2242,4118,8049,7627,137.9400,-0.2500
1784776577.910047,2261,4128,7964,7692,137.9400,0.8800
1784776577.961360,2214,4128,8021,7673,132.5300,1.1200
1784776578.013098,2195,4109,8030,7683,129.8300,1.1900
1784776578.064982,2167,4128,7992,7702,124.6300,0.1200
1784776578.116118,2073,4090,7992,7711,127.1200,-0.3100
1784776578.167997,2167,4090,7964,7702,129.8300,1.6900
1784776578.219392,2167,4099,8002,7702,127.1200,-1.0000
1784776578.271079,2120,4118,8021,7730,129.7100,-0.5600
1784776578.323035,2204,4118,8002,7739,124.4200,1.0600
1784776578.374071,2158,4099,8058,7758,129.8300,-1.5000
1784776578.425388,2101,4062,8039,7748,121.9800,0.4400
1784776578.477149,2073,4081,8067,7758,129.8300,-0.1900
1784776578.528986,2120,4109,8096,7786,126.9500,-1.0000
1784776578.580636,2129,4109,8114,7739,127.2800,0.1900
1784776578.633004,2111,4071,8096,7786,132.5300,-2.0000
1784776578.683444,2158,4071,8096,7824,135.2300,0.8100
1784776578.735090,2129,4052,8105,7777,129.9300,-1.6900
1784776578.786267,2186,4052,8133,7824,132.4700,1.6900
1784776578.838217,2120,4090,8161,7833,124.6300,0.3700
1784776578.889412,2092,4090,8161,7748,129.7100,-0.4400
1784776578.941438,2083,4043,8133,7748,124.4200,-0.1900
1784776578.993084,2092,4090,8189,7824,124.4200,-0.1900
1784776579.044670,2129,4062,8199,7833,129.8300,0.5000
1784776579.096232,2045,4062,8096,7814,129.7100,-1.8800
1784776579.147315,2054,4071,8180,7852,127.2800,-0.5600
1784776579.199211,2036,4062,8180,7842,129.8300,-2.6300
1784776579.250526,2073,4081,8199,7842,132.5300,-1.1200
1784776579.302461,2054,4034,8161,7880,140.6400,-1.2500
1784776579.354149,1998,4062,8236,7927,140.6400,0.3100
1784776579.405231,2036,4006,8264,7908,135.2300,1.0600
1784776579.457142,1979,4006,8189,7889,135.2300,-1.1900
1784776579.508271,1998,4006,8236,7945,137.9900,0.3100
1784776579.560456,2017,4034,8293,7927,129.8300,-0.1900
1784776579.611513,2036,4062,8208,7927,129.8300,0.7500
1784776579.663191,2054,4034,8255,7908,127.2800,-0.3700
1784776579.715200,1979,3987,8255,7955,124.4200,0.5600
1784776579.766242,2073,3996,8255,7899,129.8300,-0.5600
1784776579.818107,2045,4006,8227,7974,129.8300,0.7500
1784776579.869289,2017,3987,8246,7974,129.8300,0.4400
1784776579.921512,2026,4006,8255,7992,127.1200,-0.4400
1784776579.972444,1998,3996,8283,7955,121.7100,0.7500
1784776580.024191,2007,4034,8283,7945,121.7100,-1.0600
1784776580.075527,1989,4015,8264,8096,119.0100,0.2500
1784776580.127270,1998,4062,8377,7983,119.0100,-0.3100
1784776580.179126,1989,3977,8377,8021,119.0100,0.1900
1784776580.230291,1998,4006,8377,7936,119.0100,0.5600
1784776580.282146,2036,4015,8358,8011,121.4400,0.1200
1784776580.333536,2017,3921,8339,8002,119.3200,0.0600
1784776580.385231,1942,3977,8311,8067,119.0100,0.1200
1784776580.436563,1979,3959,8349,8011,121.7100,0.7500
1784776580.488262,1970,3987,8274,8030,119.0100,0.6900
1784776580.540102,1942,3931,8293,8002,119.0100,0.0600
1784776580.591293,1970,3987,8302,8030,113.6000,0.9400
1784776580.643157,1970,3968,8358,8030,113.6000,0.9400
1784776580.694689,1979,3921,8396,8030,113.6000,0.3100
1784776580.746229,1867,3977,8396,8030,119.0100,-1.5600
1784776580.797564,1951,3977,8368,8049,119.0100,1.4400
1784776580.849265,1895,3931,8396,8058,119.0100,-1.6300
1784776580.900436,1895,4024,8358,8039,121.7100,1.0600
1784776580.952592,1904,3968,8358,8086,121.7100,-0.6900
1784776581.004181,1961,3959,8415,8124,119.0100,0.3100
1784776581.055532,1942,3996,8405,8030,114.0200,-0.0600
1784776581.107254,1886,4034,8405,8086,110.4000,0.8800
1784776581.158407,1932,3949,8358,8058,110.8900,0.0600
1784776581.210451,1923,3987,8386,8114,108.1900,0.0600
1784776581.261529,1876,3977,8386,8096,110.8900,0.1200
1784776581.313659,1914,3912,8443,8152,108.1900,1.0600
1784776581.365207,1923,3931,8443,8114,105.4800,-0.3100
1784776581.416593,1829,3968,8536,8180,108.1900,2.1900
1784776581.468408,1914,4052,8508,8114,111.3700,0.0000
1784776581.519421,1848,3893,8443,8152,104.8800,0.5000
1784776581.571330,1923,4015,8405,8161,108.1900,1.1200
1784776581.622500,1914,4015,8396,8142,106.0700,0.8100
1784776581.674687,1998,3949,8377,8077,102.7800,1.7500
1784776581.725686,1895,3968,8443,8171,108.1900,0.3700
1784776581.777393,1867,3921,8452,8161,107.6400,0.2500
1784776581.829302,1886,3987,8433,8133,105.4800,0.5600
1784776581.880410,1857,3959,8461,8133,103.4100,0.3100
1784776581.932274,1782,3959,8461,8189,100.0700,-0.8100
1784776581.983548,1848,3959,8461,8208,104.8800,-0.5600
1784776582.035660,1792,3940,8443,8152,102.7800,-1.4400
1784776582.086874,1839,3968,8443,8227,100.7600,0.7500
1784776582.138378,1764,3940,8443,8114,105.4800,-0.8800
1784776582.190219,1810,3902,8499,8152,104.8800,1.0600
1784776582.241475,1810,3902,8452,8152,100.7600,0.6300
1784776582.293346,1829,3987,8471,8189,100.7600,0.6300
1784776582.344805,1782,3949,8471,8218,100.0700,0.0000
1784776582.396570,1782,3959,8461,8218,105.4800,-0.4400
1784776582.447674,1735,3931,8490,8218,102.7800,-0.6900
1784776582.499397,1735,3902,8555,8208,100.0700,0.6900
1784776582.551278,1764,3912,8499,8208,102.1200,-0.5000
1784776582.602463,1810,3949,8536,8218,102.7800,0.4400
1784776582.654333,1754,3874,8536,8246,106.0700,-0.9400
1784776582.705764,1754,3931,8546,8199,105.4800,-0.1900
1784776582.757350,1745,3912,8452,8199,105.4800,-0.8800
1784776582.808685,1745,3912,8546,8218,105.4800,-0.6300
1784776582.860469,1745,3902,8546,8246,105.4800,-1.6900
1784776582.911739,1820,3865,8574,8311,105.4800,-0.7500
1784776582.963501,1735,3893,8621,8218,108.1900,-1.3100
1784776583.015328,1801,3874,8565,8293,108.1900,-0.7500
1784776583.066772,1773,3902,8658,8293,108.1900,-0.6300
1784776583.118420,1754,3902,8546,8264,110.4000,-0.2500
1784776583.169747,1764,3959,8546,8255,103.4100,1.1200
1784776583.221384,1745,3921,8611,8302,102.7800,-0.4400
1784776583.272641,1717,3912,8611,8293,97.3700,-0.1200
1784776583.324463,1735,3893,8611,8274,99.3600,0.1200
1784776583.376385,1726,3912,8630,8274,90.1600,1.4400
1784776583.427752,1745,3893,8640,8358,97.3700,0.8800
1784776583.479361,1726,3893,8508,8377,94.6600,0.5600
1784776583.530776,1829,3893,8668,8490,94.6600,0.5600
1784776583.582453,1707,3846,8611,8884,89.2500,-0.4400
1784776583.633663,1707,3874,8574,8574,86.5500,0.5600
1784776583.685666,1689,3855,8593,8574,86.5500,-0.3100
1784776583.736802,1698,3865,8658,8574,94.6600,2.8800
1784776583.788800,1698,3855,8658,8968,89.2500,1.1200
1784776583.840394,1735,3874,8668,8658,89.2500,1.1200
1784776583.891568,1698,3902,8640,8443,84.8500,0.9400
1784776583.943584,1754,3902,8658,8377,84.8500,0.9400
1784776583.994740,1707,3818,8668,8236,83.8500,0.5000
1784776584.046442,1679,3855,8677,8321,86.5500,-0.1900
1784776584.097896,1670,3846,8630,8293,89.2500,0.4400
1784776584.149829,1689,3837,8649,8283,91.9600,-1.1900
1784776584.200847,1689,3865,8640,8358,91.9600,0.8100
1784776584.252582,1745,3846,8677,8405,91.9600,0.0000
1784776584.304463,1698,3874,8658,8424,89.2500,0.3700
1784776584.355606,1679,3855,8649,8424,81.1400,0.6900
1784776584.407458,1726,3855,8668,8424,82.2000,0.6900
1784776584.458814,1707,3865,8677,8424,88.3200,0.3700
1784776584.510546,1698,3902,8705,8349,86.5500,1.1900
1784776584.561882,1679,3855,8715,8293,86.5500,0.8100
1784776584.613524,1735,3827,8677,8330,89.2500,-0.0600
1784776584.665389,1651,3818,8677,8330,87.5000,-0.1900
1784776584.716567,1651,3865,8752,8330,86.5500,-0.0600
1784776584.768456,1632,3865,8705,8368,88.3200,0.8100
1784776584.819821,1698,3855,8724,8321,87.5000,0.4400
1784776584.871604,1642,3949,8705,8377,91.0800,-0.6300
1784776584.922878,1651,3809,8743,8368,89.2500,0.2500
1784776584.974537,1651,3809,8705,8349,92.8100,0.3700
1784776585.025844,1679,3855,8743,8358,91.9600,-0.1200
1784776585.077577,1726,3940,8771,8330,88.3200,-0.5600
1784776585.129458,1651,3874,8771,8330,92.8100,-1.0600
1784776585.180857,1642,3855,8771,8405,89.2500,-0.5000
1784776585.232516,1613,3865,8752,8443,94.6600,-1.0000
1784776585.283849,1651,3893,8780,8358,86.5500,-0.8100
1784776585.335571,1604,3865,8780,8358,96.6000,-0.6900
1784776585.386725,1604,3837,8771,8452,91.9600,-0.7500
1784776585.438612,1595,3846,8762,8452,90.1600,0.3100
1784776585.490469,1595,3855,8780,8396,86.5500,-0.5000
1784776585.541875,1595,3818,8808,8396,88.3200,-0.5000
1784776585.593565,1660,3837,8808,8330,88.3200,-0.5000
1784776585.644721,1595,3827,8790,8368,87.5000,-0.2500
1784776585.696703,1679,3799,8780,8396,83.8500,0.7500
1784776585.747702,1567,3818,8780,8405,81.1400,0.9400
1784776585.799610,1595,3837,8762,8396,85.5600,1.1200
1784776585.850923,1623,3827,8808,8415,76.9000,-0.3700
1784776585.902903,1576,3855,8808,8443,81.1400,1.6900
1784776585.954539,1679,3809,8771,8405,83.8500,-0.5000
1784776586.005859,1613,3818,8884,8405,77.2800,1.5000
1784776586.057659,1585,3865,8902,8461,79.5500,-0.1900
1784776586.108736,1595,3846,8808,8518,81.1400,1.6300
1784776586.160904,1604,3893,8818,8452,82.8000,-0.5600
1784776586.211898,1585,3818,8921,8405,79.5500,1.0000
1784776586.263638,1651,3809,8865,8386,80.0400,-0.6300
1784776586.315516,1585,3790,8893,8461,71.5900,1.2500
1784776586.366680,1567,3818,8884,8490,71.7600,-0.8800
1784776586.418598,1548,3809,8884,8461,71.7600,-0.8800
1784776586.469770,1595,3771,8893,8433,71.7600,-0.8800
1784776586.521969,1567,3818,8902,8461,71.7600,-0.8800
1784776586.572949,1567,3809,8902,8461,71.7600,-0.8800
1784776586.624641,1642,3799,8874,8461,71.7600,-0.8800
1784776586.675931,1632,3827,8874,8461,71.7600,-0.8800
1784776586.727711,1632,3865,8874,8415,4.6100,0.9400
1784776586.779573,1585,3818,8874,8415,5.4100,7.0600
1784776586.830845,1595,3818,8874,8415,5.4100,14.0600
1784776586.882633,1567,3874,8874,8518,5.4100,17.6900
1784776586.933939,1585,3809,8902,8518,8.1100,19.3100
1784776586.985687,1613,3855,8724,8471,13.5200,20.7500
1784776587.036975,1623,3809,8677,8461,10.8200,20.6900
1784776587.088845,1679,3837,8649,8508,5.4100,20.7500
1784776587.140541,1660,3809,8696,8452,5.4100,20.6900
1784776587.191932,1660,3799,8705,8377,5.4100,18.8100
1784776587.243615,1689,3818,8658,8218,5.4100,19.5000
1784776587.294990,1689,3827,8649,8171,8.1100,16.1900
1784776587.346703,1642,3818,8649,8218,5.4100,16.5600
1784776587.397966,1679,3818,8696,8283,5.4100,14.9400
1784776587.449713,1782,3799,8733,8227,5.4100,13.7500
1784776587.500896,1754,3809,8724,8227,2.7000,11.6300
1784776587.553007,1810,3809,8827,8274,2.7000,10.3100
1784776587.604660,1764,3799,8818,8349,5.4100,10.8100
1784776587.655997,1773,3855,8827,8349,2.7000,8.3100
1784776587.707662,1810,3855,8846,8311,8.1100,7.2500
1784776587.758846,1810,3874,8846,8339,5.4100,6.8800
1784776587.810706,1820,3827,8799,8311,5.4100,8.4400
1784776587.861947,1773,3818,8846,8311,5.4100,6.4400
1784776587.914109,1764,3837,8799,8321,5.4100,5.5000
1784776587.965641,1773,3818,8771,8377,8.1100,6.6900
1784776588.017020,1754,3884,8771,8358,2.7000,5.0000
1784776588.068685,1792,3884,8752,8405,5.4100,5.6300
1784776588.119861,1848,3818,8733,8396,5.4100,2.1300
1784776588.171714,1923,3790,8687,8424,5.4100,5.5600
1784776588.222966,1876,3790,8743,8396,2.7000,3.5600
1784776588.275072,1876,3790,8743,8368,5.4100,5.1900
1784776588.326040,1867,3799,8668,8396,5.4100,1.1200
1784776588.377798,1970,3799,8696,8415,5.4100,4.8800
1784776588.429673,1989,3780,8687,8396,2.7000,1.8100
1784776588.480850,1951,3799,8696,8424,5.4100,4.0000
1784776588.532705,2036,3762,8696,8433,5.4100,2.6300
1784776588.584045,1942,3790,8705,8424,2.7000,2.1900
1784776588.635768,1979,3790,8696,8461,8.1100,2.8800
1784776588.687080,2073,3771,8696,8433,0.0000,1.3700
1784776588.738824,1998,3771,8649,8433,8.1100,3.1900
1784776588.790643,2036,3752,8752,8443,5.4100,-0.2500
1784776588.841841,1942,3752,8752,8443,5.4100,-0.2500
1784776588.893727,2054,3790,8677,8386,5.4100,-0.2500
1784776588.945101,2026,3762,8687,8396,5.4100,-0.2500
1784776588.996755,1989,3780,8658,8415,5.4100,-0.2500
1784776589.048041,1998,3790,8677,8461,5.4100,-0.2500
1784776589.099783,2036,3771,8649,8461,5.4100,-0.2500
1784776589.151149,2026,3780,8668,8433,3.0400,0.3100
1784776589.202846,2026,3790,8677,8396,70.3200,5.1900
1784776589.254754,1989,3780,8658,8443,64.9100,-2.2500
1784776589.306086,2017,3752,8668,8443,86.5500,8.1300
1784776589.357753,1989,3799,8668,8415,86.5500,-0.6300
1784776589.409118,1998,3790,8668,8499,98.1100,0.7500
1784776589.460800,1998,3762,8640,8377,102.1200,-1.3100
1784776589.512036,1989,3771,8668,8349,102.7800,0.8800
1784776589.563845,1998,3752,8687,8433,103.4100,-1.1200
1784776589.615128,1998,3780,8649,8377,108.1900,0.6300
1784776589.667162,2026,3724,8696,8405,102.7800,0.5600
1784776589.718720,2054,3752,8687,8443,107.6400,0.6900
1784776589.769937,2017,3715,8649,8386,106.0700,-0.1900
1784776589.821797,2017,3715,8640,8452,113.6000,0.4400
1784776589.872993,2036,3724,8640,8396,110.8900,0.9400
1784776589.924840,2017,3762,8621,8358,113.6000,0.1200
1784776589.976139,2054,3780,8640,8358,113.1600,0.8100
1784776590.028227,2045,3743,8658,8405,114.0200,-0.3700
1784776590.079728,2036,3743,8583,8405,118.6800,-0.1900
1784776590.130923,2045,3752,8640,8405,116.6700,0.9400
1784776590.182812,2007,3743,8658,8358,119.0100,-0.2500
1784776590.233973,1970,3696,8602,8386,126.9500,0.0600
1784776590.285856,1998,3715,8630,8386,129.8300,-0.6900
1784776590.337182,2045,3743,8649,8368,124.6300,0.4400
1784776590.388947,2026,3734,8593,8368,129.8300,1.0600
1784776590.440171,2007,3705,8593,8349,132.5300,0.2500
1784776590.491963,2036,3715,8621,8349,140.6400,-1.4400
1784776590.543815,2054,3771,8602,8358,140.6400,-0.1200
1784776590.594996,2073,3687,8630,8368,151.1400,-0.1200
1784776590.646889,2017,3715,8640,8358,154.1700,-1.3100
1784776590.698199,1989,3677,8668,8349,159.5800,-0.3100
1784776590.749898,2036,3658,8593,8302,162.2800,-1.3700
1784776590.801213,1989,3677,8593,8358,167.6900,1.1900
1784776590.853028,2017,3705,8611,8377,170.4000,-1.1900
1784776590.904820,2045,3668,8602,8433,170.4000,0.2500
1784776590.955988,2017,3621,8602,8415,170.4000,-2.3800
1784776591.007859,2017,3630,8593,8424,173.1000,1.6300
1784776591.059291,2026,3630,8602,8386,170.4000,-2.9400
1784776591.110904,2017,3640,8602,8461,175.8000,0.2500
1784776591.162267,2054,3630,8555,8396,173.1000,0.1900
1784776591.213964,2064,3602,8593,8424,170.4000,-0.8800
1784776591.265146,2064,3630,8583,8471,162.2800,1.3100
1784776591.316999,2064,3565,8565,8443,173.1000,0.9400
1784776591.368844,2073,3574,8565,8443,164.9900,0.3100
1784776591.420290,2045,3583,8546,8471,173.1000,0.6300
1784776591.471910,2045,3612,8518,8480,168.3500,0.1200
1784776591.523283,2064,3668,8565,8452,167.0500,1.3700
1784776591.574935,2064,3546,8490,8415,167.6900,0.1200
1784776591.626114,1998,3499,8546,8424,173.1000,-0.2500
1784776591.678323,2045,3593,8536,8424,170.4000,1.0000
1784776591.729255,2139,3527,8565,8490,173.1000,0.6900
1784776591.781274,2017,3555,8471,8471,173.1000,0.5000
1784776591.832896,2064,3555,8546,8433,170.4000,-0.3700
1784776591.884082,2129,3583,8546,8433,170.4000,1.3100
1784776591.935996,2111,3518,8461,8433,170.4000,0.1900
1784776591.987127,2101,3574,8555,8415,170.4000,1.0600
1784776592.039329,2176,3612,8508,8452,170.4000,0.0000
1784776592.090299,2120,3527,8555,8452,173.1000,2.1900
1784776592.142023,2167,3499,8555,8396,172.3600,-0.2500
1784776592.193916,2214,3461,8490,8386,176.6300,-0.6900
1784776592.245115,2148,3452,8518,8433,175.8000,-1.8800
1784776592.296967,2148,3433,8518,8443,173.1000,-1.8100
1784776592.348217,2139,3471,8508,8443,175.8000,-0.7500
1784776592.400333,2186,3499,8508,8443,175.8000,0.1900
1784776592.451283,2167,3461,8508,8443,178.5100,-0.6300
1784776592.503033,2176,3415,8508,8461,173.1000,-0.1900
1784776592.554477,2167,3443,8480,8415,173.1000,-0.4400
1784776592.606073,2176,3471,8471,8480,167.6900,0.5600
1784776592.657945,2167,3499,8471,8499,170.4000,-0.1200
1784776592.709128,2242,3452,8471,8499,167.6900,1.2500
1784776592.760982,2204,3415,8508,8471,170.4000,0.0000
1784776592.812362,2298,3461,8480,8536,170.4000,1.3700
1784776592.864018,2336,3480,8490,8480,170.4000,0.1900
1784776592.915360,2298,3433,8461,8480,169.7100,1.0600
1784776592.967068,2298,3443,8490,8443,171.1100,-0.6300
1784776593.018457,2289,3386,8499,8555,167.0500,-0.1900
1784776593.070149,2280,3340,8443,8499,171.1100,0.1200
1784776593.121987,2336,3415,8480,8518,170.4000,-1.9400
1784776593.173419,2298,3386,8461,8480,173.1000,0.1900
1784776593.225022,2317,3349,8461,8405,169.7100,-1.3100
1784776593.276379,2298,3349,8471,8443,179.3900,-1.6900
1784776593.328065,2298,3424,8452,8443,175.0100,-0.8100
1784776593.379238,2326,3377,8405,8396,178.5100,-0.9400
1784776593.431139,2317,3386,8518,8415,182.1500,-0.5000
1784776593.482377,2364,3330,8518,8443,177.6600,-0.6900
1784776593.534897,2355,3330,8452,8415,175.8000,-0.3100
1784776593.586118,2364,3330,8433,8415,182.1500,-0.3700
1784776593.637172,2345,3330,8433,8415,177.6600,0.1200
1784776593.689091,2355,3330,8471,8461,187.6700,-0.3100
1784776593.740295,2430,3330,8461,8461,175.0100,0.1900
1784776593.792121,2383,3330,8461,8415,178.5100,-0.1200
1784776593.843597,2430,3330,8452,8377,175.8000,0.5600
1784776593.895461,2392,3330,8443,8377,175.8000,0.1900
1784776593.947031,2448,3330,8443,8358,173.1000,-0.9400
1784776593.998561,2430,3330,8424,8377,175.8000,0.1200
1784776594.050072,2439,3330,8424,8377,173.8700,0.3700
1784776594.101252,2420,3330,8396,8377,167.0500,0.0000
1784776594.153118,2439,3330,8424,8424,173.1000,-0.1900
1784776594.204479,2439,3330,8405,8424,175.8000,0.9400
1784776594.256157,2477,3330,8405,8461,181.2100,0.1200
1784776594.307501,2439,3330,8443,8424,178.5100,-0.9400
1784776594.359221,2477,3330,8443,8471,183.9200,-0.5600
1784776594.411070,2495,3330,8424,8471,181.2100,0.0000
1784776594.462270,2448,3330,8358,8471,181.2100,0.3100
1784776594.514127,2523,3330,8452,8471,178.5100,-0.6300
1784776594.565502,2570,3330,8358,8508,182.1500,0.6300
1784776594.617150,2523,3180,8415,8508,180.3100,-0.1900
1784776594.668999,2533,3152,8415,8480,178.5100,0.0600
1784776594.720217,2589,3114,8358,8546,181.2100,-0.6300
1784776594.772082,2552,3189,8396,8471,178.5100,-0.8800
1784776594.823278,2561,3161,8415,8499,175.8000,0.0600
1784776594.875114,2598,3114,8377,8490,178.5100,-0.6300
1784776594.926558,2608,3124,8358,8490,181.2100,0.1200
1784776594.978162,2580,3096,8358,8461,175.8000,-0.1200
1784776595.029515,2627,3133,8396,8499,173.1000,-0.1200
1784776595.081267,2608,3077,8396,8443,170.4000,0.5000
1784776595.132594,2608,3133,8396,8499,175.8000,-0.5000
1784776595.184247,2627,3105,8377,8518,173.1000,-0.5000
1784776595.236154,2570,3086,8339,8499,173.1000,-1.6900
1784776595.287519,2598,3086,8396,8499,175.8000,1.6900
1784776595.339166,2542,3086,8368,8602,175.0100,-1.1200
1784776595.390532,2589,3086,8368,8536,182.1500,0.5000
1784776595.442233,2598,3067,8396,8499,181.2100,0.4400
1784776595.493474,2608,3096,8405,8490,178.5100,-0.0600
1784776595.545300,2627,3049,8358,8499,177.6600,-1.3100
1784776595.597166,2692,3021,8377,8518,178.5100,-1.1900
1784776595.648792,2617,3067,8339,8527,175.8000,-0.3700
1784776595.700211,2645,3039,8396,8546,178.5100,-0.2500
1784776595.751441,2570,3011,8302,8574,175.8000,-1.6300
1784776595.803256,2598,3030,8377,8499,175.0100,-1.1200
1784776595.854401,2636,3011,8330,8518,175.8000,0.3100
1784776595.906265,2683,3002,8339,8499,178.5100,-1.6900
1784776595.957674,2608,3011,8358,8499,178.5100,-0.3700
1784776596.009574,2664,2946,8386,8536,175.8000,0.0000
1784776596.061142,2655,2955,8311,8574,173.1000,-0.8800
1784776596.112393,2711,2955,8377,8555,173.1000,0.4400
1784776596.164199,2674,2955,8368,8555,173.1000,0.6300
1784776596.215412,2655,2955,8339,8574,167.6900,-1.0600
1784776596.267638,2702,2955,8396,8565,176.6300,0.5600
1784776596.318654,2711,2955,8368,8518,175.0100,-0.5000
1784776596.370399,2692,2955,8330,8536,173.8700,3.4400
1784776596.421714,2711,2955,8321,8546,172.3600,-0.3100
1784776596.473430,2749,2955,8339,8593,173.8700,1.5600
1784776596.525224,2795,2955,8330,8565,172.3600,-0.9400
1784776596.576475,2824,2955,8349,8424,173.1000,0.0000
1784776596.628634,2842,2955,8349,8518,173.1000,0.1200
1784776596.679622,2795,2955,8368,8508,178.5100,-0.3100
1784776596.731339,2824,2955,8349,8565,175.8000,-0.9400
1784776596.782653,2814,2955,8358,8574,178.5100,0.8100
1784776596.834355,2824,2955,8358,8593,181.2100,-1.1200
1784776596.886227,2861,2955,8339,8565,181.2100,-0.6900
1784776596.937406,2824,2955,8349,8565,181.2100,-0.4400
1784776596.989308,2880,2955,8293,8565,187.6700,-1.3100
1784776597.040611,2842,2955,8311,8583,177.6600,-1.0000
1784776597.092355,2889,2955,8330,8611,181.2100,0.8100
1784776597.143674,2899,2955,8311,8555,178.5100,-1.0600
1784776597.195345,2908,2955,8311,8583,178.5100,-1.1900
1784776597.246676,2889,2955,8293,8555,181.2100,-0.6900
1784776597.298980,2852,2955,8264,8565,178.5100,0.2500
1784776597.350311,2899,2955,8274,8574,175.8000,0.1900
1784776597.401703,2917,2955,8283,8574,175.8000,-1.0000
1784776597.453327,2964,2674,8302,8546,173.1000,-0.1900
1784776597.504734,2927,2730,8311,8536,173.1000,0.3100
1784776597.556369,2964,2692,8236,8555,178.5100,-0.1200
1784776597.607631,2974,2692,8274,8593,178.5100,0.1900
1784776597.659454,2946,2683,8274,8593,178.5100,-2.0600
1784776597.711251,2974,2664,8246,8546,173.1000,0.1200
1784776597.762810,2908,2692,8283,8546,178.5100,-0.3100
1784776597.814314,2936,2674,8293,8565,181.2100,0.1900
1784776597.865527,2955,2627,8293,8565,180.3100,-0.3700
1784776597.917373,2974,2702,8311,8536,179.3900,0.3700
1784776597.968590,3002,2711,8386,8602,173.1000,-0.1900
1784776598.020825,3002,2636,8293,8583,172.3600,-0.8800
1784776598.071750,2983,2655,8293,8565,178.5100,0.5600
1784776598.123744,3058,2692,8293,8565,179.3900,-0.3700
1784776598.175327,3039,2636,8293,8555,173.1000,-0.9400
1784776598.226520,2992,2664,8293,8565,173.1000,-0.3700
1784776598.278376,3011,2636,8274,8546,167.0500,0.2500
1784776598.329761,3030,2674,8274,8602,179.3900,-1.1900
1784776598.381811,3049,2580,8264,8536,172.3600,0.0600
1784776598.432783,3049,2664,8321,8565,175.8000,-0.6900
1784776598.484575,3067,2645,8274,8565,179.3900,0.0000
1784776598.536348,3011,2570,8274,8565,175.8000,-0.7500
1784776598.587503,3105,2664,8321,8574,173.1000,0.4400
1784776598.639432,3133,2627,8321,8583,169.7100,-0.5000
1784776598.690568,3067,2598,8274,8602,175.8000,-0.4400
1784776598.742767,3096,2598,8264,8583,178.5100,-1.7500
1784776598.793862,3096,2598,8321,8583,175.8000,0.8100
1784776598.845499,3096,2598,8274,8593,175.8000,0.1200
1784776598.897361,3124,2598,8255,8546,175.0100,-0.8800
1784776598.948686,3067,2598,8255,8640,179.3900,0.8800
1784776599.000430,3133,2598,8255,8611,177.6600,-1.3700
1784776599.051615,3105,2598,8255,8593,182.1500,-0.5600
1784776599.103749,3114,2598,8264,8602,177.6600,-0.8800
1784776599.154758,3096,2598,8264,8630,181.2100,0.2500
1784776599.206474,3105,2598,8246,8630,189.3300,-0.5600
1784776599.257836,3114,2598,8274,8677,186.6200,1.1900
1784776599.309540,3143,2598,8246,8630,181.2100,-1.0600
1784776599.361522,3171,2598,8246,8611,178.5100,-0.3100
1784776599.412559,3171,2598,8264,8630,181.2100,-1.0000
1784776599.464443,3161,2598,8236,8611,183.9200,-0.1900
1784776599.515788,3218,2598,8218,8640,178.5100,-0.8800
1784776599.567521,3180,2598,8208,8677,183.9200,1.2500
1784776599.618803,3227,2598,8236,8649,181.2100,-0.1200
1784776599.670543,3199,2598,8302,8611,181.2100,1.3700
1784776599.722383,3264,2598,8246,8611,183.9200,-1.1200
1784776599.773582,3246,2598,8246,8649,173.1000,1.3700
1784776599.825523,3236,2598,8274,8640,178.5100,-0.3100
1784776599.876839,3236,2598,8246,8649,173.1000,1.3700
1784776599.928497,3218,2598,8199,8621,173.1000,0.1200
1784776599.979897,3218,2598,8264,8583,175.8000,1.3700
1784776600.031557,3264,2598,8236,8611,175.8000,-0.3700
1784776600.083428,3255,2598,8218,8574,173.1000,0.6300
1784776600.134622,3255,2598,8264,8668,175.8000,0.8800
1784776600.186656,3293,2598,8227,8705,173.1000,1.1900
1784776600.237840,3264,2598,8218,8687,181.2100,0.3100
1784776600.289505,3349,2598,8227,8687,183.9200,0.5000
1784776600.340857,3321,2598,8227,8771,178.5100,-0.1900
1784776600.392589,3340,2598,8199,8771,181.2100,1.5600
1784776600.443816,3377,2598,8255,8668,177.6600,0.0000
1784776600.495599,3330,2598,8246,8658,182.1500,0.3100
1784776600.547537,3330,2598,8246,8658,180.3100,-2.1900
1784776600.598891,3330,2598,8264,8705,178.5100,1.5600
1784776600.650543,3368,2598,8264,8705,184.9100,-1.0600
1784776600.702052,3405,2598,8199,8705,178.5100,0.1900
1784776600.753556,3377,2598,8218,8762,175.0100,0.5600
1784776600.805016,3368,2598,8227,8733,182.1500,-0.2500
1784776600.856625,3396,2598,8208,8733,175.0100,0.5600
1784776600.908521,3405,2598,8236,8696,178.5100,-0.3700
1784776600.959910,3396,2598,8246,8696,179.3900,-2.0000
1784776601.011534,3461,2598,8218,8743,175.0100,-1.7500
1784776601.062954,3386,2598,8218,8724,181.2100,0.7500
1784776601.114568,3443,2598,8227,8780,179.3900,0.3100
1784776601.165768,3461,2598,8255,8790,172.3600,0.0600
1784776601.217638,3480,2598,8199,8818,175.8000,1.6300
1784776601.269513,3461,2598,8283,8827,175.8000,0.1900
1784776601.320972,3443,2598,8218,8762,173.1000,1.0000
1784776601.372521,3480,2598,8283,8780,181.2100,0.0000
1784776601.423913,3527,2598,8236,8799,178.5100,-1.5000
1784776601.475579,3508,2598,8218,8752,182.1500,0.7500
1784776601.526819,3480,2598,8218,8771,180.3100,-0.5000
1784776601.578614,3527,2598,8236,8808,179.3900,1.3100
1784776601.629890,3555,2598,8171,8752,175.8000,-0.5000
1784776601.681960,3537,2598,8208,8790,169.7100,0.6900
1784776601.739671,3555,2598,8236,8752,167.6900,-1.2500
1784776601.784683,3508,2598,8208,8771,162.8300,-0.7500
1784776601.836679,3574,2598,8218,8799,159.1000,2.3100
1784776601.887801,3546,2598,8227,8780,162.2800,-1.2500
1784776601.939643,3537,2598,8227,8799,162.2800,-0.3700
1784776601.990936,3574,2598,8199,8790,159.5800,0.0600
1784776602.042813,3546,2598,8208,8865,168.3500,0.3100
1784776602.094105,3583,2598,8189,8799,159.1000,0.7500
1784776602.145732,3593,2598,8199,8818,159.1000,0.7500
1784776602.197606,3602,2598,8218,8865,154.1700,0.2500
1784776602.248801,3593,2598,8255,8827,148.7600,0.9400
1784776602.301010,3583,2598,8255,8865,146.0500,-0.1200
1784776602.352039,3574,2598,8180,8865,146.0500,1.2500
1784776602.403690,3668,2598,8208,8837,148.7600,-2.0000
1784776602.455262,3612,2598,8227,8874,146.0500,0.5000
1784776602.506729,3602,2598,8180,8884,146.0500,-0.7500
1784776602.558623,3640,2598,8189,8874,140.6400,0.6900
1784776602.609811,3649,2598,8199,8837,143.5100,1.3100
1784776602.662050,3677,2598,8171,8865,140.5400,0.5600
1784776602.713013,3658,2598,8189,8846,143.3500,0.4400
1784776602.764721,3668,2598,8189,8874,140.6400,-1.1900
1784776602.815996,3677,2598,8142,8837,135.2300,1.2500
1784776602.867794,3640,2598,8189,8846,137.9400,-0.6900
1784776602.919632,3649,2598,8236,8865,135.2300,1.0600
1784776602.970876,3677,2598,8236,8837,135.2300,-0.5600
1784776603.022665,3724,2598,8236,8837,129.8300,0.6300
1784776603.074159,3668,2598,8199,8837,127.1200,-0.1900
1784776603.125714,3668,2598,8218,8893,124.4200,-0.6300
1784776603.177192,3705,2598,8218,8893,124.4200,-0.1200
1784776603.228837,3724,2598,8218,8912,119.0100,-1.1200
1784776603.280606,3668,2598,8208,8874,121.7100,2.4400
1784776603.331816,3743,2598,8199,8874,116.3000,-1.3700
1784776603.383690,3734,2598,8189,8874,119.0100,1.0000
1784776603.435057,3705,2598,8180,8912,116.3000,-0.1200
1784776603.486830,3734,2598,8161,8884,116.3000,-0.8100
1784776603.538246,3705,2598,8189,8902,119.0100,-0.5600
1784776603.589774,3743,2598,8180,8884,108.1900,0.9400
1784776603.641087,3734,2598,8161,8874,113.6000,0.0000
1784776603.693062,3762,2598,8171,8893,110.8900,0.6900
1784776603.744806,3771,2598,8180,8874,108.1900,0.8100
1784776603.796085,3780,2598,8180,8865,108.1900,0.8100
1784776603.847714,3771,2598,8161,8884,102.7800,0.0600
1784776603.899527,3780,2598,8189,8902,100.0700,0.0000
1784776603.950785,3743,2598,8199,8884,97.3700,0.3100
1784776604.001908,3771,2598,8189,8874,100.7600,2.0600
1784776604.054028,3771,2598,8161,8893,104.8800,-0.2500
1784776604.105091,3846,2598,8218,8893,95.4600,2.1900
1784776604.156840,3799,2598,8161,8874,102.1200,-1.3100
1784776604.208731,3837,2598,8199,8902,97.3700,1.7500
1784776604.259903,3846,2598,8180,8902,100.0700,-0.8100
1784776604.311774,3809,2598,8152,8902,92.8100,0.8800
1784776604.363117,3874,2598,8152,8912,97.3700,-0.3700
1784776604.414814,3827,2598,8246,8912,93.8400,0.8100
1784776604.466087,3818,2598,8124,8874,98.1100,-0.4400
1784776604.517864,3855,2598,8189,8930,97.3700,1.6300
1784776604.569704,3846,2598,8208,8930,99.3600,-0.8800
1784776604.620909,3818,2598,8161,8902,95.4600,-0.1900
1784776604.672757,3827,2598,8199,8930,94.6600,-0.5600
1784776604.724141,3855,2598,8218,8930,102.1200,0.8800
1784776604.775917,3855,2598,8227,8930,100.7600,-0.1200
1784776604.827127,3855,2598,8180,8930,88.3200,0.3100
1784776604.878860,3865,2598,8171,8912,91.9600,0.7500
1784776604.930219,3846,2598,8180,8865,91.9600,0.7500
1784776604.981891,3846,2598,8208,8902,91.9600,0.7500
1784776605.033777,3912,2598,8171,8921,91.9600,0.7500
1784776605.085165,3846,2598,8171,8921,91.9600,0.7500
1784776605.136955,3884,2598,8189,8921,91.9600,0.7500
1784776605.188166,3865,2598,8208,8912,91.9600,0.7500
1784776605.239838,3912,2598,8189,8968,9.6100,-0.5600
1784776605.291002,3855,2598,8171,8949,10.8200,9.8100
1784776605.342896,3818,2598,8142,9052,2.7000,14.7500
1784776605.394271,3827,2598,8077,9005,8.1100,17.1900
1784776605.446514,3809,2598,8096,9034,10.8200,18.7500
1784776605.497802,3771,2598,7983,9015,8.1100,19.6200
1784776605.548975,3677,2598,8067,9015,8.1100,19.5600
1784776605.600839,3658,2598,8077,9005,10.8200,22.3100
1784776605.652116,3658,2598,8077,9005,2.7000,17.4400
1784776605.704204,3640,2598,8264,8959,10.8200,18.7500
1784776605.755188,3696,2598,8264,8884,5.4100,14.3800
1784776605.806913,3696,2598,8264,8884,2.7000,16.9400
1784776605.858252,3668,2598,8274,8987,10.8200,13.5600
1784776605.910084,3668,2598,8274,8987,8.1100,15.5600
1784776605.961917,3658,2598,8096,8987,10.8200,13.1300
1784776606.013080,3602,2598,8086,8940,5.4100,9.6900
1784776606.064883,3593,2598,8086,8959,5.4100,9.6900
1784776606.116883,3649,2598,8086,8987,8.1100,10.2500
1784776606.169430,3583,2598,8086,8968,8.1100,11.7500
1784776606.219135,3574,2598,8039,9052,8.1100,8.4400
1784776606.271043,3602,2598,8077,9081,8.1100,9.1300
1784776606.322810,3565,2598,8077,9005,10.8200,9.5000
1784776606.374103,3602,2598,8077,9024,10.8200,11.0000
1784776606.427795,3612,2598,8067,9043,8.1100,5.5600
1784776606.477186,3555,2598,8077,9005,5.4100,6.8800
1784776606.528991,3537,2598,8096,9034,8.1100,5.0600
1784776606.580024,3612,2598,8114,9005,5.4100,7.0000
1784776606.631938,3593,2598,8152,9034,8.1100,4.9400
1784776606.683879,3555,2598,8142,9024,8.1100,5.6300
1784776606.735160,3630,2598,8161,8996,8.1100,5.4400
1784776606.786915,3518,2598,8142,9062,8.1100,6.6300
1784776606.837997,3555,2598,8152,8968,5.4100,5.1900
1784776606.889915,3555,2598,8077,8996,5.4100,3.7500
1784776606.941042,3593,2598,8114,8968,8.1100,4.0600
1784776606.993198,3574,2598,8049,8968,5.4100,4.5000
1784776607.044238,3555,2598,8152,8996,8.1100,4.7500
1784776607.095965,3574,2598,8161,8996,5.4100,4.1900
1784776607.147180,3593,2598,8114,8930,8.1100,4.3100
1784776607.199017,3527,2598,8133,8930,5.4100,2.5600
1784776607.250928,3537,2598,8218,8930,5.4100,3.3100
1784776607.302123,3593,2598,8124,8996,5.4100,3.3100
1784776607.353972,3574,2598,8133,8996,5.4100,3.3100
1784776607.405205,3527,2598,8086,8968,5.4100,3.3100
1784776607.456980,3583,2598,8152,8977,5.4100,3.3100
1784776607.508201,3518,2598,8199,9043,5.4100,3.3100
1784776607.560099,3546,2598,8086,9071,5.4100,3.3100
1784776607.611910,3574,2598,8124,8996,3.2100,0.4400
1784776607.663209,3555,2598,8133,9015,75.7300,3.6900
1784776607.714959,3565,2598,8086,9015,73.0300,-1.6300
1784776607.767874,3537,2598,8105,8977,90.1600,4.4400
1784776607.823804,3546,2598,8105,8977,100.0700,4.6300
1784776607.869194,3602,2598,8058,9005,104.8800,1.3700
1784776607.921016,3574,2598,8077,9024,102.7800,0.8800
1784776607.972130,3574,2598,8096,9005,100.0700,-1.6900
1784776608.024290,3574,2598,8096,8912,98.1100,2.7500
1784776608.075968,3583,2598,8049,8977,100.0700,-1.1200
1784776608.127064,3546,2598,8058,8968,99.3600,0.3700
1784776608.178998,3593,2598,8077,8921,102.7800,-0.3700
1784776608.230105,3612,2598,8077,8912,100.0700,0.6900
1784776608.282012,3565,2598,8096,8921,98.1100,-1.0600
1784776608.333232,3565,2598,8077,8912,99.3600,1.0600
1784776608.385036,3621,2598,8067,8940,100.0700,0.6300
1784776608.436247,3574,2598,8021,8940,97.3700,-0.3100
1784776608.488084,3518,2598,8011,8949,100.0700,-0.3700
1784776608.540002,3527,2598,8039,8949,97.3700,0.0600
1784776608.591108,3546,2598,8030,8874,100.0700,-0.4400
1784776608.643063,3574,2598,7983,8902,100.7600,-0.3700
1784776608.694415,3593,2598,7983,8874,104.8800,-0.1900
1784776608.746051,3593,2598,8039,8977,105.4800,-0.5600
1784776608.797260,3555,2598,8002,8921,105.4800,0.8800
1784776608.849509,3602,2598,8039,8921,106.0700,0.1900
1784776608.901119,3612,2598,8002,8827,107.6400,0.0000
1784776608.954114,3612,2598,8039,8884,105.4800,0.5600
1784776609.004028,3612,2598,8002,8846,108.1900,-0.5000
1784776609.055306,3621,2598,7955,8780,110.8900,-0.1200
1784776609.107060,3574,2598,7964,8799,108.1900,-0.6300
1784776609.158306,3565,2598,7945,8808,110.8900,-0.8100
1784776609.210130,3630,2598,8011,8827,113.6000,-0.4400
1784776609.261202,3640,2598,7983,8808,111.3700,-0.2500
1784776609.313207,3630,2598,8030,8762,115.9200,-0.2500
1784776609.365010,3658,2598,8039,8771,116.6700,-0.1900
1784776609.416364,3574,2598,8030,8808,121.4400,-0.1200
1784776609.468068,3612,2598,7974,8799,119.0100,0.3100
1784776609.519188,3574,2598,7917,8771,119.0100,-0.6900
1784776609.571098,3612,2598,7945,8771,116.6700,-4.4400
1784776609.622209,3621,2598,7964,8733,115.9200,-4.1900
1784776609.674365,3621,2598,7908,8752,116.6700,7.5600
1784776609.725332,3593,2598,7927,8724,129.7100,2.8800
1784776609.777173,3621,2598,7927,8733,129.8300,1.1900
1784776609.829091,3649,2598,7908,8705,129.8300,-0.7500
1784776609.880215,3640,2598,7908,8724,121.9800,0.9400
1784776609.932102,3687,2598,7870,8762,124.1900,-1.6300
1784776609.983233,3640,2598,7908,8705,116.6700,1.7500
1784776610.035142,3668,2598,7927,8696,121.4400,-1.3100
1784776610.086343,3640,2598,7861,8743,124.4200,-0.1200
1784776610.138183,3612,2598,7861,8705,127.1200,0.3700
1784776610.189363,3649,2598,7908,8762,124.4200,0.7500
1784776610.241207,3612,2598,7833,8658,129.8300,1.1200
1784776610.293112,3593,2598,7861,8687,129.7100,0.1200
1784776610.344611,3630,2598,7861,8640,127.1200,0.0600
1784776610.396149,3630,2598,7814,8649,127.1200,0.6900
1784776610.447381,3621,2598,7824,8621,129.8300,0.3700
1784776610.499197,3668,2598,7861,8649,129.8300,1.1900
1784776610.550416,3658,2598,7880,8611,127.1200,1.5600
1784776610.602264,3630,2598,7777,8640,129.8300,0.4400
1784776610.654111,3668,2598,7786,8602,127.2800,-0.3700
1784776610.705396,3687,2598,7739,8574,135.2300,0.4400
1784776610.757171,3640,2598,7786,8574,135.2300,-1.3100
1784776610.808403,3687,2598,7777,8546,135.2300,-0.9400
1784776610.860189,3677,2598,7758,8546,135.2300,-0.3100
1784776610.911306,3687,2598,7767,8555,143.5100,-0.6300
1784776610.963239,3640,2598,7786,8574,146.0500,-1.0600
1784776611.015112,3677,2598,7777,8574,143.3500,-1.1900
1784776611.066416,3640,2598,7739,8499,143.1900,0.3700
1784776611.118183,3668,2598,7767,8527,149.0300,-1.0000
1784776611.169356,3612,2598,7730,8574,143.1900,0.7500
1784776611.221238,3621,2598,7711,8611,146.2700,-1.0000
1784776611.272428,3649,2598,7748,8499,145.8400,1.3100
1784776611.324687,3687,2598,7683,8546,151.7900,0.5000
1784776611.375572,3705,2598,7720,8480,145.8400,1.3700
1784776611.427910,3593,2598,7720,8480,149.0300,-0.6900
1784776611.479222,3696,2598,7702,8499,151.4600,0.2500
1784776611.530380,3724,2598,7664,8480,148.4900,0.6900
1784776611.582888,3743,2598,7673,8480,157.3100,-0.1200
1784776611.633524,3743,2598,7617,8433,156.8700,0.6300
1784776611.685913,3743,2598,7711,8433,153.8000,0.3700
1784776611.736597,3724,2598,7683,8433,157.3100,2.6300
1784776611.788329,3724,2598,7683,8433,156.8700,-1.6900
1784776611.840214,3705,2598,7664,8424,156.8700,1.1900
1784776611.891376,3780,2598,7627,8433,159.5800,-0.0600
1784776611.943275,3705,2598,7636,8386,162.2800,-0.8100
1784776611.994882,3696,2598,7627,8405,159.5800,1.7500
1784776612.046291,3715,2598,7645,8386,164.9900,-1.1900
1784776612.097613,3705,2598,7627,8349,162.2800,0.7500
1784776612.149348,3734,2598,7645,8368,164.4000,-0.1200
1784776612.200639,3752,2598,7655,8302,171.1100,-0.5600
1784776612.252388,3762,2598,7636,8293,161.7500,0.0600
1784776612.304253,3771,2598,7570,8349,168.3500,-0.1900
1784776612.355603,3762,2598,7570,8283,169.7100,-0.9400
1784776612.407417,3743,2598,7551,8311,171.1100,-0.8800
1784776612.458673,3762,2598,7598,8321,175.8000,-1.3100
1784776612.510358,3724,2598,7580,8274,175.8000,0.4400
1784776612.561679,3762,2598,7589,8293,175.0100,-0.3100
1784776612.613388,3780,2598,7533,8311,176.6300,0.5000
1784776612.665284,3762,2598,7533,8302,177.6600,1.0000
1784776612.716661,3780,2598,7505,8321,182.1500,-1.3700
1784776612.768305,3790,2598,7542,8274,175.8000,1.4400
1784776612.819674,3809,2598,7476,8246,175.0100,-0.5000
1784776612.871352,3780,2598,7495,8274,178.5100,0.6900
1784776612.922540,3762,2598,7467,8255,179.3900,-1.2500
1784776612.974410,3762,2598,7467,8255,175.0100,-0.0600
1784776613.025698,3743,2598,7420,8255,182.1500,-0.8800
1784776613.077705,3743,2598,7458,8199,175.8000,-1.5600
1784776613.129307,3780,2598,7476,8227,178.5100,1.0600
1784776613.180530,3771,2598,7392,8199,181.2100,0.9400
1784776613.232341,3818,2598,7439,8218,178.5100,0.6900
1784776613.283542,3818,2598,7392,8189,177.6600,1.3100
1784776613.335396,3762,2598,7401,8180,179.3900,-0.6900
1784776613.386927,3743,2598,7411,8180,173.1000,1.5600
1784776613.438729,3818,2598,7411,8180,169.7100,0.1200
1784776613.490324,3771,2598,7373,8189,175.8000,-2.1900
1784776613.541481,3809,2598,7383,8152,176.6300,-0.0600
1784776613.593364,3780,2598,7383,8124,182.1500,-1.2500
1784776613.644707,3771,2598,7345,8199,180.3100,0.0600
1784776613.696417,3809,2598,7364,8152,184.9100,-0.6300
1784776613.747716,3790,2598,7279,8086,178.5100,1.3700
1784776613.799452,3837,2598,7336,8067,178.5100,0.6900
1784776613.850721,3837,2598,7392,8086,178.5100,0.5600
1784776613.902705,3837,2598,7326,8086,180.3100,0.1900
1784776613.954361,3837,2598,7364,8077,182.1500,-0.3100
1784776614.005541,3837,2598,7326,8058,178.5100,-1.5600
1784776614.057402,3846,2598,7289,8058,172.3600,0.5600
1784776614.108743,3846,2598,7270,8096,173.8700,0.4400
1784776614.160525,3865,2598,7251,8105,175.0100,0.0600
1784776614.211759,3846,2598,7233,8096,173.1000,1.0000
1784776614.263495,3865,2598,7223,8067,179.3900,0.7500
1784776614.315343,3874,2598,7261,8002,175.8000,-0.1900
1784776614.366706,3846,2598,7270,8086,172.3600,0.8100
1784776614.418411,3874,2598,7261,7992,173.8700,-0.6300
1784776614.469773,3874,2598,7195,8021,173.1000,1.6900
1784776614.521464,3931,2598,7176,7945,172.3600,-0.8800
1784776614.572824,3912,2598,7176,7936,179.3900,0.0000
1784776614.624538,3884,2598,7148,7974,173.1000,-1.3100
1784776614.676492,3893,2598,7176,7974,177.6600,0.6900
1784776614.727575,3912,2598,7176,7983,179.3900,-0.6900
1784776614.779437,3921,2598,7139,7974,181.2100,0.8800
1784776614.830777,3893,2598,7139,7955,178.5100,-1.8800
1784776614.882582,3912,2598,7120,7974,180.3100,0.9400
1784776614.933676,3940,2598,7101,7955,182.1500,-2.0000
1784776614.986264,3902,2598,7082,7870,181.2100,-0.1900
1784776615.036892,3902,2598,7054,7889,181.2100,0.6900
1784776615.088819,3931,2598,7092,7955,178.5100,0.0000
1784776615.140454,3940,2598,7101,7908,181.2100,-0.5000
1784776615.191576,3959,2598,7064,7945,175.8000,0.8800
1784776615.243458,3959,2598,7054,7880,173.1000,1.3700
1784776615.294650,3968,2598,7026,7833,176.6300,-1.2500
1784776615.346502,4043,2598,7092,7833,175.0100,0.3100
1784776615.397710,3987,2598,7045,7833,173.8700,-1.4400
1784776615.449848,4062,2598,6989,7852,173.1000,0.2500
1784776615.500856,4006,2598,6998,7824,173.1000,-1.1200
1784776615.552604,3996,2598,6970,7767,175.8000,0.3700
1784776615.604451,4015,2598,6951,7786,173.1000,0.9400
1784776615.655662,3968,2598,6970,7880,169.7100,1.0600
1784776615.707507,4006,2598,6970,7777,179.3900,-0.8100
1784776615.758864,4043,2598,6942,7767,169.7100,-0.3100
1784776615.810650,4034,2598,6970,7767,179.3900,-1.7500
1784776615.861872,4062,2598,6932,7758,173.1000,-0.1900
1784776615.913585,4062,2598,6942,7711,173.1000,-0.3100
1784776615.964849,4052,2598,6970,7777,175.0100,-0.6300
1784776616.016653,4024,2598,6923,7805,179.3900,-1.0000
1784776616.068520,4043,2598,6914,7758,175.0100,-0.3700
1784776616.119877,4071,2598,6932,7833,184.9100,-0.7500
1784776616.171568,4071,2598,6960,7767,175.0100,0.3100
1784776616.222893,4062,2598,6867,7786,184.9100,0.6300
1784776616.274645,4034,2598,6895,7692,180.3100,-0.1900
1784776616.325762,4062,2598,6867,7711,187.6700,0.1200
1784776616.377640,4043,2598,6876,7720,178.5100,0.1900
1784776616.428959,4118,2598,6876,7730,175.8000,-0.1900
1784776616.480886,4090,2598,6904,7748,177.6600,0.0600
1784776616.532573,4071,2598,6867,7702,176.6300,-0.3100
1784776616.583713,4071,2598,6857,7683,178.5100,-0.0600
1784776616.635575,4165,2598,6801,7636,178.5100,-0.6900
1784776616.686867,4184,2598,6810,7711,175.8000,0.8800
1784776616.738911,4128,2598,6820,7683,178.5100,-0.3700
1784776616.790004,4203,2598,6820,7655,173.1000,0.8100
1784776616.841719,4193,2598,6773,7608,173.1000,0.8100
1784776616.893569,4212,2598,6801,7636,175.8000,-1.1900
1784776616.944767,4156,2598,6810,7664,175.8000,-0.1200
1784776616.996590,4203,2598,6782,7570,178.5100,-1.0600
1784776617.047925,4165,2598,6763,7533,178.5100,-0.1200
1784776617.099662,4156,2598,6754,7533,175.8000,0.3700
1784776617.150967,4221,2598,6717,7589,175.0100,-0.8100
1784776617.202768,4184,2598,6754,7589,182.1500,-0.0600
1784776617.253950,4193,2598,6745,7533,181.2100,1.0000
1784776617.305733,4212,2598,6707,7542,178.5100,1.1900
1784776617.357592,4184,2598,6707,7561,178.5100,1.1200
1784776617.408988,4212,2598,6698,7580,177.6600,1.5600
1784776617.460640,4203,2598,6688,7542,175.8000,-0.3100
1784776617.511931,4249,2598,6745,7551,182.1500,0.5000
1784776617.563668,4249,2598,6717,7542,178.5100,-0.1900
1784776617.614847,4249,2598,6670,7495,178.5100,0.4400
1784776617.666737,4231,2598,6688,7589,178.5100,0.9400
1784776617.718762,4306,2598,6651,7608,178.5100,1.2500
1784776617.769982,4278,2598,6670,7608,177.6600,-0.2500
1784776617.821647,4259,2598,6651,7551,182.1500,0.0600
1784776617.872816,4306,2598,6670,7570,180.3100,0.1900
1784776617.924688,4296,2598,6613,7598,176.6300,-0.8800
1784776617.975855,4306,2598,6651,7505,172.3600,0.7500
1784776618.027728,4343,2598,6613,7458,176.6300,-0.8800
1784776618.079021,4306,2598,6632,7448,172.3600,-2.7500
1784776618.131020,4400,2598,6566,7542,171.1100,2.6900
1784776618.182644,4315,2598,6566,7458,173.1000,-0.8800
1784776618.233807,4268,2598,6595,7476,175.8000,1.4400
1784776618.285706,4325,2598,6520,7542,178.5100,-2.1300
1784776618.336941,4362,2598,6520,7514,183.9200,1.5000
1784776618.389024,4390,2598,6529,7495,180.3100,-1.5600
1784776618.440026,4371,2598,6482,7467,181.2100,-0.0600
1784776618.491765,4437,2598,6501,7430,181.2100,-0.0600
1784776618.543617,4390,2598,6491,7401,164.4000,-0.7500
1784776618.594809,4362,2598,6510,7373,182.1500,1.3700
1784776618.646679,4390,2598,6454,7336,175.0100,-1.0000
1784776618.697842,4390,2598,6463,7401,179.3900,0.1900
1784776618.749727,4409,2598,6463,7401,175.8000,-0.1200
1784776618.801052,4456,2598,6463,7383,178.5100,2.1300
1784776618.852816,4456,2598,6482,7383,169.7100,-0.2500
1784776618.904110,4390,2598,6501,7354,173.1000,1.1200
1784776618.955812,4400,2598,6454,7317,176.6300,-0.6900
1784776619.007686,4428,2598,6510,7401,178.5100,1.3100
1784776619.059077,4428,2598,6416,7373,175.8000,1.0600
1784776619.110762,4400,2598,6445,7308,181.2100,-0.8100
1784776619.162128,4400,2598,6407,7336,178.5100,1.6300
1784776619.213762,4484,2598,6445,7242,170.4000,0.5000
1784776619.264982,4428,2598,6407,7279,173.1000,2.0000
1784776619.316844,4465,2598,6416,7336,175.8000,-1.0000
1784776619.368096,4456,2598,6426,7279,170.4000,0.0000
1784776619.420125,4409,2598,6360,7279,173.1000,-1.6900
1784776619.471735,4475,2598,6379,7289,170.4000,2.6900
1784776619.523113,4475,2598,6379,7279,175.8000,-1.8800
1784776619.574799,4512,2598,6341,7336,178.5100,0.9400
1784776619.626029,4409,2598,6370,7270,175.8000,-3.0600
1784776619.677872,4465,2598,6341,7289,175.8000,2.3800
1784776619.729204,4503,2598,6332,7308,175.0100,-3.0000
1784776619.781154,4465,2598,6313,7270,176.6300,2.8100
1784776619.832746,4446,2598,6313,7251,175.8000,-0.7500
1784776619.883967,4522,2598,6294,7204,173.1000,0.6900
1784776619.935787,4475,2598,6248,7223,173.1000,-0.3700
1784776619.987084,4484,2598,6266,7195,175.8000,0.8800
1784776620.039184,4493,2598,6229,7242,175.8000,-0.1200
1784776620.090176,4493,2598,6238,7157,179.3900,0.5600
1784776620.141912,4437,2598,6266,7223,179.3900,0.5600
1784776620.193440,4540,2598,6219,7204,176.6300,0.3100
1784776620.244954,4512,2598,6219,7204,173.1000,1.6900
1784776620.296776,4512,2598,6163,7214,173.1000,-0.9400
1784776620.347964,4531,2598,6248,7270,175.0100,1.9400
1784776620.399882,4578,2598,6210,7279,171.1100,2.0000
1784776620.451196,4550,2598,6154,7176,172.3600,0.3700
1784776620.502931,4559,2598,6107,7195,173.8700,-0.9400
1784776620.554268,4606,2598,6107,7195,175.8000,-1.1900
1784776620.605978,4540,2598,6144,7167,175.8000,-0.3700
1784776620.657811,4578,2598,6182,7139,178.5100,-1.8100
1784776620.709272,4559,2598,6107,7026,177.6600,0.2500
1784776620.760864,4587,2598,6126,7082,183.9200,-0.9400
1784776620.812212,4653,2598,6116,7082,187.6700,-0.8100
1784776620.863873,4643,2598,6107,7186,182.9600,-0.8800
1784776620.915064,4615,2598,6060,7139,187.6700,1.2500
1784776620.967017,4625,2598,6088,7111,181.2100,1.1900
1784776621.018274,4653,2598,6079,7111,178.5100,1.8800
1784776621.070227,4718,2598,6060,7073,175.8000,-1.2500
1784776621.121830,4690,2598,6088,7064,175.8000,1.1200
1784776621.173002,4681,2598,6060,7017,172.3600,-1.1200
1784776621.224935,4606,2598,6032,7045,175.8000,1.3700
1784776621.276219,4672,2598,5994,7045,175.8000,-0.5000
1784776621.327919,4643,2598,5976,7045,173.8700,1.2500
1784776621.379303,4643,2598,6032,6960,178.5100,-0.5600
1784776621.431266,4662,2598,6032,6989,173.1000,1.5600
1784776621.482889,4662,2598,6022,7045,172.3600,0.0000
1784776621.534865,4643,2598,5994,6998,171.1100,0.4400
1784776621.585918,4737,2598,5976,6970,171.1100,0.4400
1784776621.637065,4597,2598,6022,6998,171.1100,0.4400
1784776621.688918,4681,2598,5966,7007,171.1100,0.4400
1784776621.740249,4690,2598,5919,6942,171.1100,0.4400
1784776621.792016,4681,2598,5957,6942,171.1100,0.4400
1784776621.843338,4700,2598,5929,6914,171.1100,0.4400
1784776621.895024,4681,2598,5938,6989,171.1100,0.4400
1784776621.946850,4709,2598,5938,6923,171.1100,0.4400
1784776621.998040,4662,2598,5919,6914,171.1100,0.4400
1784776622.050003,4737,2598,5957,6914,171.1100,0.4400
1784776622.101280,4709,2598,5891,6904,171.1100,0.4400
1784776622.153078,4662,2598,5882,6942,171.1100,0.4400
1784776622.204266,4747,2598,5882,6895,171.1100,0.4400
1784776622.256007,4765,2598,5835,6829,171.1100,0.4400
1784776622.307888,4737,2598,5891,6857,171.1100,0.4400
1784776622.359144,4662,2598,5891,6867,171.1100,0.4400
1784776622.410949,4784,2598,5900,6876,171.1100,0.4400
1784776622.462318,4737,2598,5900,6839,171.1100,0.4400
1784776622.513973,4756,2598,5825,6829,171.1100,0.4400
1784776622.565344,4747,2598,5854,6810,171.1100,0.4400
1784776622.617021,4765,2598,5797,6810,171.1100,0.4400
1784776622.668296,4747,2598,5807,6782,171.1100,0.4400
1784776622.720363,4747,2598,5788,6801,171.1100,0.4400
1784776622.771957,4794,2598,5816,6810,171.1100,0.4400
1784776622.823519,4775,2598,5779,6839,171.1100,0.4400
1784776622.874979,4700,2598,5788,6810,171.1100,0.4400
1784776622.926321,4718,2598,5750,6792,171.1100,0.4400
1784776622.978027,4756,2598,5760,6810,171.1100,0.4400
1784776623.029370,4718,2598,5750,6763,171.1100,0.4400
1784776623.081365,4709,2598,5779,6763,171.1100,0.4400
1784776623.132973,4765,2598,5732,6717,171.1100,0.4400
1784776623.184287,4737,2598,5675,6698,171.1100,0.4400
1784776623.235986,4794,2598,5647,6707,171.1100,0.4400
1784776623.287176,4784,2598,5666,6651,171.1100,0.4400
1784776623.339152,4784,2598,5741,6679,171.1100,0.4400
1784776623.390288,4803,2598,5638,6604,171.1100,0.4400
1784776623.442220,4794,2598,5638,6651,171.1100,0.4400
1784776623.493458,4812,2598,5638,6651,171.1100,0.4400
1784776623.545177,4822,2598,5544,6651,171.1100,0.4400
1784776623.597010,4850,2598,5647,6632,171.1100,0.4400
1784776623.648116,4850,2598,5628,6613,171.1100,0.4400
1784776623.700083,4850,2598,5582,6613,171.1100,0.4400
1784776623.751241,4812,2598,5582,6557,171.1100,0.4400
1784776623.803068,4859,2598,5572,6566,171.1100,0.4400
1784776623.854264,4803,2598,5619,6623,171.1100,0.4400
1784776623.906086,4803,2598,5600,6566,171.1100,0.4400
1784776623.958019,4775,2598,5619,6538,171.1100,0.4400
1784776624.009262,4784,2598,5582,6585,171.1100,0.4400
1784776624.061038,4840,2598,5582,6576,171.1100,0.4400
1784776624.112298,4822,2598,5544,6623,171.1100,0.4400
1784776624.164071,4859,2598,5535,6529,171.1100,0.4400
1784776624.215372,4878,2598,5553,6529,171.1100,0.4400
1784776624.267109,4812,2598,5525,6613,171.1100,0.4400
1784776624.318623,4850,2598,5488,6651,171.1100,0.4400
1784776624.370318,4897,2598,5431,6566,171.1100,0.4400
1784776624.422052,4859,2598,5506,6557,171.1100,0.4400
1784776624.473309,4897,2598,5441,6538,171.1100,0.4400
1784776624.525092,4897,2598,5516,6604,171.1100,0.4400
1784776624.576217,4925,2598,5469,6529,171.1100,0.4400
1784776624.628120,4915,2598,5450,6548,171.1100,0.4400
1784776624.679318,4822,2598,5469,6576,171.1100,0.4400
1784776624.731323,4822,2598,5450,6501,171.1100,0.4400
1784776624.783078,4869,2598,5422,6501,171.1100,0.4400
1784776624.834177,4944,2598,5413,6491,171.1100,0.4400
1784776624.886123,4897,2598,5441,6491,171.1100,0.4400
1784776624.937227,4878,2598,5394,6520,171.1100,0.4400
1784776624.989229,4897,2598,5422,6463,171.1100,0.4400
1784776625.040332,4897,2598,5450,6501,171.1100,0.4400
1784776625.092371,4925,2598,5441,6473,171.1100,0.4400
1784776625.144112,4953,2598,5385,6435,171.1100,0.4400
1784776625.195208,4953,2598,5403,6398,171.1100,0.4400
1784776625.247119,4925,2598,5394,6426,171.1100,0.4400
1784776625.298242,4934,2598,5375,6435,171.1100,0.4400
1784776625.350388,4972,2598,5366,6435,171.1100,0.4400
1784776625.401350,4972,2598,5403,6454,171.1100,0.4400
1784776625.453178,5000,2598,5291,6370,171.1100,0.4400
1784776625.504428,5047,2598,5356,6426,171.1100,0.4400
1784776625.556253,5009,2598,5385,6379,171.1100,0.4400
1784776625.608128,4981,2598,5328,6360,171.1100,0.4400
1784776625.659249,5047,2598,5281,6360,171.1100,0.4400
1784776625.711194,5009,2598,5225,6341,171.1100,0.4400
1784776625.762419,5066,2598,5300,6379,171.1100,0.4400
1784776625.814237,5056,2598,5291,6266,171.1100,0.4400
1784776625.865526,5066,2598,5281,6313,173.1000,0.2500
1784776625.917266,5047,2598,5253,6304,173.1000,0.2500
1784776625.969116,5075,2598,5244,6360,173.1000,0.2500
1784776626.020421,5084,2598,5300,6323,173.1000,0.2500
1784776626.072171,5094,2598,5216,6351,173.1000,0.2500
1784776626.123549,5075,2598,5234,6304,173.1000,0.2500
1784776626.175205,5094,2598,5188,6266,173.1000,0.2500
1784776626.226364,5094,2598,5206,6257,173.1000,0.2500
1784776626.278235,5094,2598,5225,6257,173.1000,0.2500
1784776626.329489,5169,2598,5234,6313,173.1000,0.2500
1784776626.381491,5112,2598,5150,6266,173.1000,0.2500
1784776626.433177,5112,2598,5188,6285,173.1000,0.2500
1784776626.484298,5150,2598,5206,6285,173.1000,0.2500
1784776626.536214,5150,2598,5159,6370,173.1000,0.2500
1784776626.587379,5150,2598,5150,6266,173.1000,0.2500
1784776626.639259,5112,2598,5131,6248,173.1000,0.2500
1784776626.690526,5150,2598,5112,6201,173.1000,0.2500
1784776626.742281,5178,2598,5159,6173,173.1000,0.2500
1784776626.794174,5169,2598,5103,6173,173.1000,0.2500
1784776626.845350,5206,2598,5094,6107,173.1000,0.2500
1784776626.897233,5131,2598,5056,6154,173.1000,0.2500
1784776626.948480,5131,2598,5056,6182,178.5100,1175.8000
1784776627.000509,5206,2598,5075,6144,178.5100,1175.8000
1784776627.051500,5169,2598,5112,6069,178.5100,1175.8000
1784776627.103308,5206,2598,5037,6144,178.5100,1175.8000
1784776627.154580,5141,2598,5122,6163,178.5100,1175.8000
1784776627.206358,5188,2598,5028,6097,178.5100,1175.8000
1784776627.258237,5263,2598,5009,6144,178.5100,1175.8000
1784776627.309487,5253,2598,5066,6126,178.5100,1175.8000
1784776627.361262,5253,2598,4991,6079,178.5100,1175.8000
1784776627.412508,5263,2598,5019,6060,178.5100,1175.8000
1784776627.464297,5263,2598,5019,6041,178.5100,1175.8000
1784776627.515576,5309,2598,5019,6079,178.5100,1175.8000
1784776627.567344,5253,2598,4953,6013,178.5100,1175.8000
1784776627.619274,5291,2598,4953,6051,178.5100,1175.8000
1784776627.670631,5300,2598,4953,6022,178.5100,1175.8000
1784776627.722287,5338,2598,4934,6022,178.5100,1175.8000
1784776627.773535,5338,2598,4944,6041,178.5100,1175.8000
1784776627.825320,5338,2598,4878,6022,178.5100,1175.8000
1784776627.876529,5319,2598,4981,6004,178.5100,1175.8000
1784776627.928509,5347,2598,4925,5994,178.5100,1175.8000
1784776627.980242,5366,2598,4953,6060,178.5100,1175.8000
1784776628.031582,5356,2598,4869,6041,178.5100,1175.8000
1784776628.083302,5375,2598,4859,6032,178.5100,1175.8000
1784776628.134565,5385,2598,4859,6032,178.5100,1175.8000
1784776628.186328,5394,2598,4840,5994,178.5100,1175.8000
1784776628.237469,5347,2598,4878,6060,178.5100,1175.8000
1784776628.289378,5347,2598,4822,6051,178.5100,1175.8000
1784776628.341263,5469,2598,4887,5985,178.5100,1175.8000
1784776628.392578,5450,2598,4840,6060,178.5100,1175.8000
1784776628.444317,5460,2598,4812,6022,178.5100,1175.8000
1784776628.495453,5469,2598,4812,5966,178.5100,1175.8000
1784776628.547355,5488,2598,4944,6032,178.5100,1175.8000
1784776628.598539,5469,2598,4925,5985,178.5100,1175.8000
1784776628.650421,5525,2598,4850,5976,178.5100,1175.8000
1784776628.701725,5572,2598,4822,5966,178.5100,1175.8000
1784776628.753779,5544,2598,4822,5844,178.5100,1175.8000
1784776628.805439,5563,2598,4794,5929,178.5100,1175.8000
1784776628.856512,5572,2598,4784,5919,178.5100,1175.8000
1784776628.910050,5544,2598,4794,5872,178.5100,1175.8000
1784776628.959551,5582,2598,4822,5891,178.5100,1175.8000
1784776629.011709,5535,2598,4737,5854,178.5100,1175.8000
1784776629.062692,5600,2598,4794,5825,178.5100,1175.8000
1784776629.114476,5647,2598,4700,5797,178.5100,1175.8000
1784776629.166323,5572,2598,4747,5769,178.5100,1175.8000
1784776629.217507,5553,2598,4700,5825,178.5100,1175.8000
1784776629.269413,5600,2598,4737,5816,178.5100,1175.8000
1784776629.320590,5619,2598,4728,5760,178.5100,1175.8000
1784776629.372482,5657,2598,4653,5779,178.5100,1175.8000
1784776629.423810,5619,2598,4672,5750,178.5100,1175.8000
1784776629.475498,5619,2598,4643,5741,178.5100,1175.8000
1784776629.527372,5619,2598,4653,5788,178.5100,1175.8000
1784776629.578531,5647,2598,4634,5797,178.5100,1175.8000
1784776629.630437,5675,2598,4662,5891,178.5100,1175.8000
1784776629.681613,5657,2598,4709,5760,178.5100,1175.8000
1784776629.733464,5703,2598,4672,5769,178.5100,1175.8000
1784776629.784778,5638,2598,4550,5797,178.5100,1175.8000
1784776629.836503,5666,2598,4597,5797,178.5100,1175.8000
1784776629.887794,5666,2598,4597,5722,178.5100,1175.8000
1784776629.939559,5666,2598,4559,5722,178.5100,1175.8000
1784776629.991466,5741,2598,4578,5732,178.5100,1175.8000
1784776630.042925,5750,2598,4522,5722,178.5100,1175.8000
1784776630.094483,5675,2598,4568,5694,178.5100,1175.8000
1784776630.145815,5750,2598,4550,5685,178.5100,1175.8000
1784776630.197510,5713,2598,4559,5657,178.5100,1175.8000
1784776630.248832,5741,2598,4503,5703,178.5100,1175.8000
1784776630.300575,5788,2598,4484,5675,178.5100,1175.8000
1784776630.352440,5816,2598,4512,5657,178.5100,1175.8000
1784776630.403817,5797,2598,4540,5638,178.5100,1175.8000
1784776630.455490,5816,2598,4484,5647,178.5100,1175.8000
1784776630.506853,5872,2598,4493,5675,178.5100,1175.8000
1784776630.558640,5863,2598,4475,5647,178.5100,1175.8000
1784776630.609713,5863,2598,4512,5647,178.5100,1175.8000
1784776630.661598,5816,2598,4493,5657,178.5100,1175.8000
1784776630.713440,5863,2598,4446,5628,178.5100,1175.8000
1784776630.764870,5816,2598,4465,5600,178.5100,1175.8000
1784776630.816594,5816,2598,4418,5572,178.5100,1175.8000
1784776630.867646,5919,2598,4409,5628,178.5100,1175.8000
1784776630.919560,5797,2598,4390,5647,178.5100,1175.8000
1784776630.970720,5872,2598,4456,5628,178.5100,1175.8000
1784776631.022894,5872,2598,4400,5553,178.5100,1175.8000
1784776631.073867,5929,2598,4381,5516,178.5100,1175.8000
1784776631.125615,5938,2598,4362,5572,178.5100,1175.8000
1784776631.177658,5825,2598,4362,5516,178.5100,1175.8000
1784776631.228680,6013,2598,4371,5506,178.5100,1175.8000
1784776631.280556,5957,2598,4362,5553,178.5100,1175.8000
1784776631.331857,5891,2598,4353,5478,178.5100,1175.8000
1784776631.383920,5966,2598,4343,5488,178.5100,1175.8000
1784776631.435009,5938,2598,4362,5460,178.5100,1175.8000
1784776631.486632,6022,2598,4353,5544,178.5100,1175.8000
1784776631.538589,5957,2598,4325,5525,178.5100,1175.8000
1784776631.589709,5994,2598,4325,5544,178.5100,1175.8000
1784776631.641665,5938,2598,4306,5544,178.5100,1175.8000
1784776631.693879,5872,2598,4325,5497,178.5100,1175.8000
1784776631.744601,6051,2598,4306,5506,178.5100,1175.8000
1784776631.795906,5985,2598,4240,5535,178.5100,1175.8000
1784776631.847692,5976,2598,4343,5535,178.5100,1175.8000
1784776631.899624,6032,2598,4287,5535,178.5100,1175.8000
1784776631.950733,6032,2598,4306,5535,178.5100,1175.8000
1784776632.002571,6041,2598,4287,5488,178.5100,1175.8000
1784776632.053977,5994,2598,4287,5469,178.5100,1175.8000
1784776632.105632,6022,2598,4315,5488,178.5100,1175.8000
1784776632.156931,6032,2598,4221,5544,178.5100,1175.8000
1784776632.208694,6013,2598,4231,5544,178.5100,1175.8000
1784776632.260049,6041,2598,4231,5544,178.5100,1175.8000
1784776632.311708,6079,2598,4268,5582,178.5100,1175.8000
1784776632.363577,6088,2598,4184,5563,178.5100,1175.8000
1784776632.414970,6041,2598,4184,5535,178.5100,1175.8000
1784776632.466658,6060,2598,4212,5535,178.5100,1175.8000
1784776632.518136,6069,2598,4174,5535,178.5100,1175.8000
1784776632.569715,6088,2598,4137,5525,178.5100,1175.8000
1784776632.620940,6126,2598,4137,5497,178.5100,1175.8000
1784776632.672756,6219,2598,4099,5488,178.5100,1175.8000
1784776632.724674,6144,2598,4099,5422,178.5100,1175.8000
1784776632.776057,6238,2598,4099,5422,178.5100,1175.8000
1784776632.827666,6191,2598,4090,5366,178.5100,1175.8000
1784776632.878979,6126,2598,4034,5403,178.5100,1175.8000
1784776632.930690,6144,2598,4071,5394,178.5100,1175.8000
1784776632.981896,6163,2598,4081,5385,178.5100,1175.8000
1784776633.033754,6126,2598,4081,5300,178.5100,1175.8000
1784776633.085083,6144,2598,4034,5347,178.5100,1175.8000
1784776633.137008,6182,2598,4024,5300,178.5100,1175.8000
1784776633.188650,6097,2598,4052,5291,178.5100,1175.8000
1784776633.239833,6173,2598,4043,5244,178.5100,1175.8000
1784776633.291689,6210,2598,4006,5244,178.5100,1175.8000
1784776633.342945,6182,2598,3996,5281,178.5100,1175.8000
1784776633.395015,6257,2598,4015,5234,178.5100,1175.8000
1784776633.446018,6163,2598,3987,5244,178.5100,1175.8000
1784776633.497791,6257,2598,3977,5263,178.5100,1175.8000
1784776633.549733,6201,2598,3949,5281,178.5100,1175.8000
1784776633.600990,6248,2598,3987,5309,178.5100,1175.8000
1784776633.652705,6266,2598,3959,5263,178.5100,1175.8000
1784776633.703892,6313,2598,3959,5272,178.5100,1175.8000
1784776633.756116,6351,2598,3949,5263,178.5100,1175.8000
1784776633.807063,6285,2598,3968,5178,178.5100,1175.8000
1784776633.858923,6313,2598,3912,5253,178.5100,1175.8000
1784776633.910644,6332,2598,3968,5234,178.5100,1175.8000
1784776633.961836,6323,2598,3902,5188,178.5100,1175.8000
1784776634.013740,6313,2598,3940,5112,178.5100,1175.8000
1784776634.064913,6294,2598,3921,5169,178.5100,1175.8000
1784776634.116906,6294,2598,3902,5234,178.5100,1175.8000
1784776634.168075,6313,2598,3865,5169,178.5100,1175.8000
1784776634.219830,6332,2598,3827,5216,178.5100,1175.8000
1784776634.271682,6351,2598,3874,5197,178.5100,1175.8000
1784776634.322864,6370,2598,3846,5197,178.5100,1175.8000
1784776634.374762,6323,2598,3818,5141,178.5100,1175.8000
1784776634.426089,6323,2598,3827,5169,178.5100,1175.8000
1784776634.477765,6351,2598,3855,5103,178.5100,1175.8000
1784776634.529084,6370,2598,3771,5141,178.5100,1175.8000
1784776634.580822,6370,2598,3799,5122,178.5100,1175.8000
1784776634.632173,6332,2598,3771,5131,178.5100,1175.8000
1784776634.683864,6426,2598,3752,5047,178.5100,1175.8000
1784776634.735744,6454,2598,3743,5150,178.5100,1175.8000
1784776634.787132,6435,2598,3790,5131,178.5100,1175.8000
1784776634.838776,6407,2598,3734,5066,178.5100,1175.8000
1784776634.890208,6407,2598,3762,5028,178.5100,1175.8000
1784776634.941835,6463,2598,3743,5028,178.5100,1175.8000
1784776634.993244,6454,2598,3762,5056,178.5100,1175.8000
1784776635.046635,6463,2598,3809,5103,178.5100,1175.8000
1784776635.096792,6454,2598,3658,5141,178.5100,1175.8000
1784776635.148138,6416,2598,3687,5047,178.5100,1175.8000
1784776635.199861,6416,2598,3658,5075,178.5100,1175.8000
1784776635.251241,6529,2598,3649,5019,178.5100,1175.8000
1784776635.302890,6482,2598,3705,5009,178.5100,1175.8000
1784776635.354018,6491,2598,3705,5019,178.5100,1175.8000
1784776635.405895,6613,2598,3734,5047,178.5100,1175.8000
1784776635.457786,6538,2598,3705,5047,178.5100,1175.8000
1784776635.509180,6520,2598,3696,5028,178.5100,1175.8000
1784776635.560812,6520,2598,3630,5009,178.5100,1175.8000
1784776635.612336,6520,2598,3743,5037,178.5100,1175.8000
1784776635.663869,6520,2598,3743,5000,178.5100,1175.8000
1784776635.715078,6520,2598,3668,5000,178.5100,1175.8000
1784776635.766911,6604,2598,3687,4972,178.5100,1175.8000
1784776635.818828,6623,2598,3668,5019,178.5100,1175.8000
1784776635.870210,6538,2598,3621,4962,178.5100,1175.8000
1784776635.921833,6529,2598,3621,4953,178.5100,1175.8000
1784776635.972999,6520,2598,3630,4972,178.5100,1175.8000
1784776636.024983,6548,2598,3565,4897,178.5100,1175.8000
1784776636.076036,6566,2598,3574,4869,178.5100,1175.8000
1784776636.127926,6613,2598,3546,4906,178.5100,1175.8000
1784776636.179220,6585,2598,3527,4859,178.5100,1175.8000
1784776636.231259,6632,2598,3612,4897,178.5100,1175.8000
1784776636.282853,6782,2598,3490,4878,178.5100,1175.8000
1784776636.334000,6801,2598,3527,4850,178.5100,1175.8000
1784776636.385886,6763,2598,3593,4859,178.5100,1175.8000
1784776636.437077,6763,2598,3527,4869,178.5100,1175.8000
1784776636.489027,6867,2598,3518,4887,178.5100,1175.8000
1784776636.540343,6876,2598,3499,4925,178.5100,1175.8000
1784776636.592007,6829,2598,3499,4803,178.5100,1175.8000
1784776636.643826,6829,2598,3508,4812,178.5100,1175.8000
1784776636.695016,6745,2598,3461,4822,178.5100,1175.8000
1784776636.746892,6642,2598,3490,4784,178.5100,1175.8000
1784776636.798132,6670,2598,3490,4840,178.5100,1175.8000
1784776636.850281,6679,2598,3452,4869,178.5100,1175.8000
1784776636.902002,6679,2598,3480,4822,178.5100,1175.8000
1784776636.952993,6632,2598,3415,4812,178.5100,1175.8000
1784776637.004302,6632,2598,3443,4822,178.5100,1175.8000
1784776637.056117,6707,2598,3368,4784,178.5100,1175.8000
1784776637.107980,6670,2598,3452,4822,178.5100,1175.8000
1784776637.159130,6735,2598,3415,4765,178.5100,1175.8000
1784776637.211271,6735,2598,3396,4794,178.5100,1175.8000
1784776637.262279,6735,2598,3340,4784,178.5100,1175.8000
1784776637.314175,6735,2598,3377,4718,178.5100,1175.8000
1784776637.365317,6763,2598,3377,4803,178.5100,1175.8000
1784776637.417052,6745,2598,3443,4803,178.5100,1175.8000
1784776637.468872,6745,2598,3415,4784,178.5100,1175.8000
1784776637.520072,6745,2598,3377,4765,178.5100,1175.8000
1784776637.572105,6810,2598,3311,4775,178.5100,1175.8000
1784776637.623276,6857,2598,3274,4709,178.5100,1175.8000
1784776637.675026,6810,2598,3293,4662,178.5100,1175.8000
1784776637.726353,6792,2598,3293,4728,178.5100,1175.8000
1784776637.778058,6773,2598,3283,4681,178.5100,1175.8000
1784776637.829933,6773,2598,3274,4775,178.5100,1175.8000
1784776637.881090,6867,2598,3321,4747,178.5100,1175.8000
1784776637.933136,6867,2598,3293,4700,178.5100,1175.8000
1784776637.984502,6885,2598,3293,4625,178.5100,1175.8000
1784776638.036047,6857,2598,3283,4643,178.5100,1175.8000
1784776638.087339,6923,2598,3264,4662,178.5100,1175.8000
1784776638.139040,6885,2598,3227,4662,178.5100,1175.8000
1784776638.190320,6895,2598,3283,4653,178.5100,1175.8000
1784776638.242374,6942,2598,3274,4625,178.5100,1175.8000
1784776638.293977,6876,2598,3246,4662,178.5100,1175.8000
1784776638.345391,6857,2598,3189,4662,178.5100,1175.8000
1784776638.397016,6914,2598,3180,4606,178.5100,1175.8000
1784776638.448218,6895,2598,3189,4606,178.5100,1175.8000
1784776638.500060,6914,2598,3208,4653,178.5100,1175.8000
1784776638.551290,6857,2598,3255,4634,178.5100,-0.2500
1784776638.603381,6895,2598,3161,4662,175.8000,-0.2500
1784776638.656988,6895,2598,3161,4625,180.3100,-0.8100
1784776638.706516,6942,2598,3133,4587,182.1500,-2.1900
1784776638.758037,7017,2598,3152,4615,177.6600,0.3100
1784776638.809251,7017,2598,3105,4615,184.9100,0.3700
1784776638.861072,7017,2598,3143,4615,180.3100,1.6900
1784776638.912615,7017,2598,3114,4568,178.5100,-1.6900
1784776638.964430,7054,2598,3096,4550,178.5100,2.3100
1784776639.015452,7036,2598,3124,4606,175.8000,-0.0600
1784776639.067195,7036,2598,3067,4597,173.1000,1.1900
1784776639.119046,7064,2598,3105,4587,175.8000,-0.8800
1784776639.170299,7111,2598,3105,4606,175.8000,0.6300
1784776639.222306,7129,2598,3143,4531,178.5100,-1.3100
1784776639.273487,7111,2598,3058,4531,175.8000,0.5600
1784776639.325473,6998,2598,3086,4522,178.5100,-1.1900
1784776639.377635,7017,2598,3086,4522,175.8000,-0.1200
1784776639.428156,7101,2598,3049,4531,176.6300,-0.3100
1784776639.480065,7129,2598,3011,4465,175.0100,1.8100
1784776639.531385,7129,2598,3058,4512,175.8000,-0.5000
1784776639.583157,7092,2598,3039,4493,178.5100,0.5600
1784776639.634457,7092,2598,3021,4512,178.5100,-1.6300
1784776639.686184,7092,2598,3049,4456,178.5100,1.0600
1784776639.737509,7111,2598,3011,4475,181.2100,-1.3100
1784776639.789316,7195,2598,3011,4437,178.5100,0.2500
1784776639.841071,7195,2598,2983,4503,181.2100,-0.5600
1784776639.892254,7176,2598,2974,4465,182.1500,-1.6300
1784776639.944180,7195,2598,2955,4465,182.9600,-0.6900
1784776639.995486,7233,2598,2974,4493,178.5100,1.6900
1784776640.047143,7195,2598,2936,4493,186.6200,-0.1900
1784776640.098537,7261,2598,2955,4456,181.2100,-0.4400
1784776640.150244,7242,2598,2927,4446,175.8000,2.1300
1784776640.202060,7242,2598,2974,4465,175.8000,-0.1200
1784776640.253397,7270,2598,2861,4446,181.2100,2.1300
1784776640.305120,7214,2598,2908,4362,182.1500,0.2500
1784776640.356501,7242,2598,2861,4418,175.0100,0.3700
1784776640.408168,7214,2598,2955,4446,178.5100,0.3100
1784776640.459578,7270,2598,2917,4437,178.5100,2.0000
1784776640.511262,7298,2598,2899,4428,178.5100,-0.4400
1784776640.562606,7289,2598,3030,4409,175.8000,0.8100
1784776640.614309,7289,2598,2889,4409,178.5100,0.0600
1784776640.666158,7242,2598,2899,4446,178.5100,0.3100
1784776640.717564,7270,2598,2899,4400,175.8000,-0.8100
1784776640.769197,7279,2598,2842,4353,178.5100,0.9400
1784776640.820565,7279,2598,2870,4371,179.3900,-1.7500
1784776640.872240,7317,2598,2861,4371,177.6600,0.7500
1784776640.923459,7261,2598,2805,4381,178.5100,-0.8100
1784776640.975321,7326,2598,2824,4315,178.5100,0.4400
1784776641.027148,7298,2598,2833,4343,182.1500,0.0000
1784776641.078556,7298,2598,2824,4334,177.6600,-1.2500
1784776641.130200,7326,2598,2861,4362,178.5100,-1.0000
1784776641.181393,7270,2598,2777,4353,183.9200,1.2500
1784776641.233264,7289,2598,2749,4306,178.5100,1.3700
1784776641.284496,7326,2598,2805,4268,181.2100,1.6900
1784776641.336576,7308,2598,2795,4362,178.5100,-0.8800
1784776641.388143,7317,2598,2767,4287,173.1000,0.1200
1784776641.439582,7354,2598,2795,4287,173.1000,0.1200
1784776641.491233,7279,2598,2786,4296,175.8000,0.0000
1784776641.542694,7326,2598,2749,4315,175.8000,-0.6300
1784776641.594294,7308,2598,2777,4259,175.8000,1.0600
1784776641.645524,7354,2598,2767,4249,175.8000,0.5600
1784776641.697661,7373,2598,2636,4249,181.2100,-0.1200
1784776641.749176,7392,2598,2692,4259,178.5100,-0.7500
1784776641.800344,7383,2598,2692,4259,172.3600,-0.0600
1784776641.852209,7486,2598,2767,4306,182.1500,0.5000
1784776641.903419,7486,2598,2711,4315,170.4000,-1.3700
1784776641.955255,7420,2598,2674,4287,173.1000,-0.5600
1784776642.006587,7486,2598,2739,4268,170.4000,0.6900
1784776642.058651,7486,2598,2608,4371,175.8000,-2.0600
1784776642.109691,7467,2598,2655,4278,169.7100,1.0600
1784776642.161386,7476,2598,2617,4221,176.6300,-1.5600
1784776642.213234,7476,2598,2608,4278,173.1000,0.2500
1784776642.264401,7495,2598,2617,4193,175.8000,-0.6900
1784776642.316272,7505,2598,2598,4193,178.5100,0.3700
1784776642.367651,7505,2598,2570,4221,173.1000,0.0600
1784776642.419314,7523,2598,2645,4146,178.5100,0.9400
1784776642.470688,7570,2598,2608,4184,169.7100,0.7500
1784776642.522365,7608,2598,2561,4128,176.6300,0.0000
1784776642.573726,7664,2598,2514,4184,167.0500,-0.6900
1784776642.625441,7617,2598,2627,4193,173.8700,1.0000
1784776642.677282,7795,2598,2570,4193,169.7100,0.7500
1784776642.728668,7702,2598,2542,4184,173.8700,0.9400
1784776642.780366,7627,2598,2552,4203,167.6900,0.3100
1784776642.831678,7608,2598,2570,4203,169.7100,-1.0600
1784776642.883406,7608,2598,2514,4137,176.6300,0.9400
1784776642.934670,7589,2598,2477,4118,169.7100,-1.7500
1784776642.986422,7608,2598,2561,4146,171.1100,2.5600
1784776643.038286,7598,2598,2505,4128,173.1000,-0.1900
1784776643.089661,7664,2598,2477,4137,167.0500,1.5600
1784776643.141353,7664,2598,2505,4062,167.6900,-0.1900
1784776643.192672,7824,2598,2486,4099,167.6900,-0.1900
1784776643.244477,7833,2598,2448,4090,165.5900,-0.0600
1784776643.295873,7833,2598,2439,4071,161.7500,-1.0600
1784776643.347598,7758,2598,2542,4071,171.1100,-1.2500
1784776643.399283,7720,2598,2420,4090,162.2800,-1.3100
1784776643.450689,7777,2598,2448,4043,169.7100,-1.5600
1784776643.502362,7702,2598,2448,4043,171.1100,-1.8100
1784776643.553730,7739,2598,2420,4062,172.3600,-0.7500
1784776643.605376,7730,2598,2448,4034,170.4000,0.1200
1784776643.656565,7683,2598,2411,4071,175.8000,-0.6300
1784776643.708439,7730,2598,2467,4081,175.8000,-0.8100
1784776643.760339,7739,2598,2448,4043,173.1000,1.7500
1784776643.811721,7758,2598,2486,4118,175.8000,-0.4400
1784776643.863361,7692,2598,2392,4062,170.4000,3.3100
1784776643.914958,7758,2598,2411,4024,173.8700,0.3100
1784776643.966401,7739,2598,2430,4062,169.7100,1.5600
1784776644.017591,7720,2598,2401,4034,168.3500,-0.7500
1784776644.069441,7720,2598,2364,4015,173.1000,0.5600
1784776644.120699,7777,2598,2383,4006,169.7100,1.0600
1784776644.172767,7861,2598,2383,4024,176.6300,-1.0600
1784776644.224358,7767,2598,2345,4052,175.8000,1.2500
1784776644.275783,7673,2598,2336,4052,173.1000,0.8800
1784776644.327403,7711,2598,2373,4024,164.4000,0.6300
1784776644.378612,7711,2598,2345,4062,171.1100,-1.5600
1784776644.430512,7711,2598,2355,4024,173.1000,0.5600
1784776644.481730,7824,2598,2364,4043,164.4000,-1.1200
1784776644.533813,7795,2598,2364,3996,176.6300,0.1200
1784776644.585351,7786,2598,2298,3987,172.3600,1.2500
1784776644.636788,7795,2598,2308,3949,176.6300,0.8100
1784776644.688451,7805,2598,2392,4062,170.4000,-0.5000
1784776644.739640,7805,2598,2280,3949,170.4000,-0.5000
1784776644.791473,7824,2598,2261,3977,173.1000,0.8800
1784776644.842673,7777,2598,2317,3902,173.1000,0.8800
1784776644.894782,7814,2598,2289,3959,173.8700,-1.9400
1784776644.945999,7758,2598,2223,3987,172.3600,1.2500
1784776644.997541,7795,2598,2251,3949,167.6900,-1.5600
1784776645.049453,7739,2598,2251,3959,173.1000,2.5000
1784776645.100617,7777,2598,2233,3902,164.9900,-1.6300
1784776645.152500,7824,2598,2289,3931,173.1000,1.1200
1784776645.203671,7824,2598,2298,3949,170.4000,-1.5000
1784776645.255872,7824,2598,2261,3921,170.4000,0.1200
1784776645.307019,7917,2598,2345,3959,167.6900,0.1900
1784776645.358606,7992,2598,2261,3893,162.2800,0.6900
1784776645.410439,7992,2598,2308,3996,164.9900,-0.3100
1784776645.461691,7964,2598,2317,3931,164.9900,0.2500
1784776645.513479,7983,2598,2308,3912,168.3500,0.4400
1784776645.564720,8030,2598,2233,3940,161.7500,0.1900
1784776645.616865,8030,2598,2186,3902,165.5900,-0.5000
1784776645.667883,7899,2598,2233,3893,159.1000,-0.4400
1784776645.719743,7955,2598,2270,3874,162.2800,-0.4400
1784776645.770855,8021,2598,2204,3931,162.2800,-0.3100
1784776645.822810,8011,2598,2223,3931,162.2800,0.6900
1784776645.874534,8021,2598,2167,3893,164.9900,0.6900
1784776645.925682,8049,2598,2204,3912,162.2800,-0.8800
1784776645.977548,8058,2598,2158,3865,162.2800,0.3100
1784776646.028874,8067,2598,2148,3874,164.9900,-3.3800
1784776646.080633,8086,2598,2158,3912,167.6900,1.2500
1784776646.131867,8086,2598,2045,3931,162.2800,-0.9400
1784776646.183633,8152,2598,2158,3893,167.6900,2.0000
1784776646.235542,8049,2598,2129,3874,164.9900,-2.3800
1784776646.286730,8086,2598,2101,3846,156.8700,-0.1200
1784776646.338680,8021,2598,2167,3837,159.5800,0.9400
1784776646.389916,8021,2598,2083,3874,159.5800,0.9400
1784776646.441600,8049,2598,2111,3790,159.5800,-0.3100
1784776646.492911,8208,2598,2064,3790,162.2800,-0.3700
1784776646.544641,8096,2598,2111,3827,159.5800,-0.3100
1784776646.596550,8124,2598,2073,3855,159.5800,-2.3100
1784776646.647684,8142,2598,2092,3818,156.8700,-0.2500
1784776646.699567,8152,2598,2101,3874,154.1700,0.3700
1784776646.750932,8096,2598,2017,3884,154.1700,1.7500
1784776646.802604,8105,2598,2036,3865,154.1700,-0.3100
1784776646.854103,8189,2598,2064,3884,151.4600,2.0600
1784776646.905725,8189,2598,2007,3846,143.3500,-1.6300
1784776646.957530,8152,2598,2083,3837,146.0500,3.4400
1784776647.008922,8189,2598,2036,3827,137.9400,-0.5000
1784776647.060563,8218,2598,2017,3809,143.3500,0.7500
1784776647.111919,8218,2598,2045,3884,135.2300,-0.1200
1784776650.565056,89004,1,20,3,119.3200,-0.6300
1784776653.558394,8968,2598,1576,3565,91.9600,-0.6900
1784776653.610050,8912,2598,1679,3527,94.6600,0.5600
1784776653.661386,8949,2598,1557,3612,97.3700,1.4400
1784776653.713068,8959,2598,1660,3555,91.9600,0.4400
1784776653.764194,8959,2598,1642,3527,86.5500,-0.1900
1784776653.816060,8846,2598,1576,3574,86.5500,1.1200
1784776653.867358,8884,2598,1642,3555,89.2500,-0.1900
1784776653.919443,8930,2598,1689,3593,86.5500,-0.1200
1784776653.970991,8912,2598,1567,3565,86.5500,-0.0600
1784776654.022374,8949,2598,1595,3574,86.5500,1.4400
1784776654.074032,8893,2598,1595,3593,87.5000,-0.1900
1784776654.125214,8921,2598,1613,3602,88.3200,-0.5600
1784776654.177181,8921,2598,1595,3555,90.1600,0.7500
1784776654.228279,8921,2598,1613,3565,88.3200,-1.1200
1784776654.280415,8959,2598,1567,3546,94.6600,0.5600
1784776654.331414,8968,2598,1567,3565,86.5500,-1.5000
1784776654.383176,8949,2598,1567,3518,86.5500,2.3100
1784776654.435042,8940,2598,1567,3508,86.5500,-3.1300
1784776654.486316,8949,2598,1567,3508,86.5500,1.5600
1784776654.538095,8987,2598,1576,3499,94.6600,-0.4400
1784776654.589292,8959,2598,1604,3480,91.9600,0.3100
1784776654.641438,8987,2598,1567,3537,94.6600,0.0600
1784776654.692432,8959,2598,1660,3508,88.3200,-0.5600
1784776654.744293,8930,2598,1623,3546,91.9600,0.4400
1784776654.796065,8874,2598,1585,3508,83.8500,-0.9400
1784776654.847282,8884,2598,1585,3527,91.9600,0.3100
1784776654.899118,8902,2598,1632,3565,86.5500,-1.1900
1784776654.950443,8827,2598,1642,3527,89.2500,0.1200
1784776655.002154,8874,2598,1595,3518,89.2500,-1.0000
1784776655.053445,8940,2598,1576,3537,89.2500,0.5000
1784776655.105239,8865,2598,1548,3527,89.2500,-1.3700
1784776655.157067,8855,2598,1567,3480,87.5000,-0.4400
1784776655.208259,8959,2598,1585,3537,88.3200,-0.6900
1784776655.260175,8940,2598,1557,3508,91.9600,-0.3100
1784776655.311467,8949,2598,1557,3490,86.5500,-0.4400
1784776655.363209,9005,2598,1576,3527,84.8500,0.0600
1784776655.414509,8940,2598,1642,3461,86.5500,-0.0600
1784776655.466228,8921,2598,1510,3443,88.3200,1.0000
1784776655.518124,8912,2598,1510,3565,86.5500,-0.1200
1784776655.569262,8930,2598,1529,3443,82.2000,0.0000
1784776655.621562,8930,2598,1548,3461,88.3200,0.5000
1784776655.672492,8968,2598,1567,3424,89.2500,0.3100
1784776655.724218,8959,2598,1567,3537,83.8500,1.0000
1784776655.775515,9005,2598,1567,3452,84.8500,-1.0000
1784776655.827250,9005,2598,1604,3508,83.8500,1.1200
1784776655.878911,9015,2598,1585,3452,83.8500,-0.7500
1784776655.930286,8977,2598,1613,3433,82.8000,-0.5000
1784776655.982228,8977,2598,1651,3527,76.9000,0.4400
1784776656.033526,9212,2598,1567,3443,82.8000,0.3100
1784776656.085204,9259,2598,1520,3415,74.2500,0.6900
1784776656.136962,9099,2598,1567,3508,82.8000,0.2500
1784776656.188254,9127,2598,1520,3518,78.4400,-0.7500
1784776656.239561,9137,2598,1538,3461,79.5500,-0.2500
1784776656.291337,9090,2598,1567,3443,81.1400,-0.1900
1784776656.343224,9146,2598,1613,3518,78.4400,-0.1200
1784776656.394913,9193,2598,1576,3471,76.9000,0.3700
1784776656.446222,9324,2598,1604,3480,77.2800,-0.2500
1784776656.497571,9306,2598,1585,3508,76.9000,0.6300
1784776656.549285,9362,2598,1585,3518,77.2800,-0.0600
1784776656.600437,9390,2598,1567,3518,77.2800,-0.0600
1784776656.652344,9362,2598,1585,3508,77.2800,-0.0600
1784776656.704187,9362,2598,1613,3471,77.2800,-0.0600
1784776656.755589,9343,2598,1576,3415,77.2800,-0.0600
1784776656.807240,9409,2598,1660,3527,77.2800,-0.0600
1784776656.858585,9428,2598,1623,3480,77.2800,-0.0600
1784776656.910273,9296,2598,1529,3443,8.4500,0.5000
1784776656.961716,9268,2598,1567,3480,18.9300,6.1300
1784776657.013371,9268,2598,1576,3490,10.8200,4.6300
1784776657.065221,9324,2598,1529,3443,13.5200,19.9400
1784776657.116623,9324,2598,1576,3490,13.5200,12.8800
1784776657.168267,9381,2598,1604,3537,16.2300,19.6900
1784776657.219608,9437,2598,1651,3424,8.1100,16.7500
1784776657.271297,9437,2598,1613,3546,8.1100,19.1900
1784776657.322484,8959,2598,1745,3527,10.8200,15.6300
1784776657.374514,8959,2598,1670,3461,13.5200,17.1900
1784776657.425858,8959,2598,1670,3499,10.8200,14.0000
1784776657.477718,8959,2598,1679,3527,8.1100,16.3700
1784776657.529270,9081,2598,1717,3508,10.8200,16.0000
1784776657.580470,9081,2598,1698,3480,10.8200,14.0600
1784776657.632420,9081,2598,1717,3480,13.5200,15.6900
1784776657.683536,8968,2598,1679,3461,8.1100,13.5600
1784776657.735355,9803,2598,1632,3480,16.2300,16.7500
1784776657.786743,8949,2598,1754,3499,13.5200,10.8100
1784776657.838687,9005,2598,1745,3518,13.5200,12.3800
1784776657.890281,9278,2598,1754,3490,13.5200,12.1900
1784776657.941467,9118,2598,1810,3480,10.8200,11.1300
1784776657.993307,9090,2598,1867,3471,10.8200,10.6300
1784776658.044487,9081,2598,1867,3490,13.5200,7.8800
1784776658.096674,9024,2598,1867,3471,10.8200,8.4400
1784776658.147635,9109,2598,1923,3527,10.8200,6.3800
1784776658.199496,9118,2598,1904,3490,8.1100,9.2500
1784776658.251268,9071,2598,1951,3508,10.8200,7.1900
1784776658.302443,9062,2598,1876,3518,10.8200,6.6900
1784776658.354321,9062,2598,1876,3490,10.8200,6.6900
1784776658.405488,9043,2598,1848,3499,10.8200,4.6300
1784776658.457724,9034,2598,1820,3527,8.1100,6.0000
1784776658.508711,9043,2598,1829,3508,5.4100,2.9400
1784776658.560799,9052,2598,1867,3499,13.5200,5.5600
1784776658.611885,9127,2598,1820,3499,2.7000,1.5000
1784776658.663457,9109,2598,1839,3518,13.5200,3.3800
1784776658.715401,9146,2598,1792,3499,8.1100,0.7500
1784776658.766541,9071,2598,1792,3490,5.4100,4.2500
1784776658.818374,9024,2598,1782,3480,10.8200,1.5000
1784776658.869709,8959,2598,1773,3471,5.4100,2.6300
1784776658.921490,8940,2598,1754,3508,10.8200,2.9400
1784776658.972716,8959,2598,1820,3461,8.1100,1.3100
1784776659.024500,8977,2598,1773,3433,5.4100,2.4400
1784776659.076347,8940,2598,1764,3471,5.4100,1.5600
1784776659.127724,8996,2598,1764,3527,5.4100,1.5600
1784776659.179412,9071,2598,1764,3443,5.4100,1.5600
1784776659.230809,9156,2598,1782,3499,5.4100,1.5600
1784776659.282491,9343,2598,1773,3461,5.4100,1.5600
1784776659.333818,8696,2598,1754,3508,5.4100,1.5600
1784776659.385491,8799,2598,1745,3461,5.4100,1.5600
