timestamp,d0,d1,d2,d3,v_mm_s,gz
1783084553.503722,9081,8611,1717,3687,0.0000,-0.0600
1783084553.519930,9052,8658,1782,3649,0.0000,-0.0600
1783084553.535780,8687,8602,1735,3658,0.0000,-0.0600
1783084553.551737,9090,8668,1735,3621,0.0000,-0.0600
1783084553.568016,8696,8743,1726,3640,26.0100,0.0000
1783084553.583111,8724,8611,1754,3640,26.0100,0.0000
1783084553.599090,8677,8733,1735,3621,26.0100,0.0000
1783084553.615009,8677,8593,1735,3696,58.3400,0.0000
1783084553.630846,8827,8649,1735,3668,58.3400,0.0000
1783084553.646788,9062,8574,1773,3640,58.3400,0.0000
1783084553.662700,8752,8593,1726,3640,80.0400,-3.3800
1783084553.680800,9127,8649,1792,3640,80.0400,-3.3800
1783084553.696798,9062,8593,1792,3668,80.0400,-3.3800
1783084553.712811,9071,8640,1754,3687,106.0700,0.0600
1783084553.730065,9165,8546,1782,3687,106.0700,0.0600
1783084553.747984,9118,8593,1764,3687,106.0700,0.0600
1783084553.763815,8668,8593,1839,3602,115.9200,-2.3100
1783084553.781954,8658,8593,1792,3649,115.9200,-2.3100
1783084553.802222,8658,8555,1754,3649,115.9200,-2.3100
1783084553.817869,8630,8565,1764,3621,124.4200,1.3100
1783084553.835110,8630,8565,1735,3583,124.4200,1.3100
1783084553.852210,8630,8583,1726,3640,124.4200,1.3100
1783084553.868116,8677,8565,1745,3677,124.4200,-0.2500
1783084553.886084,8677,8536,1735,3612,124.4200,-0.2500
1783084553.904099,8762,8555,1782,3612,127.1200,0.9400
1783084553.922582,8762,8546,1726,3658,127.1200,0.9400
1783084553.937931,9109,8499,1745,3602,127.1200,0.9400
1783084553.953915,8649,8546,1698,3574,127.1200,0.9400
1783084553.970087,8705,8546,1698,3630,127.1200,0.9400
1783084553.985930,9052,8527,1689,3649,127.1200,0.9400
1783084554.002132,8621,8518,1717,3649,127.1200,0.9400
1783084554.018424,9118,8536,1679,3602,129.8300,1.1200
1783084554.034205,9034,8574,1670,3621,129.8300,1.1200
1783084554.049998,8724,8499,1717,3630,129.8300,1.1200
1783084554.065031,8687,8555,1689,3640,137.9400,0.2500
1783084554.080954,8630,8518,1632,3630,137.9400,0.2500
1783084554.097016,8630,8499,1660,3649,137.9400,0.2500
1783084554.113342,8668,8536,1595,3583,140.6400,2.0000
1783084554.133100,8668,8536,1613,3593,140.6400,2.0000
1783084554.149319,9043,8499,1613,3593,140.6400,2.0000
1783084554.164309,9043,8527,1595,3630,148.7600,0.8800
1783084554.181186,9081,8527,1651,3612,148.7600,0.8800
1783084554.198187,9081,8480,1632,3612,148.7600,0.8800
1783084554.215075,9034,8527,1613,3649,146.0500,0.7500
1783084554.233192,8762,8536,1613,3649,146.0500,0.7500
1783084554.248426,9184,8536,1595,3574,146.0500,0.7500
1783084554.268103,8658,8536,1595,3593,151.1400,-1.2500
1783084554.284288,8649,8546,1595,3602,151.1400,-1.2500
1783084554.301384,8649,8546,1623,3593,151.1400,-1.2500
1783084554.317398,8724,8518,1660,3555,157.3100,-0.6300
1783084554.333239,8818,8471,1604,3593,157.3100,-0.6300
1783084554.350315,8818,8471,1698,3565,157.3100,-0.6300
1783084554.366336,8677,8452,1623,3555,156.8700,-0.6300
1783084554.383757,8677,8518,1679,3574,156.8700,-0.6300
1783084554.399416,8687,8471,1632,3546,156.8700,-0.6300
1783084554.415497,8611,8452,1651,3555,164.9900,-0.3100
1783084554.431580,8677,8461,1670,3537,164.9900,-0.3100
1783084554.447401,9081,8490,1698,3593,164.9900,-0.3100
1783084554.463154,9071,8499,1698,3555,162.2800,0.4400
1783084554.479336,8630,8471,1679,3546,162.2800,0.4400
1783084554.495168,9071,8480,1698,3546,162.2800,0.4400
1783084554.511217,8649,8452,1717,3565,170.4000,-1.3700
1783084554.527366,8611,8480,1698,3565,170.4000,-1.3700
1783084554.543217,9043,8405,1717,3527,170.4000,-1.3700
1783084554.559791,8687,8490,1689,3537,167.6900,0.2500
1783084554.574505,8687,8461,1698,3546,167.6900,0.2500
1783084554.591314,8640,8461,1707,3602,167.6900,0.2500
1783084554.607453,9090,8480,1679,3537,175.8000,-0.3700
1783084554.622685,8658,8461,1764,3508,175.8000,-0.3700
1783084554.638316,8640,8452,1717,3537,175.8000,-0.3700
1783084554.654461,8687,8443,1754,3583,175.8000,-0.2500
1783084554.670223,8705,8433,1792,3537,175.8000,-0.2500
1783084554.686298,9109,8461,1717,3537,175.8000,-0.2500
1783084554.702466,8649,8452,1735,3546,175.8000,-0.2500
1783084554.720441,8649,8433,1707,3565,182.9600,0.1900
1783084554.736319,8649,8377,1717,3583,182.9600,0.1900
1783084554.754368,9052,8377,1726,3461,182.9600,0.1900
1783084554.770389,9052,8396,1717,3508,187.6700,0.6900
1783084554.787419,9062,8415,1764,3499,187.6700,0.6900
1783084554.803509,8593,8405,1754,3471,185.6200,0.6300
1783084554.818358,8705,8433,1754,3508,185.6200,0.6300
1783084554.834590,9043,8405,1764,3471,185.6200,0.6300
1783084554.850408,8602,8396,1764,3508,185.6200,0.6300
1783084554.866335,8640,8386,1735,3471,198.7100,-0.3100
1783084554.882467,9015,8377,1754,3518,198.7100,-0.3100
1783084554.899106,8630,8396,1726,3490,198.7100,-0.3100
1783084554.914364,8593,8377,1782,3518,190.9200,-0.0600
1783084554.930459,8593,8424,1764,3471,190.9200,-0.0600
1783084554.946462,8630,8377,1782,3443,190.9200,-0.0600
1783084554.962364,8630,8377,1764,3499,204.2300,0.0000
1783084554.978418,8658,8377,1754,3499,204.2300,0.0000
1783084554.994372,9005,8415,1726,3480,204.2300,0.0000
1783084555.010312,9034,8752,1810,3490,205.5600,-0.8800
1783084555.026475,8649,8358,1773,3490,205.5600,-0.8800
1783084555.042454,8640,8443,1707,3415,205.5600,-0.8800
1783084555.059693,8715,8377,1773,3452,202.8500,-1.2500
1783084555.074557,9034,8377,1735,3433,202.8500,-1.2500
1783084555.090400,8649,8508,1735,3546,202.8500,-1.2500
1783084555.105415,8611,8311,1745,3433,202.8500,-1.2500
1783084555.121864,8649,8349,1754,3433,206.8300,0.5000
1783084555.137357,8630,8780,1764,3461,206.8300,0.5000
1783084555.153335,9043,8330,1717,3349,206.8300,0.5000
1783084555.169529,8649,8377,1717,3480,204.2300,1.2500
1783084555.201252,9015,8733,1707,3508,204.2300,1.2500
1783084555.217441,8574,8349,1707,3424,201.5300,0.6300
1783084555.233623,8640,8771,1764,3377,201.5300,0.6300
1783084555.249387,8630,8696,1717,3415,201.5300,0.6300
1783084555.265357,8996,8846,1689,3405,198.7100,1.3700
1783084555.281578,8640,8687,1679,3377,198.7100,1.3700
1783084555.297397,8640,9127,1726,3405,198.7100,1.3700
1783084555.313421,8977,8658,1745,3415,198.8700,1.7500
1783084555.329595,9024,9146,1689,3433,198.8700,1.7500
1783084555.345403,8621,8705,1689,3415,198.8700,1.7500
1783084555.361644,8687,9137,1698,3368,206.9900,0.3700
1783084555.377589,8593,8658,1707,3396,206.9900,0.3700
1783084555.393349,8658,9174,1698,3377,206.9900,0.3700
1783084555.409501,8696,8724,1707,3424,205.5600,-0.5000
1783084555.425004,8583,9137,1679,3386,205.5600,-0.5000
1783084555.440817,8593,8687,1726,3405,205.5600,-0.5000
1783084555.456865,8677,8668,1698,3396,200.1500,-1.0600
1783084555.472777,8611,8799,1717,3396,200.1500,-1.0600
1783084555.488478,8968,8630,1707,3415,200.1500,-1.0600
1783084555.504451,8602,9109,1735,3405,200.1500,-1.0600
1783084555.520545,8593,8696,1689,3396,204.1800,-0.3100
1783084555.536491,8649,8640,1707,3368,204.1800,-0.3100
1783084555.552585,8658,9109,1745,3349,204.1800,-0.3100
1783084555.568994,8611,8349,1707,3396,209.7500,0.7500
1783084555.584712,8630,9099,1764,3386,209.7500,0.7500
1783084555.600665,8593,8687,1773,3415,209.7500,0.7500
1783084555.616694,8621,8677,1782,3340,205.5600,-0.5000
1783084555.632707,8630,9071,1726,3311,205.5600,-0.5000
1783084555.648722,8658,8799,1773,3358,205.5600,-0.5000
1783084555.665794,8658,9090,1792,3321,205.5600,-0.3700
1783084555.681517,8611,9071,1764,3330,205.5600,-0.3700
1783084555.697509,9015,8602,1773,3330,205.5600,-0.3700
1783084555.713723,8593,9071,1801,3396,206.8300,1.1200
1783084555.729530,8677,9062,1745,3358,206.8300,1.1200
1783084555.745543,8649,8752,1773,3311,206.8300,1.1200
1783084555.761687,8574,9052,1801,3246,209.7500,-0.3100
1783084555.777618,8649,8724,1848,3340,209.7500,-0.3100
1783084555.793613,8640,9043,1820,3330,209.7500,-0.3100
1783084555.810339,8555,8771,1829,3358,204.1800,1.3100
1783084555.825592,8602,8658,1764,3311,204.1800,1.3100
1783084555.841592,8687,8640,1764,3293,204.1800,1.3100
1783084555.857754,8968,9043,1820,3255,209.7500,1.5600
1783084555.873624,8574,9052,1829,3302,209.7500,1.5600
1783084555.889663,8621,9043,1745,3283,209.7500,1.5600
1783084555.906374,8602,8696,1820,3274,208.2600,-0.4400
1783084555.920796,8987,9024,1810,3293,208.2600,-0.4400
1783084555.936641,8546,8996,1792,3255,208.2600,-0.4400
1783084555.952820,8602,9005,1801,3349,208.2600,-0.4400
1783084555.970835,8602,9052,1810,3293,205.5600,-0.1200
1783084555.986715,8949,8996,1810,3321,205.5600,-0.1200
1783084556.002756,8574,9043,1839,3236,205.5600,-0.1200
1783084556.018879,8527,9015,1810,3246,205.5600,-0.3100
1783084556.034715,8668,9024,1820,3236,205.5600,-0.3100
1783084556.050775,8555,8996,1867,3283,205.5600,-0.3100
1783084556.067097,8527,9024,1867,3227,208.2600,-2.0600
1783084556.083155,8583,9062,1829,3255,208.2600,-2.0600
1783084556.098729,8968,9024,1857,3255,208.2600,-2.0600
1783084556.115843,8968,9015,1773,3236,201.5300,-0.8800
1783084556.132948,8583,9043,1848,3274,201.5300,-0.8800
1783084556.149809,8977,9043,1782,3218,201.5300,-0.8800
1783084556.167750,8977,8996,1886,3283,206.9900,-0.2500
1783084556.183724,8508,9005,1848,3340,206.9900,-0.2500
1783084556.199970,8574,8987,1820,3264,206.9900,-0.2500
1783084556.215783,8583,9034,1867,3264,204.1800,2.3800
1783084556.231724,8536,8987,1839,3180,204.1800,2.3800
1783084556.247901,8630,9005,1792,3274,204.1800,2.3800
1783084556.263808,8536,9043,1773,3208,209.7500,-1.5000
1783084556.279839,8518,8959,1829,3302,209.7500,-1.5000
1783084556.295952,8630,9034,1839,3311,209.7500,-1.5000
1783084556.310709,8630,9005,1857,3227,201.5300,1.1900
1783084556.327781,8555,8977,1829,3218,201.5300,1.1900
1783084556.343281,8630,8996,1867,3208,201.5300,1.1900
1783084556.359468,8611,8987,1839,3255,209.7500,1.6900
1783084556.374892,8508,8959,1867,3161,209.7500,1.6900
1783084556.392916,8508,8968,1857,3246,209.7500,1.6900
1783084556.409918,8621,8977,1829,3236,205.5600,0.5000
1783084556.424929,8602,9015,1820,3255,205.5600,0.5000
1783084556.443102,8536,8902,1820,3246,205.5600,0.5000
1783084556.457955,8527,8902,1839,3264,213.6700,-1.1200
1783084556.473846,8987,8968,1829,3236,213.6700,-1.1200
1783084556.489868,8546,8987,1848,3283,213.6700,-1.1200
1783084556.506054,8621,8912,1848,3208,200.1500,-2.0000
1783084556.522017,8996,9024,1820,3199,200.1500,-2.0000
1783084556.537879,8574,8921,1886,3218,200.1500,-2.0000
1783084556.553878,8593,8959,1782,3180,200.1500,-2.0000
1783084556.569923,8968,8921,1839,3246,205.5600,-1.0000
1783084556.585000,8593,8930,1839,3218,205.5600,-1.0000
1783084556.601530,8668,8874,2036,3152,205.5600,-1.0000
1783084556.616927,8640,8808,1857,3283,205.5600,1.1200
1783084556.632932,8546,8762,1810,3255,205.5600,1.1200
1783084556.649110,8780,8874,1876,3246,205.5600,1.1200
1783084556.667190,8621,8874,1979,3208,206.8300,-0.8100
1783084556.683115,8602,8799,1989,3189,206.8300,-0.8100
1783084556.700974,8640,8799,1857,3189,206.8300,-0.8100
1783084556.717035,8949,8677,1829,3171,210.9700,0.5000
1783084556.733149,8602,8668,1886,3218,210.9700,0.5000
1783084556.748964,9015,8640,1857,3227,210.9700,0.5000
1783084556.763901,9015,8771,1867,3218,215.2700,-0.8100
1783084556.779972,9015,8668,1895,3189,215.2700,-0.8100
1783084556.797001,8630,8687,1951,3189,215.2700,-0.8100
1783084556.812022,9052,8649,1876,3124,209.4800,0.5600
1783084556.827959,8949,8621,1923,3236,209.4800,0.5600
1783084556.843944,8621,8593,1876,3133,209.4800,0.5600
1783084556.859909,8733,8611,1951,3152,212.5100,1.4400
1783084556.876008,8977,8649,1989,3161,212.5100,1.4400
1783084556.894016,8977,8611,1904,3096,212.5100,1.4400
1783084556.909913,8602,8611,1914,3105,206.8300,-0.3700
1783084556.926040,8780,8583,2026,3218,206.8300,-0.3700
1783084556.942098,8921,8583,1979,3208,206.8300,-0.3700
1783084556.958138,9043,8583,2007,3114,212.5100,-0.5000
1783084556.975037,9043,8555,1886,3152,212.5100,-0.5000
1783084556.992028,8546,8565,1998,3105,212.5100,-0.5000
1783084557.009965,8546,8527,1932,3161,206.8300,-0.0600
1783084557.027242,8546,8527,2026,3161,206.8300,-0.0600
1783084557.042023,8574,8583,1923,3114,206.8300,-0.0600
1783084557.058568,8583,8574,1961,3105,212.5100,-1.1900
1783084557.074058,8968,8593,1998,3105,212.5100,-1.1900
1783084557.090071,8565,8555,1961,3152,212.5100,-1.1900
1783084557.106134,8593,8565,1979,3133,208.2600,0.8100
1783084557.122199,8930,8565,1979,3077,208.2600,0.8100
1783084557.139123,8555,8574,1895,3058,208.2600,0.8100
1783084557.154369,9015,8574,2092,3067,208.2600,0.8100
1783084557.175217,9015,8574,2007,3067,204.1800,-0.1200
1783084557.190444,9015,8996,2036,3049,204.1800,-0.1200
1783084557.209954,8949,8996,1951,3096,212.5100,1.8800
1783084557.227134,8949,8565,1979,3114,212.5100,1.8800
1783084557.245522,9353,8565,2073,3114,212.5100,1.8800
1783084557.261249,9306,8565,1989,3105,208.2600,-0.6300
1783084557.279124,9306,8565,2007,3161,208.2600,-0.6300
1783084557.298349,9306,8621,2017,3161,208.2600,-0.6300
1783084557.318977,9306,8621,2036,3161,209.4800,2.8100
1783084557.337731,8949,8621,2120,3161,209.4800,2.8100
1783084557.355749,9287,8621,1998,3105,209.4800,2.8100
1783084557.373719,9287,8640,2120,3086,208.2600,1.1900
1783084557.394156,9287,8640,2054,3049,208.2600,1.1900
1783084557.410896,8658,8640,2129,3049,208.2600,0.4400
1783084557.426753,8574,9268,1989,3105,208.2600,0.4400
1783084557.443277,8921,9043,1989,3077,208.2600,0.4400
1783084557.461251,8565,8977,2054,3114,209.7500,-0.6300
1783084557.476275,8565,8640,2026,3049,209.7500,-0.6300
1783084557.492294,8977,8640,2007,3067,209.7500,-0.6300
1783084557.510143,8518,9024,1998,3039,208.2600,0.3700
1783084557.524297,8555,8977,1989,3002,208.2600,0.3700
1783084557.542305,8555,9005,2036,3049,208.2600,0.3700
1783084557.559557,8593,9221,1979,2992,208.2600,-1.8100
1783084557.574569,8583,8968,2054,3067,208.2600,-1.8100
1783084557.590325,8630,9240,1998,2992,208.2600,-1.8100
1783084557.606412,8630,9212,2054,3002,208.2600,-1.8100
1783084557.622885,8593,9174,2054,3049,204.1800,1.6900
1783084557.638846,8499,9259,2036,3096,204.1800,1.6900
1783084557.654391,8536,8818,2083,3058,204.1800,1.6900
1783084557.671085,8565,9193,2007,2992,212.5100,-1.9400
1783084557.686894,8921,9221,2007,3002,212.5100,-1.9400
1783084557.702332,8949,9193,2073,3049,212.5100,-1.9400
1783084557.719249,8518,9005,2073,3039,210.9700,0.5600
1783084557.734046,8536,9156,1979,3021,210.9700,0.5600
1783084557.749023,8546,9165,2045,3021,210.9700,0.5600
1783084557.765352,8565,9221,2064,3039,205.5600,-0.1900
1783084557.781056,8565,9165,2083,2983,205.5600,-0.1900
1783084557.799394,8565,9174,2083,3067,205.5600,-0.1900
1783084557.816212,8658,9184,2045,3058,209.4800,1.0000
1783084557.831813,8574,9165,2064,2955,209.4800,1.0000
1783084557.847746,8583,9184,1998,3039,209.4800,1.0000
1783084557.865566,8583,9174,2036,3011,206.9900,1.2500
1783084557.882469,8508,9202,2129,3011,206.9900,1.2500
1783084557.900529,8508,9118,2083,3039,206.9900,1.2500
1783084557.916860,8527,9146,2073,2974,208.2600,-0.5600
1783084557.934667,8546,9137,2167,2974,208.2600,-0.5600
1783084557.950427,8565,9184,2017,2927,208.2600,-0.5600
1783084557.969097,8565,9146,2073,2936,208.2600,-0.7500
1783084557.984455,8574,9174,2045,2992,208.2600,-0.7500
1783084558.001021,8593,9137,2064,2908,208.2600,-0.7500
1783084558.016910,8527,9109,2073,2917,204.1800,1.6900
1783084558.032453,8499,9127,2083,2908,204.1800,1.6900
1783084558.048466,8865,9127,2083,2889,204.1800,1.6900
1783084558.064267,8921,9137,2092,2899,206.9900,-0.7500
1783084558.080284,8480,9137,2083,2899,206.9900,-0.7500
1783084558.095514,8480,9109,2054,2899,206.9900,-0.7500
1783084558.111173,8471,9146,2064,2908,205.5600,-0.2500
1783084558.127338,8490,9118,2064,2870,205.5600,-0.2500
1783084558.143812,8471,9137,2158,2870,205.5600,-0.2500
1783084558.161166,8518,9109,2101,2870,205.5600,-0.2500
1783084558.175513,8527,9137,2120,2842,205.5600,-3.1300
1783084558.191996,8490,9156,2148,2917,205.5600,-3.1300
1783084558.207531,8846,9146,2176,2880,205.5600,3.0000
1783084558.223758,8499,9156,2129,2833,205.5600,3.0000
1783084558.239849,8508,9109,2073,2870,205.5600,3.0000
1783084558.255785,8574,9184,2073,2833,205.5600,3.0000
1783084558.271549,8527,9146,2101,2824,202.8500,-1.2500
1783084558.287784,8593,9146,2158,2805,202.8500,-1.2500
1783084558.303531,8565,9137,2139,2861,202.8500,-1.2500
1783084558.319611,8893,9137,2111,2777,204.1800,0.5600
1783084558.337234,8855,9137,2073,2777,204.1800,0.5600
1783084558.352321,8902,9137,2092,2777,204.1800,0.5600
1783084558.370347,8902,9165,2073,2870,205.5600,1.6900
1783084558.386375,8855,9165,2148,2842,205.5600,1.6900
1783084558.402730,8461,9165,2186,2777,205.5600,1.6900
1783084558.418410,8565,9118,2176,2786,202.8500,0.7500
1783084558.434461,8565,9165,2148,2758,202.8500,0.7500
1783084558.450937,8902,9118,2101,2842,202.8500,0.7500
1783084558.466895,8424,9146,2120,2749,208.2600,-2.2500
1783084558.482941,8621,9137,2101,2767,208.2600,-2.2500
1783084558.500662,8499,9137,2120,2767,208.2600,-2.2500
1783084558.516931,8827,9137,2111,2739,202.8500,0.0600
1783084558.533575,8846,9137,2148,2739,202.8500,0.0600
1783084558.548578,8818,9118,2158,2805,202.8500,0.0600
1783084558.565001,8565,9099,2129,2795,208.2600,-0.3700
1783084558.579623,8583,9118,2129,2777,208.2600,-0.3700
1783084558.595621,8602,9099,2111,2692,208.2600,-0.3700
1783084558.611786,8527,9127,2092,2777,194.7400,-0.1200
1783084558.627616,8546,9127,2158,2730,194.7400,-0.1200
1783084558.643954,8536,9127,2129,2739,194.7400,-0.1200
1783084558.661571,8546,9137,2158,2720,205.5600,-2.5600
1783084558.675645,8546,9146,2139,2758,205.5600,-2.5600
1783084558.691723,8874,9156,2158,2730,205.5600,-2.5600
1783084558.708017,8855,9165,2129,2730,208.2600,1.8100
1783084558.723643,8837,9118,2129,2720,208.2600,1.8100
1783084558.740215,8865,9137,2186,2711,208.2600,1.8100
1783084558.756029,8865,9127,2129,2683,209.7500,-0.3700
1783084558.771706,8527,9137,2167,2664,209.7500,-0.3700
1783084558.787739,8480,9127,2223,2711,209.7500,-0.3700
1783084558.804694,8855,9165,2158,2711,209.7500,-0.3700
1783084558.819701,8518,9165,2167,2674,201.5300,-0.1900
1783084558.835757,8490,9165,2158,2720,201.5300,-0.1900
1783084558.851669,8527,9118,2167,2664,201.5300,-0.1900
1783084558.866758,8480,9146,2167,2674,210.9700,1.3700
1783084558.882732,8865,9156,2176,2702,210.9700,1.3700
1783084558.898843,9231,9118,2158,2683,210.9700,1.3700
1783084558.914567,8837,9137,2167,2674,205.5600,1.5000
1783084558.931125,8490,9137,2186,2674,205.5600,1.5000
1783084558.948180,8865,9156,2176,2645,205.5600,1.5000
1783084558.963181,8583,9174,2204,2645,210.9700,-0.6900
1783084558.979207,8555,9156,2214,2627,210.9700,-0.6900
1783084558.997314,8611,9184,2204,2692,210.9700,-0.6900
1783084559.012460,8555,9127,2204,2645,205.5600,-1.3700
1783084559.028070,8808,9137,2214,2655,205.5600,-1.3700
1783084559.043795,8471,9156,2186,2683,205.5600,-1.3700
1783084559.058823,8893,9156,2204,2664,209.7500,0.9400
1783084559.074705,8443,9156,2186,2608,209.7500,0.9400
1783084559.090453,8471,9174,2214,2608,209.7500,0.9400
1783084559.106460,8593,9174,2186,2655,209.7500,0.9400
1783084559.122532,8508,9184,2176,2683,204.1800,-1.7500
1783084559.138526,8621,9221,2204,2589,204.1800,-1.7500
1783084559.153433,8565,9184,2223,2589,204.1800,-1.7500
1783084559.169620,8565,9174,2233,2645,202.8500,2.2500
1783084559.185408,8555,9156,2251,2636,202.8500,2.2500
1783084559.201499,8499,9137,2195,2580,202.8500,2.2500
1783084559.217806,8546,9165,2261,2627,208.2600,0.2500
1783084559.233872,8555,9174,2317,2636,208.2600,0.2500
1783084559.250678,8536,9212,2261,2598,208.2600,0.2500
1783084559.266366,8546,9212,2261,2645,205.5600,0.5000
1783084559.281818,8621,9212,2261,2561,205.5600,0.5000
1783084559.297813,8518,9193,2251,2617,205.5600,0.5000
1783084559.319153,8518,9193,2317,2617,205.5600,1.8100
1783084559.334909,8471,9221,2261,2561,205.5600,1.8100
1783084559.352535,8471,9202,2242,2617,205.5600,1.8100
1783084559.367847,8818,8611,2317,2570,206.9900,2.1300
1783084559.383641,8536,9193,2317,2570,206.9900,2.1300
1783084559.401635,8536,8855,2280,2617,206.9900,2.1300
1783084559.417692,8499,9249,2298,2598,206.8300,2.0000
1783084559.433916,8480,9278,2326,2580,206.8300,2.0000
1783084559.452812,8480,9268,2270,2580,206.8300,2.0000
1783084559.467930,8499,8921,2317,2598,200.1500,-0.1900
1783084559.484975,8499,8940,2251,2589,200.1500,-0.1900
1783084559.502943,8884,8949,2317,2589,200.1500,-0.1900
1783084559.519027,8574,9240,2280,2570,205.5600,-0.7500
1783084559.539120,8574,9015,2336,2570,205.5600,-0.7500
1783084559.559575,8574,9015,2345,2627,206.9900,-0.6900
1783084559.575179,8630,8583,2308,2570,206.9900,-0.6900
1783084559.591209,8593,9296,2308,2570,206.9900,-0.6900
1783084559.607288,8574,8602,2317,2570,206.9900,-0.6900
1783084559.621907,8565,8602,2355,2552,201.5300,-1.3700
1783084559.638318,8621,8705,2364,2552,201.5300,-1.3700
1783084559.653689,8518,8780,2355,2589,201.5300,-1.3700
1783084559.669729,8546,8687,2364,2570,202.8500,1.0000
1783084559.686316,8555,8733,2383,2542,202.8500,1.0000
1783084559.702219,8499,8649,2364,2608,202.8500,1.0000
1783084559.718134,8555,8611,2317,2580,205.5600,-1.2500
1783084559.734448,8536,8668,2336,2542,205.5600,-1.2500
1783084559.749737,8555,8668,2336,2552,205.5600,-1.2500
1783084559.765742,8593,8705,2439,2627,210.9700,0.5000
1783084559.781991,8527,8640,2401,2570,210.9700,0.5000
1783084559.799207,8574,8640,2383,2542,210.9700,0.5000
1783084559.817649,8912,8640,2345,2542,208.2600,0.3700
1783084559.836816,8912,8640,2420,2589,208.2600,0.3700
1783084559.853404,8959,8696,2401,2589,208.2600,0.3700
1783084559.869385,8527,8668,2448,2561,208.2600,-1.0000
1783084559.884456,8527,8668,2411,2598,208.2600,-1.0000
1783084559.900133,8518,8687,2401,2589,208.2600,-1.0000
1783084559.916101,8518,8677,2345,2561,205.5600,1.5000
1783084559.932430,8583,8705,2392,2580,205.5600,1.5000
1783084559.947841,8508,8687,2392,2627,205.5600,1.5000
1783084559.963874,8902,8658,2448,2580,205.5600,-2.1300
1783084559.980427,8499,9737,2448,2617,205.5600,-2.1300
1783084559.996186,8874,8724,2401,2580,205.5600,-2.1300
1783084560.012401,8518,8705,2420,2552,205.5600,-0.6300
1783084560.028532,8827,8743,2392,2561,205.5600,-0.6300
1783084560.045753,8593,8743,2401,2542,205.5600,-0.6300
1783084560.061035,8452,8799,2439,2561,202.8500,-1.2500
1783084560.076902,8865,8743,2439,2542,202.8500,-1.2500
1783084560.093905,8480,8865,2430,2523,202.8500,-1.2500
1783084560.110038,8461,9127,2401,2514,200.1500,-6.0000
1783084560.125089,8461,8902,2411,2495,200.1500,-6.0000
1783084560.141188,8461,9212,2430,2561,200.1500,-6.0000
1783084560.156984,8593,8996,2401,2533,205.5600,0.8100
1783084560.173142,8527,8743,2458,2570,205.5600,0.8100
1783084560.191040,8527,9315,2448,2552,205.5600,0.8100
1783084560.207389,8433,9287,2430,2505,205.5600,-3.1900
1783084560.223146,8490,9259,2392,2505,205.5600,-3.1900
1783084560.239204,8555,9240,2439,2467,205.5600,-3.1900
1783084560.255590,8546,9249,2458,2477,205.5600,2.8800
1783084560.271279,8452,9240,2430,2495,205.5600,2.8800
1783084560.286430,8518,9259,2458,2458,205.5600,2.8800
1783084560.302204,8415,9268,2458,2505,205.5600,2.8800
1783084560.318831,8508,9334,2439,2495,208.2600,-0.8800
1783084560.334654,8499,9287,2448,2477,208.2600,-0.8800
1783084560.350238,8480,9249,2477,2477,208.2600,-0.8800
1783084560.366290,8518,9268,2439,2420,205.5600,2.7500
1783084560.382840,8490,9268,2430,2486,205.5600,2.7500
1783084560.398482,8480,9306,2439,2467,205.5600,2.7500
1783084560.414457,8490,9278,2439,2467,205.5600,1.0600
1783084560.430861,8508,9249,2439,2458,205.5600,1.0600
1783084560.448363,8508,9278,2514,2467,205.5600,1.0600
1783084560.464014,8508,9268,2495,2458,205.5600,1.0000
1783084560.481662,8480,9259,2486,2458,205.5600,1.0000
1783084560.499158,8480,9278,2439,2486,205.5600,1.0000
1783084560.515188,8518,9249,2514,2533,205.5600,-1.6900
1783084560.531376,8490,9287,2505,2505,205.5600,-1.6900
1783084560.547125,8527,9278,2486,2514,205.5600,-1.6900
1783084560.563130,8480,9268,2523,2477,208.2600,-0.6900
1783084560.579414,8536,9249,2505,2486,208.2600,-0.6900
1783084560.597397,8536,9249,2533,2401,208.2600,-0.6900
1783084560.613101,8499,9278,2458,2439,205.5600,-1.4400
1783084560.629158,8471,9287,2486,2401,205.5600,-1.4400
1783084560.645431,8602,9324,2552,2486,205.5600,-1.4400
1783084560.661047,8499,9296,2505,2552,205.5600,0.7500
1783084560.677150,8508,9278,2523,2392,205.5600,0.7500
1783084560.692985,8461,9296,2542,2420,205.5600,0.7500
1783084560.708149,8518,9268,2514,2411,201.5300,-2.1300
1783084560.726237,8518,9231,2495,2392,201.5300,-2.1300
1783084560.742524,8461,9268,2552,2439,201.5300,-2.1300
1783084560.758316,8518,9278,2561,2439,201.5300,-2.1300
1783084560.774359,8518,9296,2542,2448,212.5100,0.3700
1783084560.790766,8480,9259,2542,2401,212.5100,0.3700
1783084560.808772,8480,9296,2514,2392,210.9700,0.5000
1783084560.824324,8480,9268,2523,2355,210.9700,0.5000
1783084560.840172,8499,9306,2570,2373,210.9700,0.5000
1783084560.856471,8452,9249,2533,2448,208.2600,-0.0600
1783084560.872221,8490,9278,2570,2383,208.2600,-0.0600
1783084560.888482,8555,9212,2523,2326,208.2600,-0.0600
1783084560.904400,8490,9259,2542,2373,208.2600,-0.0600
1783084560.919344,8490,9240,2542,2411,210.9700,0.3700
1783084560.935331,8499,9240,2523,2505,210.9700,0.3700
1783084560.952682,8527,9296,2589,2373,210.9700,0.3700
1783084560.967524,8461,9278,2542,2317,204.1800,1.0600
1783084560.983567,8490,9353,2533,2364,204.1800,1.0600
1783084560.999860,8471,9249,2589,2392,204.1800,1.0600
1783084561.015585,8827,9287,2570,2298,208.2600,-1.3700
1783084561.031668,8555,9306,2598,2336,208.2600,-1.3700
1783084561.047861,8518,9287,2533,2298,208.2600,-1.3700
1783084561.063629,8565,9315,2608,2383,209.7500,-1.0000
1783084561.079673,8452,9259,2580,2448,209.7500,-1.0000
1783084561.096488,8499,9278,2542,2308,209.7500,-1.0000
1783084561.111732,8527,9287,2552,2373,208.2600,0.0000
1783084561.129020,8527,9296,2636,2373,208.2600,0.0000
1783084561.145670,8499,9278,2645,2411,208.2600,0.0000
1783084561.161898,8499,9259,2580,2345,205.5600,-1.5600
1783084561.177107,8527,9306,2570,2364,205.5600,-1.5600
1783084561.192866,8480,9306,2580,2355,205.5600,-1.5600
1783084561.209340,8480,9240,2636,2355,205.5600,-1.5600
1783084561.225050,8461,9287,2580,2317,202.8500,2.3800
1783084561.240844,8480,9315,2617,2430,202.8500,2.3800
1783084561.261076,8480,9287,2720,2430,205.5600,-0.2500
1783084561.276856,8602,9296,2683,2439,205.5600,-0.2500
1783084561.292468,8565,9324,2645,2401,205.5600,-0.2500
1783084561.309394,8518,9287,2645,2392,202.8500,1.8100
1783084561.324923,8865,9296,2664,2364,202.8500,1.8100
1783084561.342363,8865,9287,2739,2420,202.8500,1.8100
1783084561.357642,8865,9278,2711,2401,202.8500,1.8100
1783084561.375848,8865,9353,2664,2430,205.5600,0.8100
1783084561.393714,8865,9296,2711,2392,205.5600,0.8100
1783084561.411542,8865,9343,2627,2439,202.8500,2.0000
1783084561.427513,8602,9324,2674,2373,202.8500,2.0000
1783084561.444889,8602,9343,2617,2345,202.8500,2.0000
1783084561.463041,8602,9315,2645,2355,201.5300,2.0600
1783084561.482870,8602,9381,2674,2355,201.5300,2.0600
1783084561.500868,8602,9362,2674,2411,201.5300,2.0600
1783084561.518942,8602,9343,2730,2401,212.5100,0.5000
1783084561.537747,8602,9381,2730,2326,212.5100,0.5000
1783084561.553782,8527,9343,2739,2270,212.5100,0.5000
1783084561.571846,8527,9306,2702,2401,204.1800,-0.0600
1783084561.588145,8527,9409,2683,2355,204.1800,-0.0600
1783084561.603865,8490,9296,2720,2373,204.1800,-0.0600
1783084561.621882,8490,9371,2692,2383,202.8500,-0.9400
1783084561.637816,8640,9287,2702,2289,202.8500,-0.9400
1783084561.653885,8480,9315,2749,2289,202.8500,-0.9400
1783084561.669563,8499,9409,2711,2242,205.5600,1.0000
1783084561.685644,8443,9324,2702,2270,205.5600,1.0000
1783084561.701835,8546,9334,2674,2326,205.5600,1.0000
1783084561.717643,8602,9334,2702,2298,210.9700,-1.0600
1783084561.733610,8508,9390,2758,2308,210.9700,-1.0600
1783084561.748859,8480,9409,2683,2251,210.9700,-1.0600
1783084561.764864,8574,9399,2711,2355,209.7500,1.0600
1783084561.780945,8480,9343,2711,2251,209.7500,1.0600
1783084561.798975,8499,9353,2692,2251,209.7500,1.0600
1783084561.815298,8499,9343,2702,2270,206.8300,-0.9400
1783084561.831158,8471,9428,2749,2317,206.8300,-0.9400
1783084561.846970,8546,9390,2720,2204,206.8300,-0.9400
1783084561.862884,8499,9362,2767,2280,209.7500,1.5000
1783084561.878699,8536,9399,2739,2242,209.7500,1.5000
1783084561.894698,8490,9353,2749,2214,209.7500,1.5000
1783084561.911834,8518,9343,2720,2242,204.1800,-2.2500
1783084561.927082,8583,9306,2730,2204,204.1800,-2.2500
1783084561.943214,8546,9381,2767,2280,204.1800,-2.2500
1783084561.960643,8518,9362,2805,2270,208.2600,2.3800
1783084561.975107,8536,9428,2786,2242,208.2600,2.3800
1783084561.990644,8499,9353,2739,2308,208.2600,2.3800
1783084562.006193,8480,9371,2739,2233,208.2600,2.3800
1783084562.022091,8490,9362,2777,2223,209.7500,-1.8800
1783084562.038542,8508,9334,2767,2233,209.7500,-1.8800
1783084562.054003,8461,9343,2805,2233,209.7500,-1.8800
1783084562.069860,8415,9362,2795,2251,206.8300,0.1200
1783084562.086067,8471,9381,2777,2242,206.8300,0.1200
1783084562.101742,8461,9428,2786,2289,206.8300,0.1200
1783084562.117722,8452,9390,2777,2251,202.8500,-1.8800
1783084562.134042,8461,9381,2814,2223,202.8500,-1.8800
1783084562.149760,8443,9371,2795,2289,202.8500,-1.8800
1783084562.166091,8480,9399,2767,2251,202.8500,0.6900
1783084562.182373,8461,9409,2842,2204,202.8500,0.6900
1783084562.199320,8461,9390,2767,2204,202.8500,0.6900
1783084562.216819,8443,9418,2749,2223,200.1500,-1.8800
1783084562.232206,8490,9399,2824,2195,200.1500,-1.8800
1783084562.247502,8461,9390,2805,2186,200.1500,-1.8800
1783084562.263198,8490,8996,2842,2214,205.5600,-0.1900
1783084562.279742,8480,9353,2814,2158,205.5600,-0.1900
1783084562.295853,8490,8705,2805,2233,205.5600,-0.1900
1783084562.311748,8480,9418,2795,2186,205.5600,1.3100
1783084562.327142,8405,8987,2861,2251,205.5600,1.3100
1783084562.343350,8368,8996,2861,2242,205.5600,1.3100
1783084562.360270,8405,9353,2880,2204,200.1500,1.3700
1783084562.375212,8424,8743,2870,2148,200.1500,1.3700
1783084562.391391,8415,9390,2833,2233,200.1500,1.3700
1783084562.407253,8508,9428,2842,2167,200.1500,1.3700
1783084562.423395,8461,9034,2786,2195,202.8500,1.4400
1783084562.439477,8461,9043,2861,2233,202.8500,1.4400
1783084562.455110,8452,9043,2805,2195,202.8500,1.4400
1783084562.471121,8471,9146,2814,2186,205.5600,1.0000
1783084562.487489,8461,9052,2842,2233,205.5600,1.0000
1783084562.503157,8433,9062,2861,2186,205.5600,1.0000
1783084562.518483,8508,9090,2833,2176,202.8500,1.1900
1783084562.534428,8480,9409,2842,2223,202.8500,1.1900
1783084562.550205,8452,9062,2852,2167,202.8500,1.1900
1783084562.566319,8480,9043,2861,2148,206.9900,-3.8800
1783084562.581886,8490,9174,2842,2158,206.9900,-3.8800
1783084562.597867,8499,8743,2870,2139,206.9900,-3.8800
1783084562.614207,8433,9118,2870,2139,196.2200,0.8800
1783084562.632212,8490,9362,2908,2139,196.2200,0.8800
1783084562.647929,8480,9071,2899,2158,196.2200,0.8800
1783084562.664130,8508,9090,2861,2148,202.8500,-1.5000
1783084562.680431,8452,9184,2917,2214,202.8500,-1.5000
1783084562.696293,8471,8752,2936,2167,202.8500,-1.5000
1783084562.712201,8490,8724,2880,2111,202.8500,0.7500
1783084562.728699,8499,9043,2870,2111,202.8500,0.7500
1783084562.744217,8518,9399,2927,2083,202.8500,0.7500
1783084562.762070,8480,9099,2889,2083,205.5600,-2.3800
1783084562.777374,8499,8743,2936,2139,205.5600,-2.3800
1783084562.793438,8490,9137,2983,2120,205.5600,-2.3800
1783084562.810533,8471,8846,2927,2129,202.8500,0.6300
1783084562.825279,8480,9071,2917,2139,202.8500,0.6300
1783084562.842047,8424,8780,2946,2120,202.8500,0.6300
1783084562.857408,8490,8893,2927,2129,202.8500,0.6300
1783084562.872955,8499,8902,2983,2139,208.2600,-0.9400
1783084562.889271,8461,8884,2927,2129,208.2600,-0.9400
1783084562.905327,8583,9118,2964,2158,208.2600,-0.9400
1783084562.921347,8443,8733,2964,2101,202.8500,1.0600
1783084562.937575,8508,8902,3002,2139,202.8500,1.0600
1783084562.953072,8518,8865,2927,2073,202.8500,1.0600
1783084562.969321,8452,9446,2992,2092,208.2600,-0.8100
1783084562.985608,8565,9174,2955,2083,208.2600,-0.8100
1783084563.001571,8480,9174,2946,2073,208.2600,-0.8100
1783084563.017294,8499,9456,2899,2045,208.2600,2.2500
1783084563.032748,8443,8865,2946,2064,208.2600,2.2500
1783084563.048335,8499,9137,2927,2092,208.2600,2.2500
1783084563.064683,8555,9475,2917,2064,205.5600,-0.8100
1783084563.080401,8536,8893,2927,2101,205.5600,-0.8100
1783084563.096436,8518,9343,2936,2036,205.5600,-0.8100
1783084563.112727,8480,9315,2955,2054,205.5600,-0.8100
1783084563.128374,8499,9109,2974,2054,205.5600,-0.8100
1783084563.144535,8508,9034,2983,2045,205.5600,-0.8100
1783084563.161993,8508,9221,2946,2064,205.5600,-0.5000
1783084563.176166,8461,9399,2974,2054,205.5600,-0.5000
1783084563.192332,8480,9437,2983,2026,205.5600,-0.5000
1783084563.209668,8499,9259,2964,2036,200.1500,-1.6300
1783084563.224179,8443,9174,2974,2054,200.1500,-1.6300
1783084563.239288,8499,9296,3030,2054,200.1500,-1.6300
1783084563.255462,8461,9324,3011,2054,208.2600,0.9400
1783084563.271409,8527,9296,2964,2054,208.2600,0.9400
1783084563.287405,8518,9231,2955,2045,208.2600,0.9400
1783084563.303625,8518,9315,2974,2054,208.2600,0.9400
1783084563.319402,8527,9099,2964,2045,205.5600,1.1200
1783084563.334637,8471,9287,2964,2064,205.5600,1.1200
1783084563.350520,8471,9334,3002,2045,205.5600,1.1200
1783084563.366460,8433,9296,2955,2045,202.8500,1.8800
1783084563.382755,8461,9278,3030,2036,202.8500,1.8800
1783084563.398454,8536,9334,2964,2026,202.8500,1.8800
1783084563.414545,8471,9296,3039,2007,202.8500,-0.8100
1783084563.430791,8452,9315,2974,1979,202.8500,-0.8100
1783084563.448282,8490,9315,2992,2017,202.8500,-0.8100
1783084563.462655,8499,9371,3030,1989,205.5600,2.8800
1783084563.478843,8452,9371,3049,1998,205.5600,2.8800
1783084563.494520,8490,9334,3039,1979,205.5600,2.8800
1783084563.511608,8443,9334,3049,2036,205.5600,1.6900
1783084563.526842,8471,9381,2992,1998,205.5600,1.6900
1783084563.542881,8461,9371,3049,2017,205.5600,1.6900
1783084563.559776,8443,9371,3021,2007,202.8500,-0.1900
1783084563.574554,8480,9306,3067,1998,202.8500,-0.1900
1783084563.590317,8433,9324,3049,1998,202.8500,-0.1900
1783084563.607474,8433,9334,3049,1998,202.8500,-0.1900
1783084563.623372,8424,9362,3030,1951,205.5600,-0.6300
1783084563.639557,8424,9371,3049,1998,205.5600,-0.6300
1783084563.655372,8508,9315,3039,1979,205.5600,-0.6300
1783084563.671552,8480,9390,3049,2007,200.1500,0.1900
1783084563.687782,8443,9353,3049,1923,200.1500,0.1900
1783084563.703780,8461,9428,3049,1914,200.1500,0.1900
1783084563.719601,8415,9371,3049,1932,205.5600,-1.0000
1783084563.736871,8443,9390,3077,1914,205.5600,-1.0000
1783084563.752902,8461,9362,3077,1932,205.5600,-1.0000
1783084563.768523,8443,9418,3096,1914,201.5300,-0.2500
1783084563.784816,8443,9390,3077,1876,201.5300,-0.2500
1783084563.800927,8424,9390,3114,1989,201.5300,-0.2500
1783084563.816617,8461,9390,3143,1886,209.7500,-0.6900
1783084563.832919,8405,9409,3058,1904,209.7500,-0.6900
1783084563.847569,8443,9390,3124,1923,209.7500,-0.6900
1783084563.863792,8424,9428,3105,1932,205.5600,-0.1200
1783084563.879822,8415,9409,3124,1923,205.5600,-0.1200
1783084563.897943,8415,9437,3180,1979,205.5600,-0.1200
1783084563.913525,8415,9390,3077,1867,206.8300,1.5000
1783084563.931612,8415,9371,3105,1961,206.8300,1.5000
1783084563.947723,8424,9418,3096,1932,206.8300,1.5000
1783084563.963971,8386,9399,3077,1932,206.9900,-1.2500
1783084563.980422,8386,9409,3180,2017,206.9900,-1.2500
1783084563.997803,8461,9409,3133,1942,206.9900,-1.2500
1783084564.013532,8424,9399,3114,2036,201.5300,0.3100
1783084564.028452,8443,9390,3067,1951,201.5300,0.3100
1783084564.046580,8443,9418,3133,1970,201.5300,0.3100
1783084564.063578,8405,9381,3143,1998,209.7500,-3.3800
1783084564.076861,8415,9399,3133,1979,209.7500,-3.3800
1783084564.092941,8358,9362,3124,1961,209.7500,-3.3800
1783084564.110579,8358,9428,3133,1942,205.5600,0.5000
1783084564.126760,8358,9437,3124,1979,205.5600,0.5000
1783084564.142903,8396,9428,3114,1970,205.5600,0.5000
1783084564.158723,8368,9390,3105,1961,196.2200,-0.9400
1783084564.174732,8405,9399,3152,1923,196.2200,-0.9400
1783084564.190910,8405,9446,3133,1961,196.2200,-0.9400
1783084564.205815,8405,9428,3161,1914,196.2200,-0.9400
1783084564.223689,8405,9456,3096,1839,198.7100,1.2500
1783084564.239872,8443,9381,3171,1932,198.7100,1.2500
1783084564.256284,8377,9409,3105,1989,198.7100,1.2500
1783084564.271788,8415,9446,3180,1914,197.4400,-0.9400
1783084564.288009,8405,9409,3067,1876,197.4400,-0.9400
1783084564.303735,8424,9428,3161,1867,197.4400,-0.9400
1783084564.319725,8377,9437,3133,1895,193.5700,0.0600
1783084564.335824,8377,9437,3105,1867,193.5700,0.0600
1783084564.351718,8405,9381,3114,1867,193.5700,0.0600
1783084564.367771,8396,9428,3133,1876,198.7100,0.7500
1783084564.383838,8433,9418,3161,1886,198.7100,0.7500
1783084564.399724,8377,9390,3152,1904,198.7100,0.7500
1783084564.415969,8349,9437,3133,1886,189.3300,-0.6900
1783084564.431867,8386,9437,3152,1848,189.3300,-0.6900
1783084564.447744,8443,9371,3096,1961,189.3300,-0.6900
1783084564.463792,8433,9399,3152,1895,192.0300,2.6300
1783084564.480048,8368,9484,3161,1867,192.0300,2.6300
1783084564.495794,8405,9446,3199,1867,192.0300,2.6300
1783084564.511762,8368,9418,3171,1914,183.9200,-0.6900
1783084564.527826,8461,9409,3161,1914,183.9200,-0.6900
1783084564.542794,8443,9418,3171,1867,183.9200,-0.6900
1783084564.558770,8443,9409,3161,1895,180.3100,2.5600
1783084564.575062,8405,9493,3189,1876,180.3100,2.5600
1783084564.590803,8405,9484,3189,1876,180.3100,2.5600
1783084564.606756,8461,9446,3180,1886,183.9200,-2.3100
1783084564.622958,8480,9428,3208,1886,183.9200,-2.3100
1783084564.638807,8396,9475,3133,1876,183.9200,-2.3100
1783084564.654892,8480,9437,3171,1914,183.9200,-2.3100
1783084564.671272,8443,9428,3152,1895,184.9100,1.0600
1783084564.689013,8443,9475,3161,1867,184.9100,1.0600
1783084564.704825,8499,9475,3208,1923,184.9100,1.0600
1783084564.720795,8461,9484,3133,1914,178.5100,-2.6900
1783084564.737001,8396,9493,3199,1914,178.5100,-2.6900
1783084564.752827,8433,9446,3189,1857,178.5100,-2.6900
1783084564.768848,8490,9484,3180,1895,175.0100,0.5000
1783084564.783891,8461,9475,3227,1886,175.0100,0.5000
1783084564.799843,8461,9437,3180,1904,175.0100,0.5000
1783084564.815826,8452,9475,3227,1886,173.1000,-1.2500
1783084564.831920,8461,9446,3199,1867,173.1000,-1.2500
1783084564.847868,8508,9503,3208,1848,173.1000,-1.2500
1783084564.863843,8452,9465,3199,1857,178.5100,-1.2500
1783084564.880019,8461,9512,3189,1848,178.5100,-1.2500
1783084564.896038,8433,9428,3227,1839,178.5100,-1.2500
1783084564.911896,8443,9475,3189,1876,175.8000,0.3100
1783084564.927901,8452,9493,3218,1867,175.8000,0.3100
1783084564.943917,8405,9456,3171,1820,175.8000,0.3100
1783084564.960750,8433,9503,3236,1810,173.1000,-0.8100
1783084564.975950,8452,9540,3218,1876,173.1000,-0.8100
1783084564.992010,8415,9512,3199,1829,173.1000,-0.8100
1783084565.007951,8471,9503,3236,1848,173.1000,1.0000
1783084565.024072,8405,9484,3208,1839,173.1000,1.0000
1783084565.040089,8433,9540,3255,1782,173.1000,1.0000
1783084565.056010,8396,9493,3208,1801,170.4000,-0.1900
1783084565.070969,8443,9550,3180,1904,170.4000,-0.1900
1783084565.087113,8415,9540,3199,1810,170.4000,-0.1900
1783084565.103178,8377,9512,3218,1801,170.4000,-0.1900
1783084565.118998,8386,9503,3227,1801,167.6900,0.0600
1783084565.134972,8377,9531,3236,1782,167.6900,0.0600
1783084565.151278,8396,9484,3246,1782,167.6900,0.0600
1783084565.166973,8499,9559,3208,1792,164.9900,0.6900
1783084565.183027,8405,9540,3218,1829,164.9900,0.6900
1783084565.199862,8433,9559,3227,1801,164.9900,0.6900
1783084565.214978,8349,9540,3236,1782,164.9900,-0.2500
1783084565.230982,8415,9550,3152,1801,164.9900,-0.2500
1783084565.247234,8396,9531,3199,1792,164.9900,-0.2500
1783084565.263105,8339,9550,3255,1829,159.5800,-1.1200
1783084565.279284,8396,9493,3218,1810,159.5800,-1.1200
1783084565.296398,8396,9559,3199,1942,159.5800,-1.1200
1783084565.313514,8443,9559,3246,1801,159.5800,-1.1200
1783084565.330545,8443,9531,3264,1764,159.5800,-1.1200
1783084565.346377,8405,9540,3283,1782,159.5800,-1.1200
1783084565.362020,8368,9531,3330,1735,156.8700,0.5000
1783084565.378060,8396,9521,3264,1764,156.8700,0.5000
1783084565.394361,8349,9596,3340,1801,156.8700,0.5000
1783084565.410650,8377,9540,3330,1782,154.5500,-0.2500
1783084565.426154,8368,9512,3302,1820,154.5500,-0.2500
1783084565.442090,8415,9531,3302,1810,154.5500,-0.2500
1783084565.458071,8377,9625,3302,1810,148.4900,-0.0600
1783084565.474069,8386,9568,3349,1764,148.4900,-0.0600
1783084565.490079,8339,9587,3274,1792,148.4900,-0.0600
1783084565.506118,8349,9568,3368,1782,151.4600,0.3700
1783084565.522116,8377,9559,3302,1773,151.4600,0.3700
1783084565.538102,8443,9568,3302,1801,151.4600,0.3700
1783084565.554205,8330,9521,3293,1820,151.4600,0.3700
1783084565.570130,8321,9596,3293,1792,148.7600,-0.5600
1783084565.585135,8368,9587,3302,1801,148.7600,-0.5600
1783084565.601319,8330,9606,3311,1726,148.7600,-0.5600
1783084565.617136,8368,9653,3293,1810,151.4600,1.1200
1783084565.633096,8368,9625,3330,1735,151.4600,1.1200
1783084565.649317,8368,9615,3340,1857,151.4600,1.1200
1783084565.665098,8339,9662,3377,1792,146.0500,0.1200
1783084565.681121,8368,9615,3368,1754,146.0500,0.1200
1783084565.697393,8311,9625,3330,1726,146.0500,0.1200
1783084565.713068,8358,9625,3368,1810,143.3500,0.6900
1783084565.729117,8330,9625,3330,1792,143.3500,0.6900
1783084565.745295,8321,9362,3349,1717,143.3500,0.6900
1783084565.761040,8358,9596,3368,1726,143.5100,1.5600
1783084565.777184,8311,9672,3330,1764,143.5100,1.5600
1783084565.793373,8368,9634,3311,1857,143.5100,1.5600
1783084565.809295,8274,9625,3293,1839,137.8900,1.8100
1783084565.825171,8339,9653,3321,1867,137.8900,1.8100
1783084565.841352,8358,9681,3368,1754,137.8900,1.8100
1783084565.856247,8311,9587,3330,1764,137.8900,1.8100
1783084565.872264,8321,9653,3321,1782,137.9400,0.6900
1783084565.888209,8339,9681,3368,1848,137.9400,0.6900
1783084565.904492,8255,9634,3302,1867,137.9400,0.6900
1783084565.920238,8274,9606,3330,1839,140.6400,0.4400
1783084565.936256,8349,9596,3340,1820,140.6400,0.4400
1783084565.952207,8302,9643,3368,1764,140.6400,0.4400
1783084565.968244,8330,9606,3424,1764,135.2300,-0.5600
1783084565.984257,8349,9747,3377,1820,135.2300,-0.5600
1783084566.000260,8339,9709,3405,1820,135.2300,-0.5600
1783084566.016334,8358,9681,3386,1810,132.5300,0.2500
1783084566.032323,8321,9634,3396,1782,132.5300,0.2500
1783084566.049257,8321,9634,3377,1782,132.5300,0.2500
1783084566.064311,8321,9718,3396,1773,135.2300,-1.6900
1783084566.081459,8330,9662,3415,1857,135.2300,-1.6900
1783084566.096294,8461,9662,3415,1801,135.2300,-1.6900
1783084566.113317,8368,9718,3415,1764,132.4700,-0.6900
1783084566.130332,8368,9709,3433,1754,132.4700,-0.6900
1783084566.146369,8321,9747,3405,1745,132.4700,-0.6900
1783084566.162534,8377,9718,3461,1745,132.5800,0.0600
1783084566.178370,8339,9700,3461,1707,132.5800,0.0600
1783084566.194388,8358,9718,3461,1698,132.5800,0.0600
1783084566.211401,8386,9456,3527,1698,129.8300,-0.3700
1783084566.226639,8349,9709,3471,1726,129.8300,-0.3700
1783084566.242788,8396,9765,3405,1726,129.8300,-0.3700
1783084566.261448,8396,9465,3424,1745,132.5300,-0.7500
1783084566.276533,8405,9756,3461,1707,132.5300,-0.7500
1783084566.292577,8405,9784,3490,1679,132.5300,-0.7500
1783084566.308544,8396,9475,3461,1735,132.5300,-0.7500
1783084566.324529,8405,9822,3480,1782,132.5300,-0.1900
1783084566.339901,8368,9803,3433,1689,132.5300,-0.1900
1783084566.355717,8424,9475,3471,1773,132.5300,-0.1900
1783084566.371708,8443,9784,3471,1735,127.1200,-0.4400
1783084566.387640,8415,9859,3546,1735,127.1200,-0.4400
1783084566.405636,8415,9137,3490,1764,129.8300,0.5600
1783084566.421809,8386,9831,3471,1698,129.8300,0.5600
1783084566.437628,8433,9840,3480,1707,129.8300,0.5600
1783084566.453662,8433,9840,3499,1698,129.8300,0.5600
1783084566.469590,8433,9887,3499,1764,127.1200,-1.0600
1783084566.486925,8433,9840,3537,1735,127.1200,-1.0600
1783084566.503587,8424,9428,3593,1745,127.1200,-1.0600
1783084566.519526,8415,9428,3461,1829,127.1200,0.6900
1783084566.535513,8452,9775,3480,1698,127.1200,0.6900
1783084566.550565,8443,9540,3640,1829,127.1200,0.6900
1783084566.566690,8424,9859,3677,1726,124.4200,-1.6900
1783084566.582497,8415,9578,3537,1698,124.4200,-1.6900
1783084566.598626,8433,9456,3565,1914,124.4200,-1.6900
1783084566.614686,8443,9840,3508,1839,124.4200,1.5600
1783084566.630548,8424,9137,3527,1726,124.4200,1.5600
1783084566.646590,8443,9137,3602,1810,124.4200,1.5600
1783084566.662855,8396,9193,3518,1820,121.9800,-1.9400
1783084566.678588,8433,9137,3593,1782,121.9800,-1.9400
1783084566.694562,8405,9193,3640,1876,121.9800,-1.9400
1783084566.711420,8452,9202,3555,1726,119.0100,0.6300
1783084566.726733,8405,9156,3565,1754,119.0100,0.6300
1783084566.742583,8443,9109,3593,1754,119.0100,0.6300
1783084566.760531,8443,9146,3593,1773,118.6800,-1.1200
1783084566.776911,8452,9090,3527,1792,118.6800,-1.1200
1783084566.792639,8452,9118,3546,1707,118.6800,-1.1200
1783084566.809741,8452,9137,3499,1717,119.0100,-0.4400
1783084566.825735,8405,9118,3508,1820,119.0100,-0.4400
1783084566.841589,8405,9184,3593,1829,119.0100,-0.4400
1783084566.860533,8405,9137,3574,1726,113.6000,-0.5000
1783084566.877769,8405,9174,3612,1895,113.6000,-0.5000
1783084566.894687,8405,9306,3583,1782,113.6000,-0.5000
1783084566.911584,8424,9090,3565,1754,113.6000,1.5600
1783084566.927967,8471,9193,3593,1848,113.6000,1.5600
1783084566.943667,8424,9165,3630,1782,113.6000,1.5600
1783084566.958979,8415,9165,3687,1670,108.1900,-1.0000
1783084566.974968,8386,9137,3640,1829,108.1900,-1.0000
1783084566.991089,8424,9118,3621,1735,108.1900,-1.0000
1783084567.007797,8424,9146,3649,1754,108.1900,-1.0000
1783084567.024117,8433,9146,3630,1839,108.1900,-1.0000
1783084567.039972,8433,9184,3658,1764,108.1900,-1.0000
1783084567.055976,8396,9156,3668,1735,108.1900,-1.0000
1783084567.071831,8415,9156,3687,1726,108.1900,-1.0000
1783084567.087684,8461,9193,3658,1848,108.1900,-1.0000
1783084567.103942,8396,9193,3687,1754,108.1900,-1.0000
1783084567.119833,8433,9137,3649,1707,108.1900,-1.0000
1783084567.135735,8471,9184,3649,1754,108.1900,-1.0000
1783084567.151878,8396,9146,3630,1773,108.1900,-1.0000
1783084567.167938,8424,9146,3640,1782,108.1900,-1.0000
1783084567.183845,8461,9165,3705,1679,108.1900,-1.0000
1783084567.199748,8443,9184,3565,1735,108.1900,-1.0000
1783084567.215025,8405,9193,3593,1801,108.1900,-1.0000
1783084567.230871,8405,9146,3630,1745,108.1900,-1.0000
1783084567.246839,8386,9193,3630,1820,108.1900,-1.0000
1783084567.263295,8415,9109,3640,1745,108.1900,-1.0000
1783084567.279120,8396,9212,3612,1782,108.1900,-1.0000
1783084567.294873,8424,9156,3612,1801,108.1900,-1.0000
1783084567.311767,8415,9156,3677,1829,5.0100,2.1300
1783084567.326890,8415,9137,3602,1848,5.0100,2.1300
1783084567.342874,8452,9531,3508,1820,5.0100,2.1300
1783084567.359110,8377,9737,3480,1782,2.7000,6.2500
1783084567.377094,8377,9521,3499,1820,2.7000,6.2500
1783084567.392888,8424,9034,3546,1707,2.7000,6.2500
1783084567.408821,8433,9869,3518,1707,2.7000,8.8100
1783084567.425020,8386,9090,3480,1773,2.7000,8.8100
1783084567.440888,8368,9371,3490,1670,2.7000,8.8100
1783084567.456902,8377,8884,3480,1689,5.4100,11.0600
1783084567.471857,8302,9324,3490,1764,5.4100,11.0600
1783084567.487810,8368,9334,3499,1698,5.4100,11.0600
1783084567.503834,8368,9775,3508,1735,5.4100,11.0600
1783084567.519862,8246,9353,3490,1764,8.1100,13.8800
1783084567.535853,8246,9005,3527,1801,8.1100,13.8800
1783084567.551944,8208,9409,3527,1651,8.1100,13.8800
1783084567.567857,8255,9475,3480,1764,8.1100,16.3100
1783084567.583875,8218,9765,3480,1707,8.1100,16.3100
1783084567.599905,8274,9756,3574,1829,8.1100,16.3100
1783084567.617922,8274,9765,3602,1660,10.8200,15.2500
1783084567.635128,8274,9531,3443,1642,10.8200,15.2500
1783084567.651958,8349,9765,3480,1623,10.8200,15.2500
1783084567.666983,8349,9296,3499,1717,2.7000,13.0600
1783084567.683150,8415,9146,3508,1717,2.7000,13.0600
1783084567.698980,8330,9127,3452,1707,2.7000,13.0600
1783084567.715004,8302,9062,3471,1726,13.5200,15.2500
1783084567.731194,8358,9081,3499,1660,13.5200,15.2500
1783084567.749251,8339,9081,3583,1745,13.5200,15.2500
1783084567.765069,8339,8968,3480,1698,5.4100,13.0000
1783084567.783026,8339,8846,3508,1698,5.4100,13.0000
1783084567.797933,8339,8808,3452,1698,5.4100,13.0000
1783084567.815086,8368,9296,3480,1679,5.4100,12.4400
1783084567.831075,8368,9212,3555,1745,5.4100,12.4400
1783084567.847247,8302,8855,3471,1698,5.4100,12.4400
1783084567.863291,8293,9315,3480,1717,2.7000,10.9400
1783084567.879166,8311,9278,3527,1745,2.7000,10.9400
1783084567.894640,8311,9662,3461,1670,2.7000,10.9400
1783084567.910322,8302,9634,3499,1651,2.7000,10.9400
1783084567.925984,8330,9643,3508,1651,8.1100,12.1900
1783084567.942043,8368,9634,3508,1735,8.1100,12.1900
1783084567.958054,8349,9643,3518,1745,8.1100,12.1900
1783084567.974031,8405,9662,3499,1689,2.7000,10.4400
1783084567.990022,8358,9643,3461,1660,2.7000,10.4400
1783084568.006055,8358,9700,3499,1792,2.7000,10.4400
1783084568.022045,8358,9475,3480,1689,0.0000,10.0600
1783084568.038097,8386,9700,3508,1698,0.0000,10.0600
1783084568.054288,8368,9709,3518,1698,0.0000,10.0600
1783084568.070136,8424,9775,3490,1707,2.7000,6.5600
1783084568.086085,8368,9662,3480,1651,2.7000,6.5600
1783084568.102087,8377,9428,3499,1707,2.7000,6.5600
1783084568.118102,8405,9728,3480,1698,2.7000,9.9400
1783084568.134130,8377,9465,3443,1698,2.7000,9.9400
1783084568.150482,8415,9747,3471,1698,2.7000,9.9400
1783084568.169327,8415,9493,3480,1717,2.7000,7.8800
1783084568.187263,8368,9418,3518,1660,2.7000,7.8800
1783084568.197751,8386,9709,3443,1717,2.7000,7.8800
1783084568.213572,8405,9428,3499,1651,2.7000,7.9400
1783084568.230087,8433,9709,3574,1689,2.7000,7.9400
1783084568.247385,8443,9737,3518,1660,2.7000,7.9400
1783084568.262403,8433,9052,3452,1623,2.7000,6.0600
1783084568.282460,8415,9737,3471,1707,2.7000,6.0600
1783084568.296809,8396,9756,3461,1642,2.7000,6.0600
1783084568.311873,8405,9456,3490,1698,2.7000,7.6300
1783084568.332136,8433,9681,3518,1689,2.7000,7.6300
1783084568.341599,8452,9371,3499,1782,2.7000,7.6300
1783084568.358636,8499,9643,3574,1689,2.7000,7.6300
1783084568.375498,8443,9662,3537,1745,5.4100,4.3100
1783084568.390713,8433,9381,3565,1726,5.4100,4.3100
1783084568.405303,8377,9643,3499,1745,5.4100,4.3100
1783084568.421282,8433,9662,3565,1773,2.7000,6.1900
1783084568.436467,8368,9625,3537,1726,2.7000,6.1900
1783084568.452259,8424,9709,3527,1764,2.7000,6.1900
1783084568.468539,8415,9709,3565,1745,5.4100,4.8800
1783084568.484469,8386,9672,3508,1782,5.4100,4.8800
1783084568.500263,8405,9634,3565,1764,5.4100,4.8800
1783084568.516323,8433,9643,3461,1726,8.1100,5.3100
1783084568.532467,8443,9625,3537,1707,8.1100,5.3100
1783084568.548289,8405,9399,3555,1689,8.1100,5.3100
1783084568.564362,8424,9643,3499,1792,2.7000,5.2500
1783084568.580532,8433,9709,3499,1792,2.7000,5.2500
1783084568.596325,8461,9568,3490,1726,2.7000,5.2500
1783084568.612288,8452,9653,3565,1745,5.4100,3.8800
1783084568.628510,8461,9606,3574,1754,5.4100,3.8800
1783084568.644338,8424,9324,3527,1754,5.4100,3.8800
1783084568.661098,8433,9634,3537,1782,2.7000,3.2500
1783084568.676932,8443,9653,3527,1754,2.7000,3.2500
1783084568.692487,8452,9362,3490,1707,2.7000,3.2500
1783084568.707757,8480,9587,3574,1782,2.7000,3.9400
1783084568.725927,8480,9634,3574,1764,2.7000,3.9400
1783084568.741426,8443,9578,3546,1717,2.7000,3.9400
1783084568.759550,8443,9587,3555,1745,2.7000,3.9400
1783084568.777452,8443,9437,3546,1792,5.4100,3.4400
1783084568.793449,8433,9475,3583,1689,5.4100,3.4400
1783084568.809425,8433,9475,3546,1792,2.7000,3.4400
1783084568.825459,8471,9568,3527,1792,2.7000,3.4400
1783084568.841456,8386,9362,3565,1773,2.7000,3.4400
1783084568.857501,8386,9381,3583,1773,2.7000,1.8100
1783084568.873501,8415,9193,3593,1764,2.7000,1.8100
1783084568.888510,8424,9559,3518,1773,2.7000,1.8100
1783084568.904924,8480,9428,3583,1782,2.7000,1.8100
1783084568.920489,8452,9165,3565,1792,0.0000,3.1300
1783084568.936458,8499,9268,3555,1707,0.0000,3.1300
1783084568.952605,8499,9193,3546,1764,0.0000,3.1300
1783084568.968465,8443,9099,3555,1773,0.0000,3.1300
1783084568.984607,8480,9249,3508,1754,0.0000,3.1300
1783084569.001095,8424,9231,3593,1717,0.0000,3.1300
1783084569.016599,8461,9550,3546,1745,0.0000,3.1300
1783084569.033046,8480,9156,3508,1689,0.0000,3.1300
1783084569.048806,8471,9381,3527,1745,0.0000,3.1300
1783084569.064594,8508,9174,3574,1735,0.0000,3.1300
1783084569.081559,8461,9249,3583,1764,0.0000,3.1300
1783084569.097898,8471,9165,3518,1745,0.0000,3.1300
1783084569.113590,8490,9174,3555,1670,0.0000,3.1300
1783084569.129570,8452,9334,3508,1735,0.0000,3.1300
1783084569.145914,8480,9184,3546,1707,0.0000,3.1300
1783084569.160599,8461,9531,3537,1782,0.0000,3.1300
1783084569.180347,8471,9249,3546,1707,0.0000,3.1300
1783084569.195086,8461,9202,3546,1726,0.0000,3.1300
1783084569.208530,8461,9418,3565,1717,0.0000,3.1300
1783084569.224403,8433,9193,3508,1726,0.0000,3.1300
1783084569.240605,8490,9268,3537,1773,0.0000,3.1300
1783084569.256400,8490,9381,3518,1698,0.0000,3.1300
1783084569.272228,8480,9390,3527,1754,0.0000,3.1300
1783084569.289013,8471,9231,3565,1745,0.0000,3.1300
1783084569.304485,8490,9193,3508,1745,3.1200,-0.8800
1783084569.320265,8471,9193,3527,1773,3.1200,-0.8800
1783084569.336487,8452,9306,3527,1745,3.1200,-0.8800
1783084569.352884,8461,9184,3518,1679,54.0900,-0.9400
1783084569.368642,8452,9465,3518,1764,54.0900,-0.9400
1783084569.385378,8518,9371,3546,1670,54.0900,-0.9400
1783084569.401090,8443,9240,3574,1792,70.3200,-2.2500
1783084569.416702,8480,9324,3518,1745,70.3200,-2.2500
1783084569.433002,8471,9231,3537,1735,70.3200,-2.2500
1783084569.447827,8433,9287,3537,1717,70.3200,-2.2500
1783084569.464196,8452,9259,3546,1735,102.7800,0.8800
1783084569.480502,8452,9353,3565,1754,102.7800,0.8800
1783084569.496305,8433,9212,3527,1717,102.7800,0.8800
1783084569.512234,8461,9324,3574,1745,105.4800,-1.2500
1783084569.527762,8443,9240,3565,1707,105.4800,-1.2500
1783084569.543761,8443,9390,3527,1782,105.4800,-1.2500
1783084569.560498,8461,9193,3499,1754,110.8900,0.5600
1783084569.575714,8480,9240,3508,1764,110.8900,0.5600
1783084569.591723,8433,9418,3527,1707,110.8900,0.5600
1783084569.607870,8452,9381,3527,1717,105.4800,1.9400
1783084569.624060,8443,9446,3518,1726,105.4800,1.9400
1783084569.639602,8405,9221,3593,1745,105.4800,1.9400
1783084569.655969,8443,9371,3518,1754,111.3700,-0.4400
1783084569.671645,8424,9202,3508,1717,111.3700,-0.4400
1783084569.687610,8386,9146,3518,1782,111.3700,-0.4400
1783084569.703851,8424,9268,3499,1689,110.4000,-1.0000
1783084569.718659,8377,9174,3480,1792,110.4000,-1.0000
1783084569.734677,8377,9193,3499,1717,110.4000,-1.0000
1783084569.752078,8405,9184,3508,1782,116.3000,0.4400
1783084569.766703,8405,9231,3508,1735,116.3000,0.4400
1783084569.782881,8452,9390,3508,1754,116.3000,0.4400
1783084569.799081,8433,9287,3527,1764,116.3000,-1.0000
1783084569.814769,8405,9315,3490,1764,116.3000,-1.0000
1783084569.830861,8424,9240,3499,1726,116.3000,-1.0000
1783084569.846897,8368,9118,3508,1754,116.6700,0.1200
1783084569.862718,8368,9287,3527,1726,116.6700,0.1200
1783084569.879003,8377,9381,3490,1848,116.6700,0.1200
1783084569.893933,8330,9381,3518,1707,116.6700,0.1200
1783084569.911175,8405,9268,3508,1754,113.1600,-1.0000
1783084569.927461,8396,9296,3480,1698,113.1600,-1.0000
1783084569.943387,8339,9362,3518,1754,113.1600,-1.0000
1783084569.958961,8461,9287,3518,1857,119.3200,-0.0600
1783084569.974782,8452,9362,3583,1764,119.3200,-0.0600
1783084569.989727,8443,9362,3602,1764,119.3200,-0.0600
1783084570.005876,8396,9231,3537,1679,118.6800,-0.3700
1783084570.022097,8358,9268,3546,1792,118.6800,-0.3700
1783084570.037700,8368,9202,3537,1792,118.6800,-0.3700
1783084570.055050,8368,9324,3527,1745,119.3200,-0.4400
1783084570.070601,8433,9202,3565,1735,119.3200,-0.4400
1783084570.085756,8415,9343,3537,1735,119.3200,-0.4400
1783084570.103928,8368,9315,3593,1717,121.4400,0.1200
1783084570.117922,8330,9137,3546,1792,121.4400,0.1200
1783084570.134133,8358,9334,3518,1726,121.4400,0.1200
1783084570.149914,8339,9156,3546,1782,119.0100,-0.5000
1783084570.166307,8349,9268,3527,1707,119.0100,-0.5000
1783084570.182492,8321,9202,3527,1782,119.0100,-0.5000
1783084570.199230,8321,9268,3574,1773,119.0100,-0.5000
1783084570.214752,8368,9212,3518,1726,119.3200,-0.7500
1783084570.230480,8302,9353,3527,1764,119.3200,-0.7500
1783084570.246199,8302,9174,3574,1782,119.3200,-0.7500
1783084570.262513,8330,9099,3574,1839,124.4200,1.9400
1783084570.277584,8302,9437,3499,1792,124.4200,1.9400
1783084570.293112,8302,9334,3565,1754,124.4200,1.9400
1783084570.309820,8293,9324,3555,1754,126.9500,-0.6900
1783084570.325224,8321,9249,3518,1792,126.9500,-0.6900
1783084570.341074,8311,9343,3555,1782,126.9500,-0.6900
1783084570.357371,8293,9249,3518,1792,124.6300,0.8100
1783084570.373116,8311,9296,3537,1754,124.6300,0.8100
1783084570.389625,8274,9221,3593,1764,124.6300,0.8100
1783084570.405364,8255,9353,3537,1839,132.4700,-0.6300
1783084570.421286,8264,9324,3518,1820,132.4700,-0.6300
1783084570.437469,8264,9174,3555,1810,132.4700,-0.6300
1783084570.453793,8283,9259,3546,1848,127.2800,1.0000
1783084570.469257,8255,9193,3574,1792,127.2800,1.0000
1783084570.485274,8321,9399,3565,1801,127.2800,1.0000
1783084570.502774,8255,9456,3537,1810,135.2300,0.3700
1783084570.517318,8302,9184,3546,1848,135.2300,0.3700
1783084570.533237,8255,9240,3574,1792,135.2300,0.3700
1783084570.549523,8236,9437,3546,1839,132.5300,-0.2500
1783084570.564209,8293,9315,3574,1764,132.5300,-0.2500
1783084570.580567,8274,9240,3537,1820,132.5300,-0.2500
1783084570.596534,8274,9221,3565,1810,137.9400,1.2500
1783084570.612406,8255,9146,3537,1773,137.9400,1.2500
1783084570.628666,8274,9278,3546,1801,137.9400,1.2500
1783084570.644487,8283,9324,3555,1829,137.9400,1.2500
1783084570.660282,8236,9259,3574,1867,135.2300,-0.9400
1783084570.676562,8246,9268,3546,1867,135.2300,-0.9400
1783084570.692533,8199,9456,3508,1914,135.2300,-0.9400
1783084570.708315,8236,9221,3583,1782,132.4700,-0.6900
1783084570.724525,8255,9137,3574,1867,132.4700,-0.6900
1783084570.740519,8255,9259,3527,1810,132.4700,-0.6900
1783084570.756268,8302,9137,3555,1848,135.2300,-1.1900
1783084570.773054,8255,9174,3555,1801,135.2300,-1.1900
1783084570.788034,8236,9306,3555,1867,135.2300,-1.1900
1783084570.804118,8189,9268,3555,1839,137.9400,-0.0600
1783084570.819705,8208,9259,3537,1867,137.9400,-0.0600
1783084570.835105,8218,9146,3546,1867,137.9400,-0.0600
1783084570.852091,8227,9456,3583,1867,137.9400,1.7500
1783084570.867317,8189,9174,3565,1848,137.9400,1.7500
1783084570.883319,8283,9390,3555,1810,137.9400,1.7500
1783084570.899400,8255,9418,3574,1848,135.2300,-3.1300
1783084570.915653,8246,9381,3546,1810,135.2300,-3.1300
1783084570.931368,8208,9278,3546,1857,135.2300,-3.1300
1783084570.947759,8218,9390,3537,1876,135.2300,-3.1300
1783084570.963893,8189,9268,3574,1886,140.6400,0.5000
1783084570.979418,8161,9146,3555,1886,140.6400,0.5000
1783084570.995498,8180,9268,3546,1829,140.6400,0.5000
1783084571.011699,8142,9240,3546,1923,140.6400,1.4400
1783084571.027393,8152,9240,3546,1867,140.6400,1.4400
1783084571.043650,8161,9278,3574,1923,140.6400,1.4400
1783084571.060224,8171,9202,3537,1820,143.3500,-0.1900
1783084571.075567,8189,9127,3527,1876,143.3500,-0.1900
1783084571.091292,8180,9343,3537,1886,143.3500,-0.1900
1783084571.106936,8218,9221,3583,1857,143.3500,-0.1900
1783084571.122263,8180,9202,3555,1904,143.3500,-0.1900
1783084571.138430,8199,9212,3555,1923,143.3500,-0.1900
1783084571.154937,8189,9081,3555,1914,146.0500,0.2500
1783084571.170229,8199,9174,3546,1820,146.0500,0.2500
1783084571.188726,8199,9146,3555,1904,146.0500,0.2500
1783084571.204509,8152,9156,3546,1886,146.0500,1.3100
1783084571.220809,8171,9334,3565,1895,146.0500,1.3100
1783084571.236483,8161,9287,3546,1857,146.0500,1.3100
1783084571.254051,8152,9202,3555,1820,146.0500,-1.0000
1783084571.268729,8171,9109,3555,1857,146.0500,-1.0000
1783084571.285182,8180,9202,3612,1829,146.0500,-1.0000
1783084571.300243,8218,9062,3565,1951,148.7600,0.2500
1783084571.316471,8208,9146,3546,1914,148.7600,0.2500
1783084571.332385,8142,9193,3546,1895,148.7600,0.2500
1783084571.347567,8142,9127,3555,1839,151.4600,-0.8800
1783084571.363330,8161,9231,3546,1904,151.4600,-0.8800
1783084571.379321,8152,9296,3593,1886,151.4600,-0.8800
1783084571.396398,8218,9306,3546,1895,151.4600,-0.8800
1783084571.411441,8171,9202,3583,1839,148.7600,0.2500
1783084571.427368,8161,9174,3527,1914,148.7600,0.2500
1783084571.443671,8161,9278,3555,1820,148.7600,0.2500
1783084571.459477,8152,9212,3518,1961,151.4600,-1.0000
1783084571.475427,8208,9062,3537,1876,151.4600,-1.0000
1783084571.491747,8142,9268,3565,1904,151.4600,-1.0000
1783084571.507373,8086,9062,3537,1876,151.4600,1.0600
1783084571.523407,8133,9287,3593,1914,151.4600,1.0600
1783084571.539785,8067,9184,3574,1914,151.4600,1.0600
1783084571.555375,8124,9109,3546,1895,151.4600,-2.5000
1783084571.571406,8124,9109,3537,1951,151.4600,-2.5000
1783084571.587950,8142,9005,3593,1914,151.4600,-2.5000
1783084571.603488,8142,9174,3537,1923,154.1700,0.8800
1783084571.619649,8096,9146,3555,1904,154.1700,0.8800
1783084571.634945,8124,9174,3537,1923,154.1700,0.8800
1783084571.653040,8152,9240,3555,1923,154.1700,0.0600
1783084571.667231,8180,9174,3527,1904,154.1700,0.0600
1783084571.682812,8114,9249,3537,1914,154.1700,0.0600
1783084571.698413,8161,9109,3574,1886,154.1700,0.0600
1783084571.714476,8105,9127,3537,1932,156.8700,0.9400
1783084571.731362,8114,9202,3574,1961,156.8700,0.9400
1783084571.746483,8133,9212,3555,1951,156.8700,0.9400
1783084571.762757,8105,9287,3537,1932,154.1700,1.1200
1783084571.779024,8171,9109,3574,1942,154.1700,1.1200
1783084571.795199,8133,9212,3537,1961,154.1700,1.1200
1783084571.810770,8152,9071,3537,1951,156.8700,-1.8100
1783084571.827006,8086,9193,3565,1895,156.8700,-1.8100
1783084571.842824,8096,9202,3565,1961,156.8700,-1.8100
1783084571.858897,8124,9099,3565,1932,159.5800,3.1900
1783084571.875207,8058,9249,3555,1979,159.5800,3.1900
1783084571.890588,8049,9118,3574,1942,159.5800,3.1900
1783084571.906130,8105,9231,3518,1970,159.5800,-1.3700
1783084571.921959,8105,9174,3537,1970,159.5800,-1.3700
1783084571.938019,8105,9146,3574,1979,159.5800,-1.3700
1783084571.954058,8133,9156,3546,1979,162.2800,2.8100
1783084571.969976,8077,9231,3546,1970,162.2800,2.8100
1783084571.986105,8096,8996,3537,2017,162.2800,2.8100
1783084572.003955,8049,9127,3555,1979,167.6900,-2.4400
1783084572.017760,8086,9137,3527,2007,167.6900,-2.4400
1783084572.033838,8096,9202,3546,2054,167.6900,-2.4400
1783084572.051050,8067,9174,3555,1979,164.9900,4.4400
1783084572.066022,8114,9193,3602,2045,164.9900,4.4400
1783084572.083782,8049,9146,3602,2045,164.9900,4.4400
1783084572.098575,8049,9137,3593,2017,164.9900,-3.0000
1783084572.115979,7983,9137,3537,2054,164.9900,-3.0000
1783084572.134961,7983,9109,3668,2054,164.9900,-3.0000
1783084572.154463,7983,9137,3565,2054,167.6900,2.6300
1783084572.168849,8021,9165,3705,2111,167.6900,2.6300
1783084572.187049,8021,9146,3677,2054,167.6900,2.6300
1783084572.204707,8067,9034,3640,2036,167.6900,-1.1200
1783084572.218894,8086,8987,3658,2026,167.6900,-1.1200
1783084572.233865,8086,9156,3555,2073,167.6900,-1.1200
1783084572.250965,7955,9024,3593,2045,167.0500,1.8800
1783084572.267043,8030,9034,3658,2073,167.0500,1.8800
1783084572.282503,8030,9034,3612,2036,167.0500,1.8800
1783084572.297861,8067,9052,3687,2054,167.0500,1.8800
1783084572.315100,7983,9137,3565,2036,176.6300,-1.9400
1783084572.329879,8002,9146,3602,2101,176.6300,-1.9400
1783084572.345889,8039,9062,3565,2129,176.6300,-1.9400
1783084572.362329,8039,9221,3602,2054,173.1000,1.9400
1783084572.377855,8011,9118,3574,2083,173.1000,1.9400
1783084572.393831,8049,9034,3583,2007,173.1000,1.9400
1783084572.410202,8021,8959,3602,2083,173.1000,-1.0600
1783084572.425902,8021,9052,3546,2148,173.1000,-1.0600
1783084572.441892,8049,9118,3602,2101,173.1000,-1.0600
1783084572.459419,8021,9062,3574,2073,175.8000,0.1900
1783084572.473973,8002,8977,3602,2129,175.8000,0.1900
1783084572.489926,8002,9071,3565,2083,175.8000,0.1900
1783084572.506158,7992,8949,3583,2158,175.8000,-1.0600
1783084572.521929,7974,9165,3602,2139,175.8000,-1.0600
1783084572.537906,8002,9024,3574,2120,175.8000,-1.0600
1783084572.554376,8011,9127,3583,2101,175.8000,-0.5600
1783084572.570733,7992,9015,3612,2120,175.8000,-0.5600
1783084572.584857,7983,9043,3612,2101,175.8000,-0.5600
1783084572.601188,8011,9174,3555,2073,181.2100,0.5600
1783084572.616681,7974,8949,3555,2101,181.2100,0.5600
1783084572.632687,7992,9043,3602,2092,181.2100,0.5600
1783084572.648988,7945,8855,3574,2083,180.3100,-0.5000
1783084572.664770,7936,8884,3565,2073,180.3100,-0.5000
1783084572.680748,7983,8912,3593,2101,180.3100,-0.5000
1783084572.697295,8011,9062,3555,2083,187.6700,-0.0600
1783084572.712972,7974,8930,3555,2083,187.6700,-0.0600
1783084572.728954,7955,8874,3565,2073,187.6700,-0.0600
1783084572.745560,7945,8827,3583,2083,187.6700,-0.0600
1783084572.761039,7964,8855,3518,2083,175.0100,-1.1900
1783084572.776989,7945,8874,3555,2092,175.0100,-1.1900
1783084572.793591,7955,8818,3546,2092,175.0100,-1.1900
1783084572.808969,7983,8912,3565,2101,187.6700,-0.9400
1783084572.825089,7945,8743,3537,2064,187.6700,-0.9400
1783084572.841342,7927,8874,3574,2092,187.6700,-0.9400
1783084572.856971,7889,8752,3565,2111,177.6600,-0.6900
1783084572.872620,7880,8874,3574,2083,177.6600,-0.6900
1783084572.888053,7974,8790,3546,2129,177.6600,-0.6900
1783084572.904017,7936,8733,3602,2101,186.6200,0.6900
1783084572.920665,7936,8762,3555,2129,186.6200,0.6900
1783084572.936082,7964,8762,3574,2120,186.6200,0.6900
1783084572.953425,7927,8771,3546,2148,186.6200,-1.7500
1783084572.968626,7927,8771,3583,2167,186.6200,-1.7500
1783084572.984476,7936,8752,3537,2148,186.6200,-1.7500
1783084573.000147,7955,8743,3612,2158,190.4300,2.3100
1783084573.016292,7936,8687,3574,2167,190.4300,2.3100
1783084573.031924,7927,8715,3612,2120,190.4300,2.3100
1783084573.047915,7927,8762,3546,2176,190.4300,2.3100
1783084573.064362,7917,8733,3612,2120,194.7400,-0.6900
1783084573.079993,7927,8696,3593,2167,194.7400,-0.6900
1783084573.096268,7927,8930,3537,2139,194.7400,-0.6900
1783084573.112565,7908,8743,3574,2129,192.0300,1.6900
1783084573.128518,7870,8621,3574,2083,192.0300,1.6900
1783084573.144320,7880,8724,3583,2129,192.0300,1.6900
1783084573.159966,7889,8658,3630,2139,188.2700,-1.2500
1783084573.175671,7899,8696,3574,2129,188.2700,-1.2500
1783084573.191425,7908,8687,3593,2111,188.2700,-1.2500
1783084573.207819,7945,8696,3630,2176,195.9500,1.1900
1783084573.223337,7861,8677,3630,2111,195.9500,1.1900
1783084573.239448,7870,8668,3630,2176,195.9500,1.1900
1783084573.255684,7908,8724,3630,2120,201.5300,-0.8800
1783084573.270941,7899,8649,3583,2120,201.5300,-0.8800
1783084573.287018,7908,8959,3649,2167,201.5300,-0.8800
1783084573.304635,7899,8640,3621,2186,197.4400,0.0000
1783084573.319519,7842,8640,3621,2186,197.4400,0.0000
1783084573.335447,7852,8583,3574,2129,197.4400,0.0000
1783084573.352133,7908,8593,3593,2214,200.1500,-0.6900
1783084573.367205,7861,8621,3583,2158,200.1500,-0.6900
1783084573.383316,7870,8593,3593,2139,200.1500,-0.6900
1783084573.399941,7842,8593,3658,2204,202.8500,1.9400
1783084573.415187,7833,8583,3602,2148,202.8500,1.9400
1783084573.431205,7861,8574,3640,2242,202.8500,1.9400
1783084573.446518,7880,8583,3583,2167,202.8500,-0.2500
1783084573.462343,7842,8527,3621,2214,202.8500,-0.2500
1783084573.478664,7852,8536,3593,2261,202.8500,-0.2500
1783084573.494644,7861,8518,3621,2214,202.8500,-0.2500
1783084573.510400,7908,8527,3612,2251,205.5600,-0.2500
1783084573.526855,7880,8536,3602,2204,205.5600,-0.2500
1783084573.542966,7880,8555,3593,2233,205.5600,-0.2500
1783084573.558635,7833,8461,3574,2270,209.7500,-0.6300
1783084573.574891,7842,8546,3621,2214,209.7500,-0.6300
1783084573.590818,7842,8471,3602,2195,209.7500,-0.6300
1783084573.606024,7814,8527,3565,2270,205.5600,0.1200
1783084573.622569,7805,8490,3612,2204,205.5600,0.1200
1783084573.638778,7814,8499,3555,2270,205.5600,0.1200
1783084573.653927,7833,8490,3649,2233,204.1800,-1.2500
1783084573.670409,7814,8471,3565,2233,204.1800,-1.2500
1783084573.686060,7767,8490,3612,2204,204.1800,-1.2500
1783084573.703413,7805,8405,3574,2233,197.4400,-0.4400
1783084573.718374,7814,8452,3583,2223,197.4400,-0.4400
1783084573.734495,7805,8452,3602,2195,197.4400,-0.4400
1783084573.749547,7758,8471,3621,2251,210.9700,0.3700
1783084573.765739,7767,8415,3565,2186,210.9700,0.3700
1783084573.783675,7767,8452,3630,2176,210.9700,0.3700
1783084573.799527,7814,8471,3602,2242,210.9700,0.3700
1783084573.817278,7814,8452,3640,2195,209.7500,-1.3100
1783084573.833471,7805,8443,3649,2214,209.7500,-1.3100
1783084573.849395,7786,8443,3593,2195,198.8700,-1.9400
1783084573.865084,7758,8386,3630,2186,198.8700,-1.9400
1783084573.881398,7777,8471,3612,2242,198.8700,-1.9400
1783084573.897873,7786,8443,3612,2214,209.7500,0.6300
1783084573.913353,7739,8433,3630,2158,209.7500,0.6300
1783084573.929290,7767,8452,3630,2233,209.7500,0.6300
1783084573.945670,7786,8396,3640,2195,209.7500,0.6300
1783084573.960502,7795,8424,3649,2317,204.1800,0.4400
1783084573.976534,7748,8349,3687,2204,204.1800,0.4400
1783084573.993081,7730,8415,3649,2251,204.1800,0.4400
1783084574.008714,7777,8405,3658,2204,206.9900,-0.6900
1783084574.024645,7730,8405,3630,2233,206.9900,-0.6900
1783084574.040753,7702,8377,3687,2280,206.9900,-0.6900
1783084574.056621,7730,8396,3649,2204,201.5300,1.2500
1783084574.072570,7739,8377,3668,2242,201.5300,1.2500
1783084574.088772,7748,8349,3640,2270,201.5300,1.2500
1783084574.103698,7730,8349,3677,2242,208.2600,-0.3700
1783084574.119616,7748,8377,3649,2280,208.2600,-0.3700
1783084574.135665,7720,8339,3640,2270,208.2600,-0.3700
1783084574.152066,7720,8405,3649,2242,205.5600,1.8800
1783084574.167493,7730,8396,3612,2242,205.5600,1.8800
1783084574.183447,7730,8339,3668,2233,205.5600,1.8800
1783084574.199491,7720,8311,3649,2326,205.5600,-0.3100
1783084574.215633,7720,8330,3668,2251,205.5600,-0.3100
1783084574.231486,7711,8330,3640,2214,205.5600,-0.3100
1783084574.247424,7720,8330,3612,2214,205.5600,-0.3100
1783084574.262798,7711,8302,3677,2261,208.2600,0.3100
1783084574.278464,7711,8330,3621,2242,208.2600,0.3100
1783084574.294506,7683,8302,3593,2195,208.2600,0.3100
1783084574.310789,7683,8386,3668,2261,208.2600,0.0000
1783084574.326467,7655,8274,3640,2223,208.2600,0.0000
1783084574.342461,7655,8293,3630,2214,208.2600,0.0000
1783084574.358921,7673,8311,3696,2251,202.8500,0.0600
1783084574.374493,7683,8255,3612,2261,202.8500,0.0600
1783084574.390541,7673,8293,3668,2289,202.8500,0.0600
1783084574.406772,7664,8283,3630,2270,208.2600,-2.0000
1783084574.422529,7673,8339,3658,2233,208.2600,-2.0000
1783084574.438661,7645,8311,3640,2214,208.2600,-2.0000
1783084574.454641,7636,8283,3658,2261,208.2600,4.3800
1783084574.470512,7664,8339,3687,2251,208.2600,4.3800
1783084574.486510,7683,8302,3649,2233,208.2600,4.3800
1783084574.502657,7645,8293,3649,2242,205.5600,-1.5600
1783084574.518622,7673,8246,3668,2270,205.5600,-1.5600
1783084574.534550,7655,8246,3658,2195,205.5600,-1.5600
1783084574.549635,7617,8293,3640,2289,205.5600,-1.5600
1783084574.565559,7655,8246,3640,2317,205.5600,2.1300
1783084574.581546,7645,8283,3668,2242,205.5600,2.1300
1783084574.597554,7673,8283,3658,2233,205.5600,2.1300
1783084574.613567,7664,8218,3658,2214,205.5600,-1.2500
1783084574.629581,7645,8236,3649,2289,205.5600,-1.2500
1783084574.645568,7617,8274,3668,2289,205.5600,-1.2500
1783084574.661556,7636,8246,3687,2261,208.2600,2.1300
1783084574.677589,7655,8246,3668,2270,208.2600,2.1300
1783084574.693592,7598,8218,3649,2261,208.2600,2.1300
1783084574.709752,7655,8246,3677,2317,202.8500,-0.3100
1783084574.725736,7645,8264,3630,2280,202.8500,-0.3100
1783084574.741614,7580,8246,3649,2289,202.8500,-0.3100
1783084574.757540,7589,8255,3677,2317,210.9700,1.8800
1783084574.773593,7617,8189,3640,2317,210.9700,1.8800
1783084574.789640,7598,8208,3668,2308,210.9700,1.8800
1783084574.805584,7608,8227,3630,2261,202.8500,-1.6900
1783084574.821641,7580,8208,3734,2355,202.8500,-1.6900
1783084574.837717,7533,8199,3696,2298,202.8500,-1.6900
1783084574.853053,7561,8218,3649,2289,208.2600,0.6900
1783084574.869150,7580,8199,3649,2364,208.2600,0.6900
1783084574.884569,7570,8218,3658,2289,208.2600,0.6900
1783084574.900643,7542,8142,3668,2383,205.5600,-0.5000
1783084574.916931,7617,8161,3724,2317,205.5600,-0.5000
1783084574.932631,7561,8189,3630,2308,205.5600,-0.5000
1783084574.948594,7580,8152,3658,2401,202.8500,0.1200
1783084574.964812,7570,8180,3668,2345,202.8500,0.1200
1783084574.980621,7542,8199,3687,2317,202.8500,0.1200
1783084574.996921,7570,8086,3677,2401,202.8500,0.1200
1783084575.013028,7570,8142,3640,2308,202.8500,-0.3100
1783084575.028890,7514,8180,3668,2364,202.8500,-0.3100
1783084575.044828,7533,8142,3658,2280,202.8500,-0.3100
1783084575.060998,7514,8077,3705,2401,205.5600,1.3100
1783084575.076675,7542,8124,3687,2317,205.5600,1.3100
1783084575.092753,7551,8161,3677,2326,205.5600,1.3100
1783084575.108858,7505,8161,3715,2401,202.8500,2.2500
1783084575.124887,7533,8030,3715,2317,202.8500,2.2500
1783084575.139810,7533,8114,3687,2345,202.8500,2.2500
1783084575.157833,7523,8199,3715,2345,201.5300,0.6300
1783084575.173711,7523,8152,3687,2373,201.5300,0.6300
1783084575.189956,7533,8077,3715,2392,201.5300,0.6300
1783084575.205686,7505,8096,3762,2345,206.9900,1.1200
1783084575.221827,7505,8105,3724,2345,206.9900,1.1200
1783084575.237683,7514,8133,3724,2430,206.9900,1.1200
1783084575.253636,7514,8030,3743,2401,201.5300,-0.8100
1783084575.269811,7467,8096,3696,2364,201.5300,-0.8100
1783084575.285803,7505,8152,3696,2336,201.5300,-0.8100
1783084575.302830,7467,8011,3743,2383,209.7500,0.7500
1783084575.317817,7467,8105,3705,2373,209.7500,0.7500
1783084575.333831,7476,8114,3705,2317,209.7500,0.7500
1783084575.349780,7514,8011,3715,2439,200.1500,-2.6900
1783084575.365844,7486,8171,3715,2401,200.1500,-2.6900
1783084575.381840,7514,8105,3696,2373,200.1500,-2.6900
1783084575.396999,7448,8039,3724,2345,202.8500,1.4400
1783084575.412819,7476,8049,3771,2355,202.8500,1.4400
1783084575.428914,7514,8171,3724,2411,202.8500,1.4400
1783084575.445006,7439,8105,3696,2345,202.8500,1.4400
1783084575.460815,7495,8030,3752,2345,205.5600,-1.7500
1783084575.476821,7430,8058,3724,2364,205.5600,-1.7500
1783084575.493135,7467,8077,3734,2326,205.5600,-1.7500
1783084575.508828,7458,8555,3724,2317,202.8500,2.3800
1783084575.524818,7430,8067,3743,2336,202.8500,2.3800
1783084575.542848,7430,8077,3762,2411,202.8500,2.3800
1783084575.558986,7458,7992,3780,2411,198.8700,-2.0600
1783084575.574883,7430,8049,3743,2355,198.8700,-2.0600
1783084575.590903,7476,8490,3771,2373,198.8700,-2.0600
1783084575.607169,7430,8461,3734,2411,206.9900,0.8100
1783084575.622972,7420,8105,3724,2364,206.9900,0.8100
1783084575.638979,7411,8114,3752,2420,206.9900,0.8100
1783084575.653936,7401,8096,3724,2364,205.5600,-0.4400
1783084575.669854,7401,8058,3752,2373,205.5600,-0.4400
1783084575.685819,7448,8152,3715,2383,205.5600,-0.4400
1783084575.702551,7411,8142,3743,2392,200.1500,0.3100
1783084575.717910,7430,8030,3780,2383,200.1500,0.3100
1783084575.734098,7401,8114,3771,2401,200.1500,0.3100
1783084575.749927,7411,8142,3743,2392,200.1500,0.3100
1783084575.765872,7430,8124,3715,2439,205.5600,-1.7500
1783084575.781867,7373,8452,3780,2392,205.5600,-1.7500
1783084575.797881,7411,8208,3715,2383,205.5600,-1.7500
1783084575.813879,7373,8114,3715,2401,205.5600,0.1900
1783084575.829940,7364,8105,3752,2401,205.5600,0.1900
1783084575.846013,7401,8077,3696,2392,205.5600,0.1900
1783084575.862034,7354,8058,3752,2345,201.5300,-1.1900
1783084575.877939,7430,8171,3762,2448,201.5300,-1.1900
1783084575.894431,7364,8124,3724,2411,201.5300,-1.1900
1783084575.910050,7392,8096,3715,2439,201.4700,-0.1900
1783084575.926036,7345,8189,3762,2420,201.4700,-0.1900
1783084575.941350,7364,8405,3705,2430,201.4700,-0.1900
1783084575.957308,7392,8067,3734,2439,198.8700,0.1200
1783084575.973095,7345,8039,3780,2392,198.8700,0.1200
1783084575.988935,7354,8058,3771,2458,198.8700,0.1200
1783084576.005033,7308,8067,3734,2458,202.8500,-0.5000
1783084576.021158,7364,8096,3687,2430,202.8500,-0.5000
1783084576.036946,7298,8067,3734,2420,202.8500,-0.5000
1783084576.053199,7383,8067,3705,2364,206.9900,-0.1900
1783084576.069172,7317,8077,3724,2448,206.9900,-0.1900
1783084576.087208,7354,8039,3771,2448,206.9900,-0.1900
1783084576.103309,7364,8039,3780,2448,200.1500,-1.1900
1783084576.119225,7336,8021,3771,2477,200.1500,-1.1900
1783084576.136363,7326,7974,3734,2477,200.1500,-1.1900
1783084576.153238,7317,8049,3780,2392,201.5300,1.5600
1783084576.168041,7317,8067,3705,2420,201.5300,1.5600
1783084576.186032,7364,8114,3705,2420,201.5300,1.5600
1783084576.203027,7279,8058,3790,2439,197.4400,0.4400
1783084576.218540,7298,8067,3734,2439,197.4400,0.4400
1783084576.234040,7317,8030,3724,2420,197.4400,0.4400
1783084576.250124,7242,8039,3752,2458,205.5600,2.0000
1783084576.266536,7336,8086,3743,2477,205.5600,2.0000
1783084576.284198,7289,8077,3790,2477,205.5600,2.0000
1783084576.300251,7317,8049,3752,2467,197.4400,1.5000
1783084576.316421,7270,8021,3743,2467,197.4400,1.5000
1783084576.332351,7279,8049,3743,2467,197.4400,1.5000
1783084576.348340,7279,8086,3752,2439,197.4400,1.5000
1783084576.365077,7251,8142,3771,2486,208.2600,4.5000
1783084576.380290,7289,8030,3762,2467,208.2600,4.5000
1783084576.396083,7270,8105,3752,2458,208.2600,4.5000
1783084576.412081,7289,8114,3724,2458,202.8500,-2.6900
1783084576.428287,7298,8293,3752,2477,202.8500,-2.6900
1783084576.445110,7298,8311,3771,2486,202.8500,-2.6900
1783084576.461121,7270,8311,3734,2467,205.5600,2.7500
1783084576.477486,7251,8039,3771,2514,205.5600,2.7500
1783084576.493326,7233,8096,3780,2514,205.5600,2.7500
1783084576.509125,7204,8049,3762,2495,202.8500,-1.0600
1783084576.525384,7176,8011,3752,2477,202.8500,-1.0600
1783084576.541118,7233,8049,3790,2458,202.8500,-1.0600
1783084576.557180,7223,8339,3818,2448,202.8500,-0.1200
1783084576.574148,7223,8339,3790,2486,202.8500,-0.1200
1783084576.591340,7233,8077,3780,2505,202.8500,-0.1200
1783084576.606150,7233,8077,3762,2533,202.8500,-0.1200
1783084576.621305,7195,8049,3743,2477,202.8500,-0.1200
1783084576.637187,7261,8077,3762,2486,202.8500,-0.1200
1783084576.653146,7223,7983,3752,2467,209.7500,0.3100
1783084576.669715,7261,8433,3818,2514,209.7500,0.3100
1783084576.685534,7251,7955,3780,2495,209.7500,0.3100
1783084576.701651,7223,8049,3762,2477,201.5300,-2.0600
1783084576.717572,7195,8358,3771,2477,201.5300,-2.0600
1783084576.733487,7204,8264,3780,2467,201.5300,-2.0600
1783084576.749464,7195,8039,3762,2495,201.5300,-2.0600
1783084576.765483,7186,8030,3762,2514,210.9700,1.2500
1783084576.780290,7167,8030,3799,2486,210.9700,1.2500
1783084576.797236,7214,8471,3799,2467,210.9700,1.2500
1783084576.813398,7176,8255,3799,2505,208.2600,-1.8100
1783084576.829380,7204,8067,3780,2477,208.2600,-1.8100
1783084576.845301,7195,8096,3771,2505,208.2600,-1.8100
1783084576.861582,7195,7974,3780,2514,208.2600,1.5000
1783084576.877318,7148,7964,3771,2570,208.2600,1.5000
1783084576.892348,7195,8049,3809,2608,208.2600,1.5000
1783084576.908466,7148,7974,3790,2580,200.1500,-2.9400
1783084576.924315,7186,8067,3809,2542,200.1500,-2.9400
1783084576.940430,7139,8030,3790,2542,200.1500,-2.9400
1783084576.956481,7204,8049,3780,2561,200.1500,-0.6900
1783084576.972377,7120,8049,3799,2533,200.1500,-0.6900
1783084576.988378,7167,7927,3827,2514,200.1500,-0.6900
1783084577.004453,7167,8030,3837,2570,209.7500,0.0600
1783084577.020373,7157,8002,3799,2533,209.7500,0.0600
1783084577.036427,7120,7927,3799,2542,209.7500,0.0600
1783084577.053519,7120,8039,3809,2552,198.8700,-1.1900
1783084577.068430,7157,8002,3827,2561,198.8700,-1.1900
1783084577.084406,7148,8386,3799,2533,198.8700,-1.1900
1783084577.102716,7120,8386,3809,2598,206.9900,1.0600
1783084577.118797,7139,8011,3827,2570,206.9900,1.0600
1783084577.134570,7120,8274,3818,2570,206.9900,1.0600
1783084577.149968,7101,8218,3790,2617,198.8700,0.0600
1783084577.165379,7167,8077,3799,2542,198.8700,0.0600
1783084577.181468,7120,7870,3790,2561,198.8700,0.0600
1783084577.197479,7120,7983,3790,2589,209.7500,0.8100
1783084577.213448,7111,7983,3799,2589,209.7500,0.8100
1783084577.231425,7045,7899,3799,2552,209.7500,0.8100
1783084577.247575,7129,8096,3780,2589,209.7500,0.8100
1783084577.263484,7054,7945,3799,2542,201.5300,0.1200
1783084577.279475,7101,7974,3799,2552,201.5300,0.1200
1783084577.295486,7111,7861,3799,2533,201.5300,0.1200
1783084577.311472,7101,7917,3780,2598,202.8500,0.4400
1783084577.327511,7092,8152,3790,2598,202.8500,0.4400
1783084577.343502,7111,8208,3809,2552,202.8500,0.4400
1783084577.359494,7045,7842,3790,2552,205.5600,-0.5600
1783084577.375528,7054,7974,3827,2589,205.5600,-0.5600
1783084577.390649,7092,8049,3799,2636,205.5600,-0.5600
1783084577.406789,7092,8161,3809,2636,205.5600,-0.5000
1783084577.422570,7064,7992,3818,2589,205.5600,-0.5000
1783084577.438637,7073,8049,3809,2580,205.5600,-0.5000
1783084577.454747,7064,7899,3809,2589,202.8500,-0.7500
1783084577.470614,7045,7824,3846,2608,202.8500,-0.7500
1783084577.486573,7036,7880,3837,2589,202.8500,-0.7500
1783084577.503662,7092,7955,3827,2608,205.5600,1.3700
1783084577.518591,7092,7880,3818,2636,205.5600,1.3700
1783084577.534583,7073,7964,3846,2664,205.5600,1.3700
1783084577.550828,7007,8021,3837,2692,202.8500,0.6900
1783084577.565560,7007,7964,3837,2683,202.8500,0.6900
1783084577.582654,6998,8030,3837,2645,202.8500,0.6900
1783084577.598854,7026,7945,3865,2608,206.9900,-0.4400
1783084577.614768,7007,8030,3837,2655,206.9900,-0.4400
1783084577.630702,7073,8021,3837,2683,206.9900,-0.4400
1783084577.646849,7036,7899,3837,2627,206.9900,-0.4400
1783084577.662676,7064,7983,3884,2617,201.5300,-1.0000
1783084577.677917,7054,7936,3893,2645,201.5300,-1.0000
1783084577.693658,7007,7870,3818,2636,201.5300,-1.0000
1783084577.709614,7045,7908,3902,2627,209.7500,0.8100
1783084577.725657,7017,7992,3855,2655,209.7500,0.8100
1783084577.742464,7026,7880,3855,2655,209.7500,0.8100
1783084577.757915,7036,8058,3874,2730,206.8300,-1.8800
1783084577.773957,7017,7974,3874,2664,206.8300,-1.8800
1783084577.789944,7054,7964,3893,2692,206.8300,-1.8800
1783084577.805866,7007,7992,3846,2683,200.1500,0.1900
1783084577.821880,7007,7955,3855,2692,200.1500,0.1900
1783084577.837918,7026,8021,3865,2702,200.1500,0.1900
1783084577.853777,7026,7927,3837,2645,205.5600,-0.5000
1783084577.871066,6914,7927,3837,2702,205.5600,-0.5000
1783084577.887197,6998,7927,3865,2730,205.5600,-0.5000
1783084577.903616,6970,7917,3865,2674,205.5600,-0.8800
1783084577.919751,6979,7870,3893,2720,205.5600,-0.8800
1783084577.936171,7026,7899,3902,2711,205.5600,-0.8800
1783084577.952964,6932,7786,3874,2711,210.9700,-1.6300
1783084577.968021,6998,7936,3874,2711,210.9700,-1.6300
1783084577.984791,6932,7880,3874,2786,210.9700,-1.6300
1783084578.001151,6942,7842,3865,2786,205.5600,1.0000
1783084578.016987,6951,7889,3921,2730,205.5600,1.0000
1783084578.032137,6998,7945,3921,2758,205.5600,1.0000
1783084578.049104,6942,7795,3865,2749,205.5600,-1.4400
1783084578.064789,6914,7842,3893,2720,205.5600,-1.4400
1783084578.080834,6904,7805,3893,2702,205.5600,-1.4400
1783084578.097245,6923,7786,3884,2739,206.9900,0.5000
1783084578.112808,6951,7805,3865,2749,206.9900,0.5000
1783084578.128866,6942,7814,3912,2767,206.9900,0.5000
1783084578.145792,6932,7786,3912,2767,206.9900,0.5000
1783084578.161828,6970,7842,3921,2720,204.1800,0.0600
1783084578.177954,6942,7899,3893,2720,204.1800,0.0600
1783084578.193964,6932,7899,3931,2739,204.1800,0.0600
1783084578.209785,6904,7805,3921,2739,208.2600,0.2500
1783084578.225770,6904,7730,3912,2730,208.2600,0.2500
1783084578.241767,6904,7748,3912,2720,208.2600,0.2500
1783084578.257804,6942,7767,3912,2683,200.1500,0.1900
1783084578.273880,6914,7805,3921,2683,200.1500,0.1900
1783084578.289953,6932,7739,3931,2767,200.1500,0.1900
1783084578.305709,6914,7748,3931,2720,209.7500,0.6300
1783084578.321793,6904,7824,3931,2711,209.7500,0.6300
1783084578.337816,6895,7824,3931,2767,209.7500,0.6300
1783084578.353745,6885,7805,3949,2749,201.5300,1.3700
1783084578.369856,6923,7777,3931,2805,201.5300,1.3700
1783084578.385867,6885,7824,3949,2749,201.5300,1.3700
1783084578.402807,6904,7767,3959,2739,205.5600,0.9400
1783084578.417869,6923,7805,3940,2739,205.5600,0.9400
1783084578.433908,6885,7758,3921,2739,205.5600,0.9400
1783084578.448969,6914,7739,3977,2777,205.5600,0.9400
1783084578.465049,6904,7814,3940,2758,200.1500,0.2500
1783084578.481162,6876,7702,3968,2749,200.1500,0.2500
1783084578.497211,6867,7739,3931,2805,200.1500,0.2500
1783084578.512871,6876,7720,3940,2786,202.8500,2.0000
1783084578.529117,6857,7702,3968,2777,202.8500,2.0000
1783084578.545179,6885,7711,4006,2805,202.8500,2.0000
1783084578.560964,6885,7758,3949,2805,202.8500,0.6900
1783084578.577125,6848,7702,3977,2852,202.8500,0.6900
1783084578.592943,6857,7767,3949,2777,202.8500,0.6900
1783084578.608961,6876,7739,4015,2786,200.1500,1.2500
1783084578.625881,6895,7758,3996,2814,200.1500,1.2500
1783084578.640986,6839,7758,3987,2777,200.1500,1.2500
1783084578.656920,6867,7711,4006,2805,202.8500,-0.4400
1783084578.673153,6848,7748,3949,2767,202.8500,-0.4400
1783084578.688965,6829,7692,4006,2758,202.8500,-0.4400
1783084578.704970,6829,7692,4006,2786,202.8500,1.2500
1783084578.721145,6820,7655,3996,2824,202.8500,1.2500
1783084578.736059,6810,7692,4006,2824,202.8500,1.2500
1783084578.752762,6857,7636,3996,2786,202.8500,0.5600
1783084578.768008,6848,7636,4024,2805,202.8500,0.5600
1783084578.783958,6876,7645,4015,2852,202.8500,0.5600
1783084578.799996,6829,7627,4024,2842,202.8500,0.5600
1783084578.815963,6801,7673,3987,2880,209.7500,0.2500
1783084578.832180,6801,7645,4006,2833,209.7500,0.2500
1783084578.847987,6867,7655,3987,2824,209.7500,0.2500
1783084578.864051,6867,7664,4024,2824,201.5300,1.1900
1783084578.880742,6810,7636,4024,2795,201.5300,1.1900
1783084578.895983,6801,7683,4015,2795,201.5300,1.1900
1783084578.912012,6782,7608,4024,2824,205.5600,-0.7500
1783084578.928218,6810,7598,4052,2814,205.5600,-0.7500
1783084578.944198,6763,7580,4052,2852,205.5600,-0.7500
1783084578.960004,6782,7636,4043,2842,208.2600,-0.8100
1783084578.976207,6782,7617,3968,2852,208.2600,-0.8100
1783084578.992275,6763,7617,4015,2852,208.2600,-0.8100
1783084579.008298,6810,7636,4062,2842,202.8500,0.3100
1783084579.024358,6763,7598,4062,2833,202.8500,0.3100
1783084579.039259,6773,7617,3987,2814,202.8500,0.3100
1783084579.055087,6792,7617,3996,2824,200.1500,0.5000
1783084579.071104,6754,7655,4052,2842,200.1500,0.5000
1783084579.087084,6782,7636,4081,2870,200.1500,0.5000
1783084579.105312,6745,7608,4034,2833,202.8500,-0.4400
1783084579.120856,6745,7589,3987,2861,202.8500,-0.4400
1783084579.136390,6773,7570,4006,2842,202.8500,-0.4400
1783084579.153776,6735,7598,3996,2870,205.5600,0.0000
1783084579.168748,6754,7542,3987,2842,205.5600,0.0000
1783084579.184405,6707,7598,4052,2870,205.5600,0.0000
1783084579.199912,6735,7598,4081,2852,202.8500,-1.0000
1783084579.216179,6707,7580,4043,2870,202.8500,-1.0000
1783084579.231903,6735,7542,4015,2870,202.8500,-1.0000
1783084579.247938,6773,7533,4024,2899,202.8500,-1.0000
1783084579.264149,6707,7523,4043,2899,205.5600,2.0600
1783084579.280305,6726,7523,4071,2870,205.5600,2.0600
1783084579.296074,6698,7551,4081,2880,205.5600,2.0600
1783084579.312674,6717,7523,4043,2908,200.1500,0.5600
1783084579.327120,6726,7580,4043,2861,200.1500,0.5600
1783084579.343402,6745,7570,4024,2899,200.1500,0.5600
1783084579.359140,6698,7533,4034,2870,202.8500,2.1900
1783084579.375198,6717,7514,4081,2917,202.8500,2.1900
1783084579.391592,6735,7505,4081,2936,202.8500,2.1900
1783084579.406877,6754,7542,4099,2908,202.8500,-0.3700
1783084579.422938,6707,7533,4081,2936,202.8500,-0.3700
1783084579.439402,6707,7523,4109,2889,202.8500,-0.3700
1783084579.455008,6707,7458,4062,2889,201.5300,-0.7500
1783084579.470936,6698,7505,4090,2880,201.5300,-0.7500
1783084579.487173,6698,7476,4128,2908,201.5300,-0.7500
1783084579.505412,6651,7505,4099,2917,204.2300,-0.7500
1783084579.519229,6679,7505,4071,2908,204.2300,-0.7500
1783084579.536004,6670,7392,4090,2927,204.2300,-0.7500
1783084579.551200,6670,7495,4109,2964,204.2300,-0.7500
1783084579.567202,6670,7505,4062,2908,198.8700,0.1200
1783084579.583759,6688,7505,4109,2889,198.8700,0.1200
1783084579.599378,6707,7439,4081,2908,198.8700,0.1200
1783084579.615327,6632,7439,4071,2927,206.9900,1.5600
1783084579.631196,6642,7420,4156,2955,206.9900,1.5600
1783084579.646150,6660,7458,4137,2927,206.9900,1.5600
1783084579.662276,6660,7467,4184,2927,202.8500,-0.2500
1783084579.678586,6632,7448,4128,2946,202.8500,-0.2500
1783084579.694226,6632,7514,4146,2936,202.8500,-0.2500
1783084579.710279,6660,7458,4165,2964,202.8500,0.9400
1783084579.726547,6679,7439,4184,2964,202.8500,0.9400
1783084579.742223,6604,7439,4137,2955,202.8500,0.9400
1783084579.758364,6632,7392,4146,2974,205.5600,-1.0000
1783084579.774556,6613,7420,4193,2964,205.5600,-1.0000
1783084579.790564,6632,7411,4146,2964,205.5600,-1.0000
1783084579.806246,6623,7467,4156,3002,202.8500,-0.2500
1783084579.822784,6595,7411,4174,2974,202.8500,-0.2500
1783084579.838272,6632,7401,4174,3002,202.8500,-0.2500
1783084579.854790,6604,7401,4174,3002,205.5600,-1.6900
1783084579.869274,6576,7373,4174,3011,205.5600,-1.6900
1783084579.886265,6670,7392,4165,3011,205.5600,-1.6900
1783084579.903695,6613,7373,4165,3011,202.8500,-0.4400
1783084579.917258,6585,7383,4118,2964,202.8500,-0.4400
1783084579.933252,6595,7392,4174,2983,202.8500,-0.4400
1783084579.949624,6604,7392,4118,3011,204.1800,0.7500
1783084579.967093,6595,7411,4212,2974,204.1800,0.7500
1783084579.981264,6585,7401,4231,3021,204.1800,0.7500
1783084579.997962,6604,7364,4146,2983,204.1800,0.7500
1783084580.013001,6566,7373,4165,2946,209.7500,-0.6300
1783084580.029387,6595,7373,4193,2992,209.7500,-0.6300
1783084580.046781,6623,7420,4174,3011,209.7500,-0.6300
1783084580.061298,6576,7392,4156,2992,205.5600,-1.5000
1783084580.077115,6566,7392,4184,2964,205.5600,-1.5000
1783084580.093306,6520,7392,4156,3011,205.5600,-1.5000
1783084580.109074,6548,7383,4174,3011,202.8500,-0.4400
1783084580.124289,6585,7383,4212,3021,202.8500,-0.4400
1783084580.142728,6576,7354,4278,2992,202.8500,-0.4400
1783084580.157133,6576,7392,4240,2974,201.5300,-1.2500
1783084580.173058,6566,7383,4184,3011,201.5300,-1.2500
1783084580.189581,6604,7345,4287,3002,201.5300,-1.2500
1783084580.205386,6613,7345,4193,2992,209.7500,-0.3700
1783084580.220501,6557,7326,4231,2992,209.7500,-0.3700
1783084580.236708,6585,7336,4240,3002,209.7500,-0.3700
1783084580.253717,6557,7317,4259,3011,205.5600,0.5600
1783084580.268426,6538,7336,4240,3011,205.5600,0.5600
1783084580.284703,6548,7261,4259,3039,205.5600,0.5600
1783084580.300622,6538,7326,4296,3002,205.5600,0.5600
1783084580.316338,6473,7308,4278,3077,206.8300,0.1200
1783084580.332698,6510,7317,4259,3058,206.8300,0.1200
1783084580.348168,6566,7317,4240,3039,206.8300,0.1200
1783084580.364241,6510,7317,4315,3077,202.8500,-0.8100
1783084580.380473,6510,7364,4249,3039,202.8500,-0.8100
1783084580.396180,6520,7317,4287,3039,202.8500,-0.8100
1783084580.412544,6529,7261,4249,3086,212.5100,-2.5600
1783084580.428742,6491,7279,4249,3086,212.5100,-2.5600
1783084580.444404,6491,7261,4287,3114,212.5100,-2.5600
1783084580.460504,6520,7261,4203,3058,208.2600,4.0600
1783084580.476941,6473,7251,4231,3039,208.2600,4.0600
1783084580.492550,6482,7270,4240,3058,208.2600,4.0600
1783084580.507542,6482,7233,4240,3058,202.8500,-1.9400
1783084580.523936,6520,7279,4306,3049,202.8500,-1.9400
1783084580.539272,6482,7223,4259,3039,202.8500,-1.9400
1783084580.555459,6473,7279,4212,3058,193.5700,3.2500
1783084580.573462,6463,7251,4249,3058,193.5700,3.2500
1783084580.589247,6482,7242,4240,3114,193.5700,3.2500
1783084580.607778,6454,7242,4287,3114,206.9900,-1.3700
1783084580.623869,6501,7289,4268,3114,206.9900,-1.3700
1783084580.640055,6426,7242,4296,3086,206.9900,-1.3700
1783084580.655857,6445,7223,4259,3133,202.8500,3.5000
1783084580.671534,6445,7251,4287,3039,202.8500,3.5000
1783084580.687703,6482,7186,4231,3105,202.8500,3.5000
1783084580.704629,6445,7242,4249,3105,202.8500,-2.1900
1783084580.720191,6482,7214,4249,3077,202.8500,-2.1900
1783084580.736264,6426,7204,4325,3067,202.8500,-2.1900
1783084580.753236,6426,7195,4315,3067,201.5300,0.3700
1783084580.768225,6445,7204,4287,3143,201.5300,0.3700
1783084580.784285,6473,7204,4240,3114,201.5300,0.3700
1783084580.800518,6398,7204,4259,3077,209.7500,-0.6300
1783084580.818971,6426,7139,4259,3077,209.7500,-0.6300
1783084580.834542,6445,7148,4268,3086,209.7500,-0.6300
1783084580.853902,6351,7204,4306,3086,205.5600,0.0000
1783084580.868501,6426,7195,4240,3086,205.5600,0.0000
1783084580.884806,6426,7120,4334,3124,205.5600,0.0000
1783084580.900629,6370,7157,4334,3161,205.5600,0.0000
1783084580.915560,6398,7167,4315,3124,205.5600,-0.1900
1783084580.931322,6426,7167,4390,3152,205.5600,-0.1900
1783084580.947770,6407,7214,4287,3114,205.5600,-0.1900
1783084580.963662,6416,7214,4353,3143,198.8700,-0.6300
1783084580.979466,6388,7186,4353,3189,198.8700,-0.6300
1783084580.995271,6407,7148,4362,3124,198.8700,-0.6300
1783084581.011700,6360,7157,4325,3143,205.5600,-0.2500
1783084581.027781,6360,7129,4371,3143,205.5600,-0.2500
1783084581.043605,6332,7129,4353,3114,205.5600,-0.2500
1783084581.060035,6351,7092,4371,3161,205.5600,-1.1900
1783084581.076190,6379,7073,4381,3143,205.5600,-1.1900
1783084581.093166,6360,7101,4353,3143,205.5600,-1.1900
1783084581.109650,6313,7101,4362,3161,206.9900,-3.6300
1783084581.125733,6313,7129,4325,3152,206.9900,-3.6300
1783084581.142021,6370,7129,4371,3199,206.9900,-3.6300
1783084581.157586,6379,7120,4371,3189,198.8700,0.6300
1783084581.172879,6323,7092,4371,3208,198.8700,0.6300
1783084581.188611,6388,7120,4418,3114,198.8700,0.6300
1783084581.204682,6323,7036,4446,3199,209.7500,0.3100
1783084581.220973,6332,7092,4362,3180,209.7500,0.3100
1783084581.236623,6304,7101,4418,3199,209.7500,0.3100
1783084581.253993,6351,7082,4390,3236,198.8700,0.7500
1783084581.268989,6351,7129,4400,3208,198.8700,0.7500
1783084581.284656,6304,7148,4400,3189,198.8700,0.7500
1783084581.300618,6332,7167,4371,3218,209.7500,0.8800
1783084581.316625,6332,7139,4390,3264,209.7500,0.8800
1783084581.332417,6266,7139,4390,3208,209.7500,0.8800
1783084581.348535,6285,7120,4381,3218,209.7500,0.8800
1783084581.364686,6313,7064,4353,3255,198.8700,-1.2500
1783084581.380403,6257,7092,4353,3311,198.8700,-1.2500
1783084581.396372,6313,7082,4390,3283,198.8700,-1.2500
1783084581.412989,6276,7101,4400,3283,202.8500,1.1200
1783084581.428686,6285,7111,4381,3321,202.8500,1.1200
1783084581.444703,6266,7073,4390,3274,202.8500,1.1200
1783084581.459904,6323,7054,4371,3321,202.8500,0.0600
1783084581.476051,6266,7073,4400,3283,202.8500,0.0600
1783084581.491865,6294,7082,4381,3293,202.8500,0.0600
1783084581.507839,6266,7073,4343,3274,205.5600,1.2500
1783084581.523539,6210,7082,4381,3236,205.5600,1.2500
1783084581.539558,6257,7064,4343,3302,205.5600,1.2500
1783084581.555396,6285,7082,4381,3321,209.7500,-0.3100
1783084581.573675,6276,7073,4390,3321,209.7500,-0.3100
1783084581.589463,6351,7045,4343,3264,209.7500,-0.3100
1783084581.605509,6248,7082,4325,3283,198.8700,1.4400
1783084581.620450,6238,7082,4418,3321,198.8700,1.4400
1783084581.638533,6257,7036,4400,3321,198.8700,1.4400
1783084581.655486,6210,7064,4409,3283,205.5600,0.2500
1783084581.671777,6210,7064,4381,3302,205.5600,0.2500
1783084581.686552,6238,7073,4400,3293,205.5600,0.2500
1783084581.704418,6219,7054,4418,3358,204.2300,0.6900
1783084581.719436,6229,7082,4334,3330,204.2300,0.6900
1783084581.735292,6248,7036,4334,3349,204.2300,0.6900
1783084581.751292,6210,7082,4409,3321,204.1800,-1.0600
1783084581.769133,6285,7092,4409,3321,204.1800,-1.0600
1783084581.785325,6238,7092,4334,3424,204.1800,-1.0600
1783084581.800760,6257,7017,4343,3415,204.1800,-1.0600
1783084581.816497,6210,7036,4409,3452,202.8500,0.1200
1783084581.832849,6173,7036,4390,3480,202.8500,0.1200
1783084581.848735,6210,7036,4428,3452,202.8500,0.1200
1783084581.864650,6201,6998,4381,3386,205.5600,-1.5600
1783084581.880947,6238,6998,4390,3358,205.5600,-1.5600
1783084581.896527,6182,6979,4428,3358,205.5600,-1.5600
1783084581.912768,6163,7026,4456,3452,205.5600,0.0600
1783084581.929361,6173,7017,4409,3415,205.5600,0.0600
1783084581.944727,6210,7017,4390,3415,205.5600,0.0600
1783084581.960444,6219,6998,4371,3452,205.5600,-0.5000
1783084581.976053,6144,7017,4437,3358,205.5600,-0.5000
1783084581.991921,6163,7017,4484,3424,205.5600,-0.5000
1783084582.007750,6173,6998,4353,3386,205.5600,0.3100
1783084582.024139,6154,7007,4437,3405,205.5600,0.3100
1783084582.039759,6201,6932,4465,3471,205.5600,0.3100
1783084582.057988,6144,7007,4446,3471,212.5100,0.8800
1783084582.074098,6210,6979,4428,3396,212.5100,0.8800
1783084582.090488,6107,7017,4446,3433,212.5100,0.8800
1783084582.105733,6126,6979,4437,3452,196.2200,0.2500
1783084582.121718,6116,7026,4512,3424,196.2200,0.2500
1783084582.138009,6116,7017,4437,3405,196.2200,0.2500
1783084582.155223,6144,7007,4512,3443,202.8500,-0.8800
1783084582.169858,6144,6970,4446,3433,202.8500,-0.8800
1783084582.186994,6116,6989,4512,3396,202.8500,-0.8800
1783084582.204457,6154,6951,4531,3396,205.5600,1.1900
1783084582.219066,6135,6951,4540,3452,205.5600,1.1900
1783084582.235397,6154,6970,4475,3499,205.5600,1.1900
1783084582.250856,6126,6960,4446,3471,205.5600,1.1900
1783084582.267414,6097,6970,4503,3461,205.5600,-3.1900
1783084582.283528,6097,6932,4484,3405,205.5600,-3.1900
1783084582.299030,6126,6904,4531,3490,205.5600,-3.1900
1783084582.314662,6116,6942,4522,3508,209.7500,2.0600
1783084582.332695,6135,6970,4512,3508,209.7500,2.0600
1783084582.349141,6116,6923,4503,3546,201.5300,-0.1200
1783084582.364640,6135,6885,4512,3537,201.5300,-0.1200
1783084582.380599,6097,6932,4540,3490,201.5300,-0.1200
1783084582.397721,6107,6960,4503,3602,201.5300,-0.1200
1783084582.413066,6079,6951,4465,3574,202.8500,2.1900
1783084582.428918,6144,6914,4540,3499,202.8500,2.1900
1783084582.444387,6069,6923,4456,3630,202.8500,2.1900
1783084582.459898,6088,6942,4503,3658,205.5600,0.0600
1783084582.476511,6107,6904,4512,3565,205.5600,0.0600
1783084582.493413,6079,6998,4531,3593,205.5600,0.0600
1783084582.507888,6069,6932,4503,3546,202.8500,-0.3700
1783084582.523616,6088,6932,4550,3565,202.8500,-0.3700
1783084582.539874,6088,6904,4531,3593,202.8500,-0.3700
1783084582.555647,6069,6923,4531,3508,205.5600,-0.2500
1783084582.572117,6079,6876,4522,3640,205.5600,-0.2500
1783084582.588248,6032,6923,4475,3593,205.5600,-0.2500
1783084582.604070,6069,6923,4540,3640,201.4700,1.1900
1783084582.620102,6060,6923,4540,3602,201.4700,1.1900
1783084582.636139,6060,6914,4522,3612,201.4700,1.1900
1783084582.653058,6079,6942,4578,3602,204.1800,-1.3700
1783084582.667944,5994,6904,4493,3658,204.1800,-1.3700
1783084582.684520,6097,6951,4493,3593,204.1800,-1.3700
1783084582.700139,6069,6857,4522,3640,204.1800,-1.3700
1783084582.716089,6069,6923,4503,3612,212.5100,1.8800
1783084582.732516,5994,6895,4531,3593,212.5100,1.8800
1783084582.747017,6041,6885,4512,3649,212.5100,1.8800
1783084582.764916,6004,6885,4484,3630,204.1800,-0.1900
1783084582.781682,6032,6839,4512,3668,204.1800,-0.1900
1783084582.797687,5994,6885,4531,3687,204.2300,1.9400
1783084582.813123,5985,6904,4559,3677,204.2300,1.9400
1783084582.829211,6032,6876,4531,3630,204.2300,1.9400
1783084582.845064,6041,6885,4568,3640,204.2300,1.9400
1783084582.860799,5957,6857,4531,3658,201.5300,-1.1200
1783084582.877027,5966,6839,4522,3621,201.5300,-1.1200
1783084582.893022,5966,6867,4550,3696,201.5300,-1.1200
1783084582.908800,6004,6857,4540,3630,205.5600,-0.6300
1783084582.925264,5985,6867,4568,3621,205.5600,-0.6300
1783084582.941014,6041,6839,4493,3630,205.5600,-0.6300
1783084582.957272,5947,6885,4540,3630,205.5600,0.1900
1783084582.973322,6041,6885,4522,3687,205.5600,0.1900
1783084582.989185,5976,6839,4597,3780,205.5600,0.1900
1783084583.007118,5976,6839,4493,3743,208.2600,0.1900
1783084583.022054,5957,6829,4568,3630,208.2600,0.1900
1783084583.038351,5919,6839,4568,3677,208.2600,0.1900
1783084583.055349,5938,6782,4634,3649,208.2600,0.5600
1783084583.070136,5976,6782,4672,3715,208.2600,0.5600
1783084583.086409,5994,6801,4587,3677,208.2600,0.5600
1783084583.105556,5929,6810,4643,3677,202.8500,-0.5000
1783084583.120110,5947,6763,4606,3640,202.8500,-0.5000
1783084583.136060,5938,6810,4540,3687,202.8500,-0.5000
1783084583.154353,5957,6848,4559,3705,208.2600,-0.8100
1783084583.168126,5976,6754,4578,3734,208.2600,-0.8100
1783084583.184165,5957,6867,4615,3724,208.2600,-0.8100
1783084583.200402,5985,6773,4643,3752,205.5600,-0.0600
1783084583.217164,5994,6801,4559,3752,205.5600,-0.0600
1783084583.233106,5957,6820,4672,3752,205.5600,-0.0600
1783084583.249357,5938,6848,4634,3743,202.8500,0.0000
1783084583.265163,5938,6876,4550,3696,202.8500,0.0000
1783084583.281596,5919,6848,4597,3752,202.8500,0.0000
1783084583.297834,5900,6754,4578,3658,202.8500,0.0000
1783084583.313653,5910,6754,4625,3724,205.5600,0.2500
1783084583.329151,5938,6820,4643,3752,205.5600,0.2500
1783084583.345465,5919,6763,4625,3771,205.5600,0.2500
1783084583.361106,5910,6839,4606,3752,208.2600,0.3700
1783084583.377204,5938,6801,4672,3771,208.2600,0.3700
1783084583.394209,5900,6885,4606,3771,208.2600,0.3700
1783084583.411566,5929,6735,4662,3780,202.8500,-0.4400
1783084583.428518,5900,6829,4709,3780,202.8500,-0.4400
1783084583.444130,5900,6792,4634,3668,202.8500,-0.4400
1783084583.460160,5891,6782,4672,3715,205.5600,0.3700
1783084583.476681,5854,6763,4672,3705,205.5600,0.3700
1783084583.492183,5891,6735,4597,3687,205.5600,0.3700
1783084583.508213,5863,6792,4653,3771,205.5600,0.3100
1783084583.524273,5882,6773,4653,3724,205.5600,0.3100
1783084583.539950,5863,6745,4606,3780,205.5600,0.3100
1783084583.555960,5863,6792,4615,3762,210.9700,-0.1900
1783084583.572240,5854,6773,4672,3715,210.9700,-0.1900
1783084583.587982,5835,6726,4681,3743,210.9700,-0.1900
1783084583.604261,5854,6754,4681,3734,206.9900,-0.1200
1783084583.620821,5863,6726,4625,3743,206.9900,-0.1200
1783084583.636377,5863,6773,4615,3780,206.9900,-0.1200
1783084583.653480,5835,6717,4643,3743,198.8700,1.3700
1783084583.668560,5835,6820,4634,3715,198.8700,1.3700
1783084583.683285,5863,6810,4681,3734,198.8700,1.3700
1783084583.699526,5844,6754,4615,3818,204.2300,0.3100
1783084583.715669,5835,6707,4615,3752,204.2300,0.3100
1783084583.731213,5825,6754,4643,3790,204.2300,0.3100
1783084583.747760,5872,6763,4634,3780,204.2300,0.3100
1783084583.763054,5816,6717,4587,3762,204.1800,2.0600
1783084583.779032,5788,6754,4662,3762,204.1800,2.0600
1783084583.795398,5854,6745,4653,3846,204.1800,2.0600
1783084583.811100,5872,6792,4625,3837,202.8500,-1.5000
1783084583.827489,5816,6688,4606,3809,202.8500,-1.5000
1783084583.843732,5816,6773,4681,3790,202.8500,-1.5000
1783084583.859362,5816,6763,4700,3743,208.2600,1.1900
1783084583.875490,5844,6717,4662,3752,208.2600,1.1900
1783084583.892466,5807,6801,4643,3799,208.2600,1.1900
1783084583.907317,5816,6707,4690,3809,205.5600,-0.9400
1783084583.923408,5807,6707,4653,3818,205.5600,-0.9400
1783084583.939646,5797,6773,4690,3771,205.5600,-0.9400
1783084583.955296,5807,6717,4709,3809,210.9700,1.2500
1783084583.970542,5835,6745,4653,3809,210.9700,1.2500
1783084583.986970,5797,6707,4653,3809,210.9700,1.2500
1783084584.004159,5779,6754,4634,3809,208.2600,-0.1200
1783084584.018114,5760,6754,4690,3818,208.2600,-0.1200
1783084584.034617,5788,6679,4728,3790,208.2600,-0.1200
1783084584.050292,5797,6707,4643,3818,208.2600,-0.1200
1783084584.066491,5779,6632,4737,3837,205.5600,-1.0000
1783084584.082771,5741,6679,4747,3827,205.5600,-1.0000
1783084584.098143,5825,6651,4840,3818,205.5600,-1.0000
1783084584.114104,5769,6670,4747,3827,205.5600,-1.2500
1783084584.131747,5769,6688,4700,3827,205.5600,-1.2500
1783084584.147798,5779,6651,4728,3818,205.5600,0.7500
1783084584.163564,5713,6642,4681,3855,205.5600,0.7500
1783084584.179448,5760,6632,4662,3893,205.5600,0.7500
1783084584.195614,5732,6651,4690,3884,205.5600,0.7500
1783084584.212743,5760,6651,4756,3818,205.5600,0.1900
1783084584.228770,5741,6585,4709,3865,205.5600,0.1900
1783084584.244621,5741,6585,4700,3846,205.5600,0.1900
1783084584.261711,5750,6585,4728,3902,205.5600,-0.8100
1783084584.277433,5779,6707,4709,3921,205.5600,-0.8100
1783084584.293438,5760,6595,4690,3827,205.5600,-0.8100
1783084584.309617,5750,6613,4672,3884,202.8500,0.2500
1783084584.325450,5675,6604,4728,3893,202.8500,0.2500
1783084584.341760,5732,6632,4728,3865,202.8500,0.2500
1783084584.357662,5750,6688,4765,3902,202.8500,-1.0600
1783084584.373495,5741,6698,4728,3865,202.8500,-1.0600
1783084584.389520,5685,6698,4718,3893,202.8500,-1.0600
1783084584.405720,5685,6688,4718,3874,200.1500,1.3700
1783084584.421625,5722,6623,4756,3884,200.1500,1.3700
1783084584.437612,5741,6585,4709,3893,200.1500,1.3700
1783084584.453689,5675,6585,4728,3865,202.8500,0.5000
1783084584.468560,5694,6642,4822,3912,202.8500,0.5000
1783084584.484667,5657,6604,4747,3893,202.8500,0.5000
1783084584.500552,5703,6576,4718,3902,202.8500,0.5000
1783084584.516567,5703,6642,4756,3977,202.8500,1.5000
1783084584.532688,5769,6529,4700,3940,202.8500,1.5000
1783084584.548578,5638,6548,4756,3921,202.8500,1.5000
1783084584.564598,5694,6595,4756,3902,202.8500,-0.3700
1783084584.580642,5657,6604,4784,3893,202.8500,-0.3700
1783084584.598693,5628,6585,4747,3893,208.2600,0.5000
1783084584.614651,5732,6632,4728,3921,208.2600,0.5000
1783084584.630640,5638,6557,4812,3987,208.2600,0.5000
1783084584.646698,5685,6566,4728,3940,208.2600,0.5000
1783084584.662661,5638,6557,4784,3977,200.1500,-0.6900
1783084584.678689,5685,6576,4756,3968,200.1500,-0.6900
1783084584.693814,5600,6566,4765,3940,200.1500,-0.6900
1783084584.709673,5647,6566,4784,3940,208.2600,0.4400
1783084584.725688,5628,6585,4794,3996,208.2600,0.4400
1783084584.741854,5638,6501,4775,3987,208.2600,0.4400
1783084584.757682,5647,6538,4794,3921,200.1500,1.0000
1783084584.773636,5657,6557,4784,4006,200.1500,1.0000
1783084584.789804,5619,6510,4756,3940,200.1500,1.0000
1783084584.805631,5628,6520,4803,3931,202.8500,-0.5000
1783084584.821669,5610,6529,4794,3968,202.8500,-0.5000
1783084584.837902,5657,6510,4794,3959,202.8500,-0.5000
1783084584.856071,5657,6510,4812,3968,202.8500,1.1200
1783084584.871692,5647,6501,4850,3987,202.8500,1.1200
1783084584.887719,5582,6510,4831,3949,202.8500,1.1200
1783084584.904122,5610,6501,4784,3912,202.8500,-0.1900
1783084584.919737,5600,6520,4775,4006,202.8500,-0.1900
1783084584.935173,5600,6520,4775,3996,202.8500,-0.1900
1783084584.951017,5600,6482,4784,3959,202.8500,-0.1900
1783084584.966763,5572,6501,4803,4015,202.8500,-0.5000
1783084584.982805,5591,6510,4812,4024,202.8500,-0.5000
1783084584.998804,5619,6482,4803,4052,202.8500,-0.5000
1783084585.014813,5582,6482,4765,4043,201.5300,-0.1200
1783084585.030842,5563,6520,4859,4006,201.5300,-0.1200
1783084585.046822,5563,6501,4775,3959,201.5300,-0.1200
1783084585.062902,5610,6510,4822,3987,204.2300,-1.1200
1783084585.078868,5553,6501,4775,3996,204.2300,-1.1200
1783084585.095267,5600,6473,4794,4015,204.2300,-1.1200
1783084585.110869,5572,6491,4850,4024,205.5600,0.8800
1783084585.127161,5591,6463,4840,4006,205.5600,0.8800
1783084585.143065,5525,6491,4803,3987,205.5600,0.8800
1783084585.159905,5582,6482,4840,3987,202.8500,-1.3100
1783084585.177834,5563,6454,4784,3987,202.8500,-1.3100
1783084585.193813,5572,6435,4822,4015,202.8500,-1.3100
1783084585.210075,5525,6454,4794,4024,201.5300,-0.1200
1783084585.225879,5563,6435,4794,4071,201.5300,-0.1200
1783084585.241872,5544,6463,4812,4006,201.5300,-0.1200
1783084585.258397,5591,6426,4850,4034,206.9900,-0.5000
1783084585.273944,5525,6463,4794,4052,206.9900,-0.5000
1783084585.289883,5563,6454,4812,4081,206.9900,-0.5000
1783084585.306105,5582,6454,4831,4043,200.1500,-0.2500
1783084585.321910,5516,6435,4859,4062,200.1500,-0.2500
1783084585.337980,5525,6435,4803,4081,200.1500,-0.2500
1783084585.354241,5544,6435,4831,4099,205.5600,-0.5600
1783084585.370405,5497,6398,4869,4109,205.5600,-0.5600
1783084585.386128,5525,6435,4850,4043,205.5600,-0.5600
1783084585.401468,5525,6454,4850,4071,198.8700,1.8800
1783084585.417386,5478,6445,4897,4052,198.8700,1.8800
1783084585.433376,5506,6473,4887,4043,198.8700,1.8800
1783084585.449537,5497,6416,4812,4071,206.9900,0.5600
1783084585.465390,5525,6454,4887,4137,206.9900,0.5600
1783084585.481190,5478,6454,4822,4090,206.9900,0.5600
1783084585.497351,5469,6454,4812,4109,206.9900,0.5600
1783084585.513285,5516,6398,4794,4081,200.1500,-0.1200
1783084585.529068,5506,6416,4822,4071,200.1500,-0.1200
1783084585.545083,5478,6398,4859,4099,200.1500,-0.1200
1783084585.561279,5450,6407,4878,4099,202.8500,1.3700
1783084585.577275,5478,6435,4831,4109,202.8500,1.3700
1783084585.593636,5516,6426,4859,4081,202.8500,1.3700
1783084585.609092,5460,6407,4915,4118,201.5300,0.3700
1783084585.625212,5497,6379,4850,4099,201.5300,0.3700
1783084585.641210,5431,6370,4850,4118,201.5300,0.3700
1783084585.657238,5516,6351,4906,4109,205.5600,-0.5600
1783084585.673227,5460,6341,4897,4128,205.5600,-0.5600
1783084585.689213,5460,6370,4897,4128,205.5600,-0.5600
1783084585.704356,5460,6435,4897,4090,206.9900,0.2500
1783084585.720601,5469,6398,4944,4099,206.9900,0.2500
1783084585.736485,5422,6341,4915,4184,206.9900,0.2500
1783084585.752289,5441,6351,4944,4128,198.8700,0.3100
1783084585.768749,5403,6341,4887,4165,198.8700,0.3100
1783084585.784124,5516,6351,4915,4099,198.8700,0.3100
1783084585.800130,5385,6351,4953,4109,205.5600,1.1900
1783084585.816319,5403,6332,4925,4156,205.5600,1.1900
1783084585.832142,5422,6370,4887,4184,205.5600,1.1900
1783084585.848193,5403,6370,4944,4118,205.5600,1.1900
1783084585.864402,5441,6285,4925,4128,200.1500,-0.6900
1783084585.880198,5394,6285,4906,4203,200.1500,-0.6900
1783084585.896211,5431,6323,4915,4137,200.1500,-0.6900
1783084585.912427,5413,6294,4934,4193,202.8500,1.4400
1783084585.928233,5422,6341,4944,4156,202.8500,1.4400
1783084585.944213,5422,6304,4953,4193,202.8500,1.4400
1783084585.959312,5385,6294,4925,4174,206.9900,-0.1900
1783084585.975357,5394,6304,4944,4203,206.9900,-0.1900
1783084585.991331,5356,6294,4962,4193,206.9900,-0.1900
1783084586.007244,5478,6323,4934,4203,201.5300,-0.0600
1783084586.023311,5375,6294,4962,4165,201.5300,-0.0600
1783084586.039387,5385,6351,4944,4165,201.5300,-0.0600
1783084586.055265,5375,6294,4991,4184,205.5600,-0.3100
1783084586.071345,5375,6276,4972,4240,205.5600,-0.3100
1783084586.087392,5394,6304,5028,4184,205.5600,-0.3100
1783084586.104408,5356,6323,5000,4184,200.1500,0.6300
1783084586.119385,5394,6294,5009,4259,200.1500,0.6300
1783084586.135386,5385,6313,4972,4203,200.1500,0.6300
1783084586.151603,5375,6285,5028,4212,208.2600,0.6900
1783084586.167385,5338,6276,5019,4240,208.2600,0.6900
1783084586.183432,5366,6248,5037,4137,208.2600,0.6900
1783084586.199598,5338,6248,5000,4240,205.5600,-0.6900
1783084586.215404,5366,6276,5028,4259,205.5600,-0.6900
1783084586.231420,5366,6304,4972,4259,205.5600,-0.6900
1783084586.246444,5356,6323,4934,4240,205.5600,-0.6900
1783084586.262405,5385,6285,5066,4240,200.1500,-0.8100
1783084586.278653,5375,6257,4981,4212,200.1500,-0.8100
1783084586.294481,5356,6304,5019,4165,200.1500,-0.8100
1783084586.310448,5347,6219,5066,4193,206.9900,-0.5000
1783084586.326764,5366,6266,5000,4240,206.9900,-0.5000
1783084586.342454,5394,6285,5019,4231,206.9900,-0.5000
1783084586.358444,5319,6266,4981,4240,201.5300,-1.6300
1783084586.374843,5319,6276,5019,4259,201.5300,-1.6300
1783084586.390752,5366,6201,5000,4306,201.5300,-1.6300
1783084586.406724,5356,6219,5047,4221,205.5600,1.2500
1783084586.422801,5328,6285,5103,4212,205.5600,1.2500
1783084586.438694,5328,6229,5028,4212,205.5600,1.2500
1783084586.454578,5309,6294,5019,4203,208.2600,-0.0600
1783084586.470750,5328,6276,5009,4259,208.2600,-0.0600
1783084586.486575,5253,6266,5019,4221,208.2600,-0.0600
1783084586.503191,5319,6210,5028,4259,202.8500,1.5000
1783084586.517810,5319,6210,5019,4259,202.8500,1.5000
1783084586.533598,5309,6229,5019,4296,202.8500,1.5000
1783084586.549578,5328,6182,5009,4259,204.2300,-0.5000
1783084586.565745,5281,6219,5019,4296,204.2300,-0.5000
1783084586.582024,5328,6219,4991,4296,204.2300,-0.5000
1783084586.597684,5272,6219,5047,4287,204.2300,-0.5000
1783084586.613874,5300,6229,5028,4315,198.8700,0.6900
1783084586.629582,5244,6248,5028,4362,198.8700,0.6900
1783084586.645616,5300,6229,5037,4315,198.8700,0.6900
1783084586.661813,5300,6219,5037,4325,202.8500,-1.5000
1783084586.677594,5291,6191,5066,4325,202.8500,-1.5000
1783084586.693647,5244,6144,5037,4315,202.8500,-1.5000
1783084586.709880,5319,6182,5084,4325,200.1500,0.3100
1783084586.725702,5206,6201,5047,4268,200.1500,0.3100
1783084586.741968,5244,6201,5009,4315,200.1500,0.3100
1783084586.758155,5244,6210,5047,4306,200.1500,-1.2500
1783084586.773775,5234,6191,5037,4287,200.1500,-1.2500
1783084586.789822,5300,6173,5028,4334,200.1500,-1.2500
1783084586.804707,5206,6173,5019,4371,197.4400,0.6300
1783084586.820624,5263,6219,5122,4381,197.4400,0.6300
1783084586.836732,5225,6219,5028,4390,197.4400,0.6300
1783084586.853581,5281,6210,5103,4371,200.1500,-0.0600
1783084586.868672,5206,6229,5103,4381,200.1500,-0.0600
1783084586.884697,5253,6173,5075,4325,200.1500,-0.0600
1783084586.900686,5206,6210,5056,4325,200.1500,-0.0600
1783084586.916722,5253,6182,5066,4353,200.1500,1.0000
1783084586.932700,5216,6201,5037,4343,200.1500,1.0000
1783084586.948700,5197,6144,5075,4390,200.1500,1.0000
1783084586.964718,5244,6173,5066,4353,197.4400,0.6300
1783084586.980783,5197,6144,5159,4362,197.4400,0.6300
1783084586.996833,5206,6163,5112,4390,197.4400,0.6300
1783084587.012733,5216,6135,5122,4409,200.1500,-1.1200
1783084587.028811,5216,6163,5112,4409,200.1500,-1.1200
1783084587.044772,5169,6154,5066,4400,200.1500,-1.1200
1783084587.060836,5159,6163,5103,4400,194.7400,-0.3700
1783084587.076003,5197,6201,5141,4343,194.7400,-0.3700
1783084587.091792,5178,6163,5131,4371,194.7400,-0.3700
1783084587.107807,5188,6088,5075,4418,202.8500,-0.8100
1783084587.124021,5169,6135,5075,4381,202.8500,-0.8100
1783084587.139806,5188,6154,5131,4418,202.8500,-0.8100
1783084587.157848,5197,6182,5112,4418,202.8500,-0.6900
1783084587.173896,5178,6135,5169,4400,202.8500,-0.6900
1783084587.190085,5159,6163,5141,4428,202.8500,-0.6900
1783084587.205797,5188,6173,5131,4409,205.5600,1.0600
1783084587.221867,5150,6116,5122,4428,205.5600,1.0600
1783084587.238042,5169,6154,5150,4400,205.5600,1.0600
1783084587.254384,5159,6079,5094,4418,205.5600,-1.3100
1783084587.269942,5206,6135,5122,4437,205.5600,-1.3100
1783084587.286100,5169,6116,5141,4437,205.5600,-1.3100
1783084587.301917,5178,6173,5141,4390,205.5600,-1.3100
1783084587.317926,5122,6144,5150,4390,200.1500,-1.1200
1783084587.334924,5122,6097,5159,4437,200.1500,-1.1200
1783084587.350922,5141,6163,5141,4437,200.1500,-1.1200
1783084587.366946,5159,6182,5150,4475,202.8500,-0.6900
1783084587.382973,5131,6126,5178,4418,202.8500,-0.6900
1783084587.400960,5122,6144,5188,4418,201.5300,-0.9400
1783084587.416973,5131,6135,5178,4437,201.5300,-0.9400
1783084587.432957,5103,6116,5150,4456,201.5300,-0.9400
1783084587.448961,5169,6107,5197,4503,206.9900,0.2500
1783084587.465034,5103,6116,5169,4428,206.9900,0.2500
1783084587.480990,5159,6088,5150,4437,206.9900,0.2500
1783084587.496959,5141,6079,5159,4484,206.9900,0.2500
1783084587.513058,5141,6079,5159,4446,200.1500,0.6900
1783084587.528144,5141,6097,5178,4493,200.1500,0.6900
1783084587.544212,5103,6069,5206,4465,200.1500,0.6900
1783084587.560042,5159,6079,5309,4446,205.5600,0.6300
1783084587.576084,5112,6022,5216,4465,205.5600,0.6300
1783084587.592237,5141,6032,5206,4475,205.5600,0.6300
1783084587.608095,5084,6013,5197,4428,200.1500,-0.5000
1783084587.624104,5131,6041,5216,4456,200.1500,-0.5000
1783084587.640347,5122,6069,5197,4493,200.1500,-0.5000
1783084587.656148,5122,6060,5225,4503,197.4400,-0.0600
1783084587.672127,5103,6069,5206,4465,197.4400,-0.0600
1783084587.688325,5075,6022,5244,4484,197.4400,-0.0600
1783084587.704516,5112,6013,5197,4484,202.8500,-0.3100
1783084587.720251,5094,6022,5253,4531,202.8500,-0.3100
1783084587.736308,5047,6004,5225,4522,202.8500,-0.3100
1783084587.752145,5084,6004,5197,4503,197.4400,-0.8100
1783084587.768166,5084,6022,5244,4512,197.4400,-0.8100
1783084587.784718,5112,6051,5216,4493,197.4400,-0.8100
1783084587.800202,5066,6041,5263,4522,197.4400,-0.8100
1783084587.815348,5075,6060,5225,4484,200.1500,0.1900
1783084587.831282,5084,6041,5253,4503,200.1500,0.1900
1783084587.847207,5066,6126,5216,4522,200.1500,0.1900
1783084587.863246,5056,6004,5244,4540,194.7400,-0.4400
1783084587.881858,5103,6022,5253,4540,194.7400,-0.4400
1783084587.897628,5037,6060,5272,4512,197.4400,2.5000
1783084587.913433,5047,6013,5234,4540,197.4400,2.5000
1783084587.929436,5000,6060,5253,4568,197.4400,2.5000
1783084587.945576,5047,6032,5244,4578,197.4400,2.5000
1783084587.961406,4991,6041,5281,4559,197.4400,-0.9400
1783084587.977410,5047,5994,5281,4578,197.4400,-0.9400
1783084587.993684,5000,6032,5263,4568,197.4400,-0.9400
1783084588.009386,5047,5994,5309,4550,200.1500,1.3700
1783084588.025455,5047,6069,5300,4550,200.1500,1.3700
1783084588.040757,5028,6022,5291,4568,200.1500,1.3700
1783084588.056348,4991,6013,5272,4587,200.1500,-0.6900
1783084588.072775,5009,6069,5300,4540,200.1500,-0.6900
1783084588.088687,4991,6051,5309,4643,200.1500,-0.6900
1783084588.104799,5037,6088,5281,4606,196.2200,0.1900
1783084588.122595,5000,6051,5319,4606,196.2200,0.1900
1783084588.138587,5037,5994,5291,4587,196.2200,0.1900
1783084588.154645,5075,5985,5281,4606,206.9900,-1.7500
1783084588.170381,5000,5994,5281,4625,206.9900,-1.7500
1783084588.186594,5028,6004,5291,4634,206.9900,-1.7500
1783084588.202414,4972,6051,5309,4625,202.8500,0.6300
1783084588.218434,5000,6041,5291,4615,202.8500,0.6300
1783084588.234674,5009,5985,5319,4634,202.8500,0.6300
1783084588.250419,4981,6013,5328,4672,202.8500,0.6300
1783084588.266448,5019,6041,5281,4662,198.8700,0.6900
1783084588.283456,4972,6041,5281,4681,198.8700,0.6900
1783084588.300092,4981,5985,5319,4662,201.4700,-1.3700
1783084588.315418,4953,6060,5253,4681,201.4700,-1.3700
1783084588.331450,5009,6041,5263,4615,201.4700,-1.3700
1783084588.347614,4934,5985,5309,4653,201.4700,-1.3700
1783084588.363449,4934,5938,5300,4662,196.2200,0.8800
1783084588.379424,4972,5919,5338,4653,196.2200,0.8800
1783084588.395623,4915,5994,5319,4653,196.2200,0.8800
1783084588.411477,5000,5994,5356,4672,192.0300,4.5600
1783084588.427493,4991,5985,5281,4700,192.0300,4.5600
1783084588.443790,4972,6022,5328,4643,192.0300,4.5600
1783084588.459495,4934,5976,5356,4737,197.4400,-1.1900
1783084588.475528,5066,5976,5385,4765,197.4400,-1.1900
1783084588.491650,4981,5957,5366,4662,197.4400,-1.1900
1783084588.507491,4962,5947,5356,4700,200.1500,1.8800
1783084588.523554,4934,5966,5338,4700,200.1500,1.8800
1783084588.538572,4944,6004,5328,4653,200.1500,1.8800
1783084588.554518,4953,5976,5328,4690,195.9500,-0.8800
1783084588.570709,4962,6013,5300,4709,195.9500,-0.8800
1783084588.586585,4934,5976,5338,4718,195.9500,-0.8800
1783084588.602684,4925,5994,5338,4700,193.5700,1.8100
1783084588.620587,4925,5994,5328,4737,193.5700,1.8100
1783084588.637366,4906,5947,5319,4681,193.5700,1.8100
1783084588.652566,4906,5938,5338,4690,193.5700,1.8100
1783084588.668839,4934,5957,5338,4765,194.7400,-1.6900
1783084588.684689,4944,5957,5328,4709,194.7400,-1.6900
1783084588.700636,4934,5919,5319,4681,194.7400,-1.6900
1783084588.716688,4944,5966,5300,4662,192.0300,1.7500
1783084588.732671,4878,5929,5347,4690,192.0300,1.7500
1783084588.748828,4887,6013,5328,4709,192.0300,1.7500
1783084588.764743,4934,5957,5328,4737,204.2300,-1.1900
1783084588.780173,4859,5947,5366,4784,204.2300,-1.1900
1783084588.796034,4925,5966,5319,4747,204.2300,-1.1900
1783084588.812050,4887,5985,5309,4728,196.2200,0.4400
1783084588.828265,4906,5957,5309,4728,196.2200,0.4400
1783084588.843843,4925,5938,5356,4812,196.2200,0.4400
1783084588.859671,4897,5966,5309,4784,201.4700,-2.0000
1783084588.875803,4850,5947,5347,4803,201.4700,-2.0000
1783084588.893848,4897,5910,5431,4803,201.4700,-2.0000
1783084588.909690,4887,5985,5375,4747,204.1800,0.1200
1783084588.925773,4897,5966,5366,4765,204.1800,0.1200
1783084588.942046,4812,6013,5375,4747,204.1800,0.1200
1783084588.957703,4878,5957,5347,4747,197.4400,-0.2500
1783084588.973054,4878,5957,5403,4765,197.4400,-0.2500
1783084588.990008,4878,5976,5403,4718,197.4400,-0.2500
1783084589.005818,4887,5929,5366,4803,206.9900,0.6900
1783084589.021079,4840,6004,5366,4803,206.9900,0.6900
1783084589.037296,4869,5966,5394,4794,206.9900,0.6900
1783084589.053514,4850,5966,5375,4812,198.8700,0.6300
1783084589.068950,4869,5966,5413,4897,198.8700,0.6300
1783084589.086859,4831,5994,5394,4897,198.8700,0.6300
1783084589.103728,4887,5919,5422,4812,198.8700,0.6300
1783084589.120550,4869,5938,5469,4803,202.8500,-0.7500
1783084589.136247,4840,5947,5413,4812,202.8500,-0.7500
1783084589.152700,4869,5976,5403,4850,202.8500,-0.6300
1783084589.167672,4794,6004,5403,4831,202.8500,-0.6300
1783084589.184239,4850,5966,5394,4840,202.8500,-0.6300
1783084589.200766,4831,6013,5403,4803,200.1500,-0.4400
1783084589.216349,4803,5985,5403,4803,200.1500,-0.4400
1783084589.232165,4803,5910,5450,4831,200.1500,-0.4400
1783084589.248341,4869,5947,5413,4765,200.1500,-0.4400
1783084589.264367,4803,5957,5394,4840,197.4400,0.1200
1783084589.279668,4831,5994,5422,4869,197.4400,0.1200
1783084589.295608,4822,5910,5403,4794,197.4400,0.1200
1783084589.311517,4765,6004,5413,4803,200.1500,-1.1200
1783084589.327333,4887,5976,5450,4812,200.1500,-1.1200
1783084589.343112,4784,5938,5394,4831,200.1500,-1.1200
1783084589.359160,4850,5957,5413,4878,205.5600,0.3700
1783084589.375034,4794,5976,5403,4850,205.5600,0.3700
1783084589.390745,4765,5985,5441,4803,205.5600,0.3700
1783084589.406723,4803,5957,5413,4794,198.7100,-0.6300
1783084589.425006,4775,5947,5497,4794,198.7100,-0.6300
1783084589.441314,4794,6004,5422,4850,198.7100,-0.6300
1783084589.457186,4765,5919,5422,4840,193.5700,0.5000
1783084589.473119,4747,5976,5478,4840,193.5700,0.5000
1783084589.488372,4747,5929,5394,4850,193.5700,0.5000
1783084589.505857,4747,6041,5478,4906,204.2300,-1.7500
1783084589.519979,4756,6051,5431,4850,204.2300,-1.7500
1783084589.536081,4784,5882,5460,4803,204.2300,-1.7500
1783084589.551855,4747,6022,5441,4897,204.2300,-1.7500
1783084589.568174,4775,5929,5478,4850,198.8700,-0.5600
1783084589.584061,4756,5919,5488,4859,198.8700,-0.5600
1783084589.599859,4803,5947,5441,4925,198.8700,-0.5600
1783084589.618428,4728,5976,5478,4925,200.1500,-1.1200
1783084589.634153,4728,5910,5460,4906,200.1500,-1.1200
1783084589.650508,4737,6041,5450,4962,202.8500,2.3800
1783084589.666197,4718,5919,5460,4915,202.8500,2.3800
1783084589.682132,4737,5966,5478,4915,202.8500,2.3800
1783084589.698508,4756,5929,5488,4915,202.8500,2.3800
1783084589.714136,4718,5994,5506,4897,200.1500,-0.2500
1783084589.730222,4728,6097,5478,4897,200.1500,-0.2500
1783084589.746547,4756,5891,5488,4934,200.1500,-0.2500
1783084589.761239,4737,5929,5488,4925,202.8500,2.1900
1783084589.777664,4709,5957,5441,4953,202.8500,2.1900
1783084589.793187,4690,6013,5497,4944,202.8500,2.1900
1783084589.809158,4728,6041,5506,4915,202.8500,-1.0000
1783084589.825556,4747,6022,5488,4915,202.8500,-1.0000
1783084589.841328,4709,6097,5506,4953,202.8500,-1.0000
1783084589.857225,4662,6041,5478,4981,197.4400,1.2500
1783084589.873512,4728,6107,5516,4953,197.4400,1.2500
1783084589.889298,4709,6107,5516,4953,197.4400,1.2500
1783084589.905973,4718,6022,5544,4915,192.0300,-1.0000
1783084589.921500,4625,6088,5497,5028,192.0300,-1.0000
1783084589.937272,4690,5938,5488,4981,192.0300,-1.0000
1783084589.953868,4662,5957,5488,4944,197.4400,-0.3100
1783084589.969570,4690,5985,5535,5056,197.4400,-0.3100
1783084589.985124,4672,6032,5525,4991,197.4400,-0.3100
1783084590.001061,4681,5910,5506,4991,197.4400,-0.3100
1783084590.016391,4653,5957,5516,5009,200.1500,0.7500
1783084590.032408,4672,6013,5516,5000,200.1500,0.7500
1783084590.048445,4718,6041,5544,5000,200.1500,0.7500
1783084590.065961,4634,5976,5544,4991,194.7400,0.1900
1783084590.080464,4643,6097,5544,5019,194.7400,0.1900
1783084590.096490,4662,5957,5582,5000,194.7400,0.1900
1783084590.112788,4625,6004,5591,5028,200.1500,-0.4400
1783084590.131368,4672,5900,5563,5028,200.1500,-0.4400
1783084590.144277,4653,6004,5600,5084,200.1500,-0.4400
1783084590.160536,4643,6041,5544,5066,197.4400,-1.1200
1783084590.178650,4625,6060,5544,5066,197.4400,-1.1200
1783084590.194284,4681,5976,5535,5094,197.4400,-1.1200
1783084590.210463,4615,6060,5525,5122,198.8700,1.1900
1783084590.226669,4643,5929,5582,5019,198.8700,1.1900
1783084590.242372,4643,5947,5591,5112,198.8700,1.1900
1783084590.257954,4587,5900,5619,5131,206.9900,-1.6300
1783084590.274126,4662,6135,5563,5122,206.9900,-1.6300
1783084590.289305,4653,6051,5553,5188,206.9900,-1.6300
1783084590.307365,4615,5985,5553,5206,202.8500,0.3700
1783084590.321346,4634,5957,5525,5206,202.8500,0.3700
1783084590.337357,4615,6004,5582,5253,202.8500,0.3700
1783084590.353766,4606,6032,5563,5216,201.5300,-1.5600
1783084590.369562,4615,6079,5563,5225,201.5300,-1.5600
1783084590.385756,4578,6013,5600,5131,201.5300,-1.5600
1783084590.401875,4597,6088,5563,5188,212.5100,1.0600
1783084590.417693,4606,5854,5563,5178,212.5100,1.0600
1783084590.433623,4578,6060,5591,5197,212.5100,1.0600
1783084590.449602,4615,5929,5600,5216,212.5100,1.0600
1783084590.465639,4568,6144,5582,5244,201.5300,2.8800
1783084590.481381,4559,5985,5591,5253,201.5300,2.8800
1783084590.497651,4606,5929,5572,5206,201.5300,2.8800
1783084590.513484,4550,6041,5591,5272,212.5100,2.8800
1783084590.528385,4578,6154,5600,5272,212.5100,2.8800
1783084590.544795,4587,6107,5582,5253,212.5100,2.8800
1783084590.560419,4578,6097,5591,5291,216.3800,-2.0000
1783084590.576473,4540,5966,5582,5272,216.3800,-2.0000
1783084590.592880,4559,6041,5600,5281,216.3800,-2.0000
1783084590.608515,4540,5957,5610,5319,201.5300,3.0600
1783084590.624726,4531,5900,5638,5300,201.5300,3.0600
1783084590.641261,4587,6097,5619,5281,201.5300,3.0600
1783084590.656637,4465,5797,5647,5309,206.9900,-1.5600
1783084590.673114,4559,5882,5619,5309,206.9900,-1.5600
1783084590.689626,4522,5835,5675,5347,206.9900,-1.5600
1783084590.707779,4522,6032,5703,5347,201.5300,2.3100
1783084590.727521,4522,5769,5657,5347,201.5300,2.3100
1783084590.743547,4578,6041,5703,5375,201.5300,2.3100
1783084590.759819,4540,5985,5638,5394,204.2300,-0.4400
1783084590.776031,4484,5910,5657,5394,204.2300,-0.4400
1783084590.791967,4531,5854,5666,5403,204.2300,-0.4400
1783084590.807853,4456,5835,5647,5431,196.2200,2.6300
1783084590.823700,4531,5900,5666,5403,196.2200,2.6300
1783084590.840176,4503,5872,5685,5469,196.2200,2.6300
1783084590.856831,4503,5938,5628,5385,204.2300,-2.6900
1783084590.872160,4503,5863,5666,5460,204.2300,-2.6900
1783084590.888083,4512,5929,5647,5366,204.2300,-2.6900
1783084590.906145,4503,5694,5638,5385,206.8300,1.1900
1783084590.921080,4446,5872,5685,5385,206.8300,1.1900
1783084590.936722,4465,5760,5657,5460,206.8300,1.1900
1783084590.953015,4503,5741,5694,5403,210.9700,3.8800
1783084590.968729,4484,5797,5713,5450,210.9700,3.8800
1783084590.985132,4456,5760,5638,5403,210.9700,3.8800
1783084591.001185,4503,5835,5675,5497,192.0300,-3.0600
1783084591.016776,4456,5741,5675,5478,192.0300,-3.0600
1783084591.033032,4484,5732,5675,5497,192.0300,-3.0600
1783084591.049020,4437,5863,5675,5506,192.0300,-3.0600
1783084591.064825,4493,5844,5675,5506,209.7500,0.1900
1783084591.080745,4465,5797,5685,5506,209.7500,0.1900
1783084591.097034,4437,5807,5666,5469,209.7500,0.1900
1783084591.112817,4456,5722,5685,5506,205.5600,1.1900
1783084591.129160,4446,5844,5675,5553,205.5600,1.1900
1783084591.145491,4409,5779,5647,5553,205.5600,1.1900
1783084591.161179,4371,5760,5703,5563,205.5600,-0.0600
1783084591.176936,4428,5703,5675,5506,205.5600,-0.0600
1783084591.192509,4446,5666,5685,5516,205.5600,-0.0600
1783084591.208138,4437,5807,5713,5572,201.5300,-0.1900
1783084591.224459,4446,5741,5703,5553,201.5300,-0.1900
1783084591.240540,4409,5760,5722,5582,201.5300,-0.1900
1783084591.255821,4418,5985,5722,5591,212.5100,0.0600
1783084591.271905,4428,5750,5703,5572,212.5100,0.0600
1783084591.288173,4400,5703,5713,5553,212.5100,0.0600
1783084591.304722,4418,5713,5713,5572,204.1800,-0.4400
1783084591.319884,4409,5872,5694,5657,204.1800,-0.4400
1783084591.336425,4409,5825,5722,5685,204.1800,-0.4400
1783084591.352134,4428,5657,5713,5628,204.1800,-0.4400
1783084591.368258,4418,5685,5703,5563,205.5600,0.2500
1783084591.384517,4409,5797,5750,5572,205.5600,0.2500
1783084591.400098,4446,5722,5779,5600,205.5600,0.2500
1783084591.415984,4400,5741,5732,5638,208.2600,0.0600
1783084591.432797,4418,5722,5750,5563,208.2600,0.0600
1783084591.447410,4400,5694,5703,5619,208.2600,0.0600
1783084591.463583,4390,5760,5732,5572,208.2600,-0.5600
1783084591.479265,4390,5685,5741,5647,208.2600,-0.5600
1783084591.495245,4381,5741,5722,5591,208.2600,-0.5600
1783084591.511584,4400,5741,5779,5638,200.1500,-0.6900
1783084591.527095,4390,5779,5750,5591,200.1500,-0.6900
1783084591.543058,4362,5703,5760,5619,200.1500,-0.6900
1783084591.559403,4409,5741,5769,5610,205.5600,-0.3700
1783084591.575271,4390,5657,5741,5600,205.5600,-0.3700
1783084591.591074,4390,5666,5797,5610,205.5600,-0.3700
1783084591.607421,4343,5722,5750,5600,200.1500,-0.7500
1783084591.623149,4428,5732,5797,5600,200.1500,-0.7500
1783084591.639310,4409,5750,5769,5572,200.1500,-0.7500
1783084591.657180,4343,5713,5769,5619,208.2600,0.9400
1783084591.671703,4428,5713,5797,5572,208.2600,0.9400
1783084591.687444,4343,5647,5779,5628,208.2600,0.9400
1783084591.705727,4371,5666,5872,5628,205.5600,0.1200
1783084591.720685,4353,5675,5788,5628,205.5600,0.1200
1783084591.736400,4343,5544,5854,5685,205.5600,0.1200
1783084591.756008,4334,5619,5872,5685,205.5600,-0.5000
1783084591.770478,4278,5647,5788,5666,205.5600,-0.5000
1783084591.788542,4315,5525,5844,5666,205.5600,-0.5000
1783084591.806339,4249,5610,5807,5722,202.8500,-0.5600
1783084591.822262,4249,5535,5825,5675,202.8500,-0.5600
1783084591.838568,4315,5628,5825,5657,202.8500,-0.5600
1783084591.855999,4334,5619,5797,5685,205.5600,-0.0600
1783084591.869694,4325,5638,5797,5657,205.5600,-0.0600
1783084591.886261,4371,5685,5797,5666,205.5600,-0.0600
1783084591.901768,4278,5657,5854,5713,205.5600,0.5000
1783084591.918457,4343,5647,5797,5694,205.5600,0.5000
1783084591.933604,4278,5703,5825,5666,205.5600,0.5000
1783084591.949838,4334,5591,5844,5685,205.5600,0.5000
1783084591.966026,4306,5685,5797,5675,205.5600,-0.1200
1783084591.981535,4325,5600,5882,5657,205.5600,-0.1200
1783084591.997954,4278,5657,5844,5647,205.5600,-0.1200
1783084592.013904,4343,5694,5854,5591,202.8500,0.3100
1783084592.030006,4268,5591,5854,5675,202.8500,0.3100
1783084592.045617,4306,5675,5816,5750,202.8500,0.3100
1783084592.061913,4278,5610,5872,5722,205.5600,0.0000
1783084592.077344,4249,5657,5835,5666,205.5600,0.0000
1783084592.093387,4268,5591,5863,5675,205.5600,0.0000
1783084592.109386,4221,5647,5900,5675,200.1500,2.0600
1783084592.125360,4259,5582,5863,5647,200.1500,2.0600
1783084592.140933,4315,5600,5835,5666,200.1500,2.0600
1783084592.158319,4240,5600,5854,5657,205.5600,-2.5000
1783084592.172612,4268,5610,5844,5647,205.5600,-2.5000
1783084592.188866,4315,5582,5863,5638,205.5600,-2.5000
1783084592.206282,4249,5553,5863,5685,200.1500,1.6900
1783084592.221756,4278,5563,5863,5628,200.1500,1.6900
1783084592.236680,4240,5478,5872,5610,200.1500,1.6900
1783084592.252499,4296,5544,5863,5610,200.1500,1.6900
1783084592.268470,4259,5582,5872,5610,200.1500,-1.0600
1783084592.284690,4212,5638,5863,5600,200.1500,-1.0600
1783084592.300392,4268,5563,5891,5600,200.1500,-1.0600
1783084592.316381,4184,5591,5863,5666,200.1500,1.3100
1783084592.332938,4231,5572,5882,5647,200.1500,1.3100
1783084592.348636,4259,5582,5863,5675,200.1500,1.3100
1783084592.364625,4259,5553,5910,5638,202.8500,-1.2500
1783084592.380994,4174,5563,5882,5638,202.8500,-1.2500
1783084592.396731,4231,5544,5882,5600,202.8500,-1.2500
1783084592.411922,4203,5506,5863,5638,202.8500,0.0000
1783084592.428239,4203,5488,5900,5638,202.8500,0.0000
1783084592.443762,4203,5506,5929,5685,202.8500,0.0000
1783084592.459861,4203,5488,5900,5657,200.1500,-7.4400
1783084592.476075,4212,5506,5900,5638,200.1500,-7.4400
1783084592.491754,4203,5600,5919,5638,200.1500,-7.4400
1783084592.507786,4174,5497,5900,5582,202.8500,1.4400
1783084592.524104,4174,5450,5891,5647,202.8500,1.4400
1783084592.539859,4165,5506,5900,5638,202.8500,1.4400
1783084592.557281,4165,5591,5910,5666,200.1500,-3.0600
1783084592.572186,4174,5544,5900,5685,200.1500,-3.0600
1783084592.588010,4137,5525,5900,5685,200.1500,-3.0600
1783084592.604046,4137,5422,5938,5666,201.5300,3.0000
1783084592.620386,4137,5469,5938,5685,201.5300,3.0000
1783084592.636075,4165,5469,5910,5675,201.5300,3.0000
1783084592.652053,4174,5497,5938,5685,201.4700,-1.0600
1783084592.668264,4128,5497,5919,5675,201.4700,-1.0600
1783084592.683490,4174,5478,5919,5610,201.4700,-1.0600
1783084592.699385,4203,5431,5910,5628,201.4700,-1.0600
1783084592.714911,4146,5460,5929,5638,200.1500,2.2500
1783084592.731114,4174,5422,5938,5610,200.1500,2.2500
1783084592.747032,4109,5460,5919,5685,200.1500,2.2500
1783084592.762680,4128,5553,5976,5685,202.8500,-0.5000
1783084592.778686,4109,5497,5966,5685,202.8500,-0.5000
1783084592.794936,4109,5469,5910,5657,202.8500,-0.5000
1783084592.811056,4071,5469,5947,5610,205.5600,0.8100
1783084592.826809,4118,5478,5957,5647,205.5600,0.8100
1783084592.844153,4109,5497,5957,5675,205.5600,0.8100
1783084592.858916,4109,5431,5938,5703,196.2200,0.2500
1783084592.874968,4109,5497,5976,5713,196.2200,0.2500
1783084592.891236,4118,5460,5957,5685,196.2200,0.2500
1783084592.907874,4118,5431,5976,5703,205.5600,1.2500
1783084592.923079,4090,5441,5985,5657,205.5600,1.2500
1783084592.939897,4090,5441,5938,5675,205.5600,1.2500
1783084592.954750,4071,5460,5985,5694,204.2300,0.1200
1783084592.970010,4109,5488,5938,5703,204.2300,0.1200
1783084592.986394,4024,5553,5994,5685,204.2300,0.1200
1783084593.002009,4043,5478,5957,5694,204.2300,0.1200
1783084593.018139,4071,5431,5938,5675,201.5300,-0.8100
1783084593.034426,4071,5469,5994,5703,201.5300,-0.8100
1783084593.050225,4071,5450,6004,5703,201.5300,-0.8100
1783084593.066553,4081,5441,5966,5703,200.1500,2.0000
1783084593.082727,4062,5413,5976,5760,200.1500,2.0000
1783084593.098404,4015,5385,5985,5769,200.1500,2.0000
1783084593.114501,4062,5422,6004,5741,204.2300,-1.2500
1783084593.130641,4015,5441,6004,5807,204.2300,-1.2500
1783084593.146045,4062,5422,6051,5779,204.2300,-1.2500
1783084593.162050,3996,5385,6032,5769,196.2200,2.3800
1783084593.178511,4015,5422,6032,5741,196.2200,2.3800
1783084593.193913,4015,5431,6013,5797,196.2200,2.3800
1783084593.209974,4081,5385,6060,5741,200.1500,-1.5600
1783084593.224885,3996,5422,6022,5816,200.1500,-1.5600
1783084593.240872,4043,5413,6013,5825,200.1500,-1.5600
1783084593.257493,3987,5394,6041,5797,205.5600,1.8800
1783084593.272940,4062,5403,6041,5769,205.5600,1.8800
1783084593.288880,3987,5366,6051,5769,205.5600,1.8800
1783084593.306486,3987,5366,6051,5807,200.1500,-2.0000
1783084593.320894,4015,5431,6079,5835,200.1500,-2.0000
1783084593.337328,3959,5403,6032,5900,200.1500,-2.0000
1783084593.353586,4052,5394,6060,5825,200.1500,2.7500
1783084593.369181,3940,5385,6060,5844,200.1500,2.7500
1783084593.385141,3977,5347,6060,5835,200.1500,2.7500
1783084593.401426,3977,5328,6069,5854,200.1500,-1.0000
1783084593.417269,3977,5328,6051,5835,200.1500,-1.0000
1783084593.433226,3987,5385,6107,5938,200.1500,-1.0000
1783084593.449822,3959,5338,6069,5938,200.1500,-1.0000
1783084593.465212,3987,5403,6079,6126,202.8500,0.7500
1783084593.481229,3959,5375,6144,5919,202.8500,0.7500
1783084593.497611,3987,5394,6069,5957,202.8500,0.7500
1783084593.512221,3921,5385,6079,5985,202.8500,-1.1200
1783084593.528319,3987,5338,6135,5919,202.8500,-1.1200
1783084593.544559,3921,5366,6097,5929,202.8500,-1.1200
1783084593.560322,3902,5356,6088,5891,209.7500,0.6300
1783084593.576329,3959,5328,6144,5919,209.7500,0.6300
1783084593.592521,3940,5291,6116,5910,209.7500,0.6300
1783084593.608231,3931,5328,6079,5994,201.5300,-0.8100
1783084593.624387,3912,5328,6097,5957,201.5300,-0.8100
1783084593.640626,3959,5347,6182,6004,201.5300,-0.8100
1783084593.658630,3893,5375,6116,6004,202.8500,0.3700
1783084593.674544,3902,5366,6097,5976,202.8500,0.3700
1783084593.690376,3921,5347,6144,5957,202.8500,0.3700
1783084593.707633,3921,5347,6079,5985,206.9900,0.2500
1783084593.722371,3931,5394,6135,5966,206.9900,0.2500
1783084593.738466,3884,5309,6107,5957,206.9900,0.2500
1783084593.755049,3912,5319,6135,5957,205.5600,-0.4400
1783084593.769098,3874,5272,6116,5957,205.5600,-0.4400
1783084593.785380,3912,5319,6088,6097,205.5600,-0.4400
1783084593.801208,3884,5272,6144,6022,205.5600,-0.4400
1783084593.817076,3855,5272,6107,6004,205.5600,0.9400
1783084593.833342,3874,5272,6163,5966,205.5600,0.9400
1783084593.849395,3874,5244,6154,6032,205.5600,0.9400
1783084593.865749,3893,5309,6163,6041,201.5300,0.5600
1783084593.881825,3865,5225,6135,5994,201.5300,0.5600
1783084593.897719,3884,5291,6144,6097,201.5300,0.5600
1783084593.913491,3865,5253,6182,6022,202.8500,0.5600
1783084593.929952,3874,5216,6135,5994,202.8500,0.5600
1783084593.945170,3846,5263,6126,6013,202.8500,0.5600
1783084593.961196,3846,5188,6144,6032,205.5600,0.3700
1783084593.977406,3874,5253,6173,6022,205.5600,0.3700
1783084593.993384,3884,5225,6163,6013,205.5600,0.3700
1783084594.009316,3846,5216,6126,6032,205.5600,-0.5600
1783084594.025659,3865,5309,6154,5994,205.5600,-0.5600
1783084594.040305,3865,5281,6182,6051,205.5600,-0.5600
1783084594.056485,3855,5263,6154,6116,204.2300,-1.0600
1783084594.071566,3865,5263,6163,5976,204.2300,-1.0600
1783084594.087472,3809,5253,6201,6107,204.2300,-1.0600
1783084594.103452,3809,5253,6182,5994,201.5300,0.0000
1783084594.119693,3846,5216,6182,6097,201.5300,0.0000
1783084594.135479,3855,5197,6191,6051,201.5300,0.0000
1783084594.151499,3846,5225,6182,6032,200.1500,0.5600
1783084594.167743,3855,5291,6210,6041,200.1500,0.5600
1783084594.183533,3809,5281,6191,6041,200.1500,0.5600
1783084594.199503,3855,5159,6210,6097,200.1500,0.5600
1783084594.217581,3855,5197,6182,6097,209.7500,0.0000
1783084594.233794,3827,5338,6201,6069,209.7500,0.0000
1783084594.249589,3846,5263,6210,6154,209.7500,0.0000
1783084594.265622,3809,5253,6191,6097,198.8700,0.4400
1783084594.282723,3846,5216,6210,6097,198.8700,0.4400
1783084594.300655,3780,5225,6210,6079,209.7500,-0.1200
1783084594.318850,3837,5188,6266,6079,209.7500,-0.1200
1783084594.334857,3827,5188,6219,6097,209.7500,-0.1200
1783084594.350796,3790,5150,6201,6116,209.7500,-0.1200
1783084594.366706,3790,5244,6285,6116,205.5600,-0.1200
1783084594.382832,3827,5253,6210,6154,205.5600,-0.1200
1783084594.398636,3799,5403,6182,6107,205.5600,-0.1200
1783084594.415600,3780,5263,6201,6107,201.5300,-1.3700
1783084594.432311,3799,5234,6248,6126,201.5300,-1.3700
1783084594.447651,3799,5253,6248,6060,201.5300,-1.3700
1783084594.463672,3818,5272,6229,6116,202.8500,1.0000
1783084594.480127,3799,5272,6257,6069,202.8500,1.0000
1783084594.495741,3837,5291,6201,6154,202.8500,1.0000
1783084594.513668,3762,5169,6248,6154,208.2600,0.0000
1783084594.531686,3771,5263,6248,6154,208.2600,0.0000
1783084594.549688,3771,5253,6248,6154,208.2600,0.0000
1783084594.565708,3809,5141,6276,6163,196.2200,-1.9400
1783084594.583039,3790,5159,6248,6163,196.2200,-1.9400
1783084594.598715,3734,5197,6313,6182,196.2200,-1.9400
1783084594.614686,3799,5338,6238,6107,201.4700,-0.1900
1783084594.632668,3734,5141,6276,6107,201.4700,-0.1900
1783084594.648756,3809,5141,6266,6144,201.4700,-0.1900
1783084594.666751,3752,5216,6276,6144,200.1500,-0.7500
1783084594.682767,3780,5178,6276,6126,200.1500,-0.7500
1783084594.698719,3734,5309,6294,6154,200.1500,-0.7500
1783084594.716183,3799,5216,6266,6154,197.4400,-0.5000
1783084594.735409,3743,5272,6238,6173,197.4400,-0.5000
1783084594.748766,3752,5263,6257,6182,197.4400,-0.5000
1783084594.765774,3743,5178,6257,6182,194.7400,-0.1200
1783084594.781940,3752,5131,6323,6173,194.7400,-0.1200
1783084594.798248,3771,5131,6210,6135,194.7400,-0.1200
1783084594.813745,3752,5131,6285,6163,198.8700,-0.1200
1783084594.829763,3724,5159,6313,6135,198.8700,-0.1200
1783084594.845988,3762,5216,6294,6135,198.8700,-0.1200
1783084594.861789,3696,5291,6332,6126,201.4700,2.1900
1783084594.877794,3743,5159,6257,6173,201.4700,2.1900
1783084594.894023,3705,5225,6304,6126,201.4700,2.1900
1783084594.909826,3715,5141,6313,6163,200.1500,-0.2500
1783084594.925800,3715,5169,6304,6116,200.1500,-0.2500
1783084594.942252,3724,5225,6323,6116,200.1500,-0.2500
1783084594.957772,3752,5103,6341,6116,197.4400,2.0600
1783084594.974023,3705,5272,6313,6163,197.4400,2.0600
1783084594.990842,3743,5188,6332,6163,197.4400,2.0600
1783084595.008839,3771,5084,6332,6144,200.1500,0.4400
1783084595.027087,3696,5178,6388,6144,200.1500,0.4400
1783084595.043145,3705,5103,6313,6126,200.1500,0.4400
1783084595.061064,3658,5122,6370,6126,197.4400,-3.3100
1783084595.080267,3724,5159,6370,6126,197.4400,-3.3100
1783084595.098432,3677,5122,6379,6126,197.4400,-3.3100
1783084595.113876,3658,5075,6313,6144,192.0300,0.1900
1783084595.131886,3696,5084,6426,6144,192.0300,0.1900
1783084595.150970,3668,5131,6426,6144,192.0300,0.1900
1783084595.167979,3771,5094,6360,6107,196.2200,2.3800
1783084595.183984,3677,5103,6351,6182,196.2200,2.3800
1783084595.200902,3677,5075,6351,6182,206.9900,-0.3700
1783084595.218930,3705,5112,6351,6191,206.9900,-0.3700
1783084595.236917,3677,5112,6388,6191,206.9900,-0.3700
1783084595.256815,3677,5084,6388,6191,198.8700,2.1300
1783084595.273006,3677,5037,6351,6144,198.8700,2.1300
1783084595.289004,3687,5047,6370,6219,198.8700,2.1300
1783084595.305502,3668,5037,6370,6163,209.7500,-1.5600
1783084595.320984,3687,5141,6370,6163,209.7500,-1.5600
1783084595.336986,3677,5084,6388,6154,209.7500,-1.5600
1783084595.352115,3649,5075,6351,6107,209.7500,-1.5600
1783084595.368207,3649,5066,6379,6107,198.8700,1.6900
1783084595.384010,3630,5066,6407,6144,198.8700,1.6900
1783084595.400029,3677,5084,6407,6191,198.8700,1.6900
1783084595.416271,3602,5103,6426,6210,209.7500,-0.4400
1783084595.432032,3630,5075,6407,6163,209.7500,-0.4400
1783084595.448058,3677,5066,6370,6201,209.7500,-0.4400
1783084595.464574,3687,5066,6379,6191,204.1800,0.3100
1783084595.480062,3612,5037,6407,6238,204.1800,0.3100
1783084595.498093,3640,5084,6388,6238,204.1800,0.3100
1783084595.514100,3630,5037,6379,6163,205.5600,-1.2500
1783084595.530350,3658,5037,6463,6229,205.5600,-1.2500
1783084595.546137,3621,5047,6454,6154,205.5600,-1.2500
1783084595.562283,3621,5066,6407,6163,205.5600,0.8100
1783084595.578381,3621,5019,6398,6210,205.5600,0.8100
1783084595.594117,3640,5056,6445,6173,205.5600,0.8100
1783084595.609185,3612,5047,6445,6182,205.5600,-0.5600
1783084595.625145,3612,5084,6445,6238,205.5600,-0.5600
1783084595.643344,3583,5075,6463,6238,205.5600,-0.5600
1783084595.659082,3621,5084,6435,6154,202.8500,0.3700
1783084595.675215,3602,5019,6463,6191,202.8500,0.3700
1783084595.693163,3640,5075,6445,6191,202.8500,0.3700
1783084595.711225,3630,5066,6416,6191,205.5600,-0.5000
1783084595.728431,3602,5066,6501,6191,205.5600,-0.5000
1783084595.746365,3621,5009,6426,6191,205.5600,-0.5000
1783084595.762184,3537,5019,6482,6219,200.1500,-0.1900
1783084595.780200,3612,5103,6491,6219,200.1500,-0.1900
1783084595.798347,3612,5028,6445,6219,200.1500,-0.1900
1783084595.815229,3612,4981,6445,6219,204.2300,-0.6300
1783084595.832276,3565,5028,6473,6201,204.2300,-0.6300
1783084595.848548,3621,5019,6435,6173,204.2300,-0.6300
1783084595.865349,3593,5084,6407,6173,201.5300,1.2500
1783084595.881353,3565,5009,6473,6229,201.5300,1.2500
1783084595.897291,3555,5094,6473,6182,201.5300,1.2500
1783084595.913526,3583,5028,6463,6182,209.7500,1.0600
1783084595.929303,3546,5037,6445,6126,209.7500,1.0600
1783084595.945323,3565,4981,6454,6154,209.7500,1.0600
1783084595.961566,3546,5047,6473,6210,198.8700,0.1200
1783084595.977331,3565,4972,6501,6163,198.8700,0.1200
1783084595.993306,3555,4972,6491,6201,198.8700,0.1200
1783084596.009273,3555,5019,6491,6173,202.8500,1.4400
1783084596.025306,3499,5000,6510,6285,202.8500,1.4400
1783084596.041589,3499,5037,6482,6182,202.8500,1.4400
1783084596.057214,3527,5028,6510,6285,208.2600,-0.5000
1783084596.073374,3537,4981,6501,6191,208.2600,-0.5000
1783084596.089527,3518,5075,6473,6276,208.2600,-0.5000
1783084596.106101,3537,5009,6510,6219,206.9900,0.6900
1783084596.121379,3537,5037,6557,6285,206.9900,0.6900
1783084596.137535,3508,5009,6529,6285,206.9900,0.6900
1783084596.152427,3490,4925,6501,6266,196.2200,-1.2500
1783084596.168584,3499,5047,6529,6276,196.2200,-1.2500
1783084596.184765,3527,5019,6482,6238,196.2200,-1.2500
1783084596.200746,3508,4925,6520,6304,196.2200,-1.2500
1783084596.216706,3452,4991,6510,6276,200.1500,0.6900
1783084596.234394,3490,5028,6520,6276,200.1500,0.6900
1783084596.248607,3443,5047,6520,6266,200.1500,0.6900
1783084596.264753,3490,4991,6548,6257,202.8500,-0.5000
1783084596.280689,3480,5028,6538,6304,202.8500,-0.5000
1783084596.298603,3527,4972,6501,6304,202.8500,-0.5000
1783084596.314708,3490,4991,6548,6304,205.5600,1.1200
1783084596.330597,3518,4991,6529,6248,205.5600,1.1200
1783084596.346507,3490,4991,6529,6304,205.5600,1.1200
1783084596.362513,3424,5037,6557,6285,200.1500,0.8100
1783084596.378613,3490,4972,6566,6332,200.1500,0.8100
1783084596.393544,3471,4981,6529,6323,200.1500,0.8100
1783084596.409523,3508,4972,6538,6304,200.1500,0.0000
1783084596.425707,3461,4991,6538,6304,200.1500,0.0000
1783084596.441531,3452,4962,6557,6370,200.1500,0.0000
1783084596.457448,3480,4897,6529,6323,202.8500,-0.6900
1783084596.473828,3452,5009,6576,6341,202.8500,-0.6900
1783084596.492265,3424,4944,6548,6379,202.8500,-0.6900
1783084596.506114,3396,4953,6520,6379,202.8500,-0.6900
1783084596.525177,3443,5047,6566,6370,202.8500,-3.6300
1783084596.539663,3433,4887,6548,6370,202.8500,-3.6300
1783084596.553872,3433,4887,6576,6323,210.9700,0.6300
1783084596.569995,3396,4897,6585,6388,210.9700,0.6300
1783084596.585850,3405,4934,6604,6370,210.9700,0.6300
1783084596.601842,3405,4944,6595,6341,210.9700,0.6300
1783084596.618037,3358,4962,6585,6351,205.5600,-0.5600
1783084596.633842,3405,4887,6557,6370,205.5600,-0.5600
1783084596.651084,3386,4981,6566,6370,205.5600,-0.5600
1783084596.666759,3349,4869,6566,6313,208.2600,0.0000
1783084596.682820,3349,4953,6604,6379,208.2600,0.0000
1783084596.698837,3368,4878,6604,6360,208.2600,0.0000
1783084596.714738,3358,4850,6604,6407,210.9700,-2.3800
1783084596.732670,3377,4915,6613,6407,210.9700,-2.3800
1783084596.751213,3415,4878,6576,6360,210.9700,-2.3800
1783084596.766065,3396,4925,6576,6379,205.5600,0.2500
1783084596.778818,3415,4822,6595,6388,205.5600,0.2500
1783084596.794779,3377,4934,6585,6416,205.5600,0.2500
1783084596.810882,3386,4934,6613,6445,202.8500,0.5000
1783084596.826826,3386,4869,6632,6351,202.8500,0.5000
1783084596.842829,3358,4869,6576,6445,202.8500,0.5000
1783084596.858831,3377,4915,6613,6388,205.5600,0.2500
1783084596.874851,3377,4822,6604,6398,205.5600,0.2500
1783084596.890888,3396,4915,6632,6416,205.5600,0.2500
1783084596.906766,3386,4859,6623,6388,208.2600,1.2500
1783084596.921813,3340,4906,6632,6407,208.2600,1.2500
1783084596.937801,3368,4906,6642,6407,208.2600,1.2500
1783084596.954438,3396,4840,6613,6407,210.9700,-0.9400
1783084596.969990,3358,4897,6642,6463,210.9700,-0.9400
1783084596.985823,3340,4794,6660,6510,210.9700,-0.9400
1783084597.002310,3349,4850,6679,6463,205.5600,-0.6900
1783084597.018111,3340,4840,6632,6473,205.5600,-0.6900
1783084597.034122,3302,4878,6651,6463,205.5600,-0.6900
1783084597.050153,3349,4850,6642,6435,205.5600,-0.6900
1783084597.065892,3330,4840,6670,6491,201.5300,0.0600
1783084597.081911,3368,4859,6660,6454,201.5300,0.0600
1783084597.098336,3302,4822,6670,6482,201.5300,0.0600
1783084597.113990,3368,4812,6707,6454,205.5600,1.0600
1783084597.130003,3321,4840,6670,6435,205.5600,1.0600
1783084597.146244,3302,4831,6670,6473,205.5600,1.0600
1783084597.161039,3396,4765,6698,6510,202.8500,-0.6300
1783084597.176992,3340,4765,6660,6482,202.8500,-0.6300
1783084597.193173,3340,4850,6688,6548,202.8500,-0.6300
1783084597.208973,3293,4775,6651,6426,206.9900,1.9400
1783084597.225072,3311,4831,6679,6510,206.9900,1.9400
1783084597.241061,3302,4812,6670,6445,206.9900,1.9400
1783084597.257535,3330,4784,6707,6473,202.8500,-0.8100
1783084597.273108,3311,4803,6707,6491,202.8500,-0.8100
1783084597.289128,3349,4794,6698,6473,202.8500,-0.8100
1783084597.305106,3311,4775,6707,6463,202.8500,2.0000
1783084597.321221,3255,4737,6688,6463,202.8500,2.0000
1783084597.337703,3255,4747,6717,6510,202.8500,2.0000
1783084597.353266,3302,4756,6726,6445,202.8500,2.0000
1783084597.369208,3255,4784,6698,6473,198.8700,-1.8800
1783084597.385164,3236,4784,6698,6604,198.8700,-1.8800
1783084597.401182,3293,4765,6745,6548,198.8700,-1.8800
1783084597.417167,3236,4737,6707,6501,209.7500,1.6900
1783084597.432190,3264,4747,6698,6566,209.7500,1.6900
1783084597.448188,3236,4756,6707,6520,209.7500,1.6900
1783084597.464345,3218,4737,6707,6585,202.8500,-1.6900
1783084597.480161,3171,4737,6717,6566,202.8500,-1.6900
1783084597.496134,3283,4765,6735,6529,202.8500,-1.6900
1783084597.512410,3236,4784,6745,6538,208.2600,0.9400
1783084597.528167,3227,4737,6773,6548,208.2600,0.9400
1783084597.544290,3218,4737,6754,6566,208.2600,0.9400
1783084597.560499,3208,4728,6782,6510,204.1800,-0.3700
1783084597.576201,3208,4775,6726,6585,204.1800,-0.3700
1783084597.592291,3218,4709,6698,6566,204.1800,-0.3700
1783084597.608610,3218,4737,6745,6538,208.2600,-0.6300
1783084597.624358,3161,4718,6763,6557,208.2600,-0.6300
1783084597.640270,3218,4765,6792,6510,208.2600,-0.6300
1783084597.657237,3152,4718,6773,6576,208.2600,-1.1900
1783084597.672394,3180,4718,6773,6585,208.2600,-1.1900
1783084597.688273,3161,4700,6745,6585,208.2600,-1.1900
1783084597.703475,3283,4681,6745,6623,208.2600,-0.3100
1783084597.719326,3236,4653,6773,6548,208.2600,-0.3100
1783084597.735368,3199,4690,6773,6585,208.2600,-0.3100
1783084597.751539,3199,4718,6782,6613,205.5600,0.1900
1783084597.767349,3152,4690,6773,6566,205.5600,0.1900
1783084597.783378,3161,4643,6782,6670,205.5600,0.1900
1783084597.799519,3236,4681,6801,6548,205.5600,0.1900
1783084597.815353,3152,4662,6801,6698,202.8500,-0.4400
1783084597.831438,3199,4662,6782,6566,202.8500,-0.4400
1783084597.847582,3180,4643,6782,6632,202.8500,-0.4400
1783084597.863417,3161,4625,6792,6613,205.5600,0.0600
1783084597.881380,3199,4672,6792,6529,205.5600,0.0600
1783084597.897381,3161,4597,6810,6651,205.5600,0.0600
1783084597.913631,3143,4690,6792,6613,205.5600,-0.4400
1783084597.929420,3143,4615,6810,6670,205.5600,-0.4400
1783084597.945603,3180,4681,6820,6604,205.5600,-0.4400
1783084597.960757,3199,4709,6782,6642,208.2600,1.2500
1783084597.976715,3199,4690,6839,6651,208.2600,1.2500
1783084597.992828,3124,4615,6782,6660,208.2600,1.2500
1783084598.008416,3105,4690,6829,6679,205.5600,0.4400
1783084598.026459,3218,4606,6829,6632,205.5600,0.4400
1783084598.042436,3161,4643,6810,6613,205.5600,0.4400
1783084598.059016,3096,4625,6848,6632,205.5600,1.7500
1783084598.074642,3096,4625,6867,6670,205.5600,1.7500
1783084598.090469,3143,4643,6839,6623,205.5600,1.7500
1783084598.107254,3180,4597,6857,6642,205.5600,-0.5000
1783084598.123713,3161,4643,6857,6688,205.5600,-0.5000
1783084598.140487,3133,4672,6820,6735,205.5600,-0.5000
1783084598.156692,3105,4653,6810,6613,208.2600,0.5600
1783084598.172194,3152,4634,6801,6642,208.2600,0.5600
1783084598.187570,3152,4625,6848,6651,208.2600,0.5600
1783084598.203566,3208,4625,6829,6642,200.1500,-2.0600
1783084598.223594,3058,4672,6829,6642,200.1500,-2.0600
1783084598.239657,3133,4625,6857,6867,200.1500,-2.0600
1783084598.256482,3114,4653,6876,6745,205.5600,1.5600
1783084598.271725,3114,4597,6885,6688,205.5600,1.5600
1783084598.287608,3143,4625,6867,6754,205.5600,1.5600
1783084598.303780,3096,4615,6829,6642,202.8500,-0.1200
1783084598.319819,3133,4634,6848,6688,202.8500,-0.1200
1783084598.335666,3161,4653,6810,6642,202.8500,-0.1200
1783084598.351854,3077,4615,6820,6707,202.8500,0.8800
1783084598.367737,3049,4643,6848,6651,202.8500,0.8800
1783084598.383036,3058,4625,6876,6745,202.8500,0.8800
1783084598.398986,3086,4587,6876,6726,202.8500,0.8800
1783084598.414691,3011,4587,6867,6726,205.5600,0.6900
1783084598.430673,3021,4606,6904,6745,205.5600,0.6900
1783084598.446669,3077,4606,6932,6745,205.5600,0.6900
1783084598.462669,3077,4587,6895,6717,200.1500,-2.8800
1783084598.479038,3077,4568,6885,6745,200.1500,-2.8800
1783084598.494933,3086,4578,6895,6792,200.1500,-2.8800
1783084598.510707,3096,4625,6885,6745,202.8500,-3.1300
1783084598.528738,3086,4615,6885,6773,202.8500,-3.1300
1783084598.544720,3058,4587,6914,6717,202.8500,-3.1300
1783084598.560767,3030,4568,6904,6717,205.5600,0.8800
1783084598.576693,3086,4587,6923,6820,205.5600,0.8800
1783084598.592731,3011,4578,6932,6754,205.5600,0.8800
1783084598.609956,3039,4540,6923,6754,205.5600,-1.0000
1783084598.625750,2992,4615,6923,6754,205.5600,-1.0000
1783084598.641803,3114,4559,6895,6782,205.5600,-1.0000
1783084598.658324,3039,4578,6914,6801,208.2600,2.5000
1783084598.673799,2974,4597,6932,6801,208.2600,2.5000
1783084598.689804,2983,4587,6932,6754,208.2600,2.5000
1783084598.706014,3049,4559,6914,6801,200.1500,-0.0600
1783084598.721813,3002,4606,6942,6754,200.1500,-0.0600
1783084598.737876,2974,4625,6923,6754,200.1500,-0.0600
1783084598.754066,2983,4568,6951,6745,201.5300,-0.9400
1783084598.769903,3049,4540,6979,6810,201.5300,-0.9400
1783084598.785856,3049,4625,6932,6735,201.5300,-0.9400
1783084598.802156,3049,4550,6960,6763,202.8500,0.3100
1783084598.817906,3039,4531,6951,6820,202.8500,0.3100
1783084598.834044,3002,4568,6942,6773,202.8500,0.3100
1783084598.848977,3030,4559,6932,6754,202.8500,0.3100
1783084598.864894,3002,4550,6951,6745,202.8500,-0.5600
1783084598.880901,2992,4578,6914,6773,202.8500,-0.5600
1783084598.896919,3011,4503,6951,6820,202.8500,-0.5600
1783084598.912933,2974,4568,6960,6782,204.2300,0.3700
1783084598.928968,3011,4531,6989,6773,204.2300,0.3700
1783084598.944949,2992,4550,6979,6792,204.2300,0.3700
1783084598.960947,2964,4540,6998,6848,205.5600,1.1900
1783084598.976959,2964,4522,6970,6754,205.5600,1.1900
1783084598.993093,2992,4568,6989,6801,205.5600,1.1900
1783084599.009071,3030,4559,6989,6754,198.8700,1.5600
1783084599.025116,3002,4550,6998,6792,198.8700,1.5600
1783084599.041181,2964,4531,6979,6885,198.8700,1.5600
1783084599.059901,2983,4597,6989,6782,204.2300,0.9400
1783084599.074107,2992,4503,6998,6820,204.2300,0.9400
1783084599.090586,2955,4493,7017,6848,204.2300,0.9400
1783084599.105181,2955,4522,7017,6735,202.8500,-0.1900
1783084599.121380,2983,4531,7026,6829,202.8500,-0.1900
1783084599.137112,2936,4568,7045,6801,202.8500,-0.1900
1783084599.152849,2955,4484,7054,6820,202.8500,-0.1900
1783084599.169658,2974,4512,7073,6857,202.8500,-0.1200
1783084599.184841,2946,4503,7064,6839,202.8500,-0.1200
1783084599.201012,2946,4597,7082,6782,202.8500,-0.1200
1783084599.217500,2974,4559,7073,6792,204.1800,0.2500
1783084599.232935,2946,4540,7073,6792,204.1800,0.2500
1783084599.249156,3021,4503,7064,6857,204.1800,0.2500
1783084599.266286,2964,4540,7073,6792,204.2300,-1.0000
1783084599.281789,2983,4597,7064,6857,204.2300,-1.0000
1783084599.297287,2917,4550,7073,6801,204.2300,-1.0000
1783084599.313550,2927,4484,7036,6857,196.2200,0.2500
1783084599.329219,2946,4540,6998,6810,196.2200,0.2500
1783084599.345038,2992,4512,7064,6867,196.2200,0.2500
1783084599.364023,3021,4578,7064,6867,202.8500,1.9400
1783084599.379987,3030,4559,7082,6782,202.8500,1.9400
1783084599.396238,2927,4503,7073,6839,202.8500,1.9400
1783084599.412013,2899,4493,7111,6820,206.9900,-1.1200
1783084599.428086,2899,4540,7073,6763,206.9900,-1.1200
1783084599.444366,2899,4540,7111,6829,206.9900,-1.1200
1783084599.460238,2964,4522,7129,6895,200.1500,0.8800
1783084599.476375,2908,4522,7082,6820,200.1500,0.8800
1783084599.493151,2870,4540,7139,6810,200.1500,0.8800
1783084599.509095,2870,4465,7082,6876,200.1500,0.8800
1783084599.524482,2852,4503,7120,6810,201.5300,-0.5600
1783084599.540823,2852,4428,7129,6932,201.5300,-0.5600
1783084599.556356,2889,4456,7157,6867,197.4400,0.9400
1783084599.572229,2880,4475,7157,6867,197.4400,0.9400
1783084599.587855,2842,4503,7148,6839,197.4400,0.9400
1783084599.603631,2870,4400,7139,6820,197.4400,0.9400
1783084599.622079,2899,4493,7082,6820,202.8500,-0.2500
1783084599.637445,2889,4531,7139,6857,202.8500,-0.2500
1783084599.653800,2889,4437,7082,6876,201.4700,1.1200
1783084599.669496,2899,4484,7157,6885,201.4700,1.1200
1783084599.685570,2852,4484,7129,6876,201.4700,1.1200
1783084599.701773,2852,4465,7101,6914,198.8700,0.3700
1783084599.719435,2946,4512,7111,6914,198.8700,0.3700
1783084599.735323,2927,4437,7101,6895,198.8700,0.3700
1783084599.751863,2880,4437,7129,6829,198.8700,0.3700
1783084599.767825,2861,4465,7148,6885,200.1500,-0.6900
1783084599.783561,2870,4381,7176,6857,200.1500,-0.6900
1783084599.798975,2899,4446,7092,6914,200.1500,-0.6900
1783084599.814570,2946,4437,7120,6914,204.2300,-1.9400
1783084599.830687,2899,4428,7139,6904,204.2300,-1.9400
1783084599.846908,2842,4465,7129,6904,204.2300,-1.9400
1783084599.862221,2842,4456,7120,6942,200.1500,-0.4400
1783084599.879331,2870,4484,7120,6942,200.1500,-0.4400
1783084599.895437,2889,4446,7129,6942,200.1500,-0.4400
1783084599.912683,2880,4456,7129,6951,196.2200,-0.3700
1783084599.928309,2852,4465,7101,6932,196.2200,-0.3700
1783084599.945378,2861,4400,7167,6932,196.2200,-0.3700
1783084599.962701,2824,4437,7176,6923,200.1500,1.5000
1783084599.979865,2852,4465,7167,6923,200.1500,1.5000
1783084599.995619,2824,4446,7176,6904,200.1500,1.5000
1783084600.011564,2805,4456,7186,6951,200.1500,0.1200
1783084600.027691,2899,4446,7176,6885,200.1500,0.1200
1783084600.043863,2908,4437,7167,6932,200.1500,0.1200
1783084600.059783,2842,4418,7167,6895,200.1500,1.5000
1783084600.076823,2861,4428,7186,6942,200.1500,1.5000
1783084600.093046,2880,4475,7233,6970,200.1500,1.5000
1783084600.109676,2824,4456,7186,6951,194.7400,0.0600
1783084600.123914,2805,4465,7186,6951,194.7400,0.0600
1783084600.140022,2805,4428,7186,6942,194.7400,0.0600
1783084600.155326,2795,4456,7195,7007,205.5600,-0.3700
1783084600.171347,2795,4446,7214,6932,205.5600,-0.3700
1783084600.187601,2814,4381,7223,6998,205.5600,-0.3700
1783084600.203328,2805,4446,7204,6932,205.5600,-0.3700
1783084600.220421,2786,4400,7214,6932,202.8500,-1.3700
1783084600.236587,2814,4475,7233,6914,202.8500,-1.3700
1783084600.252285,2795,4390,7195,6942,202.8500,-1.3700
1783084600.268720,2861,4446,7186,6942,200.1500,-0.1900
1783084600.286916,2814,4484,7195,6942,200.1500,-0.1900
1783084600.304832,2861,4400,7233,6942,200.1500,-0.1900
1783084600.321284,2805,4446,7233,6932,205.5600,-0.4400
1783084600.339937,2795,4400,7233,6932,205.5600,-0.4400
1783084600.355900,2833,4390,7176,6932,202.8500,0.0600
1783084600.373884,2880,4418,7242,6932,202.8500,0.0600
1783084600.391965,2777,4315,7195,6932,202.8500,0.0600
1783084600.408686,2767,4381,7242,6960,205.5600,1.7500
1783084600.425679,2795,4446,7242,6960,205.5600,1.7500
1783084600.440935,2805,4343,7261,6960,205.5600,1.7500
1783084600.459521,2767,4353,7242,6998,210.9700,-0.3100
1783084600.473956,2786,4343,7233,6989,210.9700,-0.3100
1783084600.489925,2795,4400,7214,7026,210.9700,-0.3100
1783084600.506141,2749,4343,7223,6951,205.5600,1.8800
1783084600.520904,2758,4409,7233,6979,205.5600,1.8800
1783084600.537249,2786,4325,7242,7017,205.5600,1.8800
1783084600.553027,2720,4371,7242,6979,205.5600,1.8800
1783084600.568937,2758,4343,7270,6998,202.8500,-1.0600
1783084600.585278,2767,4343,7242,7017,202.8500,-1.0600
1783084600.600920,2720,4400,7289,6951,202.8500,-1.0600
1783084600.619693,2711,4418,7242,6951,205.5600,0.6900
1783084600.635380,2814,4353,7251,6989,205.5600,0.6900
1783084600.652003,2795,4343,7289,7036,205.5600,0.6900
1783084600.669090,2786,4343,7223,7036,205.5600,-0.6900
1783084600.684937,2730,4390,7308,7036,205.5600,-0.6900
1783084600.701784,2758,4306,7308,7026,205.5600,-0.6900
1783084600.717824,2730,4325,7308,7045,205.5600,1.3700
1783084600.734566,2711,4343,7308,6989,205.5600,1.3700
1783084600.750456,2720,4240,7279,7017,205.5600,1.3700
1783084600.766541,2749,4315,7279,7082,201.5300,-1.1200
1783084600.782869,2739,4334,7261,7026,201.5300,-1.1200
1783084600.798781,2664,4306,7279,7007,201.5300,-1.1200
1783084600.814078,2730,4315,7261,7007,205.5600,-1.1900
1783084600.832289,2702,4362,7270,7007,205.5600,-1.1900
1783084600.850143,2664,4315,7279,7007,205.5600,-1.1900
1783084600.867163,2664,4343,7336,7007,206.9900,-1.7500
1783084600.882943,2674,4287,7326,7082,206.9900,-1.7500
1783084600.898875,2674,4315,7289,7054,206.9900,-1.7500
1783084600.915231,2627,4296,7279,7017,202.8500,0.0600
1783084600.933380,2674,4240,7270,7017,202.8500,0.0600
1783084600.949017,2674,4287,7345,7045,202.8500,0.0600
1783084600.968250,2664,4325,7345,7045,200.1500,0.8800
1783084600.987968,2589,4287,7345,7045,200.1500,0.8800
1783084601.004170,2617,4287,7289,7045,196.2200,0.3100
1783084601.022283,2627,4268,7308,7045,196.2200,0.3100
1783084601.039848,2683,4315,7308,7045,196.2200,0.3100
1783084601.058266,2636,4325,7308,7073,205.5600,1.7500
1783084601.076530,2655,4296,7308,7073,205.5600,1.7500
1783084601.094526,2720,4296,7308,7073,205.5600,1.7500
1783084601.113747,2655,4296,7308,7073,200.1500,-0.9400
1783084601.133315,2683,4315,7308,7073,200.1500,-0.9400
1783084601.151368,2617,4221,7354,7073,200.1500,-0.9400
1783084601.168453,2589,4315,7345,7073,206.9900,0.9400
1783084601.188051,2608,4221,7345,7073,206.9900,0.9400
1783084601.206253,2608,4268,7308,7073,206.9900,0.9400
1783084601.222114,2608,4259,7373,7064,201.5300,-0.3100
1783084601.240098,2636,4249,7354,7064,201.5300,-0.3100
1783084601.258060,2552,4231,7383,7064,209.7500,0.8800
1783084601.277385,2645,4249,7383,7064,209.7500,0.8800
1783084601.293715,2598,4249,7354,7148,209.7500,0.8800
1783084601.310788,2645,4240,7373,7101,204.1800,-1.5000
1783084601.325396,2570,4221,7392,7073,204.1800,-1.5000
1783084601.341628,2533,4203,7401,7073,204.1800,-1.5000
1783084601.361478,2570,4212,7364,7073,205.5600,2.3800
1783084601.377857,2580,4268,7392,7073,205.5600,2.3800
1783084601.393732,2523,4203,7401,7111,205.5600,2.3800
1783084601.410826,2598,4184,7420,7092,202.8500,-1.4400
1783084601.425962,2627,4193,7411,7111,202.8500,-1.4400
1783084601.443065,2533,4221,7430,7111,202.8500,-1.4400
1783084601.460048,2514,4193,7383,7186,205.5600,3.1900
1783084601.474414,2533,4174,7430,7139,205.5600,3.1900
1783084601.490731,2533,4203,7420,7120,205.5600,3.1900
1783084601.506482,2570,4184,7383,7148,205.5600,3.1900
1783084601.522593,2514,4203,7411,7176,204.2300,-2.9400
1783084601.539034,2486,4203,7411,7176,204.2300,-2.9400
1783084601.554503,2542,4278,7430,7120,204.2300,-2.9400
1783084601.569570,2542,4203,7439,7120,201.5300,1.5000
1783084601.588466,2514,4184,7439,7167,201.5300,1.5000
1783084601.604887,2514,4212,7448,7148,205.5600,-1.3700
1783084601.620496,2514,4203,7392,7195,205.5600,-1.3700
1783084601.636536,2495,4193,7439,7129,205.5600,-1.3700
1783084601.652988,2533,4184,7383,7167,205.5600,-1.3700
1783084601.667558,2495,4212,7439,7176,202.8500,1.6900
1783084601.683858,2505,4212,7373,7195,202.8500,1.6900
1783084601.699761,2505,4212,7439,7167,202.8500,1.6900
1783084601.716052,2514,4203,7439,7167,210.9700,-1.0600
1783084601.731717,2448,4203,7448,7195,210.9700,-1.0600
1783084601.747899,2505,4203,7458,7195,210.9700,-1.0600
1783084601.764018,2486,4174,7467,7223,205.5600,0.0000
1783084601.779934,2486,4184,7476,7214,205.5600,0.0000
1783084601.795846,2495,4203,7448,7279,205.5600,0.0000
1783084601.811666,2467,4193,7486,7223,200.1500,-0.9400
1783084601.827648,2467,4156,7476,7186,200.1500,-0.9400
1783084601.843931,2458,4156,7495,7214,200.1500,-0.9400
1783084601.860468,2495,4165,7486,7214,205.5600,-0.3700
1783084601.878645,2505,4137,7467,7214,205.5600,-0.3700
1783084601.894887,2439,4128,7458,7251,205.5600,-0.3700
1783084601.910892,2458,4128,7486,7251,200.1500,-0.5600
1783084601.926637,2439,4212,7476,7204,200.1500,-0.5600
1783084601.942729,2430,4118,7551,7298,200.1500,-0.5600
1783084601.960073,2514,4184,7439,7214,205.5600,0.4400
1783084601.974712,2420,4128,7495,7223,205.5600,0.4400
1783084601.990844,2420,4137,7486,7317,205.5600,0.4400
1783084602.007107,2448,4146,7514,7223,197.4400,0.1200
1783084602.024935,2383,4240,7505,7223,197.4400,0.1200
1783084602.040645,2430,4109,7505,7261,197.4400,0.1200
1783084602.057203,2477,4146,7505,7289,202.8500,-1.6300
1783084602.073079,2420,4099,7476,7261,202.8500,-1.6300
1783084602.088815,2439,4118,7514,7261,202.8500,-1.6300
1783084602.104759,2448,4165,7542,7289,202.8500,-1.6300
1783084602.123737,2458,4156,7542,7289,200.1500,1.0000
1783084602.139802,2448,4137,7505,7317,200.1500,1.0000
1783084602.156154,2430,4259,7533,7289,200.1500,0.1900
1783084602.171519,2439,4203,7523,7336,200.1500,0.1900
1783084602.187544,2439,4174,7551,7354,200.1500,0.1900
1783084602.203816,2420,4174,7505,7317,194.7400,1.0600
1783084602.221729,2411,4156,7523,7317,194.7400,1.0600
1783084602.237522,2411,4128,7514,7326,194.7400,1.0600
1783084602.253593,2439,4193,7570,7430,194.7400,1.0600
1783084602.268815,2439,4193,7580,7448,197.4400,-0.3700
1783084602.285720,2420,4156,7533,7383,197.4400,-0.3700
1783084602.301177,2411,4137,7542,7326,197.4400,-0.3700
1783084602.316775,2401,4165,7598,7383,200.1500,0.6300
1783084602.332896,2430,4156,7551,7336,200.1500,0.6300
1783084602.349296,2411,4184,7542,7392,200.1500,0.6300
1783084602.365136,2392,4193,7570,7411,197.4400,-0.5600
1783084602.383092,2411,4193,7570,7467,197.4400,-0.5600
1783084602.399076,2383,4146,7598,7364,197.4400,-0.5600
1783084602.416964,2420,4109,7514,7364,194.7400,1.0600
1783084602.433852,2420,4118,7514,7401,194.7400,1.0600
1783084602.451821,2326,4174,7514,7336,194.7400,1.0600
1783084602.471695,2430,4165,7514,7336,190.9200,-1.2500
1783084602.487678,2336,4128,7570,7392,190.9200,-1.2500
1783084602.505628,2495,4165,7570,7373,195.9500,0.2500
1783084602.520635,2373,4156,7608,7373,195.9500,0.2500
1783084602.538682,2336,4081,7570,7373,195.9500,0.2500
1783084602.555687,2345,4156,7570,7430,195.9500,0.2500
1783084602.571370,2336,4099,7570,7458,192.0300,-4.1300
1783084602.587018,2326,4062,7636,7401,192.0300,-4.1300
1783084602.605134,2355,4109,7636,7401,192.0300,-4.1300
1783084602.619978,2401,4128,7655,7439,189.3300,3.7500
1783084602.636270,2345,4081,7598,7401,189.3300,3.7500
1783084602.654235,2392,4099,7598,7505,182.9600,-2.6300
1783084602.670024,2345,4081,7589,7476,182.9600,-2.6300
1783084602.688387,2298,4156,7627,7476,182.9600,-2.6300
1783084602.704198,2383,4090,7627,7476,182.9600,-2.6300
1783084602.719047,2345,4071,7627,7486,189.3300,2.2500
1783084602.735998,2345,4043,7655,7495,189.3300,2.2500
1783084602.751992,2280,4128,7627,7514,189.3300,2.2500
1783084602.768218,2308,4052,7645,7514,193.1900,-0.3700
1783084602.782802,2392,4109,7617,7514,193.1900,-0.3700
1783084602.800771,2298,4109,7617,7561,193.1900,-0.3700
1783084602.817076,2308,4109,7664,7476,182.9600,0.6900
1783084602.832798,2317,4071,7673,7420,182.9600,0.6900
1783084602.850895,2345,4090,7627,7420,182.9600,0.6900
1783084602.867261,2317,4052,7636,7617,187.6700,0.8100
1783084602.883709,2280,4081,7636,7580,187.6700,0.8100
1783084602.899260,2317,4071,7664,7570,187.6700,0.8100
1783084602.917112,2345,4071,7598,7570,182.9600,-0.6900
1783084602.933413,2345,4109,7617,7476,182.9600,-0.6900
1783084602.949636,2308,4081,7608,7458,182.9600,-0.6900
1783084602.964426,2251,4052,7608,7439,182.1500,-0.5600
1783084602.979873,2317,3987,7627,7533,182.1500,-0.5600
1783084602.996127,2364,4052,7627,7486,182.1500,-0.5600
1783084603.011912,2261,4034,7655,7486,189.3300,-0.8100
1783084603.027998,2280,4109,7627,7514,189.3300,-0.8100
1783084603.044241,2326,4062,7645,7533,189.3300,-0.8100
1783084603.061023,2326,4043,7692,7476,177.6600,-1.0600
1783084603.076752,2280,4006,7636,7645,177.6600,-1.0600
1783084603.092801,2289,4090,7645,7533,177.6600,-1.0600
1783084603.110515,2298,4071,7664,7561,181.2100,-0.2500
1783084603.124233,2280,4071,7683,7533,181.2100,-0.2500
1783084603.140694,2270,4071,7664,7645,181.2100,-0.2500
1783084603.156325,2317,4062,7645,7589,181.2100,-0.2500
1783084603.172358,2233,4062,7673,7533,181.2100,-0.5000
1783084603.188510,2289,3987,7673,7636,181.2100,-0.5000
1783084603.204237,2289,4015,7673,7561,181.2100,-0.5000
1783084603.221392,2298,4034,7636,7561,186.6200,0.1200
1783084603.237548,2298,3996,7692,7608,186.6200,0.1200
1783084603.253461,2251,3987,7683,7580,182.1500,-0.9400
1783084603.269051,2214,4043,7683,7580,182.1500,-0.9400
1783084603.287070,2270,4006,7683,7570,182.1500,-0.9400
1783084603.303332,2261,4015,7683,7692,182.1500,-0.9400
1783084603.319107,2289,4062,7683,7627,178.5100,0.6900
1783084603.335068,2261,4062,7720,7533,178.5100,0.6900
1783084603.351382,2223,4099,7683,7645,178.5100,0.6900
1783084603.368597,2233,4052,7739,7645,175.0100,-1.0000
1783084603.388156,2298,4024,7739,7645,175.0100,-1.0000
1783084603.408575,2345,4006,7739,7645,182.1500,0.5000
1783084603.424037,2345,4034,7739,7542,182.1500,0.5000
1783084603.443148,2289,4128,7739,7542,182.1500,0.5000
1783084603.460722,2336,4052,7730,7542,175.0100,-0.8100
1783084603.477819,2308,4081,7720,7542,175.0100,-0.8100
1783084603.497338,2308,3996,7720,7542,175.0100,-0.8100
1783084603.516401,2280,4015,7720,7542,173.1000,-0.0600
1783084603.536712,2280,3996,7720,7542,173.1000,-0.0600
1783084603.554775,2270,3987,7720,7542,175.8000,-0.1900
1783084603.573618,2326,3996,7720,7542,175.8000,-0.1900
1783084603.592175,2308,3996,7720,7542,175.8000,-0.1900
1783084603.611107,2280,4034,7720,7542,173.1000,-0.0600
1783084603.631725,2251,3959,7720,7542,173.1000,-0.0600
1783084603.651562,2280,4015,7720,7542,173.1000,-0.0600
1783084603.669406,2336,4015,7720,7542,176.6300,1.8100
1783084603.687640,2298,4015,7720,7542,176.6300,1.8100
1783084603.707242,2355,4081,7720,7542,169.7100,-1.4400
1783084603.723600,2251,3959,7786,7617,169.7100,-1.4400
1783084603.739505,2345,4043,7833,7664,169.7100,-1.4400
1783084603.755275,2195,4034,7767,7580,169.7100,-1.4400
1783084603.773383,2270,4090,7767,7683,173.1000,0.3100
1783084603.792242,2289,3968,7767,7683,173.1000,0.3100
1783084603.812559,2261,4006,7767,7683,167.6900,-0.8100
1783084603.832641,2233,3959,7767,7683,167.6900,-0.8100
1783084603.851762,2261,3977,7767,7683,167.6900,-0.8100
1783084603.872130,2270,4034,7767,7683,170.4000,-0.7500
1783084603.888211,2270,3987,7814,7720,170.4000,-0.7500
1783084603.908854,2242,3921,7814,7720,170.4000,-0.8100
1783084603.927265,2233,4062,7814,7720,170.4000,-0.8100
1783084603.947462,2317,3968,7814,7720,170.4000,-0.8100
1783084603.966800,2261,3959,7814,7720,175.8000,-0.6900
1783084603.982713,2233,4015,7786,7645,175.8000,-0.6900
1783084603.998026,2195,3968,7833,7645,175.8000,-0.6900
1783084604.017584,2280,3940,7833,7645,173.1000,0.3700
1783084604.037418,2317,3949,7833,7645,173.1000,0.3700
1783084604.057750,2223,3987,7833,7645,173.1000,-2.1300
1783084604.072734,2195,3987,7833,7645,173.1000,-2.1300
1783084604.092698,2251,4006,7833,7645,173.1000,-2.1300
1783084604.110662,2261,3987,7795,7645,173.1000,1.0000
1783084604.128695,2223,3977,7824,7645,173.1000,1.0000
1783084604.146708,2251,4015,7852,7645,173.1000,1.0000
1783084604.165857,2251,3949,7852,7645,173.1000,-2.9400
1783084604.181651,2233,3977,7861,7645,173.1000,-2.9400
1783084604.200755,2204,3987,7861,7645,173.1000,-2.9400
1783084604.217790,2289,4006,7861,7645,173.1000,0.6300
1783084604.236728,2270,3968,7861,7645,173.1000,0.6300
1783084604.255801,2298,3949,7861,7645,173.1000,0.6300
1783084604.274076,2176,3987,7861,7645,170.4000,-2.5600
1783084604.290931,2223,4015,7833,7645,170.4000,-2.5600
1783084604.309656,2233,3987,7833,7730,170.4000,1.4400
1783084604.324757,2176,4015,7870,7730,170.4000,1.4400
1783084604.340752,2167,3940,7870,7692,170.4000,1.4400
1783084604.359766,2158,3949,7852,7692,167.6900,-1.1900
1783084604.375031,2167,4015,7908,7730,167.6900,-1.1900
1783084604.392924,2148,3987,7852,7730,167.6900,-1.1900
1783084604.407952,2186,4015,7852,7730,173.1000,2.3100
1783084604.424772,2139,3931,7908,7730,173.1000,2.3100
1783084604.442845,2261,3940,7908,7730,173.1000,2.3100
1783084604.460243,2176,4006,7870,7730,167.6900,-1.6900
1783084604.477986,2167,3959,7870,7673,167.6900,-1.6900
1783084604.493774,2176,3977,7870,7758,167.6900,-1.6900
1783084604.510081,2204,3893,7917,7702,167.6900,2.1300
1783084604.527824,2054,3874,7908,7702,167.6900,2.1300
1783084604.544083,2233,3884,7889,7748,167.6900,2.1300
1783084604.561598,2045,3884,7870,7748,167.0500,0.5000
1783084604.579242,2186,3921,7870,7758,167.0500,0.5000
1783084604.595977,2167,3968,7861,7758,167.0500,0.5000
1783084604.616095,2158,3921,7861,7758,173.8700,0.6300
1783084604.631877,2158,3968,7908,7748,173.8700,0.6300
1783084604.650909,2195,3912,7908,7748,173.8700,0.6300
1783084604.667915,2158,3959,7917,7758,167.6900,1.8100
1783084604.682929,2101,3931,7927,7739,167.6900,1.8100
1783084604.698917,2186,3902,7917,7767,167.6900,1.8100
1783084604.714948,2101,3949,7889,7805,159.1000,-0.8800
1783084604.730954,2158,3940,7870,7758,159.1000,-0.8800
1783084604.747020,2101,3940,7908,7739,159.1000,-0.8800
1783084604.762930,2111,3949,7917,7777,164.9900,0.1200
1783084604.778941,2092,3940,7945,7786,164.9900,0.1200
1783084604.794983,2139,3931,7936,7767,164.9900,0.1200
1783084604.810853,2083,3912,7955,7786,171.1100,-1.4400
1783084604.826985,2064,3921,7899,7786,171.1100,-1.4400
1783084604.843012,2007,3940,7889,7720,171.1100,-1.4400
1783084604.862037,2092,3912,7889,7720,159.1000,-2.4400
1783084604.882007,2092,3921,7889,7720,159.1000,-2.4400
1783084604.899968,2139,3921,7899,7720,159.1000,-2.4400
1783084604.918062,2204,3940,7899,7833,167.6900,1.6300
1783084604.934288,2111,3921,7955,7833,167.6900,1.6300
1783084604.949980,2045,3931,7974,7767,167.6900,1.6300
1783084604.967031,2036,3902,7945,7767,165.5900,-1.6900
1783084604.984030,2026,3912,7955,7852,165.5900,-1.6900
1783084605.000537,2064,3912,7964,7814,165.5900,-1.6900
1783084605.016117,2101,3902,7945,7767,161.7500,1.2500
1783084605.031314,2026,3912,7964,7777,161.7500,1.2500
1783084605.047778,2036,3893,7964,7777,161.7500,1.2500
1783084605.063066,2026,3893,7974,7758,162.8300,-1.9400
1783084605.079649,2054,3902,7974,7861,162.8300,-1.9400
1783084605.095098,2083,3912,7983,7833,162.8300,-1.9400
1783084605.111003,2092,3912,7974,7880,164.9900,0.8100
1783084605.127368,2017,3931,7983,7833,164.9900,0.8100
1783084605.143554,2111,3865,8011,7795,164.9900,0.8100
1783084605.160351,2045,3874,7992,7852,159.1000,-0.0600
1783084605.175102,2017,3884,7974,7824,159.1000,-0.0600
1783084605.191215,2036,3902,7992,7833,159.1000,-0.0600
1783084605.207126,2083,3893,7983,7814,162.2800,0.9400
1783084605.223357,2017,3846,8021,7824,162.2800,0.9400
1783084605.240284,1979,3874,8021,7824,162.2800,0.9400
1783084605.258307,2017,3902,8021,7824,162.2800,-1.3700
1783084605.273139,2129,3884,8021,7852,162.2800,-1.3700
1783084605.291145,2148,3893,8002,7852,162.2800,-1.3700
1783084605.307195,2054,3865,8011,7833,159.5800,0.6300
1783084605.323224,1989,3865,8049,7795,159.5800,0.6300
1783084605.339560,2054,3874,8021,7824,159.5800,0.6300
1783084605.355430,2026,3855,8030,7899,159.5800,0.6300
1783084605.371503,2026,3846,8086,7861,162.2800,-0.8800
1783084605.387364,2036,3818,8077,7852,162.2800,-0.8800
1783084605.403460,2026,3874,8039,7899,162.2800,-0.8800
1783084605.420654,2026,3846,8039,7852,154.1700,0.1200
1783084605.437766,2026,3855,8067,7899,154.1700,0.1200
1783084605.453298,2007,3818,8030,7880,154.1700,0.1200
1783084605.468656,1970,3855,8039,7824,165.5900,0.0000
1783084605.484520,1979,3818,8021,7861,165.5900,0.0000
1783084605.500529,1998,3799,8058,7842,165.5900,0.0000
1783084605.516639,2017,3846,8096,7870,153.8000,-0.6900
1783084605.532627,2017,3837,8039,7852,153.8000,-0.6900
1783084605.548516,2054,3809,7992,7842,153.8000,-0.6900
1783084605.566466,2045,3809,8030,7842,162.2800,0.4400
1783084605.585553,2111,3837,8030,7842,162.2800,0.4400
1783084605.602375,1979,3846,8058,7805,162.2800,0.4400
1783084605.617693,1942,3818,8039,7805,162.8300,-1.6900
1783084605.636035,2073,3799,8067,7805,162.8300,-1.6900
1783084605.651284,2045,3846,8077,7833,162.8300,-1.6900
1783084605.667306,1979,3771,8077,7861,156.4500,1.3100
1783084605.685283,1961,3818,8077,7880,156.4500,1.3100
1783084605.701473,2111,3818,8105,7870,156.4500,1.3100
1783084605.719507,1951,3799,8067,7870,156.8700,-1.1200
1783084605.737449,1923,3837,8049,7870,156.8700,-1.1200
1783084605.756509,1979,3790,8049,7870,156.8700,0.8100
1783084605.772248,1904,3846,8114,7861,156.8700,0.8100
1783084605.790293,1942,3809,8133,7861,156.8700,0.8100
1783084605.806315,2073,3827,8096,7880,159.5800,-0.1200
1783084605.822463,1923,3780,8030,7880,159.5800,-0.1200
1783084605.841398,2026,3855,8030,7880,159.5800,-0.1200
1783084605.861232,1932,3799,8030,7880,159.5800,1.5000
1783084605.881555,2007,3790,8030,7880,159.5800,1.5000
1783084605.899564,1989,3771,8030,8002,159.5800,1.5000
1783084605.917493,2007,3790,8171,8002,154.1700,-0.9400
1783084605.936607,2007,3855,8171,8002,154.1700,-0.9400
1783084605.956354,1989,3809,8171,8002,154.1700,-0.9400
1783084605.975429,1951,3837,8171,8002,154.1700,2.5600
1783084605.995797,2064,3771,8171,8002,154.1700,2.5600
1783084606.012283,1970,3771,8161,7899,154.5500,-1.1900
1783084606.027439,2036,3771,8124,7852,154.5500,-1.1900
1783084606.044227,2026,3799,8133,7842,154.5500,-1.1900
1783084606.061673,1961,3827,8133,7899,148.4900,-0.5600
1783084606.077418,1951,3799,8096,7889,148.4900,-0.5600
1783084606.095412,2007,3837,8096,7870,148.4900,-0.5600
1783084606.111423,1923,3827,8133,7870,151.4600,0.1900
1783084606.127622,1961,3734,8105,7870,151.4600,0.1900
1783084606.143463,2083,3837,8152,7899,151.4600,0.1900
1783084606.160423,1923,3790,8152,7861,148.7600,-0.0600
1783084606.177427,1979,3827,8152,7861,148.7600,-0.0600
1783084606.194613,1961,3762,8142,7861,148.7600,-0.0600
1783084606.212669,1979,3827,8096,7861,148.7600,0.7500
1783084606.231558,2045,3809,8096,7861,148.7600,0.7500
1783084606.251477,1932,3762,8096,7861,148.7600,0.7500
1783084606.269433,1998,3818,8096,7861,151.4600,0.2500
1783084606.284671,1970,3874,8152,7870,151.4600,0.2500
1783084606.300432,1970,3762,8180,7899,151.4600,0.2500
1783084606.316473,1932,3762,8180,7870,148.7600,1.1900
1783084606.336498,1989,3780,8180,7870,148.7600,1.1900
1783084606.354563,1876,3762,8171,7870,148.7600,1.1900
1783084606.371599,1998,3780,8171,7870,146.0500,-0.5000
1783084606.387585,1876,3752,8161,7955,146.0500,-0.5000
1783084606.406533,1932,3790,8161,7955,146.0500,-0.5000
1783084606.424594,1886,3752,8189,7955,154.1700,-0.0600
1783084606.442598,1932,3790,8227,7955,154.1700,-0.0600
1783084606.461477,1989,3827,8227,7955,151.4600,0.0600
1783084606.479589,2036,3827,8199,7955,151.4600,0.0600
1783084606.497591,1979,3846,8199,7955,151.4600,0.0600
1783084606.512781,1923,3790,8161,7917,151.1400,0.4400
1783084606.530639,1961,3771,8208,7917,151.1400,0.4400
1783084606.546624,1839,3790,8208,7908,151.1400,0.4400
1783084606.562616,1848,3752,8218,7917,149.0300,0.0000
1783084606.578639,1857,3762,8180,7917,149.0300,0.0000
1783084606.594635,1876,3762,8227,7964,149.0300,0.0000
1783084606.610908,1904,3752,8171,7955,154.1700,0.6900
1783084606.626660,1867,3771,8218,7964,154.1700,0.6900
1783084606.642644,1876,3696,8199,7945,154.1700,0.6900
1783084606.661064,1876,3734,8208,7945,146.0500,0.0600
1783084606.675700,1867,3743,8189,7964,146.0500,0.0600
1783084606.691889,1848,3771,8208,7945,146.0500,0.0600
1783084606.707661,1857,3734,8227,7955,146.0500,0.0600
1783084606.723696,1867,3762,8199,7908,146.0500,-0.3100
1783084606.740098,1904,3743,8227,7983,146.0500,-0.3100
1783084606.758025,1886,3752,8218,7983,148.7600,-0.1900
1783084606.772768,1876,3762,8218,7927,148.7600,-0.1900
1783084606.789853,1857,3743,8180,7964,148.7600,-0.1900
1783084606.805992,1839,3752,8208,7983,146.0500,-1.1200
1783084606.821744,1857,3734,8236,7992,146.0500,-1.1200
1783084606.837823,1886,3705,8264,7908,146.0500,-1.1200
1783084606.853944,1923,3762,8218,7964,146.0500,-1.1200
1783084606.869770,1839,3743,8199,7955,148.7600,1.6300
1783084606.885804,1829,3752,8246,7964,148.7600,1.6300
1783084606.902045,1829,3790,8274,7964,148.7600,1.6300
1783084606.916788,1904,3734,8246,7955,143.3500,-0.3100
1783084606.932787,1839,3715,8218,7927,143.3500,-0.3100
1783084606.948812,1886,3734,8236,7936,143.3500,-0.3100
1783084606.964769,1829,3743,8236,7983,146.0500,1.3700
1783084606.980861,1857,3762,8236,8021,146.0500,1.3700
1783084606.996816,1839,3705,8208,7945,146.0500,1.3700
1783084607.012768,1829,3696,8246,7964,143.3500,-0.9400
1783084607.028856,1801,3724,8236,8039,143.3500,-0.9400
1783084607.044869,1876,3715,8208,7955,143.3500,-0.9400
1783084607.062948,1876,3780,8208,7955,143.1900,0.5000
1783084607.078896,1829,3743,8246,8021,143.1900,0.5000
1783084607.094890,1810,3696,8246,8021,143.1900,0.5000
1783084607.110992,1820,3734,8227,7945,146.0500,0.8800
1783084607.127001,1820,3752,8246,8002,146.0500,0.8800
1783084607.142417,1820,3715,8199,7992,146.0500,0.8800
1783084607.161050,1820,3743,8283,7992,143.3500,1.3700
1783084607.178553,1810,3752,8255,7992,143.3500,1.3700
1783084607.194018,1876,3724,8255,8002,143.3500,1.3700
1783084607.210721,1820,3743,8246,8039,146.2700,0.9400
1783084607.226493,1810,3705,8293,8011,146.2700,0.9400
1783084607.242001,1829,3743,8302,8002,146.2700,0.9400
1783084607.257986,1810,3696,8274,8002,143.3500,0.8800
1783084607.274318,1792,3715,8274,8039,143.3500,0.8800
1783084607.289998,1773,3752,8264,8021,143.3500,0.8800
1783084607.306015,1810,3724,8283,7992,143.3500,0.8800
1783084607.322274,1886,3724,8274,7983,143.1900,0.3700
1783084607.338032,1839,3724,8302,7992,143.1900,0.3700
1783084607.353071,1782,3734,8255,7964,143.1900,0.3700
1783084607.371081,1801,3715,8274,7964,143.5100,1.3700
1783084607.387345,1801,3734,8255,8021,143.5100,1.3700
1783084607.403060,1773,3724,8283,8030,143.5100,1.3700
1783084607.419046,1792,3715,8246,8011,140.6400,0.3100
1783084607.435117,1867,3752,8293,8002,140.6400,0.3100
1783084607.451079,1857,3696,8283,8002,140.6400,0.3100
1783084607.467244,1829,3743,8293,8039,140.6400,0.0600
1783084607.483149,1782,3687,8255,8058,140.6400,0.0600
1783084607.499101,1801,3677,8302,7983,140.6400,0.0600
1783084607.515095,1782,3724,8321,8002,137.9400,0.5000
1783084607.531188,1801,3696,8302,8030,137.9400,0.5000
1783084607.547139,1820,3724,8302,8011,137.9400,0.5000
1783084607.564189,1857,3715,8302,8011,135.2300,0.1900
1783084607.583401,1923,3780,8302,8011,135.2300,0.1900
1783084607.599135,1876,3762,8264,8058,135.2300,0.1900
1783084607.617133,1810,3734,8264,8096,129.8300,0.0000
1783084607.636173,1923,3752,8264,8096,129.8300,0.0000
1783084607.656177,1876,3734,8264,8096,129.8300,0.0000
1783084607.672302,1857,3687,8349,8039,129.9300,1.5000
1783084607.690259,1886,3715,8330,8039,129.9300,1.5000
1783084607.706652,1801,3687,8321,8021,129.8300,0.3700
1783084607.722433,1735,3715,8321,8030,129.8300,0.3700
1783084607.738379,1782,3677,8358,8049,129.8300,0.3700
1783084607.754467,1801,3696,8330,8039,129.8300,0.3700
1783084607.770295,1754,3658,8311,8039,129.7100,-0.3100
1783084607.786271,1773,3705,8368,8049,129.7100,-0.3100
1783084607.802492,1782,3658,8405,8058,129.7100,-0.3100
1783084607.817310,1782,3649,8405,8030,129.9300,-0.0600
1783084607.834325,1764,3696,8311,8030,129.9300,-0.0600
1783084607.850518,1745,3696,8321,8002,129.9300,-0.0600
1783084607.865315,1745,3696,8358,8049,132.5300,-0.3100
1783084607.881278,1745,3677,8358,8086,132.5300,-0.3100
1783084607.897495,1764,3630,8339,8077,132.5300,-0.3100
1783084607.913229,1745,3677,8358,8039,135.2300,-0.1200
1783084607.929295,1707,3640,8339,8067,135.2300,-0.1200
1783084607.945517,1773,3696,8386,8105,135.2300,-0.1200
1783084607.961195,1726,3640,8358,8058,137.9900,-1.3700
1783084607.977352,1735,3658,8368,8039,137.9900,-1.3700
1783084607.993491,1707,3724,8339,8086,137.9900,-1.3700
1783084608.009768,1707,3658,8377,8058,129.9300,0.3100
1783084608.025561,1717,3696,8368,8096,129.9300,0.3100
1783084608.040719,1754,3696,8386,8067,129.9300,0.3100
1783084608.057525,1754,3687,8349,8086,129.9300,0.3100
1783084608.073441,1717,3677,8368,8058,132.5300,0.3100
1783084608.089674,1726,3677,8368,8077,132.5300,0.3100
1783084608.105385,1726,3715,8377,8096,132.5300,0.3100
1783084608.120584,1707,3640,8377,8086,129.8300,0.1900
1783084608.138652,1735,3649,8396,8086,129.8300,0.1900
1783084608.154770,1745,3649,8358,8105,129.8300,0.1900
1783084608.170753,1679,3640,8368,8077,132.5300,-0.5600
1783084608.186684,1764,3687,8358,8086,132.5300,-0.5600
1783084608.202479,1717,3687,8368,8067,132.5300,-0.5600
1783084608.218448,1717,3696,8415,8086,132.5300,-0.2500
1783084608.234657,1707,3640,8377,8096,132.5300,-0.2500
1783084608.250491,1717,3677,8368,8096,132.5300,-0.2500
1783084608.266513,1754,3696,8396,8114,121.7100,0.9400
1783084608.284517,1707,3677,8396,8086,121.7100,0.9400
1783084608.300606,1679,3658,8405,8142,121.7100,0.9400
1783084608.316572,1726,3677,8415,8067,127.1200,-0.5600
1783084608.332561,1698,3677,8405,8133,127.1200,-0.5600
1783084608.348570,1764,3677,8415,8114,127.1200,-0.5600
1783084608.363555,1735,3696,8424,8086,124.4200,-0.6900
1783084608.379559,1689,3640,8424,8105,124.4200,-0.6900
1783084608.395740,1698,3649,8443,8096,124.4200,-0.6900
1783084608.411425,1679,3649,8405,8086,132.4700,0.7500
1783084608.427566,1735,3687,8433,8114,132.4700,0.7500
1783084608.444701,1717,3687,8424,8096,132.4700,0.7500
1783084608.460817,1689,3640,8396,8114,121.9800,-0.9400
1783084608.476615,1698,3630,8433,8105,121.9800,-0.9400
1783084608.492850,1698,3612,8396,8124,121.9800,-0.9400
1783084608.508944,1735,3658,8424,8142,121.9800,-0.9400
1783084608.524645,1726,3658,8452,8105,132.5300,0.4400
1783084608.541594,1717,3658,8452,8114,132.5300,0.4400
1783084608.558811,1735,3658,8480,8124,129.8300,-1.0600
1783084608.574683,1689,3612,8443,8114,129.8300,-1.0600
1783084608.589659,1679,3658,8415,8096,129.8300,-1.0600
1783084608.605885,1726,3677,8415,8161,129.8300,0.6300
1783084608.621651,1707,3734,8443,8124,129.8300,0.6300
1783084608.637646,1689,3621,8452,8096,129.8300,0.6300
1783084608.655652,1698,3668,8471,8096,129.8300,0.6300
1783084608.671893,1642,3640,8480,8105,127.1200,0.1200
1783084608.687656,1726,3640,8452,8152,127.1200,0.1200
1783084608.703717,1689,3658,8461,8152,127.1200,0.1200
1783084608.719960,1707,3649,8471,8105,124.4200,1.0000
1783084608.735755,1698,3668,8499,8096,124.4200,1.0000
1783084608.751745,1670,3640,8452,8114,124.4200,1.0000
1783084608.767895,1651,3658,8471,8142,129.8300,0.1900
1783084608.783687,1679,3687,8461,8114,129.8300,0.1900
1783084608.799785,1717,3677,8480,8133,129.8300,0.1900
1783084608.814916,1726,3658,8461,8133,124.4200,1.4400
1783084608.830789,1726,3621,8518,8142,124.4200,1.4400
1783084608.846811,1707,3630,8471,8124,124.4200,1.4400
1783084608.862730,1764,3658,8480,8161,124.4200,-0.6900
1783084608.878796,1698,3565,8536,8114,124.4200,-0.6900
1783084608.894845,1707,3612,8490,8152,124.4200,-0.6900
1783084608.910989,1651,3668,8471,8152,127.1200,1.0600
1783084608.926845,1717,3658,8536,8114,127.1200,1.0600
1783084608.942813,1679,3612,8471,8180,127.1200,1.0600
1783084608.958867,1623,3621,8461,8124,127.1200,1.0600
1783084608.974841,1642,3621,8499,8171,124.4200,-1.0000
1783084608.990953,1735,3612,8461,8161,124.4200,-1.0000
1783084609.007097,1698,3640,8452,8133,124.4200,-1.0000
1783084609.022913,1679,3621,8499,8180,127.1200,1.8800
1783084609.039801,1689,3602,8480,8171,127.1200,1.8800
1783084609.055209,1717,3630,8508,8133,127.1200,1.8800
1783084609.071738,1707,3658,8452,8152,119.0100,-0.8800
1783084609.087845,1698,3621,8508,8189,119.0100,-0.8800
1783084609.104281,1707,3621,8490,8142,119.0100,-0.8800
1783084609.118957,1698,3612,8499,8133,124.4200,0.4400
1783084609.135285,1679,3658,8490,8161,124.4200,0.4400
1783084609.150877,1754,3612,8433,8180,124.4200,0.4400
1783084609.166930,1698,3621,8527,8161,116.3000,0.0600
1783084609.183257,1745,3649,8508,8180,116.3000,0.0600
1783084609.199115,1745,3668,8555,8180,116.3000,0.0600
1783084609.214869,1698,3621,8471,8189,124.4200,0.9400
1783084609.231402,1679,3640,8536,8142,124.4200,0.9400
1783084609.247032,1679,3658,8490,8180,124.4200,0.9400
1783084609.262863,1707,3687,8518,8152,113.6000,-0.5000
1783084609.279393,1698,3621,8527,8171,113.6000,-0.5000
1783084609.294964,1679,3630,8518,8133,113.6000,-0.5000
1783084609.312341,1698,3658,8527,8161,121.7100,1.6300
1783084609.326377,1679,3612,8527,8161,121.7100,1.6300
1783084609.344466,1679,3696,8527,8161,121.7100,1.6300
1783084609.360448,1726,3658,8546,8208,121.7100,0.4400
1783084609.377690,1735,3677,8490,8208,121.7100,0.4400
1783084609.393759,1670,3649,8508,8180,121.7100,0.4400
1783084609.410623,1660,3621,8508,8133,121.7100,0.4400
1783084609.426149,1660,3696,8508,8180,119.0100,0.4400
1783084609.441732,1698,3658,8546,8180,119.0100,0.4400
1783084609.457949,1660,3640,8518,8171,119.0100,0.3700
1783084609.477327,1679,3658,8518,8171,119.0100,0.3700
1783084609.494538,1660,3640,8508,8208,119.0100,0.3700
1783084609.512538,1651,3668,8518,8208,119.0100,-0.3100
1783084609.529272,1689,3752,8518,8208,119.0100,-0.3100
1783084609.544536,1698,3649,8508,8180,119.0100,-0.3100
1783084609.561413,1651,3658,8555,8227,119.0100,-0.6300
1783084609.576110,1698,3649,8518,8189,119.0100,-0.6300
1783084609.594069,1660,3630,8508,8189,119.0100,-0.6300
1783084609.612960,1679,3612,8508,8189,124.4200,0.2500
1783084609.633858,1689,3696,8508,8189,124.4200,0.2500
1783084609.651460,1689,3649,8574,8189,124.4200,0.2500
1783084609.667109,1632,3696,8536,8208,119.0100,0.1900
1783084609.683119,1660,3612,8546,8171,119.0100,0.1900
1783084609.699215,1660,3649,8546,8274,119.0100,0.1900
1783084609.717180,1642,3649,8546,8274,119.0100,0.0600
1783084609.733049,1642,3621,8574,8218,119.0100,0.0600
1783084609.748883,1651,3649,8536,8236,119.0100,0.0600
1783084609.765926,1651,3640,8574,8236,116.6700,-0.6300
1783084609.784314,1651,3677,8574,8218,116.6700,-0.6300
1783084609.800944,1642,3612,8546,8227,116.6700,-0.6300
1783084609.816242,1595,3668,8574,8227,121.4400,0.9400
1783084609.832446,1660,3621,8555,8208,121.4400,0.9400
1783084609.848559,1604,3668,8593,8180,121.4400,0.9400
1783084609.864205,1623,3677,8602,8218,116.3000,-1.3700
1783084609.882251,1623,3640,8583,8218,116.3000,-1.3700
1783084609.898665,1632,3668,8602,8208,116.3000,-1.3700
1783084609.914713,1642,3668,8583,8227,116.6700,0.5000
1783084609.930472,1623,3621,8555,8227,116.6700,0.5000
1783084609.946419,1679,3649,8555,8246,116.6700,0.5000
1783084609.964159,1660,3640,8630,8227,119.0100,0.0600
1783084609.977140,1660,3593,8602,8227,119.0100,0.0600
1783084609.993286,1623,3649,8555,8274,119.0100,0.0600
1783084610.009049,1604,3630,8574,8246,119.0100,0.0600
1783084610.025500,1623,3668,8621,8246,118.6800,-0.5000
1783084610.043277,1642,3668,8602,8246,118.6800,-0.5000
1783084610.060337,1623,3649,8593,8236,110.8900,-1.2500
1783084610.075839,1698,3734,8583,8227,110.8900,-1.2500
1783084610.090696,1642,3602,8583,8274,110.8900,-1.2500
1783084610.107640,1660,3649,8583,8283,116.3000,1.3100
1783084610.123378,1595,3640,8602,8246,116.3000,1.3100
1783084610.139178,1604,3583,8593,8227,116.3000,1.3100
1783084610.155482,1613,3649,8565,8236,116.3000,1.3100
1783084610.171254,1613,3593,8630,8283,113.6000,-1.3100
1783084610.187194,1613,3649,8611,8227,113.6000,-1.3100
1783084610.203424,1623,3621,8611,8264,113.6000,-1.3100
1783084610.218242,1679,3583,8611,8264,114.0200,0.1900
1783084610.233356,1595,3668,8602,8246,114.0200,0.1900
1783084610.249246,1660,3565,8565,8218,114.0200,0.1900
1783084610.265475,1595,3621,8611,8255,110.8900,0.6300
1783084610.283488,1660,3640,8611,8255,110.8900,0.6300
1783084610.299930,1717,3630,8611,8246,110.8900,0.6300
1783084610.317702,1670,3602,8611,8218,115.9200,-0.6900
1783084610.334154,1585,3621,8611,8208,115.9200,-0.6900
1783084610.350656,1642,3640,8611,8330,115.9200,-0.6900
1783084610.368539,1670,3677,8687,8330,111.3700,0.8800
1783084610.384313,1632,3593,8649,8349,111.3700,0.8800
1783084610.402346,1613,3668,8640,8349,111.3700,0.8800
1783084610.418676,1595,3583,8630,8255,115.9200,-0.1200
1783084610.434519,1651,3649,8696,8255,115.9200,-0.1200
1783084610.452378,1670,3621,8696,8246,115.9200,-0.1200
1783084610.467469,1585,3593,8611,8246,111.3700,1.3700
1783084610.484851,1585,3583,8630,8274,111.3700,1.3700
1783084610.500383,1604,3649,8621,8302,111.3700,1.3700
1783084610.516448,1576,3640,8621,8302,108.1900,0.5600
1783084610.533457,1623,3630,8602,8283,108.1900,0.5600
1783084610.549708,1604,3621,8658,8264,108.1900,0.5600
1783084610.564428,1585,3602,8640,8255,113.6000,-0.3100
1783084610.580919,1567,3621,8640,8302,113.6000,-0.3100
1783084610.599491,1604,3612,8621,8302,113.6000,-0.3100
1783084610.614773,1623,3621,8630,8264,113.6000,-0.3100
1783084610.630764,1613,3593,8611,8321,113.6000,-0.3100
1783084610.647142,1623,3612,8621,8264,113.6000,-0.3100
1783084610.665126,1567,3593,8696,8264,113.6000,-0.3100
1783084610.680762,1585,3640,8630,8321,113.6000,-0.3100
1783084610.697455,1595,3630,8640,8321,113.6000,-0.3100
1783084610.714562,1604,3658,8640,8293,113.6000,-0.3100
1783084610.729731,1604,3658,8611,8349,113.6000,-0.3100
1783084610.745510,1623,3640,8630,8274,113.6000,-0.3100
1783084610.761560,1585,3649,8649,8264,113.6000,-0.3100
1783084610.778132,1576,3621,8621,8330,113.6000,-0.3100
1783084610.793911,1604,3612,8621,8255,113.6000,-0.3100
1783084610.809835,1613,3602,8640,8311,113.6000,-0.3100
1783084610.826242,1585,3602,8630,8293,113.6000,-0.3100
1783084610.841771,1576,3621,8630,8264,113.6000,-0.3100
1783084610.859775,1595,3621,8658,8264,113.6000,-0.3100
1783084610.875887,1557,3640,8640,8274,113.6000,-0.3100
1783084610.891845,1557,3583,8640,8255,113.6000,-0.3100
1783084610.907532,1613,3630,8640,8302,113.6000,-0.3100
1783084610.923609,1642,3583,8658,8321,113.6000,-0.3100
1783084610.940091,1604,3621,8621,8255,113.6000,-0.3100
1783084610.957230,1595,3612,8649,8264,15.7500,-0.5000
1783084610.971543,1623,3612,8630,8321,15.7500,-0.5000
1783084610.986692,1623,3574,8649,8330,15.7500,-0.5000
1783084611.002687,1613,3630,8640,8377,15.7500,-0.5000
1783084611.019307,1576,3621,8658,8339,0.0000,3.7500
1783084611.035147,1595,3640,8630,8321,0.0000,3.7500
1783084611.050996,1585,3583,8677,8349,0.0000,3.7500
1783084611.067168,1595,3612,8621,8349,8.1100,11.0600
1783084611.083048,1595,3602,8630,8358,8.1100,11.0600
1783084611.099162,1595,3612,8649,8358,8.1100,11.0600
1783084611.115318,1595,3574,8602,8415,5.4100,9.6900
1783084611.131012,1613,3621,8621,8415,5.4100,9.6900
1783084611.146994,1642,3621,8677,8386,5.4100,9.6900
1783084611.163819,1651,3621,8583,8415,5.4100,12.2500
1783084611.179271,1651,3602,8611,8396,5.4100,12.2500
1783084611.194755,1613,3612,8602,8386,5.4100,12.2500
1783084611.211250,1689,3612,8574,8424,0.0000,11.2500
1783084611.226835,1642,3555,8602,8396,0.0000,11.2500
1783084611.242740,1576,3602,8630,8368,0.0000,11.2500
1783084611.257978,1613,3574,8565,8368,8.1100,18.6900
1783084611.273842,1595,3612,8536,8368,8.1100,18.6900
1783084611.290082,1623,3593,8536,8349,8.1100,18.6900
1783084611.307918,1660,3630,8555,8368,8.1100,11.8100
1783084611.321960,1651,3621,8536,8377,8.1100,11.8100
1783084611.337934,1632,3602,8536,8358,8.1100,11.8100
1783084611.354355,1576,3593,8518,8349,2.7000,14.8800
1783084611.370265,1642,3574,8555,8349,2.7000,14.8800
1783084611.386009,1613,3621,8602,8330,2.7000,14.8800
1783084611.402304,1623,3574,8546,8321,10.8200,13.5600
1783084611.417979,1613,3555,8546,8330,10.8200,13.5600
1783084611.434051,1689,3583,8565,8349,10.8200,13.5600
1783084611.450351,1698,3574,8574,8311,10.8200,13.5600
1783084611.466040,1623,3658,8583,8283,2.7000,13.5600
1783084611.482193,1632,3696,8621,8302,2.7000,13.5600
1783084611.498793,1670,3565,8565,8283,2.7000,13.5600
1783084611.514242,1632,3583,8649,8283,0.0000,10.2500
1783084611.530367,1632,3508,8574,8302,0.0000,10.2500
1783084611.545055,1735,3546,8527,8302,0.0000,10.2500
1783084611.561023,1660,3602,8884,8339,2.7000,11.1300
1783084611.578078,1604,3574,8602,8377,2.7000,11.1300
1783084611.593104,1613,3565,8518,8358,2.7000,11.1300
1783084611.609035,1670,3602,8452,8358,0.0000,12.3800
1783084611.625574,1623,3630,8508,8386,0.0000,12.3800
1783084611.641102,1689,3621,8490,8536,0.0000,12.3800
1783084611.657789,1689,3630,8443,8386,0.0000,9.0600
1783084611.673419,1698,3630,8396,8415,0.0000,9.0600
1783084611.689180,1670,3593,8405,8368,0.0000,9.0600
1783084611.705889,1707,3612,8415,8471,2.7000,10.8800
1783084611.721490,1707,3687,8396,8396,2.7000,10.8800
1783084611.737757,1670,3630,8443,8424,2.7000,10.8800
1783084611.753197,1689,3649,8405,8377,2.7000,10.8800
1783084611.769790,1689,3658,8471,8339,5.4100,7.8100
1783084611.785622,1698,3630,8424,8330,5.4100,7.8100
1783084611.802685,1735,3668,8480,8330,5.4100,7.8100
1783084611.818683,1689,3640,8499,8283,0.0000,9.8100
1783084611.834943,1726,3630,8499,8274,0.0000,9.8100
1783084611.850676,1689,3658,8490,8311,0.0000,9.8100
1783084611.866786,1726,3630,8527,8274,0.0000,6.1300
1783084611.882762,1660,3649,8508,8236,0.0000,6.1300
1783084611.897918,1689,3658,8555,8227,0.0000,6.1300
1783084611.915935,1679,3658,8536,8227,5.4100,8.1300
1783084611.932027,1698,3621,8546,8199,5.4100,8.1300
1783084611.948301,1745,3612,8555,8171,5.4100,8.1300
1783084611.964044,1745,3583,8546,8218,0.0000,4.1900
1783084611.980119,1707,3630,8583,8218,0.0000,4.1900
1783084611.997617,1717,3630,8555,8218,0.0000,4.1900
1783084612.014670,1717,3612,8574,8180,2.7000,7.0000
1783084612.029282,1735,3602,8546,8208,2.7000,7.0000
1783084612.046612,1707,3621,8546,8218,2.7000,7.0000
1783084612.064123,1717,3602,8621,8218,2.7000,3.5600
1783084612.079848,1707,3546,8555,8171,2.7000,3.5600
1783084612.094702,1745,3612,8536,8199,2.7000,3.5600
1783084612.110723,1717,3574,8583,8180,0.0000,3.3800
1783084612.126524,1698,3555,8527,8199,0.0000,3.3800
1783084612.142401,1707,3583,8565,8180,0.0000,3.3800
1783084612.158723,1707,3565,8536,8171,0.0000,4.5600
1783084612.174406,1764,3565,8518,8171,0.0000,4.5600
1783084612.190414,1735,3527,8611,8227,0.0000,4.5600
1783084612.206723,1735,3555,8536,8208,0.0000,3.7500
1783084612.222424,1745,3555,8536,8218,0.0000,3.7500
1783084612.238479,1717,3583,8518,8264,0.0000,3.7500
1783084612.255036,1754,3499,8518,8218,5.4100,4.0000
1783084612.270847,1754,3574,8452,8283,5.4100,4.0000
1783084612.285836,1707,3537,8499,8339,5.4100,4.0000
1783084612.302486,1745,3518,8508,8255,0.0000,2.5000
1783084612.317896,1726,3555,8433,8377,0.0000,2.5000
1783084612.333427,1735,3555,8443,8546,0.0000,2.5000
1783084612.349673,1745,3555,8499,8490,0.0000,2.5000
1783084612.365401,1764,3555,8415,8358,0.0000,2.6300
1783084612.381445,1745,3527,8415,8302,0.0000,2.6300
1783084612.397716,1773,3546,8396,8405,0.0000,2.6300
1783084612.413443,1754,3565,8780,8527,2.7000,3.3800
1783084612.429461,1735,3527,8415,8433,2.7000,3.3800
1783084612.445757,1764,3527,8433,8452,2.7000,3.3800
1783084612.461493,1754,3546,8818,8649,-2.7000,2.0000
1783084612.477583,1764,3508,8724,8499,-2.7000,2.0000
1783084612.493650,1735,3527,8368,8602,-2.7000,2.0000
1783084612.509402,1764,3574,8433,8443,-2.7000,2.8800
1783084612.525452,1782,3452,8396,8386,-2.7000,2.8800
1783084612.541650,1782,3518,8358,8433,-2.7000,2.8800
1783084612.556524,1754,3555,8339,8461,2.7000,3.1900
1783084612.572708,1801,3537,8743,8593,2.7000,3.1900
1783084612.588537,1782,3537,8349,8377,2.7000,3.1900
1783084612.604868,1773,3583,8377,8433,-2.7000,0.6300
1783084612.620894,1764,3537,8311,8518,-2.7000,0.6300
1783084612.636858,1754,3537,8377,8536,-2.7000,0.6300
1783084612.652803,1764,3527,8349,8461,0.0000,2.4400
1783084612.668651,1782,3527,8321,8386,0.0000,2.4400
1783084612.684811,1754,3546,8330,8386,0.0000,2.4400
1783084612.701027,1782,3527,8368,8443,0.0000,2.4400
1783084612.716736,1773,3565,8293,8452,-2.7000,0.8800
1783084612.732742,1754,3565,8349,8480,-2.7000,0.8800
1783084612.748598,1773,3537,8405,8471,-2.7000,0.8800
1783084612.764631,1764,3527,8330,8480,0.0000,1.1200
1783084612.780623,1792,3518,8358,8471,0.0000,1.1200
1783084612.796622,1773,3565,8358,8461,0.0000,1.1200
1783084612.813052,1754,3527,8733,8471,0.0000,1.1200
1783084612.828667,1773,3546,8321,8471,0.0000,1.1200
1783084612.843621,1792,3555,8377,8424,0.0000,1.1200
1783084612.859766,1773,3518,8311,8471,0.0000,1.1200
1783084612.875641,1782,3537,8321,8443,0.0000,1.1200
1783084612.891677,1782,3565,8330,8433,0.0000,1.1200
1783084612.908011,1735,3537,8358,8415,0.0000,1.1200
1783084612.923671,1764,3527,8752,8424,0.0000,1.1200
1783084612.940099,1782,3537,8349,8443,0.0000,1.1200
1783084612.956196,1801,3508,8377,8471,0.0000,1.1200
1783084612.971638,1745,3537,8358,8405,0.0000,1.1200
1783084612.987640,1801,3574,8349,8461,0.0000,1.1200
1783084613.003883,1810,3546,8733,8461,0.0000,1.1200
1783084613.019728,1754,3565,8358,8490,0.0000,1.1200
1783084613.035686,1745,3537,8377,8424,0.0000,1.1200
1783084613.051858,1764,3537,8368,8508,0.0000,1.1200
1783084613.067717,1782,3537,8771,8405,0.0000,1.1200
1783084613.083785,1820,3537,8358,8471,0.0000,1.1200
1783084613.100031,1801,3537,8349,8424,0.0000,1.1200
1783084613.114828,1764,3527,8733,8471,0.0000,1.1200
1783084613.130762,1773,3555,8321,8480,0.0000,1.1200
1783084613.146764,1773,3527,8396,8377,0.0000,1.1200
1783084613.162745,1810,3555,8339,8443,2.0300,-0.4400
1783084613.178758,1764,3546,8321,8415,2.0300,-0.4400
1783084613.195544,1792,3546,8349,8499,2.0300,-0.4400
1783084613.210778,1782,3518,8339,8471,56.8000,-0.0600
1783084613.226788,1764,3546,8311,8461,56.8000,-0.0600
1783084613.242805,1754,3537,8752,8471,56.8000,-0.0600
1783084613.258763,1764,3527,8377,8424,73.0300,-1.9400
1783084613.274869,1782,3508,8358,8461,73.0300,-1.9400
1783084613.290832,1801,3593,8321,8443,73.0300,-1.9400
1783084613.306727,1764,3499,8358,8480,100.7600,-0.0600
1783084613.322837,1782,3555,8377,8508,100.7600,-0.0600
1783084613.338871,1782,3565,8377,8461,100.7600,-0.0600
1783084613.355775,1820,3499,8377,8415,104.8800,-1.6300
1783084613.371276,1754,3527,8358,8405,104.8800,-1.6300
1783084613.386875,1810,3537,8321,8452,104.8800,-1.6300
1783084613.402837,1773,3527,8311,8415,111.3700,-0.6900
1783084613.418044,1801,3518,8321,8480,111.3700,-0.6900
1783084613.433814,1792,3471,8311,8443,111.3700,-0.6900
1783084613.449785,1801,3480,8743,8433,111.3700,-0.6900
1783084613.466235,1792,3537,8330,8452,118.6800,-1.6300
1783084613.482355,1801,3546,8349,8339,118.6800,-1.6300
1783084613.498102,1820,3480,8368,8415,118.6800,-1.6300
1783084613.514257,1745,3527,8293,8518,116.3000,-0.1900
1783084613.530093,1792,3490,8330,8471,116.3000,-0.1900
1783084613.546067,1829,3471,8330,8452,116.3000,-0.1900
1783084613.565169,1829,3499,8330,8452,127.1200,-0.8800
1783084613.582061,1782,3461,8349,8386,127.1200,-0.8800
1783084613.597217,1773,3537,8349,8424,127.1200,-0.8800
1783084613.615101,1810,3537,8349,8424,127.1200,-1.1900
1783084613.630080,1810,3537,8321,8396,127.1200,-1.1900
1783084613.646400,1839,3555,8339,8358,127.1200,-1.1900
1783084613.662187,1792,3546,8762,8349,132.5300,1.5600
1783084613.678039,1820,3480,8264,8349,132.5300,1.5600
1783084613.696129,1810,3461,8264,8415,132.5300,1.5600
1783084613.712285,1801,3565,8236,8321,132.5300,-0.6300
1783084613.728230,1810,3508,8733,8377,132.5300,-0.6300
1783084613.744116,1904,3490,8705,8358,132.5300,-0.6300
1783084613.760182,1792,3565,8724,8358,135.2300,0.5000
1783084613.775981,1792,3480,8733,8405,135.2300,0.5000
1783084613.793323,1820,3471,8743,8405,135.2300,0.5000
1783084613.810115,1792,3508,8330,8377,140.6400,-0.1900
1783084613.826272,1782,3471,8293,8349,140.6400,-0.1900
1783084613.841021,1745,3433,8264,8358,140.6400,-0.1900
1783084613.857152,1782,3546,8733,8358,140.6400,0.4400
1783084613.873487,1848,3443,8358,8415,140.6400,0.4400
1783084613.889309,1782,3508,8302,8358,140.6400,0.4400
1783084613.906017,1792,3471,8311,8349,148.7600,0.9400
1783084613.923100,1764,3461,8349,8349,148.7600,0.9400
1783084613.939134,1801,3443,8264,8386,148.7600,0.9400
1783084613.955628,1782,3527,8274,8330,154.1700,1.8100
1783084613.971073,1745,3471,8264,8386,154.1700,1.8100
1783084613.987104,1801,3471,8358,8302,154.1700,1.8100
1783084614.003225,1820,3508,8330,8358,153.8000,-1.0000
1783084614.019182,1839,3424,8330,8330,153.8000,-1.0000
1783084614.037845,1829,3461,8368,8321,153.8000,-1.0000
1783084614.051164,1801,3471,8368,8339,153.8000,-1.0000
1783084614.067132,1801,3452,8283,8349,160.0700,-0.7500
1783084614.083174,1820,3461,8311,8321,160.0700,-0.7500
1783084614.098109,1839,3480,8283,8302,160.0700,-0.7500
1783084614.114355,1839,3443,8339,8283,164.9900,-1.2500
1783084614.130046,1829,3443,8302,8330,164.9900,-1.2500
1783084614.146044,1839,3461,8293,8302,164.9900,-1.2500
1783084614.162312,1839,3424,8311,8302,162.2800,-0.5000
1783084614.178043,1857,3452,8311,8302,162.2800,-0.5000
1783084614.194060,1848,3433,8302,8283,162.2800,-0.5000
1783084614.210537,1848,3433,8283,8311,170.4000,-1.3100
1783084614.226062,1829,3471,8293,8339,170.4000,-1.3100
1783084614.242110,1848,3433,8274,8311,170.4000,-1.3100
1783084614.258256,1848,3415,8368,8396,173.1000,0.3100
1783084614.274082,1876,3499,8321,8349,173.1000,0.3100
1783084614.290095,1829,3433,8321,8311,173.1000,0.3100
1783084614.306320,1895,3443,8246,8396,178.5100,0.3100
1783084614.322127,1886,3443,8264,8330,178.5100,0.3100
1783084614.338295,1886,3405,8302,8330,178.5100,0.3100
1783084614.355037,1932,3433,8321,8339,178.5100,0.5000
1783084614.370150,1867,3452,8339,8321,178.5100,0.5000
1783084614.385178,1942,3424,8302,8339,178.5100,0.5000
1783084614.401196,1895,3396,8264,8424,178.5100,0.5000
1783084614.417187,1904,3433,8283,8358,186.6200,0.8100
1783084614.433211,1867,3405,8264,8339,186.6200,0.8100
1783084614.449245,1886,3433,8283,8490,186.6200,0.8100
1783084614.465220,1886,3424,8293,8358,189.3300,0.5000
1783084614.481219,1886,3452,8274,8368,189.3300,0.5000
1783084614.497403,1914,3386,8283,8386,189.3300,0.5000
1783084614.513202,1895,3433,8311,8339,188.2700,0.3700
1783084614.529265,1895,3405,8246,8377,188.2700,0.3700
1783084614.545398,1904,3415,8246,8480,188.2700,0.3700
1783084614.561259,1932,3386,8255,8499,193.1900,0.5000
1783084614.577287,1942,3433,8311,8424,193.1900,0.5000
1783084614.593457,1951,3405,8264,8386,193.1900,0.5000
1783084614.609272,1876,3415,8264,8415,200.1500,0.5000
1783084614.625311,1932,3396,8264,8424,200.1500,0.5000
1783084614.641444,1886,3386,8274,8377,200.1500,0.5000
1783084614.657184,1867,3415,8227,8396,194.7400,-0.6900
1783084614.672445,1867,3377,8255,8471,194.7400,-0.6900
1783084614.688248,1961,3386,8218,8424,194.7400,-0.6900
1783084614.704850,1904,3377,8236,8452,200.1500,0.0600
1783084614.720851,1914,3396,8283,8452,200.1500,0.0600
1783084614.736561,1886,3377,8274,8602,200.1500,0.0600
1783084614.752300,1857,3386,8293,8527,200.1500,-0.6300
1783084614.768707,1932,3424,8236,8555,200.1500,-0.6300
1783084614.784527,1876,3358,8293,8546,200.1500,-0.6300
1783084614.800520,1876,3377,8264,8490,200.1500,-0.6300
1783084614.816667,1970,3368,8264,8574,201.5300,-1.5000
1783084614.832537,1904,3358,8658,8546,201.5300,-1.5000
1783084614.848535,1932,3377,8274,8536,201.5300,-1.5000
1783084614.864663,1932,3349,8255,8630,206.9900,1.6300
1783084614.880488,1839,3321,8264,8705,206.9900,1.6300
1783084614.896439,1979,3349,8264,8536,206.9900,1.6300
1783084614.912860,1914,3340,8293,8621,204.1800,0.0000
1783084614.928346,1932,3340,8255,8602,204.1800,0.0000
1783084614.944416,1895,3358,8246,8546,204.1800,0.0000
1783084614.960031,1979,3377,8283,8527,209.7500,0.6300
1783084614.975401,1914,3340,8246,8583,209.7500,0.6300
1783084614.991416,1876,3321,8246,8602,209.7500,0.6300
1783084615.007596,1932,3368,8246,8518,205.5600,2.1900
1783084615.023381,1923,3358,8236,8546,205.5600,2.1900
1783084615.039449,1923,3368,8255,8518,205.5600,2.1900
1783084615.057622,1857,3321,8264,8583,202.8500,0.5000
1783084615.071804,1848,3330,8246,8490,202.8500,0.5000
1783084615.087520,1904,3358,8274,8565,202.8500,0.5000
1783084615.103628,1923,3368,8255,8480,208.2600,0.8100
1783084615.119437,1904,3321,8236,8433,208.2600,0.8100
1783084615.135425,1904,3368,8283,8433,208.2600,0.8100
1783084615.151589,1951,3330,8236,8471,205.5600,-2.9400
1783084615.167449,1979,3340,8236,8555,205.5600,-2.9400
1783084615.183474,1970,3330,8236,8443,205.5600,-2.9400
1783084615.199630,1961,3311,8715,8480,205.5600,1.1200
1783084615.215440,1989,3302,8264,8490,205.5600,1.1200
1783084615.231517,1951,3283,8283,8490,205.5600,1.1200
1783084615.246547,1961,3311,8293,8433,205.5600,1.1200
1783084615.262527,1951,3311,8274,8452,205.5600,-1.4400
1783084615.278686,1904,3283,8236,8499,205.5600,-1.4400
1783084615.294452,1923,3274,8255,8536,205.5600,-1.4400
1783084615.310441,1914,3274,8264,8415,201.5300,2.0000
1783084615.326667,1989,3321,8218,8555,201.5300,2.0000
1783084615.342480,1961,3293,8218,8461,201.5300,2.0000
1783084615.358498,1961,3283,8283,8377,209.7500,-0.9400
1783084615.374673,1998,3283,8255,8405,209.7500,-0.9400
1783084615.390548,1998,3255,8236,8396,209.7500,-0.9400
1783084615.406442,1998,3264,8236,8433,202.8500,2.3100
1783084615.422774,1961,3302,8199,8377,202.8500,2.3100
1783084615.438750,1951,3293,8218,8433,202.8500,2.3100
1783084615.455473,1942,3302,8208,8405,198.8700,-0.3100
1783084615.470752,1951,3246,8227,8405,198.8700,-0.3100
1783084615.486689,1989,3274,8246,8461,198.8700,-0.3100
1783084615.502665,1942,3218,8227,8386,206.9900,1.5600
1783084615.518870,1951,3264,8264,8358,206.9900,1.5600
1783084615.533939,1942,3264,8246,8405,206.9900,1.5600
1783084615.549980,1942,3236,8208,8405,206.9900,1.5600
1783084615.566159,2017,3283,8227,8396,205.5600,0.6900
1783084615.581596,1961,3180,8246,8349,205.5600,0.6900
1783084615.597576,1998,3236,8199,8415,205.5600,0.6900
1783084615.613749,1979,3246,8227,8321,200.1500,4.1300
1783084615.629604,1979,3255,8246,8415,200.1500,4.1300
1783084615.645818,1961,3218,8236,8330,200.1500,4.1300
1783084615.661835,1998,3246,8199,8339,197.4400,2.1300
1783084615.677844,2007,3255,8189,8471,197.4400,2.1300
1783084615.693748,1951,3255,8199,8396,197.4400,2.1300
1783084615.709961,1979,3255,8171,8443,193.5700,-2.4400
1783084615.725733,2026,3218,8152,8377,193.5700,-2.4400
1783084615.741749,2017,3208,8189,8358,193.5700,-2.4400
1783084615.757874,1989,3246,8199,8424,195.9500,0.1200
1783084615.773752,1998,3246,8255,8368,195.9500,0.1200
1783084615.789784,2017,3227,8180,8396,195.9500,0.1200
1783084615.805919,2026,3199,8208,8405,193.5700,-2.8100
1783084615.820750,2007,3218,8189,8368,193.5700,-2.8100
1783084615.836779,1998,3255,8180,8555,193.5700,-2.8100
1783084615.852765,2045,3218,8189,8461,193.5700,-2.8100
1783084615.868757,2026,3218,8161,8396,204.2300,0.9400
1783084615.884851,1961,3255,8171,8443,204.2300,0.9400
1783084615.900790,2045,3208,8246,8386,204.2300,0.9400
1783084615.916768,1998,3152,8208,8405,202.8500,-1.3100
1783084615.932761,2026,3199,8208,8565,202.8500,-1.3100
1783084615.948788,2054,3124,8189,8461,202.8500,-1.3100
1783084615.964771,2092,3246,8180,8386,205.5600,2.9400
1783084615.980873,2036,3161,8189,8415,205.5600,2.9400
1783084615.996861,2045,3227,8189,8415,205.5600,2.9400
1783084616.012736,2045,3161,8189,8499,205.5600,-2.1300
1783084616.028817,2101,3189,8142,8396,205.5600,-2.1300
1783084616.044831,2026,3143,8171,8471,205.5600,-2.1300
1783084616.060842,2017,3189,8171,8415,201.5300,3.0000
1783084616.076849,2007,3171,8180,8508,201.5300,3.0000
1783084616.091848,2045,3152,8171,8536,201.5300,3.0000
1783084616.107817,2083,3161,8124,8611,206.9900,-1.9400
1783084616.123985,2054,3152,8152,8330,206.9900,-1.9400
1783084616.139816,1998,3171,8133,8508,206.9900,-1.9400
1783084616.155918,2026,3161,8161,8443,208.2600,2.0600
1783084616.172032,2007,3171,8133,8743,208.2600,2.0600
1783084616.187877,2073,3171,8133,8602,208.2600,2.0600
1783084616.204246,2026,3105,8152,8902,204.1800,-3.0000
1783084616.220040,2045,3171,8180,8602,204.1800,-3.0000
1783084616.235851,2083,3189,8180,8696,204.1800,-3.0000
1783084616.251942,2073,3114,8199,8583,206.9900,1.7500
1783084616.268133,2101,3114,8199,8762,206.9900,1.7500
1783084616.284146,2120,3171,8208,8668,206.9900,1.7500
1783084616.299882,2064,3086,8208,8565,206.9900,1.7500
1783084616.316053,2083,3152,8227,8471,198.8700,-1.5000
1783084616.331918,2073,3143,8189,8630,198.8700,-1.5000
1783084616.348035,2101,3143,8208,8733,198.8700,-1.5000
1783084616.364103,2101,3124,8199,8640,209.7500,1.3100
1783084616.378908,2073,3189,8189,8630,209.7500,1.3100
1783084616.394934,2045,3096,8171,8546,209.7500,1.3100
1783084616.410950,2129,3143,8171,8424,201.5300,-1.7500
1783084616.426951,2129,3077,8189,8471,201.5300,-1.7500
1783084616.443007,2129,3096,8171,8677,201.5300,-1.7500
1783084616.458884,2148,3105,8152,8424,206.9900,1.1200
1783084616.475264,2120,3161,8142,8621,206.9900,1.1200
1783084616.491294,2092,3077,8161,8461,206.9900,1.1200
1783084616.506987,2120,3105,8133,8705,198.8700,0.0000
1783084616.523022,2054,3143,8171,8546,198.8700,0.0000
1783084616.539041,2111,3105,8161,8705,198.8700,0.0000
1783084616.555196,2111,3152,8152,8640,206.9900,0.8100
1783084616.571050,2129,3039,8180,8433,206.9900,0.8100
1783084616.587066,2186,3143,8189,8480,206.9900,0.8100
1783084616.603594,2120,3096,8171,8536,205.5600,1.7500
1783084616.619067,2120,3086,8171,8611,205.5600,1.7500
1783084616.634425,2111,3067,8189,8443,205.5600,1.7500
1783084616.650110,2148,3161,8142,8377,205.5600,1.7500
1783084616.666048,2111,3077,8218,8583,202.8500,-0.5000
1783084616.682359,2120,3124,8208,8443,202.8500,-0.5000
1783084616.698475,2139,3058,8171,8621,202.8500,-0.5000
1783084616.714404,2129,3133,8171,8527,198.8700,-0.2500
1783084616.730527,2158,3021,8189,8574,198.8700,-0.2500
1783084616.746355,2195,3049,8161,8527,198.8700,-0.2500
1783084616.762143,2186,3114,8152,8368,201.4700,-2.2500
1783084616.778585,2195,3049,8161,8405,201.4700,-2.2500
1783084616.794382,2176,3002,8152,8433,201.4700,-2.2500
1783084616.810377,2167,3096,8133,8546,205.5600,0.1200
1783084616.826445,2158,3011,8171,8480,205.5600,0.1200
1783084616.842204,2129,3058,8171,8396,205.5600,0.1200
1783084616.858295,2195,3011,8161,8640,200.1500,-1.3100
1783084616.874470,2167,3021,8142,8443,200.1500,-1.3100
1783084616.890240,2167,3096,8133,8452,200.1500,-1.3100
1783084616.906207,2167,3067,8114,8583,202.8500,0.4400
1783084616.921380,2158,3067,8171,8443,202.8500,0.4400
1783084616.937207,2167,3002,8096,8518,202.8500,0.4400
1783084616.953264,2186,3030,8133,8499,202.8500,1.4400
1783084616.969424,2186,3058,8124,8555,202.8500,1.4400
1783084616.985290,2242,3143,8096,8555,202.8500,1.4400
1783084617.003331,2261,3171,8096,8658,200.1500,0.8100
1783084617.019300,2186,3011,8105,8461,200.1500,0.8100
1783084617.035461,2176,3039,8133,8499,200.1500,0.8100
1783084617.051309,2204,3058,8124,8396,200.1500,0.8100
1783084617.067343,2195,3030,8133,8480,202.8500,0.7500
1783084617.083563,2242,3058,8133,8405,202.8500,0.7500
1783084617.100323,2214,3049,8161,8593,202.8500,0.7500
1783084617.116403,2214,2974,8114,8405,193.5700,0.7500
1783084617.132998,2242,3077,8152,8518,193.5700,0.7500
1783084617.147383,2233,3011,8105,8443,193.5700,0.7500
1783084617.163635,2195,3039,8133,8640,204.2300,-0.6900
1783084617.179632,2195,2992,8124,8499,204.2300,-0.6900
1783084617.195110,2167,3030,8142,8780,204.2300,-0.6900
1783084617.211482,2204,3039,8152,8527,198.8700,-0.1200
1783084617.227442,2214,2955,8133,8358,198.8700,-0.1200
1783084617.243149,2223,2992,8114,8583,198.8700,-0.1200
1783084617.264157,2289,2917,8152,8424,209.7500,-0.6900
1783084617.275177,2223,3030,8114,8593,209.7500,-0.6900
1783084617.291543,2261,3039,8133,8396,209.7500,-0.6900
1783084617.308261,2233,2936,8124,8415,200.1500,0.1200
1783084617.323698,2251,3021,8152,8827,200.1500,0.1200
1783084617.339437,2233,3002,8124,8480,200.1500,0.1200
1783084617.356917,2242,2983,8142,8396,202.8500,-0.6900
1783084617.371791,2233,2927,8077,8649,202.8500,-0.6900
1783084617.387507,2270,2946,8114,8452,202.8500,-0.6900
1783084617.405120,2261,3049,8152,8368,202.8500,-0.8100
1783084617.419922,2280,2946,8142,8687,202.8500,-0.8100
1783084617.434416,2261,2983,8152,8490,202.8500,-0.8100
1783084617.450808,2261,2983,8142,8677,202.8500,0.5600
1783084617.466410,2270,2936,8152,8762,202.8500,0.5600
1783084617.482511,2233,2936,8152,8508,202.8500,0.5600
1783084617.498788,2233,2964,8133,8762,202.8500,0.5600
1783084617.514618,2251,2946,8133,8443,202.8500,-0.5600
1783084617.530660,2298,2983,8133,8658,202.8500,-0.5600
1783084617.546947,2308,3021,8152,8715,202.8500,-0.5600
1783084617.562501,2280,2992,8114,8658,197.4400,1.7500
1783084617.578504,2261,2964,8133,8949,197.4400,1.7500
1783084617.594464,2242,2974,8161,8386,197.4400,1.7500
1783084617.610202,2270,2917,8096,8649,200.1500,-0.6300
1783084617.626342,2251,2936,8105,8518,200.1500,-0.6300
1783084617.642505,2289,2936,8142,8415,200.1500,-0.6300
1783084617.658194,2317,2936,8114,8630,190.9200,3.8100
1783084617.674356,2270,2974,8114,8518,190.9200,3.8100
1783084617.690872,2289,2992,8105,8602,190.9200,3.8100
1783084617.706511,2280,2908,8114,8677,201.4700,2.3800
1783084617.721677,2298,2964,8096,8752,201.4700,2.3800
1783084617.737751,2317,2964,8077,8649,201.4700,2.3800
1783084617.754694,2298,2908,8124,8630,194.7400,-1.1200
1783084617.770563,2326,2955,8114,8921,194.7400,-1.1200
1783084617.785741,2308,2917,8096,8471,194.7400,-1.1200
1783084617.802040,2317,2955,8124,8602,194.7400,-1.1200
1783084617.817786,2326,2917,8124,8630,200.1500,-2.3100
1783084617.834590,2298,2899,8096,8640,200.1500,-2.3100
1783084617.849621,2336,2908,8096,8405,200.1500,-2.3100
1783084617.865542,2336,2946,8086,8705,196.2200,-1.2500
1783084617.881818,2326,2936,8114,8752,196.2200,-1.2500
1783084617.897652,2336,2852,8105,8621,196.2200,-1.2500
1783084617.913709,2317,2889,8021,8611,204.2300,-1.3700
1783084617.930010,2317,2983,8058,8555,204.2300,-1.3700
1783084617.945607,2345,2908,8086,8912,204.2300,-1.3700
1783084617.961581,2336,2983,8105,8546,202.8500,0.1900
1783084617.977919,2326,2899,8086,8396,202.8500,0.1900
1783084617.993614,2308,2880,8086,8602,202.8500,0.1900
1783084618.008761,2345,2899,8086,8752,202.8500,0.2500
1783084618.024729,2326,2908,8039,8677,202.8500,0.2500
1783084618.040710,2336,2955,8049,8987,202.8500,0.2500
1783084618.058788,2392,2889,8058,8987,205.5600,1.3700
1783084618.074941,2336,2983,8067,8705,205.5600,1.3700
1783084618.090390,2411,2908,8067,8658,205.5600,1.3700
1783084618.106587,2392,2842,8096,8396,201.5300,-2.1900
1783084618.122932,2383,2889,8096,8349,201.5300,-2.1900
1783084618.138429,2345,2870,8030,8461,201.5300,-2.1900
1783084618.155380,2383,2899,8049,8415,206.9900,1.0600
1783084618.170785,2392,2852,8067,8405,206.9900,1.0600
1783084618.186679,2364,2908,8021,8368,206.9900,1.0600
1783084618.202673,2345,2842,8049,8705,210.9700,0.3100
1783084618.218995,2383,2889,8039,8396,210.9700,0.3100
1783084618.234704,2383,2842,8077,8349,210.9700,0.3100
1783084618.249735,2373,2824,8049,8771,210.9700,0.3100
1783084618.265947,2411,2824,8030,8405,205.5600,-0.4400
1783084618.281813,2392,2777,8077,8386,205.5600,-0.4400
1783084618.297753,2364,2880,8086,8405,205.5600,-0.4400
1783084618.313961,2392,2824,8039,8433,208.2600,-0.0600
1783084618.329765,2439,2805,8114,8405,208.2600,-0.0600
1783084618.346138,2420,2861,8039,8339,208.2600,-0.0600
1783084618.363957,2392,2880,8039,8368,200.1500,-0.4400
1783084618.380330,2430,2824,8021,8471,200.1500,-0.4400
1783084618.395808,2430,2814,8039,8527,200.1500,-0.4400
1783084618.411852,2383,2824,8049,8771,208.2600,-1.1200
1783084618.428082,2477,2833,8058,8471,208.2600,-1.1200
1783084618.444102,2430,2814,8002,8415,208.2600,-1.1200
1783084618.459860,2420,2795,8039,8368,205.5600,-1.0600
1783084618.476091,2430,2777,8030,8668,205.5600,-1.0600
1783084618.491799,2430,2814,8002,8396,205.5600,-1.0600
1783084618.507864,2430,2795,8039,8377,205.5600,1.0000
1783084618.522777,2439,2777,8021,8640,205.5600,1.0000
1783084618.539913,2430,2786,8067,8358,205.5600,1.0000
1783084618.556479,2411,2824,8067,8396,202.8500,-1.0000
1783084618.570806,2448,2795,8039,8649,202.8500,-1.0000
1783084618.586735,2467,2805,8011,8452,202.8500,-1.0000
1783084618.603180,2439,2767,8039,8424,205.5600,2.3100
1783084618.618764,2420,2767,8124,8405,205.5600,2.3100
1783084618.634897,2448,2786,8030,8687,205.5600,2.3100
1783084618.651329,2467,2777,8039,8490,202.8500,-1.5000
1783084618.666800,2458,2730,8077,8405,202.8500,-1.5000
1783084618.684810,2430,2814,8077,8377,202.8500,-1.5000
1783084618.700846,2467,2692,8030,8715,202.8500,-1.5000
1783084618.717930,2477,2786,8030,8715,205.5600,1.8100
1783084618.734143,2448,2739,8039,8377,205.5600,1.8100
1783084618.749876,2420,2777,8058,8339,205.5600,1.8100
1783084618.765166,2458,2720,8058,8630,202.8500,-1.4400
1783084618.780820,2458,2749,8058,8630,202.8500,-1.4400
1783084618.796578,2477,2692,8067,8687,202.8500,-1.4400
1783084618.812908,2477,2683,8058,8715,202.8500,-1.0000
1783084618.828582,2467,2739,8030,8396,202.8500,-1.0000
1783084618.844894,2439,2758,8030,8386,202.8500,-1.0000
1783084618.860882,2448,2702,8077,8499,202.8500,-0.8100
1783084618.876576,2448,2749,8002,8396,202.8500,-0.8100
1783084618.892832,2458,2711,8011,8677,202.8500,-0.8100
1783084618.909318,2552,2702,8049,8996,201.5300,0.3700
1783084618.924852,2486,2683,8067,8715,201.5300,0.3700
1783084618.940924,2477,2674,8067,8349,201.5300,0.3700
1783084618.957192,2467,2674,8067,8339,204.2300,-1.8100
1783084618.972960,2486,2645,8039,8443,204.2300,-1.8100
1783084618.988862,2495,2664,8058,8762,204.2300,-1.8100
1783084619.006479,2495,2730,8096,8339,205.5600,0.1200
1783084619.020937,2505,2692,8058,8377,205.5600,0.1200
1783084619.036942,2533,2664,8049,8330,205.5600,0.1200
1783084619.052569,2458,2683,8114,8293,202.8500,0.1900
1783084619.068389,2505,2702,8067,8368,202.8500,0.1900
1783084619.084287,2495,2674,8058,8302,202.8500,0.1900
1783084619.099056,2514,2702,8058,8349,202.8500,0.1900
1783084619.114968,2542,2664,8049,8405,204.1800,-0.1200
1783084619.131022,2514,2627,8021,8386,204.1800,-0.1200
1783084619.146986,2552,2608,8077,8452,204.1800,-0.1200
1783084619.162955,2542,2617,7983,8687,212.5100,1.9400
1783084619.179030,2523,2664,8067,8386,212.5100,1.9400
1783084619.194985,2514,2674,8039,8724,212.5100,1.9400
1783084619.211001,2486,2636,8011,8480,205.5600,0.9400
1783084619.227032,2561,2580,8049,8424,205.5600,0.9400
1783084619.243007,2552,2580,8058,8743,205.5600,0.9400
1783084619.259016,2552,2561,8021,8687,205.5600,1.0000
1783084619.275038,2552,2636,8030,8733,205.5600,1.0000
1783084619.291019,2542,2608,8067,8724,205.5600,1.0000
1783084619.306955,2495,2598,8067,8696,204.1800,-2.6300
1783084619.323068,2523,2552,8011,8358,204.1800,-2.6300
1783084619.339028,2542,2523,8077,8358,204.1800,-2.6300
1783084619.354823,2542,2552,8058,8724,206.9900,0.0000
1783084619.370316,2523,2570,8011,8358,206.9900,0.0000
1783084619.385974,2542,2570,8049,8415,206.9900,0.0000
1783084619.401956,2533,2505,8039,8358,201.5300,-2.7500
1783084619.418348,2580,2523,8067,8339,201.5300,-2.7500
1783084619.434021,2552,2533,8030,8696,201.5300,-2.7500
1783084619.450025,2523,2533,8077,8658,201.5300,-2.7500
1783084619.466251,2570,2523,8039,8358,205.5600,1.1900
1783084619.482022,2552,2523,8049,8321,205.5600,1.1900
1783084619.497996,2561,2505,8058,8368,205.5600,1.1900
1783084619.514344,2598,2523,8067,8339,209.7500,-2.2500
1783084619.530040,2570,2561,8011,8433,209.7500,-2.2500
1783084619.546027,2589,2505,8049,8433,209.7500,-2.2500
1783084619.562439,2589,2542,8030,8415,205.5600,2.2500
1783084619.578063,2608,2533,8452,8396,205.5600,2.2500
1783084619.594063,2645,2533,8049,8349,205.5600,2.2500
1783084619.610363,2589,2523,8049,8396,205.5600,-1.3100
1783084619.626117,2636,2514,8039,8368,205.5600,-1.3100
1783084619.643076,2589,2514,8086,8377,205.5600,-1.3100
1783084619.659139,2617,2486,8002,8461,205.5600,4.5000
1783084619.675155,2645,2542,8096,8405,205.5600,4.5000
1783084619.691182,2655,2486,8011,8377,205.5600,4.5000
1783084619.707191,2645,2505,8030,8377,201.5300,-1.5600
1783084619.723151,2608,2505,8049,8330,201.5300,-1.5600
1783084619.739112,2627,2505,8030,8321,201.5300,-1.5600
1783084619.755531,2627,2505,8039,8743,205.5600,4.4400
1783084619.771233,2627,2505,8105,8471,205.5600,4.4400
1783084619.787134,2627,2495,8077,8358,205.5600,4.4400
1783084619.803222,2692,2505,8021,8415,209.7500,-2.0600
1783084619.820297,2636,2495,8021,8368,209.7500,-2.0600
1783084619.837182,2674,2514,8058,8349,209.7500,-2.0600
1783084619.853133,2627,2495,8002,8452,198.8700,0.3100
1783084619.868340,2598,2467,8096,8443,198.8700,0.3100
1783084619.884123,2664,2495,8058,8443,198.8700,0.3100
1783084619.900104,2692,2486,8086,8424,198.8700,0.3100
1783084619.916453,2674,2505,8105,8349,206.9900,-2.0000
1783084619.932149,2683,2495,8067,8321,206.9900,-2.0000
1783084619.948157,2664,2542,8039,8339,206.9900,-2.0000
1783084619.964518,2674,2477,8058,8386,200.1500,-1.0000
1783084619.980166,2645,2495,8039,8377,200.1500,-1.0000
1783084619.997265,2636,2448,8039,8377,200.1500,-1.0000
1783084620.014139,2664,2486,8077,8386,201.5300,-0.2500
1783084620.030355,2655,2495,8030,8396,201.5300,-0.2500
1783084620.046190,2664,2523,8077,8405,201.5300,-0.2500
1783084620.062143,2683,2486,8021,8368,206.9900,-0.3700
1783084620.078400,2702,2467,8067,8358,206.9900,-0.3700
1783084620.094584,2655,2486,8096,8330,206.9900,-0.3700
1783084620.110300,2683,2477,8021,8321,200.1500,1.1900
1783084620.127483,2674,2448,8021,8321,200.1500,1.1900
1783084620.145167,2674,2486,8021,8358,200.1500,1.1900
1783084620.161401,2674,2439,8021,8339,205.5600,-1.2500
1783084620.177404,2683,2477,7992,8358,205.5600,-1.2500
1783084620.193195,2692,2430,8021,8396,205.5600,-1.2500
1783084620.209361,2683,2486,8049,8386,198.8700,1.2500
1783084620.225176,2636,2448,8011,8386,198.8700,1.2500
1783084620.241333,2674,2477,8011,8377,198.8700,1.2500
1783084620.257241,2702,2495,7992,8368,206.9900,-1.2500
1783084620.274307,2674,2458,8021,8368,206.9900,-1.2500
1783084620.291329,2702,2477,8039,8424,206.9900,-1.2500
1783084620.307347,2711,2448,8049,8377,198.8700,-0.1200
1783084620.322302,2655,2486,8021,8415,198.8700,-0.1200
1783084620.338298,2692,2439,8011,8415,198.8700,-0.1200
1783084620.355103,2692,2439,8039,8377,206.9900,-1.6300
1783084620.370636,2711,2495,8021,8311,206.9900,-1.6300
1783084620.386358,2692,2477,8067,8377,206.9900,-1.6300
1783084620.402505,2720,2448,7992,8368,198.8700,-0.3100
1783084620.418348,2674,2467,8030,8321,198.8700,-0.3100
1783084620.434357,2730,2495,7974,8302,198.8700,-0.3100
1783084620.450538,2711,2458,7983,8405,206.9900,-0.8800
1783084620.466370,2702,2439,8011,8386,206.9900,-0.8800
1783084620.482430,2795,2458,8011,8368,206.9900,-0.8800
1783084620.498582,2702,2448,8002,8424,206.9900,-0.8800
1783084620.515491,2739,2430,8030,8424,201.5300,0.1900
1783084620.532328,2786,2458,7974,8349,201.5300,0.1900
1783084620.548359,2739,2458,8021,8349,201.5300,0.1900
1783084620.564516,2730,2439,8002,8386,206.9900,-0.6900
1783084620.579346,2674,2467,8002,8358,206.9900,-0.6900
1783084620.597415,2711,2345,8021,8358,206.9900,-0.6900
1783084620.613378,2749,2401,8002,8349,201.5300,1.1900
1783084620.629528,2739,2401,8002,8321,201.5300,1.1900
1783084620.645343,2739,2383,8030,8330,201.5300,1.1900
1783084620.664343,2739,2439,8030,8330,198.7100,-0.5600
1783084620.682366,2730,2430,8011,8330,198.7100,-0.5600
1783084620.699395,2730,2401,8011,8386,198.7100,-0.5600
1783084620.715375,2852,2467,8002,8339,201.5300,0.6300
1783084620.730380,2758,2392,8002,8443,201.5300,0.6300
1783084620.746363,2786,2448,8002,8358,201.5300,0.6300
1783084620.762594,2795,2420,7992,8368,206.9900,2.2500
1783084620.778358,2758,2420,7955,8330,206.9900,2.2500
1783084620.794693,2767,2383,8002,8339,206.9900,2.2500
1783084620.810813,2739,2383,7899,8358,198.8700,0.3100
1783084620.826645,2730,2392,8011,8733,198.8700,0.3100
1783084620.842747,2777,2392,8002,8424,198.8700,0.3100
1783084620.858557,2720,2345,8039,8461,204.2300,-0.5000
1783084620.874426,2767,2364,7983,8377,204.2300,-0.5000
1783084620.890463,2758,2364,7983,8790,204.2300,-0.5000
1783084620.906576,2739,2392,8021,8396,202.8500,-1.6300
1783084620.922402,2749,2401,8011,8433,202.8500,-1.6300
1783084620.938398,2730,2383,8002,8452,202.8500,-1.6300
1783084620.955717,2842,2336,8021,8405,193.5700,-0.6900
1783084620.970459,2795,2373,8002,8452,193.5700,-0.6900
1783084620.986546,2805,2355,8039,8386,193.5700,-0.6900
1783084621.003283,2861,2364,8002,8405,202.8500,-2.0000
1783084621.017841,2749,2345,8030,8405,202.8500,-2.0000
1783084621.033801,2795,2383,8021,8368,202.8500,-2.0000
1783084621.050052,2852,2326,8039,8405,204.2300,1.1900
1783084621.065774,2758,2326,7983,8377,204.2300,1.1900
1783084621.083681,2805,2298,7983,8349,204.2300,1.1900
1783084621.099749,2805,2336,7983,8358,204.2300,1.1900
1783084621.115987,2730,2326,7964,8349,201.5300,-1.1200
1783084621.131703,2814,2383,8049,8358,201.5300,-1.1200
1783084621.147677,2805,2317,7992,8339,201.5300,-1.1200
1783084621.163892,2739,2364,8002,8405,206.9900,1.5600
1783084621.179693,2852,2355,8039,8405,206.9900,1.5600
1783084621.195523,2795,2326,8039,8405,206.9900,1.5600
1783084621.211750,2833,2345,8058,8377,204.1800,-1.6300
1783084621.227603,2795,2345,8011,8396,204.1800,-1.6300
1783084621.244572,2777,2298,8011,8302,204.1800,-1.6300
1783084621.260948,2814,2317,8039,8377,209.7500,3.1300
1783084621.276885,2749,2298,8049,8396,209.7500,3.1300
1783084621.292511,2777,2326,8030,8386,209.7500,3.1300
1783084621.308592,2749,2308,8030,8405,204.1800,-1.1900
1783084621.324517,2814,2336,8049,8405,204.1800,-1.1900
1783084621.340516,2749,2373,8002,8368,204.1800,-1.1900
1783084621.356541,2814,2289,8021,8415,206.9900,1.1900
1783084621.372511,2824,2289,8030,8264,206.9900,1.1900
1783084621.388496,2749,2326,8011,8415,206.9900,1.1900
1783084621.406607,2861,2289,8011,8358,201.5300,-1.2500
1783084621.422575,2861,2298,8002,8377,201.5300,-1.2500
1783084621.439929,2749,2308,7983,8377,201.5300,-1.2500
1783084621.457766,2814,2373,7983,8405,204.2300,0.8100
1783084621.473574,2777,2298,8011,8358,204.2300,0.8100
1783084621.489568,2861,2270,8002,8415,204.2300,0.8100
1783084621.505723,2786,2270,8030,8377,202.8500,-1.8800
1783084621.521577,2833,2355,8002,8386,202.8500,-1.8800
1783084621.539742,2852,2289,8002,8358,202.8500,-1.8800
1783084621.557577,2852,2345,8002,8358,208.2600,1.4400
1783084621.574576,2870,2280,8002,8377,208.2600,1.4400
1783084621.591602,2842,2298,8039,8339,208.2600,1.4400
1783084621.607904,2852,2308,8002,8330,205.5600,-0.3700
1783084621.622670,2814,2280,8077,8386,205.5600,-0.3700
1783084621.640559,2795,2308,8077,8424,205.5600,-0.3700
1783084621.656545,2870,2317,8030,8368,200.1500,-1.3700
1783084621.676584,2842,2308,8030,8368,200.1500,-1.3700
1783084621.695622,2861,2289,8030,8368,200.1500,-1.3700
1783084621.712712,2824,2270,8424,8405,202.8500,1.1900
1783084621.729633,2833,2317,8424,8405,202.8500,1.1900
1783084621.747606,2842,2298,8049,8405,202.8500,1.1900
1783084621.763799,2861,2261,7983,8386,202.8500,0.6300
1783084621.781850,2842,2364,8002,8386,202.8500,0.6300
1783084621.801051,2880,2289,8002,8386,198.8700,0.7500
1783084621.820879,2852,2280,8002,8386,198.8700,0.7500
1783084621.837010,2852,2308,7983,8358,198.8700,0.7500
1783084621.854902,2758,2364,7983,8349,206.9900,-0.1200
1783084621.872858,2880,2345,7983,8358,206.9900,-0.1200
1783084621.890771,2786,2298,8030,8358,206.9900,-0.1200
1783084621.909959,2842,2289,8030,8358,201.5300,-0.7500
1783084621.927897,2842,2242,8030,8358,201.5300,-0.7500
1783084621.947823,2814,2270,8030,8358,201.5300,-0.7500
1783084621.967043,2767,2308,8030,8358,204.2300,-0.3700
1783084621.986968,2870,2251,8030,8358,204.2300,-0.3700
1783084622.006850,2870,2270,7945,8358,202.8500,0.0600
1783084622.025960,2870,2242,7945,8358,202.8500,0.0600
1783084622.042733,2870,2280,7945,8752,202.8500,0.0600
1783084622.059755,2833,2270,7927,8752,202.8500,-0.8800
1783084622.077815,2899,2214,7927,8358,202.8500,-0.8800
1783084622.093924,2946,2242,7964,8368,202.8500,-0.8800
1783084622.113774,2946,2261,7964,8461,201.5300,0.3100
1783084622.130137,2917,2233,7992,8433,201.5300,0.3100
1783084622.146771,2880,2270,7992,8433,201.5300,0.3100
1783084622.162721,2889,2261,7964,8405,215.2700,-0.6900
1783084622.179812,2861,2261,7964,8405,215.2700,-0.6900
1783084622.195932,2899,2280,7955,8396,215.2700,-0.6900
1783084622.212741,2917,2289,7955,8386,198.8700,0.7500
1783084622.228784,2927,2261,7974,8386,198.8700,0.7500
1783084622.244727,2936,2270,7983,8415,198.8700,0.7500
1783084622.260767,2917,2289,7992,8405,209.7500,1.6300
1783084622.281172,2917,2298,7955,8405,209.7500,1.6300
1783084622.296760,2946,2242,7992,8349,209.7500,1.6300
1783084622.312770,2936,2223,7945,8358,205.5600,1.6900
1783084622.331828,2899,2167,7945,8358,205.5600,1.6900
1783084622.349889,2899,2298,7992,8405,205.5600,1.6900
1783084622.367835,2889,2289,7992,8405,205.5600,2.3100
1783084622.384776,2946,2270,7992,8368,205.5600,2.3100
1783084622.402816,2908,2251,7992,8386,201.5300,-3.2500
1783084622.418827,2917,2214,8002,8377,201.5300,-3.2500
1783084622.435187,2983,2270,7992,8377,201.5300,-3.2500
1783084622.454137,2964,2261,7992,8396,206.9900,1.5000
1783084622.469909,2992,2195,7974,8433,206.9900,1.5000
1783084622.485880,2964,2261,7983,8386,206.9900,1.5000
1783084622.502888,2974,2214,7983,8433,202.8500,-1.8800
1783084622.519196,3049,2139,7983,8386,202.8500,-1.8800
1783084622.535180,3058,2158,7936,8443,202.8500,-1.8800
1783084622.553381,3067,2233,7936,8827,205.5600,0.5600
1783084622.569130,3011,2148,7964,8405,205.5600,0.5600
1783084622.585085,3049,2176,8039,8386,205.5600,0.5600
1783084622.600903,3030,2167,10975,8415,205.5600,0.5600
1783084622.616902,3021,2158,8002,8415,205.5600,-1.6900
1783084622.632977,3039,2101,7983,8358,205.5600,-1.6900
1783084622.649108,2955,2148,8030,8480,205.5600,-1.6900
1783084622.665026,3011,2148,8002,8405,208.2600,1.8100
1783084622.681181,3067,2139,8002,8405,208.2600,1.8100
1783084622.697260,3114,2129,8002,8452,208.2600,1.8100
1783084622.713345,3105,2101,8011,8377,201.5300,-1.1200
1783084622.728940,3067,2158,8058,8368,201.5300,-1.1200
1783084622.744900,3058,2092,8002,8471,201.5300,-1.1200
1783084622.761239,3058,2073,8021,8396,209.7500,1.6300
1783084622.777421,3171,2111,8021,8377,209.7500,1.6300
1783084622.793318,3227,2083,8011,8471,209.7500,1.6300
1783084622.808979,3283,2083,8002,8396,201.5300,0.0000
1783084622.824969,3461,2092,7945,8377,201.5300,0.0000
1783084622.840952,3480,2111,7992,8461,201.5300,0.0000
1783084622.857211,3386,2101,7992,8415,204.2300,1.9400
1783084622.873186,3199,2054,8002,8443,204.2300,1.9400
1783084622.889142,3171,2120,8002,8471,204.2300,1.9400
1783084622.904879,3377,2036,8011,8818,210.9700,0.6300
1783084622.921032,3246,2092,8077,8405,210.9700,0.6300
1783084622.936998,3293,2083,7983,8433,210.9700,0.6300
1783084622.953738,3349,2054,7974,8377,205.5600,-1.1900
1783084622.969034,3349,2083,8002,8386,205.5600,-1.1900
1783084622.984051,3358,2139,7992,8405,205.5600,-1.1900
1783084623.000259,3264,2148,7992,8377,200.1500,0.8800
1783084623.016062,3443,2064,7974,8480,200.1500,0.8800
1783084623.032070,3452,2101,7974,8415,200.1500,0.8800
1783084623.048325,3452,2129,7964,8461,202.8500,-2.3800
1783084623.064093,3340,2054,7964,8405,202.8500,-2.3800
1783084623.080075,3461,2064,8058,8443,202.8500,-2.3800
1783084623.096238,3415,2083,7992,8433,202.8500,-2.3800
1783084623.112037,3555,2036,7992,8386,205.5600,0.6300
1783084623.128099,3490,2111,7974,8499,205.5600,0.6300
1783084623.144428,3471,2092,7964,8424,205.5600,0.6300
1783084623.159092,3546,2092,7964,8424,205.5600,0.9400
1783084623.177124,3537,2083,7983,8424,205.5600,0.9400
1783084623.194094,3583,2101,7974,8415,205.5600,0.9400
1783084623.210378,3527,2101,7964,8490,208.2600,2.7500
1783084623.226130,3583,2073,7992,8424,208.2600,2.7500
1783084623.241206,3546,2101,7992,8471,208.2600,2.7500
1783084623.257792,3471,2045,7974,8452,202.8500,-1.8100
1783084623.273140,3433,2036,7945,8433,202.8500,-1.8100
1783084623.289132,3490,2092,7955,8508,202.8500,-1.8100
1783084623.305055,3490,2092,7927,8452,201.5300,2.0600
1783084623.321167,3452,2017,7936,8443,201.5300,2.0600
1783084623.337177,3518,2101,7964,8490,201.5300,2.0600
1783084623.354261,3508,2007,7955,8443,204.2300,-1.3100
1783084623.369183,3499,1998,7917,8508,204.2300,-1.3100
1783084623.385144,3518,2101,7945,8499,204.2300,-1.3100
1783084623.401342,3490,2064,7955,8433,201.5300,1.7500
1783084623.417213,3518,2036,7945,8461,201.5300,1.7500
1783084623.433245,3593,2064,7908,8490,201.5300,1.7500
1783084623.449643,3480,2073,7908,8874,209.7500,-3.1300
1783084623.465389,3499,2007,7927,8499,209.7500,-3.1300
1783084623.482594,3593,2036,7927,8490,209.7500,-3.1300
1783084623.498769,3583,2036,7927,8452,209.7500,-3.1300
1783084623.514575,3537,2007,7917,8461,198.8700,2.6900
1783084623.532533,3555,2083,7917,8490,198.8700,2.6900
1783084623.551805,3621,2092,7917,8490,204.2300,-2.5600
1783084623.571439,3480,2092,7917,8490,204.2300,-2.5600
1783084623.588572,3546,2045,7936,8452,204.2300,-2.5600
1783084623.604333,3546,2045,7908,8527,202.8500,1.8100
1783084623.619322,3574,1989,7927,8471,202.8500,1.8100
1783084623.637251,3593,2007,7927,8912,202.8500,1.8100
1783084623.655256,3555,2064,7927,8443,202.8500,-4.6300
1783084623.671544,3640,2073,7955,8452,202.8500,-4.6300
1783084623.687434,3583,2017,7908,8443,202.8500,-4.6300
1783084623.705212,3602,2007,7908,8443,204.1800,-1.6900
1783084623.722344,3640,2083,7908,8461,204.1800,-1.6900
1783084623.739415,3621,1961,7955,8480,204.1800,-1.6900
1783084623.754379,3583,2026,7917,8508,204.2300,1.6300
1783084623.770499,3555,2007,7917,8527,204.2300,1.6300
1783084623.786651,3602,1989,7945,8518,204.2300,1.6300
1783084623.802383,3612,1979,7945,8490,204.2300,1.6300
1783084623.818374,3574,1989,7936,8490,201.5300,-0.1200
1783084623.834661,3546,2026,7955,8555,201.5300,-0.1200
1783084623.850435,3640,1989,7974,8527,201.5300,-0.1200
1783084623.866407,3565,1998,7974,8480,209.7500,1.7500
1783084623.882594,3640,2007,7917,8480,209.7500,1.7500
1783084623.898409,3583,1970,7870,8518,209.7500,1.7500
1783084623.914398,3640,2007,7945,8480,198.8700,0.7500
1783084623.930779,3658,1970,7936,8508,198.8700,0.7500
1783084623.946652,3630,2017,7927,8508,198.8700,0.7500
1783084623.962562,3658,1989,7880,8518,200.1500,0.6300
1783084623.978594,3612,1961,7927,8490,200.1500,0.6300
1783084623.994730,3621,1970,7974,8546,200.1500,0.6300
1783084624.010590,3649,1951,7974,8518,204.2300,-2.0000
1783084624.026849,3621,1961,8002,8499,204.2300,-2.0000
1783084624.042773,3649,1951,7927,8518,204.2300,-2.0000
1783084624.057487,3565,1923,7945,8499,194.7400,0.4400
1783084624.073587,3583,1932,7974,8499,194.7400,0.4400
1783084624.090526,3574,1904,7936,8536,194.7400,0.4400
1783084624.106399,3593,1932,7983,8565,190.9200,-1.5000
1783084624.122988,3574,1961,7964,8574,190.9200,-1.5000
1783084624.138897,3640,1932,7945,8508,190.9200,-1.5000
1783084624.156334,3593,1932,7936,8508,195.9500,0.4400
1783084624.172578,3640,1886,7936,8508,195.9500,0.4400
1783084624.188797,3621,1895,7964,8583,195.9500,0.4400
1783084624.206414,3621,1951,7927,8527,189.3300,0.0000
1783084624.220733,3593,1951,7955,8546,189.3300,0.0000
1783084624.237009,3602,1904,7936,8565,189.3300,0.0000
1783084624.254623,3649,1895,7936,8555,189.3300,1.8800
1783084624.268634,3621,1857,7899,8546,189.3300,1.8800
1783084624.284884,3630,1942,7945,8508,189.3300,1.8800
1783084624.299666,3621,1923,7992,8480,189.3300,1.8800
1783084624.315883,3593,1904,7936,8527,183.9200,-1.6900
1783084624.331194,3668,1895,7945,8546,183.9200,-1.6900
1783084624.347172,3696,1904,8002,8555,183.9200,-1.6900
1783084624.363193,3640,1886,7974,8546,186.6200,3.1900
1783084624.379235,3658,1876,7936,8555,186.6200,3.1900
1783084624.395709,3677,1839,7945,8527,186.6200,3.1900
1783084624.412284,3621,1904,7927,8527,186.6200,-0.7500
1783084624.428044,3640,1895,7955,8555,186.6200,-0.7500
1783084624.443670,3687,1886,7945,8583,186.6200,-0.7500
1783084624.459762,3583,1886,7964,8565,180.3100,1.5600
1783084624.475844,3649,1829,7974,8565,180.3100,1.5600
1783084624.491662,3696,1989,7974,8555,180.3100,1.5600
1783084624.507646,3668,1867,7945,8583,181.2100,-2.6900
1783084624.523923,3640,1848,7983,8518,181.2100,-2.6900
1783084624.539632,3649,1876,7974,8593,181.2100,-2.6900
1783084624.556669,3612,1886,7974,8565,175.8000,1.9400
1783084624.572076,3724,1895,7908,8574,175.8000,1.9400
1783084624.586769,3677,1914,8002,8583,175.8000,1.9400
1783084624.603395,3658,1857,7955,8565,173.8700,-2.2500
1783084624.618428,3640,1886,7964,8546,173.8700,-2.2500
1783084624.635647,3668,1904,7936,8536,173.8700,-2.2500
1783084624.650445,3705,1895,7945,8518,173.8700,-2.2500
1783084624.666396,3668,1886,7964,8555,173.1000,1.3100
1783084624.682868,3640,1867,7927,8565,173.1000,1.3100
1783084624.698694,3705,1876,7945,8583,173.1000,1.3100
1783084624.714754,3687,1895,7955,8565,169.7100,-1.1900
1783084624.730939,3715,1867,7936,8555,169.7100,-1.1900
1783084624.746686,3780,1895,7936,8574,169.7100,-1.1900
1783084624.762840,3762,1932,7974,8574,171.1100,-0.3100
1783084624.779288,3837,1876,7955,8583,171.1100,-0.3100
1783084624.794774,3734,1923,7936,8593,171.1100,-0.3100
1783084624.810690,3715,1895,7945,8565,173.1000,0.6900
1783084624.827165,3658,1895,7945,8565,173.1000,0.6900
1783084624.843024,3743,1895,7974,8640,173.1000,0.6900
1783084624.857906,3687,1895,7917,8996,164.9900,-0.3100
1783084624.873782,3705,1895,7927,8649,164.9900,-0.3100
1783084624.889754,3696,1886,7945,8611,164.9900,-0.3100
1783084624.906074,3771,1923,7945,8583,161.7500,1.3700
1783084624.922431,3658,1886,7974,8583,161.7500,1.3700
1783084624.937736,3687,1867,7927,8602,161.7500,1.3700
1783084624.956297,3658,1857,7899,8630,165.5900,-0.3100
1783084624.970145,3630,1839,7927,8677,165.5900,-0.3100
1783084624.985829,3752,1895,7964,8640,165.5900,-0.3100
1783084625.001889,3640,1857,7945,8668,156.8700,1.5600
1783084625.017693,3780,1857,7889,8640,156.8700,1.5600
1783084625.033638,3780,1857,7908,8940,156.8700,1.5600
1783084625.049766,3734,1914,7917,8630,156.8700,-0.4400
1783084625.066455,3687,1876,7917,8696,156.8700,-0.4400
1783084625.081733,3705,1867,7955,8621,156.8700,-0.4400
1783084625.097857,3743,1895,7964,8630,156.8700,-0.4400
1783084625.113892,3743,1867,7889,8621,159.5800,1.7500
1783084625.129719,3734,1867,7908,8621,159.5800,1.7500
1783084625.145155,3705,1839,7880,8602,159.5800,1.7500
1783084625.160664,3762,1848,7889,8743,151.4600,-0.6900
1783084625.176754,3705,1839,7889,8611,151.4600,-0.6900
1783084625.193044,3724,1867,7870,8611,151.4600,-0.6900
1783084625.208658,3677,1867,7927,8630,151.1400,-0.7500
1783084625.224622,3696,1829,7908,8611,151.1400,-0.7500
1783084625.240913,3621,1857,7899,8987,151.1400,-0.7500
1783084625.256727,3734,1867,7908,8658,154.5500,-0.3700
1783084625.272913,3724,1820,7889,8640,154.5500,-0.3700
1783084625.289704,3724,1829,7908,9005,154.5500,-0.3700
1783084625.306116,3687,1810,7870,8987,148.7600,-0.3100
1783084625.320896,3780,1820,7870,8583,148.7600,-0.3100
1783084625.337095,3743,1848,7880,8996,148.7600,-0.3100
1783084625.353450,3780,1876,7861,8649,148.7600,-0.3100
1783084625.368752,3752,1857,7842,8640,146.0500,-1.0600
1783084625.385070,3696,1895,7880,8977,146.0500,-1.0600
1783084625.401853,3696,1867,7870,8977,146.0500,-1.0600
1783084625.417756,3724,1857,7861,8611,148.4900,0.0600
1783084625.434381,3743,1857,7899,8621,148.4900,0.0600
1783084625.450559,3724,1848,7852,8583,146.0500,0.0600
1783084625.465868,3705,1820,7908,8630,146.0500,0.0600
1783084625.481895,3780,1876,7861,8658,146.0500,0.0600
1783084625.498557,3771,1801,7861,8677,146.0500,0.7500
1783084625.514078,3677,1820,7842,8780,146.0500,0.7500
1783084625.530477,3677,1839,7861,8677,146.0500,0.7500
1783084625.546392,3752,1867,7899,8668,146.0500,0.7500
1783084625.562158,3790,1829,7889,9024,149.0300,1.3100
1783084625.578274,3780,1764,7870,8630,149.0300,1.3100
1783084625.594389,3771,1829,7917,8668,149.0300,1.3100
1783084625.610058,3771,1839,7852,8715,143.1900,-1.6300
1783084625.626056,3762,1810,7936,8780,143.1900,-1.6300
1783084625.642325,3752,1876,7974,9005,143.1900,-1.6300
1783084625.656867,3752,1848,7955,9005,140.6400,1.5000
1783084625.673398,3762,1839,7889,9034,140.6400,1.5000
1783084625.689377,3752,1839,7945,8574,140.6400,1.5000
1783084625.707629,3762,1801,7945,9015,140.6400,0.2500
1783084625.723153,3715,1782,7917,8630,140.6400,0.2500
1783084625.739305,3780,1754,7927,8687,140.6400,0.2500
1783084625.755131,3790,1867,7936,9015,146.2700,1.0600
1783084625.771023,3771,1810,7908,8733,146.2700,1.0600
1783084625.787310,3780,1764,7936,9052,146.2700,1.0600
1783084625.804914,3799,1764,7964,8724,137.8900,1.3100
1783084625.819530,3780,1726,7917,9052,137.8900,1.3100
1783084625.835540,3771,1820,7899,8658,137.8900,1.3100
1783084625.851272,3818,1839,7936,8696,137.8900,1.3100
1783084625.867289,3846,1801,7889,8687,137.9900,-1.6900
1783084625.883616,3799,1848,7927,9015,137.9900,-1.6900
1783084625.898375,3799,1820,7927,8696,137.9900,-1.6900
1783084625.914350,3818,1801,7917,8687,135.2300,-0.3100
1783084625.930821,3771,1810,7917,8658,135.2300,-0.3100
1783084625.946287,3790,1801,7870,8658,135.2300,-0.3100
1783084625.962342,3762,1810,7974,8762,135.2300,-0.6900
1783084625.978613,3780,1745,7880,8724,135.2300,-0.6900
1783084625.994339,3790,1754,7899,8733,135.2300,-0.6900
1783084626.010064,3780,1735,7880,8696,129.8300,0.5600
1783084626.026388,3762,1717,7908,8696,129.8300,0.5600
1783084626.042113,3780,1754,7908,8696,129.8300,0.5600
1783084626.058061,3780,1698,7945,8780,135.2300,-0.1200
1783084626.074454,3743,1801,7917,8724,135.2300,-0.1200
1783084626.090227,3799,1735,7899,8696,135.2300,-0.1200
1783084626.106426,3790,1764,7945,8790,129.8300,1.3100
1783084626.122956,3865,1726,7927,8743,129.8300,1.3100
1783084626.138416,3818,1764,7870,8790,129.8300,1.3100
1783084626.155841,3818,1782,7917,8752,129.8300,0.3100
1783084626.170757,3827,1782,7880,8715,129.8300,0.3100
1783084626.185379,3790,1773,7908,8743,129.8300,0.3100
1783084626.204654,3827,1792,7908,9052,132.5800,-1.0600
1783084626.220840,3827,1754,7908,8733,132.5800,-1.0600
1783084626.238338,3780,1792,7908,8762,132.5800,-1.0600
1783084626.254714,3743,1792,7908,8855,126.9500,1.7500
1783084626.269402,3809,1745,7880,8752,126.9500,1.7500
1783084626.285713,3799,1754,7861,8827,126.9500,1.7500
1783084626.301615,3855,1782,7899,8884,126.9500,1.7500
1783084626.317428,3809,1735,7945,8780,121.9800,-0.1200
1783084626.333671,3799,1782,7880,8668,121.9800,-0.1200
1783084626.350579,3780,1782,7927,8668,124.4200,-0.2500
1783084626.366294,3809,1754,7908,8771,124.4200,-0.2500
1783084626.382477,3809,1792,7908,9062,124.4200,-0.2500
1783084626.398582,3846,1782,7927,8818,118.6800,0.5000
1783084626.414527,3884,1745,7936,8762,118.6800,0.5000
1783084626.430789,3827,1801,7880,8921,118.6800,0.5000
1783084626.446818,3837,1773,7899,8884,118.6800,0.5000
1783084626.462536,3799,1773,7927,8837,114.0200,0.1900
1783084626.478650,3780,1735,7974,9099,114.0200,0.1900
1783084626.494872,3818,1792,7927,8724,114.0200,0.1900
1783084626.510594,3799,1764,7899,8930,110.8900,1.2500
1783084626.526659,3799,1810,7870,9193,110.8900,1.2500
1783084626.543418,3846,1792,7936,9127,110.8900,1.2500
1783084626.558679,3846,1829,7936,8846,113.1600,-0.8800
1783084626.574645,3837,1764,7945,9221,113.1600,-0.8800
1783084626.591178,3799,1810,7917,8743,113.1600,-0.8800
1783084626.606762,3884,1764,7945,9109,111.3700,1.2500
1783084626.621900,3846,1773,7964,8902,111.3700,1.2500
1783084626.637658,3855,1726,7936,8752,111.3700,1.2500
1783084626.655213,3827,1782,7899,8715,115.9200,0.1900
1783084626.670306,3837,1707,7983,8743,115.9200,0.1900
1783084626.685664,3884,1773,7945,9071,115.9200,0.1900
1783084626.701604,3790,1801,7936,9071,115.9200,0.1900
1783084626.717655,3818,1754,8002,8724,115.9200,0.1900
1783084626.733666,3884,1801,7936,9052,115.9200,0.1900
1783084626.749759,3874,1745,7927,8733,115.9200,0.1900
1783084626.765891,3884,1801,7917,8724,115.9200,0.1900
1783084626.781742,3902,1745,7955,9109,115.9200,0.1900
1783084626.797680,3893,1754,7927,9052,115.9200,0.1900
1783084626.813886,3865,1717,7899,8733,115.9200,0.1900
1783084626.829623,3837,1801,7927,8780,115.9200,0.1900
1783084626.844885,3837,1801,7927,8743,115.9200,0.1900
1783084626.861686,3855,1792,7908,8696,115.9200,0.1900
1783084626.877580,3846,1782,7908,9099,115.9200,0.1900
1783084626.893503,3865,1810,7917,8724,115.9200,0.1900
1783084626.909089,3893,1754,7917,8733,115.9200,0.1900
1783084626.924768,3893,1801,7917,8677,115.9200,0.1900
1783084626.940889,3865,1735,7945,8771,115.9200,0.1900
1783084626.957061,3902,1820,7899,9052,115.9200,0.1900
1783084626.972806,3874,1764,7964,8752,115.9200,0.1900
1783084626.988906,3874,1764,7908,9034,115.9200,0.1900
1783084627.005077,3865,1754,7917,8715,115.9200,0.1900
1783084627.020804,3790,1735,7917,8752,115.9200,0.1900
1783084627.036923,3865,1773,7936,9081,11.9600,-0.1900
1783084627.053457,3780,1745,7936,8687,11.9600,-0.1900
1783084627.068879,3827,1801,7936,9024,11.9600,-0.1900
1783084627.084818,3884,1745,7927,8611,2.7000,8.5600
1783084627.101060,3855,1735,7917,8640,2.7000,8.5600
1783084627.116925,3827,1829,7917,8574,2.7000,8.5600
1783084627.132844,3780,1820,7936,8565,5.4100,3.2500
1783084627.150248,3780,1829,7917,8593,5.4100,3.2500
1783084627.166002,3874,1820,7861,8555,5.4100,3.2500
1783084627.181787,3780,1773,7889,8611,0.0000,10.1300
1783084627.198343,3780,1773,7889,8583,0.0000,10.1300
1783084627.214121,3734,1820,7814,8640,0.0000,10.1300
1783084627.229923,3827,1764,7777,8602,5.4100,11.0600
1783084627.248099,3827,1810,7795,8808,5.4100,11.0600
1783084627.264527,3658,1773,7786,8762,5.4100,11.0600
1783084627.280024,3630,1839,7795,8762,5.4100,12.1300
1783084627.295886,3640,1829,7777,8771,5.4100,12.1300
1783084627.312120,3612,1820,7767,8808,5.4100,12.1300
1783084627.328104,3658,1782,7870,8818,10.8200,12.6300
1783084627.343807,3640,1801,7889,8818,10.8200,12.6300
1783084627.360019,3630,1810,7870,8808,10.8200,12.6300
1783084627.377182,3658,1810,7927,8799,5.4100,12.1900
1783084627.390801,3602,1829,7936,8752,5.4100,12.1900
1783084627.407173,3630,1801,7917,8752,5.4100,12.1900
1783084627.423017,3658,1829,7927,8715,5.4100,12.1900
1783084627.439089,3612,1829,7899,8658,2.7000,12.5600
1783084627.455443,3640,1820,7861,8621,2.7000,12.5600
1783084627.471113,3621,1857,7936,8996,2.7000,12.5600
1783084627.487033,3630,1801,7880,8527,5.4100,11.8800
1783084627.503286,3612,1773,7899,8555,5.4100,11.8800
1783084627.519092,3593,1801,7964,8977,5.4100,11.8800
1783084627.535090,3583,1801,7880,8593,2.7000,11.8100
1783084627.551358,3593,1726,7945,8602,2.7000,11.8100
1783084627.567131,3621,1829,7917,9362,2.7000,11.8100
1783084627.583084,3593,1801,7852,9099,8.1100,10.9400
1783084627.599381,3621,1745,7908,9062,8.1100,10.9400
1783084627.615103,3565,1867,7852,9428,8.1100,10.9400
1783084627.631294,3593,1792,7936,9296,0.0000,12.6900
1783084627.647365,3612,1820,7955,9268,0.0000,12.6900
1783084627.663174,3574,1810,7899,9324,0.0000,12.6900
1783084627.678359,3630,1735,7945,9127,5.4100,9.1900
1783084627.694324,3621,1801,7945,9212,5.4100,9.1900
1783084627.710047,3593,1876,7880,9099,5.4100,9.1900
1783084627.727498,3612,1848,7983,9062,8.1100,11.1300
1783084627.742877,3565,1782,7945,9109,8.1100,11.1300
1783084627.758399,3612,1829,7945,8996,8.1100,11.1300
1783084627.774298,3649,1848,7917,9005,8.1100,8.0000
1783084627.790461,3574,1782,7945,8968,8.1100,8.0000
1783084627.806253,3621,1801,7964,9015,8.1100,8.0000
1783084627.822240,3621,1820,7927,9099,10.8200,6.6900
1783084627.838519,3593,1829,7964,8977,10.8200,6.6900
1783084627.854212,3649,1848,7964,8996,10.8200,6.6900
1783084627.870730,3621,1829,7945,8893,10.8200,6.6900
1783084627.886669,3640,1857,7945,9034,5.4100,9.7500
1783084627.902397,3630,1848,7945,8949,5.4100,9.7500
1783084627.918390,3593,1839,7927,8959,5.4100,9.7500
1783084627.933980,3593,1876,7927,8902,10.8200,5.8800
1783084627.949824,3593,1876,7936,9005,10.8200,5.8800
1783084627.966273,3612,1923,7974,8987,10.8200,5.8800
1783084627.981274,3583,1857,7936,8968,8.1100,8.0000
1783084627.997281,3565,1867,7955,8912,8.1100,8.0000
1783084628.013592,3555,1839,7917,8959,8.1100,8.0000
1783084628.029356,3574,1886,7974,8930,8.1100,5.6900
1783084628.047327,3574,1839,7908,8968,8.1100,5.6900
1783084628.063457,3593,1895,7927,8940,8.1100,5.6900
1783084628.079992,3612,1876,7936,8893,2.7000,7.2500
1783084628.095635,3537,1895,7870,8884,2.7000,7.2500
1783084628.111403,3583,1886,7908,9015,2.7000,7.2500
1783084628.127279,3574,1904,7908,8884,5.4100,4.4400
1783084628.143276,3612,1914,7917,8968,5.4100,4.4400
1783084628.159276,3612,1876,7880,8893,5.4100,4.4400
1783084628.176694,3593,1904,7880,8921,5.4100,7.3100
1783084628.190681,3555,1886,7955,8884,5.4100,7.3100
1783084628.206630,3583,1904,7936,8912,5.4100,7.3100
1783084628.222774,3555,1914,7964,8949,10.8200,4.8100
1783084628.238406,3602,1932,7908,9005,10.8200,4.8100
1783084628.254404,3593,1914,7927,8884,10.8200,4.8100
1783084628.270736,3565,1886,7889,8865,5.4100,4.8100
1783084628.286465,3555,1989,7889,8949,5.4100,4.8100
1783084628.302530,3565,1979,7917,8987,5.4100,4.8100
1783084628.318461,3537,1914,7917,8977,5.4100,4.8100
1783084628.334192,3565,1895,7899,9015,5.4100,3.9400
1783084628.352214,3687,1951,7927,9015,5.4100,3.9400
1783084628.368269,3593,1979,7908,8968,5.4100,3.9400
1783084628.384502,3593,1932,7927,8930,5.4100,4.5600
1783084628.400192,3621,1942,7945,8893,5.4100,4.5600
1783084628.416429,3602,2017,7955,8884,5.4100,4.5600
1783084628.431527,3612,2007,7945,8846,5.4100,3.7500
1783084628.447522,3593,1970,7955,8874,5.4100,3.7500
1783084628.464000,3621,1904,7936,8893,5.4100,3.7500
1783084628.479486,3565,1970,7936,8902,5.4100,3.6300
1783084628.495693,3583,2017,7917,8949,5.4100,3.6300
1783084628.511868,3593,2045,7945,8912,5.4100,3.6300
1783084628.527701,3565,1979,7936,8865,5.4100,5.5000
1783084628.543339,3593,1989,7936,8912,5.4100,5.5000
1783084628.559688,3621,1951,7927,8930,5.4100,5.5000
1783084628.576930,3555,2026,7936,8884,2.7000,3.3800
1783084628.591406,3574,2026,7927,8902,2.7000,3.3800
1783084628.607751,3527,2026,7955,8855,2.7000,3.3800
1783084628.623824,3583,1989,7899,8874,2.7000,3.3800
1783084628.639626,3602,2007,7955,8940,2.7000,2.8800
1783084628.656283,3555,1998,7945,8893,2.7000,2.8800
1783084628.671709,3574,1989,7936,8827,2.7000,2.8800
1783084628.687660,3583,2064,7936,8865,5.4100,4.5600
1783084628.703386,3555,1998,7889,8884,5.4100,4.5600
1783084628.718437,3649,2036,7955,8902,5.4100,4.5600
1783084628.734357,3565,2026,7955,8874,8.1100,2.6300
1783084628.750672,3583,2026,7964,8884,8.1100,2.6300
1783084628.766407,3612,2026,7927,8865,8.1100,2.6300
1783084628.782537,3546,2045,7908,8827,8.1100,2.6300
1783084628.798726,3668,2045,7927,8837,8.1100,2.6300
1783084628.814471,3621,2026,7908,8884,8.1100,2.6300
1783084628.830654,3574,2036,7917,8855,8.1100,2.6300
1783084628.847123,3602,2026,7945,8827,8.1100,2.6300
1783084628.862744,3565,2064,7936,8884,8.1100,2.6300
1783084628.879062,3555,2064,7964,8837,8.1100,2.6300
1783084628.895334,3602,2026,7964,8865,8.1100,2.6300
1783084628.910839,3649,2064,7917,8846,8.1100,2.6300
1783084628.926764,3574,2073,7945,8837,8.1100,2.6300
1783084628.943260,3565,2045,7964,8846,8.1100,2.6300
1783084628.958778,3546,2083,7945,8855,8.1100,2.6300
1783084628.974320,3612,2083,7945,8855,8.1100,2.6300
1783084628.989989,3546,2026,7927,8846,8.1100,2.6300
1783084629.006443,3565,2083,7927,8837,8.1100,2.6300
1783084629.022958,3593,2054,7899,8846,8.1100,2.6300
1783084629.038444,3574,2036,7927,8884,8.1100,2.6300
1783084629.053832,3565,2045,7936,8884,8.1100,2.6300
1783084629.072347,3621,2045,7955,8884,8.1100,2.6300
1783084629.089595,3602,2158,7955,8902,8.1100,2.6300
1783084629.106570,3649,2158,7889,8902,8.1100,2.6300
1783084629.126753,3630,2045,7889,8902,4.0600,-0.7500
1783084629.143823,3630,2045,7889,8846,4.0600,-0.7500
1783084629.159845,3612,2064,7927,8855,4.0600,-0.7500
1783084629.177775,3612,2054,7955,8855,60.9900,0.8100
1783084629.194060,3602,2054,7927,8902,60.9900,0.8100
1783084629.209802,3565,2026,7955,8818,60.9900,0.8100
1783084629.227034,3574,2007,7917,8818,80.0400,-2.9400
1783084629.242101,3583,2007,7927,8855,80.0400,-2.9400
1783084629.257859,3583,2007,7955,8912,80.0400,-2.9400
1783084629.273848,3546,2026,7945,8874,105.4800,1.3700
1783084629.290585,3583,2026,7974,8855,105.4800,1.3700
1783084629.305089,3593,2045,7927,8855,105.4800,1.3700
1783084629.321089,3593,2054,7936,8874,110.8900,-2.6300
1783084629.336860,3593,2139,7917,8846,110.8900,-2.6300
1783084629.352895,3602,2129,7889,8799,110.8900,-2.6300
1783084629.369122,3602,2073,7917,8865,110.8900,-2.6300
1783084629.384910,3593,2073,7889,8865,108.7200,1.5000
1783084629.400941,3621,2101,7983,8827,108.7200,1.5000
1783084629.417109,3602,2083,7908,8827,108.7200,1.5000
1783084629.433000,3630,2064,7936,8837,113.1600,-1.2500
1783084629.448953,3630,2073,7899,8827,113.1600,-1.2500
1783084629.465062,3602,2073,7870,8865,113.1600,-1.2500
1783084629.480933,3677,2064,7917,8818,111.3700,1.0000
1783084629.497077,3602,2073,7927,8818,111.3700,1.0000
1783084629.513146,3602,2083,7908,8799,111.3700,1.0000
1783084629.528871,3630,2111,7870,8762,115.9200,-1.0000
1783084629.545015,3583,2139,7880,8790,115.9200,-1.0000
1783084629.560186,3630,2111,7880,8799,115.9200,-1.0000
1783084629.578115,3612,2148,7870,8799,116.3000,0.2500
1783084629.593999,3649,2120,7833,8799,116.3000,0.2500
1783084629.609992,3640,2092,7889,8818,116.3000,0.2500
1783084629.627214,3602,2111,7899,8771,116.6700,-0.3100
1783084629.642094,3602,2120,7880,8818,116.6700,-0.3100
1783084629.658041,3630,2120,7880,8846,116.6700,-0.3100
1783084629.674233,3621,2158,7889,8780,118.6800,-0.2500
1783084629.690074,3602,2101,7899,8762,118.6800,-0.2500
1783084629.706061,3593,2129,7852,8827,118.6800,-0.2500
1783084629.722261,3612,2129,7852,8799,121.7100,0.0000
1783084629.738062,3640,2101,7842,8752,121.7100,0.0000
1783084629.754073,3649,2111,7852,8799,121.7100,0.0000
1783084629.770310,3668,2129,7814,8818,119.3200,-0.5600
1783084629.786100,3602,2120,7814,8771,119.3200,-0.5600
1783084629.802425,3593,2120,7861,8780,119.3200,-0.5600
1783084629.818696,3658,2176,7899,8790,119.3200,-0.5600
1783084629.833196,3612,2186,7824,8808,121.4400,-0.4400
1783084629.849130,3658,2120,7842,8780,121.4400,-0.4400
1783084629.865109,3602,2186,7842,8771,121.4400,-0.4400
1783084629.881148,3621,2204,7842,8752,119.3200,0.0000
1783084629.897152,3593,2158,7870,8771,119.3200,0.0000
1783084629.913231,3640,2176,7833,8808,119.3200,0.0000
1783084629.929235,3630,2158,7814,8808,118.6800,-0.5600
1783084629.945200,3621,2158,7814,8705,118.6800,-0.5600
1783084629.961233,3649,2167,7889,8752,118.6800,-0.5600
1783084629.977108,3612,2148,7805,8762,119.3200,-0.9400
1783084629.993274,3630,2139,7824,8790,119.3200,-0.9400
1783084630.009287,3593,2111,7852,8808,119.3200,-0.9400
1783084630.026014,3640,2158,7805,8771,119.0100,-0.0600
1783084630.042253,3658,2242,7842,8771,119.0100,-0.0600
1783084630.059285,3612,2158,7852,8790,119.0100,-0.0600
1783084630.074334,3649,2214,7852,8733,124.1900,0.5000
1783084630.092340,3668,2214,7852,8733,124.1900,0.5000
1783084630.107424,3630,2120,7824,8771,124.1900,0.5000
1783084630.123308,3677,2195,7824,8790,124.1900,0.5000
1783084630.139327,3640,2120,7824,8733,121.9800,-1.1900
1783084630.155318,3649,2167,7814,8724,121.9800,-1.1900
1783084630.171651,3621,2158,7842,8743,121.9800,-1.1900
1783084630.187328,3583,2158,7861,8808,129.8300,1.3100
1783084630.203597,3630,2195,7805,8752,129.8300,1.3100
1783084630.219590,3649,2158,7795,8705,129.8300,1.3100
1783084630.235550,3668,2223,7795,8780,129.7100,-0.5600
1783084630.251436,3649,2233,7824,8715,129.7100,-0.5600
1783084630.267391,3640,2195,7814,8687,129.7100,-0.5600
1783084630.283374,3649,2204,7824,8733,127.2800,-0.6900
1783084630.299373,3640,2204,7795,8715,127.2800,-0.6900
1783084630.315717,3696,2223,7824,8696,127.2800,-0.6900
1783084630.331413,3658,2186,7758,8705,132.4700,-0.1900
1783084630.346502,3658,2158,7786,8724,132.4700,-0.1900
1783084630.362390,3649,2167,7824,8724,132.4700,-0.1900
1783084630.378412,3649,2176,7842,8705,135.2300,0.3100
1783084630.394739,3640,2148,7814,8715,135.2300,0.3100
1783084630.410407,3649,2195,7833,8696,135.2300,0.3100
1783084630.427027,3705,2261,7758,8687,135.2300,0.9400
1783084630.442594,3640,2233,7767,8668,135.2300,0.9400
1783084630.458697,3705,2158,7786,8696,135.2300,0.9400
1783084630.474473,3658,2195,7777,8705,135.2300,-1.1200
1783084630.490654,3668,2214,7795,8715,135.2300,-1.1200
1783084630.506477,3668,2204,7814,8668,135.2300,-1.1200
1783084630.522623,3640,2251,7730,8677,140.7500,1.2500
1783084630.538626,3677,2214,7777,8677,140.7500,1.2500
1783084630.554503,3640,2242,7795,8658,140.7500,1.2500
1783084630.570475,3630,2223,7758,8677,140.7500,1.2500
1783084630.586606,3696,2270,7786,8658,140.5400,-1.0000
1783084630.602562,3658,2186,7805,8668,140.5400,-1.0000
1783084630.619585,3649,2308,7805,8677,140.5400,-1.0000
1783084630.635548,3621,2251,7767,8668,140.7500,-0.3700
1783084630.651585,3640,2242,7730,8658,140.7500,-0.3700
1783084630.667552,3696,2214,7758,8658,140.7500,-0.3700
1783084630.683534,3630,2345,7758,8630,140.5400,-0.8800
1783084630.699653,3621,2336,7777,8658,140.5400,-0.8800
1783084630.715558,3668,2308,7711,8715,140.5400,-0.8800
1783084630.731555,3612,2317,7711,8621,143.5100,-1.1200
1783084630.747706,3658,2298,7711,8696,143.5100,-1.1200
1783084630.763597,3677,2233,7777,8658,143.5100,-1.1200
1783084630.779592,3677,2317,7739,8602,137.8900,-0.3700
1783084630.795681,3649,2204,7673,8611,137.8900,-0.3700
1783084630.811594,3621,2289,7702,8743,137.8900,-0.3700
1783084630.827585,3668,2270,7692,8677,149.0300,0.3100
1783084630.843675,3630,2289,7692,8640,149.0300,0.3100
1783084630.858669,3658,2242,7758,8658,149.0300,0.3100
1783084630.875718,3621,2204,7739,8602,143.3500,0.4400
1783084630.890983,3602,2242,7720,8621,143.3500,0.4400
1783084630.906937,3668,2261,7767,8611,143.3500,0.4400
1783084630.923108,3612,2233,7692,8602,146.0500,-1.0600
1783084630.938977,3668,2261,7748,8649,146.0500,-1.0600
1783084630.954946,3602,2317,7720,8640,146.0500,-1.0600
1783084630.970903,3658,2308,7720,8677,148.4900,-0.1900
1783084630.986995,3640,2139,7739,8687,148.4900,-0.1900
1783084631.002728,3640,2289,7730,8649,148.4900,-0.1900
1783084631.018909,3668,2195,7739,8611,148.4900,-0.1900
1783084631.034724,3658,2251,7702,8621,151.7900,-0.0600
1783084631.050730,3658,2251,7692,8602,151.7900,-0.0600
1783084631.067140,3649,2195,7683,8583,151.7900,-0.0600
1783084631.082932,3640,2298,7767,8630,148.4900,0.3100
1783084631.098809,3677,2223,7702,8630,148.4900,0.3100
1783084631.114059,3630,2204,7683,8630,148.4900,0.3100
1783084631.129789,3668,2326,7683,8640,151.4600,-0.5000
1783084631.145772,3640,2233,7758,8611,151.4600,-0.5000
1783084631.162010,3602,2223,7702,8640,151.4600,-0.5000
1783084631.177695,3649,2176,7702,8630,154.5500,0.0600
1783084631.193803,3612,2186,7692,8621,154.5500,0.0600
1783084631.210071,3668,2214,7692,8583,154.5500,0.0600
1783084631.226440,3668,2233,7720,8602,151.4600,1.0600
1783084631.241822,3612,2223,7636,8602,151.4600,1.0600
1783084631.258073,3649,2223,7673,8649,151.4600,1.0600
1783084631.274116,3687,2167,7692,8668,156.8700,-0.1900
1783084631.289854,3649,2176,7702,8621,156.8700,-0.1900
1783084631.306078,3658,2139,7664,8611,156.8700,-0.1900
1783084631.321889,3640,2223,7702,8611,156.8700,-0.1900
1783084631.337986,3612,2204,7683,8649,156.8700,0.1900
1783084631.354437,3612,2223,7664,8640,156.8700,0.1900
1783084631.369891,3668,2186,7692,8611,156.8700,0.1900
1783084631.385907,3649,2251,7645,8583,154.1700,-0.9400
1783084631.400928,3705,2176,7664,8658,154.1700,-0.9400
1783084631.416884,3668,2289,7645,8583,154.1700,-0.9400
1783084631.433122,3630,2195,7655,8640,156.8700,0.3700
1783084631.448896,3705,2514,7664,8565,156.8700,0.3700
1783084631.464913,3677,2242,7655,8583,156.8700,0.3700
1783084631.481092,3668,2148,7692,8649,153.8000,-0.1200
1783084631.496922,3649,2176,7673,8611,153.8000,-0.1200
1783084631.512928,3658,2167,7702,8621,153.8000,-0.1200
1783084631.529331,3715,2477,7692,8602,156.8700,0.5600
1783084631.544988,3687,2176,7636,8536,156.8700,0.5600
1783084631.561000,3687,2580,7673,8602,156.8700,0.5600
1783084631.577021,3658,2533,7655,8565,160.0700,0.3700
1783084631.592962,3658,2270,7627,8536,160.0700,0.3700
1783084631.609025,3677,2223,7673,8565,160.0700,0.3700
1783084631.626003,3668,2242,7627,8593,162.2800,1.8800
1783084631.641165,3658,2167,7589,8593,162.2800,1.8800
1783084631.658436,3734,2645,7683,8593,162.2800,1.8800
1783084631.674405,3705,2411,7608,8527,164.9900,-2.6300
1783084631.690699,3734,2561,7636,8630,164.9900,-2.6300
1783084631.706263,3696,2336,7636,8536,164.9900,-2.6300
1783084631.722384,3715,2467,7655,8527,167.0500,1.6900
1783084631.738526,3705,2251,7551,8527,167.0500,1.6900
1783084631.757473,3640,2533,7551,8527,167.0500,1.6900
1783084631.774948,3715,2486,7627,8565,168.3500,-0.1200
1783084631.790232,3668,2326,7608,8527,168.3500,-0.1200
1783084631.807323,3649,2317,7608,8527,168.3500,-0.1200
1783084631.823206,3734,2280,7580,8499,167.6900,2.4400
1783084631.838129,3715,2364,7598,8518,167.6900,2.4400
1783084631.854395,3705,2392,7561,8536,167.6900,2.4400
1783084631.870415,3705,2270,7608,8499,170.4000,-1.5000
1783084631.886187,3696,2280,7598,8527,170.4000,-1.5000
1783084631.902146,3734,2251,7561,8452,170.4000,-1.5000
1783084631.920200,3715,2364,7570,8452,170.4000,-1.5000
1783084631.936438,3715,2233,7617,8518,167.6900,2.5000
1783084631.952188,3762,2317,7589,8518,167.6900,2.5000
1783084631.968252,3724,2261,7551,8508,167.6900,2.5000
1783084631.984369,3762,2317,7542,8508,173.1000,-3.8100
1783084632.001194,3687,2261,7542,8508,173.1000,-3.8100
1783084632.017234,3734,2298,7598,8536,173.1000,-3.8100
1783084632.033278,3705,2233,7561,8452,170.4000,2.5600
1783084632.048305,3705,2223,7523,8565,170.4000,2.5600
1783084632.066289,3658,2289,7570,8565,170.4000,2.5600
1783084632.082414,3724,2176,7580,8546,173.1000,-3.8100
1783084632.098459,3715,2233,7551,8555,173.1000,-3.8100
1783084632.114288,3705,2233,7551,8490,173.1000,-3.8100
1783084632.130400,3705,2195,7570,8471,173.1000,2.6300
1783084632.146505,3752,2251,7542,8490,173.1000,2.6300
1783084632.162321,3724,2195,7561,8527,173.1000,2.6300
1783084632.178327,3734,2242,7608,8546,175.8000,-1.5000
1783084632.194477,3724,2242,7570,8424,175.8000,-1.5000
1783084632.210326,3752,2186,7551,8443,175.8000,-1.5000
1783084632.226343,3724,2233,7542,8396,181.2100,-0.5600
1783084632.242558,3752,2242,7505,8461,181.2100,-0.5600
1783084632.258459,3743,2270,7542,8471,181.2100,-0.5600
1783084632.276448,3734,2251,7561,8471,175.0100,-1.0600
1783084632.291342,3724,2242,7561,8433,175.0100,-1.0600
1783084632.307347,3734,2214,7551,8443,175.0100,-1.0600
1783084632.323531,3724,2242,7580,8443,182.1500,1.3100
1783084632.339401,3752,2214,7505,8424,182.1500,1.3100
1783084632.357428,3687,2261,7561,8424,182.1500,1.3100
1783084632.373416,3715,2270,7533,8424,182.1500,1.3100
1783084632.389452,3762,2289,7533,8490,178.5100,-0.4400
1783084632.405418,3724,2298,7495,8443,178.5100,-0.4400
1783084632.421438,3658,2280,7542,8415,178.5100,-0.4400
1783084632.437386,3715,2251,7514,8461,181.2100,-0.6900
1783084632.453654,3640,2261,7551,8471,181.2100,-0.6900
1783084632.469587,3715,2251,7514,8415,181.2100,-0.6900
1783084632.485460,3705,2326,7514,8433,183.9200,0.1200
1783084632.500635,3705,2261,7505,8424,183.9200,0.1200
1783084632.516455,3705,2289,7476,8424,183.9200,0.1200
1783084632.532492,3724,2280,7486,8396,180.3100,-0.7500
1783084632.548800,3677,2280,7486,8443,180.3100,-0.7500
1783084632.564639,3705,2270,7495,8415,180.3100,-0.7500
1783084632.580489,3668,2280,7476,8386,186.6200,1.1900
1783084632.596794,3809,2270,7486,8368,186.6200,1.1900
1783084632.612524,3687,2251,7467,8386,186.6200,1.1900
1783084632.628480,3762,2270,7448,8405,187.6700,0.5000
1783084632.644862,3687,2242,7495,8396,187.6700,0.5000
1783084632.660580,3705,2289,7420,8415,187.6700,0.5000
1783084632.676435,3658,2308,7448,8368,186.6200,1.7500
1783084632.692799,3696,2280,7458,8377,186.6200,1.7500
1783084632.708572,3715,2242,7448,8424,186.6200,1.7500
1783084632.724737,3752,2317,7486,8377,183.9200,0.5600
1783084632.740806,3668,2289,7486,8377,183.9200,0.5600
1783084632.756696,3668,2270,7420,8321,183.9200,0.5600
1783084632.772661,3687,2308,7411,8405,188.2700,2.3800
1783084632.788903,3734,2439,7533,8405,188.2700,2.3800
1783084632.804706,3780,2298,7383,8368,188.2700,2.3800
1783084632.820952,3687,2280,7495,8405,188.2700,2.3800
1783084632.837062,3715,2345,7439,8377,189.3300,0.9400
1783084632.852912,3696,2336,7448,8349,189.3300,0.9400
1783084632.868683,3705,2308,7458,8377,189.3300,0.9400
1783084632.884907,3649,2345,7430,8377,195.9500,0.2500
1783084632.900704,3696,2411,7467,8424,195.9500,0.2500
1783084632.918837,3780,2401,7448,8424,195.9500,0.2500
1783084632.934783,3705,2345,7430,8330,194.7400,-0.8800
1783084632.950939,3724,2383,7373,8302,194.7400,-0.8800
1783084632.966891,3771,2355,7448,8302,194.7400,-0.8800
1783084632.982848,3724,2439,7411,8311,193.5700,1.6300
1783084632.999986,3715,2326,7411,8311,193.5700,1.6300
1783084633.016203,3809,2326,7383,8302,193.5700,1.6300
1783084633.032028,3771,2336,7392,8293,198.7100,-0.5600
1783084633.048012,3677,2420,7401,8311,198.7100,-0.5600
1783084633.064198,3734,2364,7448,8283,198.7100,-0.5600
1783084633.079771,3715,2355,7392,8293,196.2200,0.0600
1783084633.097876,3705,2439,7336,8293,196.2200,0.0600
1783084633.113917,3677,2439,7420,8311,196.2200,0.0600
1783084633.130054,3752,2392,7401,8302,200.1500,-2.6300
1783084633.145997,3724,2392,7401,8311,200.1500,-2.6300
1783084633.161901,3724,2505,7401,8330,200.1500,-2.6300
1783084633.177983,3734,2373,7392,8311,206.9900,1.5000
1783084633.193869,3715,2430,7383,8311,206.9900,1.5000
1783084633.209869,3715,2458,7364,8321,206.9900,1.5000
1783084633.226190,3696,2420,7336,8246,202.8500,-2.2500
1783084633.241191,3724,2420,7383,8283,202.8500,-2.2500
1783084633.257355,3724,2420,7364,8283,202.8500,-2.2500
1783084633.273236,3734,2430,7354,8246,202.8500,-2.2500
1783084633.289002,3734,2458,7383,8264,201.5300,2.3800
1783084633.305299,3724,2439,7354,8255,201.5300,2.3800
1783084633.321158,3724,2448,7354,8283,201.5300,2.3800
1783084633.337132,3752,2458,7345,8255,212.5100,-2.3100
1783084633.353206,3724,2514,7345,8227,212.5100,-2.3100
1783084633.368905,3734,2495,7336,8264,212.5100,-2.3100
1783084633.385025,3762,2477,7364,8246,201.5300,0.4400
1783084633.401331,3734,2486,7336,8321,201.5300,0.4400
1783084633.417084,3771,2430,7345,8227,201.5300,0.4400
1783084633.433015,3752,2373,7345,8246,212.5100,-0.6900
1783084633.449063,3705,2439,7326,8246,212.5100,-0.6900
1783084633.464944,3771,2430,7298,8246,212.5100,-0.6900
1783084633.480941,3734,2477,7336,8255,208.2600,1.0600
1783084633.496196,3752,2411,7326,8218,208.2600,1.0600
1783084633.511957,3724,2448,7308,8274,208.2600,1.0600
1783084633.527901,3799,2411,7326,8311,201.5300,-0.1900
1783084633.544187,3752,2420,7354,8302,201.5300,-0.1900
1783084633.559935,3724,2401,7279,8264,201.5300,-0.1900
1783084633.576329,3771,2392,7279,8283,205.5600,-0.3100
1783084633.592537,3724,2411,7326,8246,205.5600,-0.3100
1783084633.607975,3734,2383,7261,8255,205.5600,-0.3100
1783084633.624012,3752,2467,7289,8264,215.2700,1.0000
1783084633.640150,3724,2458,7317,8218,215.2700,1.0000
1783084633.655985,3780,2420,7289,8255,215.2700,1.0000
1783084633.672057,3715,2448,7279,8218,201.5300,-1.1200
1783084633.688224,3762,2392,7261,8199,201.5300,-1.1200
1783084633.704043,3780,2448,7270,8236,201.5300,-1.1200
1783084633.721011,3705,2458,7261,8236,201.5300,-1.1200
1783084633.737151,3771,2411,7289,8255,208.2600,1.5000
1783084633.753156,3790,2420,7279,8246,208.2600,1.5000
1783084633.769054,3790,2420,7279,8227,208.2600,1.5000
1783084633.785176,3790,2495,7261,8236,205.5600,0.4400
1783084633.801178,3762,2477,7317,8152,205.5600,0.4400
1783084633.817150,3752,2486,7242,8180,205.5600,0.4400
1783084633.833096,3752,2477,7251,8180,209.7500,4.6900
1783084633.849091,3743,2467,7251,8171,209.7500,4.6900
1783084633.865140,3771,2420,7261,8171,209.7500,4.6900
1783084633.881224,3771,2552,7270,8152,208.2600,-2.9400
1783084633.897238,3790,2467,7279,8199,208.2600,-2.9400
1783084633.913146,3780,2467,7270,8152,208.2600,-2.9400
1783084633.929110,3780,2505,7233,8180,208.2600,2.6900
1783084633.945184,3752,2514,7204,8161,208.2600,2.6900
1783084633.961164,3809,2486,7223,8180,208.2600,2.6900
1783084633.977296,3724,2523,7214,8124,204.1800,-0.6900
1783084633.993394,3790,2439,7204,8114,204.1800,-0.6900
1783084634.009332,3799,2505,7214,8133,204.1800,-0.6900
1783084634.025054,3780,2523,7251,8114,206.9900,2.8800
1783084634.040314,3790,2552,7214,8124,206.9900,2.8800
1783084634.057220,3780,2514,7223,8133,206.9900,2.8800
1783084634.072824,3752,2486,7195,8124,208.2600,-0.1900
1783084634.088228,3790,2505,7176,8152,208.2600,-0.1900
1783084634.104323,3809,2514,7233,8152,208.2600,-0.1900
1783084634.121940,3771,2467,7204,8105,210.9700,-1.6900
1783084634.137244,3790,2552,7186,8105,210.9700,-1.6900
1783084634.153201,3780,2552,7186,8114,210.9700,-1.6900
1783084634.169536,3827,2495,7186,8133,210.9700,-1.6900
1783084634.185306,3790,2617,7251,8142,201.5300,0.8100
1783084634.201248,3809,2580,7176,8133,201.5300,0.8100
1783084634.217599,3762,2589,7186,8105,201.5300,0.8100
1783084634.233264,3780,2552,7167,8086,209.7500,-3.3100
1783084634.249281,3799,2608,7204,8086,209.7500,-3.3100
1783084634.265538,3818,2608,7233,8171,209.7500,-3.3100
1783084634.281405,3771,2552,7129,8077,210.9700,3.6300
1783084634.296352,3790,2552,7148,8077,210.9700,3.6300
1783084634.312900,3790,2580,7223,8086,210.9700,3.6300
1783084634.328077,3790,2514,7111,8067,205.5600,-2.7500
1783084634.344192,3818,2598,7195,8086,205.5600,-2.7500
1783084634.360415,3734,2561,7214,8058,205.5600,-2.7500
1783084634.377542,3790,2627,7186,8067,206.8300,1.1200
1783084634.394408,3799,2523,7139,8067,206.8300,1.1200
1783084634.410501,3799,2561,7148,8058,206.8300,1.1200
1783084634.427773,3790,2552,7148,8039,205.5600,-0.6300
1783084634.442478,3790,2617,7148,8077,205.5600,-0.6300
1783084634.458445,3799,2552,7148,8049,205.5600,-0.6300
1783084634.475961,3818,2580,7157,7992,209.7500,0.7500
1783084634.490210,3771,2617,7129,8077,209.7500,0.7500
1783084634.506262,3790,2561,7139,8086,209.7500,0.7500
1783084634.522495,3780,2570,7157,8067,201.5300,-0.2500
1783084634.538332,3790,2552,7111,8030,201.5300,-0.2500
1783084634.553564,3790,2570,7148,8011,201.5300,-0.2500
1783084634.569160,3724,2552,7101,8049,201.5300,-0.2500
1783084634.585228,3818,2598,7073,8002,208.2600,1.8100
1783084634.601554,3771,2580,7129,8096,208.2600,1.8100
1783084634.620363,3771,2570,7129,8058,208.2600,1.8100
1783084634.635520,3780,2552,7101,7964,208.2600,-0.3100
1783084634.651492,3743,2570,7082,8011,208.2600,-0.3100
1783084634.668009,3809,2598,7129,8002,208.2600,-0.3100
1783084634.683564,3837,2608,7101,7983,205.5600,0.9400
1783084634.699587,3846,2608,7064,7974,205.5600,0.9400
1783084634.715956,3809,2570,7111,8011,205.5600,0.9400
1783084634.731638,3818,2598,7101,8077,200.1500,-0.8100
1783084634.747476,3818,2617,7111,8021,200.1500,-0.8100
1783084634.763825,3837,2655,7082,8049,200.1500,-0.8100
1783084634.778672,3827,2580,7111,8002,202.8500,0.3700
1783084634.794653,3865,2589,7092,7983,202.8500,0.3700
1783084634.810920,3818,2627,7073,7983,202.8500,0.3700
1783084634.828654,3809,2589,7073,8011,206.9900,2.3100
1783084634.842682,3846,2589,7120,7974,206.9900,2.3100
1783084634.858897,3837,2598,7017,7992,206.9900,2.3100
1783084634.874864,3912,2617,7073,7983,198.8700,0.5600
1783084634.890733,3827,2627,7064,7992,198.8700,0.5600
1783084634.907079,3837,2598,7045,7955,198.8700,0.5600
1783084634.922925,3827,2608,7073,7964,198.8700,0.5600
1783084634.938730,3855,2627,7064,7945,208.2600,0.9400
1783084634.954974,3893,2598,7026,7964,208.2600,0.9400
1783084634.970674,3874,2598,7101,7927,208.2600,0.9400
1783084634.986810,3893,2580,7073,7927,205.5600,-0.7500
1783084635.004071,3902,2655,6970,7955,205.5600,-0.7500
1783084635.019720,3921,2636,7092,7974,205.5600,-0.7500
1783084635.034772,3827,2683,7073,7964,208.2600,1.8800
1783084635.051256,3809,2627,7073,7927,208.2600,1.8800
1783084635.066970,3893,2598,6989,7936,208.2600,1.8800
1783084635.083138,3902,2627,7026,7955,205.5600,-0.4400
1783084635.099054,3837,2645,7045,7955,205.5600,-0.4400
1783084635.114756,3865,2711,7026,7927,205.5600,-0.4400
1783084635.131048,3855,2702,7007,7945,210.9700,0.0000
1783084635.146867,3893,2627,6979,7908,210.9700,0.0000
1783084635.162567,3874,2580,7007,7936,210.9700,0.0000
1783084635.179017,3837,2692,7007,7908,208.2600,-1.6900
1783084635.194889,3874,2617,7026,7889,208.2600,-1.6900
1783084635.210558,3874,2636,6979,7917,208.2600,-1.6900
1783084635.227816,3902,2627,6942,7964,205.5600,1.8800
1783084635.244300,3865,2692,6989,7964,205.5600,1.8800
1783084635.261104,3855,2655,7007,7889,205.5600,1.8800
1783084635.277685,3874,2674,6970,7927,205.5600,1.8800
1783084635.292238,3884,2627,7007,7955,205.5600,-1.8800
1783084635.308312,3902,2608,6942,7917,205.5600,-1.8800
1783084635.324052,3855,2674,6970,7945,213.6700,1.7500
1783084635.339848,3837,2552,6970,7899,213.6700,1.7500
1783084635.355661,3846,2598,6960,7908,213.6700,1.7500
1783084635.373695,3865,2645,6960,7908,213.6700,1.7500
1783084635.392894,3865,2711,6960,7908,208.2600,-2.4400
1783084635.408793,3893,2636,7017,7908,208.2600,-2.4400
1783084635.425440,3865,2645,7007,7889,205.5600,1.1900
1783084635.441212,3893,2580,6951,7899,205.5600,1.1900
1783084635.456975,3874,2645,6998,7870,205.5600,1.1900
1783084635.472470,3874,2580,6998,7899,213.6700,-0.3700
1783084635.488348,3921,2608,6960,7899,213.6700,-0.3700
1783084635.504009,3884,2636,6932,7852,213.6700,-0.3700
1783084635.520374,3902,2692,6932,7917,213.6700,-0.3700
1783084635.536406,3855,2598,6904,7842,208.2600,0.3100
1783084635.551989,3865,2561,6942,7842,208.2600,0.3100
1783084635.568437,3912,2664,6960,7833,208.2600,0.3100
1783084635.584827,3884,2627,6885,7814,205.5600,-0.4400
1783084635.600055,3893,2636,6904,7842,205.5600,-0.4400
1783084635.616412,3893,2702,6914,7852,205.5600,-0.4400
1783084635.632637,3884,2674,6942,7842,210.9700,-1.1900
1783084635.648320,3949,2627,6904,7824,210.9700,-1.1900
1783084635.664317,3912,2674,6932,7861,210.9700,-1.1900
1783084635.680422,3874,2664,6895,7824,208.2600,-0.0600
1783084635.696261,3893,2608,6895,7852,208.2600,-0.0600
1783084635.712385,3893,2645,6895,7852,208.2600,-0.0600
1783084635.729859,3921,2683,6904,7852,205.5600,-0.3700
1783084635.749319,3977,2664,6904,7852,205.5600,-0.3700
1783084635.765744,3931,2645,6885,7861,205.5600,-0.3700
1783084635.781460,3912,2655,6876,7842,206.8300,0.7500
1783084635.797349,3931,2702,6848,7795,206.8300,0.7500
1783084635.813512,3921,2664,6867,7814,206.8300,0.7500
1783084635.829041,3949,2674,6876,7777,206.9900,0.5000
1783084635.845193,3940,2664,6885,7786,206.9900,0.5000
1783084635.862275,3959,2711,6895,7805,206.9900,0.5000
1783084635.878476,3959,2711,6867,7824,201.5300,0.3700
1783084635.892977,3949,2683,6895,7814,201.5300,0.3700
1783084635.908178,3949,2645,6876,7814,201.5300,0.3700
1783084635.924000,3912,2645,6848,7777,201.5300,0.3700
1783084635.940329,3996,2692,6876,7852,205.5600,0.7500
1783084635.958284,3931,2730,6857,7852,205.5600,0.7500
1783084635.974519,3949,2655,6810,7758,208.2600,1.7500
1783084635.990245,3959,2617,6820,7842,208.2600,1.7500
1783084636.006398,3921,2692,6829,7814,208.2600,1.7500
1783084636.022706,3959,2674,6876,7739,205.5600,0.0000
1783084636.038330,3912,2702,6876,7786,205.5600,0.0000
1783084636.054368,3949,2674,6829,7767,205.5600,0.0000
1783084636.070855,3959,2711,6810,7758,205.5600,0.0000
1783084636.086335,3968,2730,6801,7758,208.2600,0.8800
1783084636.102387,3987,2655,6839,7758,208.2600,0.8800
1783084636.121364,3996,2683,6839,7758,208.2600,0.8800
1783084636.139144,3949,2702,6839,7767,212.5100,-0.8100
1783084636.155499,3921,2720,6867,7730,212.5100,-0.8100
1783084636.171185,4034,2739,6801,7795,212.5100,-0.8100
1783084636.187192,3996,2739,6792,7730,206.8300,-2.0000
1783084636.203559,3949,2739,6801,7720,206.8300,-2.0000
1783084636.219239,3977,2692,6820,7730,206.8300,-2.0000
1783084636.235513,3987,2702,6801,7720,205.5600,1.0600
1783084636.252555,3959,2749,6782,7758,205.5600,1.0600
1783084636.267557,3949,2767,6820,7758,205.5600,1.0600
1783084636.283550,3959,2767,6810,7683,208.2600,-2.3800
1783084636.299775,3931,2739,6773,7739,208.2600,-2.3800
1783084636.315542,3959,2786,6763,7702,208.2600,-2.3800
1783084636.330292,3921,2720,6745,7711,205.5600,3.1900
1783084636.346491,4006,2805,6782,7720,205.5600,3.1900
1783084636.362422,3987,2805,6792,7711,205.5600,3.1900
1783084636.379136,3996,2833,6745,7683,208.2600,-3.3800
1783084636.394537,3968,2749,6792,7711,208.2600,-3.3800
1783084636.410262,3987,2795,6754,7702,208.2600,-3.3800
1783084636.427249,4024,2833,6754,7664,206.9900,0.6300
1783084636.442685,3987,2842,6801,7711,206.9900,0.6300
1783084636.458532,4034,2758,6754,7711,206.9900,0.6300
1783084636.474329,4024,2795,6763,7692,206.8300,-0.8800
1783084636.490575,4043,2842,6763,7702,206.8300,-0.8800
1783084636.506277,4015,2824,6726,7673,206.8300,-0.8800
1783084636.522423,4015,2842,6763,7683,206.8300,-0.8800
1783084636.538916,4034,2795,6763,7673,205.5600,0.6900
1783084636.554559,4043,2833,6717,7673,205.5600,0.6900
1783084636.570958,4006,2833,6717,7692,205.5600,0.6900
1783084636.586836,4034,2824,6745,7664,205.5600,-0.5000
1783084636.603621,4006,2861,6745,7664,205.5600,-0.5000
1783084636.618747,4052,2805,6707,7655,205.5600,-0.5000
1783084636.634899,4081,2786,6717,7664,205.5600,0.5000
1783084636.650614,4090,2805,6688,7692,205.5600,0.5000
1783084636.667122,4052,2852,6726,7627,205.5600,0.5000
1783084636.683312,4146,2861,6763,7645,208.2600,0.2500
1783084636.698668,4043,2814,6763,7636,208.2600,0.2500
1783084636.714672,4062,2814,6717,7664,208.2600,0.2500
1783084636.731056,4071,2833,6717,7683,205.5600,-1.5000
1783084636.746667,4081,2852,6707,7683,205.5600,-1.5000
1783084636.762821,4118,2870,6698,7664,205.5600,-1.5000
1783084636.779283,4118,2908,6707,7636,205.5600,1.0600
1783084636.794977,4099,2833,6707,7645,205.5600,1.0600
1783084636.810889,4146,2852,6688,7692,205.5600,1.0600
1783084636.828399,4128,2927,6698,7664,202.8500,-0.2500
1783084636.842766,4090,2842,6679,7608,202.8500,-0.2500
1783084636.858004,4118,2824,6679,7636,202.8500,-0.2500
1783084636.873833,4118,2842,6688,7617,202.8500,-0.2500
1783084636.889910,4071,2833,6670,7598,202.8500,2.3800
1783084636.906122,4109,2870,6698,7627,202.8500,2.3800
1783084636.924137,4081,2927,6698,7589,204.2300,-0.9400
1783084636.939595,4071,2870,6726,7636,204.2300,-0.9400
1783084636.955794,4071,2833,6726,7608,204.2300,-0.9400
1783084636.971928,4109,2870,6698,7580,204.2300,-0.9400
1783084636.987615,4090,2908,6717,7570,201.5300,0.6900
1783084637.003584,4118,2824,6642,7570,201.5300,0.6900
1783084637.020049,4090,2889,6651,7580,201.5300,0.6900
1783084637.036122,4118,2870,6632,7580,208.2600,-0.9400
1783084637.051886,4109,2861,6651,7598,208.2600,-0.9400
1783084637.068232,4118,2861,6642,7627,208.2600,-0.9400
1783084637.084303,4146,2899,6651,7570,208.2600,2.2500
1783084637.099906,4165,2861,6679,7580,208.2600,2.2500
1783084637.115147,4137,2833,6670,7580,208.2600,2.2500
1783084637.131125,4165,2870,6651,7561,209.7500,0.1900
1783084637.146682,4137,2936,6651,7561,209.7500,0.1900
1783084637.162936,4146,2917,6660,7533,209.7500,0.1900
1783084637.178631,4184,2908,6651,7542,209.4800,-1.4400
1783084637.194693,4128,2899,6660,7636,209.4800,-1.4400
1783084637.211132,4128,2908,6632,7533,209.4800,-1.4400
1783084637.228210,4137,2964,6632,7561,205.5600,-1.1200
1783084637.242973,4221,2946,6642,7533,205.5600,-1.1200
1783084637.259296,4174,2917,6651,7505,205.5600,-1.1200
1783084637.275229,4174,2927,6632,7542,205.5600,-1.1200
1783084637.291032,4221,2964,6651,7495,205.5600,-0.3700
1783084637.307266,4174,2917,6623,7533,205.5600,-0.3700
1783084637.323182,4184,2946,6651,7514,205.5600,-0.3700
1783084637.339090,4203,2936,6632,7514,208.2600,-0.0600
1783084637.355392,4165,2917,6632,7542,208.2600,-0.0600
1783084637.370022,4156,2852,6651,7551,208.2600,-0.0600
1783084637.386750,4165,2927,6623,7495,210.9700,-0.1200
1783084637.402855,4174,2955,6679,7523,210.9700,-0.1200
1783084637.418532,4212,2917,6604,7505,210.9700,-0.1200
1783084637.434607,4184,2908,6604,7514,202.8500,-0.3700
1783084637.450816,4174,2946,6595,7523,202.8500,-0.3700
1783084637.466253,4174,2964,6604,7561,202.8500,-0.3700
1783084637.482874,4259,2946,6595,7533,210.9700,-0.0600
1783084637.498452,4259,2992,6557,7505,210.9700,-0.0600
1783084637.514055,4203,2983,6623,7486,210.9700,-0.0600
1783084637.530127,4165,2955,6585,7505,205.5600,0.5600
1783084637.546417,4193,2964,6604,7523,205.5600,0.5600
1783084637.562215,4221,2992,6566,7486,205.5600,0.5600
1783084637.579890,4259,3002,6566,7495,208.2600,-1.3100
1783084637.594483,4184,3002,6576,7467,208.2600,-1.3100
1783084637.610245,4249,2964,6557,7523,208.2600,-1.3100
1783084637.626958,4231,2983,6557,7467,205.5600,1.2500
1783084637.642856,4193,2983,6520,7439,205.5600,1.2500
1783084637.657416,4240,2983,6548,7486,205.5600,1.2500
1783084637.673576,4240,2992,6538,7476,208.2600,-1.6900
1783084637.688987,4221,3049,6557,7495,208.2600,-1.6900
1783084637.704980,4249,3002,6520,7458,208.2600,-1.6900
1783084637.721541,4259,3067,6520,7439,208.2600,-1.6900
1783084637.736997,4231,3011,6520,7448,205.5600,1.2500
1783084637.753075,4259,3011,6510,7495,205.5600,1.2500
1783084637.769310,4203,3039,6520,7467,205.5600,1.2500
1783084637.785008,4146,3021,6529,7467,202.8500,-7.6300
1783084637.801054,4231,3011,6520,7420,202.8500,-7.6300
1783084637.817438,4212,3077,6538,7430,202.8500,-7.6300
1783084637.833092,4240,3049,6529,7430,193.5700,6.3100
1783084637.849220,4231,3039,6510,7448,193.5700,6.3100
1783084637.865612,4249,3058,6491,7439,193.5700,6.3100
1783084637.881246,4240,3039,6501,7411,194.7400,-4.6900
1783084637.896368,4240,3096,6501,7448,194.7400,-4.6900
1783084637.913544,4278,3096,6501,7420,194.7400,-4.6900
1783084637.929101,4249,3049,6473,7420,204.2300,4.3800
1783084637.944435,4306,3077,6482,7411,204.2300,4.3800
1783084637.960635,4268,3096,6482,7420,204.2300,4.3800
1783084637.976588,4259,3114,6473,7448,198.8700,-2.1300
1783084637.992525,4296,3105,6501,7420,198.8700,-2.1300
1783084638.008841,4259,3077,6473,7411,198.8700,-2.1300
1783084638.024405,4240,3077,6482,7392,198.8700,-2.1300
1783084638.040405,4249,3067,6482,7439,206.9900,1.6300
1783084638.056374,4221,3105,6501,7411,206.9900,1.6300
1783084638.072243,4278,3096,6473,7401,206.9900,1.6300
1783084638.088299,4259,3086,6435,7373,201.5300,-0.6900
1783084638.104656,4259,3096,6445,7401,201.5300,-0.6900
1783084638.120392,4287,3143,6482,7411,201.5300,-0.6900
1783084638.136462,4268,3143,6463,7373,212.5100,1.8100
1783084638.156235,4296,3096,6407,7383,212.5100,1.8100
1783084638.168317,4287,3161,6435,7373,212.5100,1.8100
1783084638.184274,4278,3143,6463,7401,201.5300,-0.8800
1783084638.199388,4343,3124,6454,7383,201.5300,-0.8800
1783084638.215311,4296,3208,6416,7373,201.5300,-0.8800
1783084638.231557,4278,3189,6416,7364,209.7500,-0.8100
1783084638.247307,4278,3171,6426,7354,209.7500,-0.8100
1783084638.263368,4278,3133,6426,7383,209.7500,-0.8100
1783084638.279859,4278,3133,6416,7392,190.9200,-3.5000
1783084638.295438,4268,3171,6370,7345,190.9200,-3.5000
1783084638.311307,4259,3180,6360,7345,190.9200,-3.5000
1783084638.328687,4259,3161,6379,7364,208.2600,-1.8100
1783084638.343710,4343,3171,6407,7345,208.2600,-1.8100
1783084638.361691,4315,3124,6407,7345,208.2600,-1.8100
1783084638.379040,4306,3077,6379,7336,210.9700,3.3100
1783084638.394097,4296,3077,6379,7364,210.9700,3.3100
1783084638.410506,4306,3096,6360,7373,210.9700,3.3100
1783084638.424653,4334,3114,6332,7345,204.2300,-2.0600
1783084638.440823,4306,3133,6360,7326,204.2300,-2.0600
1783084638.456618,4353,3114,6370,7336,204.2300,-2.0600
1783084638.472693,4334,3180,6341,7345,204.2300,-2.0600
1783084638.489002,4296,3171,6379,7317,206.8300,0.0600
1783084638.505349,4334,3189,6360,7326,206.8300,0.0600
1783084638.520692,4325,3105,6370,7298,206.8300,0.0600
1783084638.538683,4325,3077,6370,7298,209.7500,0.6900
1783084638.555010,4296,3096,6341,7298,209.7500,0.6900
1783084638.570695,4325,3096,6351,7308,209.7500,0.6900
1783084638.586767,4278,3114,6351,7317,196.2200,0.6300
1783084638.603028,4278,3161,6351,7326,196.2200,0.6300
1783084638.619025,4343,3171,6351,7298,196.2200,0.6300
1783084638.634708,4334,3124,6332,7251,205.5600,-0.5600
1783084638.650755,4353,3152,6351,7289,205.5600,-0.5600
1783084638.665529,4353,3133,6351,7317,205.5600,-0.5600
1783084638.681788,4287,3133,6379,7279,205.5600,2.2500
1783084638.697508,4353,3096,6323,7308,205.5600,2.2500
1783084638.713537,4390,3049,6370,7298,205.5600,2.2500
1783084638.729811,4343,3058,6313,7261,209.7500,-0.2500
1783084638.745509,4362,3039,6332,7289,209.7500,-0.2500
1783084638.761700,4362,3049,6323,7289,209.7500,-0.2500
1783084638.779580,4353,3124,6323,7279,198.8700,0.3100
1783084638.793946,4334,3133,6313,7289,198.8700,0.3100
1783084638.814357,4418,3086,6313,7289,198.8700,0.3100
1783084638.829748,4353,3021,6313,7261,205.5600,-1.1900
1783084638.845874,4381,3067,6294,7289,205.5600,-1.1900
1783084638.862872,4390,3067,6341,7214,205.5600,-1.1900
1783084638.879462,4390,3086,6332,7251,202.8500,-0.4400
1783084638.893439,4371,3133,6323,7242,202.8500,-0.4400
1783084638.909200,4343,3133,6323,7261,202.8500,-0.4400
1783084638.924956,4409,3114,6323,7233,202.8500,-0.4400
1783084638.940807,4400,3077,6304,7242,202.8500,1.3700
1783084638.957279,4428,3114,6276,7195,202.8500,1.3700
1783084638.973038,4428,3199,6304,7233,202.8500,1.3700
1783084638.989090,4362,3199,6313,7251,208.2600,-0.4400
1783084639.005379,4371,3199,6294,7233,208.2600,-0.4400
1783084639.021563,4437,3189,6313,7233,208.2600,-0.4400
1783084639.037000,4400,3077,6276,7261,206.9900,2.3800
1783084639.053052,4362,3199,6266,7279,206.9900,2.3800
1783084639.068676,4456,3218,6276,7223,206.9900,2.3800
1783084639.084606,4400,3189,6257,7223,198.8700,-1.3100
1783084639.100826,4418,3208,6266,7214,198.8700,-1.3100
1783084639.116548,4418,3189,6257,7233,198.8700,-1.3100
1783084639.132702,4371,3255,6257,7233,200.1500,0.8100
1783084639.147571,4418,3415,6238,7242,200.1500,0.8100
1783084639.163733,4418,3311,6229,7204,200.1500,0.8100
1783084639.180212,4409,3386,6257,7242,205.5600,-0.1200
1783084639.196605,4418,3321,6219,7233,205.5600,-0.1200
1783084639.211784,4381,3274,6248,7186,205.5600,-0.1200
1783084639.228756,4428,3321,6219,7157,205.5600,-0.2500
1783084639.243767,4428,3452,6229,7251,205.5600,-0.2500
1783084639.259996,4390,3358,6210,7186,205.5600,-0.2500
1783084639.278001,4400,3377,6201,7204,205.5600,-2.0000
1783084639.292259,4390,3368,6219,7233,205.5600,-2.0000
1783084639.308352,4437,3218,6191,7176,205.5600,-2.0000
1783084639.324399,4493,3283,6210,7186,212.5100,1.6300
1783084639.340433,4503,3415,6201,7176,212.5100,1.6300
1783084639.356075,4475,3283,6201,7186,212.5100,1.6300
1783084639.372319,4456,3311,6191,7186,212.5100,1.6300
1783084639.388566,4418,3340,6201,7223,206.8300,-1.6300
1783084639.404278,4456,3490,6173,7148,206.8300,-1.6300
1783084639.419547,4446,3358,6201,7167,206.8300,-1.6300
1783084639.435404,4437,3396,6154,7148,205.5600,2.0000
1783084639.451146,4437,3340,6173,7167,205.5600,2.0000
1783084639.467402,4484,3349,6173,7186,205.5600,2.0000
1783084639.483207,4446,3386,6201,7186,210.9700,-2.8100
1783084639.499622,4475,3368,6201,7195,210.9700,-2.8100
1783084639.515992,4493,3377,6154,7167,210.9700,-2.8100
1783084639.531574,4437,3368,6154,7101,210.9700,1.9400
1783084639.547257,4475,3340,6173,7101,210.9700,1.9400
1783084639.563488,4493,3508,6182,7101,210.9700,1.9400
1783084639.580160,4522,3527,6173,7111,208.2600,-0.7500
1783084639.595249,4484,3368,6182,7129,208.2600,-0.7500
1783084639.611546,4465,3415,6154,7176,208.2600,-0.7500
1783084639.627676,4475,3302,6163,7129,208.2600,-0.7500
1783084639.643283,4522,3386,6154,7129,205.5600,1.6300
1783084639.659649,4484,3424,6173,7101,205.5600,1.6300
1783084639.675464,4484,3358,6116,7082,205.5600,1.6300
1783084639.691290,4493,3433,6135,7092,204.1800,0.1900
1783084639.706531,4493,3508,6116,7054,204.1800,0.1900
1783084639.722778,4531,3433,6182,7082,204.1800,0.1900
1783084639.739059,4503,3424,6116,7120,209.7500,0.6300
1783084639.755026,4531,3377,6107,7092,209.7500,0.6300
1783084639.770415,4550,3415,6126,7101,209.7500,0.6300
1783084639.786022,4540,3640,6051,7120,205.5600,1.5000
1783084639.802584,4550,3424,6097,7092,205.5600,1.5000
1783084639.818366,4531,3396,6079,7082,205.5600,1.5000
1783084639.834124,4512,3415,6173,7101,205.5600,2.0600
1783084639.850392,4531,3443,6097,7139,205.5600,2.0600
1783084639.866648,4493,3452,6107,7092,205.5600,2.0600
1783084639.882298,4568,3443,6088,7120,196.2200,-0.7500
1783084639.898856,4484,3415,6088,7045,196.2200,-0.7500
1783084639.914528,4503,3396,6079,7082,196.2200,-0.7500
1783084639.930592,4484,3471,6069,7073,198.7100,1.1900
1783084639.947055,4559,3471,6060,7082,198.7100,1.1900
1783084639.962193,4559,3480,6041,7092,198.7100,1.1900
1783084639.979552,4540,3349,6060,7064,201.5300,-0.6900
1783084639.993614,4550,3396,6051,7045,201.5300,-0.6900
1783084640.009202,4568,3452,6051,7054,201.5300,-0.6900
1783084640.025508,4559,3415,6060,7036,205.5600,0.6900
1783084640.041239,4531,3415,6060,7017,205.5600,0.6900
1783084640.057155,4615,3518,6107,7054,205.5600,0.6900
1783084640.073746,4559,3452,6060,7007,205.5600,0.6900
1783084640.089506,4540,3433,6079,6998,205.5600,-0.4400
1783084640.105483,4559,3424,6051,7007,205.5600,-0.4400
1783084640.121742,4550,3555,6079,6979,205.5600,-0.4400
1783084640.137434,4587,3527,6051,6942,209.7500,1.5000
1783084640.153437,4643,3452,6041,7017,209.7500,1.5000
1783084640.169531,4568,3527,6051,7054,209.7500,1.5000
1783084640.185181,4597,3471,6051,6970,205.5600,1.0000
1783084640.201271,4606,3443,6060,6960,205.5600,1.0000
1783084640.217553,4606,3583,6088,6998,205.5600,1.0000
1783084640.233253,4606,3480,6041,6970,201.5300,0.6900
1783084640.249452,4634,3480,6051,7026,201.5300,0.6900
1783084640.268388,4681,3668,6051,7026,201.5300,0.6900
1783084640.284232,4643,3583,6032,7007,205.5600,-2.5000
1783084640.302265,4597,3677,6051,7007,205.5600,-2.5000
1783084640.318469,4578,3537,6041,6998,205.5600,-2.5000
1783084640.334282,4597,3499,6060,6951,209.7500,-0.5000
1783084640.350691,4597,3546,6051,7007,209.7500,-0.5000
1783084640.366793,4625,3546,6022,6989,209.7500,-0.5000
1783084640.382509,4606,3508,6041,6989,200.1500,-2.7500
1783084640.398745,4587,3518,6004,7017,200.1500,-2.7500
1783084640.414876,4578,3490,6032,7007,200.1500,-2.7500
1783084640.429585,4597,3508,6004,6998,208.2600,2.3800
1783084640.445878,4606,3574,6041,6979,208.2600,2.3800
1783084640.462250,4634,3527,6013,6989,208.2600,2.3800
1783084640.478565,4568,3583,6004,6979,204.1800,-1.6300
1783084640.494092,4578,3518,6022,7007,204.1800,-1.6300
1783084640.509619,4625,3555,6022,6989,204.1800,-1.6300
1783084640.525605,4625,3574,6022,6998,205.5600,-0.3100
1783084640.541879,4559,3583,6013,6998,205.5600,-0.3100
1783084640.557785,4597,3602,6004,6989,205.5600,-0.3100
1783084640.573454,4597,3583,5994,6960,205.5600,-0.3100
1783084640.589663,4625,3555,6032,6970,208.2600,-0.7500
1783084640.607754,4625,3546,5966,6960,208.2600,-0.7500
1783084640.623672,4606,3565,5994,6932,208.2600,-0.7500
1783084640.639458,4653,3574,5966,6923,205.5600,0.0600
1783084640.656153,4587,3565,5966,6914,205.5600,0.0600
1783084640.671742,4625,3602,5985,6951,205.5600,0.0600
1783084640.686712,4615,3640,5957,6951,208.2600,-1.2500
1783084640.702934,4681,3583,5966,6942,208.2600,-1.2500
1783084640.718762,4634,3593,5929,6932,208.2600,-1.2500
1783084640.734736,4653,3621,5966,6885,205.5600,0.6300
1783084640.751275,4643,3696,5929,6942,205.5600,0.6300
1783084640.767128,4728,3593,5947,6904,205.5600,0.6300
1783084640.782701,4681,3565,5966,6904,205.5600,-0.6300
1783084640.798945,4672,3565,5957,6876,205.5600,-0.6300
1783084640.814735,4653,3658,5900,6904,205.5600,-0.6300
1783084640.830788,4672,3583,5938,6914,205.5600,0.5600
1783084640.847411,4662,3649,5947,6932,205.5600,0.5600
1783084640.862941,4625,3583,5919,6932,205.5600,0.5600
1783084640.880583,4625,3612,5919,6867,200.1500,-0.3100
1783084640.895201,4653,3649,5910,6904,200.1500,-0.3100
1783084640.910897,4672,3602,5919,6895,200.1500,-0.3100
1783084640.927528,4681,3715,5929,6895,205.5600,-0.6900
1783084640.943214,4690,3621,5891,6848,205.5600,-0.6900
1783084640.957823,4634,3668,5891,6895,205.5600,-0.6900
1783084640.974576,4690,3621,5900,6857,200.1500,1.3700
1783084640.990312,4672,3677,5854,6895,200.1500,1.3700
1783084641.005978,4681,3612,5882,6857,200.1500,1.3700
1783084641.022053,4690,3583,5882,6876,200.1500,1.3700
1783084641.037646,4672,3668,5863,6839,202.8500,0.0600
1783084641.053608,4681,3612,5872,6857,202.8500,0.0600
1783084641.070713,4681,3677,5882,6829,202.8500,0.0600
1783084641.086519,4747,3640,5844,6904,202.8500,1.7500
1783084641.102135,4737,3687,5835,6782,202.8500,1.7500
1783084641.118338,4681,3602,5863,6857,202.8500,1.7500
1783084641.134526,4700,3677,5882,6829,205.5600,-1.6300
1783084641.150150,4700,3621,5825,6876,205.5600,-1.6300
1783084641.165954,4718,3715,5854,6839,205.5600,-1.6300
1783084641.181992,4709,3640,5863,6839,202.8500,1.8800
1783084641.197792,4672,3687,5825,6810,202.8500,1.8800
1783084641.213921,4718,3649,5835,6820,202.8500,1.8800
1783084641.230809,4756,3687,5863,6904,208.2600,-0.0600
1783084641.244846,4794,3715,5854,6829,208.2600,-0.0600
1783084641.260944,4747,3658,5807,6867,208.2600,-0.0600
1783084641.276678,4662,3696,5835,6829,205.5600,-0.2500
1783084641.292673,4690,3649,5825,6801,205.5600,-0.2500
1783084641.309120,4690,3668,5807,6810,205.5600,-0.2500
1783084641.324665,4709,3640,5816,6810,205.5600,-0.2500
1783084641.340786,4690,3724,5816,6792,209.7500,-2.1300
1783084641.356986,4765,3649,5788,6801,209.7500,-2.1300
1783084641.372967,4690,3724,5835,6792,209.7500,-2.1300
1783084641.389019,4765,3790,5825,6820,204.1800,1.3700
1783084641.405281,4812,3715,5825,6839,204.1800,1.3700
1783084641.421350,4718,3734,5760,6829,204.1800,1.3700
1783084641.437157,4756,3677,5769,6839,202.8500,-1.8100
1783084641.453331,4728,3687,5825,6829,202.8500,-1.8100
1783084641.469009,4765,3668,5816,6810,202.8500,-1.8100
1783084641.485056,4756,3696,5760,6801,205.5600,1.7500
1783084641.500370,4709,3771,5788,6810,205.5600,1.7500
1783084641.516541,4709,3705,5779,6782,205.5600,1.7500
1783084641.532101,4765,3696,5779,6839,202.8500,-2.2500
1783084641.548277,4700,3658,5807,6792,202.8500,-2.2500
1783084641.564148,4700,3687,5797,6810,202.8500,-2.2500
1783084641.580339,4700,3705,5779,6773,210.9700,1.1200
1783084641.596421,4794,3734,5769,6745,210.9700,1.1200
1783084641.612089,4709,3743,5797,6745,210.9700,1.1200
1783084641.629914,4794,3696,5788,6782,200.1500,-0.1200
1783084641.644828,4756,3715,5769,6735,200.1500,-0.1200
1783084641.660129,4747,3743,5769,6792,200.1500,-0.1200
1783084641.676125,4718,3715,5722,6745,200.1500,0.6900
1783084641.692940,4765,3687,5760,6717,200.1500,0.6900
1783084641.708379,4709,3771,5769,6735,200.1500,0.6900
1783084641.724283,4737,3743,5807,6688,208.2600,1.1200
1783084641.740493,4737,3752,5807,6773,208.2600,1.1200
1783084641.756182,4747,3790,5732,6735,208.2600,1.1200
1783084641.772333,4775,3734,5741,6745,208.2600,1.1200
1783084641.787259,4737,3799,5779,6801,205.5600,1.1200
1783084641.803167,4765,3734,5741,6717,205.5600,1.1200
1783084641.819526,4784,3734,5722,6726,205.5600,1.1200
1783084641.835210,4756,3752,5769,6717,205.5600,4.4400
1783084641.851239,4794,3799,5713,6735,205.5600,4.4400
1783084641.869137,4812,3827,5741,6735,205.5600,4.4400
1783084641.885467,4765,3771,5722,6726,200.1500,-3.1900
1783084641.901315,4831,3780,5760,6726,200.1500,-3.1900
1783084641.917408,4831,3809,5788,6726,200.1500,-3.1900
1783084641.933547,4784,3780,5760,6754,200.1500,2.2500
1783084641.949214,4831,3790,5685,6698,200.1500,2.2500
1783084641.965199,4765,3780,5694,6679,200.1500,2.2500
1783084641.981500,4784,3762,5713,6754,200.1500,-1.8800
1783084641.997210,4840,3809,5694,6726,200.1500,-1.8800
1783084642.013290,4794,3734,5657,6698,200.1500,-1.8800
1783084642.029973,4859,3790,5760,6670,197.4400,2.6900
1783084642.049101,4859,3818,5694,6670,197.4400,2.6900
1783084642.064644,4794,3771,5722,6707,197.4400,2.6900
1783084642.080766,4859,3809,5638,6726,202.8500,-1.5000
1783084642.096306,4803,3771,5703,6688,202.8500,-1.5000
1783084642.112561,4812,3762,5703,6698,202.8500,-1.5000
1783084642.129977,4850,3762,5722,6679,202.8500,0.8100
1783084642.144415,4887,3818,5666,6698,202.8500,0.8100
1783084642.161664,4812,3790,5628,6698,202.8500,0.8100
1783084642.180431,4859,3780,5666,6670,198.8700,-2.0000
1783084642.197907,4859,3799,5638,6670,198.8700,-2.0000
1783084642.214490,4859,3780,5657,6632,198.8700,-2.0000
1783084642.231261,4850,3771,5638,6670,205.5600,2.1900
1783084642.245886,4850,3846,5610,6698,205.5600,2.1900
1783084642.261402,4812,3790,5600,6651,205.5600,2.1900
1783084642.277187,4850,3809,5619,6679,202.8500,0.6900
1783084642.293775,4915,3837,5657,6651,202.8500,0.6900
1783084642.309170,4850,3809,5638,6707,202.8500,0.6900
1783084642.325138,4784,3855,5666,6651,202.8500,0.6900
1783084642.341413,4775,3809,5628,6604,209.7500,0.6300
1783084642.357147,4859,3809,5638,6660,209.7500,0.6300
1783084642.373476,4831,3818,5600,6623,209.7500,0.6300
1783084642.389723,4784,3809,5563,6651,200.1500,-2.0600
1783084642.405583,4803,3818,5572,6623,200.1500,-2.0600
1783084642.420590,4831,3837,5591,6613,200.1500,-2.0600
1783084642.437616,4859,3855,5516,6585,201.5300,1.5000
1783084642.452572,4784,3855,5591,6651,201.5300,1.5000
1783084642.468425,4831,3827,5563,6595,201.5300,1.5000
1783084642.484424,4812,3846,5572,6623,209.7500,-2.8100
1783084642.500256,4822,3809,5553,6623,209.7500,-2.8100
1783084642.516303,4812,3837,5544,6613,209.7500,-2.8100
1783084642.532423,4840,3827,5544,6576,201.5300,2.0000
1783084642.548251,4840,3846,5535,6623,201.5300,2.0000
1783084642.564265,4869,3837,5535,6566,201.5300,2.0000
1783084642.581121,4850,3837,5553,6623,208.2600,-2.3100
1783084642.596531,4840,3790,5516,6585,208.2600,-2.3100
1783084642.612576,4887,3827,5506,6595,208.2600,-2.3100
1783084642.630504,4812,3893,5506,6604,209.7500,1.2500
1783084642.644748,4840,3818,5506,6548,209.7500,1.2500
1783084642.660603,4878,3855,5506,6585,209.7500,1.2500
1783084642.676993,4794,3884,5544,6585,201.5300,0.3100
1783084642.691586,4850,3855,5516,6566,201.5300,0.3100
1783084642.708158,4859,3846,5506,6548,201.5300,0.3100
1783084642.723640,4878,3884,5478,6557,201.5300,0.3100
1783084642.739836,4934,3902,5478,6595,209.7500,-0.3100
1783084642.756027,4887,3855,5469,6510,209.7500,-0.3100
1783084642.772259,4869,3865,5506,6520,209.7500,-0.3100
1783084642.787398,4831,3893,5506,6538,204.1800,-0.6300
1783084642.803669,4897,3865,5450,6557,204.1800,-0.6300
1783084642.819336,4840,3884,5478,6566,204.1800,-0.6300
1783084642.835422,4906,3912,5460,6595,205.5600,-1.6300
1783084642.851934,4822,3884,5478,6510,205.5600,-1.6300
1783084642.867634,4906,3893,5460,6557,205.5600,-1.6300
1783084642.883852,4878,3912,5488,6576,205.5600,0.8100
1783084642.899982,4906,3884,5516,6548,205.5600,0.8100
1783084642.916264,4944,3893,5497,6491,205.5600,0.8100
1783084642.932029,4906,3921,5488,6548,202.8500,-0.2500
1783084642.948019,4859,3902,5469,6538,202.8500,-0.2500
1783084642.963695,4840,3912,5497,6520,202.8500,-0.2500
1783084642.980494,4915,3855,5431,6520,201.4700,0.5600
1783084642.995398,4925,3912,5450,6538,201.4700,0.5600
1783084643.010704,4915,3912,5413,6473,201.4700,0.5600
1783084643.026679,4897,3902,5441,6510,201.5300,-0.6900
1783084643.043702,4869,3902,5469,6529,201.5300,-0.6900
1783084643.058683,4887,3931,5450,6529,201.5300,-0.6900
1783084643.075143,4962,3959,5450,6510,201.5300,-0.6900
1783084643.091094,4906,3921,5497,6501,200.1500,0.7500
1783084643.106861,4962,3912,5431,6557,200.1500,0.7500
1783084643.122835,4887,3884,5422,6482,200.1500,0.7500
1783084643.139036,4953,3968,5403,6501,205.5600,-0.3700
1783084643.154802,4906,3902,5431,6520,205.5600,-0.3700
1783084643.170803,4906,3959,5441,6482,205.5600,-0.3700
1783084643.187160,4934,3959,5422,6454,205.5600,1.0600
1783084643.202765,4878,3902,5431,6510,205.5600,1.0600
1783084643.218837,4897,3996,5413,6463,205.5600,1.0600
1783084643.235368,4953,3940,5422,6463,200.1500,0.3700
1783084643.249701,4962,3921,5394,6510,200.1500,0.3700
1783084643.266016,4906,3987,5385,6454,200.1500,0.3700
1783084643.281662,4906,3959,5375,6463,205.5600,1.7500
1783084643.297801,4915,3949,5422,6491,205.5600,1.7500
1783084643.315830,4915,3959,5413,6463,205.5600,1.7500
1783084643.332143,4915,3987,5441,6454,201.5300,0.0000
1783084643.348104,4906,3940,5403,6473,201.5300,0.0000
1783084643.363900,4972,3977,5441,6454,201.5300,0.0000
1783084643.382205,4962,3968,5385,6501,209.7500,-2.1900
1783084643.396140,4944,3996,5403,6435,209.7500,-2.1900
1783084643.411848,4906,4034,5394,6445,209.7500,-2.1900
1783084643.429440,4944,3977,5356,6416,205.5600,-0.3100
1783084643.444180,5000,3996,5338,6416,205.5600,-0.3100
1783084643.459852,4925,4015,5347,6473,205.5600,-0.3100
1783084643.476264,4934,3977,5347,6463,200.1500,-3.4400
1783084643.491081,5000,4043,5413,6426,200.1500,-3.4400
1783084643.506898,4944,4052,5366,6416,200.1500,-3.4400
1783084643.524050,4934,4006,5338,6398,200.1500,-3.4400
1783084643.538973,4991,4062,5347,6416,205.5600,2.8100
1783084643.554925,4962,4062,5356,6435,205.5600,2.8100
1783084643.571317,4925,4043,5347,6435,205.5600,2.8100
1783084643.586990,4981,4062,5338,6388,201.5300,-2.1900
1783084643.603004,4972,4071,5338,6416,201.5300,-2.1900
1783084643.619346,5009,4052,5300,6435,201.5300,-2.1900
1783084643.635028,4925,4034,5291,6416,215.2700,0.1900
1783084643.651096,5000,4052,5328,6416,215.2700,0.1900
1783084643.667516,5019,4071,5319,6435,215.2700,0.1900
1783084643.682917,4991,4043,5319,6398,205.5600,-2.1300
1783084643.699053,5019,4128,5319,6388,205.5600,-2.1300
1783084643.715421,5047,4071,5309,6416,205.5600,-2.1300
1783084643.731003,5000,4043,5319,6398,208.2600,0.1900
1783084643.747140,5019,4118,5319,6398,208.2600,0.1900
1783084643.762302,4991,4099,5309,6388,208.2600,0.1900
1783084643.779438,4972,4099,5347,6398,205.5600,-4.6900
1783084643.796056,5047,4099,5347,6454,205.5600,-4.6900
1783084643.812127,5028,4165,5281,6398,205.5600,-4.6900
1783084643.828587,4981,4109,5291,6407,200.1500,2.2500
1783084643.844190,5028,4109,5291,6370,200.1500,2.2500
1783084643.860489,5028,4212,5272,6445,200.1500,2.2500
1783084643.876106,5028,4118,5272,6388,200.1500,2.2500
1783084643.892091,4972,4212,5263,6370,201.5300,-2.5600
1783084643.910796,4981,4090,5253,6426,201.5300,-2.5600
1783084643.924143,5028,4062,5253,6379,201.5300,-2.5600
1783084643.940253,5028,4128,5263,6388,200.1500,3.5600
1783084643.956431,4981,4099,5253,6398,200.1500,3.5600
1783084643.972258,5000,4137,5253,6341,200.1500,3.5600
1783084643.988185,5066,4137,5253,6370,206.9900,-2.3800
1783084644.003718,5037,4165,5291,6379,206.9900,-2.3800
1783084644.019384,5019,4174,5253,6360,206.9900,-2.3800
1783084644.035347,5028,4156,5244,6360,198.8700,0.8800
1783084644.051789,5056,4165,5234,6332,198.8700,0.8800
1783084644.067650,4991,4174,5244,6351,198.8700,0.8800
1783084644.082414,5009,4184,5216,6351,204.2300,0.0600
1783084644.098235,5056,4165,5328,6435,204.2300,0.0600
1783084644.114233,5028,4165,5244,6304,204.2300,0.0600
1783084644.130199,5009,4156,5234,6360,205.5600,0.8100
1783084644.146230,5019,4156,5244,6294,205.5600,0.8100
1783084644.162314,4981,4137,5253,6323,205.5600,0.8100
1783084644.178938,5056,4128,5281,6351,200.1500,0.7500
1783084644.194274,5056,4203,5253,6285,200.1500,0.7500
1783084644.210275,5019,4221,5234,6313,200.1500,0.7500
1783084644.226319,5066,4249,5234,6332,204.1800,0.0600
1783084644.242299,5056,4221,5253,6304,204.1800,0.0600
1783084644.258298,5084,4184,5263,6351,204.1800,0.0600
1783084644.275287,5066,4174,5206,6351,204.1800,0.0600
1783084644.291485,5009,4231,5216,6285,200.1500,0.6300
1783084644.307278,5047,4212,5216,6276,200.1500,0.6300
1783084644.323284,5094,4315,5188,6313,200.1500,0.6300
1783084644.339629,5028,4203,5188,6285,205.5600,0.0000
1783084644.357816,5037,4156,5188,6285,205.5600,0.0000
1783084644.373316,5056,4249,5188,6257,205.5600,0.0000
1783084644.389289,5047,4203,5178,6323,206.9900,-0.4400
1783084644.405479,5103,4212,5197,6285,206.9900,-0.4400
1783084644.421494,5103,4193,5225,6257,206.9900,-0.4400
1783084644.437410,5112,4240,5159,6276,210.9700,-2.9400
1783084644.453521,5056,4287,5159,6266,210.9700,-2.9400
1783084644.469364,5056,4296,5178,6238,210.9700,-2.9400
1783084644.485406,5094,4212,5178,6248,200.1500,1.2500
1783084644.500994,5056,4268,5178,6219,200.1500,1.2500
1783084644.516366,5122,4240,5188,6257,200.1500,1.2500
1783084644.532375,5066,4231,5159,6257,204.1800,-1.7500
1783084644.548433,5075,4278,5188,6248,204.1800,-1.7500
1783084644.564424,5094,4287,5169,6229,204.1800,-1.7500
1783084644.580405,5112,4231,5178,6229,208.2600,2.1900
1783084644.596487,5131,4231,5169,6229,208.2600,2.1900
1783084644.612446,5084,4259,5178,6229,208.2600,2.1900
1783084644.629263,5112,4249,5188,6238,205.5600,-2.4400
1783084644.644519,5141,4287,5169,6229,205.5600,-2.4400
1783084644.660529,5103,4240,5169,6219,205.5600,-2.4400
1783084644.676499,5103,4278,5094,6210,208.2600,0.9400
1783084644.692494,5141,4325,5141,6191,208.2600,0.9400
1783084644.708507,5150,4249,5122,6229,208.2600,0.9400
1783084644.724555,5141,4296,5131,6201,208.2600,0.9400
1783084644.740602,5141,4315,5169,6201,205.5600,-5.0000
1783084644.757511,5178,4306,5150,6201,205.5600,-5.0000
1783084644.773913,5122,4315,5112,6238,205.5600,-5.0000
1783084644.790000,5094,4325,5122,6219,202.8500,7.1900
1783084644.805856,5159,4390,5103,6201,202.8500,7.1900
1783084644.821561,5094,4296,5094,6229,202.8500,7.1900
1783084644.837783,5112,4296,5084,6173,208.2600,-5.1900
1783084644.853834,5103,4315,5094,6191,208.2600,-5.1900
1783084644.869832,5159,4296,5103,6219,208.2600,-5.1900
1783084644.885805,5141,4325,5066,6219,208.2600,4.1900
1783084644.901618,5131,4343,5094,6219,208.2600,4.1900
1783084644.917619,5122,4334,5066,6219,208.2600,4.1900
1783084644.933904,5112,4334,5066,6191,210.9700,-2.9400
1783084644.949649,5141,4362,5084,6201,210.9700,-2.9400
1783084644.965647,5188,4371,5075,6229,210.9700,-2.9400
1783084644.981953,5141,4334,5075,6182,205.5600,1.5600
1783084644.996771,5159,4353,5094,6182,205.5600,1.5600
1783084645.012698,5141,4437,5094,6201,205.5600,1.5600
1783084645.030242,5178,4353,5075,6191,202.8500,-0.6300
1783084645.044732,5159,4381,5103,6182,202.8500,-0.6300
1783084645.060953,5178,4409,5112,6173,202.8500,-0.6300
1783084645.076955,5159,4371,5112,6191,202.8500,0.5600
1783084645.092837,5150,4334,5075,6182,202.8500,0.5600
1783084645.108772,5150,4390,5075,6173,202.8500,0.5600
1783084645.124959,5150,4371,5056,6173,202.8500,1.0000
1783084645.140751,5131,4381,5000,6154,202.8500,1.0000
1783084645.158334,5178,4371,5009,6154,202.8500,1.0000
1783084645.172908,5159,4371,5000,6154,202.8500,1.0000
1783084645.188849,5159,4418,5019,6154,202.8500,-0.1900
1783084645.204973,5225,4503,5009,6126,202.8500,-0.1900
1783084645.221127,5234,4465,5019,6154,202.8500,-0.1900
1783084645.236942,5197,4456,5019,6135,205.5600,0.5000
1783084645.252878,5244,4446,5047,6163,205.5600,0.5000
1783084645.269081,5244,4465,5019,6126,205.5600,0.5000
1783084645.283862,5216,4428,5019,6126,202.8500,0.1200
1783084645.300020,5216,4428,5028,6107,202.8500,0.1200
1783084645.315871,5197,4493,4972,6163,202.8500,0.1200
1783084645.331848,5206,4446,5000,6116,205.5600,0.5600
1783084645.348089,5197,4465,5019,6144,205.5600,0.5600
1783084645.363903,5178,4531,5028,6135,205.5600,0.5600
1783084645.380725,5206,4437,5009,6126,204.1800,1.2500
1783084645.397998,5225,4456,4991,6126,204.1800,1.2500
1783084645.414075,5197,4446,4981,6154,204.1800,1.2500
1783084645.431245,5263,4484,4962,6154,208.2600,-1.4400
1783084645.445868,5197,4456,4981,6135,208.2600,-1.4400
1783084645.462077,5216,4446,5000,6126,208.2600,-1.4400
1783084645.477951,5253,4493,4972,6088,208.2600,-1.4400
1783084645.493959,5225,4484,4962,6097,204.2300,-1.0000
1783084645.510002,5234,4456,4944,6097,204.2300,-1.0000
1783084645.524983,5281,4503,4953,6097,204.2300,-1.0000
1783084645.540975,5244,4540,4972,6107,205.5600,-1.3100
1783084645.557123,5300,4512,5066,6079,205.5600,-1.3100
1783084645.573108,5244,4484,4981,6069,205.5600,-1.3100
1783084645.589097,5300,4522,4944,6135,201.5300,0.1900
1783084645.605187,5234,4512,4962,6107,201.5300,0.1900
1783084645.621019,5244,4540,5000,6097,201.5300,0.1900
1783084645.637045,5328,4531,5009,6097,209.7500,0.2500
1783084645.653258,5253,4493,4934,6135,209.7500,0.2500
1783084645.669059,5272,4484,4944,6097,209.7500,0.2500
1783084645.685057,5263,4550,4915,6079,205.5600,-0.3100
1783084645.701399,5263,4531,4953,6097,205.5600,-0.3100
1783084645.717055,5300,4484,4981,6032,205.5600,-0.3100
1783084645.733064,5272,4550,4925,6032,205.5600,0.7500
1783084645.749280,5272,4503,4934,6051,205.5600,0.7500
1783084645.765084,5272,4522,4944,6051,205.5600,0.7500
1783084645.781107,5253,4531,4934,6088,201.5300,2.5000
1783084645.797285,5300,4540,4934,6032,201.5300,2.5000
1783084645.812116,5291,4531,4953,6060,201.5300,2.5000
1783084645.828154,5263,4475,4915,6041,213.6700,-5.5000
1783084645.844104,5328,4568,4915,6022,213.6700,-5.5000
1783084645.860126,5253,4606,4972,6032,213.6700,-5.5000
1783084645.876187,5281,4559,4906,6032,208.2600,4.3100
1783084645.892162,5281,4559,4915,6022,208.2600,4.3100
1783084645.908145,5309,4606,4915,6004,208.2600,4.3100
1783084645.924154,5328,4568,4897,6032,208.2600,4.3100
1783084645.940160,5309,4559,4972,6022,215.2700,-3.6900
1783084645.956163,5347,4540,4897,6041,215.2700,-3.6900
1783084645.972182,5309,4568,4934,6041,215.2700,-3.6900
1783084645.988236,5338,4615,4915,6013,201.5300,4.1900
1783084646.004158,5385,4568,4915,6022,201.5300,4.1900
1783084646.020198,5300,4559,4897,5985,201.5300,4.1900
1783084646.037435,5309,4634,4878,5985,205.5600,-3.1900
1783084646.053271,5319,4615,4887,5994,205.5600,-3.1900
1783084646.069251,5300,4578,4925,5985,205.5600,-3.1900
1783084646.085467,5309,4597,4887,6004,209.7500,2.1300
1783084646.101251,5272,4625,4906,5976,209.7500,2.1300
1783084646.117238,5328,4606,4897,5976,209.7500,2.1300
1783084646.133366,5328,4615,4859,5985,196.2200,-0.3100
1783084646.149274,5328,4615,4840,5947,196.2200,-0.3100
1783084646.165319,5356,4615,4859,5985,196.2200,-0.3100
1783084646.181439,5394,4615,4859,5966,200.1500,1.3700
1783084646.197422,5385,4578,4906,5985,200.1500,1.3700
1783084646.213278,5319,4634,4869,5957,200.1500,1.3700
1783084646.230041,5328,4625,4859,5966,202.8500,-0.1200
1783084646.245307,5338,4653,4869,5966,202.8500,-0.1200
1783084646.261332,5338,4643,4887,5957,202.8500,-0.1200
1783084646.277721,5366,4625,4878,5985,210.9700,0.9400
1783084646.293397,5385,4634,4869,5929,210.9700,0.9400
1783084646.309429,5309,4625,4887,5985,210.9700,0.9400
1783084646.325505,5375,4662,4878,5985,197.4400,-1.0600
1783084646.340406,5347,4672,4859,5938,197.4400,-1.0600
1783084646.356377,5366,4625,4887,5947,197.4400,-1.0600
1783084646.372376,5375,4662,4850,5938,197.4400,-1.0600
1783084646.388338,5338,4662,4869,5966,208.2600,0.3700
1783084646.404326,5375,4662,4850,5938,208.2600,0.3700
1783084646.420354,5375,4634,4850,5957,208.2600,0.3700
1783084646.436301,5394,4737,4869,5976,209.7500,-0.8100
1783084646.452393,5347,4643,4822,5938,209.7500,-0.8100
1783084646.468368,5375,4672,4850,5966,209.7500,-0.8100
1783084646.484338,5441,4643,4803,5919,205.5600,-1.7500
1783084646.500398,5385,4681,4775,5957,205.5600,-1.7500
1783084646.516365,5375,4690,4812,5976,205.5600,-1.7500
1783084646.532332,5385,4653,4765,5938,204.1800,0.6900
1783084646.548429,5413,4700,4803,5957,204.1800,0.6900
1783084646.564401,5413,4709,4775,5910,204.1800,0.6900
1783084646.580621,5394,4681,4803,5929,208.2600,-2.0600
1783084646.597753,5478,4634,4812,5929,208.2600,-2.0600
1783084646.613846,5441,4653,4822,5929,208.2600,-2.0600
1783084646.630428,5431,4709,4775,5891,205.5600,2.9400
1783084646.645437,5431,4728,4803,5910,205.5600,2.9400
1783084646.661670,5394,4700,4812,5891,205.5600,2.9400
1783084646.677438,5422,4700,4756,5919,205.5600,2.9400
1783084646.693448,5431,4700,4756,5910,205.5600,-1.5600
1783084646.709800,5394,4765,4775,5891,205.5600,-1.5600
1783084646.725453,5431,4765,4765,5910,205.5600,-1.5600
1783084646.741523,5403,4700,4775,5910,205.5600,-0.0600
1783084646.757686,5375,4700,4794,5844,205.5600,-0.0600
1783084646.773479,5441,4700,4765,5882,205.5600,-0.0600
1783084646.789483,5460,4775,4737,5919,210.9700,-0.1200
1783084646.805761,5431,4784,4765,5863,210.9700,-0.1200
1783084646.821577,5422,4718,4775,5854,210.9700,-0.1200
1783084646.837511,5422,4709,4775,5872,205.5600,2.4400
1783084646.853683,5413,4718,4775,5844,205.5600,2.4400
1783084646.869558,5516,4812,4756,5854,205.5600,2.4400
1783084646.884595,5460,4765,4747,5863,202.8500,-0.5000
1783084646.900736,5450,4747,4747,5807,202.8500,-0.5000
1783084646.916568,5460,4775,4737,5872,202.8500,-0.5000
1783084646.932450,5478,4840,4747,5816,213.6700,-0.4400
1783084646.948593,5431,4784,4728,5872,213.6700,-0.4400
1783084646.964569,5441,4756,4737,5825,213.6700,-0.4400
1783084646.981041,5385,4812,4737,5816,205.5600,-0.1200
1783084646.996633,5422,4765,4765,5872,205.5600,-0.1200
1783084647.012563,5431,4784,4728,5788,205.5600,-0.1200
1783084647.028590,5478,4747,4709,5835,205.5600,-0.5000
1783084647.044631,5469,4756,4718,5816,205.5600,-0.5000
1783084647.060817,5460,4765,4756,5844,205.5600,-0.5000
1783084647.076835,5450,4784,4728,5835,205.5600,0.3100
1783084647.092933,5441,4728,4747,5807,205.5600,0.3100
1783084647.108615,5441,4765,4690,5816,205.5600,0.3100
1783084647.124723,5431,4747,4672,5816,205.5600,0.3100
1783084647.140676,5450,4775,4747,5788,205.5600,0.5600
1783084647.155654,5535,4775,4728,5816,205.5600,0.5600
1783084647.172029,5460,4822,4709,5788,205.5600,0.5600
1783084647.187603,5460,4822,4728,5816,205.5600,2.2500
1783084647.203612,5450,4784,4690,5769,205.5600,2.2500
1783084647.220164,5469,4747,4737,5779,205.5600,2.2500
1783084647.235956,5450,4803,4709,5760,205.5600,-1.6300
1783084647.251888,5497,4794,4700,5797,205.5600,-1.6300
1783084647.267799,5506,4859,4662,5769,205.5600,-1.6300
1783084647.283621,5488,4803,4643,5797,205.5600,0.5000
1783084647.299680,5497,4850,4709,5760,205.5600,0.5000
1783084647.315844,5506,4831,4718,5788,205.5600,0.5000
1783084647.331579,5488,4822,4672,5760,202.8500,-0.3100
1783084647.347643,5450,4869,4634,5750,202.8500,-0.3100
1783084647.364076,5516,4840,4662,5750,202.8500,-0.3100
1783084647.379855,5469,4822,4690,5750,205.5600,2.5600
1783084647.396676,5525,4784,4653,5750,205.5600,2.5600
1783084647.413652,5478,4822,4700,5722,205.5600,2.5600
1783084647.429301,5497,4878,4634,5741,204.1800,0.3100
1783084647.444674,5525,4953,4653,5713,204.1800,0.3100
1783084647.460665,5516,4906,4615,5732,204.1800,0.3100
1783084647.476823,5544,4859,4653,5741,205.5600,-1.0000
1783084647.492713,5516,4831,4625,5732,205.5600,-1.0000
1783084647.509101,5516,4887,4643,5703,205.5600,-1.0000
1783084647.525124,5553,4915,4625,5741,209.7500,-1.5000
1783084647.540959,5516,4944,4606,5722,209.7500,-1.5000
1783084647.556987,5506,4850,4578,5732,209.7500,-1.5000
1783084647.573121,5591,4850,4606,5703,209.7500,-1.5000
1783084647.588912,5544,4859,4606,5722,201.5300,0.9400
1783084647.604996,5535,4897,4587,5685,201.5300,0.9400
1783084647.621216,5535,4906,4634,5703,201.5300,0.9400
1783084647.636815,5544,4878,4615,5722,209.7500,-2.4400
1783084647.652771,5525,4906,4559,5685,209.7500,-2.4400
1783084647.668899,5553,4840,4568,5732,209.7500,-2.4400
1783084647.684837,5525,4878,4597,5657,208.2600,1.5600
1783084647.699961,5525,4878,4587,5703,208.2600,1.5600
1783084647.716152,5553,4897,4615,5685,208.2600,1.5600
1783084647.731826,5553,4953,4578,5703,208.2600,-1.7500
1783084647.748035,5563,4915,4625,5703,208.2600,-1.7500
1783084647.763793,5572,4859,4578,5713,208.2600,-1.7500
1783084647.780493,5535,4869,4522,5666,210.9700,4.4400
1783084647.795996,5563,4878,4568,5732,210.9700,4.4400
1783084647.811847,5553,4944,4531,5685,210.9700,4.4400
1783084647.827841,5572,4944,4550,5685,213.6700,-1.6300
1783084647.844001,5572,4906,4587,5666,213.6700,-1.6300
1783084647.859832,5591,4906,4540,5703,213.6700,-1.6300
1783084647.875896,5582,4915,4568,5647,213.6700,-1.6300
1783084647.892218,5563,4915,4578,5685,208.2600,0.8100
1783084647.907900,5553,4925,4597,5657,208.2600,0.8100
1783084647.923926,5572,4897,4522,5713,208.2600,0.8100
1783084647.940113,5553,4944,4531,5666,204.1800,-0.6900
1783084647.955875,5572,4878,4559,5703,204.1800,-0.6900
1783084647.971894,5563,4840,4540,5628,204.1800,-0.6900
1783084647.987102,5553,4906,4587,5647,205.5600,0.2500
1783084648.002870,5572,4906,4503,5647,205.5600,0.2500
1783084648.018960,5591,4915,4559,5638,205.5600,0.2500
1783084648.035171,5610,4953,4559,5647,205.5600,-0.8800
1783084648.050911,5610,4944,4531,5638,205.5600,-0.8800
1783084648.066888,5582,4906,4550,5694,205.5600,-0.8800
1783084648.083030,5619,4925,4550,5666,197.4400,-0.6900
1783084648.098918,5666,4915,4550,5647,197.4400,-0.6900
1783084648.114909,5638,4962,4484,5657,197.4400,-0.6900
1783084648.132277,5694,4878,4568,5638,204.2300,-0.9400
1783084648.146936,5600,4944,4522,5628,204.2300,-0.9400
1783084648.162981,5638,4897,4550,5638,204.2300,-0.9400
1783084648.179127,5666,4906,4512,5675,196.2200,0.1900
1783084648.194956,5657,5019,4493,5647,196.2200,0.1900
1783084648.210946,5638,4934,4484,5657,196.2200,0.1900
1783084648.227150,5628,4906,4503,5610,205.5600,0.1200
1783084648.243087,5610,4906,4465,5628,205.5600,0.1200
1783084648.258968,5675,4915,4493,5657,205.5600,0.1200
1783084648.274037,5591,4981,4465,5647,205.5600,0.1200
1783084648.289976,5647,5075,4446,5638,202.8500,1.7500
1783084648.306046,5628,5000,4493,5666,202.8500,1.7500
1783084648.322037,5619,4915,4475,5610,202.8500,1.7500
1783084648.338451,5647,5019,4493,5666,206.9900,0.6900
1783084648.354029,5675,4944,4437,5610,206.9900,0.6900
1783084648.369996,5619,5019,4465,5647,206.9900,0.6900
1783084648.385997,5657,4822,4484,5628,201.5300,1.0600
1783084648.402064,5685,4812,4475,5657,201.5300,1.0600
1783084648.418058,5703,4831,4456,5657,201.5300,1.0600
1783084648.434057,5722,4831,4437,5619,209.7500,1.0600
1783084648.450127,5694,4765,4456,5666,209.7500,1.0600
1783084648.466080,5741,4897,4522,5610,209.7500,1.0600
1783084648.481990,5741,5094,4484,5591,204.1800,-0.9400
1783084648.498189,5713,4794,4428,5600,204.1800,-0.9400
1783084648.514155,5713,4803,4428,5610,204.1800,-0.9400
1783084648.530915,5694,5122,4437,5610,213.6700,-2.0600
1783084648.545283,5685,4784,4475,5553,213.6700,-2.0600
1783084648.561144,5694,4775,4456,5647,213.6700,-2.0600
1783084648.577087,5732,4784,4446,5600,209.7500,1.0000
1783084648.593296,5722,4765,4418,5610,209.7500,1.0000
1783084648.609131,5694,4756,4446,5582,209.7500,1.0000
1783084648.625165,5675,4775,4475,5563,209.7500,1.0000
1783084648.641549,5657,4822,4437,5582,201.5300,-3.0600
1783084648.657170,5657,4728,4428,5553,201.5300,-3.0600
1783084648.673144,5703,4850,4437,5591,201.5300,-3.0600
1783084648.689301,5685,4718,4418,5582,208.2600,3.3800
1783084648.705187,5703,4747,4418,5572,208.2600,3.3800
1783084648.721186,5703,4709,4409,5525,208.2600,3.3800
1783084648.737456,5741,4794,4390,5553,205.5600,-2.5000
1783084648.753202,5713,4747,4418,5582,205.5600,-2.5000
1783084648.769188,5703,4728,4390,5553,205.5600,-2.5000
1783084648.785301,5750,4690,4381,5535,212.5100,0.3700
1783084648.801194,5779,4728,4418,5525,212.5100,0.3700
1783084648.816306,5722,4681,4381,5544,212.5100,0.3700
1783084648.832237,5741,4747,4325,5516,206.8300,-1.3100
1783084648.848295,5760,4747,4353,5525,206.8300,-1.3100
1783084648.864287,5769,4737,4362,5553,206.8300,-1.3100
1783084648.881953,5732,5150,4362,5516,205.5600,1.4400
1783084648.896255,5769,4765,4296,5506,205.5600,1.4400
1783084648.912250,5732,5141,4381,5544,205.5600,1.4400
1783084648.928280,5732,5141,4381,5506,205.5600,1.4400
1783084648.944312,5703,4784,4362,5516,205.5600,-1.3700
1783084648.960336,5713,4681,4325,5497,205.5600,-1.3700
1783084648.976342,5760,5122,4334,5497,205.5600,-1.3700
1783084648.992665,5788,4737,4343,5553,208.2600,1.5000
1783084649.009786,5797,4737,4315,5497,208.2600,1.5000
1783084649.024423,5769,4700,4315,5488,208.2600,1.5000
1783084649.040480,5788,4709,4334,5516,208.2600,-1.5000
1783084649.056347,5788,4737,4334,5469,208.2600,-1.5000
1783084649.072394,5760,4718,4315,5506,208.2600,-1.5000
1783084649.089837,5807,4709,4296,5516,200.1500,0.2500
1783084649.104939,5807,4700,4315,5478,200.1500,0.2500
1783084649.120744,5760,4756,4306,5497,200.1500,0.2500
1783084649.136765,5835,4718,4315,5441,202.8500,-0.6900
1783084649.153441,5779,4718,4315,5525,202.8500,-0.6900
1783084649.168695,5825,5122,4296,5478,202.8500,-0.6900
1783084649.184323,5825,4765,4249,5516,205.5600,0.1900
1783084649.200827,5797,5131,4268,5478,205.5600,0.1900
1783084649.216413,5816,4756,4278,5488,205.5600,0.1900
1783084649.233246,5788,5216,4268,5516,202.8500,1.5000
1783084649.248796,5882,5084,4240,5450,202.8500,1.5000
1783084649.264509,5816,5535,4287,5535,202.8500,1.5000
1783084649.281404,5816,5009,4296,5469,202.8500,-0.6900
1783084649.296509,5779,5563,4249,5469,202.8500,-0.6900
1783084649.312077,5779,5234,4278,5506,202.8500,-0.6900
1783084649.328016,5788,5582,4278,5478,205.5600,1.8800
1783084649.344308,5797,4887,4240,5469,205.5600,1.8800
1783084649.360283,5816,4850,4268,5506,205.5600,1.8800
1783084649.375094,5788,4887,4249,5450,205.5600,1.8800
1783084649.391811,5882,4934,4249,5422,205.5600,-1.9400
1783084649.407717,5891,5675,4259,5488,205.5600,-1.9400
1783084649.423655,5863,4906,4231,5497,205.5600,-1.9400
1783084649.439823,5854,5638,4240,5450,202.8500,2.3100
1783084649.455523,5816,5328,4259,5460,202.8500,2.3100
1783084649.471781,5872,5610,4193,5441,202.8500,2.3100
1783084649.487864,5788,5610,4249,5469,205.5600,-0.8800
1783084649.503575,5854,5591,4268,5469,205.5600,-0.8800
1783084649.519603,5835,5600,4221,5431,205.5600,-0.8800
1783084649.535944,5835,5638,4212,5431,210.9700,-0.6900
1783084649.551599,5863,5610,4174,5422,210.9700,-0.6900
1783084649.567695,5863,5600,4240,5469,210.9700,-0.6900
1783084649.583807,5797,5600,4240,5413,208.2600,-1.6900
1783084649.599640,5816,5610,4231,5385,208.2600,-1.6900
1783084649.615601,5891,5619,4221,5441,208.2600,-1.6900
1783084649.634045,5825,5563,4268,5394,205.5600,0.2500
1783084649.647793,5844,5572,4221,5431,205.5600,0.2500
1783084649.663738,5807,5535,4212,5413,205.5600,0.2500
1783084649.679587,5863,5553,4221,5385,205.5600,-1.3700
1783084649.695429,5844,5572,4212,5403,205.5600,-1.3700
1783084649.711097,5900,5600,4184,5385,205.5600,-1.3700
1783084649.726656,5891,5628,4231,5385,205.5600,-1.3700
1783084649.742632,5919,5657,4174,5403,208.2600,-0.2500
1783084649.759320,5863,5563,4165,5375,208.2600,-0.2500
1783084649.775262,5835,5628,4156,5394,208.2600,-0.1200
1783084649.791052,5835,5619,4193,5385,208.2600,-0.1200
1783084649.807055,5863,5591,4137,5431,208.2600,-0.1200
1783084649.822679,5854,5619,4165,5403,208.2600,-0.1200
1783084649.838624,5900,5628,4165,5356,208.2600,1.6900
1783084649.855045,5910,5657,4109,5394,208.2600,1.6900
1783084649.871008,5872,5600,4118,5413,208.2600,1.6900
1783084649.887671,5919,5600,4146,5356,208.2600,0.5600
1783084649.904650,5900,5610,4071,5375,208.2600,0.5600
1783084649.920083,5900,5619,4146,5366,208.2600,0.5600
1783084649.936178,5882,5638,4118,5375,205.5600,-0.1200
1783084649.951798,5900,5610,4099,5328,205.5600,-0.1200
1783084649.968028,5882,5600,4099,5385,205.5600,-0.1200
1783084649.983667,5844,5638,4128,5338,205.5600,-0.1200
1783084649.999465,5900,5600,4118,5328,205.5600,-0.1200
1783084650.015683,5891,5638,4071,5403,205.5600,-0.1200
1783084650.032873,5872,5582,4052,5338,205.5600,-0.1900
1783084650.047522,5957,5610,4081,5385,205.5600,-0.1900
1783084650.064713,5910,5619,4081,5319,205.5600,-0.1900
1783084650.080739,5985,5657,4062,5328,205.5600,-0.1900
1783084650.097625,5929,5657,4062,5385,202.8500,0.6900
1783084650.113728,5891,5741,4071,5394,202.8500,0.6900
1783084650.131454,5900,5685,4034,5366,201.5300,0.5000
1783084650.145698,5872,5628,4090,5300,201.5300,0.5000
1783084650.161875,5910,5675,4062,5356,201.5300,0.5000
1783084650.176656,5966,5619,4015,5347,201.5300,0.5000
1783084650.192995,5919,5647,4071,5309,200.1500,0.8100
1783084650.209133,5919,5647,4006,5356,200.1500,0.8100
1783084650.225231,5919,5647,4052,5319,200.1500,0.8100
1783084650.240606,5947,5722,4071,5347,200.1500,-0.0600
1783084650.256907,5966,5619,3996,5300,200.1500,-0.0600
1783084650.272572,5882,5638,4024,5347,200.1500,-0.0600
1783084650.288751,5966,5685,4006,5347,201.4700,0.8100
1783084650.305318,5919,5675,4034,5291,201.4700,0.8100
1783084650.321407,5985,5694,4024,5328,201.4700,0.8100
1783084650.339333,5985,5685,4052,5328,202.8500,-0.0600
1783084650.354947,5994,5675,4015,5328,202.8500,-0.0600
1783084650.371235,5947,5797,3959,5309,202.8500,-0.0600
1783084650.388335,6004,5741,3968,5281,201.5300,0.6300
1783084650.403026,5994,5703,3977,5347,201.5300,0.6300
1783084650.419091,5985,5675,4043,5319,201.5300,0.6300
1783084650.433790,6004,5685,3987,5309,206.9900,0.3100
1783084650.449926,6004,5638,4006,5347,206.9900,0.3100
1783084650.466141,6013,5703,3996,5356,206.9900,0.3100
1783084650.483430,5976,5741,4006,5328,208.2600,0.5600
1783084650.497926,5957,5666,3949,5291,208.2600,0.5600
1783084650.514076,6013,5713,3968,5347,208.2600,0.5600
1783084650.529674,6004,5685,3959,5281,208.2600,0.5600
1783084650.545694,5957,5666,3940,5263,202.8500,-0.1200
1783084650.562397,5976,5666,3968,5328,202.8500,-0.1200
1783084650.577889,6041,5694,3931,5309,202.8500,-0.1200
1783084650.593786,5994,5657,3949,5253,201.5300,-2.2500
1783084650.610063,5966,5657,3949,5281,201.5300,-2.2500
1783084650.625862,5994,5666,3931,5291,201.5300,-2.2500
1783084650.641769,6004,5647,3949,5263,205.5600,-0.3700
1783084650.658113,6051,5647,3893,5281,205.5600,-0.3700
1783084650.673795,6041,5685,3959,5272,205.5600,-0.3700
1783084650.690135,6032,5675,3893,5291,209.7500,-1.5000
1783084650.707503,6032,5703,3884,5272,209.7500,-1.5000
1783084650.723471,5994,5657,3912,5272,209.7500,-1.5000
1783084650.739189,5985,5703,3865,5281,205.5600,1.7500
1783084650.755187,6051,5694,3884,5234,205.5600,1.7500
1783084650.771430,5994,5703,3921,5225,205.5600,1.7500
1783084650.786834,6069,5703,3912,5347,201.5300,-2.6300
1783084650.803020,6051,5685,3874,5281,201.5300,-2.6300
1783084650.819108,6051,5703,3855,5309,201.5300,-2.6300
1783084650.834766,6041,5703,3912,5300,205.5600,2.1900
1783084650.850904,6004,5713,3884,5272,205.5600,2.1900
1783084650.867114,6022,5750,3827,5281,205.5600,2.1900
1783084650.883592,6022,5657,3846,5253,208.2600,-1.1900
1783084650.899214,6079,5713,3884,5253,208.2600,-1.1900
1783084650.915200,6079,5750,3902,5263,208.2600,-1.1900
1783084650.932058,6069,5685,3902,5234,205.5600,1.5000
1783084650.946913,6060,5713,3809,5272,205.5600,1.5000
1783084650.961886,6041,5685,3855,5234,205.5600,1.5000
1783084650.978402,6060,5685,3893,5216,205.5600,1.5000
1783084650.994217,6041,5732,3827,5291,208.2600,-0.9400
1783084651.009928,6051,5722,3837,5225,208.2600,-0.9400
1783084651.025953,6069,5703,3884,5244,208.2600,-0.9400
1783084651.042196,6041,5750,3790,5281,205.5600,0.9400
1783084651.058544,6088,5713,3846,5197,205.5600,0.9400
1783084651.074547,6060,5741,3874,5244,205.5600,0.9400
1783084651.090528,6060,5732,3837,5263,205.5600,0.0600
1783084651.106306,6097,5722,3846,5225,205.5600,0.0600
1783084651.122153,6097,5732,3855,5216,205.5600,0.0600
1783084651.138585,6107,5685,3846,5216,202.8500,1.1900
1783084651.154077,6079,5741,3855,5234,202.8500,1.1900
1783084651.170003,6079,5685,3846,5225,202.8500,1.1900
1783084651.186460,6079,5732,3818,5244,209.7500,-2.0000
1783084651.201864,6107,5713,3809,5197,209.7500,-2.0000
1783084651.217902,6097,5769,3818,5197,209.7500,-2.0000
1783084651.234145,6097,5713,3874,5234,200.1500,1.5000
1783084651.248938,6107,5722,3818,5206,200.1500,1.5000
1783084651.264885,6144,5694,3827,5150,200.1500,1.5000
1783084651.281428,6079,5732,3865,5206,200.1500,1.5000
1783084651.297164,6116,5750,3855,5206,196.2200,-1.1900
1783084651.313586,6097,5760,3809,5178,196.2200,-1.1900
1783084651.329344,6107,5732,3809,5253,196.2200,-1.1900
1783084651.345326,6126,5769,3846,5197,200.1500,2.0600
1783084651.361463,6154,5750,3837,5159,200.1500,2.0600
1783084651.377771,6144,5750,3827,5188,205.5600,-0.6300
1783084651.393267,6135,5722,3809,5122,205.5600,-0.6300
1783084651.409638,6116,5741,3809,5197,205.5600,-0.6300
1783084651.425528,6126,5788,3799,5131,205.5600,-0.6300
1783084651.441173,6107,5788,3790,5225,205.5600,0.2500
1783084651.457188,6144,5779,3780,5206,205.5600,0.2500
1783084651.473441,6126,5741,3799,5103,205.5600,0.2500
1783084651.489032,6182,5741,3799,5197,209.7500,1.0600
1783084651.505067,6116,5741,3799,5206,209.7500,1.0600
1783084651.520239,6126,5760,3799,5206,209.7500,1.0600
1783084651.535990,6210,5779,3790,5150,205.5600,-0.2500
1783084651.552394,6144,5797,3771,5178,205.5600,-0.2500
1783084651.568116,6173,5797,3762,5188,205.5600,-0.2500
1783084651.584094,6173,5741,3799,5141,201.5300,0.3700
1783084651.600335,6173,5816,3790,5225,201.5300,0.3700
1783084651.616194,6163,5807,3780,5159,201.5300,0.3700
1783084651.633253,6126,5797,3799,5094,205.5600,-3.6900
1783084651.648364,6191,5769,3762,5141,205.5600,-3.6900
1783084651.664058,6201,5760,3762,5131,205.5600,-3.6900
1783084651.680061,6238,5816,3724,5122,202.8500,1.0000
1783084651.696619,6238,5797,3799,5122,202.8500,1.0000
1783084651.712404,6191,5797,3771,5159,202.8500,1.0000
1783084651.729496,6191,5844,3734,5131,202.8500,1.0000
1783084651.744702,6210,5816,3724,5141,205.5600,-1.5000
1783084651.760498,6191,5835,3724,5178,205.5600,-1.5000
1783084651.776449,6201,5844,3752,5131,205.5600,-1.5000
1783084651.792422,6229,5797,3743,5141,205.5600,3.1900
1783084651.808208,6266,5779,3705,5084,205.5600,3.1900
1783084651.823144,6219,5835,3696,5131,205.5600,3.1900
1783084651.839399,6191,5835,3743,5216,205.5600,-3.4400
1783084651.855100,6238,5910,3715,5159,205.5600,-3.4400
1783084651.871203,6210,5835,3734,5131,205.5600,-3.4400
1783084651.887907,6219,5788,3799,5150,205.5600,2.0600
1783084651.903336,6191,5760,3705,5112,205.5600,2.0600
1783084651.919427,6210,5797,3743,5122,205.5600,2.0600
1783084651.935586,6229,5797,3771,5131,205.5600,-1.2500
1783084651.951552,6229,5741,3696,5112,205.5600,-1.2500
1783084651.967610,6229,5816,3762,5159,205.5600,-1.2500
1783084651.984017,6257,5816,3780,5141,205.5600,1.5600
1783084651.999286,6266,5779,3705,5084,205.5600,1.5600
1783084652.015259,6248,5816,3780,5103,205.5600,1.5600
1783084652.032615,6276,5835,3724,5075,202.8500,-2.4400
1783084652.047003,6219,5825,3780,5122,202.8500,-2.4400
1783084652.063030,6219,5844,3705,5066,202.8500,-2.4400
1783084652.079452,6238,5863,3668,5103,208.2600,1.2500
1783084652.095627,6238,5863,3743,5103,208.2600,1.2500
1783084652.111609,6238,5854,3724,5141,208.2600,1.2500
1783084652.126632,6266,5863,3715,5103,208.2600,1.2500
1783084652.142987,6229,5891,3696,5112,205.5600,-0.5000
1783084652.158796,6229,5844,3715,5112,205.5600,-0.5000
1783084652.174546,6248,5891,3799,5131,205.5600,-0.5000
1783084652.190520,6248,5947,3734,5075,205.5600,-0.3700
1783084652.206808,6248,5919,3687,5112,205.5600,-0.3700
1783084652.222517,6276,5863,3734,5075,205.5600,-0.3700
1783084652.238600,6257,5863,3705,5084,208.2600,-0.6900
1783084652.254855,6276,5863,3752,5103,208.2600,-0.6900
1783084652.270710,6294,5900,3696,5066,208.2600,-0.6900
1783084652.286511,6304,5882,3705,5009,208.2600,0.3700
1783084652.302485,6276,5882,3724,5094,208.2600,0.3700
1783084652.318487,6238,5844,3705,5047,208.2600,0.3700
1783084652.334469,6248,5900,3724,5037,205.5600,2.1300
1783084652.350588,6294,5929,3715,5131,205.5600,2.1300
1783084652.366353,6276,5929,3696,5122,205.5600,2.1300
1783084652.383288,6285,5900,3743,5037,205.5600,-0.1900
1783084652.398954,6248,5891,3687,5028,205.5600,-0.1900
1783084652.413471,6257,5882,3668,5084,205.5600,-0.1900
1783084652.429583,6285,5854,3696,5066,210.9700,0.3100
1783084652.447929,6285,5891,3668,5075,210.9700,0.3100
1783084652.464773,6313,5910,3668,5122,210.9700,0.3100
1783084652.479887,6341,5900,3658,4991,210.9700,0.3100
1783084652.495417,6313,5919,3677,5066,208.2600,0.1900
1783084652.511611,6276,5910,3687,5037,208.2600,0.1900
1783084652.527349,6313,5900,3687,5066,208.2600,0.1900
1783084652.543607,6341,5910,3668,5056,209.4800,1.8100
1783084652.559929,6351,5919,3658,5047,209.4800,1.8100
1783084652.575311,6341,5910,3658,5000,209.4800,1.8100
1783084652.591576,6313,5929,3640,5066,208.2600,-0.3700
1783084652.607803,6341,5910,3621,4981,208.2600,-0.3700
1783084652.623492,6323,5919,3630,5037,208.2600,-0.3700
1783084652.639423,6304,5919,3640,4991,215.2700,-0.8800
1783084652.654447,6332,5957,3640,4991,215.2700,-0.8800
1783084652.670945,6313,5910,3677,5066,215.2700,-0.8800
1783084652.687130,6370,5947,3593,4981,208.2600,-0.0600
1783084652.703241,6351,5900,3640,5028,208.2600,-0.0600
1783084652.718873,6332,5929,3612,4991,208.2600,-0.0600
1783084652.734929,6323,5919,3602,5028,200.1500,-1.7500
1783084652.751509,6351,5947,3630,5047,200.1500,-1.7500
1783084652.766731,6416,5985,3658,4991,200.1500,-1.7500
1783084652.784035,6379,5985,3630,5000,201.5300,2.8100
1783084652.798709,6351,5957,3621,4981,201.5300,2.8100
1783084652.814651,6341,5947,3621,4972,201.5300,2.8100
1783084652.832504,6379,5957,3630,4962,215.2700,-1.2500
1783084652.846709,6370,5976,3640,4944,215.2700,-1.2500
1783084652.862708,6388,5938,3602,4991,215.2700,-1.2500
1783084652.878934,6398,5947,3649,5000,208.2600,-0.4400
1783084652.894732,6360,5947,3612,5009,208.2600,-0.4400
1783084652.910650,6388,5929,3658,5009,208.2600,-0.4400
1783084652.927034,6370,6022,3602,4925,208.2600,-0.4400
1783084652.943023,6398,5994,3602,4981,208.2600,-0.0600
1783084652.957560,6379,5966,3602,4962,208.2600,-0.0600
1783084652.973858,6351,5947,3630,4953,208.2600,-0.0600
1783084652.991931,6379,5947,3621,4915,205.5600,-0.2500
1783084653.007406,6416,5976,3612,4944,205.5600,-0.2500
1783084653.023497,6407,5966,3621,4915,205.5600,-0.2500
1783084653.039731,6360,5976,3602,4915,206.8300,-0.0600
1783084653.055569,6398,6013,3593,4944,206.8300,-0.0600
1783084653.071446,6398,5976,3621,4915,206.8300,-0.0600
1783084653.087603,6388,5947,3612,4934,205.5600,-0.1900
1783084653.103694,6379,5994,3630,4962,205.5600,-0.1900
1783084653.119723,6407,6004,3565,4925,205.5600,-0.1900
1783084653.135892,6388,5985,3574,4972,210.9700,0.2500
1783084653.151956,6398,5994,3565,4925,210.9700,0.2500
1783084653.167685,6473,5994,3574,4991,210.9700,0.2500
1783084653.184228,6435,5994,3565,4972,205.5600,0.2500
1783084653.199781,6463,5957,3565,4962,205.5600,0.2500
1783084653.215282,6454,5976,3518,4962,205.5600,0.2500
1783084653.231014,6426,5985,3565,4962,208.2600,-1.1200
1783084653.246863,6435,5994,3555,4915,208.2600,-1.1200
1783084653.263479,6445,6013,3546,4972,208.2600,-1.1200
1783084653.279070,6426,5985,3593,4944,204.2300,-0.3700
1783084653.294826,6473,6060,3555,4944,204.2300,-0.3700
1783084653.310864,6482,6022,3537,4944,204.2300,-0.3700
1783084653.327147,6520,6041,3546,4934,204.1800,1.6300
1783084653.342501,6463,6079,3537,4915,204.1800,1.6300
1783084653.358854,6454,6032,3537,4944,204.1800,1.6300
1783084653.374666,6473,6022,3546,4944,204.1800,1.6300
1783084653.390573,6473,6107,3499,4972,206.9900,-0.9400
1783084653.407213,6445,6022,3499,4962,206.9900,-0.9400
1783084653.423327,6435,6116,3518,4906,206.9900,-0.9400
1783084653.439200,6445,6051,3480,4944,204.1800,2.3100
1783084653.455275,6482,6079,3461,4934,204.1800,2.3100
1783084653.472821,6482,6041,3480,4944,204.1800,2.3100
1783084653.486853,6520,6107,3471,4897,209.7500,-1.6900
1783084653.501817,6529,6097,3490,4915,209.7500,-1.6900
1783084653.517539,6510,6088,3480,4915,209.7500,-1.6900
1783084653.533946,6501,6088,3546,4915,210.9700,1.8100
1783084653.549848,6548,6060,3508,4887,210.9700,1.8100
1783084653.565571,6491,6144,3490,4953,210.9700,1.8100
1783084653.584194,6491,6079,3480,4953,208.2600,-1.2500
1783084653.597942,6501,6079,3508,4925,208.2600,-1.2500
1783084653.613849,6463,6097,3508,4887,208.2600,-1.2500
1783084653.629854,6510,6051,3471,4906,206.8300,0.5000
1783084653.648084,6510,6097,3490,4878,206.8300,0.5000
1783084653.664859,6529,6079,3480,4897,206.8300,0.5000
1783084653.680016,6510,6079,3471,4915,206.8300,0.5000
1783084653.695943,6520,6107,3499,4953,208.2600,-1.5600
1783084653.711943,6529,6088,3499,4887,208.2600,-1.5600
1783084653.727704,6491,6107,3490,4878,208.2600,-1.5600
1783084653.742920,6529,6144,3461,4831,205.5600,0.6300
1783084653.758880,6520,6088,3508,4869,205.5600,0.6300
1783084653.774987,6491,6069,3452,4934,205.5600,0.6300
1783084653.790953,6529,6116,3499,4934,210.9700,-1.6300
1783084653.807574,6623,6088,3452,4944,210.9700,-1.6300
1783084653.822970,6576,6144,3433,4878,210.9700,-1.6300
1783084653.839082,6520,6210,3518,4887,209.7500,0.6900
1783084653.855193,6510,6135,3452,4906,209.7500,0.6900
1783084653.871027,6529,6116,3480,4869,209.7500,0.6900
1783084653.887701,6529,6135,3461,4869,201.5300,-1.7500
1783084653.903397,6585,6144,3461,4840,201.5300,-1.7500
1783084653.919057,6548,6116,3433,4925,201.5300,-1.7500
1783084653.935168,6548,6182,3461,4822,208.2600,0.6300
1783084653.951305,6538,6182,3499,4840,208.2600,0.6300
1783084653.967191,6538,6116,3424,4869,208.2600,0.6300
1783084653.984551,6529,6173,3405,4859,202.8500,1.1900
1783084654.000577,6557,6144,3443,4840,202.8500,1.1900
1783084654.015907,6585,6191,3405,4878,202.8500,1.1900
1783084654.030403,6566,6154,3405,4822,205.5600,-0.5600
1783084654.046076,6557,6163,3358,4803,205.5600,-0.5600
1783084654.063323,6557,6191,3377,4850,205.5600,-0.5600
1783084654.078593,6557,6135,3349,4840,205.5600,0.3700
1783084654.094066,6566,6154,3396,4803,205.5600,0.3700
1783084654.109029,6538,6182,3330,4812,205.5600,0.3700
1783084654.125207,6548,6210,3368,4803,205.5600,0.3700
1783084654.141006,6548,6191,3358,4906,208.2600,-0.6900
1783084654.157383,6595,6173,3377,4840,208.2600,-0.6900
1783084654.173645,6595,6182,3368,4803,208.2600,-0.6900
1783084654.189060,6576,6191,3349,4784,208.2600,0.8800
1783084654.205041,6585,6201,3368,4822,208.2600,0.8800
1783084654.221245,6613,6191,3377,4803,208.2600,0.8800
1783084654.237079,6604,6210,3358,4784,208.2600,-1.3100
1783084654.253113,6585,6248,3358,4775,208.2600,-1.3100
1783084654.269310,6566,6238,3321,4822,208.2600,-1.3100
1783084654.286105,6566,6201,3386,4794,205.5600,1.3100
1783084654.302526,6585,6191,3340,4737,205.5600,1.3100
1783084654.318227,6613,6210,3321,4794,205.5600,1.3100
1783084654.334030,6623,6182,3358,4812,200.1500,-0.1900
1783084654.350104,6595,6201,3368,4737,200.1500,-0.1900
1783084654.366160,6595,6248,3311,4775,200.1500,-0.1900
1783084654.383318,6585,6285,3311,4812,201.5300,-0.0600
1783084654.398118,6604,6238,3311,4812,201.5300,-0.0600
1783084654.414145,6660,6285,3302,4737,201.5300,-0.0600
1783084654.430146,6613,6257,3311,4803,201.5300,-0.0600
1783084654.446181,6613,6266,3255,4812,205.5600,0.3100
1783084654.462208,6585,6257,3283,4775,205.5600,0.3100
1783084654.478484,6613,6266,3264,4775,205.5600,0.3100
1783084654.494383,6632,6294,3283,4775,208.2600,0.3700
1783084654.510372,6660,6304,3274,4775,208.2600,0.3700
1783084654.525393,6660,6304,3227,4765,208.2600,0.3700
1783084654.542248,6651,6332,3283,4756,209.7500,0.5000
1783084654.557374,6604,6323,3274,4747,209.7500,0.5000
1783084654.573214,6642,6266,3321,4812,209.7500,0.5000
1783084654.589204,6651,6266,3274,4737,206.8300,0.5000
1783084654.605647,6642,6323,3255,4822,206.8300,0.5000
1783084654.621501,6651,6285,3283,4812,206.8300,0.5000
1783084654.637547,6698,6313,3246,4822,209.7500,1.3100
1783084654.653638,6698,6294,3293,4840,209.7500,1.3100
1783084654.669475,6660,6304,3255,4794,209.7500,1.3100
1783084654.685585,6707,6398,3236,4756,206.8300,-2.7500
1783084654.701685,6660,6304,3311,4728,206.8300,-2.7500
1783084654.717514,6679,6294,3255,4812,206.8300,-2.7500
1783084654.733366,6707,6323,3255,4840,209.7500,1.1200
1783084654.749575,6670,6285,3236,4700,209.7500,1.1200
1783084654.765392,6660,6341,3264,4709,209.7500,1.1200
1783084654.781291,6717,6323,3274,4747,210.9700,-3.1900
1783084654.797708,6726,6313,3246,4737,210.9700,-3.1900
1783084654.813361,6707,6341,3255,4718,210.9700,-3.1900
1783084654.829315,6717,6332,3246,4737,205.5600,4.1900
1783084654.846319,6717,6323,3246,4681,205.5600,4.1900
1783084654.862299,6698,6304,3208,4728,205.5600,4.1900
1783084654.878319,6698,6304,3236,4681,205.5600,4.1900
1783084654.894383,6670,6323,3208,4709,201.5300,-2.8100
1783084654.910382,6717,6294,3227,4662,201.5300,-2.8100
1783084654.926308,6726,6304,3218,4756,201.5300,-2.8100
1783084654.942333,6688,6323,3218,4681,212.5100,0.8100
1783084654.958354,6717,6351,3293,4728,212.5100,0.8100
1783084654.974380,6679,6370,3236,4718,212.5100,0.8100
1783084654.990574,6717,6370,3189,4672,204.1800,0.6300
1783084655.006603,6782,6407,3227,4681,204.1800,0.6300
1783084655.022548,6763,6388,3180,4653,204.1800,0.6300
1783084655.038494,6688,6379,3180,4606,210.9700,-0.1900
1783084655.054549,6698,6454,3189,4681,210.9700,-0.1900
1783084655.070536,6735,6416,3180,4681,210.9700,-0.1900
1783084655.086444,6773,6398,3255,4615,209.7500,-0.4400
1783084655.102100,6735,6416,3189,4700,209.7500,-0.4400
1783084655.117406,6735,6388,3152,4672,209.7500,-0.4400
1783084655.133761,6754,6435,3161,4662,209.4800,0.4400
1783084655.151637,6754,6398,3180,4662,209.4800,0.4400
1783084655.167421,6810,6407,3161,4643,209.4800,0.4400
1783084655.183686,6773,6379,3180,4653,208.2600,0.0600
1783084655.199841,6735,6426,3161,4653,208.2600,0.0600
1783084655.215474,6745,6388,3152,4718,208.2600,0.0600
1783084655.231598,6735,6407,3199,4634,209.7500,-1.0000
1783084655.247690,6820,6435,3143,4662,209.7500,-1.0000
1783084655.263471,6773,6435,3143,4681,209.7500,-1.0000
1783084655.279699,6782,6435,3180,4662,204.1800,1.0000
1783084655.295671,6782,6426,3143,4672,204.1800,1.0000
1783084655.311465,6773,6445,3152,4681,204.1800,1.0000
1783084655.327462,6735,6454,3143,4643,204.1800,1.0000
1783084655.344558,6763,6454,3161,4672,205.5600,-1.0600
1783084655.360523,6792,6398,3114,4662,205.5600,-1.0600
1783084655.378906,6792,6445,3133,4681,209.7500,3.2500
1783084655.394857,6792,6463,3124,4643,209.7500,3.2500
1783084655.410779,6782,6501,3143,4653,209.7500,3.2500
1783084655.427026,6801,6482,3124,4662,204.1800,-0.7500
1783084655.442785,6820,6463,3105,4672,204.1800,-0.7500
1783084655.458945,6820,6473,3133,4690,204.1800,-0.7500
1783084655.474978,6810,6473,3171,4662,204.1800,-0.7500
1783084655.490778,6801,6510,3105,4587,210.9700,1.7500
1783084655.506730,6801,6548,3096,4643,210.9700,1.7500
1783084655.522889,6810,6501,3114,4615,210.9700,1.7500
1783084655.538659,6820,6510,3086,4653,205.5600,-1.0600
1783084655.554651,6820,6445,3086,4653,205.5600,-1.0600
1783084655.570682,6829,6501,3133,4681,205.5600,-1.0600
1783084655.586652,6810,6482,3077,4615,209.7500,2.3800
1783084655.602703,6857,6482,3143,4625,209.7500,2.3800
1783084655.618872,6810,6520,3067,4615,209.7500,2.3800
1783084655.634550,6820,6482,3096,4700,204.1800,-0.7500
1783084655.650664,6792,6491,3124,4643,204.1800,-0.7500
1783084655.666693,6876,6482,3067,4634,204.1800,-0.7500
1783084655.683459,6848,6491,3077,4653,210.9700,0.6300
1783084655.700644,6848,6538,3067,4550,210.9700,0.6300
1783084655.716692,6848,6529,3039,4634,210.9700,0.6300
1783084655.733737,6857,6491,3049,4643,208.2600,0.4400
1783084655.748633,6857,6491,3171,4615,208.2600,0.4400
1783084655.764707,6820,6501,3049,4550,208.2600,0.4400
1783084655.780835,6867,6529,3105,4531,205.5600,0.6900
1783084655.795715,6820,6538,3030,4672,205.5600,0.6900
1783084655.812313,6820,6548,3086,4531,205.5600,0.6900
1783084655.827686,6829,6566,3021,4634,205.5600,0.6900
1783084655.843739,6839,6482,3049,4578,208.2600,0.7500
1783084655.860130,6885,6529,3011,4606,208.2600,0.7500
1783084655.878084,6857,6529,3039,4606,208.2600,-0.5600
1783084655.893715,6923,6604,3077,4587,208.2600,-0.5600
1783084655.909699,6867,6576,3086,4578,208.2600,-0.5600
1783084655.926237,6820,6520,3049,4550,208.2600,-0.5600
1783084655.941743,6885,6538,3011,4587,213.6700,-1.0000
1783084655.957751,6932,6548,3096,4606,213.6700,-1.0000
1783084655.973961,6895,6604,3002,4606,213.6700,-1.0000
1783084655.989786,6876,6604,3049,4643,205.5600,0.0600
1783084656.005765,6895,6520,2992,4568,205.5600,0.0600
1783084656.022058,6876,6548,3030,4615,205.5600,0.0600
1783084656.036798,6942,6482,3049,4559,210.9700,0.6300
1783084656.052811,6914,6548,3002,4587,210.9700,0.6300
1783084656.069311,6942,6520,3049,4587,210.9700,0.6300
1783084656.084717,6914,6557,3030,4531,216.3800,-0.4400
1783084656.100918,6885,6557,3030,4578,216.3800,-0.4400
1783084656.117219,6960,6566,3011,4559,216.3800,-0.4400
1783084656.133729,6904,6520,3030,4531,210.9700,0.6900
1783084656.148843,6914,6520,2992,4531,210.9700,0.6900
1783084656.165050,6904,6576,2964,4540,210.9700,0.6900
1783084656.180868,6932,6501,3011,4606,210.9700,-0.8100
1783084656.196970,6979,6491,3039,4559,210.9700,-0.8100
1783084656.213092,6932,6491,3021,4531,210.9700,-0.8100
1783084656.228985,6951,6538,2955,4615,210.9700,-0.8100
1783084656.244964,6932,6529,3002,4522,210.9700,-0.4400
1783084656.261099,6960,6520,2964,4597,210.9700,-0.4400
1783084656.276927,6951,6538,2983,4550,210.9700,-0.4400
1783084656.293320,6914,6548,3021,4522,208.2600,-1.1900
1783084656.307980,6970,6548,3011,4493,208.2600,-1.1900
1783084656.323986,6960,6520,2983,4568,208.2600,-1.1900
1783084656.339986,6951,6520,2927,4615,215.2700,-0.4400
1783084656.355931,6998,6501,2889,4568,215.2700,-0.4400
1783084656.371933,6942,6529,2927,4503,215.2700,-0.4400
1783084656.388093,6979,6604,2889,4503,204.1800,1.5000
1783084656.403966,6970,6548,2927,4503,204.1800,1.5000
1783084656.419966,6979,6548,2964,4493,204.1800,1.5000
1783084656.436463,6951,6510,2955,4550,210.9700,-0.1200
1783084656.452216,6979,6566,3011,4568,210.9700,-0.1200
1783084656.468188,7007,6557,2908,4587,210.9700,-0.1200
1783084656.484319,6960,6576,2955,4550,212.1300,2.0600
1783084656.500049,6970,6604,2870,4503,212.1300,2.0600
1783084656.516056,6951,6566,2927,4568,212.1300,2.0600
1783084656.532095,6970,6557,2908,4559,212.5100,-1.5000
1783084656.548126,6979,6604,2936,4503,212.5100,-1.5000
1783084656.563162,6989,6585,2964,4540,212.5100,-1.5000
1783084656.579445,7007,6538,2936,4540,210.9700,1.9400
1783084656.597305,6998,6623,2936,4540,210.9700,1.9400
1783084656.613122,6960,6604,2946,4493,210.9700,1.9400
1783084656.629238,6998,6576,2899,4503,210.9700,1.9400
1783084656.645719,7026,6604,2917,4465,213.6700,-0.8100
1783084656.661141,7017,6576,2861,4465,213.6700,-0.8100
1783084656.677144,7026,6566,2899,4475,213.6700,-0.8100
1783084656.693365,7017,6576,2927,4446,216.3800,0.2500
1783084656.709188,6979,6623,2889,4437,216.3800,0.2500
1783084656.725260,6989,6623,2899,4465,216.3800,0.2500
1783084656.741422,6989,6632,2870,4437,205.5600,-1.0600
1783084656.757256,7073,6642,2964,4465,205.5600,-1.0600
1783084656.773237,7036,6604,2936,4493,205.5600,-1.0600
1783084656.789408,7073,6623,2899,4437,210.9700,-0.6300
1783084656.804255,7092,6604,2870,4418,210.9700,-0.6300
1783084656.820216,6998,6613,2899,4456,210.9700,-0.6300
1783084656.836290,7045,6566,2936,4418,210.9700,0.6900
1783084656.852215,7073,6585,2908,4446,210.9700,0.6900
1783084656.868254,7092,6595,2927,4437,210.9700,0.6900
1783084656.884151,7082,6576,2861,4428,210.9700,-1.0600
1783084656.900308,7045,6604,2861,4465,210.9700,-1.0600
1783084656.916334,7026,6613,2852,4409,210.9700,-1.0600
1783084656.932868,7036,6623,2889,4446,210.9700,-1.0600
1783084656.948328,7045,6585,2899,4465,210.9700,0.7500
1783084656.964346,7082,6595,2880,4418,210.9700,0.7500
1783084656.980333,7120,6604,2880,4428,210.9700,0.7500
1783084656.996323,7129,6613,2880,4465,210.9700,-0.3700
1783084657.012414,7036,6642,2861,4418,210.9700,-0.3700
1783084657.028404,6998,6623,2861,4400,210.9700,-0.3700
1783084657.044415,7082,6623,2870,4418,206.8300,0.6900
1783084657.059572,7054,6613,2861,4437,206.8300,0.6900
1783084657.077602,7045,6604,2861,4437,206.8300,0.6900
1783084657.093570,7111,6642,2861,4409,210.9700,-0.1200
1783084657.111643,7111,6642,2908,4409,210.9700,-0.1200
1783084657.127473,7054,6576,2861,4362,210.9700,-0.1200
1783084657.143667,7092,6642,2833,4362,212.5100,1.0600
1783084657.159430,7073,6604,2861,4437,212.5100,1.0600
1783084657.175493,7120,6632,2833,4400,212.5100,1.0600
1783084657.191771,7092,6632,2861,4381,209.4800,0.1900
1783084657.207528,7073,6613,2833,4381,209.4800,0.1900
1783084657.223504,7092,6604,2861,4409,209.4800,0.1900
1783084657.239681,7045,6595,2814,4428,215.2700,0.8100
1783084657.255529,7139,6585,2795,4381,215.2700,0.8100
1783084657.270523,7064,6604,2805,4362,215.2700,0.8100
1783084657.286683,7092,6585,2786,4381,204.1800,-0.6900
1783084657.302543,7120,6585,2814,4362,204.1800,-0.6900
1783084657.318638,7101,6585,2795,4353,204.1800,-0.6900
1783084657.334464,7139,6595,2795,4353,209.7500,0.9400
1783084657.350574,7120,6651,2767,4409,209.7500,0.9400
1783084657.366615,7139,6576,2786,4353,209.7500,0.9400
1783084657.383543,7101,6585,2777,4371,205.5600,1.5600
1783084657.398573,7092,6604,2805,4362,205.5600,1.5600
1783084657.414664,7101,6613,2777,4381,205.5600,1.5600
1783084657.430694,7120,6632,2795,4325,205.5600,1.5600
1783084657.446650,7101,6604,2777,4353,208.2600,1.0000
1783084657.462671,7101,6623,2795,4278,208.2600,1.0000
1783084657.479784,7101,6651,2852,4343,210.9700,0.6300
1783084657.495731,7129,6604,2833,4334,210.9700,0.6300
1783084657.511666,7223,6557,2824,4325,210.9700,0.6300
1783084657.529678,7223,6576,2805,4325,210.9700,0.6300
1783084657.545856,7139,6576,2739,4381,206.8300,-0.7500
1783084657.563921,7186,6576,2739,4353,206.8300,-0.7500
1783084657.579692,7157,6576,2786,4371,206.8300,-0.7500
1783084657.595721,7157,6604,2739,4306,212.5100,1.3700
1783084657.611890,7195,6613,2777,4362,212.5100,1.3700
1783084657.627724,7195,6604,2711,4353,212.5100,1.3700
1783084657.643734,7195,6651,2777,4306,210.9700,0.2500
1783084657.660682,7195,6642,2767,4334,210.9700,0.2500
1783084657.676853,7167,6642,2777,4325,210.9700,0.2500
1783084657.692730,7176,6651,2739,4325,213.6700,-0.0600
1783084657.710783,7176,6670,2739,4325,213.6700,-0.0600
1783084657.726796,7214,6510,2739,4268,213.6700,-0.0600
1783084657.742975,7157,6585,2758,4343,206.8300,-0.1200
1783084657.762050,7157,6595,2758,4343,206.8300,-0.1200
1783084657.779140,7148,6632,2758,4353,212.5100,-1.8100
1783084657.794926,7204,6670,2711,4325,212.5100,-1.8100
1783084657.810818,7204,6632,2683,4325,212.5100,-1.8100
1783084657.826980,7195,6604,2711,4353,212.5100,-1.8100
1783084657.841884,7242,6632,2739,4306,201.5300,-0.5000
1783084657.860214,7233,6613,2702,4306,201.5300,-0.5000
1783084657.876232,7270,6613,2720,4306,201.5300,-0.5000
1783084657.891875,7223,6660,2767,4306,212.5100,-0.2500
1783084657.907925,7204,6642,2674,4296,212.5100,-0.2500
1783084657.924013,7204,6632,2702,4287,212.5100,-0.2500
1783084657.939914,7204,6632,2692,4268,208.2600,-0.7500
1783084657.957933,7129,6632,2702,4268,208.2600,-0.7500
1783084657.973925,7204,6670,2758,4259,208.2600,-0.7500
1783084657.990026,7157,6670,2645,4287,210.9700,-0.2500
1783084658.005913,7214,6660,2683,4306,210.9700,-0.2500
1783084658.021917,7261,6651,2720,4240,210.9700,-0.2500
1783084658.037988,7242,6642,2730,4287,201.5300,1.3700
1783084658.053958,7186,6623,2674,4249,201.5300,1.3700
1783084658.068949,7242,6670,2636,4296,201.5300,1.3700
1783084658.085102,7279,6660,2645,4278,215.2700,-2.0600
1783084658.100915,7289,6660,2674,4259,215.2700,-2.0600
1783084658.116960,7233,6679,2683,4240,215.2700,-2.0600
1783084658.133923,7242,6688,2627,4231,206.8300,1.4400
1783084658.148936,7308,6717,2711,4249,206.8300,1.4400
1783084658.165631,7289,6801,2655,4221,206.8300,1.4400
1783084658.183968,7233,6857,2664,4221,205.5600,-1.6300
1783084658.199187,7270,6792,2645,4240,205.5600,-1.6300
1783084658.214992,7279,6726,2608,4278,205.5600,-1.6300
1783084658.231033,7233,6763,2645,4221,212.5100,1.1900
1783084658.247201,7289,6754,2674,4240,212.5100,1.1900
1783084658.262997,7242,6698,2617,4296,212.5100,1.1900
1783084658.279184,7251,6745,2655,4259,212.5100,1.1900
1783084658.294114,7242,6782,2674,4249,201.5300,-0.6900
1783084658.310035,7270,7392,2636,4268,201.5300,-0.6900
1783084658.326442,7289,6763,2552,4278,201.5300,-0.6900
1783084658.342383,7308,6754,2627,4249,200.1500,0.9400
1783084658.360281,7279,6829,2645,4249,200.1500,0.9400
1783084658.376143,7270,6782,2655,4278,200.1500,0.9400
1783084658.392051,7298,7167,2627,4240,205.5600,-0.2500
1783084658.408051,7279,7148,2627,4249,205.5600,-0.2500
1783084658.426100,7251,6857,2589,4249,205.5600,-0.2500
1783084658.442097,7336,7430,2580,4240,202.8500,0.1200
1783084658.458117,7317,7411,2598,4278,202.8500,0.1200
1783084658.474344,7392,7392,2598,4231,202.8500,0.1200
1783084658.490088,7326,6867,2561,4231,202.8500,0.9400
1783084658.505329,7326,7129,2589,4249,202.8500,0.9400
1783084658.521105,7308,7383,2608,4221,202.8500,0.9400
1783084658.537169,7298,7345,2580,4231,205.5600,-0.4400
1783084658.553336,7326,7129,2636,4231,205.5600,-0.4400
1783084658.569163,7298,7533,2561,4268,205.5600,-0.4400
1783084658.585214,7326,7401,2533,4231,202.8500,1.2500
1783084658.601410,7279,7401,2580,4249,202.8500,1.2500
1783084658.617199,7345,7373,2561,4259,202.8500,1.2500
1783084658.633891,7345,7420,2542,4212,208.2600,-0.3700
1783084658.649404,7392,7448,2617,4268,208.2600,-0.3700
1783084658.665194,7383,7383,2598,4193,208.2600,-0.3700
1783084658.681285,7336,7373,2552,4240,202.8500,0.3700
1783084658.697412,7383,7420,2542,4184,202.8500,0.3700
1783084658.713232,7401,7458,2523,4184,202.8500,0.3700
1783084658.729273,7383,7439,2552,4193,202.8500,0.3700
1783084658.745639,7364,7430,2514,4184,208.2600,-3.3100
1783084658.760334,7373,7373,2523,4184,208.2600,-3.3100
1783084658.776289,7458,7420,2505,4193,208.2600,-3.3100
1783084658.792326,7364,7430,2542,4184,202.8500,1.8800
1783084658.808288,7439,7204,2542,4193,202.8500,1.8800
1783084658.824313,7420,7420,2580,4193,202.8500,1.8800
1783084658.840318,7373,7430,2580,4165,208.2600,-3.3800
1783084658.856345,7326,7486,2542,4156,208.2600,-3.3800
1783084658.872370,7373,7214,2495,4221,208.2600,-3.3800
1783084658.888452,7392,7392,2495,4184,205.5600,3.3800
1783084658.904418,7411,7458,2505,4193,205.5600,3.3800
1783084658.920562,7383,7411,2533,4165,205.5600,3.3800
1783084658.938411,7392,7392,2505,4165,208.2600,-3.8800
1783084658.954424,7420,7448,2523,4203,208.2600,-3.8800
1783084658.970442,7458,7401,2533,4174,208.2600,-3.8800
1783084658.986569,7364,7392,2495,4137,205.5600,2.4400
1783084659.001549,7392,7458,2495,4174,205.5600,2.4400
1783084659.017452,7354,7448,2495,4156,205.5600,2.4400
1783084659.034379,7448,7523,2495,4146,205.5600,-2.1900
1783084659.049497,7401,7392,2495,4165,205.5600,-2.1900
1783084659.065476,7420,7430,2486,4184,205.5600,-2.1900
1783084659.081662,7411,7420,2486,4146,205.5600,1.6300
1783084659.097528,7411,7448,2514,4156,205.5600,1.6300
1783084659.114781,7439,7420,2467,4146,205.5600,1.6300
1783084659.131841,7439,7392,2505,4174,205.5600,-1.3700
1783084659.147500,7411,7430,2477,4146,205.5600,-1.3700
1783084659.164920,7420,7430,2458,4184,205.5600,-1.3700
1783084659.180935,7420,7430,2467,4137,205.5600,-1.3700
1783084659.197118,7439,7392,2486,4146,205.5600,0.3700
1783084659.212514,7448,7401,2477,4184,205.5600,0.3700
1783084659.227402,7439,7401,2439,4156,205.5600,0.3700
1783084659.243594,7430,7430,2458,4156,210.9700,-1.3100
1783084659.259365,7439,7392,2448,4128,210.9700,-1.3100
1783084659.275436,7448,7383,2420,4156,210.9700,-1.3100
1783084659.291745,7476,7401,2448,4146,202.8500,0.2500
1783084659.310029,7476,7336,2430,4156,202.8500,0.2500
1783084659.327966,7476,7430,2458,4128,202.8500,0.2500
1783084659.343627,7439,7448,2401,4146,205.5600,-0.5600
1783084659.359655,7439,7411,2411,4146,205.5600,-0.5600
1783084659.375966,7448,7411,2430,4099,205.5600,-0.5600
1783084659.391645,7401,7411,2430,4146,205.5600,-0.8100
1783084659.406723,7401,7373,2420,4109,205.5600,-0.8100
1783084659.424020,7411,7439,2430,4099,205.5600,-0.8100
1783084659.438531,7467,7411,2448,4071,205.5600,3.0000
1783084659.454597,7439,7411,2401,4090,205.5600,3.0000
1783084659.470415,7495,7458,2430,4090,205.5600,3.0000
1783084659.486424,7420,7392,2420,4128,205.5600,0.2500
1783084659.503254,7495,7364,2420,4071,205.5600,0.2500
1783084659.518907,7467,7345,2392,4090,205.5600,0.2500
1783084659.535319,7495,7392,2430,4090,202.8500,-0.6900
1783084659.550958,7514,7401,2439,4099,202.8500,-0.6900
1783084659.566704,7448,7430,2401,4090,202.8500,-0.6900
1783084659.583294,7523,7411,2411,4052,205.5600,-1.2500
1783084659.599402,7505,7411,2430,4071,205.5600,-1.2500
1783084659.614556,7523,7448,2355,4090,205.5600,-1.2500
1783084659.630727,7514,7401,2383,4128,205.5600,-1.2500
1783084659.646971,7551,7439,2411,4109,208.2600,2.6300
1783084659.662978,7523,7401,2401,4071,208.2600,2.6300
1783084659.678667,7505,7383,2364,4043,208.2600,2.6300
1783084659.694901,7533,7401,2392,4052,208.2600,4.3800
1783084659.710568,7523,7392,2420,4081,208.2600,4.3800
1783084659.725532,7580,7430,2364,4081,208.2600,4.3800
1783084659.741723,7542,7420,2345,4062,221.7800,-4.1900
1783084659.758040,7523,7486,2317,4062,221.7800,-4.1900
1783084659.774059,7495,7420,2373,4090,221.7800,-4.1900
1783084659.789985,7495,7401,2317,4062,208.2600,1.5000
1783084659.806075,7514,7401,2373,4024,208.2600,1.5000
1783084659.822408,7533,7467,2373,4024,208.2600,1.5000
1783084659.838516,7561,7430,2401,4071,208.2600,-4.8100
1783084659.854108,7523,7420,2345,4062,208.2600,-4.8100
1783084659.870284,7551,7430,2364,4062,208.2600,-4.8100
1783084659.886829,7570,7430,2317,4062,204.1800,2.8100
1783084659.901840,7580,7467,2326,4052,204.1800,2.8100
1783084659.917935,7608,7411,2326,4052,204.1800,2.8100
1783084659.935249,7551,7505,2345,4071,212.5100,-2.3100
1783084659.951134,7551,7476,2317,4043,212.5100,-2.3100
1783084659.967985,7608,7467,2308,4052,212.5100,-2.3100
1783084659.985063,7580,7476,2336,4015,204.1800,0.8100
1783084659.999586,7598,7448,2336,4062,204.1800,0.8100
1783084660.014988,7580,7467,2289,4034,204.1800,0.8100
1783084660.031519,7589,7439,2326,4052,215.2700,-1.5000
1783084660.047769,7608,7523,2280,4043,215.2700,-1.5000
1783084660.063432,7627,7458,2336,4062,215.2700,-1.5000
1783084660.079376,7627,7411,2308,4015,215.2700,-1.5000
1783084660.095633,7598,7533,2308,4006,210.9700,1.0600
1783084660.110846,7645,7486,2298,4043,210.9700,1.0600
1783084660.126866,7617,7533,2308,4024,210.9700,1.0600
1783084660.142740,7589,7458,2308,4015,210.9700,-0.8800
1783084660.158707,7636,7486,2280,4024,210.9700,-0.8800
1783084660.175474,7655,7505,2280,4024,210.9700,-0.8800
1783084660.190977,7636,7430,2336,4015,201.5300,0.8800
1783084660.207000,7627,7505,2364,4006,201.5300,0.8800
1783084660.224148,7627,7476,2298,4015,201.5300,0.8800
1783084660.240787,7598,7476,2317,3996,208.2600,-1.2500
1783084660.256514,7580,7486,2308,4034,208.2600,-1.2500
1783084660.272088,7608,7476,2261,4024,208.2600,-1.2500
1783084660.288351,7683,7505,2280,4062,209.7500,2.1300
1783084660.304418,7645,7458,2280,4006,209.7500,2.1300
1783084660.319934,7617,7570,2251,4062,209.7500,2.1300
1783084660.336012,7608,7467,2242,3968,198.8700,-1.1200
1783084660.351902,7570,7486,2298,4015,198.8700,-1.1200
1783084660.367974,7645,7458,2270,3996,198.8700,-1.1200
1783084660.385626,7627,7514,2270,4015,205.5600,-0.3700
1783084660.399918,7645,7580,2204,4006,205.5600,-0.3700
1783084660.416183,7655,7542,2242,4024,205.5600,-0.3700
1783084660.432742,7664,7495,2261,4015,206.9900,1.8100
1783084660.448302,7730,7551,2242,3996,206.9900,1.8100
1783084660.464173,7702,7551,2233,3996,206.9900,1.8100
1783084660.479356,7711,7561,2233,4043,201.5300,-0.6900
1783084660.495142,7673,7505,2223,3977,201.5300,-0.6900
1783084660.510991,7730,7514,2233,3996,201.5300,-0.6900
1783084660.527227,7711,7533,2158,4006,201.5300,-0.6900
1783084660.542951,7664,7533,2223,3949,205.5600,1.9400
1783084660.558919,7683,7486,2214,3987,205.5600,1.9400
1783084660.575125,7655,7542,2242,3949,205.5600,1.9400
1783084660.590941,7683,7542,2261,4024,209.7500,-3.0000
1783084660.610313,7683,7542,2326,4024,209.7500,-3.0000
1783084660.627359,7645,7580,2176,3968,209.7500,-3.0000
1783084660.643241,7673,7523,2214,3949,206.8300,3.1900
1783084660.659563,7655,7551,2204,3987,206.8300,3.1900
1783084660.674357,7711,7551,2242,4006,206.8300,3.1900
1783084660.690809,7739,7542,2251,3949,201.4700,-3.3800
1783084660.706248,7702,7580,2242,3940,201.4700,-3.3800
1783084660.722636,7673,7561,2242,3959,201.4700,-3.3800
1783084660.738970,7739,7570,2167,3959,204.1800,2.8800
1783084660.754270,7702,7598,2167,3949,204.1800,2.8800
1783084660.770271,7711,7542,2195,3959,204.1800,2.8800
1783084660.786908,7702,7580,2204,3931,205.5600,-2.8800
1783084660.802366,7767,7551,2204,3931,205.5600,-2.8800
1783084660.818789,7720,7570,2176,3949,205.5600,-2.8800
1783084660.837776,7720,7523,2336,3949,202.8500,1.7500
1783084660.854493,7730,7608,2204,3921,202.8500,1.7500
1783084660.870816,7805,7664,2223,3940,202.8500,1.7500
1783084660.888046,7786,7570,2364,3940,210.9700,-3.0600
1783084660.905928,7786,7570,2148,3940,210.9700,-3.0600
1783084660.921499,7692,7551,2233,3940,210.9700,-3.0600
1783084660.939305,7692,7608,2158,3931,208.2600,3.0600
1783084660.955199,7748,7655,2214,3940,208.2600,3.0600
1783084660.972519,7748,7608,2214,3940,208.2600,3.0600
1783084660.990510,7739,7608,2129,3940,208.2600,-2.5600
1783084661.006289,7720,7598,2148,3902,208.2600,-2.5600
1783084661.022500,7814,7692,2233,3912,208.2600,-2.5600
1783084661.039204,7777,7551,2148,3912,208.2600,1.4400
1783084661.054357,7833,7636,2176,3940,208.2600,1.4400
1783084661.070474,7767,7645,2092,3921,208.2600,1.4400
1783084661.086610,7711,7561,2120,3884,215.2700,-1.6300
1783084661.104442,7711,7617,2129,3949,215.2700,-1.6300
1783084661.122763,7748,7627,2195,3949,215.2700,-1.6300
1783084661.138537,7805,7627,2129,3912,204.1800,0.5000
1783084661.154530,7814,7608,2111,3884,204.1800,0.5000
1783084661.170859,7805,7598,2129,3921,204.1800,0.5000
1783084661.186481,7795,7655,2092,3893,212.5100,0.1200
1783084661.202514,7795,7580,2148,3874,212.5100,0.1200
1783084661.217707,7814,7561,2139,3931,212.5100,0.1200
1783084661.234114,7805,7673,2158,3912,212.5100,0.1200
1783084661.249439,7824,7636,2139,3893,201.5300,-1.3100
1783084661.265764,7767,7702,2129,3931,201.5300,-1.3100
1783084661.281545,7767,7645,2083,3884,201.5300,-1.3100
1783084661.297901,7833,7645,2139,3893,208.2600,0.8800
1783084661.314158,7795,7655,2158,3893,208.2600,0.8800
1783084661.329859,7777,7627,2167,3968,208.2600,0.8800
1783084661.346074,7805,7645,2129,3893,202.8500,0.5000
1783084661.362160,7805,7702,2073,3912,202.8500,0.5000
1783084661.377897,7824,7683,2120,3902,202.8500,0.5000
1783084661.393669,7786,7655,2139,3902,200.1500,1.8100
1783084661.411689,7786,7683,2167,3931,200.1500,1.8100
1783084661.427638,7852,7664,2139,3902,200.1500,1.8100
1783084661.443140,7880,7711,2111,3912,197.4400,-0.6300
1783084661.458459,7833,7692,2073,3940,197.4400,-0.6300
1783084661.474117,7833,7767,2064,3884,197.4400,-0.6300
1783084661.490701,7833,7683,2120,3912,197.4400,0.3100
1783084661.506554,7861,7655,2120,3902,197.4400,0.3100
1783084661.522687,7880,7636,2129,3912,197.4400,0.3100
1783084661.538621,7824,7683,2111,3912,200.1500,-0.5600
1783084661.555280,7880,7664,2120,3912,200.1500,-0.5600
1783084661.571275,7824,7692,2101,3921,200.1500,-0.5600
1783084661.586668,7861,7739,2120,3893,202.8500,1.2500
1783084661.603255,7880,7692,2092,3884,202.8500,1.2500
1783084661.618880,7870,7636,2083,3902,202.8500,1.2500
1783084661.635991,7870,7664,2026,3884,194.7400,-2.1900
1783084661.651508,7880,7720,2036,3893,194.7400,-2.1900
1783084661.667298,7880,7777,2036,3893,194.7400,-2.1900
1783084661.682671,7861,7683,2036,3865,200.1500,2.3800
1783084661.699065,7833,7720,2073,3912,200.1500,2.3800
1783084661.715023,7852,7758,2036,3874,200.1500,2.3800
1783084661.730551,7880,7711,2054,3893,200.1500,2.3800
1783084661.746222,7917,7711,2026,3865,200.1500,-0.5000
1783084661.761578,7833,7814,2026,3893,200.1500,-0.5000
1783084661.777416,7899,7702,2036,3818,200.1500,-0.5000
1783084661.793680,7917,7748,2036,3855,200.1500,0.8100
1783084661.809425,7861,7730,2054,3818,200.1500,0.8100
1783084661.825655,7880,7767,2036,3865,200.1500,0.8100
1783084661.841953,7880,7730,2026,3827,197.4400,-1.7500
1783084661.857883,7880,7795,2017,3865,197.4400,-1.7500
1783084661.873743,7899,7748,2036,3874,197.4400,-1.7500
1783084661.891743,7899,7730,1998,3846,190.9200,-0.4400
1783084661.908202,7889,7758,2054,3818,190.9200,-0.4400
1783084661.923718,7917,7758,2045,3865,190.9200,-0.4400
1783084661.939613,7899,7748,2054,3827,198.7100,0.5000
1783084661.956120,7917,7786,1998,3827,198.7100,0.5000
1783084661.971602,7927,7786,2017,3846,198.7100,0.5000
1783084661.986892,7955,7786,1998,3827,194.7400,1.2500
1783084662.002624,7945,7739,2017,3874,194.7400,1.2500
1783084662.018837,7945,7748,2036,3874,194.7400,1.2500
1783084662.037168,7917,7739,1989,3874,194.7400,-2.5600
1783084662.051573,7917,7777,2017,3846,194.7400,-2.5600
1783084662.067012,7908,7795,2036,3827,194.7400,-2.5600
1783084662.085008,7899,7786,2036,3827,194.7400,0.0000
1783084662.101094,7899,7786,2017,3855,194.7400,0.0000
1783084662.119060,7889,7786,2036,3855,194.7400,0.0000
1783084662.136623,7945,7767,2054,3799,190.9200,0.7500
1783084662.152038,7945,7777,2036,3790,190.9200,0.7500
1783084662.168142,7945,7814,1998,3827,190.9200,0.7500
1783084662.185478,7983,7795,2026,3846,193.1900,-0.7500
1783084662.200118,7964,7795,2101,3865,193.1900,-0.7500
1783084662.218817,7955,7795,2036,3799,193.1900,-0.7500
1783084662.231978,7955,7824,2007,3827,189.3300,-0.2500
1783084662.247709,7974,7824,1961,3827,189.3300,-0.2500
1783084662.263887,7964,7852,1979,3837,189.3300,-0.2500
1783084662.280174,7983,7824,1979,3837,194.7400,0.8100
1783084662.296023,7964,7861,1979,3827,194.7400,0.8100
1783084662.312017,7945,7842,1998,3865,194.7400,0.8100
1783084662.328251,7964,7795,1979,3837,194.7400,0.8100
1783084662.344028,7983,7786,1998,3912,189.3300,0.3700
1783084662.360048,8002,7833,1979,3837,189.3300,0.3700
1783084662.376354,8002,7805,1923,3780,189.3300,0.3700
1783084662.392015,7983,7889,2007,3865,186.6200,-0.0600
1783084662.407954,7992,7842,1951,3818,186.6200,-0.0600
1783084662.423049,7983,7842,1961,3846,186.6200,-0.0600
1783084662.438796,7992,7861,1998,3846,186.6200,0.0600
1783084662.455003,8021,7889,1932,3790,186.6200,0.0600
1783084662.471795,8030,7852,1998,3865,186.6200,0.0600
1783084662.487139,8030,7833,1998,3818,182.9600,-2.1900
1783084662.502870,7983,7870,1998,3827,182.9600,-2.1900
1783084662.519255,8002,7861,1942,3809,182.9600,-2.1900
1783084662.536495,8002,7880,2026,3734,187.6700,2.0000
1783084662.551213,8021,7833,2007,3780,187.6700,2.0000
1783084662.567372,8011,7842,1932,3846,187.6700,2.0000
1783084662.583569,7983,7842,1961,3762,182.9600,-1.2500
1783084662.599215,8049,7824,1942,3818,182.9600,-1.2500
1783084662.615887,8067,7842,1914,3762,182.9600,-1.2500
1783084662.631070,8039,7861,1979,3799,182.9600,-1.2500
1783084662.646974,8021,7889,1914,3818,187.6700,2.1900
1783084662.663252,8077,7908,1979,3780,187.6700,2.1900
1783084662.678981,8039,7870,1895,3827,187.6700,2.1900
1783084662.694293,8058,7936,1904,3799,182.9600,-0.7500
1783084662.710442,8030,7917,1914,3809,182.9600,-0.7500
1783084662.726888,8011,7917,1932,3790,182.9600,-0.7500
1783084662.742579,8011,7852,1951,3884,183.9200,1.6300
1783084662.758109,8067,7899,1942,3818,183.9200,1.6300
1783084662.774623,8049,7908,1895,3799,183.9200,1.6300
1783084662.790585,8067,7917,1998,3846,190.4300,0.3700
1783084662.806207,8067,7917,1951,3809,190.4300,0.3700
1783084662.822153,8058,7899,1904,3865,190.4300,0.3700
1783084662.838259,8011,7936,1857,3799,180.3100,0.5000
1783084662.853921,8030,7908,1876,3940,180.3100,0.5000
1783084662.870007,8058,7908,1895,3827,180.3100,0.5000
1783084662.887155,8058,7945,1904,3855,190.4300,-1.1900
1783084662.904347,8105,7899,1932,3827,190.4300,-1.1900
1783084662.920146,8067,7927,1942,3809,190.4300,-1.1900
1783084662.936749,8077,7936,1942,3902,180.3100,-0.9400
1783084662.951670,8077,7964,1904,3809,180.3100,-0.9400
1783084662.967268,8077,8002,1886,3893,180.3100,-0.9400
1783084662.983276,8096,7908,1867,3799,183.9200,1.0600
1783084662.999607,8096,8002,1867,3865,183.9200,1.0600
1783084663.015375,8086,7955,1886,3874,183.9200,1.0600
1783084663.031410,8067,7955,1886,3799,181.2100,-2.1900
1783084663.047591,8077,7992,1923,3799,181.2100,-2.1900
1783084663.063340,8086,7927,1914,3799,181.2100,-2.1900
1783084663.079410,8086,7983,1951,3818,181.2100,-2.1900
1783084663.095764,8067,8002,1886,3752,182.1500,3.3800
1783084663.111361,8077,7974,1942,3752,182.1500,3.3800
1783084663.127392,8086,7974,1857,3734,182.1500,3.3800
1783084663.143613,8096,7992,1914,3790,175.0100,-1.7500
1783084663.159547,8105,7983,1942,3762,175.0100,-1.7500
1783084663.176192,8077,7964,1895,3780,175.0100,-1.7500
1783084663.192037,8096,7983,2007,3771,184.9100,0.4400
1783084663.209043,8114,7992,1951,3771,184.9100,0.4400
1783084663.226151,8114,7964,1895,3743,184.9100,0.4400
1783084663.244164,8114,7983,1923,3790,178.5100,-0.7500
1783084663.260681,8114,7992,1867,3771,178.5100,-0.7500
1783084663.276487,8133,8011,1857,3762,178.5100,-0.7500
1783084663.294479,8124,8021,1895,3762,175.0100,1.4400
1783084663.311973,8124,7899,1914,3752,175.0100,1.4400
1783084663.327488,8124,7983,1829,3771,175.0100,1.4400
1783084663.343458,8086,7983,1876,3780,179.3900,-0.6900
1783084663.361909,8086,7992,1848,3762,179.3900,-0.6900
1783084663.378191,8180,8011,1867,3762,179.3900,-0.6900
1783084663.393812,8142,7992,1867,3790,172.3600,0.4400
1783084663.411526,8142,7992,1876,3790,172.3600,0.4400
1783084663.427795,8133,8030,1839,3818,172.3600,0.4400
1783084663.443919,8124,7992,1801,3762,175.8000,0.5600
1783084663.459665,8133,8002,1904,3799,175.8000,0.5600
1783084663.475888,8133,8030,1820,3762,175.8000,0.5600
1783084663.491951,8133,8021,1839,3780,176.6300,0.1200
1783084663.507736,8171,8058,1839,3790,176.6300,0.1200
1783084663.523759,8152,8002,1820,3743,176.6300,0.1200
1783084663.538142,8236,8049,1829,3799,178.5100,1.1200
1783084663.554300,8199,8030,1839,3762,178.5100,1.1200
1783084663.570742,8189,8049,1848,3818,178.5100,1.1200
1783084663.588557,8161,8058,1848,3818,167.6900,-0.3100
1783084663.604409,8208,8067,1886,3827,167.6900,-0.3100
1783084663.620337,8152,8011,1810,3780,167.6900,-0.3100
1783084663.637270,8152,8030,1839,3790,169.7100,1.1900
1783084663.652655,8171,8021,1876,3752,169.7100,1.1900
1783084663.668651,8180,8049,1820,3799,169.7100,1.1900
1783084663.686592,8227,8030,1839,3780,167.6900,-0.4400
1783084663.700924,8189,8058,1810,3809,167.6900,-0.4400
1783084663.716604,8180,8114,1820,3827,167.6900,-0.4400
1783084663.732995,8208,8039,1829,3818,173.1000,1.5000
1783084663.750498,8199,8077,1810,3846,173.1000,1.5000
1783084663.764624,8227,8039,1829,3818,173.1000,1.5000
1783084663.780011,8208,8105,1792,3884,176.6300,-1.3700
1783084663.798118,8208,8105,1857,3846,176.6300,-1.3700
1783084663.813688,8152,8114,1867,3827,176.6300,-1.3700
1783084663.829559,8189,8086,1810,3809,176.6300,-1.3700
1783084663.845877,8180,8077,1782,3818,170.4000,0.8800
1783084663.861488,8161,8058,1764,3818,170.4000,0.8800
1783084663.877601,8255,8096,1810,3799,170.4000,0.8800
1783084663.893933,8199,8086,1773,3809,167.0500,-1.5600
1783084663.909760,8189,8105,1754,3780,167.0500,-1.5600
1783084663.925690,8199,8105,1801,3780,167.0500,-1.5600
1783084663.941890,8180,8077,1829,3762,173.8700,0.0000
1783084663.957614,8227,8067,1792,3837,173.8700,0.0000
1783084663.973596,8199,8096,1792,3771,173.8700,0.0000
1783084663.989866,8218,8105,1801,3734,164.4000,1.1900
1783084664.005753,8208,8124,1792,3687,164.4000,1.1900
1783084664.021297,8227,8114,1782,3724,164.4000,1.1900
1783084664.038867,8208,8086,1848,3724,173.8700,0.3100
1783084664.055033,8349,8180,1839,3668,173.8700,0.3100
1783084664.070655,8274,8142,1839,3696,173.8700,0.3100
1783084664.086579,8274,8133,1801,3715,169.7100,-0.6300
1783084664.102430,8283,8124,1867,3715,169.7100,-0.6300
1783084664.118446,8227,8124,1782,3743,169.7100,-0.6300
1783084664.135782,8208,8180,1792,3715,170.4000,-1.1200
1783084664.150458,8293,8161,1782,3743,170.4000,-1.1200
1783084664.166419,8236,8105,1820,3762,170.4000,-1.1200
1783084664.187788,8236,8096,1754,3743,167.6900,0.3700
1783084664.200639,8283,8152,1820,3752,167.6900,0.3700
1783084664.215535,8283,8199,1773,3724,167.6900,0.3700
1783084664.231926,8274,8171,1792,3790,167.6900,-2.3800
1783084664.248228,8274,8180,1801,3724,167.6900,-2.3800
1783084664.263998,8283,8199,1829,3790,167.6900,-2.3800
1783084664.280064,8264,8161,1792,3724,167.6900,-2.3800
1783084664.296327,8283,8199,1810,3790,171.1100,1.8800
1783084664.312184,8330,8152,1810,3762,171.1100,1.8800
1783084664.328069,8264,8152,1848,3724,171.1100,1.8800
1783084664.344306,8311,8152,1792,3780,167.0500,-1.3100
1783084664.360013,8311,8161,1801,3696,167.0500,-1.3100
1783084664.376073,8321,8171,1764,3771,167.0500,-1.3100
1783084664.392304,8274,8161,1773,3734,165.5900,0.7500
1783084664.408281,8302,8133,1745,3715,165.5900,0.7500
1783084664.424088,8311,8171,1726,3762,165.5900,0.7500
1783084664.440257,8264,8208,1764,3771,164.4000,-0.9400
1783084664.456191,8283,8171,1782,3687,164.4000,-0.9400
1783084664.472192,8302,8189,1745,3705,164.4000,-0.9400
1783084664.487155,8311,8171,1754,3752,167.6900,0.3100
1783084664.503032,8293,8199,1754,3743,167.6900,0.3100
1783084664.519241,8349,8208,1754,3715,167.6900,0.3100
1783084664.536743,8330,8227,1689,3687,164.9900,0.1200
1783084664.551010,8311,8180,1726,3715,164.9900,0.1200
1783084664.567665,8321,8246,1707,3705,164.9900,0.1200
1783084664.585001,8321,8180,1754,3734,164.9900,0.1200
1783084664.599192,8321,8208,1754,3705,164.9900,0.1200
1783084664.614666,8321,8180,1717,3715,164.9900,0.1200
1783084664.631630,8330,8161,1707,3715,162.2800,-0.1200
1783084664.647246,8283,8189,1707,3658,162.2800,-0.1200
1783084664.664504,8283,8199,1717,3687,162.2800,-0.1200
1783084664.681590,8330,8208,1754,3734,167.6900,0.5600
1783084664.697588,8339,8208,1717,3715,167.6900,0.5600
1783084664.713189,8330,8208,1745,3734,167.6900,0.5600
1783084664.728667,8330,8255,1773,3724,167.6900,0.5600
1783084664.744016,8358,8246,1735,3715,162.2800,-0.0600
1783084664.760059,8349,8218,1717,3724,162.2800,-0.0600
1783084664.776304,8339,8218,1726,3762,162.2800,-0.0600
1783084664.792101,8368,8236,1707,3734,162.2800,0.3100
1783084664.807970,8330,8255,1679,3696,162.2800,0.3100
1783084664.824263,8339,8227,1745,3715,162.2800,0.3100
1783084664.840072,8321,8236,1698,3677,162.2800,-0.0600
1783084664.857970,8321,8227,1745,3687,162.2800,-0.0600
1783084664.874017,8349,8189,1689,3696,162.2800,-0.0600
1783084664.890355,8405,8283,1698,3668,154.1700,0.1900
1783084664.906001,8415,8293,1735,3687,154.1700,0.1900
1783084664.922313,8377,8264,1726,3658,154.1700,0.1900
1783084664.938542,8424,8302,1726,3658,154.1700,-0.6300
1783084664.954152,8405,8199,1707,3705,154.1700,-0.6300
1783084664.971384,8405,8283,1745,3668,154.1700,-0.6300
1783084664.989313,8405,8255,1726,3640,156.8700,1.2500
1783084665.005507,8386,8264,1726,3630,156.8700,1.2500
1783084665.021605,8368,8255,1689,3668,156.8700,1.2500
1783084665.037648,8386,8236,1689,3640,154.1700,-1.0000
1783084665.054400,8424,8264,1689,3649,154.1700,-1.0000
1783084665.069834,8424,8255,1689,3649,154.1700,-1.0000
1783084665.087546,8396,8283,1651,3696,162.2800,1.5600
1783084665.101376,8433,8255,1670,3687,162.2800,1.5600
1783084665.117836,8405,8246,1679,3705,162.2800,1.5600
1783084665.136714,8405,8283,1679,3677,159.5800,0.6900
1783084665.150138,8415,8293,1735,3687,159.5800,0.6900
1783084665.166503,8405,8321,1689,3696,159.5800,0.6900
1783084665.182949,8424,8264,1717,3677,156.8700,0.0000
1783084665.200490,8424,8255,1689,3696,156.8700,0.0000
1783084665.216536,8443,8283,1717,3715,156.8700,0.0000
1783084665.235830,8443,8264,1698,3677,156.8700,0.3100
1783084665.250775,8396,8339,1698,3677,156.8700,0.3100
1783084665.266461,8415,8311,1689,3752,156.8700,0.3100
1783084665.285617,8433,8246,1764,3752,156.8700,0.3100
1783084665.300271,8452,8293,1707,3677,154.1700,0.6300
1783084665.317174,8452,8293,1670,3743,154.1700,0.6300
1783084665.333656,8405,8311,1679,3705,156.4500,-0.4400
1783084665.349474,8480,8349,1726,3687,156.4500,-0.4400
1783084665.365602,8471,8330,1679,3705,156.4500,-0.4400
1783084665.381735,8415,8302,1670,3630,160.0700,-1.1200
1783084665.397472,8424,8311,1689,3658,160.0700,-1.1200
1783084665.413528,8443,8330,1670,3705,160.0700,-1.1200
1783084665.429759,8433,8339,1670,3705,160.0700,-1.1200
1783084665.445596,8490,8368,1660,3687,156.8700,-0.1200
1783084665.461507,8480,8302,1642,3649,156.8700,-0.1200
1783084665.477858,8471,8330,1651,3658,156.8700,-0.1200
1783084665.493522,8480,8368,1679,3649,156.8700,0.2500
1783084665.509596,8480,8330,1679,3658,156.8700,0.2500
1783084665.525544,8443,8415,1651,3649,156.8700,0.2500
1783084665.540315,8452,8339,1670,3640,151.4600,-1.5000
1783084665.556308,8452,8339,1670,3621,151.4600,-1.5000
1783084665.572755,8480,8339,1660,3658,151.4600,-1.5000
1783084665.588347,8508,8302,1679,3621,153.8000,1.1200
1783084665.604388,8536,8368,1670,3649,153.8000,1.1200
1783084665.620737,8480,8321,1689,3630,153.8000,1.1200
1783084665.637629,8480,8396,1642,3696,154.1700,0.0600
1783084665.652840,8490,8339,1670,3612,154.1700,0.0600
1783084665.670830,8490,8386,1679,3677,154.1700,0.0600
1783084665.688274,8480,8405,1670,3658,154.5500,0.3100
1783084665.703367,8499,8377,1660,3705,154.5500,0.3100
1783084665.719006,8499,8405,1670,3640,154.5500,0.3100
1783084665.736579,8499,8386,1679,3630,151.4600,-1.4400
1783084665.750614,8499,8396,1595,3612,151.4600,-1.4400
1783084665.765443,8546,8349,1623,3612,151.4600,-1.4400
1783084665.782812,8508,8415,1679,3593,148.4900,-0.6900
1783084665.797452,8527,8368,1689,3649,148.4900,-0.6900
1783084665.813463,8518,8386,1679,3602,148.4900,-0.6900
1783084665.829762,8565,8368,1670,3640,160.0700,0.3700
1783084665.845766,8518,8368,1707,3621,160.0700,0.3700
1783084665.861678,8508,8368,1717,3602,160.0700,0.3700
1783084665.877781,8536,8349,1642,3621,160.0700,0.3700
1783084665.895957,8536,8339,1689,3621,151.4600,0.3100
1783084665.911576,8527,8405,1642,3687,151.4600,0.3100
1783084665.927558,8574,8424,1576,3602,151.4600,0.3100
1783084665.944129,8555,8433,1642,3658,145.8400,0.6300
1783084665.959937,8527,8405,1613,3696,145.8400,0.6300
1783084665.975795,8536,8415,1632,3621,145.8400,0.6300
1783084665.992247,8490,8443,1670,3640,151.7900,-0.1200
1783084666.007914,8546,8396,1679,3658,151.7900,-0.1200
1783084666.023304,8555,8424,1642,3593,151.7900,-0.1200
1783084666.040150,8565,8471,1707,3658,148.4900,0.0600
1783084666.055222,8611,8443,1660,3612,148.4900,0.0600
1783084666.071832,8555,8443,1642,3640,148.4900,0.0600
1783084666.088002,8536,8415,1679,3658,151.4600,-0.8100
1783084666.103090,8536,8433,1660,3668,151.4600,-0.8100
1783084666.119427,8518,8405,1689,3658,151.4600,-0.8100
1783084666.135309,8555,8415,1651,3621,148.7600,0.1200
1783084666.150701,8583,8424,1670,3649,148.7600,0.1200
1783084666.167126,8536,8424,1632,3649,148.7600,0.1200
1783084666.182824,8536,8433,1670,3668,148.7600,0.1200
1783084666.198765,8555,8461,1679,3696,146.0500,0.7500
1783084666.215115,8565,8443,1623,3649,146.0500,0.7500
1783084666.231120,8574,8443,1595,3593,143.3500,0.3100
1783084666.247078,8565,8433,1604,3612,143.3500,0.3100
1783084666.263267,8602,8452,1670,3658,143.3500,0.3100
1783084666.279271,8602,8461,1651,3640,143.3500,0.3100
1783084666.298369,8602,8461,1735,3621,146.0500,0.1200
1783084666.314039,8583,8471,1651,3602,146.0500,0.1200
1783084666.330051,8546,8461,1651,3593,146.0500,0.1200
1783084666.346146,8546,8452,1651,3658,137.9400,0.6300
1783084666.361799,8565,8471,1660,3574,137.9400,0.6300
1783084666.377995,8621,8443,1642,3593,137.9400,0.6300
1783084666.394102,8527,8452,1623,3640,146.0500,0.5000
1783084666.409979,8565,8452,1651,3593,146.0500,0.5000
1783084666.425994,8593,8471,1651,3630,146.0500,0.5000
1783084666.442439,8593,8443,1698,3602,140.6400,1.8800
1783084666.457900,8630,8471,1670,3602,140.6400,1.8800
1783084666.473841,8565,8386,1632,3565,140.6400,1.8800
1783084666.488797,8574,8415,1660,3593,146.0500,2.3100
1783084666.504839,8602,8461,1623,3602,146.0500,2.3100
1783084666.520903,8630,8443,1698,3593,146.0500,2.3100
1783084666.537619,8593,8518,1642,3621,146.0500,0.0000
1783084666.553174,8630,8518,1595,3574,146.0500,0.0000
1783084666.569531,8574,8452,1623,3621,146.0500,0.0000
1783084666.587026,8630,8518,1613,3593,146.0500,-0.4400
1783084666.601197,8574,8518,1670,3630,146.0500,-0.4400
1783084666.617198,8630,8480,1595,3574,146.0500,-0.4400
1783084666.633492,8640,8565,1623,3602,143.3500,-0.8100
1783084666.649238,8611,8546,1613,3602,143.3500,-0.8100
1783084666.665001,8640,8452,1651,3574,143.3500,-0.8100
1783084666.681438,8630,8518,1632,3593,140.6400,1.1900
1783084666.696925,8602,8508,1642,3621,140.6400,1.1900
1783084666.712985,8621,8518,1660,3574,140.6400,1.1900
1783084666.729182,8583,8499,1632,3593,140.6400,1.1900
1783084666.745340,8602,8546,1632,3583,143.3500,1.0000
1783084666.761646,8640,8499,1679,3565,143.3500,1.0000
1783084666.776418,8611,8555,1623,3640,143.3500,1.0000
1783084666.792406,8583,8480,1632,3640,146.0500,-1.4400
1783084666.808521,8668,8527,1632,3602,146.0500,-1.4400
1783084666.824272,8602,8461,1585,3574,146.0500,-1.4400
1783084666.839983,8640,8518,1632,3583,140.6400,-0.9400
1783084666.856860,8640,8508,1604,3565,140.6400,-0.9400
1783084666.872130,8621,8536,1585,3546,140.6400,-0.9400
1783084666.888120,8602,8546,1595,3565,146.0500,-2.0600
1783084666.904215,8621,8499,1604,3602,146.0500,-2.0600
1783084666.920126,8649,8583,1576,3593,146.0500,-2.0600
1783084666.937390,8658,8546,1585,3593,140.6400,1.1200
1783084666.952825,8677,8527,1604,3546,140.6400,1.1200
1783084666.968504,8668,8518,1567,3565,140.6400,1.1200
1783084666.984374,8658,8536,1604,3593,140.6400,-2.0600
1783084667.000952,8630,8490,1585,3602,140.6400,-2.0600
1783084667.016448,8640,8527,1604,3574,140.6400,-2.0600
1783084667.032488,8611,8490,1623,3546,140.6400,-2.0600
1783084667.047939,8649,8527,1595,3565,135.2300,2.1300
1783084667.063168,8630,8508,1595,3583,135.2300,2.1300
1783084667.079123,8668,8527,1595,3574,135.2300,2.1300
1783084667.095524,8668,8555,1604,3537,143.3500,-1.1200
1783084667.111170,8649,8518,1613,3583,143.3500,-1.1200
1783084667.127234,8649,8574,1567,3546,143.3500,-1.1200
1783084667.143870,8705,8508,1595,3555,137.9400,-0.0600
1783084667.159431,8705,8574,1576,3574,137.9400,-0.0600
1783084667.175472,8668,8536,1557,3537,137.9400,-0.0600
1783084667.191858,8677,8565,1548,3546,143.3500,-1.6900
1783084667.207550,8649,8574,1595,3555,143.3500,-1.6900
1783084667.223472,8668,8593,1557,3546,143.3500,-1.6900
1783084667.239789,8677,8565,1576,3546,137.9400,0.3100
1783084667.255492,8687,8574,1548,3527,137.9400,0.3100
1783084667.271514,8733,8555,1538,3537,137.9400,0.3100
1783084667.288702,8715,8574,1548,3555,137.8900,-0.0600
1783084667.303592,8715,8640,1567,3518,137.8900,-0.0600
1783084667.319631,8696,8593,1548,3565,137.8900,-0.0600
1783084667.334484,8705,8546,1576,3546,137.8900,-0.0600
1783084667.350221,8687,8583,1585,3546,140.7500,1.0000
1783084667.366494,8677,8593,1567,3537,140.7500,1.0000
1783084667.382266,8687,8630,1529,3537,140.7500,1.0000
1783084667.400165,8687,8611,1613,3565,132.5800,-1.2500
1783084667.416170,8743,8574,1576,3546,132.5800,-1.2500
1783084667.432593,8687,8602,1585,3574,137.9400,0.3100
1783084667.448500,8696,8583,1595,3527,137.9400,0.3100
1783084667.464473,8677,8574,1585,3546,137.9400,0.3100
1783084667.480792,8696,8593,1510,3555,137.9400,0.3100
1783084667.496845,8724,8621,1613,3527,135.2300,1.6900
1783084667.512688,8677,8536,1538,3555,135.2300,1.6900
1783084667.528780,8658,8640,1529,3546,135.2300,1.6900
1783084667.544509,8715,8602,1670,3518,129.9300,-1.1200
1783084667.560442,8724,8602,1585,3555,129.9300,-1.1200
1783084667.575897,8752,8621,1604,3508,129.9300,-1.1200
1783084667.591814,8715,8621,1557,3555,135.2300,-0.5000
1783084667.607643,8715,8630,1698,3537,135.2300,-0.5000
1783084667.623911,8715,8593,1613,3508,135.2300,-0.5000
1783084667.639720,8752,8658,1529,3574,132.4700,1.0000
1783084667.655783,8724,8658,1576,3574,132.4700,1.0000
1783084667.672765,8724,8658,1557,3555,132.4700,1.0000
1783084667.688721,8715,8658,1557,3574,129.8300,-0.2500
1783084667.703797,8771,8649,1595,3555,129.8300,-0.2500
1783084667.720157,8743,8640,1613,3537,129.8300,-0.2500
1783084667.737519,8724,8630,1604,3546,129.8300,-0.5000
1783084667.751419,8752,8583,1576,3565,129.8300,-0.5000
1783084667.768131,8724,8621,1595,3546,129.8300,-0.5000
1783084667.783496,8724,8611,1613,3574,129.8300,-0.5000
1783084667.799396,8733,8658,1623,3565,127.2800,0.3100
1783084667.815662,8733,8593,1623,3555,127.2800,0.3100
1783084667.831455,8780,8621,1576,3508,127.2800,0.3100
1783084667.847577,8762,8658,1576,3537,129.8300,-0.9400
1783084667.862462,8780,8621,1642,3630,129.8300,-0.9400
1783084667.878367,8771,8640,1576,3537,129.8300,-0.9400
1783084667.894773,8733,8640,1567,3602,132.4700,2.4400
1783084667.910416,8771,8668,1613,3546,132.4700,2.4400
1783084667.926444,8752,8630,1585,3555,132.4700,2.4400
1783084667.943052,8780,8649,1604,3583,132.5300,-0.6900
1783084667.958716,8780,8649,1604,3499,132.5300,-0.6900
1783084667.974683,8762,8715,1567,3574,132.5300,-0.6900
1783084667.991024,8752,8649,1623,3583,129.9300,1.0600
1783084668.007254,8752,8696,1529,3537,129.9300,1.0600
1783084668.022895,8808,8687,1576,3565,129.9300,1.0600
1783084668.039101,8762,8658,1585,3537,126.9500,-0.3700
1783084668.055022,8799,8649,1585,3546,126.9500,-0.3700
1783084668.070753,8799,8677,1585,3546,126.9500,-0.3700
1783084668.088686,8799,8611,1585,3518,127.2800,1.1200
1783084668.102883,8771,8687,1576,3527,127.2800,1.1200
1783084668.118900,8790,8658,1642,3555,127.2800,1.1200
1783084668.134065,8771,8687,1538,3480,132.5300,-1.1900
1783084668.149531,8762,8668,1576,3546,132.5300,-1.1900
1783084668.165497,8808,8715,1557,3518,132.5300,-1.1900
1783084668.182017,8808,8743,1538,3537,129.8300,1.1200
1783084668.197531,8827,8668,1548,3508,129.8300,1.1200
1783084668.213648,8799,8677,1557,3480,129.8300,1.1200
1783084668.231647,8799,8715,1548,3490,129.8300,1.1200
1783084668.248333,8762,8649,1585,3508,129.8300,-0.1200
1783084668.263883,8818,8677,1538,3461,129.8300,-0.1200
1783084668.280143,8827,8677,1585,3546,129.8300,-0.1200
1783084668.296982,8846,8687,1529,3546,129.8300,0.6900
1783084668.311955,8799,8687,1557,3480,129.8300,0.6900
1783084668.328779,8799,8687,1548,3490,129.8300,0.6900
1783084668.345622,8771,8715,1567,3499,129.8300,-0.7500
1783084668.360633,8846,8715,1567,3537,129.8300,-0.7500
1783084668.376582,8771,8696,1567,3452,129.8300,-0.7500
1783084668.393040,8827,8715,1585,3471,129.8300,-0.9400
1783084668.408598,8837,8715,1576,3471,129.8300,-0.9400
1783084668.424581,8837,8696,1529,3480,129.8300,-0.9400
1783084668.440929,8846,8705,1567,3490,129.8300,-0.1900
1783084668.456813,8865,8705,1538,3490,129.8300,-0.1900
1783084668.472683,8808,8715,1538,3480,129.8300,-0.1900
1783084668.489118,8855,8705,1538,3480,121.7100,-0.1200
1783084668.504773,8884,8762,1538,3461,121.7100,-0.1200
1783084668.520685,8799,8724,1595,3480,121.7100,-0.1200
1783084668.538432,8790,8724,1548,3527,129.8300,-0.1200
1783084668.553241,8874,8696,1679,3537,129.8300,-0.1200
1783084668.569699,8874,8724,1529,3508,129.8300,-0.1200
1783084668.588386,8893,8705,1501,3527,121.7100,-2.1300
1783084668.604331,8884,8705,1576,3508,121.7100,-2.1300
1783084668.620266,8827,8705,1604,3499,121.7100,-2.1300
1783084668.637208,8912,8696,1529,3555,121.7100,3.0000
1783084668.651809,8865,8743,1538,3527,121.7100,3.0000
1783084668.668050,8902,8696,1576,3527,121.7100,3.0000
1783084668.684761,8902,8733,1492,3490,121.7100,3.0000
1783084668.700824,8855,8752,1492,3555,124.4200,-1.5600
1783084668.717138,8893,8733,1510,3490,124.4200,-1.5600
1783084668.734085,8893,8762,1576,3508,121.7100,1.3700
1783084668.752144,8893,8799,1604,3537,121.7100,1.3700
1783084668.770427,8893,8799,1585,3518,121.7100,1.3700
1783084668.788274,8893,8818,1595,3508,124.4200,-0.5000
1783084668.805013,8893,8762,1501,3518,124.4200,-0.5000
1783084668.820797,8865,8733,1520,3508,124.4200,-0.5000
1783084668.837965,8874,8743,1548,3499,124.4200,0.7500
1783084668.853173,8968,8733,1604,3508,124.4200,0.7500
1783084668.869004,8893,8752,1538,3508,124.4200,0.7500
1783084668.885111,8940,8705,1557,3452,119.0100,0.0600
1783084668.901047,8902,8724,1538,3546,119.0100,0.0600
1783084668.918624,8902,8780,1613,3499,119.0100,0.0600
1783084668.934814,8893,8762,1510,3499,121.9800,1.1900
1783084668.950218,8949,8762,1529,3527,121.9800,1.1900
1783084668.966393,8893,8724,1548,3499,121.9800,1.1900
1783084668.981923,8930,8743,1529,3508,121.9800,1.1900
1783084668.999116,8893,8771,1585,3452,126.9500,1.0000
1783084669.014322,8912,8771,1567,3480,126.9500,1.0000
1783084669.029998,8874,8780,1576,3461,126.9500,1.0000
1783084669.046464,9005,8846,1501,3471,121.7100,0.3100
1783084669.062114,8930,8762,1538,3499,121.7100,0.3100
1783084669.077747,8949,8762,1567,3508,121.7100,0.3100
1783084669.093946,8912,8780,1548,3471,119.3200,0.2500
1783084669.109807,8884,8771,1567,3508,119.3200,0.2500
1783084669.125759,8912,8733,1604,3433,119.3200,0.2500
1783084669.142137,8912,8771,1585,3480,124.4200,0.6900
1783084669.157953,8912,8743,1576,3480,124.4200,0.6900
1783084669.173913,8930,8762,1595,3461,124.4200,0.6900
1783084669.190284,8884,8743,1538,3499,119.0100,-0.1900
1783084669.204936,8893,8790,1529,3490,119.0100,-0.1900
1783084669.221007,8949,8762,1585,3490,119.0100,-0.1900
1783084669.238430,8930,8818,1567,3490,124.1900,-0.5600
1783084669.253295,8959,8780,1529,3518,124.1900,-0.5600
1783084669.269991,8949,8818,1567,3443,124.1900,-0.5600
1783084669.285510,8902,8771,1585,3433,114.0200,0.3700
1783084669.301176,8930,8780,1529,3480,114.0200,0.3700
1783084669.317299,8930,8752,1576,3518,114.0200,0.3700
1783084669.333501,8949,8808,1585,3452,116.3000,-0.9400
1783084669.349206,8940,8808,1576,3461,116.3000,-0.9400
1783084669.364977,8940,8808,1623,3480,116.3000,-0.9400
1783084669.381455,8930,8799,1557,3490,118.6800,1.0600
1783084669.397130,8921,8808,1623,3499,118.6800,1.0600
1783084669.413155,8902,8827,1548,3461,118.6800,1.0600
1783084669.429348,8930,8818,1576,3490,118.6800,1.0600
1783084669.446449,8930,8837,1557,3480,111.3700,-0.5600
1783084669.462501,8930,8808,1576,3461,111.3700,-0.5600
1783084669.478953,8977,8837,1529,3461,111.3700,-0.5600
1783084669.494497,8949,8846,1548,3471,108.1900,0.3700
1783084669.510563,8940,8780,1548,3480,108.1900,0.3700
1783084669.527057,8977,8808,1548,3537,108.1900,0.3700
1783084669.542478,8977,8790,1567,3471,110.4000,-1.1200
1783084669.558062,8968,8818,1557,3499,110.4000,-1.1200
1783084669.574370,8968,8818,1520,3452,110.4000,-1.1200
1783084669.590115,8949,8808,1557,3480,102.7800,-0.3700
1783084669.606108,8949,8827,1492,3461,102.7800,-0.3700
1783084669.622527,8940,8855,1538,3480,102.7800,-0.3700
1783084669.638022,8930,8865,1576,3461,106.0700,0.6900
1783084669.654378,8912,8799,1567,3443,106.0700,0.6900
1783084669.671885,8912,8865,1520,3480,106.0700,0.6900
1783084669.688731,8968,8837,1576,3471,104.8800,0.1900
1783084669.703446,8968,8827,1595,3452,104.8800,0.1900
1783084669.719618,8977,8855,1538,3546,104.8800,0.1900
1783084669.735737,9005,8865,1529,3471,111.3700,-0.8800
1783084669.751406,8977,8790,1529,3480,111.3700,-0.8800
1783084669.767184,8977,8846,1557,3452,111.3700,-0.8800
1783084669.783424,8940,8874,1557,3452,113.6000,0.3700
1783084669.799152,8968,8874,1576,3490,113.6000,0.3700
1783084669.815346,8996,8874,1520,3471,113.6000,0.3700
1783084669.831628,8959,8884,1567,3433,113.6000,0.3700
1783084669.847197,8940,8855,1548,3518,113.6000,0.3700
1783084669.863210,8968,8874,1548,3405,113.6000,0.3700
1783084669.879489,9024,8846,1492,3527,113.6000,0.3700
1783084669.898990,8987,8818,1529,3452,113.6000,0.3700
1783084669.911240,9024,8874,1567,3424,113.6000,0.3700
1783084669.927486,8959,8855,1557,3433,113.6000,0.3700
1783084669.943363,8987,8874,1567,3490,113.6000,0.3700
1783084669.960029,9005,8846,1548,3443,113.6000,0.3700
1783084669.975734,9024,8865,1510,3452,113.6000,0.3700
1783084669.990468,8940,8874,1501,3490,113.6000,0.3700
1783084670.007184,8959,8855,1520,3424,113.6000,0.3700
1783084670.022520,8996,8874,1529,3499,113.6000,0.3700
1783084670.038322,8977,8808,1585,3480,113.6000,0.3700
1783084670.054781,8959,8884,1520,3508,113.6000,0.3700
1783084670.070546,8949,8855,1557,3518,113.6000,0.3700
1783084670.087459,8968,8902,1492,3461,113.6000,0.3700
1783084670.103350,8959,8865,1567,3452,113.6000,0.3700
1783084670.118737,9015,8874,1529,3443,113.6000,0.3700
1783084670.134560,8987,8855,1538,3433,113.6000,0.3700
1783084670.151171,8949,8855,1604,3499,113.6000,0.3700
1783084670.166215,9015,8865,1520,3452,113.6000,0.3700
1783084670.182085,8987,8837,1567,3461,13.7000,-0.9400
1783084670.198428,9005,8884,1585,3490,13.7000,-0.9400
1783084670.214152,8930,8846,1510,3443,13.7000,-0.9400
1783084670.230440,8987,8884,1576,3480,-2.7000,4.9400
1783084670.246612,8977,8893,1585,3490,-2.7000,4.9400
1783084670.263064,8987,8884,1510,3452,-2.7000,4.9400
1783084670.277560,8930,8949,1557,3480,8.1100,12.5000
1783084670.293878,8977,8912,1567,3443,8.1100,12.5000
1783084670.310094,9024,8912,1529,3471,8.1100,12.5000
1783084670.325780,8977,8837,1501,3490,5.4100,8.8800
1783084670.341970,8959,8949,1557,3480,5.4100,8.8800
1783084670.357517,9043,8893,1557,3518,5.4100,8.8800
1783084670.374069,9043,8912,1529,3518,8.1100,15.3800
1783084670.389582,9062,8902,1520,3490,8.1100,15.3800
1783084670.405348,9005,8912,1557,3471,8.1100,15.3800
1783084670.422592,8940,8949,1520,3452,10.8200,13.3800
1783084670.437949,9052,8884,1557,3461,10.8200,13.3800
1783084670.453636,8949,8893,1510,3433,10.8200,13.3800
1783084670.469847,8940,8902,1557,3490,5.4100,14.4400
1783084670.486090,8902,8912,1529,3461,5.4100,14.4400
1783084670.501704,8902,8902,1529,3461,5.4100,14.4400
1783084670.517692,8893,8902,1585,3508,5.4100,14.4400
1783084670.533978,8874,8902,1604,3443,2.7000,14.2500
1783084670.548680,8874,8818,1576,3461,2.7000,14.2500
1783084670.567043,8874,8865,1567,3452,2.7000,14.2500
1783084670.583156,8921,8837,1567,3415,8.1100,11.6900
1783084670.598734,8930,8771,1604,3480,8.1100,11.6900
1783084670.616714,8930,8808,1529,3415,8.1100,11.6900
1783084670.632711,8968,8818,1585,3424,8.1100,13.2500
1783084670.649246,8959,8865,1548,3433,8.1100,13.2500
1783084670.665855,9005,8780,1576,3433,8.1100,13.2500
1783084670.681077,9099,8799,1567,3433,8.1100,11.0000
1783084670.697123,9099,8818,1567,3415,8.1100,11.0000
1783084670.713152,9081,8837,1567,3396,8.1100,11.0000
1783084670.728891,9109,8780,1576,3415,5.4100,13.0600
1783084670.745096,9202,8808,1613,3471,5.4100,13.0600
1783084670.761983,9278,8808,1651,3527,5.4100,13.0600
1783084670.777585,9024,8762,1651,3499,2.7000,10.7500
1783084670.793584,9568,8733,1613,3499,2.7000,10.7500
1783084670.809978,9578,8762,1632,3593,2.7000,10.7500
1783084670.828788,9578,8762,1632,3452,5.4100,10.9400
1783084670.845897,8874,8668,1660,3415,5.4100,10.9400
1783084670.862577,9146,8743,1651,3461,5.4100,10.9400
1783084670.877857,8743,8743,1679,3490,8.1100,10.0000
1783084670.894391,8762,8733,1660,3480,8.1100,10.0000
1783084670.910011,8705,8715,1679,3490,8.1100,10.0000
1783084670.925953,8780,8715,1651,3490,5.4100,9.1300
1783084670.942241,8743,8696,1632,3555,5.4100,9.1300
1783084670.956900,8733,8724,1632,3518,5.4100,9.1300
1783084670.973888,8743,8790,1679,3461,8.1100,8.9400
1783084670.988707,8790,8715,1717,3499,8.1100,8.9400
1783084671.004663,8790,8762,1717,3574,8.1100,8.9400
1783084671.023709,8790,8799,1707,3574,5.4100,9.0600
1783084671.039027,8752,8808,1689,3518,5.4100,9.0600
1783084671.056942,8752,8855,1670,3490,5.4100,9.0600
1783084671.073570,8827,8874,1707,3499,8.1100,6.6900
1783084671.088779,8837,8884,1698,3527,8.1100,6.6900
1783084671.105044,8865,8893,1698,3480,8.1100,6.6900
1783084671.121301,8846,8940,1660,3490,5.4100,6.7500
1783084671.136793,8902,8949,1670,3546,5.4100,6.7500
1783084671.152554,8865,8968,1698,3452,5.4100,6.7500
1783084671.167728,8930,8977,1726,3499,5.4100,6.7500
1783084671.183693,8930,8959,1735,3480,8.1100,5.2500
1783084671.200001,8912,8977,1707,3490,8.1100,5.2500
1783084671.215765,8912,9043,1745,3565,8.1100,5.2500
1783084671.231748,8893,9015,1717,3508,2.7000,4.3100
1783084671.249743,8893,9081,1764,3508,2.7000,4.3100
1783084671.266764,8912,9127,1745,3537,2.7000,4.3100
1783084671.282540,8940,9052,1754,3490,2.7000,6.3100
1783084671.298562,8977,9137,1773,3546,2.7000,6.3100
1783084671.315542,8977,9118,1707,3537,2.7000,6.3100
1783084671.332329,8977,9090,1773,3527,5.4100,3.8100
1783084671.348267,8987,9090,1782,3461,5.4100,3.8100
1783084671.364997,8949,9081,1754,3490,5.4100,3.8100
1783084671.380175,8987,9127,1782,3490,2.7000,5.1900
1783084671.395306,8921,9118,1773,3508,2.7000,5.1900
1783084671.411422,8893,9099,1773,3508,2.7000,5.1900
1783084671.427597,8968,9146,1764,3546,5.4100,2.9400
1783084671.443272,9174,9090,1717,3527,5.4100,2.9400
1783084671.459288,8930,9137,1717,3471,5.4100,2.9400
1783084671.474633,9278,9156,1773,3499,2.7000,3.0600
1783084671.490686,8977,9212,1745,3499,2.7000,3.0600
1783084671.507033,8968,9278,1764,3433,2.7000,3.0600
1783084671.523257,9193,9174,1754,3433,8.1100,3.3100
1783084671.538860,9231,8846,1754,3490,8.1100,3.3100
1783084671.555072,9202,8902,1717,3471,8.1100,3.3100
1783084671.572724,9156,9174,1801,3461,2.7000,4.0000
1783084671.587275,9146,8790,1726,3461,2.7000,4.0000
1783084671.603391,9146,9193,1745,3443,2.7000,4.0000
1783084671.619572,8837,8611,1764,3499,5.4100,2.9400
1783084671.636211,8837,8424,1810,3461,5.4100,2.9400
1783084671.652196,9156,8874,1782,3415,5.4100,2.9400
1783084671.668717,8733,8518,1745,3546,2.7000,3.8100
1783084671.684046,8715,8837,1773,3461,2.7000,3.8100
1783084671.700119,8893,9240,1745,3471,2.7000,3.8100
1783084671.716444,8715,8443,1745,3593,2.7000,3.8100
1783084671.732002,8677,8471,1735,3424,5.4100,2.6900
1783084671.748003,8705,8565,1735,3443,5.4100,2.6900
1783084671.764632,8724,8424,1782,3443,5.4100,2.6900
1783084671.779104,8724,8461,1726,3480,2.7000,2.0600
1783084671.797083,8724,8424,1735,3490,2.7000,2.0600
1783084671.814015,8658,8818,1735,3452,2.7000,2.0600
1783084671.829355,9099,8443,1754,3490,5.4100,2.3100
1783084671.845026,9249,8433,1764,3490,5.4100,2.3100
1783084671.861382,8640,8424,1764,3527,5.4100,2.3100
1783084671.877825,8668,8518,1773,3499,5.4100,2.6900
1783084671.893550,8687,8424,1773,3480,5.4100,2.6900
1783084671.909486,8677,8396,1773,3461,5.4100,2.6900
1783084671.925666,9090,8499,1745,3452,5.4100,2.8800
1783084671.944019,8668,8471,1717,3424,5.4100,2.8800
1783084671.957204,8668,8452,1745,3443,5.4100,2.8800
1783084671.973779,8630,8471,1792,3443,5.4100,2.8800
1783084671.989567,9062,8499,1754,3461,5.4100,2.8800
1783084672.005368,8649,8452,1764,3452,5.4100,2.8800
1783084672.021660,9146,8433,1773,3461,5.4100,2.8800
1783084672.037383,8846,8471,1735,3546,5.4100,2.8800
1783084672.053696,8705,8536,1698,3433,5.4100,2.8800
1783084672.069894,9071,8461,1764,3461,5.4100,2.8800
1783084672.085559,9550,8433,1773,3490,5.4100,2.8800
1783084672.101146,8687,8874,1782,3508,5.4100,2.8800
1783084672.116985,9052,8874,1754,3518,5.4100,2.8800
1783084672.132784,9146,8443,1764,3490,5.4100,2.8800
1783084672.149566,9437,8490,1754,3396,5.4100,2.8800
1783084672.164525,8630,8546,1735,3499,5.4100,2.8800
1783084672.180442,9081,8424,1735,3424,5.4100,2.8800
1783084672.197374,8705,8452,1726,3443,5.4100,2.8800
1783084672.214856,8705,8433,1754,3415,5.4100,2.8800
1783084672.230689,8593,8396,1792,3452,5.4100,2.8800
