KF_RT — Linear Kalman Filter (Numba JIT)
  Q=0.01  R=50.0  (hardcoded)
  H linearized at LS estimate each step
  Anchors: ['0x1001', '0x1002', '0x1003', '0x1004']
  Height : 1400.0 mm

[KF_RT] Warming up JIT kernels... OK

Đang kết nối /dev/serial/by-id/usb-SEGGER_J-Link_000760192143-if00 @ 921600...
OK. Đang chờ dữ liệu... (Ctrl+C để dừng)

[ROBOT] Đã kết nối STM32 @ /dev/serial/by-id/usb-STMicroelectronics_BLUEPILL_F103C8_CDC_in_FS_Mode_498E169E3634-if00. Điều khiển xe bắt đầu.
 Time(s)   Frame      X(mm)      Y(mm)   dt(ms)
--------------------------------------------------
[KF] init  x=6362.5  y=814.7
   0.034       1     6411.7      884.2    0.089
   0.037       2     6408.1      889.0    0.066
   0.039       3     6392.6      888.3    0.048
   0.041       4     6384.2      891.5    0.045
   0.044       5     6377.4      885.5    0.044
   0.046       6     6391.7      885.5    0.051
   0.049       7     6423.7      874.3    0.045
   0.051       8     6429.0      867.5    0.044
   0.054       9     6428.9      877.3    0.041
   0.056      10     6424.7      883.3    0.043
   0.059      11     6424.6      886.5    0.042
   0.061      12     6424.9      889.0    0.040
   0.064      13     6428.8      890.9    0.049
   0.066      14     6431.2      891.5    0.042
   0.068      15     6432.0      898.4    0.041
   0.071      16     6431.2      900.4    0.043
   0.073      17     6432.0      902.0    0.041
   0.076      18     6429.2      902.7    0.041
   0.078      19     6431.4      904.8    0.040
   0.080      20     6432.7      903.5    0.041
   0.083      21     6430.3      900.7    0.041
   0.085      22     6428.1      899.6    0.039
   0.088      23     6426.6      898.0    0.041
   0.090      24     6425.4      899.3    0.040
   0.092      25     6420.8      896.6    0.041
   0.095      26     6431.0      900.4    0.041
   0.097      27     6430.5      900.2    0.044
   0.100      28     6426.8      898.3    0.042
   0.102      29     6424.1      897.7    0.040
   0.104      30     6429.8      893.4    0.042
   0.107      31     6442.6      883.6    0.041
   0.109      32     6454.5      874.4    0.040
   0.112      33     6465.7      865.8    0.042
   0.114      34     6471.1      863.1    0.043
   0.116      35     6477.3      862.2    0.041
   0.119      36     6482.8      858.9    0.041
   0.121      37     6485.9      856.2    0.040
   0.123      38     6495.4      849.0    0.041
   0.126      39     6490.0      850.2    0.041
   0.128      40     6486.2      851.1    0.041
   0.131      41     6484.9      853.7    0.042
   0.133      42     6501.6      862.5    0.040
   0.135      43     6517.2      871.0    0.042
   0.138      44     6513.9      870.1    0.040
   0.140      45     6511.2      871.9    0.041
   0.143      46     6508.2      871.7    0.041
   0.145      47     6510.5      869.2    0.041
   0.147      48     6508.7      868.0    0.046
   0.150      49     6511.9      866.1    0.042
   0.152      50     6513.8      863.9    0.041
   0.155      51     6512.3      863.1    0.042
   0.157      52     6510.6      863.0    0.040
   0.159      53     6510.1      862.0    0.041
   0.162      54     6509.6      861.6    0.041
   0.164      55     6508.4      860.6    0.046
   0.167      56     6507.2      859.3    0.043
   0.169      57     6513.9      862.8    0.040
   0.171      58     6513.6      862.5    0.041
   0.174      59     6513.9      860.5    0.040
   0.176      60     6515.1      858.8    0.041
   0.178      61     6515.6      857.3    0.046
   0.181      62     6517.7      857.5    0.042
   0.183      63     6516.4      856.3    0.041
   0.186      64     6517.7      856.8    0.040
   0.190      65     6517.9      857.2    0.046
   0.206      66     6518.4      859.1    0.045
   0.225      67     6516.9      858.8    0.045
   0.241      68     6515.4      858.8    0.063
   0.259      69     6516.6      857.5    0.051
   0.276      70     6518.1      856.3    0.049
   0.292      71     6516.9      857.0    0.047
   0.309      72     6516.7      857.0    0.045
   0.328      73     6517.7      856.3    0.046
   0.346      74     6517.9      855.2    0.045
   0.362      75     6518.1      855.8    0.053
   0.379      76     6518.8      854.1    0.062
   0.396      77     6517.5      854.3    0.054
   0.413      78     6517.2      853.6    0.052
   0.429      79     6517.2      851.8    0.046
   0.448      80     6518.4      851.1    0.048
   0.464      81     6518.7      851.1    0.048
   0.481      82     6519.5      850.0    0.058
   0.500      83     6520.1      848.1    0.069
   0.516      84     6520.4      848.5    0.054
   0.533      85     6519.4      848.8    0.047
   0.549      86     6518.7      849.0    0.075
   0.566      87     6519.1      849.2    0.053
   0.583      88     6519.0      849.1    0.051
   0.601      89     6519.2      849.6    0.048
   0.621      90     6519.3      849.6    0.047
   0.636      91     6518.6      849.2    0.048
   0.654      92     6518.5      849.1    0.047
   0.670      93     6518.7      848.8    0.047
   0.687      94     6518.9      848.1    0.057
   0.704      95     6519.9      847.4    0.052
   0.721      96     6522.2      845.6    0.052
   0.738      97     6524.9      844.3    0.046
   0.756      98     6527.2      842.3    0.049
   0.773      99     6527.4      841.3    0.046
   0.790     100     6526.8      840.4    0.045
   0.806     101     6528.1      840.4    0.048
   0.823     102     6528.7      839.1    0.049
   0.842     103     6528.6      838.5    0.045
   0.858     104     6530.1      838.5    0.047
   0.874     105     6531.3      837.7    0.047
   0.892     106     6532.6      837.6    0.045
   0.912     107     6533.9      837.2    0.047
   0.930     108     6533.8      836.5    0.045
   0.946     109     6534.9      836.4    0.044
   0.966     110     6534.9      836.9    0.047
   0.984     111     6536.0      836.4    0.058
   1.000     112     6536.1      837.1    0.052
   1.018     113     6534.4      836.8    0.048
   1.034     114     6532.8      837.0    0.049
   1.051     115     6531.9      837.2    0.084
   1.070     116     6530.4      836.7    0.051
   1.086     117     6529.4      837.3    0.049
   1.103     118     6527.7      837.6    0.047
   1.120     119     6525.8      836.7    0.047
   1.136     120     6524.7      836.9    0.076
   1.154     121     6523.1      837.5    0.071
   1.173     122     6520.5      838.3    0.069
   1.191     123     6517.6      838.4    0.069
   1.207     124     6516.8      838.4    0.068
   1.224     125     6515.5      838.6    0.091
   1.242     126     6514.0      839.3    0.106
   1.258     127     6512.3      840.1    0.088
   1.279     128     6511.3      841.2    0.082
   1.297     129     6510.0      842.2    0.081
   1.315     130     6509.9      842.2    0.085
   1.331     131     6508.4      842.3    0.083
   1.349     132     6508.0      842.4    0.084
   1.365     133     6506.9      842.3    0.091
   1.382     134     6505.8      841.8    0.090
   1.399     135     6505.6      842.1    0.088
   1.416     136     6505.6      843.1    0.086
   1.434     137     6504.7      843.6    0.085
   1.451     138     6510.6      845.7    0.089
   1.468     139     6510.9      845.9    0.086
   1.485     140     6510.3      846.7    0.082
   1.501     141     6509.8      846.3    0.086
   1.518     142     6510.3      846.0    0.091
   1.537     143     6510.6      844.4    0.085
   1.554     144     6509.0      845.1    0.113
   1.571     145     6506.0      846.1    0.085
   1.589     146     6503.7      847.6    0.084
   1.605     147     6501.2      848.1    0.083
   1.623     148     6498.3      848.3    0.082
   1.639     149     6498.0      849.5    0.082
   1.658     150     6496.7      850.6    0.114
   1.677     151     6496.3      851.0    0.084
   1.693     152     6495.7      851.1    0.087
   1.710     153     6495.2      850.7    0.096
   1.726     154     6495.6      849.9    0.134
   1.743     155     6495.9      849.0    0.101
   1.762     156     6495.5      848.2    0.088
   1.778     157     6496.0      848.9    0.116
   1.795     158     6494.8      848.3    0.075
   1.812     159     6494.0      849.0    0.087
   1.829     160     6494.2      848.5    0.078
   1.845     161     6495.0      848.0    0.078
   1.862     162     6493.7      847.9    0.092
   1.878     163     6494.8      848.1    0.095
   1.897     164     6495.4      847.9    0.091
   1.916     165     6496.0      848.0    0.088
   1.933     166     6496.3      848.0    0.084
   1.951     167     6496.7      848.2    0.085
   1.969     168     6497.5      848.2    0.085
   1.985     169     6497.0      847.8    0.082
   2.002     170     6496.5      848.0    0.109
   2.018     171     6498.2      846.7    0.123
   2.035     172     6497.6      846.4    0.083
   2.052     173     6497.4      846.3    0.089
   2.069     174     6496.9      846.6    0.088
   2.087     175     6497.0      845.8    0.084
   2.104     176     6497.3      845.6    0.086
   2.122     177     6497.9      844.9    0.131
   2.140     178     6498.3      845.0    0.083
   2.156     179     6497.8      844.8    0.084
   2.173     180     6503.5      846.9    0.084
   2.191     181     6503.7      847.6    0.082
   2.208     182     6503.9      848.5    0.082
   2.224     183     6502.6      848.6    0.086
   2.241     184     6501.3      848.5    0.096
   2.260     185     6501.0      848.7    0.090
   2.276     186     6500.2      848.4    0.114
   2.293     187     6499.9      848.2    0.087
   2.311     188     6499.7      847.8    0.089
   2.328     189     6499.8      848.8    0.088
   2.346     190     6498.8      850.3    0.113
   2.362     191     6498.4      851.4    0.122
   2.380     192     6497.1      851.7    0.086
   2.398     193     6497.8      852.1    0.110
   2.414     194     6497.1      852.0    0.090
   2.432     195     6496.8      851.6    0.084
   2.450     196     6496.5      851.0    0.107
   2.466     197     6495.0      851.4    0.135
   2.487     198     6493.9      852.5    0.091
   2.503     199     6494.3      852.3    0.095
   2.521     200     6494.6      850.5    0.086
   2.538     201     6493.6      850.5    0.112
   2.557     202     6492.5      850.4    0.087
   2.573     203     6492.9      849.8    0.098
   2.592     204     6504.8      853.2    0.089
   2.611     205     6516.5      856.4    0.087
   2.628     206     6515.0      858.0    0.083
   2.648     207     6513.5      859.5    0.082
   2.666     208     6514.1      859.2    0.118
   2.683     209     6513.1      858.6    0.085
   2.701     210     6512.5      858.3    0.084
   2.718     211     6524.3      861.6    0.117
   2.736     212     6535.0      866.1    0.096
   2.752     213     6533.5      866.2    0.090
   2.769     214     6532.5      867.3    0.097
   2.786     215     6532.5      867.7    0.113
   2.803     216     6531.9      867.0    0.086
   2.820     217     6532.5      866.3    0.098
   2.839     218     6531.9      867.2    0.085
   2.856     219     6529.8      866.7    0.086
   2.873     220     6540.9      870.6    0.085
   2.891     221     6551.5      875.0    0.080
   2.907     222     6550.0      875.3    0.083
   2.924     223     6547.2      874.9    0.084
   2.943     224     6545.1      875.2    0.083
   2.959     225     6545.2      874.6    0.083
   2.975     226     6546.1      873.7    0.096
   2.992     227     6545.6      872.3    0.083
   3.009     228     6545.5      872.9    0.086
   3.027     229     6544.7      872.2    0.084
   3.045     230     6543.5      871.3    0.119
   3.063     231     6542.0      871.2    0.084
   3.081     232     6541.1      870.0    0.084
   3.097     233     6540.5      869.2    0.080
   3.114     234     6539.2      869.4    0.083
   3.130     235     6538.1      868.4    0.080
   3.147     236     6537.7      867.9    0.082
   3.164     237     6534.8      868.8    0.084
   3.181     238     6532.8      869.0    0.082
   3.198     239     6531.8      869.4    0.083
   3.215     240     6530.7      869.3    0.103
   3.231     241     6529.1      869.6    0.108
   3.248     242     6528.5      870.6    0.102
   3.266     243     6528.1      869.5    0.128
   3.282     244     6528.3      869.2    0.116
   3.299     245     6527.5      868.6    0.086
   3.315     246     6527.7      868.0    0.088
   3.332     247     6527.3      867.6    0.084
   3.351     248     6526.4      867.1    0.084
   3.367     249     6525.8      865.7    0.095
   3.384     250     6524.5      865.4    0.084
   3.401     251     6522.1      865.2    0.083
   3.419     252     6524.1      863.3    0.085
   3.437     253     6525.0      860.7    0.082
   3.453     254     6525.3      859.5    0.086
   3.470     255     6524.2      859.6    0.089
   3.490     256     6522.9      859.8    0.083
   3.508     257     6521.1      859.8    0.084
   3.527     258     6519.4      859.8    0.080
   3.543     259     6519.6      859.3    0.083
   3.562     260     6519.8      859.0    0.110
   3.578     261     6519.2      858.4    0.107
   3.595     262     6518.7      859.1    0.081
   3.612     263     6517.7      859.3    0.082
   3.628     264     6517.2      858.6    0.082
   3.647     265     6516.6      858.3    0.090
   3.663     266     6516.4      857.7    0.088
   3.682     267     6516.2      856.8    0.115
   3.702     268     6515.9      856.4    0.109
   3.718     269     6516.6      856.1    0.085
   3.735     270     6516.5      855.5    0.115
   3.752     271     6516.6      854.8    0.085
   3.771     272     6515.2      854.3    0.084
   3.789     273     6514.4      853.9    0.091
   3.806     274     6514.0      854.4    0.112
   3.824     275     6514.4      854.4    0.084
   3.842     276     6513.7      854.0    0.110
   3.860     277     6512.6      853.1    0.085
   3.878     278     6511.4      853.3    0.114
   3.894     279     6510.1      852.9    0.082
   3.910     280     6510.2      852.3    0.112
   3.928     281     6509.7      852.1    0.083
   3.944     282     6508.2      852.4    0.083
   3.963     283     6507.3      852.2    0.084
   3.979     284     6506.6      852.2    0.082
   3.996     285     6505.8      851.7    0.080
   4.013     286     6506.2      851.8    0.081
   4.030     287     6506.4      850.5    0.108
   4.048     288     6505.9      851.1    0.082
   4.065     289     6506.1      850.0    0.083
   4.081     290     6506.6      849.1    0.080
   4.100     291     6507.2      848.3    0.081
   4.116     292     6508.0      847.3    0.083
   4.133     293     6508.2      847.4    0.081
   4.150     294     6508.1      847.3    0.108
   4.167     295     6507.1      847.0    0.083
   4.184     296     6507.5      846.9    0.083
   4.202     297     6507.9      845.7    0.109
   4.218     298     6513.4      847.1    0.111
   4.235     299     6514.2      845.7    0.094
   4.254     300     6513.7      846.4    0.112
   4.272     301     6512.5      846.3    0.094
   4.288     302     6513.4      847.2    0.085
   4.305     303     6512.3      847.0    0.083
   4.322     304     6512.1      847.2    0.117
   4.338     305     6512.7      846.4    0.110
   4.355     306     6517.5      847.7    0.085
   4.372     307     6518.4      847.7    0.092
   4.391     308     6517.6      847.2    0.086
   4.407     309     6517.0      845.6    0.087
   4.424     310     6522.5      846.7    0.082
   4.442     311     6528.7      848.1    0.107
   4.462     312     6534.6      848.1    0.085
   4.480     313     6535.5      847.4    0.082
   4.497     314     6536.5      846.4    0.084
   4.515     315     6535.5      845.4    0.084
   4.532     316     6534.6      845.0    0.081
   4.548     317     6534.9      843.9    0.082
   4.569     318     6535.2      843.0    0.083
   4.585     319     6534.6      841.6    0.085
   4.605     320     6534.3      840.2    0.082
   4.625     321     6534.7      838.7    0.082
   4.643     322     6535.4      837.3    0.084
   4.659     323     6540.3      838.7    0.084
   4.676     324     6540.7      839.2    0.089
   4.693     325     6542.2      838.9    0.083
   4.711     326     6543.7      837.2    0.084
   4.729     327     6545.4      835.7    0.133
   4.749     328     6547.1      834.6    0.093
   4.765     329     6546.6      832.9    0.095
   4.782     330     6545.5      832.6    0.131
   4.798     331     6543.8      831.9    0.153
   4.815     332     6543.9      831.3    0.098
   4.832     333     6544.7      829.8    0.085
   4.849     334     6544.9      829.0    0.092
   4.865     335     6545.7      828.8    0.083
   4.884     336     6545.8      827.6    0.076
   4.902     337     6547.2      826.1    0.074
   4.918     338     6547.7      826.3    0.077
   4.936     339     6547.5      825.6    0.074
   4.956     340     6548.0      825.3    0.075
   4.972     341     6547.6      823.7    0.091
   4.989     342     6547.9      823.0    0.080
   5.008     343     6548.4      823.1    0.086
   5.024     344     6549.1      821.4    0.084
   5.041     345     6549.5      821.1    0.082
   5.059     346     6550.5      820.7    0.086
   5.076     347     6550.0      819.9    0.083
   5.092     348     6550.6      819.5    0.082
   5.109     349     6553.9      821.6    0.083
   5.126     350     6555.1      821.6    0.085
   5.143     351     6556.4      821.0    0.082
   5.162     352     6556.7      819.4    0.084
   5.179     353     6557.9      818.2    0.082
   5.196     354     6558.2      817.7    0.082
   5.212     355     6558.1      818.6    0.084
   5.229     356     6556.7      818.0    0.083
   5.247     357     6557.6      817.1    0.165
   5.263     358     6558.3      816.0    0.136
   5.281     359     6557.6      814.9    0.083
   5.297     360     6557.5      813.6    0.090
   5.314     361     6557.2      812.7    0.080
   5.331     362     6557.0      812.9    0.074
   5.347     363     6557.7      812.4    0.076
   5.366     364     6559.2      813.8    0.104
   5.382     365     6559.3      813.5    0.087
   5.398     366     6560.4      813.2    0.085
   5.417     367     6560.8      813.1    0.088
   5.433     368     6560.2      813.2    0.082
   5.451     369     6560.9      813.1    0.082
   5.468     370     6560.1      813.2    0.087
   5.484     371     6560.0      812.6    0.086
   5.504     372     6559.7      811.7    0.085
   5.524     373     6558.9      811.6    0.139
   5.539     374     6558.7      811.8    0.126
   5.556     375     6559.0      811.0    0.096
   5.573     376     6558.6      811.5    0.092
   5.589     377     6557.9      810.6    0.075
   5.606     378     6556.9      810.9    0.076
   5.625     379     6556.6      810.3    0.077
   5.643     380     6556.8      809.4    0.097
   5.660     381     6557.5      808.7    0.088
   5.676     382     6558.8      808.8    0.091
   5.693     383     6559.2      808.8    0.085
   5.711     384     6559.5      809.4    0.095
   5.729     385     6559.6      809.9    0.089
   5.746     386     6558.9      809.5    0.103
   5.764     387     6558.3      808.9    0.087
   5.780     388     6558.3      808.9    0.084
   5.797     389     6559.3      808.5    0.086
   5.814     390     6559.3      808.7    0.086
   5.832     391     6559.3      808.9    0.088
   5.848     392     6559.5      808.6    0.085
   5.865     393     6560.2      808.3    0.087
   5.882     394     6559.7      807.1    0.084
   5.898     395     6559.6      806.5    0.084
   5.917     396     6559.6      806.4    0.084
   5.933     397     6560.8      806.7    0.080
   5.951     398     6561.7      807.4    0.088
   5.968     399     6562.0      808.9    0.089
   5.986     400     6561.7      809.3    0.086
   6.002     401     6560.5      809.2    0.085
   6.019     402     6560.1      808.8    0.084
   6.036     403     6559.9      809.1    0.089
   6.053     404     6561.3      810.6    0.136
   6.070     405     6562.1      810.3    0.121
   6.086     406     6562.1      809.9    0.110
   6.103     407     6562.5      808.6    0.088
   6.122     408     6561.5      807.8    0.088
   6.138     409     6561.3      809.1    0.089
   6.155     410     6560.2      808.9    0.086
   6.174     411     6559.1      808.8    0.088
   6.190     412     6557.8      809.6    0.082
   6.207     413     6557.6      809.6    0.084
   6.223     414     6557.8      809.3    0.085
   6.240     415     6557.7      809.0    0.095
   6.257     416     6557.2      809.2    0.086
   6.273     417     6557.1      809.4    0.086
   6.292     418     6557.3      810.0    0.082
   6.308     419     6557.4      809.9    0.087
   6.325     420     6557.1      810.5    0.085
   6.342     421     6557.1      809.8    0.086
   6.358     422     6557.4      810.8    0.109
   6.377     423     6558.6      811.4    0.096
   6.395     424     6559.2      811.1    0.083
   6.413     425     6558.7      810.9    0.086
   6.430     426     6558.2      810.7    0.113
   6.448     427     6558.3      811.2    0.082
   6.464     428     6556.7      812.1    0.085
   6.481     429     6555.8      811.5    0.082
   6.500     430     6554.4      812.0    0.082
   6.516     431     6553.4      812.0    0.083
   6.534     432     6553.4      812.0    0.083
   6.551     433     6553.2      812.0    0.082
   6.571     434     6553.0      812.0    0.085
   6.587     435     6553.1      811.9    0.083
   6.607     436     6553.1      811.5    0.082
   6.623     437     6553.1      810.1    0.087
   6.642     438     6553.4      810.4    0.084
   6.659     439     6552.4      810.2    0.082
   6.676     440     6552.2      810.0    0.084
   6.692     441     6551.9      810.6    0.081
   6.709     442     6551.3      811.8    0.081
   6.727     443     6551.3      812.3    0.112
   6.743     444     6550.8      812.3    0.091
   6.760     445     6551.4      812.9    0.088
   6.778     446     6550.9      812.7    0.113
   6.795     447     6551.1      813.4    0.081
   6.812     448     6550.1      813.0    0.090
   6.828     449     6550.5      812.9    0.088
   6.845     450     6550.1      812.9    0.088
   6.861     451     6550.3      813.0    0.095
   6.878     452     6550.2      813.0    0.110
   6.895     453     6549.9      812.6    0.083
   6.914     454     6548.6      812.9    0.084
   6.931     455     6547.4      812.7    0.084
   6.948     456     6548.3      813.2    0.083
   6.964     457     6547.6      813.8    0.087
   6.981     458     6547.1      812.7    0.084
   6.997     459     6547.5      812.4    0.080
   7.016     460     6547.8      812.4    0.091
   7.032     461     6548.7      811.6    0.083
   7.049     462     6548.1      811.5    0.082
   7.066     463     6547.3      811.4    0.091
   7.082     464     6548.4      810.6    0.084
   7.100     465     6549.5      809.7    0.082
   7.118     466     6550.5      809.9    0.085
   7.134     467     6550.3      809.2    0.082
   7.153     468     6549.7      808.7    0.083
   7.169     469     6548.8      808.9    0.084
   7.186     470     6548.5      808.2    0.088
   7.204     471     6548.7      808.1    0.083
   7.220     472     6549.5      807.2    0.082
   7.237     473     6550.7      806.2    0.096
   7.256     474     6550.6      805.3    0.086
   7.272     475     6549.5      805.0    0.088
   7.288     476     6548.9      804.8    0.082
   7.305     477     6550.8      803.7    0.083
   7.323     478     6552.1      801.8    0.081
   7.340     479     6551.2      801.0    0.083
   7.357     480     6551.2      800.6    0.080
   7.373     481     6551.6      799.4    0.091
   7.390     482     6552.7      798.9    0.086
   7.407     483     6553.1      797.7    0.082
   7.424     484     6551.7      797.6    0.083
   7.442     485     6549.2      798.1    0.083
   7.459     486     6549.4      798.0    0.081
   7.476     487     6549.7      797.9    0.084
   7.494     488     6549.2      798.2    0.085
   7.510     489     6549.1      797.8    0.084
   7.527     490     6549.6      797.0    0.082
   7.544     491     6548.2      797.5    0.080
   7.561     492     6546.8      796.8    0.082
   7.579     493     6546.4      797.5    0.083
   7.595     494     6546.4      797.6    0.082
   7.614     495     6547.4      796.6    0.084
   7.632     496     6548.5      796.7    0.081
   7.648     497     6548.8      797.4    0.091
   7.666     498     6548.6      798.0    0.091
   7.684     499     6548.6      797.4    0.086
   7.702     500     6548.0      798.1    0.082
   7.718     501     6550.6      797.0    0.117
   7.735     502     6550.0      797.8    0.124
   7.753     503     6549.4      798.1    0.092
   7.772     504     6548.9      798.4    0.087
   7.788     505     6549.3      799.5    0.090
   7.805     506     6550.7      797.5    0.084
   7.822     507     6549.4      797.6    0.086
   7.838     508     6550.1      796.9    0.084
   7.857     509     6551.1      796.8    0.086
   7.873     510     6551.7      796.6    0.087
   7.892     511     6550.9      795.4    0.089
   7.908     512     6551.6      796.0    0.082
   7.926     513     6552.5      796.6    0.083
   7.943     514     6553.4      796.1    0.080
   7.961     515     6552.9      796.9    0.082
   7.979     516     6552.6      798.1    0.083
   7.997     517     6552.2      798.3    0.083
   8.013     518     6552.5      798.0    0.080
   8.031     519     6552.9      798.3    0.083
   8.048     520     6554.6      797.8    0.094
   8.066     521     6556.0      797.9    0.091
   8.084     522     6557.5      797.4    0.084
   8.100     523     6557.9      796.7    0.081
   8.119     524     6558.5      796.0    0.086
   8.136     525     6560.0      795.6    0.084
   8.153     526     6561.6      796.0    0.083
   8.171     527     6562.7      796.5    0.087
   8.187     528     6560.3      798.5    0.083
   8.204     529     6559.9      798.2    0.086
   8.221     530     6560.9      797.9    0.083
   8.238     531     6561.2      798.7    0.099
   8.255     532     6560.6      798.2    0.085
   8.272     533     6561.5      797.6    0.087
   8.289     534     6562.0      797.6    0.082
   8.305     535     6561.9      797.7    0.081
   8.322     536     6561.8      797.9    0.085
   8.339     537     6562.2      797.7    0.086
   8.358     538     6561.9      797.8    0.089
   8.374     539     6561.1      797.0    0.093
   8.392     540     6560.8      796.5    0.080
   8.410     541     6560.9      796.1    0.081
   8.426     542     6561.4      795.0    0.084
   8.445     543     6562.3      793.8    0.082
   8.465     544     6563.3      793.8    0.161
   8.482     545     6563.5      793.0    0.119
   8.499     546     6564.2      791.8    0.085
   8.516     547     6564.1      791.3    0.118
   8.532     548     6564.6      791.4    0.118
   8.549     549     6564.8      791.1    0.083
   8.566     550     6565.6      791.5    0.088
   8.583     551     6565.3      792.4    0.088
   8.599     552     6564.9      791.5    0.082
   8.616     553     6564.7      791.8    0.091
   8.633     554     6565.0      791.9    0.107
   8.650     555     6566.2      790.8    0.084
   8.666     556     6565.2      790.6    0.108
   8.682     557     6566.8      790.7    0.109
   8.700     558     6567.0      790.1    0.090
   8.717     559     6565.4      790.9    0.155
   8.733     560     6566.3      790.1    0.096
   8.750     561     6566.8      789.7    0.089
   8.767     562     6565.3      790.2    0.093
   8.785     563     6563.3      790.3    0.086
   8.803     564     6562.6      790.6    0.091
   8.819     565     6562.9      790.0    0.088
   8.836     566     6563.8      789.7    0.084
   8.853     567     6566.0      788.3    0.083
   8.872     568     6567.8      787.5    0.086
   8.890     569     6569.4      786.8    0.084
   8.907     570     6570.8      785.8    0.128
   8.924     571     6574.6      787.5    0.087
   8.942     572     6573.6      787.1    0.083
   8.958     573     6572.9      787.7    0.084
   8.975     574     6572.3      787.5    0.086
   8.994     575     6573.0      786.4    0.082
   9.010     576     6574.2      786.2    0.083
   9.028     577     6574.4      785.7    0.083
   9.044     578     6572.8      785.9    0.085
   9.061     579     6572.7      786.2    0.087
   9.078     580     6573.4      786.2    0.085
   9.095     581     6575.1      784.5    0.082
   9.114     582     6574.1      783.6    0.082
   9.131     583     6574.3      783.5    0.116
   9.149     584     6574.9      783.6    0.091
   9.165     585     6576.1      783.3    0.089
   9.182     586     6575.4      782.8    0.090
   9.201     587     6574.9      782.8    0.083
   9.223     588     6574.4      782.7    0.089
   9.243     589     6574.9      783.3    0.110
   9.258     590     6575.0      783.0    0.089
   9.275     591     6577.0      781.5    0.092
   9.294     592     6576.9      781.6    0.100
   9.312     593     6576.8      781.4    0.088
   9.328     594     6577.4      781.2    0.085
   9.345     595     6577.0      781.6    0.084
   9.363     596     6576.7      781.4    0.098
   9.378     597     6576.2      781.7    0.092
   9.395     598     6574.9      781.4    0.099
   9.412     599     6574.8      781.1    0.093
   9.431     600     6575.1      780.9    0.085
   9.448     601     6574.4      780.7    0.082
   9.466     602     6576.4      780.3    0.086
   9.482     603     6576.0      781.1    0.114
   9.499     604     6575.3      781.3    0.096
   9.515     605     6574.9      780.6    0.097
   9.534     606     6574.8      781.1    0.087
   9.552     607     6573.9      782.0    0.083
   9.568     608     6573.4      782.9    0.087
   9.586     609     6571.7      783.4    0.084
   9.604     610     6571.2      782.7    0.083
   9.620     611     6570.0      783.9    0.084
   9.637     612     6570.0      785.0    0.082
   9.655     613     6568.9      785.1    0.083
   9.673     614     6568.8      785.4    0.100
   9.690     615     6568.2      785.1    0.142
   9.708     616     6568.8      783.9    0.088
   9.724     617     6569.3      784.5    0.091
   9.741     618     6568.9      783.4    0.087
   9.760     619     6568.9      783.7    0.084
   9.776     620     6568.7      783.5    0.084
   9.793     621     6569.6      784.8    0.084
   9.811     622     6569.5      785.2    0.089
   9.828     623     6569.2      785.9    0.086
   9.848     624     6569.0      787.5    0.080
   9.864     625     6569.0      786.1    0.082
   9.883     626     6569.5      785.3    0.081
   9.901     627     6569.6      784.4    0.086
   9.918     628     6570.3      784.3    0.084
   9.936     629     6575.5      785.7    0.089
   9.956     630     6580.5      787.0    0.081
   9.972     631     6584.1      788.1    0.085
   9.991     632     6589.9      790.8    0.084
  10.007     633     6589.1      790.8    0.101
  10.024     634     6588.6      790.5    0.085
  10.041     635     6589.1      789.0    0.084
  10.059     636     6590.7      788.0    0.084
  10.075     637     6591.6      787.7    0.086
  10.092     638     6590.1      787.4    0.118
  10.111     639     6589.1      788.2    0.091
  10.128     640     6588.7      788.4    0.089
  10.145     641     6590.0      789.0    0.096
  10.163     642     6591.1      789.1    0.087
  10.179     643     6590.4      789.4    0.087
  10.196     644     6590.0      789.6    0.084
  10.213     645     6589.6      789.1    0.081
  10.230     646     6590.7      789.2    0.107
  10.247     647     6590.1      788.9    0.104
  10.264     648     6589.7      789.4    0.086
  10.281     649     6589.5      790.1    0.084
  10.299     650     6588.9      790.8    0.084
  10.319     651     6588.3      790.0    0.090
  10.335     652     6587.3      788.1    0.086
  10.352     653     6586.3      787.4    0.084
  10.368     654     6586.0      788.2    0.093
  10.385     655     6586.3      788.2    0.128
  10.402     656     6585.8      788.1    0.171
  10.419     657     6586.7      787.1    0.099
  10.437     658     6587.6      786.3    0.090
  10.457     659     6588.4      785.4    0.084
  10.473     660     6587.8      785.5    0.148
  10.491     661     6587.3      785.5    0.094
  10.509     662     6587.0      786.4    0.091
  10.526     663     6586.8      785.5    0.113
  10.543     664     6586.2      785.8    0.111
  10.559     665     6586.5      785.2    0.088
  10.576     666     6587.5      785.4    0.088
  10.593     667     6586.6      785.9    0.085
  10.610     668     6586.8      785.6    0.155
  10.626     669     6586.4      785.8    0.088
  10.643     670     6587.2      786.8    0.083
  10.661     671     6588.2      786.8    0.083
  10.679     672     6589.4      786.3    0.088
  10.697     673     6589.8      787.1    0.081
  10.713     674     6590.5      787.8    0.112
  10.732     675     6591.2      787.1    0.144
  10.749     676     6591.9      787.5    0.103
  10.766     677     6591.5      787.2    0.122
  10.784     678     6591.3      787.6    0.098
  10.800     679     6590.6      788.4    0.083
  10.816     680     6591.4      788.8    0.091
  10.833     681     6602.6      794.0    0.092
  10.852     682     6602.4      794.0    0.087
  10.869     683     6601.6      794.7    0.084
  10.885     684     6600.7      795.1    0.084
  10.903     685     6599.6      796.2    0.081
  10.919     686     6599.8      797.2    0.101
  10.937     687     6600.4      798.3    0.092
  10.955     688     6600.9      798.2    0.088
  10.971     689     6600.6      798.7    0.096
  10.988     690     6600.6      799.8    0.086
  11.006     691     6599.1      800.8    0.083
  11.024     692     6604.0      803.6    0.088
  11.042     693     6609.0      805.8    0.112
  11.062     694     6607.9      805.9    0.107
  11.081     695     6607.3      806.3    0.084
  11.099     696     6605.2      806.2    0.106
  11.117     697     6605.2      806.6    0.088
  11.133     698     6605.4      805.9    0.100
  11.152     699     6605.3      805.4    0.089
  11.168     700     6605.2      805.6    0.084
  11.186     701     6605.7      805.6    0.085
  11.203     702     6610.6      808.8    0.083
  11.219     703     6610.5      808.9    0.080
  11.235     704     6608.8      807.8    0.086
  11.252     705     6606.5      807.9    0.097
  11.268     706     6606.7      809.0    0.086
  11.285     707     6607.4      809.2    0.085
  11.302     708     6604.7      808.9    0.112
  11.319     709     6604.5      809.6    0.082
  11.336     710     6604.2      809.6    0.094
  11.353     711     6603.9      809.6    0.079
  11.370     712     6603.5      809.5    0.086
  11.386     713     6603.0      809.8    0.076
  11.405     714     6602.2      809.5    0.075
  11.423     715     6600.0      809.1    0.080
  11.441     716     6598.8      808.3    0.086
  11.458     717     6598.2      807.8    0.083
  11.474     718     6596.7      807.9    0.112
  11.491     719     6595.7      807.6    0.084
  11.510     720     6595.0      809.2    0.127
  11.526     721     6594.1      810.1    0.099
  11.543     722     6592.5      810.0    0.099
  11.559     723     6591.0      810.4    0.086
  11.581     724     6590.2      811.1    0.089
  11.598     725     6589.3      811.2    0.107
  11.618     726     6588.5      811.2    0.129
  11.639     727     6587.7      811.1    0.091
  11.656     728     6587.4      810.6    0.084
  11.672     729     6591.2      813.3    0.085
  11.691     730     6590.4      813.8    0.084
  11.710     731     6589.5      814.1    0.109
  11.726     732     6587.7      814.8    0.114
  11.744     733     6586.7      815.3    0.082
  11.762     734     6585.0      815.8    0.102
  11.778     735     6584.0      815.8    0.116
  11.794     736     6583.1      816.5    0.109
  11.813     737     6582.4      817.0    0.080
  11.831     738     6580.8      817.0    0.083
  11.849     739     6579.5      817.3    0.093
  11.865     740     6583.5      819.3    0.085
  11.882     741     6582.9      819.0    0.114
  11.900     742     6582.6      819.2    0.083
  11.916     743     6581.6      819.2    0.081
  11.932     744     6586.4      821.2    0.083
  11.948     745     6586.1      821.8    0.085
  11.967     746     6585.6      820.9    0.085
  11.985     747     6583.6      821.5    0.086
  12.001     748     6582.9      821.0    0.083
  12.021     749     6583.0      820.9    0.081
  12.037     750     6582.5      818.6    0.086
  12.057     751     6581.9      816.1    0.096
  12.073     752     6581.2      816.7    0.086
  12.091     753     6580.8      816.6    0.096
  12.109     754     6579.7      816.5    0.084
  12.125     755     6578.6      816.2    0.087
  12.143     756     6579.0      816.8    0.087
  12.161     757     6577.6      817.3    0.083
  12.179     758     6581.3      821.0    0.082
  12.195     759     6579.1      821.3    0.081
  12.212     760     6579.0      820.5    0.082
  12.229     761     6577.2      822.3    0.083
  12.246     762     6577.2      821.4    0.096
  12.264     763     6576.1      821.5    0.098
  12.280     764     6575.9      821.0    0.087
  12.299     765     6574.7      820.9    0.086
  12.317     766     6573.7      821.2    0.081
  12.333     767     6573.0      821.4    0.083
  12.349     768     6572.2      821.8    0.080
  12.366     769     6571.6      821.5    0.101
  12.384     770     6571.7      821.8    0.087
  12.400     771     6569.1      822.4    0.084
  12.417     772     6566.5      822.9    0.086
  12.434     773     6564.8      822.6    0.110
  12.452     774     6564.2      822.7    0.085
  12.469     775     6561.1      823.5    0.086
  12.489     776     6558.0      824.4    0.090
  12.505     777     6556.2      823.5    0.082
  12.522     778     6555.2      824.0    0.104
  12.541     779     6556.6      823.0    0.083
  12.558     780     6554.5      823.8    0.123
  12.574     781     6552.5      824.2    0.090
  12.591     782     6550.4      824.5    0.085
  12.607     783     6551.1      825.4    0.082
  12.624     784     6550.9      825.6    0.084
  12.642     785     6550.1      824.5    0.087
  12.660     786     6550.1      824.1    0.089
  12.676     787     6548.7      824.4    0.087
  12.693     788     6546.3      825.8    0.085
  12.711     789     6544.5      826.1    0.081
  12.729     790     6542.3      826.4    0.083
  12.747     791     6540.9      826.9    0.082
  12.763     792     6541.8      826.3    0.106
  12.782     793     6542.0      825.6    0.090
  12.800     794     6542.8      825.2    0.086
  12.816     795     6543.3      823.6    0.083
  12.833     796     6543.2      824.8    0.085
  12.849     797     6543.4      823.7    0.081
  12.867     798     6541.2      824.8    0.120
  12.883     799     6539.8      824.7    0.094
  12.900     800     6537.8      824.9    0.120
  12.917     801     6536.0      824.6    0.083
  12.935     802     6534.4      825.1    0.083
  12.952     803     6534.3      825.6    0.077
  12.969     804     6532.5      825.8    0.139
  12.987     805     6531.7      825.0    0.081
  13.005     806     6531.5      825.6    0.083
  13.021     807     6530.7      825.4    0.075
  13.039     808     6530.7      825.0    0.090
  13.055     809     6530.6      824.6    0.083
  13.073     810     6531.1      824.4    0.083
  13.090     811     6531.2      823.0    0.085
  13.108     812     6531.9      822.7    0.080
  13.124     813     6531.2      821.3    0.081
  13.140     814     6529.4      821.4    0.083
  13.157     815     6529.1      821.5    0.084
  13.174     816     6528.1      821.7    0.083
  13.192     817     6527.1      821.5    0.082
  13.208     818     6525.9      822.7    0.082
  13.225     819     6525.0      823.6    0.142
  13.242     820     6524.0      823.6    0.143
  13.258     821     6522.5      824.2    0.080
  13.274     822     6521.5      824.8    0.094
  13.290     823     6523.0      825.9    0.090
  13.307     824     6521.0      825.3    0.081
  13.324     825     6520.6      825.7    0.077
  13.341     826     6520.0      827.1    0.090
  13.359     827     6519.3      827.7    0.087
  13.376     828     6520.6      826.5    0.093
  13.392     829     6520.0      827.1    0.104
  13.409     830     6518.4      828.4    0.127
  13.426     831     6517.9      828.3    0.087
  13.443     832     6518.4      828.7    0.086
  13.460     833     6516.8      829.2    0.083
  13.480     834     6515.5      829.9    0.090
  13.497     835     6515.2      830.1    0.082
  13.515     836     6515.2      829.9    0.088
  13.533     837     6515.3      829.7    0.084
  13.551     838     6515.3      829.7    0.084
  13.569     839     6514.9      830.3    0.078
  13.586     840     6513.8      830.0    0.084
  13.603     841     6519.4      833.0    0.081
  13.621     842     6519.3      833.5    0.080
  13.637     843     6518.6      834.2    0.082
  13.653     844     6519.1      834.1    0.081
  13.670     845     6519.5      833.9    0.101
  13.687     846     6518.7      833.6    0.093
  13.706     847     6519.1      833.9    0.091
  13.723     848     6518.5      833.3    0.146
  13.740     849     6518.6      832.8    0.096
  13.756     850     6518.2      833.0    0.082
  13.773     851     6517.8      832.3    0.086
  13.791     852     6518.0      833.1    0.080
  13.809     853     6522.8      835.0    0.077
  13.825     854     6522.3      835.5    0.074
  13.842     855     6521.3      835.4    0.090
  13.859     856     6521.3      834.8    0.083
  13.876     857     6521.7      834.3    0.080
  13.894     858     6521.6      833.4    0.121
  13.913     859     6521.6      833.2    0.081
  13.931     860     6521.9      832.0    0.085
  13.947     861     6521.9      831.3    0.082
  13.964     862     6520.8      831.8    0.081
  13.981     863     6520.2      831.7    0.082
  13.999     864     6518.7      831.5    0.085
  14.019     865     6517.2      831.9    0.087
  14.035     866     6515.2      831.9    0.085
  14.051     867     6513.4      832.5    0.080
  14.068     868     6513.8      833.1    0.081
  14.085     869     6512.1      832.4    0.081
  14.103     870     6509.5      833.4    0.080
  14.119     871     6509.8      834.8    0.080
  14.135     872     6509.4      834.9    0.082
  14.153     873     6509.1      835.8    0.080
  14.169     874     6508.5      836.9    0.079
  14.186     875     6507.0      836.9    0.112
  14.203     876     6506.1      836.9    0.081
  14.220     877     6504.6      837.3    0.081
  14.237     878     6503.7      837.3    0.082
  14.254     879     6504.5      837.7    0.122
  14.270     880     6504.1      837.5    0.112
  14.289     881     6504.0      837.4    0.085
  14.307     882     6505.4      836.8    0.080
  14.325     883     6506.8      837.2    0.078
  14.341     884     6506.2      836.9    0.088
  14.358     885     6506.3      836.6    0.081
  14.375     886     6505.9      835.7    0.095
  14.391     887     6505.9      835.5    0.089
  14.410     888     6505.8      835.6    0.086
  14.428     889     6505.2      835.3    0.083
  14.444     890     6505.5      834.7    0.086
  14.462     891     6505.9      834.1    0.083
  14.479     892     6506.9      832.8    0.089
  14.497     893     6508.4      832.0    0.082
  14.515     894     6509.7      830.3    0.125
  14.531     895     6510.5      829.9    0.086
  14.548     896     6512.8      829.0    0.082
  14.565     897     6514.2      828.1    0.082
  14.583     898     6514.8      825.4    0.082
  14.600     899     6516.6      824.4    0.080
  14.617     900     6518.3      823.5    0.080
  14.637     901     6519.3      822.3    0.085
  14.653     902     6519.7      821.6    0.080
  14.672     903     6520.5      821.5    0.081
  14.688     904     6523.0      820.5    0.080
  14.708     905     6525.3      818.9    0.088
  14.724     906     6527.4      816.9    0.085
  14.742     907     6528.5      815.2    0.085
  14.758     908     6530.0      815.3    0.117
  14.775     909     6533.1      814.1    0.081
  14.792     910     6535.4      812.0    0.083
  14.809     911     6536.4      811.8    0.083
  14.826     912     6537.4      810.4    0.081
  14.844     913     6539.3      809.3    0.085
  14.862     914     6540.3      807.3    0.108
  14.878     915     6541.3      807.3    0.104
  14.895     916     6542.4      806.4    0.084
  14.912     917     6543.9      805.1    0.082
  14.929     918     6545.3      803.6    0.081
  14.946     919     6546.4      803.6    0.119
  14.964     920     6547.9      803.7    0.084
  14.980     921     6547.7      803.9    0.084
  14.997     922     6549.0      802.2    0.081
  15.014     923     6547.6      801.7    0.085
  15.031     924     6547.5      801.7    0.086
  15.048     925     6549.1      801.9    0.087
  15.065     926     6549.4      801.1    0.081
  15.082     927     6549.5      799.7    0.119
  15.099     928     6550.2      798.8    0.083
  15.116     929     6551.4      798.4    0.081
  15.132     930     6550.5      797.9    0.084
  15.151     931     6551.2      796.7    0.081
  15.169     932     6551.1      796.4    0.081
  15.185     933     6549.6      796.2    0.081
  15.202     934     6549.1      795.7    0.081
  15.219     935     6548.8      795.3    0.083
  15.235     936     6548.5      793.6    0.084
  15.252     937     6548.0      793.0    0.095
  15.268     938     6548.5      793.4    0.086
  15.285     939     6548.1      793.3    0.082
  15.302     940     6548.2      792.7    0.082
  15.321     941     6548.3      791.4    0.090
  15.337     942     6549.5      790.6    0.080
  15.354     943     6549.8      789.8    0.075
  15.374     944     6550.3      790.1    0.083
  15.390     945     6551.1      789.3    0.084
  15.407     946     6550.8      789.0    0.079
  15.426     947     6551.4      788.9    0.074
  15.442     948     6552.1      788.5    0.114
  15.459     949     6553.2      788.0    0.085
  15.476     950     6559.8      789.6    0.083
  15.492     951     6559.3      788.2    0.084
  15.508     952     6559.5      788.4    0.083
  15.525     953     6560.0      788.6    0.084
  15.542     954     6560.0      788.2    0.147
  15.559     955     6559.8      788.1    0.091
  15.576     956     6559.3      787.4    0.088
  15.593     957     6560.2      787.5    0.087
  15.610     958     6559.7      788.0    0.084
  15.628     959     6559.0      788.9    0.086
  15.644     960     6560.6      788.8    0.087
  15.661     961     6561.0      788.8    0.086
  15.680     962     6561.4      788.3    0.081
  15.696     963     6561.0      788.5    0.083
  15.715     964     6561.4      788.3    0.082
  15.731     965     6561.7      788.3    0.085
  15.748     966     6562.7      788.0    0.082
  15.764     967     6562.3      788.1    0.082
  15.783     968     6563.1      788.2    0.084
  15.799     969     6561.8      788.0    0.082
  15.816     970     6562.5      787.0    0.082
  15.833     971     6563.1      787.6    0.085
  15.851     972     6562.7      786.1    0.082
  15.868     973     6562.8      786.2    0.082
  15.885     974     6563.0      786.7    0.127
  15.901     975     6563.3      785.7    0.087
  15.918     976     6564.2      786.1    0.084
  15.935     977     6564.0      786.3    0.086
  15.954     978     6563.8      786.1    0.119
  15.970     979     6563.2      785.5    0.084
  15.987     980     6563.3      785.6    0.085
  16.004     981     6564.0      784.6    0.082
  16.022     982     6564.2      784.6    0.108
  16.038     983     6563.9      784.1    0.094
  16.057     984     6565.4      784.7    0.083
  16.073     985     6564.8      785.0    0.086
  16.090     986     6564.3      785.0    0.083
  16.106     987     6564.8      784.3    0.081
  16.124     988     6565.2      783.5    0.104
  16.142     989     6565.4      782.2    0.088
  16.158     990     6566.9      781.3    0.085
  16.175     991     6568.0      781.0    0.083
  16.192     992     6567.9      780.8    0.084
  16.209     993     6568.6      781.1    0.081
  16.229     994     6569.2      780.9    0.086
  16.245     995     6568.3      780.0    0.113
  16.262     996     6569.1      780.1    0.086
  16.278     997     6569.2      780.1    0.085
  16.295     998     6569.1      779.3    0.085
  16.312     999     6567.9      779.2    0.083
  16.329    1000     6567.0      779.2    0.085
  16.346    1001     6566.6      779.3    0.085
  16.364    1002     6567.8      779.8    0.096
  16.384    1003     6573.4      781.6    0.086
  16.400    1004     6572.9      780.4    0.088
  16.419    1005     6571.6      778.6    0.082
  16.435    1006     6571.4      778.2    0.083
  16.452    1007     6571.1      777.6    0.081
  16.469    1008     6570.7      776.8    0.082
  16.486    1009     6570.8      777.0    0.084
  16.503    1010     6571.4      777.7    0.083
  16.519    1011     6571.8      777.9    0.081
  16.538    1012     6571.3      778.3    0.083
  16.554    1013     6570.8      778.7    0.084
  16.571    1014     6570.7      777.8    0.081
  16.588    1015     6570.4      778.3    0.083
  16.605    1016     6569.1      777.4    0.081
  16.622    1017     6570.9      777.9    0.081
  16.639    1018     6576.6      779.1    0.090
  16.655    1019     6576.7      778.7    0.092
  16.672    1020     6575.7      779.3    0.085
  16.691    1021     6574.1      779.3    0.087
  16.707    1022     6573.4      778.7    0.081
  16.725    1023     6573.1      779.1    0.138
  16.741    1024     6573.0      779.2    0.112
  16.758    1025     6573.1      780.3    0.079
  16.776    1026     6572.0      780.7    0.081
  16.794    1027     6570.8      780.6    0.077
  16.812    1028     6571.2      780.7    0.084
  16.828    1029     6570.7      781.2    0.074
  16.845    1030     6570.4      781.2    0.090
  16.862    1031     6569.6      780.8    0.083
  16.880    1032     6569.0      780.4    0.081
  16.896    1033     6568.0      780.4    0.086
  16.913    1034     6568.1      780.9    0.082
  16.932    1035     6567.3      781.6    0.091
  16.948    1036     6566.8      781.9    0.087
  16.965    1037     6566.2      781.6    0.086
  16.982    1038     6564.9      782.1    0.082
  16.999    1039     6564.7      783.3    0.085
  17.017    1040     6563.3      783.9    0.082
  17.033    1041     6562.5      784.7    0.083
  17.050    1042     6562.3      785.4    0.084
  17.067    1043     6561.4      785.9    0.085
  17.084    1044     6559.8      787.6    0.117
  17.101    1045     6558.7      789.0    0.087
  17.118    1046     6564.9      791.6    0.081
  17.135    1047     6563.6      791.3    0.085
  17.152    1048     6563.1      791.6    0.083
  17.168    1049     6562.8      792.0    0.095
  17.185    1050     6560.6      791.9    0.087
  17.202    1051     6560.9      792.5    0.086
  17.219    1052     6564.4      793.8    0.092
  17.236    1053     6563.8      794.9    0.090
  17.253    1054     6563.4      796.4    0.101
  17.270    1055     6561.0      796.0    0.088
  17.287    1056     6559.9      796.6    0.126
  17.304    1057     6559.8      797.5    0.090
  17.320    1058     6558.9      796.9    0.087
  17.339    1059     6556.7      796.9    0.088
  17.357    1060     6556.1      796.8    0.086
  17.375    1061     6555.3      798.1    0.098
  17.391    1062     6553.8      798.0    0.085
  17.408    1063     6554.8      797.9    0.084
  17.425    1064     6559.0      800.3    0.088
  17.441    1065     6557.1      800.7    0.122
  17.460    1066     6556.3      801.5    0.115
  17.476    1067     6555.4      802.4    0.090
  17.494    1068     6554.0      803.8    0.147
  17.513    1069     6552.8      803.6    0.161
  17.528    1070     6552.7      803.9    0.126
  17.545    1071     6554.0      803.9    0.108
  17.561    1072     6553.0      804.1    0.132
  17.580    1073     6552.5      804.6    0.101
  17.596    1074     6551.4      805.8    0.094
  17.615    1075     6550.7      806.1    0.086
  17.631    1076     6549.5      805.0    0.086
  17.648    1077     6548.8      804.3    0.085
  17.665    1078     6548.0      804.3    0.076
  17.681    1079     6548.5      804.0    0.081
  17.698    1080     6548.8      804.8    0.080
  17.715    1081     6547.0      804.5    0.078
  17.732    1082     6546.6      803.6    0.075
  17.749    1083     6546.0      802.5    0.091
  17.766    1084     6544.4      802.9    0.084
  17.783    1085     6545.5      803.1    0.084
  17.800    1086     6543.4      803.9    0.086
  17.817    1087     6542.6      803.4    0.083
  17.837    1088     6542.7      803.5    0.087
  17.853    1089     6542.4      803.9    0.086
  17.872    1090     6541.6      804.3    0.120
  17.889    1091     6542.1      804.0    0.100
  17.906    1092     6541.6      804.0    0.142
  17.924    1093     6541.0      803.5    0.090
  17.942    1094     6540.7      802.9    0.087
  17.958    1095     6540.2      802.9    0.110
  17.978    1096     6539.7      803.1    0.103
  17.995    1097     6538.9      802.9    0.108
  18.012    1098     6538.8      803.2    0.082
  18.030    1099     6538.8      802.9    0.080
  18.046    1100     6537.9      802.9    0.079
  18.063    1101     6538.4      803.5    0.090
  18.083    1102     6537.7      803.6    0.098
  18.100    1103     6537.0      803.4    0.091
  18.117    1104     6535.8      803.6    0.088
  18.134    1105     6536.5      803.4    0.085
  18.150    1106     6537.0      803.2    0.088
  18.167    1107     6537.3      803.9    0.087
  18.184    1108     6536.9      804.4    0.084
  18.201    1109     6535.7      805.1    0.090
  18.218    1110     6536.4      804.6    0.082
  18.235    1111     6536.6      804.1    0.082
  18.252    1112     6536.9      803.3    0.098
  18.270    1113     6536.7      804.2    0.379
  18.285    1114     6536.3      804.3    0.122
  18.302    1115     6536.9      803.4    0.093
  18.319    1116     6536.8      804.4    0.085
  18.336    1117     6538.1      803.6    0.084
  18.353    1118     6539.2      803.8    0.085
  18.370    1119     6539.5      803.3    0.123
  18.387    1120     6539.5      803.9    0.081
  18.405    1121     6539.8      804.0    0.105
  18.421    1122     6540.1      804.1    0.081
  18.438    1123     6540.2      804.1    0.078
  18.457    1124     6539.4      803.9    0.079
  18.475    1125     6539.0      804.4    0.090
  18.492    1126     6540.5      805.0    0.087
  18.509    1127     6539.9      804.9    0.083
  18.527    1128     6540.4      804.1    0.084
  18.544    1129     6541.6      804.1    0.084
  18.562    1130     6542.2      803.2    0.082
  18.578    1131     6542.7      803.1    0.084
  18.595    1132     6541.5      803.0    0.086
  18.612    1133     6541.2      803.2    0.081
  18.629    1134     6541.8      802.6    0.084
  18.649    1135     6542.5      802.5    0.083
  18.665    1136     6543.6      802.1    0.085
  18.684    1137     6543.2      801.8    0.168
  18.701    1138     6543.2      800.9    0.101
  18.719    1139     6543.1      800.3    0.087
  18.736    1140     6543.2      799.8    0.089
  18.752    1141     6543.4      798.9    0.087
  18.768    1142     6544.6      798.9    0.083
  18.785    1143     6544.3      799.0    0.093
  18.804    1144     6543.4      799.3    0.094
  18.820    1145     6544.6      798.7    0.087
  18.837    1146     6544.0      798.4    0.084
  18.854    1147     6544.3      798.3    0.084
  18.871    1148     6545.0      798.1    0.091
  18.887    1149     6546.0      798.2    0.082
  18.903    1150     6546.1      798.5    0.092
  18.920    1151     6546.6      798.4    0.083
  18.939    1152     6546.7      797.5    0.083
  18.957    1153     6545.3      797.4    0.083
  18.973    1154     6545.8      797.3    0.081
  18.991    1155     6545.6      797.8    0.123
  19.008    1156     6546.9      797.7    0.088
  19.024    1157     6546.7      796.9    0.091
  19.043    1158     6546.6      796.8    0.092
  19.061    1159     6546.7      796.9    0.104
  19.079    1160     6547.3      797.2    0.084
  19.095    1161     6548.1      797.1    0.085
  19.113    1162     6548.8      797.0    0.086
  19.131    1163     6549.9      795.6    0.081
  19.147    1164     6548.6      795.2    0.089
  19.166    1165     6547.7      795.0    0.083
  19.184    1166     6546.9      795.1    0.097
  19.201    1167     6546.7      794.3    0.085
  19.218    1168     6545.6      795.4    0.078
  19.235    1169     6545.0      795.9    0.075
  19.251    1170     6544.0      795.5    0.085
  19.268    1171     6545.3      796.7    0.079
  19.285    1172     6544.7      797.1    0.077
  19.302    1173     6543.9      797.7    0.095
  19.318    1174     6543.8      798.5    0.084
  19.337    1175     6542.5      798.2    0.084
  19.353    1176     6548.0      800.3    0.085
  19.370    1177     6547.9      800.4    0.126
  19.388    1178     6546.8      801.8    0.088
  19.405    1179     6545.5      801.4    0.088
  19.422    1180     6544.6      800.8    0.123
  19.440    1181     6544.4      801.1    0.088
  19.461    1182     6543.5      801.2    0.092
  19.479    1183     6541.2      801.0    0.084
  19.495    1184     6541.5      800.2    0.085
  19.512    1185     6541.0      799.9    0.085
  19.529    1186     6540.6      800.5    0.084
  19.545    1187     6539.6      800.6    0.093
  19.565    1188     6538.6      800.1    0.085
  19.583    1189     6538.6      801.1    0.092
  19.599    1190     6538.1      801.2    0.087
  19.616    1191     6538.2      801.2    0.077
  19.633    1192     6538.1      802.3    0.079
  19.652    1193     6537.4      802.7    0.079
  19.668    1194     6538.0      803.0    0.074
  19.685    1195     6538.3      802.0    0.105
  19.703    1196     6538.7      801.8    0.099
  19.719    1197     6537.9      800.4    0.089
  19.739    1198     6537.9      799.1    0.152
  19.759    1199     6537.9      797.9    0.097
  19.775    1200     6539.0      797.9    0.105
  19.793    1201     6538.5      798.4    0.151
  19.808    1202     6538.9      798.0    0.088
  19.829    1203     6539.3      798.2    0.079
  19.845    1204     6539.5      798.0    0.081
  19.864    1205     6540.7      797.7    0.077
  19.881    1206     6541.9      797.5    0.076
  19.899    1207     6542.4      797.1    0.091
  19.915    1208     6541.6      796.6    0.085
  19.932    1209     6541.3      797.1    0.084
  19.949    1210     6539.3      798.3    0.086
  19.966    1211     6538.4      799.6    0.084
  19.985    1212     6539.2      801.0    0.082
  20.004    1213     6539.7      800.8    0.084
  20.022    1214     6539.3      800.1    0.083
  20.038    1215     6539.7      800.6    0.083
  20.055    1216     6540.0      800.4    0.084
  20.072    1217     6539.6      800.3    0.081
  20.088    1218     6540.2      801.4    0.081
  20.105    1219     6539.9      801.4    0.084
  20.123    1220     6539.6      802.2    0.081
  20.140    1221     6539.3      802.7    0.084
  20.157    1222     6538.9      803.0    0.132
  20.173    1223     6538.7      803.7    0.102
  20.192    1224     6538.1      803.8    0.095
  20.209    1225     6539.0      804.0    0.108
  20.226    1226     6538.9      803.8    0.098
  20.244    1227     6538.1      804.4    0.101
  20.262    1228     6537.7      805.0    0.119
  20.278    1229     6536.9      804.4    0.100
  20.295    1230     6535.0      805.2    0.107
  20.311    1231     6534.1      805.8    0.079
  20.328    1232     6534.5      806.9    0.079
  20.345    1233     6534.3      806.8    0.078
  20.362    1234     6534.2      806.7    0.116
  20.379    1235     6535.0      806.7    0.081
  20.397    1236     6535.3      807.1    0.094
  20.413    1237     6534.5      808.1    0.084
  20.430    1238     6534.8      807.2    0.084
  20.447    1239     6534.2      806.4    0.088
  20.464    1240     6533.2      807.4    0.084
  20.482    1241     6532.0      808.6    0.082
  20.499    1242     6531.8      809.3    0.086
  20.519    1243     6531.7      810.7    0.082
  20.535    1244     6530.3      811.5    0.081
  20.554    1245     6527.4      811.8    0.123
  20.572    1246     6526.4      812.7    0.089
  20.588    1247     6526.3      812.6    0.084
  20.605    1248     6526.2      813.3    0.082
  20.621    1249     6525.4      814.5    0.075
  20.639    1250     6525.0      815.4    0.075
  20.655    1251     6524.6      815.2    0.088
  20.672    1252     6523.5      815.9    0.083
  20.691    1253     6523.3      815.9    0.082
  20.709    1254     6523.2      816.3    0.094
  20.725    1255     6523.7      816.5    0.084
  20.743    1256     6523.0      816.5    0.082
  20.759    1257     6522.3      817.9    0.084
  20.776    1258     6523.1      817.6    0.083
  20.793    1259     6522.5      817.7    0.082
  20.810    1260     6523.1      816.8    0.085
  20.827    1261     6523.7      816.3    0.082
  20.845    1262     6523.6      816.7    0.085
  20.862    1263     6524.6      816.9    0.080
  20.878    1264     6525.1      816.5    0.083
  20.895    1265     6525.8      815.6    0.080
  20.912    1266     6525.7      815.3    0.083
  20.929    1267     6529.6      817.5    0.081
  20.946    1268     6529.6      816.8    0.081
  20.963    1269     6530.9      816.8    0.080
  20.980    1270     6531.6      815.8    0.079
  20.997    1271     6530.9      815.5    0.087
  21.015    1272     6530.9      815.8    0.083
  21.031    1273     6531.0      814.8    0.081
  21.048    1274     6532.1      815.0    0.090
  21.065    1275     6533.4      814.8    0.085
  21.082    1276     6533.3      814.6    0.083
  21.099    1277     6533.6      813.6    0.086
  21.119    1278     6534.0      812.8    0.081
  21.135    1279     6533.9      812.9    0.082
  21.154    1280     6534.3      812.1    0.135
  21.172    1281     6534.2      811.0    0.089
  21.188    1282     6536.3      810.9    0.087
  21.205    1283     6537.4      810.1    0.087
  21.222    1284     6538.7      809.9    0.083
  21.240    1285     6540.1      808.8    0.083
  21.256    1286     6541.7      807.3    0.102
  21.273    1287     6542.1      806.9    0.086
  21.292    1288     6543.0      806.0    0.084
  21.308    1289     6544.1      806.4    0.085
  21.325    1290     6544.1      806.4    0.082
  21.342    1291     6544.2      806.9    0.109
  21.359    1292     6543.4      807.0    0.213
  21.375    1293     6543.5      806.9    0.096
  21.393    1294     6543.6      806.7    0.085
  21.411    1295     6542.8      805.6    0.082
  21.429    1296     6542.7      805.8    0.074
  21.447    1297     6542.7      805.3    0.075
  21.463    1298     6542.1      806.9    0.073
  21.480    1299     6541.6      807.5    0.073
  21.496    1300     6540.7      806.5    0.073
  21.517    1301     6540.9      805.9    0.096
  21.533    1302     6540.7      806.9    0.083
  21.552    1303     6540.6      806.8    0.086
  21.568    1304     6539.3      806.9    0.083
  21.585    1305     6538.6      805.7    0.082
  21.602    1306     6537.1      806.2    0.118
  21.620    1307     6536.4      806.3    0.086
  21.636    1308     6536.8      806.4    0.082
  21.653    1309     6536.4      806.7    0.082
  21.671    1310     6536.1      806.2    0.091
  21.687    1311     6535.2      806.6    0.115
  21.704    1312     6533.9      807.2    0.086
  21.721    1313     6532.0      807.3    0.076
  21.739    1314     6530.9      808.7    0.114
  21.755    1315     6529.6      808.3    0.086
  21.772    1316     6527.6      808.9    0.083
  21.789    1317     6526.5      810.4    0.078
  21.805    1318     6525.1      812.2    0.092
  21.824    1319     6523.3      813.9    0.086
  21.840    1320     6522.0      815.3    0.085
  21.857    1321     6520.8      817.0    0.087
  21.876    1322     6518.8      817.6    0.094
  21.893    1323     6517.8      818.6    0.087
  21.911    1324     6516.8      819.5    0.091
  21.927    1325     6515.4      819.7    0.089
  21.944    1326     6515.5      819.0    0.083
  21.962    1327     6514.3      818.6    0.110
  21.980    1328     6513.3      818.3    0.099
  21.995    1329     6514.8      817.7    0.089
  22.012    1330     6513.7      817.2    0.128
  22.031    1331     6512.8      816.8    0.077
  22.047    1332     6511.8      817.4    0.078
  22.066    1333     6511.0      818.3    0.076
  22.083    1334     6510.0      817.8    0.076
  22.101    1335     6509.8      817.7    0.090
  22.117    1336     6508.3      816.8    0.084
  22.133    1337     6507.3      818.0    0.087
  22.152    1338     6506.2      819.0    0.086
  22.168    1339     6506.7      820.0    0.084
  22.184    1340     6507.0      820.4    0.084
  22.200    1341     6506.4      821.1    0.087
  22.219    1342     6505.7      821.7    0.083
  22.237    1343     6505.1      822.2    0.080
  22.253    1344     6504.1      822.3    0.096
  22.272    1345     6502.1      822.6    0.078
  22.288    1346     6500.8      824.5    0.076
  22.307    1347     6499.3      825.3    0.092
  22.323    1348     6504.4      827.8    0.086
  22.340    1349     6503.4      829.2    0.084
  22.358    1350     6502.3      829.6    0.091
  22.378    1351     6501.0      829.2    0.096
  22.393    1352     6499.5      829.0    0.084
  22.412    1353     6497.9      829.2    0.087
  22.429    1354     6498.3      829.1    0.084
  22.446    1355     6497.4      829.5    0.110
  22.462    1356     6498.1      829.4    0.108
  22.479    1357     6497.4      829.4    0.083
  22.498    1358     6495.9      829.7    0.083
  22.514    1359     6495.5      829.1    0.086
  22.531    1360     6496.6      829.0    0.095
  22.548    1361     6495.1      829.3    0.084
  22.565    1362     6492.7      829.3    0.084
  22.582    1363     6491.5      829.0    0.083
  22.598    1364     6491.9      829.6    0.084
  22.616    1365     6492.3      830.3    0.086
  22.635    1366     6491.0      832.7    0.083
  22.651    1367     6488.5      833.4    0.085
  22.669    1368     6487.4      834.4    0.085
  22.689    1369     6486.2      835.4    0.082
  22.705    1370     6485.2      835.9    0.100
  22.726    1371     6484.0      835.8    0.139
  22.743    1372     6482.4      835.8    0.122
  22.758    1373     6482.5      836.7    0.101
  22.775    1374     6480.9      837.4    0.086
  22.793    1375     6479.6      838.7    0.085
  22.809    1376     6479.9      837.4    0.086
  22.828    1377     6480.6      837.8    0.076
  22.844    1378     6479.8      837.6    0.076
  22.863    1379     6478.2      837.8    0.076
  22.879    1380     6477.1      838.3    0.074
  22.896    1381     6476.4      839.4    0.074
  22.913    1382     6477.2      838.9    0.090
  22.929    1383     6476.3      840.0    0.085
  22.946    1384     6476.5      839.6    0.111
  22.963    1385     6477.6      839.1    0.084
  22.982    1386     6478.3      838.9    0.083
  23.000    1387     6479.9      838.6    0.084
  23.016    1388     6479.5      838.3    0.086
  23.033    1389     6480.2      837.3    0.083
  23.050    1390     6480.2      836.7    0.088
  23.066    1391     6481.1      835.8    0.110
  23.083    1392     6482.9      835.6    0.084
  23.100    1393     6508.3      804.1    0.085
  23.119    1394     6533.5      774.8    0.086
  23.137    1395     6536.0      773.4    0.111
  23.152    1396     6538.8      772.4    0.083
  23.169    1397     6540.9      769.9    0.084
  23.186    1398     6540.2      769.8    0.107
  23.202    1399     6539.1      769.8    0.091
  23.218    1400     6542.9      768.1    0.166
  23.235    1401     6542.3      768.0    0.094
  23.252    1402     6544.9      766.4    0.105
  23.271    1403     6547.4      765.1    0.086
  23.287    1404     6551.0      763.5    0.083
  23.304    1405     6554.1      761.4    0.089
  23.321    1406     6553.3      762.4    0.086
  23.338    1407     6552.6      764.2    0.109
  23.354    1408     6551.5      765.3    0.114
  23.371    1409     6554.7      763.2    0.091
  23.388    1410     6557.8      762.0    0.084
  23.405    1411     6560.8      760.1    0.093
  23.424    1412     6563.3      757.8    0.084
  23.440    1413     6563.3      758.5    0.084
  23.457    1414     6563.0      757.5    0.082
  23.474    1415     6566.0      754.8    0.116
  23.490    1416     6569.9      753.0    0.106
  23.507    1417     6571.6      750.2    0.086
  23.527    1418     6573.0      747.9    0.149
  23.544    1419     6576.1      747.0    0.096
  23.560    1420     6578.7      745.0    0.096
  23.577    1421     6577.6      745.9    0.085
  23.593    1422     6576.4      746.2    0.083
  23.614    1423     6575.4      747.4    0.085
  23.632    1424     6574.9      748.1    0.080
  23.648    1425     6578.0      746.0    0.075
  23.665    1426     6577.1      747.0    0.078
  23.682    1427     6575.9      748.8    0.074
  23.700    1428     6575.2      750.9    0.075
  23.716    1429     6574.1      752.3    0.242
  23.733    1430     6573.6      753.0    0.094
  23.750    1431     6572.5      753.9    0.118
  23.767    1432     6575.9      752.4    0.091
  23.784    1433     6577.8      751.2    0.085
  23.801    1434     6582.1      749.8    0.085
  23.819    1435     6585.5      748.4    0.081
  23.835    1436     6588.7      745.2    0.075
  23.852    1437     6602.2      747.0    0.074
  23.871    1438     6605.4      744.6    0.075
  23.887    1439     6608.8      741.8    0.073
  23.904    1440     6611.1      739.9    0.084
  23.922    1441     6613.5      738.6    0.464
  23.938    1442     6615.5      737.7    0.099
  23.955    1443     6612.9      738.9    0.093
  23.971    1444     6614.8      737.5    0.086
  23.988    1445     6616.7      736.7    0.086
  24.005    1446     6617.8      734.6    0.089
  24.022    1447     6620.1      733.6    0.116
  24.039    1448     6618.0      735.1    0.084
  24.056    1449     6619.3      733.8    0.086
  24.072    1450     6632.1      737.5    0.084
  24.089    1451     6633.4      737.1    0.082
  24.106    1452     6635.4      736.0    0.086
  24.122    1453     6637.3      733.8    0.111
  24.140    1454     6639.4      732.9    0.084
  24.156    1455     6641.5      731.8    0.084
  24.176    1456     6642.5      730.1    0.085
  24.193    1457     6645.1      728.8    0.082
  24.211    1458     6647.6      727.8    0.084
  24.228    1459     6649.5      727.1    0.082
  24.244    1460     6650.2      724.7    0.083
  24.261    1461     6651.1      723.7    0.105
  24.279    1462     6653.1      723.3    0.088
  24.297    1463     6654.1      723.1    0.084
  24.313    1464     6657.1      721.9    0.084
  24.330    1465     6658.4      720.5    0.110
  24.347    1466     6655.8      722.4    0.084
  24.365    1467     6652.5      723.9    0.097
  24.383    1468     6649.7      725.2    0.086
  24.399    1469     6646.3      726.6    0.086
  24.417    1470     6647.5      724.9    0.085
  24.435    1471     6648.6      723.3    0.083
  24.452    1472     6649.6      721.9    0.075
  24.469    1473     6651.1      721.2    0.075
  24.485    1474     6652.9      720.2    0.074
  24.502    1475     6655.0      718.3    0.073
  24.521    1476     6655.7      715.9    0.089
  24.537    1477     6656.9      714.3    0.083
  24.554    1478     6657.8      712.4    0.122
  24.571    1479     6659.7      709.6    0.085
  24.589    1480     6662.1      708.1    0.088
  24.606    1481     6662.7      707.4    0.085
  24.624    1482     6663.5      706.6    0.082
  24.643    1483     6664.8      705.7    0.093
  24.661    1484     6666.8      705.2    0.089
  24.678    1485     6669.0      704.2    0.088
  24.696    1486     6669.4      703.4    0.084
  24.712    1487     6670.6      702.0    0.086
  24.731    1488     6671.8      701.4    0.102
  24.747    1489     6671.9      699.6    0.103
  24.764    1490     6673.8      698.9    0.091
  24.783    1491     6674.4      697.5    0.103
  24.799    1492     6675.4      695.8    0.092
  24.815    1493     6671.2      697.9    0.085
  24.835    1494     6671.5      696.7    0.076
  24.851    1495     6672.6      695.8    0.076
  24.868    1496     6673.1      696.0    0.076
  24.886    1497     6674.2      694.8    0.075
  24.904    1498     6676.3      693.8    0.105
  24.922    1499     6678.6      692.7    0.089
  24.940    1500     6680.3      691.3    0.082
  24.960    1501     6682.1      690.9    0.090
  24.976    1502     6682.4      690.7    0.083
  24.995    1503     6682.8      690.1    0.082
  25.011    1504     6683.3      689.5    0.085
  25.029    1505     6684.1      689.8    0.082
  25.045    1506     6684.7      688.3    0.084
  25.062    1507     6686.0      687.0    0.084
  25.081    1508     6687.9      686.4    0.083
  25.097    1509     6689.1      684.6    0.080
  25.115    1510     6691.1      681.8    0.087
  25.133    1511     6691.4      682.5    0.084
  25.151    1512     6696.3      684.2    0.082
  25.167    1513     6695.4      682.2    0.084
  25.184    1514     6696.2      682.4    0.083
  25.201    1515     6696.9      682.3    0.082
  25.220    1516     6697.3      681.5    0.085
  25.237    1517     6697.7      681.3    0.081
  25.255    1518     6697.5      679.9    0.100
  25.271    1519     6698.1      679.7    0.089
  25.290    1520     6700.7      680.5    0.088
  25.306    1521     6700.2      680.2    0.130
  25.323    1522     6701.2      679.7    0.089
  25.341    1523     6701.8      679.0    0.085
  25.360    1524     6702.7      677.3    0.107
  25.375    1525     6702.9      677.6    0.091
  25.392    1526     6702.5      676.7    0.084
  25.411    1527     6702.0      675.5    0.086
  25.429    1528     6703.1      675.3    0.086
  25.445    1529     6702.9      674.4    0.088
  25.462    1530     6703.2      673.7    0.111
  25.480    1531     6703.4      674.0    0.099
  25.498    1532     6703.6      673.3    0.091
  25.517    1533     6704.0      672.9    0.118
  25.533    1534     6703.3      673.4    0.098
  25.550    1535     6703.2      673.6    0.101
  25.567    1536     6704.8      674.7    0.100
  25.586    1537     6706.0      675.5    0.130
  25.604    1538     6706.0      674.9    0.107
  25.619    1539     6706.1      674.7    0.088
  25.636    1540     6705.8      674.3    0.086
  25.653    1541     6706.6      675.1    0.075
  25.670    1542     6707.6      675.0    0.085
  25.686    1543     6706.9      674.3    0.078
  25.703    1544     6707.3      675.2    0.076
  25.721    1545     6706.8      673.8    0.148
  25.737    1546     6706.7      673.6    0.123
  25.753    1547     6706.9      673.9    0.093
  25.769    1548     6707.7      674.1    0.094
  25.785    1549     6707.6      674.5    0.086
  25.802    1550     6707.7      674.1    0.106
  25.821    1551     6708.1      673.4    0.084
  25.837    1552     6708.5      673.3    0.075
  25.854    1553     6709.1      673.1    0.076
  25.872    1554     6709.2      672.6    0.077
  25.888    1555     6709.1      673.2    0.075
  25.905    1556     6709.3      674.0    0.075
  25.924    1557     6713.8      675.4    0.090
  25.940    1558     6713.4      676.1    0.083
  25.957    1559     6713.1      676.7    0.082
  25.974    1560     6712.0      676.9    0.084
  25.991    1561     6711.5      675.8    0.083
  26.008    1562     6707.6      677.5    0.085
  26.024    1563     6708.6      677.6    0.082
  26.043    1564     6709.3      676.7    0.082
  26.062    1565     6710.2      677.0    0.106
  26.079    1566     6709.3      676.3    0.089
  26.097    1567     6710.2      675.8    0.083
  26.115    1568     6711.2      674.4    0.124
  26.133    1569     6712.1      674.3    0.102
  26.151    1570     6713.3      673.4    0.135
  26.169    1571     6712.9      672.7    0.091
  26.185    1572     6713.1      673.3    0.112
  26.202    1573     6713.9      673.2    0.115
  26.220    1574     6714.7      673.5    0.087
  26.240    1575     6714.3      673.2    0.075
  26.256    1576     6713.8      671.4    0.091
  26.274    1577     6714.5      670.8    0.081
  26.290    1578     6714.6      671.1    0.078
  26.308    1579     6714.7      672.2    0.084
  26.324    1580     6715.3      672.5    0.097
  26.341    1581     6716.1      673.1    0.087
  26.358    1582     6716.6      673.5    0.135
  26.377    1583     6717.1      673.5    0.113
  26.395    1584     6717.3      673.8    0.089
  26.412    1585     6716.1      672.8    0.090
  26.429    1586     6716.2      671.9    0.082
  26.447    1587     6716.7      671.5    0.084
  26.463    1588     6717.2      671.6    0.085
  26.480    1589     6717.4      671.1    0.090
  26.498    1590     6717.8      670.9    0.125
  26.515    1591     6718.0      670.4    0.099
  26.532    1592     6718.1      670.1    0.086
  26.549    1593     6719.5      669.8    0.083
  26.566    1594     6720.5      669.3    0.113
  26.584    1595     6722.1      668.4    0.087
  26.605    1596     6723.5      667.5    0.084
  26.622    1597     6724.1      667.5    0.123
  26.640    1598     6725.2      668.1    0.086
  26.656    1599     6725.6      668.1    0.084
  26.675    1600     6725.4      667.6    0.085
  26.693    1601     6724.9      666.9    0.092
  26.709    1602     6722.1      670.2    0.084
  26.727    1603     6717.7      672.1    0.090
  26.744    1604     6718.7      671.6    0.085
  26.762    1605     6719.6      671.2    0.088
  26.782    1606     6715.6      674.4    0.111
  26.800    1607     6712.4      677.9    0.085
  26.816    1608     6708.5      679.6    0.085
  26.834    1609     6708.8      679.4    0.109
  26.850    1610     6709.2      679.1    0.114
  26.867    1611     6710.9      678.3    0.085
  26.884    1612     6711.3      677.4    0.087
  26.903    1613     6712.0      677.6    0.081
  26.919    1614     6712.3      676.7    0.087
  26.936    1615     6713.5      676.8    0.085
  26.953    1616     6714.3      677.0    0.082
  26.971    1617     6715.1      677.4    0.081
  26.987    1618     6715.2      677.3    0.090
  27.004    1619     6715.7      676.3    0.082
  27.022    1620     6716.9      675.5    0.110
  27.040    1621     6717.9      674.9    0.082
  27.056    1622     6717.6      674.4    0.082
  27.074    1623     6717.5      674.4    0.107
  27.092    1624     6718.1      673.3    0.081
  27.110    1625     6718.8      671.6    0.105
  27.126    1626     6719.3      672.5    0.109
  27.143    1627     6716.6      674.2    0.085
  27.160    1628     6716.6      673.3    0.082
  27.177    1629     6715.7      672.9    0.084
  27.194    1630     6716.2      673.5    0.112
  27.211    1631     6716.1      673.0    0.085
  27.228    1632     6717.1      672.6    0.085
  27.244    1633     6714.1      675.3    0.081
  27.263    1634     6710.0      677.7    0.106
  27.282    1635     6705.8      679.3    0.112
  27.299    1636     6706.1      678.7    0.086
  27.316    1637     6707.8      678.3    0.085
  27.333    1638     6709.4      678.1    0.093
  27.349    1639     6710.4      677.4    0.086
  27.365    1640     6711.1      677.2    0.097
  27.382    1641     6712.3      675.9    0.111
  27.398    1642     6713.4      675.2    0.116
  27.415    1643     6709.4      676.9    0.092
  27.434    1644     6705.7      678.3    0.088
  27.451    1645     6701.7      680.3    0.083
  27.469    1646     6699.2      683.3    0.084
  27.485    1647     6695.9      685.4    0.082
  27.501    1648     6696.9      684.8    0.085
  27.517    1649     6696.6      683.4    0.084
  27.534    1650     6696.1      682.9    0.085
  27.551    1651     6697.0      682.0    0.082
  27.568    1652     6698.6      682.2    0.083
  27.585    1653     6698.5      681.8    0.104
  27.602    1654     6699.7      680.4    0.080
  27.619    1655     6700.6      680.0    0.081
  27.635    1656     6701.2      678.8    0.082
  27.652    1657     6700.7      677.5    0.090
  27.671    1658     6700.8      677.2    0.085
  27.689    1659     6701.4      676.7    0.082
  27.706    1660     6699.0      680.0    0.105
  27.724    1661     6694.9      683.4    0.092
  27.742    1662     6690.6      684.4    0.087
  27.760    1663     6690.0      683.7    0.082
  27.776    1664     6690.6      683.0    0.084
  27.795    1665     6687.5      685.8    0.080
  27.811    1666     6688.6      684.9    0.083
  27.829    1667     6690.6      684.9    0.085
  27.845    1668     6691.8      685.3    0.082
  27.863    1669     6693.1      685.1    0.083
  27.881    1670     6693.3      684.5    0.081
  27.899    1671     6693.8      684.1    0.081
  27.915    1672     6694.5      683.6    0.085
  27.932    1673     6694.5      683.0    0.083
  27.950    1674     6694.8      682.9    0.102
  27.968    1675     6694.0      682.9    0.085
  27.986    1676     6694.2      680.9    0.100
  28.002    1677     6694.8      681.5    0.082
  28.021    1678     6694.7      680.5    0.084
  28.038    1679     6694.6      679.5    0.108
  28.056    1680     6690.9      680.8    0.083
  28.072    1681     6693.4      680.0    0.083
  28.090    1682     6690.6      683.2    0.082
  28.106    1683     6691.5      684.4    0.102
  28.123    1684     6692.8      684.3    0.088
  28.142    1685     6693.7      684.3    0.081
  28.161    1686     6694.6      683.6    0.083
  28.179    1687     6694.3      682.5    0.083
  28.195    1688     6690.2      684.9    0.081
  28.212    1689     6690.9      683.4    0.080
  28.231    1690     6691.1      682.3    0.083
  28.247    1691     6693.2      681.7    0.080
  28.266    1692     6695.0      680.8    0.106
  28.283    1693     6697.2      680.3    0.086
  28.301    1694     6697.9      679.3    0.081
  28.319    1695     6700.3      679.1    0.083
  28.335    1696     6700.5      678.3    0.085
  28.354    1697     6702.1      677.9    0.141
  28.371    1698     6703.1      676.8    0.102
  28.389    1699     6704.2      676.6    0.086
  28.405    1700     6705.1      675.0    0.083
  28.421    1701     6704.8      675.7    0.086
  28.438    1702     6705.1      676.6    0.092
  28.457    1703     6705.3      676.4    0.085
  28.473    1704     6706.6      676.5    0.087
  28.491    1705     6707.0      675.5    0.075
  28.509    1706     6726.8      650.3    0.074
  28.525    1707     6723.8      652.8    0.081
  28.543    1708     6719.8      655.3    0.074
  28.562    1709     6715.9      658.1    0.072
  28.579    1710     6721.3      660.2    0.090
  28.596    1711     6716.4      662.9    0.084
  28.613    1712     6716.2      663.0    0.082
  28.631    1713     6716.3      664.0    0.083
  28.649    1714     6715.6      663.0    0.094
  28.666    1715     6711.6      665.3    0.094
  28.682    1716     6711.7      664.3    0.087
  28.699    1717     6712.1      664.9    0.082
  28.717    1718     6712.2      664.1    0.085
  28.734    1719     6713.1      663.6    0.134
  28.750    1720     6713.6      663.7    0.119
  28.767    1721     6710.4      666.8    0.102
  28.783    1722     6712.7      671.6    0.084
  28.802    1723     6708.4      673.9    0.077
  28.820    1724     6705.5      675.8    0.077
  28.836    1725     6702.7      678.1    0.079
  28.853    1726     6704.0      678.9    0.077
  28.869    1727     6702.3      681.0    0.100
  28.888    1728     6699.9      682.9    0.084
  28.904    1729     6700.8      682.4    0.083
  28.923    1730     6700.9      681.6    0.085
  28.938    1731     6701.1      681.3    0.084
  28.954    1732     6701.0      680.8    0.083
  28.971    1733     6702.1      681.0    0.089
  28.987    1734     6702.5      680.3    0.084
  29.004    1735     6699.8      682.7    0.086
  29.022    1736     6701.3      682.1    0.085
  29.038    1737     6701.5      681.1    0.087
  29.055    1738     6699.0      683.1    0.082
  29.072    1739     6698.8      682.6    0.088
  29.091    1740     6704.0      683.4    0.085
  29.108    1741     6704.2      683.4    0.084
  29.125    1742     6704.0      682.5    0.084
  29.141    1743     6704.2      681.7    0.083
  29.158    1744     6704.9      680.5    0.081
  29.175    1745     6703.2      683.4    0.086
  29.194    1746     6714.8      688.4    0.083
  29.210    1747     6715.5      687.7    0.083
  29.228    1748     6710.4      690.4    0.083
  29.245    1749     6709.7      690.3    0.081
  29.263    1750     6710.7      689.8    0.101
  29.278    1751     6710.8      690.2    0.133
  29.295    1752     6710.7      689.7    0.085
  29.314    1753     6709.3      689.1    0.084
  29.332    1754     6709.0      688.3    0.084
  29.348    1755     6709.7      688.7    0.086
  29.365    1756     6708.6      688.5    0.097
  29.383    1757     6708.1      688.1    0.096
  29.399    1758     6707.9      687.0    0.087
  29.416    1759     6708.4      687.4    0.085
  29.433    1760     6707.6      688.2    0.088
  29.452    1761     6706.9      688.7    0.083
  29.470    1762     6705.7      688.4    0.099
  29.486    1763     6705.2      689.1    0.087
  29.504    1764     6703.9      690.0    0.085
  29.521    1765     6708.8      692.8    0.155
  29.539    1766     6708.6      692.6    0.099
  29.555    1767     6712.5      694.9    0.093
  29.574    1768     6716.7      698.2    0.087
  29.593    1769     6720.9      700.9    0.079
  29.610    1770     6720.0      701.4    0.075
  29.628    1771     6718.9      702.2    0.076
  29.646    1772     6717.3      702.4    0.076
  29.662    1773     6716.2      701.9    0.084
  29.679    1774     6714.5      701.7    0.096
  29.696    1775     6712.7      701.4    0.088
  29.713    1776     6713.1      701.8    0.088
  29.733    1777     6713.5      702.1    0.086
  29.751    1778     6713.0      701.6    0.082
  29.769    1779     6712.4      702.5    0.087
  29.787    1780     6711.5      702.4    0.118
  29.803    1781     6711.5      702.9    0.082
  29.820    1782     6711.1      703.1    0.085
  29.836    1783     6711.5      703.5    0.086
  29.853    1784     6710.0      703.9    0.082
  29.872    1785     6709.2      704.1    0.090
  29.888    1786     6708.8      705.0    0.084
  29.905    1787     6707.5      705.8    0.081
  29.922    1788     6707.1      706.1    0.087
  29.940    1789     6705.8      706.2    0.083
  29.957    1790     6704.5      706.1    0.085
  29.973    1791     6703.5      706.8    0.088
  29.992    1792     6702.5      707.6    0.082
  30.010    1793     6702.6      708.4    0.111
  30.026    1794     6701.2      708.1    0.111
  30.044    1795     6700.8      709.1    0.084
  30.062    1796     6701.1      709.3    0.109
  30.082    1797     6701.5      709.6    0.111
  30.098    1798     6701.4      710.5    0.111
  30.115    1799     6701.0      710.6    0.084
  30.132    1800     6700.6      711.6    0.084
  30.149    1801     6698.1      713.9    0.083
  30.167    1802     6694.5      715.2    0.083
  30.185    1803     6692.3      717.2    0.084
  30.203    1804     6689.6      719.3    0.116
  30.219    1805     6692.6      722.6    0.085
  30.238    1806     6691.9      723.2    0.110
  30.254    1807     6690.9      723.3    0.125
  30.272    1808     6690.6      723.3    0.090
  30.289    1809     6691.0      723.7    0.087
  30.305    1810     6690.9      723.9    0.081
  30.321    1811     6690.7      724.8    0.087
  30.340    1812     6690.1      724.0    0.086
  30.356    1813     6689.8      723.6    0.083
  30.374    1814     6689.5      722.2    0.124
  30.391    1815     6687.6      720.6    0.086
  30.412    1816     6685.6      718.9    0.090
  30.431    1817     6683.9      718.5    0.087
  30.447    1818     6684.7      717.7    0.083
  30.464    1819     6683.6      718.2    0.083
  30.481    1820     6683.1      718.3    0.086
  30.498    1821     6682.2      718.0    0.112
  30.515    1822     6682.0      718.4    0.082
  30.533    1823     6682.8      719.8    0.085
  30.551    1824     6682.9      720.2    0.116
  30.569    1825     6682.4      720.4    0.094
  30.586    1826     6680.9      721.1    0.120
  30.603    1827     6680.0      722.7    0.085
  30.620    1828     6678.9      723.2    0.086
  30.638    1829     6677.6      725.0    0.113
  30.654    1830     6675.9      725.8    0.112
  30.671    1831     6673.8      726.7    0.090
  30.688    1832     6671.8      728.8    0.090
  30.706    1833     6669.6      730.7    0.116
  30.723    1834     6668.9      730.0    0.090
  30.741    1835     6666.7      730.1    0.083
  30.759    1836     6664.3      731.9    0.083
  30.777    1837     6662.0      733.3    0.086
  30.796    1838     6659.9      734.1    0.080
  30.816    1839     6658.0      735.1    0.081
  30.835    1840     6656.3      736.9    0.083
  30.853    1841     6654.5      738.9    0.080
  30.869    1842     6652.3      740.3    0.080
  30.885    1843     6650.8      742.2    0.087
  30.902    1844     6650.9      742.5    0.080
  30.922    1845     6651.2      743.9    0.082
  30.940    1846     6650.6      744.3    0.082
  30.959    1847     6650.0      745.8    0.080
  30.981    1848     6649.3      746.8    0.083
  30.999    1849     6659.4      752.7    0.080
  31.016    1850     6655.8      753.6    0.162
  31.034    1851     6652.9      755.3    0.100
  31.055    1852     6650.1      756.8    0.099
  31.076    1853     6647.5      758.6    0.123
  31.093    1854     6645.7      760.5    0.113
  31.112    1855     6643.4      761.0    0.098
  31.129    1856     6641.2      762.7    0.091
  31.146    1857     6639.2      764.0    0.087
  31.164    1858     6637.4      765.6    0.094
  31.184    1859     6635.1      766.6    0.083
  31.199    1860     6633.1      768.2    0.096
  31.217    1861     6630.3      769.0    0.106
  31.233    1862     6631.2      769.2    0.084
  31.251    1863     6631.0      768.8    0.142
  31.267    1864     6630.3      767.4    0.148
  31.285    1865     6629.3      767.8    0.133
  31.303    1866     6628.5      768.2    0.094
  31.319    1867     6628.6      767.4    0.112
  31.336    1868     6627.1      767.8    0.092
  31.354    1869     6625.7      769.7    0.088
  31.375    1870     6624.2      770.1    0.107
  31.392    1871     6622.3      771.3    0.086
  31.408    1872     6623.5      771.1    0.090
  31.427    1873     6623.0      769.3    0.106
  31.444    1874     6623.8      768.1    0.099
  31.464    1875     6624.7      767.5    0.087
  31.482    1876     6626.1      766.8    0.089
  31.500    1877     6627.2      766.5    0.084
  31.519    1878     6627.0      764.8    0.081
  31.538    1879     6626.8      763.5    0.088
  31.554    1880     6627.4      761.5    0.083
  31.570    1881     6639.3      764.4    0.083
  31.590    1882     6640.7      763.6    0.091
  31.609    1883     6642.1      762.4    0.082
  31.626    1884     6644.4      760.9    0.087
  31.643    1885     6642.6      761.2    0.085
  31.658    1886     6641.3      761.3    0.085
  31.675    1887     6643.3      759.5    0.086
  31.693    1888     6649.4      760.0    0.086
  31.713    1889     6651.3      758.6    0.089
  31.732    1890     6653.3      758.7    0.143
  31.750    1891     6655.0      758.5    0.096
  31.767    1892     6656.6      757.7    0.093
  31.785    1893     6656.6      756.2    0.097
  31.801    1894     6653.6      757.3    0.086
  31.819    1895     6649.3      759.4    0.089
  31.836    1896     6645.2      762.3    0.087
  31.856    1897     6640.9      764.0    0.087
  31.875    1898     6643.3      768.4    0.091
  31.892    1899     6645.5      773.1    0.086
  31.909    1900     6641.6      776.7    0.090
  31.925    1901     6636.7      780.1    0.088
  31.943    1902     6659.1      751.9    0.086
  31.959    1903     6662.0      750.6    0.090
  31.980    1904     6664.8      749.4    0.088
  31.997    1905     6667.4      747.9    0.085
  32.014    1906     6669.7      744.8    0.107
  32.032    1907     6667.3      746.4    0.108
  32.050    1908     6664.9      747.6    0.090
  32.067    1909     6662.9      748.0    0.089
  32.085    1910     6660.9      748.3    0.088
  32.100    1911     6654.6      751.3    0.084
  32.117    1912     6651.9      751.0    0.083
  32.136    1913     6653.8      753.6    0.086
  32.151    1914     6651.1      754.5    0.084
  32.168    1915     6648.8      755.9    0.085
  32.185    1916     6651.6      753.5    0.086
  32.203    1917     6647.9      756.7    0.083
  32.223    1918     6644.2      759.4    0.102
  32.239    1919     6639.9      762.9    0.090
  32.256    1920     6638.2      764.0    0.110
  32.274    1921     6637.3      765.0    0.124
  32.291    1922     6635.2      765.6    0.088
  32.309    1923     6633.1      766.7    0.077
  32.325    1924     6632.0      768.0    0.096
  32.343    1925     6629.2      767.9    0.081
  32.364    1926     6626.6      767.9    0.090
  32.387    1927     6624.0      768.0    0.093
  32.405    1928     6619.8      769.4    0.083
  32.423    1929     6617.0      772.5    0.084
  32.440    1930     6616.2      772.6    0.085
  32.457    1931     6615.4      772.6    0.088
  32.473    1932     6612.1      775.2    0.083
  32.491    1933     6609.2      777.4    0.085
  32.509    1934     6605.8      779.3    0.082
  32.527    1935     6604.8      779.6    0.085
  32.543    1936     6602.1      780.8    0.082
  32.561    1937     6599.3      782.3    0.096
  32.580    1938     6597.0      783.5    0.095
  32.597    1939     6594.8      785.2    0.083
  32.615    1940     6593.1      786.6    0.082
  32.633    1941     6590.6      787.6    0.081
  32.648    1942     6589.1      789.7    0.080
  32.666    1943     6586.0      792.3    0.080
  32.683    1944     6583.4      794.7    0.082
  32.699    1945     6580.3      797.5    0.082
  32.717    1946     6577.3      799.3    0.081
  32.733    1947     6573.8      800.0    0.094
  32.751    1948     6571.2      801.4    0.084
  32.769    1949     6568.8      802.5    0.083
  32.786    1950     6566.2      804.5    0.085
  32.803    1951     6568.1      803.8    0.082
  32.821    1952     6566.3      803.9    0.079
  32.839    1953     6564.1      805.2    0.081
  32.857    1954     6561.6      805.5    0.079
  32.875    1955     6558.8      806.8    0.081
  32.891    1956     6557.9      807.7    0.084
  32.907    1957     6557.6      809.3    0.081
  32.925    1958     6556.6      810.1    0.081
  32.943    1959     6555.1      811.4    0.088
  32.961    1960     6553.2      813.1    0.082
  32.977    1961     6552.5      812.8    0.085
  32.995    1962     6549.6      813.8    0.081
  33.015    1963     6546.6      814.4    0.082
  33.033    1964     6544.2      815.8    0.084
  33.051    1965     6542.3      817.9    0.081
  33.066    1966     6542.7      817.4    0.079
  33.083    1967     6541.2      818.3    0.082
  33.103    1968     6539.4      820.2    0.081
  33.119    1969     6537.5      821.9    0.082
  33.138    1970     6535.6      823.6    0.082
  33.159    1971     6533.9      825.8    0.081
  33.178    1972     6532.0      827.0    0.089
  33.193    1973     6529.9      827.9    0.085
  33.211    1974     6528.2      830.2    0.081
  33.231    1975     6526.2      830.8    0.083
  33.247    1976     6524.5      831.7    0.082
  33.267    1977     6522.7      832.5    0.095
  33.284    1978     6521.0      834.4    0.087
  33.302    1979     6519.2      835.5    0.080
  33.320    1980     6517.6      836.1    0.081
  33.336    1981     6518.4      835.7    0.083
  33.353    1982     6516.3      836.2    0.083
  33.374    1983     6514.2      837.4    0.124
  33.389    1984     6512.6      837.8    0.095
  33.407    1985     6510.9      838.3    0.087
  33.427    1986     6509.3      838.4    0.083
  33.444    1987     6507.0      839.5    0.087
  33.463    1988     6505.9      839.2    0.084
  33.479    1989     6506.7      838.4    0.097
  33.496    1990     6507.1      837.5    0.082
  33.517    1991     6507.4      835.9    0.090
  33.535    1992     6507.9      835.5    0.086
  33.555    1993     6508.6      835.7    0.084
  33.573    1994     6509.4      835.2    0.082
  33.593    1995     6510.2      834.9    0.084
  33.614    1996     6510.8      833.7    0.083
  33.633    1997     6511.4      832.3    0.082
  33.651    1998     6512.5      831.8    0.092
  33.668    1999     6513.0      831.2    0.087
  33.689    2000     6513.4      829.4    0.088
  33.709    2001     6514.6      828.1    0.085
  33.730    2002     6515.9      827.0    0.085
  33.748    2003     6517.2      826.4    0.082
  33.766    2004     6518.3      826.3    0.081
  33.784    2005     6518.6      825.4    0.084
  33.804    2006     6519.4      824.7    0.084
  33.823    2007     6517.8      824.8    0.082
  33.840    2008     6527.9      829.5    0.083
  33.856    2009     6525.9      830.2    0.082
  33.873    2010     6524.4      831.3    0.081
  33.892    2011     6522.2      832.1    0.084
  33.910    2012     6521.3      832.9    0.081
  33.929    2013     6519.6      833.8    0.084
  33.944    2014     6517.7      835.1    0.081
  33.961    2015     6515.1      836.4    0.083
  33.979    2016     6515.1      837.0    0.084
  33.995    2017     6513.2      836.8    0.098
  34.013    2018     6512.0      838.1    0.081
  34.033    2019     6510.8      839.2    0.082
  34.051    2020     6509.6      839.7    0.083
  34.068    2021     6508.1      839.7    0.081
  34.085    2022     6506.5      840.6    0.091
  34.103    2023     6505.0      840.7    0.083
  34.119    2024     6504.6      841.6    0.084
  34.135    2025     6503.2      842.4    0.084
  34.155    2026     6501.6      842.9    0.082
  34.172    2027     6511.8      846.7    0.082
  34.192    2028     6521.8      850.6    0.083
  34.208    2029     6520.7      852.2    0.083
  34.227    2030     6519.5      852.2    0.081
  34.246    2031     6518.2      852.3    0.081
  34.265    2032     6516.4      853.0    0.094
  34.281    2033     6514.7      853.6    0.085
  34.299    2034     6513.8      855.0    0.084
  34.320    2035     6512.9      856.5    0.160
  34.339    2036     6512.0      857.1    0.093
  34.356    2037     6509.9      856.8    0.084
  34.377    2038     6507.9      856.9    0.125
  34.396    2039     6505.9      856.6    0.113
  34.413    2040     6504.3      857.3    0.091
  34.435    2041     6502.7      857.6    0.086
  34.455    2042     6501.3      858.6    0.104
  34.475    2043     6501.2      858.2    0.089
  34.496    2044     6501.0      857.4    0.092
  34.519    2045     6500.8      856.7    0.091
  34.537    2046     6500.7      856.6    0.086
  34.555    2047     6502.2      855.4    0.082
  34.574    2048     6503.8      855.8    0.082
  34.593    2049     6503.8      853.8    0.120
  34.608    2050     6501.7      854.4    0.083
  34.626    2051     6500.1      854.5    0.080
  34.643    2052     6506.5      855.6    0.082
  34.661    2053     6508.6      855.1    0.085
  34.679    2054     6508.0      856.0    0.092
  34.697    2055     6509.1      855.3    0.086
  34.715    2056     6509.4      854.8    0.086
  34.732    2057     6508.9      854.4    0.138
  34.749    2058     6507.2      855.4    0.091
  34.769    2059     6505.5      856.3    0.085
  34.787    2060     6503.4      856.8    0.086
  34.805    2061     6501.4      857.0    0.084
  34.821    2062     6501.0      858.3    0.091
  34.837    2063     6500.2      859.4    0.084
  34.857    2064     6499.3      859.6    0.083
  34.877    2065     6502.1      862.9    0.082
  34.893    2066     6501.9      865.1    0.081
  34.913    2067     6502.2      867.2    0.080
  34.929    2068     6503.0      868.8    0.082
  34.947    2069     6503.3      870.0    0.086
  34.965    2070     6501.7      870.3    0.082
  34.981    2071     6501.3      871.8    0.094
  35.001    2072     6500.9      872.4    0.086
  35.020    2073     6498.7      872.4    0.085
  35.041    2074     6498.3      873.0    0.087
  35.060    2075     6498.2      873.5    0.082
  35.081    2076     6497.7      873.5    0.094
  35.099    2077     6496.7      873.7    0.086
  35.115    2078     6496.8      874.4    0.081
  35.135    2079     6496.9      874.7    0.085
  35.155    2080     6497.0      874.9    0.081
  35.175    2081     6497.1      875.0    0.082
  35.193    2082     6497.7      875.3    0.084
  35.213    2083     6498.2      874.7    0.080
  35.235    2084     6498.8      874.3    0.083
  35.253    2085     6498.3      873.5    0.095
  35.271    2086     6497.3      873.2    0.084
  35.292    2087     6496.3      873.1    0.083
  35.312    2088     6497.8      873.7    0.083
  35.331    2089     6499.2      874.1    0.091
  35.351    2090     6498.6      873.9    0.087
  35.369    2091     6499.2      874.6    0.090
  35.387    2092     6498.2      873.9    0.084
  35.403    2093     6498.3      874.7    0.100
  35.425    2094     6498.3      875.2    0.090
  35.442    2095     6497.4      875.9    0.088
  35.459    2096     6496.6      876.7    0.114
  35.475    2097     6499.2      874.8    0.082
  35.494    2098     6497.5      876.3    0.098
  35.514    2099     6497.0      877.8    0.202
  35.530    2100     6495.0      878.3    0.101
  35.546    2101     6494.2      878.8    0.114
  35.564    2102     6490.9      878.7    0.086
  35.584    2103     6487.8      879.2    0.087
  35.602    2104     6485.6      878.5    0.075
  35.618    2105     6485.6      879.5    0.073
  35.635    2106     6483.9      880.4    0.095
  35.654    2107     6482.2      881.2    0.083
  35.670    2108     6485.3      879.6    0.082
  35.689    2109     6488.8      878.4    0.129
  35.705    2110     6487.4      879.3    0.090
  35.724    2111     6486.8      881.0    0.086
  35.739    2112     6485.0      881.7    0.088
  35.757    2113     6483.9      882.8    0.081
  35.774    2114     6483.6      883.2    0.081
  35.790    2115     6491.3      882.8    0.087
  35.807    2116     6490.7      883.7    0.081
  35.826    2117     6489.5      883.1    0.118
  35.842    2118     6489.3      883.3    0.086
  35.859    2119     6489.1      883.6    0.086
  35.876    2120     6488.5      883.8    0.083
  35.893    2121     6491.6      880.9    0.081
  35.910    2122     6490.7      881.7    0.080
  35.926    2123     6489.9      882.9    0.081
  35.945    2124     6490.0      883.5    0.085
  35.961    2125     6488.7      884.9    0.081
  35.978    2126     6488.8      885.1    0.082
  35.997    2127     6489.0      885.8    0.081
  36.013    2128     6492.2      883.1    0.086
  36.030    2129     6491.4      883.4    0.081
  36.047    2130     6490.3      884.1    0.093
  36.064    2131     6489.8      884.2    0.082
  36.080    2132     6488.6      884.2    0.081
  36.096    2133     6487.6      885.9    0.082
  36.113    2134     6486.9      886.3    0.080
  36.132    2135     6485.8      887.1    0.078
  36.148    2136     6485.3      887.7    0.083
  36.165    2137     6484.6      888.0    0.081
  36.181    2138     6483.3      889.2    0.080
  36.198    2139     6483.4      889.3    0.082
  36.217    2140     6482.5      889.0    0.078
  36.233    2141     6481.3      889.1    0.107
  36.249    2142     6481.2      889.8    0.091
  36.266    2143     6481.6      890.1    0.097
  36.283    2144     6480.9      890.8    0.084
  36.299    2145     6479.6      891.2    0.085
  36.316    2146     6478.0      891.0    0.081
  36.334    2147     6476.8      892.0    0.086
  36.350    2148     6479.8      890.3    0.083
  36.367    2149     6479.1      890.8    0.124
  36.384    2150     6477.8      891.0    0.093
  36.401    2151     6477.7      891.0    0.087
  36.419    2152     6477.8      891.7    0.082
  36.436    2153     6475.5      891.9    0.085
  36.453    2154     6478.1      889.6    0.082
  36.469    2155     6478.2      889.9    0.080
  36.488    2156     6482.1      888.0    0.085
  36.506    2157     6486.1      886.5    0.084
  36.524    2158     6489.3      884.7    0.085
  36.539    2159     6492.0      883.2    0.083
  36.559    2160     6494.8      882.0    0.088
  36.575    2161     6497.4      879.7    0.082
  36.594    2162     6495.2      880.7    0.083
  36.615    2163     6492.9      880.7    0.083
  36.633    2164     6495.6      877.7    0.081
  36.649    2165     6495.0      878.0    0.084
  36.666    2166     6494.2      878.7    0.081
  36.683    2167     6497.2      877.2    0.082
  36.700    2168     6495.5      877.2    0.081
  36.719    2169     6493.8      877.9    0.086
  36.735    2170     6494.8      876.5    0.097
  36.753    2171     6496.7      874.9    0.085
  36.769    2172     6495.0      876.2    0.083
  36.786    2173     6494.9      877.1    0.084
  36.805    2174     6495.3      879.0    0.082
  36.821    2175     6494.0      879.8    0.081
  36.838    2176     6493.7      880.5    0.086
  36.855    2177     6495.4      878.2    0.081
  36.872    2178     6503.7      873.8    0.084
  36.890    2179     6511.4      869.5    0.083
  36.906    2180     6513.9      867.6    0.081
  36.925    2181     6517.0      865.8    0.081
  36.941    2182     6519.2      864.7    0.086
  36.959    2183     6522.6      862.7    0.083
  36.975    2184     6520.8      863.5    0.081
  36.992    2185     6527.1      861.1    0.082
  37.009    2186     6527.0      862.5    0.087
  37.025    2187     6526.3      863.5    0.086
  37.042    2188     6524.9      864.8    0.104
  37.059    2189     6523.7      865.6    0.090
  37.076    2190     6523.4      866.9    0.084
  37.093    2191     6521.8      867.6    0.084
  37.110    2192     6528.8      864.0    0.082
  37.128    2193     6534.0      859.4    0.094
  37.145    2194     6531.7      860.2    0.087
  37.161    2195     6529.3      860.7    0.086
  37.180    2196     6527.9      863.0    0.081
  37.198    2197     6524.9      863.8    0.084
  37.214    2198     6523.7      864.6    0.081
  37.233    2199     6522.1      863.9    0.080
  37.249    2200     6520.7      865.0    0.090
  37.267    2201     6519.2      866.4    0.102
  37.283    2202     6518.5      867.1    0.090
  37.300    2203     6519.2      865.3    0.085
  37.320    2204     6519.8      863.0    0.083
  37.339    2205     6520.5      860.2    0.087
  37.355    2206     6518.2      860.2    0.083
  37.372    2207     6517.0      859.8    0.090
  37.388    2208     6520.4      857.3    0.091
  37.405    2209     6519.4      858.4    0.081
  37.422    2210     6516.5      858.6    0.082
  37.439    2211     6515.5      859.2    0.085
  37.456    2212     6513.6      858.8    0.083
  37.473    2213     6511.5      859.5    0.080
  37.491    2214     6509.1      860.2    0.081
  37.508    2215     6507.7      861.7    0.094
  37.526    2216     6505.3      861.8    0.087
  37.544    2217     6502.9      862.7    0.088
  37.562    2218     6502.1      865.0    0.082
  37.580    2219     6499.0      865.9    0.088
  37.597    2220     6497.4      866.3    0.086
  37.614    2221     6496.8      866.9    0.082
  37.630    2222     6494.9      868.0    0.081
  37.646    2223     6494.7      868.4    0.093
  37.665    2224     6495.7      869.3    0.083
  37.683    2225     6496.3      869.6    0.086
  37.699    2226     6495.7      869.9    0.081
  37.716    2227     6494.9      870.1    0.081
  37.734    2228     6494.1      870.9    0.141
  37.751    2229     6493.1      871.2    0.114
  37.769    2230     6492.7      872.0    0.079
  37.787    2231     6491.6      871.6    0.082
  37.805    2232     6492.7      870.2    0.076
  37.821    2233     6491.8      870.3    0.077
  37.838    2234     6491.3      870.3    0.119
  37.855    2235     6489.4      869.0    0.088
  37.872    2236     6488.6      868.4    0.083
  37.889    2237     6488.1      868.5    0.087
  37.910    2238     6487.7      868.5    0.090
  37.928    2239     6488.4      868.8    0.084
  37.947    2240     6488.3      868.6    0.087
  37.963    2241     6488.1      869.2    0.083
  37.981    2242     6487.1      869.3    0.081
  37.997    2243     6485.5      870.1    0.082
  38.014    2244     6486.2      869.4    0.086
  38.034    2245     6486.3      868.7    0.081
  38.052    2246     6486.5      869.0    0.088
  38.068    2247     6485.3      868.9    0.088
  38.085    2248     6483.4      869.9    0.082
  38.104    2249     6482.1      869.6    0.085
  38.120    2250     6482.9      870.2    0.082
  38.137    2251     6481.9      871.0    0.082
  38.155    2252     6480.9      871.2    0.082
  38.175    2253     6479.6      871.8    0.081
  38.193    2254     6477.4      872.6    0.082
  38.209    2255     6476.7      872.7    0.087
  38.226    2256     6475.8      873.6    0.081
  38.245    2257     6478.6      874.7    0.083
  38.261    2258     6478.2      875.9    0.097
  38.278    2259     6475.6      876.3    0.089
  38.294    2260     6473.9      875.5    0.083
  38.313    2261     6471.9      876.4    0.083
  38.329    2262     6471.4      877.1    0.082
  38.346    2263     6471.2      876.6    0.097
  38.363    2264     6472.9      874.3    0.088
  38.380    2265     6480.5      866.6    0.082
  38.402    2266     6487.8      859.1    0.083
  38.418    2267     6495.8      853.5    0.081
  38.436    2268     6503.4      848.0    0.081
  38.455    2269     6509.8      841.9    0.085
  38.473    2270     6516.8      836.6    0.081
  38.489    2271     6514.6      837.7    0.082
  38.506    2272     6513.1      839.0    0.079
  38.523    2273     6514.0      838.0    0.081
  38.541    2274     6511.6      838.6    0.086
  38.557    2275     6510.1      839.7    0.081
  38.573    2276     6511.8      842.4    0.082
  38.590    2277     6513.4      842.5    0.083
  38.607    2278     6516.0      841.6    0.088
  38.624    2279     6516.8      841.2    0.082
  38.642    2280     6518.6      840.0    0.084
  38.660    2281     6521.3      839.2    0.080
  38.676    2282     6519.8      839.5    0.089
  38.693    2283     6517.4      839.9    0.086
  38.712    2284     6515.0      841.4    0.084
  38.728    2285     6515.3      840.4    0.080
  38.744    2286     6515.5      840.5    0.086
  38.761    2287     6513.3      842.0    0.083
  38.777    2288     6513.8      840.4    0.080
  38.794    2289     6512.5      840.7    0.081
  38.813    2290     6513.8      839.6    0.080
  38.829    2291     6515.8      838.9    0.080
  38.846    2292     6522.7      840.0    0.083
  38.863    2293     6529.4      841.1    0.081
  38.880    2294     6530.3      839.5    0.081
  38.897    2295     6530.1      838.8    0.085
  38.913    2296     6527.5      840.2    0.080
  38.932    2297     6528.2      838.8    0.082
  38.948    2298     6528.4      837.7    0.083
  38.966    2299     6526.6      839.3    0.081
  38.983    2300     6524.8      841.3    0.080
  39.000    2301     6525.2      841.1    0.083
  39.017    2302     6523.7      842.9    0.079
  39.037    2303     6521.9      843.1    0.081
  39.053    2304     6520.6      844.8    0.081
  39.072    2305     6519.2      845.2    0.080
  39.088    2306     6519.1      843.1    0.084
  39.105    2307     6516.7      844.3    0.085
  39.122    2308     6513.9      845.3    0.080
  39.140    2309     6511.9      847.1    0.080
  39.158    2310     6519.6      851.5    0.083
  39.176    2311     6517.6      853.0    0.079
  39.195    2312     6514.7      855.0    0.084
  39.213    2313     6512.9      856.5    0.082
  39.229    2314     6511.1      858.2    0.080
  39.248    2315     6510.1      858.2    0.083
  39.264    2316     6507.2      858.8    0.091
  39.281    2317     6505.6      859.9    0.083
  39.298    2318     6503.8      860.9    0.084
  39.315    2319     6509.1      859.7    0.081
  39.332    2320     6521.9      848.9    0.082
  39.349    2321     6520.6      850.9    0.082
  39.369    2322     6519.2      852.6    0.088
  39.385    2323     6517.4      853.3    0.080
  39.404    2324     6515.6      853.8    0.080
  39.419    2325     6513.2      852.7    0.083
  39.437    2326     6514.8      850.4    0.081
  39.455    2327     6513.1      850.8    0.081
  39.471    2328     6514.0      849.8    0.080
  39.488    2329     6512.2      850.8    0.079
  39.505    2330     6510.8      852.3    0.082
  39.524    2331     6509.9      852.8    0.084
  39.542    2332     6507.4      854.7    0.084
  39.558    2333     6506.4      855.1    0.081
  39.575    2334     6504.9      855.8    0.081
  39.593    2335     6502.7      856.2    0.086
  39.611    2336     6500.6      855.7    0.081
  39.627    2337     6499.7      857.0    0.087
  39.644    2338     6503.1      855.2    0.083
  39.663    2339     6505.6      852.2    0.079
  39.680    2340     6508.6      849.7    0.079
  39.697    2341     6509.6      848.5    0.091
  39.715    2342     6507.3      849.7    0.084
  39.732    2343     6508.2      848.9    0.084
  39.748    2344     6505.8      849.2    0.088
  39.768    2345     6503.4      848.9    0.080
  39.785    2346     6502.7      850.0    0.084
  39.802    2347     6500.8      850.8    0.082
  39.818    2348     6500.6      851.1    0.084
  39.837    2349     6500.8      850.2    0.083
  39.853    2350     6500.1      848.3    0.082
  39.869    2351     6498.5      850.0    0.084
  39.886    2352     6497.5      851.2    0.081
  39.903    2353     6496.3      850.9    0.083
  39.919    2354     6495.2      851.0    0.080
  39.936    2355     6492.3      852.9    0.080
  39.953    2356     6490.5      854.6    0.087
  39.969    2357     6490.2      855.4    0.081
  39.986    2358     6491.1      854.3    0.080
  40.003    2359     6492.4      853.1    0.080
  40.019    2360     6491.6      853.2    0.079
  40.036    2361     6493.7      852.4    0.080
  40.053    2362     6493.2      853.6    0.082
  40.071    2363     6497.0      855.5    0.080
  40.088    2364     6496.4      856.5    0.079
  40.104    2365     6496.2      856.7    0.083
  40.123    2366     6496.1      856.5    0.080
  40.139    2367     6494.9      857.7    0.079
  40.158    2368     6493.6      859.1    0.081
  40.174    2369     6493.0      859.8    0.079
  40.192    2370     6491.7      860.6    0.078
  40.210    2371     6489.7      861.4    0.080
  40.228    2372     6488.2      861.9    0.079
  40.246    2373     6486.5      863.0    0.083
  40.264    2374     6485.6      863.4    0.100
  40.282    2375     6485.6      864.3    0.082
  40.297    2376     6485.2      865.7    0.085
  40.315    2377     6484.9      867.0    0.096
  40.333    2378     6488.1      868.9    0.087
  40.351    2379     6487.5      869.6    0.088
  40.369    2380     6488.1      867.9    0.095
  40.387    2381     6494.0      868.0    0.086
  40.403    2382     6496.9      865.6    0.086
  40.419    2383     6493.7      866.5    0.084
  40.436    2384     6491.0      866.7    0.084
  40.451    2385     6490.8      867.5    0.083
  40.470    2386     6489.2      867.1    0.080
  40.488    2387     6489.0      867.9    0.073
  40.504    2388     6490.7      866.1    0.075
  40.523    2389     6493.0      864.8    0.112
  40.539    2390     6492.4      865.2    0.106
  40.557    2391     6491.1      865.5    0.121
  40.573    2392     6489.1      865.4    0.092
  40.589    2393     6488.7      866.8    0.109
  40.607    2394     6487.9      868.2    0.095
  40.623    2395     6485.9      869.0    0.115
  40.640    2396     6483.5      870.5    0.089
  40.655    2397     6480.7      871.7    0.094
  40.674    2398     6477.9      873.0    0.079
  40.691    2399     6476.0      874.3    0.076
  40.708    2400     6474.1      874.6    0.078
  40.727    2401     6472.2      874.9    0.125
  40.742    2402     6473.7      872.9    0.103
  40.759    2403     6472.4      872.9    0.104
  40.776    2404     6474.6      871.4    0.085
  40.793    2405     6473.2      871.1    0.084
  40.810    2406     6475.2      869.8    0.089
  40.827    2407     6496.8      846.6    0.084
  40.844    2408     6495.6      847.7    0.083
  40.859    2409     6494.0      849.6    0.081
  40.876    2410     6491.4      850.3    0.074
  40.892    2411     6490.3      851.1    0.072
  40.909    2412     6488.8      852.5    0.086
  40.925    2413     6488.1      852.6    0.110
  40.942    2414     6486.3      853.8    0.081
  40.959    2415     6488.2      851.8    0.083
  40.976    2416     6490.7      849.9    0.088
  40.993    2417     6489.6      851.6    0.103
  41.011    2418     6487.9      851.8    0.082
  41.027    2419     6486.9      853.4    0.105
  41.045    2420     6485.3      853.9    0.102
  41.063    2421     6483.5      854.5    0.092
  41.080    2422     6481.2      854.6    0.088
  41.096    2423     6480.2      854.9    0.091
  41.111    2424     6478.5      856.2    0.086
  41.128    2425     6481.3      855.4    0.085
  41.146    2426     6479.2      856.5    0.085
  41.163    2427     6481.1      855.7    0.089
  41.179    2428     6481.2      856.4    0.079
  41.199    2429     6479.9      856.2    0.078
  41.215    2430     6481.6      855.0    0.075
  41.232    2431     6482.9      854.3    0.075
  41.249    2432     6481.7      855.8    0.100
  41.268    2433     6480.0      856.0    0.103
  41.286    2434     6478.6      856.5    0.088
  41.304    2435     6477.6      857.6    0.088
  41.321    2436     6479.8      856.2    0.087
  41.337    2437     6482.0      852.9    0.086
  41.355    2438     6480.6      852.9    0.123
  41.371    2439     6480.2      853.5    0.098
  41.388    2440     6482.7      852.0    0.079
  41.404    2441     6480.9      853.4    0.079
  41.421    2442     6479.2      854.7    0.104
  41.438    2443     6478.4      854.4    0.081
  41.455    2444     6476.7      854.5    0.110
  41.472    2445     6476.9      854.1    0.095
  41.489    2446     6475.5      855.1    0.092
  41.506    2447     6473.7      855.6    0.091
  41.524    2448     6472.4      855.6    0.154
  41.541    2449     6471.0      855.7    0.091
  41.559    2450     6469.0      855.8    0.095
  41.577    2451     6467.2      856.2    0.088
  41.593    2452     6465.9      857.6    0.087
  41.612    2453     6465.0      858.5    0.087
  41.628    2454     6465.0      858.7    0.086
  41.645    2455     6462.8      859.8    0.096
  41.663    2456     6462.0      860.1    0.092
  41.679    2457     6495.4      845.6    0.089
  41.699    2458     6517.1      820.1    0.088
  41.714    2459     6513.5      821.8    0.085
  41.731    2460     6511.0      822.8    0.086
  41.749    2461     6509.1      824.2    0.100
  41.766    2462     6507.4      825.2    0.087
  41.783    2463     6505.2      827.5    0.088
  41.799    2464     6503.4      829.4    0.088
  41.815    2465     6501.1      831.6    0.084
  41.832    2466     6503.5      834.6    0.085
  41.850    2467     6506.0      833.0    0.086
  41.869    2468     6508.2      831.3    0.085
  41.887    2469     6505.2      832.3    0.085
  41.902    2470     6504.5      833.6    0.086
  41.921    2471     6512.8      827.4    0.083
  41.937    2472     6510.5      829.2    0.083
  41.954    2473     6511.6      827.9    0.113
  41.973    2474     6513.9      825.8    0.089
  41.989    2475     6513.4      828.1    0.096
  42.006    2476     6514.7      826.4    0.089
  42.022    2477     6517.3      826.0    0.084
  42.040    2478     6519.7      824.1    0.083
  42.057    2479     6516.0      824.5    0.084
  42.073    2480     6514.8      826.0    0.081
  42.090    2481     6513.3      827.5    0.084
  42.109    2482     6511.1      828.4    0.085
  42.125    2483     6509.9      829.8    0.081
  42.142    2484     6509.8      830.8    0.082
  42.159    2485     6509.9      830.7    0.086
  42.176    2486     6512.0      829.6    0.085
  42.192    2487     6508.2      831.2    0.083
  42.211    2488     6505.1      832.3    0.083
  42.229    2489     6503.1      834.1    0.082
  42.248    2490     6501.2      836.5    0.083
  42.267    2491     6501.2      838.5    0.107
  42.282    2492     6499.9      838.8    0.086
  42.301    2493     6498.0      840.4    0.089
  42.316    2494     6496.4      841.7    0.085
  42.334    2495     6494.6      843.0    0.085
  42.351    2496     6492.4      843.4    0.088
  42.368    2497     6494.1      842.7    0.093
  42.385    2498     6492.1      844.4    0.084
  42.402    2499     6495.8      842.6    0.086
  42.418    2500     6495.5      843.9    0.087
  42.435    2501     6496.7      842.3    0.084
  42.453    2502     6498.3      840.8    0.083
  42.469    2503     6500.0      840.3    0.094
  42.485    2504     6498.9      841.5    0.086
  42.503    2505     6498.3      842.1    0.099
  42.519    2506     6497.6      843.6    0.089
  42.536    2507     6497.1      845.5    0.087
  42.554    2508     6494.9      847.6    0.088
  42.572    2509     6496.5      845.9    0.082
  42.588    2510     6497.2      846.3    0.082
  42.605    2511     6494.6      847.4    0.083
  42.622    2512     6496.7      845.9    0.106
  42.639    2513     6499.5      844.3    0.085
  42.657    2514     6501.6      842.6    0.085
  42.675    2515     6498.9      844.8    0.090
  42.691    2516     6500.2      844.0    0.091
  42.709    2517     6501.9      842.5    0.088
  42.725    2518     6499.7      843.6    0.085
  42.744    2519     6497.8      844.5    0.083
  42.760    2520     6496.9      845.9    0.083
  42.777    2521     6495.1      845.5    0.082
  42.797    2522     6494.4      845.8    0.082
  42.815    2523     6494.2      846.6    0.086
  42.834    2524     6494.1      847.6    0.082
  42.851    2525     6496.0      847.1    0.088
  42.868    2526     6496.5      845.8    0.084
  42.884    2527     6495.0      846.5    0.084
  42.903    2528     6493.8      847.3    0.086
  42.919    2529     6492.0      847.2    0.083
  42.939    2530     6497.9      841.7    0.083
  42.956    2531     6495.4      841.6    0.083
  42.974    2532     6494.1      843.0    0.081
  42.990    2533     6494.3      843.8    0.081
  43.008    2534     6494.5      845.5    0.082
  43.027    2535     6493.5      846.1    0.082
  43.043    2536     6500.2      846.7    0.118
  43.060    2537     6498.2      847.2    0.085
  43.077    2538     6499.2      845.8    0.081
  43.094    2539     6497.5      847.1    0.081
  43.114    2540     6494.8      848.6    0.084
  43.132    2541     6501.0      843.5    0.082
  43.149    2542     6507.2      839.7    0.082
  43.166    2543     6506.1      842.1    0.083
  43.183    2544     6503.2      843.4    0.086
  43.206    2545     6500.3      844.7    0.085
  43.225    2546     6497.4      845.3    0.085
  43.242    2547     6499.5      844.2    0.082
  43.259    2548     6498.3      844.5    0.099
  43.277    2549     6497.1      844.4    0.091
  43.293    2550     6496.3      846.5    0.087
  43.312    2551     6495.0      846.3    0.127
  43.328    2552     6495.1      848.0    0.085
  43.345    2553     6493.3      849.4    0.084
  43.364    2554     6491.8      850.4    0.096
  43.381    2555     6489.9      851.7    0.085
  43.397    2556     6488.6      852.5    0.084
  43.417    2557     6487.5      853.9    0.089
  43.433    2558     6489.8      852.4    0.078
  43.452    2559     6491.0      850.8    0.083
  43.470    2560     6493.1      849.0    0.077
  43.487    2561     6494.7      847.2    0.075
  43.504    2562     6496.3      846.0    0.091
  43.523    2563     6495.6      846.5    0.085
  43.539    2564     6500.2      848.4    0.084
  43.556    2565     6500.1      849.8    0.088
  43.573    2566     6498.9      851.0    0.085
  43.590    2567     6497.5      851.2    0.084
  43.608    2568     6496.1      852.9    0.085
  43.625    2569     6498.0      850.9    0.083
  43.641    2570     6496.3      852.3    0.085
  43.658    2571     6495.2      853.8    0.087
  43.677    2572     6492.9      853.4    0.082
  43.693    2573     6497.7      855.7    0.094
  43.710    2574     6495.9      856.9    0.090
  43.729    2575     6494.4      858.0    0.126
  43.745    2576     6492.1      859.2    0.091
  43.761    2577     6490.7      859.9    0.087
  43.778    2578     6489.8      861.0    0.092
  43.795    2579     6487.3      862.8    0.179
  43.812    2580     6489.5      861.0    0.107
  43.828    2581     6487.6      861.3    0.084
  43.845    2582     6485.6      862.1    0.077
  43.863    2583     6483.9      862.7    0.077
  43.879    2584     6482.2      863.3    0.077
  43.896    2585     6480.3      863.9    0.075
  43.913    2586     6489.7      868.9    0.118
  43.932    2587     6488.3      869.4    0.094
  43.950    2588     6486.9      870.3    0.091
  43.966    2589     6485.4      870.9    0.095
  43.983    2590     6484.5      871.1    0.089
  44.000    2591     6483.8      872.6    0.087
  44.017    2592     6486.0      871.2    0.086
  44.035    2593     6484.6      872.0    0.082
  44.052    2594     6483.0      873.0    0.081
  44.068    2595     6482.5      874.3    0.080
  44.085    2596     6481.4      874.4    0.079
  44.102    2597     6479.1      874.9    0.098
  44.121    2598     6476.7      875.2    0.097
  44.137    2599     6478.8      873.8    0.092
  44.154    2600     6477.2      874.7    0.091
  44.173    2601     6476.2      875.1    0.088
  44.191    2602     6479.9      877.8    0.089
  44.206    2603     6478.1      877.9    0.130
  44.224    2604     6475.9      877.1    0.082
  44.240    2605     6474.3      877.6    0.078
  44.257    2606     6473.0      878.3    0.098
  44.273    2607     6472.8      879.1    0.082
  44.291    2608     6472.5      879.9    0.079
  44.307    2609     6471.1      880.4    0.097
  44.324    2610     6469.1      880.6    0.085
  44.343    2611     6467.1      881.2    0.085
  44.361    2612     6465.8      882.2    0.092
  44.377    2613     6464.7      882.1    0.085
  44.397    2614     6463.5      882.1    0.078
  44.415    2615     6462.3      883.0    0.079
  44.435    2616     6461.1      883.7    0.103
  44.453    2617     6458.4      882.4    0.097
  44.471    2618     6457.2      882.6    0.099
  44.489    2619     6455.3      884.1    0.095
  44.508    2620     6453.3      884.0    0.094
  44.525    2621     6451.9      883.5    0.092
  44.543    2622     6450.9      883.9    0.079
  44.559    2623     6450.8      884.4    0.076
  44.575    2624     6451.1      884.8    0.077
  44.592    2625     6455.4      885.8    0.075
  44.611    2626     6461.6      885.5    0.088
  44.630    2627     6461.1      886.2    0.086
  44.649    2628     6460.3      886.7    0.094
  44.669    2629     6458.6      887.2    0.086
  44.688    2630     6457.7      888.5    0.082
  44.708    2631     6471.1      877.5    0.088
  44.725    2632     6475.2      880.7    0.089
  44.743    2633     6472.6      880.8    0.097
  44.761    2634     6471.1      880.6    0.087
  44.780    2635     6470.4      879.6    0.083
  44.798    2636     6469.7      879.0    0.081
  44.816    2637     6468.9      879.2    0.100
  44.832    2638     6467.1      879.2    0.092
  44.851    2639     6472.7      874.1    0.084
  44.869    2640     6478.2      869.7    0.082
  44.887    2641     6478.4      869.7    0.084
  44.905    2642     6479.2      870.3    0.088
  44.923    2643     6479.9      869.5    0.084
  44.941    2644     6479.0      869.8    0.083
  44.959    2645     6480.5      869.0    0.082
  44.977    2646     6479.8      869.0    0.080
  44.993    2647     6478.1      869.9    0.080
  45.014    2648     6476.3      870.4    0.081
  45.034    2649     6474.7      871.2    0.097
  45.050    2650     6472.5      871.9    0.113
  45.065    2651     6471.4      872.6    0.087
  45.083    2652     6469.9      873.2    0.082
  45.099    2653     6467.7      873.5    0.080
  45.118    2654     6465.6      872.9    0.080
  45.135    2655     6465.0      872.8    0.080
  45.155    2656     6464.5      872.8    0.085
  45.174    2657     6463.2      873.7    0.081
  45.193    2658     6461.9      874.0    0.080
  45.213    2659     6461.1      874.4    0.079
  45.228    2660     6464.5      872.1    0.083
  45.247    2661     6468.3      870.3    0.084
  45.264    2662     6471.1      869.3    0.101
  45.280    2663     6472.9      868.6    0.125
  45.297    2664     6471.4      868.2    0.086
  45.315    2665     6471.6      867.7    0.086
  45.333    2666     6471.1      867.6    0.106
  45.349    2667     6469.5      868.7    0.088
  45.367    2668     6468.0      870.5    0.098
  45.384    2669     6467.0      871.2    0.077
  45.401    2670     6470.2      873.5    0.075
  45.421    2671     6467.6      873.7    0.083
  45.438    2672     6465.0      873.9    0.077
  45.457    2673     6462.5      873.2    0.099
  45.475    2674     6461.5      873.4    0.085
  45.493    2675     6460.5      873.3    0.085
  45.513    2676     6459.5      873.4    0.093
  45.531    2677     6458.5      873.8    0.108
  45.549    2678     6457.4      874.5    0.154
  45.569    2679     6456.3      874.5    0.094
  45.587    2680     6455.1      874.3    0.085
  45.606    2681     6453.7      874.4    0.090
  45.624    2682     6452.1      874.8    0.087
  45.639    2683     6451.5      875.4    0.093
  45.658    2684     6451.0      876.8    0.089
  45.675    2685     6451.0      876.3    0.087
  45.693    2686     6451.1      876.2    0.084
  45.709    2687     6452.0      877.6    0.086
  45.725    2688     6452.1      877.9    0.084
  45.743    2689     6453.7      877.4    0.098
  45.760    2690     6452.8      876.8    0.095
  45.778    2691     6452.1      876.9    0.091
  45.795    2692     6451.0      877.7    0.085
  45.811    2693     6450.9      877.5    0.085
  45.827    2694     6451.1      877.4    0.081
  45.843    2695     6451.1      876.3    0.080
  45.860    2696     6451.2      875.7    0.082
  45.877    2697     6451.5      875.3    0.081
  45.893    2698     6450.6      875.3    0.084
  45.911    2699     6452.1      873.8    0.083
  45.929    2700     6452.3      873.2    0.084
  45.946    2701     6452.7      872.6    0.096
  45.966    2702     6453.2      872.1    0.086
  45.987    2703     6452.5      871.3    0.084
  46.005    2704     6451.8      869.9    0.080
  46.026    2705     6451.2      869.6    0.080
  46.044    2706     6451.3      869.5    0.084
  46.063    2707     6451.5      869.5    0.085
  46.080    2708     6449.7      869.6    0.083
  46.098    2709     6448.5      870.4    0.087
  46.116    2710     6448.5      870.7    0.083
  46.135    2711     6448.4      870.8    0.081
  46.155    2712     6448.5      871.4    0.079
  46.172    2713     6447.7      871.1    0.084
  46.189    2714     6447.1      872.4    0.080
  46.208    2715     6446.0      872.6    0.085
  46.224    2716     6445.0      873.2    0.081
  46.243    2717     6444.8      873.9    0.086
  46.260    2718     6444.5      874.4    0.124
  46.277    2719     6443.7      873.7    0.109
  46.293    2720     6443.8      874.9    0.088
  46.310    2721     6444.1      875.3    0.086
  46.329    2722     6444.8      876.0    0.083
  46.347    2723     6445.0      876.5    0.086
  46.363    2724     6445.3      875.9    0.097
  46.380    2725     6444.8      875.7    0.086
  46.397    2726     6444.5      875.9    0.082
  46.414    2727     6444.3      875.3    0.084
  46.430    2728     6453.0      869.5    0.091
  46.447    2729     6452.4      870.7    0.083
  46.463    2730     6452.7      871.8    0.099
  46.481    2731     6453.1      872.7    0.080
  46.499    2732     6453.0      872.3    0.075
  46.515    2733     6452.3      872.3    0.075
  46.532    2734     6480.6      838.8    0.073
  46.552    2735     6507.8      807.4    0.074
  46.569    2736     6507.0      809.7    0.088
  46.586    2737     6505.1      810.9    0.082
  46.603    2738     6503.3      811.4    0.087
  46.622    2739     6501.9      812.8    0.086
  46.640    2740     6501.7      814.0    0.083
  46.656    2741     6500.9      815.5    0.096
  46.675    2742     6499.8      817.0    0.089
  46.691    2743     6498.4      818.4    0.085
  46.708    2744     6497.5      818.9    0.085
  46.725    2745     6498.7      817.5    0.234
  46.742    2746     6497.9      818.3    0.120
  46.760    2747     6497.8      819.7    0.101
  46.778    2748     6498.2      820.5    0.088
  46.794    2749     6498.1      821.6    0.095
  46.814    2750     6496.4      821.2    0.087
  46.832    2751     6495.8      822.7    0.083
  46.852    2752     6494.9      823.9    0.081
  46.868    2753     6493.9      824.1    0.100
  46.885    2754     6492.9      824.4    0.085
  46.903    2755     6496.0      827.0    0.097
  46.919    2756     6495.7      827.7    0.091
  46.935    2757     6494.2      828.3    0.084
  46.952    2758     6493.3      828.8    0.085
  46.969    2759     6493.2      829.6    0.089
  46.986    2760     6497.2      831.4    0.083
  47.004    2761     6500.9      834.3    0.083
  47.023    2762     6504.7      836.6    0.089
  47.042    2763     6503.7      836.9    0.081
  47.059    2764     6502.7      838.0    0.085
  47.077    2765     6501.6      838.1    0.080
  47.093    2766     6502.7      838.7    0.081
  47.109    2767     6501.4      839.8    0.089
  47.126    2768     6500.9      840.8    0.082
  47.143    2769     6499.1      841.6    0.081
  47.159    2770     6497.5      842.9    0.086
  47.177    2771     6496.0      843.8    0.099
  47.195    2772     6494.6      844.7    0.087
  47.212    2773     6494.0      844.9    0.086
  47.232    2774     6494.2      845.0    0.083
  47.250    2775     6494.5      845.2    0.082
  47.269    2776     6494.8      845.7    0.107
  47.286    2777     6493.8      846.3    0.162
  47.303    2778     6493.9      846.6    0.086
  47.319    2779     6493.4      846.6    0.085
  47.336    2780     6492.8      847.2    0.083
  47.353    2781     6491.2      847.4    0.083
  47.368    2782     6489.2      848.3    0.091
  47.387    2783     6487.2      849.7    0.094
  47.403    2784     6487.2      850.0    0.121
  47.420    2785     6486.5      850.6    0.077
  47.436    2786     6485.9      851.4    0.073
  47.453    2787     6485.7      852.2    0.074
  47.471    2788     6485.5      853.4    0.089
  47.488    2789     6484.9      853.4    0.084
  47.507    2790     6483.9      853.4    0.254
  47.524    2791     6494.0      857.1    0.150
  47.540    2792     6503.9      861.7    0.095
  47.557    2793     6503.1      861.9    0.086
  47.574    2794     6503.2      862.9    0.134
  47.591    2795     6503.4      864.0    0.094
  47.609    2796     6505.3      862.8    0.080
  47.625    2797     6504.5      863.6    0.080
  47.642    2798     6504.0      863.4    0.076
  47.658    2799     6502.1      862.6    0.110
  47.677    2800     6501.7      862.1    0.090
  47.693    2801     6500.1      862.0    0.093
  47.712    2802     6498.6      863.2    0.089
  47.729    2803     6497.1      864.3    0.085
  47.746    2804     6499.5      864.0    0.119
  47.762    2805     6498.3      865.6    0.090
  47.779    2806     6498.4      865.9    0.088
  47.796    2807     6497.3      866.1    0.099
  47.813    2808     6497.2      865.6    0.096
  47.829    2809     6496.1      865.7    0.085
  47.846    2810     6495.5      866.1    0.081
  47.865    2811     6494.7      867.1    0.084
  47.881    2812     6494.7      867.3    0.083
  47.899    2813     6493.2      867.7    0.082
  47.916    2814     6491.2      868.7    0.083
  47.933    2815     6489.7      869.5    0.080
  47.949    2816     6488.5      870.8    0.080
  47.966    2817     6486.9      870.5    0.083
  47.984    2818     6485.7      871.4    0.083
  48.005    2819     6484.6      872.2    0.081
  48.023    2820     6484.4      873.3    0.085
  48.041    2821     6483.8      874.3    0.079
  48.059    2822     6482.4      875.3    0.102
  48.075    2823     6479.9      876.5    0.084
  48.092    2824     6480.2      877.6    0.096
  48.110    2825     6480.1      877.9    0.085
  48.128    2826     6478.7      878.6    0.087
  48.144    2827     6478.1      877.8    0.084
  48.160    2828     6478.0      877.8    0.083
  48.178    2829     6477.9      877.3    0.085
  48.194    2830     6477.4      877.6    0.080
  48.213    2831     6478.7      876.9    0.084
  48.229    2832     6478.2      877.6    0.080
  48.246    2833     6476.9      877.4    0.080
  48.264    2834     6475.5      876.7    0.104
  48.280    2835     6474.9      876.7    0.086
  48.297    2836     6474.4      876.0    0.089
  48.314    2837     6473.0      876.4    0.087
  48.333    2838     6471.0      876.8    0.118
  48.351    2839     6473.1      876.0    0.085
  48.367    2840     6472.2      877.4    0.091
  48.384    2841     6472.6      877.9    0.084
  48.402    2842     6470.5      879.2    0.083
  48.418    2843     6469.7      880.1    0.083
  48.434    2844     6470.7      878.7    0.080
  48.451    2845     6471.6      877.4    0.082
  48.470    2846     6470.7      877.2    0.082
  48.486    2847     6470.5      877.9    0.081
  48.504    2848     6468.5      877.7    0.082
  48.522    2849     6467.6      878.0    0.082
  48.540    2850     6469.3      876.4    0.080
  48.558    2851     6467.8      876.7    0.081
  48.574    2852     6468.1      876.7    0.081
  48.592    2853     6468.5      876.8    0.080
  48.609    2854     6468.4      877.9    0.081
  48.629    2855     6468.2      878.1    0.084
  48.645    2856     6465.6      878.4    0.079
  48.664    2857     6464.2      878.6    0.085
  48.680    2858     6464.6      878.7    0.082
  48.698    2859     6467.0      877.1    0.080
  48.718    2860     6469.4      875.7    0.091
  48.734    2861     6469.9      875.2    0.083
  48.751    2862     6468.3      876.2    0.084
  48.770    2863     6468.0      876.8    0.084
  48.786    2864     6468.4      876.7    0.083
  48.802    2865     6468.5      876.9    0.081
  48.819    2866     6470.5      876.9    0.134
  48.836    2867     6469.7      876.8    0.092
  48.853    2868     6469.2      875.9    0.086
  48.869    2869     6469.1      875.4    0.087
  48.886    2870     6467.3      875.5    0.121
  48.903    2871     6467.7      876.1    0.083
  48.920    2872     6469.9      874.1    0.089
  48.937    2873     6469.3      875.1    0.085
  48.957    2874     6468.6      875.2    0.080
  48.973    2875     6467.8      876.2    0.084
  48.990    2876     6468.3      875.9    0.082
  49.007    2877     6467.1      876.1    0.084
  49.024    2878     6467.0      875.6    0.082
  49.040    2879     6466.2      876.0    0.084
  49.057    2880     6469.2      873.0    0.082
  49.074    2881     6468.4      873.9    0.121
  49.091    2882     6470.9      872.0    0.116
  49.109    2883     6473.8      869.9    0.090
  49.125    2884     6475.6      868.3    0.085
  49.142    2885     6474.4      870.1    0.081
  49.161    2886     6471.4      869.8    0.085
  49.177    2887     6470.3      870.0    0.091
  49.194    2888     6470.3      870.8    0.083
  49.212    2889     6472.2      869.5    0.084
  49.229    2890     6473.8      870.3    0.084
  49.245    2891     6472.1      870.3    0.079
  49.264    2892     6471.0      871.2    0.103
  49.280    2893     6471.0      871.0    0.084
  49.297    2894     6470.2      872.0    0.082
  49.314    2895     6470.6      873.6    0.095
  49.332    2896     6469.4      874.5    0.133
  49.348    2897     6469.4      875.1    0.093
  49.365    2898     6468.3      874.9    0.104
  49.382    2899     6470.9      872.3    0.097
  49.399    2900     6470.6      873.0    0.085
  49.416    2901     6470.5      873.0    0.089
  49.433    2902     6469.9      874.1    0.092
  49.451    2903     6469.1      873.9    0.086
  49.468    2904     6468.1      874.0    0.099
  49.484    2905     6466.9      874.7    0.083
  49.501    2906     6468.1      873.1    0.086
  49.519    2907     6467.9      872.9    0.139
  49.535    2908     6467.4      872.4    0.093
  49.552    2909     6468.0      871.7    0.088
  49.570    2910     6469.0      871.1    0.082
  49.587    2911     6470.6      869.7    0.105
  49.605    2912     6471.7      868.0    0.105
  49.623    2913     6473.3      866.5    0.084
  49.639    2914     6472.3      866.5    0.074
  49.656    2915     6471.0      865.8    0.073
  49.673    2916     6469.8      866.0    0.090
  49.690    2917     6477.1      860.7    0.081
  49.708    2918     6485.1      855.9    0.081
  49.724    2919     6486.1      855.2    0.085
  49.742    2920     6487.2      854.5    0.131
  49.759    2921     6487.1      855.1    0.088
  49.778    2922     6485.7      856.7    0.086
  49.795    2923     6484.3      856.3    0.073
  49.813    2924     6482.9      857.2    0.073
  49.831    2925     6483.4      857.0    0.084
  49.849    2926     6483.9      856.4    0.077
  49.867    2927     6486.4      856.0    0.085
  49.885    2928     6489.0      854.3    0.088
  49.901    2929     6490.1      853.7    0.083
  49.919    2930     6489.7      854.5    0.086
  49.935    2931     6488.2      854.6    0.082
  49.954    2932     6486.7      855.0    0.081
  49.970    2933     6487.8      854.2    0.084
  49.987    2934     6486.4      854.4    0.082
  50.005    2935     6485.9      854.6    0.081
  50.023    2936     6485.7      854.6    0.087
  50.041    2937     6484.1      855.1    0.084
  50.059    2938     6488.2      857.6    0.090
  50.075    2939     6486.0      857.8    0.085
  50.092    2940     6486.0      858.3    0.091
  50.111    2941     6485.2      858.4    0.083
  50.127    2942     6483.7      860.4    0.084
  50.145    2943     6482.2      860.9    0.081
  50.161    2944     6483.2      861.6    0.081
  50.178    2945     6483.3      861.9    0.175
  50.195    2946     6481.0      862.9    0.084
  50.212    2947     6483.2      860.8    0.082
  50.229    2948     6482.0      860.7    0.082
  50.246    2949     6481.6      861.0    0.129
  50.264    2950     6481.8      860.9    0.106
  50.280    2951     6481.5      861.5    0.081
  50.297    2952     6479.4      861.1    0.074
  50.314    2953     6479.2      861.7    0.072
  50.334    2954     6479.0      863.0    0.073
  50.354    2955     6478.7      863.5    0.094
  50.372    2956     6477.2      863.3    0.109
  50.388    2957     6475.7      864.5    0.088
  50.407    2958     6474.6      865.7    0.084
  50.425    2959     6473.8      866.4    0.085
  50.441    2960     6473.2      866.8    0.083
  50.457    2961     6473.4      867.4    0.094
  50.474    2962     6472.4      868.4    0.088
  50.494    2963     6471.4      868.3    0.083
  50.512    2964     6471.2      868.1    0.082
  50.528    2965     6471.4      868.8    0.083
  50.545    2966     6469.2      868.5    0.114
  50.561    2967     6468.9      869.5    0.087
  50.577    2968     6468.4      868.9    0.090
  50.595    2969     6467.1      868.8    0.084
  50.613    2970     6465.6      869.5    0.083
  50.631    2971     6463.6      870.2    0.082
  50.647    2972     6461.9      870.7    0.082
  50.664    2973     6461.7      870.1    0.088
  50.681    2974     6462.2      869.8    0.088
  50.699    2975     6461.6      869.5    0.093
  50.715    2976     6463.0      868.6    0.084
  50.732    2977     6463.0      868.7    0.087
  50.751    2978     6462.6      868.0    0.094
  50.769    2979     6462.5      868.3    0.088
  50.785    2980     6464.2      866.8    0.083
  50.802    2981     6465.9      864.8    0.088
  50.820    2982     6467.5      864.3    0.086
  50.835    2983     6466.9      865.1    0.083
  50.852    2984     6466.4      864.9    0.085
  50.869    2985     6465.4      865.1    0.092
  50.888    2986     6465.3      865.2    0.080
  50.904    2987     6464.8      865.0    0.075
  50.921    2988     6462.5      866.1    0.077
  50.941    2989     6461.1      867.6    0.074
  50.959    2990     6458.2      868.2    0.073
  50.975    2991     6456.7      868.0    0.090
  50.995    2992     6455.2      868.3    0.083
  51.009    2993     6454.5      869.4    0.082
  51.027    2994     6454.2      870.2    0.085
  51.045    2995     6453.7      870.3    0.094
  51.061    2996     6451.7      870.4    0.085
  51.079    2997     6450.6      870.3    0.086
  51.095    2998     6451.1      870.6    0.084
  51.114    2999     6450.6      871.9    0.082
  51.132    3000     6454.1      874.8    0.083
  51.149    3001     6452.8      875.8    0.081
  51.167    3002     6451.8      875.9    0.079
  51.184    3003     6452.4      875.7    0.082
  51.203    3004     6453.3      875.8    0.085
  51.221    3005     6454.9      875.7    0.081
  51.236    3006     6455.9      875.6    0.081
  51.254    3007     6455.8      875.3    0.082
  51.271    3008     6461.5      875.8    0.099
  51.289    3009     6463.3      875.2    0.100
  51.305    3010     6463.6      874.7    0.105
  51.322    3011     6467.0      873.7    0.092
  51.339    3012     6465.7      874.7    0.085
  51.360    3013     6464.5      875.7    0.102
  51.378    3014     6463.1      876.2    0.093
  51.396    3015     6462.7      877.7    0.086
  51.414    3016     6460.5      877.7    0.082
  51.432    3017     6458.6      877.7    0.085
  51.448    3018     6456.8      878.6    0.083
  51.465    3019     6455.9      878.7    0.082
  51.481    3020     6454.9      879.1    0.084
  51.498    3021     6457.0      877.7    0.081
  51.514    3022     6456.7      878.2    0.081
  51.531    3023     6456.8      877.4    0.083
  51.548    3024     6454.9      878.5    0.081
  51.567    3025     6453.0      879.9    0.082
  51.582    3026     6452.0      880.9    0.083
  51.600    3027     6451.4      881.4    0.083
  51.618    3028     6455.7      884.2    0.081
  51.634    3029     6454.6      884.3    0.082
  51.655    3030     6453.7      885.9    0.080
  51.673    3031     6453.1      887.0    0.094
  51.689    3032     6452.7      887.3    0.085
  51.706    3033     6451.9      886.8    0.083
  51.726    3034     6451.1      885.8    0.086
  51.744    3035     6450.8      885.6    0.122
  51.762    3036     6450.5      885.2    0.125
  51.778    3037     6448.9      884.4    0.094
  51.795    3038     6447.1      884.8    0.085
  51.812    3039     6445.5      885.4    0.085
  51.830    3040     6444.9      886.6    0.084
  51.851    3041     6444.2      887.8    0.090
  51.870    3042     6442.8      888.6    0.088
  51.886    3043     6442.8      887.3    0.091
  51.903    3044     6441.2      886.4    0.080
  51.920    3045     6446.6      888.8    0.088
  51.936    3046     6445.0      888.9    0.086
  51.953    3047     6443.9      888.7    0.082
  51.972    3048     6443.2      888.6    0.085
  51.988    3049     6441.6      887.6    0.086
  52.005    3050     6441.0      887.6    0.082
  52.025    3051     6440.5      888.4    0.083
  52.043    3052     6438.7      887.8    0.081
  52.061    3053     6438.5      888.1    0.083
  52.079    3054     6436.8      887.6    0.088
  52.100    3055     6436.3      886.4    0.084
  52.120    3056     6435.9      885.8    0.082
  52.138    3057     6434.8      883.6    0.083
  52.156    3058     6434.4      881.7    0.082
  52.173    3059     6432.5      881.7    0.083
  52.190    3060     6432.0      882.2    0.081
  52.210    3061     6430.6      882.3    0.080
  52.228    3062     6429.7      882.1    0.084
  52.244    3063     6430.4      882.2    0.083
  52.261    3064     6430.0      882.4    0.100
  52.279    3065     6429.4      882.5    0.087
  52.297    3066     6428.2      882.3    0.084
  52.313    3067     6427.6      882.5    0.084
  52.330    3068     6428.8      882.5    0.084
  52.349    3069     6429.2      882.5    0.081
  52.365    3070     6427.7      883.2    0.101
  52.382    3071     6427.1      883.8    0.122
  52.402    3072     6426.8      884.3    0.109
  52.420    3073     6426.6      883.8    0.075
  52.436    3074     6425.5      883.3    0.075
  52.453    3075     6427.1      884.2    0.075
  52.471    3076     6426.6      884.2    0.080
  52.490    3077     6427.1      884.6    0.087
  52.510    3078     6427.8      886.1    0.085
  52.527    3079     6428.4      887.6    0.084
  52.544    3080     6428.8      887.6    0.082
  52.564    3081     6429.2      887.1    0.082
  52.580    3082     6427.6      887.0    0.084
  52.596    3083     6428.4      886.3    0.081
  52.613    3084     6428.5      886.7    0.082
  52.632    3085     6429.0      888.2    0.085
  52.651    3086     6427.9      889.2    0.083
  52.669    3087     6428.9      888.1    0.079
  52.686    3088     6428.2      888.0    0.082
  52.702    3089     6427.4      887.8    0.084
  52.721    3090     6426.6      888.0    0.080
  52.739    3091     6426.4      889.1    0.107
  52.757    3092     6437.3      893.6    0.087
  52.774    3093     6436.2      894.1    0.120
  52.792    3094     6435.8      895.1    0.114
  52.808    3095     6447.4      886.3    0.099
  52.828    3096     6447.7      886.1    0.089
  52.845    3097     6446.7      886.3    0.087
  52.861    3098     6445.2      885.6    0.084
  52.879    3099     6444.5      885.5    0.123
  52.897    3100     6444.9      884.7    0.084
  52.917    3101     6445.4      885.0    0.084
  52.933    3102     6445.2      884.3    0.086
  52.952    3103     6444.3      884.2    0.084
  52.969    3104     6443.8      884.1    0.081
  52.987    3105     6443.3      884.4    0.085
  53.003    3106     6443.2      885.2    0.082
  53.021    3107     6442.4      885.5    0.082
  53.037    3108     6442.1      885.7    0.082
  53.053    3109     6441.8      886.5    0.082
  53.072    3110     6440.9      886.6    0.084
  53.088    3111     6439.3      885.3    0.083
  53.106    3112     6437.4      884.9    0.085
  53.122    3113     6435.9      885.0    0.083
  53.141    3114     6433.7      884.9    0.083
  53.159    3115     6432.2      885.0    0.082
  53.180    3116     6430.8      885.2    0.085
  53.197    3117     6431.1      885.8    0.101
  53.215    3118     6435.9      888.0    0.082
  53.233    3119     6436.0      887.5    0.081
  53.251    3120     6436.7      887.4    0.085
  53.270    3121     6437.5      887.8    0.104
  53.289    3122     6438.2      888.3    0.082
  53.305    3123     6438.3      887.5    0.079
  53.322    3124     6437.6      887.8    0.074
  53.339    3125     6437.8      888.3    0.076
  53.356    3126     6436.7      887.8    0.073
  53.375    3127     6436.5      888.5    0.092
  53.393    3128     6436.6      888.9    0.089
  53.409    3129     6436.4      887.8    0.082
  53.426    3130     6459.5      863.1    0.089
  53.445    3131     6480.9      838.7    0.084
  53.461    3132     6479.8      838.7    0.083
  53.478    3133     6478.4      839.0    0.091
  53.496    3134     6477.1      840.3    0.085
  53.516    3135     6481.6      843.6    0.156
  53.529    3136     6481.0      844.7    0.099
  53.548    3137     6481.0      844.7    0.091
  53.564    3138     6480.6      844.9    0.093
  53.583    3139     6479.7      846.1    0.085
  53.600    3140     6479.3      848.0    0.076
  53.617    3141     6477.6      848.8    0.075
  53.633    3142     6477.2      849.8    0.076
  53.652    3143     6477.0      850.3    0.075
  53.670    3144     6476.2      850.4    0.075
  53.688    3145     6475.7      849.9    0.092
  53.703    3146     6475.4      850.9    0.085
  53.721    3147     6474.9      851.5    0.093
  53.739    3148     6473.4      851.1    0.087
  53.757    3149     6472.0      850.8    0.085
  53.773    3150     6470.2      850.8    0.117
  53.790    3151     6470.6      851.6    0.093
  53.807    3152     6470.1      851.9    0.089
  53.824    3153     6469.7      852.6    0.085
  53.841    3154     6470.4      853.0    0.088
  53.859    3155     6470.9      853.7    0.091
  53.875    3156     6469.4      854.0    0.090
  53.892    3157     6468.4      853.8    0.084
  53.909    3158     6467.9      853.8    0.084
  53.928    3159     6465.6      853.4    0.088
  53.944    3160     6464.2      853.3    0.083
  53.961    3161     6462.4      853.5    0.086
  53.979    3162     6461.3      853.5    0.087
  53.995    3163     6460.0      853.4    0.081
  54.012    3164     6458.9      854.0    0.083
  54.029    3165     6458.1      853.5    0.085
  54.046    3166     6457.9      854.3    0.083
  54.063    3167     6459.0      854.9    0.107
  54.080    3168     6457.4      855.2    0.083
  54.097    3169     6456.9      857.7    0.081
  54.114    3170     6456.9      858.2    0.079
  54.133    3171     6456.6      858.8    0.123
  54.150    3172     6455.9      859.0    0.131
  54.170    3173     6455.2      858.8    0.094
  54.186    3174     6454.3      858.5    0.082
  54.204    3175     6454.0      860.3    0.077
  54.222    3176     6454.6      861.6    0.074
  54.238    3177     6454.2      862.1    0.105
  54.255    3178     6452.4      862.2    0.082
  54.272    3179     6451.3      862.9    0.095
  54.289    3180     6452.1      863.9    0.096
  54.307    3181     6452.0      863.8    0.087
  54.324    3182     6451.9      865.2    0.087
  54.342    3183     6450.8      866.2    0.098
  54.358    3184     6451.9      866.4    0.087
  54.375    3185     6450.9      866.6    0.101
  54.392    3186     6450.6      867.1    0.113
  54.409    3187     6451.1      867.5    0.083
  54.426    3188     6451.1      867.3    0.077
  54.443    3189     6451.1      866.9    0.083
  54.460    3190     6449.9      868.0    0.076
  54.476    3191     6450.3      868.7    0.078
  54.493    3192     6450.1      869.1    0.093
  54.510    3193     6473.2      845.6    0.113
  54.532    3194     6495.5      822.8    0.086
  54.549    3195     6494.3      824.0    0.082
  54.566    3196     6493.7      825.4    0.110
  54.582    3197     6492.9      826.3    0.107
  54.603    3198     6492.0      826.9    0.082
  54.619    3199     6490.3      828.3    0.083
  54.636    3200     6489.6      829.7    0.084
  54.653    3201     6495.2      832.5    0.083
  54.671    3202     6500.6      835.9    0.115
  54.689    3203     6499.1      836.6    0.092
  54.707    3204     6498.2      836.8    0.087
  54.723    3205     6497.6      838.6    0.084
  54.740    3206     6496.5      840.3    0.090
  54.756    3207     6494.6      840.8    0.092
  54.774    3208     6491.9      841.2    0.093
  54.792    3209     6491.5      841.8    0.111
  54.810    3210     6490.4      843.1    0.109
  54.827    3211     6489.3      843.7    0.102
  54.844    3212     6487.5      844.0    0.088
  54.863    3213     6486.8      844.1    0.083
  54.879    3214     6486.0      844.7    0.113
  54.897    3215     6485.6      845.1    0.088
  54.915    3216     6485.3      846.6    0.084
  54.931    3217     6484.0      848.6    0.084
  54.950    3218     6483.1      849.8    0.085
  54.966    3219     6482.1      850.9    0.083
  54.984    3220     6482.2      851.6    0.088
  55.000    3221     6482.2      852.2    0.085
  55.018    3222     6481.3      852.4    0.085
  55.038    3223     6481.6      853.1    0.084
  55.054    3224     6480.4      854.3    0.090
  55.071    3225     6479.9      854.0    0.085
  55.087    3226     6480.5      854.3    0.122
  55.104    3227     6479.2      856.0    0.092
  55.121    3228     6480.3      855.1    0.086
  55.137    3229     6478.4      854.4    0.085
  55.154    3230     6477.1      853.8    0.099
  55.173    3231     6480.8      855.2    0.084
  55.189    3232     6480.1      855.3    0.095
  55.209    3233     6479.3      854.8    0.084
  55.226    3234     6478.8      855.0    0.114
  55.244    3235     6478.9      855.4    0.090
  55.263    3236     6478.7      854.7    0.127
  55.279    3237     6478.8      854.1    0.097
  55.296    3238     6477.7      855.1    0.084
  55.313    3239     6476.8      855.8    0.085
  55.331    3240     6476.8      856.2    0.086
  55.347    3241     6476.7      856.8    0.099
  55.367    3242     6476.2      857.5    0.103
  55.386    3243     6477.0      858.7    0.090
  55.404    3244     6475.2      858.2    0.084
  55.422    3245     6474.9      858.1    0.084
  55.440    3246     6475.0      858.6    0.086
  55.458    3247     6474.5      859.6    0.084
  55.474    3248     6472.7      859.7    0.081
  55.491    3249     6471.6      860.2    0.083
  55.509    3250     6471.2      860.5    0.112
  55.527    3251     6469.8      861.0    0.089
  55.543    3252     6468.0      862.1    0.114
  55.559    3253     6468.1      863.1    0.091
  55.581    3254     6467.2      863.8    0.110
  55.596    3255     6466.1      863.9    0.105
  55.613    3256     6465.3      864.7    0.107
  55.630    3257     6464.2      865.3    0.095
  55.647    3258     6462.1      865.8    0.087
  55.663    3259     6461.5      866.9    0.083
  55.682    3260     6460.2      868.3    0.094
  55.698    3261     6458.4      868.4    0.086
  55.717    3262     6456.8      868.3    0.083
  55.733    3263     6456.3      869.0    0.086
  55.750    3264     6457.2      868.7    0.082
  55.767    3265     6460.6      871.1    0.084
  55.783    3266     6459.7      872.2    0.088
  55.801    3267     6458.4      871.4    0.083
  55.817    3268     6460.2      868.3    0.081
  55.833    3269     6459.4      869.0    0.084
  55.849    3270     6459.3      869.9    0.083
  55.866    3271     6459.1      870.1    0.082
  55.885    3272     6458.0      869.2    0.100
  55.901    3273     6457.6      869.9    0.087
  55.918    3274     6458.0      869.5    0.085
  55.934    3275     6456.7      870.5    0.087
  55.951    3276     6456.0      870.9    0.083
  55.968    3277     6455.7      870.3    0.082
  55.987    3278     6454.6      871.2    0.088
  56.005    3279     6454.0      871.8    0.087
  56.021    3280     6452.7      871.8    0.083
  56.038    3281     6451.6      872.5    0.083
  56.054    3282     6450.3      872.7    0.082
  56.073    3283     6448.7      872.4    0.082
  56.089    3284     6448.3      873.2    0.092
  56.106    3285     6448.4      874.1    0.083
  56.122    3286     6446.8      874.3    0.085
  56.141    3287     6444.3      874.3    0.085
  56.157    3288     6444.2      874.0    0.081
  56.175    3289     6443.7      874.4    0.083
  56.192    3290     6443.1      874.3    0.084
[ROBOT] Đã dừng điều khiển xe.

[✓] Dừng. 3290 frames. Log → KF_realtime_log.csv
