EKF_RT — Standard Extended Kalman Filter (Numba JIT)
  Q=0.01  R=50.0  (hardcoded)
  Anchors: ['0x1001', '0x1002', '0x1003', '0x1004']
  Height : 1400.0 mm

[EKF_RT] Warming up JIT kernels... OK

Đang kết nối /dev/serial/by-id/usb-SEGGER_J-Link_000760192143-if00 @ 921600...
OK. Đang chờ dữ liệu... (Ctrl+C để dừng)

[ROBOT] Đã kết nối STM32 @ /dev/serial/by-id/usb-STMicroelectronics_BLUEPILL_F103C8_CDC_in_FS_Mode_498E169E3634-if00. Điều khiển xe bắt đầu.
 Time(s)   Frame      X(mm)      Y(mm)   dt(ms)
--------------------------------------------------
[EKF] init  x=6291.0  y=759.8
   0.000       1     6368.9      883.0    0.074
   0.003       2     6422.4      903.7    0.048
   0.005       3     6443.1      926.1    0.040
   0.008       4     6453.0      941.7    0.037
   0.010       5     6456.8      940.8    0.036
   0.013       6     6447.0      936.0    0.037
   0.015       7     6443.5      934.2    0.036
   0.018       8     6438.9      933.1    0.067
   0.021       9     6440.2      929.6    0.044
   0.023      10     6439.5      924.9    0.039
   0.025      11     6438.0      919.5    0.038
   0.028      12     6439.7      918.1    0.038
   0.030      13     6440.9      917.5    0.036
   0.033      14     6442.5      920.3    0.075
   0.035      15     6440.4      919.7    0.036
   0.038      16     6438.8      920.3    0.046
   0.040      17     6437.2      918.7    0.036
   0.042      18     6437.4      918.5    0.036
   0.045      19     6436.4      919.7    0.037
   0.047      20     6434.9      917.8    0.038
   0.050      21     6432.5      916.5    0.037
   0.052      22     6432.1      915.2    0.039
   0.054      23     6432.0      916.0    0.036
   0.057      24     6432.3      919.1    0.036
   0.059      25     6430.6      916.4    0.035
   0.061      26     6429.6      916.4    0.036
   0.064      27     6428.9      917.2    0.035
   0.066      28     6429.9      918.9    0.038
   0.069      29     6430.5      921.2    0.038
   0.071      30     6429.8      923.6    0.035
   0.074      31     6427.4      924.0    0.036
   0.076      32     6426.6      924.8    0.035
   0.078      33     6426.6      926.3    0.035
   0.081      34     6425.7      926.0    0.036
   0.083      35     6426.3      925.7    0.035
   0.085      36     6426.8      926.1    0.036
   0.088      37     6427.0      927.3    0.036
   0.090      38     6427.3      925.8    0.035
   0.092      39     6427.8      925.4    0.037
   0.095      40     6427.9      924.6    0.036
   0.097      41     6428.6      925.6    0.038
   0.100      42     6428.4      926.5    0.036
   0.102      43     6427.5      926.4    0.035
   0.104      44     6426.6      925.6    0.036
   0.107      45     6427.1      926.5    0.035
   0.109      46     6427.8      927.6    0.036
   0.111      47     6428.4      928.7    0.035
   0.114      48     6431.2      926.8    0.035
   0.116      49     6431.3      927.0    0.037
   0.119      50     6431.3      927.7    0.036
   0.121      51     6430.8      929.1    0.036
   0.123      52     6430.0      928.3    0.035
   0.126      53     6430.7      927.4    0.036
   0.128      54     6431.4      927.3    0.035
   0.131      55     6432.0      926.4    0.046
   0.133      56     6431.5      926.1    0.035
   0.135      57     6431.6      925.5    0.035
   0.138      58     6431.7      925.3    0.036
   0.140      59     6430.9      925.1    0.034
   0.142      60     6430.8      924.9    0.034
   0.145      61     6430.7      924.4    0.035
   0.147      62     6430.5      923.7    0.040
   0.150      63     6430.3      923.0    0.039
   0.152      64     6429.5      922.1    0.036
   0.155      65     6429.5      922.1    0.035
   0.159      66     6430.4      921.5    0.035
   0.169      67     6430.6      920.8    0.040
   0.185      68     6430.9      920.7    0.041
   0.202      69     6432.1      920.2    0.039
   0.220      70     6433.2      919.6    0.040
   0.237      71     6434.4      919.9    0.039
   0.254      72     6435.5      919.2    0.041
   0.274      73     6436.6      919.0    0.069
   0.292      74     6436.5      919.3    0.074
   0.308      75     6437.1      918.7    0.045
   0.325      76     6438.3      917.7    0.041
   0.342      77     6438.5      916.3    0.061
   0.359      78     6440.2      916.4    0.047
   0.378      79     6441.7      916.4    0.066
   0.395      80     6441.5      915.6    0.060
   0.411      81     6440.9      914.1    0.127
   0.428      82     6442.1      913.1    0.079
   0.446      83     6443.3      913.0    0.069
   0.463      84     6443.7      911.6    0.047
   0.480      85     6443.7      911.8    0.046
   0.497      86     6444.2      911.6    0.041
   0.514      87     6444.0      911.3    0.041
   0.530      88     6444.3      911.5    0.054
   0.546      89     6444.1      910.8    0.043
   0.564      90     6443.7      910.0    0.042
   0.582      91     6443.9      908.7    0.040
   0.598      92     6443.8      909.2    0.054
   0.617      93     6442.3      908.4    0.045
   0.634      94     6442.2      908.4    0.041
   0.651      95     6442.0      908.5    0.041
   0.667      96     6442.3      908.3    0.040
   0.686      97     6442.4      908.1    0.074
   0.702      98     6442.4      908.1    0.070
   0.719      99     6443.3      907.6    0.074
   0.736     100     6444.3      907.5    0.053
   0.756     101     6443.8      906.5    0.047
   0.772     102     6443.8      905.8    0.042
   0.791     103     6453.2      908.1    0.041
   0.809     104     6453.4      908.1    0.042
   0.827     105     6463.4      910.3    0.040
   0.843     106     6463.0      910.8    0.045
   0.860     107     6463.2      910.8    0.050
   0.877     108     6462.8      910.8    0.044
   0.893     109     6461.3      909.8    0.050
   0.910     110     6461.5      911.1    0.063
   0.927     111     6462.6      910.9    0.045
   0.946     112     6463.8      910.4    0.042
   0.965     113     6465.2      909.9    0.042
   0.982     114     6464.8      909.8    0.041
   0.999     115     6464.1      910.0    0.048
   1.015     116     6463.7      909.9    0.043
   1.032     117     6463.9      909.8    0.046
   1.050     118     6464.1      909.2    0.054
   1.067     119     6464.0      909.4    0.044
   1.084     120     6464.1      909.5    0.044
   1.101     121     6464.2      909.2    0.043
   1.117     122     6464.0      910.0    0.043
   1.134     123     6462.7      909.7    0.067
   1.153     124     6461.9      910.4    0.060
   1.171     125     6461.2      910.5    0.063
   1.186     126     6460.7      910.5    0.067
   1.203     127     6461.7      911.0    0.069
   1.220     128     6462.2      912.0    0.064
   1.241     129     6462.5      913.1    0.078
   1.259     130     6462.3      913.0    0.077
   1.275     131     6462.5      914.4    0.075
   1.294     132     6462.9      913.8    0.072
   1.312     133     6463.1      913.5    0.074
   1.329     134     6464.7      912.1    0.071
   1.346     135     6465.3      912.0    0.067
   1.362     136     6464.7      913.0    0.066
   1.381     137     6463.7      913.9    0.065
   1.397     138     6464.3      913.8    0.063
   1.417     139     6464.8      913.4    0.080
   1.437     140     6465.1      913.0    0.070
   1.455     141     6465.4      912.7    0.090
   1.473     142     6465.4      913.7    0.075
   1.493     143     6465.4      914.0    0.072
   1.510     144     6465.0      913.9    0.072
   1.528     145     6464.6      914.0    0.127
   1.549     146     6464.3      914.0    0.078
   1.567     147     6463.9      913.3    0.075
   1.590     148     6463.6      912.5    0.073
   1.609     149     6463.3      912.7    0.071
   1.628     150     6462.8      912.4    0.070
   1.645     151     6462.3      911.9    0.069
   1.661     152     6463.1      912.7    0.101
   1.679     153     6464.1      912.1    0.074
   1.695     154     6465.6      912.2    0.071
   1.713     155     6466.1      912.5    0.091
   1.729     156     6466.6      913.4    0.075
   1.750     157     6467.0      913.9    0.082
   1.767     158     6466.1      913.9    0.072
   1.785     159     6466.0      913.7    0.070
   1.801     160     6466.5      912.7    0.072
   1.821     161     6467.4      912.4    0.072
   1.842     162     6468.4      912.5    0.072
   1.863     163     6469.4      912.7    0.082
   1.881     164     6470.3      912.8    0.074
   1.899     165     6471.3      913.1    0.071
   1.917     166     6472.2      912.7    0.078
   1.934     167     6472.6      912.9    0.072
   1.952     168     6473.1      912.6    0.081
   1.968     169     6474.1      912.3    0.087
   1.986     170     6473.7      912.1    0.064
   2.002     171     6473.2      911.8    0.068
   2.018     172     6473.4      912.2    0.067
   2.041     173     6473.6      912.7    0.071
   2.061     174     6473.5      912.4    0.078
   2.079     175     6473.6      912.7    0.078
   2.098     176     6472.8      913.5    0.074
   2.117     177     6471.8      914.2    0.073
   2.135     178     6471.2      913.5    0.070
   2.153     179     6470.4      913.1    0.072
   2.171     180     6469.6      912.9    0.072
   2.189     181     6469.0      912.9    0.069
   2.209     182     6468.6      913.4    0.070
   2.229     183     6468.0      912.8    0.071
   2.246     184     6467.8      912.0    0.069
   2.263     185     6467.2      912.1    0.071
   2.280     186     6466.3      911.3    0.069
   2.297     187     6464.8      912.0    0.069
   2.314     188     6464.9      912.3    0.069
   2.332     189     6464.5      912.4    0.068
   2.350     190     6464.6      912.6    0.070
   2.366     191     6463.6      912.6    0.071
   2.382     192     6463.5      912.2    0.069
   2.402     193     6463.1      911.9    0.070
   2.420     194     6462.8      912.1    0.073
   2.438     195     6462.3      910.8    0.069
   2.457     196     6461.8      910.3    0.073
   2.476     197     6461.1      910.5    0.070
   2.491     198     6460.9      910.7    0.069
   2.508     199     6461.8      910.7    0.070
   2.530     200     6463.0      911.7    0.092
   2.546     201     6462.7      910.3    0.073
   2.564     202     6463.5      909.9    0.073
   2.580     203     6463.6      910.4    0.078
   2.597     204     6462.6      909.9    0.075
   2.617     205     6462.5      909.7    0.072
   2.635     206     6463.8      909.2    0.070
   2.651     207     6462.7      909.1    0.071
   2.668     208     6463.1      909.4    0.074
   2.688     209     6462.9      909.5    0.096
   2.704     210     6464.5      909.9    0.088
   2.721     211     6465.6      910.4    0.078
   2.738     212     6465.4      910.3    0.075
   2.756     213     6466.2      910.5    0.073
   2.774     214     6465.5      910.6    0.075
   2.792     215     6464.2      910.1    0.070
   2.809     216     6463.9      910.6    0.072
   2.826     217     6463.5      910.6    0.071
   2.847     218     6463.1      910.7    0.071
   2.867     219     6462.8      911.0    0.127
   2.884     220     6462.8      910.5    0.076
   2.901     221     6462.0      909.7    0.067
   2.921     222     6461.0      908.3    0.067
   2.937     223     6460.0      907.8    0.067
   2.956     224     6459.5      907.6    0.093
   2.974     225     6458.9      907.1    0.081
   2.991     226     6458.1      906.7    0.079
   3.011     227     6457.4      906.0    0.074
   3.032     228     6456.7      905.4    0.073
   3.051     229     6457.2      905.0    0.079
   3.072     230     6457.0      904.9    0.074
   3.093     231     6456.9      905.1    0.069
   3.115     232     6456.8      905.5    0.067
   3.133     233     6457.7      905.0    0.063
   3.151     234     6457.2      903.9    0.063
   3.169     235     6457.3      903.6    0.076
   3.185     236     6456.4      904.4    0.070
   3.202     237     6456.4      904.3    0.070
   3.219     238     6456.3      905.4    0.073
   3.239     239     6455.1      906.0    0.072
   3.255     240     6454.5      905.6    0.078
   3.274     241     6453.9      904.9    0.072
   3.291     242     6454.1      904.6    0.070
   3.310     243     6454.2      904.0    0.071
   3.330     244     6453.9      903.9    0.070
   3.349     245     6453.8      904.2    0.070
   3.367     246     6453.5      904.0    0.069
   3.385     247     6453.5      904.3    0.070
   3.402     248     6454.7      904.1    0.070
   3.420     249     6455.0      904.0    0.119
   3.436     250     6455.4      903.2    0.120
   3.455     251     6455.1      903.3    0.087
   3.474     252     6454.8      902.8    0.079
   3.491     253     6455.4      901.7    0.075
   3.511     254     6456.4      901.1    0.073
   3.527     255     6455.7      900.2    0.087
   3.544     256     6455.5      900.5    0.077
   3.564     257     6455.5      901.1    0.073
   3.582     258     6455.0      901.2    0.071
   3.599     259     6455.4      901.3    0.070
   3.615     260     6455.3      902.2    0.072
   3.634     261     6455.2      903.6    0.071
   3.652     262     6454.0      903.1    0.068
   3.668     263     6454.0      903.5    0.071
   3.685     264     6452.8      903.4    0.069
   3.702     265     6451.1      903.1    0.083
   3.720     266     6450.7      903.2    0.076
   3.740     267     6450.5      903.7    0.073
   3.758     268     6450.3      903.7    0.072
   3.777     269     6450.1      904.0    0.075
   3.796     270     6450.0      904.6    0.083
   3.816     271     6449.8      904.1    0.073
   3.834     272     6459.5      898.5    0.072
   3.857     273     6469.0      893.1    0.073
   3.876     274     6478.4      888.1    0.075
   3.895     275     6487.6      883.0    0.072
   3.913     276     6486.6      884.1    0.070
   3.930     277     6485.5      884.8    0.070
   3.946     278     6483.5      885.6    0.067
   3.963     279     6482.4      885.4    0.074
   3.982     280     6482.4      886.3    0.079
   4.001     281     6482.5      887.4    0.072
   4.018     282     6482.2      887.1    0.076
   4.035     283     6480.7      887.6    0.073
   4.052     284     6480.0      887.9    0.071
   4.072     285     6479.2      888.1    0.073
   4.088     286     6479.1      889.0    0.070
   4.104     287     6478.3      889.3    0.069
   4.123     288     6476.8      889.9    0.075
   4.139     289     6475.8      889.8    0.070
   4.157     290     6474.9      889.9    0.072
   4.173     291     6475.3      890.7    0.068
   4.192     292     6475.2      891.1    0.086
   4.208     293     6474.9      891.8    0.069
   4.225     294     6475.2      892.3    0.070
   4.242     295     6474.5      892.6    0.070
   4.260     296     6473.6      892.8    0.069
   4.280     297     6472.6      892.9    0.070
   4.300     298     6472.0      893.4    0.070
   4.318     299     6471.4      894.2    0.070
   4.334     300     6470.5      894.5    0.067
   4.351     301     6470.2      894.6    0.072
   4.369     302     6470.8      895.3    0.072
   4.385     303     6470.1      894.7    0.070
   4.402     304     6469.7      894.8    0.069
   4.419     305     6469.6      895.0    0.072
   4.436     306     6468.3      894.5    0.069
   4.453     307     6468.1      894.9    0.069
   4.470     308     6468.2      895.6    0.071
   4.487     309     6468.0      895.6    0.068
   4.505     310     6468.4      895.7    0.069
   4.523     311     6467.5      895.2    0.070
   4.541     312     6466.9      895.3    0.097
   4.557     313     6465.8      895.9    0.076
   4.573     314     6464.8      896.9    0.072
   4.590     315     6463.8      897.3    0.071
   4.607     316     6462.5      897.4    0.102
   4.625     317     6461.5      897.2    0.080
   4.643     318     6461.2      897.3    0.075
   4.659     319     6461.0      897.2    0.079
   4.678     320     6460.4      897.3    0.071
   4.699     321     6459.8      897.7    0.070
   4.717     322     6459.4      898.1    0.084
   4.733     323     6458.7      898.5    0.075
   4.752     324     6458.7      898.8    0.072
   4.770     325     6458.7      900.0    0.073
   4.791     326     6458.6      901.0    0.070
   4.807     327     6457.6      902.1    0.071
   4.823     328     6457.1      902.8    0.076
   4.842     329     6456.5      902.6    0.070
   4.860     330     6456.5      902.5    0.081
   4.878     331     6455.9      901.8    0.104
   4.894     332     6455.5      901.9    0.080
   4.914     333     6455.0      902.1    0.078
   4.932     334     6454.5      902.4    0.080
   4.950     335     6453.7      903.2    0.074
   4.966     336     6453.0      903.4    0.072
   4.984     337     6452.3      903.0    0.074
   4.999     338     6452.0      903.7    0.077
   5.016     339     6452.5      904.0    0.075
   5.032     340     6452.1      903.9    0.071
   5.049     341     6451.9      904.6    0.069
   5.065     342     6451.0      904.3    0.073
   5.083     343     6450.0      904.6    0.068
   5.102     344     6449.0      904.6    0.070
   5.119     345     6449.1      905.5    0.070
   5.136     346     6449.3      905.5    0.072
   5.152     347     6450.3      905.7    0.071
   5.170     348     6450.5      905.0    0.072
   5.188     349     6450.2      905.0    0.069
   5.204     350     6450.6      904.9    0.080
   5.221     351     6451.0      905.7    0.072
   5.240     352     6451.6      905.2    0.078
   5.256     353     6451.1      905.4    0.071
   5.273     354     6450.0      905.2    0.073
   5.290     355     6449.4      905.6    0.071
   5.306     356     6448.3      905.9    0.074
   5.325     357     6447.7      906.3    0.071
   5.341     358     6446.7      907.1    0.069
   5.361     359     6445.8      907.6    0.071
   5.379     360     6454.7      910.3    0.074
   5.397     361     6454.7      911.0    0.069
   5.413     362     6454.8      911.1    0.069
   5.430     363     6455.4      910.9    0.069
   5.449     364     6455.2      910.8    0.068
   5.465     365     6454.9      910.4    0.070
   5.483     366     6454.5      911.0    0.069
   5.503     367     6454.2      911.1    0.068
   5.521     368     6454.9      911.1    0.069
   5.540     369     6455.3      909.8    0.086
   5.558     370     6454.9      909.4    0.078
   5.578     371     6454.5      909.7    0.072
   5.596     372     6454.8      909.2    0.071
   5.611     373     6454.6      909.2    0.071
   5.630     374     6455.4      909.2    0.070
   5.648     375     6454.7      908.2    0.072
   5.665     376     6454.5      906.9    0.074
   5.685     377     6454.6      906.5    0.071
   5.704     378     6455.0      905.8    0.088
   5.723     379     6455.4      906.0    0.106
   5.744     380     6455.7      905.7    0.078
   5.762     381     6455.1      906.0    0.075
   5.783     382     6454.4      906.1    0.071
   5.801     383     6454.8      907.0    0.070
   5.822     384     6455.1      907.7    0.073
   5.842     385     6455.3      908.5    0.075
   5.860     386     6454.9      907.3    0.074
   5.880     387     6454.7      907.2    0.070
   5.901     388     6454.6      907.2    0.069
   5.921     389     6458.3      908.1    0.093
   5.939     390     6459.4      909.1    0.106
   5.957     391     6459.0      908.6    0.071
   5.978     392     6458.6      908.4    0.072
   5.995     393     6458.2      908.0    0.071
   6.013     394     6457.0      908.3    0.081
   6.031     395     6456.0      908.5    0.122
   6.049     396     6454.7      908.4    0.086
   6.067     397     6454.2      908.9    0.080
   6.088     398     6453.6      908.9    0.073
   6.106     399     6453.2      908.8    0.069
   6.126     400     6452.9      908.6    0.080
   6.145     401     6452.7      908.4    0.077
   6.164     402     6452.3      907.8    0.089
   6.185     403     6452.0      907.2    0.082
   6.205     404     6451.3      906.3    0.074
   6.223     405     6451.2      906.2    0.090
   6.241     406     6450.6      905.8    0.077
   6.259     407     6449.8      906.2    0.074
   6.276     408     6448.9      906.2    0.072
   6.292     409     6448.3      907.6    0.066
   6.310     410     6447.1      906.9    0.066
   6.330     411     6446.4      906.0    0.083
   6.349     412     6446.0      906.7    0.070
   6.368     413     6445.8      906.2    0.081
   6.384     414     6445.1      906.1    0.073
   6.407     415     6444.3      906.0    0.070
   6.427     416     6443.8      905.6    0.117
   6.443     417     6444.0      905.3    0.117
   6.460     418     6443.6      905.5    0.091
   6.476     419     6445.2      903.6    0.073
   6.493     420     6445.0      904.2    0.065
   6.511     421     6445.3      903.8    0.065
   6.528     422     6445.1      904.4    0.094
   6.544     423     6445.0      904.2    0.076
   6.562     424     6445.4      904.5    0.075
   6.582     425     6445.2      904.8    0.077
   6.600     426     6444.6      905.5    0.071
   6.617     427     6443.9      906.1    0.072
   6.633     428     6444.0      906.1    0.071
   6.652     429     6444.2      907.0    0.072
   6.668     430     6444.7      907.6    0.073
   6.685     431     6444.6      907.1    0.071
   6.702     432     6444.7      907.3    0.079
   6.719     433     6444.0      907.9    0.075
   6.736     434     6443.5      908.4    0.088
   6.753     435     6443.5      909.0    0.079
   6.772     436     6443.5      909.0    0.075
   6.788     437     6443.8      909.0    0.070
   6.807     438     6444.5      910.5    0.064
   6.825     439     6449.8      911.6    0.106
   6.842     440     6454.4      912.1    0.081
   6.859     441     6454.7      912.0    0.070
   6.877     442     6454.3      911.6    0.075
   6.893     443     6454.2      911.8    0.064
   6.912     444     6454.1      911.5    0.067
   6.929     445     6452.9      912.4    0.066
   6.947     446     6452.9      913.1    0.102
   6.967     447     6453.3      913.6    0.077
   6.984     448     6453.0      913.1    0.072
   7.001     449     6452.2      912.8    0.073
   7.021     450     6451.3      911.9    0.077
   7.039     451     6451.5      912.2    0.091
   7.060     452     6451.6      912.7    0.080
   7.079     453     6451.9      913.3    0.074
   7.098     454     6451.4      912.9    0.066
   7.115     455     6451.1      913.2    0.068
   7.133     456     6449.7      913.2    0.067
   7.153     457     6448.4      912.6    0.063
   7.170     458     6447.4      912.9    0.077
   7.189     459     6446.5      913.2    0.073
   7.206     460     6446.2      913.3    0.071
   7.225     461     6446.5      913.4    0.075
   7.241     462     6449.0      911.5    0.071
   7.259     463     6448.7      911.9    0.090
   7.278     464     6448.4      912.4    0.074
   7.295     465     6448.8      912.6    0.067
   7.313     466     6448.1      912.7    0.073
   7.333     467     6447.4      912.0    0.064
   7.349     468     6446.8      911.3    0.068
   7.365     469     6447.0      912.1    0.079
   7.382     470     6447.1      912.2    0.072
   7.399     471     6447.2      912.7    0.070
   7.416     472     6447.4      912.4    0.074
   7.436     473     6447.5      912.1    0.096
   7.455     474     6447.6      911.6    0.087
   7.471     475     6447.7      911.6    0.072
   7.490     476     6448.1      911.9    0.067
   7.506     477     6447.7      912.3    0.064
   7.523     478     6449.4      911.9    0.064
   7.541     479     6450.3      912.1    0.074
   7.559     480     6451.2      912.7    0.065
   7.575     481     6449.9      912.8    0.076
   7.592     482     6449.4      911.7    0.073
   7.609     483     6449.2      912.7    0.071
   7.629     484     6448.8      912.5    0.071
   7.647     485     6448.9      912.2    0.070
   7.665     486     6448.4      912.2    0.075
   7.682     487     6447.9      912.7    0.071
   7.699     488     6447.1      912.7    0.072
   7.716     489     6446.4      913.2    0.081
   7.732     490     6444.9      913.2    0.072
   7.750     491     6445.1      913.1    0.069
   7.766     492     6454.2      907.9    0.090
   7.783     493     6454.2      907.5    0.075
   7.801     494     6454.8      907.5    0.073
   7.818     495     6453.8      907.2    0.072
   7.835     496     6453.3      907.5    0.070
   7.852     497     6453.4      907.4    0.070
   7.869     498     6453.2      907.5    0.091
   7.886     499     6453.3      908.3    0.076
   7.904     500     6452.3      908.3    0.078
   7.922     501     6451.9      909.0    0.074
   7.938     502     6451.7      908.9    0.069
   7.955     503     6450.3      909.3    0.070
   7.971     504     6449.4      909.4    0.084
   7.990     505     6449.1      909.2    0.080
   8.005     506     6448.1      910.1    0.066
   8.024     507     6447.1      909.8    0.065
   8.040     508     6447.5      908.5    0.072
   8.059     509     6448.3      908.8    0.066
   8.076     510     6448.1      908.9    0.089
   8.096     511     6448.3      908.8    0.086
   8.114     512     6448.4      909.9    0.078
   8.132     513     6447.9      910.4    0.080
   8.148     514     6448.6      910.4    0.072
   8.169     515     6449.4      911.0    0.104
   8.186     516     6449.5      911.4    0.085
   8.202     517     6449.3      911.4    0.083
   8.220     518     6449.6      911.3    0.085
   8.236     519     6450.4      910.8    0.112
   8.253     520     6451.3      909.6    0.082
   8.269     521     6450.4      910.1    0.071
   8.286     522     6449.7      909.9    0.103
   8.303     523     6450.4      910.6    0.071
   8.320     524     6450.6      910.2    0.071
   8.337     525     6450.8      909.7    0.067
   8.353     526     6450.1      909.5    0.062
   8.373     527     6450.4      909.2    0.093
   8.391     528     6450.4      908.6    0.081
   8.407     529     6450.3      908.9    0.075
   8.424     530     6450.2      909.1    0.075
   8.441     531     6450.0      909.6    0.089
   8.459     532     6449.8      910.8    0.081
   8.475     533     6448.9      910.1    0.099
   8.494     534     6448.1      910.6    0.077
   8.512     535     6447.6      910.5    0.076
   8.530     536     6447.2      910.7    0.090
   8.546     537     6447.4      911.3    0.078
   8.563     538     6448.6      910.4    0.070
   8.580     539     6450.0      910.3    0.068
   8.596     540     6449.9      909.8    0.062
   8.612     541     6449.6      910.5    0.062
   8.631     542     6448.8      910.3    0.061
   8.647     543     6449.4      910.5    0.062
   8.664     544     6449.1      910.3    0.061
   8.683     545     6449.3      909.8    0.090
   8.701     546     6449.3      910.6    0.121
   8.717     547     6448.8      910.9    0.087
   8.736     548     6447.9      910.8    0.078
   8.752     549     6447.8      909.8    0.073
   8.769     550     6447.8      909.5    0.080
   8.786     551     6449.2      909.1    0.078
   8.803     552     6451.1      908.5    0.071
   8.820     553     6452.9      908.4    0.075
   8.836     554     6452.5      908.4    0.071
   8.854     555     6453.1      908.5    0.135
   8.871     556     6453.3      908.2    0.093
   8.889     557     6469.8      899.3    0.093
   8.905     558     6470.5      899.1    0.077
   8.925     559     6471.3      898.7    0.084
   8.943     560     6472.1      897.9    0.073
   8.961     561     6471.0      897.2    0.082
   8.977     562     6470.3      896.9    0.079
   8.994     563     6469.6      896.9    0.072
   9.013     564     6469.2      896.3    0.068
   9.030     565     6469.0      895.7    0.068
   9.047     566     6468.6      895.9    0.067
   9.063     567     6469.0      896.5    0.067
   9.082     568     6468.4      896.8    0.084
   9.102     569     6467.7      896.0    0.089
   9.120     570     6467.0      896.4    0.083
   9.135     571     6466.9      896.8    0.074
   9.152     572     6467.3      896.0    0.072
   9.169     573     6469.0      896.2    0.078
   9.185     574     6468.6      895.9    0.071
   9.202     575     6468.9      895.3    0.074
   9.221     576     6468.3      895.7    0.068
   9.237     577     6467.7      895.5    0.068
   9.257     578     6467.5      895.1    0.063
   9.275     579     6467.3      894.8    0.072
   9.291     580     6468.2      894.9    0.079
   9.309     581     6469.5      894.6    0.073
   9.326     582     6468.1      894.8    0.073
   9.345     583     6467.4      896.1    0.071
   9.361     584     6467.7      896.2    0.071
   9.379     585     6467.5      896.3    0.074
   9.395     586     6466.1      896.4    0.084
   9.414     587     6465.1      895.9    0.105
   9.430     588     6464.1      896.2    0.097
   9.449     589     6463.5      897.0    0.093
   9.468     590     6463.0      897.2    0.074
   9.486     591     6462.7      897.9    0.068
   9.506     592     6462.1      897.2    0.080
   9.524     593     6461.8      897.9    0.077
   9.540     594     6463.1      898.9    0.084
   9.557     595     6463.1      898.6    0.075
   9.574     596     6463.1      898.4    0.075
   9.591     597     6463.6      897.4    0.072
   9.607     598     6464.3      896.7    0.083
   9.624     599     6463.9      897.0    0.078
   9.643     600     6463.4      897.9    0.070
   9.661     601     6462.8      898.0    0.067
   9.677     602     6462.4      898.0    0.068
   9.694     603     6462.1      898.7    0.065
   9.711     604     6462.8      897.7    0.086
   9.728     605     6462.4      896.8    0.104
   9.745     606     6461.7      897.6    0.074
   9.763     607     6460.8      897.1    0.072
   9.779     608     6460.8      898.4    0.074
   9.796     609     6460.4      899.5    0.072
   9.813     610     6459.7      899.2    0.085
   9.830     611     6458.9      899.2    0.069
   9.847     612     6458.7      900.3    0.069
   9.863     613     6459.1      900.7    0.065
   9.882     614     6458.7      900.3    0.096
   9.900     615     6458.6      899.9    0.071
   9.918     616     6457.4      899.9    0.095
   9.934     617     6457.8      899.8    0.077
   9.951     618     6457.6      899.2    0.077
   9.968     619     6457.3      898.9    0.076
   9.985     620     6457.1      898.9    0.073
  10.003     621     6456.5      898.4    0.071
  10.019     622     6457.2      898.8    0.076
  10.036     623     6458.4      898.3    0.072
  10.053     624     6459.7      898.7    0.064
  10.070     625     6460.1      898.3    0.069
  10.088     626     6459.6      898.3    0.066
  10.106     627     6460.4      898.8    0.064
  10.122     628     6460.2      898.5    0.076
  10.139     629     6460.1      897.9    0.080
  10.156     630     6459.6      897.8    0.075
  10.173     631     6459.5      898.1    0.075
  10.190     632     6459.7      898.6    0.072
  10.207     633     6459.6      899.2    0.072
  10.227     634     6460.2      900.4    0.071
  10.245     635     6460.0      901.2    0.066
  10.261     636     6459.5      901.3    0.065
  10.278     637     6460.5      901.2    0.066
  10.300     638     6461.3      900.7    0.065
  10.316     639     6461.0      901.7    0.064
  10.334     640     6461.4      901.8    0.079
  10.350     641     6460.8      902.6    0.073
  10.368     642     6460.7      903.0    0.125
  10.384     643     6461.5      903.7    0.083
  10.401     644     6461.3      904.4    0.073
  10.418     645     6461.0      904.1    0.073
  10.435     646     6461.2      903.9    0.074
  10.452     647     6461.3      904.0    0.071
  10.468     648     6462.1      905.1    0.070
  10.490     649     6462.9      906.4    0.070
  10.507     650     6462.9      907.0    0.069
  10.524     651     6462.7      907.3    0.072
  10.540     652     6462.4      907.6    0.080
  10.559     653     6462.1      908.2    0.073
  10.575     654     6461.8      908.4    0.072
  10.592     655     6461.3      907.9    0.070
  10.612     656     6460.7      907.5    0.069
  10.630     657     6461.3      908.5    0.086
  10.648     658     6461.0      908.8    0.075
  10.664     659     6461.0      909.8    0.074
  10.681     660     6460.6      910.8    0.071
  10.697     661     6461.2      911.2    0.069
  10.714     662     6461.7      911.2    0.077
  10.732     663     6462.2      910.8    0.068
  10.753     664     6462.7      910.4    0.098
  10.771     665     6462.6      910.4    0.121
  10.787     666     6462.9      909.6    0.133
  10.804     667     6462.6      910.1    0.082
  10.821     668     6462.4      910.4    0.075
  10.841     669     6463.6      911.1    0.087
  10.857     670     6463.7      910.4    0.084
  10.874     671     6463.4      910.2    0.086
  10.891     672     6463.0      909.6    0.085
  10.910     673     6463.0      909.0    0.082
  10.925     674     6462.4      909.4    0.079
  10.942     675     6461.5      909.1    0.072
  10.960     676     6461.7      908.4    0.083
  10.977     677     6460.6      908.3    0.077
  10.994     678     6460.6      909.1    0.071
  11.012     679     6459.8      909.4    0.072
  11.027     680     6460.8      909.7    0.068
  11.044     681     6460.3      910.1    0.071
  11.061     682     6459.2      909.5    0.065
  11.078     683     6458.1      909.2    0.064
  11.095     684     6457.1      909.9    0.062
  11.112     685     6457.0      909.6    0.060
  11.131     686     6456.3      910.1    0.077
  11.147     687     6455.5      909.0    0.080
  11.164     688     6455.3      909.2    0.074
  11.183     689     6455.6      909.7    0.071
  11.199     690     6455.3      911.1    0.069
  11.218     691     6455.0      911.1    0.069
  11.239     692     6454.6      911.0    0.070
  11.255     693     6453.6      911.8    0.068
  11.272     694     6452.9      911.4    0.074
  11.289     695     6452.3      912.1    0.074
  11.308     696     6452.6      911.8    0.071
  11.324     697     6451.7      911.3    0.073
  11.342     698     6450.6      911.7    0.078
  11.358     699     6450.0      911.8    0.071
  11.375     700     6449.2      911.6    0.074
  11.392     701     6448.7      911.4    0.071
  11.409     702     6448.8      911.4    0.070
  11.428     703     6448.6      910.7    0.072
  11.444     704     6448.7      910.9    0.108
  11.461     705     6449.3      910.5    0.069
  11.479     706     6448.2      909.9    0.070
  11.497     707     6447.8      910.0    0.068
  11.513     708     6448.4      910.1    0.068
  11.530     709     6448.5      910.5    0.092
  11.546     710     6448.5      910.4    0.079
  11.563     711     6448.3      910.4    0.071
  11.580     712     6448.4      910.9    0.071
  11.598     713     6447.8      910.5    0.069
  11.618     714     6447.0      910.1    0.103
  11.634     715     6446.7      910.1    0.074
  11.650     716     6446.6      909.5    0.064
  11.667     717     6446.4      909.3    0.061
  11.684     718     6446.6      910.3    0.064
  11.702     719     6447.1      911.2    0.073
  11.718     720     6447.8      911.1    0.065
  11.735     721     6447.5      910.5    0.076
  11.753     722     6447.4      910.7    0.072
  11.770     723     6446.6      910.9    0.071
  11.787     724     6446.6      910.7    0.073
  11.804     725     6447.1      910.9    0.070
  11.824     726     6447.5      910.5    0.077
  11.841     727     6447.8      910.5    0.071
  11.859     728     6447.4      910.5    0.083
  11.875     729     6447.1      910.5    0.076
  11.892     730     6447.2      910.4    0.075
  11.909     731     6447.3      910.1    0.121
  11.928     732     6447.1      910.0    0.077
  11.944     733     6446.4      910.0    0.071
  11.962     734     6445.8      910.5    0.137
  11.981     735     6445.3      911.5    0.100
  11.998     736     6445.1      912.6    0.083
  12.016     737     6445.1      912.5    0.073
  12.032     738     6445.5      912.3    0.072
  12.050     739     6446.4      912.7    0.064
  12.068     740     6446.4      913.0    0.071
  12.084     741     6447.4      913.7    0.070
  12.101     742     6446.8      913.5    0.064
  12.118     743     6446.1      914.0    0.074
  12.136     744     6445.8      913.9    0.083
  12.153     745     6445.5      913.2    0.080
  12.171     746     6446.0      912.4    0.082
  12.189     747     6446.5      912.3    0.078
  12.205     748     6445.9      912.8    0.071
  12.222     749     6446.6      912.5    0.069
  12.239     750     6446.5      912.7    0.073
  12.256     751     6446.4      912.9    0.071
  12.273     752     6446.1      912.7    0.070
  12.290     753     6452.9      908.4    0.070
  12.307     754     6452.6      908.9    0.070
  12.324     755     6452.6      909.3    0.070
  12.340     756     6453.6      910.1    0.071
  12.357     757     6454.0      910.3    0.069
  12.374     758     6454.3      910.3    0.071
  12.391     759     6454.3      910.2    0.068
  12.408     760     6455.5      910.4    0.068
  12.424     761     6456.7      911.3    0.068
  12.440     762     6458.1      911.8    0.122
  12.460     763     6458.3      911.9    0.080
  12.476     764     6458.7      913.0    0.079
  12.493     765     6459.6      912.7    0.071
  12.510     766     6460.2      913.4    0.070
  12.527     767     6460.4      913.2    0.074
  12.547     768     6461.4      913.9    0.087
  12.565     769     6462.5      913.7    0.074
  12.583     770     6463.6      912.6    0.082
  12.603     771     6464.7      912.0    0.073
  12.621     772     6465.6      911.8    0.069
  12.638     773     6466.3      911.3    0.073
  12.655     774     6466.3      911.9    0.070
  12.672     775     6467.0      912.3    0.070
  12.688     776     6467.5      912.1    0.070
  12.707     777     6468.0      911.6    0.083
  12.725     778     6469.1      910.9    0.074
  12.741     779     6469.5      910.7    0.116
  12.759     780     6470.3      910.3    0.071
  12.777     781     6470.8      909.6    0.071
  12.797     782     6470.7      910.0    0.069
  12.816     783     6470.6      910.2    0.070
  12.836     784     6470.5      910.5    0.072
  12.855     785     6470.3      911.0    0.078
  12.873     786     6470.4      910.8    0.073
  12.889     787     6470.9      911.1    0.073
  12.911     788     6471.2      910.7    0.070
  12.932     789     6471.6      910.6    0.070
  12.952     790     6471.9      910.2    0.071
  12.969     791     6472.3      910.4    0.071
  12.989     792     6472.8      911.2    0.080
  13.005     793     6472.2      911.6    0.072
  13.022     794     6471.3      911.6    0.074
  13.041     795     6470.9      911.7    0.074
  13.060     796     6470.1      911.9    0.071
  13.078     797     6469.7      911.6    0.072
  13.098     798     6469.3      910.7    0.069
  13.114     799     6468.9      909.7    0.068
  13.137     800     6468.5      908.7    0.071
  13.154     801     6467.9      909.2    0.067
  13.174     802     6468.7      909.7    0.072
  13.190     803     6468.3      909.4    0.069
  13.207     804     6468.0      910.4    0.070
  13.224     805     6468.6      910.8    0.067
  13.242     806     6468.2      909.7    0.070
  13.259     807     6468.7      909.9    0.069
  13.276     808     6468.5      910.2    0.068
  13.292     809     6468.1      910.8    0.071
  13.309     810     6467.4      910.2    0.069
  13.325     811     6466.3      910.8    0.068
  13.342     812     6466.2      911.7    0.072
  13.359     813     6466.5      911.6    0.069
  13.376     814     6466.6      912.2    0.069
  13.393     815     6465.9      911.6    0.070
  13.411     816     6465.9      911.6    0.067
  13.428     817     6464.9      911.5    0.072
  13.444     818     6463.8      911.8    0.072
  13.461     819     6464.3      912.0    0.070
  13.480     820     6464.9      912.4    0.071
  13.496     821     6464.8      912.1    0.071
  13.513     822     6464.4      911.8    0.069
  13.531     823     6463.9      911.1    0.092
  13.551     824     6464.0      909.1    0.078
  13.569     825     6464.4      908.2    0.072
  13.585     826     6463.9      908.3    0.074
  13.602     827     6464.3      908.0    0.070
  13.619     828     6463.9      908.6    0.070
  13.637     829     6462.8      908.3    0.074
  13.655     830     6461.9      908.4    0.070
  13.671     831     6462.3      908.2    0.071
  13.691     832     6462.7      908.1    0.075
  13.708     833     6462.6      906.9    0.084
  13.727     834     6461.3      906.5    0.073
  13.744     835     6461.7      907.1    0.074
  13.760     836     6460.9      906.3    0.070
  13.777     837     6460.9      906.4    0.069
  13.796     838     6461.2      906.5    0.070
  13.814     839     6461.0      906.6    0.068
  13.831     840     6460.3      906.5    0.073
  13.849     841     6459.9      907.1    0.069
  13.865     842     6459.7      907.0    0.068
  13.882     843     6459.0      906.6    0.072
  13.899     844     6458.9      907.1    0.069
  13.918     845     6459.1      907.1    0.069
  13.934     846     6459.7      906.1    0.072
  13.952     847     6459.5      905.5    0.075
  13.969     848     6460.4      905.8    0.070
  13.985     849     6460.2      905.4    0.071
  14.004     850     6459.3      905.5    0.077
  14.020     851     6458.4      905.6    0.075
  14.040     852     6457.5      905.1    0.080
  14.058     853     6457.7      905.0    0.073
  14.078     854     6457.9      904.9    0.071
  14.098     855     6458.4      905.0    0.073
  14.114     856     6458.3      905.9    0.071
  14.132     857     6458.1      905.9    0.076
  14.149     858     6458.5      905.8    0.073
  14.167     859     6458.6      905.5    0.072
  14.183     860     6458.1      905.5    0.072
  14.200     861     6457.1      905.3    0.072
  14.218     862     6456.7      904.9    0.069
  14.236     863     6456.6      905.8    0.071
  14.251     864     6455.3      905.6    0.069
  14.268     865     6455.2      905.6    0.069
  14.286     866     6454.6      905.5    0.070
  14.302     867     6454.4      905.3    0.103
  14.319     868     6454.0      904.5    0.067
  14.336     869     6454.0      904.4    0.070
  14.353     870     6453.8      904.6    0.069
  14.370     871     6455.0      905.3    0.069
  14.387     872     6454.8      905.8    0.070
  14.404     873     6454.7      905.9    0.069
  14.421     874     6455.0      906.0    0.068
  14.439     875     6454.4      906.0    0.105
  14.455     876     6455.3      905.0    0.067
  14.472     877     6454.9      904.9    0.070
  14.489     878     6455.0      904.8    0.068
  14.506     879     6453.9      904.2    0.068
  14.523     880     6459.9      899.8    0.070
  14.541     881     6466.5      895.2    0.085
  14.559     882     6465.6      895.8    0.079
  14.577     883     6464.3      895.8    0.073
  14.593     884     6465.0      896.1    0.073
  14.610     885     6464.2      896.0    0.069
  14.626     886     6464.1      896.6    0.070
  14.646     887     6463.9      897.3    0.074
  14.666     888     6463.7      897.4    0.070
  14.682     889     6463.8      897.7    0.072
  14.699     890     6463.4      898.2    0.068
  14.718     891     6462.7      898.7    0.081
  14.736     892     6462.5      898.9    0.078
  14.752     893     6461.3      898.8    0.070
  14.769     894     6460.7      899.2    0.070
  14.785     895     6459.0      899.6    0.068
  14.802     896     6458.0      900.2    0.068
  14.821     897     6457.0      900.1    0.069
  14.837     898     6456.4      899.6    0.070
  14.859     899     6455.9      899.7    0.141
  14.873     900     6455.5      900.9    0.086
  14.889     901     6455.8      901.6    0.080
  14.906     902     6455.2      901.8    0.073
  14.922     903     6454.7      901.7    0.071
  14.939     904     6453.5      901.3    0.112
  14.956     905     6454.5      902.6    0.086
  14.973     906     6456.0      903.0    0.075
  14.989     907     6456.4      904.1    0.075
  15.005     908     6456.7      903.9    0.071
  15.022     909     6455.5      904.4    0.070
  15.039     910     6454.8      904.1    0.079
  15.059     911     6454.2      904.2    0.073
  15.082     912     6453.5      904.2    0.067
  15.101     913     6452.9      904.9    0.066
  15.121     914     6452.3      905.2    0.062
  15.141     915     6451.7      905.3    0.076
  15.159     916     6451.8      906.0    0.072
  15.177     917     6451.6      906.6    0.069
  15.195     918     6451.4      906.6    0.070
  15.213     919     6451.2      905.7    0.069
  15.229     920     6451.3      905.7    0.073
  15.248     921     6451.0      905.5    0.072
  15.264     922     6450.6      905.9    0.069
  15.281     923     6450.7      906.0    0.071
  15.298     924     6450.2      905.5    0.070
  15.316     925     6448.9      905.0    0.069
  15.332     926     6448.5      905.2    0.072
  15.349     927     6447.8      905.3    0.069
  15.366     928     6448.0      904.8    0.068
  15.384     929     6448.3      906.1    0.074
  15.401     930     6447.6      906.5    0.071
  15.417     931     6447.7      906.1    0.069
  15.435     932     6447.6      905.9    0.130
  15.450     933     6448.1      905.2    0.106
  15.469     934     6447.8      905.4    0.084
  15.485     935     6446.7      906.2    0.080
  15.502     936     6447.1      906.5    0.072
  15.519     937     6446.7      906.0    0.072
  15.536     938     6446.5      905.6    0.092
  15.553     939     6446.7      905.4    0.076
  15.571     940     6445.9      904.8    0.076
  15.589     941     6445.6      905.5    0.074
  15.605     942     6445.0      905.8    0.071
  15.622     943     6444.6      905.7    0.070
  15.639     944     6444.4      906.3    0.071
  15.656     945     6443.8      905.8    0.070
  15.674     946     6442.5      906.1    0.070
  15.692     947     6442.1      905.4    0.071
  15.708     948     6441.6      905.7    0.081
  15.725     949     6441.1      906.2    0.072
  15.742     950     6440.6      906.4    0.073
  15.761     951     6440.7      906.5    0.108
  15.779     952     6440.1      907.8    0.111
  15.797     953     6439.5      907.6    0.091
  15.813     954     6439.3      907.5    0.080
  15.831     955     6438.8      906.4    0.075
  15.847     956     6439.1      906.5    0.073
  15.866     957     6439.1      906.1    0.068
  15.882     958     6437.9      907.1    0.068
  15.900     959     6437.5      907.3    0.067
  15.917     960     6437.4      908.1    0.065
  15.933     961     6437.4      908.3    0.074
  15.950     962     6438.4      908.4    0.077
  15.969     963     6439.2      908.0    0.074
  15.985     964     6438.6      907.6    0.075
  16.002     965     6454.1      897.6    0.075
  16.021     966     6470.1      888.6    0.072
  16.040     967     6485.3      880.1    0.074
  16.057     968     6484.0      880.3    0.084
  16.073     969     6483.5      881.1    0.077
  16.090     970     6482.5      882.2    0.080
  16.107     971     6482.0      883.5    0.104
  16.127     972     6481.4      883.9    0.075
  16.143     973     6481.1      885.0    0.077
  16.164     974     6480.7      885.3    0.068
  16.180     975     6480.6      885.9    0.087
  16.196     976     6479.5      886.6    0.068
  16.214     977     6477.9      886.4    0.067
  16.232     978     6477.5      886.6    0.065
  16.248     979     6476.8      887.4    0.071
  16.270     980     6476.2      888.4    0.065
  16.289     981     6476.2      888.9    0.069
  16.305     982     6474.6      889.2    0.067
  16.323     983     6473.7      889.8    0.064
  16.340     984     6473.4      889.1    0.101
  16.356     985     6474.1      889.0    0.075
  16.373     986     6472.7      889.0    0.076
  16.389     987     6473.7      888.6    0.075
  16.408     988     6473.2      888.8    0.077
  16.424     989     6473.2      889.8    0.075
  16.442     990     6472.2      889.7    0.072
  16.462     991     6471.4      890.4    0.067
  16.479     992     6470.5      891.5    0.066
  16.498     993     6468.8      892.5    0.068
  16.516     994     6467.4      893.0    0.089
  16.531     995     6466.8      893.3    0.083
  16.548     996     6465.4      894.5    0.096
  16.566     997     6463.8      894.5    0.081
  16.582     998     6462.5      895.3    0.074
  16.599     999     6461.9      895.7    0.075
  16.616    1000     6461.0      896.4    0.075
  16.633    1001     6460.1      897.3    0.070
  16.649    1002     6459.2      897.5    0.072
  16.666    1003     6458.3      898.8    0.064
  16.684    1004     6457.8      898.8    0.066
  16.703    1005     6457.8      898.8    0.076
  16.718    1006     6457.7      898.8    0.067
  16.737    1007     6458.0      898.3    0.080
  16.753    1008     6457.5      898.5    0.073
  16.770    1009     6456.9      899.0    0.072
  16.787    1010     6456.0      899.7    0.072
  16.804    1011     6455.0      900.7    0.071
  16.821    1012     6454.4      900.6    0.070
  16.837    1013     6455.3      900.5    0.073
  16.854    1014     6454.3      901.8    0.074
  16.871    1015     6453.7      902.1    0.072
  16.888    1016     6459.7      899.0    0.076
  16.905    1017     6460.1      898.7    0.073
  16.922    1018     6459.2      900.1    0.079
  16.939    1019     6459.5      902.0    0.105
  16.956    1020     6459.3      902.1    0.085
  16.972    1021     6459.0      902.9    0.081
  16.989    1022     6458.4      903.3    0.081
  17.005    1023     6458.6      903.0    0.076
  17.024    1024     6458.8      903.8    0.072
  17.040    1025     6458.9      904.6    0.073
  17.057    1026     6458.6      904.9    0.063
  17.073    1027     6459.5      905.4    0.063
  17.091    1028     6459.2      905.7    0.063
  17.107    1029     6457.2      906.7    0.069
  17.124    1030     6458.4      905.6    0.065
  17.142    1031     6458.9      905.7    0.077
  17.161    1032     6458.7      905.5    0.071
  17.176    1033     6457.9      904.7    0.070
  17.193    1034     6456.7      903.7    0.072
  17.211    1035     6455.9      904.3    0.070
  17.228    1036     6456.0      904.5    0.069
  17.244    1037     6457.7      904.8    0.076
  17.261    1038     6458.6      904.7    0.070
  17.281    1039     6459.8      904.4    0.075
  17.298    1040     6460.7      904.2    0.071
  17.315    1041     6459.7      904.7    0.070
  17.332    1042     6460.0      904.4    0.072
  17.349    1043     6459.2      905.6    0.072
  17.365    1044     6459.0      905.7    0.069
  17.384    1045     6458.4      905.6    0.071
  17.401    1046     6457.8      906.3    0.071
  17.417    1047     6457.5      907.1    0.071
  17.434    1048     6457.3      907.5    0.073
  17.452    1049     6456.3      907.7    0.079
  17.469    1050     6456.6      908.2    0.070
  17.485    1051     6456.7      907.5    0.071
  17.504    1052     6456.7      907.0    0.071
  17.520    1053     6456.8      907.8    0.069
  17.537    1054     6456.2      907.5    0.089
  17.554    1055     6456.8      907.4    0.076
  17.571    1056     6457.1      906.6    0.071
  17.589    1057     6456.5      906.4    0.079
  17.607    1058     6454.9      906.4    0.074
  17.625    1059     6453.8      906.7    0.070
  17.643    1060     6453.1      907.0    0.075
  17.661    1061     6453.3      906.8    0.071
  17.678    1062     6453.3      907.6    0.071
  17.695    1063     6454.1      907.5    0.071
  17.713    1064     6454.4      906.6    0.081
  17.729    1065     6454.9      906.8    0.074
  17.746    1066     6455.3      907.6    0.076
  17.763    1067     6455.6      907.7    0.071
  17.780    1068     6456.2      907.5    0.074
  17.796    1069     6455.9      907.8    0.072
  17.813    1070     6455.3      907.7    0.071
  17.831    1071     6454.8      907.3    0.070
  17.849    1072     6453.8      906.9    0.073
  17.865    1073     6454.1      906.5    0.070
  17.882    1074     6454.1      906.3    0.070
  17.899    1075     6454.3      906.4    0.072
  17.915    1076     6454.6      905.4    0.071
  17.932    1077     6454.1      903.7    0.069
  17.949    1078     6454.7      904.5    0.097
  17.966    1079     6454.9      904.6    0.081
  17.983    1080     6454.9      904.5    0.071
  17.999    1081     6454.8      904.8    0.082
  18.015    1082     6454.4      904.3    0.076
  18.032    1083     6454.0      903.9    0.073
  18.049    1084     6455.6      902.6    0.072
  18.067    1085     6457.1      901.8    0.065
  18.085    1086     6459.5      900.3    0.064
  18.100    1087     6460.9      897.9    0.068
  18.117    1088     6460.2      897.6    0.065
  18.135    1089     6458.8      896.8    0.068
  18.152    1090     6458.2      897.1    0.103
  18.169    1091     6459.0      897.6    0.073
  18.186    1092     6459.2      897.2    0.072
  18.203    1093     6458.6      897.2    0.072
  18.219    1094     6458.0      897.4    0.070
  18.236    1095     6458.2      897.9    0.070
  18.254    1096     6458.1      898.3    0.073
  18.272    1097     6458.8      898.7    0.072
  18.288    1098     6458.5      898.8    0.073
  18.304    1099     6458.2      898.2    0.074
  18.323    1100     6457.2      897.5    0.070
  18.341    1101     6456.8      898.2    0.072
  18.357    1102     6456.4      899.0    0.072
  18.375    1103     6456.0      899.3    0.071
  18.392    1104     6455.3      899.9    0.076
  18.410    1105     6455.0      899.9    0.072
  18.428    1106     6453.4      900.0    0.113
  18.446    1107     6452.5      899.7    0.112
  18.464    1108     6452.1      899.9    0.083
  18.481    1109     6452.1      900.2    0.079
  18.498    1110     6451.7      900.7    0.075
  18.518    1111     6451.2      900.8    0.073
  18.534    1112     6450.3      900.8    0.086
  18.551    1113     6449.4      900.6    0.076
  18.570    1114     6448.7      900.8    0.142
  18.587    1115     6448.8      900.9    0.113
  18.605    1116     6449.1      900.7    0.085
  18.623    1117     6448.5      900.3    0.107
  18.641    1118     6448.9      901.7    0.108
  18.657    1119     6449.3      901.9    0.105
  18.675    1120     6450.3      902.6    0.081
  18.693    1121     6450.4      902.4    0.079
  18.711    1122     6450.5      902.1    0.081
  18.727    1123     6450.1      902.6    0.079
  18.744    1124     6450.6      902.0    0.076
  18.762    1125     6451.2      900.8    0.072
  18.779    1126     6452.4      901.1    0.074
  18.796    1127     6452.1      900.9    0.070
  18.814    1128     6453.6      899.9    0.069
  18.832    1129     6454.9      900.1    0.142
  18.848    1130     6454.7      900.7    0.083
  18.868    1131     6453.6      900.9    0.075
  18.886    1132     6452.8      901.2    0.072
  18.903    1133     6452.2      901.7    0.068
  18.921    1134     6452.0      901.3    0.063
  18.939    1135     6452.0      901.6    0.062
  18.957    1136     6451.2      901.7    0.063
  18.973    1137     6451.4      902.0    0.073
  18.992    1138     6451.6      902.0    0.082
  19.009    1139     6452.2      902.5    0.073
  19.026    1140     6451.3      902.3    0.078
  19.044    1141     6451.1      902.0    0.105
  19.060    1142     6451.5      901.4    0.084
  19.077    1143     6451.8      902.0    0.072
  19.095    1144     6452.0      902.1    0.074
  19.114    1145     6452.2      902.2    0.071
  19.131    1146     6451.9      901.6    0.072
  19.147    1147     6451.3      901.6    0.073
  19.164    1148     6450.6      900.6    0.076
  19.183    1149     6450.7      900.3    0.070
  19.201    1150     6450.5      900.1    0.084
  19.216    1151     6450.1      899.9    0.081
  19.234    1152     6449.8      899.9    0.075
  19.252    1153     6449.0      899.8    0.083
  19.270    1154     6448.1      900.2    0.082
  19.286    1155     6447.8      899.5    0.073
  19.306    1156     6447.5      899.6    0.074
  19.324    1157     6446.7      898.9    0.072
  19.342    1158     6446.2      899.3    0.104
  19.360    1159     6445.6      899.6    0.070
  19.376    1160     6444.7      900.6    0.070
  19.395    1161     6444.0      900.9    0.071
  19.411    1162     6443.7      902.6    0.070
  19.429    1163     6442.4      903.5    0.069
  19.451    1164     6441.1      904.6    0.068
  19.467    1165     6441.9      904.6    0.070
  19.486    1166     6441.5      904.5    0.069
  19.505    1167     6441.4      904.7    0.069
  19.527    1168     6441.5      904.9    0.068
  19.543    1169     6442.1      905.3    0.087
  19.560    1170     6442.6      904.6    0.073
  19.578    1171     6442.7      904.3    0.073
  19.594    1172     6443.2      904.1    0.072
  19.612    1173     6443.1      904.3    0.075
  19.630    1174     6443.3      904.6    0.070
  19.650    1175     6442.7      904.8    0.072
  19.669    1176     6442.2      905.6    0.070
  19.686    1177     6441.3      904.5    0.071
  19.703    1178     6440.1      904.3    0.084
  19.723    1179     6438.8      903.8    0.072
  19.739    1180     6438.5      903.1    0.071
  19.756    1181     6438.7      903.8    0.075
  19.773    1182     6438.8      903.2    0.071
  19.789    1183     6439.1      903.1    0.069
  19.808    1184     6439.9      902.2    0.076
  19.824    1185     6439.5      902.0    0.070
  19.842    1186     6438.5      902.2    0.073
  19.858    1187     6439.9      901.9    0.072
  19.875    1188     6440.4      901.1    0.105
  19.892    1189     6440.4      901.7    0.092
  19.909    1190     6441.8      901.7    0.076
  19.928    1191     6442.2      900.9    0.103
  19.944    1192     6442.6      900.6    0.082
  19.962    1193     6443.0      900.1    0.072
  19.980    1194     6443.7      900.1    0.071
  19.996    1195     6443.8      901.7    0.076
  20.015    1196     6442.6      902.3    0.079
  20.031    1197     6443.2      900.9    0.075
  20.049    1198     6444.0      900.5    0.093
  20.067    1199     6443.9      901.0    0.077
  20.085    1200     6443.9      901.3    0.078
  20.103    1201     6444.1      900.9    0.074
  20.119    1202     6444.3      901.4    0.072
  20.136    1203     6445.7      900.8    0.071
  20.154    1204     6445.9      900.0    0.077
  20.172    1205     6445.7      899.3    0.071
  20.190    1206     6446.0      899.4    0.073
  20.206    1207     6445.7      899.7    0.072
  20.223    1208     6445.1      900.5    0.069
  20.241    1209     6444.6      900.6    0.070
  20.257    1210     6445.3      900.1    0.115
  20.274    1211     6445.0      900.7    0.075
  20.292    1212     6444.6      900.3    0.072
  20.309    1213     6445.3      900.8    0.071
  20.325    1214     6445.4      900.8    0.070
  20.344    1215     6445.3      900.3    0.075
  20.363    1216     6445.2      899.8    0.072
  20.382    1217     6445.7      899.5    0.082
  20.399    1218     6446.3      898.9    0.113
  20.415    1219     6446.0      898.9    0.072
  20.432    1220     6445.8      899.4    0.071
  20.448    1221     6446.0      900.2    0.071
  20.465    1222     6444.9      900.5    0.071
  20.484    1223     6443.5      901.1    0.070
  20.500    1224     6442.7      900.8    0.073
  20.520    1225     6442.0      901.4    0.070
  20.538    1226     6442.1      901.9    0.088
  20.554    1227     6441.4      902.9    0.075
  20.574    1228     6440.7      902.6    0.073
  20.594    1229     6439.2      902.0    0.073
  20.614    1230     6437.9      901.1    0.072
  20.630    1231     6438.6      900.9    0.070
  20.647    1232     6438.2      901.8    0.072
  20.667    1233     6438.1      902.5    0.086
  20.684    1234     6438.2      901.8    0.074
  20.700    1235     6438.5      902.0    0.077
  20.717    1236     6438.5      901.7    0.122
  20.733    1237     6438.7      902.1    0.074
  20.752    1238     6438.2      902.7    0.073
  20.770    1239     6437.7      903.2    0.108
  20.786    1240     6437.9      903.7    0.083
  20.805    1241     6437.0      903.4    0.081
  20.821    1242     6436.4      903.0    0.095
  20.839    1243     6436.8      903.6    0.078
  20.859    1244     6437.2      904.3    0.140
  20.875    1245     6437.0      903.8    0.084
  20.892    1246     6436.9      903.9    0.079
  20.908    1247     6436.7      904.7    0.076
  20.926    1248     6436.8      903.4    0.065
  20.943    1249     6437.4      903.3    0.064
  20.959    1250     6438.8      903.3    0.065
  20.976    1251     6440.2      903.6    0.103
  20.996    1252     6441.2      903.4    0.077
  21.014    1253     6442.3      903.7    0.076
  21.032    1254     6442.6      903.1    0.073
  21.050    1255     6443.1      902.5    0.072
  21.066    1256     6442.6      902.6    0.082
  21.084    1257     6442.6      902.4    0.112
  21.100    1258     6442.6      901.9    0.075
  21.118    1259     6443.2      901.0    0.072
  21.134    1260     6442.9      901.0    0.071
  21.151    1261     6443.6      901.0    0.070
  21.168    1262     6445.0      900.2    0.070
  21.185    1263     6445.3      900.7    0.071
  21.201    1264     6445.6      900.5    0.075
  21.218    1265     6446.7      899.5    0.070
  21.235    1266     6446.1      900.0    0.069
  21.252    1267     6446.6      900.7    0.069
  21.272    1268     6447.4      901.3    0.086
  21.289    1269     6447.5      901.8    0.078
  21.305    1270     6449.0      902.4    0.071
  21.321    1271     6449.7      902.9    0.063
  21.339    1272     6450.0      902.8    0.062
  21.357    1273     6449.6      903.0    0.063
  21.375    1274     6450.2      902.7    0.065
  21.392    1275     6449.6      902.0    0.062
  21.411    1276     6449.5      901.8    0.074
  21.427    1277     6449.5      901.7    0.114
  21.446    1278     6449.5      900.6    0.123
  21.465    1279     6449.8      900.5    0.084
  21.482    1280     6448.9      899.9    0.076
  21.500    1281     6448.5      900.0    0.114
  21.518    1282     6464.1      892.0    0.070
  21.538    1283     6479.4      883.3    0.092
  21.554    1284     6478.7      883.3    0.075
  21.573    1285     6478.2      882.3    0.071
  21.592    1286     6477.7      883.3    0.081
  21.607    1287     6477.8      883.8    0.071
  21.629    1288     6478.0      884.2    0.062
  21.647    1289     6478.5      884.8    0.066
  21.665    1290     6478.5      885.2    0.064
  21.683    1291     6478.4      886.5    0.065
  21.700    1292     6477.9      886.4    0.121
  21.718    1293     6477.1      885.9    0.084
  21.736    1294     6477.7      884.7    0.077
  21.752    1295     6476.2      885.9    0.072
  21.769    1296     6476.2      887.2    0.070
  21.786    1297     6475.6      887.3    0.075
  21.802    1298     6474.9      886.8    0.073
  21.818    1299     6475.2      887.3    0.071
  21.835    1300     6491.0      878.9    0.072
  21.853    1301     6506.3      870.4    0.071
  21.875    1302     6521.6      862.5    0.071
  21.892    1303     6521.0      863.3    0.070
  21.909    1304     6520.4      864.1    0.071
  21.927    1305     6519.0      865.3    0.069
  21.944    1306     6517.6      865.9    0.069
  21.964    1307     6516.2      865.7    0.069
  21.982    1308     6514.8      865.7    0.069
  21.999    1309     6513.5      865.9    0.125
  22.019    1310     6512.4      866.8    0.075
  22.035    1311     6518.0      864.6    0.073
  22.054    1312     6516.6      866.1    0.069
  22.073    1313     6515.2      866.4    0.069
  22.091    1314     6513.8      867.0    0.067
  22.107    1315     6513.1      867.8    0.070
  22.124    1316     6512.4      868.3    0.069
  22.143    1317     6511.2      869.0    0.069
  22.161    1318     6510.2      869.7    0.073
  22.177    1319     6509.6      871.8    0.069
  22.197    1320     6508.9      872.7    0.069
  22.214    1321     6508.3      873.7    0.073
  22.231    1322     6507.5      873.8    0.078
  22.247    1323     6506.5      873.5    0.070
  22.267    1324     6506.3      873.4    0.070
  22.285    1325     6505.3      873.5    0.071
  22.306    1326     6503.6      873.4    0.072
  22.326    1327     6501.8      874.0    0.070
  22.344    1328     6500.6      874.9    0.069
  22.364    1329     6498.9      875.7    0.068
  22.381    1330     6497.6      876.7    0.068
  22.400    1331     6505.6      879.9    0.074
  22.417    1332     6513.1      882.8    0.069
  22.437    1333     6521.0      885.5    0.069
  22.455    1334     6528.6      887.5    0.070
  22.471    1335     6536.5      889.2    0.106
  22.487    1336     6534.3      890.2    0.079
  22.504    1337     6532.8      890.1    0.078
  22.524    1338     6531.3      890.2    0.073
  22.542    1339     6529.9      891.1    0.111
  22.560    1340     6528.5      891.5    0.093
  22.578    1341     6527.0      891.3    0.077
  22.597    1342     6525.4      891.5    0.106
  22.613    1343     6524.4      892.2    0.079
  22.631    1344     6522.8      892.0    0.070
  22.647    1345     6521.7      892.9    0.065
  22.664    1346     6520.6      893.9    0.093
  22.681    1347     6518.6      893.7    0.062
  22.698    1348     6516.5      893.9    0.068
  22.715    1349     6514.8      894.3    0.085
  22.734    1350     6513.3      894.9    0.074
  22.749    1351     6511.5      895.6    0.076
  22.766    1352     6510.3      895.8    0.072
  22.784    1353     6508.5      896.6    0.071
  22.800    1354     6507.8      896.3    0.076
  22.817    1355     6506.5      896.7    0.071
  22.836    1356     6505.0      897.0    0.069
  22.854    1357     6503.2      897.9    0.072
  22.876    1358     6501.5      898.7    0.071
  22.892    1359     6501.1      898.0    0.103
  22.909    1360     6499.6      898.0    0.100
  22.929    1361     6498.1      898.0    0.078
  22.946    1362     6497.1      898.0    0.076
  22.964    1363     6495.4      897.1    0.097
  22.982    1364     6493.9      896.9    0.098
  22.998    1365     6493.3      896.0    0.082
  23.016    1366     6492.8      896.4    0.079
  23.032    1367     6491.8      896.1    0.085
  23.052    1368     6491.1      896.3    0.077
  23.069    1369     6490.8      896.4    0.074
  23.087    1370     6489.6      896.5    0.065
  23.106    1371     6489.1      897.3    0.077
  23.123    1372     6489.2      897.0    0.070
  23.142    1373     6489.1      897.0    0.071
  23.160    1374     6489.2      897.4    0.071
  23.178    1375     6488.9      898.3    0.070
  23.198    1376     6488.0      898.9    0.070
  23.216    1377     6487.5      899.6    0.074
  23.232    1378     6486.7      900.8    0.069
  23.249    1379     6486.8      901.9    0.071
  23.266    1380     6486.3      902.1    0.072
  23.282    1381     6486.4      901.6    0.070
  23.302    1382     6487.1      901.3    0.114
  23.317    1383     6486.4      901.3    0.086
  23.334    1384     6486.1      901.9    0.077
  23.351    1385     6485.6      902.1    0.077
  23.368    1386     6485.5      901.8    0.104
  23.385    1387     6486.1      902.4    0.098
  23.403    1388     6485.2      901.9    0.129
  23.423    1389     6484.2      901.3    0.121
  23.439    1390     6484.5      901.5    0.074
  23.461    1391     6484.8      902.1    0.075
  23.479    1392     6485.5      902.4    0.072
  23.495    1393     6485.2      902.4    0.070
  23.512    1394     6485.6      902.4    0.074
  23.529    1395     6486.1      903.0    0.071
  23.546    1396     6485.7      903.2    0.085
  23.562    1397     6486.1      903.3    0.080
  23.579    1398     6486.6      903.7    0.083
  23.596    1399     6486.3      903.7    0.072
  23.613    1400     6486.8      903.4    0.075
  23.629    1401     6487.2      903.5    0.072
  23.646    1402     6487.7      903.9    0.071
  23.662    1403     6488.5      904.1    0.069
  23.680    1404     6489.3      904.6    0.070
  23.697    1405     6490.5      904.4    0.070
  23.714    1406     6491.6      904.5    0.093
  23.732    1407     6492.0      904.3    0.092
  23.749    1408     6491.5      903.9    0.075
  23.766    1409     6492.4      904.0    0.076
  23.782    1410     6493.1      903.6    0.079
  23.799    1411     6492.4      903.7    0.074
  23.815    1412     6491.8      903.0    0.072
  23.833    1413     6491.5      902.6    0.062
  23.851    1414     6490.8      901.4    0.065
  23.869    1415     6492.0      901.6    0.076
  23.885    1416     6491.5      901.4    0.072
  23.902    1417     6490.7      900.4    0.071
  23.921    1418     6490.1      900.1    0.074
  23.940    1419     6489.2      899.6    0.070
  23.957    1420     6488.7      899.0    0.073
  23.977    1421     6488.2      898.6    0.071
  23.995    1422     6487.4      897.8    0.069
  24.011    1423     6486.3      897.7    0.073
  24.030    1424     6486.6      898.7    0.070
  24.047    1425     6487.1      899.1    0.083
  24.064    1426     6487.3      898.0    0.074
  24.081    1427     6486.6      898.3    0.077
  24.098    1428     6484.7      899.0    0.072
  24.116    1429     6483.1      898.9    0.074
  24.134    1430     6482.6      898.7    0.070
  24.150    1431     6481.1      899.1    0.071
  24.167    1432     6481.1      899.7    0.072
  24.184    1433     6480.5      899.6    0.073
  24.202    1434     6480.4      899.3    0.072
  24.220    1435     6479.4      899.2    0.074
  24.236    1436     6479.3      899.2    0.070
  24.253    1437     6483.3      900.4    0.073
  24.270    1438     6482.2      900.2    0.071
  24.286    1439     6481.4      900.0    0.074
  24.308    1440     6480.7      900.3    0.073
  24.325    1441     6480.6      899.9    0.071
  24.341    1442     6480.0      899.8    0.070
  24.360    1443     6479.5      899.4    0.073
  24.377    1444     6479.3      899.4    0.071
  24.394    1445     6479.1      898.9    0.069
  24.412    1446     6478.6      897.9    0.074
  24.429    1447     6478.3      897.5    0.114
  24.447    1448     6477.0      897.2    0.119
  24.465    1449     6477.5      898.0    0.082
  24.486    1450     6478.1      898.7    0.077
  24.503    1451     6477.0      899.4    0.081
  24.522    1452     6475.9      899.7    0.068
  24.541    1453     6474.8      899.8    0.079
  24.561    1454     6473.6      899.2    0.073
  24.579    1455     6473.1      899.4    0.068
  24.599    1456     6472.1      899.4    0.065
  24.619    1457     6471.3      899.2    0.077
  24.636    1458     6471.4      898.7    0.074
  24.654    1459     6471.1      898.7    0.076
  24.672    1460     6471.4      899.3    0.073
  24.691    1461     6472.0      898.9    0.109
  24.706    1462     6472.4      898.7    0.116
  24.725    1463     6471.5      898.3    0.081
  24.744    1464     6470.6      898.7    0.075
  24.764    1465     6469.5      898.3    0.090
  24.780    1466     6469.7      897.8    0.077
  24.798    1467     6469.1      896.7    0.074
  24.817    1468     6470.0      896.3    0.078
  24.837    1469     6471.0      896.6    0.071
  24.853    1470     6471.1      896.6    0.076
  24.872    1471     6471.7      896.6    0.076
  24.890    1472     6472.0      896.0    0.106
  24.907    1473     6472.4      896.6    0.082
  24.925    1474     6472.8      896.5    0.076
  24.942    1475     6473.1      896.0    0.071
  24.958    1476     6474.1      896.7    0.073
  24.975    1477     6473.3      897.1    0.072
  24.992    1478     6472.7      897.5    0.069
  25.011    1479     6472.1      897.9    0.074
  25.027    1480     6472.6      898.7    0.072
  25.044    1481     6472.0      898.8    0.072
  25.061    1482     6471.7      898.6    0.078
  25.077    1483     6471.6      899.5    0.112
  25.097    1484     6471.4      899.9    0.072
  25.117    1485     6471.1      899.9    0.074
  25.137    1486     6471.1      901.5    0.070
  25.154    1487     6472.1      901.1    0.069
  25.170    1488     6472.0      901.0    0.106
  25.189    1489     6471.2      900.7    0.071
  25.208    1490     6470.3      899.8    0.084
  25.226    1491     6469.5      900.2    0.072
  25.245    1492     6468.7      899.8    0.070
  25.263    1493     6468.0      900.4    0.089
  25.279    1494     6467.9      900.8    0.105
  25.299    1495     6467.8      901.2    0.080
  25.317    1496     6466.7      900.9    0.074
  25.334    1497     6466.6      900.5    0.072
  25.351    1498     6466.7      900.3    0.069
  25.369    1499     6466.9      900.5    0.071
  25.388    1500     6466.6      900.4    0.079
  25.408    1501     6466.1      900.0    0.075
  25.425    1502     6467.0      900.3    0.073
  25.445    1503     6467.3      900.1    0.071
  25.466    1504     6467.6      899.8    0.075
  25.486    1505     6467.8      899.5    0.071
  25.502    1506     6467.4      899.1    0.069
  25.519    1507     6467.3      899.2    0.071
  25.538    1508     6467.2      899.3    0.086
  25.556    1509     6467.4      899.5    0.078
  25.572    1510     6466.4      900.6    0.076
  25.590    1511     6465.7      899.9    0.073
  25.607    1512     6464.1      898.9    0.075
  25.623    1513     6464.9      898.6    0.075
  25.640    1514     6465.2      898.1    0.073
  25.657    1515     6464.8      897.2    0.075
  25.676    1516     6464.3      897.3    0.072
  25.694    1517     6463.1      897.4    0.069
  25.713    1518     6463.1      898.0    0.086
  25.729    1519     6462.3      899.0    0.072
  25.746    1520     6462.2      898.6    0.069
  25.765    1521     6463.2      898.8    0.074
  25.782    1522     6462.8      899.1    0.115
  25.800    1523     6462.6      899.4    0.085
  25.816    1524     6462.6      899.4    0.078
  25.833    1525     6461.2      899.5    0.074
  25.850    1526     6460.9      899.7    0.071
  25.866    1527     6475.5      890.6    0.073
  25.883    1528     6474.5      890.1    0.073
  25.902    1529     6473.6      889.4    0.070
  25.919    1530     6473.1      890.4    0.071
  25.936    1531     6471.7      889.3    0.075
  25.958    1532     6470.4      888.4    0.072
  25.977    1533     6468.7      888.2    0.071
  25.996    1534     6466.8      888.4    0.082
  26.013    1535     6465.9      888.9    0.073
  26.031    1536     6464.6      889.5    0.070
  26.047    1537     6464.3      890.1    0.072
  26.066    1538     6463.9      890.7    0.072
  26.084    1539     6463.8      891.3    0.070
  26.100    1540     6463.7      891.4    0.076
  26.117    1541     6462.9      891.2    0.073
  26.134    1542     6462.6      892.0    0.071
  26.151    1543     6462.8      891.7    0.069
  26.167    1544     6462.0      892.9    0.071
  26.184    1545     6461.6      892.7    0.070
  26.203    1546     6461.9      893.4    0.076
  26.219    1547     6462.0      893.9    0.073
  26.236    1548     6461.8      894.2    0.070
  26.253    1549     6462.0      895.1    0.070
  26.270    1550     6461.3      895.8    0.072
  26.287    1551     6460.9      895.8    0.069
  26.303    1552     6461.6      895.8    0.072
  26.320    1553     6461.7      894.9    0.077
  26.337    1554     6461.4      894.5    0.073
  26.353    1555     6461.6      894.5    0.070
  26.369    1556     6460.7      895.4    0.071
  26.386    1557     6460.2      895.4    0.070
  26.403    1558     6460.5      895.1    0.069
  26.420    1559     6461.3      895.1    0.072
  26.436    1560     6461.5      895.8    0.070
  26.453    1561     6462.1      895.5    0.070
  26.469    1562     6462.4      894.3    0.071
  26.486    1563     6462.2      893.8    0.072
  26.505    1564     6463.2      894.0    0.069
  26.521    1565     6463.5      893.3    0.069
  26.540    1566     6461.8      893.2    0.092
  26.556    1567     6461.4      893.2    0.071
  26.573    1568     6462.4      892.6    0.071
  26.590    1569     6462.5      892.5    0.070
  26.606    1570     6462.5      892.1    0.070
  26.623    1571     6479.2      883.2    0.105
  26.640    1572     6479.4      882.9    0.076
  26.656    1573     6479.5      883.2    0.075
  26.674    1574     6479.3      884.2    0.073
  26.692    1575     6478.5      883.7    0.071
  26.709    1576     6478.4      884.4    0.077
  26.725    1577     6477.8      885.1    0.072
  26.741    1578     6477.4      885.3    0.071
  26.760    1579     6477.3      885.1    0.073
  26.777    1580     6477.1      885.1    0.069
  26.795    1581     6476.4      885.4    0.069
  26.812    1582     6474.8      885.4    0.074
  26.829    1583     6474.7      885.7    0.102
  26.849    1584     6474.5      886.4    0.068
  26.865    1585     6473.6      887.2    0.134
  26.881    1586     6474.2      887.7    0.079
  26.898    1587     6473.1      886.8    0.084
  26.915    1588     6473.3      886.5    0.083
  26.933    1589     6474.6      886.0    0.071
  26.950    1590     6473.8      886.1    0.071
  26.971    1591     6473.0      886.0    0.073
  26.990    1592     6472.6      885.9    0.069
  27.006    1593     6471.7      884.9    0.076
  27.024    1594     6471.0      884.8    0.075
  27.041    1595     6476.2      886.7    0.070
  27.058    1596     6475.4      886.8    0.069
  27.076    1597     6475.1      886.9    0.071
  27.092    1598     6474.7      886.4    0.070
  27.112    1599     6474.2      886.4    0.073
  27.130    1600     6473.5      887.2    0.071
  27.147    1601     6472.6      887.8    0.068
  27.165    1602     6471.7      888.6    0.070
  27.186    1603     6470.8      888.9    0.068
  27.203    1604     6478.6      891.3    0.068
  27.223    1605     6486.4      893.7    0.068
  27.240    1606     6486.0      893.9    0.068
  27.256    1607     6485.6      893.9    0.069
  27.275    1608     6485.9      893.8    0.070
  27.291    1609     6486.4      892.8    0.068
  27.308    1610     6485.9      892.6    0.069
  27.325    1611     6484.9      892.5    0.071
  27.343    1612     6483.3      892.7    0.108
  27.360    1613     6482.8      892.8    0.113
  27.376    1614     6482.4      893.0    0.081
  27.397    1615     6482.0      893.5    0.072
  27.416    1616     6481.3      893.6    0.073
  27.434    1617     6480.6      893.2    0.123
  27.450    1618     6481.2      894.3    0.106
  27.467    1619     6480.4      894.1    0.082
  27.486    1620     6480.2      893.7    0.074
  27.504    1621     6480.5      893.5    0.074
  27.522    1622     6480.4      893.8    0.071
  27.538    1623     6480.8      893.9    0.084
  27.555    1624     6480.6      893.7    0.071
  27.573    1625     6480.3      893.6    0.073
  27.589    1626     6480.3      894.2    0.071
  27.608    1627     6479.2      894.3    0.115
  27.624    1628     6478.9      894.4    0.082
  27.643    1629     6478.8      894.4    0.073
  27.659    1630     6478.6      894.8    0.070
  27.675    1631     6477.5      895.0    0.075
  27.692    1632     6478.1      894.9    0.071
  27.708    1633     6478.2      895.6    0.086
  27.725    1634     6477.8      895.9    0.073
  27.742    1635     6476.9      896.2    0.072
  27.762    1636     6476.0      896.7    0.078
  27.778    1637     6475.4      896.9    0.070
  27.800    1638     6474.8      896.7    0.072
  27.817    1639     6474.0      896.4    0.069
  27.836    1640     6473.3      895.7    0.079
  27.854    1641     6472.4      896.5    0.069
  27.869    1642     6472.0      897.2    0.116
  27.886    1643     6471.9      897.1    0.079
  27.903    1644     6471.6      896.6    0.076
  27.921    1645     6471.9      896.8    0.070
  27.937    1646     6472.2      896.8    0.070
  27.957    1647     6472.6      896.6    0.070
  27.975    1648     6472.5      896.2    0.077
  27.992    1649     6471.7      896.0    0.071
  28.009    1650     6472.5      896.5    0.069
  28.025    1651     6473.5      896.1    0.068
  28.042    1652     6472.6      895.7    0.075
  28.060    1653     6473.0      896.2    0.091
  28.076    1654     6473.0      896.4    0.099
  28.095    1655     6473.5      896.9    0.071
  28.112    1656     6473.9      897.5    0.096
  28.129    1657     6474.1      897.2    0.102
  28.146    1658     6473.5      897.6    0.081
  28.162    1659     6473.2      897.2    0.076
  28.181    1660     6474.2      897.2    0.111
  28.197    1661     6474.5      896.5    0.080
  28.214    1662     6475.9      896.5    0.088
  28.232    1663     6476.6      896.1    0.099
  28.249    1664     6477.7      895.4    0.071
  28.265    1665     6478.7      895.6    0.074
  28.283    1666     6478.9      895.2    0.071
  28.301    1667     6479.0      894.5    0.068
  28.320    1668     6479.3      894.4    0.093
  28.336    1669     6479.1      894.9    0.090
  28.353    1670     6480.1      894.0    0.070
  28.370    1671     6480.7      893.8    0.075
  28.387    1672     6480.8      894.1    0.072
  28.405    1673     6480.7      894.6    0.067
  28.421    1674     6481.3      895.1    0.070
  28.439    1675     6481.3      895.0    0.103
  28.455    1676     6480.9      895.3    0.068
  28.472    1677     6480.9      895.0    0.095
  28.490    1678     6481.2      894.5    0.069
  28.508    1679     6481.3      894.1    0.095
  28.526    1680     6481.5      893.5    0.070
  28.544    1681     6481.3      894.1    0.085
  28.562    1682     6481.7      893.2    0.070
  28.580    1683     6482.2      892.6    0.099
  28.597    1684     6481.7      892.1    0.075
  28.615    1685     6480.9      891.5    0.071
  28.632    1686     6480.2      891.8    0.104
  28.652    1687     6479.5      891.3    0.096
  28.672    1688     6478.8      891.2    0.094
  28.688    1689     6479.2      890.6    0.091
  28.704    1690     6479.9      891.3    0.111
  28.722    1691     6480.0      891.9    0.073
  28.739    1692     6480.0      892.7    0.069
  28.757    1693     6478.9      892.3    0.068
  28.776    1694     6477.6      891.1    0.070
  28.793    1695     6477.4      891.2    0.068
  28.811    1696     6477.2      890.9    0.068
  28.827    1697     6476.9      889.6    0.069
  28.846    1698     6477.3      889.3    0.068
  28.865    1699     6476.3      888.9    0.078
  28.884    1700     6475.3      889.6    0.069
  28.900    1701     6475.0      889.7    0.068
  28.920    1702     6474.6      889.8    0.076
  28.940    1703     6474.3      890.5    0.070
  28.956    1704     6473.0      889.8    0.068
  28.972    1705     6473.4      889.9    0.070
  28.990    1706     6473.5      890.0    0.068
  29.010    1707     6473.6      890.5    0.068
  29.028    1708     6473.7      891.2    0.069
  29.050    1709     6473.8      891.9    0.070
  29.067    1710     6472.9      892.8    0.081
  29.084    1711     6473.5      892.6    0.071
  29.099    1712     6472.8      892.0    0.070
  29.119    1713     6473.6      892.1    0.070
  29.134    1714     6473.2      891.5    0.069
  29.151    1715     6472.6      891.6    0.068
  29.168    1716     6473.8      891.5    0.071
  29.185    1717     6473.1      890.6    0.068
  29.202    1718     6473.5      890.1    0.067
  29.220    1719     6474.5      890.3    0.068
  29.238    1720     6474.3      889.3    0.068
  29.256    1721     6473.9      889.0    0.066
  29.272    1722     6473.5      889.1    0.068
  29.290    1723     6473.1      889.3    0.067
  29.310    1724     6472.2      889.1    0.068
  29.326    1725     6471.6      888.3    0.068
  29.342    1726     6472.6      887.3    0.067
  29.361    1727     6472.7      887.4    0.070
  29.377    1728     6472.9      887.0    0.070
  29.395    1729     6473.1      887.3    0.073
  29.411    1730     6472.3      887.2    0.072
  29.431    1731     6472.5      887.4    0.070
  29.447    1732     6473.4      887.7    0.069
  29.466    1733     6473.4      887.8    0.077
  29.483    1734     6474.0      887.8    0.073
  29.500    1735     6473.5      887.5    0.079
  29.517    1736     6473.5      888.1    0.074
  29.534    1737     6473.3      888.1    0.072
  29.553    1738     6473.1      888.1    0.086
  29.569    1739     6472.8      887.8    0.077
  29.585    1740     6472.7      888.1    0.070
  29.604    1741     6472.2      888.5    0.068
  29.623    1742     6472.7      888.8    0.070
  29.639    1743     6473.2      888.9    0.069
  29.658    1744     6473.8      888.4    0.068
  29.674    1745     6474.9      888.4    0.086
  29.692    1746     6475.5      888.4    0.074
  29.712    1747     6476.5      888.3    0.082
  29.729    1748     6476.4      887.6    0.071
  29.749    1749     6476.5      888.2    0.069
  29.768    1750     6476.8      888.1    0.075
  29.784    1751     6477.2      887.8    0.071
  29.800    1752     6477.5      889.0    0.071
  29.817    1753     6476.0      888.8    0.070
  29.834    1754     6478.0      888.2    0.068
  29.852    1755     6479.0      887.9    0.068
  29.873    1756     6479.5      888.2    0.104
  29.888    1757     6479.0      888.7    0.076
  29.907    1758     6479.1      889.2    0.074
  29.926    1759     6479.0      889.2    0.074
  29.945    1760     6479.2      890.0    0.069
  29.963    1761     6478.9      890.0    0.069
  29.981    1762     6478.3      889.3    0.078
  29.997    1763     6477.9      889.0    0.072
  30.014    1764     6477.4      889.2    0.071
  30.031    1765     6476.5      889.1    0.070
  30.048    1766     6476.9      890.1    0.101
  30.064    1767     6475.7      890.8    0.069
  30.083    1768     6474.6      890.8    0.069
  30.101    1769     6474.8      891.0    0.068
  30.116    1770     6473.9      891.7    0.069
  30.134    1771     6472.4      891.9    0.069
  30.152    1772     6472.0      892.3    0.067
  30.170    1773     6472.4      892.6    0.070
  30.190    1774     6472.4      893.0    0.067
  30.208    1775     6471.6      893.6    0.066
  30.225    1776     6471.1      892.9    0.074
  30.242    1777     6470.8      892.6    0.068
  30.262    1778     6470.6      893.1    0.067
  30.280    1779     6470.3      893.4    0.068
  30.299    1780     6469.9      892.6    0.072
  30.316    1781     6469.7      891.2    0.069
  30.334    1782     6470.5      890.6    0.068
  30.351    1783     6470.4      890.4    0.067
  30.370    1784     6469.8      890.3    0.078
  30.385    1785     6469.2      890.5    0.073
  30.402    1786     6468.6      891.0    0.071
  30.420    1787     6467.7      890.4    0.077
  30.437    1788     6467.6      890.7    0.117
  30.455    1789     6467.1      890.5    0.116
  30.473    1790     6466.9      889.6    0.086
  30.492    1791     6467.8      890.1    0.078
  30.511    1792     6468.8      890.8    0.073
  30.528    1793     6468.8      891.3    0.072
  30.550    1794     6468.7      891.7    0.090
  30.568    1795     6467.3      892.1    0.076
  30.587    1796     6465.9      893.1    0.078
  30.605    1797     6466.1      893.5    0.091
  30.625    1798     6466.5      894.1    0.077
  30.644    1799     6466.8      895.0    0.070
  30.662    1800     6466.7      895.5    0.071
  30.679    1801     6466.9      896.5    0.076
  30.696    1802     6466.7      896.0    0.071
  30.714    1803     6467.4      896.5    0.081
  30.734    1804     6468.1      895.9    0.106
  30.749    1805     6467.7      896.5    0.072
  30.769    1806     6467.4      897.1    0.075
  30.787    1807     6466.6      897.4    0.091
  30.803    1808     6466.7      897.6    0.085
  30.820    1809     6466.3      897.0    0.082
  30.839    1810     6474.9      899.2    0.072
  30.857    1811     6474.2      899.6    0.069
  30.874    1812     6474.2      899.6    0.076
  30.890    1813     6473.8      899.9    0.071
  30.907    1814     6473.6      899.9    0.072
  30.923    1815     6473.1      899.0    0.072
  30.941    1816     6473.1      898.1    0.070
  30.957    1817     6472.7      897.8    0.069
  30.976    1818     6472.0      897.2    0.072
  30.991    1819     6472.0      897.6    0.069
  31.008    1820     6472.2      898.2    0.076
  31.025    1821     6472.3      897.5    0.073
  31.042    1822     6472.1      896.8    0.071
  31.059    1823     6472.9      895.6    0.069
  31.077    1824     6473.6      895.0    0.070
  31.093    1825     6473.5      894.6    0.068
  31.112    1826     6473.4      895.1    0.069
  31.131    1827     6473.3      895.1    0.069
  31.149    1828     6474.2      895.8    0.068
  31.166    1829     6474.2      895.1    0.070
  31.182    1830     6473.4      894.4    0.069
  31.201    1831     6472.9      894.3    0.067
  31.219    1832     6473.0      894.3    0.067
  31.235    1833     6472.9      895.0    0.069
  31.252    1834     6474.0      894.8    0.067
  31.270    1835     6474.9      893.8    0.068
  31.288    1836     6474.8      894.6    0.069
  31.306    1837     6474.9      894.6    0.067
  31.324    1838     6474.6      894.7    0.070
  31.342    1839     6474.6      894.9    0.068
  31.360    1840     6474.6      895.4    0.069
  31.380    1841     6474.4      896.0    0.069
  31.396    1842     6474.2      895.0    0.068
  31.416    1843     6474.1      895.2    0.068
  31.433    1844     6474.7      894.8    0.068
  31.451    1845     6475.2      894.7    0.070
  31.469    1846     6475.3      894.7    0.069
  31.485    1847     6474.9      895.1    0.070
  31.502    1848     6475.2      895.0    0.069
  31.519    1849     6474.4      895.3    0.069
  31.536    1850     6473.3      894.9    0.069
  31.554    1851     6472.9      895.0    0.081
  31.570    1852     6472.4      895.4    0.070
  31.588    1853     6472.0      895.2    0.071
  31.605    1854     6472.5      895.4    0.071
  31.621    1855     6472.6      895.0    0.071
  31.639    1856     6471.3      894.1    0.070
  31.657    1857     6471.7      894.2    0.068
  31.675    1858     6472.4      893.1    0.076
  31.691    1859     6471.9      892.9    0.070
  31.709    1860     6472.3      893.0    0.080
  31.725    1861     6472.1      893.1    0.072
  31.741    1862     6471.8      892.7    0.070
  31.758    1863     6473.1      892.7    0.068
  31.777    1864     6473.5      892.5    0.072
  31.796    1865     6473.6      892.6    0.068
  31.811    1866     6473.6      892.3    0.068
  31.828    1867     6473.9      892.0    0.069
  31.845    1868     6474.5      891.4    0.068
  31.862    1869     6474.3      890.5    0.068
  31.878    1870     6474.5      890.8    0.069
  31.895    1871     6474.2      891.4    0.066
  31.915    1872     6473.7      891.3    0.066
  31.932    1873     6473.5      890.2    0.079
  31.949    1874     6474.4      888.8    0.069
  31.967    1875     6474.6      888.4    0.068
  31.983    1876     6475.1      887.9    0.071
  32.001    1877     6474.2      887.9    0.070
  32.019    1878     6474.6      889.5    0.072
  32.035    1879     6474.3      888.5    0.078
  32.052    1880     6475.1      891.9    0.073
  32.069    1881     6476.9      895.4    0.069
  32.091    1882     6477.9      896.5    0.070
  32.107    1883     6478.2      896.4    0.070
  32.126    1884     6478.7      898.6    0.070
  32.144    1885     6479.5      901.0    0.069
  32.160    1886     6479.8      903.9    0.069
  32.178    1887     6480.8      906.2    0.072
  32.196    1888     6480.6      908.6    0.068
  32.214    1889     6481.7      910.2    0.068
  32.231    1890     6483.1      911.4    0.069
  32.250    1891     6484.5      913.1    0.074
  32.271    1892     6485.8      913.8    0.070
  32.292    1893     6486.8      914.7    0.071
  32.308    1894     6486.7      915.7    0.068
  32.325    1895     6486.8      915.8    0.071
  32.343    1896     6487.5      915.1    0.072
  32.364    1897     6488.5      915.1    0.069
  32.381    1898     6487.4      913.5    0.072
  32.398    1899     6487.1      912.9    0.068
  32.415    1900     6487.2      912.5    0.075
  32.432    1901     6487.9      912.7    0.075
  32.450    1902     6487.4      912.2    0.070
  32.468    1903     6487.2      912.1    0.072
  32.484    1904     6487.6      912.8    0.071
  32.501    1905     6487.1      911.8    0.069
  32.520    1906     6488.2      911.1    0.069
  32.539    1907     6488.6      910.6    0.092
  32.554    1908     6489.0      909.6    0.077
  32.572    1909     6489.4      909.6    0.071
  32.588    1910     6488.8      909.6    0.074
  32.605    1911     6488.6      908.6    0.070
  32.624    1912     6487.1      908.4    0.073
  32.640    1913     6488.2      908.0    0.070
  32.659    1914     6487.7      907.5    0.068
  32.674    1915     6487.0      907.5    0.071
  32.692    1916     6486.7      907.4    0.070
  32.709    1917     6486.5      907.4    0.085
  32.725    1918     6486.3      907.7    0.077
  32.744    1919     6485.0      907.5    0.073
  32.760    1920     6484.9      907.8    0.070
  32.777    1921     6484.9      907.7    0.074
  32.794    1922     6485.5      907.6    0.072
  32.814    1923     6486.0      906.7    0.069
  32.832    1924     6486.7      906.0    0.069
  32.848    1925     6487.1      906.2    0.068
  32.866    1926     6486.7      906.3    0.134
  32.885    1927     6486.7      906.5    0.088
  32.903    1928     6486.7      905.8    0.074
  32.921    1929     6486.1      906.1    0.070
  32.937    1930     6486.1      906.7    0.072
  32.957    1931     6486.1      907.9    0.072
  32.976    1932     6486.0      907.5    0.075
  32.996    1933     6485.8      906.4    0.070
  33.014    1934     6485.8      906.5    0.069
  33.033    1935     6486.2      906.5    0.069
  33.052    1936     6486.3      906.0    0.076
  33.069    1937     6486.5      905.6    0.072
  33.089    1938     6486.6      905.2    0.075
  33.109    1939     6486.8      905.3    0.070
  33.130    1940     6486.9      905.5    0.072
  33.150    1941     6486.6      905.5    0.071
  33.166    1942     6486.0      906.5    0.071
  33.183    1943     6486.7      907.1    0.073
  33.200    1944     6485.6      906.8    0.070
  33.220    1945     6484.6      906.6    0.069
  33.241    1946     6484.1      906.5    0.069
  33.261    1947     6527.8      882.0    0.070
  33.277    1948     6569.2      858.0    0.074
  33.294    1949     6567.7      859.1    0.070
  33.312    1950     6566.5      860.7    0.108
  33.330    1951     6565.4      862.3    0.086
  33.348    1952     6563.1      862.7    0.071
  33.364    1953     6561.9      864.2    0.070
  33.381    1954     6559.8      865.2    0.073
  33.403    1955     6557.7      866.4    0.070
  33.423    1956     6555.6      867.8    0.070
  33.440    1957     6553.5      869.0    0.152
  33.455    1958     6552.6      869.6    0.114
  33.472    1959     6551.0      870.3    0.081
  33.489    1960     6550.1      871.0    0.080
  33.507    1961     6548.9      871.5    0.068
  33.524    1962     6548.0      872.5    0.065
  33.540    1963     6547.6      873.9    0.085
  33.559    1964     6546.0      874.4    0.065
  33.576    1965     6544.6      874.7    0.064
  33.593    1966     6544.1      874.8    0.075
  33.610    1967     6585.5      851.2    0.070
  33.627    1968     6583.0      852.4    0.073
  33.644    1969     6581.0      853.3    0.071
  33.662    1970     6579.5      854.7    0.080
  33.678    1971     6578.4      855.6    0.084
  33.695    1972     6575.8      856.3    0.077
  33.712    1973     6573.7      856.4    0.083
  33.729    1974     6571.6      856.6    0.077
  33.746    1975     6569.8      857.0    0.071
  33.764    1976     6568.7      857.9    0.070
  33.781    1977     6566.9      858.6    0.074
  33.798    1978     6565.3      860.2    0.069
  33.816    1979     6563.6      861.5    0.071
  33.832    1980     6562.1      861.8    0.070
  33.849    1981     6560.7      862.0    0.068
  33.867    1982     6559.3      863.3    0.069
  33.885    1983     6557.8      863.5    0.070
  33.903    1984     6555.9      863.8    0.069
  33.921    1985     6553.9      865.4    0.068
  33.937    1986     6553.0      866.2    0.068
  33.954    1987     6551.0      866.9    0.068
  33.971    1988     6548.5      867.8    0.071
  33.989    1989     6546.7      869.9    0.070
  34.009    1990     6544.8      871.3    0.068
  34.027    1991     6543.1      870.9    0.068
  34.043    1992     6542.4      870.3    0.069
  34.059    1993     6541.7      871.2    0.070
  34.078    1994     6540.7      872.2    0.081
  34.094    1995     6539.3      872.8    0.070
  34.112    1996     6537.8      874.2    0.071
  34.129    1997     6537.3      876.1    0.069
  34.145    1998     6536.2      876.4    0.069
  34.164    1999     6535.1      876.9    0.068
  34.180    2000     6535.1      878.0    0.070
  34.197    2001     6535.3      878.5    0.072
  34.214    2002     6533.8      878.2    0.070
  34.231    2003     6533.1      878.4    0.070
  34.248    2004     6531.6      877.9    0.068
  34.264    2005     6530.9      877.7    0.073
  34.283    2006     6530.6      878.4    0.073
  34.301    2007     6529.8      878.9    0.067
  34.317    2008     6528.8      879.0    0.068
  34.334    2009     6528.4      878.7    0.072
  34.351    2010     6528.3      878.4    0.068
  34.368    2011     6527.1      878.4    0.070
  34.385    2012     6526.5      878.6    0.069
  34.401    2013     6526.3      878.4    0.068
  34.418    2014     6526.0      878.7    0.086
  34.435    2015     6525.4      879.1    0.074
  34.452    2016     6524.7      879.6    0.070
  34.469    2017     6524.5      880.3    0.068
  34.486    2018     6524.0      880.1    0.071
  34.502    2019     6523.4      880.3    0.068
  34.518    2020     6522.6      880.6    0.072
  34.539    2021     6521.7      880.8    0.074
  34.559    2022     6520.9      880.6    0.083
  34.577    2023     6520.3      881.3    0.080
  34.595    2024     6519.4      881.7    0.075
  34.613    2025     6518.7      879.9    0.070
  34.631    2026     6518.0      879.9    0.074
  34.647    2027     6517.3      879.9    0.069
  34.667    2028     6516.6      879.8    0.069
  34.685    2029     6516.6      880.2    0.078
  34.703    2030     6516.5      881.1    0.084
  34.721    2031     6516.3      881.4    0.077
  34.737    2032     6515.3      882.6    0.073
  34.755    2033     6515.0      882.0    0.071
  34.771    2034     6514.9      880.9    0.071
  34.788    2035     6515.0      881.2    0.072
  34.805    2036     6513.8      881.2    0.069
  34.823    2037     6513.1      881.4    0.069
  34.839    2038     6512.5      881.8    0.070
  34.857    2039     6511.7      881.6    0.069
  34.873    2040     6510.9      882.1    0.145
  34.890    2041     6510.3      882.5    0.081
  34.909    2042     6510.1      883.1    0.075
  34.928    2043     6509.9      883.6    0.073
  34.944    2044     6509.8      884.3    0.079
  34.965    2045     6509.5      884.2    0.072
  34.983    2046     6508.7      884.1    0.074
  35.000    2047     6508.1      884.7    0.078
  35.020    2048     6507.5      885.2    0.074
  35.036    2049     6506.1      886.0    0.072
  35.053    2050     6506.4      885.8    0.069
  35.072    2051     6505.6      885.8    0.069
  35.090    2052     6504.7      885.1    0.073
  35.106    2053     6503.6      884.7    0.070
  35.123    2054     6503.0      884.6    0.069
  35.140    2055     6501.9      884.7    0.070
  35.160    2056     6501.5      885.2    0.068
  35.178    2057     6500.5      885.3    0.069
  35.194    2058     6499.2      885.4    0.071
  35.212    2059     6497.8      885.6    0.070
  35.229    2060     6496.9      886.0    0.069
  35.246    2061     6495.9      886.3    0.068
  35.262    2062     6494.0      886.6    0.068
  35.279    2063     6493.6      886.8    0.070
  35.296    2064     6493.7      885.7    0.071
  35.313    2065     6493.8      886.0    0.070
  35.330    2066     6492.5      886.1    0.069
  35.348    2067     6491.5      886.9    0.070
  35.365    2068     6491.5      886.8    0.068
  35.381    2069     6490.8      886.7    0.077
  35.399    2070     6491.0      886.5    0.070
  35.417    2071     6490.2      886.4    0.070
  35.435    2072     6490.1      886.8    0.069
  35.451    2073     6489.6      886.0    0.069
  35.468    2074     6490.8      886.3    0.068
  35.486    2075     6491.9      886.7    0.070
  35.506    2076     6493.0      887.3    0.070
  35.524    2077     6492.9      888.0    0.088
  35.540    2078     6492.9      887.7    0.104
  35.559    2079     6492.0      887.4    0.076
  35.577    2080     6491.3      887.4    0.070
  35.593    2081     6491.9      887.5    0.073
  35.610    2082     6491.9      888.0    0.070
  35.627    2083     6491.2      888.1    0.069
  35.646    2084     6490.1      888.2    0.070
  35.662    2085     6489.9      888.3    0.070
  35.679    2086     6489.4      889.1    0.072
  35.696    2087     6488.6      889.1    0.075
  35.713    2088     6488.0      889.8    0.081
  35.731    2089     6487.0      890.4    0.072
  35.749    2090     6485.8      890.4    0.072
  35.765    2091     6484.4      890.6    0.068
  35.784    2092     6482.8      890.7    0.070
  35.800    2093     6481.6      890.7    0.069
  35.818    2094     6481.2      891.0    0.095
  35.835    2095     6479.7      891.2    0.073
  35.855    2096     6478.5      892.2    0.071
  35.873    2097     6477.1      893.1    0.074
  35.890    2098     6475.7      892.8    0.072
  35.906    2099     6474.5      892.2    0.069
  35.923    2100     6473.2      891.8    0.069
  35.940    2101     6472.9      891.4    0.070
  35.960    2102     6471.8      891.1    0.069
  35.976    2103     6471.7      890.4    0.068
  35.995    2104     6471.1      890.8    0.070
  36.012    2105     6470.2      890.0    0.068
  36.029    2106     6470.1      890.4    0.078
  36.050    2107     6470.0      890.7    0.074
  36.069    2108     6469.2      891.3    0.070
  36.085    2109     6468.4      891.0    0.074
  36.102    2110     6468.7      892.1    0.102
  36.119    2111     6468.4      893.3    0.074
  36.137    2112     6467.9      894.2    0.076
  36.153    2113     6468.6      894.3    0.071
  36.172    2114     6473.1      895.0    0.069
  36.190    2115     6473.4      895.7    0.079
  36.208    2116     6473.0      895.9    0.071
  36.223    2117     6472.4      896.4    0.072
  36.242    2118     6472.6      896.9    0.070
  36.260    2119     6471.7      897.6    0.070
  36.276    2120     6471.8      897.3    0.079
  36.293    2121     6471.0      898.2    0.074
  36.310    2122     6471.1      899.1    0.070
  36.327    2123     6471.1      898.9    0.070
  36.345    2124     6471.3      898.4    0.068
  36.363    2125     6471.4      898.7    0.068
  36.379    2126     6471.7      898.2    0.068
  36.395    2127     6470.1      898.5    0.105
  36.412    2128     6469.5      897.9    0.068
  36.429    2129     6469.9      897.2    0.131
  36.448    2130     6470.0      897.2    0.121
  36.465    2131     6469.8      897.4    0.082
  36.482    2132     6468.5      898.4    0.078
  36.500    2133     6468.2      897.5    0.109
  36.520    2134     6468.6      896.6    0.095
  36.536    2135     6469.2      896.9    0.070
  36.553    2136     6469.4      897.5    0.078
  36.571    2137     6469.3      897.3    0.070
  36.588    2138     6468.9      897.3    0.077
  36.608    2139     6468.5      897.3    0.074
  36.624    2140     6468.4      897.4    0.071
  36.643    2141     6467.2      896.9    0.071
  36.661    2142     6467.1      897.0    0.070
  36.677    2143     6465.7      897.4    0.069
  36.694    2144     6466.1      897.1    0.071
  36.712    2145     6466.6      896.8    0.083
  36.728    2146     6467.0      896.7    0.077
  36.745    2147     6466.7      897.1    0.072
  36.764    2148     6466.5      897.9    0.071
  36.779    2149     6471.4      898.7    0.070
  36.796    2150     6470.7      898.8    0.070
  36.814    2151     6470.3      898.5    0.068
  36.832    2152     6470.0      898.0    0.069
  36.850    2153     6470.5      897.7    0.076
  36.866    2154     6470.2      897.2    0.072
  36.885    2155     6471.0      897.3    0.078
  36.900    2156     6471.4      897.4    0.071
  36.918    2157     6471.1      896.9    0.069
  36.936    2158     6470.5      896.6    0.070
  36.954    2159     6470.5      896.2    0.069
  36.970    2160     6470.3      897.2    0.069
  36.987    2161     6468.9      897.0    0.073
  37.006    2162     6467.9      896.6    0.069
  37.021    2163     6467.1      896.3    0.069
  37.038    2164     6467.2      895.8    0.071
  37.055    2165     6466.8      895.6    0.099
  37.072    2166     6465.9      895.9    0.074
  37.090    2167     6466.4      895.7    0.096
  37.106    2168     6466.5      896.0    0.079
  37.123    2169     6466.4      894.8    0.076
  37.140    2170     6466.1      894.8    0.073
  37.159    2171     6466.2      895.2    0.069
  37.175    2172     6464.9      894.0    0.069
  37.193    2173     6464.1      893.4    0.073
  37.209    2174     6464.3      893.6    0.070
  37.225    2175     6464.4      893.6    0.070
  37.242    2176     6463.5      893.4    0.071
  37.259    2177     6463.4      893.3    0.069
  37.276    2178     6462.7      892.6    0.069
  37.294    2179     6462.6      892.6    0.071
  37.312    2180     6462.7      892.7    0.070
  37.329    2181     6463.2      893.3    0.069
  37.345    2182     6462.4      892.7    0.068
  37.362    2183     6462.0      893.2    0.068
  37.381    2184     6461.3      893.2    0.069
  37.399    2185     6460.6      893.5    0.072
  37.415    2186     6459.3      894.0    0.069
  37.433    2187     6458.9      895.1    0.070
  37.449    2188     6458.9      895.6    0.072
  37.465    2189     6459.4      895.7    0.070
  37.484    2190     6459.1      895.6    0.069
  37.500    2191     6458.3      896.6    0.069
  37.517    2192     6458.4      897.7    0.069
  37.535    2193     6457.5      898.0    0.068
  37.552    2194     6456.6      898.0    0.092
  37.569    2195     6457.0      898.3    0.096
  37.585    2196     6456.7      898.0    0.098
  37.604    2197     6455.9      897.2    0.085
  37.620    2198     6456.4      896.6    0.072
  37.637    2199     6456.7      896.1    0.074
  37.654    2200     6456.7      896.2    0.075
  37.671    2201     6456.7      895.9    0.070
  37.688    2202     6455.2      895.7    0.084
  37.706    2203     6455.0      895.2    0.110
  37.723    2204     6454.8      894.7    0.096
  37.739    2205     6454.2      894.1    0.083
  37.756    2206     6453.4      893.8    0.077
  37.773    2207     6453.2      894.1    0.071
  37.790    2208     6454.0      894.8    0.100
  37.807    2209     6454.2      895.1    0.089
  37.824    2210     6454.1      894.5    0.074
  37.841    2211     6453.4      895.4    0.072
  37.859    2212     6452.6      895.9    0.073
  37.877    2213     6452.2      896.4    0.070
  37.893    2214     6451.3      896.4    0.071
  37.909    2215     6451.1      896.5    0.079
  37.927    2216     6452.2      895.9    0.072
  37.944    2217     6452.8      895.7    0.070
  37.962    2218     6452.1      895.5    0.069
  37.980    2219     6452.0      895.8    0.069
  37.996    2220     6451.6      895.9    0.069
  38.012    2221     6450.7      895.0    0.067
  38.029    2222     6451.4      894.3    0.069
  38.046    2223     6451.0      894.9    0.069
  38.062    2224     6451.1      894.8    0.068
  38.080    2225     6451.4      895.2    0.081
  38.097    2226     6450.9      896.5    0.100
  38.114    2227     6451.0      897.7    0.089
  38.132    2228     6451.7      898.2    0.075
  38.148    2229     6451.7      896.9    0.071
  38.166    2230     6451.5      896.4    0.070
  38.183    2231     6450.9      896.0    0.079
  38.200    2232     6450.2      895.5    0.078
  38.217    2233     6450.4      895.3    0.070
  38.233    2234     6449.9      895.8    0.089
  38.250    2235     6450.0      896.0    0.090
  38.269    2236     6450.0      896.1    0.087
  38.285    2237     6448.6      896.1    0.074
  38.302    2238     6448.1      895.9    0.082
  38.320    2239     6447.5      896.2    0.074
  38.337    2240     6447.7      896.3    0.070
  38.355    2241     6447.0      895.9    0.071
  38.373    2242     6445.9      895.9    0.071
  38.389    2243     6445.7      896.4    0.073
  38.406    2244     6445.5      896.8    0.107
  38.425    2245     6443.2      898.2    0.071
  38.441    2246     6441.7      897.4    0.070
  38.458    2247     6440.5      896.9    0.070
  38.474    2248     6439.9      897.1    0.068
  38.493    2249     6439.6      896.7    0.071
  38.510    2250     6439.2      896.2    0.070
  38.529    2251     6440.0      895.6    0.098
  38.545    2252     6439.7      895.2    0.097
  38.561    2253     6439.5      895.0    0.081
  38.578    2254     6440.4      894.5    0.074
  38.595    2255     6440.5      894.6    0.074
  38.613    2256     6440.5      894.1    0.075
  38.629    2257     6459.9      898.2    0.091
  38.645    2258     6458.9      898.1    0.091
  38.664    2259     6458.3      898.1    0.078
  38.679    2260     6457.5      898.3    0.087
  38.696    2261     6457.4      898.0    0.079
  38.713    2262     6457.9      898.3    0.088
  38.731    2263     6457.7      897.3    0.074
  38.749    2264     6457.2      897.3    0.072
  38.767    2265     6455.6      897.2    0.071
  38.783    2266     6454.5      897.9    0.073
  38.800    2267     6453.7      897.5    0.074
  38.817    2268     6453.5      896.7    0.071
  38.835    2269     6453.3      896.5    0.071
  38.855    2270     6452.6      896.3    0.136
  38.869    2271     6450.9      895.2    0.080
  38.885    2272     6450.0      895.1    0.088
  38.902    2273     6449.4      894.9    0.077
  38.919    2274     6448.9      894.5    0.069
  38.936    2275     6450.0      894.5    0.065
  38.953    2276     6448.8      895.3    0.065
  38.971    2277     6448.4      896.1    0.063
  38.987    2278     6448.1      895.6    0.062
  39.005    2279     6447.8      895.5    0.075
  39.024    2280     6447.1      895.0    0.069
  39.040    2281     6446.4      895.0    0.073
  39.058    2282     6445.8      894.4    0.070
  39.080    2283     6445.2      894.0    0.201
  39.099    2284     6444.7      893.9    0.118
  39.118    2285     6444.2      893.4    0.120
  39.136    2286     6443.9      892.9    0.114
  39.154    2287     6443.8      893.0    0.115
  39.170    2288     6444.3      893.1    0.135
  39.188    2289     6445.1      893.8    0.089
  39.204    2290     6445.4      894.0    0.086
  39.221    2291     6444.9      893.3    0.074
  39.239    2292     6445.7      893.4    0.081
  39.257    2293     6446.1      893.5    0.077
  39.273    2294     6446.1      894.4    0.071
  39.293    2295     6446.3      894.0    0.101
  39.310    2296     6446.4      893.9    0.081
  39.326    2297     6446.5      894.2    0.078
  39.344    2298     6446.1      894.3    0.138
  39.359    2299     6446.1      894.3    0.083
  39.377    2300     6445.5      894.1    0.075
  39.393    2301     6446.3      894.5    0.077
  39.412    2302     6446.3      894.4    0.075
  39.428    2303     6445.5      894.9    0.069
  39.448    2304     6444.9      895.3    0.152
  39.463    2305     6445.2      895.7    0.081
  39.480    2306     6445.0      895.3    0.076
  39.499    2307     6444.5      894.9    0.073
  39.515    2308     6443.6      894.6    0.071
  39.536    2309     6442.8      894.6    0.066
  39.552    2310     6443.6      894.1    0.081
  39.569    2311     6444.2      894.0    0.066
  39.587    2312     6445.0      894.0    0.065
  39.605    2313     6446.0      893.5    0.079
  39.621    2314     6445.9      893.8    0.076
  39.638    2315     6446.3      893.3    0.074
  39.657    2316     6445.7      893.2    0.073
  39.675    2317     6445.8      893.8    0.072
  39.692    2318     6445.6      893.4    0.075
  39.709    2319     6445.5      893.2    0.097
  39.725    2320     6445.8      893.4    0.077
  39.745    2321     6445.7      894.0    0.078
  39.760    2322     6445.4      893.9    0.074
  39.779    2323     6445.0      894.2    0.071
  39.798    2324     6444.5      894.1    0.076
  39.816    2325     6443.8      894.5    0.070
  39.834    2326     6443.3      894.6    0.072
  39.852    2327     6443.4      895.4    0.072
  39.868    2328     6443.5      895.9    0.071
  39.886    2329     6443.6      896.0    0.107
  39.902    2330     6444.0      896.0    0.079
  39.918    2331     6444.1      896.9    0.094
  39.934    2332     6444.3      897.2    0.075
  39.952    2333     6444.4      897.6    0.074
  39.968    2334     6444.5      897.7    0.065
  39.985    2335     6444.1      896.9    0.063
  40.002    2336     6443.6      896.4    0.064
  40.019    2337     6442.7      896.0    0.071
  40.036    2338     6442.8      895.0    0.074
  40.056    2339     6442.8      894.4    0.076
  40.072    2340     6442.6      893.9    0.070
  40.088    2341     6442.5      894.2    0.071
  40.108    2342     6442.6      894.9    0.113
  40.125    2343     6443.5      895.1    0.092
  40.144    2344     6443.7      895.2    0.084
  40.159    2345     6443.9      895.7    0.077
  40.176    2346     6444.0      895.6    0.072
  40.193    2347     6443.9      895.3    0.072
  40.213    2348     6443.6      893.8    0.069
  40.230    2349     6448.8      893.3    0.071
  40.247    2350     6447.3      894.1    0.071
  40.265    2351     6446.1      894.1    0.069
  40.283    2352     6445.6      894.7    0.070
  40.301    2353     6445.1      894.0    0.086
  40.319    2354     6445.4      894.6    0.078
  40.335    2355     6445.5      893.5    0.074
  40.352    2356     6444.5      893.3    0.071
  40.369    2357     6445.3      892.5    0.070
  40.387    2358     6445.1      892.3    0.074
  40.404    2359     6444.7      892.4    0.072
  40.420    2360     6444.6      892.5    0.082
  40.439    2361     6444.0      892.5    0.076
  40.456    2362     6443.8      892.8    0.073
  40.473    2363     6443.8      892.4    0.070
  40.495    2364     6443.8      892.6    0.070
  40.511    2365     6443.9      893.7    0.072
  40.530    2366     6444.4      893.0    0.071
  40.548    2367     6445.1      892.2    0.103
  40.564    2368     6445.5      892.1    0.076
  40.581    2369     6445.2      891.9    0.071
  40.597    2370     6444.1      891.7    0.075
  40.614    2371     6443.7      892.1    0.069
  40.630    2372     6443.3      891.8    0.084
  40.647    2373     6442.0      892.1    0.081
  40.663    2374     6442.5      891.8    0.071
  40.683    2375     6443.3      891.8    0.062
  40.700    2376     6443.3      892.0    0.062
  40.717    2377     6442.3      893.6    0.073
  40.734    2378     6443.4      893.8    0.062
  40.752    2379     6444.3      894.1    0.076
  40.768    2380     6444.2      894.6    0.070
  40.784    2381     6443.7      893.9    0.069
  40.803    2382     6443.3      894.3    0.070
  40.822    2383     6442.5      894.3    0.074
  40.840    2384     6442.2      894.5    0.110
  40.857    2385     6441.5      895.1    0.086
  40.875    2386     6441.1      895.3    0.083
  40.891    2387     6439.9      896.5    0.074
  40.910    2388     6440.1      895.6    0.074
  40.928    2389     6440.0      894.2    0.071
  40.944    2390     6441.1      893.1    0.071
  40.961    2391     6440.9      893.0    0.070
  40.979    2392     6440.7      894.0    0.071
  40.995    2393     6441.5      893.8    0.071
  41.014    2394     6442.1      894.0    0.069
  41.030    2395     6442.0      893.0    0.069
  41.047    2396     6441.6      893.1    0.078
  41.064    2397     6442.3      892.4    0.077
  41.086    2398     6443.0      891.8    0.084
  41.105    2399     6443.7      890.8    0.074
  41.125    2400     6444.5      891.3    0.071
  41.143    2401     6444.9      891.6    0.085
  41.159    2402     6449.1      893.6    0.080
  41.181    2403     6453.4      896.2    0.076
  41.200    2404     6453.7      896.4    0.072
  41.216    2405     6453.0      896.7    0.070
  41.233    2406     6452.1      895.6    0.069
  41.251    2407     6452.0      895.1    0.083
  41.269    2408     6451.7      894.9    0.079
  41.285    2409     6452.6      894.7    0.071
  41.302    2410     6452.3      894.3    0.071
  41.319    2411     6451.6      892.9    0.070
  41.336    2412     6451.6      891.7    0.076
  41.352    2413     6451.2      890.7    0.087
  41.369    2414     6451.0      890.8    0.076
  41.389    2415     6450.8      890.4    0.074
  41.405    2416     6451.3      889.6    0.069
  41.422    2417     6450.6      889.6    0.070
  41.439    2418     6449.9      890.3    0.068
  41.457    2419     6449.5      890.6    0.071
  41.474    2420     6449.9      890.5    0.070
  41.492    2421     6450.1      890.4    0.069
  41.508    2422     6449.5      890.6    0.069
  41.525    2423     6449.6      890.4    0.068
  41.545    2424     6448.6      889.6    0.081
  41.564    2425     6448.2      889.6    0.087
  41.580    2426     6447.6      889.6    0.074
  41.598    2427     6447.9      889.4    0.074
  41.615    2428     6447.8      888.7    0.104
  41.631    2429     6447.4      889.0    0.076
  41.648    2430     6448.7      889.9    0.076
  41.665    2431     6448.3      889.9    0.071
  41.684    2432     6447.8      890.4    0.076
  41.700    2433     6448.2      890.7    0.080
  41.718    2434     6447.8      891.1    0.075
  41.736    2435     6446.9      890.8    0.070
  41.751    2436     6445.8      891.8    0.085
  41.770    2437     6445.4      891.6    0.076
  41.786    2438     6445.1      891.2    0.074
  41.803    2439     6444.4      891.1    0.071
  41.820    2440     6444.0      891.0    0.069
  41.838    2441     6443.6      890.3    0.070
  41.855    2442     6441.7      889.3    0.114
  41.871    2443     6441.5      889.6    0.080
  41.890    2444     6441.3      889.9    0.078
  41.907    2445     6440.9      889.7    0.085
  41.924    2446     6449.2      892.8    0.073
  41.940    2447     6448.7      893.7    0.072
  41.958    2448     6448.7      893.8    0.072
  41.974    2449     6449.3      893.0    0.071
  41.993    2450     6450.0      892.3    0.070
  42.009    2451     6450.4      892.8    0.073
  42.026    2452     6450.1      893.2    0.070
  42.043    2453     6450.7      893.0    0.068
  42.060    2454     6450.1      892.3    0.084
  42.080    2455     6450.0      891.3    0.078
  42.100    2456     6449.5      891.0    0.115
  42.120    2457     6448.9      890.4    0.072
  42.140    2458     6448.4      889.8    0.070
  42.158    2459     6448.1      889.6    0.071
  42.174    2460     6448.2      889.4    0.071
  42.193    2461     6448.3      889.1    0.069
  42.211    2462     6448.6      889.0    0.069
  42.228    2463     6449.8      890.6    0.069
  42.246    2464     6451.0      891.1    0.070
  42.262    2465     6448.9      891.3    0.071
  42.282    2466     6446.8      891.2    0.083
  42.300    2467     6446.3      891.2    0.077
  42.316    2468     6445.5      890.3    0.069
  42.334    2469     6445.5      890.4    0.075
  42.352    2470     6445.7      890.4    0.070
  42.368    2471     6445.9      890.1    0.068
  42.386    2472     6444.8      890.1    0.068
  42.402    2473     6444.8      889.5    0.070
  42.421    2474     6445.4      888.7    0.069
  42.438    2475     6444.3      889.0    0.149
  42.455    2476     6443.0      889.0    0.079
  42.472    2477     6442.7      888.8    0.086
  42.489    2478     6443.6      890.1    0.108
  42.505    2479     6442.5      889.8    0.078
  42.524    2480     6442.6      889.9    0.070
  42.542    2481     6442.1      890.4    0.065
  42.558    2482     6442.4      891.0    0.081
  42.576    2483     6442.9      891.3    0.066
  42.595    2484     6443.3      891.4    0.094
  42.611    2485     6443.4      890.1    0.076
  42.628    2486     6442.8      890.3    0.071
  42.645    2487     6441.4      890.7    0.069
  42.661    2488     6441.5      889.8    0.070
  42.679    2489     6441.7      890.8    0.084
  42.697    2490     6441.1      890.2    0.076
  42.714    2491     6441.5      890.1    0.093
  42.734    2492     6441.9      889.8    0.074
  42.752    2493     6441.5      889.2    0.075
  42.769    2494     6442.0      889.4    0.071
  42.787    2495     6442.5      889.5    0.069
  42.803    2496     6442.1      889.3    0.072
  42.824    2497     6441.6      888.7    0.070
  42.840    2498     6441.5      888.7    0.069
  42.857    2499     6439.4      888.7    0.069
  42.874    2500     6439.8      887.9    0.070
  42.892    2501     6440.8      886.7    0.069
  42.909    2502     6441.1      886.6    0.069
  42.925    2503     6441.1      886.1    0.070
  42.942    2504     6441.3      886.1    0.069
  42.959    2505     6441.5      886.8    0.069
  42.978    2506     6441.7      886.9    0.071
  42.994    2507     6442.1      886.5    0.082
  43.014    2508     6441.7      886.3    0.076
  43.034    2509     6442.1      885.7    0.073
  43.051    2510     6442.2      885.7    0.071
  43.068    2511     6443.2      885.8    0.070
  43.086    2512     6443.2      885.6    0.070
  43.106    2513     6443.2      885.4    0.071
  43.122    2514     6443.4      884.1    0.068
  43.139    2515     6442.5      884.5    0.069
  43.159    2516     6441.5      884.5    0.071
  43.175    2517     6440.7      884.2    0.071
  43.194    2518     6439.9      884.3    0.082
  43.211    2519     6439.2      883.8    0.108
  43.229    2520     6440.0      884.9    0.073
  43.245    2521     6440.2      886.2    0.069
  43.264    2522     6439.4      886.2    0.069
  43.280    2523     6439.3      887.0    0.069
  43.298    2524     6439.1      887.6    0.067
  43.315    2525     6438.3      888.5    0.069
  43.336    2526     6437.4      888.6    0.068
  43.354    2527     6437.3      888.9    0.072
  43.373    2528     6437.1      889.3    0.068
  43.391    2529     6437.5      889.6    0.079
  43.407    2530     6436.9      889.8    0.077
  43.423    2531     6438.2      890.1    0.071
  43.442    2532     6439.5      890.6    0.069
  43.460    2533     6441.3      890.3    0.070
  43.476    2534     6441.5      891.0    0.069
  43.493    2535     6441.4      891.9    0.077
  43.510    2536     6440.7      891.8    0.074
  43.528    2537     6440.7      892.2    0.070
  43.545    2538     6440.3      892.3    0.175
  43.564    2539     6440.7      893.0    0.116
  43.581    2540     6440.2      892.6    0.073
  43.597    2541     6440.2      893.7    0.080
  43.614    2542     6441.5      893.9    0.076
  43.631    2543     6441.7      893.1    0.072
  43.647    2544     6442.4      893.0    0.070
  43.664    2545     6442.3      892.7    0.069
  43.681    2546     6441.6      893.4    0.072
  43.698    2547     6442.5      893.8    0.077
  43.718    2548     6441.8      893.6    0.094
  43.735    2549     6440.6      893.4    0.079
  43.752    2550     6440.3      893.6    0.077
  43.767    2551     6440.2      893.1    0.073
  43.783    2552     6440.7      892.5    0.069
  43.802    2553     6441.3      892.0    0.073
  43.820    2554     6441.6      892.2    0.071
  43.836    2555     6442.5      892.1    0.070
  43.854    2556     6443.1      891.6    0.072
  43.870    2557     6443.2      892.3    0.075
  43.890    2558     6443.1      893.0    0.073
  43.908    2559     6442.2      892.8    0.086
  43.924    2560     6442.8      893.2    0.074
  43.941    2561     6442.6      893.1    0.073
  43.957    2562     6442.7      892.6    0.072
  43.974    2563     6442.0      892.9    0.069
  43.992    2564     6441.7      893.2    0.069
  44.009    2565     6442.6      893.6    0.072
  44.027    2566     6442.5      892.6    0.069
  44.045    2567     6442.2      891.6    0.068
  44.061    2568     6442.0      891.4    0.071
  44.078    2569     6443.8      890.9    0.073
  44.096    2570     6445.4      891.2    0.070
  44.112    2571     6446.5      890.3    0.076
  44.130    2572     6447.8      889.4    0.072
  44.146    2573     6447.0      890.9    0.070
  44.165    2574     6446.8      891.1    0.071
  44.181    2575     6446.1      891.4    0.069
  44.200    2576     6446.3      891.6    0.068
  44.217    2577     6446.1      891.8    0.080
  44.234    2578     6446.3      891.6    0.070
  44.251    2579     6446.6      891.1    0.072
  44.269    2580     6446.0      890.7    0.073
  44.287    2581     6445.4      890.0    0.074
  44.307    2582     6446.0      890.1    0.072
  44.325    2583     6446.6      890.1    0.070
  44.343    2584     6445.9      890.4    0.076
  44.361    2585     6445.0      890.0    0.103
  44.377    2586     6445.0      889.8    0.070
  44.394    2587     6445.0      889.6    0.068
  44.411    2588     6446.0      889.4    0.070
  44.431    2589     6446.9      889.4    0.069
  44.449    2590     6447.8      888.7    0.070
  44.465    2591     6448.1      888.6    0.070
  44.484    2592     6448.1      888.2    0.069
  44.500    2593     6448.0      887.5    0.069
  44.518    2594     6447.5      887.4    0.070
  44.534    2595     6447.0      887.2    0.070
  44.551    2596     6447.1      887.8    0.083
  44.569    2597     6446.0      888.2    0.074
  44.585    2598     6445.0      887.0    0.075
  44.603    2599     6443.3      885.5    0.079
  44.623    2600     6443.0      885.5    0.072
  44.641    2601     6443.0      886.9    0.069
  44.658    2602     6442.3      887.0    0.071
  44.675    2603     6442.0      887.3    0.071
  44.693    2604     6442.4      887.2    0.070
  44.709    2605     6441.9      886.6    0.085
  44.726    2606     6442.7      886.2    0.076
  44.745    2607     6443.9      886.7    0.071
  44.764    2608     6444.9      887.1    0.077
  44.782    2609     6445.2      887.3    0.070
  44.800    2610     6445.4      887.6    0.070
  44.816    2611     6445.0      887.3    0.072
  44.833    2612     6445.8      887.4    0.068
  44.850    2613     6445.6      887.0    0.106
  44.868    2614     6445.0      887.4    0.162
  44.884    2615     6445.1      887.4    0.108
  44.901    2616     6445.9      887.5    0.078
  44.920    2617     6446.7      888.0    0.079
  44.936    2618     6446.2      888.2    0.070
  44.953    2619     6446.9      887.8    0.064
  44.970    2620     6446.4      888.2    0.066
  44.987    2621     6446.5      888.2    0.062
  45.005    2622     6446.4      888.9    0.071
  45.023    2623     6446.1      889.4    0.077
  45.039    2624     6446.2      888.7    0.084
  45.058    2625     6445.6      888.0    0.077
  45.074    2626     6445.2      888.0    0.078
  45.091    2627     6445.6      888.1    0.070
  45.110    2628     6446.1      888.8    0.075
  45.130    2629     6446.0      889.3    0.078
  45.148    2630     6445.5      889.0    0.076
  45.166    2631     6445.4      888.9    0.073
  45.182    2632     6444.8      889.0    0.070
  45.197    2633     6444.3      889.0    0.070
  45.214    2634     6443.8      889.9    0.073
  45.232    2635     6443.4      890.1    0.073
  45.249    2636     6442.7      890.7    0.072
  45.265    2637     6441.6      890.2    0.071
  45.284    2638     6441.9      890.1    0.073
  45.300    2639     6442.0      889.8    0.070
  45.317    2640     6443.1      889.6    0.072
  45.335    2641     6443.6      889.2    0.084
  45.353    2642     6443.7      888.4    0.074
  45.369    2643     6443.0      888.8    0.077
  45.386    2644     6444.0      888.9    0.075
  45.403    2645     6444.1      888.8    0.071
  45.422    2646     6444.1      889.5    0.074
  45.441    2647     6445.1      890.6    0.132
  45.456    2648     6445.4      890.1    0.087
  45.473    2649     6443.8      889.5    0.076
  45.493    2650     6442.3      889.5    0.085
  45.509    2651     6442.7      889.7    0.079
  45.526    2652     6442.3      889.3    0.074
  45.543    2653     6442.7      889.8    0.071
  45.563    2654     6443.0      890.4    0.123
  45.580    2655     6442.0      891.5    0.079
  45.596    2656     6441.8      892.3    0.076
  45.613    2657     6442.3      892.4    0.075
  45.632    2658     6442.4      892.3    0.065
  45.651    2659     6442.5      892.3    0.064
  45.669    2660     6443.6      892.7    0.065
  45.686    2661     6449.5      889.2    0.064
  45.704    2662     6454.7      885.8    0.082
  45.720    2663     6453.3      885.9    0.084
  45.737    2664     6452.9      886.4    0.073
  45.754    2665     6452.7      885.9    0.074
  45.770    2666     6451.6      886.7    0.074
  45.786    2667     6450.2      887.1    0.075
  45.802    2668     6448.7      887.2    0.071
  45.820    2669     6448.0      887.9    0.073
  45.838    2670     6447.9      887.5    0.071
  45.854    2671     6447.3      888.0    0.072
  45.874    2672     6446.6      888.6    0.098
  45.894    2673     6445.8      888.6    0.075
  45.914    2674     6445.7      887.9    0.074
  45.932    2675     6446.2      888.0    0.074
  45.948    2676     6446.8      888.3    0.072
  45.965    2677     6445.9      888.6    0.076
  45.983    2678     6445.0      888.6    0.071
  46.001    2679     6444.2      888.4    0.070
  46.017    2680     6443.6      888.8    0.073
  46.036    2681     6442.5      888.3    0.072
  46.052    2682     6442.0      888.3    0.080
  46.069    2683     6441.5      888.1    0.078
  46.088    2684     6441.4      888.2    0.074
  46.105    2685     6442.0      887.4    0.071
  46.123    2686     6441.9      888.2    0.074
  46.139    2687     6442.0      888.5    0.070
  46.156    2688     6440.8      887.4    0.073
  46.172    2689     6440.9      886.5    0.068
  46.189    2690     6441.4      887.0    0.072
  46.210    2691     6441.0      887.0    0.073
  46.229    2692     6441.1      887.0    0.071
  46.247    2693     6440.4      886.9    0.070
  46.265    2694     6441.1      887.6    0.073
  46.284    2695     6441.8      888.2    0.070
  46.302    2696     6441.3      887.8    0.069
  46.319    2697     6440.9      888.3    0.070
  46.337    2698     6440.6      888.6    0.069
  46.356    2699     6440.8      888.8    0.072
  46.373    2700     6440.2      889.0    0.070
  46.391    2701     6440.5      889.3    0.070
  46.410    2702     6439.7      889.0    0.073
  46.425    2703     6439.6      888.9    0.069
  46.446    2704     6439.7      889.4    0.069
  46.462    2705     6439.1      889.5    0.070
  46.479    2706     6439.1      889.7    0.069
  46.497    2707     6439.2      890.1    0.069
  46.515    2708     6439.2      890.9    0.071
  46.533    2709     6438.7      891.2    0.069
  46.550    2710     6442.6      892.7    0.087
  46.565    2711     6442.6      892.2    0.076
  46.582    2712     6442.5      892.5    0.073
  46.599    2713     6442.9      892.2    0.068
  46.616    2714     6443.9      891.6    0.072
  46.633    2715     6444.7      891.5    0.069
  46.650    2716     6459.9      882.3    0.069
  46.668    2717     6475.3      873.2    0.070
  46.684    2718     6474.5      873.3    0.069
  46.701    2719     6474.5      873.4    0.079
  46.720    2720     6475.2      873.8    0.073
  46.736    2721     6474.1      873.9    0.071
  46.753    2722     6474.0      874.2    0.070
  46.771    2723     6474.0      873.8    0.073
  46.787    2724     6473.1      874.5    0.071
  46.804    2725     6473.2      873.9    0.076
  46.821    2726     6473.0      874.5    0.074
  46.837    2727     6471.7      874.9    0.071
  46.854    2728     6470.6      874.8    0.076
  46.873    2729     6469.6      875.3    0.074
  46.889    2730     6469.3      875.7    0.070
  46.907    2731     6468.8      876.0    0.069
  46.925    2732     6468.8      876.0    0.072
  46.941    2733     6483.6      866.8    0.069
  46.958    2734     6482.8      867.4    0.069
  46.975    2735     6481.8      868.2    0.081
  46.992    2736     6480.2      868.3    0.075
  47.010    2737     6480.0      868.8    0.077
  47.026    2738     6479.3      869.3    0.072
  47.043    2739     6478.3      869.3    0.070
  47.062    2740     6477.3      869.1    0.072
  47.077    2741     6477.6      869.5    0.070
  47.094    2742     6476.4      869.6    0.069
  47.112    2743     6475.5      870.5    0.099
  47.128    2744     6476.5      870.8    0.073
  47.145    2745     6476.6      871.1    0.069
  47.163    2746     6475.4      871.5    0.072
  47.179    2747     6474.1      871.0    0.070
  47.195    2748     6472.8      870.8    0.068
  47.213    2749     6473.5      871.6    0.072
  47.229    2750     6474.1      871.7    0.069
  47.246    2751     6473.0      871.3    0.069
  47.265    2752     6473.4      871.8    0.069
  47.281    2753     6472.6      872.5    0.071
  47.298    2754     6472.1      872.7    0.069
  47.316    2755     6470.2      872.7    0.073
  47.332    2756     6467.8      873.1    0.069
  47.350    2757     6466.7      874.0    0.068
  47.366    2758     6465.9      874.0    0.070
  47.385    2759     6465.5      874.7    0.069
  47.402    2760     6464.8      875.0    0.070
  47.419    2761     6464.2      875.5    0.071
  47.435    2762     6463.5      875.5    0.071
  47.452    2763     6467.9      877.0    0.068
  47.470    2764     6467.5      877.4    0.069
  47.489    2765     6467.4      877.7    0.068
  47.504    2766     6466.7      878.7    0.068
  47.521    2767     6466.7      878.2    0.070
  47.538    2768     6465.1      877.9    0.069
  47.556    2769     6464.3      877.5    0.083
  47.574    2770     6463.7      877.8    0.073
  47.590    2771     6462.1      878.3    0.070
  47.607    2772     6461.8      879.2    0.070
  47.626    2773     6461.3      879.4    0.072
  47.642    2774     6461.7      879.5    0.070
  47.658    2775     6461.9      880.2    0.069
  47.675    2776     6460.5      881.2    0.070
  47.691    2777     6459.3      881.2    0.069
  47.708    2778     6458.9      881.4    0.081
  47.727    2779     6457.5      881.2    0.076
  47.743    2780     6457.8      881.3    0.071
  47.760    2781     6457.9      881.1    0.071
  47.777    2782     6457.0      881.3    0.071
  47.794    2783     6456.7      882.1    0.077
  47.811    2784     6455.2      881.5    0.075
  47.827    2785     6453.9      881.6    0.077
  47.844    2786     6452.7      882.3    0.072
  47.861    2787     6451.9      882.2    0.073
  47.880    2788     6451.8      882.3    0.071
  47.896    2789     6450.8      881.7    0.070
  47.913    2790     6449.9      881.7    0.072
  47.930    2791     6449.3      881.1    0.070
  47.948    2792     6449.6      881.1    0.102
  47.964    2793     6448.3      882.1    0.073
  47.985    2794     6447.0      882.6    0.070
  48.003    2795     6446.3      883.3    0.077
  48.020    2796     6445.5      883.0    0.075
  48.040    2797     6443.6      882.6    0.074
  48.060    2798     6441.9      883.4    0.069
  48.076    2799     6442.1      883.7    0.069
  48.095    2800     6441.1      883.6    0.068
  48.112    2801     6439.5      883.9    0.071
  48.129    2802     6439.4      884.3    0.070
  48.145    2803     6440.0      884.3    0.068
  48.162    2804     6439.5      884.2    0.072
  48.179    2805     6438.7      884.5    0.068
  48.195    2806     6438.3      884.3    0.067
  48.213    2807     6437.5      884.3    0.105
  48.231    2808     6437.1      884.3    0.069
  48.247    2809     6436.1      884.7    0.067
  48.264    2810     6436.7      884.5    0.069
  48.282    2811     6436.8      884.6    0.069
  48.298    2812     6437.3      884.6    0.067
  48.317    2813     6436.3      885.3    0.071
  48.335    2814     6435.6      884.9    0.070
  48.352    2815     6435.8      885.7    0.067
  48.370    2816     6436.0      886.2    0.072
  48.388    2817     6435.7      887.0    0.071
  48.404    2818     6437.1      886.8    0.069
  48.421    2819     6437.7      886.4    0.072
  48.442    2820     6438.1      886.1    0.104
  48.458    2821     6438.6      885.9    0.083
  48.475    2822     6442.6      888.0    0.078
  48.491    2823     6442.9      887.6    0.073
  48.508    2824     6443.5      887.2    0.069
  48.527    2825     6443.6      887.6    0.098
  48.543    2826     6443.6      887.7    0.068
  48.560    2827     6442.9      888.1    0.122
  48.577    2828     6441.9      888.0    0.068
  48.594    2829     6441.5      887.9    0.064
  48.611    2830     6441.5      887.2    0.061
  48.629    2831     6441.9      886.8    0.076
  48.645    2832     6442.0      887.6    0.071
  48.665    2833     6442.0      887.6    0.078
  48.679    2834     6441.5      887.4    0.072
  48.699    2835     6441.0      887.1    0.070
  48.717    2836     6440.6      888.2    0.084
  48.734    2837     6441.1      887.9    0.077
  48.752    2838     6441.2      886.7    0.072
  48.768    2839     6439.5      886.0    0.072
  48.785    2840     6440.3      885.4    0.071
  48.802    2841     6440.6      885.5    0.069
  48.820    2842     6441.4      885.1    0.074
  48.838    2843     6441.7      884.6    0.070
  48.856    2844     6441.7      884.3    0.079
  48.875    2845     6442.0      883.7    0.071
  48.892    2846     6442.1      884.2    0.070
  48.910    2847     6442.1      884.4    0.070
  48.927    2848     6441.9      884.4    0.071
  48.947    2849     6441.9      884.5    0.069
  48.965    2850     6441.9      884.5    0.070
  48.980    2851     6441.7      884.3    0.069
  48.997    2852     6441.8      884.3    0.068
  49.016    2853     6441.4      884.2    0.101
  49.032    2854     6441.8      883.6    0.081
  49.048    2855     6442.4      885.0    0.070
  49.066    2856     6441.7      884.9    0.073
  49.082    2857     6441.4      884.3    0.072
  49.099    2858     6440.3      883.9    0.069
  49.117    2859     6439.7      884.5    0.074
  49.134    2860     6438.9      884.3    0.070
  49.151    2861     6439.0      884.4    0.068
  49.169    2862     6439.1      884.2    0.074
  49.184    2863     6439.6      884.0    0.070
  49.203    2864     6440.5      884.4    0.069
  49.219    2865     6440.9      884.3    0.071
  49.238    2866     6441.9      884.0    0.070
  49.257    2867     6441.9      883.8    0.068
  49.273    2868     6442.3      883.8    0.069
  49.292    2869     6443.6      884.2    0.068
  49.310    2870     6445.2      883.9    0.068
  49.326    2871     6444.6      883.6    0.070
  49.345    2872     6445.1      883.4    0.072
  49.362    2873     6445.8      883.1    0.095
  49.380    2874     6446.6      883.6    0.070
  49.398    2875     6445.7      882.9    0.068
  49.418    2876     6445.0      882.7    0.074
  49.438    2877     6444.2      883.0    0.072
  49.454    2878     6443.6      882.6    0.067
  49.473    2879     6442.6      882.2    0.069
  49.489    2880     6442.3      882.2    0.068
  49.505    2881     6441.6      882.1    0.068
  49.524    2882     6441.1      883.2    0.071
  49.540    2883     6441.1      884.1    0.068
  49.558    2884     6441.6      884.0    0.081
  49.576    2885     6442.0      883.8    0.079
  49.592    2886     6441.2      884.1    0.104
  49.612    2887     6441.1      884.5    0.072
  49.630    2888     6441.2      884.9    0.105
  49.650    2889     6442.0      884.8    0.093
  49.666    2890     6442.0      885.6    0.090
  49.686    2891     6442.7      886.5    0.076
  49.706    2892     6442.0      887.0    0.087
  49.726    2893     6441.6      887.8    0.081
  49.742    2894     6440.2      888.0    0.095
  49.760    2895     6439.5      888.3    0.077
  49.777    2896     6439.2      888.5    0.074
  49.794    2897     6438.9      888.6    0.070
  49.811    2898     6439.0      888.2    0.071
  49.828    2899     6438.9      888.5    0.080
  49.846    2900     6443.1      890.2    0.085
  49.862    2901     6442.5      890.1    0.089
  49.880    2902     6442.7      889.3    0.102
  49.898    2903     6442.8      888.9    0.074
  49.914    2904     6442.9      888.9    0.073
  49.930    2905     6444.7      888.3    0.074
  49.947    2906     6445.4      888.6    0.072
  49.964    2907     6445.1      888.7    0.070
  49.982    2908     6445.6      888.6    0.070
  49.998    2909     6445.4      888.3    0.069
  50.015    2910     6444.9      888.7    0.068
  50.032    2911     6444.2      888.1    0.074
  50.050    2912     6444.9      887.5    0.077
  50.066    2913     6444.6      887.9    0.072
  50.084    2914     6444.5      888.5    0.073
  50.100    2915     6445.4      888.4    0.069
  50.118    2916     6445.6      889.7    0.072
  50.133    2917     6446.0      888.9    0.069
  50.152    2918     6446.2      888.8    0.069
  50.171    2919     6447.0      888.8    0.071
  50.186    2920     6447.3      888.7    0.070
  50.202    2921     6447.5      888.9    0.071
  50.221    2922     6447.4      888.6    0.075
  50.238    2923     6446.9      888.8    0.071
  50.254    2924     6446.6      888.1    0.069
  50.271    2925     6446.2      888.0    0.072
  50.290    2926     6445.9      888.2    0.076
  50.306    2927     6445.7      888.1    0.069
  50.324    2928     6445.3      888.1    0.095
  50.342    2929     6444.8      888.9    0.071
  50.360    2930     6444.1      888.2    0.098
  50.378    2931     6443.3      887.9    0.075
  50.394    2932     6444.2      889.0    0.075
  50.411    2933     6459.2      879.6    0.071
  50.428    2934     6458.9      880.5    0.097
  50.445    2935     6460.0      880.5    0.088
  50.463    2936     6461.3      880.5    0.085
  50.480    2937     6461.6      880.4    0.101
  50.498    2938     6462.0      880.7    0.075
  50.516    2939     6462.1      880.8    0.073
  50.532    2940     6461.0      881.2    0.075
  50.550    2941     6461.1      881.7    0.088
  50.566    2942     6460.8      882.4    0.076
  50.585    2943     6460.6      882.9    0.073
  50.601    2944     6460.5      883.6    0.071
  50.621    2945     6460.6      883.5    0.104
  50.637    2946     6460.3      883.0    0.081
  50.654    2947     6460.5      883.5    0.074
  50.672    2948     6460.1      883.8    0.114
  50.690    2949     6459.9      884.4    0.072
  50.708    2950     6458.7      885.0    0.108
  50.724    2951     6458.2      885.3    0.115
  50.741    2952     6457.9      885.1    0.077
  50.758    2953     6457.2      885.3    0.074
  50.775    2954     6455.9      885.5    0.072
  50.793    2955     6455.3      885.2    0.071
  50.810    2956     6455.3      885.7    0.070
  50.826    2957     6455.7      884.4    0.112
  50.844    2958     6456.1      883.3    0.102
  50.863    2959     6456.8      882.8    0.137
  50.881    2960     6457.5      882.4    0.085
  50.898    2961     6456.7      882.4    0.102
  50.915    2962     6456.0      883.0    0.076
  50.934    2963     6455.0      883.4    0.073
  50.951    2964     6453.5      884.0    0.065
  50.968    2965     6454.0      884.2    0.070
  50.986    2966     6452.8      883.7    0.069
  51.004    2967     6451.7      883.5    0.067
  51.021    2968     6452.7      883.0    0.071
  51.040    2969     6452.3      882.2    0.100
  51.056    2970     6451.1      882.5    0.098
  51.073    2971     6451.2      882.4    0.075
  51.095    2972     6451.3      882.3    0.072
  51.112    2973     6451.4      881.7    0.095
  51.130    2974     6451.1      882.1    0.075
  51.148    2975     6450.7      881.1    0.071
  51.164    2976     6450.2      880.6    0.096
  51.183    2977     6450.5      879.7    0.086
  51.200    2978     6450.0      879.5    0.078
  51.217    2979     6449.5      880.1    0.077
  51.232    2980     6448.2      880.4    0.072
  51.251    2981     6448.2      880.6    0.069
  51.268    2982     6446.7      880.6    0.070
  51.287    2983     6445.4      880.6    0.070
  51.302    2984     6444.9      880.5    0.069
  51.320    2985     6444.9      880.7    0.071
  51.338    2986     6445.3      880.2    0.072
  51.354    2987     6445.5      880.0    0.071
  51.373    2988     6446.0      879.7    0.070
  51.389    2989     6446.7      880.3    0.070
  51.408    2990     6445.4      880.1    0.068
  51.424    2991     6444.8      879.9    0.074
  51.442    2992     6444.2      879.8    0.087
  51.463    2993     6443.7      879.5    0.074
  51.481    2994     6443.0      879.6    0.073
  51.498    2995     6442.4      879.5    0.070
  51.515    2996     6441.5      880.5    0.068
  51.533    2997     6440.5      880.5    0.070
  51.552    2998     6439.5      880.8    0.087
  51.570    2999     6439.4      881.8    0.073
  51.589    3000     6439.2      883.4    0.083
  51.606    3001     6438.6      883.6    0.072
  51.624    3002     6437.9      883.8    0.077
  51.644    3003     6437.4      883.8    0.098
  51.662    3004     6436.9      883.2    0.073
  51.681    3005     6437.1      882.9    0.071
  51.698    3006     6437.6      882.8    0.069
  51.717    3007     6438.3      881.8    0.086
  51.735    3008     6437.5      881.3    0.076
  51.753    3009     6437.0      881.0    0.070
  51.769    3010     6437.1      880.9    0.072
  51.786    3011     6452.4      871.7    0.070
  51.806    3012     6467.5      863.5    0.070
  51.822    3013     6466.9      863.8    0.072
  51.839    3014     6466.9      865.0    0.070
  51.858    3015     6466.4      865.4    0.069
  51.876    3016     6465.6      865.7    0.099
  51.893    3017     6464.5      866.9    0.077
  51.911    3018     6463.5      866.8    0.071
  51.929    3019     6462.7      866.8    0.077
  51.947    3020     6462.0      867.2    0.070
  51.964    3021     6461.2      868.3    0.099
  51.979    3022     6461.2      868.9    0.072
  51.996    3023     6459.7      869.0    0.080
  52.014    3024     6459.2      869.2    0.072
  52.031    3025     6459.0      869.9    0.075
  52.046    3026     6458.6      870.5    0.069
  52.066    3027     6458.3      870.5    0.069
  52.084    3028     6458.3      871.8    0.071
  52.104    3029     6457.8      872.3    0.095
  52.120    3030     6457.4      871.9    0.069
  52.141    3031     6456.8      871.5    0.070
  52.159    3032     6456.1      871.5    0.068
  52.178    3033     6455.7      871.2    0.069
  52.195    3034     6455.3      871.3    0.068
  52.214    3035     6454.7      872.0    0.098
  52.230    3036     6454.7      872.3    0.076
  52.246    3037     6454.3      872.3    0.073
  52.264    3038     6458.3      874.3    0.070
  52.280    3039     6458.3      873.8    0.071
  52.298    3040     6458.5      873.6    0.069
  52.314    3041     6456.9      874.5    0.068
  52.332    3042     6457.1      874.2    0.071
  52.350    3043     6457.3      874.8    0.070
  52.368    3044     6457.3      875.2    0.068
  52.384    3045     6456.3      875.0    0.069
  52.401    3046     6455.0      875.3    0.076
  52.420    3047     6454.6      875.5    0.108
  52.437    3048     6453.8      876.6    0.076
  52.453    3049     6454.0      876.6    0.075
  52.470    3050     6454.7      876.7    0.069
  52.486    3051     6453.5      877.3    0.069
  52.506    3052     6453.3      878.2    0.070
  52.524    3053     6458.4      879.5    0.096
  52.546    3054     6463.4      880.7    0.069
  52.566    3055     6468.5      883.7    0.083
  52.585    3056     6473.3      885.1    0.073
  52.602    3057     6515.2      860.4    0.070
  52.619    3058     6513.9      861.1    0.067
  52.636    3059     6512.4      860.7    0.071
  52.652    3060     6509.7      861.1    0.068
  52.672    3061     6508.1      861.7    0.069
  52.688    3062     6507.6      862.3    0.069
  52.705    3063     6506.8      863.5    0.080
  52.722    3064     6504.7      863.8    0.069
  52.738    3065     6504.1      864.3    0.073
  52.755    3066     6502.3      863.8    0.070
  52.774    3067     6501.0      864.8    0.070
  52.790    3068     6499.0      865.2    0.072
  52.805    3069     6498.0      865.8    0.069
  52.823    3070     6496.5      866.0    0.074
  52.838    3071     6495.9      866.2    0.071
  52.856    3072     6494.8      867.3    0.073
  52.872    3073     6493.5      867.9    0.068
  52.890    3074     6492.5      867.9    0.070
  52.907    3075     6491.6      867.9    0.069
  52.928    3076     6490.7      867.8    0.075
  52.946    3077     6489.3      868.0    0.077
  52.962    3078     6488.1      867.8    0.072
  52.980    3079     6487.8      868.8    0.071
  52.998    3080     6488.0      869.7    0.068
  53.015    3081     6486.1      869.8    0.071
  53.036    3082     6484.8      870.5    0.106
  53.054    3083     6484.0      870.6    0.073
  53.073    3084     6482.9      870.7    0.078
  53.094    3085     6481.8      871.1    0.075
  53.114    3086     6480.6      871.9    0.073
  53.132    3087     6479.4      871.7    0.069
  53.148    3088     6478.1      871.1    0.069
  53.172    3089     6476.9      870.5    0.069
  53.193    3090     6475.9      870.1    0.070
  53.212    3091     6475.0      869.8    0.070
  53.230    3092     6474.0      869.4    0.071
  53.250    3093     6473.2      870.5    0.067
  53.269    3094     6472.4      870.5    0.071
  53.287    3095     6471.4      870.7    0.069
  53.304    3096     6470.0      870.8    0.068
  53.323    3097     6468.6      870.7    0.069
  53.341    3098     6467.9      870.4    0.071
  53.360    3099     6467.4      871.0    0.069
  53.378    3100     6467.1      871.2    0.071
  53.396    3101     6466.6      870.7    0.070
  53.414    3102     6467.9      869.5    0.069
  53.432    3103     6469.0      868.8    0.070
  53.448    3104     6469.3      868.0    0.068
  53.466    3105     6470.1      867.1    0.069
  53.486    3106     6470.8      866.4    0.069
  53.505    3107     6471.2      865.1    0.068
  53.526    3108     6471.7      864.7    0.070
  53.541    3109     6470.7      865.5    0.068
  53.563    3110     6470.2      865.9    0.085
  53.580    3111     6469.8      866.9    0.106
  53.598    3112     6468.9      867.9    0.072
  53.616    3113     6468.5      867.5    0.071
  53.634    3114     6467.4      867.9    0.071
  53.651    3115     6466.4      868.5    0.069
  53.670    3116     6465.1      868.5    0.070
  53.690    3117     6465.2      869.3    0.070
  53.707    3118     6464.2      869.7    0.079
  53.724    3119     6463.8      869.5    0.072
  53.742    3120     6465.0      870.4    0.073
  53.760    3121     6464.7      870.1    0.071
  53.779    3122     6463.7      869.6    0.088
  53.798    3123     6462.9      869.4    0.079
  53.815    3124     6462.0      868.9    0.072
  53.834    3125     6461.7      869.5    0.074
  53.851    3126     6460.8      869.6    0.112
  53.868    3127     6460.0      869.6    0.104
  53.886    3128     6459.6      869.3    0.074
  53.905    3129     6459.7      869.7    0.071
  53.926    3130     6459.7      870.0    0.069
  53.941    3131     6460.4      869.3    0.073
  53.959    3132     6465.4      866.4    0.064
  53.976    3133     6470.1      862.7    0.069
  53.994    3134     6469.3      862.9    0.065
  54.012    3135     6469.4      864.1    0.062
  54.031    3136     6469.4      865.3    0.074
  54.050    3137     6469.1      866.3    0.069
  54.071    3138     6468.7      866.9    0.068
  54.092    3139     6468.3      867.5    0.074
  54.114    3140     6468.0      868.7    0.070
  54.132    3141     6466.8      869.1    0.074
  54.150    3142     6465.7      869.7    0.075
  54.166    3143     6464.6      870.0    0.072
  54.185    3144     6464.4      871.0    0.072
  54.202    3145     6464.0      870.8    0.069
  54.222    3146     6463.5      870.4    0.070
  54.240    3147     6462.9      870.3    0.070
  54.258    3148     6462.7      869.7    0.069
  54.274    3149     6463.8      868.6    0.067
  54.292    3150     6463.6      868.8    0.071
  54.312    3151     6463.3      869.1    0.070
  54.330    3152     6463.2      869.9    0.073
  54.349    3153     6462.9      870.2    0.070
  54.372    3154     6462.5      870.2    0.177
  54.392    3155     6462.1      870.6    0.081
  54.410    3156     6461.9      871.7    0.081
  54.429    3157     6461.8      872.3    0.082
  54.446    3158     6461.5      873.0    0.072
  54.464    3159     6460.8      873.9    0.071
  54.482    3160     6460.0      873.8    0.071
  54.501    3161     6459.3      873.9    0.069
  54.521    3162     6458.5      874.0    0.069
  54.540    3163     6458.1      874.3    0.071
  54.557    3164     6473.2      865.2    0.086
  54.573    3165     6488.1      856.4    0.071
  54.591    3166     6503.1      847.8    0.074
  54.610    3167     6517.9      839.9    0.072
  54.629    3168     6532.9      832.3    0.076
  54.648    3169     6547.7      824.3    0.071
  54.664    3170     6545.7      825.7    0.070
  54.684    3171     6543.6      827.1    0.071
  54.703    3172     6541.8      828.7    0.085
  54.720    3173     6539.5      830.5    0.073
  54.740    3174     6536.8      831.8    0.073
  54.757    3175     6534.9      833.3    0.070
  54.780    3176     6533.3      834.9    0.110
  54.798    3177     6531.8      836.4    0.073
  54.817    3178     6530.3      838.1    0.070
  54.837    3179     6528.8      838.5    0.070
  54.858    3180     6527.4      840.6    0.068
  54.878    3181     6526.0      841.8    0.096
  54.896    3182     6524.3      842.9    0.079
  54.917    3183     6522.5      843.9    0.071
  54.937    3184     6522.1      844.2    0.071
  54.955    3185     6521.6      844.3    0.089
  54.975    3186     6520.0      845.1    0.071
  54.996    3187     6519.1      845.8    0.074
  55.012    3188     6515.5      846.3    0.073
  55.031    3189     6512.9      847.8    0.074
  55.048    3190     6512.7      848.3    0.071
  55.068    3191     6512.6      849.0    0.108
  55.084    3192     6512.5      850.0    0.075
  55.104    3193     6512.6      850.6    0.075
  55.120    3194     6510.5      850.5    0.071
  55.138    3195     6508.0      850.8    0.071
  55.156    3196     6506.6      850.9    0.073
  55.174    3197     6504.9      851.9    0.070
  55.191    3198     6503.1      852.5    0.070
  55.213    3199     6501.4      852.9    0.070
  55.233    3200     6499.7      853.4    0.069
  55.254    3201     6498.5      854.1    0.068
  55.274    3202     6497.4      855.0    0.068
  55.292    3203     6495.4      854.8    0.069
  55.311    3204     6493.6      854.9    0.068
  55.331    3205     6491.8      854.5    0.073
  55.350    3206     6490.1      854.2    0.069
  55.367    3207     6487.4      855.8    0.068
  55.386    3208     6484.7      857.6    0.075
  55.404    3209     6482.0      859.1    0.070
  55.423    3210     6480.9      861.0    0.070
  55.442    3211     6479.8      862.0    0.077
  55.462    3212     6479.7      862.2    0.068
  55.482    3213     6479.8      862.0    0.074
  55.501    3214     6478.8      862.1    0.070
  55.519    3215     6477.5      862.0    0.070
  55.537    3216     6475.9      861.9    0.070
  55.557    3217     6474.4      862.1    0.084
  55.576    3218     6472.8      862.3    0.086
  55.597    3219     6471.3      862.8    0.075
  55.617    3220     6469.8      863.7    0.073
  55.635    3221     6468.9      865.3    0.071
  55.656    3222     6468.1      867.1    0.071
  55.674    3223     6467.3      868.0    0.071
  55.693    3224     6466.2      868.8    0.070
  55.709    3225     6466.0      869.9    0.082
  55.726    3226     6465.8      870.0    0.071
  55.743    3227     6465.3      870.2    0.071
  55.764    3228     6483.4      875.1    0.069
  55.782    3229     6482.2      875.4    0.071
  55.800    3230     6481.0      875.5    0.068
  55.818    3231     6480.4      876.2    0.068
  55.836    3232     6483.2      876.7    0.069
  55.855    3233     6485.9      876.7    0.069
  55.874    3234     6484.6      876.7    0.069
  55.890    3235     6483.3      876.2    0.068
  55.910    3236     6482.3      876.0    0.069
  55.931    3237     6481.3      875.6    0.097
  55.949    3238     6480.4      875.5    0.072
  55.971    3239     6479.4      874.8    0.068
  55.992    3240     6478.5      874.7    0.079
  56.014    3241     6477.6      875.3    0.076
  56.035    3242     6476.7      875.6    0.077
[ROBOT] Đã dừng điều khiển xe.

[✓] Dừng. 3242 frames. Log → EKF_realtime_log.csv
