EKF_RT — Standard Extended Kalman Filter (Numba JIT)
  Q=0.01  R=50.0  (hardcoded)
  Anchors: ['0x1001', '0x1002', '0x1003', '0x1004']
  Height : 1400.0 mm

[EKF_RT] Warming up JIT kernels... OK

Đang kết nối /dev/serial/by-id/usb-SEGGER_J-Link_000760192143-if00 @ 921600...
OK. Đang chờ dữ liệu... (Ctrl+C để dừng)

[ROBOT] Đã kết nối STM32 @ /dev/serial/by-id/usb-STMicroelectronics_BLUEPILL_F103C8_CDC_in_FS_Mode_498E169E3634-if00. Điều khiển xe bắt đầu.
 Time(s)   Frame      X(mm)      Y(mm)   dt(ms)
--------------------------------------------------
[EKF] init  x=6749.0  y=1437.4
   0.000       1     6743.7     1005.7    0.075
   0.003       2     6618.6      961.7    0.052
   0.005       3     6574.9      934.5    0.046
   0.008       4     6532.6      922.2    0.039
   0.010       5     6501.4      916.5    0.041
   0.013       6     6469.5      909.5    0.054
   0.015       7     6445.5      891.4    0.058
   0.018       8     6462.3      891.9    0.062
   0.020       9     6472.6      895.7    0.038
   0.023      10     6501.1      908.6    0.038
   0.025      11     6511.5      912.7    0.038
   0.027      12     6505.5      909.8    0.037
   0.030      13     6500.1      905.6    0.037
   0.032      14     6493.5      906.3    0.036
   0.035      15     6484.7      902.5    0.044
   0.037      16     6477.0      899.2    0.040
   0.039      17     6470.1      896.6    0.042
   0.042      18     6462.2      892.7    0.038
   0.044      19     6457.8      892.3    0.037
   0.047      20     6454.2      890.9    0.036
   0.049      21     6452.4      889.2    0.036
   0.051      22     6450.2      889.9    0.037
   0.054      23     6448.9      889.0    0.037
   0.056      24     6449.1      891.6    0.036
   0.058      25     6447.3      892.1    0.037
   0.061      26     6444.7      891.0    0.036
   0.063      27     6444.4      891.5    0.037
   0.066      28     6443.2      890.9    0.037
   0.068      29     6442.0      889.9    0.037
   0.070      30     6440.8      890.0    0.037
   0.073      31     6438.6      889.1    0.036
   0.075      32     6436.7      889.6    0.036
   0.077      33     6434.1      889.8    0.036
   0.080      34     6432.4      890.3    0.036
   0.082      35     6432.5      890.0    0.036
   0.084      36     6431.7      890.7    0.039
   0.087      37     6431.3      891.2    0.038
   0.089      38     6430.5      891.4    0.039
   0.092      39     6430.8      891.0    0.037
   0.094      40     6432.4      891.0    0.036
   0.096      41     6432.1      891.9    0.036
   0.099      42     6432.2      891.0    0.036
   0.101      43     6437.4      894.1    0.035
   0.103      44     6437.6      895.0    0.035
   0.106      45     6437.8      895.7    0.036
   0.108      46     6437.6      896.1    0.035
   0.110      47     6439.6      896.8    0.036
   0.113      48     6439.5      897.8    0.036
   0.115      49     6441.5      897.9    0.037
   0.118      50     6442.1      899.0    0.057
   0.120      51     6442.2      900.5    0.037
   0.122      52     6443.8      901.4    0.036
   0.125      53     6446.2      902.5    0.035
   0.127      54     6450.0      903.7    0.037
   0.129      55     6453.5      904.2    0.036
   0.132      56     6454.4      904.4    0.036
   0.134      57     6453.1      905.2    0.036
   0.136      58     6452.5      904.6    0.038
   0.139      59     6451.8      904.1    0.039
   0.141      60     6451.1      903.3    0.035
   0.144      61     6455.4      904.0    0.040
   0.146      62     6453.6      903.7    0.037
   0.148      63     6454.2      904.2    0.036
   0.151      64     6456.1      904.5    0.035
   0.156      65     6455.3      905.0    0.040
   0.175      66     6454.3      905.2    0.039
   0.192      67     6453.9      905.2    0.041
   0.210      68     6452.9      904.4    0.039
   0.228      69     6451.7      905.0    0.047
   0.246      70     6451.4      906.0    0.043
   0.264      71     6450.0      906.8    0.040
   0.280      72     6449.2      906.5    0.038
   0.297      73     6447.1      906.3    0.041
   0.315      74     6445.0      906.4    0.040
   0.331      75     6443.4      906.7    0.039
   0.348      76     6441.9      907.2    0.042
   0.367      77     6440.6      907.0    0.042
   0.383      78     6438.8      907.7    0.049
   0.400      79     6436.0      907.3    0.044
   0.417      80     6433.7      907.1    0.047
   0.434      81     6431.0      907.2    0.041
   0.452      82     6429.8      907.7    0.043
   0.468      83     6427.2      907.3    0.040
   0.485      84     6424.6      906.9    0.051
   0.503      85     6422.8      906.5    0.051
   0.519      86     6421.3      906.0    0.047
   0.538      87     6419.7      906.4    0.042
   0.554      88     6417.3      906.8    0.043
   0.571      89     6415.7      907.2    0.041
   0.587      90     6415.2      907.7    0.061
   0.604      91     6414.2      907.8    0.044
   0.621      92     6413.2      908.5    0.039
   0.638      93     6410.4      908.7    0.042
   0.655      94     6409.0      908.1    0.047
   0.672      95     6407.0      908.0    0.044
   0.692      96     6404.9      907.3    0.044
   0.710      97     6403.8      905.8    0.041
   0.726      98     6401.9      905.7    0.040
   0.745      99     6400.0      905.8    0.042
   0.761     100     6398.1      906.3    0.039
   0.778     101     6396.7      905.9    0.039
   0.795     102     6394.6      904.7    0.041
   0.812     103     6393.2      904.0    0.040
   0.828     104     6391.7      903.0    0.039
   0.845     105     6389.9      902.5    0.045
   0.861     106     6388.4      901.9    0.040
   0.878     107     6386.1      901.3    0.040
   0.895     108     6384.7      900.5    0.043
   0.912     109     6384.5      899.6    0.040
   0.929     110     6383.7      898.9    0.038
   0.946     111     6383.6      897.9    0.042
   0.964     112     6382.2      896.9    0.039
   0.980     113     6380.4      896.4    0.040
   0.997     114     6378.8      896.0    0.044
   1.014     115     6377.9      896.5    0.050
   1.033     116     6376.6      895.8    0.044
   1.049     117     6375.0      895.1    0.042
   1.066     118     6374.3      894.0    0.041
   1.083     119     6372.1      893.3    0.040
   1.101     120     6370.7      892.6    0.041
   1.117     121     6367.9      892.2    0.039
   1.136     122     6366.0      892.0    0.042
   1.152     123     6364.8      891.4    0.043
   1.169     124     6362.9      890.6    0.061
   1.187     125     6361.4      890.1    0.061
   1.204     126     6360.3      889.2    0.059
   1.222     127     6358.9      889.7    0.059
   1.238     128     6357.8      889.2    0.063
   1.257     129     6356.3      888.6    0.061
   1.273     130     6354.6      888.0    0.076
   1.290     131     6352.4      887.1    0.075
   1.307     132     6350.5      886.1    0.102
   1.324     133     6348.9      886.1    0.073
   1.341     134     6347.5      885.3    0.113
   1.357     135     6346.3      885.4    0.072
   1.374     136     6345.2      884.0    0.119
   1.390     137     6344.6      884.1    0.108
   1.408     138     6343.8      884.0    0.081
   1.424     139     6342.4      884.5    0.075
   1.441     140     6340.3      883.6    0.074
   1.458     141     6338.9      883.0    0.071
   1.475     142     6337.1      883.2    0.073
   1.495     143     6335.3      883.3    0.074
   1.511     144     6333.9      883.3    0.078
   1.527     145     6332.2      884.2    0.115
   1.546     146     6330.9      885.8    0.076
   1.562     147     6329.8      886.1    0.072
   1.579     148     6328.4      887.0    0.071
   1.596     149     6327.5      887.8    0.075
   1.614     150     6326.2      889.0    0.070
   1.630     151     6324.5      890.0    0.072
   1.647     152     6324.8      891.6    0.076
   1.664     153     6323.8      894.0    0.104
   1.681     154     6322.0      895.1    0.072
   1.698     155     6321.2      895.2    0.077
   1.717     156     6320.6      895.0    0.071
   1.736     157     6320.0      895.6    0.072
   1.752     158     6320.2      898.1    0.081
   1.768     159     6319.6      900.0    0.073
   1.785     160     6320.4      901.4    0.073
   1.802     161     6319.8      903.0    0.075
   1.822     162     6319.9      904.4    0.071
   1.839     163     6321.1      905.6    0.080
   1.857     164     6321.3      907.7    0.079
   1.873     165     6322.4      909.4    0.073
   1.892     166     6322.6      911.6    0.076
   1.908     167     6323.8      913.5    0.072
   1.927     168     6325.2      914.9    0.071
   1.943     169     6327.8      916.9    0.075
   1.960     170     6328.5      918.9    0.074
   1.978     171     6328.9      920.6    0.069
   1.994     172     6330.3      923.0    0.077
   2.011     173     6331.5      923.5    0.072
   2.030     174     6333.1      924.6    0.087
   2.046     175     6331.4      925.0    0.081
   2.063     176     6325.2      924.7    0.072
   2.079     177     6318.9      925.0    0.073
   2.097     178     6312.4      925.1    0.075
   2.115     179     6306.9      925.3    0.071
   2.131     180     6301.1      925.8    0.071
   2.148     181     6293.9      925.3    0.073
   2.165     182     6287.7      924.9    0.071
   2.182     183     6281.6      924.1    0.074
   2.198     184     6275.0      923.8    0.075
   2.215     185     6268.2      923.8    0.071
   2.234     186     6262.3      924.3    0.110
   2.250     187     6256.2      924.2    0.083
   2.267     188     6250.0      924.2    0.074
   2.284     189     6243.5      925.0    0.072
   2.301     190     6237.3      925.5    0.078
   2.318     191     6232.1      925.7    0.073
   2.336     192     6227.1      925.9    0.073
   2.353     193     6222.0      926.1    0.074
   2.370     194     6217.5      925.8    0.098
   2.386     195     6212.3      925.7    0.099
   2.403     196     6208.0      925.9    0.075
   2.420     197     6203.4      925.8    0.078
   2.437     198     6199.1      925.6    0.081
   2.454     199     6194.6      926.1    0.103
   2.471     200     6190.5      926.3    0.073
   2.488     201     6186.7      926.3    0.076
   2.505     202     6182.9      926.4    0.073
   2.522     203     6178.9      926.6    0.101
   2.538     204     6175.5      926.8    0.110
   2.556     205     6172.6      927.4    0.079
   2.574     206     6169.3      926.9    0.104
   2.590     207     6166.6      925.6    0.099
   2.607     208     6163.5      925.7    0.078
   2.624     209     6160.4      925.0    0.072
   2.641     210     6157.6      924.6    0.073
   2.659     211     6155.5      924.8    0.075
   2.675     212     6153.0      924.6    0.076
   2.692     213     6150.6      923.5    0.077
   2.709     214     6147.4      922.9    0.075
   2.726     215     6144.9      922.5    0.136
   2.744     216     6143.3      921.5    0.085
   2.760     217     6141.0      921.7    0.074
   2.777     218     6138.4      922.7    0.071
   2.794     219     6136.4      922.5    0.100
   2.810     220     6134.4      922.8    0.077
   2.827     221     6132.3      922.6    0.071
   2.846     222     6129.5      923.0    0.102
   2.862     223     6127.0      922.8    0.076
   2.881     224     6124.8      923.1    0.072
   2.897     225     6122.5      923.4    0.077
   2.914     226     6120.1      923.6    0.075
   2.931     227     6118.9      923.3    0.070
   2.947     228     6117.4      923.8    0.073
   2.964     229     6115.9      923.7    0.071
   2.980     230     6115.7      924.5    0.071
   2.996     231     6114.1      924.9    0.069
   3.013     232     6112.7      924.4    0.064
   3.030     233     6110.9      924.5    0.071
   3.048     234     6109.5      924.2    0.071
   3.065     235     6108.6      923.9    0.065
   3.081     236     6107.4      923.3    0.063
   3.099     237     6106.2      923.2    0.081
   3.116     238     6105.3      923.9    0.074
   3.132     239     6104.8      924.0    0.070
   3.150     240     6103.6      923.5    0.073
   3.166     241     6102.6      922.5    0.070
   3.184     242     6102.2      921.9    0.070
   3.200     243     6100.8      921.1    0.075
   3.218     244     6100.3      920.4    0.077
   3.234     245     6100.4      919.7    0.079
   3.251     246     6099.0      919.4    0.076
   3.267     247     6098.8      919.1    0.071
   3.287     248     6097.6      919.2    0.071
   3.304     249     6096.3      918.7    0.074
   3.321     250     6095.2      918.3    0.069
   3.339     251     6094.4      918.4    0.070
   3.356     252     6091.9      917.4    0.072
   3.374     253     6089.3      916.6    0.071
   3.390     254     6087.2      914.9    0.072
   3.408     255     6084.6      914.1    0.072
   3.424     256     6083.7      914.1    0.071
   3.442     257     6081.5      914.2    0.070
   3.460     258     6078.4      914.3    0.080
   3.476     259     6075.0      912.0    0.073
   3.492     260     6072.6      910.8    0.072
   3.511     261     6070.3      910.6    0.076
   3.528     262     6067.1      910.4    0.070
   3.544     263     6063.7      908.8    0.071
   3.561     264     6061.8      910.8    0.071
   3.579     265     6060.0      911.1    0.071
   3.595     266     6056.5      910.8    0.069
   3.612     267     6054.8      910.3    0.073
   3.629     268     6052.7      910.5    0.069
   3.646     269     6051.4      910.0    0.073
   3.663     270     6052.4      910.3    0.071
   3.681     271     6053.0      911.0    0.071
   3.698     272     6052.4      911.5    0.073
   3.715     273     6050.5      911.6    0.072
   3.733     274     6049.0      911.2    0.071
   3.753     275     6047.5      910.7    0.076
   3.772     276     6046.2      911.1    0.070
   3.789     277     6047.5      912.1    0.070
   3.806     278     6043.7      911.5    0.073
   3.822     279     6039.8      910.8    0.070
   3.839     280     6036.2      910.6    0.070
   3.858     281     6032.8      910.1    0.074
   3.874     282     6028.3      909.2    0.069
   3.891     283     6023.2      908.2    0.071
   3.908     284     6018.1      906.9    0.074
   3.925     285     6013.3      905.6    0.069
   3.941     286     6008.0      905.0    0.070
   3.957     287     6004.7      904.2    0.072
   3.974     288     6006.8      906.0    0.069
   3.991     289     6003.9      905.1    0.070
   4.008     290     5999.1      904.1    0.072
   4.024     291     5994.3      903.8    0.077
   4.040     292     5990.3      903.6    0.069
   4.056     293     5986.3      904.1    0.073
   4.073     294     5982.2      903.7    0.076
   4.091     295     5978.4      904.1    0.072
   4.109     296     5974.7      904.9    0.074
   4.125     297     5971.0      905.0    0.074
   4.142     298     5967.1      904.5    0.072
   4.159     299     5963.6      904.4    0.087
   4.176     300     5959.1      904.6    0.069
   4.195     301     5954.7      904.1    0.075
   4.212     302     5951.5      903.8    0.074
   4.229     303     5947.3      903.5    0.080
   4.245     304     5943.1      903.2    0.072
   4.262     305     5938.5      902.9    0.074
   4.279     306     5935.5      902.9    0.071
   4.296     307     5931.9      903.1    0.070
   4.314     308     5927.8      902.8    0.075
   4.333     309     5923.8      902.4    0.070
   4.349     310     5920.1      902.1    0.075
   4.365     311     5915.7      901.9    0.072
   4.383     312     5912.6      901.8    0.114
   4.400     313     5909.5      901.6    0.104
   4.416     314     5906.6      902.2    0.078
   4.435     315     5904.4      902.4    0.074
   4.452     316     5903.2      903.3    0.075
   4.469     317     5906.6      905.0    0.071
   4.486     318     5906.0      905.1    0.076
   4.502     319     5904.5      904.5    0.076
   4.521     320     5902.8      905.1    0.073
   4.537     321     5903.9      905.8    0.072
   4.556     322     5904.4      907.2    0.072
   4.574     323     5904.8      907.5    0.071
   4.590     324     5902.7      906.3    0.070
   4.607     325     5904.4      905.8    0.073
   4.623     326     5910.6      907.9    0.070
   4.639     327     5916.4      910.1    0.069
   4.659     328     5922.1      912.1    0.072
   4.675     329     5928.3      914.8    0.070
   4.693     330     5934.4      917.7    0.070
   4.710     331     5937.4      918.9    0.074
   4.728     332     5940.3      919.9    0.071
   4.744     333     5942.3      921.0    0.072
   4.761     334     5944.1      922.2    0.116
   4.778     335     5941.3      922.0    0.077
   4.797     336     5938.3      921.8    0.072
   4.816     337     5935.5      921.9    0.073
   4.833     338     5937.2      922.0    0.070
   4.849     339     5933.4      922.1    0.075
   4.866     340     5928.9      921.3    0.074
   4.883     341     5931.4      922.3    0.070
   4.900     342     5926.6      921.8    0.075
   4.917     343     5932.5      923.3    0.071
   4.933     344     5927.1      921.6    0.073
   4.952     345     5928.2      922.0    0.074
   4.969     346     5929.2      922.3    0.072
   4.987     347     5929.8      922.5    0.071
   5.003     348     5922.5      920.8    0.103
   5.020     349     5916.2      919.1    0.087
   5.037     350     5910.2      917.2    0.075
   5.053     351     5911.8      917.7    0.074
   5.070     352     5913.4      918.6    0.073
   5.087     353     5915.4      919.1    0.089
   5.104     354     5916.8      920.3    0.092
   5.123     355     5918.1      921.5    0.075
   5.139     356     5920.9      922.3    0.075
   5.156     357     5922.0      922.9    0.074
   5.173     358     5919.9      921.9    0.072
   5.190     359     5921.4      922.5    0.071
   5.209     360     5924.0      922.7    0.075
   5.225     361     5927.3      923.1    0.071
   5.243     362     5925.6      922.1    0.079
   5.261     363     5924.0      922.0    0.077
   5.277     364     5924.7      922.8    0.073
   5.295     365     5924.5      923.3    0.072
   5.315     366     5929.2      925.6    0.080
   5.333     367     5934.6      926.9    0.073
   5.349     368     5933.9      927.3    0.071
   5.366     369     5932.7      927.7    0.072
   5.384     370     5928.3      926.5    0.133
   5.402     371     5929.7      927.2    0.088
   5.420     372     5930.9      929.4    0.081
   5.437     373     5931.8      930.8    0.075
   5.455     374     5932.8      932.1    0.075
   5.471     375     5927.0      931.6    0.076
   5.492     376     5921.7      930.9    0.070
   5.508     377     5916.7      930.8    0.083
   5.525     378     5911.4      930.6    0.075
   5.542     379     5906.2      929.9    0.075
   5.559     380     5901.4      929.4    0.074
   5.576     381     5895.7      928.5    0.070
   5.594     382     5894.6      928.2    0.071
   5.610     383     5892.8      928.7    0.073
   5.629     384     5894.2      930.2    0.070
   5.647     385     5892.0      930.2    0.072
   5.663     386     5886.9      930.6    0.073
   5.680     387     5880.5      929.7    0.070
   5.698     388     5874.6      929.1    0.072
   5.716     389     5868.3      928.2    0.071
   5.732     390     5862.3      927.5    0.072
   5.749     391     5855.7      927.1    0.070
   5.766     392     5848.9      926.7    0.075
   5.786     393     5842.8      926.5    0.071
   5.802     394     5835.7      926.5    0.077
   5.819     395     5834.3      927.0    0.072
   5.836     396     5828.0      926.1    0.072
   5.853     397     5822.7      926.0    0.073
   5.870     398     5817.5      926.3    0.071
   5.887     399     5811.7      925.9    0.072
   5.904     400     5805.6      926.0    0.076
   5.921     401     5800.1      925.6    0.071
   5.939     402     5794.9      925.8    0.073
   5.955     403     5789.7      925.6    0.077
   5.974     404     5785.0      926.4    0.072
   5.990     405     5780.1      927.8    0.070
   6.007     406     5775.6      928.6    0.073
   6.024     407     5775.1      931.4    0.114
   6.041     408     5768.8      932.4    0.079
   6.058     409     5763.7      933.4    0.077
   6.074     410     5764.3      935.7    0.075
   6.091     411     5758.7      937.1    0.073
   6.108     412     5752.8      938.1    0.073
   6.125     413     5747.4      937.8    0.072
   6.142     414     5741.1      937.4    0.072
   6.159     415     5735.2      938.2    0.071
   6.177     416     5729.5      939.1    0.071
   6.194     417     5724.1      938.9    0.071
   6.210     418     5719.2      939.2    0.073
   6.228     419     5714.6      940.0    0.076
   6.245     420     5710.5      940.6    0.075
   6.264     421     5707.4      941.6    0.072
   6.280     422     5703.8      941.1    0.072
   6.296     423     5700.2      941.4    0.071
   6.313     424     5698.1      942.2    0.074
   6.329     425     5696.4      941.8    0.071
   6.345     426     5695.1      941.6    0.071
   6.362     427     5694.5      941.6    0.071
   6.379     428     5693.5      941.5    0.071
   6.396     429     5692.4      940.7    0.070
   6.413     430     5698.6      942.5    0.073
   6.430     431     5700.1      941.9    0.078
   6.446     432     5695.9      940.1    0.074
   6.463     433     5696.4      939.7    0.073
   6.480     434     5692.3      937.7    0.072
   6.497     435     5687.1      934.9    0.071
   6.513     436     5681.8      932.6    0.078
   6.530     437     5677.7      931.1    0.069
   6.547     438     5672.5      928.3    0.072
   6.564     439     5667.9      927.7    0.073
   6.581     440     5664.0      926.3    0.070
   6.598     441     5659.8      924.5    0.070
   6.615     442     5655.7      923.7    0.073
   6.632     443     5650.9      923.3    0.070
   6.648     444     5646.9      922.3    0.070
   6.665     445     5642.7      921.1    0.071
   6.682     446     5637.8      919.2    0.070
   6.701     447     5633.8      918.0    0.070
   6.717     448     5631.7      916.6    0.070
   6.734     449     5628.5      915.3    0.072
   6.751     450     5624.6      914.2    0.072
   6.768     451     5620.3      912.7    0.071
   6.784     452     5615.9      911.6    0.072
   6.803     453     5611.3      911.1    0.069
   6.819     454     5606.6      910.0    0.079
   6.836     455     5602.6      908.9    0.072
   6.853     456     5598.7      907.5    0.071
   6.870     457     5595.6      906.5    0.072
   6.888     458     5592.6      906.1    0.075
   6.904     459     5588.4      906.0    0.077
   6.924     460     5584.3      905.7    0.070
   6.940     461     5581.8      905.1    0.075
   6.957     462     5579.0      903.9    0.075
   6.974     463     5575.7      903.1    0.073
   6.991     464     5572.6      903.0    0.072
   7.008     465     5570.2      903.0    0.073
   7.025     466     5567.1      902.8    0.080
   7.041     467     5564.4      902.1    0.075
   7.060     468     5562.3      901.7    0.074
   7.076     469     5559.1      902.3    0.071
   7.093     470     5558.0      902.3    0.073
   7.112     471     5555.4      901.6    0.073
   7.128     472     5551.9      900.8    0.071
   7.145     473     5549.1      900.0    0.071
   7.161     474     5544.7      898.7    0.073
   7.180     475     5540.7      896.9    0.071
   7.196     476     5537.5      897.0    0.071
   7.215     477     5533.9      895.6    0.070
   7.231     478     5529.6      894.1    0.076
   7.251     479     5524.8      892.7    0.101
   7.267     480     5520.7      891.2    0.079
   7.284     481     5516.5      889.7    0.074
   7.303     482     5512.5      888.4    0.073
   7.319     483     5508.3      886.8    0.077
   7.336     484     5503.8      885.9    0.072
   7.355     485     5499.4      884.7    0.073
   7.372     486     5496.6      883.1    0.111
   7.389     487     5493.7      881.6    0.156
   7.407     488     5490.8      879.9    0.084
   7.423     489     5487.0      877.6    0.079
   7.440     490     5484.2      875.9    0.075
   7.457     491     5482.0      872.2    0.083
   7.474     492     5479.3      869.9    0.076
   7.491     493     5477.0      867.6    0.073
   7.508     494     5474.7      865.4    0.075
   7.525     495     5472.1      863.1    0.071
   7.541     496     5469.5      861.4    0.073
   7.560     497     5467.3      859.5    0.071
   7.576     498     5468.6      858.2    0.070
   7.595     499     5468.3      856.7    0.069
   7.611     500     5465.8      854.8    0.072
   7.628     501     5469.3      854.3    0.069
   7.645     502     5470.7      854.1    0.071
   7.661     503     5470.0      852.5    0.077
   7.678     504     5466.8      850.1    0.079
   7.697     505     5461.9      846.7    0.079
   7.713     506     5457.7      844.7    0.076
   7.730     507     5451.1      841.5    0.071
   7.747     508     5444.5      838.6    0.077
   7.765     509     5438.0      835.4    0.074
   7.783     510     5432.2      833.1    0.074
   7.799     511     5426.6      830.5    0.071
   7.818     512     5421.5      828.0    0.080
   7.834     513     5416.3      826.1    0.072
   7.851     514     5411.1      824.5    0.073
   7.868     515     5406.3      822.8    0.072
   7.888     516     5401.6      820.9    0.073
   7.904     517     5397.3      818.8    0.070
   7.921     518     5392.6      816.0    0.073
   7.938     519     5387.4      814.6    0.071
   7.955     520     5382.3      812.0    0.069
   7.972     521     5376.8      809.2    0.072
   7.989     522     5371.6      806.5    0.071
   8.006     523     5366.2      803.8    0.074
   8.023     524     5360.8      801.2    0.092
   8.039     525     5355.0      798.1    0.076
   8.058     526     5349.0      794.7    0.076
   8.076     527     5343.9      792.4    0.073
   8.092     528     5338.7      791.0    0.070
   8.110     529     5333.5      789.2    0.073
   8.127     530     5328.3      786.9    0.072
   8.147     531     5323.3      785.3    0.071
   8.163     532     5318.4      783.7    0.075
   8.183     533     5314.0      782.4    0.072
   8.201     534     5309.9      781.5    0.073
   8.219     535     5306.3      780.6    0.073
   8.237     536     5302.3      779.4    0.076
   8.253     537     5299.1      778.4    0.072
   8.270     538     5295.4      777.3    0.104
   8.290     539     5292.1      775.9    0.077
   8.310     540     5289.2      774.8    0.076
   8.328     541     5286.4      773.8    0.074
   8.346     542     5283.0      774.3    0.071
   8.362     543     5280.1      774.5    0.075
   8.379     544     5277.6      775.8    0.072
   8.399     545     5274.9      776.9    0.070
   8.417     546     5272.8      778.3    0.071
   8.433     547     5270.7      780.6    0.072
   8.450     548     5267.9      781.7    0.071
   8.467     549     5265.0      783.3    0.071
   8.484     550     5262.5      785.3    0.077
   8.501     551     5260.4      787.7    0.075
   8.518     552     5258.0      789.6    0.075
   8.538     553     5255.8      792.0    0.073
   8.554     554     5253.1      794.6    0.074
   8.571     555     5251.1      796.8    0.072
   8.588     556     5248.8      798.4    0.070
   8.607     557     5245.9      800.0    0.069
   8.623     558     5240.9      802.7    0.071
   8.640     559     5238.1      804.1    0.073
   8.658     560     5235.2      805.2    0.072
   8.674     561     5232.9      806.6    0.072
   8.691     562     5229.6      807.3    0.070
   8.708     563     5226.7      808.0    0.073
   8.727     564     5224.3      808.9    0.071
   8.743     565     5219.5      811.1    0.071
   8.760     566     5215.6      812.2    0.070
   8.777     567     5211.1      812.1    0.070
   8.793     568     5207.0      812.6    0.069
   8.810     569     5203.3      813.7    0.072
   8.828     570     5200.0      814.3    0.069
   8.844     571     5193.9      817.1    0.073
   8.861     572     5191.0      817.6    0.071
   8.878     573     5188.1      817.8    0.075
   8.895     574     5183.2      819.8    0.072
   8.912     575     5177.9      820.8    0.072
   8.929     576     5172.7      822.1    0.069
   8.947     577     5165.5      824.7    0.071
   8.965     578     5161.0      825.4    0.070
   8.981     579     5158.2      823.8    0.069
   8.998     580     5153.4      823.9    0.069
   9.015     581     5148.7      823.8    0.069
   9.032     582     5143.5      823.4    0.081
   9.052     583     5138.1      822.9    0.073
   9.068     584     5135.4      820.9    0.071
   9.085     585     5132.0      819.1    0.074
   9.102     586     5124.9      819.2    0.073
   9.119     587     5118.4      820.0    0.072
   9.136     588     5111.3      820.5    0.070
   9.153     589     5106.8      819.1    0.072
   9.171     590     5101.9      818.1    0.072
   9.189     591     5096.5      817.7    0.079
   9.205     592     5091.5      817.4    0.074
   9.222     593     5089.2      814.9    0.109
   9.239     594     5082.8      814.2    0.081
   9.256     595     5078.7      809.1    0.073
   9.274     596     5075.3      803.8    0.096
   9.292     597     5069.7      799.6    0.074
   9.310     598     5064.6      793.8    0.073
   9.326     599     5060.4      788.5    0.075
   9.343     600     5056.7      787.2    0.072
   9.360     601     5053.3      786.3    0.075
   9.377     602     5050.4      784.9    0.077
   9.394     603     5047.1      783.5    0.074
   9.412     604     5043.8      782.8    0.072
   9.430     605     5041.4      781.6    0.098
   9.446     606     5037.7      780.5    0.099
   9.463     607     5034.9      779.9    0.076
   9.480     608     5032.4      779.1    0.072
   9.497     609     5028.7      777.8    0.071
   9.514     610     5026.1      777.9    0.103
   9.531     611     5023.4      777.9    0.075
   9.549     612     5021.2      777.3    0.071
   9.565     613     5018.9      777.2    0.076
   9.582     614     5015.6      777.0    0.094
   9.599     615     5013.0      777.6    0.072
   9.616     616     5011.4      779.1    0.090
   9.633     617     5009.0      780.9    0.074
   9.651     618     5006.9      783.5    0.072
   9.669     619     5004.5      785.2    0.076
   9.685     620     5002.8      786.7    0.072
   9.702     621     5000.7      789.0    0.073
   9.719     622     4997.5      792.2    0.072
   9.736     623     4995.5      793.7    0.072
   9.755     624     4992.9      795.6    0.071
   9.773     625     4991.2      797.5    0.073
   9.792     626     4989.5      799.6    0.079
   9.808     627     4987.6      801.8    0.071
   9.825     628     4986.3      804.5    0.069
   9.844     629     4983.8      807.5    0.070
   9.860     630     4982.5      810.1    0.070
   9.877     631     4980.7      813.2    0.072
   9.894     632     4978.7      815.6    0.075
   9.912     633     4976.6      818.3    0.072
   9.928     634     4975.3      820.8    0.070
   9.945     635     4973.9      824.0    0.071
   9.962     636     4972.4      826.3    0.109
   9.979     637     4971.1      828.3    0.073
   9.996     638     4968.2      825.5    0.072
  10.014     639     4964.9      822.8    0.071
  10.031     640     4960.6      820.6    0.104
  10.047     641     4959.4      823.3    0.080
  10.066     642     4956.7      821.8    0.077
  10.082     643     4953.3      820.2    0.073
  10.099     644     4952.3      824.3    0.072
  10.116     645     4948.5      823.5    0.072
  10.135     646     4944.9      822.3    0.070
  10.151     647     4942.6      820.6    0.069
  10.168     648     4939.9      824.0    0.071
  10.184     649     4939.0      828.0    0.071
  10.201     650     4935.5      827.1    0.070
  10.220     651     4933.5      830.1    0.076
  10.236     652     4930.3      829.4    0.078
  10.253     653     4926.6      827.8    0.071
  10.273     654     4924.7      831.3    0.073
  10.289     655     4922.4      834.4    0.071
  10.306     656     4918.4      832.6    0.069
  10.323     657     4914.7      830.4    0.072
  10.340     658     4911.2      828.4    0.072
  10.357     659     4902.6      822.7    0.070
  10.374     660     4899.1      821.0    0.074
  10.392     661     4893.0      821.2    0.116
  10.412     662     4891.1      823.8    0.083
  10.430     663     4884.4      820.2    0.083
  10.446     664     4875.0      818.8    0.073
  10.463     665     4870.2      823.1    0.082
  10.480     666     4863.8      827.9    0.075
  10.497     667     4858.9      830.8    0.072
  10.514     668     4855.1      833.8    0.073
  10.532     669     4849.8      830.4    0.073
  10.548     670     4845.8      833.4    0.070
  10.565     671     4842.0      835.4    0.074
  10.582     672     4838.5      837.6    0.074
  10.599     673     4834.2      840.1    0.072
  10.617     674     4830.9      842.5    0.072
  10.634     675     4827.4      844.0    0.072
  10.651     676     4824.7      846.4    0.079
  10.669     677     4822.3      847.7    0.073
  10.687     678     4818.8      849.7    0.072
  10.703     679     4815.1      852.0    0.070
  10.720     680     4811.9      854.9    0.072
  10.737     681     4808.5      857.4    0.069
  10.754     682     4806.0      860.2    0.070
  10.771     683     4803.5      862.5    0.072
  10.789     684     4800.9      864.4    0.069
  10.807     685     4797.9      866.7    0.067
  10.823     686     4795.2      868.2    0.069
  10.840     687     4792.9      869.7    0.069
  10.859     688     4790.6      871.7    0.069
  10.875     689     4787.5      872.7    0.074
  10.892     690     4785.5      874.6    0.071
  10.908     691     4783.1      877.1    0.069
  10.925     692     4780.6      879.2    0.077
  10.946     693     4778.6      880.8    0.069
  10.962     694     4776.6      883.2    0.069
  10.979     695     4774.7      885.1    0.073
  10.996     696     4772.4      887.0    0.069
  11.014     697     4769.7      889.4    0.074
  11.032     698     4767.9      891.3    0.085
  11.048     699     4766.3      893.0    0.072
  11.065     700     4764.5      895.4    0.075
  11.082     701     4762.6      898.1    0.075
  11.099     702     4761.1      900.5    0.072
  11.116     703     4759.2      902.2    0.074
  11.133     704     4757.8      904.5    0.073
  11.148     705     4755.1      907.9    0.073
  11.166     706     4753.4      910.8    0.075
  11.183     707     4750.2      908.1    0.073
  11.199     708     4746.3      905.6    0.069
  11.217     709     4742.2      902.9    0.073
  11.234     710     4740.0      905.1    0.087
  11.251     711     4735.4      901.8    0.073
  11.267     712     4731.4      898.3    0.078
  11.284     713     4730.0      901.8    0.073
  11.301     714     4725.6      895.5    0.074
  11.317     715     4722.6      896.3    0.072
  11.334     716     4719.9      897.4    0.072
  11.351     717     4716.8      899.1    0.070
  11.368     718     4713.5      900.1    0.070
  11.387     719     4711.0      902.0    0.123
  11.402     720     4707.1      903.7    0.075
  11.419     721     4703.0      905.2    0.074
  11.436     722     4698.6      906.8    0.068
  11.453     723     4696.1      908.3    0.072
  11.470     724     4691.6      909.1    0.085
  11.487     725     4687.9      909.8    0.077
  11.506     726     4683.7      908.2    0.077
  11.524     727     4679.5      909.7    0.075
  11.540     728     4674.9      909.8    0.073
  11.557     729     4671.8      908.9    0.072
  11.573     730     4667.0      908.2    0.072
  11.590     731     4661.6      907.9    0.067
  11.607     732     4655.1      907.1    0.073
  11.624     733     4650.7      906.7    0.073
  11.640     734     4646.6      905.1    0.066
  11.657     735     4642.0      903.9    0.066
  11.675     736     4637.0      902.9    0.077
  11.692     737     4632.4      901.5    0.074
  11.709     738     4627.7      899.6    0.073
  11.725     739     4624.0      898.3    0.073
  11.742     740     4620.6      896.3    0.072
  11.759     741     4616.4      895.2    0.072
  11.775     742     4613.2      894.1    0.072
  11.792     743     4610.6      892.0    0.065
  11.811     744     4606.9      890.8    0.065
  11.829     745     4602.7      889.2    0.074
  11.845     746     4599.0      887.2    0.068
  11.862     747     4595.1      885.7    0.104
  11.880     748     4591.8      884.4    0.073
  11.896     749     4587.3      883.0    0.066
  11.913     750     4583.2      881.9    0.069
  11.930     751     4579.0      881.6    0.072
  11.949     752     4574.5      880.9    0.069
  11.967     753     4570.2      879.5    0.074
  11.983     754     4566.1      880.1    0.076
  12.001     755     4561.6      881.0    0.074
  12.021     756     4557.9      881.5    0.095
  12.039     757     4553.9      881.6    0.079
  12.057     758     4550.4      881.5    0.074
  12.075     759     4546.5      881.0    0.075
  12.091     760     4542.8      880.3    0.072
  12.108     761     4539.1      879.9    0.073
  12.125     762     4534.3      879.8    0.075
  12.143     763     4529.9      878.8    0.073
  12.161     764     4526.9      878.4    0.074
  12.177     765     4523.3      878.0    0.068
  12.193     766     4519.5      878.3    0.066
  12.210     767     4515.8      876.9    0.066
  12.227     768     4512.3      876.9    0.078
  12.244     769     4509.4      877.7    0.096
  12.263     770     4506.6      878.6    0.072
  12.280     771     4503.5      879.2    0.080
  12.298     772     4501.0      879.7    0.075
  12.314     773     4498.7      881.1    0.071
  12.335     774     4496.6      882.5    0.072
  12.353     775     4494.6      883.4    0.072
  12.369     776     4490.0      881.0    0.075
  12.389     777     4485.8      877.8    0.139
  12.405     778     4482.7      874.8    0.095
  12.422     779     4478.7      871.3    0.082
  12.438     780     4473.3      865.6    0.076
  12.457     781     4468.9      860.8    0.073
  12.473     782     4463.7      857.5    0.083
  12.490     783     4459.8      853.1    0.075
  12.508     784     4455.9      850.3    0.075
  12.524     785     4452.0      846.8    0.082
  12.541     786     4448.1      843.6    0.072
  12.558     787     4443.6      841.5    0.070
  12.575     788     4438.9      837.9    0.077
  12.592     789     4433.9      835.7    0.070
  12.609     790     4429.6      834.3    0.071
  12.626     791     4424.5      832.2    0.070
  12.643     792     4419.2      831.2    0.072
  12.659     793     4415.1      828.5    0.072
  12.676     794     4410.0      826.4    0.073
  12.693     795     4404.8      825.0    0.112
  12.710     796     4399.8      823.1    0.071
  12.727     797     4394.6      821.5    0.070
  12.743     798     4389.3      820.0    0.078
  12.761     799     4384.8      818.8    0.070
  12.779     800     4381.6      815.0    0.073
  12.795     801     4379.1      812.4    0.070
  12.814     802     4376.3      809.8    0.070
  12.830     803     4373.2      806.6    0.093
  12.847     804     4370.6      804.2    0.071
  12.866     805     4368.4      801.3    0.069
  12.882     806     4366.0      798.4    0.073
  12.900     807     4362.8      796.0    0.069
  12.916     808     4360.6      792.6    0.071
  12.933     809     4357.5      790.1    0.075
  12.950     810     4354.7      787.9    0.072
  12.967     811     4352.3      785.1    0.104
  12.984     812     4349.3      783.0    0.072
  13.001     813     4345.9      780.9    0.070
  13.019     814     4342.4      778.5    0.086
  13.035     815     4340.4      775.8    0.074
  13.052     816     4337.3      773.8    0.072
  13.071     817     4334.0      771.5    0.075
  13.087     818     4331.5      769.1    0.081
  13.103     819     4329.7      766.8    0.080
  13.120     820     4327.4      763.8    0.080
  13.137     821     4325.2      760.7    0.073
  13.155     822     4323.6      758.4    0.071
  13.173     823     4323.2      755.5    0.073
  13.188     824     4322.1      752.8    0.087
  13.205     825     4320.7      750.3    0.073
  13.224     826     4319.2      747.7    0.082
  13.240     827     4318.2      744.6    0.081
  13.258     828     4317.5      742.5    0.072
  13.276     829     4311.0      742.4    0.076
  13.294     830     4309.6      740.4    0.074
  13.310     831     4309.2      738.4    0.071
  13.330     832     4307.6      736.7    0.072
  13.347     833     4302.9      735.9    0.072
  13.365     834     4298.9      735.6    0.105
  13.383     835     4298.5      734.0    0.122
  13.398     836     4298.1      733.5    0.079
  13.415     837     4298.3      733.0    0.076
  13.434     838     4298.9      732.7    0.076
  13.450     839     4299.0      732.6    0.073
  13.466     840     4299.0      732.7    0.073
  13.483     841     4299.0      734.5    0.072
  13.501     842     4299.1      735.7    0.072
  13.518     843     4299.6      737.8    0.068
  13.534     844     4300.0      739.7    0.070
  13.551     845     4300.5      741.6    0.074
  13.568     846     4301.4      744.4    0.081
  13.585     847     4301.7      746.8    0.083
  13.602     848     4301.7      749.0    0.079
  13.618     849     4301.6      751.2    0.074
  13.635     850     4299.4      748.5    0.077
  13.652     851     4299.7      750.6    0.072
  13.673     852     4299.9      752.6    0.079
  13.692     853     4300.4      754.4    0.071
  13.708     854     4300.2      757.7    0.071
  13.725     855     4297.0      754.4    0.072
  13.743     856     4294.6      752.0    0.068
  13.759     857     4292.2      749.5    0.068
  13.776     858     4289.7      747.3    0.071
  13.793     859     4289.1      749.8    0.070
  13.810     860     4285.7      746.5    0.069
  13.827     861     4282.3      743.2    0.070
  13.845     862     4278.6      740.1    0.068
  13.862     863     4275.4      736.8    0.069
  13.879     864     4272.5      724.6    0.072
  13.895     865     4267.1      717.3    0.070
  13.914     866     4261.8      710.0    0.069
  13.930     867     4259.3      708.9    0.070
  13.946     868     4253.7      701.2    0.069
  13.965     869     4249.4      695.4    0.072
  13.982     870     4244.4      689.8    0.078
  13.999     871     4239.8      687.9    0.070
  14.015     872     4237.4      690.4    0.068
  14.032     873     4233.4      687.5    0.082
  14.050     874     4226.8      679.1    0.103
  14.067     875     4224.3      681.5    0.074
  14.085     876     4222.2      683.1    0.074
  14.103     877     4219.3      684.7    0.065
  14.120     878     4216.9      686.1    0.065
  14.136     879     4214.6      687.6    0.066
  14.153     880     4212.2      688.5    0.094
  14.170     881     4209.7      689.3    0.066
  14.187     882     4207.2      689.2    0.079
  14.204     883     4204.6      690.4    0.072
  14.221     884     4201.2      690.9    0.072
  14.239     885     4198.3      691.5    0.081
  14.257     886     4195.5      691.6    0.072
  14.275     887     4193.5      691.7    0.083
  14.291     888     4190.6      692.9    0.072
  14.311     889     4187.5      694.0    0.071
  14.328     890     4184.9      694.8    0.072
  14.346     891     4182.4      695.8    0.071
  14.362     892     4179.6      696.9    0.071
  14.379     893     4177.7      697.1    0.075
  14.396     894     4175.6      698.1    0.070
  14.413     895     4173.2      699.0    0.069
  14.429     896     4170.5      698.9    0.081
  14.448     897     4168.1      698.9    0.073
  14.465     898     4166.6      698.0    0.072
  14.483     899     4164.1      698.0    0.073
  14.499     900     4161.4      697.7    0.071
  14.516     901     4159.2      698.5    0.070
  14.533     902     4157.1      698.2    0.072
  14.550     903     4154.2      698.5    0.071
  14.569     904     4151.4      698.7    0.069
  14.586     905     4148.5      698.7    0.071
  14.603     906     4145.8      698.9    0.069
  14.619     907     4144.0      698.5    0.070
  14.636     908     4142.0      698.7    0.071
  14.653     909     4141.0      698.7    0.070
  14.672     910     4139.0      699.2    0.069
  14.688     911     4136.8      699.3    0.072
  14.705     912     4134.9      699.8    0.070
  14.722     913     4132.9      700.4    0.070
  14.740     914     4130.7      700.2    0.069
  14.756     915     4128.2      700.8    0.070
  14.773     916     4125.6      701.3    0.071
  14.790     917     4122.9      702.2    0.070
  14.807     918     4120.7      702.8    0.091
  14.826     919     4117.9      703.1    0.070
  14.842     920     4114.6      704.3    0.069
  14.859     921     4110.7      706.0    0.069
  14.875     922     4107.7      706.6    0.073
  14.893     923     4104.9      707.1    0.072
  14.910     924     4101.9      708.4    0.069
  14.927     925     4099.5      709.6    0.074
  14.944     926     4096.3      711.7    0.108
  14.961     927     4093.5      713.2    0.069
  14.978     928     4090.9      715.5    0.073
  14.996     929     4088.8      717.4    0.069
  15.012     930     4087.2      718.4    0.071
  15.032     931     4085.0      719.8    0.150
  15.048     932     4082.2      721.5    0.110
  15.065     933     4079.5      722.9    0.076
  15.081     934     4076.5      724.7    0.074
  15.097     935     4074.2      726.4    0.067
  15.114     936     4072.3      727.6    0.066
  15.131     937     4070.4      729.6    0.066
  15.147     938     4067.7      730.9    0.064
  15.164     939     4065.4      731.7    0.065
  15.181     940     4063.4      733.0    0.080
  15.198     941     4060.7      734.2    0.073
  15.216     942     4058.2      735.0    0.072
  15.233     943     4055.2      736.3    0.083
  15.250     944     4051.7      737.0    0.102
  15.267     945     4048.5      738.3    0.074
  15.283     946     4046.0      739.6    0.071
  15.299     947     4043.0      740.1    0.066
  15.316     948     4040.9      740.8    0.065
  15.333     949     4038.1      742.5    0.071
  15.350     950     4035.3      744.0    0.066
  15.367     951     4033.2      744.5    0.065
  15.385     952     4031.1      745.5    0.112
  15.402     953     4029.7      747.1    0.095
  15.418     954     4027.9      748.1    0.077
  15.435     955     4026.3      749.6    0.074
  15.452     956     4024.7      750.9    0.083
  15.467     957     4023.1      751.9    0.076
  15.485     958     4022.4      753.0    0.067
  15.501     959     4021.7      753.7    0.066
  15.518     960     4020.3      754.6    0.064
  15.535     961     4019.6      756.0    0.065
  15.552     962     4017.9      756.8    0.062
  15.568     963     4016.0      758.0    0.064
  15.587     964     4013.8      759.0    0.074
  15.603     965     4012.6      760.0    0.075
  15.620     966     4010.4      760.5    0.071
  15.637     967     4008.8      761.2    0.073
  15.655     968     4007.6      763.4    0.072
  15.672     969     4005.2      765.5    0.071
  15.688     970     4003.3      766.9    0.109
  15.704     971     4001.0      768.8    0.063
  15.721     972     3998.6      769.8    0.064
  15.740     973     3995.7      772.3    0.065
  15.756     974     3992.5      774.0    0.063
  15.773     975     3989.7      775.8    0.064
  15.790     976     3986.5      778.0    0.075
  15.808     977     3984.1      780.0    0.070
  15.826     978     3981.4      782.4    0.071
  15.843     979     3978.2      783.9    0.092
  15.861     980     3975.1      785.3    0.079
  15.882     981     3972.1      786.6    0.090
  15.898     982     3969.2      788.5    0.086
  15.914     983     3966.0      790.6    0.084
  15.931     984     3963.7      791.8    0.087
  15.948     985     3960.6      792.7    0.084
  15.965     986     3958.2      794.7    0.083
  15.981     987     3956.6      795.8    0.068
  15.998     988     3954.7      796.7    0.064
  16.016     989     3952.9      798.0    0.068
  16.032     990     3951.0      798.8    0.086
  16.051     991     3949.8      800.2    0.070
  16.067     992     3948.0      801.0    0.067
  16.084     993     3946.3      802.3    0.067
  16.102     994     3945.5      803.2    0.063
  16.118     995     3944.3      804.4    0.063
  16.137     996     3943.4      805.1    0.072
  16.155     997     3942.6      805.4    0.065
  16.173     998     3941.7      806.0    0.065
  16.189     999     3941.2      806.9    0.081
  16.207    1000     3939.9      807.3    0.077
  16.226    1001     3939.0      807.5    0.079
  16.241    1002     3938.0      807.6    0.087
  16.257    1003     3937.2      807.5    0.076
  16.274    1004     3935.9      806.1    0.072
  16.294    1005     3934.8      804.8    0.074
  16.310    1006     3933.1      804.2    0.071
  16.327    1007     3931.3      804.1    0.075
  16.344    1008     3929.4      804.1    0.071
  16.362    1009     3927.7      804.4    0.074
  16.381    1010     3924.9      804.1    0.109
  16.397    1011     3921.3      805.2    0.113
  16.415    1012     3915.9      805.5    0.077
  16.431    1013     3910.1      805.7    0.083
  16.448    1014     3904.0      806.9    0.074
  16.467    1015     3898.1      807.2    0.081
  16.483    1016     3893.3      807.8    0.079
  16.500    1017     3887.8      808.1    0.076
  16.518    1018     3882.7      808.3    0.082
  16.534    1019     3877.9      809.2    0.075
  16.551    1020     3872.9      808.2    0.072
  16.568    1021     3867.9      808.8    0.072
  16.587    1022     3862.9      809.1    0.074
  16.605    1023     3858.8      808.6    0.072
  16.621    1024     3854.2      808.5    0.072
  16.638    1025     3849.9      808.9    0.074
  16.654    1026     3846.6      809.0    0.072
  16.671    1027     3842.1      808.2    0.070
  16.688    1028     3838.0      808.9    0.071
  16.708    1029     3833.8      808.7    0.071
  16.725    1030     3830.6      807.3    0.070
  16.743    1031     3827.4      806.0    0.072
  16.760    1032     3824.5      806.2    0.070
  16.776    1033     3822.4      805.7    0.069
  16.793    1034     3820.4      806.9    0.070
  16.810    1035     3816.5      803.4    0.069
  16.830    1036     3812.9      799.8    0.072
  16.847    1037     3808.9      795.6    0.069
  16.864    1038     3804.8      792.2    0.070
  16.881    1039     3798.5      783.7    0.074
  16.897    1040     3792.3      776.8    0.071
  16.914    1041     3786.6      769.7    0.070
  16.931    1042     3780.5      763.5    0.070
  16.953    1043     3775.7      757.7    0.071
  16.971    1044     3770.3      752.0    0.073
  16.987    1045     3766.1      747.9    0.073
  17.004    1046     3762.1      743.9    0.070
  17.021    1047     3759.2      740.3    0.082
  17.038    1048     3756.3      737.2    0.080
  17.055    1049     3753.2      733.6    0.076
  17.072    1050     3751.1      729.1    0.072
  17.089    1051     3748.6      725.8    0.073
  17.106    1052     3746.4      722.6    0.072
  17.122    1053     3744.6      719.2    0.071
  17.139    1054     3741.9      715.7    0.070
  17.156    1055     3740.6      712.8    0.070
  17.173    1056     3738.6      710.1    0.071
  17.192    1057     3736.4      707.0    0.074
  17.208    1058     3735.3      703.7    0.071
  17.226    1059     3734.0      700.6    0.072
  17.242    1060     3732.1      697.0    0.108
  17.259    1061     3730.9      694.6    0.075
  17.276    1062     3728.5      692.3    0.076
  17.293    1063     3727.1      689.7    0.116
  17.312    1064     3725.6      686.1    0.074
  17.330    1065     3723.4      682.9    0.076
  17.346    1066     3723.5      679.3    0.071
  17.363    1067     3722.3      676.4    0.073
  17.379    1068     3721.4      673.0    0.128
  17.398    1069     3721.5      669.9    0.126
  17.414    1070     3720.7      666.9    0.103
  17.431    1071     3720.4      664.2    0.082
  17.448    1072     3720.7      661.6    0.076
  17.464    1073     3720.7      658.8    0.074
  17.481    1074     3720.0      656.8    0.082
  17.498    1075     3719.9      654.7    0.082
  17.514    1076     3718.3      647.1    0.076
  17.531    1077     3717.7      639.5    0.079
  17.548    1078     3717.6      631.9    0.076
  17.567    1079     3718.8      628.4    0.073
  17.584    1080     3719.3      626.6    0.084
  17.601    1081     3720.4      624.1    0.075
  17.618    1082     3717.6      618.4    0.073
  17.636    1083     3715.1      613.4    0.082
  17.651    1084     3710.7      603.2    0.075
  17.668    1085     3707.0      593.2    0.073
  17.687    1086     3702.8      583.3    0.082
  17.708    1087     3699.8      571.9    0.073
  17.725    1088     3694.3      563.9    0.073
  17.741    1089     3691.5      554.9    0.084
  17.758    1090     3687.6      545.5    0.075
  17.775    1091     3686.5      538.4    0.073
  17.792    1092     3682.5      529.7    0.093
  17.811    1093     3677.2      521.8    0.071
  17.828    1094     3675.0      517.5    0.070
  17.845    1095     3670.1      510.4    0.076
  17.862    1096     3667.6      506.5    0.070
  17.878    1097     3662.9      498.5    0.071
  17.895    1098     3660.5      494.8    0.075
  17.911    1099     3658.0      490.4    0.072
  17.928    1100     3653.7      484.5    0.071
  17.947    1101     3649.8      477.8    0.072
  17.966    1102     3645.3      471.3    0.071
  17.982    1103     3641.8      467.5    0.071
  17.999    1104     3638.8      462.9    0.077
  18.015    1105     3635.7      460.4    0.070
  18.032    1106     3633.4      460.3    0.085
  18.049    1107     3632.4      462.2    0.084
  18.065    1108     3631.6      463.0    0.076
  18.082    1109     3630.2      464.1    0.078
  18.100    1110     3626.7      461.7    0.080
  18.118    1111     3623.7      458.9    0.073
  18.135    1112     3623.0      460.8    0.077
  18.151    1113     3620.9      462.7    0.074
  18.170    1114     3619.8      463.9    0.072
  18.188    1115     3619.0      465.8    0.076
  18.205    1116     3617.4      466.9    0.073
  18.225    1117     3615.9      468.2    0.075
  18.243    1118     3614.6      470.0    0.088
  18.259    1119     3613.0      473.3    0.073
  18.275    1120     3611.6      475.6    0.073
  18.294    1121     3610.0      477.5    0.080
  18.310    1122     3604.3      471.2    0.073
  18.327    1123     3602.5      472.6    0.072
  18.344    1124     3600.4      475.0    0.076
  18.360    1125     3598.8      476.4    0.071
  18.378    1126     3598.4      478.8    0.072
  18.394    1127     3596.5      479.8    0.079
  18.412    1128     3594.8      480.6    0.075
  18.433    1129     3593.7      481.5    0.072
  18.449    1130     3590.2      479.3    0.074
  18.470    1131     3586.6      477.3    0.071
  18.486    1132     3584.1      475.3    0.077
  18.503    1133     3584.0      479.3    0.072
  18.520    1134     3578.2      471.3    0.079
  18.537    1135     3577.6      474.9    0.075
  18.557    1136     3576.7      477.7    0.074
  18.575    1137     3576.4      480.8    0.107
  18.593    1138     3576.3      484.7    0.074
  18.611    1139     3575.3      487.5    0.071
  18.627    1140     3570.2      479.5    0.070
  18.647    1141     3564.9      471.7    0.071
  18.667    1142     3559.5      464.5    0.073
  18.685    1143     3554.0      457.1    0.071
  18.706    1144     3548.0      449.7    0.073
  18.726    1145     3542.2      442.2    0.070
  18.744    1146     3536.0      435.0    0.072
  18.760    1147     3535.0      438.6    0.069
  18.777    1148     3533.9      442.0    0.070
  18.795    1149     3533.4      445.0    0.073
  18.811    1150     3532.4      448.0    0.071
  18.830    1151     3532.4      450.1    0.072
  18.846    1152     3530.8      453.7    0.074
  18.865    1153     3529.5      457.2    0.070
  18.881    1154     3527.5      459.9    0.071
  18.898    1155     3525.7      462.4    0.075
  18.916    1156     3524.4      464.5    0.070
  18.934    1157     3522.9      466.9    0.069
  18.952    1158     3520.9      468.3    0.072
  18.968    1159     3519.5      468.8    0.069
  18.985    1160     3517.9      470.6    0.074
  19.002    1161     3515.8      471.3    0.073
  19.018    1162     3514.7      471.9    0.071
  19.037    1163     3514.4      474.2    0.083
  19.053    1164     3512.6      475.7    0.074
  19.069    1165     3510.8      478.5    0.072
  19.088    1166     3509.0      480.3    0.077
  19.104    1167     3506.4      483.4    0.074
  19.121    1168     3503.8      485.8    0.072
  19.139    1169     3501.9      488.8    0.074
  19.156    1170     3500.7      491.8    0.074
  19.179    1171     3499.5      494.8    0.072
  19.195    1172     3498.9      497.8    0.073
  19.212    1173     3497.7      499.5    0.071
  19.230    1174     3495.5      501.4    0.079
  19.247    1175     3494.3      505.7    0.073
  19.263    1176     3493.3      509.2    0.074
  19.280    1177     3491.9      512.8    0.071
  19.297    1178     3490.7      516.0    0.074
  19.314    1179     3489.2      518.9    0.071
  19.331    1180     3487.2      522.6    0.071
  19.351    1181     3485.6      525.7    0.073
  19.369    1182     3484.1      528.4    0.109
  19.389    1183     3483.2      530.2    0.120
  19.407    1184     3481.3      532.8    0.080
  19.424    1185     3479.5      536.1    0.080
  19.444    1186     3476.5      539.2    0.083
  19.462    1187     3474.6      542.6    0.075
  19.478    1188     3473.1      546.1    0.073
  19.497    1189     3470.6      548.8    0.086
  19.515    1190     3469.0      552.9    0.073
  19.531    1191     3467.9      556.7    0.071
  19.549    1192     3466.4      560.4    0.074
  19.567    1193     3464.5      563.6    0.073
  19.583    1194     3462.7      566.9    0.073
  19.600    1195     3461.3      570.4    0.078
  19.617    1196     3460.0      573.4    0.076
  19.634    1197     3459.0      577.2    0.074
  19.654    1198     3458.7      581.1    0.074
  19.671    1199     3458.5      585.0    0.071
  19.687    1200     3457.3      588.6    0.071
  19.704    1201     3457.1      593.1    0.076
  19.721    1202     3456.4      597.1    0.070
  19.740    1203     3455.7      601.5    0.077
  19.756    1204     3455.5      605.1    0.070
  19.773    1205     3455.1      609.7    0.071
  19.790    1206     3453.0      609.8    0.074
  19.806    1207     3452.7      614.2    0.073
  19.823    1208     3453.2      618.3    0.072
  19.842    1209     3451.0      618.5    0.075
  19.858    1210     3448.6      618.9    0.073
  19.875    1211     3449.1      624.0    0.071
  19.892    1212     3449.7      628.6    0.076
  19.910    1213     3450.5      633.3    0.071
  19.927    1214     3450.7      638.0    0.071
  19.943    1215     3449.1      638.5    0.071
  19.960    1216     3447.8      638.5    0.112
  19.977    1217     3446.4      639.3    0.071
  19.994    1218     3442.8      636.4    0.072
  20.011    1219     3439.9      633.0    0.071
  20.028    1220     3436.1      629.9    0.089
  20.045    1221     3432.7      627.9    0.077
  20.062    1222     3429.6      625.7    0.074
  20.082    1223     3426.4      623.2    0.073
  20.099    1224     3423.5      622.0    0.087
  20.116    1225     3419.3      619.9    0.076
  20.132    1226     3415.7      618.1    0.077
  20.152    1227     3411.8      616.6    0.077
  20.168    1228     3408.2      615.4    0.074
  20.187    1229     3404.4      614.5    0.075
  20.202    1230     3400.9      613.0    0.076
  20.219    1231     3397.9      612.1    0.067
  20.239    1232     3395.3      611.9    0.075
  20.256    1233     3392.7      612.1    0.070
  20.273    1234     3390.8      611.3    0.068
  20.291    1235     3389.3      610.4    0.074
  20.309    1236     3387.0      609.4    0.077
  20.326    1237     3384.9      608.5    0.074
  20.344    1238     3382.9      607.6    0.079
  20.360    1239     3381.1      607.6    0.073
  20.377    1240     3379.3      607.6    0.074
  20.397    1241     3378.3      607.7    0.075
  20.417    1242     3376.5      607.9    0.074
  20.434    1243     3374.8      607.8    0.074
  20.451    1244     3373.4      605.9    0.080
  20.467    1245     3371.8      604.4    0.082
  20.483    1246     3370.6      602.2    0.085
  20.500    1247     3369.5      600.3    0.081
  20.516    1248     3368.4      599.2    0.076
  20.536    1249     3366.8      597.0    0.073
  20.556    1250     3365.0      594.9    0.072
  20.573    1251     3362.9      592.1    0.073
  20.591    1252     3360.0      589.3    0.076
  20.607    1253     3356.9      585.6    0.077
  20.628    1254     3353.9      582.4    0.073
  20.644    1255     3352.0      580.4    0.073
  20.661    1256     3350.1      576.6    0.072
  20.679    1257     3347.7      572.9    0.071
  20.697    1258     3346.0      571.5    0.075
  20.713    1259     3342.6      566.7    0.072
  20.730    1260     3340.3      563.4    0.070
  20.747    1261     3335.5      554.8    0.073
  20.764    1262     3333.9      555.3    0.071
  20.781    1263     3332.9      552.6    0.072
  20.798    1264     3334.1      556.8    0.075
  20.815    1265     3333.4      556.8    0.072
  20.833    1266     3333.2      559.9    0.070
  20.849    1267     3333.5      562.9    0.072
  20.866    1268     3333.7      565.2    0.071
  20.883    1269     3334.0      567.9    0.071
  20.900    1270     3335.2      571.1    0.075
  20.919    1271     3335.6      572.9    0.071
  20.936    1272     3333.5      573.8    0.071
  20.954    1273     3331.4      575.4    0.074
  20.970    1274     3332.1      578.0    0.070
  20.987    1275     3326.8      578.1    0.070
  21.004    1276     3327.3      580.1    0.076
  21.021    1277     3327.7      581.3    0.071
  21.038    1278     3327.3      583.3    0.087
  21.054    1279     3327.2      584.9    0.077
  21.071    1280     3326.8      586.0    0.072
  21.091    1281     3324.6      587.4    0.072
  21.107    1282     3324.1      589.0    0.073
  21.124    1283     3323.8      591.9    0.071
  21.141    1284     3323.5      594.3    0.070
  21.160    1285     3322.6      596.5    0.075
  21.176    1286     3318.7      596.8    0.073
  21.194    1287     3317.0      599.3    0.075
  21.210    1288     3314.5      601.4    0.072
  21.227    1289     3311.1      603.1    0.075
  21.246    1290     3309.7      605.1    0.085
  21.264    1291     3308.9      607.0    0.142
  21.283    1292     3307.6      609.9    0.080
  21.304    1293     3304.8      612.9    0.113
  21.321    1294     3302.9      615.5    0.104
  21.339    1295     3300.5      617.9    0.098
  21.354    1296     3298.2      619.6    0.074
  21.371    1297     3293.3      621.6    0.068
  21.388    1298     3290.8      623.8    0.073
  21.405    1299     3289.0      625.5    0.072
  21.426    1300     3285.7      627.0    0.091
  21.442    1301     3281.9      628.2    0.075
  21.462    1302     3279.4      629.7    0.079
  21.479    1303     3276.4      632.0    0.076
  21.497    1304     3273.1      634.0    0.432
  21.513    1305     3270.1      635.3    0.139
  21.530    1306     3266.2      635.5    0.088
  21.547    1307     3262.5      635.7    0.079
  21.565    1308     3258.9      635.9    0.074
  21.581    1309     3254.4      636.1    0.073
  21.597    1310     3250.2      635.9    0.076
  21.614    1311     3246.1      635.5    0.074
  21.631    1312     3243.3      634.2    0.076
  21.648    1313     3241.2      629.4    0.074
  21.664    1314     3239.6      625.4    0.071
  21.683    1315     3238.7      621.9    0.072
  21.699    1316     3234.9      621.1    0.073
  21.716    1317     3228.9      624.0    0.072
  21.735    1318     3223.0      626.4    0.072
  21.751    1319     3216.9      627.8    0.074
  21.768    1320     3210.2      629.3    0.070
  21.784    1321     3205.3      625.8    0.072
  21.803    1322     3198.0      626.2    0.075
  21.821    1323     3191.9      627.1    0.076
  21.837    1324     3184.9      626.8    0.075
  21.854    1325     3178.3      625.9    0.078
  21.872    1326     3174.4      625.6    0.072
  21.890    1327     3169.5      624.9    0.075
  21.906    1328     3166.0      624.8    0.074
  21.923    1329     3163.2      624.9    0.073
  21.940    1330     3160.2      623.5    0.071
  21.959    1331     3156.6      622.3    0.074
  21.974    1332     3153.4      621.1    0.071
  21.992    1333     3149.1      619.7    0.071
  22.009    1334     3144.7      618.2    0.071
  22.025    1335     3141.2      615.6    0.088
  22.042    1336     3136.8      613.1    0.079
  22.059    1337     3133.2      611.0    0.077
  22.076    1338     3129.0      609.3    0.071
  22.096    1339     3125.2      607.7    0.073
  22.114    1340     3122.4      607.5    0.071
  22.131    1341     3118.9      606.8    0.071
  22.151    1342     3115.8      607.5    0.080
  22.167    1343     3112.9      607.2    0.074
  22.184    1344     3111.2      607.8    0.084
  22.201    1345     3108.3      608.0    0.087
  22.218    1346     3106.1      607.9    0.076
  22.235    1347     3103.6      607.5    0.115
  22.250    1348     3101.8      608.5    0.081
  22.269    1349     3100.8      608.6    0.069
  22.285    1350     3100.3      604.8    0.065
  22.301    1351     3100.4      599.0    0.066
  22.318    1352     3100.5      594.4    0.064
  22.335    1353     3100.4      589.6    0.067
  22.353    1354     3100.5      584.9    0.114
  22.370    1355     3099.6      581.6    0.114
  22.386    1356     3097.9      577.7    0.124
  22.405    1357     3096.7      574.5    0.082
  22.421    1358     3095.1      572.7    0.077
  22.438    1359     3089.5      576.0    0.099
  22.454    1360     3086.0      575.8    0.082
  22.473    1361     3083.4      575.6    0.066
  22.489    1362     3082.4      572.2    0.064
  22.506    1363     3082.5      569.7    0.077
  22.524    1364     3081.8      567.6    0.067
  22.542    1365     3081.6      565.3    0.067
  22.559    1366     3080.2      563.9    0.083
  22.579    1367     3078.7      562.5    0.073
  22.596    1368     3077.3      561.6    0.074
  22.613    1369     3074.4      562.4    0.073
  22.629    1370     3072.0      563.0    0.072
  22.646    1371     3068.5      564.5    0.074
  22.665    1372     3064.7      565.5    0.075
  22.683    1373     3060.1      566.5    0.071
  22.700    1374     3057.9      568.0    0.078
  22.717    1375     3053.6      569.2    0.073
  22.734    1376     3050.4      570.0    0.080
  22.750    1377     3047.7      571.0    0.082
  22.767    1378     3043.9      572.0    0.075
  22.784    1379     3040.7      572.7    0.072
  22.808    1380     3037.6      573.3    0.073
  22.824    1381     3034.5      574.6    0.070
  22.840    1382     3031.4      575.9    0.072
  22.857    1383     3028.1      576.1    0.114
  22.874    1384     3024.9      577.1    0.072
  22.891    1385     3021.4      577.8    0.071
  22.907    1386     3018.4      577.5    0.072
  22.926    1387     3015.6      577.8    0.070
  22.942    1388     3014.8      578.5    0.070
  22.959    1389     3013.6      579.1    0.073
  22.975    1390     3012.8      580.2    0.077
  22.992    1391     3012.1      580.9    0.072
  23.011    1392     3011.4      582.0    0.075
  23.027    1393     3010.5      583.3    0.089
  23.046    1394     3010.6      584.6    0.080
  23.062    1395     3010.8      585.4    0.077
  23.079    1396     3011.4      587.7    0.072
  23.098    1397     3012.0      590.1    0.076
  23.116    1398     3010.5      592.1    0.074
  23.135    1399     3009.8      594.2    0.071
  23.152    1400     3007.7      596.9    0.074
  23.169    1401     3005.6      599.7    0.074
  23.186    1402     3003.1      601.8    0.072
  23.202    1403     3001.1      603.0    0.078
  23.219    1404     2998.9      604.7    0.071
  23.236    1405     2996.2      606.6    0.089
  23.253    1406     2994.3      608.5    0.078
  23.270    1407     2991.8      609.9    0.074
  23.288    1408     2988.9      611.7    0.071
  23.305    1409     2985.9      614.4    0.072
  23.322    1410     2982.5      616.4    0.071
  23.338    1411     2978.9      618.0    0.070
  23.355    1412     2975.7      619.8    0.073
  23.372    1413     2973.0      621.9    0.075
  23.389    1414     2970.6      624.3    0.133
  23.408    1415     2967.2      626.1    0.084
  23.424    1416     2964.0      628.8    0.080
  23.441    1417     2961.1      630.5    0.079
  23.458    1418     2958.6      633.1    0.078
  23.474    1419     2955.8      634.5    0.071
  23.491    1420     2953.9      637.0    0.071
  23.508    1421     2953.0      637.2    0.088
  23.528    1422     2952.6      637.5    0.083
  23.548    1423     2952.1      637.6    0.076
  23.566    1424     2952.5      637.6    0.077
  23.583    1425     2952.6      637.6    0.073
  23.602    1426     2952.8      636.2    0.074
  23.618    1427     2952.0      636.7    0.075
  23.638    1428     2950.9      637.1    0.072
  23.658    1429     2949.1      639.0    0.075
  23.677    1430     2949.1      641.5    0.071
  23.693    1431     2948.2      644.3    0.076
  23.710    1432     2946.9      647.3    0.073
  23.727    1433     2942.4      649.2    0.069
  23.744    1434     2938.5      651.4    0.071
  23.763    1435     2931.1      652.6    0.072
  23.780    1436     2923.2      653.5    0.072
  23.797    1437     2914.8      653.9    0.071
  23.814    1438     2906.8      655.0    0.074
  23.831    1439     2900.2      656.9    0.071
  23.848    1440     2892.5      657.6    0.071
  23.866    1441     2884.8      658.6    0.071
  23.884    1442     2877.4      659.9    0.070
  23.900    1443     2871.5      660.2    0.073
  23.917    1444     2865.4      661.8    0.117
  23.934    1445     2859.2      663.3    0.077
  23.951    1446     2853.7      664.3    0.084
  23.968    1447     2848.0      664.9    0.073
  23.985    1448     2842.1      666.2    0.070
  24.003    1449     2839.5      662.1    0.074
  24.019    1450     2834.1      663.8    0.072
  24.036    1451     2828.5      665.2    0.084
  24.053    1452     2826.1      661.6    0.079
  24.070    1453     2822.4      657.0    0.076
  24.088    1454     2819.0      653.0    0.073
  24.105    1455     2813.7      653.5    0.072
  24.121    1456     2811.7      649.3    0.073
  24.138    1457     2806.7      648.1    0.070
  24.155    1458     2801.1      647.8    0.072
  24.174    1459     2795.5      648.0    0.071
  24.190    1460     2788.9      648.3    0.071
  24.207    1461     2782.7      647.8    0.072
  24.224    1462     2776.8      646.6    0.075
  24.241    1463     2770.8      644.0    0.083
  24.257    1464     2765.1      642.0    0.075
  24.276    1465     2760.5      639.4    0.100
  24.294    1466     2756.1      636.8    0.071
  24.312    1467     2752.6      635.5    0.070
  24.328    1468     2750.1      635.4    0.070
  24.345    1469     2748.9      634.8    0.072
  24.362    1470     2747.3      634.0    0.072
  24.378    1471     2746.3      633.5    0.070
  24.397    1472     2745.0      633.1    0.072
  24.413    1473     2744.3      632.4    0.071
  24.430    1474     2743.3      631.6    0.071
  24.447    1475     2742.3      631.0    0.069
  24.464    1476     2741.7      630.8    0.080
  24.481    1477     2740.7      629.5    0.073
  24.498    1478     2740.1      629.5    0.071
  24.514    1479     2738.0      630.0    0.071
  24.533    1480     2736.2      629.4    0.069
  24.549    1481     2733.9      629.5    0.071
  24.566    1482     2732.1      628.7    0.074
  24.583    1483     2730.7      627.7    0.069
  24.600    1484     2728.9      626.8    0.070
  24.617    1485     2726.8      626.4    0.070
  24.635    1486     2725.2      626.7    0.069
  24.651    1487     2722.2      626.8    0.072
  24.668    1488     2717.7      627.7    0.071
  24.685    1489     2713.7      628.4    0.069
  24.702    1490     2706.9      630.4    0.075
  24.719    1491     2699.5      631.8    0.071
  24.736    1492     2693.3      631.6    0.101
  24.754    1493     2686.9      632.9    0.073
  24.772    1494     2680.1      634.7    0.103
  24.788    1495     2673.9      636.1    0.077
  24.805    1496     2668.6      636.7    0.078
  24.822    1497     2663.0      637.0    0.073
  24.839    1498     2657.2      637.6    0.071
  24.857    1499     2651.8      637.7    0.073
  24.874    1500     2646.5      638.1    0.071
  24.890    1501     2641.7      638.4    0.071
  24.907    1502     2635.3      637.9    0.071
  24.926    1503     2630.0      637.9    0.071
  24.944    1504     2624.4      637.1    0.069
  24.960    1505     2618.8      635.9    0.073
  24.978    1506     2612.8      636.1    0.071
  24.995    1507     2605.9      635.9    0.069
  25.013    1508     2599.6      634.7    0.070
  25.029    1509     2593.5      635.1    0.100
  25.048    1510     2587.4      634.9    0.080
  25.064    1511     2581.8      635.9    0.077
  25.081    1512     2576.5      636.5    0.072
  25.098    1513     2572.1      637.8    0.114
  25.114    1514     2567.7      638.7    0.086
  25.132    1515     2563.7      639.9    0.073
  25.148    1516     2561.3      641.7    0.073
  25.164    1517     2559.2      642.3    0.070
  25.181    1518     2557.3      642.5    0.063
  25.198    1519     2554.7      643.8    0.064
  25.215    1520     2552.9      644.6    0.103
  25.233    1521     2550.2      645.0    0.074
  25.250    1522     2549.6      645.3    0.071
  25.269    1523     2545.9      645.4    0.078
  25.289    1524     2544.7      646.0    0.106
  25.308    1525     2543.6      646.5    0.074
  25.326    1526     2543.4      647.4    0.071
  25.342    1527     2545.2      647.7    0.071
  25.359    1528     2542.9      648.9    0.112
  25.378    1529     2541.4      648.0    0.084
  25.394    1530     2539.9      647.0    0.115
  25.411    1531     2538.9      645.5    0.091
  25.428    1532     2541.2      645.4    0.078
  25.446    1533     2543.8      646.2    0.073
  25.462    1534     2541.9      643.9    0.071
  25.478    1535     2544.1      644.1    0.072
  25.495    1536     2541.5      643.9    0.065
  25.512    1537     2543.3      644.1    0.068
  25.529    1538     2541.6      643.6    0.066
  25.546    1539     2543.5      644.3    0.064
  25.564    1540     2545.5      645.4    0.076
  25.581    1541     2544.6      645.3    0.102
  25.598    1542     2546.0      646.5    0.088
  25.614    1543     2547.4      648.7    0.093
  25.631    1544     2549.6      651.1    0.078
  25.652    1545     2551.6      652.9    0.073
  25.668    1546     2553.6      655.5    0.077
  25.685    1547     2555.5      659.2    0.072
  25.702    1548     2557.6      661.7    0.073
  25.719    1549     2563.2      660.1    0.079
  25.737    1550     2568.4      658.1    0.073
  25.755    1551     2573.0      656.3    0.081
  25.773    1552     2577.7      654.9    0.084
  25.789    1553     2582.5      653.4    0.075
  25.806    1554     2587.3      651.3    0.082
  25.823    1555     2591.5      648.6    0.083
  25.840    1556     2594.2      650.4    0.073
  25.856    1557     2597.6      651.8    0.082
  25.873    1558     2601.3      653.0    0.072
  25.893    1559     2604.5      654.1    0.081
  25.908    1560     2607.5      653.2    0.083
  25.925    1561     2610.7      653.0    0.071
  25.942    1562     2613.3      652.7    0.073
  25.959    1563     2616.5      652.6    0.078
  25.977    1564     2619.5      652.5    0.073
  25.993    1565     2622.4      652.9    0.073
  26.010    1566     2625.5      652.4    0.077
  26.026    1567     2628.4      652.3    0.072
  26.043    1568     2631.3      650.9    0.088
  26.060    1569     2633.6      649.6    0.084
  26.077    1570     2635.8      648.5    0.074
  26.094    1571     2637.6      648.1    0.074
  26.111    1572     2640.2      646.4    0.077
  26.129    1573     2642.5      645.8    0.071
  26.145    1574     2645.1      644.5    0.070
  26.164    1575     2647.7      644.1    0.075
  26.180    1576     2650.2      642.6    0.071
  26.197    1577     2652.6      641.8    0.071
  26.215    1578     2655.3      641.3    0.073
  26.231    1579     2657.1      641.4    0.079
  26.248    1580     2659.0      641.9    0.097
  26.264    1581     2661.0      642.8    0.077
  26.281    1582     2663.5      642.3    0.076
  26.298    1583     2665.7      642.1    0.072
  26.315    1584     2669.0      643.2    0.070
  26.332    1585     2672.0      643.9    0.070
  26.349    1586     2674.3      644.5    0.069
  26.366    1587     2676.4      645.2    0.077
  26.383    1588     2678.5      645.8    0.073
  26.399    1589     2677.0      647.5    0.070
  26.416    1590     2671.9      647.5    0.075
  26.433    1591     2672.0      650.0    0.073
  26.452    1592     2666.9      650.8    0.072
  26.468    1593     2662.1      650.7    0.077
  26.486    1594     2656.4      651.1    0.071
  26.504    1595     2653.9      653.2    0.078
  26.520    1596     2647.7      654.1    0.075
  26.537    1597     2644.3      656.4    0.073
  26.554    1598     2640.5      659.3    0.070
  26.571    1599     2637.2      662.5    0.073
  26.588    1600     2633.6      665.8    0.069
  26.605    1601     2629.9      668.3    0.071
  26.622    1602     2623.9      671.2    0.071
  26.639    1603     2617.7      675.4    0.070
  26.656    1604     2611.6      678.8    0.070
  26.672    1605     2607.7      682.6    0.074
  26.689    1606     2606.5      683.5    0.070
  26.706    1607     2604.1      684.0    0.071
  26.723    1608     2600.1      684.1    0.071
  26.740    1609     2599.2      686.1    0.070
  26.758    1610     2599.3      688.3    0.136
  26.776    1611     2595.9      689.9    0.073
  26.796    1612     2594.7      687.2    0.070
  26.812    1613     2587.6      687.7    0.087
  26.829    1614     2583.9      684.9    0.075
  26.849    1615     2580.1      682.0    0.073
  26.867    1616     2575.6      678.6    0.076
  26.885    1617     2571.1      675.4    0.072
  26.901    1618     2566.6      673.0    0.070
  26.918    1619     2562.3      670.8    0.098
  26.936    1620     2557.7      668.5    0.071
  26.953    1621     2552.8      666.1    0.071
  26.970    1622     2548.2      664.1    0.073
  26.987    1623     2542.8      662.2    0.072
  27.004    1624     2537.4      660.7    0.070
  27.020    1625     2532.2      658.3    0.086
  27.037    1626     2526.9      655.7    0.084
  27.054    1627     2521.5      654.4    0.079
  27.071    1628     2516.0      653.2    0.075
  27.088    1629     2510.5      651.6    0.069
  27.105    1630     2504.4      651.2    0.069
  27.123    1631     2499.1      650.1    0.073
  27.139    1632     2492.6      650.0    0.070
  27.156    1633     2486.2      649.1    0.069
  27.173    1634     2480.9      647.7    0.071
  27.192    1635     2475.0      647.8    0.069
  27.210    1636     2469.0      647.1    0.074
  27.227    1637     2463.7      646.1    0.076
  27.245    1638     2458.5      645.7    0.107
  27.261    1639     2454.0      644.9    0.082
  27.278    1640     2448.8      644.9    0.110
  27.295    1641     2444.4      645.2    0.080
  27.312    1642     2439.8      645.7    0.079
  27.329    1643     2434.6      646.9    0.086
  27.347    1644     2430.3      647.4    0.076
  27.365    1645     2425.5      647.9    0.074
  27.381    1646     2420.8      649.8    0.075
  27.398    1647     2416.4      651.2    0.102
  27.415    1648     2411.6      653.4    0.075
  27.432    1649     2407.1      654.4    0.077
  27.449    1650     2402.2      656.4    0.072
  27.466    1651     2397.0      658.8    0.098
  27.482    1652     2391.6      661.7    0.102
  27.500    1653     2382.3      657.1    0.074
  27.516    1654     2378.3      660.2    0.075
  27.533    1655     2374.5      661.9    0.086
  27.550    1656     2367.7      659.7    0.096
  27.567    1657     2359.9      657.9    0.078
  27.584    1658     2349.9      650.9    0.071
  27.601    1659     2340.4      645.2    0.071
  27.618    1660     2335.4      645.5    0.103
  27.635    1661     2329.8      645.7    0.073
  27.651    1662     2325.1      645.6    0.071
  27.667    1663     2319.3      644.2    0.073
  27.684    1664     2313.9      643.1    0.071
  27.700    1665     2307.7      642.2    0.073
  27.717    1666     2301.8      641.4    0.071
  27.736    1667     2295.0      640.8    0.090
  27.754    1668     2285.2      640.6    0.076
  27.770    1669     2275.9      640.3    0.110
  27.787    1670     2266.7      639.9    0.075
  27.803    1671     2256.9      639.8    0.073
  27.820    1672     2248.4      638.7    0.073
  27.839    1673     2238.9      638.5    0.070
  27.858    1674     2228.8      637.8    0.069
  27.875    1675     2218.8      637.8    0.093
  27.892    1676     2209.7      637.6    0.080
  27.908    1677     2200.7      638.2    0.072
  27.925    1678     2195.0      637.8    0.073
  27.942    1679     2187.8      638.5    0.116
  27.958    1680     2182.6      639.1    0.100
  27.975    1681     2178.9      638.8    0.074
  27.993    1682     2175.4      639.9    0.071
  28.009    1683     2171.7      641.9    0.072
  28.027    1684     2167.7      643.1    0.073
  28.044    1685     2163.3      644.7    0.082
  28.060    1686     2156.8      646.5    0.071
  28.079    1687     2150.8      648.3    0.076
  28.099    1688     2145.0      650.1    0.070
  28.122    1689     2139.3      651.9    0.098
  28.138    1690     2132.3      652.0    0.111
  28.155    1691     2122.7      653.5    0.077
  28.172    1692     2119.9      653.0    0.079
  28.189    1693     2110.4      653.5    0.072
  28.207    1694     2107.6      653.0    0.069
  28.225    1695     2105.1      652.4    0.072
  28.246    1696     2103.4      651.7    0.101
  28.265    1697     2100.7      650.7    0.078
  28.281    1698     2100.3      648.1    0.073
  28.298    1699     2097.9      646.5    0.097
  28.315    1700     2095.7      645.8    0.073
  28.333    1701     2093.3      644.3    0.079
  28.349    1702     2091.1      642.0    0.078
  28.366    1703     2089.4      640.1    0.078
  28.385    1704     2088.8      639.2    0.103
  28.401    1705     2088.9      635.5    0.077
  28.418    1706     2087.4      636.0    0.117
  28.435    1707     2084.8      636.4    0.079
  28.451    1708     2081.9      637.8    0.091
  28.469    1709     2079.5      639.1    0.080
  28.485    1710     2076.9      639.4    0.080
  28.502    1711     2074.4      641.0    0.073
  28.519    1712     2072.2      642.1    0.074
  28.536    1713     2069.1      643.6    0.071
  28.553    1714     2066.5      644.9    0.097
  28.570    1715     2063.6      646.4    0.102
  28.587    1716     2060.3      647.9    0.083
  28.605    1717     2057.8      649.6    0.073
  28.623    1718     2054.6      651.6    0.073
  28.639    1719     2052.3      652.7    0.073
  28.656    1720     2049.8      654.1    0.084
  28.673    1721     2046.1      655.6    0.078
  28.690    1722     2042.8      656.2    0.074
  28.707    1723     2040.2      657.7    0.070
  28.727    1724     2037.9      659.4    0.071
  28.743    1725     2035.2      661.5    0.071
  28.760    1726     2032.8      663.0    0.071
  28.777    1727     2031.0      665.4    0.071
  28.794    1728     2029.4      666.6    0.070
  28.812    1729     2028.0      667.6    0.070
  28.830    1730     2026.8      669.0    0.072
  28.850    1731     2025.2      670.4    0.070
  28.866    1732     2023.2      671.3    0.093
  28.882    1733     2021.0      673.9    0.075
  28.899    1734     2019.2      675.3    0.071
  28.916    1735     2017.4      676.4    0.074
  28.934    1736     2014.4      677.2    0.070
  28.954    1737     2011.6      678.1    0.069
  28.973    1738     2008.6      681.1    0.074
  28.990    1739     2004.3      682.1    0.069
  29.007    1740     1999.8      684.1    0.071
  29.024    1741     1994.3      686.3    0.072
  29.042    1742     1989.9      688.4    0.084
  29.058    1743     1984.4      689.2    0.079
  29.075    1744     1979.3      690.5    0.078
  29.092    1745     1973.5      691.6    0.073
  29.112    1746     1968.4      692.2    0.072
  29.129    1747     1962.8      692.5    0.072
  29.146    1748     1957.5      692.5    0.126
  29.162    1749     1951.6      692.3    0.086
  29.183    1750     1945.6      692.2    0.084
  29.202    1751     1939.6      691.8    0.076
  29.220    1752     1933.8      691.5    0.076
  29.238    1753     1927.3      691.6    0.078
  29.254    1754     1921.2      691.3    0.072
  29.271    1755     1915.9      689.9    0.082
  29.288    1756     1910.9      688.5    0.075
  29.307    1757     1906.3      686.6    0.130
  29.324    1758     1902.3      685.5    0.083
  29.341    1759     1897.3      682.8    0.110
  29.358    1760     1892.1      680.4    0.080
  29.376    1761     1885.6      678.8    0.118
  29.392    1762     1879.7      677.2    0.126
  29.409    1763     1875.0      676.1    0.078
  29.426    1764     1870.4      675.2    0.079
  29.442    1765     1863.2      673.9    0.073
  29.460    1766     1857.4      673.1    0.072
  29.477    1767     1851.6      673.4    0.081
  29.494    1768     1846.3      673.7    0.075
  29.510    1769     1841.4      673.8    0.074
  29.527    1770     1835.3      674.4    0.074
  29.544    1771     1829.7      674.6    0.070
  29.561    1772     1824.2      674.4    0.071
  29.581    1773     1817.9      673.8    0.097
  29.596    1774     1812.9      673.4    0.074
  29.613    1775     1808.0      673.0    0.074
  29.629    1776     1802.5      672.5    0.074
  29.648    1777     1796.9      672.3    0.070
  29.666    1778     1790.5      672.3    0.079
  29.682    1779     1784.7      670.4    0.074
  29.699    1780     1780.0      670.5    0.070
  29.718    1781     1774.4      669.6    0.073
  29.735    1782     1769.5      668.5    0.071
  29.751    1783     1765.4      669.3    0.069
  29.768    1784     1761.6      669.3    0.076
  29.785    1785     1759.2      668.0    0.085
  29.803    1786     1756.5      666.7    0.072
  29.820    1787     1754.9      663.3    0.074
  29.837    1788     1751.1      665.5    0.073
  29.855    1789     1747.7      667.1    0.070
  29.871    1790     1744.7      668.8    0.073
  29.888    1791     1740.9      671.2    0.070
  29.905    1792     1737.8      673.5    0.070
  29.924    1793     1734.9      676.0    0.082
  29.944    1794     1731.6      678.0    0.072
  29.962    1795     1728.6      679.6    0.069
  29.980    1796     1725.4      681.1    0.078
  29.999    1797     1701.8      659.7    0.071
  30.017    1798     1698.1      662.6    0.079
  30.033    1799     1695.4      665.9    0.087
  30.051    1800     1692.4      668.4    0.076
  30.069    1801     1689.9      671.2    0.084
  30.088    1802     1687.1      673.7    0.089
  30.104    1803     1684.4      675.9    0.078
  30.123    1804     1682.5      679.5    0.075
  30.140    1805     1679.8      682.0    0.070
  30.157    1806     1678.4      684.3    0.071
  30.174    1807     1676.0      686.7    0.077
  30.190    1808     1672.9      688.7    0.071
  30.208    1809     1670.1      691.0    0.070
  30.225    1810     1668.3      693.1    0.073
  30.242    1811     1665.7      694.2    0.079
  30.261    1812     1662.4      696.2    0.072
  30.278    1813     1659.5      697.9    0.076
  30.295    1814     1657.8      700.8    0.085
  30.315    1815     1655.1      703.5    0.075
  30.333    1816     1652.3      706.4    0.076
  30.350    1817     1649.4      708.2    0.072
  30.368    1818     1646.2      710.3    0.077
  30.385    1819     1643.4      713.0    0.070
  30.401    1820     1640.9      715.2    0.073
  30.418    1821     1639.7      717.3    0.074
  30.435    1822     1637.5      719.0    0.073
  30.454    1823     1634.2      720.7    0.072
  30.472    1824     1631.0      722.0    0.073
  30.488    1825     1628.3      723.7    0.069
  30.505    1826     1625.8      725.8    0.085
  30.521    1827     1623.7      727.9    0.077
  30.538    1828     1622.4      729.5    0.077
  30.555    1829     1620.8      731.3    0.074
  30.572    1830     1619.0      733.9    0.076
  30.589    1831     1616.5      736.8    0.073
  30.608    1832     1614.5      740.0    0.071
  30.624    1833     1613.1      741.9    0.072
  30.641    1834     1611.6      743.9    0.072
  30.657    1835     1609.3      745.2    0.073
  30.676    1836     1606.3      746.6    0.073
  30.692    1837     1603.7      746.6    0.129
  30.711    1838     1601.2      747.0    0.106
  30.729    1839     1598.6      747.8    0.084
  30.745    1840     1596.1      748.2    0.074
  30.762    1841     1592.8      748.5    0.073
  30.779    1842     1590.6      748.9    0.076
  30.795    1843     1587.6      749.1    0.075
  30.812    1844     1584.6      749.7    0.072
  30.829    1845     1582.1      750.2    0.079
  30.849    1846     1580.3      751.4    0.076
  30.869    1847     1578.6      751.8    0.086
  30.885    1848     1575.9      752.5    0.076
  30.902    1849     1574.2      752.9    0.072
  30.921    1850     1572.7      753.5    0.075
  30.937    1851     1572.0      754.1    0.071
  30.954    1852     1571.6      756.3    0.071
  30.972    1853     1570.8      757.8    0.076
  30.989    1854     1570.0      759.8    0.071
  31.005    1855     1569.6      761.3    0.070
  31.022    1856     1568.6      761.8    0.073
  31.039    1857     1567.3      762.7    0.085
  31.056    1858     1566.6      762.9    0.072
  31.073    1859     1565.9      763.3    0.081
  31.092    1860     1564.9      763.0    0.073
  31.110    1861     1563.3      762.8    0.070
  31.128    1862     1562.2      762.4    0.072
  31.146    1863     1561.2      762.1    0.106
  31.164    1864     1559.9      761.9    0.069
  31.180    1865     1559.4      762.4    0.070
  31.197    1866     1557.6      761.5    0.069
  31.215    1867     1556.4      762.2    0.067
  31.232    1868     1555.8      761.4    0.079
  31.252    1869     1555.1      760.7    0.069
  31.268    1870     1554.0      760.9    0.070
  31.287    1871     1552.9      761.3    0.072
  31.303    1872     1551.4      760.9    0.075
  31.320    1873     1549.3      761.9    0.082
  31.340    1874     1547.8      761.4    0.072
  31.360    1875     1545.7      760.6    0.071
  31.376    1876     1543.2      760.0    0.073
  31.393    1877     1540.8      758.1    0.120
  31.410    1878     1538.3      756.4    0.082
  31.426    1879     1536.3      755.3    0.083
  31.444    1880     1533.9      753.4    0.076
  31.462    1881     1531.9      751.5    0.073
  31.478    1882     1528.9      751.3    0.076
  31.497    1883     1526.7      751.2    0.070
  31.515    1884     1524.5      750.0    0.070
  31.531    1885     1521.9      747.6    0.072
  31.549    1886     1519.0      745.6    0.070
  31.569    1887     1516.0      744.4    0.072
  31.585    1888     1512.9      742.9    0.073
  31.602    1889     1510.0      741.4    0.071
  31.619    1890     1506.9      740.2    0.071
  31.636    1891     1504.8      739.4    0.071
  31.654    1892     1501.8      738.5    0.070
  31.670    1893     1500.1      738.0    0.069
  31.689    1894     1497.6      737.6    0.074
  31.707    1895     1495.1      737.1    0.071
  31.723    1896     1492.9      737.6    0.076
  31.741    1897     1490.4      737.2    0.071
  31.758    1898     1489.0      737.1    0.070
  31.776    1899     1487.7      737.2    0.072
  31.792    1900     1486.5      737.6    0.072
  31.814    1901     1485.6      737.9    0.071
  31.831    1902     1483.3      737.9    0.072
  31.848    1903     1482.8      738.2    0.070
  31.864    1904     1481.1      738.3    0.069
  31.880    1905     1479.9      738.2    0.125
  31.896    1906     1480.8      739.2    0.076
  31.913    1907     1479.2      738.7    0.076
  31.930    1908     1482.3      740.8    0.073
  31.947    1909     1480.0      739.9    0.071
  31.966    1910     1478.7      739.5    0.071
  31.982    1911     1476.4      739.1    0.077
  31.999    1912     1473.9      737.9    0.069
  32.016    1913     1471.2      736.2    0.070
  32.034    1914     1469.0      734.5    0.087
  32.050    1915     1466.9      732.8    0.072
  32.069    1916     1464.7      731.2    0.069
  32.085    1917     1462.0      729.7    0.075
  32.102    1918     1459.7      728.3    0.070
  32.119    1919     1459.6      728.6    0.069
  32.136    1920     1456.1      727.9    0.071
  32.154    1921     1452.7      727.1    0.073
  32.171    1922     1449.0      727.2    0.071
  32.188    1923     1446.6      727.5    0.072
  32.207    1924     1447.0      727.6    0.069
  32.223    1925     1446.6      728.5    0.077
  32.240    1926     1446.9      730.1    0.109
  32.257    1927     1446.9      731.4    0.080
  32.274    1928     1443.9      731.5    0.082
  32.290    1929     1441.6      731.4    0.073
  32.309    1930     1439.2      731.3    0.071
  32.325    1931     1437.2      731.8    0.077
  32.342    1932     1434.1      731.6    0.074
  32.361    1933     1431.6      732.5    0.071
  32.377    1934     1429.8      733.0    0.074
  32.395    1935     1427.4      733.4    0.074
  32.411    1936     1425.9      733.8    0.070
  32.428    1937     1411.5      737.3    0.078
  32.447    1938     1409.4      736.4    0.077
  32.465    1939     1407.7      734.9    0.072
  32.481    1940     1406.4      734.3    0.074
  32.498    1941     1403.8      733.0    0.098
  32.516    1942     1401.3      732.1    0.073
  32.532    1943     1399.0      730.2    0.075
  32.551    1944     1396.9      728.7    0.072
  32.567    1945     1394.7      727.1    0.072
  32.584    1946     1392.8      725.5    0.076
  32.601    1947     1391.0      724.1    0.072
  32.618    1948     1388.4      723.3    0.072
  32.634    1949     1385.8      722.2    0.073
  32.652    1950     1383.2      721.6    0.070
  32.668    1951     1380.8      720.5    0.101
  32.687    1952     1378.1      719.8    0.071
  32.705    1953     1376.0      718.0    0.075
  32.721    1954     1373.7      717.5    0.071
  32.738    1955     1371.4      717.1    0.098
  32.755    1956     1369.4      716.7    0.080
  32.772    1957     1366.2      718.4    0.075
  32.789    1958     1363.6      720.6    0.094
  32.807    1959     1360.3      723.0    0.086
  32.823    1960     1357.4      723.9    0.091
  32.840    1961     1353.6      724.9    0.087
  32.857    1962     1351.0      725.3    0.083
  32.874    1963     1347.0      725.6    0.087
  32.890    1964     1339.4      719.6    0.074
  32.907    1965     1334.4      717.2    0.074
  32.927    1966     1329.9      714.5    0.074
  32.943    1967     1319.1      705.8    0.071
  32.960    1968     1314.5      702.2    0.070
  32.977    1969     1309.8      699.2    0.074
  32.995    1970     1305.1      696.0    0.072
  33.014    1971     1300.0      692.9    0.070
  33.030    1972     1297.1      690.2    0.094
  33.049    1973     1293.8      687.8    0.078
  33.065    1974     1291.4      686.0    0.071
  33.082    1975     1289.6      684.6    0.074
  33.099    1976     1287.7      683.2    0.073
  33.116    1977     1285.0      682.0    0.070
  33.133    1978     1282.4      680.3    0.071
  33.149    1979     1279.5      680.2    0.071
  33.166    1980     1277.0      680.4    0.079
  33.187    1981     1274.6      679.9    0.078
  33.203    1982     1271.9      680.1    0.069
  33.220    1983     1269.5      680.6    0.071
  33.242    1984     1267.0      681.8    0.089
  33.258    1985     1264.0      683.5    0.086
  33.275    1986     1260.6      684.7    0.081
  33.292    1987     1258.1      681.2    0.076
  33.308    1988     1254.6      682.7    0.073
  33.327    1989     1251.3      684.6    0.072
  33.344    1990     1248.0      686.6    0.108
  33.361    1991     1244.4      689.4    0.082
  33.381    1992     1240.7      691.9    0.084
  33.397    1993     1238.0      694.9    0.093
  33.414    1994     1236.2      693.1    0.071
  33.431    1995     1232.8      695.0    0.073
  33.451    1996     1229.0      696.7    0.081
  33.467    1997     1226.6      694.0    0.078
  33.486    1998     1223.2      695.4    0.075
  33.502    1999     1220.5      691.7    0.073
  33.522    2000     1219.3      682.6    0.071
  33.539    2001     1218.2      674.7    0.071
  33.559    2002     1218.1      667.7    0.071
  33.577    2003     1218.0      660.8    0.072
  33.595    2004     1217.4      655.4    0.072
  33.611    2005     1213.6      649.5    0.097
  33.629    2006     1213.2      646.9    0.080
  33.649    2007     1212.7      644.6    0.076
  33.665    2008     1212.9      642.0    0.071
  33.684    2009     1214.2      639.2    0.077
  33.700    2010     1214.4      637.3    0.071
  33.717    2011     1201.5      623.4    0.075
  33.734    2012     1202.8      621.8    0.083
  33.752    2013     1204.1      621.0    0.076
  33.770    2014     1204.9      619.9    0.073
  33.787    2015     1204.2      617.1    0.090
  33.807    2016     1203.4      615.6    0.083
  33.826    2017     1202.4      613.4    0.085
  33.843    2018     1201.6      611.2    0.089
  33.860    2019     1200.3      609.1    0.084
  33.878    2020     1199.4      607.1    0.119
  33.893    2021     1198.5      605.1    0.073
  33.910    2022     1197.3      603.2    0.067
  33.929    2023     1195.8      602.4    0.070
  33.945    2024     1194.5      600.3    0.065
  33.963    2025     1192.5      599.0    0.064
  33.981    2026     1191.3      596.9    0.083
  33.997    2027     1189.3      595.9    0.073
  34.016    2028     1187.9      594.4    0.071
  34.032    2029     1186.0      592.3    0.086
  34.049    2030     1180.1      593.1    0.076
  34.065    2031     1173.3      592.7    0.070
  34.082    2032     1171.8      591.7    0.075
  34.099    2033     1162.6      593.2    0.069
  34.117    2034     1153.7      594.4    0.071
  34.133    2035     1151.9      593.9    0.071
  34.153    2036     1150.3      592.6    0.104
  34.170    2037     1148.2      591.5    0.078
  34.188    2038     1146.7      591.3    0.074
  34.206    2039     1145.1      591.4    0.068
  34.225    2040     1143.3      591.5    0.066
  34.243    2041     1141.7      591.3    0.076
  34.261    2042     1140.6      590.7    0.067
  34.278    2043     1139.7      589.3    0.070
  34.298    2044     1138.7      587.7    0.083
  34.314    2045     1136.7      585.9    0.074
  34.332    2046     1134.1      584.4    0.073
  34.351    2047     1131.2      583.6    0.072
  34.371    2048     1128.8      582.3    0.113
  34.391    2049     1127.2      580.8    0.110
  34.409    2050     1125.3      579.4    0.080
  34.426    2051     1123.0      577.6    0.077
  34.443    2052     1121.3      576.8    0.079
  34.461    2053     1115.4      577.2    0.072
  34.481    2054     1109.0      577.4    0.081
  34.499    2055     1103.7      577.4    0.103
  34.515    2056     1100.8      575.9    0.077
  34.534    2057     1098.2      574.7    0.081
  34.553    2058     1095.5      573.2    0.073
  34.571    2059     1092.6      571.6    0.071
  34.591    2060     1090.3      570.0    0.076
  34.608    2061     1079.0      570.7    0.072
  34.625    2062     1073.7      572.4    0.072
  34.643    2063     1068.0      573.6    0.082
  34.663    2064     1062.0      574.8    0.078
  34.681    2065     1051.9      578.2    0.078
  34.697    2066     1042.7      580.9    0.073
  34.717    2067     1033.8      583.5    0.070
  34.735    2068     1025.0      587.0    0.072
  34.751    2069     1020.7      588.9    0.070
  34.768    2070     1012.4      591.3    0.071
  34.785    2071     1003.4      588.9    0.076
  34.802    2072      994.4      590.9    0.074
  34.821    2073      986.6      592.4    0.070
  34.837    2074      974.5      590.6    0.073
  34.855    2075      967.5      587.9    0.071
  34.871    2076      960.1      585.3    0.071
  34.889    2077      948.2      583.9    0.073
  34.905    2078      940.9      585.4    0.072
  34.922    2079      933.7      586.9    0.070
  34.941    2080      926.7      587.9    0.073
  34.958    2081      920.6      590.0    0.072
  34.975    2082      918.6      591.7    0.070
  34.993    2083      912.2      594.3    0.074
  35.011    2084      905.1      596.4    0.071
  35.027    2085      903.5      597.1    0.070
  35.045    2086      901.9      598.1    0.086
  35.063    2087      895.7      600.8    0.072
  35.080    2088      889.1      603.2    0.078
  35.097    2089      883.2      604.2    0.072
  35.113    2090      877.2      606.3    0.075
  35.130    2091      879.8      607.0    0.075
  35.147    2092      878.0      606.9    0.071
  35.164    2093      876.5      607.3    0.070
  35.181    2094      870.0      608.3    0.075
  35.197    2095      861.6      607.8    0.072
  35.214    2096      857.6      605.7    0.072
  35.232    2097      851.3      602.9    0.085
  35.248    2098      846.3      599.7    0.075
  35.264    2099      840.3      596.7    0.072
  35.281    2100      835.0      594.9    0.079
  35.300    2101      829.7      593.0    0.066
  35.316    2102      820.3      593.7    0.063
  35.333    2103      812.9      595.5    0.065
  35.351    2104      810.7      595.8    0.063
  35.371    2105      804.1      597.3    0.062
  35.388    2106      799.1      599.4    0.140
  35.405    2107      798.2      600.2    0.080
  35.422    2108      792.4      602.3    0.078
  35.438    2109      792.4      604.0    0.074
  35.458    2110      792.3      605.9    0.075
  35.475    2111      787.1      609.0    0.074
  35.490    2112      779.2      609.7    0.075
  35.507    2113      775.0      613.4    0.066
  35.524    2114      767.5      614.3    0.073
  35.542    2115      759.4      614.8    0.070
  35.561    2116      752.2      615.0    0.068
  35.577    2117      745.5      615.4    0.064
  35.596    2118      737.3      615.8    0.080
  35.612    2119      730.3      617.5    0.072
  35.629    2120      723.0      618.1    0.070
  35.646    2121      713.2      616.5    0.075
  35.663    2122      706.4      617.7    0.072
  35.680    2123      699.5      618.4    0.070
  35.698    2124      692.8      619.3    0.074
  35.716    2125      686.2      620.2    0.069
  35.732    2126      683.1      622.8    0.082
  35.751    2127      679.6      624.9    0.074
  35.767    2128      676.5      627.8    0.072
  35.786    2129      673.7      631.1    0.084
  35.802    2130      667.0      632.1    0.074
  35.818    2131      662.7      633.8    0.080
  35.835    2132      657.0      635.4    0.085
  35.852    2133      651.5      636.4    0.075
  35.868    2134      646.7      637.7    0.071
  35.885    2135      642.0      638.9    0.073
  35.902    2136      637.8      640.1    0.096
  35.918    2137      633.6      641.8    0.071
  35.937    2138      629.2      643.1    0.068
  35.953    2139      624.7      644.7    0.065
  35.970    2140      621.8      646.2    0.067
  35.989    2141      619.0      647.7    0.078
  36.007    2142      614.6      648.9    0.076
  36.023    2143      609.8      651.0    0.072
  36.040    2144      606.0      652.5    0.094
  36.059    2145      601.6      653.7    0.075
  36.076    2146      597.1      654.5    0.072
  36.093    2147      594.1      655.6    0.073
  36.109    2148      590.2      656.8    0.072
  36.126    2149      587.3      658.9    0.070
  36.143    2150      582.5      661.0    0.073
  36.160    2151      579.6      662.9    0.071
  36.179    2152      576.7      664.8    0.070
  36.195    2153      573.7      666.3    0.073
  36.212    2154      571.9      667.0    0.072
  36.229    2155      569.4      668.0    0.082
  36.245    2156      567.5      667.7    0.079
  36.264    2157      565.8      667.7    0.073
  36.280    2158      562.7      668.2    0.071
  36.300    2159      559.9      669.2    0.073
  36.317    2160      557.5      669.6    0.070
  36.334    2161      556.2      670.4    0.073
  36.351    2162      553.6      671.6    0.074
  36.369    2163      550.9      672.8    0.072
  36.385    2164      549.1      673.2    0.076
  36.402    2165      547.1      674.6    0.073
  36.422    2166      544.6      675.0    0.093
  36.440    2167      542.6      676.1    0.082
  36.457    2168      541.0      677.1    0.075
  36.475    2169      539.8      678.4    0.073
  36.491    2170      537.9      679.5    0.078
  36.508    2171      537.3      680.0    0.072
  36.525    2172      536.5      681.4    0.073
  36.542    2173      536.3      682.1    0.074
  36.560    2174      533.6      683.2    0.072
  36.577    2175      532.2      684.7    0.071
  36.593    2176      530.3      686.3    0.074
  36.610    2177      528.8      687.0    0.072
  36.627    2178      527.9      688.8    0.070
  36.644    2179      527.0      690.0    0.071
  36.664    2180      526.0      691.4    0.070
  36.681    2181      526.5      692.1    0.071
  36.698    2182      524.9      694.1    0.100
  36.718    2183      523.1      695.6    0.071
  36.734    2184      521.2      697.5    0.094
  36.751    2185      519.9      698.6    0.071
  36.770    2186      518.9      699.7    0.099
  36.786    2187      519.2      700.8    0.079
  36.803    2188      518.6      702.1    0.073
  36.821    2189      517.9      703.2    0.074
  36.837    2190      517.9      704.8    0.077
  36.854    2191      519.2      705.8    0.099
  36.871    2192      519.1      706.6    0.072
  36.888    2193      519.1      707.0    0.075
  36.906    2194      519.2      707.4    0.105
  36.924    2195      519.5      708.2    0.076
  36.941    2196      519.8      708.4    0.075
  36.957    2197      520.2      709.6    0.071
  36.974    2198      520.3      710.8    0.071
  36.991    2199      520.9      711.7    0.085
  37.008    2200      522.3      712.6    0.074
  37.025    2201      523.2      713.5    0.070
  37.042    2202      523.4      714.4    0.092
  37.060    2203      524.2      714.8    0.076
  37.077    2204      524.1      715.5    0.071
  37.093    2205      525.5      715.2    0.075
  37.112    2206      526.5      715.4    0.070
  37.130    2207      527.7      715.4    0.099
  37.146    2208      528.6      715.8    0.100
  37.163    2209      529.2      714.5    0.071
  37.181    2210      529.4      714.5    0.072
  37.198    2211      529.6      713.9    0.099
  37.214    2212      529.6      714.7    0.070
  37.232    2213      530.5      715.4    0.113
  37.248    2214      532.0      716.5    0.084
  37.265    2215      533.0      717.2    0.087
  37.282    2216      534.5      718.4    0.109
  37.299    2217      535.0      719.7    0.075
  37.314    2218      535.9      722.0    0.068
  37.331    2219      536.3      723.0    0.065
  37.349    2220      537.0      725.1    0.069
  37.365    2221      537.3      726.5    0.104
  37.382    2222      538.3      727.8    0.080
  37.400    2223      539.4      730.0    0.128
  37.419    2224      541.0      730.6    0.084
  37.435    2225      541.4      731.9    0.075
  37.452    2226      541.4      733.9    0.075
  37.469    2227      542.0      735.2    0.079
  37.486    2228      538.1      737.2    0.073
  37.502    2229      538.9      738.6    0.077
  37.519    2230      539.6      740.4    0.105
  37.539    2231      540.5      741.9    0.095
  37.554    2232      541.6      743.8    0.079
  37.571    2233      542.5      745.2    0.073
  37.588    2234      543.5      747.0    0.083
  37.605    2235      539.0      750.0    0.073
  37.621    2236      539.6      750.9    0.080
  37.637    2237      540.8      752.8    0.068
  37.658    2238      541.8      754.2    0.070
  37.674    2239      543.0      755.8    0.065
  37.691    2240      544.5      757.7    0.066
  37.708    2241      545.2      759.6    0.079
  37.725    2242      536.4      763.3    0.072
  37.742    2243      536.9      766.2    0.080
  37.758    2244      537.0      768.0    0.072
  37.775    2245      538.4      770.0    0.072
  37.792    2246      539.1      771.7    0.072
  37.809    2247      534.8      773.0    0.071
  37.826    2248      531.5      776.0    0.072
  37.843    2249      527.3      779.2    0.073
  37.860    2250      519.5      783.4    0.071
  37.877    2251      516.1      785.6    0.070
  37.895    2252      513.6      787.5    0.071
  37.913    2253      510.6      789.0    0.071
  37.931    2254      508.2      790.8    0.069
  37.947    2255      504.8      792.2    0.072
  37.964    2256      502.1      793.8    0.069
  37.980    2257      496.1      796.2    0.069
  37.997    2258      488.7      798.1    0.071
  38.014    2259      487.0      800.1    0.074
  38.031    2260      479.7      802.1    0.070
  38.047    2261      477.3      802.6    0.086
  38.066    2262      474.9      803.5    0.077
  38.084    2263      472.2      805.5    0.073
  38.099    2264      470.2      807.8    0.073
  38.115    2265      468.0      809.6    0.072
  38.134    2266      465.6      811.7    0.070
  38.150    2267      458.2      815.6    0.072
  38.167    2268      456.3      818.1    0.069
  38.183    2269      449.9      822.1    0.069
  38.200    2270      443.8      825.3    0.069
  38.217    2271      441.2      828.0    0.071
  38.234    2272      435.0      830.4    0.080
  38.253    2273      428.7      833.4    0.076
  38.269    2274      426.0      835.9    0.073
  38.286    2275      419.4      839.1    0.070
  38.303    2276      413.0      841.7    0.072
  38.321    2277      406.7      844.5    0.071
  38.337    2278      405.4      845.0    0.070
  38.354    2279      402.7      846.9    0.072
  38.371    2280      391.5      845.1    0.070
  38.388    2281      386.7      848.0    0.105
  38.405    2282      376.6      847.3    0.073
  38.422    2283      377.0      849.7    0.071
  38.439    2284      369.5      847.0    0.072
  38.455    2285      364.6      846.7    0.070
  38.472    2286      355.8      847.1    0.069
  38.489    2287      346.9      847.5    0.079
  38.506    2288      332.2      843.9    0.074
  38.523    2289      321.6      842.3    0.074
  38.542    2290      314.1      843.2    0.077
  38.558    2291      310.4      845.7    0.075
  38.576    2292      306.9      848.2    0.070
  38.592    2293      298.8      849.5    0.072
  38.613    2294      291.0      849.2    0.070
  38.631    2295      284.1      850.1    0.072
  38.647    2296      281.0      852.4    0.072
  38.664    2297      277.9      854.2    0.071
  38.681    2298      274.1      857.0    0.068
  38.697    2299      269.5      858.5    0.071
  38.714    2300      265.3      858.7    0.070
  38.731    2301      261.8      860.2    0.072
  38.748    2302      257.3      861.5    0.071
  38.768    2303      251.8      862.2    0.069
  38.785    2304      249.0      862.4    0.069
  38.803    2305      243.1      860.5    0.070
  38.821    2306      237.0      858.1    0.070
  38.837    2307      231.8      856.5    0.070
  38.856    2308      227.5      854.8    0.072
  38.873    2309      223.4      852.6    0.070
  38.891    2310      218.7      851.3    0.102
  38.909    2311      214.4      850.5    0.092
  38.925    2312      212.3      847.5    0.077
  38.944    2313      208.2      846.2    0.079
  38.960    2314      204.8      845.1    0.072
  38.977    2315      202.5      843.4    0.071
  38.994    2316      199.5      841.8    0.078
  39.014    2317      198.3      839.8    0.070
  39.032    2318      194.6      838.3    0.088
  39.048    2319      191.6      837.0    0.080
  39.065    2320      189.9      835.4    0.073
  39.084    2321      188.2      834.2    0.071
  39.100    2322      186.4      833.4    0.073
  39.117    2323      183.3      835.4    0.070
  39.134    2324      180.9      836.2    0.074
  39.151    2325      178.4      837.9    0.076
  39.167    2326      175.0      838.6    0.071
  39.186    2327      171.5      839.2    0.071
  39.202    2328      168.0      840.8    0.073
  39.221    2329      165.1      843.7    0.070
  39.240    2330      162.1      846.6    0.077
  39.258    2331      157.9      847.6    0.077
  39.276    2332      152.9      851.0    0.070
  39.297    2333      147.8      853.0    0.071
  39.315    2334      142.8      854.5    0.121
  39.332    2335      138.6      857.8    0.080
  39.350    2336      128.7      858.1    0.081
  39.366    2337      126.0      861.7    0.077
  39.386    2338      123.5      865.6    0.073
  39.403    2339      120.7      868.6    0.084
  39.423    2340      117.9      871.4    0.083
  39.441    2341      115.1      873.1    0.076
  39.459    2342      113.1      876.4    0.076
  39.475    2343      106.7      876.4    0.070
  39.494    2344      101.3      876.7    0.104
  39.510    2345       96.6      877.2    0.078
  39.528    2346       91.6      877.6    0.071
  39.544    2347       86.6      877.1    0.077
  39.561    2348       82.7      879.8    0.075
  39.578    2349       80.1      881.0    0.072
  39.595    2350       76.7      880.7    0.076
  39.612    2351       73.5      880.6    0.072
  39.631    2352       70.2      882.1    0.069
  39.647    2353       68.3      883.6    0.073
  39.664    2354       66.4      884.4    0.069
  39.681    2355       64.8      886.6    0.070
  39.697    2356       63.6      888.7    0.071
  39.714    2357       63.0      889.7    0.071
  39.733    2358       62.5      890.8    0.069
  39.749    2359       60.6      893.0    0.075
  39.766    2360       59.3      893.3    0.070
  39.783    2361       57.2      892.0    0.071
  39.800    2362       54.7      891.9    0.071
  39.817    2363       52.0      898.6    0.069
  39.835    2364       49.5      903.8    0.070
  39.851    2365       43.5      907.5    0.072
  39.868    2366       38.7      907.7    0.068
  39.885    2367       36.6      907.7    0.068
  39.902    2368       33.8      908.7    0.073
  39.919    2369       32.3      910.5    0.072
  39.936    2370       32.1      906.5    0.071
  39.953    2371       31.7      909.1    0.072
  39.971    2372       32.4      908.7    0.070
  39.987    2373       33.6      911.8    0.070
  40.006    2374       34.2      915.9    0.072
  40.022    2375       35.9      919.1    0.070
  40.039    2376       36.9      922.0    0.081
  40.056    2377       37.8      924.2    0.076
  40.073    2378       38.5      924.5    0.076
  40.090    2379       39.2      922.3    0.071
  40.106    2380       39.8      919.4    0.074
  40.123    2381       40.1      917.1    0.071
  40.140    2382       39.3      915.8    0.070
  40.157    2383       39.7      913.9    0.074
  40.176    2384       40.4      912.0    0.070
  40.193    2385       41.8      911.4    0.075
  40.211    2386       43.0      910.2    0.079
  40.229    2387       44.1      908.5    0.086
  40.245    2388       44.7      907.1    0.083
  40.262    2389       44.5      905.6    0.076
  40.279    2390       41.1      904.7    0.073
  40.296    2391       37.2      904.4    0.074
  40.313    2392       30.2      904.7    0.073
  40.330    2393       30.9      903.3    0.071
  40.347    2394       24.6      903.6    0.073
  40.363    2395       22.9      902.9    0.072
  40.380    2396       20.3      901.2    0.113
  40.396    2397       17.7      900.2    0.117
  40.413    2398       15.0      899.2    0.080
  40.430    2399       12.6      897.1    0.081
  40.446    2400       10.6      895.2    0.077
  40.461    2401        9.8      892.9    0.070
  40.478    2402       10.0      890.6    0.064
  40.496    2403       10.0      887.8    0.065
  40.514    2404        7.7      885.3    0.064
  40.530    2405        7.8      886.9    0.062
  40.550    2406        5.3      884.4    0.076
  40.568    2407        2.7      887.9    0.071
  40.584    2408       -3.3      889.1    0.073
  40.602    2409       -9.6      890.7    0.072
  40.619    2410      -15.1      892.2    0.076
  40.635    2411      -20.1      890.4    0.071
  40.652    2412      -25.3      894.3    0.075
  40.669    2413      -30.7      897.0    0.069
  40.686    2414      -35.3      898.0    0.068
  40.703    2415      -41.0      898.9    0.100
  40.721    2416      -46.5      898.0    0.070
  40.739    2417      -50.1      899.1    0.070
  40.755    2418      -52.4      899.7    0.072
  40.772    2419      -55.2      901.1    0.072
  40.789    2420      -66.5      905.7    0.068
  40.806    2421      -70.7      907.8    0.072
  40.823    2422      -74.9      909.2    0.070
  40.840    2423      -80.1      911.3    0.100
  40.858    2424      -85.1      913.0    0.074
  40.876    2425      -86.9      914.7    0.068
  40.892    2426      -91.8      916.0    0.068
  40.909    2427      -96.8      917.4    0.070
  40.926    2428     -101.3      919.1    0.077
  40.946    2429     -105.6      920.0    0.098
  40.964    2430     -110.0      920.7    0.076
  40.984    2431     -114.3      921.3    0.071
  41.000    2432     -119.0      922.0    0.074
  41.017    2433     -122.8      922.6    0.070
  41.036    2434     -125.8      922.9    0.088
  41.052    2435     -128.9      923.5    0.079
  41.069    2436     -131.6      923.5    0.074
  41.086    2437     -134.3      922.9    0.074
  41.104    2438     -136.9      922.7    0.074
  41.120    2439     -139.2      922.3    0.071
  41.137    2440     -139.8      922.0    0.070
  41.154    2441     -141.7      921.2    0.076
  41.171    2442     -142.8      921.4    0.070
  41.188    2443     -143.7      920.6    0.071
  41.205    2444     -145.0      919.9    0.072
  41.222    2445     -145.7      919.9    0.105
  41.239    2446     -147.7      919.5    0.086
  41.255    2447     -149.2      919.1    0.078
  41.272    2448     -151.8      919.6    0.072
  41.291    2449     -153.5      920.0    0.070
  41.307    2450     -154.8      920.3    0.091
  41.323    2451     -156.5      921.1    0.072
  41.341    2452     -158.7      921.9    0.073
  41.358    2453     -160.6      922.0    0.073
  41.376    2454     -162.2      922.9    0.072
  41.392    2455     -163.5      923.2    0.126
  41.412    2456     -164.9      924.0    0.089
  41.431    2457     -165.8      923.5    0.066
  41.451    2458     -167.0      923.7    0.091
  41.467    2459     -167.8      923.7    0.077
  41.484    2460     -168.1      924.1    0.075
  41.501    2461     -168.7      924.4    0.076
  41.518    2462     -168.8      924.7    0.072
  41.538    2463     -168.8      924.6    0.071
  41.555    2464     -174.9      926.6    0.074
  41.571    2465     -174.6      925.6    0.070
  41.588    2466     -175.7      924.5    0.071
  41.607    2467     -176.2      924.4    0.073
  41.624    2468     -176.7      924.2    0.070
  41.643    2469     -177.2      923.6    0.074
  41.660    2470     -178.0      923.6    0.073
  41.677    2471     -179.6      923.0    0.070
  41.695    2472     -181.0      922.7    0.071
  41.713    2473     -183.6      922.9    0.072
  41.731    2474     -184.8      923.1    0.069
  41.746    2475     -186.1      922.4    0.069
  41.763    2476     -189.0      922.2    0.073
  41.780    2477     -191.9      922.3    0.071
  41.797    2478     -193.8      922.4    0.073
  41.813    2479     -196.0      922.6    0.071
  41.832    2480     -197.8      922.9    0.069
  41.848    2481     -200.0      923.0    0.071
  41.867    2482     -201.8      922.5    0.075
  41.883    2483     -203.8      921.9    0.070
  41.900    2484     -206.0      921.7    0.072
  41.917    2485     -207.7      920.0    0.071
  41.934    2486     -208.6      918.5    0.071
  41.950    2487     -210.6      918.0    0.074
  41.967    2488     -212.3      917.0    0.073
  41.984    2489     -213.4      916.8    0.068
  42.001    2490     -212.5      916.7    0.070
  42.018    2491     -213.4      916.5    0.069
  42.036    2492     -214.4      916.7    0.089
  42.053    2493     -215.2      915.5    0.086
  42.071    2494     -215.9      914.7    0.084
  42.087    2495     -217.1      914.0    0.080
  42.105    2496     -217.9      913.8    0.084
  42.123    2497     -219.0      913.5    0.071
  42.141    2498     -219.4      913.4    0.070
  42.158    2499     -220.5      912.3    0.074
  42.175    2500     -221.3      911.5    0.072
  42.193    2501     -221.5      911.1    0.070
  42.209    2502     -221.8      910.3    0.073
  42.227    2503     -222.6      909.9    0.101
  42.245    2504     -222.7      909.3    0.086
  42.261    2505     -223.3      907.3    0.079
  42.279    2506     -224.0      905.9    0.073
  42.297    2507     -224.3      904.8    0.071
  42.315    2508     -224.4      903.3    0.073
  42.333    2509     -224.3      902.4    0.070
  42.351    2510     -224.3      902.7    0.074
  42.366    2511     -222.8      901.7    0.072
  42.383    2512     -221.1      899.8    0.071
  42.401    2513     -219.4      898.4    0.071
  42.418    2514     -218.6      897.9    0.070
  42.434    2515     -217.8      896.8    0.070
  42.453    2516     -216.9      896.0    0.074
  42.469    2517     -220.4      895.4    0.070
  42.488    2518     -223.8      895.8    0.083
  42.505    2519     -226.5      896.0    0.081
  42.522    2520     -230.5      895.5    0.098
  42.538    2521     -234.9      895.0    0.073
  42.555    2522     -237.9      894.7    0.074
  42.574    2523     -241.0      894.9    0.070
  42.592    2524     -244.0      894.5    0.070
  42.613    2525     -246.9      894.3    0.070
  42.630    2526     -245.8      892.5    0.071
  42.651    2527     -249.2      892.7    0.075
[ROBOT] Đã dừng điều khiển xe.

[✓] Dừng. 2527 frames. Log → EKF_realtime_log.csv
