timestamp,d0,d1,d2,d3,v_mm_s,gz
1783085046.918306,9062,8640,1717,3677,0.0000,0.0000
1783085046.934020,9062,8705,1754,3630,0.0000,0.0000
1783085046.949863,8687,8621,1773,3715,0.0000,0.0000
1783085046.966015,8715,8668,1745,3621,26.0100,0.0000
1783085046.984303,8705,8630,1707,3621,26.0100,0.0000
1783085047.002070,8705,8621,1698,3658,26.0100,0.0000
1783085047.018468,9127,8630,1773,3630,64.9100,3.3100
1783085047.033862,8658,8611,1754,3583,64.9100,3.3100
1783085047.050083,9109,8555,1717,3696,64.9100,3.3100
1783085047.067008,9109,8593,1764,3696,64.9100,3.3100
1783085047.083060,8677,8640,1745,3640,81.1400,-2.8800
1783085047.099026,9521,8640,1801,3649,81.1400,-2.8800
1783085047.115070,9109,8602,1735,3696,81.1400,-2.8800
1783085047.131007,8649,8565,1735,3658,103.4100,0.9400
1783085047.147025,9052,8574,1801,3705,103.4100,0.9400
1783085047.165036,8649,8574,1735,3696,113.1600,-0.7500
1783085047.183144,8649,8536,1782,3649,113.1600,-0.7500
1783085047.199251,8752,8555,1717,3630,113.1600,-0.7500
1783085047.215148,8705,8546,1764,3593,113.1600,-0.7500
1783085047.231153,9071,8527,1726,3612,121.9800,0.0600
1783085047.248196,8743,8527,1726,3658,121.9800,0.0600
1783085047.264000,8668,8574,1735,3574,121.9800,0.0600
1783085047.280067,8677,8565,1745,3621,129.7100,-0.4400
1783085047.298088,8677,8518,1726,3602,129.7100,-0.4400
1783085047.315049,8677,8518,1707,3602,124.4200,0.9400
1783085047.329994,8677,8518,1642,3630,124.4200,0.9400
1783085047.347998,8677,8518,1735,3593,124.4200,0.9400
1783085047.366028,9062,8518,1623,3612,124.4200,0.9400
1783085047.382267,8611,8536,1717,3612,129.8300,-0.1900
1783085047.398381,8649,8518,1623,3574,129.8300,-0.1900
1783085047.414127,9052,8499,1726,3640,129.8300,-0.1900
1783085047.429435,9024,8508,1679,3612,132.5800,0.3700
1783085047.445534,9062,8499,1717,3593,132.5800,0.3700
1783085047.461399,8715,8490,1670,3565,132.5800,0.3700
1783085047.477121,8696,8499,1670,3621,137.9900,0.4400
1783085047.493472,8724,8527,1595,3640,137.9900,0.4400
1783085047.509064,8668,8490,1651,3602,137.9900,0.4400
1783085047.525064,8621,8499,1604,3574,140.5400,0.1200
1783085047.541082,9043,8518,1632,3602,140.5400,0.1200
1783085047.557113,8668,8499,1623,3612,140.5400,0.1200
1783085047.573116,9015,8480,1604,3583,143.5100,-0.8100
1783085047.589128,9015,8518,1651,3555,143.5100,-0.8100
1783085047.605675,9043,8499,1604,3546,143.5100,-0.8100
1783085047.621260,8611,8536,1623,3574,143.1900,-0.0600
1783085047.637333,9034,8499,1595,3621,143.1900,-0.0600
1783085047.653145,9034,8490,1604,3593,143.1900,-0.0600
1783085047.669379,9081,8518,1642,3602,151.7900,-0.1900
1783085047.685151,8696,8527,1623,3574,151.7900,-0.1900
1783085047.701151,8724,8508,1623,3546,151.7900,-0.1900
1783085047.717188,8649,8499,1632,3621,154.1700,-0.9400
1783085047.732174,8705,8518,1604,3555,154.1700,-0.9400
1783085047.748132,8743,8499,1632,3527,154.1700,-0.9400
1783085047.764422,8687,8527,1642,3602,159.5800,0.5000
1783085047.780130,8640,8490,1613,3565,159.5800,0.5000
1783085047.796168,8583,8461,1660,3546,159.5800,0.5000
1783085047.812521,8630,8480,1632,3555,159.5800,0.5000
1783085047.828134,9015,8443,1660,3537,162.2800,1.2500
1783085047.844156,9005,8499,1651,3518,162.2800,1.2500
1783085047.860393,9024,8518,1679,3527,162.2800,1.2500
1783085047.876182,8705,8508,1726,3583,162.2800,1.3100
1783085047.892217,8687,8518,1689,3527,162.2800,1.3100
1783085047.908410,8658,8452,1670,3537,162.2800,1.3100
1783085047.924198,8658,8461,1679,3555,164.4000,0.7500
1783085047.940209,8593,8461,1707,3527,164.4000,0.7500
1783085047.956408,9024,8452,1726,3518,164.4000,0.7500
1783085047.972204,9034,8518,1698,3546,164.9900,0.6300
1783085047.988247,8640,8461,1735,3621,164.9900,0.6300
1783085048.005329,8640,8452,1679,3565,164.9900,0.6300
1783085048.021141,8611,8452,1698,3555,173.1000,1.6900
1783085048.037383,8621,8471,1726,3546,173.1000,1.6900
1783085048.053271,8602,8433,1707,3546,173.1000,1.6900
1783085048.069371,8705,8405,1717,3480,176.6300,1.0600
1783085048.085233,8696,8358,1754,3527,176.6300,1.0600
1783085048.104233,8696,8358,1754,3508,176.6300,1.0600
1783085048.121308,9015,8405,1698,3527,181.2100,0.5000
1783085048.137285,8611,8368,1735,3461,181.2100,0.5000
1783085048.153316,8977,8415,1707,3518,181.2100,0.5000
1783085048.169170,8658,8424,1754,3424,181.2100,-1.9400
1783085048.188254,8658,8424,1792,3480,181.2100,-1.9400
1783085048.204282,8621,8443,1792,3490,181.2100,-1.9400
1783085048.220582,8593,8415,1745,3452,182.9600,0.1900
1783085048.236370,8611,8368,1764,3490,182.9600,0.1900
1783085048.252262,8977,8396,1773,3490,182.9600,0.1900
1783085048.269148,8733,8396,1726,3471,193.1900,-1.6900
1783085048.284276,8677,8415,1801,3461,193.1900,-1.6900
1783085048.300325,8658,8330,1792,3490,193.1900,-1.6900
1783085048.316596,8593,8368,1726,3480,197.4400,0.0600
1783085048.332325,8593,8415,1745,3490,197.4400,0.0600
1783085048.348284,8593,8405,1735,3471,197.4400,0.0600
1783085048.364626,8621,8330,1764,3508,196.2200,-1.5600
1783085048.381835,8621,8386,1717,3471,196.2200,-1.5600
1783085048.397691,8696,8424,1745,3471,196.2200,-1.5600
1783085048.413520,9015,8311,1773,3452,196.2200,-1.5600
1783085048.429382,8668,8415,1745,3537,215.2700,0.2500
1783085048.445346,8668,8396,1679,3443,215.2700,0.2500
1783085048.461345,9005,8386,1773,3443,215.2700,0.2500
1783085048.477413,8996,8386,1754,3386,205.5600,-0.5600
1783085048.493364,9015,8358,1717,3471,205.5600,-0.5600
1783085048.510536,9052,8415,1745,3461,205.5600,-0.5600
1783085048.526918,8640,8508,1726,3405,210.9700,0.1200
1783085048.542388,8640,8339,1754,3424,210.9700,0.1200
1783085048.558464,8996,8377,1735,3433,210.9700,0.1200
1783085048.574782,8583,8321,1726,3424,205.5600,0.2500
1783085048.589466,9118,8321,1698,3424,205.5600,0.2500
1783085048.606516,8546,8752,1735,3508,205.5600,0.2500
1783085048.623023,9024,8705,1754,3424,206.8300,0.0600
1783085048.638733,9005,8733,1707,3424,206.8300,0.0600
1783085048.654678,9090,8330,1745,3386,206.8300,0.0600
1783085048.671042,9052,8264,1717,3424,212.5100,0.4400
1783085048.685400,8621,8696,1717,3405,212.5100,0.4400
1783085048.701480,8949,8424,1717,3415,212.5100,0.4400
1783085048.717224,9005,8724,1679,3386,212.5100,0.4400
1783085048.733223,9043,8677,1782,3443,208.2600,-0.0600
1783085048.749557,9062,8696,1679,3424,208.2600,-0.0600
1783085048.765218,8574,9118,1660,3386,208.2600,-0.0600
1783085048.781245,8574,8687,1651,3405,202.8500,0.6300
1783085048.800504,8574,8687,1679,3415,202.8500,0.6300
1783085048.817659,8602,8733,1660,3405,201.5300,-1.4400
1783085048.833873,8611,8715,1735,3349,201.5300,-1.4400
1783085048.849524,8565,9109,1773,3386,201.5300,-1.4400
1783085048.865456,9005,8696,1707,3405,201.5300,-1.4400
1783085048.880815,8733,9174,1698,3396,205.5600,-0.1900
1783085048.896510,8621,8743,1679,3452,205.5600,-0.1900
1783085048.914325,8621,8733,1698,3377,205.5600,-0.1900
1783085048.930451,8640,8687,1717,3377,209.7500,1.1900
1783085048.948358,8574,8687,1717,3358,209.7500,1.1900
1783085048.964665,8640,9062,1735,3340,205.5600,2.6300
1783085048.980337,8611,8630,1810,3415,205.5600,2.6300
1783085048.996369,8611,8715,1707,3377,205.5600,2.6300
1783085049.013028,8555,9099,1735,3321,205.5600,2.6300
1783085049.028840,8583,9099,1726,3340,204.1800,0.8100
1783085049.044600,8593,8687,1717,3349,204.1800,0.8100
1783085049.061081,8658,8733,1754,3349,204.1800,0.8100
1783085049.076621,8583,9099,1764,3349,204.2300,0.9400
1783085049.091989,8574,9071,1735,3358,204.2300,0.9400
1783085049.107874,8546,8687,1782,3368,204.2300,0.9400
1783085049.123651,8593,9043,1773,3368,204.1800,2.2500
1783085049.140068,8593,9043,1810,3321,204.1800,2.2500
1783085049.156093,8583,8640,1782,3377,204.1800,2.2500
1783085049.171661,8565,8602,1820,3330,209.7500,-0.7500
1783085049.188721,8546,9043,1745,3340,209.7500,-0.7500
1783085049.203695,8602,8611,1754,3293,209.7500,-0.7500
1783085049.220454,8640,8743,1735,3349,202.8500,-0.5000
1783085049.236076,8536,9034,1801,3321,202.8500,-0.5000
1783085049.251939,8546,8668,1773,3274,202.8500,-0.5000
1783085049.268096,8555,8687,1792,3321,202.8500,0.0000
1783085049.284170,8611,8996,1810,3236,202.8500,0.0000
1783085049.299566,8555,9024,1773,3274,202.8500,0.0000
1783085049.315533,8555,9015,1839,3311,202.8500,0.0000
1783085049.331654,8527,9034,1848,3274,202.8500,0.2500
1783085049.347765,8583,9015,1773,3246,202.8500,0.2500
1783085049.362534,8574,9015,1820,3255,202.8500,0.2500
1783085049.378825,8583,8658,1764,3246,196.2200,0.6900
1783085049.394554,8546,8996,1801,3293,196.2200,0.6900
1783085049.410940,8527,9005,1801,3330,196.2200,0.6900
1783085049.427170,8527,9005,1792,3246,206.9900,-1.8100
1783085049.442922,8949,8996,1829,3227,206.9900,-1.8100
1783085049.458948,8574,9005,1820,3236,206.9900,-1.8100
1783085049.475294,8518,8996,1820,3255,205.5600,-0.8100
1783085049.490854,8536,8987,1857,3246,205.5600,-0.8100
1783085049.506866,8555,9005,1820,3255,205.5600,-0.8100
1783085049.523156,8987,9024,1820,3283,198.8700,-0.9400
1783085049.538967,8593,8949,1801,3246,198.8700,-0.9400
1783085049.555059,8480,8959,1782,3171,198.8700,-0.9400
1783085049.571111,8546,9015,1886,3264,201.4700,-1.8800
1783085049.586870,8527,8977,1773,3199,201.4700,-1.8800
1783085049.603000,8912,8968,1792,3236,201.4700,-1.8800
1783085049.620465,8546,9005,1914,3227,198.8700,3.0000
1783085049.635054,8574,9005,1810,3246,198.8700,3.0000
1783085049.650933,8536,8949,1801,3236,198.8700,3.0000
1783085049.666686,8508,8959,1857,3236,206.9900,-0.5000
1783085049.682394,8536,8968,1801,3208,206.9900,-0.5000
1783085049.697973,8536,8987,1801,3208,206.9900,-0.5000
1783085049.714288,8555,8987,1829,3227,205.5600,-0.3700
1783085049.729690,9034,8949,1886,3255,205.5600,-0.3700
1783085049.745986,8583,8940,1839,3227,205.5600,-0.3700
1783085049.762256,8565,8949,1820,3218,205.5600,-0.3700
1783085049.778011,8555,8940,1810,3246,202.8500,-0.1200
1783085049.794356,8499,8930,1810,3227,202.8500,-0.1200
1783085049.810447,8490,8912,1857,3218,202.8500,-0.1200
1783085049.825886,8527,8940,1839,3227,202.8500,-0.9400
1783085049.841947,8583,8959,1820,3218,202.8500,-0.9400
1783085049.858253,8583,8884,1857,3199,202.8500,-0.9400
1783085049.874117,8574,8949,1829,3236,202.8500,-0.3100
1783085049.889981,8546,8921,1848,3180,202.8500,-0.3100
1783085049.906319,8902,8884,1895,3236,202.8500,-0.3100
1783085049.923017,8902,8884,1820,3189,198.8700,-0.2500
1783085049.939105,8499,8912,1829,3236,198.8700,-0.2500
1783085049.955463,8912,8874,1801,3264,198.8700,-0.2500
1783085049.971260,8574,8912,1820,3236,209.7500,2.0600
1783085049.987471,8527,8780,1764,3180,209.7500,2.0600
1783085050.003415,8499,8743,1857,3189,209.7500,2.0600
1783085050.020348,8461,8799,1895,3255,200.1500,0.0600
1783085050.034850,8621,8799,1904,3199,200.1500,0.0600
1783085050.051090,8565,8799,1867,3199,200.1500,0.0600
1783085050.066910,8574,8733,1876,3255,200.1500,0.0600
1783085050.082942,8968,8743,1792,3152,205.5600,0.6300
1783085050.099155,8930,8743,1876,3180,205.5600,0.6300
1783085050.114857,8649,8818,1857,3133,205.5600,0.6300
1783085050.130874,8583,8715,1895,3161,201.5300,0.8100
1783085050.147380,8518,8668,1876,3189,201.5300,0.8100
1783085050.162972,8893,8621,1867,3105,201.5300,0.8100
1783085050.178926,8893,8649,1857,3227,209.7500,2.1900
1783085050.196340,9052,8649,1886,3218,209.7500,2.1900
1783085050.212629,9015,8527,1923,3161,209.7500,2.1900
1783085050.228124,8893,8630,1904,3180,200.1500,-1.1900
1783085050.244602,8930,8621,1848,3227,200.1500,-1.1900
1783085050.261145,8949,8593,1857,3105,200.1500,-1.1900
1783085050.276490,8677,8640,1867,3208,202.8500,0.8100
1783085050.292206,8949,8640,1886,3114,202.8500,0.8100
1783085050.308805,8959,8611,1895,3189,202.8500,0.8100
1783085050.324454,8583,8574,1961,3096,202.8500,-0.1200
1783085050.339999,8949,8593,1904,3143,202.8500,-0.1200
1783085050.356421,8611,8611,1932,3180,202.8500,-0.1200
1783085050.373097,8921,8565,1932,3171,201.5300,-0.5000
1783085050.388200,8949,8649,1970,3124,201.5300,-0.5000
1783085050.404211,8499,8565,1951,3133,201.5300,-0.5000
1783085050.419191,8593,8565,1904,3180,209.7500,0.5000
1783085050.435310,8959,8536,1951,3133,209.7500,0.5000
1783085050.450321,8574,8621,1914,3152,209.7500,0.5000
1783085050.466286,8536,8536,1951,3152,208.2600,-1.5600
1783085050.484221,8536,8536,1932,3086,208.2600,-1.5600
1783085050.500467,8959,8574,1998,3114,208.2600,-1.5600
1783085050.516252,8855,8546,1895,3086,208.2600,-1.5600
1783085050.532278,8536,8518,1904,3086,208.2600,-0.1900
1783085050.548467,8987,8621,1876,3124,208.2600,-0.1900
1783085050.564360,8949,8574,1914,3096,208.2600,-0.1900
1783085050.580279,8921,8536,1989,3086,204.1800,1.0600
1783085050.596483,8611,8555,1970,3180,204.1800,1.0600
1783085050.612273,8574,8593,1932,3049,204.1800,1.0600
1783085050.628373,8621,8555,1932,3049,212.5100,-0.8800
1783085050.644496,8930,8555,1951,3030,212.5100,-0.8800
1783085050.660302,8874,8518,2064,3021,212.5100,-0.8800
1783085050.677296,8874,8518,1970,3021,208.2600,0.7500
1783085050.693284,8508,8583,1923,3096,208.2600,0.7500
1783085050.709316,8865,8555,1932,3058,208.2600,0.7500
1783085050.725318,8555,8621,1979,3058,205.5600,-1.5600
1783085050.741326,8518,8574,1979,3039,205.5600,-1.5600
1783085050.757319,8912,8583,1942,3086,205.5600,-1.5600
1783085050.773312,8490,8518,1961,3021,205.5600,-0.3700
1783085050.789331,8855,8574,1914,3096,205.5600,-0.3700
1783085050.805342,8499,8621,1942,3039,205.5600,-0.3700
1783085050.821531,8593,8640,1951,3086,201.5300,0.9400
1783085050.837379,8921,8621,1989,3049,201.5300,0.9400
1783085050.853359,8527,8893,1932,3058,201.5300,0.9400
1783085050.869344,8518,9034,1951,3039,206.9900,-0.8100
1783085050.885366,8518,8668,1970,3058,206.9900,-0.8100
1783085050.901487,8527,8687,1989,3021,206.9900,-0.8100
1783085050.917618,8668,8583,2045,3021,198.8700,-0.0600
1783085050.933435,8480,8705,1942,3002,198.8700,-0.0600
1783085050.948471,8471,8987,1998,2983,198.8700,-0.0600
1783085050.964467,8874,8546,2017,3002,198.8700,-0.0600
1783085050.980676,8471,9259,1961,3002,205.5600,-1.6900
1783085050.996480,8536,8977,2007,2992,205.5600,-1.6900
1783085051.012460,8480,9231,1961,3039,205.5600,-1.6900
1783085051.028693,8865,8940,2017,3011,204.2300,1.8100
1783085051.044487,8893,9240,1979,3039,204.2300,1.8100
1783085051.060554,8565,9193,1998,3011,204.2300,1.8100
1783085051.076873,8583,9212,2045,3021,202.8500,-0.0600
1783085051.092487,8555,9184,1970,3030,202.8500,-0.0600
1783085051.108494,8574,8837,2073,3021,202.8500,-0.0600
1783085051.124900,8480,9193,2045,2992,202.8500,2.5000
1783085051.140489,8593,9127,2007,3030,202.8500,2.5000
1783085051.156508,8546,9193,2017,2974,202.8500,2.5000
1783085051.172680,8527,8827,1989,3049,198.8700,1.6900
1783085051.188561,8508,9193,1970,2974,198.8700,1.6900
1783085051.204497,8527,9184,1998,2983,198.8700,1.6900
1783085051.220691,8536,9156,2064,3049,200.1500,2.1900
1783085051.237573,8611,9174,2054,3049,200.1500,2.1900
1783085051.253519,8865,9137,1998,3021,200.1500,2.1900
1783085051.269508,8555,9137,2064,2983,212.5100,-2.3100
1783085051.285750,8499,9118,2026,3030,212.5100,-2.3100
1783085051.301621,8527,9127,1989,2946,212.5100,-2.3100
1783085051.318445,8640,9165,2092,2927,202.8500,0.8800
1783085051.335700,8630,9202,1979,2927,202.8500,0.8800
1783085051.351780,8602,9081,1998,2946,202.8500,0.8800
1783085051.368425,8583,9127,2064,2908,202.8500,-2.8100
1783085051.385475,8583,9081,2073,2946,202.8500,-2.8100
1783085051.401286,8583,9081,2064,2964,202.8500,-2.8100
1783085051.417068,8508,9109,2064,2917,202.8500,-2.8100
1783085051.432617,8527,9118,2073,2936,205.5600,2.5000
1783085051.448818,8602,9137,2017,2889,205.5600,2.5000
1783085051.464611,8574,9118,2064,2908,205.5600,2.5000
1783085051.480609,8583,9099,2111,2946,205.5600,-3.1300
1783085051.497041,8583,9090,2045,2946,205.5600,-3.1300
1783085051.512636,8508,9118,2083,2889,205.5600,-3.1300
1783085051.528960,8536,9202,2073,2852,206.8300,2.0000
1783085051.546799,8536,9043,2083,2861,206.8300,2.0000
1783085051.562982,8490,9090,2101,2814,206.9900,-0.6900
1783085051.578752,8921,9090,2120,2861,206.9900,-0.6900
1783085051.594797,8518,9099,2045,2861,206.9900,-0.6900
1783085051.610857,8508,9127,2101,2870,206.9900,-0.6900
1783085051.627801,8527,9099,2223,2870,208.2600,-1.8800
1783085051.645877,8902,9081,2214,2870,208.2600,-1.8800
1783085051.661686,8630,9090,2054,2777,208.2600,-1.8800
1783085051.679728,8630,9137,2073,2899,201.5300,-0.3700
1783085051.697775,8630,9127,2158,2824,201.5300,-0.3700
1783085051.713688,8968,9146,2111,2852,201.5300,-0.3700
1783085051.730942,8968,9118,2195,2786,206.9900,-0.0600
1783085051.747960,8602,9156,2045,2767,206.9900,-0.0600
1783085051.763764,8555,9071,2092,2842,206.9900,-0.0600
1783085051.778958,8443,9193,2120,2795,202.8500,0.1900
1783085051.795156,8884,9109,2083,2805,202.8500,0.1900
1783085051.810846,8574,9118,2158,2842,202.8500,0.1900
1783085051.826926,8471,9127,2045,2749,201.5300,-0.4400
1783085051.842765,8471,9137,2129,2786,201.5300,-0.4400
1783085051.858840,8827,9118,2120,2870,201.5300,-0.4400
1783085051.874909,8855,9081,2092,2758,204.2300,-1.0600
1783085051.890826,8499,9137,2111,2711,204.2300,-1.0600
1783085051.906961,8837,9109,2092,2786,204.2300,-1.0600
1783085051.923002,8865,9090,2073,2739,201.5300,-1.0000
1783085051.938858,8893,9146,2111,2702,201.5300,-1.0000
1783085051.954846,8855,9052,2083,2739,201.5300,-1.0000
1783085051.970944,8480,9127,2111,2702,206.9900,-0.8100
1783085051.986867,8480,9118,2111,2739,206.9900,-0.8100
1783085052.002914,8846,9090,2101,2730,206.9900,-0.8100
1783085052.019181,8583,9081,2129,2767,201.5300,0.5600
1783085052.034964,8508,9090,2129,2814,201.5300,0.5600
1783085052.050884,8452,9118,2129,2767,201.5300,0.5600
1783085052.069096,8452,9118,2204,2767,205.5600,3.1300
1783085052.084939,8490,9099,2158,2767,205.5600,3.1300
1783085052.103164,8893,9118,2298,2767,205.5600,3.1300
1783085052.120129,8893,9062,2186,2767,200.1500,-0.4400
1783085052.139044,8893,9165,2204,2767,200.1500,-0.4400
1783085052.156623,9212,9109,2148,2720,200.1500,-0.4400
1783085052.173005,8546,9109,2270,2720,209.7500,1.3700
1783085052.187927,8855,9137,2129,2702,209.7500,1.3700
1783085052.205921,8818,9109,2111,2702,209.7500,1.3700
1783085052.222229,8527,9165,2111,2608,198.8700,1.6900
1783085052.237890,8583,9099,2148,2655,198.8700,1.6900
1783085052.254051,8583,9146,2176,2739,198.8700,1.6900
1783085052.270697,8546,9146,2120,2683,209.7500,-0.6300
1783085052.288171,8546,9156,2204,2627,209.7500,-0.6300
1783085052.303965,8527,9137,2148,2674,209.7500,-0.6300
1783085052.321267,8527,9109,2336,2674,198.8700,-1.1200
1783085052.338051,8949,9137,2186,2645,198.8700,-1.1200
1783085052.354996,8921,9174,2186,2645,198.8700,-1.1200
1783085052.370993,8555,9156,2148,2655,205.5600,0.1900
1783085052.387010,8518,9071,2186,2674,205.5600,0.1900
1783085052.403082,8499,9109,2195,2664,205.5600,0.1900
1783085052.419089,8490,9156,2204,2645,205.5600,-0.8100
1783085052.435023,8865,9174,2176,2617,205.5600,-0.8100
1783085052.451032,8480,9165,2186,2683,205.5600,-0.8100
1783085052.469002,8527,9118,2186,2683,200.1500,2.2500
1783085052.486231,8527,9137,2148,2692,200.1500,2.2500
1783085052.503105,8527,9127,2195,2627,200.1500,2.2500
1783085052.518792,8527,9193,2195,2655,210.9700,-2.2500
1783085052.534249,8865,9118,2195,2627,210.9700,-2.2500
1783085052.550045,8508,9156,2223,2589,210.9700,-2.2500
1783085052.568777,8508,9156,2261,2589,208.2600,0.4400
1783085052.584429,8518,9202,2223,2608,208.2600,0.4400
1783085052.600335,9202,9137,2289,2617,208.2600,0.4400
1783085052.616107,8536,9174,2270,2617,206.9900,0.1200
1783085052.632469,8536,9165,2280,2598,206.9900,0.1200
1783085052.649153,8630,9193,2251,2589,206.9900,0.1200
1783085052.667315,8536,9184,2298,2589,204.1800,-0.9400
1783085052.684293,8536,8874,2317,2617,204.1800,-0.9400
1783085052.701240,8527,9174,2326,2542,204.1800,-0.9400
1783085052.716783,8555,8527,2223,2580,210.9700,1.5600
1783085052.734121,8555,9202,2261,2570,210.9700,1.5600
1783085052.752139,8546,9202,2270,2561,210.9700,1.5600
1783085052.768611,8490,8884,2355,2598,206.9900,-0.9400
1783085052.784189,8490,9202,2233,2608,206.9900,-0.9400
1783085052.800211,8508,9184,2289,2598,206.9900,-0.9400
1783085052.816966,8893,9193,2242,2627,206.8300,-1.3100
1783085052.832198,8471,8940,2261,2608,206.8300,-1.3100
1783085052.848178,8546,8940,2289,2561,206.8300,-1.3100
1783085052.864362,8508,9306,2280,2580,200.1500,0.6300
1783085052.881246,8490,8949,2280,2598,200.1500,0.6300
1783085052.899303,8490,9240,2326,2580,200.1500,0.6300
1783085052.917742,8490,9202,2317,2598,202.8500,-0.2500
1783085052.935297,8527,9202,2280,2533,202.8500,-0.2500
1783085052.951375,8499,8912,2251,2533,202.8500,-0.2500
1783085052.966457,8499,8640,2270,2570,202.8500,-0.1900
1783085052.983280,8480,8893,2317,2570,202.8500,-0.1900
1783085052.999276,8677,8930,2317,2523,202.8500,-0.1900
1783085053.015316,8602,8715,2308,2561,208.2600,0.5600
1783085053.031339,8508,8705,2280,2542,208.2600,0.5600
1783085053.047301,8490,8940,2298,2561,208.2600,0.5600
1783085053.066311,8499,8940,2280,2561,208.2600,0.5600
1783085053.086606,8499,8855,2373,2561,205.5600,2.0000
1783085053.105401,8499,9174,2383,2561,205.5600,2.0000
1783085053.122732,8527,8546,2326,2542,208.2600,-0.9400
1783085053.138366,8546,8658,2345,2542,208.2600,-0.9400
1783085053.153638,8593,8649,2345,2523,208.2600,-0.9400
1783085053.169788,8527,8640,2364,2533,209.7500,2.9400
1783085053.185503,8527,8621,2355,2552,209.7500,2.9400
1783085053.201713,8499,8649,2345,2552,209.7500,2.9400
1783085053.218623,8687,8611,2373,2523,198.8700,1.1900
1783085053.233374,8865,8593,2345,2598,198.8700,1.1900
1783085053.249366,8874,8574,2317,2580,198.8700,1.1900
1783085053.265749,8555,8640,2317,2570,200.1500,2.3800
1783085053.281558,8508,8621,2364,2552,200.1500,2.3800
1783085053.297594,8555,8658,2317,2561,200.1500,2.3800
1783085053.313698,8499,8677,2326,2533,205.5600,-0.7500
1783085053.329636,8630,8621,2317,2542,205.5600,-0.7500
1783085053.345531,8536,8640,2364,2552,205.5600,-0.7500
1783085053.361575,8846,8668,2355,2552,205.5600,-0.7500
1783085053.377515,8518,8658,2345,2570,202.8500,0.7500
1783085053.393521,8518,8705,2336,2542,202.8500,0.7500
1783085053.409513,8893,8715,2364,2523,202.8500,0.7500
1783085053.425433,8480,8696,2383,2523,202.8500,-2.1900
1783085053.441399,8527,8743,2373,2542,202.8500,-2.1900
1783085053.456993,8518,8705,2355,2580,202.8500,-2.1900
1783085053.472708,8518,8724,2383,2542,202.8500,-0.4400
1783085053.488564,8471,8808,2411,2505,202.8500,-0.4400
1783085053.504364,8518,8762,2373,2505,202.8500,-0.4400
1783085053.520325,8471,8921,2345,2495,208.2600,-3.3800
1783085053.536689,8527,8743,2392,2523,208.2600,-3.3800
1783085053.552440,8490,8874,2392,2552,208.2600,-3.3800
1783085053.569277,8461,9174,2355,2467,205.5600,-5.2500
1783085053.584794,8471,9024,2383,2486,205.5600,-5.2500
1783085053.600430,8490,9240,2383,2477,205.5600,-5.2500
1783085053.616421,8490,9156,2401,2448,216.3800,2.1900
1783085053.632620,8452,9193,2373,2523,216.3800,2.1900
1783085053.648520,8555,9156,2439,2542,216.3800,2.1900
1783085053.664479,8452,9156,2448,2542,216.3800,2.1900
1783085053.681490,8518,9146,2458,2458,200.1500,-2.7500
1783085053.698752,8527,9146,2439,2570,200.1500,-2.7500
1783085053.714971,8508,9156,2439,2448,200.1500,-2.7500
1783085053.730797,8471,9202,2430,2439,210.9700,1.8800
1783085053.746697,8508,9202,2392,2486,210.9700,1.8800
1783085053.762474,8490,9212,2458,2495,210.9700,1.8800
1783085053.778512,8490,9212,2448,2439,202.8500,-1.6900
1783085053.794666,8471,9231,2401,2458,202.8500,-1.6900
1783085053.810517,8452,9259,2430,2458,202.8500,-1.6900
1783085053.826515,8499,9221,2448,2495,210.9700,1.3700
1783085053.842837,8480,9240,2420,2420,210.9700,1.3700
1783085053.858491,8490,9240,2439,2411,210.9700,1.3700
1783085053.874545,8490,9231,2467,2439,205.5600,-1.7500
1783085053.890925,8452,9202,2467,2467,205.5600,-1.7500
1783085053.906585,8490,9240,2467,2533,205.5600,-1.7500
1783085053.922580,8508,9193,2467,2430,202.8500,1.1200
1783085053.938729,8461,9278,2477,2458,202.8500,1.1200
1783085053.954668,8480,9278,2430,2477,202.8500,1.1200
1783085053.969733,8461,9259,2439,2392,205.5600,-1.5000
1783085053.986134,8499,9231,2448,2439,205.5600,-1.5000
1783085054.001995,8433,9249,2495,2420,205.5600,-1.5000
1783085054.018836,8490,9259,2486,2477,205.5600,-1.1900
1783085054.035764,8443,9212,2467,2477,205.5600,-1.1900
1783085054.051848,8452,9221,2495,2448,205.5600,-1.1900
1783085054.069551,8452,9221,2477,2392,202.8500,-1.0600
1783085054.085593,8461,9231,2467,2373,202.8500,-1.0600
1783085054.101648,8490,9212,2505,2430,202.8500,-1.0600
1783085054.118593,8443,9212,2495,2448,205.5600,2.4400
1783085054.133588,8433,9240,2477,2392,205.5600,2.4400
1783085054.149943,8499,9278,2505,2495,205.5600,2.4400
1783085054.165823,8480,9268,2570,2458,202.8500,0.5000
1783085054.182664,8480,9296,2570,2467,202.8500,0.5000
1783085054.200601,8480,9268,2589,2401,202.8500,0.5000
1783085054.218917,8480,9268,2458,2345,205.5600,0.6300
1783085054.234643,8508,9193,2486,2392,205.5600,0.6300
1783085054.250883,8471,9240,2486,2373,205.5600,0.6300
1783085054.266659,8443,9212,2486,2336,205.5600,0.6300
1783085054.282675,8490,9268,2514,2345,205.5600,1.3100
1783085054.298772,8433,9212,2514,2458,205.5600,1.3100
1783085054.314703,8433,9231,2486,2345,205.5600,1.3100
1783085054.330711,8490,9231,2533,2355,205.5600,0.4400
1783085054.346878,8443,9231,2542,2345,205.5600,0.4400
1783085054.363996,8443,9202,2514,2364,208.2600,-2.5600
1783085054.381835,8443,9231,2514,2345,208.2600,-2.5600
1783085054.397670,8424,9259,2505,2336,208.2600,-2.5600
1783085054.413743,8508,9240,2514,2355,208.2600,-2.5600
1783085054.429923,8461,9193,2552,2326,205.5600,-0.2500
1783085054.445712,8490,9249,2542,2326,205.5600,-0.2500
1783085054.461699,8499,9268,2542,2364,205.5600,-0.2500
1783085054.477954,8471,9268,2523,2308,205.5600,-0.6300
1783085054.493780,8536,9231,2523,2326,205.5600,-0.6300
1783085054.509771,8443,9268,2570,2298,205.5600,-0.6300
1783085054.525937,8574,9287,2561,2251,202.8500,2.8100
1783085054.541737,8480,9278,2580,2289,202.8500,2.8100
1783085054.557869,8499,9249,2617,2336,202.8500,2.8100
1783085054.574007,8471,9221,2627,2308,208.2600,-3.4400
1783085054.589823,8499,9249,2580,2317,208.2600,-3.4400
1783085054.605178,8471,9231,2617,2326,208.2600,-3.4400
1783085054.621005,8461,9268,2598,2336,208.2600,0.8100
1783085054.637076,8490,9193,2580,2364,208.2600,0.8100
1783085054.653226,8461,9278,2598,2345,208.2600,0.8100
1783085054.669525,8443,9240,2580,2364,205.5600,-0.6900
1783085054.685049,8518,9249,2598,2355,205.5600,-0.6900
1783085054.701082,8461,9268,2561,2336,205.5600,-0.6900
1783085054.717059,8499,9268,2561,2308,205.5600,-0.6900
1783085054.733026,8490,9249,2617,2280,205.5600,-0.6300
1783085054.749110,8461,9324,2655,2308,205.5600,-0.6300
1783085054.764930,8536,9315,2645,2308,205.5600,-0.6300
1783085054.780819,8452,9259,2580,2289,208.2600,1.7500
1783085054.797025,8490,9296,2598,2308,208.2600,1.7500
1783085054.812962,8443,9259,2617,2308,208.2600,1.7500
1783085054.828978,8508,9296,2627,2326,201.5300,0.7500
1783085054.844327,8508,9296,2627,2364,201.5300,0.7500
1783085054.860981,8499,9324,2589,2298,201.5300,0.7500
1783085054.876961,8499,9296,2655,2326,215.2700,-0.2500
1783085054.892427,8527,9306,2617,2336,215.2700,-0.2500
1783085054.910328,8527,9334,2617,2326,215.2700,-0.2500
1783085054.926236,8471,9324,2627,2345,205.5600,-0.1200
1783085054.941973,8480,9306,2617,2317,205.5600,-0.1200
1783085054.958368,8461,9324,2645,2345,205.5600,-0.1200
1783085054.974204,8480,9324,2636,2298,196.2200,-0.8100
1783085054.990012,8452,9324,2636,2270,196.2200,-0.8100
1783085055.006201,8827,9296,2655,2261,196.2200,-0.8100
1783085055.022253,8536,9306,2655,2289,205.5600,0.0000
1783085055.038367,8546,9324,2664,2270,205.5600,0.0000
1783085055.054355,8518,9306,2692,2270,205.5600,0.0000
1783085055.070185,8452,9324,2692,2289,202.8500,1.3100
1783085055.086123,8490,9240,2702,2270,202.8500,1.3100
1783085055.102400,8443,9287,2683,2280,202.8500,1.3100
1783085055.118622,8490,9249,2627,2251,202.8500,0.8800
1783085055.134038,8527,9324,2702,2270,202.8500,0.8800
1783085055.149024,8527,9315,2702,2270,202.8500,0.8800
1783085055.167402,8527,9334,2711,2261,202.8500,0.8800
1783085055.183070,8508,9315,2692,2261,205.5600,0.5600
1783085055.199098,8461,9278,2692,2233,205.5600,0.5600
1783085055.215079,8443,9334,2664,2242,205.5600,0.5600
1783085055.231055,8518,9315,2702,2242,209.7500,1.0600
1783085055.247067,8499,9343,2674,2355,209.7500,1.0600
1783085055.265097,8499,9306,2786,2251,196.2200,1.0600
1783085055.281108,8536,9381,2730,2204,196.2200,1.0600
1783085055.297120,8574,9353,2692,2289,196.2200,1.0600
1783085055.313129,8536,9390,2674,2214,196.2200,1.0600
1783085055.329159,8508,9371,2683,2204,209.7500,2.5600
1783085055.344259,8471,9353,2730,2214,209.7500,2.5600
1783085055.360890,8518,9334,2730,2214,209.7500,2.5600
1783085055.376322,8480,9362,2711,2251,201.5300,0.8100
1783085055.392097,8508,9324,2767,2214,201.5300,0.8100
1783085055.409732,8424,9324,2767,2204,201.5300,0.8100
1783085055.425554,8508,9315,2730,2214,200.1500,1.2500
1783085055.442077,8433,9399,2730,2214,200.1500,1.2500
1783085055.458700,8527,9334,2730,2270,200.1500,1.2500
1783085055.474228,8433,9343,2749,2214,202.8500,-0.8100
1783085055.489845,8490,9015,2758,2223,202.8500,-0.8100
1783085055.506097,8490,9343,2758,2204,202.8500,-0.8100
1783085055.520954,8508,9343,2749,2233,206.9900,-0.2500
1783085055.536981,8452,9081,2767,2242,206.9900,-0.2500
1783085055.553405,8461,9353,2749,2251,206.9900,-0.2500
1783085055.570791,8499,9015,2814,2251,204.1800,-2.2500
1783085055.585432,8405,9390,2777,2308,204.1800,-2.2500
1783085055.601974,8480,8977,2786,2251,204.1800,-2.2500
1783085055.617148,8452,9315,2786,2195,204.1800,-2.2500
1783085055.632143,8452,9409,2777,2280,208.2600,-0.8100
1783085055.648361,8415,9381,2795,2242,208.2600,-0.8100
1783085055.664155,8452,9362,2795,2270,208.2600,-0.8100
1783085055.680192,8443,9015,2795,2195,208.2600,0.0600
1783085055.696367,8480,9334,2805,2204,208.2600,0.0600
1783085055.712126,8471,9015,2777,2195,208.2600,0.0600
1783085055.728019,8405,9343,2777,2214,206.9900,0.5600
1783085055.744321,8490,9353,2758,2214,206.9900,0.5600
1783085055.760046,8461,9381,2824,2204,206.9900,0.5600
1783085055.776043,8461,8977,2842,2158,206.8300,-0.8100
1783085055.792421,8377,9306,2814,2195,206.8300,-0.8100
1783085055.807219,8377,8977,2814,2223,206.8300,-0.8100
1783085055.824303,8471,9043,2842,2167,200.1500,0.0600
1783085055.840617,8415,9362,2833,2176,200.1500,0.0600
1783085055.856298,8443,8724,2805,2176,200.1500,0.0600
1783085055.872675,8443,9362,2880,2167,208.2600,1.2500
1783085055.888780,8415,9062,2824,2195,208.2600,1.2500
1783085055.904545,8471,9043,2795,2195,208.2600,1.2500
1783085055.921103,8499,9015,2805,2129,205.5600,-1.3100
1783085055.935117,8490,9390,2833,2167,205.5600,-1.3100
1783085055.951164,8433,9052,2852,2139,205.5600,-1.3100
1783085055.967589,8424,9399,2833,2139,208.2600,1.2500
1783085055.983215,8499,9015,2842,2129,208.2600,1.2500
1783085055.999191,8452,9137,2842,2158,208.2600,1.2500
1783085056.016029,8415,8996,2861,2129,205.5600,-1.8800
1783085056.032024,8433,9418,2908,2120,205.5600,-1.8800
1783085056.047652,8405,8640,2870,2120,205.5600,-1.8800
1783085056.063952,8433,8687,2861,2167,205.5600,-1.8800
1783085056.080040,8452,9034,2852,2158,202.8500,0.1900
1783085056.100133,8433,8677,2880,2176,202.8500,0.1900
1783085056.111284,8443,8818,2908,2148,202.8500,0.1900
1783085056.126727,8443,8649,2908,2111,205.5600,-2.5600
1783085056.142495,8415,9109,2842,2120,205.5600,-2.5600
1783085056.158728,8424,9081,2852,2092,205.5600,-2.5600
1783085056.174583,8480,9052,2852,2120,208.2600,2.8800
1783085056.190677,8490,8771,2917,2129,208.2600,2.8800
1783085056.205554,8452,9015,2917,2158,208.2600,2.8800
1783085056.221482,8490,9043,2842,2129,202.8500,0.5600
1783085056.237444,8471,8780,2870,2120,202.8500,0.5600
1783085056.253515,8396,8715,2861,2101,202.8500,0.5600
1783085056.270046,8443,8780,2889,2101,205.5600,2.7500
1783085056.285526,8424,9071,2870,2129,205.5600,2.7500
1783085056.301748,8471,8846,2870,2083,205.5600,2.7500
1783085056.317550,8461,9090,2917,2083,202.8500,1.6300
1783085056.333649,8518,8874,2936,2101,202.8500,1.6300
1783085056.349904,8452,9165,2946,2111,202.8500,1.6300
1783085056.365645,8499,8837,2908,2111,202.8500,1.6300
1783085056.381556,8536,9399,2936,2083,202.8500,1.9400
1783085056.397751,8508,8865,2899,2158,202.8500,1.9400
1783085056.413587,8508,9156,2917,2092,202.8500,1.9400
1783085056.428781,8461,9156,2946,2092,205.5600,-3.1900
1783085056.447070,8461,9193,2927,2054,205.5600,-3.1900
1783085056.462619,8527,8808,2936,2064,205.5600,-3.1900
1783085056.478597,8433,8874,2936,2092,205.5600,0.8100
1783085056.494864,8546,9193,2917,2111,205.5600,0.8100
1783085056.510724,8499,9259,2946,2064,205.5600,0.8100
1783085056.527057,8471,9418,2908,2064,202.8500,-3.1300
1783085056.542812,8433,8874,2936,2036,202.8500,-3.1300
1783085056.558763,8471,9062,2917,2017,202.8500,-3.1300
1783085056.574753,8461,8893,2936,2026,205.5600,1.7500
1783085056.590970,8480,9099,2992,2045,205.5600,1.7500
1783085056.606689,8405,9249,2946,2073,205.5600,1.7500
1783085056.622727,8480,9099,2946,1998,208.2600,-2.8800
1783085056.639087,8490,9174,2946,2026,208.2600,-2.8800
1783085056.654810,8424,9109,2974,2054,208.2600,-2.8800
1783085056.670609,8480,9062,2955,2017,205.5600,1.8100
1783085056.686852,8490,9137,2983,2073,205.5600,1.8100
1783085056.702728,8461,9081,2964,2017,205.5600,1.8100
1783085056.719511,8461,9249,2964,2026,205.5600,-1.5000
1783085056.734964,8471,9221,2936,2026,205.5600,-1.5000
1783085056.749721,8480,9240,2983,2026,205.5600,-1.5000
1783085056.765657,8424,9221,2974,2036,205.5600,0.3100
1783085056.781882,8452,9137,2974,2017,205.5600,0.3100
1783085056.797667,8480,9240,3021,2026,205.5600,0.3100
1783085056.813689,8424,9353,2955,2017,205.5600,0.3100
1783085056.829893,8471,9259,3011,2017,204.1800,0.8100
1783085056.845708,8424,9315,2974,2026,204.1800,0.8100
1783085056.861700,8443,9287,3002,2054,204.1800,0.8100
1783085056.877908,8499,9287,3077,2017,209.7500,1.6900
1783085056.893779,8461,9296,2964,1979,209.7500,1.6900
1783085056.909766,8415,9324,3021,2007,209.7500,1.6900
1783085056.925951,8527,9381,3002,1970,205.5600,-0.6900
1783085056.942792,8527,9306,3039,1970,205.5600,-0.6900
1783085056.959723,8433,9287,3039,2007,205.5600,-0.6900
1783085056.975838,8471,9315,2992,2045,205.5600,-1.1200
1783085056.990824,8443,9287,3002,2007,205.5600,-1.1200
1783085057.007768,8443,9278,3049,1970,205.5600,-1.1200
1783085057.023799,8433,9334,2974,1998,202.8500,-0.0600
1783085057.039992,8405,9324,2983,1970,202.8500,-0.0600
1783085057.055773,8490,9296,3030,1979,202.8500,-0.0600
1783085057.071797,8424,9353,3030,2007,202.8500,-1.4400
1783085057.088004,8443,9343,3021,1979,202.8500,-1.4400
1783085057.103797,8424,9315,3049,1979,202.8500,-1.4400
1783085057.120227,8461,9362,3011,1951,201.5300,0.8100
1783085057.136252,8433,9324,2983,1932,201.5300,0.8100
1783085057.151936,8415,9362,3011,1932,201.5300,0.8100
1783085057.167941,8452,9362,3030,1942,204.2300,3.0600
1783085057.184052,8424,9353,3067,1895,204.2300,3.0600
1783085057.199837,8443,9381,3002,1932,204.2300,3.0600
1783085057.215846,8433,9418,2992,1951,201.5300,1.3100
1783085057.232132,8405,9362,3077,1886,201.5300,1.3100
1783085057.247916,8424,9362,3152,1942,201.5300,1.3100
1783085057.263012,8443,9353,3067,1886,201.5300,1.3100
1783085057.278924,8405,9362,2974,1932,202.8500,-0.1900
1783085057.294951,8461,9334,3049,1904,202.8500,-0.1900
1783085057.310976,8443,9371,3039,1923,202.8500,-0.1900
1783085057.327123,8424,9399,3067,1914,209.7500,1.9400
1783085057.342975,8396,9390,3086,1904,209.7500,1.9400
1783085057.359148,8386,9418,3105,1904,209.7500,1.9400
1783085057.375045,8424,9343,3058,1970,201.5300,1.9400
1783085057.391020,8377,9324,3077,1979,201.5300,1.9400
1783085057.407060,8405,9362,3077,1923,201.5300,1.9400
1783085057.423075,8377,9399,3077,1914,209.7500,-0.5600
1783085057.439019,8377,9353,3086,1923,209.7500,-0.5600
1783085057.455076,8396,9371,3133,1951,209.7500,-0.5600
1783085057.470938,8415,9371,3105,1961,198.8700,-1.1900
1783085057.487086,8377,9437,3133,1979,198.8700,-1.1900
1783085057.504231,8377,9390,3133,1989,198.8700,-1.1900
1783085057.520274,8368,9371,3105,1942,205.5600,-1.9400
1783085057.535983,8386,9390,3124,1942,205.5600,-1.9400
1783085057.552490,8443,9409,3096,1932,205.5600,-1.9400
1783085057.568914,8386,9399,3067,1914,204.2300,-0.6900
1783085057.584034,8368,9409,3096,1961,204.2300,-0.6900
1783085057.600281,8396,9371,3114,1914,204.2300,-0.6900
1783085057.616054,8377,9418,3067,1895,204.2300,-0.6900
1783085057.632063,8396,9409,3058,1961,200.1500,-0.1900
1783085057.648294,8452,9362,3096,1923,200.1500,-0.1900
1783085057.664165,8405,9399,3105,1867,200.1500,-0.1900
1783085057.680077,8368,9353,3114,1904,193.5700,-1.1900
1783085057.696290,8358,9371,3077,1923,193.5700,-1.1900
1783085057.712085,8358,9465,3086,1904,193.5700,-1.1900
1783085057.728139,8377,9418,3096,1914,200.1500,-0.5600
1783085057.744356,8349,9381,3133,1904,200.1500,-0.5600
1783085057.760115,8386,9390,3105,1923,200.1500,-0.5600
1783085057.775251,8377,9437,3096,1876,200.1500,0.4400
1783085057.791224,8386,9428,3077,1848,200.1500,0.4400
1783085057.807177,8405,9409,3114,1876,200.1500,0.4400
1783085057.823204,8368,9353,3114,1876,195.9500,-0.0600
1783085057.839266,8386,9409,3067,1839,195.9500,-0.0600
1783085057.855192,8415,9381,3096,1895,195.9500,-0.0600
1783085057.871297,8396,9409,3124,1857,194.7400,0.7500
1783085057.887325,8405,9437,3152,1867,194.7400,0.7500
1783085057.903256,8433,9409,3105,1904,194.7400,0.7500
1783085057.920070,8396,9418,3152,1820,193.5700,2.3100
1783085057.935305,8396,9409,3133,1886,193.5700,2.3100
1783085057.951278,8358,9399,3152,1857,193.5700,2.3100
1783085057.967307,8396,9399,3143,1914,189.3300,-2.2500
1783085057.984412,8396,9343,3143,1895,189.3300,-2.2500
1783085057.999390,8396,9399,3171,1886,189.3300,-2.2500
1783085058.015321,8443,9409,3180,1904,183.9200,1.4400
1783085058.031327,8433,9428,3161,1848,183.9200,1.4400
1783085058.047333,8433,9409,3171,1914,183.9200,1.4400
1783085058.062463,8461,9428,3133,1914,183.9200,1.4400
1783085058.078323,8452,9437,3171,1867,181.2100,-4.0000
1783085058.094309,8405,9437,3171,1876,181.2100,-4.0000
1783085058.110507,8415,9418,3124,1867,181.2100,-4.0000
1783085058.126357,8461,9437,3161,1876,183.9200,1.9400
1783085058.142467,8424,9465,3161,1895,183.9200,1.9400
1783085058.158529,8433,9484,3143,1886,183.9200,1.9400
1783085058.174394,8527,9465,3133,1857,181.2100,-2.7500
1783085058.190406,8405,9399,3124,1810,181.2100,-2.7500
1783085058.208421,8405,9475,3133,1904,181.2100,-2.7500
1783085058.224698,8433,9437,3189,1867,176.6300,1.1200
1783085058.240461,8461,9465,3171,1857,176.6300,1.1200
1783085058.256421,8480,9484,3161,1876,176.6300,1.1200
1783085058.272585,8433,9465,3171,1867,175.0100,-0.3700
1783085058.288412,8433,9446,3133,1867,175.0100,-0.3700
1783085058.303478,8424,9428,3143,1857,175.0100,-0.3700
1783085058.320470,8424,9456,3124,1867,175.8000,0.3100
1783085058.335418,8461,9418,3114,1839,175.8000,0.3100
1783085058.351661,8377,9475,3161,1810,175.8000,0.3100
1783085058.367460,8443,9475,3199,1829,170.4000,0.6300
1783085058.383729,8396,9493,3208,1810,170.4000,0.6300
1783085058.399511,8443,9484,3199,1876,170.4000,0.6300
1783085058.415463,8415,9418,3152,1857,173.8700,0.1900
1783085058.431641,8415,9475,3199,1829,173.8700,0.1900
1783085058.447506,8452,9512,3236,1820,173.8700,0.1900
1783085058.463464,8405,9456,3218,1820,173.8700,0.1900
1783085058.479639,8405,9446,3227,1735,167.6900,2.0000
1783085058.495460,8415,9475,3199,1735,167.6900,2.0000
1783085058.511553,8415,9503,3236,1810,167.6900,2.0000
1783085058.526568,8415,9512,3218,1820,164.4000,-0.1900
1783085058.543521,8396,9465,3180,1801,164.4000,-0.1900
1783085058.559564,8377,9493,3180,1754,164.4000,-0.1900
1783085058.575731,8377,9521,3180,1792,167.6900,-1.5600
1783085058.590583,8377,9484,3161,1782,167.6900,-1.5600
1783085058.606624,8424,9512,3218,1886,167.6900,-1.5600
1783085058.622487,8405,9550,3246,1717,156.8700,-0.3700
1783085058.638553,8358,9578,3208,1792,156.8700,-0.3700
1783085058.656631,8358,9521,3199,1810,156.8700,-0.3700
1783085058.672640,8405,9550,3199,1782,167.6900,0.6900
1783085058.688695,8368,9503,3180,1782,167.6900,0.6900
1783085058.704603,8349,9540,3199,1745,167.6900,0.6900
1783085058.722889,8349,9540,3143,1782,156.8700,-1.4400
1783085058.738658,8368,9540,3189,1792,156.8700,-1.4400
1783085058.754689,8377,9559,3255,1801,156.8700,-1.4400
1783085058.770549,8368,9559,3218,1820,156.8700,2.0600
1783085058.786618,8330,9475,3293,1820,156.8700,2.0600
1783085058.802715,8330,9512,3293,1764,156.8700,2.0600
1783085058.819203,8386,9484,3293,1792,156.8700,-2.4400
1783085058.834744,8386,9512,3236,1839,156.8700,-2.4400
1783085058.850999,8415,9540,3264,1726,156.8700,-2.4400
1783085058.866822,8386,9531,3264,1895,162.2800,1.3700
1783085058.882642,8377,9521,3311,1810,162.2800,1.3700
1783085058.899194,8349,9587,3283,1820,162.2800,1.3700
1783085058.914935,8368,9550,3255,1848,162.2800,1.3700
1783085058.930930,8368,9503,3283,1773,154.1700,-1.5600
1783085058.946738,8368,9550,3246,1857,154.1700,-1.5600
1783085058.962958,8339,9503,3255,1792,154.1700,-1.5600
1783085058.978784,8349,9578,3246,1754,156.8700,1.5600
1783085058.994783,8321,9587,3283,1782,156.8700,1.5600
1783085059.010795,8368,9587,3227,1801,156.8700,1.5600
1783085059.026962,8339,9578,3283,1782,151.4600,-2.5000
1783085059.042253,8321,9531,3340,1735,151.4600,-2.5000
1783085059.058141,8330,9531,3283,1717,151.4600,-2.5000
1783085059.074132,8358,9596,3255,1782,154.1700,0.5000
1783085059.090185,8311,9625,3283,1764,154.1700,0.5000
1783085059.106060,8339,9625,3311,1773,154.1700,0.5000
1783085059.122082,8358,9634,3321,1726,148.7600,0.0000
1783085059.137940,8368,9634,3274,1782,148.7600,0.0000
1783085059.154004,8302,9625,3274,1726,148.7600,0.0000
1783085059.170596,8339,9596,3330,1745,146.0500,1.3700
1783085059.185900,8339,9625,3405,1792,146.0500,1.3700
1783085059.201874,8283,9606,3358,1670,146.0500,1.3700
1783085059.218139,8349,9615,3330,1726,146.0500,-0.6900
1783085059.233960,8311,9531,3302,1764,146.0500,-0.6900
1783085059.249920,8311,9615,3302,1810,146.0500,-0.6900
1783085059.266485,8349,9578,3321,1773,140.6400,-0.3700
1783085059.281982,8311,9606,3330,1764,140.6400,-0.3700
1783085059.297917,8339,9625,3330,1745,140.6400,-0.3700
1783085059.314128,8330,9615,3358,1782,140.6400,-0.3700
1783085059.328973,8293,9596,3302,1782,140.6400,-0.4400
1783085059.344949,8358,9643,3405,1717,140.6400,-0.4400
1783085059.361510,8321,9625,3321,1754,140.6400,-0.4400
1783085059.377268,8321,9578,3283,1735,137.9400,-0.1200
1783085059.393248,8349,9643,3349,1670,137.9400,-0.1200
1783085059.409305,8321,9606,3293,1754,137.9400,-0.1200
1783085059.425229,8339,9606,3386,1839,137.9400,0.0600
1783085059.441000,8311,9662,3349,1717,137.9400,0.0600
1783085059.457412,8283,9643,3330,1764,137.9400,0.0600
1783085059.473192,8274,9672,3424,1773,135.2300,-1.2500
1783085059.489014,8302,9662,3424,1707,135.2300,-1.2500
1783085059.505314,8311,9596,3377,1689,135.2300,-1.2500
1783085059.520956,8274,9381,3405,1745,140.6400,0.0600
1783085059.537066,8302,9324,3433,1773,140.6400,0.0600
1783085059.553680,8321,9709,3443,1670,140.6400,0.0600
1783085059.570153,8321,9653,3461,1689,135.2300,-1.4400
1783085059.584177,8339,9390,3555,1698,135.2300,-1.4400
1783085059.600211,8339,9775,3433,1764,135.2300,-1.4400
1783085059.616283,8368,9371,3461,1717,137.9900,1.0000
1783085059.632193,8358,9700,3424,1717,137.9900,1.0000
1783085059.648117,8358,9437,3499,1745,137.9900,1.0000
1783085059.664157,8358,9353,3499,1717,137.9900,1.0000
1783085059.680177,8377,9793,3368,1679,132.5800,1.6300
1783085059.696177,8339,9690,3433,1642,132.5800,1.6300
1783085059.712248,8339,9756,3471,1651,132.5800,1.6300
1783085059.728207,8368,9700,3386,1670,127.1200,0.0000
1783085059.744260,8396,9793,3386,1642,127.1200,0.0000
1783085059.760219,8358,9418,3518,1670,127.1200,0.0000
1783085059.776187,8424,9812,3565,1745,129.8300,0.7500
1783085059.792337,8349,9793,3443,1726,129.8300,0.7500
1783085059.808543,8386,9775,3461,1689,129.8300,0.7500
1783085059.824245,8415,9822,3518,1707,127.1200,0.9400
1783085059.840251,8386,9409,3405,1717,127.1200,0.9400
1783085059.856260,8405,9822,3480,1679,127.1200,0.9400
1783085059.871572,8405,9840,3433,1717,127.1200,1.3100
1783085059.887334,8424,9822,3527,1726,127.1200,1.3100
1783085059.903252,8424,9812,3527,1679,127.1200,1.3100
1783085059.920295,8415,9803,3415,1735,127.1200,1.3100
1783085059.935330,8424,9822,3433,1707,127.1200,1.3100
1783085059.951370,8396,9643,3527,1754,127.1200,1.3100
1783085059.967631,8405,9775,3583,1679,124.4200,-0.4400
1783085059.983398,8452,9212,3518,1707,124.4200,-0.4400
1783085059.999366,8461,9869,3490,1773,124.4200,-0.4400
1783085060.015590,8443,9493,3593,1689,127.1200,-0.5000
1783085060.031375,8405,9465,3640,1754,127.1200,-0.5000
1783085060.047493,8433,9165,3602,1792,127.1200,-0.5000
1783085060.064464,8433,9109,3593,1689,127.1200,-0.5000
1783085060.080582,8461,9109,3546,1735,119.0100,-0.2500
1783085060.096492,8424,9127,3593,1773,119.0100,-0.2500
1783085060.112570,8443,9127,3574,1717,119.0100,-0.2500
1783085060.129131,8433,9118,3649,1726,121.7100,-2.7500
1783085060.144766,8424,9118,3649,1726,121.7100,-2.7500
1783085060.160777,8424,9090,3480,1764,121.7100,-2.7500
1783085060.176558,8415,9109,3583,1792,116.3000,0.9400
1783085060.192616,8377,9118,3574,1735,116.3000,0.9400
1783085060.208581,8433,9090,3546,1726,116.3000,0.9400
1783085060.225233,8396,9137,3546,1782,119.0100,-3.0000
1783085060.240589,8377,9127,3490,1726,119.0100,-3.0000
1783085060.256646,8415,9062,3518,1792,119.0100,-3.0000
1783085060.272609,8433,9137,3574,1689,113.6000,0.8800
1783085060.288541,8415,9165,3574,1792,113.6000,0.8800
1783085060.303865,8405,9165,3555,1745,113.6000,0.8800
1783085060.321896,8386,9109,3555,1792,119.0100,-0.6300
1783085060.336708,8405,9137,3612,1782,119.0100,-0.6300
1783085060.352143,8396,9146,3621,1782,119.0100,-0.6300
1783085060.367946,8368,9156,3640,1679,119.0100,-0.6300
1783085060.383651,8396,9109,3593,1754,116.3000,0.0600
1783085060.400103,8424,9165,3583,1745,116.3000,0.0600
1783085060.415960,8415,9156,3612,1726,116.3000,0.0600
1783085060.431600,8396,9156,3593,1782,116.3000,0.0600
1783085060.448101,8415,9184,3583,1726,116.3000,0.0600
1783085060.463935,8349,9174,3612,1792,116.3000,0.0600
1783085060.480999,8349,9137,3612,1754,116.3000,0.0600
1783085060.496905,8424,9109,3687,1726,116.3000,0.0600
1783085060.513022,8433,9146,3687,1801,116.3000,0.0600
1783085060.528756,8424,9156,3696,1848,116.3000,0.0600
1783085060.545999,8405,9127,3649,1848,116.3000,0.0600
1783085060.562849,8386,9109,3640,1689,116.3000,0.0600
1783085060.578135,8443,9156,3677,1764,116.3000,0.0600
1783085060.594045,8424,9109,3602,1782,116.3000,0.0600
1783085060.610025,8405,9099,3649,1839,116.3000,0.0600
1783085060.627941,8405,9127,3583,1679,116.3000,0.0600
1783085060.643783,8396,9146,3677,1764,116.3000,0.0600
1783085060.659697,8405,9127,3602,1764,116.3000,0.0600
1783085060.676030,8339,9118,3602,1726,116.3000,0.0600
1783085060.692857,8415,9146,3640,1782,116.3000,0.0600
1783085060.708791,8386,9156,3658,1717,116.3000,0.0600
1783085060.724828,8396,9090,3630,1717,116.3000,0.0600
1783085060.740999,8424,9156,3612,1754,11.8700,0.8100
1783085060.756829,8386,9109,3649,1707,11.8700,0.8100
1783085060.772876,8386,9127,3602,1773,11.8700,0.8100
1783085060.789024,8433,9174,3508,1726,11.8700,0.8100
1783085060.803948,8405,9625,3546,1764,2.7000,1.4400
1783085060.820008,8386,9071,3527,1782,2.7000,1.4400
1783085060.835795,8405,9399,3433,1773,2.7000,1.4400
1783085060.851801,8396,9418,3527,1689,5.4100,12.2500
1783085060.868019,8386,9503,3461,1745,5.4100,12.2500
1783085060.883888,8386,8921,3471,1745,5.4100,12.2500
1783085060.899858,8302,9296,3471,1679,5.4100,10.0000
1783085060.916144,8311,9315,3508,1782,5.4100,10.0000
1783085060.931884,8302,9728,3461,1745,5.4100,10.0000
1783085060.947824,8227,9268,3471,1689,5.4100,12.7500
1783085060.964184,8255,9765,3499,1679,5.4100,12.7500
1783085060.979953,8189,9343,3527,1623,5.4100,12.7500
1783085060.996143,8180,9437,3452,1651,8.1100,11.4400
1783085061.012116,8199,9428,3461,1707,8.1100,11.4400
1783085061.027976,8274,9362,3443,1651,8.1100,11.4400
1783085061.044272,8255,9765,3480,1642,2.7000,14.0000
1783085061.060166,8330,9756,3480,1660,2.7000,14.0000
1783085061.074999,8349,9465,3471,1707,2.7000,14.0000
1783085061.091051,8302,9184,3480,1689,2.7000,14.0000
1783085061.107705,8311,9493,3499,1623,2.7000,12.5000
1783085061.124032,8377,9240,3415,1595,2.7000,12.5000
1783085061.139994,8293,9156,3433,1670,2.7000,12.5000
1783085061.156296,8358,9212,3443,1632,2.7000,10.8100
1783085061.172013,8368,9052,3461,1698,2.7000,10.8100
1783085061.188049,8377,9099,3471,1698,2.7000,10.8100
1783085061.204408,8349,9043,3480,1642,2.7000,10.9400
1783085061.220095,8311,9024,3452,1660,2.7000,10.9400
1783085061.236020,8330,8949,3508,1679,2.7000,10.9400
1783085061.252390,8321,9287,3452,1670,5.4100,11.3800
1783085061.268112,8302,8865,3461,1660,5.4100,11.3800
1783085061.284038,8330,8837,3461,1632,5.4100,11.3800
1783085061.300401,8264,9202,3415,1632,2.7000,9.1300
1783085061.316294,8321,9202,3443,1698,2.7000,9.1300
1783085061.332083,8311,9231,3461,1679,2.7000,9.1300
1783085061.348428,8321,9625,3452,1698,5.4100,8.5600
1783085061.363183,8255,9240,3443,1651,5.4100,8.5600
1783085061.379913,8302,9625,3480,1689,5.4100,8.5600
1783085061.396656,8311,9587,3452,1670,0.0000,9.5000
1783085061.411099,8302,9625,3508,1642,0.0000,9.5000
1783085061.427252,8321,9259,3518,1707,0.0000,9.5000
1783085061.443145,8321,9568,3480,1698,0.0000,8.0000
1783085061.458851,8339,9700,3433,1670,0.0000,8.0000
1783085061.475017,8302,9615,3480,1764,0.0000,8.0000
1783085061.491118,8302,9643,3499,1651,0.0000,8.0000
1783085061.507013,8330,9625,3443,1623,0.0000,8.0000
1783085061.522858,8330,9625,3452,1595,0.0000,8.0000
1783085061.539451,8368,9634,3471,1670,0.0000,8.0000
1783085061.555292,8302,9690,3443,1670,2.7000,8.1300
1783085061.571389,8377,9690,3443,1670,2.7000,8.1300
1783085061.587428,8339,9399,3471,1689,2.7000,8.1300
1783085061.603169,8386,9709,3424,1679,0.0000,7.4400
1783085061.619123,8358,9709,3471,1651,0.0000,7.4400
1783085061.634198,8330,9146,3461,1632,0.0000,7.4400
1783085061.649909,8358,9728,3490,1623,0.0000,5.5600
1783085061.666332,8386,9700,3480,1698,0.0000,5.5600
1783085061.682004,8368,9399,3405,1679,0.0000,5.5600
1783085061.697890,8386,9381,3490,1613,0.0000,7.8100
1783085061.714671,8452,9456,3452,1707,0.0000,7.8100
1783085061.730313,8405,9690,3424,1726,0.0000,7.8100
1783085061.747015,8377,9090,3490,1613,0.0000,7.0000
1783085061.762594,8349,9399,3490,1632,0.0000,7.0000
1783085061.778356,8368,9437,3443,1726,0.0000,7.0000
1783085061.795314,8386,9428,3461,1698,0.0000,5.3800
1783085061.809489,8415,9428,3452,1651,0.0000,5.3800
1783085061.826084,8368,9399,3471,1707,0.0000,5.3800
1783085061.842069,8386,9024,3471,1689,0.0000,3.8100
1783085061.859136,8386,9024,3433,1651,0.0000,3.8100
1783085061.877163,8386,9409,3518,1726,0.0000,3.8100
1783085061.893354,8415,9709,3490,1726,2.7000,6.0600
1783085061.910121,8415,9418,3480,1698,2.7000,6.0600
1783085061.926082,8386,9662,3452,1745,2.7000,6.0600
1783085061.942628,8424,9700,3480,1604,0.0000,4.1900
1783085061.958117,8368,9418,3471,1679,0.0000,4.1900
1783085061.974112,8405,9681,3443,1717,0.0000,4.1900
1783085061.990459,8396,9653,3471,1735,0.0000,4.1900
1783085062.006224,8396,9672,3443,1717,2.7000,4.4400
1783085062.022444,8405,9643,3471,1670,2.7000,4.4400
1783085062.038773,8386,9662,3452,1707,2.7000,4.4400
1783085062.054470,8396,9672,3452,1670,2.7000,4.5600
1783085062.070598,8405,9681,3508,1717,2.7000,4.5600
1783085062.087024,8405,9615,3490,1726,2.7000,4.5600
1783085062.101449,8386,9681,3490,1642,2.7000,4.0600
1783085062.117482,8368,9587,3471,1717,2.7000,4.0600
1783085062.133674,8443,9643,3452,1707,2.7000,4.0600
1783085062.149441,8396,9681,3527,1642,5.4100,2.2500
1783085062.165427,8433,9662,3499,1679,5.4100,2.2500
1783085062.181701,8377,9568,3546,1698,5.4100,2.2500
1783085062.197393,8443,9596,3471,1726,2.7000,4.7500
1783085062.213501,8424,9672,3471,1670,2.7000,4.7500
1783085062.229658,8424,9625,3499,1707,2.7000,4.7500
1783085062.246598,8396,9634,3461,1773,2.7000,4.7500
1783085062.261225,8424,9634,3527,1679,5.4100,3.8100
1783085062.277673,8396,9606,3490,1679,5.4100,3.8100
1783085062.293636,8415,9634,3471,1660,8.1100,4.6900
1783085062.309304,8471,9578,3508,1717,8.1100,4.6900
1783085062.326033,8433,9634,3480,1698,8.1100,4.6900
1783085062.341900,8452,9606,3480,1660,8.1100,4.6900
1783085062.357729,8480,9596,3480,1698,2.7000,4.6300
1783085062.372600,8452,9268,3490,1717,2.7000,4.6300
1783085062.388636,8433,9418,3508,1726,2.7000,4.6300
1783085062.405330,8433,9634,3480,1670,8.1100,4.0600
1783085062.421276,8471,9559,3537,1698,8.1100,4.0600
1783085062.436407,8415,9484,3574,1735,8.1100,4.0600
1783085062.452760,8461,9428,3471,1689,2.7000,3.0000
1783085062.470701,8461,9653,3508,1764,2.7000,3.0000
1783085062.487180,8452,9531,3480,1735,2.7000,3.0000
1783085062.502542,8433,9324,3490,1707,5.4100,3.2500
1783085062.518756,8471,9296,3518,1754,5.4100,3.2500
1783085062.535461,8443,9127,3508,1735,5.4100,3.2500
1783085062.550752,8424,9259,3527,1679,5.4100,3.0000
1783085062.566992,8452,9343,3499,1717,5.4100,3.0000
1783085062.582832,8452,9249,3490,1745,5.4100,3.0000
1783085062.598828,8452,9306,3527,1726,2.7000,3.5600
1783085062.616990,8424,9362,3565,1698,2.7000,3.5600
1783085062.630295,8461,9568,3490,1745,2.7000,3.5600
1783085062.645766,8443,9240,3527,1764,2.7000,3.5600
1783085062.662054,8499,9324,3508,1651,2.7000,3.5600
1783085062.677735,8433,9231,3508,1717,2.7000,3.5600
1783085062.693686,8377,9146,3518,1773,2.7000,3.5600
1783085062.710059,8452,9137,3499,1726,2.7000,3.5600
1783085062.725730,8443,9371,3490,1745,2.7000,3.5600
1783085062.741765,8377,9174,3471,1698,2.7000,3.5600
1783085062.758071,8415,9296,3499,1735,2.7000,3.5600
1783085062.773904,8490,9503,3480,1698,2.7000,3.5600
1783085062.790056,8415,9127,3480,1735,2.7000,3.5600
1783085062.806092,8424,9306,3480,1679,2.7000,3.5600
1783085062.821811,8424,9306,3518,1717,2.7000,3.5600
1783085062.837829,8443,9315,3480,1764,2.7000,3.5600
1783085062.854353,8452,9249,3518,1707,2.7000,3.5600
1783085062.869822,8461,9353,3480,1679,2.7000,3.5600
1783085062.885322,8443,9184,3499,1707,2.7000,3.5600
1783085062.901240,8452,9259,3527,1764,2.7000,3.5600
1783085062.916757,8452,9249,3490,1707,2.7000,3.5600
1783085062.933016,8452,9324,3518,1698,2.7000,3.5600
1783085062.951082,8452,9306,3555,1623,2.7000,3.5600
1783085062.969001,8405,9306,3518,1623,2.7000,3.5600
1783085062.984842,8433,9240,3518,1717,4.3600,-0.2500
1783085063.000768,8443,9353,3565,1792,4.3600,-0.2500
1783085063.017588,8415,9184,3593,1679,60.9900,0.0600
1783085063.032768,8433,9156,3499,1689,60.9900,0.0600
1783085063.048681,8433,9156,3471,1745,60.9900,0.0600
1783085063.064955,8461,9465,3499,1717,82.8000,-2.7500
1783085063.080759,8433,9287,3527,1670,82.8000,-2.7500
1783085063.095682,8433,9324,3508,1717,82.8000,-2.7500
1783085063.111990,8461,9259,3508,1745,82.8000,-2.7500
1783085063.127970,8452,9371,3499,1745,102.7800,2.3100
1783085063.143911,8433,9446,3527,1642,102.7800,2.3100
1783085063.160795,8433,9259,3480,1660,102.7800,2.3100
1783085063.176031,8461,9137,3471,1735,108.7200,-2.2500
1783085063.191940,8396,9362,3537,1707,108.7200,-2.2500
1783085063.208283,8433,9287,3518,1735,108.7200,-2.2500
1783085063.224092,8452,9296,3499,1717,113.6000,0.3100
1783085063.240082,8433,9334,3480,1726,113.6000,0.3100
1783085063.256514,8452,9212,3555,1698,113.6000,0.3100
1783085063.272002,8452,9099,3518,1764,113.6000,-1.4400
1783085063.288095,8480,9306,3518,1717,113.6000,-1.4400
1783085063.304537,8452,9156,3490,1689,113.6000,-1.4400
1783085063.321425,8415,9296,3537,1735,111.3700,1.5600
1783085063.335890,8433,9137,3480,1726,111.3700,1.5600
1783085063.352626,8433,9240,3499,1707,111.3700,1.5600
1783085063.369725,8405,9221,3480,1773,115.9200,-2.3100
1783085063.383443,8415,9306,3490,1745,115.9200,-2.3100
1783085063.399127,8386,9362,3480,1764,115.9200,-2.3100
1783085063.414875,8415,9362,3480,1792,115.9200,-2.3100
1783085063.431229,8396,9109,3527,1698,119.0100,1.1900
1783085063.447407,8396,9221,3518,1717,119.0100,1.1900
1783085063.465426,8396,9353,3471,1801,121.7100,0.0600
1783085063.481082,8396,9371,3480,1745,121.7100,0.0600
1783085063.497143,8405,9231,3499,1782,121.7100,0.0600
1783085063.513392,8377,9165,3499,1717,121.7100,1.0000
1783085063.528958,8349,9099,3490,1754,121.7100,1.0000
1783085063.545195,8405,9259,3527,1726,121.7100,1.0000
1783085063.561116,8386,9090,3527,1801,121.7100,1.0000
1783085063.577073,8321,9165,3527,1689,124.4200,0.1900
1783085063.593111,8311,9099,3480,1698,124.4200,0.1900
1783085063.608081,8358,9109,3480,1745,124.4200,0.1900
1783085063.623991,8368,9146,3490,1773,121.7100,1.6900
1783085063.640295,8311,9193,3546,1764,121.7100,1.6900
1783085063.655973,8377,9127,3471,1726,121.7100,1.6900
1783085063.671934,8358,9137,3518,1735,129.8300,-2.3800
1783085063.688288,8330,9146,3527,1773,129.8300,-2.3800
1783085063.703976,8377,9240,3527,1745,129.8300,-2.3800
1783085063.720544,8386,9324,3499,1745,124.4200,0.8800
1783085063.736881,8349,9118,3508,1717,124.4200,0.8800
1783085063.752295,8386,9287,3518,1735,124.4200,0.8800
1783085063.769099,8377,9324,3499,1782,129.8300,-2.1900
1783085063.784776,8349,9118,3537,1717,129.8300,-2.1900
1783085063.800111,8321,9137,3527,1726,129.8300,-2.1900
1783085063.816239,8339,9202,3527,1773,124.4200,0.5600
1783085063.832476,8302,9249,3518,1745,124.4200,0.5600
1783085063.848214,8302,9428,3537,1792,124.4200,0.5600
1783085063.864125,8311,9278,3518,1773,124.4200,0.5600
1783085063.880075,8255,9109,3546,1735,127.1200,-0.7500
1783085063.895164,8339,9052,3490,1726,127.1200,-0.7500
1783085063.911906,8311,9156,3490,1754,127.1200,-0.7500
1783085063.927413,8246,9343,3546,1801,129.8300,1.1900
1783085063.943195,8293,9052,3443,1726,129.8300,1.1900
1783085063.959151,8302,9099,3443,1698,129.8300,1.1900
1783085063.975431,8274,9278,3518,1867,129.8300,0.3100
1783085063.991287,8264,9259,3471,1745,129.8300,0.3100
1783085064.007238,8246,9165,3499,1707,129.8300,0.3100
1783085064.023145,8293,9118,3555,1745,129.8300,-0.6300
1783085064.039284,8283,9343,3537,1792,129.8300,-0.6300
1783085064.055492,8264,9306,3508,1829,129.8300,-0.6300
1783085064.071405,8255,9099,3490,1792,129.8300,0.6300
1783085064.087330,8264,9221,3499,1773,129.8300,0.6300
1783085064.103409,8293,9399,3537,1801,129.8300,0.6300
1783085064.120532,8255,9137,3555,1754,129.8300,-1.1900
1783085064.135461,8199,9334,3490,1782,129.8300,-1.1900
1783085064.151659,8264,9296,3518,1782,129.8300,-1.1900
1783085064.167416,8227,9024,3537,1857,127.2800,1.0000
1783085064.182555,8218,9146,3527,1792,127.2800,1.0000
1783085064.199166,8264,9081,3518,1820,127.2800,1.0000
1783085064.215123,8218,9118,3527,1857,132.4700,-1.8800
1783085064.230663,8255,9212,3508,1754,132.4700,-1.8800
1783085064.246799,8255,9371,3537,1829,132.4700,-1.8800
1783085064.262528,8246,9081,3537,1857,132.4700,-1.8800
1783085064.278480,8246,9212,3518,1829,132.5300,0.1900
1783085064.295463,8227,9156,3546,1820,132.5300,0.1900
1783085064.310750,8199,9062,3537,1848,132.5300,0.1900
1783085064.326741,8236,9165,3546,1810,132.5300,-0.5600
1783085064.343185,8208,9043,3527,1792,132.5300,-0.5600
1783085064.358315,8246,9334,3546,1857,132.5300,-0.5600
1783085064.374243,8236,9202,3537,1801,132.5300,1.8100
1783085064.390566,8189,9062,3527,1726,132.5300,1.8100
1783085064.406343,8227,9081,3508,1820,132.5300,1.8100
1783085064.422239,8236,9146,3546,1820,140.6400,-1.1900
1783085064.437553,8236,9306,3546,1820,140.6400,-1.1900
1783085064.453358,8199,9005,3518,1829,140.6400,-1.1900
1783085064.470128,8199,9118,3527,1829,135.2300,-1.5000
1783085064.485614,8218,9353,3527,1792,135.2300,-1.5000
1783085064.501340,8208,9156,3537,1876,135.2300,-1.5000
1783085064.518430,8133,9024,3490,1914,137.9400,1.6300
1783085064.533895,8218,8996,3537,1801,137.9400,1.6300
1783085064.549622,8199,9324,3518,1764,137.9400,1.6300
1783085064.565727,8161,8987,3508,1792,137.8900,0.2500
1783085064.581933,8189,9306,3546,1857,137.8900,0.2500
1783085064.597863,8199,9202,3546,1857,137.8900,0.2500
1783085064.613630,8114,9212,3490,1867,137.8900,0.2500
1783085064.630088,8171,9071,3508,1839,143.5100,1.0000
1783085064.645415,8152,9324,3499,1867,143.5100,1.0000
1783085064.661417,8124,9118,3518,1867,143.5100,1.0000
1783085064.677746,8189,9193,3527,1867,143.3500,-0.7500
1783085064.693516,8180,9202,3537,1820,143.3500,-0.7500
1783085064.709492,8208,9137,3527,1839,143.3500,-0.7500
1783085064.724472,8133,9034,3537,1839,143.3500,0.2500
1783085064.741134,8161,9221,3565,1839,143.3500,0.2500
1783085064.757367,8180,9005,3537,1876,143.3500,0.2500
1783085064.772569,8189,9137,3537,1895,146.0500,1.4400
1783085064.789130,8189,9231,3480,1801,146.0500,1.4400
1783085064.805261,8180,9034,3537,1876,146.0500,1.4400
1783085064.820882,8152,9005,3527,1867,143.3500,-2.6300
1783085064.837153,8152,9268,3555,1857,143.3500,-2.6300
1783085064.852829,8161,9043,3537,1829,143.3500,-2.6300
1783085064.870119,8161,9137,3527,1904,151.4600,-0.7500
1783085064.884537,8142,9221,3518,1839,151.4600,-0.7500
1783085064.900720,8114,8959,3527,1820,151.4600,-0.7500
1783085064.916774,8152,9081,3593,1857,151.4600,-0.7500
1783085064.932530,8114,9005,3546,1867,148.7600,-0.0600
1783085064.949229,8152,9062,3490,1895,148.7600,-0.0600
1783085064.965184,8180,9240,3499,1886,148.4900,0.5600
1783085064.979936,8124,9090,3574,1857,148.4900,0.5600
1783085064.996271,8124,9212,3518,1839,148.4900,0.5600
1783085065.011866,8180,9062,3508,1839,148.4900,0.5600
1783085065.028087,8161,9146,3499,1904,148.7600,-1.1200
1783085065.044369,8105,9109,3518,1867,148.7600,-1.1200
1783085065.060107,8096,9156,3537,1914,148.7600,-1.1200
1783085065.076034,8189,9034,3508,1876,153.8000,1.3100
1783085065.093076,8161,9015,3490,1932,153.8000,1.3100
1783085065.108114,8133,9249,3527,1876,153.8000,1.3100
1783085065.124199,8180,9109,3490,1904,154.5500,-0.9400
1783085065.140333,8152,9193,3490,1923,154.5500,-0.9400
1783085065.155727,8152,9249,3508,1895,154.5500,-0.9400
1783085065.171486,8105,9249,3527,1895,154.1700,1.7500
1783085065.188057,8096,9062,3499,1904,154.1700,1.7500
1783085065.203728,8180,9268,3527,1867,154.1700,1.7500
1783085065.220990,8133,9015,3537,1923,153.8000,-1.1200
1783085065.236183,8114,9034,3527,1914,153.8000,-1.1200
1783085065.251988,8077,9109,3490,1904,153.8000,-1.1200
1783085065.267400,8067,9109,3583,1876,157.3100,1.0000
1783085065.283218,8133,9165,3527,1932,157.3100,1.0000
1783085065.298963,8142,9146,3518,1932,157.3100,1.0000
1783085065.315756,8058,9165,3508,1932,157.3100,1.0000
1783085065.331566,8105,9174,3508,1876,156.8700,-0.3700
1783085065.346612,8096,9137,3518,1895,156.8700,-0.3700
1783085065.363162,8114,9174,3537,1951,156.8700,-0.3700
1783085065.378713,8142,9221,3583,1904,156.8700,0.9400
1783085065.396542,8077,9184,3527,1904,156.8700,0.9400
1783085065.412689,8096,9193,3508,1923,156.8700,0.9400
1783085065.428895,8096,9146,3499,1914,159.5800,0.4400
1783085065.444630,8105,9034,3499,1914,159.5800,0.4400
1783085065.460536,8067,9202,3555,1951,159.5800,0.4400
1783085065.476831,8077,9137,3508,1923,159.5800,-0.3700
1783085065.491676,8114,9090,3433,1932,159.5800,-0.3700
1783085065.507632,8086,9174,3518,1989,159.5800,-0.3700
1783085065.523823,8077,9174,3527,1932,162.2800,0.8800
1783085065.539656,8067,9109,3527,1951,162.2800,0.8800
1783085065.556127,8096,9174,3537,1979,162.2800,0.8800
1783085065.572580,8058,9231,3518,1970,164.9900,-1.1900
1783085065.588119,8049,9137,3490,2017,164.9900,-1.1900
1783085065.604563,8124,9156,3565,1998,164.9900,-1.1900
1783085065.621970,8096,9165,3499,1942,164.9900,0.6300
1783085065.636350,8058,9099,3518,2017,164.9900,0.6300
1783085065.652147,8039,9156,3555,1970,164.9900,0.6300
1783085065.669649,8077,9156,3537,2026,164.9900,-0.6900
1783085065.684442,8096,9090,3527,1970,164.9900,-0.6900
1783085065.700177,8058,9156,3499,1951,164.9900,-0.6900
1783085065.716583,8049,9174,3555,1998,167.6900,-3.1900
1783085065.732286,8030,9043,3593,2054,167.6900,-3.1900
1783085065.747958,8002,9081,3499,1970,167.6900,-3.1900
1783085065.764276,8002,9005,3518,1998,167.6900,-3.1900
1783085065.778944,8077,9034,3499,2026,167.6900,2.9400
1783085065.795104,8133,9081,3518,2017,167.6900,2.9400
1783085065.811229,8058,9127,3537,1989,167.6900,2.9400
1783085065.826972,8011,9043,3518,2054,170.4000,-2.0600
1783085065.843081,8049,9071,3546,2083,170.4000,-2.0600
1783085065.859296,8039,9137,3583,2083,170.4000,-2.0600
1783085065.875084,8021,9062,3583,2036,175.8000,2.4400
1783085065.891146,8030,9052,3555,1998,175.8000,2.4400
1783085065.907288,8021,9184,3537,2054,175.8000,2.4400
1783085065.923011,8049,9081,3527,2064,175.8000,-2.2500
1783085065.939084,8030,9071,3555,2017,175.8000,-2.2500
1783085065.955764,7974,9090,3518,2045,175.8000,-2.2500
1783085065.971248,7964,9043,3537,2064,178.5100,2.0000
1783085065.987389,8030,9034,3499,2026,178.5100,2.0000
1783085066.003601,8021,9071,3546,2083,178.5100,2.0000
1783085066.020546,8049,8977,3565,2036,173.1000,0.1200
1783085066.036437,7964,8949,3574,2036,173.1000,0.1200
1783085066.052953,8002,8977,3555,2083,173.1000,0.1200
1783085066.071340,8002,9081,3602,2007,175.8000,-0.3100
1783085066.086649,7983,9043,3602,2064,175.8000,-0.3100
1783085066.102717,7974,8874,3527,2101,175.8000,-0.3100
1783085066.120592,7964,8968,3574,2045,178.5100,0.8100
1783085066.134771,7992,9193,3574,2054,178.5100,0.8100
1783085066.150406,8021,8865,3565,2036,178.5100,0.8100
1783085066.166761,7964,9024,3565,2045,175.8000,-4.1900
1783085066.182291,7936,9090,3537,2101,175.8000,-4.1900
1783085066.198196,7955,8837,3565,2111,175.8000,-4.1900
1783085066.214527,7974,8893,3555,2026,175.8000,-4.1900
1783085066.230275,7936,8912,3583,2017,180.3100,2.1300
1783085066.246457,7974,8949,3583,2026,180.3100,2.1300
1783085066.261698,7955,8996,3518,2017,180.3100,2.1300
1783085066.277452,7899,8977,3574,1998,182.1500,-1.2500
1783085066.294450,7974,8855,3527,1998,182.1500,-1.2500
1783085066.311039,7983,8846,3583,2026,182.1500,-1.2500
1783085066.326583,7936,8846,3537,2007,181.2100,1.8100
1783085066.342485,7908,8827,3527,2064,181.2100,1.8100
1783085066.358615,7945,8902,3546,2026,181.2100,1.8100
1783085066.374377,7955,8752,3555,2064,186.6200,-0.8800
1783085066.390538,7945,8930,3527,2111,186.6200,-0.8800
1783085066.407216,7964,8846,3593,2036,186.6200,-0.8800
1783085066.422255,7917,8846,3602,2111,181.2100,1.1900
1783085066.438311,7908,8743,3518,2036,181.2100,1.1900
1783085066.454619,7964,8771,3546,2092,181.2100,1.1900
1783085066.470368,7880,8771,3490,2017,186.6200,-2.6900
1783085066.486362,7927,8799,3565,2064,186.6200,-2.6900
1783085066.502678,7917,8762,3555,2092,186.6200,-2.6900
1783085066.518638,7945,8762,3537,2073,186.6200,-2.6900
1783085066.533302,7917,8743,3565,2120,186.6200,0.0600
1783085066.550119,7908,8790,3593,2092,186.6200,0.0600
1783085066.565749,7917,8724,3574,2139,186.6200,0.0600
1783085066.582098,7889,8733,3527,2092,188.2700,-0.6300
1783085066.597941,7927,8762,3518,2158,188.2700,-0.6300
1783085066.613547,7889,8949,3574,2139,188.2700,-0.6300
1783085066.629678,7927,8780,3537,2073,194.7400,-0.1200
1783085066.645872,7899,8808,3593,2129,194.7400,-0.1200
1783085066.661330,7945,8771,3499,2111,194.7400,-0.1200
1783085066.677338,7889,8687,3565,2148,192.0300,1.1200
1783085066.693609,7899,8733,3546,2111,192.0300,1.1200
1783085066.709430,7899,8808,3518,2158,192.0300,1.1200
1783085066.725357,7870,8687,3546,2120,197.4400,-2.1300
1783085066.741823,7880,8705,3574,2101,197.4400,-2.1300
1783085066.757684,7917,8771,3555,2120,197.4400,-2.1300
1783085066.773580,7880,8658,3583,2158,192.0300,-2.5600
1783085066.789953,7899,8705,3574,2129,192.0300,-2.5600
1783085066.804635,7861,8640,3565,2101,192.0300,-2.5600
1783085066.822998,7899,8611,3593,2148,197.4400,0.0600
1783085066.836715,7908,8752,3555,2139,197.4400,0.0600
1783085066.852813,7861,8677,3574,2139,197.4400,0.0600
1783085066.868990,7852,8649,3555,2139,193.5700,-3.5000
1783085066.885024,7824,8640,3565,2158,193.5700,-3.5000
1783085066.900714,7814,8696,3574,2139,193.5700,-3.5000
1783085066.917192,7870,8583,3602,2158,201.4700,1.8800
1783085066.933331,7870,8668,3527,2176,201.4700,1.8800
1783085066.949069,7889,8611,3574,2186,201.4700,1.8800
1783085066.964952,7870,8602,3546,2129,201.4700,1.8800
1783085066.980528,7880,8593,3583,2195,200.1500,-0.3100
1783085066.996500,7889,8602,3546,2176,200.1500,-0.3100
1783085067.012847,7870,8602,3593,2186,200.1500,-0.3100
1783085067.028748,7870,8593,3565,2195,202.8500,0.9400
1783085067.044580,7805,8508,3602,2139,202.8500,0.9400
1783085067.061970,7824,8593,3574,2176,202.8500,0.9400
1783085067.075956,7833,8593,3565,2186,202.8500,1.1200
1783085067.091980,7805,8583,3612,2148,202.8500,1.1200
1783085067.108079,7795,8565,3621,2223,202.8500,1.1200
1783085067.123747,7842,8574,3602,2139,205.5600,-0.4400
1783085067.139895,7833,8555,3583,2158,205.5600,-0.4400
1783085067.156169,7870,8546,3583,2195,205.5600,-0.4400
1783085067.171829,7777,8461,3612,2195,205.5600,0.9400
1783085067.188069,7786,8565,3612,2233,205.5600,0.9400
1783085067.204065,7833,8452,3583,2186,205.5600,0.9400
1783085067.221752,7824,8518,3602,2195,205.5600,-1.0000
1783085067.235991,7889,8461,3565,2233,205.5600,-1.0000
1783085067.252301,7786,8480,3537,2242,205.5600,-1.0000
1783085067.267998,7777,8490,3602,2204,205.5600,-1.0000
1783085067.283874,7795,8461,3574,2261,210.9700,-0.0600
1783085067.300190,7767,8508,3574,2233,210.9700,-0.0600
1783085067.316210,7805,8443,3593,2242,210.9700,-0.0600
1783085067.332013,7777,8461,3555,2242,201.5300,0.8800
1783085067.347387,7795,8433,3593,2233,201.5300,0.8800
1783085067.363025,7805,8452,3602,2204,201.5300,0.8800
1783085067.379505,7786,8433,3621,2242,205.5600,-1.5600
1783085067.395241,7767,8433,3555,2289,205.5600,-1.5600
1783085067.410999,7777,8405,3565,2233,205.5600,-1.5600
1783085067.427518,7767,8415,3574,2223,205.5600,2.3100
1783085067.443692,7748,8443,3574,2261,205.5600,2.3100
1783085067.459394,7786,8471,3602,2186,205.5600,2.3100
1783085067.477184,7777,8396,3555,2186,204.1800,-0.6300
1783085067.493501,7758,8424,3574,2158,204.1800,-0.6300
1783085067.509744,7767,8424,3574,2233,204.1800,-0.6300
1783085067.525058,7748,8405,3583,2214,200.1500,-1.5600
1783085067.541207,7777,8349,3612,2195,200.1500,-1.5600
1783085067.557395,7767,8415,3602,2242,200.1500,-1.5600
1783085067.573960,7730,8424,3565,2242,205.5600,2.0000
1783085067.588385,7748,8405,3593,2195,205.5600,2.0000
1783085067.604082,7767,8358,3565,2261,205.5600,2.0000
1783085067.620020,7683,8368,3621,2214,205.5600,-0.4400
1783085067.636462,7739,8480,3612,2233,205.5600,-0.4400
1783085067.652138,7730,8415,3583,2204,205.5600,-0.4400
1783085067.668333,7730,8330,3621,2223,209.7500,1.5000
1783085067.684693,7720,8358,3602,2214,209.7500,1.5000
1783085067.700309,7720,8358,3583,2251,209.7500,1.5000
1783085067.716500,7692,8386,3602,2233,209.7500,1.5000
1783085067.732517,7673,8368,3612,2251,201.5300,-1.5000
1783085067.748321,7739,8330,3602,2223,201.5300,-1.5000
1783085067.763911,7739,8386,3565,2251,201.5300,-1.5000
1783085067.780272,7636,8349,3583,2233,205.5600,-1.9400
1783085067.795974,7702,8330,3593,2280,205.5600,-1.9400
1783085067.811928,7692,8349,3640,2195,205.5600,-1.9400
1783085067.828286,7702,8330,3602,2242,206.9900,-0.6300
1783085067.843960,7692,8349,3612,2317,206.9900,-0.6300
1783085067.859090,7711,8283,3602,2186,206.9900,-0.6300
1783085067.875726,7673,8302,3621,2223,205.5600,-0.6900
1783085067.891469,7692,8321,3649,2204,205.5600,-0.6900
1783085067.907317,7711,8311,3612,2270,205.5600,-0.6900
1783085067.923658,7702,8293,3612,2204,201.5300,1.3700
1783085067.939366,7702,8255,3583,2345,201.5300,1.3700
1783085067.955435,7664,8283,3630,2204,201.5300,1.3700
1783085067.972954,7711,8274,3649,2233,209.7500,0.0600
1783085067.987073,7655,8330,3621,2242,209.7500,0.0600
1783085068.003071,7655,8293,3630,2195,209.7500,0.0600
1783085068.019534,7664,8311,3574,2251,205.5600,-2.0600
1783085068.035179,7683,8255,3593,2214,205.5600,-2.0600
1783085068.051176,7645,8293,3593,2233,205.5600,-2.0600
1783085068.067780,7683,8321,3630,2251,210.9700,1.5600
1783085068.083376,7655,8311,3593,2233,210.9700,1.5600
1783085068.099534,7673,8180,3612,2326,210.9700,1.5600
1783085068.116805,7655,8236,3612,2326,206.8300,0.7500
1783085068.132409,7673,8227,3593,2251,206.8300,0.7500
1783085068.148322,7645,8236,3658,2242,206.8300,0.7500
1783085068.164671,7655,8236,3612,2223,206.8300,0.7500
1783085068.180643,7627,8255,3658,2242,209.7500,2.1300
1783085068.196411,7636,8255,3640,2270,209.7500,2.1300
1783085068.212678,7655,8236,3574,2204,209.7500,2.1300
1783085068.228413,7598,8236,3593,2289,204.1800,0.6300
1783085068.244421,7608,8218,3602,2242,204.1800,0.6300
1783085068.260775,7598,8236,3612,2270,204.1800,0.6300
1783085068.276444,7617,8255,3640,2251,209.7500,-0.3700
1783085068.292454,7645,8236,3630,2233,209.7500,-0.3700
1783085068.308680,7589,8199,3612,2317,209.7500,-0.3700
1783085068.324319,7617,8218,3612,2233,198.8700,1.6900
1783085068.340420,7617,8208,3612,2280,198.8700,1.6900
1783085068.356979,7570,8124,3621,2298,198.8700,1.6900
1783085068.373344,7570,8096,3602,2280,202.8500,-1.2500
1783085068.387850,7598,8161,3621,2326,202.8500,-1.2500
1783085068.404537,7580,8142,3658,2280,202.8500,-1.2500
1783085068.420525,7570,8171,3621,2308,202.8500,-1.2500
1783085068.435487,7570,8086,3630,2326,209.7500,3.3100
1783085068.451824,7589,8133,3649,2336,209.7500,3.3100
1783085068.467601,7570,8124,3621,2345,209.7500,3.3100
1783085068.483693,7551,8189,3630,2289,204.1800,-1.2500
1783085068.500845,7589,8142,3668,2308,204.1800,-1.2500
1783085068.516332,7580,8105,3649,2336,204.1800,-1.2500
1783085068.531962,7542,8114,3649,2317,205.5600,3.1300
1783085068.547976,7551,8105,3640,2308,205.5600,3.1300
1783085068.563625,7533,8114,3621,2336,205.5600,3.1300
1783085068.579350,7551,8114,3640,2336,205.5600,-1.0600
1783085068.595675,7533,8124,3649,2373,205.5600,-1.0600
1783085068.611468,7542,8124,3677,2326,205.5600,-1.0600
1783085068.627499,7523,8124,3640,2373,205.5600,0.5000
1783085068.642550,7514,8133,3640,2364,205.5600,0.5000
1783085068.658457,7533,8086,3630,2280,205.5600,0.5000
1783085068.676571,7495,8086,3649,2280,208.2600,-0.0600
1783085068.692952,7542,8049,3677,2317,208.2600,-0.0600
1783085068.708763,7514,8114,3649,2364,208.2600,-0.0600
1783085068.724551,7514,8067,3658,2345,202.8500,2.0600
1783085068.741054,7523,8067,3734,2373,202.8500,2.0600
1783085068.756648,7523,8096,3705,2364,202.8500,2.0600
1783085068.772847,7495,8058,3696,2317,202.8500,-1.6900
1783085068.788736,7505,8067,3630,2364,202.8500,-1.6900
1783085068.804489,7514,8077,3668,2364,202.8500,-1.6900
1783085068.821426,7486,8096,3687,2326,205.5600,-0.6900
1783085068.836643,7467,8077,3621,2373,205.5600,-0.6900
1783085068.852513,7486,8049,3630,2364,205.5600,-0.6900
1783085068.867833,7458,8067,3687,2364,209.7500,0.3100
1783085068.884775,7476,8086,3724,2392,209.7500,0.3100
1783085068.900308,7476,8030,3630,2326,209.7500,0.3100
1783085068.915815,7467,7974,3715,2364,209.7500,0.3100
1783085068.932544,7458,8096,3677,2355,198.8700,-2.6900
1783085068.948437,7458,8490,3705,2355,198.8700,-2.6900
1783085068.964269,7448,8049,3677,2280,198.8700,-2.6900
1783085068.980259,7458,8021,3649,2364,209.7500,3.1900
1783085068.995646,7495,7983,3687,2392,209.7500,3.1900
1783085069.012030,7467,8021,3724,2345,209.7500,3.1900
1783085069.028286,7439,8499,3658,2383,201.5300,-0.8800
1783085069.043887,7448,8133,3668,2364,201.5300,-0.8800
1783085069.059908,7420,8086,3649,2326,201.5300,-0.8800
1783085069.076273,7439,8133,3677,2345,200.1500,1.0000
1783085069.091842,7430,8124,3696,2317,200.1500,1.0000
1783085069.107674,7486,8105,3696,2317,200.1500,1.0000
1783085069.124154,7439,8049,3677,2411,205.5600,-3.0000
1783085069.138659,7439,7974,3687,2317,205.5600,-3.0000
1783085069.155297,7448,7974,3696,2364,205.5600,-3.0000
1783085069.173120,7430,8424,3752,2420,202.8500,1.1200
1783085069.186949,7383,7992,3705,2364,202.8500,1.1200
1783085069.203167,7392,8480,3677,2392,202.8500,1.1200
1783085069.219701,7364,8499,3677,2392,200.1500,0.4400
1783085069.234928,7383,8527,3771,2355,200.1500,0.4400
1783085069.251295,7383,8471,3715,2373,200.1500,0.4400
1783085069.267337,7392,8030,3705,2383,204.2300,-0.1900
1783085069.282750,7401,8077,3715,2345,204.2300,-0.1900
1783085069.299006,7401,8021,3724,2439,204.2300,-0.1900
1783085069.316936,7420,8077,3743,2439,204.2300,-0.1900
1783085069.332739,7383,8049,3705,2373,198.8700,-3.5000
1783085069.348720,7364,8058,3687,2392,198.8700,-3.5000
1783085069.365041,7345,8490,3715,2355,198.8700,-3.5000
1783085069.380084,7354,8152,3734,2373,200.1500,2.0000
1783085069.396113,7373,8058,3696,2364,200.1500,2.0000
1783085069.412366,7383,8067,3724,2392,200.1500,2.0000
1783085069.428118,7336,8067,3668,2401,200.1500,-1.7500
1783085069.444019,7383,8067,3687,2411,200.1500,-1.7500
1783085069.460324,7373,8077,3696,2364,200.1500,-1.7500
1783085069.476063,7345,8002,3658,2392,200.1500,3.8800
1783085069.492042,7364,8067,3658,2392,200.1500,3.8800
1783085069.509122,7336,8030,3677,2430,200.1500,3.8800
1783085069.524033,7345,8039,3677,2401,202.8500,-1.0600
1783085069.540142,7354,8021,3715,2392,202.8500,-1.0600
1783085069.556386,7336,8049,3696,2420,202.8500,-1.0600
1783085069.574308,7326,8011,3677,2439,202.8500,1.0600
1783085069.588209,7298,8021,3687,2411,202.8500,1.0600
1783085069.604439,7317,8142,3687,2420,202.8500,1.0600
1783085069.620304,7308,8049,3658,2439,202.8500,1.0600
1783085069.636362,7317,8002,3640,2430,200.1500,-0.2500
1783085069.652001,7354,8105,3677,2411,200.1500,-0.2500
1783085069.667612,7279,8011,3715,2420,200.1500,-0.2500
1783085069.682971,7317,8039,3687,2383,200.1500,-0.3700
1783085069.699070,7289,8086,3743,2383,200.1500,-0.3700
1783085069.715161,7308,8049,3668,2495,200.1500,-0.3700
1783085069.731608,7317,8067,3677,2392,197.4400,1.0000
1783085069.747614,7308,8049,3705,2411,197.4400,1.0000
1783085069.763292,7308,8039,3724,2383,197.4400,1.0000
1783085069.779055,7298,8021,3705,2411,205.5600,1.0600
1783085069.795445,7289,7992,3734,2477,205.5600,1.0600
1783085069.810991,7298,7992,3677,2411,205.5600,1.0600
1783085069.827117,7279,8049,3724,2420,197.4400,-1.4400
1783085069.843236,7251,8021,3687,2430,197.4400,-1.4400
1783085069.859003,7233,7992,3724,2477,197.4400,-1.4400
1783085069.875293,7251,8105,3724,2420,202.8500,-0.6300
1783085069.891558,7242,8105,3743,2430,202.8500,-0.6300
1783085069.907235,7261,8067,3687,2430,202.8500,-0.6300
1783085069.923469,7261,8086,3734,2420,202.8500,0.2500
1783085069.938413,7251,8086,3743,2439,202.8500,0.2500
1783085069.954271,7298,8077,3734,2411,202.8500,0.2500
1783085069.971974,7251,8049,3771,2411,197.4400,0.5000
1783085069.986089,7251,8114,3734,2458,197.4400,0.5000
1783085070.002079,7251,8049,3743,2448,197.4400,0.5000
1783085070.018494,7233,8124,3762,2439,205.5600,7.5600
1783085070.034502,7204,8039,3743,2486,205.5600,7.5600
1783085070.050070,7251,8011,3743,2477,205.5600,7.5600
1783085070.066421,7261,8058,3743,2439,205.5600,-3.2500
1783085070.082447,7279,8049,3743,2458,205.5600,-3.2500
1783085070.098405,7233,8021,3762,2523,205.5600,-3.2500
1783085070.114800,7223,8021,3780,2514,205.5600,-3.2500
1783085070.130529,7176,8077,3734,2467,205.5600,2.1900
1783085070.146647,7214,8124,3743,2486,205.5600,2.1900
1783085070.162916,7223,8067,3743,2448,205.5600,2.1900
1783085070.178261,7251,8161,3762,2542,202.8500,-3.2500
1783085070.193101,7233,8021,3799,2514,202.8500,-3.2500
1783085070.209422,7223,8030,3752,2477,202.8500,-3.2500
1783085070.225391,7270,8039,3743,2467,205.5600,2.0600
1783085070.241465,7204,8058,3724,2486,205.5600,2.0600
1783085070.257427,7176,8039,3752,2495,205.5600,2.0600
1783085070.273147,7223,8077,3743,2486,202.8500,0.0000
1783085070.289518,7204,8067,3715,2467,202.8500,0.0000
1783085070.305912,7195,8208,3771,2477,202.8500,0.0000
1783085070.323768,7176,8030,3762,2458,210.9700,0.2500
1783085070.338667,7157,7917,3809,2458,210.9700,0.2500
1783085070.353940,7167,8030,3771,2533,210.9700,0.2500
1783085070.369697,7186,7945,3762,2467,210.9700,0.2500
1783085070.384625,7148,8227,3752,2523,208.2600,-1.7500
1783085070.400574,7157,8030,3809,2514,208.2600,-1.7500
1783085070.416512,7167,8021,3780,2505,208.2600,-1.7500
1783085070.432542,7120,7992,3780,2477,210.9700,2.6900
1783085070.448314,7129,8058,3743,2458,210.9700,2.6900
1783085070.463695,7157,8030,3743,2486,210.9700,2.6900
1783085070.480263,7139,7955,3771,2505,198.8700,-2.8800
1783085070.495622,7176,8021,3790,2523,198.8700,-2.8800
1783085070.511617,7157,8002,3752,2505,198.8700,-2.8800
1783085070.527860,7195,7917,3780,2552,206.9900,4.6900
1783085070.543792,7120,8011,3780,2523,206.9900,4.6900
1783085070.559652,7101,7945,3762,2533,206.9900,4.6900
1783085070.575920,7148,7927,3762,2523,200.1500,-0.5600
1783085070.591630,7176,7964,3743,2505,200.1500,-0.5600
1783085070.607675,7139,7917,3752,2552,200.1500,-0.5600
1783085070.623793,7129,7899,3762,2514,202.8500,0.0600
1783085070.639679,7129,7889,3743,2552,202.8500,0.0600
1783085070.655648,7157,7917,3734,2552,202.8500,0.0600
1783085070.672308,7139,7917,3762,2514,201.5300,0.0000
1783085070.687780,7139,7936,3780,2561,201.5300,0.0000
1783085070.703695,7101,7889,3771,2533,201.5300,0.0000
1783085070.720538,7073,7917,3771,2523,205.5600,-1.6900
1783085070.734713,7082,7955,3780,2561,205.5600,-1.6900
1783085070.750690,7120,7899,3762,2514,205.5600,-1.6900
1783085070.767234,7120,7880,3762,2533,204.2300,1.5600
1783085070.782848,7101,8105,3734,2580,204.2300,1.5600
1783085070.798745,7111,7936,3771,2552,204.2300,1.5600
1783085070.814817,7064,8283,3724,2570,204.2300,1.5600
1783085070.830800,7082,8114,3762,2561,205.5600,-1.3100
1783085070.846762,7101,8021,3780,2589,205.5600,-1.3100
1783085070.863163,7148,7927,3790,2570,205.5600,-1.3100
1783085070.879004,7082,7917,3762,2570,205.5600,-1.4400
1783085070.894968,7082,7917,3762,2552,205.5600,-1.4400
1783085070.911416,7120,7880,3752,2542,205.5600,-1.4400
1783085070.927025,7092,7889,3780,2561,202.8500,-2.1900
1783085070.942843,7082,7936,3780,2542,202.8500,-2.1900
1783085070.959085,7036,7899,3780,2570,202.8500,-2.1900
1783085070.974950,7045,8021,3771,2589,201.5300,0.1200
1783085070.990390,7129,7861,3780,2580,201.5300,0.1200
1783085071.006210,7054,8021,3780,2570,201.5300,0.1200
1783085071.022093,7036,7945,3809,2570,204.2300,-0.4400
1783085071.038067,7054,8246,3818,2589,204.2300,-0.4400
1783085071.053951,7036,7974,3799,2570,204.2300,-0.4400
1783085071.070020,7026,7927,3799,2570,205.5600,1.6300
1783085071.086124,7007,8105,3780,2598,205.5600,1.6300
1783085071.101943,7036,7974,3790,2580,205.5600,1.6300
1783085071.117951,7064,7899,3790,2561,205.5600,1.6300
1783085071.134230,7036,7945,3809,2608,198.8700,-1.2500
1783085071.149956,7045,8039,3809,2552,198.8700,-1.2500
1783085071.165931,7036,7955,3790,2589,198.8700,-1.2500
1783085071.182107,7036,7992,3799,2608,205.5600,-0.0600
1783085071.197990,7036,7983,3780,2617,205.5600,-0.0600
1783085071.214000,6998,7955,3827,2645,205.5600,-0.0600
1783085071.230321,7045,7870,3855,2598,202.8500,1.1900
1783085071.246026,7045,7899,3827,2598,202.8500,1.1900
1783085071.261101,6979,7889,3827,2627,202.8500,1.1900
1783085071.277206,7007,7870,3799,2627,202.8500,0.1900
1783085071.292972,7045,7964,3818,2589,202.8500,0.1900
1783085071.308997,7017,8039,3780,2636,202.8500,0.1900
1783085071.325323,7054,8002,3799,2645,208.2600,1.1200
1783085071.341016,7045,7974,3809,2683,208.2600,1.1200
1783085071.356993,6998,7805,3846,2674,208.2600,1.1200
1783085071.373306,7007,7795,3846,2627,205.5600,-1.3700
1783085071.389219,7017,7814,3846,2645,205.5600,-1.3700
1783085071.405124,7007,7767,3818,2636,205.5600,-1.3700
1783085071.422076,6979,7983,3827,2674,208.2600,0.6900
1783085071.437128,6989,7842,3846,2683,208.2600,0.6900
1783085071.452218,6998,7842,3855,2702,208.2600,0.6900
1783085071.469339,6960,7852,3846,2702,200.1500,-1.6900
1783085071.485250,6989,7861,3837,2683,200.1500,-1.6900
1783085071.501205,6951,7861,3865,2711,200.1500,-1.6900
1783085071.517360,6951,7767,3837,2692,202.8500,0.5600
1783085071.532191,6951,7861,3874,2683,202.8500,0.5600
1783085071.548265,6989,7758,3855,2664,202.8500,0.5600
1783085071.564161,7007,7814,3893,2655,202.8500,0.5600
1783085071.580188,6960,7880,3846,2664,206.9900,0.8800
1783085071.596206,6951,7786,3855,2683,206.9900,0.8800
1783085071.612146,6951,7899,3855,2702,206.9900,0.8800
1783085071.628243,6979,7833,3893,2683,201.5300,0.3700
1783085071.644228,6979,7814,3865,2702,201.5300,0.3700
1783085071.660330,6951,7917,3827,2702,201.5300,0.3700
1783085071.676233,6932,7824,3837,2692,206.9900,-1.1200
1783085071.692242,6932,7899,3874,2702,206.9900,-1.1200
1783085071.708231,6914,7805,3884,2702,206.9900,-1.1200
1783085071.724219,6960,7889,3855,2674,206.8300,1.3100
1783085071.740322,6932,7795,3855,2692,206.8300,1.3100
1783085071.756310,6932,7814,3855,2683,206.8300,1.3100
1783085071.772554,6895,7833,3865,2692,204.2300,-1.4400
1783085071.788285,6885,7824,3865,2702,204.2300,-1.4400
1783085071.803232,6885,7842,3884,2767,204.2300,-1.4400
1783085071.819343,6904,7730,3865,2720,205.5600,0.5600
1783085071.835514,6895,7748,3874,2711,205.5600,0.5600
1783085071.851332,6895,7833,3837,2702,205.5600,0.5600
1783085071.867324,6923,7777,3846,2711,205.5600,0.5600
1783085071.883633,6904,7795,3855,2683,205.5600,-2.0600
1783085071.899301,6904,7777,3884,2720,205.5600,-2.0600
1783085071.915324,6951,7739,3874,2674,205.5600,-2.0600
1783085071.931497,6876,7852,3865,2720,201.5300,-0.5000
1783085071.947344,6914,7814,3893,2730,201.5300,-0.5000
1783085071.963350,6867,7720,3912,2711,201.5300,-0.5000
1783085071.979587,6867,7833,3921,2692,209.7500,1.1200
1783085071.995440,6876,7824,3902,2702,209.7500,1.1200
1783085072.011367,6914,7748,3902,2767,209.7500,1.1200
1783085072.028378,6885,7739,3940,2767,198.8700,-1.6900
1783085072.044475,6960,7748,3931,2739,198.8700,-1.6900
1783085072.062532,6876,7702,3940,2739,198.8700,-1.6900
1783085072.078548,6904,7711,3874,2758,205.5600,1.6300
1783085072.094478,6867,7683,3912,2720,205.5600,1.6300
1783085072.110790,6829,7702,3940,2720,205.5600,1.6300
1783085072.126731,6848,7711,3931,2720,200.1500,-1.3100
1783085072.144632,6848,7720,3902,2739,200.1500,-1.3100
1783085072.160616,6848,7720,3893,2758,200.1500,-1.3100
1783085072.176607,6839,7711,3884,2786,205.5600,2.9400
1783085072.192550,6839,7730,3912,2786,205.5600,2.9400
1783085072.208519,6857,7702,3940,2814,205.5600,2.9400
1783085072.224465,6820,7711,3884,2795,209.7500,0.3700
1783085072.240753,6820,7711,3921,2795,209.7500,0.3700
1783085072.256353,6867,7664,3931,2777,209.7500,0.3700
1783085072.272455,6792,7636,3921,2767,201.5300,2.3100
1783085072.287484,6820,7655,3931,2795,201.5300,2.3100
1783085072.303808,6782,7617,3921,2777,201.5300,2.3100
1783085072.319548,6810,7617,3912,2749,201.5300,2.3100
1783085072.335562,6839,7645,3921,2777,208.2600,0.7500
1783085072.351884,6829,7673,3921,2777,208.2600,0.7500
1783085072.367623,6848,7664,3921,2786,208.2600,0.7500
1783085072.383559,6810,7589,3921,2777,205.5600,0.7500
1783085072.399762,6792,7627,3912,2777,205.5600,0.7500
1783085072.415562,6848,7570,3968,2795,205.5600,0.7500
1783085072.431537,6829,7608,3959,2805,208.2600,-3.1900
1783085072.447741,6773,7617,3987,2824,208.2600,-3.1900
1783085072.463624,6801,7617,4006,2795,208.2600,-3.1900
1783085072.480178,6810,7589,3987,2833,212.5100,2.1300
1783085072.496048,6829,7608,3996,2805,212.5100,2.1300
1783085072.511723,6782,7598,3977,2814,212.5100,2.1300
1783085072.526772,6782,7627,3940,2842,201.5300,-1.7500
1783085072.542665,6754,7589,4015,2805,201.5300,-1.7500
1783085072.558686,6763,7580,4006,2842,201.5300,-1.7500
1783085072.574919,6763,7561,3959,2861,205.5600,5.3100
1783085072.590706,6754,7551,3959,2833,205.5600,5.3100
1783085072.606647,6745,7617,3996,2842,205.5600,5.3100
1783085072.622818,6773,7570,3977,2842,205.5600,-2.7500
1783085072.640981,6735,7570,4006,2824,205.5600,-2.7500
1783085072.656715,6754,7523,4043,2852,205.5600,-2.7500
1783085072.672600,6754,7580,4034,2833,209.7500,2.5000
1783085072.688923,6763,7589,3996,2795,209.7500,2.5000
1783085072.704726,6735,7570,3977,2842,209.7500,2.5000
1783085072.721391,6717,7542,3987,2852,201.5300,-1.5000
1783085072.736899,6698,7598,3968,2842,201.5300,-1.5000
1783085072.752846,6717,7505,3977,2842,201.5300,-1.5000
1783085072.768760,6698,7589,3940,2842,209.7500,0.3700
1783085072.785366,6754,7523,3968,2833,209.7500,0.3700
1783085072.800743,6726,7551,4015,2824,209.7500,0.3700
1783085072.816747,6698,7561,3996,2833,209.7500,0.3700
1783085072.833036,6745,7580,4024,2889,201.5300,0.7500
1783085072.848854,6679,7617,4006,2880,201.5300,0.7500
1783085072.864817,6688,7533,4043,2833,201.5300,0.7500
1783085072.881171,6745,7505,3968,2870,205.5600,2.0000
1783085072.896832,6698,7467,3996,2833,205.5600,2.0000
1783085072.911816,6688,7514,3987,2833,205.5600,2.0000
1783085072.929100,6717,7514,4015,2852,205.5600,-2.6300
1783085072.944822,6707,7551,4006,2880,205.5600,-2.6300
1783085072.960793,6707,7570,4052,2908,205.5600,-2.6300
1783085072.977093,6726,7533,4024,2899,202.8500,-0.6900
1783085072.993085,6707,7486,4015,2908,202.8500,-0.6900
1783085073.008890,6651,7505,4062,2870,202.8500,-0.6900
1783085073.025131,6698,7570,4006,2889,206.9900,-0.8800
1783085073.039929,6670,7533,4024,2908,206.9900,-0.8800
1783085073.055881,6717,7467,4043,2927,206.9900,-0.8800
1783085073.073144,6707,7476,4043,2908,196.2200,-0.5600
1783085073.087833,6651,7505,4015,2880,196.2200,-0.5600
1783085073.103811,6660,7467,4034,2889,196.2200,-0.5600
1783085073.120586,6651,7514,4081,2899,205.5600,2.2500
1783085073.135870,6660,7514,4062,2917,205.5600,2.2500
1783085073.151890,6679,7467,4099,2908,205.5600,2.2500
1783085073.167923,6688,7458,4071,2889,205.5600,2.2500
1783085073.183866,6651,7533,4062,2899,200.1500,-0.8100
1783085073.199888,6670,7467,4081,2908,200.1500,-0.8100
1783085073.215942,6660,7420,4071,2936,200.1500,-0.8100
1783085073.231901,6651,7448,4071,2946,208.2600,0.8800
1783085073.247905,6651,7476,4109,2917,208.2600,0.8800
1783085073.264252,6679,7458,4137,2946,208.2600,0.8800
1783085073.280042,6632,7430,4146,2927,205.5600,-1.2500
1783085073.295942,6632,7401,4156,2936,205.5600,-1.2500
1783085073.311370,6642,7439,4146,2936,205.5600,-1.2500
1783085073.327311,6660,7458,4174,2917,200.1500,1.0000
1783085073.343484,6651,7383,4174,2936,200.1500,1.0000
1783085073.359057,6632,7448,4118,2964,200.1500,1.0000
1783085073.375316,6613,7364,4109,2917,209.7500,-0.4400
1783085073.391492,6623,7439,4146,2955,209.7500,-0.4400
1783085073.407294,6623,7439,4165,2992,209.7500,-0.4400
1783085073.422927,6642,7439,4109,3002,204.1800,-0.8800
1783085073.439296,6642,7401,4184,3002,204.1800,-0.8800
1783085073.455058,6623,7383,4090,2946,204.1800,-0.8800
1783085073.471744,6642,7411,4118,2955,206.9900,0.4400
1783085073.487529,6566,7401,4174,2927,206.9900,0.4400
1783085073.503142,6576,7420,4118,2955,206.9900,0.4400
1783085073.519154,6585,7336,4099,2917,201.5300,1.0000
1783085073.535543,6623,7345,4128,2955,201.5300,1.0000
1783085073.551100,6623,7420,4118,2955,201.5300,1.0000
1783085073.567074,6585,7336,4165,2917,201.5300,1.0000
1783085073.583245,6604,7364,4099,2946,200.1500,-0.6900
1783085073.598116,6595,7354,4174,2955,200.1500,-0.6900
1783085073.614133,6557,7364,4174,2899,200.1500,-0.6900
1783085073.630612,6623,7364,4118,2946,205.5600,0.9400
1783085073.646118,6529,7373,4165,2955,205.5600,0.9400
1783085073.662046,6557,7354,4174,2955,205.5600,0.9400
1783085073.678558,6576,7326,4071,2946,202.8500,-0.7500
1783085073.694068,6510,7326,4259,3002,202.8500,-0.7500
1783085073.710096,6548,7317,4165,3021,202.8500,-0.7500
1783085073.726402,6538,7383,4146,3049,205.5600,-1.8800
1783085073.742157,6529,7392,4109,2974,205.5600,-1.8800
1783085073.758093,6566,7364,4203,2936,205.5600,-1.8800
1783085073.774421,6576,7317,4231,2983,200.1500,1.7500
1783085073.790112,6538,7336,4212,2946,200.1500,1.7500
1783085073.806117,6538,7317,4203,2974,200.1500,1.7500
1783085073.822499,6538,7336,4240,3011,205.5600,-1.2500
1783085073.838155,6501,7317,4212,2992,205.5600,-1.2500
1783085073.854133,6557,7336,4240,3002,205.5600,-1.2500
1783085073.869776,6482,7261,4240,2983,205.5600,-1.2500
1783085073.885272,6510,7308,4212,2992,205.5600,0.5600
1783085073.901289,6510,7336,4212,3039,205.5600,0.5600
1783085073.917210,6501,7317,4249,3021,205.5600,0.5600
1783085073.933166,6491,7279,4193,3086,205.5600,-2.6300
1783085073.949516,6501,7270,4203,3039,205.5600,-2.6300
1783085073.965516,6548,7298,4193,3058,205.5600,-2.6300
1783085073.981217,6510,7279,4212,3077,202.8500,-2.0000
1783085073.997538,6482,7289,4240,3086,202.8500,-2.0000
1783085074.013302,6473,7317,4184,3077,202.8500,-2.0000
1783085074.029296,6482,7270,4165,3058,208.2600,-5.3800
1783085074.045256,6482,7251,4165,3039,208.2600,-5.3800
1783085074.061446,6463,7270,4184,3049,208.2600,-5.3800
1783085074.077246,6435,7289,4231,3067,208.2600,3.3100
1783085074.092399,6510,7289,4287,2974,208.2600,3.3100
1783085074.110504,6482,7176,4259,2974,208.2600,3.3100
1783085074.127364,6435,7242,4184,3039,200.1500,-2.0600
1783085074.142554,6435,7242,4212,3096,200.1500,-2.0600
1783085074.158639,6445,7223,4203,3105,200.1500,-2.0600
1783085074.174249,6445,7251,4156,3105,201.5300,2.0000
1783085074.190503,6398,7270,4212,3002,201.5300,2.0000
1783085074.206532,6463,7270,4212,3067,201.5300,2.0000
1783085074.224596,6463,7279,4184,3058,209.7500,-1.7500
1783085074.240253,6435,7214,4174,3049,209.7500,-1.7500
1783085074.256282,6426,7157,4221,3086,209.7500,-1.7500
1783085074.273031,6398,7186,4259,3086,205.5600,1.5000
1783085074.288297,6463,7223,4306,3086,205.5600,1.5000
1783085074.304430,6416,7289,4296,3049,205.5600,1.5000
1783085074.320659,6445,7186,4259,3086,201.5300,0.3100
1783085074.336431,6407,7204,4287,3086,201.5300,0.3100
1783085074.352389,6407,7176,4278,3077,201.5300,0.3100
1783085074.368677,6370,7204,4240,3096,204.2300,1.5600
1783085074.383415,6360,7167,4287,3105,204.2300,1.5600
1783085074.399398,6416,7167,4231,3133,204.2300,1.5600
1783085074.415397,6398,7204,4212,3114,204.2300,1.5600
1783085074.431375,6435,7233,4306,3143,206.8300,0.1200
1783085074.447528,6388,7148,4268,3124,206.8300,0.1200
1783085074.463409,6370,7167,4212,3124,206.8300,0.1200
1783085074.479368,6370,7167,4249,3133,212.5100,-1.6300
1783085074.495357,6388,7233,4287,3114,212.5100,-1.6300
1783085074.511389,6407,7129,4268,3096,212.5100,-1.6300
1783085074.527371,6379,7148,4287,3124,196.2200,2.0000
1783085074.543361,6398,7195,4259,3143,196.2200,2.0000
1783085074.559431,6360,7157,4278,3152,196.2200,2.0000
1783085074.575428,6398,7167,4268,3161,206.9900,-2.1300
1783085074.591416,6370,7176,4400,3180,206.9900,-2.1300
1783085074.607426,6341,7148,4249,3161,206.9900,-2.1300
1783085074.623346,6370,7148,4278,3096,202.8500,2.3800
1783085074.639421,6360,7139,4259,3133,202.8500,2.3800
1783085074.655473,6370,7111,4325,3077,202.8500,2.3800
1783085074.670503,6351,7092,4306,3105,200.1500,-1.1900
1783085074.686626,6351,7186,4278,3152,200.1500,-1.1900
1783085074.702423,6313,7148,4315,3171,200.1500,-1.1900
1783085074.718435,6332,7111,4353,3143,201.5300,2.5000
1783085074.734683,6332,7111,4315,3124,201.5300,2.5000
1783085074.750451,6341,7129,4315,3143,201.5300,2.5000
1783085074.766450,6313,7129,4268,3161,201.5300,2.5000
1783085074.782741,6313,7101,4306,3189,204.2300,-2.3800
1783085074.798824,6323,7064,4362,3143,204.2300,-2.3800
1783085074.814587,6332,7167,4362,3133,204.2300,-2.3800
1783085074.830787,6341,7139,4325,3208,201.5300,2.1300
1783085074.846601,6323,7054,4371,3227,201.5300,2.1300
1783085074.862539,6332,7092,4362,3208,201.5300,2.1300
1783085074.878851,6294,7111,4325,3218,204.2300,-1.1900
1783085074.894630,6332,7139,4353,3199,204.2300,-1.1900
1783085074.910609,6332,7054,4343,3227,204.2300,-1.1900
1783085074.926735,6313,7073,4371,3227,198.8700,0.8800
1783085074.941593,6285,7101,4334,3199,198.8700,0.8800
1783085074.957570,6266,7120,4315,3218,198.8700,0.8800
1783085074.973527,6313,7092,4306,3246,198.7100,-1.2500
1783085074.989614,6313,7036,4353,3236,198.7100,-1.2500
1783085075.005546,6276,7054,4371,3246,198.7100,-1.2500
1783085075.022639,6313,7073,4353,3227,201.5300,-1.1900
1783085075.037581,6219,7111,4343,3246,201.5300,-1.1900
1783085075.053925,6257,7082,4353,3274,201.5300,-1.1900
1783085075.069688,6323,7036,4334,3264,201.5300,-1.1900
1783085075.085598,6248,7045,4371,3264,201.4700,0.8100
1783085075.101616,6276,7054,4362,3264,201.4700,0.8100
1783085075.117663,6182,7064,4362,3255,201.4700,0.8100
1783085075.133653,6229,7073,4353,3236,201.5300,-2.0600
1783085075.149817,6229,7026,4418,3311,201.5300,-2.0600
1783085075.165726,6276,7017,4362,3218,201.5300,-2.0600
1783085075.181690,6248,7036,4390,3283,200.1500,1.3100
1783085075.197793,6201,7045,4381,3293,200.1500,1.3100
1783085075.213656,6257,7036,4381,3255,200.1500,1.3100
1783085075.228733,6191,7007,4371,3246,202.8500,-0.8100
1783085075.245048,6210,7036,4381,3302,202.8500,-0.8100
1783085075.260668,6257,7017,4353,3321,202.8500,-0.8100
1783085075.276629,6210,7017,4334,3340,209.7500,-0.5000
1783085075.292847,6182,7036,4371,3264,209.7500,-0.5000
1783085075.310493,6191,7064,4343,3358,209.7500,-0.5000
1783085075.324844,6229,7026,4334,3321,204.1800,2.3800
1783085075.341038,6182,7026,4343,3340,204.1800,2.3800
1783085075.356874,6210,7073,4325,3349,204.1800,2.3800
1783085075.372630,6191,7026,4306,3358,204.2300,-0.7500
1783085075.390056,6201,7007,4315,3340,204.2300,-0.7500
1783085075.405730,6135,7045,4343,3386,204.2300,-0.7500
1783085075.422898,6173,7017,4353,3405,200.1500,2.0600
1783085075.438055,6229,7045,4362,3433,200.1500,2.0600
1783085075.453769,6163,7036,4315,3452,200.1500,2.0600
1783085075.469733,6201,7026,4353,3499,204.1800,-0.5600
1783085075.486797,6238,6989,4362,3499,204.1800,-0.5600
1783085075.503158,6154,7007,4371,3443,204.1800,-0.5600
1783085075.518804,6173,6979,4325,3358,204.1800,-0.5600
1783085075.534881,6210,7054,4325,3480,205.5600,-1.6300
1783085075.551600,6154,6970,4362,3396,205.5600,-1.6300
1783085075.566892,6173,7026,4381,3443,205.5600,-1.6300
1783085075.582928,6163,6998,4325,3443,206.9900,1.6900
1783085075.600922,6163,6998,4362,3527,206.9900,1.6900
1783085075.617097,6163,6951,4400,3471,198.8700,-0.8800
1783085075.632803,6173,6979,4400,3433,198.8700,-0.8800
1783085075.648902,6135,6979,4418,3499,198.8700,-0.8800
1783085075.665152,6163,6989,4428,3452,198.8700,-0.8800
1783085075.680787,6163,6951,4390,3433,202.8500,5.3100
1783085075.696675,6173,6970,4409,3452,202.8500,5.3100
1783085075.711656,6163,6970,4390,3396,202.8500,5.3100
1783085075.727611,6097,6951,4409,3443,200.1500,-0.5000
1783085075.744009,6163,6960,4409,3424,200.1500,-0.5000
1783085075.759698,6107,6998,4428,3443,200.1500,-0.5000
1783085075.775681,6135,6932,4390,3396,200.1500,1.8800
1783085075.791950,6097,6942,4400,3461,200.1500,1.8800
1783085075.807710,6135,6970,4400,3452,200.1500,1.8800
1783085075.824337,6097,6923,4465,3461,208.2600,-3.5600
1783085075.839904,6135,6904,4456,3405,208.2600,-3.5600
1783085075.855915,6135,6923,4456,3443,208.2600,-3.5600
1783085075.873042,6135,6932,4418,3527,200.1500,-1.3100
1783085075.888067,6154,6960,4503,3480,200.1500,-1.3100
1783085075.903912,6079,6942,4437,3452,200.1500,-1.3100
1783085075.920005,6116,6904,4456,3424,210.9700,-0.4400
1783085075.936002,6126,6904,4484,3461,210.9700,-0.4400
1783085075.951796,6069,6960,4446,3433,210.9700,-0.4400
1783085075.967736,6126,6923,4456,3471,210.9700,-0.4400
1783085075.984984,6126,6951,4428,3518,205.5600,1.8100
1783085076.001538,6097,6960,4456,3508,205.5600,1.8100
1783085076.016966,6097,6914,4465,3518,205.5600,1.8100
1783085076.035042,6126,6951,4475,3518,202.8500,-2.1300
1783085076.051134,6097,6895,4493,3555,202.8500,-2.1300
1783085076.067500,6060,6914,4503,3527,209.7500,0.1900
1783085076.082829,6107,6942,4428,3546,209.7500,0.1900
1783085076.098815,6041,6867,4465,3555,209.7500,0.1900
1783085076.116220,6097,6942,4568,3555,209.7500,0.1900
1783085076.131848,6107,6942,4493,3649,198.8700,-1.3100
1783085076.148846,6032,6942,4522,3583,198.8700,-1.3100
1783085076.165281,6088,6904,4522,3546,198.8700,-1.3100
1783085076.180574,6041,6876,4550,3593,205.5600,-1.8800
1783085076.196223,6097,6914,4503,3537,205.5600,-1.8800
1783085076.212317,6088,6829,4446,3537,205.5600,-1.8800
1783085076.228337,6032,6867,4531,3649,205.5600,1.8100
1783085076.244210,6032,6942,4446,3687,205.5600,1.8100
1783085076.260398,6069,6895,4465,3602,205.5600,1.8100
1783085076.276292,6051,6885,4456,3621,200.1500,-0.9400
1783085076.292158,6079,6895,4475,3593,200.1500,-0.9400
1783085076.308348,6051,6932,4493,3621,200.1500,-0.9400
1783085076.325003,6022,6857,4465,3565,208.2600,0.5600
1783085076.340219,6022,6867,4390,3574,208.2600,0.5600
1783085076.356556,6088,6848,4465,3677,208.2600,0.5600
1783085076.373700,6041,6782,4446,3640,208.2600,0.6900
1783085076.388204,6069,6876,4475,3649,208.2600,0.6900
1783085076.404492,5994,6904,4446,3621,208.2600,0.6900
1783085076.420956,5966,6885,4493,3640,205.5600,0.8800
1783085076.435649,6004,6867,4531,3649,205.5600,0.8800
1783085076.451658,6013,6829,4503,3630,205.5600,0.8800
1783085076.467035,6032,6848,4475,3612,205.5600,0.8800
1783085076.483507,5994,6848,4437,3612,202.8500,0.7500
1783085076.499298,6004,6904,4493,3621,202.8500,0.7500
1783085076.515135,5957,6848,4550,3630,202.8500,0.7500
1783085076.531102,5985,6820,4597,3649,210.9700,-0.0600
1783085076.547333,5938,6820,4493,3658,210.9700,-0.0600
1783085076.563071,5938,6848,4503,3658,210.9700,-0.0600
1783085076.579548,5929,6829,4484,3677,202.8500,-0.7500
1783085076.595723,5947,6829,4503,3687,202.8500,-0.7500
1783085076.611360,6004,6857,4512,3649,202.8500,-0.7500
1783085076.627484,5929,6820,4503,3668,208.2600,2.4400
1783085076.643724,6004,6792,4522,3677,208.2600,2.4400
1783085076.659542,5947,6810,4493,3687,208.2600,2.4400
1783085076.676383,6013,6820,4512,3687,205.5600,-0.6300
1783085076.692139,5976,6792,4512,3668,205.5600,-0.6300
1783085076.708316,5938,6763,4587,3687,205.5600,-0.6300
1783085076.723997,5919,6810,4512,3687,205.5600,2.8800
1783085076.740291,5919,6820,4484,3677,205.5600,2.8800
1783085076.756566,5966,6820,4503,3668,205.5600,2.8800
1783085076.773310,5985,6745,4559,3705,202.8500,-0.2500
1783085076.788509,5910,6773,4531,3640,202.8500,-0.2500
1783085076.806593,5910,6773,4531,3771,202.8500,-0.2500
1783085076.823169,5900,6773,4606,3677,208.2600,-0.7500
1783085076.838716,5919,6792,4503,3668,208.2600,-0.7500
1783085076.854721,5882,6782,4512,3668,208.2600,-0.7500
1783085076.869432,5919,6782,4522,3687,208.2600,-0.7500
1783085076.886539,5919,6763,4456,3668,202.8500,0.4400
1783085076.902780,5929,6773,4465,3696,202.8500,0.4400
1783085076.917687,5900,6801,4522,3705,202.8500,0.4400
1783085076.933506,5882,6810,4568,3715,205.5600,0.2500
1783085076.949949,5900,6782,4550,3724,205.5600,0.2500
1783085076.965652,5947,6763,4606,3677,205.5600,0.2500
1783085076.981543,5891,6763,4625,3677,205.5600,0.1900
1783085076.997722,5900,6792,4606,3752,205.5600,0.1900
1783085077.013494,5872,6735,4615,3743,205.5600,0.1900
1783085077.029596,5929,6792,4597,3762,205.5600,-1.5600
1783085077.045800,5882,6707,4587,3687,205.5600,-1.5600
1783085077.061722,5900,6745,4606,3705,205.5600,-1.5600
1783085077.077549,5872,6745,4625,3752,210.9700,-2.1300
1783085077.093876,5872,6735,4606,3715,210.9700,-2.1300
1783085077.109642,5882,6773,4625,3687,210.9700,-2.1300
1783085077.125511,5872,6763,4615,3734,202.8500,0.4400
1783085077.141840,5835,6745,4625,3734,202.8500,0.4400
1783085077.157638,5872,6717,4606,3696,202.8500,0.4400
1783085077.175240,5854,6792,4578,3790,202.8500,-0.8800
1783085077.189840,5835,6754,4587,3752,202.8500,-0.8800
1783085077.205191,5872,6782,4615,3752,202.8500,-0.8800
1783085077.221192,5816,6745,4615,3771,202.8500,-0.1900
1783085077.237316,5854,6745,4653,3752,202.8500,-0.1900
1783085077.253081,5854,6754,4587,3724,202.8500,-0.1900
1783085077.268672,5854,6717,4615,3752,202.8500,-0.1900
1783085077.285198,5872,6735,4587,3743,200.1500,0.9400
1783085077.300584,5825,6782,4606,3752,200.1500,0.9400
1783085077.316687,5882,6735,4606,3724,200.1500,0.9400
1783085077.332805,5797,6773,4559,3705,205.5600,-0.1900
1783085077.348606,5835,6773,4606,3752,205.5600,-0.1900
1783085077.364644,5882,6679,4578,3705,205.5600,-0.1900
1783085077.380935,5825,6726,4615,3771,208.2600,0.1900
1783085077.396438,5872,6745,4690,3790,208.2600,0.1900
1783085077.412410,5816,6745,4597,3734,208.2600,0.1900
1783085077.428717,5825,6763,4662,3780,205.5600,0.5000
1783085077.444471,5797,6773,4597,3762,205.5600,0.5000
1783085077.460514,5797,6679,4653,3818,205.5600,0.5000
1783085077.476665,5844,6754,4615,3752,205.5600,1.5600
1783085077.491789,5816,6745,4587,3780,205.5600,1.5600
1783085077.508078,5854,6735,4737,3865,205.5600,1.5600
1783085077.525837,5816,6707,4606,3809,204.1800,1.8800
1783085077.539776,5760,6773,4653,3790,204.1800,1.8800
1783085077.556080,5816,6707,4681,3827,204.1800,1.8800
1783085077.573383,5779,6707,4597,3809,210.9700,-3.0000
1783085077.587517,5807,6698,4625,3837,210.9700,-3.0000
1783085077.603836,5769,6642,4653,3771,210.9700,-3.0000
1783085077.619903,5760,6660,4643,3799,210.9700,-3.0000
1783085077.635875,5779,6688,4634,3837,205.5600,3.1300
1783085077.652087,5750,6651,4690,3780,205.5600,3.1300
1783085077.667847,5816,6688,4747,3799,205.5600,3.1300
1783085077.683781,5788,6632,4643,3762,209.7500,-3.8800
1783085077.700837,5769,6651,4634,3809,209.7500,-3.8800
1783085077.715898,5750,6670,4625,3790,209.7500,-3.8800
1783085077.731836,5732,6688,4643,3827,201.5300,3.9400
1783085077.748266,5769,6642,4653,3818,201.5300,3.9400
1783085077.763951,5788,6623,4681,3818,201.5300,3.9400
1783085077.779453,5732,6623,4672,3874,212.5100,-0.6900
1783085077.795586,5713,6651,4681,3865,212.5100,-0.6900
1783085077.811295,5732,6651,4690,3837,212.5100,-0.6900
1783085077.827274,5732,6604,4662,3846,198.8700,3.0600
1783085077.843905,5732,6642,4662,3827,198.8700,3.0600
1783085077.858844,5741,6642,4765,3846,198.8700,3.0600
1783085077.874788,5722,6595,4672,3874,209.7500,-1.5000
1783085077.890987,5722,6585,4672,3827,209.7500,-1.5000
1783085077.906798,5694,6698,4709,3893,209.7500,-1.5000
1783085077.923386,5722,6595,4681,3837,201.5300,1.2500
1783085077.938914,5694,6585,4681,3855,201.5300,1.2500
1783085077.954727,5713,6595,4690,3874,201.5300,1.2500
1783085077.970809,5703,6585,4700,3865,206.9900,-3.2500
1783085077.987297,5722,6538,4803,3893,206.9900,-3.2500
1783085078.002977,5685,6623,4662,3902,206.9900,-3.2500
1783085078.019045,5713,6604,4672,3865,206.9900,-3.2500
1783085078.035484,5713,6660,4690,3893,201.5300,3.3800
1783085078.050081,5685,6585,4718,3912,201.5300,3.3800
1783085078.066862,5685,6585,4681,3865,201.5300,3.3800
1783085078.081960,5600,6623,4709,3902,206.9900,-2.8800
1783085078.097961,5657,6548,4775,3968,206.9900,-2.8800
1783085078.114274,5647,6566,4690,3902,206.9900,-2.8800
1783085078.130652,5657,6585,4700,3902,202.8500,1.3700
1783085078.146140,5750,6642,4765,3902,202.8500,1.3700
1783085078.163311,5647,6538,4690,3884,202.8500,1.3700
1783085078.178339,5722,6576,4672,3893,202.8500,-1.5600
1783085078.193774,5619,6548,4718,3921,202.8500,-1.5600
1783085078.210014,5694,6510,4747,3949,202.8500,-1.5600
1783085078.228112,5675,6510,4718,3912,205.5600,-1.5000
1783085078.247066,5675,6538,4728,3912,205.5600,-1.5000
1783085078.263048,5666,6538,4765,3959,205.5600,-1.5000
1783085078.278773,5713,6529,4784,3959,200.1500,1.8100
1783085078.295088,5638,6538,4765,3931,200.1500,1.8100
1783085078.313365,5694,6538,4784,3968,200.1500,1.8100
1783085078.331340,5657,6538,4765,4006,201.5300,0.0000
1783085078.347632,5657,6426,4765,3977,201.5300,0.0000
1783085078.363279,5610,6538,4784,3977,201.5300,0.0000
1783085078.380118,5666,6566,4869,3977,209.7500,1.5000
1783085078.397026,5675,6557,4859,3912,209.7500,1.5000
1783085078.412619,5647,6482,4747,3977,209.7500,1.5000
1783085078.428146,5657,6482,4765,3987,201.5300,0.7500
1783085078.446422,5619,6482,4859,4006,201.5300,0.7500
1783085078.462092,5638,6435,4747,3921,201.5300,0.7500
1783085078.478464,5619,6510,4737,3996,204.2300,-1.5000
1783085078.494244,5628,6482,4765,3977,204.2300,-1.5000
1783085078.510664,5619,6491,4794,4024,204.2300,-1.5000
1783085078.525799,5638,6491,4784,4052,201.5300,0.6300
1783085078.541914,5600,6510,4775,3949,201.5300,0.6300
1783085078.558143,5572,6463,4784,4006,201.5300,0.6300
1783085078.574709,5610,6416,4822,3987,200.1500,-0.1200
1783085078.591130,5591,6501,4869,3987,200.1500,-0.1200
1783085078.608236,5572,6529,4812,4043,200.1500,-0.1200
1783085078.625591,5563,6435,4756,4043,205.5600,-2.3800
1783085078.641505,5544,6435,4840,4024,205.5600,-2.3800
1783085078.657171,5591,6473,4784,3996,205.5600,-2.3800
1783085078.674384,5610,6454,4775,4006,200.1500,1.6900
1783085078.689544,5582,6435,4756,4034,200.1500,1.6900
1783085078.705560,5525,6435,4784,3996,200.1500,1.6900
1783085078.721646,5553,6473,4775,4015,202.8500,-1.6900
1783085078.737852,5600,6491,4784,4006,202.8500,-1.6900
1783085078.753479,5591,6435,4756,4015,202.8500,-1.6900
1783085078.769192,5572,6445,4765,3996,202.8500,-1.6900
1783085078.785441,5572,6463,4784,3987,200.1500,3.0000
1783085078.800988,5553,6463,4794,4006,200.1500,3.0000
1783085078.817013,5553,6454,4840,4071,200.1500,3.0000
1783085078.833286,5572,6445,4812,4099,202.8500,-0.8100
1783085078.848982,5497,6445,4822,4034,202.8500,-0.8100
1783085078.864622,5525,6473,4765,4015,202.8500,-0.8100
1783085078.880825,5497,6416,4794,4024,202.8500,-0.2500
1783085078.896777,5572,6416,4840,4024,202.8500,-0.2500
1783085078.912452,5563,6435,4775,4034,202.8500,-0.2500
1783085078.928568,5506,6407,4775,3996,202.8500,0.2500
1783085078.944767,5563,6379,4775,4034,202.8500,0.2500
1783085078.960749,5525,6416,4812,4043,202.8500,0.2500
1783085078.976954,5535,6416,4840,4052,200.1500,-1.5000
1783085078.992570,5497,6426,4803,4052,200.1500,-1.5000
1783085079.008204,5497,6435,4812,4090,200.1500,-1.5000
1783085079.025003,5488,6388,4794,3977,202.8500,1.5000
1783085079.040226,5525,6398,4803,4071,202.8500,1.5000
1783085079.056275,5460,6416,4812,4034,202.8500,1.5000
1783085079.073916,5516,6388,4831,4043,200.1500,1.5600
1783085079.088152,5497,6398,4840,4043,200.1500,1.5600
1783085079.104458,5506,6388,4822,4090,200.1500,1.5600
1783085079.120836,5478,6351,4812,4052,205.5600,-0.5600
1783085079.136461,5478,6398,4906,4062,205.5600,-0.5600
1783085079.151622,5516,6435,4887,4099,205.5600,-0.5600
1783085079.167357,5460,6388,4775,4081,205.5600,-0.5600
1783085079.183879,5516,6351,4840,4015,200.1500,-0.7500
1783085079.201129,5460,6379,4869,4062,200.1500,-0.7500
1783085079.215626,5460,6388,4878,4081,200.1500,-0.7500
1783085079.231550,5460,6407,4878,4043,197.4400,-0.6900
1783085079.247772,5431,6416,4822,4118,197.4400,-0.6900
1783085079.263623,5413,6388,4840,4043,197.4400,-0.6900
1783085079.279438,5422,6388,4840,4071,197.4400,-1.6900
1783085079.295712,5469,6388,4878,4071,197.4400,-1.6900
1783085079.311229,5450,6351,4878,4128,197.4400,-1.6900
1783085079.327266,5460,6313,4934,4099,200.1500,2.2500
1783085079.343732,5441,6313,4906,4146,200.1500,2.2500
1783085079.359332,5469,6379,4869,4099,200.1500,2.2500
1783085079.375272,5394,6388,4906,4099,200.1500,-1.1200
1783085079.391677,5413,6360,4925,4128,200.1500,-1.1200
1783085079.407528,5469,6304,4887,4137,200.1500,-1.1200
1783085079.424111,5431,6294,4906,4174,200.1500,1.0600
1783085079.438917,5431,6294,4887,4165,200.1500,1.0600
1783085079.455240,5441,6304,4906,4156,200.1500,1.0600
1783085079.473780,5385,6304,4897,4146,205.5600,-0.5000
1783085079.488707,5385,6276,4915,4137,205.5600,-0.5000
1783085079.504886,5394,6370,4897,4128,205.5600,-0.5000
1783085079.520569,5431,6341,4934,4165,205.5600,-0.5000
1783085079.536907,5431,6294,4887,4165,202.8500,0.8800
1783085079.553166,5431,6304,4850,4099,202.8500,0.8800
1783085079.568848,5413,6266,4850,4221,202.8500,0.8800
1783085079.584842,5413,6248,4906,4203,202.8500,-0.0600
1783085079.601074,5394,6304,4906,4203,202.8500,-0.0600
1783085079.616671,5394,6276,4906,4174,202.8500,-0.0600
1783085079.632674,5375,6266,4991,4174,200.1500,-0.2500
1783085079.648968,5328,6266,4925,4193,200.1500,-0.2500
1783085079.663615,5328,6257,4962,4128,200.1500,-0.2500
1783085079.679902,5347,6266,4962,4165,202.8500,-1.6900
1783085079.695582,5385,6323,4991,4212,202.8500,-1.6900
1783085079.711460,5403,6294,5028,4212,202.8500,-1.6900
1783085079.727733,5375,6257,4962,4221,197.4400,2.7500
1783085079.743439,5385,6257,4962,4165,197.4400,2.7500
1783085079.759671,5356,6323,4915,4109,197.4400,2.7500
1783085079.775641,5338,6276,5009,4184,200.1500,-1.3100
1783085079.791516,5385,6257,5009,4128,200.1500,-1.3100
1783085079.807584,5356,6257,4934,4174,200.1500,-1.3100
1783085079.825217,5375,6257,4925,4156,200.1500,2.3100
1783085079.839688,5356,6276,4981,4118,200.1500,2.3100
1783085079.855665,5281,6266,5019,4221,200.1500,2.3100
1783085079.873029,5319,6323,4972,4212,200.1500,-0.1900
1783085079.887516,5338,6257,4962,4203,200.1500,-0.1900
1783085079.903769,5328,6266,4953,4203,200.1500,-0.1900
1783085079.920198,5366,6248,4962,4184,205.5600,0.3100
1783085079.934774,5347,6229,4915,4278,205.5600,0.3100
1783085079.952798,5328,6229,5009,4240,205.5600,0.3100
1783085079.968704,5253,6248,5028,4203,205.5600,0.3100
1783085079.986738,5356,6238,5009,4203,200.1500,-0.7500
1783085080.002809,5291,6219,4972,4278,200.1500,-0.7500
1783085080.018567,5281,6191,5009,4240,200.1500,-0.7500
1783085080.034608,5309,6210,5028,4165,205.5600,-2.2500
1783085080.051078,5338,6219,5019,4203,205.5600,-2.2500
1783085080.066653,5347,6219,4972,4249,205.5600,-2.2500
1783085080.082597,5309,6248,4972,4184,205.5600,1.8100
1783085080.099346,5309,6257,5019,4184,205.5600,1.8100
1783085080.116287,5291,6238,5047,4184,205.5600,1.8100
1783085080.131918,5272,6163,5075,4174,208.2600,1.1200
1783085080.148184,5300,6173,5019,4193,208.2600,1.1200
1783085080.164494,5272,6173,4972,4221,208.2600,1.1200
1783085080.179954,5281,6219,5056,4203,205.5600,-2.6900
1783085080.196240,5244,6238,4972,4249,205.5600,-2.6900
1783085080.211974,5300,6163,5000,4278,205.5600,-2.6900
1783085080.227878,5272,6191,5009,4259,200.1500,-1.1900
1783085080.244231,5244,6210,5000,4268,200.1500,-1.1900
1783085080.259921,5309,6266,5019,4287,200.1500,-1.1900
1783085080.275857,5272,6201,5037,4315,202.8500,-1.4400
1783085080.292700,5272,6163,5028,4278,202.8500,-1.4400
1783085080.308151,5253,6191,4991,4278,202.8500,-1.4400
1783085080.325400,5263,6144,5019,4287,200.1500,-1.7500
1783085080.340390,5272,6191,5037,4278,200.1500,-1.7500
1783085080.356058,5253,6163,5019,4296,200.1500,-1.7500
1783085080.372931,5263,6144,5037,4315,205.5600,2.8100
1783085080.387507,5272,6219,5028,4343,205.5600,2.8100
1783085080.402007,5197,6210,5047,4325,205.5600,2.8100
1783085080.417959,5244,6238,5019,4353,205.5600,2.8100
1783085080.434506,5234,6191,5037,4315,200.1500,-0.1200
1783085080.450043,5216,6191,5066,4296,200.1500,-0.1200
1783085080.466270,5281,6173,5056,4334,200.1500,-0.1200
1783085080.482247,5206,6154,5056,4381,205.5600,0.5000
1783085080.498048,5244,6182,5009,4334,205.5600,0.5000
1783085080.514020,5169,6191,5094,4400,205.5600,0.5000
1783085080.530397,5253,6154,5056,4315,205.5600,0.0000
1783085080.546058,5253,6107,5019,4381,205.5600,0.0000
1783085080.562103,5178,6135,5028,4315,205.5600,0.0000
1783085080.578376,5216,6079,5066,4315,200.1500,1.1200
1783085080.595100,5206,6135,5019,4315,200.1500,1.1200
1783085080.612134,5216,6173,5112,4362,200.1500,1.1200
1783085080.627627,5169,6097,5084,4371,202.8500,0.0600
1783085080.643133,5216,6097,5103,4353,202.8500,0.0600
1783085080.659136,5169,6107,5094,4343,202.8500,0.0600
1783085080.675311,5206,6097,5169,4362,205.5600,-1.6300
1783085080.691188,5234,6135,5103,4390,205.5600,-1.6300
1783085080.707119,5197,6126,5094,4343,205.5600,-1.6300
1783085080.723780,5178,6126,5169,4371,205.5600,-0.3700
1783085080.739215,5159,6097,5122,4371,205.5600,-0.3700
1783085080.755164,5225,6126,5084,4400,205.5600,-0.3700
1783085080.771376,5169,6126,5103,4400,205.5600,1.8800
1783085080.787261,5178,6126,5112,4418,205.5600,1.8800
1783085080.803210,5206,6088,5150,4381,205.5600,1.8800
1783085080.819450,5216,6116,5131,4343,200.1500,-1.1900
1783085080.835330,5169,6060,5131,4409,200.1500,-1.1900
1783085080.851307,5244,6079,5141,4437,200.1500,-1.1900
1783085080.867234,5159,6088,5150,4409,200.1500,-1.1900
1783085080.882473,5206,6107,5216,4428,205.5600,2.9400
1783085080.898605,5206,6126,5150,4437,205.5600,2.9400
1783085080.914790,5159,6079,5150,4418,205.5600,2.9400
1783085080.930660,5197,6116,5216,4400,202.8500,-0.8800
1783085080.946635,5141,6173,5122,4437,202.8500,-0.8800
1783085080.962651,5159,6069,5103,4437,202.8500,-0.8800
1783085080.978471,5159,6069,5150,4362,205.5600,-0.4400
1783085080.994356,5169,6079,5188,4418,205.5600,-0.4400
1783085081.010573,5141,6079,5216,4418,205.5600,-0.4400
1783085081.026651,5141,6079,5150,4465,205.5600,0.4400
1783085081.042561,5178,6060,5159,4437,205.5600,0.4400
1783085081.058802,5150,5994,5112,4437,205.5600,0.4400
1783085081.074246,5122,6060,5169,4484,201.5300,-1.0600
1783085081.090552,5150,6088,5178,4475,201.5300,-1.0600
1783085081.106582,5131,6088,5216,4503,201.5300,-1.0600
1783085081.122707,5141,6041,5188,4428,208.2600,0.6900
1783085081.138481,5150,5994,5178,4484,208.2600,0.6900
1783085081.155351,5141,6004,5169,4484,208.2600,0.6900
1783085081.171390,5103,6069,5169,4456,208.2600,0.6900
1783085081.187350,5112,6060,5188,4484,208.2600,0.7500
1783085081.203386,5141,5976,5178,4465,208.2600,0.7500
1783085081.219415,5131,5976,5197,4428,208.2600,0.7500
1783085081.235386,5066,5985,5159,4465,209.7500,-2.3800
1783085081.251461,5122,6013,5206,4437,209.7500,-2.3800
1783085081.267456,5112,6022,5178,4484,209.7500,-2.3800
1783085081.283492,5037,6004,5197,4475,205.5600,-0.6900
1783085081.299627,5084,6041,5216,4465,205.5600,-0.6900
1783085081.315607,5094,6051,5206,4484,205.5600,-0.6900
1783085081.331584,5056,5966,5188,4484,198.8700,-1.1900
1783085081.347485,5094,5994,5197,4475,198.8700,-1.1900
1783085081.363500,5103,6022,5234,4503,198.8700,-1.1900
1783085081.379487,5075,6022,5216,4493,209.7500,-0.7500
1783085081.395416,5094,6041,5178,4512,209.7500,-0.7500
1783085081.411229,5103,6004,5206,4503,209.7500,-0.7500
1783085081.426875,5056,6022,5206,4550,200.1500,2.3800
1783085081.443063,5037,6022,5188,4503,200.1500,2.3800
1783085081.458944,5000,6004,5206,4475,200.1500,2.3800
1783085081.474738,5103,6069,5197,4522,198.8700,-1.6300
1783085081.491125,5028,6004,5206,4503,198.8700,-1.6300
1783085081.506598,5094,6022,5206,4503,198.8700,-1.6300
1783085081.523202,5047,6022,5206,4522,202.8500,1.0600
1783085081.540530,5047,6004,5225,4522,202.8500,1.0600
1783085081.556835,5019,6013,5234,4578,202.8500,1.0600
1783085081.573424,5056,5985,5225,4540,206.9900,-0.6300
1783085081.588581,5056,6032,5225,4503,206.9900,-0.6300
1783085081.604868,5019,6041,5225,4559,206.9900,-0.6300
1783085081.620737,5056,6154,5291,4568,206.9900,-0.6300
1783085081.636661,5037,6004,5253,4559,201.5300,1.5600
1783085081.651666,5028,5985,5216,4587,201.5300,1.5600
1783085081.667613,4981,6013,5253,4522,201.5300,1.5600
1783085081.683629,5028,5976,5244,4531,209.7500,-0.2500
1783085081.699656,5047,5957,5234,4587,209.7500,-0.2500
1783085081.717667,5019,5947,5263,4587,209.7500,-0.2500
1783085081.733592,5009,5994,5263,4597,196.2200,-0.4400
1783085081.749662,4991,5947,5309,4606,196.2200,-0.4400
1783085081.765714,5000,5966,5244,4587,196.2200,-0.4400
1783085081.781642,5056,5966,5281,4578,206.9900,0.8100
1783085081.797850,4962,5976,5319,4597,206.9900,0.8100
1783085081.813790,4981,6041,5291,4587,206.9900,0.8100
1783085081.829699,4991,6060,5244,4625,200.1500,0.2500
1783085081.845670,5009,5947,5272,4643,200.1500,0.2500
1783085081.861755,5019,5947,5291,4662,200.1500,0.2500
1783085081.877698,5000,5994,5291,4672,197.4400,0.3100
1783085081.893069,5009,6022,5263,4709,197.4400,0.3100
1783085081.908844,4981,5994,5281,4643,197.4400,0.3100
1783085081.924702,4991,5985,5291,4681,200.1500,1.2500
1783085081.941714,4953,5985,5319,4662,200.1500,1.2500
1783085081.956837,4906,6004,5319,4653,200.1500,1.2500
1783085081.973513,4991,6004,5272,4672,196.2200,0.4400
1783085081.989204,4953,6004,5300,4643,196.2200,0.4400
1783085082.004814,4925,5966,5319,4700,196.2200,0.4400
1783085082.020780,4972,5957,5309,4672,202.8500,1.0000
1783085082.037032,4953,5976,5300,4634,202.8500,1.0000
1783085082.052861,4934,5947,5300,4606,202.8500,1.0000
1783085082.068811,4897,5957,5300,4681,202.8500,1.0000
1783085082.085043,4915,5966,5338,4634,205.5600,1.6300
1783085082.100876,4934,5929,5291,4662,205.5600,1.6300
1783085082.116870,4925,5994,5328,4718,205.5600,1.6300
1783085082.133151,4906,6004,5309,4672,204.2300,-0.8800
1783085082.148976,4962,5976,5309,4690,204.2300,-0.8800
1783085082.164212,4944,6051,5300,4681,204.2300,-0.8800
1783085082.180411,4925,5985,5319,4653,201.5300,-0.3700
1783085082.196193,4915,5910,5291,4690,201.5300,-0.3700
1783085082.212142,4944,5957,5300,4700,201.5300,-0.3700
1783085082.228302,4934,5966,5291,4672,200.1500,-0.8800
1783085082.244187,4962,5938,5291,4662,200.1500,-0.8800
1783085082.260133,4887,5919,5319,4765,200.1500,-0.8800
1783085082.276308,4906,5947,5300,4737,209.7500,-2.4400
1783085082.292150,4925,5994,5319,4718,209.7500,-2.4400
1783085082.308022,4906,5966,5328,4728,209.7500,-2.4400
1783085082.324359,4962,5947,5338,4690,198.8700,-0.3700
1783085082.339992,4953,5947,5385,4718,198.8700,-0.3700
1783085082.355960,4906,5929,5319,4765,198.8700,-0.3700
1783085082.372178,4869,5966,5309,4737,205.5600,0.6300
1783085082.387984,4897,5910,5347,4709,205.5600,0.6300
1783085082.403996,4887,5966,5328,4728,205.5600,0.6300
1783085082.419095,4869,5966,5385,4747,205.5600,0.6300
1783085082.435416,4915,5929,5338,4737,206.9900,0.5600
1783085082.451237,4831,5985,5319,4709,206.9900,0.5600
1783085082.467125,4859,5957,5347,4747,206.9900,0.5600
1783085082.483069,4944,5938,5385,4709,201.5300,-0.2500
1783085082.499504,4887,5976,5375,4775,201.5300,-0.2500
1783085082.515528,4869,5966,5347,4756,201.5300,-0.2500
1783085082.531078,4859,5910,5338,4784,212.5100,-0.3700
1783085082.547338,4869,5976,5328,4775,212.5100,-0.3700
1783085082.563224,4840,5900,5347,4775,212.5100,-0.3700
1783085082.579113,4869,5938,5328,4812,201.5300,0.7500
1783085082.595355,4878,5966,5328,4756,201.5300,0.7500
1783085082.611191,4803,5966,5366,4737,201.5300,0.7500
1783085082.627176,4859,5994,5338,4765,205.5600,0.2500
1783085082.643245,4831,5929,5356,4765,205.5600,0.2500
1783085082.659190,4812,5863,5366,4784,205.5600,0.2500
1783085082.675151,4840,5929,5375,4803,206.9900,1.8100
1783085082.690525,4822,5966,5394,4859,206.9900,1.8100
1783085082.706153,4822,5938,5385,4850,206.9900,1.8100
1783085082.722714,4803,5910,5385,4840,201.5300,0.6900
1783085082.738473,4822,5863,5366,4784,201.5300,0.6900
1783085082.754275,4803,5900,5385,4822,201.5300,0.6900
1783085082.770222,4765,5900,5422,4784,212.5100,-2.2500
1783085082.786484,4784,5863,5469,4850,212.5100,-2.2500
1783085082.802267,4822,5872,5431,4822,212.5100,-2.2500
1783085082.818256,4765,5910,5422,4831,212.5100,-2.2500
1783085082.834574,4822,5882,5385,4831,198.8700,1.5000
1783085082.850285,4812,5882,5375,4775,198.8700,1.5000
1783085082.866308,4803,5929,5375,4803,198.8700,1.5000
1783085082.882549,4822,5872,5385,4794,202.8500,-2.8800
1783085082.898285,4784,5910,5375,4812,202.8500,-2.8800
1783085082.915297,4812,5882,5394,4812,202.8500,-2.8800
1783085082.931384,4812,5985,5413,4840,200.1500,1.2500
1783085082.947422,4822,5910,5431,4822,200.1500,1.2500
1783085082.963332,4775,5929,5403,4812,200.1500,1.2500
1783085082.979355,4737,5994,5431,4840,200.1500,-0.4400
1783085082.995408,4784,5957,5413,4822,200.1500,-0.4400
1783085083.011391,4784,5882,5413,4850,200.1500,-0.4400
1783085083.027574,4756,5900,5413,4859,202.8500,1.3100
1783085083.043439,4737,5910,5385,4784,202.8500,1.3100
1783085083.059384,4784,5872,5403,4869,202.8500,1.3100
1783085083.075411,4728,5938,5422,4869,200.1500,-1.0600
1783085083.091517,4737,6004,5431,4831,200.1500,-1.0600
1783085083.107414,4765,5891,5403,4869,200.1500,-1.0600
1783085083.124809,4700,5863,5450,4878,205.5600,1.1900
1783085083.139586,4718,6069,5488,4850,205.5600,1.1900
1783085083.155465,4756,6022,5478,4878,205.5600,1.1900
1783085083.171459,4737,5938,5441,4859,205.5600,-2.1900
1783085083.187554,4737,5910,5385,4906,205.5600,-2.1900
1783085083.202493,4728,5957,5422,4869,205.5600,-2.1900
1783085083.218775,4700,5797,5441,4850,205.5600,1.9400
1783085083.234645,4747,6126,5488,4972,205.5600,1.9400
1783085083.250499,4718,5994,5488,4869,205.5600,1.9400
1783085083.266713,4718,6051,5422,4897,205.5600,1.9400
1783085083.282540,4765,6097,5516,4850,206.9900,-2.0600
1783085083.298514,4700,6041,5441,4925,206.9900,-2.0600
1783085083.314827,4672,5976,5450,4887,206.9900,-2.0600
1783085083.330592,4672,6079,5431,4953,206.8300,0.8800
1783085083.346551,4681,6097,5469,4906,206.8300,0.8800
1783085083.362808,4653,6097,5478,4906,206.8300,0.8800
1783085083.378556,4690,5938,5469,4897,200.1500,-1.0000
1783085083.394572,4690,5976,5506,4953,200.1500,-1.0000
1783085083.410751,4653,5957,5469,4897,200.1500,-1.0000
1783085083.426589,4709,5957,5450,4925,202.8500,-0.3100
1783085083.442786,4690,5872,5460,4915,202.8500,-0.3100
1783085083.458241,4718,5985,5422,4915,202.8500,-0.3100
1783085083.474138,4672,5947,5450,4925,197.4400,0.5000
1783085083.489702,4728,5985,5535,4897,197.4400,0.5000
1783085083.505709,4681,5929,5469,4972,197.4400,0.5000
1783085083.521673,4728,6022,5478,4934,202.8500,0.0600
1783085083.537785,4690,5966,5488,5009,202.8500,0.0600
1783085083.555679,4634,6032,5516,5009,202.8500,0.0600
1783085083.571714,4643,6126,5525,4981,202.8500,0.0600
1783085083.587805,4634,6032,5488,4972,202.8500,-1.1900
1783085083.603930,4606,6041,5488,4962,202.8500,-1.1900
1783085083.619894,4643,6004,5535,4962,202.8500,-1.1900
1783085083.635728,4672,5985,5572,4981,202.8500,1.7500
1783085083.651700,4625,6022,5506,4991,202.8500,1.7500
1783085083.667735,4643,6013,5497,4944,202.8500,1.7500
1783085083.683719,4615,6022,5544,4972,201.4700,-0.4400
1783085083.699053,4568,6022,5506,5047,201.4700,-0.4400
1783085083.714787,4615,5957,5506,4991,201.4700,-0.4400
1783085083.730714,4587,5976,5572,5037,201.5300,1.4400
1783085083.747102,4559,6013,5497,5000,201.5300,1.4400
1783085083.763160,4587,6022,5553,5047,201.5300,1.4400
1783085083.779060,4643,6051,5572,5047,202.8500,-0.4400
1783085083.795215,4643,6032,5553,5056,202.8500,-0.4400
1783085083.811166,4597,6097,5563,5028,202.8500,-0.4400
1783085083.827031,4587,6116,5525,5028,205.5600,-2.8800
1783085083.843494,4615,5957,5516,5094,205.5600,-2.8800
1783085083.858878,4634,6126,5572,5075,205.5600,-2.8800
1783085083.874722,4550,6060,5525,5150,202.8500,1.7500
1783085083.891098,4568,5816,5516,5112,202.8500,1.7500
1783085083.906988,4634,6097,5525,5103,202.8500,1.7500
1783085083.923730,4606,6088,5516,5056,200.1500,-2.6900
1783085083.939039,4625,6154,5516,5141,200.1500,-2.6900
1783085083.954940,4625,6004,5544,5103,200.1500,-2.6900
1783085083.970835,4625,5900,5535,5159,205.5600,3.4400
1783085083.985926,4643,6013,5544,5178,205.5600,3.4400
1783085084.001846,4578,5825,5488,5122,205.5600,3.4400
1783085084.018817,4587,5929,5544,5159,205.5600,3.4400
1783085084.033981,4587,5760,5544,5122,202.8500,1.8800
1783085084.049864,4559,5750,5600,5197,202.8500,1.8800
1783085084.065859,4643,6022,5572,5112,202.8500,1.8800
1783085084.082293,4578,5910,5553,5178,205.5600,9.6900
1783085084.097957,4578,5872,5619,5206,205.5600,9.6900
1783085084.115963,4550,6041,5610,5206,205.5600,9.6900
1783085084.131920,4550,5872,5582,5291,208.2600,-6.4400
1783085084.148381,4587,6060,5563,5253,208.2600,-6.4400
1783085084.164025,4550,6032,5582,5225,208.2600,-6.4400
1783085084.179968,4531,5966,5572,5234,200.1500,3.8800
1783085084.196157,4568,5882,5591,5234,200.1500,3.8800
1783085084.211956,4568,5947,5591,5253,200.1500,3.8800
1783085084.227213,4512,5957,5610,5291,202.8500,-4.6900
1783085084.243079,4531,5844,5610,5253,202.8500,-4.6900
1783085084.259041,4493,5985,5600,5319,202.8500,-4.6900
1783085084.275513,4531,5900,5647,5272,205.5600,3.8800
1783085084.291369,4493,5985,5657,5328,205.5600,3.8800
1783085084.307307,4531,5957,5610,5347,205.5600,3.8800
1783085084.323900,4503,5872,5610,5356,205.5600,-3.3800
1783085084.339391,4512,5929,5628,5385,205.5600,-3.3800
1783085084.355330,4493,5882,5600,5356,205.5600,-3.3800
1783085084.371329,4484,5947,5647,5375,205.5600,0.3100
1783085084.387370,4475,5835,5600,5356,205.5600,0.3100
1783085084.403246,4484,5835,5610,5385,205.5600,0.3100
1783085084.419292,4475,5807,5675,5375,208.2600,-1.2500
1783085084.435158,4456,5882,5638,5403,208.2600,-1.2500
1783085084.451125,4456,5825,5610,5394,208.2600,-1.2500
1783085084.467337,4456,5788,5619,5403,208.2600,-1.2500
1783085084.482239,4522,5872,5638,5394,205.5600,-1.5600
1783085084.498215,4512,5779,5638,5422,205.5600,-1.5600
1783085084.514627,4428,5760,5647,5385,205.5600,-1.5600
1783085084.530337,4437,5722,5628,5422,221.7800,1.8800
1783085084.546144,4446,5788,5638,5450,221.7800,1.8800
1783085084.562457,4446,5816,5647,5431,221.7800,1.8800
1783085084.578239,4446,5741,5591,5450,193.5700,2.6300
1783085084.594239,4475,5703,5638,5441,193.5700,2.6300
1783085084.610417,4456,5722,5675,5450,193.5700,2.6300
1783085084.626151,4428,5703,5638,5394,212.5100,-0.9400
1783085084.642235,4446,5722,5638,5450,212.5100,-0.9400
1783085084.658544,4503,5694,5657,5506,212.5100,-0.9400
1783085084.674485,4418,5722,5638,5516,205.5600,0.3100
1783085084.690411,4400,5750,5657,5469,205.5600,0.3100
1783085084.705543,4400,5703,5694,5488,205.5600,0.3100
1783085084.722437,4418,5722,5675,5525,198.8700,0.2500
1783085084.740334,4418,5957,5675,5525,198.8700,0.2500
1783085084.763266,4418,5957,5675,5525,198.8700,0.2500
1783085084.781291,4437,5722,5703,5525,206.9900,0.6900
1783085084.797279,4446,5844,5713,5516,206.9900,0.6900
1783085084.813277,4446,5891,5685,5488,206.9900,0.6900
1783085084.829293,4409,5779,5779,5525,210.9700,-0.5600
1783085084.844848,4418,5807,5675,5535,210.9700,-0.5600
1783085084.862654,4400,5628,5694,5535,210.9700,-0.5600
1783085084.878456,4390,5638,5685,5582,202.8500,0.2500
1783085084.894401,4437,5685,5675,5572,202.8500,0.2500
1783085084.910592,4437,5685,5703,5563,202.8500,0.2500
1783085084.926273,4409,5703,5703,5582,206.8300,1.8100
1783085084.942394,4428,5703,5666,5572,206.8300,1.8100
1783085084.958618,4456,5675,5666,5535,206.8300,1.8100
1783085084.974763,4390,5750,5694,5591,202.8500,-5.5000
1783085084.990650,4390,5760,5788,5572,202.8500,-5.5000
1783085085.006647,4446,5769,5760,5619,202.8500,-5.5000
1783085085.022439,4390,5816,5732,5610,202.8500,-1.6300
1783085085.038422,4400,5863,5732,5628,202.8500,-1.6300
1783085085.054617,4343,5900,5750,5582,202.8500,-1.6300
1783085085.070513,4400,5675,5769,5610,202.8500,-1.6300
1783085085.086541,4390,5760,5685,5591,201.4700,-2.0000
1783085085.101460,4371,5741,5713,5619,201.4700,-2.0000
1783085085.117437,4362,5666,5713,5610,201.4700,-2.0000
1783085085.133495,4334,5666,5694,5610,202.8500,-2.9400
1783085085.149510,4400,5647,5722,5525,202.8500,-2.9400
1783085085.165444,4428,5760,5750,5563,202.8500,-2.9400
1783085085.181484,4428,5694,5760,5572,208.2600,5.7500
1783085085.197530,4334,5638,5722,5591,208.2600,5.7500
1783085085.213476,4362,5685,5703,5610,208.2600,5.7500
1783085085.229574,4334,5722,5732,5591,204.1800,-4.5000
1783085085.245567,4371,5666,5760,5619,204.1800,-4.5000
1783085085.261551,4325,5628,5788,5610,204.1800,-4.5000
1783085085.277998,4315,5666,5732,5572,212.5100,4.1300
1783085085.293879,4362,5553,5769,5610,212.5100,4.1300
1783085085.309657,4315,5675,5760,5657,212.5100,4.1300
1783085085.325650,4371,5610,5788,5657,201.5300,-4.3100
1783085085.341838,4343,5675,5788,5647,201.5300,-4.3100
1783085085.356753,4334,5647,5750,5647,201.5300,-4.3100
1783085085.373783,4334,5600,5825,5666,205.5600,0.6300
1783085085.388696,4315,5619,5807,5600,205.5600,0.6300
1783085085.405619,4325,5610,5807,5703,205.5600,0.6300
1783085085.421926,4296,5657,5769,5619,205.5600,-1.4400
1783085085.437641,4278,5685,5779,5666,205.5600,-1.4400
1783085085.453712,4306,5582,5797,5647,205.5600,-1.4400
1783085085.470131,4334,5628,5835,5666,208.2600,0.5000
1783085085.485903,4353,5610,5835,5666,208.2600,0.5000
1783085085.502005,4268,5572,5854,5638,208.2600,0.5000
1783085085.518142,4249,5582,5816,5610,208.2600,0.5000
1783085085.534152,4325,5582,5779,5666,208.2600,-0.8100
1783085085.550133,4287,5619,5854,5713,208.2600,-0.8100
1783085085.566122,4296,5553,5863,5628,208.2600,-0.8100
1783085085.581867,4287,5610,5844,5703,205.5600,0.5000
1783085085.597819,4306,5666,5825,5600,205.5600,0.5000
1783085085.613858,4268,5478,5854,5638,205.5600,0.5000
1783085085.629551,4231,5600,5835,5675,210.9700,-1.4400
1783085085.644475,4240,5619,5835,5628,210.9700,-1.4400
1783085085.660809,4240,5582,5816,5657,210.9700,-1.4400
1783085085.676390,4268,5600,5825,5619,205.5600,1.0000
1783085085.692528,4249,5572,5825,5647,205.5600,1.0000
1783085085.709116,4249,5582,5900,5713,205.5600,1.0000
1783085085.727010,4296,5628,5863,5713,212.5100,0.6300
1783085085.742865,4240,5600,5825,5619,212.5100,0.6300
1783085085.758931,4249,5572,5816,5657,212.5100,0.6300
1783085085.776386,4240,5572,5835,5657,201.5300,2.3800
1783085085.793447,4240,5628,5891,5666,201.5300,2.3800
1783085085.809126,4268,5610,5872,5628,201.5300,2.3800
1783085085.825802,4278,5506,5872,5638,209.7500,-0.6900
1783085085.839914,4259,5582,5854,5675,209.7500,-0.6900
1783085085.856084,4184,5600,5854,5638,209.7500,-0.6900
1783085085.872334,4221,5535,5882,5582,201.5300,-1.4400
1783085085.888189,4212,5600,5844,5628,201.5300,-1.4400
1783085085.904149,4212,5582,5863,5647,201.5300,-1.4400
1783085085.920793,4174,5553,5854,5647,202.8500,0.4400
1783085085.936363,4203,5591,5863,5610,202.8500,0.4400
1783085085.952081,4184,5478,5844,5647,202.8500,0.4400
1783085085.968328,4193,5535,5854,5600,202.8500,0.4400
1783085085.984184,4231,5544,5891,5666,205.5600,-1.5600
1783085086.000084,4165,5506,5891,5657,205.5600,-1.5600
1783085086.016317,4165,5525,5882,5638,205.5600,-1.5600
1783085086.032363,4174,5525,5929,5647,202.8500,0.0600
1783085086.048004,4184,5563,5872,5619,202.8500,0.0600
1783085086.064512,4174,5497,5891,5675,202.8500,0.0600
1783085086.080640,4118,5553,5900,5628,208.2600,-3.3800
1783085086.096311,4156,5516,5882,5638,208.2600,-3.3800
1783085086.111147,4099,5478,5882,5619,208.2600,-3.3800
1783085086.126714,4090,5525,5882,5666,206.9900,1.8800
1783085086.142811,4099,5431,5891,5647,206.9900,1.8800
1783085086.159130,4156,5450,5882,5657,206.9900,1.8800
1783085086.176415,4156,5460,5910,5647,201.5300,-0.9400
1783085086.190991,4174,5450,5891,5666,201.5300,-0.9400
1783085086.207547,4174,5366,5919,5647,201.5300,-0.9400
1783085086.224938,4090,5431,5891,5628,205.5600,0.0000
1783085086.239189,4165,5403,5929,5628,205.5600,0.0000
1783085086.255397,4146,5441,5929,5666,205.5600,0.0000
1783085086.271165,4118,5535,5929,5647,205.5600,0.0000
1783085086.287210,4165,5431,5891,5619,202.8500,0.1900
1783085086.303970,4109,5469,5938,5628,202.8500,0.1900
1783085086.319096,4052,5469,5900,5675,202.8500,0.1900
1783085086.335108,4118,5450,5900,5600,205.5600,1.6300
1783085086.351251,4109,5422,5929,5647,205.5600,1.6300
1783085086.366039,4146,5385,5976,5722,205.5600,1.6300
1783085086.382269,4090,5356,5929,5666,208.2600,-0.7500
1783085086.398143,4052,5441,5910,5666,208.2600,-0.7500
1783085086.414065,4090,5403,5929,5647,208.2600,-0.7500
1783085086.430241,4081,5431,5957,5666,202.8500,-0.8100
1783085086.446144,4081,5478,5919,5657,202.8500,-0.8100
1783085086.461996,4090,5506,5938,5628,202.8500,-0.8100
1783085086.478231,4099,5478,5957,5647,202.8500,-0.3700
1783085086.494328,4043,5403,5966,5638,202.8500,-0.3700
1783085086.510485,4052,5478,5947,5628,202.8500,-0.3700
1783085086.527070,4081,5422,5957,5657,205.5600,-2.0600
1783085086.543072,4043,5375,5976,5722,205.5600,-2.0600
1783085086.558621,4043,5431,5938,5628,205.5600,-2.0600
1783085086.575984,4024,5366,5929,5685,210.9700,2.3100
1783085086.589754,4034,5366,5957,5675,210.9700,2.3100
1783085086.606480,4062,5422,5966,5657,210.9700,2.3100
1783085086.622188,3977,5394,5994,5703,201.5300,-0.8100
1783085086.638376,4052,5403,5994,5741,201.5300,-0.8100
1783085086.653110,4015,5422,5938,5713,201.5300,-0.8100
1783085086.669420,4034,5366,5957,5694,209.7500,1.7500
1783085086.685102,4062,5431,5985,5685,209.7500,1.7500
1783085086.701245,3996,5441,5976,5760,209.7500,1.7500
1783085086.717970,3987,5385,5994,5722,209.7500,1.7500
1783085086.733407,4043,5413,5985,5722,205.5600,0.1900
1783085086.749462,4006,5422,5976,5741,205.5600,0.1900
1783085086.766021,4006,5366,5976,5732,205.5600,0.1900
1783085086.781601,4006,5422,6004,5760,208.2600,2.0600
1783085086.797952,4015,5431,6022,5760,208.2600,2.0600
1783085086.814137,3987,5394,5994,5760,208.2600,2.0600
1783085086.829253,3977,5338,5976,5788,204.1800,-0.1900
1783085086.845218,3949,5394,6032,5779,204.1800,-0.1900
1783085086.861463,3959,5375,6022,5741,204.1800,-0.1900
1783085086.877131,3959,5319,5994,5779,209.7500,-0.4400
1783085086.893303,3940,5309,6013,5750,209.7500,-0.4400
1783085086.908614,3949,5375,6041,5788,209.7500,-0.4400
1783085086.926754,3940,5328,6032,5788,202.8500,-0.3100
1783085086.941156,3968,5366,6004,5825,202.8500,-0.3100
1783085086.957618,3959,5366,6032,5797,202.8500,-0.3100
1783085086.973018,3940,5338,6069,5797,202.8500,-0.3100
1783085086.989012,3912,5328,6013,5825,201.5300,1.1900
1783085087.005082,3959,5328,6041,5835,201.5300,1.1900
1783085087.020344,3931,5356,6069,5882,201.5300,1.1900
1783085087.036436,3912,5422,6069,5844,202.8500,-0.2500
1783085087.052624,3949,5375,6060,5816,202.8500,-0.2500
1783085087.068370,3931,5366,6032,5835,202.8500,-0.2500
1783085087.084638,3912,5366,6060,5929,209.7500,2.8800
1783085087.100557,3902,5328,6069,5844,209.7500,2.8800
1783085087.116368,3921,5319,6088,5854,209.7500,2.8800
1783085087.132344,3893,5356,6079,5891,205.5600,-0.8800
1783085087.148764,3865,5309,6079,5900,205.5600,-0.8800
1783085087.164414,3912,5328,6041,5947,205.5600,-0.8800
1783085087.180459,3912,5385,6069,6004,198.8700,-0.1900
1783085087.195501,3931,5300,6116,5929,198.8700,-0.1900
1783085087.211641,3912,5300,6116,5882,198.8700,-0.1900
1783085087.228032,3893,5328,6088,5891,206.9900,-0.3100
1783085087.243720,3921,5309,6069,5947,206.9900,-0.3100
1783085087.259831,3893,5272,6069,5910,206.9900,-0.3100
1783085087.276787,3921,5328,6097,5966,205.5600,0.6300
1783085087.291729,3884,5291,6126,5947,205.5600,0.6300
1783085087.307723,3874,5244,6116,5919,205.5600,0.6300
1783085087.326046,3921,5272,6060,5966,201.5300,0.6300
1783085087.339904,3874,5253,6097,5938,201.5300,0.6300
1783085087.355783,3884,5291,6069,5929,201.5300,0.6300
1783085087.372179,3865,5291,6088,5900,206.9900,-0.5600
1783085087.388368,3855,5319,6097,5985,206.9900,-0.5600
1783085087.403932,3855,5263,6088,5957,206.9900,-0.5600
1783085087.420060,3846,5263,6097,6004,206.9900,-0.5600
1783085087.436458,3846,5225,6135,6022,205.5600,-2.6300
1783085087.451678,3865,5263,6116,5976,205.5600,-2.6300
1783085087.467375,3855,5263,6079,5985,205.5600,-2.6300
1783085087.483085,3893,5272,6097,5994,202.8500,0.5000
1783085087.498701,3855,5291,6107,6004,202.8500,0.5000
1783085087.514945,3855,5206,6107,5985,202.8500,0.5000
1783085087.530932,3865,5263,6116,6013,202.8500,-0.4400
1783085087.547288,3827,5234,6126,6032,202.8500,-0.4400
1783085087.563468,3855,5225,6107,6051,202.8500,-0.4400
1783085087.579216,3865,5225,6173,5985,205.5600,0.3700
1783085087.595395,3865,5206,6126,5976,205.5600,0.3700
1783085087.611272,3837,5169,6163,6004,205.5600,0.3700
1783085087.626548,3855,5178,6126,6041,198.8700,0.2500
1783085087.642870,3799,5234,6144,6022,198.8700,0.2500
1783085087.659037,3809,5178,6126,6022,198.8700,0.2500
1783085087.676302,3837,5206,6135,6013,209.7500,-0.5000
1783085087.690694,3837,5178,6116,6004,209.7500,-0.5000
1783085087.707067,3827,5150,6191,6041,209.7500,-0.5000
1783085087.722941,3809,5178,6154,6013,205.5600,-0.3700
1783085087.739145,3809,5188,6135,6013,205.5600,-0.3700
1783085087.753886,3837,5234,6182,6013,205.5600,-0.3700
1783085087.770433,3818,5159,6182,6022,205.5600,-0.3700
1783085087.786572,3855,5178,6163,6097,205.5600,0.3100
1783085087.802588,3827,5225,6229,6041,205.5600,0.3100
1783085087.817997,3837,5206,6144,6022,205.5600,0.3100
1783085087.834847,3837,5206,6163,6107,201.5300,0.5600
1783085087.850035,3818,5188,6210,6069,201.5300,0.5600
1783085087.865933,3837,5188,6135,6135,201.5300,0.5600
1783085087.882411,3855,5197,6173,6069,205.5600,1.2500
1783085087.898129,3855,5178,6210,6079,205.5600,1.2500
1783085087.914053,3818,5178,6173,6107,205.5600,1.2500
1783085087.930378,3809,5206,6173,6107,209.7500,-2.8800
1783085087.946232,3818,5188,6191,6135,209.7500,-2.8800
1783085087.962042,3837,5263,6182,6079,209.7500,-2.8800
1783085087.978338,3780,5169,6238,6116,201.5300,0.9400
1783085087.994420,3809,5169,6229,6051,201.5300,0.9400
1783085088.009988,3799,5178,6201,6097,201.5300,0.9400
1783085088.026763,3790,5112,6191,6069,205.5600,-1.2500
1783085088.041017,3799,5159,6201,6051,205.5600,-1.2500
1783085088.058109,3818,5188,6219,6135,205.5600,-1.2500
1783085088.073843,3780,5178,6248,6079,201.4700,1.9400
1783085088.089103,3799,5159,6238,6097,201.4700,1.9400
1783085088.105155,3790,5112,6201,6126,201.4700,1.9400
1783085088.121351,3790,5169,6229,6107,198.8700,-0.8800
1783085088.137213,3837,5122,6276,6144,198.8700,-0.8800
1783085088.153195,3827,5131,6257,6116,198.8700,-0.8800
1783085088.169408,3780,5197,6276,6135,198.8700,-0.8800
1783085088.185124,3780,5141,6257,6154,200.1500,1.2500
1783085088.201108,3771,5094,6219,6126,200.1500,1.2500
1783085088.217414,3780,5084,6248,6097,200.1500,1.2500
1783085088.232895,3743,5084,6248,6116,204.2300,-0.6900
1783085088.249287,3780,5150,6257,6173,204.2300,-0.6900
1783085088.265288,3780,5131,6238,6126,204.2300,-0.6900
1783085088.281028,3752,5084,6238,6116,205.5600,1.2500
1783085088.297064,3734,5075,6276,6144,205.5600,1.2500
1783085088.312577,3743,5047,6285,6088,205.5600,1.2500
1783085088.328170,3715,5094,6276,6126,200.1500,-1.3700
1783085088.344252,3752,5112,6276,6135,200.1500,-1.3700
1783085088.360519,3715,5047,6276,6126,200.1500,-1.3700
1783085088.376777,3734,5066,6304,6126,204.1800,1.2500
1783085088.392453,3734,5066,6294,6135,204.1800,1.2500
1783085088.408539,3752,5103,6257,6163,204.1800,1.2500
1783085088.425504,3715,5084,6266,6154,205.5600,-2.1300
1783085088.440471,3705,5141,6332,6154,205.5600,-2.1300
1783085088.456749,3734,5094,6294,6144,205.5600,-2.1300
1783085088.472415,3724,5150,6313,6097,205.5600,-2.1300
1783085088.488570,3724,5028,6276,6163,202.8500,-0.2500
1783085088.504807,3734,5131,6304,6154,202.8500,-0.2500
1783085088.520534,3743,5141,6304,6135,202.8500,-0.2500
1783085088.536350,3724,5028,6323,6126,200.1500,-1.6900
1783085088.552376,3705,5075,6332,6154,200.1500,-1.6900
1783085088.568214,3658,5056,6341,6126,200.1500,-1.6900
1783085088.583915,3668,5094,6304,6097,200.1500,-3.7500
1783085088.599081,3668,5178,6313,6135,200.1500,-3.7500
1783085088.615114,3705,5037,6313,6116,200.1500,-3.7500
1783085088.631961,3705,5084,6313,6126,197.4400,-6.6900
1783085088.647381,3668,5047,6304,6116,197.4400,-6.6900
1783085088.663397,3677,5112,6332,6154,197.4400,-6.6900
1783085088.679671,3715,5206,6332,6163,197.4400,7.1900
1783085088.695408,3677,5075,6351,6126,197.4400,7.1900
1783085088.711354,3668,5094,6360,6126,197.4400,7.1900
1783085088.727431,3668,5056,6323,6144,206.9900,3.5000
1783085088.743242,3677,5028,6304,6154,206.9900,3.5000
1783085088.759629,3687,5150,6294,6135,206.9900,3.5000
1783085088.776873,3687,5066,6332,6135,209.4800,-4.4400
1783085088.791230,3668,5009,6313,6135,209.4800,-4.4400
1783085088.807404,3687,5019,6360,6173,209.4800,-4.4400
1783085088.824103,3696,5084,6351,6163,208.2600,5.1300
1783085088.840519,3677,5122,6351,6163,208.2600,5.1300
1783085088.856277,3687,5094,6388,6097,208.2600,5.1300
1783085088.872358,3658,5037,6407,6154,205.5600,-2.8100
1783085088.888865,3658,5103,6398,6144,205.5600,-2.8100
1783085088.904578,3612,5009,6332,6191,205.5600,-2.8100
1783085088.920457,3668,5037,6370,6163,205.5600,-2.8100
1783085088.936462,3658,5000,6370,6173,208.2600,3.1300
1783085088.952238,3640,5037,6341,6182,208.2600,3.1300
1783085088.968698,3612,5019,6370,6201,208.2600,3.1300
1783085088.984561,3602,5047,6379,6154,213.6700,-3.9400
1783085089.000203,3621,5084,6407,6182,213.6700,-3.9400
1783085089.016205,3621,4981,6407,6154,213.6700,-3.9400
1783085089.033015,3621,5037,6370,6126,208.2600,3.2500
1783085089.049509,3630,4972,6370,6182,208.2600,3.2500
1783085089.065512,3630,5009,6407,6126,208.2600,3.2500
1783085089.081961,3640,5009,6398,6163,205.5600,-2.5000
1783085089.097475,3583,5009,6388,6135,205.5600,-2.5000
1783085089.113960,3612,5019,6398,6191,205.5600,-2.5000
1783085089.129704,3612,5019,6426,6173,202.8500,4.3800
1783085089.145286,3574,4991,6379,6163,202.8500,4.3800
1783085089.161255,3537,5009,6445,6173,202.8500,4.3800
1783085089.178249,3602,4991,6379,6154,208.2600,-0.6900
1783085089.193383,3583,5103,6351,6182,208.2600,-0.6900
1783085089.209331,3537,5037,6379,6126,208.2600,-0.6900
1783085089.227284,3565,5028,6370,6191,205.5600,1.1200
1783085089.242221,3555,5037,6407,6173,205.5600,1.1200
1783085089.257748,3583,4991,6416,6154,205.5600,1.1200
1783085089.274574,3555,5047,6398,6173,205.5600,0.4400
1783085089.289802,3537,5019,6435,6201,205.5600,0.4400
1783085089.305818,3565,5028,6407,6182,205.5600,0.4400
1783085089.322594,3518,5019,6435,6135,205.5600,-1.7500
1783085089.337395,3546,4981,6426,6191,205.5600,-1.7500
1783085089.352322,3565,4934,6435,6116,205.5600,-1.7500
1783085089.368810,3593,5009,6426,6116,205.5600,-1.7500
1783085089.384438,3555,4981,6463,6210,208.2600,2.3800
1783085089.400407,3602,5066,6482,6135,208.2600,2.3800
1783085089.418530,3602,5056,6407,6135,208.2600,2.3800
1783085089.436595,3546,4972,6435,6135,202.8500,-0.1900
1783085089.452852,3490,5019,6463,6154,202.8500,-0.1900
1783085089.469755,3546,4944,6445,6154,202.8500,-0.1900
1783085089.486676,3583,5047,6426,6154,205.5600,-0.9400
1783085089.502666,3508,4981,6501,6154,205.5600,-0.9400
1783085089.517649,3518,5019,6445,6154,205.5600,-0.9400
1783085089.534407,3527,4944,6473,6173,202.8500,-2.2500
1783085089.549988,3527,4953,6501,6173,202.8500,-2.2500
1783085089.566518,3527,4944,6520,6210,202.8500,-2.2500
1783085089.582382,3537,5000,6454,6154,205.5600,0.1900
1783085089.598808,3546,4972,6445,6191,205.5600,0.1900
1783085089.613750,3490,4915,6482,6210,205.5600,0.1900
1783085089.630082,3537,5056,6482,6257,201.5300,-1.9400
1783085089.645958,3527,5019,6463,6191,201.5300,-1.9400
1783085089.662391,3508,4991,6473,6248,201.5300,-1.9400
1783085089.678116,3518,4925,6463,6201,204.2300,2.5000
1783085089.694416,3480,5000,6501,6201,204.2300,2.5000
1783085089.710298,3490,4981,6510,6219,204.2300,2.5000
1783085089.727130,3480,4925,6473,6210,205.5600,-0.3100
1783085089.741944,3443,4981,6463,6201,205.5600,-0.3100
1783085089.757730,3461,4972,6491,6229,205.5600,-0.3100
1783085089.773614,3480,4972,6491,6210,196.2200,0.8800
1783085089.789862,3452,4962,6482,6248,196.2200,0.8800
1783085089.805715,3433,4869,6482,6257,196.2200,0.8800
1783085089.820510,3433,5009,6482,6238,196.2200,0.8800
1783085089.837044,3433,4840,6520,6257,204.2300,-0.4400
1783085089.852743,3461,4906,6501,6294,204.2300,-0.4400
1783085089.868840,3415,4944,6482,6238,204.2300,-0.4400
1783085089.885226,3433,4915,6463,6276,200.1500,1.6900
1783085089.900807,3490,4897,6538,6219,200.1500,1.6900
1783085089.916818,3415,4972,6482,6276,200.1500,1.6900
1783085089.933029,3443,4944,6501,6294,197.4400,0.6300
1783085089.948854,3405,4915,6538,6285,197.4400,0.6300
1783085089.964899,3433,4972,6510,6285,197.4400,0.6300
1783085089.981150,3386,4897,6510,6238,202.8500,-0.4400
1783085089.997072,3461,4897,6548,6294,202.8500,-0.4400
1783085090.012959,3396,4915,6482,6285,202.8500,-0.4400
1783085090.028837,3386,4897,6557,6323,200.1500,-2.5000
1783085090.044806,3461,4869,6538,6304,200.1500,-2.5000
1783085090.060990,3424,5009,6557,6341,200.1500,-2.5000
1783085090.076977,3443,5009,6538,6332,205.5600,-0.1900
1783085090.092012,3386,4915,6566,6332,205.5600,-0.1900
1783085090.108067,3349,4878,6538,6332,205.5600,-0.1900
1783085090.127431,3377,4953,6576,6332,202.8500,-0.1900
1783085090.141890,3358,4944,6576,6398,202.8500,-0.1900
1783085090.158459,3405,4859,6557,6341,202.8500,-0.1900
1783085090.175536,3368,4906,6566,6370,205.5600,1.3700
1783085090.190587,3377,4859,6529,6341,205.5600,1.3700
1783085090.206132,3396,4840,6576,6360,205.5600,1.3700
1783085090.222444,3396,4850,6557,6323,201.5300,-0.5000
1783085090.237750,3396,4887,6557,6341,201.5300,-0.5000
1783085090.253693,3433,4944,6557,6351,201.5300,-0.5000
1783085090.270048,3377,4840,6520,6332,201.5300,-0.5000
1783085090.285739,3433,4887,6557,6398,206.9900,-1.0600
1783085090.301759,3377,4906,6585,6341,206.9900,-1.0600
1783085090.318153,3368,4887,6566,6313,206.9900,-1.0600
1783085090.333956,3321,4869,6566,6341,204.1800,0.8100
1783085090.348867,3349,4897,6604,6332,204.1800,0.8100
1783085090.366760,3405,4803,6576,6332,204.1800,0.8100
1783085090.380988,3340,4906,6576,6360,209.7500,-0.7500
1783085090.396751,3368,4840,6613,6304,209.7500,-0.7500
1783085090.413482,3349,4878,6632,6435,209.7500,-0.7500
1783085090.428293,3311,4859,6576,6351,202.8500,1.7500
1783085090.444044,3377,4878,6623,6426,202.8500,1.7500
1783085090.460232,3330,4944,6595,6332,202.8500,1.7500
1783085090.475944,3377,4878,6613,6370,208.2600,-1.6300
1783085090.492045,3311,4859,6632,6370,208.2600,-1.6300
1783085090.508771,3321,4840,6623,6473,208.2600,-1.6300
1783085090.524853,3349,4812,6660,6407,210.9700,-0.4400
1783085090.540076,3302,4812,6604,6379,210.9700,-0.4400
1783085090.556273,3340,4812,6660,6398,210.9700,-0.4400
1783085090.572103,3340,4840,6595,6426,210.9700,-0.4400
1783085090.588135,3293,4831,6651,6454,201.5300,-1.5000
1783085090.604735,3386,4859,6651,6426,201.5300,-1.5000
1783085090.619162,3330,4859,6632,6407,201.5300,-1.5000
1783085090.635245,3340,4784,6623,6491,206.9900,1.1900
1783085090.651557,3302,4775,6632,6454,206.9900,1.1900
1783085090.667222,3330,4794,6651,6454,206.9900,1.1900
1783085090.683345,3227,4775,6670,6454,205.5600,-0.0600
1783085090.699273,3283,4737,6642,6445,205.5600,-0.0600
1783085090.715253,3293,4840,6660,6473,205.5600,-0.0600
1783085090.731252,3283,4831,6660,6445,205.5600,1.3700
1783085090.747327,3330,4850,6613,6454,205.5600,1.3700
1783085090.763297,3293,4840,6651,6463,205.5600,1.3700
1783085090.779348,3264,4840,6679,6463,208.2600,-2.3100
1783085090.794256,3236,4803,6679,6491,208.2600,-2.3100
1783085090.811374,3293,4718,6642,6426,208.2600,-2.3100
1783085090.827327,3264,4718,6651,6491,208.2600,1.3100
1783085090.843326,3302,4794,6632,6491,208.2600,1.3100
1783085090.860311,3340,4803,6632,6491,208.2600,1.3100
1783085090.877240,3358,4709,6632,6538,204.1800,0.0000
1783085090.895411,3218,4775,6632,6520,204.1800,0.0000
1783085090.911757,3386,4728,6707,6557,204.1800,0.0000
1783085090.929588,3227,4672,6707,6557,209.7500,2.3800
1783085090.945737,3274,4784,6660,6501,209.7500,2.3800
1783085090.961417,3227,4737,6679,6510,209.7500,2.3800
1783085090.977404,3321,4737,6698,6473,210.9700,-0.3700
1783085090.993414,3180,4784,6679,6501,210.9700,-0.3700
1783085091.009397,3264,4709,6670,6510,210.9700,-0.3700
1783085091.025818,3161,4747,6679,6445,206.8300,-2.1900
1783085091.040481,3264,4765,6763,6510,206.8300,-2.1900
1783085091.056431,3227,4803,6707,6491,206.8300,-2.1900
1783085091.072689,3199,4756,6717,6510,205.5600,0.3700
1783085091.088427,3218,4765,6726,6510,205.5600,0.3700
1783085091.104421,3180,4700,6717,6566,205.5600,0.3700
1783085091.120660,3255,4718,6707,6491,208.2600,-1.8800
1783085091.136441,3246,4709,6745,6576,208.2600,-1.8800
1783085091.152426,3236,4643,6726,6510,208.2600,-1.8800
1783085091.169078,3208,4662,6726,6548,208.2600,-1.8800
1783085091.184695,3227,4672,6726,6557,205.5600,1.9400
1783085091.200522,3171,4643,6745,6538,205.5600,1.9400
1783085091.216703,3246,4634,6782,6595,205.5600,1.9400
1783085091.232536,3161,4653,6735,6538,212.5100,-0.3700
1783085091.248482,3189,4681,6754,6491,212.5100,-0.3700
1783085091.264828,3189,4662,6782,6529,212.5100,-0.3700
1783085091.280713,3208,4634,6754,6548,204.1800,0.7500
1783085091.295957,3189,4681,6754,6520,204.1800,0.7500
1783085091.311608,3208,4662,6773,6538,204.1800,0.7500
1783085091.327924,3208,4700,6726,6585,208.2600,-0.5000
1783085091.343672,3199,4690,6763,6576,208.2600,-0.5000
1783085091.359743,3152,4597,6735,6548,208.2600,-0.5000
1783085091.375875,3180,4690,6820,6529,210.9700,0.3100
1783085091.391863,3152,4690,6745,6623,210.9700,0.3100
1783085091.407749,3189,4615,6773,6529,210.9700,0.3100
1783085091.423982,3058,4662,6745,6604,205.5600,0.8800
1783085091.439788,3096,4597,6810,6510,205.5600,0.8800
1783085091.455781,3133,4625,6754,6632,205.5600,0.8800
1783085091.471711,3255,4690,6810,6566,205.5600,0.8800
1783085091.487734,3189,4587,6763,6604,208.2600,0.5600
1783085091.503902,3105,4578,6801,6642,208.2600,0.5600
1783085091.519823,3180,4643,6801,6632,208.2600,0.5600
1783085091.535855,3161,4643,6735,6585,212.5100,-0.0600
1783085091.551817,3208,4597,6810,6557,212.5100,-0.0600
1783085091.566773,3171,4606,6820,6651,212.5100,-0.0600
1783085091.583074,3143,4587,6782,6632,204.1800,-2.4400
1783085091.598781,3143,4606,6773,6623,204.1800,-2.4400
1783085091.614759,3114,4615,6829,6651,204.1800,-2.4400
1783085091.631100,3152,4634,6763,6585,208.2600,0.5000
1783085091.647290,3143,4568,6801,6670,208.2600,0.5000
1783085091.663070,3143,4587,6801,6679,208.2600,0.5000
1783085091.678986,3077,4587,6763,6604,208.2600,-2.5000
1783085091.694915,3133,4634,6810,6623,208.2600,-2.5000
1783085091.710860,3161,4625,6810,6651,208.2600,-2.5000
1783085091.727104,3105,4587,6820,6670,212.5100,2.7500
1783085091.743065,3077,4597,6792,6642,212.5100,2.7500
1783085091.759035,2955,4606,6792,6651,212.5100,2.7500
1783085091.776050,3011,4568,6820,6670,206.8300,-0.7500
1783085091.790948,3067,4559,6810,6698,206.8300,-0.7500
1783085091.806863,3067,4559,6829,6623,206.8300,-0.7500
1783085091.822124,3067,4550,6820,6642,210.9700,0.6900
1783085091.837918,3039,4559,6839,6660,210.9700,0.6900
1783085091.853869,3077,4597,6829,6651,210.9700,0.6900
1783085091.869912,3086,4587,6839,6679,210.9700,0.6900
1783085091.886248,3105,4597,6885,6660,208.2600,-0.2500
1783085091.902240,3030,4578,6839,6698,208.2600,-0.2500
1783085091.918214,3096,4550,6857,6670,208.2600,-0.2500
1783085091.934138,3077,4587,6895,6698,205.5600,1.5000
1783085091.949992,3030,4606,6895,6707,205.5600,1.5000
1783085091.966130,3058,4578,6867,6660,205.5600,1.5000
1783085091.981962,3077,4559,6876,6717,210.9700,-1.5000
1783085091.997993,3021,4559,6857,6717,210.9700,-1.5000
1783085092.014215,3058,4531,6885,6707,210.9700,-1.5000
1783085092.029991,3049,4568,6848,6754,210.9700,-3.9400
1783085092.046029,3067,4634,6839,6717,210.9700,-3.9400
1783085092.062266,3039,4568,6876,6745,210.9700,-3.9400
1783085092.078032,3049,4606,6932,6698,205.5600,3.7500
1783085092.093213,3011,4550,6895,6717,205.5600,3.7500
1783085092.109014,3039,4512,6904,6717,205.5600,3.7500
1783085092.125661,2983,4597,6914,6717,205.5600,-1.7500
1783085092.141197,3011,4550,6876,6735,205.5600,-1.7500
1783085092.157011,2983,4568,6923,6763,205.5600,-1.7500
1783085092.172979,3002,4587,6895,6782,202.8500,2.3100
1783085092.189278,3086,4503,6895,6754,202.8500,2.3100
1783085092.205032,3030,4653,6923,6763,202.8500,2.3100
1783085092.221292,3114,4531,6895,6801,202.8500,2.3100
1783085092.237316,3011,4493,6904,6735,205.5600,-0.6900
1783085092.253143,2974,4606,6895,6735,205.5600,-0.6900
1783085092.269064,3086,4493,6904,6773,205.5600,-0.6900
1783085092.285190,2946,4522,6895,6763,202.8500,1.8800
1783085092.301124,2974,4550,6951,6792,202.8500,1.8800
1783085092.317062,2946,4540,6885,6745,202.8500,1.8800
1783085092.333390,3030,4540,6914,6745,202.8500,-1.3700
1783085092.349220,2964,4550,6895,6754,202.8500,-1.3700
1783085092.364506,3002,4550,6951,6773,202.8500,-1.3700
1783085092.380371,2974,4484,6932,6782,202.8500,2.3800
1783085092.396176,2974,4465,6914,6735,202.8500,2.3800
1783085092.412128,2992,4531,6923,6782,202.8500,2.3800
1783085092.428475,2974,4503,6895,6773,202.8500,-1.0600
1783085092.444193,2992,4512,6951,6782,202.8500,-1.0600
1783085092.460235,2974,4540,6923,6782,202.8500,-1.0600
1783085092.476611,2964,4503,6942,6810,202.8500,1.7500
1783085092.492418,2964,4559,6979,6792,202.8500,1.7500
1783085092.508405,2899,4522,6960,6848,202.8500,1.7500
1783085092.525177,2974,4503,6960,6735,200.1500,-2.0000
1783085092.540408,3021,4531,6979,6792,200.1500,-2.0000
1783085092.556383,2964,4503,6960,6810,200.1500,-2.0000
1783085092.572452,2899,4531,7017,6801,205.5600,0.0600
1783085092.588250,2917,4522,7017,6829,205.5600,0.0600
1783085092.604239,2983,4437,6998,6792,205.5600,0.0600
1783085092.620711,2964,4522,6979,6792,202.8500,1.3700
1783085092.636238,2992,4503,6942,6829,202.8500,1.3700
1783085092.651572,2936,4531,6989,6782,202.8500,1.3700
1783085092.667300,2908,4446,6970,6792,202.8500,1.3700
1783085092.683249,2983,4503,7007,6848,202.8500,-0.9400
1783085092.699255,2917,4465,6989,6829,202.8500,-0.9400
1783085092.715265,3011,4493,6998,6895,202.8500,-0.9400
1783085092.731278,2936,4484,7007,6829,208.2600,0.9400
1783085092.747351,2936,4484,7036,6810,208.2600,0.9400
1783085092.763525,2936,4484,7026,6810,208.2600,0.9400
1783085092.779301,2908,4475,7054,6792,202.8500,-1.6300
1783085092.795338,2908,4484,7045,6754,202.8500,-1.6300
1783085092.811341,2899,4531,7045,6867,202.8500,-1.6300
1783085092.827258,3021,4484,7064,6839,205.5600,0.5600
1783085092.843398,2927,4484,6979,6782,205.5600,0.5600
1783085092.859450,2908,4484,7064,6839,205.5600,0.5600
1783085092.875583,2955,4475,7073,6848,208.2600,0.1900
1783085092.891468,2955,4503,7064,6773,208.2600,0.1900
1783085092.907369,2889,4484,7026,6810,208.2600,0.1900
1783085092.922445,2974,4503,7082,6857,205.5600,2.0600
1783085092.938788,2908,4531,7111,6801,205.5600,2.0600
1783085092.954420,2946,4531,7045,6801,205.5600,2.0600
1783085092.970489,2917,4456,7111,6839,205.5600,2.0600
1783085092.986653,2870,4512,7073,6867,202.8500,0.6300
1783085093.002436,2908,4522,7073,6810,202.8500,0.6300
1783085093.018489,2917,4418,7111,6848,202.8500,0.6300
1783085093.034717,2917,4446,7073,6820,202.8500,0.6900
1783085093.050484,2880,4456,7082,6829,202.8500,0.6900
1783085093.066481,2870,4437,7054,6848,202.8500,0.6900
1783085093.082829,2880,4446,7082,6820,202.8500,-4.0000
1783085093.098545,2842,4400,7082,6885,202.8500,-4.0000
1783085093.114506,2824,4437,7139,6857,202.8500,-4.0000
1783085093.130701,2852,4484,7054,6848,202.8500,1.3700
1783085093.146518,2842,4418,7139,6895,202.8500,1.3700
1783085093.162516,2908,4446,7054,6848,202.8500,1.3700
1783085093.178738,2927,4428,7092,6885,200.1500,-2.8100
1783085093.194568,2880,4456,7054,6848,200.1500,-2.8100
1783085093.209494,2852,4456,7073,6829,200.1500,-2.8100
1783085093.226524,2861,4428,7073,6839,205.5600,3.6900
1783085093.241523,2824,4446,7073,6923,205.5600,3.6900
1783085093.257520,2842,4390,7092,6904,205.5600,3.6900
1783085093.273556,2795,4484,7120,6904,205.5600,3.6900
1783085093.289507,2824,4465,7054,6829,196.2200,-1.1200
1783085093.305485,2870,4465,7073,6867,196.2200,-1.1200
1783085093.321538,2852,4428,7064,6848,196.2200,-1.1200
1783085093.337501,2870,4428,7064,6895,209.7500,2.6900
1783085093.353566,2889,4446,7120,6829,209.7500,2.6900
1783085093.369790,2861,4409,7073,6885,209.7500,2.6900
1783085093.385626,2880,4465,7139,6867,200.1500,-0.8100
1783085093.401543,2899,4475,7101,6876,200.1500,-0.8100
1783085093.417582,2824,4428,7120,6895,200.1500,-0.8100
1783085093.433568,2833,4390,7167,7017,205.5600,0.8800
1783085093.449631,2805,4456,7092,6885,205.5600,0.8800
1783085093.465591,2833,4428,7111,6895,205.5600,0.8800
1783085093.480730,2833,4428,7111,6876,198.8700,-0.9400
1783085093.496844,2833,4371,7120,6867,198.8700,-0.9400
1783085093.513003,2861,4390,7139,6885,198.8700,-0.9400
1783085093.528593,2889,4390,7111,6867,202.8500,0.2500
1783085093.544863,2852,4446,7120,6904,202.8500,0.2500
1783085093.560665,2842,4390,7139,6895,202.8500,0.2500
1783085093.576883,2767,4400,7148,6914,204.2300,-0.5000
1783085093.593123,2795,4381,7139,6848,204.2300,-0.5000
1783085093.608949,2852,4390,7157,6914,204.2300,-0.5000
1783085093.625686,2852,4428,7139,6942,202.8500,0.4400
1783085093.642800,2861,4428,7148,6942,202.8500,0.4400
1783085093.659207,2814,4418,7148,6895,202.8500,0.4400
1783085093.675902,2786,4400,7148,6885,202.8500,0.0000
1783085093.690734,2861,4334,7148,6942,202.8500,0.0000
1783085093.706892,2777,4381,7157,6951,202.8500,0.0000
1783085093.722768,2861,4400,7176,6885,202.8500,0.0000
1783085093.737836,2795,4390,7176,6951,200.1500,-2.6900
1783085093.753757,2805,4371,7129,6932,200.1500,-2.6900
1783085093.769733,2730,4409,7186,6932,200.1500,-2.6900
1783085093.785812,2824,4371,7157,6942,202.8500,1.3700
1783085093.801763,2795,4371,7157,6914,202.8500,1.3700
1783085093.817719,2777,4353,7223,6932,202.8500,1.3700
1783085093.833742,2758,4343,7157,6951,202.8500,-2.0600
1783085093.849801,2795,4371,7176,6989,202.8500,-2.0600
1783085093.865754,2842,4400,7195,6979,202.8500,-2.0600
1783085093.882826,2842,4390,7223,6979,201.5300,1.8800
1783085093.899214,2777,4343,7223,6960,201.5300,1.8800
1783085093.915069,2749,4343,7214,6960,201.5300,1.8800
1783085093.931003,2777,4362,7242,6942,204.2300,0.0000
1783085093.947152,2805,4362,7195,6960,204.2300,0.0000
1783085093.963039,2739,4296,7186,6989,204.2300,0.0000
1783085093.979029,2711,4315,7195,6979,205.5600,2.0000
1783085093.994439,2758,4315,7214,6951,205.5600,2.0000
1783085094.010203,2814,4362,7233,6970,205.5600,2.0000
1783085094.026848,2767,4371,7204,6970,198.8700,0.7500
1783085094.042378,2767,4306,7214,7007,198.8700,0.7500
1783085094.058208,2786,4325,7223,6998,198.8700,0.7500
1783085094.073873,2739,4306,7214,6970,209.7500,0.5600
1783085094.089939,2730,4315,7242,6970,209.7500,0.5600
1783085094.105984,2720,4334,7223,6942,209.7500,0.5600
1783085094.121893,2767,4362,7214,6989,208.2600,-2.9400
1783085094.137925,2739,4353,7261,6979,208.2600,-2.9400
1783085094.153881,2749,4353,7261,7007,208.2600,-2.9400
1783085094.171926,2674,4418,7261,7026,208.2600,-2.9400
1783085094.188027,2720,4334,7261,6979,202.8500,2.5000
1783085094.204132,2720,4306,7251,6998,202.8500,2.5000
1783085094.219910,2664,4315,7251,7007,202.8500,2.5000
1783085094.235103,2674,4306,7251,6979,196.2200,-1.8800
1783085094.251035,2627,4296,7298,6951,196.2200,-1.8800
1783085094.267081,2674,4306,7270,7064,196.2200,-1.8800
1783085094.283343,2645,4249,7261,6998,206.9900,3.6900
1783085094.299120,2598,4343,7242,6989,206.9900,3.6900
1783085094.314996,2683,4371,7289,6998,206.9900,3.6900
1783085094.331297,2720,4306,7251,7007,204.1800,-0.8100
1783085094.347126,2674,4240,7289,7017,204.1800,-0.8100
1783085094.363078,2711,4315,7270,7007,204.1800,-0.8100
1783085094.379252,2664,4343,7289,7064,202.8500,-0.1900
1783085094.395127,2645,4306,7261,6989,202.8500,-0.1900
1783085094.411098,2674,4278,7289,6989,202.8500,-0.1900
1783085094.427201,2655,4296,7261,7036,205.5600,-1.0600
1783085094.443159,2683,4268,7279,6998,205.5600,-1.0600
1783085094.459087,2664,4240,7270,7064,205.5600,-1.0600
1783085094.475996,2674,4240,7317,7026,205.5600,-1.0000
1783085094.492409,2627,4278,7326,7026,205.5600,-1.0000
1783085094.508135,2664,4306,7308,7054,205.5600,-1.0000
1783085094.524045,2655,4231,7279,7007,202.8500,0.0600
1783085094.540264,2589,4203,7279,7054,202.8500,0.0600
1783085094.556076,2589,4259,7317,7017,202.8500,0.0600
1783085094.572087,2589,4212,7308,7054,206.9900,1.4400
1783085094.588297,2580,4268,7317,7054,206.9900,1.4400
1783085094.604158,2608,4203,7298,7045,206.9900,1.4400
1783085094.620101,2552,4231,7336,7017,206.9900,1.4400
1783085094.638091,2608,4212,7336,7064,201.5300,-0.7500
1783085094.654356,2589,4184,7308,7007,201.5300,-0.7500
1783085094.670148,2580,4240,7298,7064,201.5300,-0.7500
1783085094.686194,2589,4296,7336,7036,205.5600,-2.7500
1783085094.702389,2561,4221,7354,7064,205.5600,-2.7500
1783085094.717397,2589,4212,7336,7064,205.5600,-2.7500
1783085094.733205,2589,4296,7317,7111,202.8500,-3.3800
1783085094.749238,2598,4193,7317,7036,202.8500,-3.3800
1783085094.765208,2608,4184,7354,7157,202.8500,-3.3800
1783085094.781272,2561,4203,7326,7082,202.8500,-0.6300
1783085094.797274,2561,4193,7336,7111,202.8500,-0.6300
1783085094.813245,2570,4193,7326,7092,202.8500,-0.6300
1783085094.829275,2561,4165,7364,7054,202.8500,3.3100
1783085094.845262,2570,4165,7383,7026,202.8500,3.3100
1783085094.863288,2608,4193,7383,7026,202.8500,3.3100
1783085094.879306,2561,4184,7392,7148,205.5600,-0.8100
1783085094.895374,2589,4184,7326,7073,205.5600,-0.8100
1783085094.911305,2561,4240,7383,7129,205.5600,-0.8100
1783085094.927220,2542,4203,7392,7111,205.5600,1.2500
1783085094.943436,2477,4193,7354,7129,205.5600,1.2500
1783085094.959450,2486,4165,7411,7092,205.5600,1.2500
1783085094.974338,2533,4137,7392,7129,202.8500,-1.1900
1783085094.990564,2523,4221,7420,7139,202.8500,-1.1900
1783085095.006743,2486,4146,7364,7073,202.8500,-1.1900
1783085095.022632,2514,4184,7420,7073,205.5600,1.5000
1783085095.038836,2495,4184,7364,7120,205.5600,1.5000
1783085095.054622,2486,4184,7420,7111,205.5600,1.5000
1783085095.070598,2495,4146,7383,7148,205.5600,1.5000
1783085095.086899,2570,4165,7411,7157,200.1500,0.1900
1783085095.102608,2467,4184,7373,7148,200.1500,0.1900
1783085095.118642,2477,4099,7439,7167,200.1500,0.1900
1783085095.134833,2486,4165,7383,7157,205.5600,-1.2500
1783085095.150437,2495,4174,7383,7101,205.5600,-1.2500
1783085095.166574,2514,4137,7430,7167,205.5600,-1.2500
1783085095.182592,2448,4174,7411,7129,200.1500,0.3700
1783085095.198433,2495,4109,7392,7111,200.1500,0.3700
1783085095.214447,2533,4156,7439,7167,200.1500,0.3700
1783085095.229498,2439,4165,7448,7129,202.8500,0.5600
1783085095.245447,2495,4165,7430,7176,202.8500,0.5600
1783085095.261406,2486,4184,7411,7111,202.8500,0.5600
1783085095.277758,2467,4193,7401,7167,200.1500,-0.2500
1783085095.293784,2495,4118,7430,7195,200.1500,-0.2500
1783085095.309578,2430,4184,7458,7195,200.1500,-0.2500
1783085095.326913,2495,4184,7439,7195,200.1500,1.0000
1783085095.341889,2439,4118,7467,7176,200.1500,1.0000
1783085095.357646,2420,4118,7439,7223,200.1500,1.0000
1783085095.373550,2486,4212,7439,7139,200.1500,1.0000
1783085095.389569,2420,4128,7448,7186,200.1500,0.6300
1783085095.405784,2458,4118,7430,7129,200.1500,0.6300
1783085095.421787,2448,4090,7495,7242,200.1500,0.6300
1783085095.438795,2439,4128,7486,7186,200.1500,-2.0000
1783085095.454801,2411,4165,7458,7204,200.1500,-2.0000
1783085095.470973,2430,4109,7411,7167,202.8500,1.8100
1783085095.486711,2420,4090,7458,7214,202.8500,1.8100
1783085095.502672,2383,4099,7476,7157,202.8500,1.8100
1783085095.517796,2430,4146,7486,7157,202.8500,1.8100
1783085095.533522,2383,4193,7505,7176,194.7400,-2.3800
1783085095.549886,2401,4099,7495,7233,194.7400,-2.3800
1783085095.565570,2439,4109,7467,7251,194.7400,-2.3800
1783085095.581654,2392,4156,7467,7223,200.1500,3.5600
1783085095.598033,2430,4118,7439,7195,200.1500,3.5600
1783085095.614315,2411,4146,7467,7242,200.1500,3.5600
1783085095.629953,2448,4203,7486,7242,200.1500,-2.0600
1783085095.646217,2411,4128,7533,7251,200.1500,-2.0600
1783085095.663305,2448,4090,7514,7186,200.1500,-2.0600
1783085095.678685,2383,4156,7495,7261,197.4400,-0.6900
1783085095.693831,2345,4184,7505,7251,197.4400,-0.6900
1783085095.709657,2383,4137,7542,7270,197.4400,-0.6900
1783085095.728478,2439,4099,7486,7298,194.7400,-3.3100
1783085095.744452,2430,4146,7486,7298,194.7400,-3.3100
1783085095.762544,2326,4090,7486,7279,194.7400,-3.3100
1783085095.780471,2345,4128,7514,7279,194.7400,0.4400
1783085095.796658,2458,4118,7580,7326,194.7400,0.4400
1783085095.812834,2317,4118,7495,7298,194.7400,0.4400
1783085095.828365,2383,4062,7551,7354,194.7400,-3.0000
1783085095.844746,2364,4146,7551,7317,194.7400,-3.0000
1783085095.861116,2345,4118,7542,7298,194.7400,-3.0000
1783085095.878472,2317,4118,7523,7326,194.7400,3.1900
1783085095.893015,2345,4071,7542,7261,194.7400,3.1900
1783085095.909259,2336,4043,7514,7411,194.7400,3.1900
1783085095.925367,2326,4118,7561,7401,194.7400,3.1900
1783085095.940330,2373,4146,7523,7289,194.7400,-1.3700
1783085095.956966,2326,4052,7523,7392,194.7400,-1.3700
1783085095.972569,2373,4062,7551,7308,194.7400,-1.3700
1783085095.988602,2364,4128,7495,7317,194.7400,1.6300
1783085096.004866,2345,4090,7551,7392,194.7400,1.6300
1783085096.020638,2364,4081,7542,7364,194.7400,1.6300
1783085096.038614,2392,4043,7589,7364,190.9200,-1.5600
1783085096.054588,2308,4128,7608,7411,190.9200,-1.5600
1783085096.070930,2308,4118,7570,7336,195.9500,-1.8800
1783085096.086660,2326,4043,7561,7401,195.9500,-1.8800
1783085096.102717,2345,4024,7570,7467,195.9500,-1.8800
1783085096.118932,2336,4043,7533,7411,195.9500,-1.8800
1783085096.137097,2289,4099,7608,7411,189.3300,1.7500
1783085096.152390,2298,4034,7608,7354,189.3300,1.7500
1783085096.170001,2392,4024,7608,7345,189.3300,1.7500
1783085096.186321,2364,4109,7598,7336,188.2700,-0.6900
1783085096.201934,2345,4081,7580,7392,188.2700,-0.6900
1783085096.218039,2298,4071,7580,7495,188.2700,-0.6900
1783085096.234426,2261,4118,7580,7411,192.0300,-2.6900
1783085096.249803,2308,4043,7598,7411,192.0300,-2.6900
1783085096.266207,2289,4006,7580,7345,192.0300,-2.6900
1783085096.282042,2326,4071,7570,7420,190.4300,1.6900
1783085096.297689,2317,4052,7617,7383,190.4300,1.6900
1783085096.313678,2242,4099,7617,7373,190.4300,1.6900
1783085096.330038,2251,4015,7589,7570,180.3100,-2.3100
1783085096.345881,2270,4015,7598,7439,180.3100,-2.3100
1783085096.361380,2298,4043,7617,7486,180.3100,-2.3100
1783085096.380356,2270,4024,7580,7551,182.1500,2.8800
1783085096.392758,2317,3968,7617,7458,182.1500,2.8800
1783085096.408832,2261,4015,7580,7401,182.1500,2.8800
1783085096.425001,2364,4034,7580,7542,182.9600,-0.8800
1783085096.440862,2233,4006,7589,7514,182.9600,-0.8800
1783085096.456749,2298,4024,7589,7439,182.9600,-0.8800
1783085096.472994,2261,4015,7636,7448,178.5100,1.3700
1783085096.488901,2289,4034,7598,7430,178.5100,1.3700
1783085096.504885,2289,4024,7598,7467,178.5100,1.3700
1783085096.521256,2251,4071,7589,7486,178.5100,1.3700
1783085096.537053,2298,3996,7664,7401,186.6200,-1.8100
1783085096.553234,2317,4062,7627,7439,186.6200,-1.8100
1783085096.569319,2251,3996,7636,7495,186.6200,-1.8100
1783085096.585081,2308,4006,7598,7467,186.6200,1.6900
1783085096.601174,2270,4015,7636,7542,186.6200,1.6900
1783085096.618783,2326,4015,7636,7523,186.6200,1.6900
1783085096.634948,2261,3987,7636,7486,173.1000,-2.0000
1783085096.650399,2251,3987,7627,7467,173.1000,-2.0000
1783085096.666874,2223,3987,7598,7505,173.1000,-2.0000
1783085096.682443,2242,4062,7655,7476,182.1500,5.1900
1783085096.700465,2270,4006,7664,7476,182.1500,5.1900
1783085096.719484,2308,3949,7664,7476,182.1500,5.1900
1783085096.736486,2233,3996,7627,7523,178.5100,-1.5000
1783085096.753184,2233,4024,7692,7523,178.5100,-1.5000
1783085096.773423,2345,4034,7692,7523,180.3100,-0.3700
1783085096.793170,2345,4034,7692,7523,180.3100,-0.3700
1783085096.811371,2158,4062,7608,7523,180.3100,-0.3700
1783085096.828925,2289,3968,7673,7523,183.9200,-1.6900
1783085096.846543,2345,3996,7673,7514,183.9200,-1.6900
1783085096.862642,2195,3987,7636,7570,183.9200,-1.6900
1783085096.879110,2270,3987,7636,7495,178.5100,2.5600
1783085096.898578,2214,4006,7636,7495,178.5100,2.5600
1783085096.918563,2261,4006,7636,7495,178.5100,2.5600
1783085096.936369,2336,4006,7636,7533,181.2100,-2.1900
1783085096.952680,2251,3959,7673,7570,181.2100,-2.1900
1783085096.968275,2129,3987,7692,7627,181.2100,-2.1900
1783085096.984345,2214,3921,7664,7598,183.9200,1.7500
1783085097.000564,2204,4043,7730,7589,183.9200,1.7500
1783085097.016612,2214,3977,7711,7570,183.9200,1.7500
1783085097.032315,2317,4006,7683,7570,179.3900,-0.0600
1783085097.048631,2148,4015,7758,7580,179.3900,-0.0600
1783085097.064467,2195,4024,7720,7636,179.3900,-0.0600
1783085097.080359,2167,4052,7683,7617,177.6600,1.2500
1783085097.099384,2308,3987,7683,7617,177.6600,1.2500
1783085097.119336,2289,3968,7683,7617,177.6600,1.2500
1783085097.135436,2223,3968,7683,7570,181.2100,-0.6900
1783085097.151359,2223,3959,7692,7617,181.2100,-0.6900
1783085097.169922,2261,4034,7692,7617,181.2100,-0.6900
1783085097.187249,2289,3996,7692,7608,178.5100,1.1200
1783085097.203964,2242,3921,7711,7608,178.5100,1.1200
1783085097.223372,2308,3940,7711,7608,182.1500,0.5000
1783085097.239066,2233,4015,7730,7551,182.1500,0.5000
1783085097.257194,2261,3940,7730,7551,182.1500,0.5000
1783085097.273205,2195,3949,7767,7598,182.1500,0.5000
1783085097.289487,2195,4006,7730,7580,177.6600,0.8100
1783085097.305279,2158,3959,7795,7617,177.6600,0.8100
1783085097.321304,2242,3968,7739,7580,177.6600,0.8100
1783085097.338302,2214,3977,7739,7580,170.4000,1.1200
1783085097.354518,2167,3949,7748,7664,170.4000,1.1200
1783085097.370250,2139,3959,7758,7645,170.4000,1.1200
1783085097.385340,2195,3912,7758,7711,181.2100,-2.4400
1783085097.401179,2167,3959,7748,7683,181.2100,-2.4400
1783085097.417197,2139,3968,7786,7664,181.2100,-2.4400
1783085097.433450,2139,3987,7777,7598,173.1000,1.1900
1783085097.452001,2261,3968,7777,7598,173.1000,1.1900
1783085097.469841,2120,4015,7758,7598,173.1000,1.1900
1783085097.485453,2148,3987,7777,7664,173.1000,0.0600
1783085097.501466,2129,3949,7758,7655,173.1000,0.0600
1783085097.517807,2176,3949,7805,7655,173.1000,0.0600
1783085097.533530,2101,3931,7795,7617,170.4000,-0.8800
1783085097.549529,2129,3959,7805,7692,170.4000,-0.8800
1783085097.565958,2251,3977,7786,7673,170.4000,-0.8800
1783085097.581635,2139,3968,7795,7664,170.4000,1.6300
1783085097.597720,2167,3931,7833,7673,170.4000,1.6300
1783085097.612990,2186,3921,7814,7730,170.4000,1.6300
1783085097.628844,2148,3940,7758,7692,167.6900,0.0000
1783085097.644324,2148,3977,7824,7664,167.6900,0.0000
1783085097.660691,2139,3949,7748,7730,167.6900,0.0000
1783085097.677424,2101,3940,7852,7655,170.4000,1.2500
1783085097.692312,2186,3931,7842,7636,170.4000,1.2500
1783085097.708544,2101,3977,7814,7720,170.4000,1.2500
1783085097.724349,2186,3959,7833,7664,170.4000,1.2500
1783085097.740914,2139,3949,7824,7748,173.1000,0.8100
1783085097.757330,2083,3921,7852,7739,173.1000,0.8100
1783085097.775258,2167,3949,7833,7739,167.6900,0.8100
1783085097.791684,2158,3968,7842,7739,167.6900,0.8100
1783085097.809624,2129,3968,7795,7739,167.6900,0.8100
1783085097.826991,2101,3949,7852,7739,170.4000,-0.1900
1783085097.842252,2120,4015,7889,7711,170.4000,-0.1900
1783085097.858370,2158,3996,7852,7692,170.4000,-0.1900
1783085097.873727,2214,3968,7861,7720,167.6900,1.4400
1783085097.890449,2158,3959,7917,7664,167.6900,1.4400
1783085097.906337,2129,3949,7852,7730,167.6900,1.4400
1783085097.922127,2129,3940,7852,7739,167.6900,1.4400
1783085097.938314,2092,3912,7861,7655,167.6900,0.6900
1783085097.953698,2129,3949,7852,7720,167.6900,0.6900
1783085097.969706,2129,3902,7899,7664,167.6900,0.6900
1783085097.986057,2139,3959,7889,7730,170.4000,0.0000
1783085098.001681,2101,3940,7870,7683,170.4000,0.0000
1783085098.017687,2101,3959,7861,7758,170.4000,0.0000
1783085098.033998,2101,3893,7870,7702,167.6900,-0.6300
1783085098.049797,2176,3949,7870,7711,167.6900,-0.6300
1783085098.065769,2083,3996,7852,7720,167.6900,-0.6300
1783085098.080956,2111,3996,7861,7730,164.9900,0.4400
1783085098.096669,2083,3949,7861,7711,164.9900,0.4400
1783085098.112693,2167,3921,7889,7711,164.9900,0.4400
1783085098.130760,2148,3921,7889,7730,167.6900,-0.2500
1783085098.146984,2045,3884,7899,7730,167.6900,-0.2500
1783085098.162730,2129,3987,7889,7739,167.6900,-0.2500
1783085098.180481,2120,3884,7889,7758,162.2800,-1.1200
1783085098.197285,2120,3921,7880,7758,162.2800,-1.1200
1783085098.213128,2083,3893,7889,7748,162.2800,-1.1200
1783085098.228774,2129,3940,7889,7767,162.2800,1.3100
1783085098.244520,2120,3931,7917,7730,162.2800,1.3100
1783085098.260756,1961,3893,7936,7748,162.2800,1.3100
1783085098.278211,2083,3902,7927,7786,167.6900,-1.6300
1783085098.292124,2045,3902,7870,7758,167.6900,-1.6300
1783085098.307598,2073,3949,7899,7795,167.6900,-1.6300
1783085098.325568,2092,3893,7889,7795,167.6900,-1.6300
1783085098.341809,2073,3921,7955,7805,161.7500,-2.0000
1783085098.358260,2073,3884,7908,7805,161.7500,-2.0000
1783085098.374061,2054,3912,7917,7767,161.7500,-2.0000
1783085098.389876,2045,3865,7889,7786,164.9900,-4.0000
1783085098.407920,2111,3874,7889,7786,164.9900,-4.0000
1783085098.424256,2101,3912,7945,7748,168.3500,2.2500
1783085098.439894,2036,3949,7899,7777,168.3500,2.2500
1783085098.455885,2045,3884,7917,7730,168.3500,2.2500
1783085098.472391,2026,3837,7908,7758,168.3500,2.2500
1783085098.489468,2064,3893,7917,7730,164.4000,-2.3800
1783085098.504022,2064,3931,7908,7748,164.4000,-2.3800
1783085098.519257,2092,3940,7908,7777,164.4000,-2.3800
1783085098.537549,2054,3921,7908,7777,164.9900,2.0600
1783085098.552700,2111,3912,7908,7767,164.9900,2.0600
1783085098.568688,2073,3818,7889,7824,164.9900,2.0600
1783085098.584944,2073,3874,7917,7777,162.2800,-0.6900
1783085098.600720,2017,3902,7917,7786,162.2800,-0.6900
1783085098.616690,2111,3855,7964,7748,162.2800,-0.6900
1783085098.632997,2026,3837,7983,7777,167.6900,0.2500
1783085098.648910,2045,3855,7983,7824,167.6900,0.2500
1783085098.666034,2092,3855,7936,7805,167.6900,0.2500
1783085098.682977,2007,3884,7899,7786,165.5900,-0.8800
1783085098.699551,1942,3837,7955,7814,165.5900,-0.8800
1783085098.714988,2045,3827,7917,7861,165.5900,-0.8800
1783085098.731052,2017,3902,7974,7795,162.2800,1.1200
1783085098.746446,2036,3790,7992,7777,162.2800,1.1200
1783085098.762270,1998,3837,7983,7833,162.2800,1.1200
1783085098.779282,1970,3818,7983,7786,162.2800,-0.6900
1783085098.797812,1998,3855,7983,7786,162.2800,-0.6900
1783085098.815744,2054,3855,8002,7852,162.2800,-0.6900
1783085098.834726,2054,3855,8002,7852,153.8000,0.9400
1783085098.851023,2045,3855,7974,7861,153.8000,0.9400
1783085098.867271,1989,3790,7955,7758,153.8000,0.9400
1783085098.882973,1979,3799,7964,7880,162.2800,-0.6300
1783085098.899223,2036,3809,7955,7795,162.2800,-0.6300
1783085098.915365,2007,3846,8002,7795,162.2800,-0.6300
1783085098.930927,1923,3809,7983,7842,159.5800,1.1200
1783085098.947038,1961,3827,7983,7777,159.5800,1.1200
1783085098.963595,1979,3771,7974,7805,159.5800,1.1200
1783085098.978960,1979,3818,7945,7814,162.2800,-1.7500
1783085098.995125,1923,3846,8011,7824,162.2800,-1.7500
1783085099.011499,1979,3752,7983,7805,162.2800,-1.7500
1783085099.027657,1989,3780,8058,7786,162.2800,-1.7500
1783085099.043297,1932,3855,8049,7842,156.8700,1.7500
1783085099.060298,2054,3809,8021,7842,156.8700,1.7500
1783085099.078290,2092,3827,7964,7795,156.8700,-0.6300
1783085099.091881,1961,3780,7974,7814,156.8700,-0.6300
1783085099.108748,2017,3865,8021,7852,156.8700,-0.6300
1783085099.123883,1923,3799,7983,7870,156.8700,-0.6300
1783085099.139832,1961,3752,8049,7861,160.0700,0.3700
1783085099.156641,1970,3780,8077,7861,160.0700,0.3700
1783085099.172951,1979,3809,8021,7842,151.1400,0.1900
1783085099.188163,2073,3855,8114,7824,151.1400,0.1900
1783085099.204485,1923,3734,8030,7870,151.1400,0.1900
1783085099.219113,2036,3734,8030,7861,151.1400,0.1900
1783085099.239062,1914,3799,8058,7824,154.1700,0.5600
1783085099.251310,2007,3818,8077,7852,154.1700,0.5600
1783085099.266930,1961,3752,8105,7889,154.1700,0.5600
1783085099.282892,1942,3790,8058,7861,160.0700,-0.1900
1783085099.299220,1951,3762,8039,7880,160.0700,-0.1900
1783085099.316199,1895,3827,8039,7880,160.0700,-0.1900
1783085099.333942,1989,3771,8086,7880,151.1400,-2.5000
1783085099.350224,2045,3752,8039,7880,151.1400,-2.5000
1783085099.366873,1923,3790,8049,7842,151.1400,-2.5000
1783085099.382381,1942,3734,8077,7833,160.0700,-1.3100
1783085099.400514,1923,3734,8086,7833,160.0700,-1.3100
1783085099.416234,1961,3771,8067,7852,160.0700,-1.3100
1783085099.431400,1876,3780,8067,7824,154.1700,0.6300
1783085099.450312,1998,3696,8096,7824,154.1700,0.6300
1783085099.466534,1979,3743,8077,7852,154.1700,0.6300
1783085099.482376,1932,3743,8124,7861,148.4900,-1.4400
1783085099.498498,1876,3752,8086,7889,148.4900,-1.4400
1783085099.515748,1951,3780,8058,7889,148.4900,-1.4400
1783085099.531289,1932,3743,8114,7880,148.7600,-0.3100
1783085099.547253,1895,3762,8077,7861,148.7600,-0.3100
1783085099.563612,1923,3752,8105,7842,148.7600,-0.3100
1783085099.579156,1923,3734,8096,7852,151.4600,1.3700
1783085099.595293,1848,3743,8058,7852,151.4600,1.3700
1783085099.613374,1998,3752,8058,7880,151.4600,1.3700
1783085099.629750,1886,3752,8105,7908,154.1700,0.3100
1783085099.645265,1951,3780,8114,7880,154.1700,0.3100
1783085099.661354,1876,3724,8096,7861,154.1700,0.3100
1783085099.679211,1961,3752,8105,7852,151.4600,0.1200
1783085099.694670,1951,3818,8077,7852,151.4600,0.1200
1783085099.710430,1932,3780,8096,7917,151.4600,0.1200
1783085099.727802,1876,3687,8133,7870,154.1700,0.0600
1783085099.743942,1942,3743,8058,7889,154.1700,0.0600
1783085099.758586,1979,3734,8096,7880,154.1700,0.0600
1783085099.774557,1867,3771,8086,7899,151.4600,-0.1200
1783085099.790812,1961,3715,8105,7870,151.4600,-0.1200
1783085099.806592,1951,3705,8058,7899,151.4600,-0.1200
1783085099.824255,1961,3752,8077,7899,151.4600,-0.1200
1783085099.842093,1839,3734,8105,7899,146.0500,0.3700
1783085099.859843,1867,3734,8096,7899,146.0500,0.3700
1783085099.878527,1942,3724,8096,7908,154.1700,1.8100
1783085099.893718,1923,3724,8096,7880,154.1700,1.8100
1783085099.909864,1876,3734,8086,7899,154.1700,1.8100
1783085099.925803,1904,3743,8114,7908,148.7600,0.4400
1783085099.941950,1923,3734,8161,7861,148.7600,0.4400
1783085099.959561,1867,3734,8133,7861,148.7600,0.4400
1783085099.975346,1820,3705,8105,7908,148.7600,0.4400
1783085099.991334,1886,3771,8114,7908,146.0500,-0.5600
1783085100.007583,1886,3677,8152,7870,146.0500,-0.5600
1783085100.023502,1848,3743,8133,7880,146.0500,-0.5600
1783085100.039430,1914,3734,8133,7927,146.0500,-0.5600
1783085100.055939,1839,3752,8105,7899,146.0500,-0.5600
1783085100.071855,1857,3705,8114,7936,146.0500,-0.5600
1783085100.087716,1904,3705,8142,7899,146.0500,0.8100
1783085100.104058,1867,3809,8142,7908,146.0500,0.8100
1783085100.118524,1904,3687,8152,7917,146.0500,0.8100
1783085100.134610,1895,3696,8199,7908,146.0500,0.2500
1783085100.152531,1848,3687,8142,7908,146.0500,0.2500
1783085100.168588,1867,3687,8142,7936,146.0500,0.2500
1783085100.184258,1867,3715,8161,7917,146.0500,0.4400
1783085100.200722,1923,3696,8124,7880,146.0500,0.4400
1783085100.216922,1867,3734,8161,7899,146.0500,0.4400
1783085100.233029,1792,3687,8180,7917,143.3500,0.0600
1783085100.248319,1886,3705,8171,7992,143.3500,0.0600
1783085100.264812,1810,3705,8152,7955,143.3500,0.0600
1783085100.280555,1848,3724,8227,7927,143.3500,1.5600
1783085100.296444,1867,3715,8171,7945,143.3500,1.5600
1783085100.312859,1810,3724,8171,7917,143.3500,1.5600
1783085100.329112,1829,3715,8152,7945,143.3500,1.6300
1783085100.345287,1857,3724,8180,7936,143.3500,1.6300
1783085100.360512,1820,3705,8199,7936,143.3500,1.6300
1783085100.375327,1839,3677,8171,7927,146.0500,-1.5600
1783085100.391992,1820,3696,8171,7880,146.0500,-1.5600
1783085100.407247,1867,3677,8161,7908,146.0500,-1.5600
1783085100.423253,1848,3724,8227,7917,146.0500,-1.5600
1783085100.439504,1829,3724,8199,7936,143.3500,2.0000
1783085100.457664,1782,3705,8189,7936,143.3500,2.0000
1783085100.475661,1857,3668,8208,7936,146.0500,-1.0000
1783085100.491444,1848,3696,8189,7945,146.0500,-1.0000
1783085100.507472,1848,3658,8199,7945,146.0500,-1.0000
1783085100.523675,1801,3696,8199,7983,143.3500,0.6300
1783085100.539656,1848,3687,8199,7927,143.3500,0.6300
1783085100.555811,1801,3696,8199,7955,143.3500,0.6300
1783085100.572723,1867,3705,8199,7936,143.3500,0.6300
1783085100.589523,1792,3696,8227,7992,137.8900,1.1900
1783085100.604686,1754,3724,8218,8011,137.8900,1.1900
1783085100.620658,1810,3734,8218,7955,137.8900,1.1900
1783085100.637394,1820,3687,8236,8002,149.0300,0.1900
1783085100.653274,1773,3715,8189,7974,149.0300,0.1900
1783085100.668873,1848,3677,8236,7974,149.0300,0.1900
1783085100.684993,1801,3705,8218,8011,137.8900,-0.5000
1783085100.700495,1773,3658,8227,8011,137.8900,-0.5000
1783085100.716559,1792,3677,8208,7927,137.8900,-0.5000
1783085100.732716,1754,3668,8218,7945,146.2700,-0.9400
1783085100.748515,1792,3668,8264,8002,146.2700,-0.9400
1783085100.764702,1820,3658,8236,8002,146.2700,-0.9400
1783085100.780920,1820,3724,8274,7974,140.5400,0.3700
1783085100.796720,1820,3649,8246,7955,140.5400,0.3700
1783085100.812763,1820,3677,8208,8002,140.5400,0.3700
1783085100.829923,1810,3705,8293,8002,143.5100,0.5000
1783085100.845802,1773,3658,8255,7955,143.5100,0.5000
1783085100.861689,1801,3668,8246,7992,143.5100,0.5000
1783085100.880054,1829,3658,8264,7964,140.6400,0.8100
1783085100.894422,1792,3696,8264,7964,140.6400,0.8100
1783085100.909807,1782,3621,8264,7974,140.6400,0.8100
1783085100.926422,1792,3640,8274,7964,132.5800,-0.9400
1783085100.942457,1886,3687,8264,8021,132.5800,-0.9400
1783085100.957878,1754,3668,8293,8021,132.5800,-0.9400
1783085100.974159,1829,3687,8293,8021,140.6400,1.1900
1783085100.989599,1773,3696,8246,8021,140.6400,1.1900
1783085101.005571,1707,3649,8236,8011,140.6400,1.1900
1783085101.022158,1792,3640,8264,8021,140.6400,1.1900
1783085101.037529,1829,3687,8274,8011,137.9900,0.7500
1783085101.053563,1735,3705,8274,8030,137.9900,0.7500
1783085101.069861,1754,3696,8255,8011,137.9900,0.7500
1783085101.084575,1839,3696,8274,8030,137.8900,0.0000
1783085101.100586,1745,3658,8311,8049,137.8900,0.0000
1783085101.119015,1745,3677,8311,8021,137.8900,0.0000
1783085101.135484,1745,3677,8283,8039,132.4700,0.8800
1783085101.150876,1773,3649,8264,8039,132.4700,0.8800
1783085101.166735,1782,3677,8264,8002,132.4700,0.8800
1783085101.183343,1735,3696,8302,8011,135.2300,-0.1200
1783085101.198767,1754,3687,8255,8021,135.2300,-0.1200
1783085101.215104,1782,3696,8218,7992,135.2300,-0.1200
1783085101.231270,1754,3668,8293,8030,135.2300,0.8800
1783085101.246951,1782,3668,8311,8002,135.2300,0.8800
1783085101.263199,1754,3649,8293,8002,135.2300,0.8800
1783085101.280781,1754,3630,8274,8002,129.8300,1.2500
1783085101.297339,1717,3658,8283,7983,129.8300,1.2500
1783085101.312069,1754,3658,8321,8011,129.8300,1.2500
1783085101.330074,1726,3658,8274,8002,129.9300,-0.0600
1783085101.344178,1764,3715,8264,8002,129.9300,-0.0600
1783085101.359754,1754,3630,8283,8002,129.9300,-0.0600
1783085101.376315,1754,3640,8293,8002,129.8300,0.8800
1783085101.393019,1726,3668,8293,8067,129.8300,0.8800
1783085101.407843,1717,3621,8302,8030,129.8300,0.8800
1783085101.424458,1707,3621,8321,8002,140.7500,0.1900
1783085101.439797,1717,3668,8236,8011,140.7500,0.1900
1783085101.457899,1689,3687,8236,8049,140.7500,0.1900
1783085101.473726,1660,3649,8264,8058,140.7500,0.1900
1783085101.490024,1773,3630,8293,8021,132.5800,-1.5600
1783085101.504719,1670,3658,8302,8021,132.5800,-1.5600
1783085101.521773,1670,3630,8311,8067,132.5800,-1.5600
1783085101.538057,1745,3640,8274,8086,132.4700,-1.1200
1783085101.552765,1707,3630,8330,8058,132.4700,-1.1200
1783085101.569025,1670,3640,8330,8077,132.4700,-1.1200
1783085101.585244,1698,3668,8311,8039,129.8300,-0.2500
1783085101.601002,1707,3677,8302,8011,129.8300,-0.2500
1783085101.617092,1698,3649,8311,8067,129.8300,-0.2500
1783085101.633365,1679,3630,8283,8058,124.6300,0.3700
1783085101.649065,1660,3612,8358,8058,124.6300,0.3700
1783085101.666152,1689,3677,8358,8058,124.6300,0.3700
1783085101.682535,1689,3668,8302,8039,127.1200,-0.8100
1783085101.698418,1679,3649,8302,8096,127.1200,-0.8100
1783085101.714049,1651,3649,8283,8030,127.1200,-0.8100
1783085101.730448,1689,3649,8311,8030,129.7100,1.4400
1783085101.746591,1632,3640,8358,7983,129.7100,1.4400
1783085101.761846,1707,3630,8302,8039,129.7100,1.4400
1783085101.779516,1717,3612,8293,8105,129.8300,-0.6300
1783085101.793850,1660,3621,8302,8105,129.8300,-0.6300
1783085101.809825,1670,3640,8321,8067,129.8300,-0.6300
1783085101.828831,1707,3640,8321,8067,121.9800,0.5600
1783085101.844132,1735,3583,8321,8086,121.9800,0.5600
1783085101.862675,1670,3668,8386,8086,121.9800,0.5600
1783085101.880324,1679,3612,8349,8086,127.1200,0.6900
1783085101.894090,1670,3621,8330,8086,127.1200,0.6900
1783085101.910315,1679,3649,8377,8058,127.1200,0.6900
1783085101.929600,1651,3640,8358,8058,129.8300,-1.5000
1783085101.944429,1642,3630,8321,8077,129.8300,-1.5000
1783085101.960203,1707,3630,8330,8114,129.8300,-1.5000
1783085101.976573,1632,3602,8377,8096,127.1200,1.8800
1783085101.992586,1689,3658,8386,8086,127.1200,1.8800
1783085102.008373,1679,3677,8349,8067,127.1200,1.8800
1783085102.024907,1642,3677,8377,8067,127.1200,-0.9400
1783085102.041182,1660,3565,8405,8114,127.1200,-0.9400
1783085102.056216,1735,3593,8405,8105,127.1200,-0.9400
1783085102.072281,1613,3649,8396,8114,127.1200,-0.9400
1783085102.087956,1670,3621,8386,8114,126.9500,0.3700
1783085102.103947,1707,3593,8358,8105,126.9500,0.3700
1783085102.120488,1623,3612,8405,8105,126.9500,0.3700
1783085102.136809,1707,3649,8386,8077,127.2800,-1.6300
1783085102.152032,1689,3612,8405,8077,127.2800,-1.6300
1783085102.168730,1632,3583,8377,8086,127.2800,-1.6300
1783085102.184984,1660,3621,8405,8058,124.4200,1.6900
1783085102.200406,1754,3593,8433,8105,124.4200,1.6900
1783085102.216311,1679,3612,8396,8124,124.4200,1.6900
1783085102.232759,1717,3630,8405,8124,127.1200,-0.1900
1783085102.248320,1698,3668,8405,8133,127.1200,-0.1900
1783085102.263704,1660,3602,8424,8124,127.1200,-0.1900
1783085102.281638,1651,3602,8490,8124,129.8300,-0.6300
1783085102.297333,1792,3612,8490,8114,129.8300,-0.6300
1783085102.313308,1623,3640,8396,8105,129.8300,-0.6300
1783085102.330313,1698,3583,8405,8124,127.1200,-0.1200
1783085102.345688,1670,3555,8433,8152,127.1200,-0.1200
1783085102.361104,1670,3612,8415,8124,127.1200,-0.1200
1783085102.379282,1689,3640,8377,8124,126.9500,-0.8800
1783085102.395917,1679,3621,8424,8189,126.9500,-0.8800
1783085102.411170,1698,3593,8424,8133,126.9500,-0.8800
1783085102.429346,1660,3593,8452,8142,121.9800,-0.8100
1783085102.444189,1689,3677,8415,8114,121.9800,-0.8100
1783085102.459244,1632,3602,8452,8142,121.9800,-0.8100
1783085102.475445,1679,3621,8452,8124,121.7100,-0.1200
1783085102.491915,1660,3630,8443,8161,121.7100,-0.1200
1783085102.507585,1670,3583,8424,8114,121.7100,-0.1200
1783085102.523391,1745,3621,8424,8114,121.7100,-0.1200
1783085102.539701,1623,3687,8461,8142,126.9500,-0.1200
1783085102.555403,1651,3677,8452,8133,126.9500,-0.1200
1783085102.571656,1642,3602,8433,8133,126.9500,-0.1200
1783085102.587507,1670,3621,8490,8142,119.3200,-1.1200
1783085102.603196,1632,3583,8508,8105,119.3200,-1.1200
1783085102.619165,1679,3583,8480,8133,119.3200,-1.1200
1783085102.635835,1670,3583,8461,8105,124.4200,1.1200
1783085102.651453,1660,3621,8461,8133,124.4200,1.1200
1783085102.667754,1632,3621,8452,8142,124.4200,1.1200
1783085102.684109,1764,3649,8471,8171,124.4200,-0.1900
1783085102.700873,1651,3621,8508,8171,124.4200,-0.1900
1783085102.716936,1670,3602,8499,8105,124.4200,-0.1900
1783085102.732920,1632,3630,8490,8124,119.0100,0.9400
1783085102.749160,1679,3602,8471,8152,119.0100,0.9400
1783085102.764498,1698,3658,8490,8180,119.0100,0.9400
1783085102.780976,1679,3649,8499,8199,121.7100,-1.1900
1783085102.798712,1632,3630,8565,8199,121.7100,-1.1900
1783085102.816692,1679,3612,8565,8142,121.7100,-1.1900
1783085102.833181,1670,3593,8518,8161,124.4200,0.3100
1783085102.849869,1679,3593,8499,8161,124.4200,0.3100
1783085102.864451,1642,3593,8490,8180,124.4200,0.3100
1783085102.881621,1642,3621,8471,8171,119.0100,0.2500
1783085102.899665,1689,3658,8471,8171,119.0100,0.2500
1783085102.916539,1670,3593,8555,8171,119.0100,0.2500
1783085102.932220,1613,3687,8527,8133,119.0100,0.8100
1783085102.948855,1660,3593,8490,8180,119.0100,0.8100
1783085102.965445,1670,3602,8499,8161,119.0100,0.8100
1783085102.980511,1632,3658,8508,8152,119.0100,-1.0600
1783085102.998652,1632,3621,8508,8152,119.0100,-1.0600
1783085103.014563,1632,3630,8471,8208,119.0100,-1.0600
1783085103.030727,1623,3696,8546,8161,113.6000,2.5000
1783085103.046574,1642,3630,8518,8077,113.6000,2.5000
1783085103.062647,1642,3658,8518,8180,113.6000,2.5000
1783085103.079545,1679,3621,8499,8180,119.0100,-1.0000
1783085103.095360,1689,3658,8499,8133,119.0100,-1.0000
1783085103.111332,1623,3677,8508,8189,119.0100,-1.0000
1783085103.129844,1670,3640,8499,8189,119.0100,1.2500
1783085103.147404,1604,3640,8508,8189,119.0100,1.2500
1783085103.165878,1623,3593,8508,8189,119.0100,1.2500
1783085103.181829,1642,3612,8518,8199,116.3000,-2.5600
1783085103.197624,1642,3630,8508,8199,116.3000,-2.5600
1783085103.213612,1595,3583,8555,8171,116.3000,-2.5600
1783085103.229813,1642,3640,8508,8171,113.6000,0.1200
1783085103.248774,1707,3705,8508,8171,113.6000,0.1200
1783085103.264951,1679,3621,8508,8189,113.6000,0.1200
1783085103.280563,1642,3602,8508,8189,113.6000,-1.3700
1783085103.298626,1670,3612,8508,8199,113.6000,-1.3700
1783085103.317768,1538,3640,8508,8199,113.6000,-1.3700
1783085103.334610,1567,3621,8499,8199,111.3700,0.5600
1783085103.351663,1660,3621,8508,8189,111.3700,0.5600
1783085103.366980,1623,3602,8602,8227,111.3700,0.5600
1783085103.382812,1576,3602,8490,8208,113.6000,-0.8800
1783085103.398763,1567,3621,8518,8171,113.6000,-0.8800
1783085103.415171,1613,3640,8527,8171,113.6000,-0.8800
1783085103.430566,1576,3621,8527,8208,113.1600,0.5600
1783085103.448627,1576,3593,8546,8208,113.1600,0.5600
1783085103.466710,1632,3612,8527,8208,113.1600,0.5600
1783085103.482730,1548,3602,8499,8199,113.6000,0.1900
1783085103.498998,1642,3621,8555,8246,113.6000,0.1900
1783085103.514968,1651,3555,8574,8208,113.6000,0.1900
1783085103.530797,1567,3640,8546,8180,111.3700,-0.6900
1783085103.546954,1585,3583,8518,8189,111.3700,-0.6900
1783085103.563173,1595,3593,8565,8218,111.3700,-0.6900
1783085103.579639,1613,3583,8536,8227,118.6800,0.6900
1783085103.593738,1632,3565,8565,8199,118.6800,0.6900
1783085103.609832,1651,3621,8527,8227,118.6800,0.6900
1783085103.626065,1613,3640,8518,8246,108.7200,2.0000
1783085103.641764,1604,3583,8565,8218,108.7200,2.0000
1783085103.657749,1548,3593,8499,8199,108.7200,2.0000
1783085103.675853,1557,3593,8518,8199,113.1600,-1.9400
1783085103.692218,1632,3574,8536,8236,113.1600,-1.9400
1783085103.707807,1595,3555,8602,8199,113.1600,-1.9400
1783085103.724003,1613,3574,8518,8208,113.1600,-1.9400
1783085103.740161,1529,3621,8583,8274,113.6000,2.3800
1783085103.755874,1632,3565,8583,8264,113.6000,2.3800
1783085103.771803,1548,3583,8536,8246,113.6000,2.3800
1783085103.788015,1632,3527,8593,8246,108.1900,-1.5600
1783085103.803912,1623,3621,8583,8283,108.1900,-1.5600
1783085103.820790,1585,3621,8555,8283,108.1900,-1.5600
1783085103.836763,1623,3621,8565,8218,110.8900,1.0600
1783085103.853067,1670,3565,8583,8236,110.8900,1.0600
1783085103.868796,1576,3630,8611,8236,110.8900,1.0600
1783085103.884871,1538,3574,8555,8208,108.1900,-1.1900
1783085103.901204,1632,3537,8602,8264,108.1900,-1.1900
1783085103.916981,1567,3518,8593,8246,108.1900,-1.1900
1783085103.932961,1576,3602,8611,8218,110.8900,1.3100
1783085103.949158,1567,3583,8574,8311,110.8900,1.3100
1783085103.964936,1567,3565,8574,8293,110.8900,1.3100
1783085103.980844,1576,3583,8630,8227,108.1900,-0.3100
1783085103.997263,1623,3583,8593,8302,108.1900,-0.3100
1783085104.013019,1585,3593,8611,8274,108.1900,-0.3100
1783085104.030261,1529,3565,8574,8236,108.7200,0.4400
1783085104.045251,1642,3583,8640,8283,108.7200,0.4400
1783085104.061032,1548,3565,8583,8255,108.7200,0.4400
1783085104.076033,1595,3555,8602,8264,110.4000,-0.9400
1783085104.091726,1567,3565,8565,8283,110.4000,-0.9400
1783085104.107696,1604,3621,8658,8274,110.4000,-0.9400
1783085104.125668,1548,3593,8602,8274,108.1900,0.3700
1783085104.141967,1567,3593,8640,8293,108.1900,0.3700
1783085104.157722,1670,3630,8602,8255,108.1900,0.3700
1783085104.176301,1585,3593,8640,8255,108.1900,0.3700
1783085104.192067,1557,3546,8640,8246,108.1900,0.3700
1783085104.208705,1613,3593,8640,8293,108.1900,0.3700
1783085104.225130,1567,3555,8602,8311,108.1900,0.3700
1783085104.240262,1567,3602,8611,8302,108.1900,0.3700
1783085104.256535,1576,3555,8649,8283,108.1900,0.3700
1783085104.272235,1604,3593,8630,8274,108.1900,0.3700
1783085104.287124,1576,3593,8621,8255,108.1900,0.3700
1783085104.303956,1604,3612,8621,8246,108.1900,0.3700
1783085104.319570,1567,3621,8593,8302,108.1900,0.3700
1783085104.335556,1548,3583,8611,8293,108.1900,0.3700
1783085104.352088,1538,3574,8593,8264,108.1900,0.3700
1783085104.367486,1557,3565,8611,8283,108.1900,0.3700
1783085104.383195,1595,3574,8602,8255,108.1900,0.3700
1783085104.399601,1520,3565,8602,8283,108.1900,0.3700
1783085104.414883,1576,3583,8602,8283,108.1900,0.3700
1783085104.431313,1538,3574,8649,8283,108.1900,0.3700
1783085104.449182,1613,3612,8640,8283,108.1900,0.3700
1783085104.465361,1538,3574,8621,8255,108.1900,0.3700
1783085104.481333,1576,3555,8621,8208,108.1900,0.3700
1783085104.498606,1604,3555,8621,8208,6.4000,-0.0600
1783085104.514539,1567,3593,8555,8302,6.4000,-0.0600
1783085104.530429,1548,3612,8583,8321,6.4000,-0.0600
1783085104.546243,1520,3574,8611,8302,2.7000,7.3800
1783085104.562562,1557,3593,8621,8349,2.7000,7.3800
1783085104.577953,1538,3612,8602,8293,2.7000,7.3800
1783085104.596058,1548,3565,8621,8293,8.1100,3.8800
1783085104.614359,1604,3574,8611,8293,8.1100,3.8800
1783085104.629963,1651,3668,8649,8358,8.1100,3.8800
1783085104.645975,1576,3565,8555,8330,5.4100,11.0000
1783085104.663278,1501,3583,8555,8330,5.4100,11.0000
1783085104.680571,1585,3593,8546,8386,5.4100,11.0000
1783085104.695251,1538,3621,8602,8330,8.1100,12.6300
1783085104.711544,1557,3640,8536,8377,8.1100,12.6300
1783085104.727186,1698,3593,8602,8396,8.1100,12.6300
1783085104.743194,1613,3593,8546,8377,5.4100,11.7500
1783085104.760346,1557,3574,8565,8396,5.4100,11.7500
1783085104.775015,1585,3555,8536,8405,5.4100,11.7500
1783085104.791060,1595,3555,8546,8386,2.7000,14.2500
1783085104.807372,1613,3546,8527,8415,2.7000,14.2500
1783085104.823047,1642,3518,8527,8377,2.7000,14.2500
1783085104.839163,1632,3640,8555,8386,13.5200,13.3100
1783085104.857043,1595,3612,8461,8386,13.5200,13.3100
1783085104.873298,1595,3583,8490,8358,13.5200,13.3100
1783085104.888952,1595,3518,8471,8349,5.4100,15.8800
1783085104.905012,1689,3537,8480,8349,5.4100,15.8800
1783085104.921327,1623,3583,8471,8358,5.4100,15.8800
1783085104.937179,1660,3527,8471,8330,0.0000,10.4400
1783085104.952184,1660,3593,8527,8330,0.0000,10.4400
1783085104.968359,1689,3602,8499,8330,0.0000,10.4400
1783085104.984085,1679,3537,8518,8311,0.0000,10.4400
1783085105.000539,1642,3546,8555,8330,2.7000,13.5600
1783085105.016347,1660,3574,8546,8302,2.7000,13.5600
1783085105.032139,1642,3537,8546,8246,2.7000,13.5600
1783085105.048405,1698,3574,8565,8283,2.7000,11.0600
1783085105.064517,1670,3555,8611,8246,2.7000,11.0600
1783085105.080353,1651,3602,8574,8236,2.7000,11.0600
1783085105.096407,1679,3583,8658,8358,5.4100,11.8800
1783085105.111312,1613,3593,8658,8293,5.4100,11.8800
1783085105.128346,1651,3602,8555,8321,5.4100,11.8800
1783085105.144721,1670,3537,8574,8339,5.4100,8.6300
1783085105.160764,1604,3583,8471,8339,5.4100,8.6300
1783085105.176481,1660,3574,8846,8293,5.4100,8.6300
1783085105.193327,1670,3621,8752,8293,2.7000,12.8800
1783085105.209754,1717,3705,8396,8452,2.7000,12.8800
1783085105.225355,1689,3583,8396,8368,2.7000,12.8800
1783085105.241425,1651,3658,8377,8330,8.1100,8.8100
1783085105.257752,1689,3583,8396,8396,8.1100,8.8100
1783085105.273680,1679,3668,8368,8349,8.1100,8.8100
1783085105.289383,1670,3640,8358,8386,2.7000,10.8800
1783085105.306490,1660,3640,8349,8349,2.7000,10.8800
1783085105.321527,1689,3640,8349,8349,2.7000,10.8800
1783085105.338468,1698,3668,8339,8358,5.4100,8.1900
1783085105.355549,1651,3658,8339,8349,5.4100,8.1900
1783085105.372905,1707,3640,8377,8311,5.4100,8.1900
1783085105.387418,1745,3734,8377,8311,5.4100,9.8100
1783085105.403587,1707,3640,8424,8311,5.4100,9.8100
1783085105.418962,1726,3640,8415,8255,5.4100,9.8100
1783085105.434535,1717,3640,8424,8302,5.4100,9.8100
1783085105.450526,1670,3602,8471,8255,5.4100,6.6900
1783085105.466745,1745,3640,8424,8180,5.4100,6.6900
1783085105.482573,1679,3621,8480,8208,5.4100,6.6900
1783085105.498549,1660,3649,8461,8189,2.7000,7.2500
1783085105.514750,1660,3612,8480,8171,2.7000,7.2500
1783085105.532707,1717,3640,8461,8171,2.7000,5.6900
1783085105.548750,1735,3649,8471,8189,2.7000,5.6900
1783085105.564621,1698,3583,8471,8171,2.7000,5.6900
1783085105.580735,1689,3518,8499,8161,2.7000,5.6900
1783085105.597555,1679,3508,8574,8161,5.4100,3.3800
1783085105.614558,1660,3630,8499,8142,5.4100,3.3800
1783085105.629587,1698,3602,8508,8161,5.4100,3.3800
1783085105.646721,1660,3518,8490,8161,5.4100,5.8800
1783085105.661618,1689,3565,8499,8189,5.4100,5.8800
1783085105.679791,1679,3499,8874,8189,5.4100,5.8800
1783085105.697743,1698,3499,8518,8189,2.7000,2.6900
1783085105.713634,1735,3621,8518,8180,2.7000,2.6900
1783085105.729636,1689,3546,8480,8161,2.7000,2.6900
1783085105.745621,1745,3527,8527,8161,5.4100,5.5000
1783085105.761750,1698,3490,8499,8246,5.4100,5.5000
1783085105.777672,1707,3508,8480,8199,5.4100,5.5000
1783085105.794646,1660,3508,8480,8199,5.4100,2.8100
1783085105.810741,1717,3555,8499,8218,5.4100,2.8100
1783085105.827108,1754,3537,8443,8208,5.4100,2.8100
1783085105.842646,1726,3518,8443,8283,2.7000,5.4400
1783085105.858612,1689,3499,8433,8199,2.7000,5.4400
1783085105.874859,1717,3499,8415,8199,2.7000,5.4400
1783085105.890659,1698,3480,8480,8293,5.4100,1.8800
1783085105.906611,1698,3480,8386,8415,5.4100,1.8800
1783085105.923074,1735,3471,8424,8302,5.4100,1.8800
1783085105.938578,1735,3480,8386,8302,8.1100,4.4400
1783085105.954784,1745,3461,8377,8471,8.1100,4.4400
1783085105.971173,1764,3499,8386,8461,8.1100,4.4400
1783085105.987051,1726,3471,8377,8349,5.4100,2.6300
1783085106.002692,1745,3527,8349,8368,5.4100,2.6300
1783085106.019072,1764,3537,8321,8339,5.4100,2.6300
1783085106.034883,1735,3499,8349,8349,5.4100,2.6300
1783085106.050699,1717,3490,8283,8349,5.4100,3.6900
1783085106.067124,1792,3490,8283,8349,5.4100,3.6900
1783085106.082912,1764,3480,8274,8339,5.4100,3.6900
1783085106.097758,1754,3518,8349,8377,5.4100,2.5600
1783085106.113799,1726,3508,8302,8405,5.4100,2.5600
1783085106.129844,1754,3527,8311,8377,5.4100,2.5600
1783085106.147786,1726,3452,8311,8377,8.1100,3.1900
1783085106.162991,1782,3480,8246,8386,8.1100,3.1900
1783085106.178763,1735,3490,8339,8386,8.1100,3.1900
1783085106.194733,1792,3508,8293,8386,5.4100,3.0000
1783085106.211036,1801,3461,8293,8377,5.4100,3.0000
1783085106.226846,1782,3490,8321,8368,5.4100,3.0000
1783085106.241832,1745,3490,8349,8368,5.4100,2.9400
1783085106.259056,1735,3490,8321,8377,5.4100,2.9400
1783085106.274817,1820,3499,8311,8405,5.4100,2.9400
1783085106.291191,1754,3461,8255,8424,5.4100,2.9400
1783085106.308116,1764,3499,8339,8452,5.4100,2.9400
1783085106.322931,1754,3527,8255,8396,5.4100,2.9400
1783085106.338909,1745,3471,8771,8443,5.4100,2.9400
1783085106.353925,1754,3490,8283,8471,5.4100,2.9400
1783085106.369851,1735,3508,8349,8405,5.4100,2.9400
1783085106.387990,1754,3508,8349,8368,5.4100,2.9400
1783085106.403920,1810,3508,8321,8415,5.4100,2.9400
1783085106.420069,1764,3471,8321,8518,5.4100,2.9400
1783085106.437980,1764,3499,8255,8518,5.4100,2.9400
1783085106.456140,1764,3461,8283,8518,5.4100,2.9400
1783085106.472954,1745,3480,8283,8424,5.4100,2.9400
1783085106.489927,1735,3527,8264,8321,5.4100,2.9400
1783085106.505073,1764,3490,8677,8424,5.4100,2.9400
1783085106.520915,1801,3537,8236,8433,5.4100,2.9400
1783085106.536888,1810,3471,8330,8349,5.4100,2.9400
1783085106.553237,1745,3499,8283,8368,5.4100,2.9400
1783085106.568990,1782,3424,8330,8415,5.4100,2.9400
1783085106.584999,1792,3537,8264,8396,5.4100,2.9400
1783085106.601162,1754,3508,8349,8311,3.3600,-0.1200
1783085106.616992,1754,3518,8321,8386,3.3600,-0.1200
1783085106.633134,1745,3490,8302,8452,3.3600,-0.1200
1783085106.651045,1764,3518,8302,8386,59.5000,-0.2500
1783085106.667228,1764,3471,8386,8377,59.5000,-0.2500
1783085106.683094,1782,3480,8293,8415,59.5000,-0.2500
1783085106.699896,1735,3471,8339,8415,78.4400,-2.8100
1783085106.716035,1764,3480,8255,8386,78.4400,-2.8100
1783085106.734039,1782,3537,8339,8386,78.4400,-2.8100
1783085106.750258,1707,3490,8349,8405,102.7800,0.3700
1783085106.768361,1764,3471,8349,8386,102.7800,0.3700
1783085106.784156,1717,3480,8236,8396,102.7800,0.3700
1783085106.800048,1717,3499,8368,8480,108.1900,-2.3100
1783085106.818061,1810,3461,8368,8358,108.1900,-2.3100
1783085106.835443,1773,3452,8274,8358,108.1900,-2.3100
1783085106.852228,1820,3443,8255,8368,113.6000,0.5000
1783085106.867069,1820,3471,8311,8368,113.6000,0.5000
1783085106.883549,1754,3461,8246,8349,113.6000,0.5000
1783085106.899222,1735,3490,8293,8433,121.7100,1.0600
1783085106.915090,1726,3452,8687,8499,121.7100,1.0600
1783085106.931286,1735,3508,8255,8377,121.7100,1.0600
1783085106.949761,1792,3415,8696,8377,119.0100,0.4400
1783085106.965250,1839,3518,8743,8330,119.0100,0.4400
1783085106.980317,1801,3480,8743,8321,119.0100,0.4400
1783085106.997643,1801,3490,8274,8358,121.7100,-0.4400
1783085107.013166,1745,3471,8724,8471,121.7100,-0.4400
1783085107.029156,1876,3452,8696,8321,121.7100,-0.4400
1783085107.045303,1764,3480,8321,8321,124.6300,2.2500
1783085107.061384,1754,3490,8724,8330,124.6300,2.2500
1783085107.077274,1792,3452,8274,8405,124.6300,2.2500
1783085107.093318,1801,3443,8339,8396,124.6300,2.2500
1783085107.110705,1782,3461,8339,8283,132.4700,0.0600
1783085107.126543,1745,3415,8349,8349,132.4700,0.0600
1783085107.142485,1820,3480,8302,8293,132.4700,0.0600
1783085107.158673,1801,3471,8743,8311,132.5300,0.4400
1783085107.174520,1820,3415,8687,8330,132.5300,0.4400
1783085107.190409,1782,3518,8302,8293,132.5300,0.4400
1783085107.206440,1707,3480,8311,8302,132.5800,0.3700
1783085107.222320,1820,3443,8321,8264,132.5800,0.3700
1783085107.238289,1754,3433,8705,8283,132.5800,0.3700
1783085107.254484,1829,3480,8715,8283,135.2300,-0.0600
1783085107.270320,1717,3452,8283,8293,135.2300,-0.0600
1783085107.286303,1867,3480,8349,8227,135.2300,-0.0600
1783085107.302628,1782,3415,8293,8255,137.9400,-0.7500
1783085107.317395,1764,3508,8293,8274,137.9400,-0.7500
1783085107.334365,1829,3508,8264,8274,137.9400,-0.7500
1783085107.350237,1754,3424,8283,8246,146.2700,-0.0600
1783085107.365333,1792,3405,8236,8236,146.2700,-0.0600
1783085107.381316,1801,3490,8255,8246,146.2700,-0.0600
1783085107.397364,1792,3461,8255,8255,146.2700,-0.0600
1783085107.413283,1801,3433,8321,8264,143.1900,-0.0600
1783085107.429290,1810,3452,8264,8264,143.1900,-0.0600
1783085107.445317,1773,3452,8236,8246,143.1900,-0.0600
1783085107.461315,1792,3424,8302,8274,146.0500,-2.0600
1783085107.477325,1773,3415,8246,8293,146.0500,-2.0600
1783085107.493385,1754,3443,8311,8246,146.0500,-2.0600
1783085107.509374,1820,3433,8274,8302,151.4600,1.6300
1783085107.525378,1801,3461,8274,8283,151.4600,1.6300
1783085107.541420,1810,3490,8302,8264,151.4600,1.6300
1783085107.557451,1839,3415,8236,8236,157.3100,-0.9400
1783085107.573918,1792,3443,8283,8283,157.3100,-0.9400
1783085107.589470,1801,3480,8733,8283,157.3100,-0.9400
1783085107.605411,1848,3415,8274,8264,159.5800,0.1200
1783085107.620668,1848,3358,8321,8274,159.5800,0.1200
1783085107.636475,1829,3471,8339,8396,159.5800,0.1200
1783085107.652392,1801,3368,8264,8330,159.1000,-1.5600
1783085107.668621,1839,3396,8386,8349,159.1000,-1.5600
1783085107.684443,1848,3452,8264,8283,159.1000,-1.5600
1783085107.700304,1848,3433,8283,8283,173.8700,1.5000
1783085107.716666,1867,3386,8246,8377,173.8700,1.5000
1783085107.732517,1867,3396,8293,8311,173.8700,1.5000
1783085107.749216,1829,3433,8236,8293,169.7100,-1.5600
1783085107.765112,1839,3424,8293,8396,169.7100,-1.5600
1783085107.780474,1867,3386,8227,8339,169.7100,-1.5600
1783085107.799393,1829,3368,8283,8339,175.8000,1.0600
1783085107.814641,1839,3433,8246,8415,175.8000,1.0600
1783085107.830818,1857,3405,8218,8349,175.8000,1.0600
1783085107.846761,1886,3377,8218,8386,175.8000,1.0600
1783085107.862496,1886,3386,8255,8339,181.2100,0.3700
1783085107.877618,1904,3386,8255,8433,181.2100,0.3700
1783085107.893509,1942,3368,8227,8349,181.2100,0.3700
1783085107.909592,1839,3405,8236,8396,187.6700,-2.6900
1783085107.925503,1904,3358,8218,8471,187.6700,-2.6900
1783085107.941521,1932,3415,8283,8358,187.6700,-2.6900
1783085107.957531,1942,3358,8283,8311,185.6200,-0.7500
1783085107.975523,1942,3368,8236,8311,185.6200,-0.7500
1783085107.991607,1895,3358,8208,8518,185.6200,-0.7500
1783085108.007577,1895,3386,8255,8490,192.0300,-1.0000
1783085108.023564,1839,3368,8630,8499,192.0300,-1.0000
1783085108.039616,1970,3358,8630,8424,192.0300,-1.0000
1783085108.055577,1923,3377,8218,8443,194.7400,-0.1900
1783085108.071585,1914,3386,8208,8349,194.7400,-0.1900
1783085108.087764,1829,3349,8236,8527,194.7400,-0.1900
1783085108.103624,1876,3377,8236,8536,194.7400,-0.5600
1783085108.119181,1820,3340,8189,8593,194.7400,-0.5600
1783085108.135082,1942,3358,8593,8330,194.7400,-0.5600
1783085108.150768,1848,3330,8236,8480,205.5600,-1.3700
1783085108.167064,1886,3340,8264,8321,205.5600,-1.3700
1783085108.182853,1895,3377,8227,8443,205.5600,-1.3700
1783085108.199370,1951,3330,8236,8518,205.5600,0.9400
1783085108.215002,1886,3340,8227,8433,205.5600,0.9400
1783085108.230765,1895,3330,8189,8508,205.5600,0.9400
1783085108.246728,1923,3340,8227,8574,205.5600,1.2500
1783085108.263093,1923,3330,8208,8546,205.5600,1.2500
1783085108.278789,1886,3330,8236,8527,205.5600,1.2500
1783085108.294743,1857,3349,8236,8480,205.5600,1.2500
1783085108.311890,1886,3349,8189,8490,205.5600,1.3100
1783085108.327915,1857,3283,8189,8536,205.5600,1.3100
1783085108.343780,1886,3302,8208,8508,205.5600,1.3100
1783085108.359678,1904,3368,8246,8490,197.4400,0.5600
1783085108.374827,1932,3340,8208,8518,197.4400,0.5600
1783085108.391131,1904,3330,8246,8480,197.4400,0.5600
1783085108.409008,1932,3358,8218,8480,205.5600,1.3700
1783085108.425319,1914,3330,8264,8368,205.5600,1.3700
1783085108.440896,1923,3330,8218,8396,205.5600,1.3700
1783085108.456959,1857,3311,8227,8536,200.1500,-1.6900
1783085108.473447,1914,3349,8189,8452,200.1500,-1.6900
1783085108.489123,1914,3340,8255,8536,200.1500,-1.6900
1783085108.504904,1942,3330,8218,8433,197.4400,0.8100
1783085108.521123,1970,3349,8199,8443,197.4400,0.8100
1783085108.536914,1961,3302,8218,8433,197.4400,0.8100
1783085108.552878,1942,3302,8236,8424,200.1500,-0.3100
1783085108.569069,1970,3283,8199,8415,200.1500,-0.3100
1783085108.585966,1942,3302,8199,8443,200.1500,-0.3100
1783085108.604137,1914,3302,8199,8377,200.1500,0.9400
1783085108.618939,1932,3274,8142,8574,200.1500,0.9400
1783085108.635151,1989,3340,8246,8415,200.1500,0.9400
1783085108.653111,1923,3274,8246,8386,194.7400,-0.1200
1783085108.668978,1857,3236,8208,8377,194.7400,-0.1200
1783085108.684922,1970,3264,8227,8358,194.7400,-0.1200
1783085108.701033,1951,3255,8611,8424,202.8500,-1.1200
1783085108.716954,1932,3264,8208,8349,202.8500,-1.1200
1783085108.732953,1961,3283,8218,8415,202.8500,-1.1200
1783085108.749749,1895,3264,8208,8386,200.1500,-0.4400
1783085108.765069,1970,3255,8246,8358,200.1500,-0.4400
1783085108.780948,1923,3274,8208,8339,200.1500,-0.4400
1783085108.797177,1914,3274,8180,8339,205.5600,1.5000
1783085108.812014,1970,3255,8189,8377,205.5600,1.5000
1783085108.827963,1895,3227,8171,8293,205.5600,1.5000
1783085108.845969,1932,3208,8180,8293,200.1500,1.0000
1783085108.862215,1923,3283,8218,8274,200.1500,1.0000
1783085108.877981,1904,3218,8180,8293,200.1500,1.0000
1783085108.893989,1979,3264,8236,8321,200.1500,1.0000
1783085108.911217,1961,3189,8236,8321,202.8500,2.0000
1783085108.927070,1961,3255,8171,8311,202.8500,2.0000
1783085108.943041,1895,3208,8593,8368,202.8500,2.0000
1783085108.959364,1961,3189,8180,8330,200.1500,0.1200
1783085108.975127,2007,3274,8602,8377,200.1500,0.1200
1783085108.991120,1942,3208,8189,8368,200.1500,0.1200
1783085109.007355,1942,3246,8152,8377,200.1500,3.0000
1783085109.023194,1942,3236,8161,8339,200.1500,3.0000
1783085109.038222,1951,3236,8199,8405,200.1500,3.0000
1783085109.054549,1970,3264,8133,8349,194.7400,-2.2500
1783085109.070441,1942,3274,8189,8330,194.7400,-2.2500
1783085109.086528,1961,3255,8161,8368,194.7400,-2.2500
1783085109.102359,2026,3227,8133,8368,200.1500,1.1900
1783085109.118396,1942,3246,8161,8218,200.1500,1.1900
1783085109.136263,1914,3246,8602,8218,200.1500,1.1900
1783085109.155531,2007,3189,8602,8218,193.5700,-2.5000
1783085109.173452,2054,3218,8602,8405,193.5700,-2.5000
1783085109.189506,1998,3143,8133,8330,193.5700,-2.5000
1783085109.207278,2054,3180,8133,8283,204.2300,-0.1200
1783085109.223379,2045,3236,8593,8405,204.2300,-0.1200
1783085109.241419,1989,3255,8593,8246,204.2300,-0.1200
1783085109.259408,2101,3199,8161,8246,197.4400,-0.6300
1783085109.275379,2073,3189,8096,8630,197.4400,-0.6300
1783085109.291294,1998,3199,8527,8583,197.4400,-0.6300
1783085109.308163,2101,3180,8152,8583,205.5600,2.0000
1783085109.324437,2036,3133,8565,8555,205.5600,2.0000
1783085109.342467,2064,3161,8565,8443,205.5600,2.0000
1783085109.358285,1998,3180,8133,8339,202.8500,-0.9400
1783085109.374335,2045,3143,8583,8443,202.8500,-0.9400
1783085109.390750,2007,3180,8133,8321,202.8500,-0.9400
1783085109.406545,1970,3171,8189,8480,202.8500,2.5600
1783085109.422500,2007,3096,8096,8358,202.8500,2.5600
1783085109.440409,2017,3124,8152,8358,202.8500,2.5600
1783085109.456620,2026,3152,8133,8640,202.8500,-0.8800
1783085109.475759,2158,3199,8133,8640,202.8500,-0.8800
1783085109.493513,2139,3189,8152,8640,202.8500,-0.8800
1783085109.511405,2026,3180,8152,8593,200.1500,-0.3700
1783085109.529464,2083,3199,8171,8593,200.1500,-0.3700
1783085109.545491,2026,3105,8199,8443,200.1500,-0.3700
1783085109.564543,2092,3124,8199,8443,198.8700,0.3100
1783085109.580336,2167,3152,8199,8771,198.8700,0.3100
1783085109.601038,2129,3189,8199,8771,200.1500,-0.3700
1783085109.616390,2158,3077,8142,8715,200.1500,-0.3700
1783085109.634388,2120,3124,8142,8799,200.1500,-0.3700
1783085109.651449,2054,3133,8142,8696,202.8500,1.0000
1783085109.668344,2101,3114,8086,8724,202.8500,1.0000
1783085109.684817,2054,3096,8189,8499,202.8500,1.0000
1783085109.700411,2026,3114,8124,8433,197.4400,-0.6300
1783085109.717410,2129,3096,8171,8433,197.4400,-0.6300
1783085109.733453,2111,3114,8142,8602,197.4400,-0.6300
1783085109.750359,2092,3133,8096,8593,204.2300,-0.1900
1783085109.767538,2129,3114,8114,8593,204.2300,-0.1900
1783085109.783485,2045,3058,8133,8443,204.2300,-0.1900
1783085109.800232,2092,3021,8114,8593,201.5300,-0.5000
1783085109.815527,2092,3105,8096,8640,201.5300,-0.5000
1783085109.831529,2111,3011,8133,8640,201.5300,-0.5000
1783085109.847467,2129,3152,8152,8621,206.9900,1.0600
1783085109.863552,2101,3049,8189,8574,206.9900,1.0600
1783085109.879486,2083,3143,8124,8321,206.9900,1.0600
1783085109.895501,2073,3067,8171,8658,205.5600,-0.3700
1783085109.910554,2073,3058,8124,8518,205.5600,-0.3700
1783085109.926533,2120,3011,8189,8377,205.5600,-0.3700
1783085109.942879,2101,3086,8171,8293,205.5600,-0.3700
1783085109.958584,2111,3096,8096,8339,201.5300,2.1300
1783085109.974611,2120,3030,8199,8386,201.5300,2.1300
1783085109.991054,2120,3049,8161,8555,201.5300,2.1300
1783085110.006707,2186,3011,8077,8396,206.9900,-2.3100
1783085110.022662,2083,3030,8161,8480,206.9900,-2.3100
1783085110.039111,2111,3114,8152,8508,206.9900,-2.3100
1783085110.056826,2195,3086,8152,8555,202.8500,0.4400
1783085110.073618,2120,3133,8133,8555,202.8500,0.4400
1783085110.093568,2167,3058,8133,8555,202.8500,0.4400
1783085110.109597,2214,3067,8124,8415,196.2200,-1.6300
1783085110.125599,2120,2964,8133,8621,196.2200,-1.6300
1783085110.141568,2129,3058,8077,8433,196.2200,-1.6300
1783085110.157755,2204,2992,8133,8405,205.5600,0.1900
1783085110.172689,2120,3077,8133,8405,205.5600,0.1900
1783085110.187646,2129,3096,8133,8405,205.5600,0.1900
1783085110.204592,2214,3114,8133,8405,197.4400,-1.4400
1783085110.219687,2214,3002,8133,8433,197.4400,-1.4400
1783085110.236887,2186,3049,8067,8415,197.4400,-1.4400
1783085110.252621,2101,3030,8133,8415,204.2300,0.1900
1783085110.268633,2092,2946,8086,8433,204.2300,0.1900
1783085110.284873,2139,2983,8086,8471,204.2300,0.1900
1783085110.300561,2176,3030,8086,8490,201.5300,1.1200
1783085110.319978,2251,3011,8086,8490,201.5300,1.1200
1783085110.336182,2242,3049,8096,8452,201.5300,1.1200
1783085110.351818,2280,3002,8049,8433,204.2300,-0.1900
1783085110.367701,2176,3086,8536,8546,204.2300,-0.1900
1783085110.384751,2204,3133,8096,8490,204.2300,-0.1900
1783085110.401654,2176,2946,8133,8536,196.2200,0.8100
1783085110.418863,2195,2974,8133,8536,196.2200,0.8100
1783085110.435125,2186,2964,8133,8349,196.2200,0.8100
1783085110.452397,2186,2927,8077,8471,204.2300,2.0000
1783085110.466830,2176,2964,8086,8555,204.2300,2.0000
1783085110.483117,2223,3021,8133,8368,204.2300,2.0000
1783085110.499988,2195,2974,8058,8424,204.2300,2.0000
1783085110.514827,2186,3067,8096,8443,198.8700,-0.1900
1783085110.529734,2139,2955,8096,8461,198.8700,-0.1900
1783085110.545743,2214,3067,8067,8443,198.8700,-0.1900
1783085110.562249,2214,2974,8124,8480,200.1500,-0.9400
1783085110.577532,2242,3077,8096,8349,200.1500,-0.9400
1783085110.595579,2242,2889,8049,8349,200.1500,-0.9400
1783085110.613673,2233,3002,8114,8349,198.7100,0.0000
1783085110.629664,2233,2992,8067,8705,198.7100,0.0000
1783085110.646197,2186,2870,8058,8424,196.2200,-0.3700
1783085110.662268,2317,2983,8096,8490,196.2200,-0.3700
1783085110.678838,2251,2936,8096,8490,196.2200,-0.3700
1783085110.694845,2204,2992,8133,8386,196.2200,-0.3700
1783085110.711083,2280,2983,8124,8583,200.1500,-0.8100
1783085110.726943,2242,2917,8433,8583,200.1500,-0.8100
1783085110.744830,2233,3011,8433,8574,200.1500,-0.8100
1783085110.760917,2214,2983,8096,8593,200.1500,-0.1900
1783085110.777119,2261,2936,8067,8527,200.1500,-0.1900
1783085110.792730,2289,3002,8114,8621,200.1500,-0.1900
1783085110.808835,2242,3002,8114,8349,200.1500,-1.5600
1783085110.824936,2261,3039,8086,8518,200.1500,-1.5600
1783085110.840682,2270,2889,8189,8499,200.1500,-1.5600
1783085110.859670,2308,2917,8189,8499,205.5600,0.6300
1783085110.875879,2364,2964,8105,8368,205.5600,0.6300
1783085110.892703,2270,2983,8086,8555,205.5600,0.6300
1783085110.908177,2261,2964,8077,8865,200.1500,0.6300
1783085110.925935,2261,2983,8077,8452,200.1500,0.6300
1783085110.943991,2373,2889,8077,8705,200.1500,0.6300
1783085110.960312,2214,2992,8096,8396,206.9900,0.8100
1783085110.976314,2280,2946,8077,8415,206.9900,0.8100
1783085110.993765,2326,3002,8077,8565,206.9900,0.8100
1783085111.011725,2317,2936,8077,8508,201.5300,1.8800
1783085111.027065,2280,2964,8067,8339,201.5300,1.8800
1783085111.043560,2251,2927,8067,8471,201.5300,1.8800
1783085111.060235,2280,2899,8527,8583,197.4400,0.6300
1783085111.075649,2336,2992,8021,8602,197.4400,0.6300
1783085111.091231,2308,3011,8086,8555,197.4400,0.6300
1783085111.107512,2270,2964,8086,8471,198.7100,-1.7500
1783085111.125318,2298,2889,8114,8471,198.7100,-1.7500
1783085111.140302,2308,2955,8114,8658,198.7100,-1.7500
1783085111.157218,2373,2842,8096,8649,198.8700,0.3700
1783085111.173453,2326,2917,8039,8546,198.8700,0.3700
1783085111.189987,2289,2889,8039,8546,198.8700,0.3700
1783085111.210307,2345,2946,8039,8546,197.4400,-1.5000
1783085111.228342,2298,2917,8039,8339,197.4400,-1.5000
1783085111.246362,2317,2927,8039,8574,200.1500,0.1200
1783085111.264936,2373,2992,8039,8574,200.1500,0.1200
1783085111.282496,2326,2852,8096,8527,200.1500,0.1200
1783085111.301276,2373,2899,8096,8930,205.5600,-2.2500
1783085111.319359,2298,2889,8096,8930,205.5600,-2.2500
1783085111.337254,2336,2992,8096,8386,205.5600,-2.2500
1783085111.356618,2355,2889,8096,8386,204.2300,1.1900
1783085111.373477,2355,2917,8011,8602,204.2300,1.1900
1783085111.388209,2317,2889,8030,8621,204.2300,1.1900
1783085111.404494,2364,2917,8021,8358,196.2200,0.8100
1783085111.420053,2308,2852,7964,8339,196.2200,0.8100
1783085111.436306,2373,2852,8058,8349,196.2200,0.8100
1783085111.452103,2345,2936,8039,8264,200.1500,-0.0600
1783085111.470006,2392,2917,8021,8264,200.1500,-0.0600
1783085111.486423,2345,2842,8030,8302,200.1500,-0.0600
1783085111.502656,2317,2870,8030,8302,194.7400,2.5000
1783085111.518566,2308,2899,8049,8649,194.7400,2.5000
1783085111.534403,2280,2861,8002,8443,194.7400,2.5000
1783085111.551901,2336,2899,8049,8377,202.8500,-0.6300
1783085111.566308,2355,2880,8002,8396,202.8500,-0.6300
1783085111.582810,2392,2880,8030,8321,202.8500,-0.6300
1783085111.599640,2355,2852,8039,8405,197.4400,-1.4400
1783085111.615340,2373,2814,8443,8405,197.4400,-1.4400
1783085111.633306,2364,2842,8480,8405,197.4400,-1.4400
1783085111.652425,2392,2908,8480,8405,202.8500,0.3700
1783085111.666368,2364,2861,8002,8405,202.8500,0.3700
1783085111.685141,2392,2842,8002,8405,202.8500,0.3700
1783085111.702308,2420,2805,8021,8339,201.4700,-1.0000
1783085111.718476,2411,2805,8039,8396,201.4700,-1.0000
1783085111.733141,2373,2814,7983,8415,201.4700,-1.0000
1783085111.750643,2430,2833,8030,8339,198.8700,0.2500
1783085111.765435,2392,2805,7992,8339,198.8700,0.2500
1783085111.783770,2336,2805,7992,8555,198.8700,0.2500
1783085111.801910,2392,2852,8011,8415,202.8500,-0.9400
1783085111.815882,2401,2842,8011,8630,202.8500,-0.9400
1783085111.832714,2373,2739,8021,8424,202.8500,-0.9400
1783085111.848541,2373,2777,7983,8377,202.8500,-1.3100
1783085111.863740,2411,2739,7983,8405,202.8500,-1.3100
1783085111.880697,2411,2805,8030,8424,202.8500,-1.3100
1783085111.895295,2448,2739,8030,8339,202.8500,-1.3100
1783085111.912749,2458,2842,8002,8255,202.8500,0.1200
1783085111.928478,2420,2758,8049,8471,202.8500,0.1200
1783085111.944209,2420,2758,8002,8339,202.8500,0.1200
1783085111.959606,2392,2767,8039,8349,205.5600,0.0600
1783085111.975297,2401,2767,8011,8668,205.5600,0.0600
1783085111.991630,2392,2711,8039,8386,205.5600,0.0600
1783085112.008667,2439,2777,8021,8330,202.8500,1.3100
1783085112.024157,2430,2758,8049,8386,202.8500,1.3100
1783085112.039941,2439,2711,8030,8321,202.8500,1.3100
1783085112.055926,2420,2805,8021,8330,201.5300,1.6300
1783085112.071624,2467,2767,8039,8640,201.5300,1.6300
1783085112.088393,2420,2720,7992,8583,201.5300,1.6300
1783085112.103581,2458,2739,8021,8349,205.5600,-1.5000
1783085112.122011,2420,2739,8021,8330,205.5600,-1.5000
1783085112.137424,2448,2720,8021,8640,205.5600,-1.5000
1783085112.153408,2439,2720,8030,8405,206.9900,-2.1900
1783085112.169691,2439,2767,8011,8687,206.9900,-2.1900
1783085112.184376,2458,2767,8030,8611,206.9900,-2.1900
1783085112.201712,2411,2692,8011,8715,200.1500,0.9400
1783085112.216765,2411,2711,8058,8424,200.1500,0.9400
1783085112.232414,2467,2627,8021,8386,200.1500,0.9400
1783085112.248471,2439,2692,8021,8293,205.5600,-1.6900
1783085112.265795,2448,2655,8021,8293,205.5600,-1.6900
1783085112.281476,2430,2655,7974,8640,205.5600,-1.6900
1783085112.300950,2448,2702,8021,8640,202.8500,-0.5600
1783085112.315643,2495,2664,8030,8959,202.8500,-0.5600
1783085112.331852,2467,2636,8021,8743,202.8500,-0.5600
1783085112.347553,2448,2617,8067,8349,202.8500,-0.5600
1783085112.363549,2486,2674,8039,8339,201.5300,-0.4400
1783085112.379846,2477,2692,8011,8311,201.5300,-0.4400
1783085112.394845,2448,2674,8049,8386,201.5300,-0.4400
1783085112.410728,2486,2645,8021,8349,204.2300,1.5000
1783085112.428812,2514,2655,8021,8349,204.2300,1.5000
1783085112.443784,2458,2598,8021,8283,204.2300,1.5000
1783085112.459766,2486,2664,8039,8311,205.5600,-0.3100
1783085112.476490,2467,2617,8030,8274,205.5600,-0.3100
1783085112.491851,2486,2655,8011,8339,205.5600,-0.3100
1783085112.507840,2477,2645,7992,8330,196.2200,0.9400
1783085112.525827,2477,2627,8002,8339,196.2200,0.9400
1783085112.542754,2477,2664,8039,8396,196.2200,0.9400
1783085112.558378,2495,2561,7992,8368,209.7500,0.1200
1783085112.574040,2486,2580,8021,8386,209.7500,0.1200
1783085112.591093,2505,2589,7992,8490,209.7500,0.1200
1783085112.605705,2505,2580,8039,8499,202.8500,1.0000
1783085112.620701,2505,2552,7992,8696,202.8500,1.0000
1783085112.636954,2533,2580,8011,8339,202.8500,1.0000
1783085112.652517,2486,2561,8002,8386,200.1500,-1.9400
1783085112.668643,2514,2570,8030,8715,200.1500,-1.9400
1783085112.684835,2523,2552,8058,8461,200.1500,-1.9400
1783085112.701939,2523,2552,8049,8368,200.1500,0.6900
1783085112.716598,2523,2552,8039,8377,200.1500,0.6900
1783085112.733019,2523,2533,8021,8687,200.1500,0.6900
1783085112.748658,2523,2570,8471,8368,197.4400,-0.4400
1783085112.764764,2552,2570,8002,8658,197.4400,-0.4400
1783085112.780975,2561,2570,8011,8283,197.4400,-0.4400
1783085112.796700,2533,2533,8021,8330,197.4400,-0.4400
1783085112.812915,2523,2561,8002,8321,202.8500,-1.4400
1783085112.829190,2533,2533,8030,8330,202.8500,-1.4400
1783085112.844867,2561,2505,8002,8677,202.8500,-1.4400
1783085112.860870,2542,2552,8011,8668,196.2200,-1.3100
1783085112.876636,2523,2495,8011,8302,196.2200,-1.3100
1783085112.892966,2580,2486,7992,8302,196.2200,-1.3100
1783085112.908506,2552,2523,8030,8705,209.7500,-0.0600
1783085112.924973,2533,2533,7974,8368,209.7500,-0.0600
1783085112.940202,2561,2458,8030,8349,209.7500,-0.0600
1783085112.956634,2608,2448,7945,8715,201.5300,1.3700
1783085112.972747,2608,2448,8039,8349,201.5300,1.3700
1783085112.988241,2645,2514,8030,8471,201.5300,1.3700
1783085113.004029,2598,2448,8002,8405,201.4700,0.2500
1783085113.020434,2589,2477,8002,8452,201.4700,0.2500
1783085113.036131,2627,2486,8039,8349,201.4700,0.2500
1783085113.052047,2617,2486,8021,8377,202.8500,5.4400
1783085113.068442,2570,2542,8030,8396,202.8500,5.4400
1783085113.084123,2580,2523,7992,8339,202.8500,5.4400
1783085113.102312,2627,2542,8021,8339,202.8500,-1.1200
1783085113.117019,2608,2523,8039,8330,202.8500,-1.1200
1783085113.132492,2580,2467,8039,8339,202.8500,-1.1200
1783085113.148448,2608,2477,8030,8368,198.8700,0.5600
1783085113.163344,2674,2505,8002,8339,198.8700,0.5600
1783085113.179155,2589,2505,8030,8311,198.8700,0.5600
1783085113.195522,2627,2486,8021,8302,206.9900,-2.6900
1783085113.210959,2617,2458,8030,8311,206.9900,-2.6900
1783085113.226939,2636,2505,8002,8415,206.9900,-2.6900
1783085113.243495,2627,2514,8002,8649,206.9900,-2.6900
1783085113.258911,2580,2505,8030,8377,201.5300,1.8800
1783085113.274923,2636,2486,8049,8396,201.5300,1.8800
1783085113.291469,2617,2505,8030,8358,201.5300,1.8800
1783085113.307171,2608,2477,8049,8339,204.2300,-3.1300
1783085113.325214,2608,2467,8039,8349,204.2300,-3.1300
1783085113.341314,2655,2458,8077,8368,204.2300,-3.1300
1783085113.357692,2608,2486,8021,8377,198.8700,0.7500
1783085113.374447,2608,2420,8021,8358,198.8700,0.7500
1783085113.390223,2627,2477,7974,8339,198.8700,0.7500
1783085113.406567,2617,2486,8030,8274,202.8500,-1.3100
1783085113.422730,2692,2467,7992,8302,202.8500,-1.3100
1783085113.438469,2617,2533,8021,8293,202.8500,-1.3100
1783085113.454822,2627,2411,8030,8386,205.5600,2.2500
1783085113.470931,2608,2411,7936,8293,205.5600,2.2500
1783085113.486326,2655,2439,8039,8311,205.5600,2.2500
1783085113.502320,2636,2439,8011,8311,206.9900,-1.6300
1783085113.518554,2655,2477,7974,8349,206.9900,-1.6300
1783085113.534369,2674,2486,7936,8330,206.9900,-1.6300
1783085113.551516,2664,2458,8030,8302,200.1500,2.0000
1783085113.567571,2683,2420,8030,8330,200.1500,2.0000
1783085113.583304,2674,2411,7983,8330,200.1500,2.0000
1783085113.599919,2683,2439,8011,8349,200.1500,0.5600
1783085113.615721,2645,2439,7964,8330,200.1500,0.5600
1783085113.631362,2617,2448,8002,8330,200.1500,0.5600
1783085113.647333,2645,2439,7974,8377,200.1500,1.8100
1783085113.663616,2664,2448,8021,8377,200.1500,1.8100
1783085113.679510,2674,2448,7992,8349,200.1500,1.8100
1783085113.695391,2655,2430,8002,8321,200.1500,1.8100
1783085113.711537,2674,2467,7983,8311,193.5700,-1.3700
1783085113.727162,2655,2458,8039,8396,193.5700,-1.3700
1783085113.745193,2655,2458,8030,8358,193.5700,-1.3700
1783085113.761141,2674,2486,8021,8293,201.4700,1.1900
1783085113.777458,2655,2439,8039,8311,201.4700,1.1900
1783085113.793203,2645,2420,8039,8330,201.4700,1.1900
1783085113.809198,2730,2383,7992,8311,193.5700,-1.7500
1783085113.825657,2655,2411,8011,8274,193.5700,-1.7500
1783085113.840244,2702,2364,7992,8246,193.5700,-1.7500
1783085113.856250,2692,2364,7992,8311,200.1500,0.1200
1783085113.872487,2702,2411,7964,8321,200.1500,0.1200
1783085113.888305,2767,2411,7936,8283,200.1500,0.1200
1783085113.904305,2711,2383,7955,8302,205.5600,-1.6300
1783085113.920432,2749,2392,7964,8321,205.5600,-1.6300
1783085113.936228,2702,2430,7899,8358,205.5600,-1.6300
1783085113.952247,2720,2383,7936,8377,209.7500,-0.0600
1783085113.968630,2711,2383,7917,8302,209.7500,-0.0600
1783085113.984365,2730,2308,7908,8302,209.7500,-0.0600
1783085114.001854,2692,2392,7908,8293,198.8700,1.9400
1783085114.016906,2739,2345,7927,8311,198.8700,1.9400
1783085114.032571,2636,2401,7964,8330,198.8700,1.9400
1783085114.050084,2749,2364,7964,8311,206.9900,-1.6900
1783085114.067435,2749,2392,8377,8293,206.9900,-1.6900
1783085114.081561,2674,2392,7955,8302,206.9900,-1.6900
1783085114.101232,2795,2383,7917,8302,198.8700,3.3100
1783085114.116563,2786,2373,7917,8302,198.8700,3.3100
1783085114.133054,2702,2401,7945,8358,198.8700,3.3100
1783085114.149327,2711,2326,7917,8293,205.5600,-1.3700
1783085114.164582,2720,2345,7936,8339,205.5600,-1.3700
1783085114.180606,2720,2308,7936,8827,205.5600,-1.3700
1783085114.200595,2720,2383,7936,8827,205.5600,-0.6300
1783085114.219650,2702,2373,7936,8827,205.5600,-0.6300
1783085114.239994,2711,2345,7936,8827,205.5600,-0.6300
1783085114.256341,2702,2430,7936,8321,206.9900,-1.5600
1783085114.271070,2702,2373,7945,8321,206.9900,-1.5600
1783085114.288822,2711,2392,7945,8321,206.9900,-1.5600
1783085114.308657,2730,2383,7945,8321,201.5300,0.0000
1783085114.329681,2842,2336,7945,8321,201.5300,0.0000
1783085114.347083,2702,2373,7945,8752,204.2300,0.6300
1783085114.365974,2702,2298,7945,8827,204.2300,0.6300
1783085114.385678,2730,2401,7945,8827,204.2300,0.6300
1783085114.402518,2702,2373,7945,8715,198.8700,0.5000
1783085114.420137,2702,2420,8030,8386,198.8700,0.5000
1783085114.437823,2749,2355,8030,8302,198.8700,0.5000
1783085114.453599,2664,2326,7983,8358,205.5600,-0.2500
1783085114.469915,2739,2308,8039,8349,205.5600,-0.2500
1783085114.486087,2749,2355,8021,8321,205.5600,-0.2500
1783085114.503007,2702,2326,8049,8715,205.5600,1.0600
1783085114.518790,2702,2355,8049,8368,205.5600,1.0600
1783085114.539463,2749,2383,8049,8368,205.5600,1.0600
1783085114.554931,2749,2364,8086,8368,202.8500,-0.6300
1783085114.570814,2758,2364,8086,8330,202.8500,-0.6300
1783085114.588805,2777,2355,7992,8330,202.8500,-0.6300
1783085114.603801,2814,2383,7992,8339,202.8500,1.2500
1783085114.621809,2767,2336,7992,8311,202.8500,1.2500
1783085114.638823,2767,2373,8133,8302,202.8500,1.2500
1783085114.654216,2767,2355,8133,8339,202.8500,1.1900
1783085114.669923,2730,2392,8077,8818,202.8500,1.1900
1783085114.685791,2795,2317,8077,8762,202.8500,1.1900
1783085114.703595,2720,2345,8030,8762,200.1500,1.8800
1783085114.722637,2711,2355,8030,8762,200.1500,1.8800
1783085114.740556,2674,2345,8030,8311,200.1500,1.8800
1783085114.758695,2720,2326,8002,8311,205.5600,-1.5600
1783085114.774737,2749,2270,8067,8321,205.5600,-1.5600
1783085114.791129,2795,2345,8002,8293,205.5600,-1.5600
1783085114.807079,2786,2270,8021,8339,197.4400,-1.0000
1783085114.823001,2720,2251,8049,8358,197.4400,-1.0000
1783085114.840326,2749,2336,8049,8358,197.4400,-1.0000
1783085114.858943,2842,2317,8049,8358,200.1500,-1.5600
1783085114.875426,2786,2251,8049,8293,200.1500,-1.5600
1783085114.893355,2777,2289,8011,8293,200.1500,-1.5600
1783085114.908922,2805,2326,8030,8386,200.1500,0.8100
1783085114.925021,2767,2214,7945,8358,200.1500,0.8100
1783085114.941277,2824,2298,8386,8377,200.1500,0.8100
1783085114.956958,2720,2270,8002,8377,200.1500,-0.2500
1783085114.973039,2814,2214,8002,8330,200.1500,-0.2500
1783085114.990309,2842,2308,7983,8330,200.1500,-0.2500
1783085115.004851,2795,2298,7983,8330,200.1500,1.0000
1783085115.022840,2795,2233,7964,8330,200.1500,1.0000
1783085115.039036,2758,2261,7992,8339,200.1500,1.0000
1783085115.055007,2777,2270,7955,8377,205.5600,0.0000
1783085115.070865,2824,2326,7945,8321,205.5600,0.0000
1783085115.087776,2814,2280,7945,8405,205.5600,0.0000
1783085115.105761,2805,2317,7945,8405,197.4400,-1.0600
1783085115.124878,2739,2298,7945,8405,197.4400,-1.0600
1783085115.143826,2870,2261,7945,8405,197.4400,-1.0600
1783085115.160892,2795,2326,7964,8321,205.5600,2.3800
1783085115.176854,2795,2298,7964,8349,205.5600,2.3800
1783085115.193293,2786,2280,7927,8358,205.5600,2.3800
1783085115.209117,2833,2289,7927,8368,202.8500,-0.7500
1783085115.225208,2805,2261,7936,8368,202.8500,-0.7500
1783085115.241511,2805,2270,7992,8349,202.8500,-0.7500
1783085115.256302,2814,2251,7974,8386,205.5600,-1.4400
1783085115.272426,2842,2261,7945,8358,205.5600,-1.4400
1783085115.288461,2814,2242,7936,8339,205.5600,-1.4400
1783085115.304083,2842,2251,7945,8443,205.5600,-0.7500
1783085115.322065,2842,2280,7945,8358,205.5600,-0.7500
1783085115.338148,2842,2261,7936,8349,205.5600,-0.7500
1783085115.354493,2842,2261,7908,8311,202.8500,-0.1200
1783085115.372627,2824,2233,7964,8311,202.8500,-0.1200
1783085115.388837,2786,2289,7927,8293,202.8500,-0.1200
1783085115.403345,2795,2280,7927,8339,202.8500,1.6900
1783085115.419258,2814,2270,7908,8349,202.8500,1.6900
1783085115.435234,2814,2261,7955,8368,202.8500,1.6900
1783085115.451373,2861,2289,7917,8405,201.5300,-1.2500
1783085115.466264,2842,2270,7889,8330,201.5300,-1.2500
1783085115.482257,2899,2223,7945,8358,201.5300,-1.2500
1783085115.498561,2889,2223,7936,8377,206.9900,-0.6900
1783085115.514290,2852,2242,7945,8386,206.9900,-0.6900
1783085115.530594,2852,2223,7908,8396,206.9900,-0.6900
1783085115.546762,2880,2223,7889,8424,208.2600,1.0600
1783085115.562352,2889,2242,7936,8386,208.2600,1.0600
1783085115.578319,2852,2251,7983,8396,208.2600,1.0600
1783085115.596318,2936,2242,7983,8349,208.2600,1.0600
1783085115.612749,2880,2204,7964,8368,196.2200,-0.3700
1783085115.628366,3274,2176,7936,8386,196.2200,-0.3700
1783085115.644329,2899,2233,7955,8349,196.2200,-0.3700
1783085115.660603,2889,2233,7917,8368,204.2300,1.9400
1783085115.676460,2880,2186,7936,8330,204.2300,1.9400
1783085115.691395,2908,2233,7917,8339,204.2300,1.9400
1783085115.707399,2880,2214,7945,8349,201.5300,2.1900
1783085115.723355,2908,2270,7955,8339,201.5300,2.1900
1783085115.739331,2927,2195,7955,8405,201.5300,2.1900
1783085115.755746,2927,2139,7908,8386,200.1500,0.4400
1783085115.771679,2955,2261,7917,8358,200.1500,0.4400
1783085115.787471,2899,2270,7964,8330,200.1500,0.4400
1783085115.803421,2936,2139,7992,8405,204.2300,-1.4400
1783085115.819382,2936,2204,7983,8405,204.2300,-1.4400
1783085115.835576,2992,2148,7964,8443,204.2300,-1.4400
1783085115.851668,2983,2167,7964,8846,196.2200,-1.6900
1783085115.867456,2992,2251,7955,8349,196.2200,-1.6900
1783085115.883434,3002,2223,7983,8368,196.2200,-1.6900
1783085115.899940,2974,2214,7964,8349,204.2300,0.5000
1783085115.915672,3039,2139,8002,8358,204.2300,0.5000
1783085115.932496,3067,2120,8002,8377,204.2300,0.5000
1783085115.951301,3030,2158,7983,8377,202.8500,1.0000
1783085115.966813,2992,2101,7974,8302,202.8500,1.0000
1783085115.982843,3021,2158,7955,8368,202.8500,1.0000
1783085115.998832,3002,2204,7964,8349,198.8700,-0.8800
1783085116.014987,3011,2120,7992,8377,198.8700,-0.8800
1783085116.030620,2983,2120,7983,8358,198.8700,-0.8800
1783085116.046575,3077,2101,7936,8405,198.8700,-0.8800
1783085116.062810,3011,2073,8021,8433,205.5600,1.7500
1783085116.078617,3161,2120,7983,8415,205.5600,1.7500
1783085116.094593,2974,2101,7945,8424,205.5600,1.7500
1783085116.110948,3302,2167,8002,8368,209.7500,-0.4400
1783085116.126638,3227,2129,7927,8386,209.7500,-0.4400
1783085116.142626,3058,2111,7983,8349,209.7500,-0.4400
1783085116.157711,3049,2073,7964,8377,202.8500,0.0000
1783085116.173668,3161,2101,7955,8405,202.8500,0.0000
1783085116.189649,3565,2064,7945,8377,202.8500,0.0000
1783085116.205701,3471,2045,7955,8386,201.5300,2.0000
1783085116.221668,3293,2111,7964,8386,201.5300,2.0000
1783085116.237741,3264,2054,7955,8461,201.5300,2.0000
1783085116.255605,3424,2083,7955,8339,206.9900,-0.6300
1783085116.273640,3396,2017,7936,8339,206.9900,-0.6300
1783085116.289705,3396,2036,7983,8368,206.9900,-0.6300
1783085116.305723,3537,2120,7936,8349,202.8500,-1.3100
1783085116.321678,3583,2045,7945,8415,202.8500,-1.3100
1783085116.337855,3377,2083,7955,8358,202.8500,-1.3100
1783085116.355133,3490,2064,7945,8358,196.2200,0.1200
1783085116.370721,3452,2054,7927,8433,196.2200,0.1200
1783085116.387319,3443,2054,7945,8415,196.2200,0.1200
1783085116.402785,3349,2129,7955,8396,205.5600,0.5600
1783085116.420977,3443,2167,7955,8349,205.5600,0.5600
1783085116.439011,3499,2064,8002,8349,205.5600,0.5600
1783085116.454951,3546,2073,7964,8377,204.2300,0.5600
1783085116.471087,3433,2111,7936,8368,204.2300,0.5600
1783085116.486872,3452,2064,7936,8405,204.2300,0.5600
1783085116.502769,3461,2129,7936,8452,201.5300,-0.2500
1783085116.519194,3452,2148,7936,8424,201.5300,-0.2500
1783085116.534201,3490,2092,7899,8368,201.5300,-0.2500
1783085116.551080,3518,2083,7899,8790,202.8500,-0.9400
1783085116.569794,3480,2148,7899,8790,202.8500,-0.9400
1783085116.588924,3490,2092,7899,8790,202.8500,-0.9400
1783085116.605837,3396,2101,7945,8443,205.5600,2.5600
1783085116.621949,3555,2073,7945,8461,205.5600,2.5600
1783085116.637878,3546,2073,7927,8330,205.5600,2.5600
1783085116.653841,3527,2120,7936,8424,200.1500,-0.1900
1783085116.669234,3565,2017,7899,8471,200.1500,-0.1900
1783085116.684988,3508,2064,7936,8762,200.1500,-0.1900
1783085116.701765,3471,2073,7889,8433,202.8500,2.4400
1783085116.717803,3405,2045,7899,8443,202.8500,2.4400
1783085116.732981,3443,2101,7889,8358,202.8500,2.4400
1783085116.748905,3527,2026,7917,8415,197.4400,0.2500
1783085116.765160,3480,2054,7927,8461,197.4400,0.2500
1783085116.780991,3574,2007,7842,8461,197.4400,0.2500
1783085116.796956,3527,2073,7927,8377,197.4400,0.2500
1783085116.815004,3433,2054,7880,8377,205.5600,1.2500
1783085116.831202,3537,2017,7889,8415,205.5600,1.2500
1783085116.847066,3555,2092,7889,8415,205.5600,1.2500
1783085116.863966,3508,2026,7870,8415,200.1500,-1.6900
1783085116.880066,3471,1989,8321,8461,200.1500,-1.6900
1783085116.896162,3490,2129,7908,8443,197.4400,-1.2500
1783085116.912002,3480,2007,7927,8396,197.4400,-1.2500
1783085116.928103,3537,2036,7927,8443,197.4400,-1.2500
1783085116.944202,3471,2101,7899,8471,197.4400,-1.2500
1783085116.959991,3499,2026,7889,8480,201.4700,-1.4400
1783085116.977036,3537,2064,7889,8480,201.4700,-1.4400
1783085116.993291,3583,2083,7880,8443,201.4700,-1.4400
1783085117.009158,3508,1961,7861,8396,198.8700,1.0600
1783085117.025086,3499,2083,7880,8499,198.8700,1.0600
1783085117.043179,3518,1998,7880,8415,198.8700,1.0600
1783085117.060087,3583,2045,7880,8443,202.8500,0.0600
1783085117.076408,3537,2036,7908,8490,202.8500,0.0600
1783085117.092088,3612,1970,7899,8461,202.8500,0.0600
1783085117.108073,3565,2073,7908,8490,201.5300,-3.6300
1783085117.124286,3612,1970,7889,8480,201.5300,-3.6300
1783085117.140098,3612,2092,7927,8452,201.5300,-3.6300
1783085117.158105,3593,2007,7927,8452,206.9900,0.0000
1783085117.174208,3583,2007,7899,8490,206.9900,0.0000
1783085117.190358,3593,1998,7908,8471,206.9900,0.0000
1783085117.207301,3583,1979,7908,8471,198.8700,-1.7500
1783085117.223184,3593,2017,7908,8893,198.8700,-1.7500
1783085117.239235,3658,2064,8002,8471,198.8700,-1.7500
1783085117.255256,3555,1961,7917,8471,209.7500,3.6900
1783085117.271211,3565,2045,7917,8490,209.7500,3.6900
1783085117.287309,3555,1961,7955,8508,209.7500,3.6900
1783085117.302261,3565,1951,7927,8499,202.8500,-1.5600
1783085117.318246,3537,1989,7870,8508,202.8500,-1.5600
1783085117.334462,3555,1989,7927,8480,202.8500,-1.5600
1783085117.350960,3537,1932,7927,8452,205.5600,-1.3700
1783085117.366244,3546,1989,7964,8508,205.5600,-1.3700
1783085117.382550,3555,1970,7917,8490,205.5600,-1.3700
1783085117.398253,3593,1989,7955,8461,205.5600,-1.3700
1783085117.414267,3621,1951,7945,8471,202.8500,0.3100
1783085117.430489,3583,1914,7927,8461,202.8500,0.3100
1783085117.446258,3555,1951,7983,8461,202.8500,0.3100
1783085117.462245,3555,1914,7936,8490,200.1500,-0.4400
1783085117.477286,3546,1951,7936,8471,200.1500,-0.4400
1783085117.494279,3565,1848,7945,8518,200.1500,-0.4400
1783085117.510286,3546,1942,7908,8518,194.7400,1.3700
1783085117.527351,3583,1951,7908,8461,194.7400,1.3700
1783085117.543396,3565,1895,7936,8536,194.7400,1.3700
1783085117.561350,3574,1914,7936,8499,200.1500,-2.5600
1783085117.577291,3602,1904,7917,8508,200.1500,-2.5600
1783085117.593321,3649,1932,7917,8461,200.1500,-2.5600
1783085117.609390,3583,1848,7936,8527,194.7400,-0.5600
1783085117.625397,3593,1932,7964,8499,194.7400,-0.5600
1783085117.641514,3602,1895,7927,8480,194.7400,-0.5600
1783085117.657398,3546,1923,7927,8508,189.3300,1.7500
1783085117.673349,3612,1848,7945,8508,189.3300,1.7500
1783085117.689474,3574,1942,7861,8461,189.3300,1.7500
1783085117.705462,3649,1857,7899,8480,185.6200,0.1200
1783085117.721440,3640,1857,7936,8499,185.6200,0.1200
1783085117.737612,3621,1904,7889,8461,185.6200,0.1200
1783085117.753301,3602,1914,7889,8499,187.6700,2.8100
1783085117.769460,3630,1923,7964,8518,187.6700,2.8100
1783085117.786710,3621,1829,7880,8518,187.6700,2.8100
1783085117.802573,3602,1867,7917,8527,183.9200,0.8100
1783085117.817773,3583,1876,7917,8546,183.9200,0.8100
1783085117.833506,3677,1886,7880,8490,183.9200,0.8100
1783085117.849548,3724,1942,7880,8499,183.9200,0.8100
1783085117.865758,3612,1895,7974,8471,180.3100,1.2500
1783085117.881474,3630,1932,7927,8527,180.3100,1.2500
1783085117.897537,3527,1895,7917,8527,180.3100,1.2500
1783085117.913552,3546,1914,7936,8546,182.1500,-0.7500
1783085117.929605,3583,1923,7880,8518,182.1500,-0.7500
1783085117.946457,3658,1914,7908,8499,178.5100,1.1200
1783085117.961563,3649,1923,7936,8546,178.5100,1.1200
1783085117.977550,3621,1867,7917,8499,178.5100,1.1200
1783085117.993601,3630,1923,7908,8546,178.5100,1.1200
1783085118.010586,3612,1895,7927,8546,170.4000,-1.0600
1783085118.026565,3640,1932,7927,8508,170.4000,-1.0600
1783085118.044631,3658,1914,7908,8508,170.4000,-1.0600
1783085118.061036,3715,1876,7908,8518,173.1000,0.4400
1783085118.076617,3705,1914,7927,8499,173.1000,0.4400
1783085118.092582,3649,1857,7880,8508,173.1000,0.4400
1783085118.108817,3630,1876,7880,8518,173.1000,1.0600
1783085118.124773,3602,1904,7899,8536,173.1000,1.0600
1783085118.140625,3630,1932,7927,8518,173.1000,1.0600
1783085118.156937,3696,1895,7908,8508,167.0500,-0.5600
1783085118.172681,3696,1932,7889,8499,167.0500,-0.5600
1783085118.188629,3715,1895,7955,8499,167.0500,-0.5600
1783085118.205223,3630,1904,7917,8565,173.1000,1.6300
1783085118.220111,3696,1904,7927,8574,173.1000,1.6300
1783085118.235783,3649,1857,7908,8508,173.1000,1.6300
1783085118.252062,3687,1876,7899,8583,173.1000,1.6300
1783085118.267720,3705,1886,7917,8527,171.1100,0.8100
1783085118.283713,3677,1867,7917,8640,171.1100,0.8100
1783085118.300843,3705,1886,7927,8508,167.6900,-1.4400
1783085118.315815,3668,1895,7917,8546,167.6900,-1.4400
1783085118.331824,3705,1895,7899,8508,167.6900,-1.4400
1783085118.347813,3762,1895,8358,8912,167.6900,-1.4400
1783085118.363788,3649,1829,7908,8574,167.0500,2.6300
1783085118.379791,3649,1886,7899,8602,167.0500,2.6300
1783085118.396196,3668,1895,7880,8583,171.1100,0.8800
1783085118.411961,3602,1848,7880,8546,171.1100,0.8800
1783085118.429128,3640,1848,7861,8546,171.1100,0.8800
1783085118.446813,3696,1886,7861,8583,171.1100,0.8800
1783085118.463359,3658,1876,7908,8555,161.7500,0.5000
1783085118.481005,3696,1876,7852,8555,161.7500,0.5000
1783085118.496839,3687,1876,7870,8574,161.7500,0.5000
1783085118.513089,3668,1848,7814,8593,162.2800,-1.9400
1783085118.529207,3724,1810,7870,8949,162.2800,-1.9400
1783085118.543999,3705,1848,7870,8583,162.2800,-1.9400
1783085118.560842,3724,1848,7842,8565,159.5800,0.2500
1783085118.578911,3630,1876,7852,8565,159.5800,0.2500
1783085118.595193,3696,1839,7908,8565,159.5800,0.2500
1783085118.611093,3677,1857,7880,8640,156.8700,-0.5000
1783085118.627051,3640,1876,7927,8574,156.8700,-0.5000
1783085118.642554,3640,1876,7927,8621,156.8700,-0.5000
1783085118.658294,3658,1867,7870,8480,156.8700,0.6900
1783085118.674281,3668,1857,7899,8611,156.8700,0.6900
1783085118.690499,3687,1886,7880,8968,156.8700,0.6900
1783085118.705927,3658,1867,7908,8687,154.1700,-0.6900
1783085118.722246,3649,1829,7870,8574,154.1700,-0.6900
1783085118.738493,3668,1848,7852,8987,154.1700,-0.6900
1783085118.754228,3705,1820,7824,8611,154.1700,1.0600
1783085118.772218,3734,1876,7824,8583,154.1700,1.0600
1783085118.789336,3687,1810,7824,8940,154.1700,1.0600
1783085118.807325,3762,1867,7824,8940,154.1700,-1.5600
1783085118.823191,3734,1857,7870,8658,154.1700,-1.5600
1783085118.839252,3687,1810,7889,8555,154.1700,-1.5600
1783085118.855007,3734,1857,7861,8687,151.7900,1.5600
1783085118.871289,3752,1867,7852,8696,151.7900,1.5600
1783085118.887065,3724,1820,7833,8658,151.7900,1.5600
1783085118.902940,3752,1754,7880,8658,151.4600,0.1900
1783085118.919286,3724,1801,7861,8715,151.4600,0.1900
1783085118.935124,3705,1820,7870,8668,151.4600,0.1900
1783085118.951779,3724,1857,7842,8696,143.1900,0.5600
1783085118.967736,3752,1829,7889,8790,143.1900,0.5600
1783085118.983139,3705,1867,7861,8649,143.1900,0.5600
1783085118.999138,3715,1810,7899,8658,149.0300,-0.7500
1783085119.015240,3696,1801,7842,8733,149.0300,-0.7500
1783085119.031256,3715,1820,7927,8640,149.0300,-0.7500
1783085119.047163,3734,1848,7880,8602,149.0300,-0.7500
1783085119.064248,3696,1867,7936,8602,140.5400,0.9400
1783085119.080572,3734,1754,7908,9034,140.5400,0.9400
1783085119.096260,3762,1829,7880,8611,140.5400,0.9400
1783085119.112242,3762,1792,7908,8611,143.3500,0.2500
1783085119.128420,3771,1782,7889,8996,143.3500,0.2500
1783085119.144268,3724,1745,7889,8658,143.3500,0.2500
1783085119.160282,3724,1782,7917,9024,140.6400,1.7500
1783085119.176549,3790,1754,7899,9024,140.6400,1.7500
1783085119.192288,3780,1820,7899,8611,140.6400,1.7500
1783085119.209230,3780,1820,7842,8611,135.2300,-0.8100
1783085119.225338,3734,1782,7870,8630,135.2300,-0.8100
1783085119.241326,3734,1745,7824,8687,135.2300,-0.8100
1783085119.257285,3743,1764,7842,8611,135.2300,-0.2500
1783085119.273328,3734,1801,7880,8593,135.2300,-0.2500
1783085119.290587,3762,1792,7880,8583,135.2300,-0.2500
1783085119.306360,3771,1754,7833,8611,132.5300,-0.7500
1783085119.324279,3771,1745,7852,8724,132.5300,-0.7500
1783085119.340293,3724,1792,7842,8752,132.5300,-0.7500
1783085119.356517,3724,1792,7870,8668,132.5300,0.5600
1783085119.372353,3752,1754,7805,8658,132.5300,0.5600
1783085119.388385,3696,1726,7833,8649,132.5300,0.5600
1783085119.404534,3724,1707,7889,8733,132.5300,-0.9400
1783085119.420361,3809,1735,7805,8687,132.5300,-0.9400
1783085119.436308,3846,1754,7852,8630,132.5300,-0.9400
1783085119.452491,3771,1698,7870,8621,132.5300,0.3100
1783085119.468571,3790,1679,7880,8771,132.5300,0.3100
1783085119.484466,3799,1689,7917,8696,132.5300,0.3100
1783085119.502564,3743,1698,7917,8687,132.4700,-1.2500
1783085119.517716,3809,1801,7908,9015,132.4700,-1.2500
1783085119.533691,3771,1773,7927,8668,132.4700,-1.2500
1783085119.549651,3827,1754,7852,8733,129.9300,3.9400
1783085119.565647,3809,1764,7852,8771,129.9300,3.9400
1783085119.581626,3818,1735,7899,8677,129.9300,3.9400
1783085119.597366,3855,1726,7833,8668,135.2300,-3.1900
1783085119.613398,3734,1754,7833,8640,135.2300,-3.1900
1783085119.629380,3743,1764,7870,8733,135.2300,-3.1900
1783085119.645448,3837,1707,7852,8771,135.2300,-3.1900
1783085119.661461,3799,1726,7880,8715,132.5300,2.7500
1783085119.677386,3752,1764,7880,8658,132.5300,2.7500
1783085119.693649,3780,1754,7870,8649,132.5300,2.7500
1783085119.709466,3818,1745,7889,9062,129.8300,-0.6300
1783085119.725452,3809,1754,7899,8724,129.8300,-0.6300
1783085119.741554,3790,1782,7824,8752,129.8300,-0.6300
1783085119.756688,3837,1773,7833,8771,124.4200,0.3700
1783085119.772486,3837,1810,7805,8696,124.4200,0.3700
1783085119.788775,3846,1792,7880,8855,124.4200,0.3700
1783085119.804434,3865,1735,7889,8696,124.4200,0.7500
1783085119.820499,3780,1707,7861,8780,124.4200,0.7500
1783085119.836682,3799,1745,7927,8743,124.4200,0.7500
1783085119.852382,3818,1801,7880,8799,124.4200,0.0000
1783085119.868502,3790,1745,7927,8771,124.4200,0.0000
1783085119.884782,3771,1810,7880,8705,124.4200,0.0000
1783085119.901164,3799,1764,7861,8855,119.0100,1.0000
1783085119.916490,3809,1782,7870,9315,119.0100,1.0000
1783085119.932749,3809,1810,7814,9081,119.0100,1.0000
1783085119.948572,3855,1754,7852,8771,119.0100,1.0000
1783085119.964557,3818,1735,7870,8743,121.7100,-0.6900
1783085119.981001,3780,1764,7870,9174,121.7100,-0.6900
1783085119.996637,3790,1764,7861,8715,121.7100,-0.6900
1783085120.012602,3809,1782,7917,9062,116.3000,-0.9400
1783085120.027647,3818,1745,7899,9043,116.3000,-0.9400
1783085120.043590,3837,1717,7927,8696,116.3000,-0.9400
1783085120.059589,3827,1801,7917,9052,119.0100,-0.8800
1783085120.075639,3874,1726,7880,8733,119.0100,-0.8800
1783085120.091608,3837,1754,7908,8715,119.0100,-0.8800
1783085120.107568,3818,1782,7908,8715,113.6000,-0.0600
1783085120.123621,3865,1745,7880,8668,113.6000,-0.0600
1783085120.139659,3837,1782,7889,8658,113.6000,-0.0600
1783085120.155678,3902,1698,7936,8743,113.6000,-0.6300
1783085120.171695,3912,1698,7880,8752,113.6000,-0.6300
1783085120.187667,3865,1707,7936,8696,113.6000,-0.6300
1783085120.203651,3884,1726,7927,8658,108.1900,0.1200
1783085120.219678,3865,1754,7861,8687,108.1900,0.1200
1783085120.235655,3865,1735,7908,8677,108.1900,0.1200
1783085120.252609,3846,1764,7917,8705,113.6000,0.8800
1783085120.267706,3846,1792,7927,9034,113.6000,0.8800
1783085120.283707,3809,1764,7889,8743,113.6000,0.8800
1783085120.299909,3837,1801,7880,8752,113.6000,0.8800
1783085120.315621,3837,1745,7908,9109,113.6000,0.8800
1783085120.331160,3865,1726,7899,8724,113.6000,0.8800
1783085120.347361,3855,1745,7899,8799,113.6000,0.8800
1783085120.364981,3855,1773,7899,8799,113.6000,0.8800
1783085120.380767,3818,1717,7889,8743,113.6000,0.8800
1783085120.397742,3846,1754,7945,8799,113.6000,0.8800
1783085120.414119,3837,1764,7889,9034,113.6000,0.8800
1783085120.429803,3799,1773,7880,8687,113.6000,0.8800
1783085120.445852,3893,1745,7889,8705,113.6000,0.8800
1783085120.462340,3855,1773,7936,8790,113.6000,0.8800
1783085120.477875,3827,1754,7899,9081,113.6000,0.8800
1783085120.493807,3837,1745,7908,9052,113.6000,0.8800
1783085120.510861,3818,1764,7917,8715,113.6000,0.8800
1783085120.525970,3855,1764,7889,8687,113.6000,0.8800
1783085120.540780,3809,1792,7908,8752,113.6000,0.8800
1783085120.557131,3837,1792,7908,8743,113.6000,0.8800
1783085120.572793,3818,1764,7936,8705,113.6000,0.8800
1783085120.588907,3809,1745,7899,8668,113.6000,0.8800
1783085120.605695,3874,1820,7899,8724,113.6000,0.8800
1783085120.621323,3827,1773,7927,8705,8.2900,-0.5600
1783085120.637569,3846,1764,7908,8658,8.2900,-0.5600
1783085120.653329,3846,1773,7927,8621,8.2900,-0.5600
1783085120.668875,3837,1773,7955,8677,2.7000,5.4400
1783085120.684855,3846,1782,7927,8621,2.7000,5.4400
1783085120.701124,3837,1782,7917,8621,2.7000,5.4400
1783085120.716681,3809,1801,7870,8574,10.8200,9.6300
1783085120.732708,3818,1782,7899,8574,10.8200,9.6300
1783085120.749207,3855,1801,7917,8555,10.8200,9.6300
1783085120.764631,3902,1801,7861,8574,13.5200,10.7500
1783085120.780645,3762,1726,7805,8630,13.5200,10.7500
1783085120.797358,3780,1782,7795,8677,13.5200,10.7500
1783085120.812823,3743,1754,7758,8705,10.8200,13.5000
1783085120.828364,3687,1801,7786,8799,10.8200,13.5000
1783085120.843989,3687,1801,7777,8837,10.8200,13.5000
1783085120.860717,3677,1801,7748,8893,5.4100,13.3100
1783085120.876744,3658,1839,7861,8818,5.4100,13.3100
1783085120.892628,3677,1810,7805,8818,5.4100,13.3100
1783085120.908193,3649,1820,7861,8762,5.4100,13.3100
1783085120.925825,3649,1895,9672,8762,10.8200,14.0600
1783085120.942681,3687,1801,7870,8752,10.8200,14.0600
1783085120.957873,3649,1829,7927,8743,10.8200,14.0600
1783085120.973820,3649,1801,7889,8687,5.4100,13.4400
1783085120.990004,3696,1810,7889,8696,5.4100,13.4400
1783085121.006160,3668,1820,7899,8649,5.4100,13.4400
1783085121.022141,3621,1857,7889,8583,13.5200,12.3800
1783085121.038667,3649,1810,7945,8555,13.5200,12.3800
1783085121.053015,3630,1857,7936,8546,13.5200,12.3800
1783085121.069079,3649,1764,7899,8527,5.4100,12.7500
1783085121.085376,3640,1820,7899,8518,5.4100,12.7500
1783085121.101044,3583,1895,7833,8968,5.4100,12.7500
1783085121.117156,3630,1876,7917,8555,5.4100,11.5600
1783085121.133399,3640,1895,7880,8668,5.4100,11.5600
1783085121.149104,3649,1745,7833,9071,5.4100,11.5600
1783085121.165123,3630,1801,7908,9268,0.0000,10.7500
1783085121.181398,3612,1810,7899,9278,0.0000,10.7500
1783085121.197139,3612,1829,7889,9034,0.0000,10.7500
1783085121.213102,3612,1839,7955,9240,0.0000,10.2500
1783085121.229737,3649,1820,7870,9137,0.0000,10.2500
1783085121.245175,3649,1792,7917,9109,0.0000,10.2500
1783085121.262139,3630,1773,7880,8902,2.7000,8.1300
1783085121.277383,3630,1829,7889,8940,2.7000,8.1300
1783085121.293325,3583,1792,7917,8977,2.7000,8.1300
1783085121.309635,3612,1782,7852,9015,2.7000,7.9400
1783085121.325209,3640,1792,7861,8921,2.7000,7.9400
1783085121.339977,3565,1792,7880,8921,2.7000,7.9400
1783085121.356187,3649,1782,7842,8940,0.0000,7.8100
1783085121.372398,3593,1857,7861,8940,0.0000,7.8100
1783085121.388098,3593,1764,7870,8940,0.0000,7.8100
1783085121.404158,3612,1829,7880,8968,0.0000,7.8100
1783085121.420305,3565,1820,7899,8977,0.0000,6.4400
1783085121.436179,3574,1857,7908,8987,0.0000,6.4400
1783085121.452109,3593,1820,7889,8930,0.0000,6.4400
1783085121.468296,3546,1829,7861,8949,5.4100,9.5000
1783085121.484156,3593,1857,7861,8940,5.4100,9.5000
1783085121.500393,3546,1848,7870,8893,5.4100,9.5000
1783085121.516982,3593,1857,7908,8949,-2.7000,7.3800
1783085121.532469,3555,1839,7908,8996,-2.7000,7.3800
1783085121.548453,3574,1857,7880,8893,-2.7000,7.3800
1783085121.565015,3574,1876,7927,8846,2.7000,6.5000
1783085121.580367,3565,1867,7880,8921,2.7000,6.5000
1783085121.595617,3574,1839,7927,8902,2.7000,6.5000
1783085121.612442,3508,1829,7870,8874,2.7000,6.1900
1783085121.627164,3574,1923,7889,8799,2.7000,6.1900
1783085121.645108,3574,1886,7889,8940,2.7000,6.1900
1783085121.661850,3555,1839,7917,8808,2.7000,6.2500
1783085121.677110,3583,1848,7917,8874,2.7000,6.2500
1783085121.693149,3574,1876,7908,8902,2.7000,6.2500
1783085121.711040,3471,1876,7899,8902,5.4100,5.1900
1783085121.725401,3555,1904,7927,8930,5.4100,5.1900
1783085121.741369,3527,1895,7908,8940,5.4100,5.1900
1783085121.757659,3555,1876,7917,8837,2.7000,4.6300
1783085121.773386,3546,1914,7927,8874,2.7000,4.6300
1783085121.789756,3527,1876,7908,8874,2.7000,4.6300
1783085121.805771,3565,1857,7908,8855,2.7000,4.6300
1783085121.821385,3527,1932,7927,8959,0.0000,2.5000
1783085121.837366,3555,1857,7880,8968,0.0000,2.5000
1783085121.853057,3555,1867,7880,8827,0.0000,2.5000
1783085121.868516,3527,1895,7861,8959,2.7000,4.1900
1783085121.884517,3518,1867,7880,8846,2.7000,4.1900
1783085121.900842,3546,1857,7852,8808,2.7000,4.1900
1783085121.916304,3527,1895,7908,8893,5.4100,3.4400
1783085121.932383,3537,1886,7889,8949,5.4100,3.4400
1783085121.948560,3537,1867,7880,8930,5.4100,3.4400
1783085121.964461,3546,1914,7899,8827,0.0000,2.8100
1783085121.980391,3574,1914,7908,8874,0.0000,2.8100
1783085121.996636,3574,1867,7889,8930,0.0000,2.8100
1783085122.012483,3546,1876,7870,8874,5.4100,3.0000
1783085122.028676,3555,1932,7899,8959,5.4100,3.0000
1783085122.045476,3537,1857,7899,8874,5.4100,3.0000
1783085122.061936,3546,1876,7908,8818,5.4100,4.4400
1783085122.076698,3537,1904,7899,8902,5.4100,4.4400
1783085122.092961,3527,1857,7880,8818,5.4100,4.4400
1783085122.107767,3527,1857,7899,8827,5.4100,4.4400
1783085122.123928,3621,1970,7899,8855,0.0000,3.0000
1783085122.139639,3574,1914,7889,8855,0.0000,3.0000
1783085122.155853,3537,1876,7908,8837,0.0000,3.0000
1783085122.172338,3565,1951,7927,8855,8.1100,3.9400
1783085122.187686,3527,1886,7927,8912,8.1100,3.9400
1783085122.203902,3546,1886,7908,8874,8.1100,3.9400
1783085122.219945,3555,1932,7927,8865,2.7000,2.8100
1783085122.235693,3565,1932,7908,8912,2.7000,2.8100
1783085122.251799,3593,1914,7945,8930,2.7000,2.8100
1783085122.268201,3555,1951,7899,8846,8.1100,3.3100
1783085122.283774,3546,1932,7880,8865,8.1100,3.3100
1783085122.299937,3565,1923,7908,8893,8.1100,3.3100
1783085122.316112,3537,1932,7908,8874,2.7000,2.3100
1783085122.331758,3574,1923,7908,8884,2.7000,2.3100
1783085122.348116,3527,1942,7917,8865,2.7000,2.3100
1783085122.364362,3546,1942,7927,8884,5.4100,3.0600
1783085122.378955,3518,1951,7889,8884,5.4100,3.0600
1783085122.394739,3527,1989,7899,8884,5.4100,3.0600
1783085122.412942,3537,1895,7917,8855,5.4100,1.4400
1783085122.427277,3583,1989,7908,8855,5.4100,1.4400
1783085122.443251,3565,1942,7908,8855,5.4100,1.4400
1783085122.460147,3537,1904,7899,8837,5.4100,2.5600
1783085122.474893,3518,1998,7899,8865,5.4100,2.5600
1783085122.491269,3555,1932,7899,8893,5.4100,2.5600
1783085122.507333,3565,2054,7964,8884,5.4100,2.1900
1783085122.522649,3546,1979,7889,8912,5.4100,2.1900
1783085122.538640,3565,1942,7945,8837,5.4100,2.1900
1783085122.554933,3565,1998,7908,8827,5.4100,2.1900
1783085122.570726,3518,1970,7870,8818,8.1100,3.0000
1783085122.586668,3565,1970,7889,8874,8.1100,3.0000
1783085122.603019,3565,1970,7917,8865,8.1100,3.0000
1783085122.618967,3565,1979,7908,8799,5.4100,1.6300
1783085122.634870,3546,2017,7927,8837,5.4100,1.6300
1783085122.649865,3546,1989,7908,8827,5.4100,1.6300
1783085122.665775,3555,1932,7899,8808,8.1100,1.4400
1783085122.682238,3612,2045,7908,8846,8.1100,1.4400
1783085122.697912,3546,1961,7870,8865,8.1100,1.4400
1783085122.713754,3527,1979,7889,8818,8.1100,1.4400
1783085122.730001,3537,1979,7917,8808,8.1100,1.4400
1783085122.745741,3490,2017,7936,8799,8.1100,1.4400
1783085122.761870,3518,1979,7927,8799,8.1100,1.4400
1783085122.777951,3583,1970,7899,8846,8.1100,1.4400
1783085122.793746,3518,1961,7908,8827,8.1100,1.4400
1783085122.810412,3546,1914,7880,8799,8.1100,1.4400
1783085122.826389,3555,2007,7889,8827,8.1100,1.4400
1783085122.842045,3630,2045,7889,8846,8.1100,1.4400
1783085122.857977,3574,1998,7927,8837,8.1100,1.4400
1783085122.874529,3555,1989,7889,8827,8.1100,1.4400
1783085122.890479,3527,2026,7917,8799,8.1100,1.4400
1783085122.905019,3555,1979,7899,8837,8.1100,1.4400
1783085122.921041,3565,2073,7908,8874,8.1100,1.4400
1783085122.936809,3527,1979,7917,8808,8.1100,1.4400
1783085122.952882,3574,2026,7889,8884,8.1100,1.4400
1783085122.969124,3537,1970,7917,8837,8.1100,1.4400
1783085122.984831,3574,2007,7889,8874,8.1100,1.4400
1783085123.000795,3546,1942,7908,8837,8.1100,1.4400
1783085123.017446,3565,2017,7908,8827,3.8400,-1.5000
1783085123.035592,3546,1989,7908,8855,3.8400,-1.5000
1783085123.051164,3537,1970,7908,8799,3.8400,-1.5000
1783085123.067590,3583,1961,7917,8790,55.6800,0.1200
1783085123.083440,3649,1979,7889,8855,55.6800,0.1200
1783085123.099192,3602,2045,7936,8846,55.6800,0.1200
1783085123.115404,3565,1979,7899,8855,78.4400,-3.9400
1783085123.131576,3508,1970,7908,8837,78.4400,-3.9400
1783085123.146107,3593,1979,7908,8818,78.4400,-3.9400
1783085123.163465,3583,1970,7899,8893,97.3700,3.1900
1783085123.178459,3537,2026,7889,8799,97.3700,3.1900
1783085123.194214,3555,2007,7880,8799,97.3700,3.1900
1783085123.210375,3593,2036,7899,8837,110.4000,-1.3700
1783085123.225929,3574,1989,7880,8808,110.4000,-1.3700
1783085123.241963,3555,2026,7880,8837,110.4000,-1.3700
1783085123.258265,3527,1979,7899,8799,110.4000,-1.3700
1783085123.274202,3602,1998,7889,8846,108.7200,1.5000
1783085123.290090,3583,2026,7899,8780,108.7200,1.5000
1783085123.306593,3612,1998,7917,8808,108.7200,1.5000
1783085123.322499,3640,2017,7899,8799,110.8900,-1.5600
1783085123.338522,3565,2045,7880,8865,110.8900,-1.5600
1783085123.354528,3555,2017,7908,8808,110.8900,-1.5600
1783085123.370906,3574,2036,7927,8818,110.8900,-0.3100
1783085123.386462,3593,2045,7870,8790,110.8900,-0.3100
1783085123.402389,3574,2036,7870,8818,110.8900,-0.3100
1783085123.417256,3602,1998,7861,8790,118.6800,-0.5600
1783085123.433375,3593,2026,7880,8818,118.6800,-0.5600
1783085123.449764,3583,1998,7833,8762,118.6800,-0.5600
1783085123.465713,3649,2036,7861,8790,116.3000,-0.1900
1783085123.481815,3565,2083,7861,8790,116.3000,-0.1900
1783085123.497682,3602,1970,7880,8799,116.3000,-0.1900
1783085123.514941,3565,1970,7833,8762,116.3000,-0.4400
1783085123.529355,3565,2017,7870,8771,116.3000,-0.4400
1783085123.545592,3565,1998,7833,8771,116.3000,-0.4400
1783085123.561718,3602,1979,7814,8762,116.3000,-0.4400
1783085123.577627,3555,2045,7805,8752,116.6700,-0.0600
1783085123.594081,3593,1979,7786,8715,116.6700,-0.0600
1783085123.609410,3574,2064,7814,8790,116.6700,-0.0600
1783085123.625366,3574,2007,7814,8780,116.3000,-0.4400
1783085123.641588,3565,2101,7795,8733,116.3000,-0.4400
1783085123.657308,3565,2064,7795,8771,116.3000,-0.4400
1783085123.673243,3621,2073,7786,8780,121.7100,0.8100
1783085123.689922,3593,2064,7814,8790,121.7100,0.8100
1783085123.704141,3583,2092,7814,8733,121.7100,0.8100
1783085123.720393,3602,2045,7824,8752,124.4200,-0.5600
1783085123.736643,3630,2026,7777,8762,124.4200,-0.5600
1783085123.752445,3593,2101,7795,8752,124.4200,-0.5600
1783085123.768445,3583,2054,7833,8733,119.0100,0.0000
1783085123.784812,3621,2111,7805,8780,119.0100,0.0000
1783085123.800424,3621,2083,7814,8743,119.0100,0.0000
1783085123.816862,3649,2111,7824,8762,121.4400,-0.1200
1783085123.833130,3602,2054,7777,8743,121.4400,-0.1200
1783085123.848682,3602,2120,7777,8752,121.4400,-0.1200
1783085123.866274,3621,2083,7786,8762,124.6300,-1.3700
1783085123.881006,3593,2054,7777,8790,124.6300,-1.3700
1783085123.896707,3583,2111,7786,8724,124.6300,-1.3700
1783085123.913461,3602,2129,7814,8771,124.4200,1.0000
1783085123.928524,3612,2054,7805,8771,124.4200,1.0000
1783085123.944294,3565,2111,7777,8724,124.4200,1.0000
1783085123.959707,3612,2158,7833,8715,121.7100,-0.9400
1783085123.975332,3555,2064,7777,8696,121.7100,-0.9400
1783085123.991409,3583,2148,7833,8762,121.7100,-0.9400
1783085124.007684,3640,2092,7767,8743,121.7100,-0.9400
1783085124.024558,3555,2158,7758,8752,127.1200,1.7500
1783085124.039633,3546,2158,7795,8743,127.1200,1.7500
1783085124.056058,3602,2176,7786,8715,127.1200,1.7500
1783085124.071809,3602,2139,7805,8762,119.0100,-1.0000
1783085124.087750,3583,2083,7805,8724,119.0100,-1.0000
1783085124.104374,3640,2111,7805,8668,119.0100,-1.0000
1783085124.119459,3612,2186,7767,8715,127.1200,1.5000
1783085124.135432,3593,2083,7805,8705,127.1200,1.5000
1783085124.151728,3583,2176,7870,8687,127.1200,1.5000
1783085124.167632,3583,2148,7786,8733,127.1200,-0.6300
1783085124.183638,3630,2158,7786,8658,127.1200,-0.6300
1783085124.200056,3612,2101,7833,8715,127.1200,-0.6300
1783085124.215537,3621,2073,7795,8658,127.1200,-0.6900
1783085124.231498,3621,2186,7833,8705,127.1200,-0.6900
1783085124.246689,3602,2073,7795,8715,127.1200,-0.6900
1783085124.263690,3612,2120,7814,8696,124.4200,-2.1300
1783085124.278432,3612,2129,7758,8696,124.4200,-2.1300
1783085124.294715,3593,2158,7777,8668,124.4200,-2.1300
1783085124.310533,3593,2092,7767,8687,124.4200,-2.1300
1783085124.326463,3630,2158,7824,8687,127.1200,1.3100
1783085124.342715,3574,2214,7767,8687,127.1200,1.3100
1783085124.358499,3583,2176,7842,8696,127.1200,1.3100
1783085124.374562,3602,2167,7777,8649,129.8300,-0.6900
1783085124.390786,3602,2148,7777,8668,129.8300,-0.6900
1783085124.406606,3630,2223,7767,8677,129.8300,-0.6900
1783085124.422872,3621,2176,7777,8668,129.8300,-0.4400
1783085124.439039,3640,2176,7767,8658,129.8300,-0.4400
1783085124.455796,3583,2111,7786,8658,129.8300,-0.4400
1783085124.472766,3612,2186,7767,8677,129.8300,-0.8100
1783085124.488210,3612,2223,7739,8649,129.8300,-0.8100
1783085124.503857,3640,2111,7720,8677,129.8300,-0.8100
1783085124.519829,3640,2204,7748,8649,132.5300,1.1200
1783085124.536164,3621,2158,7711,8687,132.5300,1.1200
1783085124.551812,3621,2101,7720,8640,132.5300,1.1200
1783085124.567822,3602,2214,7748,8677,132.5800,0.1900
1783085124.584306,3649,2176,7739,8668,132.5800,0.1900
1783085124.600337,3649,2120,7730,8649,132.5800,0.1900
1783085124.616042,3621,2158,7720,8724,135.2300,-0.1900
1783085124.632317,3630,2186,7730,8658,135.2300,-0.1900
1783085124.648484,3602,2186,7767,8630,135.2300,-0.1900
1783085124.665305,3621,2195,7720,8649,135.2300,1.3100
1783085124.680161,3602,2223,7702,8687,135.2300,1.3100
1783085124.695947,3696,2148,7730,8649,135.2300,1.3100
1783085124.711864,3640,2120,7720,8687,140.6400,0.3100
1783085124.728007,3677,2148,7702,8668,140.6400,0.3100
1783085124.743766,3593,2158,7730,8649,140.6400,0.3100
1783085124.758668,3602,2148,7673,8668,140.6400,0.3100
1783085124.774935,3621,2129,7739,8640,137.9400,1.3100
1783085124.790687,3621,2129,7730,8658,137.9400,1.3100
1783085124.806851,3640,2204,7702,8649,137.9400,1.3100
1783085124.823193,3640,2083,7683,8630,143.3500,-0.5600
1783085124.838881,3640,2186,7711,8658,143.3500,-0.5600
1783085124.854918,3621,2158,7702,8630,143.3500,-0.5600
1783085124.871442,3621,2120,7730,8677,146.0500,0.1200
1783085124.887037,3621,2167,7711,8602,146.0500,0.1200
1783085124.903097,3621,2176,7673,8611,146.0500,0.1200
1783085124.919486,3621,2148,7645,8621,146.0500,0.8800
1783085124.935016,3696,2120,7655,8658,146.0500,0.8800
1783085124.950964,3649,2167,7692,8583,146.0500,0.8800
1783085124.967277,3640,2158,7692,8640,148.7600,0.2500
1783085124.983022,3640,2129,7720,8593,148.7600,0.2500
1783085124.999117,3658,2111,7664,8630,148.7600,0.2500
1783085125.016210,3640,2167,7627,8630,146.0500,-0.8100
1783085125.031866,3640,2092,7655,8602,146.0500,-0.8100
1783085125.047797,3630,2073,7645,8658,146.0500,-0.8100
1783085125.065849,3621,2111,7673,8602,146.0500,-0.3700
1783085125.079894,3621,2129,7720,8574,146.0500,-0.3700
1783085125.095896,3612,2045,7702,8611,146.0500,-0.3700
1783085125.113384,3621,2120,7683,8574,151.4600,-1.6900
1783085125.128351,3621,2111,7664,8593,151.4600,-1.6900
1783085125.144145,3630,2092,7645,8611,151.4600,-1.6900
1783085125.160289,3668,2120,7683,8602,151.4600,1.1900
1783085125.176591,3640,2120,7645,8555,151.4600,1.1900
1783085125.192245,3658,2101,7683,8583,151.4600,1.1900
1783085125.208622,3640,2083,7645,8555,151.4600,1.1900
1783085125.224191,3640,2101,7617,8574,154.1700,-0.6300
1783085125.239905,3658,2129,7664,8546,154.1700,-0.6300
1783085125.255983,3630,2101,7645,8546,154.1700,-0.6300
1783085125.270908,3687,2064,7627,8565,151.1400,1.0000
1783085125.286970,3658,2467,7636,8546,151.1400,1.0000
1783085125.303983,3687,2092,7645,8574,151.1400,1.0000
1783085125.319592,3649,2448,7655,8555,157.3100,-0.0600
1783085125.335263,3668,2129,7627,8621,157.3100,-0.0600
1783085125.351667,3658,2092,7664,8602,157.3100,-0.0600
1783085125.367347,3668,2805,7598,8565,151.1400,1.2500
1783085125.383485,3687,2795,7589,8593,151.1400,1.2500
1783085125.399971,3705,2092,7608,8527,151.1400,1.2500
1783085125.416172,3687,2073,7617,8565,156.8700,-0.5600
1783085125.430264,3658,2054,7627,8527,156.8700,-0.5600
1783085125.446658,3677,2420,7561,8621,156.8700,-0.5600
1783085125.462294,3677,2083,7627,8518,160.0700,-0.5000
1783085125.478248,3658,2064,7627,8574,160.0700,-0.5000
1783085125.494980,3649,2054,7617,8508,160.0700,-0.5000
1783085125.510256,3630,2036,7598,8518,160.0700,-0.5000
1783085125.526221,3649,2017,7589,8574,159.1000,-0.1200
1783085125.541308,3705,2083,7589,8565,159.1000,-0.1200
1783085125.557268,3687,2083,7608,8565,159.1000,-0.1200
1783085125.573359,3715,2054,7664,8527,156.8700,0.3700
1783085125.589288,3677,2083,7589,8546,156.8700,0.3700
1783085125.605260,3677,2073,7580,8527,156.8700,0.3700
1783085125.621322,3715,2092,7589,8574,171.1100,-1.9400
1783085125.637387,3677,2083,7608,8546,171.1100,-1.9400
1783085125.653311,3677,2158,7608,8546,171.1100,-1.9400
1783085125.669274,3677,2129,7561,8518,162.2800,0.1200
1783085125.685358,3696,2111,7580,8508,162.2800,0.1200
1783085125.701308,3696,2083,7570,8499,162.2800,0.1200
1783085125.717371,3677,2139,7561,8527,164.9900,-1.3700
1783085125.733485,3715,2186,7589,8518,164.9900,-1.3700
1783085125.749355,3668,2111,7598,8499,164.9900,-1.3700
1783085125.765302,3696,2101,7598,8508,159.1000,1.9400
1783085125.781389,3658,2073,7580,8490,159.1000,1.9400
1783085125.797365,3715,2101,7608,8508,159.1000,1.9400
1783085125.814274,3696,2139,7533,8508,164.9900,-0.0600
1783085125.828441,3724,2195,7627,8508,164.9900,-0.0600
1783085125.844480,3687,2167,7608,8499,164.9900,-0.0600
1783085125.860551,3734,2158,7551,8527,168.3500,1.1200
1783085125.876372,3705,2129,7570,8490,168.3500,1.1200
1783085125.892427,3724,2083,7580,8499,168.3500,1.1200
1783085125.908738,3705,2120,7598,8499,161.7500,1.6300
1783085125.924431,3705,2148,7542,8499,161.7500,1.6300
1783085125.940670,3715,2176,7551,8499,161.7500,1.6300
1783085125.958564,3687,2186,7561,8499,161.7500,1.6300
1783085125.974851,3715,2129,7580,8461,167.6900,1.2500
1783085125.990640,3677,2139,7514,8518,167.6900,1.2500
1783085126.006609,3687,2176,7533,8518,167.6900,1.2500
1783085126.022760,3677,2195,7570,8490,162.2800,1.5000
1783085126.038578,3705,2167,7542,8461,162.2800,1.5000
1783085126.053564,3743,2158,7505,8443,162.2800,1.5000
1783085126.069512,3734,2148,7505,8452,170.4000,-0.9400
1783085126.085455,3668,2148,7561,8490,170.4000,-0.9400
1783085126.101533,3687,2214,7533,8386,170.4000,-0.9400
1783085126.117643,3696,2204,7551,8471,171.1100,0.8100
1783085126.133518,3687,2223,7533,8461,171.1100,0.8100
1783085126.149535,3724,2195,7523,8433,171.1100,0.8100
1783085126.165460,3771,2139,7514,8471,172.3600,-0.1200
1783085126.181515,3715,2195,7486,8452,172.3600,-0.1200
1783085126.197598,3677,2186,7495,8461,172.3600,-0.1200
1783085126.215584,3677,2214,7448,8461,173.1000,0.1900
1783085126.231611,3677,2214,7476,8415,173.1000,0.1900
1783085126.247674,3715,2280,7495,8461,173.1000,0.1900
1783085126.263255,3677,2261,7505,8461,178.5100,1.0600
1783085126.279646,3696,2270,7486,8443,178.5100,1.0600
1783085126.295572,3743,2261,7476,8405,178.5100,1.0600
1783085126.310868,3696,2289,7486,8396,181.2100,-3.3800
1783085126.326616,3677,2298,7486,8471,181.2100,-3.3800
1783085126.342994,3687,2289,7467,8424,181.2100,-3.3800
1783085126.359388,3724,2448,7486,8368,181.2100,0.5600
1783085126.374725,3743,2392,7486,8349,181.2100,0.5600
1783085126.390742,3715,2242,7467,8405,181.2100,0.5600
1783085126.407227,3696,2345,7458,8415,181.2100,0.5600
1783085126.422690,3677,2270,7495,8433,178.5100,-1.6900
1783085126.438658,3687,2270,7514,8452,178.5100,-1.6900
1783085126.454867,3715,2280,7495,8368,178.5100,-1.6900
1783085126.470736,3696,2336,7495,8396,183.9200,1.3700
1783085126.486848,3687,2383,7467,8396,183.9200,1.3700
1783085126.503063,3734,2420,7467,8424,183.9200,1.3700
1783085126.518759,3677,2495,7467,8386,181.2100,0.6900
1783085126.534697,3696,2401,7448,8443,181.2100,0.6900
1783085126.550938,3687,2345,7430,8443,181.2100,0.6900
1783085126.566823,3715,2373,7448,8386,189.3300,-0.2500
1783085126.581783,3715,2345,7420,8405,189.3300,-0.2500
1783085126.597765,3715,2420,7448,8424,189.3300,-0.2500
1783085126.615736,3696,2345,7383,8424,183.9200,-2.6900
1783085126.631742,3724,2336,7401,8405,183.9200,-2.6900
1783085126.647737,3724,2355,7383,8368,183.9200,-2.6900
1783085126.664908,3705,2326,7430,8368,192.0300,1.6900
1783085126.679778,3705,2364,7486,8339,192.0300,1.6900
1783085126.695748,3752,2308,7458,8349,192.0300,1.6900
1783085126.711866,3715,2270,7476,8339,192.0300,1.6900
1783085126.727807,3705,2345,7392,8377,186.6200,-0.5000
1783085126.744082,3743,2308,7476,8405,186.6200,-0.5000
1783085126.760297,3734,2289,7411,8339,186.6200,2.1900
1783085126.775953,3687,2280,7401,8349,186.6200,2.1900
1783085126.791863,3715,2401,7401,8349,186.6200,2.1900
1783085126.807883,3705,2317,7392,8405,186.6200,2.1900
1783085126.822901,3724,2401,7392,8339,194.7400,0.1900
1783085126.838905,3715,2383,7401,8349,194.7400,0.1900
1783085126.855200,3715,2345,7439,8349,194.7400,0.1900
1783085126.870887,3705,2364,7354,8339,194.7400,-0.4400
1783085126.886975,3734,2308,7411,8349,194.7400,-0.4400
1783085126.903101,3743,2430,7383,8349,194.7400,-0.4400
1783085126.918927,3687,2364,7411,8311,192.0300,-2.6300
1783085126.934951,3696,2345,7383,8330,192.0300,-2.6300
1783085126.951119,3724,2355,7411,8302,192.0300,-2.6300
1783085126.967163,3743,2326,7383,8311,194.7400,0.5000
1783085126.982934,3734,2289,7364,8293,194.7400,0.5000
1783085126.999515,3734,2411,7392,8274,194.7400,0.5000
1783085127.014865,3734,2289,7373,8311,192.0300,-3.0600
1783085127.030944,3734,2364,7373,8330,192.0300,-3.0600
1783085127.047168,3705,2401,7364,8293,192.0300,-3.0600
1783085127.063338,3687,2430,7383,8311,194.7400,3.1300
1783085127.079062,3715,2373,7392,8264,194.7400,3.1300
1783085127.094622,3734,2308,7345,8274,194.7400,3.1300
1783085127.110404,3743,2317,7420,8283,194.7400,3.1300
1783085127.125986,3762,2336,7336,8283,197.4400,-0.1900
1783085127.142084,3752,2448,7336,8264,197.4400,-0.1900
1783085127.158042,3752,2420,7364,8246,197.4400,-0.1900
1783085127.174010,3752,2411,7345,8246,194.7400,3.0000
1783085127.190050,3771,2439,7392,8274,194.7400,3.0000
1783085127.206039,3752,2326,7383,8264,194.7400,3.0000
1783085127.222091,3715,2317,7373,8264,200.1500,0.3100
1783085127.238101,3743,2392,7326,8236,200.1500,0.3100
1783085127.254085,3743,2298,7364,8246,200.1500,0.3100
1783085127.270072,3715,2430,7317,8227,200.1500,1.7500
1783085127.286157,3752,2355,7326,8264,200.1500,1.7500
1783085127.318129,3752,2420,7308,8255,198.8700,0.6900
1783085127.334262,3752,2383,7364,8255,198.8700,0.6900
1783085127.350125,3780,2430,7364,8227,198.8700,0.6900
1783085127.365609,3752,2420,7345,8283,202.8500,0.0000
1783085127.381144,3771,2439,7336,8227,202.8500,0.0000
1783085127.397134,3762,2364,7298,8246,202.8500,0.0000
1783085127.414497,3734,2373,7317,8246,209.7500,-3.9400
1783085127.429451,3724,2420,7289,8199,209.7500,-3.9400
1783085127.445416,3762,2448,7261,8236,209.7500,-3.9400
1783085127.461611,3762,2401,7326,8264,201.5300,0.0000
1783085127.477417,3790,2401,7270,8274,201.5300,0.0000
1783085127.493388,3743,2458,7279,8199,201.5300,0.0000
1783085127.509493,3734,2439,7354,8227,206.9900,-1.8800
1783085127.525410,3771,2448,7251,8218,206.9900,-1.8800
1783085127.541393,3771,2355,7298,8246,206.9900,-1.8800
1783085127.557498,3790,2336,7261,8199,206.9900,-1.8800
1783085127.573253,3724,2411,7298,8189,201.5300,1.0000
1783085127.589381,3705,2401,7270,8227,201.5300,1.0000
1783085127.605504,3771,2430,7298,8246,201.5300,1.0000
1783085127.621356,3762,2458,7289,8255,212.5100,0.2500
1783085127.636628,3771,2448,7326,8236,212.5100,0.2500
1783085127.652837,3780,2486,7289,8189,212.5100,0.2500
1783085127.668378,3752,2401,7289,8189,205.5600,0.4400
1783085127.684773,3799,2430,7270,8189,205.5600,0.4400
1783085127.700886,3715,2383,7279,8189,205.5600,0.4400
1783085127.716262,3743,2448,7251,8218,204.1800,-0.1900
1783085127.732358,3752,2439,7261,8208,204.1800,-0.1900
1783085127.748627,3780,2439,7289,8199,204.1800,-0.1900
1783085127.765109,3752,2467,7214,8189,205.5600,1.3700
1783085127.780344,3771,2411,7289,8171,205.5600,1.3700
1783085127.798566,3734,2448,7223,8171,205.5600,1.3700
1783085127.814857,3715,2514,7242,8218,218.0300,-0.4400
1783085127.830458,3752,2439,7204,8189,218.0300,-0.4400
1783085127.846459,3790,2467,7270,8142,218.0300,-0.4400
1783085127.862590,3780,2486,7214,8133,202.8500,2.9400
1783085127.877871,3724,2467,7233,8142,202.8500,2.9400
1783085127.893594,3724,2458,7270,8152,202.8500,2.9400
1783085127.909386,3752,2458,7157,8142,202.8500,2.9400
1783085127.926108,3771,2448,7233,8133,198.8700,-2.4400
1783085127.941616,3771,2495,7204,8152,198.8700,-2.4400
1783085127.957449,3715,2477,7186,8105,198.8700,-2.4400
1783085127.973578,3780,2495,7204,8152,206.9900,-0.8800
1783085127.990240,3734,2458,7195,8105,206.9900,-0.8800
1783085128.005531,3724,2401,7204,8114,206.9900,-0.8800
1783085128.021738,3752,2486,7204,8142,201.5300,0.5600
1783085128.037709,3762,2552,7176,8124,201.5300,0.5600
1783085128.053495,3715,2505,7204,8114,201.5300,0.5600
1783085128.069479,3743,2477,7204,8114,197.4400,-1.0600
1783085128.085574,3715,2467,7186,8124,197.4400,-1.0600
1783085128.101485,3771,2561,7167,8114,197.4400,-1.0600
1783085128.117457,3724,2514,7204,8124,197.4400,3.0600
1783085128.133613,3752,2495,7139,8124,197.4400,3.0600
1783085128.148533,3771,2533,7167,8086,197.4400,3.0600
1783085128.164799,3752,2495,7167,8124,200.1500,0.8100
1783085128.180785,3734,2533,7139,8077,200.1500,0.8100
1783085128.196545,3799,2458,7176,8077,200.1500,0.8100
1783085128.212626,3809,2505,7148,8077,200.1500,1.0000
1783085128.228761,3743,2477,7176,8077,200.1500,1.0000
1783085128.244591,3762,2495,7129,8067,200.1500,1.0000
1783085128.260643,3790,2533,7139,8049,197.4400,-0.5600
1783085128.276775,3780,2477,7186,8105,197.4400,-0.5600
1783085128.292608,3752,2439,7139,8105,197.4400,-0.5600
1783085128.308816,3790,2477,7148,8067,197.4400,-0.5600
1783085128.325161,3809,2477,7176,8030,194.7400,0.4400
1783085128.340772,3780,2430,7139,8002,194.7400,0.4400
1783085128.357920,3771,2467,7129,8002,194.7400,0.4400
1783085128.374718,3762,2458,7101,8049,202.8500,0.3100
1783085128.389886,3799,2430,7120,8039,202.8500,0.3100
1783085128.405649,3818,2477,7092,8067,202.8500,0.3100
1783085128.421614,3799,2505,7167,8067,200.1500,-0.5000
1783085128.437651,3809,2486,7195,8021,200.1500,-0.5000
1783085128.453621,3790,2477,7148,8067,200.1500,-0.5000
1783085128.469627,3799,2514,7111,8021,197.4400,-2.5600
1783085128.485627,3827,2420,7101,8086,197.4400,-2.5600
1783085128.501707,3818,2458,7139,8030,197.4400,-2.5600
1783085128.517667,3818,2533,7139,8011,202.8500,0.2500
1783085128.533705,3818,2467,7073,8086,202.8500,0.2500
1783085128.549744,3827,2486,7129,8039,202.8500,0.2500
1783085128.565839,3799,2542,7073,8030,197.4400,-0.8800
1783085128.581707,3809,2495,7092,8039,197.4400,-0.8800
1783085128.597746,3846,2458,7073,8049,197.4400,-0.8800
1783085128.614450,3799,2514,7120,7992,200.1500,1.0600
1783085128.629782,3827,2523,7036,8049,200.1500,1.0600
1783085128.644838,3846,2486,7054,8021,200.1500,1.0600
1783085128.660986,3827,2505,7064,8021,200.1500,0.7500
1783085128.676802,3790,2486,7073,8021,200.1500,0.7500
1783085128.692808,3884,2523,7064,8011,200.1500,0.7500
1783085128.710979,3790,2495,7073,8011,197.4400,-0.5000
1783085128.727273,3893,2505,7045,8002,197.4400,-0.5000
1783085128.742833,3809,2552,7026,8030,197.4400,-0.5000
1783085128.758832,3809,2523,7026,7964,197.4400,-0.5000
1783085128.775324,3902,2542,7036,8011,202.8500,-0.2500
1783085128.791026,3818,2542,7064,7992,202.8500,-0.2500
1783085128.807024,3809,2542,7045,7992,202.8500,-0.2500
1783085128.823249,3902,2523,7007,8011,200.1500,-0.6300
1783085128.840159,3837,2552,7045,8011,200.1500,-0.6300
1783085128.856933,3855,2533,7036,7974,200.1500,-0.6300
1783085128.871945,3846,2495,7045,7927,200.1500,1.0600
1783085128.887838,3902,2514,7026,7936,200.1500,1.0600
1783085128.903884,3846,2561,7017,7927,200.1500,1.0600
1783085128.920157,3855,2486,7054,7974,202.8500,1.6300
1783085128.936188,3855,2477,7045,7964,202.8500,1.6300
1783085128.952145,3855,2580,7026,7945,202.8500,1.6300
1783085128.967309,3893,2542,7026,7945,200.1500,-0.5000
1783085128.983194,3865,2598,7036,7992,200.1500,-0.5000
1783085128.998985,3855,2523,7017,7945,200.1500,-0.5000
1783085129.015139,3846,2486,6979,7945,194.7400,-0.1200
1783085129.031178,3846,2608,6989,7945,194.7400,-0.1200
1783085129.049071,3818,2552,7007,7945,194.7400,-0.1200
1783085129.065352,3893,2589,7007,7917,197.4400,0.9400
1783085129.081241,3818,2542,6998,7917,197.4400,0.9400
1783085129.097030,3855,2561,6998,7955,197.4400,0.9400
1783085129.113375,3874,2486,6979,7899,194.7400,-2.2500
1783085129.128496,3827,2523,7007,7936,194.7400,-2.2500
1783085129.144089,3837,2589,7007,7917,194.7400,-2.2500
1783085129.160015,3865,2533,7017,7936,194.7400,2.8100
1783085129.176034,3837,2627,7026,7927,194.7400,2.8100
1783085129.191998,3846,2561,6989,7908,194.7400,2.8100
1783085129.208028,3893,2636,6951,7908,194.7400,2.8100
1783085129.224061,3827,2542,6998,7964,197.4400,-0.4400
1783085129.240296,3865,2570,6951,7936,197.4400,-0.4400
1783085129.256248,3884,2627,7007,7908,197.4400,-0.4400
1783085129.272286,3809,2505,6970,7908,197.4400,3.8100
1783085129.290229,3809,2561,6979,7917,197.4400,3.8100
1783085129.306276,3874,2617,6979,7899,197.4400,3.8100
1783085129.322231,3884,2552,6970,7917,194.7400,-1.2500
1783085129.338147,3855,2505,6970,7899,194.7400,-1.2500
1783085129.353168,3884,2645,6970,7880,194.7400,-1.2500
1783085129.369604,3855,2505,6932,7908,193.5700,1.6900
1783085129.385487,3884,2542,6989,7833,193.5700,1.6900
1783085129.401426,3855,2580,6951,7889,193.5700,1.6900
1783085129.417267,3902,2598,6951,7870,201.4700,0.0600
1783085129.433239,3865,2533,6932,7824,201.4700,0.0600
1783085129.449141,3865,2561,6904,7899,201.4700,0.0600
1783085129.466813,3931,2580,6914,7833,200.1500,1.5000
1783085129.481139,3931,2580,6923,7852,200.1500,1.5000
1783085129.497126,3902,2523,6867,7833,200.1500,1.5000
1783085129.513598,3902,2674,6923,7814,193.5700,-4.0000
1783085129.529206,3893,2674,6970,7861,193.5700,-4.0000
1783085129.545193,3884,2608,6914,7833,193.5700,-4.0000
1783085129.561478,3902,2533,6951,7870,206.9900,1.0600
1783085129.577193,3855,2589,6932,7861,206.9900,1.0600
1783085129.593254,3921,2664,6885,7861,206.9900,1.0600
1783085129.609411,3931,2655,6914,7852,206.9900,1.0600
1783085129.625282,3940,2514,6876,7814,196.2200,-1.8800
1783085129.641242,3921,2514,6904,7842,196.2200,-1.8800
1783085129.657466,3940,2627,6867,7814,196.2200,-1.8800
1783085129.673321,3977,2589,6839,7814,204.2300,1.4400
1783085129.689342,3931,2645,6895,7814,204.2300,1.4400
1783085129.705468,3912,2636,6895,7805,204.2300,1.4400
1783085129.721262,3912,2617,6895,7861,196.2200,-3.0000
1783085129.737277,3940,2683,6885,7824,196.2200,-3.0000
1783085129.753442,3968,2627,6876,7870,196.2200,-3.0000
1783085129.769251,3921,2608,6857,7842,205.5600,0.8100
1783085129.785321,4015,2664,6885,7805,205.5600,0.8100
1783085129.801542,3968,2674,6895,7758,205.5600,0.8100
1783085129.817214,3921,2636,6848,7777,206.9900,-1.0600
1783085129.833489,4015,2655,6848,7842,206.9900,-1.0600
1783085129.849631,3940,2674,6895,7805,206.9900,-1.0600
1783085129.865712,3996,2608,6857,7786,205.5600,0.0000
1783085129.881369,3977,2617,6829,7777,205.5600,0.0000
1783085129.896545,3968,2664,6839,7805,205.5600,0.0000
1783085129.912358,3996,2664,6885,7814,205.5600,0.0000
1783085129.928692,3987,2683,6876,7795,201.5300,-0.0600
1783085129.944664,4024,2692,6839,7833,201.5300,-0.0600
1783085129.960336,3977,2758,6820,7852,201.5300,-0.0600
1783085129.976336,3959,2758,6820,7777,202.8500,1.8800
1783085129.992605,3968,2674,6820,7777,202.8500,1.8800
1783085130.008376,3987,2627,6829,7842,202.8500,1.8800
1783085130.024454,3940,2758,6810,7758,200.1500,-0.8100
1783085130.040683,3996,2711,6763,7786,200.1500,-0.8100
1783085130.056413,3949,2674,6820,7758,200.1500,-0.8100
1783085130.072569,3949,2683,6829,7739,200.1500,-0.6900
1783085130.088758,3987,2702,6829,7720,200.1500,-0.6900
1783085130.104580,3959,2711,6810,7777,200.1500,-0.6900
1783085130.120645,3968,2627,6773,7711,197.4400,0.3700
1783085130.136767,3987,2711,6782,7730,197.4400,0.3700
1783085130.151595,3987,2674,6773,7758,197.4400,0.3700
1783085130.167572,3996,2758,6735,7720,200.1500,-1.7500
1783085130.183531,3977,2711,6820,7777,200.1500,-1.7500
1783085130.199498,4006,2711,6839,7711,200.1500,-1.7500
1783085130.216144,4006,2720,6820,7720,201.4700,0.0600
1783085130.231881,3987,2683,6829,7739,201.4700,0.0600
1783085130.247711,3977,2692,6763,7730,201.4700,0.0600
1783085130.263600,3949,2730,6754,7683,196.2200,0.8800
1783085130.279583,4015,2720,6773,7702,196.2200,0.8800
1783085130.295588,4015,2720,6707,7730,196.2200,0.8800
1783085130.312301,4015,2711,6792,7730,204.2300,1.5000
1783085130.327870,3977,2636,6773,7702,204.2300,1.5000
1783085130.344129,3959,2758,6735,7702,204.2300,1.5000
1783085130.359941,3987,2767,6754,7739,204.2300,1.5000
1783085130.375619,4034,2711,6726,7711,197.4400,0.6300
1783085130.391639,4006,2702,6763,7720,197.4400,0.6300
1783085130.407643,4015,2767,6773,7767,197.4400,0.6300
1783085130.423646,4043,2758,6754,7730,198.8700,2.3100
1783085130.440341,4024,2720,6745,7683,198.8700,2.3100
1783085130.456077,4043,2730,6717,7692,198.8700,2.3100
1783085130.471648,4006,2758,6670,7692,197.4400,0.1200
1783085130.487797,4052,2795,6688,7692,197.4400,0.1200
1783085130.504079,4034,2758,6688,7692,197.4400,0.1200
1783085130.519526,4071,2824,6726,7683,205.5600,0.8100
1783085130.535518,4071,2767,6735,7692,205.5600,0.8100
1783085130.551767,4109,2786,6717,7655,205.5600,0.8100
1783085130.567393,4099,2814,6707,7655,205.5600,-3.4400
1783085130.583534,4024,2833,6679,7683,205.5600,-3.4400
1783085130.599807,4062,2795,6670,7655,205.5600,-3.4400
1783085130.617342,4043,2749,6679,7645,200.1500,0.0000
1783085130.631819,4081,2795,6679,7673,200.1500,0.0000
1783085130.648139,4081,2805,6688,7645,200.1500,0.0000
1783085130.665505,4090,2814,6670,7627,205.5600,-2.1300
1783085130.679876,4081,2795,6707,7608,205.5600,-2.1300
1783085130.695399,4052,2758,6679,7655,205.5600,-2.1300
1783085130.710909,4071,2814,6670,7589,205.5600,-2.1300
1783085130.726618,4137,2795,6670,7608,200.1500,1.8800
1783085130.743524,4099,2795,6642,7636,200.1500,1.8800
1783085130.758699,4128,2814,6670,7608,200.1500,1.8800
1783085130.774580,4165,2861,6660,7598,208.2600,-0.6300
1783085130.790785,4118,2908,6726,7570,208.2600,-0.6300
1783085130.806571,4156,2824,6688,7608,208.2600,-0.6300
1783085130.822901,4156,2842,6660,7627,205.5600,0.0600
1783085130.839130,4099,2899,6717,7617,205.5600,0.0600
1783085130.855150,4118,2833,6688,7608,205.5600,0.0600
1783085130.871204,4128,2805,6642,7627,202.8500,-0.8100
1783085130.887534,4090,2824,6642,7598,202.8500,-0.8100
1783085130.903046,4156,2833,6642,7627,202.8500,-0.8100
1783085130.918760,4128,2842,6679,7636,202.8500,-0.2500
1783085130.935203,4146,2814,6613,7580,202.8500,-0.2500
1783085130.950752,4156,2889,6651,7598,202.8500,-0.2500
1783085130.966718,4128,2805,6623,7598,202.8500,2.5000
1783085130.981572,4118,2880,6660,7608,202.8500,2.5000
1783085130.998046,4184,2833,6651,7608,202.8500,2.5000
1783085131.015753,4221,2908,6632,7608,200.1500,0.3100
1783085131.030483,4174,2842,6595,7580,200.1500,0.3100
1783085131.046434,4221,2861,6604,7542,200.1500,0.3100
1783085131.062597,4146,2861,6595,7561,200.1500,0.8100
1783085131.077988,4165,2861,6613,7570,200.1500,0.8100
1783085131.093974,4174,2870,6613,7542,200.1500,0.8100
1783085131.110376,4203,2842,6613,7561,200.1500,0.8100
1783085131.125673,4146,2852,6642,7561,202.8500,-1.1900
1783085131.141639,4146,2861,6660,7598,202.8500,-1.1900
1783085131.157893,4174,2824,6670,7533,202.8500,-1.1900
1783085131.173894,4146,2889,6642,7570,200.1500,0.0000
1783085131.190722,4203,2908,6585,7561,200.1500,0.0000
1783085131.206158,4128,2833,6595,7533,200.1500,0.0000
1783085131.222107,4203,2880,6623,7533,202.8500,-2.5600
1783085131.239327,4156,2842,6623,7533,202.8500,-2.5600
1783085131.255282,4156,2842,6604,7514,202.8500,-2.5600
1783085131.271264,4174,2842,6604,7561,193.5700,1.8100
1783085131.287018,4174,2824,6623,7542,193.5700,1.8100
1783085131.303023,4193,2861,6651,7598,193.5700,1.8100
1783085131.318959,4137,2917,6595,7505,204.2300,0.1200
1783085131.334799,4212,2852,6576,7533,204.2300,0.1200
1783085131.350854,4203,2908,6642,7514,204.2300,0.1200
1783085131.368032,4174,2833,6604,7551,196.2200,6.8100
1783085131.382917,4146,2852,6604,7495,196.2200,6.8100
1783085131.398813,4212,2861,6604,7505,196.2200,6.8100
1783085131.416336,4203,2880,6595,7570,198.7100,-0.9400
1783085131.431125,4193,2814,6576,7523,198.7100,-0.9400
1783085131.447113,4212,2899,6557,7505,198.7100,-0.9400
1783085131.463444,4193,2861,6595,7505,201.5300,1.5600
1783085131.479939,4231,2983,6538,7505,201.5300,1.5600
1783085131.496244,4240,2870,6548,7505,201.5300,1.5600
1783085131.513859,4212,2889,6566,7486,201.4700,1.4400
1783085131.527943,4231,2917,6538,7476,201.4700,1.4400
1783085131.544005,4240,2908,6548,7486,201.4700,1.4400
1783085131.560143,4203,2899,6566,7486,201.4700,1.4400
1783085131.575862,4203,2936,6520,7514,201.5300,0.6900
1783085131.592377,4249,2880,6529,7476,201.5300,0.6900
1783085131.608425,4325,2889,6520,7523,201.5300,0.6900
1783085131.624103,4278,2974,6510,7514,206.9900,-4.3100
1783085131.640176,4212,2917,6585,7476,206.9900,-4.3100
1783085131.656702,4221,2899,6520,7448,206.9900,-4.3100
1783085131.672651,4249,3030,6520,7486,205.5600,0.5600
1783085131.688353,4306,2927,6538,7476,205.5600,0.5600
1783085131.704627,4212,2927,6510,7495,205.5600,0.5600
1783085131.720237,4259,3021,6529,7458,205.5600,-2.3800
1783085131.735183,4259,3021,6510,7467,205.5600,-2.3800
1783085131.751454,4259,2946,6501,7401,205.5600,-2.3800
1783085131.768923,4306,3011,6520,7439,201.5300,2.4400
1783085131.783715,4306,3021,6520,7401,201.5300,2.4400
1783085131.799641,4278,3011,6510,7448,201.5300,2.4400
1783085131.815427,4268,3030,6501,7476,209.7500,-3.2500
1783085131.831060,4287,3058,6482,7439,209.7500,-3.2500
1783085131.847289,4278,3002,6482,7448,209.7500,-3.2500
1783085131.863363,4259,3030,6501,7439,209.7500,-3.2500
1783085131.879380,4231,3002,6520,7411,205.5600,0.5600
1783085131.895572,4287,3011,6491,7458,205.5600,0.5600
1783085131.911388,4287,3049,6510,7401,205.5600,0.5600
1783085131.927579,4296,3077,6482,7392,198.8700,-1.5000
1783085131.943892,4315,2974,6491,7420,198.8700,-1.5000
1783085131.959488,4249,3002,6491,7383,198.8700,-1.5000
1783085131.975960,4259,3002,6463,7411,205.5600,0.5600
1783085131.991776,4315,3058,6445,7354,205.5600,0.5600
1783085132.006594,4343,3011,6473,7364,205.5600,0.5600
1783085132.022468,4287,3067,6445,7401,208.2600,-0.8100
1783085132.038086,4259,3002,6454,7439,208.2600,-0.8100
1783085132.054052,4268,3021,6445,7401,208.2600,-0.8100
1783085132.070479,4278,3021,6426,7373,209.7500,3.3100
1783085132.086123,4278,3030,6426,7364,209.7500,3.3100
1783085132.102095,4362,3030,6445,7354,209.7500,3.3100
1783085132.118663,4315,3002,6416,7411,205.5600,-1.5000
1783085132.134954,4315,3021,6416,7439,205.5600,-1.5000
1783085132.150426,4296,3039,6445,7401,205.5600,-1.5000
1783085132.168483,4315,3021,6426,7411,204.1800,-1.4400
1783085132.183154,4343,3002,6407,7430,204.1800,-1.4400
1783085132.198622,4315,3067,6407,7392,204.1800,-1.4400
1783085132.214796,4268,2964,6388,7383,202.8500,0.4400
1783085132.231036,4315,3002,6416,7364,202.8500,0.4400
1783085132.246534,4325,3039,6435,7364,202.8500,0.4400
1783085132.262815,4334,2974,6426,7364,202.8500,-0.3700
1783085132.277987,4315,2983,6398,7411,202.8500,-0.3700
1783085132.293962,4343,2983,6360,7411,202.8500,-0.3700
1783085132.310292,4315,2992,6388,7401,202.8500,-0.3700
1783085132.325659,4306,3011,6360,7373,192.0300,4.1300
1783085132.341614,4353,2992,6341,7345,192.0300,4.1300
1783085132.357895,4278,2917,6370,7354,192.0300,4.1300
1783085132.373581,4325,2983,6341,7373,202.8500,0.5000
1783085132.389327,4296,2974,6332,7430,202.8500,0.5000
1783085132.405523,4334,3011,6323,7364,202.8500,0.5000
1783085132.421395,4353,2964,6360,7308,200.1500,3.0000
1783085132.437611,4343,3002,6341,7401,200.1500,3.0000
1783085132.453939,4409,3058,6341,7354,200.1500,3.0000
1783085132.469496,4334,2964,6370,7336,205.5600,-0.8100
1783085132.485523,4381,3067,6323,7317,205.5600,-0.8100
1783085132.501826,4353,2992,6351,7364,205.5600,-0.8100
1783085132.518706,4325,2992,6407,7364,200.1500,1.8100
1783085132.534595,4371,3480,6332,7336,200.1500,1.8100
1783085132.551292,4362,3039,6313,7317,200.1500,1.8100
1783085132.568814,4428,3021,6313,7326,202.8500,-0.8100
1783085132.583112,4362,3124,6332,7308,202.8500,-0.8100
1783085132.598665,4362,3011,6332,7308,202.8500,-0.8100
1783085132.614813,4362,2992,6351,7336,205.5600,0.1900
1783085132.630346,4371,3152,6313,7317,205.5600,0.1900
1783085132.646483,4334,3049,6323,7345,205.5600,0.1900
1783085132.662655,4381,3096,6323,7336,205.5600,-2.5600
1783085132.678605,4353,3086,6351,7308,205.5600,-2.5600
1783085132.694498,4381,3096,6360,7298,205.5600,-2.5600
1783085132.710588,4315,3086,6341,7279,205.5600,-2.5600
1783085132.726770,4325,3143,6285,7279,205.5600,0.1200
1783085132.742829,4296,3114,6332,7279,205.5600,0.1200
1783085132.758939,4315,3105,6285,7308,205.5600,0.1200
1783085132.774666,4381,3208,6351,7308,205.5600,0.2500
1783085132.790739,4315,3152,6313,7279,205.5600,0.2500
1783085132.805753,4381,3349,6304,7242,205.5600,0.2500
1783085132.821885,4390,3218,6304,7298,205.5600,-0.2500
1783085132.838100,4353,3171,6313,7233,205.5600,-0.2500
1783085132.853673,4390,3255,6294,7279,205.5600,-0.2500
1783085132.869650,4371,3114,6323,7289,208.2600,0.8800
1783085132.885923,4390,3189,6294,7279,208.2600,0.8800
1783085132.901686,4381,3124,6313,7289,208.2600,0.8800
1783085132.919665,4418,3161,6323,7289,208.2600,-0.8800
1783085132.935457,4418,3171,6285,7279,208.2600,-0.8800
1783085132.951747,4409,3152,6313,7242,208.2600,-0.8800
1783085132.967651,4400,3293,6294,7270,208.2600,1.0000
1783085132.983588,4409,3199,6304,7251,208.2600,1.0000
1783085133.000198,4428,3246,6341,7270,208.2600,1.0000
1783085133.016036,4371,3114,6313,7223,208.2600,1.0000
1783085133.031776,4343,3208,6294,7223,205.5600,-0.8800
1783085133.048132,4428,3246,6294,7279,205.5600,-0.8800
1783085133.063449,4409,3255,6313,7261,205.5600,-0.8800
1783085133.080780,4475,3311,6266,7261,208.2600,2.5600
1783085133.096819,4465,3264,6266,7279,208.2600,2.5600
1783085133.113132,4437,3283,6285,7279,205.5600,-1.1900
1783085133.128531,4390,3283,6257,7345,205.5600,-1.1900
1783085133.144527,4475,3255,6257,7279,205.5600,-1.1900
1783085133.160819,4418,3302,6248,7261,202.8500,-1.1900
1783085133.176561,4400,3274,6257,7261,202.8500,-1.1900
1783085133.192571,4446,3255,6248,7242,202.8500,-1.1900
1783085133.209064,4465,3283,6229,7251,202.8500,-1.1900
1783085133.224672,4437,3274,6219,7261,202.8500,-0.6900
1783085133.240990,4493,3246,6238,7261,202.8500,-0.6900
1783085133.257088,4465,3283,6219,7233,202.8500,-0.6900
1783085133.272953,4446,3321,6219,7223,205.5600,0.8800
1783085133.289059,4446,3208,6201,7233,205.5600,0.8800
1783085133.304873,4456,3311,6210,7204,205.5600,0.8800
1783085133.320774,4428,3349,6229,7204,200.1500,0.7500
1783085133.337026,4428,3246,6210,7195,200.1500,0.7500
1783085133.352148,4456,3274,6201,7186,200.1500,0.7500
1783085133.368367,4465,3293,6210,7223,200.1500,1.5000
1783085133.384851,4465,3236,6191,7176,200.1500,1.5000
1783085133.400055,4465,3264,6201,7176,200.1500,1.5000
1783085133.417441,4428,3246,6219,7101,200.1500,0.0600
1783085133.431973,4475,3293,6182,7186,200.1500,0.0600
1783085133.447757,4465,3246,6182,7148,200.1500,0.0600
1783085133.464031,4475,3330,6182,7214,200.1500,-0.8100
1783085133.480181,4493,3358,6191,7167,200.1500,-0.8100
1783085133.495924,4475,3377,6182,7167,200.1500,-0.8100
1783085133.511767,4484,3377,6191,7176,200.1500,-0.8100
1783085133.528347,4512,3321,6144,7129,198.8700,1.3100
1783085133.544057,4503,3386,6126,7120,198.8700,1.3100
1783085133.560068,4465,3368,6154,7139,198.8700,1.3100
1783085133.575353,4465,3358,6144,7120,200.1500,0.1200
1783085133.591022,4484,3311,6135,7157,200.1500,0.1200
1783085133.607244,4484,3396,6144,7129,200.1500,0.1200
1783085133.624146,4512,3321,6135,7139,206.9900,2.1300
1783085133.641065,4522,3405,6154,7139,206.9900,2.1300
1783085133.656768,4503,3377,6135,7120,206.9900,2.1300
1783085133.672855,4475,3358,6107,7139,198.8700,-1.6300
1783085133.689209,4540,3340,6116,7129,198.8700,-1.6300
1783085133.704833,4503,3358,6135,7111,198.8700,-1.6300
1783085133.720889,4456,3311,6126,7082,206.9900,0.4400
1783085133.737253,4531,3377,6116,7120,206.9900,0.4400
1783085133.752942,4437,3377,6107,7092,206.9900,0.4400
1783085133.768873,4503,3358,6051,7111,202.8500,-1.6900
1783085133.785180,4568,3321,6069,7073,202.8500,-1.6900
1783085133.801213,4522,3330,6069,7092,202.8500,-1.6900
1783085133.817592,4559,3358,6079,7101,202.8500,2.1900
1783085133.831979,4493,3321,6051,7101,202.8500,2.1900
1783085133.847937,4512,3349,6069,7064,202.8500,2.1900
1783085133.864135,4531,3358,6041,7073,202.8500,4.2500
1783085133.879977,4559,3368,6088,7101,202.8500,4.2500
1783085133.895990,4522,3405,6069,7101,202.8500,4.2500
1783085133.912399,4550,3340,6051,7082,201.5300,-1.0000
1783085133.928700,4512,3368,6051,7101,201.5300,-1.0000
1783085133.944637,4493,3368,6051,7073,201.5300,-1.0000
1783085133.960707,4522,3358,6116,7064,201.5300,-1.0000
1783085133.976224,4512,3396,6069,7073,200.1500,1.1200
1783085133.992236,4540,3443,6079,7073,200.1500,1.1200
1783085134.008807,4634,3415,6051,7092,200.1500,1.1200
1783085134.024692,4531,3377,6022,7082,204.2300,-2.3800
1783085134.040392,4540,3396,6022,7073,204.2300,-2.3800
1783085134.056553,4522,3461,6041,7036,204.2300,-2.3800
1783085134.072163,4568,3461,6004,7092,202.8500,1.5600
1783085134.088197,4559,3433,6004,7064,202.8500,1.5600
1783085134.103324,4550,3499,6004,7064,202.8500,1.5600
1783085134.119033,4512,3415,6013,7101,200.1500,-0.7500
1783085134.135028,4587,3452,6004,7064,200.1500,-0.7500
1783085134.151348,4568,3490,6022,7073,200.1500,-0.7500
1783085134.168886,4550,3480,6004,7073,196.2200,-0.8800
1783085134.183047,4568,3452,5976,7092,196.2200,-0.8800
1783085134.199269,4550,3471,6022,7017,196.2200,-0.8800
1783085134.215282,4568,3452,6032,7073,206.9900,-2.8100
1783085134.231481,4540,3452,6022,7054,206.9900,-2.8100
1783085134.247958,4587,3490,6022,7064,206.9900,-2.8100
1783085134.263640,4568,3424,5985,7007,206.9900,-2.8100
1783085134.279444,4587,3480,6022,7026,202.8500,1.6900
1783085134.296184,4568,3490,5985,7045,202.8500,1.6900
1783085134.311561,4597,3490,5994,7017,202.8500,1.6900
1783085134.327627,4559,3471,5976,7017,205.5600,0.0000
1783085134.343664,4578,3461,5976,7007,205.5600,0.0000
1783085134.359164,4606,3499,5957,6998,205.5600,0.0000
1783085134.374883,4606,3499,5966,7017,193.5700,-1.6300
1783085134.390139,4615,3471,5947,6998,193.5700,-1.6300
1783085134.406091,4578,3508,5947,7036,193.5700,-1.6300
1783085134.422899,4578,3461,5985,7036,201.4700,0.1900
1783085134.439615,4597,3518,5976,7007,201.4700,0.1900
1783085134.454853,4615,3480,5994,6998,201.4700,0.1900
1783085134.470870,4587,3499,5976,7007,202.8500,0.9400
1783085134.486737,4559,3499,5957,6998,202.8500,0.9400
1783085134.502895,4653,3490,5985,6998,202.8500,0.9400
1783085134.519053,4587,3518,5985,7007,196.2200,-0.7500
1783085134.534830,4625,3490,5985,6979,196.2200,-0.7500
1783085134.550579,4568,3480,5957,7036,196.2200,-0.7500
1783085134.568298,4615,3508,6004,7054,200.1500,0.8800
1783085134.582813,4662,3490,5994,6979,200.1500,0.8800
1783085134.598630,4625,3490,5976,6979,200.1500,0.8800
1783085134.614705,4672,3499,5985,6979,200.1500,1.4400
1783085134.630277,4634,3518,5957,6932,200.1500,1.4400
1783085134.646257,4634,3508,5957,6951,200.1500,1.4400
1783085134.661506,4634,3508,5966,7007,200.1500,1.4400
1783085134.677235,4587,3490,5957,6979,205.5600,2.1300
1783085134.693248,4653,3527,5938,6951,205.5600,2.1300
1783085134.709512,4643,3480,5957,6960,205.5600,2.1300
1783085134.725242,4643,3527,5947,6960,202.8500,-1.6900
1783085134.741533,4643,3508,5966,6904,202.8500,-1.6900
1783085134.758122,4700,3518,5957,6914,202.8500,-1.6900
1783085134.773484,4662,3537,5929,6970,204.2300,-0.9400
1783085134.789528,4653,3565,5910,6979,204.2300,-0.9400
1783085134.805911,4662,3499,5919,6895,204.2300,-0.9400
1783085134.821590,4653,3546,5947,6914,201.5300,-1.3700
1783085134.837619,4653,3527,5929,6923,201.5300,-1.3700
1783085134.853889,4606,3565,5919,6904,201.5300,-1.3700
1783085134.869446,4625,3565,5919,6932,200.1500,0.0600
1783085134.885805,4672,3527,5900,6932,200.1500,0.0600
1783085134.901942,4606,3565,5900,6923,200.1500,0.0600
1783085134.918063,4634,3546,5929,6895,209.7500,-1.0600
1783085134.932719,4643,3546,5910,6960,209.7500,-1.0600
1783085134.949454,4672,3602,5900,6876,209.7500,-1.0600
1783085134.964688,4643,3565,5872,6932,206.8300,0.8800
1783085134.981216,4690,3574,5900,6885,206.8300,0.8800
1783085134.998946,4681,3546,5854,6885,206.8300,0.8800
1783085135.015087,4690,3574,5854,6876,205.5600,-1.9400
1783085135.031052,4662,3546,5882,6895,205.5600,-1.9400
1783085135.046765,4681,3546,5844,6904,205.5600,-1.9400
1783085135.062881,4709,3574,5863,6904,202.8500,0.8100
1783085135.078530,4672,3527,5844,6839,202.8500,0.8100
1783085135.094546,4718,3555,5825,6895,202.8500,0.8100
1783085135.110745,4709,3555,5872,6839,202.8500,0.8100
1783085135.126619,4690,3583,5863,6839,208.2600,0.0600
1783085135.142772,4737,3527,5882,6867,208.2600,0.0600
1783085135.157687,4700,3574,5863,6857,208.2600,0.0600
1783085135.173985,4709,3574,5854,6867,202.8500,0.8100
1783085135.189835,4672,3593,5891,6932,202.8500,0.8100
1783085135.205667,4718,3593,5891,6857,202.8500,0.8100
1783085135.222230,4737,3602,5844,6876,202.8500,-0.5600
1783085135.238109,4709,3565,5835,6867,202.8500,-0.5600
1783085135.253971,4709,3602,5854,6867,202.8500,-0.5600
1783085135.269504,4690,3583,5825,6848,202.8500,-0.8100
1783085135.285910,4700,3583,5863,6895,202.8500,-0.8100
1783085135.301957,4728,3574,5835,6885,202.8500,-0.8100
1783085135.319354,4775,3593,5825,6848,202.8500,0.8800
1783085135.334595,4709,3602,5825,6829,202.8500,0.8800
1783085135.349894,4709,3583,5788,6810,202.8500,0.8800
1783085135.366090,4709,3621,5816,6810,201.5300,-1.3700
1783085135.382897,4718,3621,5816,6857,201.5300,-1.3700
1783085135.397748,4737,3630,5825,6848,201.5300,-1.3700
1783085135.413704,4718,3630,5816,6820,201.5300,-1.3700
1783085135.428981,4728,3621,5844,6792,204.2300,1.1200
1783085135.443933,4728,3612,5807,6867,204.2300,1.1200
1783085135.460067,4690,3649,5760,6820,204.2300,1.1200
1783085135.475991,4718,3612,5760,6829,200.1500,0.0000
1783085135.491978,4690,3621,5741,6820,200.1500,0.0000
1783085135.508039,4718,3630,5788,6773,200.1500,0.0000
1783085135.524005,4690,3612,5779,6820,205.5600,2.6300
1783085135.540015,4718,3630,5807,6782,205.5600,2.6300
1783085135.556121,4747,3630,5750,6829,205.5600,2.6300
1783085135.572069,4728,3640,5741,6801,205.5600,-0.8800
1783085135.588060,4728,3602,5760,6773,205.5600,-0.8800
1783085135.604084,4709,3640,5779,6810,205.5600,-0.8800
1783085135.620115,4718,3630,5797,6754,202.8500,2.3100
1783085135.636072,4756,3593,5779,6829,202.8500,2.3100
1783085135.652087,4747,3677,5722,6763,202.8500,2.3100
1783085135.668015,4737,3640,5732,6792,205.5600,-0.3700
1783085135.684107,4690,3583,5750,6763,205.5600,-0.3700
1783085135.699263,4718,3630,5741,6735,205.5600,-0.3700
1783085135.715119,4709,3640,5732,6763,205.5600,-0.3700
1783085135.731154,4756,3621,5722,6754,198.8700,0.4400
1783085135.747344,4794,3640,5703,6763,198.8700,0.4400
1783085135.763422,4728,3640,5694,6726,198.8700,0.4400
1783085135.779094,4765,3658,5732,6726,205.5600,-3.6300
1783085135.795335,4737,3668,5694,6792,205.5600,-3.6300
1783085135.811136,4794,3677,5703,6792,205.5600,-3.6300
1783085135.827160,4765,3602,5703,6745,209.7500,0.3100
1783085135.843840,4794,3715,5722,6773,209.7500,0.3100
1783085135.859352,4784,3640,5703,6745,209.7500,0.3100
1783085135.875246,4756,3715,5675,6735,204.1800,0.8100
1783085135.891386,4812,3602,5750,6754,204.1800,0.8100
1783085135.907220,4765,3696,5694,6801,204.1800,0.8100
1783085135.923198,4794,3658,5685,6707,205.5600,4.1900
1783085135.939442,4812,3696,5694,6717,205.5600,4.1900
1783085135.955322,4794,3649,5657,6773,205.5600,4.1900
1783085135.970666,4803,3677,5657,6707,208.2600,-1.0000
1783085135.986793,4756,3771,5685,6698,208.2600,-1.0000
1783085136.002256,4803,3668,5657,6726,208.2600,-1.0000
1783085136.018325,4756,3668,5666,6726,204.2300,0.1900
1783085136.034447,4756,3658,5628,6745,204.2300,0.1900
1783085136.050264,4803,3715,5628,6735,204.2300,0.1900
1783085136.067122,4784,3696,5619,6717,200.1500,-0.1200
1783085136.082465,4840,3687,5619,6670,200.1500,-0.1200
1783085136.098307,4803,3715,5647,6707,200.1500,-0.1200
1783085136.114312,4822,3762,5619,6726,202.8500,-0.3700
1783085136.130539,4794,3743,5628,6698,202.8500,-0.3700
1783085136.146307,4794,3762,5657,6726,202.8500,-0.3700
1783085136.162497,4822,3724,5657,6670,202.8500,-0.3700
1783085136.178917,4794,3799,5657,6698,201.5300,2.0600
1783085136.194534,4784,3752,5638,6726,201.5300,2.0600
1783085136.210384,4822,3762,5657,6660,201.5300,2.0600
1783085136.226635,4803,3790,5628,6688,204.2300,0.6900
1783085136.241698,4840,3734,5600,6679,204.2300,0.6900
1783085136.257809,4869,3762,5657,6698,204.2300,0.6900
1783085136.275617,4822,3743,5600,6698,202.8500,-0.5000
1783085136.291360,4794,3780,5591,6670,202.8500,-0.5000
1783085136.307380,4878,3771,5619,6698,202.8500,-0.5000
1783085136.323529,4831,3809,5563,6660,202.8500,-2.2500
1783085136.339375,4803,3705,5610,6670,202.8500,-2.2500
1783085136.355364,4887,3790,5591,6679,202.8500,-2.2500
1783085136.371764,4794,3809,5563,6623,196.2200,2.8100
1783085136.387484,4794,3771,5544,6670,196.2200,2.8100
1783085136.403457,4812,3734,5563,6642,196.2200,2.8100
1783085136.419736,4803,3818,5591,6623,201.4700,-2.6300
1783085136.435408,4775,3818,5563,6670,201.4700,-2.6300
1783085136.451416,4812,3865,5544,6642,201.4700,-2.6300
1783085136.467995,4822,3790,5535,6698,202.8500,1.0600
1783085136.484888,4822,3855,5582,6604,202.8500,1.0600
1783085136.500504,4869,3790,5516,6632,202.8500,1.0600
1783085136.517071,4850,3743,5535,6679,198.8700,0.2500
1783085136.532748,4812,3902,5544,6585,198.8700,0.2500
1783085136.548509,4831,3809,5582,6585,198.8700,0.2500
1783085136.564516,4812,3827,5563,6613,202.8500,2.1900
1783085136.581211,4794,3884,5525,6623,202.8500,2.1900
1783085136.596517,4822,3818,5563,6623,202.8500,2.1900
1783085136.612732,4850,3949,5553,6576,202.8500,2.1900
1783085136.628883,4840,3902,5563,6623,202.8500,-0.7500
1783085136.644715,4822,3921,5516,6613,202.8500,-0.7500
1783085136.660522,4831,3931,5544,6557,202.8500,-0.7500
1783085136.676749,4840,3940,5553,6642,205.5600,-0.1200
1783085136.692675,4869,3884,5553,6604,205.5600,-0.1200
1783085136.708663,4897,3949,5544,6651,205.5600,-0.1200
1783085136.724734,4850,3921,5544,6538,205.5600,-0.3100
1783085136.739591,4859,3921,5516,6595,205.5600,-0.3100
1783085136.755665,4859,3809,5488,6651,205.5600,-0.3100
1783085136.771528,4897,3893,5506,6576,205.5600,0.8800
1783085136.787874,4915,3865,5497,6595,205.5600,0.8800
1783085136.803718,4850,3959,5488,6613,205.5600,0.8800
1783085136.819513,4869,3931,5544,6548,209.7500,-3.6900
1783085136.835577,4869,3884,5478,6632,209.7500,-3.6900
1783085136.851571,4869,3846,5441,6557,209.7500,-3.6900
1783085136.867997,4859,3846,5460,6566,205.5600,1.1200
1783085136.885630,4831,3884,5506,6566,205.5600,1.1200
1783085136.901651,4869,3921,5506,6576,205.5600,1.1200
1783085136.917783,4878,3902,5497,6585,208.2600,-0.5000
1783085136.933601,4906,3865,5460,6566,208.2600,-0.5000
1783085136.949647,4887,3818,5450,6557,208.2600,-0.5000
1783085136.964898,4869,3987,5441,6548,201.5300,1.1900
1783085136.980706,4878,3893,5450,6538,201.5300,1.1900
1783085136.996711,4906,3874,5441,6520,201.5300,1.1900
1783085137.012904,4859,3968,5478,6538,208.2600,-0.6300
1783085137.028713,4897,3874,5441,6520,208.2600,-0.6300
1783085137.044683,4869,3912,5422,6510,208.2600,-0.6300
1783085137.061386,4915,3987,5431,6557,208.2600,-0.6300
1783085137.076751,4878,3977,5469,6566,202.8500,-0.5600
1783085137.092935,4859,3931,5478,6548,202.8500,-0.5600
1783085137.109107,4869,4024,5460,6491,202.8500,-0.5600
1783085137.124866,4934,3996,5441,6538,210.9700,-1.0000
1783085137.140762,4897,4043,5488,6538,210.9700,-1.0000
1783085137.156953,4962,3987,5422,6538,210.9700,-1.0000
1783085137.172736,4869,3977,5403,6491,202.8500,-1.2500
1783085137.188808,4925,3977,5394,6501,202.8500,-1.2500
1783085137.205024,4906,3959,5403,6520,202.8500,-1.2500
1783085137.220751,4944,3959,5441,6510,202.8500,1.2500
1783085137.236809,4953,3940,5460,6548,202.8500,1.2500
1783085137.251853,4906,4043,5394,6435,202.8500,1.2500
1783085137.267950,4934,3931,5394,6491,205.5600,-0.8800
1783085137.283781,4887,4034,5403,6482,205.5600,-0.8800
1783085137.299828,4962,3987,5403,6482,205.5600,-0.8800
1783085137.315818,4906,3987,5413,6538,202.8500,-2.3800
1783085137.331875,4887,4052,5375,6491,202.8500,-2.3800
1783085137.347950,4915,3987,5413,6473,202.8500,-2.3800
1783085137.363860,4906,4043,5403,6454,202.8500,-2.3800
1783085137.380084,5009,4006,5431,6435,200.1500,-1.0600
1783085137.397882,4972,4034,5422,6435,200.1500,-1.0600
1783085137.413885,4953,4034,5366,6501,200.1500,-1.0600
1783085137.429842,4991,4024,5356,6454,200.1500,1.3700
1783085137.445863,4925,4006,5385,6501,200.1500,1.3700
1783085137.461903,4981,4052,5375,6510,200.1500,1.3700
1783085137.477911,4953,3977,5356,6510,204.2300,-0.8100
1783085137.493078,5028,4090,5347,6445,204.2300,-0.8100
1783085137.508942,4906,4034,5385,6454,204.2300,-0.8100
1783085137.524940,4991,4052,5347,6491,198.8700,1.7500
1783085137.541484,4925,4024,5347,6435,198.8700,1.7500
1783085137.556982,4944,4062,5356,6463,198.8700,1.7500
1783085137.572928,4991,4034,5338,6445,200.1500,-0.4400
1783085137.589228,4953,4081,5347,6463,200.1500,-0.4400
1783085137.605276,5019,3996,5375,6435,200.1500,-0.4400
1783085137.621195,4944,4006,5366,6454,202.8500,-0.5000
1783085137.637399,4972,3996,5347,6482,202.8500,-0.5000
1783085137.653193,5019,4081,5356,6407,202.8500,-0.5000
1783085137.669085,4962,3996,5356,6482,202.8500,0.0600
1783085137.685193,4972,4090,5291,6426,202.8500,0.0600
1783085137.701034,5000,4071,5300,6351,202.8500,0.0600
1783085137.717897,4991,4043,5375,6473,200.1500,0.1200
1783085137.733257,5000,4081,5291,6398,200.1500,0.1200
1783085137.749071,4981,4034,5300,6445,200.1500,0.1200
1783085137.764095,4962,4062,5253,6416,202.8500,1.4400
1783085137.780042,5028,4024,5300,6416,202.8500,1.4400
1783085137.796056,5000,4109,5328,6501,202.8500,1.4400
1783085137.812279,5000,4062,5300,6388,202.8500,1.4400
1783085137.828090,4962,4090,5319,6426,205.5600,-0.9400
1783085137.844035,4991,4090,5272,6398,205.5600,-0.9400
1783085137.860050,5047,4128,5281,6379,205.5600,-0.9400
1783085137.876089,4991,4118,5319,6435,202.8500,-3.5000
1783085137.892080,5066,4099,5263,6416,202.8500,-3.5000
1783085137.908157,4991,4099,5291,6388,202.8500,-3.5000
1783085137.924227,5009,4137,5263,6407,202.8500,-0.3100
1783085137.940123,5019,4118,5281,6379,202.8500,-0.3100
1783085137.956133,5075,4146,5291,6445,202.8500,-0.3100
1783085137.972168,5009,4184,5291,6370,205.5600,0.5600
1783085137.988127,5037,4137,5253,6398,205.5600,0.5600
1783085138.004181,5037,4109,5253,6407,205.5600,0.5600
1783085138.020121,4991,4109,5300,6351,201.5300,0.3700
1783085138.037160,5000,4184,5291,6351,201.5300,0.3700
1783085138.053149,5047,4090,5263,6426,201.5300,0.3700
1783085138.069335,5028,4146,5281,6370,206.9900,0.6900
1783085138.085212,5047,4109,5253,6360,206.9900,0.6900
1783085138.101211,5047,4184,5225,6398,206.9900,0.6900
1783085138.119089,5019,4118,5234,6398,205.5600,-1.6300
1783085138.133201,5047,4193,5272,6351,205.5600,-1.6300
1783085138.149217,5037,4081,5244,6341,205.5600,-1.6300
1783085138.165374,5037,4146,5216,6304,198.8700,0.4400
1783085138.181242,5028,4099,5197,6313,198.8700,0.4400
1783085138.197293,5084,4146,5263,6360,198.8700,0.4400
1783085138.213552,5019,4174,5234,6323,209.7500,-0.1900
1783085138.229402,5037,4156,5234,6313,209.7500,-0.1900
1783085138.245352,4991,4203,5216,6332,209.7500,-0.1900
1783085138.261448,5066,4174,5206,6323,209.7500,-0.1900
1783085138.277341,5056,4193,5244,6323,205.5600,2.3800
1783085138.292718,5037,4165,5234,6313,205.5600,2.3800
1783085138.308474,5037,4203,5272,6332,205.5600,2.3800
1783085138.324213,5056,4156,5244,6313,205.5600,-1.1900
1783085138.340225,5122,4231,5234,6304,205.5600,-1.1900
1783085138.356405,5066,4146,5225,6351,205.5600,-1.1900
1783085138.372251,5075,4221,5178,6332,194.7400,-0.4400
1783085138.388289,5056,4146,5178,6294,194.7400,-0.4400
1783085138.404626,5075,4212,5169,6304,194.7400,-0.4400
1783085138.420294,5066,4165,5169,6285,202.8500,-1.1900
1783085138.436454,5094,4221,5188,6332,202.8500,-1.1900
1783085138.452500,5066,4193,5159,6285,202.8500,-1.1900
1783085138.468457,5094,4193,5150,6294,196.2200,0.6300
1783085138.484301,5066,4203,5169,6323,196.2200,0.6300
1783085138.500564,5075,4231,5216,6323,196.2200,0.6300
1783085138.516335,5131,4203,5216,6266,205.5600,-1.8800
1783085138.532369,5141,4212,5188,6304,205.5600,-1.8800
1783085138.548585,5075,4268,5197,6323,205.5600,-1.8800
1783085138.563391,5122,4221,5159,6294,205.5600,-1.8800
1783085138.579564,5084,4165,5188,6285,200.1500,2.5600
1783085138.595418,5169,4212,5178,6351,200.1500,2.5600
1783085138.611393,5159,4221,5159,6266,200.1500,2.5600
1783085138.627663,5150,4287,5178,6285,206.9900,-0.2500
1783085138.643422,5112,4296,5122,6276,206.9900,-0.2500
1783085138.659420,5141,4306,5188,6266,206.9900,-0.2500
1783085138.675540,5169,4249,5169,6276,196.2200,-0.9400
1783085138.691674,5122,4249,5141,6276,196.2200,-0.9400
1783085138.707450,5141,4287,5103,6294,196.2200,-0.9400
1783085138.723646,5131,4315,5103,6285,206.9900,0.1200
1783085138.739500,5141,4278,5141,6285,206.9900,0.1200
1783085138.755488,5159,4315,5112,6294,206.9900,0.1200
1783085138.771652,5122,4268,5131,6276,202.8500,0.7500
1783085138.787459,5159,4296,5122,6276,202.8500,0.7500
1783085138.803481,5112,4240,5141,6257,202.8500,0.7500
1783085138.819555,5150,4325,5150,6285,200.1500,1.2500
1783085138.834670,5103,4259,5094,6257,200.1500,1.2500
1783085138.850482,5131,4278,5056,6248,200.1500,1.2500
1783085138.866669,5159,4268,5094,6219,204.1800,-0.8100
1783085138.882474,5141,4296,5075,6266,204.1800,-0.8100
1783085138.898587,5169,4287,5066,6248,204.1800,-0.8100
1783085138.915038,5112,4231,5075,6248,206.9900,-0.9400
1783085138.930804,5150,4343,5094,6266,206.9900,-0.9400
1783085138.946681,5084,4278,5103,6201,206.9900,-0.9400
1783085138.962763,5178,4325,5122,6219,201.5300,0.0600
1783085138.978558,5112,4306,5047,6257,201.5300,0.0600
1783085138.994551,5150,4315,5056,6229,201.5300,0.0600
1783085139.011043,5141,4306,5094,6191,201.5300,0.0600
1783085139.026592,5103,4296,5075,6257,205.5600,1.1900
1783085139.042750,5159,4306,5075,6191,205.5600,1.1900
1783085139.058902,5094,4259,5047,6248,205.5600,1.1900
1783085139.074653,5159,4343,5075,6163,202.8500,-2.3800
1783085139.090677,5159,4231,5056,6210,202.8500,-2.3800
1783085139.105734,5150,4296,5075,6182,202.8500,-2.3800
1783085139.121655,5188,4287,5047,6173,208.2600,1.1200
1783085139.137814,5150,4315,5028,6182,208.2600,1.1200
1783085139.153628,5206,4315,5019,6191,208.2600,1.1200
1783085139.169530,5150,4390,5084,6182,202.8500,-1.8100
1783085139.185656,5159,4315,5066,6191,202.8500,-1.8100
1783085139.201667,5178,4325,5047,6182,202.8500,-1.8100
1783085139.218645,5188,4390,5056,6144,210.9700,1.1900
1783085139.235645,5169,4390,5047,6144,210.9700,1.1900
1783085139.251689,5188,4306,5028,6182,210.9700,1.1900
1783085139.268773,5188,4362,5028,6135,205.5600,-0.7500
1783085139.283669,5188,4315,5000,6163,205.5600,-0.7500
1783085139.299833,5197,4428,5028,6144,205.5600,-0.7500
1783085139.315714,5234,4325,5075,6144,205.5600,-0.7500
1783085139.331767,5159,4362,4981,6154,205.5600,1.0600
1783085139.347790,5197,4296,4962,6173,205.5600,1.0600
1783085139.362748,5253,4409,4972,6135,205.5600,1.0600
1783085139.378703,5206,4390,5009,6116,205.5600,-2.5600
1783085139.394889,5234,4381,4981,6135,205.5600,-2.5600
1783085139.410733,5244,4353,5028,6135,205.5600,-2.5600
1783085139.426786,5197,4437,5019,6135,205.5600,-0.5000
1783085139.442966,5216,4381,5009,6144,205.5600,-0.5000
1783085139.458776,5309,4446,4981,6126,205.5600,-0.5000
1783085139.474783,5253,4343,4981,6097,202.8500,1.0000
1783085139.491013,5253,4437,5000,6144,202.8500,1.0000
1783085139.506771,5234,4353,4953,6097,202.8500,1.0000
1783085139.522763,5253,4409,4934,6107,204.2300,-0.2500
1783085139.539005,5206,4418,4953,6144,204.2300,-0.2500
1783085139.554839,5309,4465,4944,6126,204.2300,-0.2500
1783085139.570853,5281,4428,4981,6126,200.1500,-0.0600
1783085139.587089,5253,4400,4981,6154,200.1500,-0.0600
1783085139.602849,5234,4418,4953,6097,200.1500,-0.0600
1783085139.618340,5319,4465,4972,6107,200.1500,1.2500
1783085139.633948,5328,4400,4953,6116,200.1500,1.2500
1783085139.649907,5234,4446,4934,6107,200.1500,1.2500
1783085139.665897,5328,4437,4934,6107,196.2200,0.3700
1783085139.681921,5253,4428,4962,6116,196.2200,0.3700
1783085139.697889,5281,4371,4944,6079,196.2200,0.3700
1783085139.713902,5291,4437,4944,6116,200.1500,-1.1200
1783085139.729961,5281,4465,4972,6097,200.1500,-1.1200
1783085139.745915,5300,4446,4944,6107,200.1500,-1.1200
1783085139.761909,5281,4428,4944,6097,200.1500,-1.1200
1783085139.777960,5263,4437,4944,6107,200.1500,1.0000
1783085139.795949,5309,4446,4962,6107,200.1500,1.0000
1783085139.811968,5291,4465,4934,6088,200.1500,1.0000
1783085139.828074,5291,4446,4915,6079,205.5600,1.1200
1783085139.844074,5234,4437,4887,6060,205.5600,1.1200
1783085139.860034,5281,4475,4925,6079,205.5600,1.1200
1783085139.875253,5291,4446,4906,6051,202.8500,1.5000
1783085139.890969,5319,4456,4925,6069,202.8500,1.5000
1783085139.907016,5309,4465,4915,6079,202.8500,1.5000
1783085139.923345,5291,4484,4953,6032,205.5600,-2.0000
1783085139.939089,5328,4522,4878,6088,205.5600,-2.0000
1783085139.955014,5234,4465,4906,6041,205.5600,-2.0000
1783085139.971426,5328,4559,4887,6051,212.5100,-1.0000
1783085139.989478,5253,4465,4887,6022,212.5100,-1.0000
1783085140.005239,5309,4475,4906,6022,212.5100,-1.0000
1783085140.021079,5291,4484,4887,6041,201.5300,-1.7500
1783085140.037270,5309,4531,4878,6032,201.5300,-1.7500
1783085140.053020,5319,4503,4840,6022,201.5300,-1.7500
1783085140.068942,5309,4615,4878,6051,208.2600,1.0600
1783085140.085323,5319,4503,4859,6060,208.2600,1.0600
1783085140.100456,5356,4503,4869,6004,208.2600,1.0600
1783085140.116445,5319,4531,4878,6079,205.5600,-1.2500
1783085140.132124,5347,4540,4887,6013,205.5600,-1.2500
1783085140.148083,5347,4503,4897,6032,205.5600,-1.2500
1783085140.164080,5328,4512,4878,6004,202.8500,1.3700
1783085140.180175,5347,4503,4869,5985,202.8500,1.3700
1783085140.196114,5309,4503,4869,6032,202.8500,1.3700
1783085140.212142,5375,4531,4840,6022,202.8500,1.3700
1783085140.228222,5291,4559,4878,5994,205.5600,-0.7500
1783085140.244136,5328,4568,4812,6004,205.5600,-0.7500
1783085140.260163,5281,4540,4840,6022,205.5600,-0.7500
1783085140.276191,5347,4606,4840,6032,212.5100,0.6900
1783085140.292151,5375,4578,4840,5985,212.5100,0.6900
1783085140.308193,5338,4625,4840,5985,212.5100,0.6900
1783085140.324241,5366,4597,4812,6013,204.1800,0.5600
1783085140.340292,5347,4615,4840,5966,204.1800,0.5600
1783085140.356386,5413,4587,4822,6013,204.1800,0.5600
1783085140.372272,5375,4597,4822,5976,208.2600,1.0600
1783085140.387302,5366,4475,4794,6013,208.2600,1.0600
1783085140.403404,5309,4606,4822,5976,208.2600,1.0600
1783085140.419162,5328,4559,4840,5985,202.8500,-0.1200
1783085140.435210,5385,4615,4822,5994,202.8500,-0.1200
1783085140.452852,5375,4559,4794,5947,202.8500,-0.1200
1783085140.470676,5356,4587,4822,6004,202.8500,-1.5600
1783085140.484777,5366,4615,4831,5929,202.8500,-1.5600
1783085140.500929,5347,4625,4803,5966,202.8500,-1.5600
1783085140.517043,5403,4597,4784,5966,197.4400,1.8100
1783085140.532609,5366,4587,4784,5985,197.4400,1.8100
1783085140.548374,5431,4615,4812,5976,197.4400,1.8100
1783085140.564025,5422,4615,4756,5938,197.4400,1.8100
1783085140.580036,5385,4578,4784,5976,200.1500,-2.4400
1783085140.596596,5422,4615,4784,6004,200.1500,-2.4400
1783085140.612076,5394,4625,4803,5985,200.1500,-2.4400
1783085140.628050,5375,4643,4784,5938,205.5600,2.5600
1783085140.644768,5366,4672,4775,5957,205.5600,2.5600
1783085140.659339,5394,4578,4794,5966,205.5600,2.5600
1783085140.675406,5431,4634,4794,5929,202.8500,0.1900
1783085140.691681,5460,4634,4794,5919,202.8500,0.1900
1783085140.707354,5441,4681,4747,5938,202.8500,0.1900
1783085140.723479,5460,4643,4737,5938,200.1500,3.8100
1783085140.739601,5413,4672,4709,5985,200.1500,3.8100
1783085140.755345,5413,4643,4709,5919,200.1500,3.8100
1783085140.771427,5431,4653,4765,5976,205.5600,-1.5600
1783085140.788626,5572,4643,4756,5985,205.5600,-1.5600
1783085140.803446,5441,4662,4794,5919,205.5600,-1.5600
1783085140.820854,5385,4681,4756,5966,202.8500,1.3700
1783085140.835716,5422,4672,4728,5910,202.8500,1.3700
1783085140.851182,5422,4672,4718,5938,202.8500,1.3700
1783085140.867719,5478,4672,4709,5929,205.5600,-1.0600
1783085140.883710,5478,4662,4737,5947,205.5600,-1.0600
1783085140.899336,5431,4634,4747,5882,205.5600,-1.0600
1783085140.915399,5413,4728,4756,5957,204.1800,1.1200
1783085140.931583,5413,4653,4765,5919,204.1800,1.1200
1783085140.946447,5488,4662,4737,5919,204.1800,1.1200
1783085140.963229,5516,4672,4700,5863,204.1800,1.1200
1783085140.978771,5488,4681,4737,5919,209.7500,-4.4400
1783085140.994718,5497,4672,4690,5957,209.7500,-4.4400
1783085141.010806,5469,4625,4700,5863,209.7500,-4.4400
1783085141.026703,5478,4662,4756,5938,208.2600,-0.1200
1783085141.042465,5460,4681,4662,5929,208.2600,-0.1200
1783085141.058911,5422,4662,4681,5919,208.2600,-0.1200
1783085141.074827,5497,4662,4690,5882,205.5600,-0.5000
1783085141.090557,5469,4690,4681,5844,205.5600,-0.5000
1783085141.107186,5441,4672,4662,5910,205.5600,-0.5000
1783085141.122751,5478,4700,4662,5863,208.2600,0.9400
1783085141.138614,5441,4681,4653,5891,208.2600,0.9400
1783085141.154404,5497,4700,4672,5929,208.2600,0.9400
1783085141.170580,5441,4643,4662,5863,201.5300,0.1900
1783085141.186391,5460,4728,4662,5872,201.5300,0.1900
1783085141.202158,5516,4643,4662,5919,201.5300,0.1900
1783085141.217947,5544,4700,4643,5872,215.2700,-0.4400
1783085141.233346,5450,4681,4643,5844,215.2700,-0.4400
1783085141.250209,5525,4653,4653,5910,215.2700,-0.4400
1783085141.265549,5544,4672,4643,5844,215.2700,-0.4400
1783085141.281641,5497,4643,4662,5891,204.1800,-0.4400
1783085141.297932,5553,4681,4653,5872,204.1800,-0.4400
1783085141.313719,5478,4625,4643,5844,204.1800,-0.4400
1783085141.329611,5544,4681,4700,5882,209.7500,-0.1900
1783085141.345669,5516,4672,4634,5891,209.7500,-0.1900
1783085141.361548,5469,4690,4653,5844,209.7500,-0.1900
1783085141.377598,5553,4690,4643,5854,205.5600,1.0000
1783085141.393622,5525,4625,4606,5854,205.5600,1.0000
1783085141.409369,5563,4643,4615,5854,205.5600,1.0000
1783085141.425396,5553,4643,4662,5835,204.1800,0.3700
1783085141.441606,5478,4625,4587,5854,204.1800,0.3700
1783085141.457338,5544,4597,4597,5872,204.1800,0.3700
1783085141.474415,5478,4578,4606,5872,206.9900,-1.5600
1783085141.490545,5535,4662,4587,5816,206.9900,-1.5600
1783085141.508415,5535,4653,4597,5788,206.9900,-1.5600
1783085141.526480,5506,4728,4606,5788,202.8500,-1.1900
1783085141.542835,5525,4681,4653,5816,202.8500,-1.1900
1783085141.558756,5553,4662,4587,5835,202.8500,-1.1900
1783085141.574846,5600,4672,4587,5844,198.8700,1.8100
1783085141.591022,5553,4643,4606,5863,198.8700,1.8100
1783085141.605692,5553,4625,4568,5863,198.8700,1.8100
1783085141.622619,5525,4643,4559,5835,202.8500,-0.5000
1783085141.638975,5591,4690,4568,5825,202.8500,-0.5000
1783085141.654984,5563,4643,4587,5797,202.8500,-0.5000
1783085141.670784,5572,4634,4578,5835,197.4400,1.6300
1783085141.685700,5506,4606,4550,5825,197.4400,1.6300
1783085141.701894,5591,4587,4587,5807,197.4400,1.6300
1783085141.719447,5582,4578,4587,5807,205.5600,-0.8800
1783085141.733776,5628,4634,4568,5816,205.5600,-0.8800
1783085141.749742,5535,4709,4587,5816,205.5600,-0.8800
1783085141.766272,5582,4634,4587,5760,202.8500,-0.3700
1783085141.781866,5591,4606,4568,5797,202.8500,-0.3700
1783085141.797811,5647,4653,4550,5788,202.8500,-0.3700
1783085141.814153,5619,4634,4540,5788,209.7500,0.4400
1783085141.829957,5572,4643,4568,5788,209.7500,0.4400
1783085141.845604,5572,4662,4540,5769,209.7500,0.4400
1783085141.862057,5582,4587,4559,5788,209.7500,0.4400
1783085141.877560,5563,4578,4531,5807,198.8700,1.0600
1783085141.893636,5572,4606,4540,5741,198.8700,1.0600
1783085141.909965,5582,4606,4512,5788,198.8700,1.0600
1783085141.925670,5591,4606,4493,5797,202.8500,4.9400
1783085141.941609,5619,4587,4540,5779,202.8500,4.9400
1783085141.957058,5628,4597,4531,5807,202.8500,4.9400
1783085141.973036,5610,4597,4531,5769,213.6700,-2.1900
1783085141.988873,5647,4597,4540,5760,213.6700,-2.1900
1783085142.005244,5638,4615,4522,5788,213.6700,-2.1900
1783085142.020946,5600,4615,4522,5769,202.8500,0.5000
1783085142.036920,5619,4615,4540,5779,202.8500,0.5000
1783085142.053373,5628,4606,4531,5713,202.8500,0.5000
1783085142.070668,5666,4615,4503,5741,205.5600,-3.1900
1783085142.085322,5591,4625,4540,5741,205.5600,-3.1900
1783085142.101223,5638,4606,4512,5760,205.5600,-3.1900
1783085142.116870,5638,4597,4531,5788,206.9900,1.6300
1783085142.132956,5628,4587,4475,5741,206.9900,1.6300
1783085142.149013,5657,4615,4503,5760,206.9900,1.6300
1783085142.164692,5628,4634,4503,5760,206.9900,1.6300
1783085142.180736,5657,4615,4437,5685,201.5300,-1.5600
1783085142.196969,5610,4634,4456,5713,201.5300,-1.5600
1783085142.212759,5647,4662,4531,5722,201.5300,-1.5600
1783085142.228099,5628,4625,4465,5732,205.5600,1.5600
1783085142.243750,5638,4587,4465,5675,205.5600,1.5600
1783085142.259981,5694,4625,4512,5769,205.5600,1.5600
1783085142.278098,5657,4625,4512,5732,208.2600,-1.6900
1783085142.294403,5722,4662,4446,5675,208.2600,-1.6900
1783085142.310030,5619,4672,4522,5666,208.2600,-1.6900
1783085142.328087,5657,4672,4437,5675,208.2600,0.8800
1783085142.344046,5675,4700,4475,5703,208.2600,0.8800
1783085142.360307,5694,4643,4456,5675,208.2600,0.8800
1783085142.376103,5713,4653,4446,5675,213.6700,-0.3700
1783085142.392198,5657,4709,4456,5666,213.6700,-0.3700
1783085142.408389,5675,4625,4409,5657,213.6700,-0.3700
1783085142.424279,5675,4653,4437,5694,212.5100,1.8800
1783085142.439282,5666,4765,4437,5703,212.5100,1.8800
1783085142.455553,5703,4615,4437,5685,212.5100,1.8800
1783085142.471172,5685,4756,4437,5694,201.5300,-2.5600
1783085142.487053,5703,4765,4418,5694,201.5300,-2.5600
1783085142.503430,5675,4672,4418,5657,201.5300,-2.5600
1783085142.521898,5657,4765,4418,5703,208.2600,-1.0000
1783085142.535362,5685,4672,4362,5685,208.2600,-1.0000
1783085142.551792,5666,4737,4381,5675,208.2600,-1.0000
1783085142.567133,5694,4794,4390,5666,202.8500,0.8800
1783085142.583161,5713,4756,4371,5675,202.8500,0.8800
1783085142.599496,5638,4831,4362,5713,202.8500,0.8800
1783085142.615144,5760,4784,4400,5666,202.8500,0.8800
1783085142.631289,5713,4775,4437,5647,205.5600,-2.3800
1783085142.646209,5713,4775,4390,5647,205.5600,-2.3800
1783085142.663152,5722,4747,4428,5675,205.5600,-2.3800
1783085142.679253,5666,4784,4446,5685,201.5300,1.0600
1783085142.695425,5750,4803,4409,5600,201.5300,1.0600
1783085142.710268,5685,4784,4428,5582,201.5300,1.0600
1783085142.728394,5694,4775,4428,5610,205.5600,0.8800
1783085142.746227,5675,4812,4428,5628,205.5600,0.8800
1783085142.762711,5694,4747,4371,5647,205.5600,0.8800
1783085142.778609,5675,4784,4353,5619,209.7500,1.8800
1783085142.794250,5722,4765,4362,5638,209.7500,1.8800
1783085142.810698,5713,4840,4353,5638,209.7500,1.8800
1783085142.826640,5713,4850,4381,5666,205.5600,-0.6900
1783085142.841731,5807,4850,4334,5675,205.5600,-0.6900
1783085142.858415,5741,5178,4343,5600,205.5600,-0.6900
1783085142.874087,5732,4822,4343,5619,205.5600,1.4400
1783085142.890237,5741,5159,4390,5600,205.5600,1.4400
1783085142.906374,5722,5619,4362,5591,205.5600,1.4400
1783085142.920962,5750,4794,4343,5694,198.8700,-0.5600
1783085142.937082,5760,5647,4325,5647,198.8700,-0.5600
1783085142.953539,5769,5234,4325,5563,198.8700,-0.5600
1783085142.970966,5750,5591,4315,5591,212.5100,0.3700
1783085142.985376,5816,5572,4315,5591,212.5100,0.3700
1783085143.001779,5797,5263,4334,5544,212.5100,0.3700
1783085143.017313,5769,5572,4371,5628,212.5100,0.3700
1783085143.033886,5788,5216,4306,5675,202.8500,-3.1900
1783085143.049627,5750,5628,4315,5591,202.8500,-3.1900
1783085143.065112,5760,5600,4287,5572,202.8500,-3.1900
1783085143.081089,5788,5582,4287,5516,205.5600,1.2500
1783085143.097356,5779,5563,4287,5591,205.5600,1.2500
1783085143.113090,5788,5525,4296,5628,205.5600,1.2500
1783085143.129147,5741,5544,4259,5600,204.1800,-1.8100
1783085143.146775,5882,5544,4268,5600,204.1800,-1.8100
1783085143.162411,5760,5263,4287,5516,204.1800,-1.8100
1783085143.178110,5750,5553,4212,5572,212.5100,1.3700
1783085143.194554,5872,5497,4278,5544,212.5100,1.3700
1783085143.210242,5779,5572,4259,5582,212.5100,1.3700
1783085143.226107,5825,5553,4259,5638,210.9700,-0.5000
1783085143.242833,5807,5553,4221,5525,210.9700,-0.5000
1783085143.259093,5807,5582,4184,5544,210.9700,-0.5000
1783085143.274803,5825,5591,4231,5582,205.5600,-0.5000
1783085143.290676,5788,5525,4240,5553,205.5600,-0.5000
1783085143.306797,5844,5506,4231,5563,205.5600,-0.5000
1783085143.322506,5788,5563,4268,5563,210.9700,-0.7500
1783085143.338780,5760,5497,4259,5535,210.9700,-0.7500
1783085143.354621,5825,5553,4268,5544,210.9700,-0.7500
1783085143.370954,5760,5535,4259,5525,201.5300,-1.0000
1783085143.386391,5825,5525,4231,5506,201.5300,-1.0000
1783085143.402299,5816,5582,4240,5544,201.5300,-1.0000
1783085143.418898,5797,5544,4259,5516,209.7500,1.3700
1783085143.435304,5797,5525,4156,5535,209.7500,1.3700
1783085143.451473,5825,5619,4240,5525,209.7500,1.3700
1783085143.467505,5854,5535,4296,5516,209.7500,1.3700
1783085143.483675,5835,5553,4203,5506,201.5300,-0.2500
1783085143.499761,5807,5469,4231,5553,201.5300,-0.2500
1783085143.515534,5882,5478,4231,5506,201.5300,-0.2500
1783085143.531568,5872,5572,4203,5478,212.5100,-2.5600
1783085143.547917,5844,5572,4212,5544,212.5100,-2.5600
1783085143.565771,5844,5431,4165,5469,201.5300,-1.0600
1783085143.581933,5835,5553,4174,5497,201.5300,-1.0600
1783085143.597563,5863,5544,4174,5478,201.5300,-1.0600
1783085143.615384,5844,5506,4165,5478,201.5300,-1.0600
1783085143.630881,5863,5553,4174,5497,205.5600,1.2500
1783085143.646665,5910,5572,4146,5516,205.5600,1.2500
1783085143.662877,5929,5553,4165,5478,205.5600,1.2500
1783085143.678781,5854,5563,4165,5460,205.5600,-1.3700
1783085143.694645,5910,5553,4184,5441,205.5600,-1.3700
1783085143.710802,5882,5516,4221,5441,205.5600,-1.3700
1783085143.727209,5891,5478,4146,5441,205.5600,2.7500
1783085143.742764,5882,5525,4165,5450,205.5600,2.7500
1783085143.758389,5891,5563,4146,5497,205.5600,2.7500
1783085143.774511,5872,5525,4184,5413,205.5600,-1.3700
1783085143.790417,5891,5572,4118,5450,205.5600,-1.3700
1783085143.808326,5900,5544,4165,5431,205.5600,-1.3700
1783085143.822504,5938,5506,4174,5422,205.5600,0.7500
1783085143.838446,5872,5506,4184,5431,205.5600,0.7500
1783085143.854986,5900,5506,4137,5469,205.5600,0.7500
1783085143.871497,5882,5497,4109,5460,215.2700,1.3100
1783085143.886628,5947,5469,4165,5460,215.2700,1.3100
1783085143.902667,5910,5460,4118,5431,215.2700,1.3100
1783085143.920199,5919,5460,4128,5394,204.1800,4.3100
1783085143.933694,5938,5516,4128,5394,204.1800,4.3100
1783085143.949939,5891,5506,4081,5413,204.1800,4.3100
1783085143.965691,5929,5582,4081,5450,204.1800,4.3100
1783085143.982097,5938,5497,4099,5450,202.8500,-0.5600
1783085143.998277,5910,5488,4137,5441,202.8500,-0.5600
1783085144.014050,5919,5610,4137,5422,202.8500,-0.5600
1783085144.030148,5910,5497,4081,5413,205.5600,0.5000
1783085144.046427,5976,5544,4071,5431,205.5600,0.5000
1783085144.061600,5910,5535,4090,5441,205.5600,0.5000
1783085144.077572,5891,5525,4128,5422,205.5600,-0.9400
1783085144.093910,5900,5563,4099,5450,205.5600,-0.9400
1783085144.109523,5957,5544,4099,5441,205.5600,-0.9400
1783085144.125493,5900,5544,4128,5431,202.8500,-0.8100
1783085144.141900,5947,5553,4090,5431,202.8500,-0.8100
1783085144.157580,5900,5516,4090,5413,202.8500,-0.8100
1783085144.173853,5938,5582,4090,5460,202.8500,0.6300
1783085144.188712,5966,5525,4062,5394,202.8500,0.6300
1783085144.204538,5985,5591,4090,5403,202.8500,0.6300
1783085144.221833,5929,5600,4099,5403,205.5600,0.4400
1783085144.236756,5976,5582,4043,5394,205.5600,0.4400
1783085144.252554,5966,5525,4034,5403,205.5600,0.4400
1783085144.270422,5985,5572,4062,5431,205.5600,-0.2500
1783085144.285036,5947,5563,4052,5413,205.5600,-0.2500
1783085144.300829,5947,5535,4006,5403,205.5600,-0.2500
1783085144.316801,6022,5553,4043,5366,208.2600,-0.1200
1783085144.334965,6004,5582,4024,5366,208.2600,-0.1200
1783085144.351192,6013,5600,3987,5328,208.2600,-0.1200
1783085144.367939,6013,5525,4043,5375,208.2600,-0.1200
1783085144.384878,5957,5610,4006,5347,205.5600,-0.1900
1783085144.400155,5985,5600,4015,5413,205.5600,-0.1900
1783085144.416153,5994,5619,4024,5431,205.5600,-0.1900
1783085144.433851,6013,5647,4015,5431,202.8500,0.4400
1783085144.449904,5994,5600,4006,5347,202.8500,0.4400
1783085144.466949,6013,5610,3977,5356,202.8500,-0.4400
1783085144.481873,5976,5628,3987,5338,202.8500,-0.4400
1783085144.498732,5985,5638,3968,5338,202.8500,-0.4400
1783085144.514319,6013,5572,3912,5356,202.8500,-0.4400
1783085144.529885,5976,5628,3940,5319,208.2600,0.0600
1783085144.546398,6013,5572,3931,5366,208.2600,0.0600
1783085144.562195,6032,5572,3921,5328,208.2600,0.0600
1783085144.577897,6041,5563,3940,5356,205.5600,-1.3700
1783085144.593919,6004,5685,3931,5375,205.5600,-1.3700
1783085144.610103,5966,5610,3940,5375,205.5600,-1.3700
1783085144.625728,5994,5535,3949,5347,200.1500,1.1200
1783085144.641768,6051,5647,3940,5356,200.1500,1.1200
1783085144.657002,6060,5628,3912,5385,200.1500,1.1200
1783085144.673531,6041,5610,3902,5328,202.8500,-2.3800
1783085144.689132,6022,5572,3884,5347,202.8500,-2.3800
1783085144.705474,5994,5647,3884,5356,202.8500,-2.3800
1783085144.721713,6051,5591,3884,5328,205.5600,2.0600
1783085144.737454,6069,5563,3865,5338,205.5600,2.0600
1783085144.753682,6041,5675,3874,5319,205.5600,2.0600
1783085144.769022,6060,5732,3902,5291,200.1500,-0.3100
1783085144.785001,6060,5628,3874,5338,200.1500,-0.3100
1783085144.801118,6069,5638,3874,5328,200.1500,-0.3100
1783085144.816875,6069,5666,3855,5356,200.1500,-0.3100
1783085144.834884,6079,5647,3846,5356,200.1500,2.4400
1783085144.850902,6060,5703,3874,5338,200.1500,2.4400
1783085144.867129,6097,5600,3827,5328,202.8500,-0.8100
1783085144.883054,6041,5647,3855,5309,202.8500,-0.8100
1783085144.898584,6051,5628,3865,5309,202.8500,-0.8100
1783085144.914710,6041,5685,3902,5328,200.1500,2.9400
1783085144.931762,6032,5675,3902,5244,200.1500,2.9400
1783085144.947360,6079,5638,3893,5328,200.1500,2.9400
1783085144.963614,6022,5647,3893,5319,200.1500,2.9400
1783085144.978969,6069,5647,3846,5347,201.5300,-0.1900
1783085144.995024,6116,5713,3837,5394,201.5300,-0.1900
1783085145.013880,6163,5619,3837,5394,201.5300,-0.1900
1783085145.033924,6135,5647,3837,5394,206.9900,1.5600
1783085145.055562,6135,5675,3837,5394,206.9900,1.5600
1783085145.076257,6135,5694,3837,5394,200.1500,-4.0600
1783085145.095912,6135,5713,3846,5394,200.1500,-4.0600
1783085145.111744,6088,5647,3780,5309,200.1500,-4.0600
1783085145.127758,6107,5647,3780,5338,205.5600,0.8100
1783085145.144241,6116,5685,3790,5272,205.5600,0.8100
1783085145.159609,6126,5619,3827,5263,205.5600,0.8100
1783085145.175092,6107,5685,3837,5225,201.5300,-1.5000
1783085145.191364,6088,5685,3818,5281,201.5300,-1.5000
1783085145.207048,6144,5657,3827,5319,201.5300,-1.5000
1783085145.223078,6135,5647,3799,5244,206.9900,1.1900
1783085145.239321,6107,5713,3790,5253,206.9900,1.1900
1783085145.255109,6144,5628,3752,5281,206.9900,1.1900
1783085145.272531,6107,5657,3762,5272,204.1800,-0.0600
1783085145.287945,6116,5619,3827,5263,204.1800,-0.0600
1783085145.303576,6126,5657,3780,5244,204.1800,-0.0600
1783085145.321449,6135,5666,3762,5300,202.8500,-0.5000
1783085145.335260,6144,5694,3752,5328,202.8500,-0.5000
1783085145.352274,6135,5638,3743,5263,202.8500,-0.5000
1783085145.366321,6144,5675,3734,5291,200.1500,-1.2500
1783085145.381516,6163,5666,3743,5225,200.1500,-1.2500
1783085145.397495,6182,5647,3799,5225,200.1500,-1.2500
1783085145.415467,6135,5760,3809,5225,200.1500,-1.2500
1783085145.431544,6191,5657,3743,5206,209.7500,0.4400
1783085145.447399,6144,5694,3705,5216,209.7500,0.4400
1783085145.463398,6144,5750,3743,5197,209.7500,0.4400
1783085145.479582,6154,5807,3846,5244,202.8500,1.1900
1783085145.495438,6182,5694,3771,5197,202.8500,1.1900
1783085145.511441,6163,5741,3771,5244,202.8500,1.1900
1783085145.528453,6173,5694,3752,5244,201.5300,1.1900
1783085145.544626,6201,5694,3762,5206,201.5300,1.1900
1783085145.560515,6173,5685,3743,5234,201.5300,1.1900
1783085145.576475,6182,5779,3780,5178,205.5600,0.0600
1783085145.592802,6182,5732,3687,5225,205.5600,0.0600
1783085145.608581,6182,5666,3752,5188,205.5600,0.0600
1783085145.624560,6210,5741,3734,5178,202.8500,-2.6900
1783085145.640853,6191,5797,3771,5188,202.8500,-2.6900
1783085145.656548,6210,5760,3780,5178,202.8500,-2.6900
1783085145.672584,6219,5816,3743,5178,204.2300,1.5000
1783085145.689325,6210,5722,3696,5188,204.2300,1.5000
1783085145.704558,6191,5741,3780,5206,204.2300,1.5000
1783085145.720502,6210,5788,3715,5159,202.8500,-2.3800
1783085145.736775,6229,5760,3743,5206,202.8500,-2.3800
1783085145.752614,6201,5807,3705,5244,202.8500,-2.3800
1783085145.768605,6219,5779,3705,5178,198.8700,3.3100
1783085145.785166,6201,5760,3762,5178,198.8700,3.3100
1783085145.800693,6229,5760,3724,5169,198.8700,3.3100
1783085145.815636,6201,5769,3724,5197,204.2300,-0.5000
1783085145.831688,6219,5750,3696,5178,204.2300,-0.5000
1783085145.847618,6313,5769,3762,5188,204.2300,-0.5000
1783085145.863689,6238,5854,3734,5188,204.2300,-0.5000
1783085145.879623,6248,5779,3724,5188,205.5600,2.6900
1783085145.895703,6257,5769,3705,5188,205.5600,2.6900
1783085145.911750,6276,5769,3696,5197,205.5600,2.6900
1783085145.927768,6266,5769,3762,5234,201.5300,-3.5000
1783085145.943712,6313,5732,3743,5159,201.5300,-3.5000
1783085145.959935,6294,5779,3743,5150,201.5300,-3.5000
1783085145.975922,6248,5741,3668,5159,202.8500,-0.3700
1783085145.991892,6323,5703,3734,5197,202.8500,-0.3700
1783085146.007737,6266,5750,3687,5159,202.8500,-0.3700
1783085146.023642,6219,5750,3734,5169,208.2600,-0.7500
1783085146.039757,6219,5760,3771,5178,208.2600,-0.7500
1783085146.055739,6257,5788,3724,5169,208.2600,-0.7500
1783085146.070866,6210,5807,3724,5150,202.8500,-0.1900
1783085146.086780,6266,5816,3724,5225,202.8500,-0.1900
1783085146.103627,6257,5769,3734,5178,202.8500,-0.1900
1783085146.118953,6238,5816,3715,5150,205.5600,-2.9400
1783085146.134824,6266,5779,3734,5178,205.5600,-2.9400
1783085146.151087,6238,5807,3743,5159,205.5600,-2.9400
1783085146.166851,6294,5750,3724,5206,205.5600,-2.9400
1783085146.182918,6313,5825,3715,5188,205.5600,1.1200
1783085146.199131,6285,5825,3743,5150,205.5600,1.1200
1783085146.214808,6360,5835,3705,5150,205.5600,1.1200
1783085146.232871,6257,5863,3724,5150,210.9700,0.9400
1783085146.248860,6304,5872,3715,5141,210.9700,0.9400
1783085146.265041,6323,5863,3696,5159,210.9700,-0.5600
1783085146.280886,6294,5872,3715,5141,210.9700,-0.5600
1783085146.296834,6257,5844,3734,5131,210.9700,-0.5600
1783085146.313234,6304,5844,3687,5206,210.9700,-0.5600
1783085146.328187,6304,5854,3649,5141,205.5600,1.7500
1783085146.343857,6304,5900,3677,5188,205.5600,1.7500
1783085146.359905,6341,5872,3696,5159,205.5600,1.7500
1783085146.377926,6341,5872,3677,5122,208.2600,-2.0600
1783085146.394004,6304,5929,3724,5131,208.2600,-2.0600
1783085146.409897,6332,5910,3715,5112,208.2600,-2.0600
1783085146.425893,6323,5919,3705,5122,208.2600,1.3700
1783085146.441888,6313,5900,3658,5112,208.2600,1.3700
1783085146.457872,6351,5929,3668,5084,208.2600,1.3700
1783085146.473812,6351,5872,3677,5103,208.2600,-0.4400
1783085146.489945,6341,5872,3649,5122,208.2600,-0.4400
1783085146.505960,6351,5891,3630,5122,208.2600,-0.4400
1783085146.520907,6351,6022,3677,5131,210.9700,2.1300
1783085146.537912,6360,5947,3715,5141,210.9700,2.1300
1783085146.553153,6332,5938,3612,5094,210.9700,2.1300
1783085146.569154,6332,5938,3640,5103,205.5600,-1.5600
1783085146.585002,6370,5910,3630,5037,205.5600,-1.5600
1783085146.601454,6379,5919,3612,5169,205.5600,-1.5600
1783085146.617030,6341,5891,3640,5075,205.5600,-1.5600
1783085146.633099,6370,5872,3658,5141,205.5600,-1.6300
1783085146.651071,6351,5863,3630,5141,205.5600,-1.6300
1783085146.667308,6379,5938,3612,5169,205.5600,-1.6300
1783085146.683045,6407,5929,3649,5084,205.5600,0.1200
1783085146.699004,6388,5947,3602,5141,205.5600,0.1200
1783085146.715592,6388,5947,3574,5056,202.8500,0.6300
1783085146.731223,6370,5976,3574,5103,202.8500,0.6300
1783085146.747098,6370,5976,3537,5084,202.8500,0.6300
1783085146.764044,6370,5957,3593,5141,202.8500,0.6300
1783085146.780106,6379,5947,3574,5084,202.8500,-0.4400
1783085146.796048,6398,5966,3574,5150,202.8500,-0.4400
1783085146.812094,6388,5966,3565,5075,202.8500,-0.4400
1783085146.828092,6398,5947,3574,5131,202.8500,0.6300
1783085146.844045,6370,5938,3612,5112,202.8500,0.6300
1783085146.860073,6360,5891,3593,5066,202.8500,0.6300
1783085146.876207,6398,5938,3602,5112,205.5600,0.3700
1783085146.892114,6445,5957,3574,5075,205.5600,0.3700
1783085146.910130,6445,5957,3612,5075,205.5600,0.3700
1783085146.927616,6445,5947,3583,5019,205.5600,0.8100
1783085146.945439,6332,5957,3621,5019,205.5600,0.8100
1783085146.963472,6332,5929,3537,5066,205.5600,0.8100
1783085146.979507,6426,5947,3565,5066,205.5600,0.7500
1783085146.995207,6463,5947,3574,5056,205.5600,0.7500
1783085147.011246,6323,5938,3574,5028,205.5600,0.7500
1783085147.028048,6379,5985,3574,4962,208.2600,0.6300
1783085147.043456,6379,5966,3583,5075,208.2600,0.6300
1783085147.059430,6388,5938,3602,4981,208.2600,0.6300
1783085147.075389,6435,5938,3593,5075,210.9700,2.0000
1783085147.091306,6388,5957,3593,5047,210.9700,2.0000
1783085147.107247,6435,5994,3583,5037,210.9700,2.0000
1783085147.124265,6473,5966,3565,4981,210.9700,-3.7500
1783085147.139244,6435,6032,3583,4953,210.9700,-3.7500
1783085147.155293,6426,6004,3574,5028,210.9700,-3.7500
1783085147.171413,6454,5966,3555,5009,200.1500,0.6900
1783085147.186311,6426,5976,3527,5047,200.1500,0.6900
1783085147.202289,6435,5966,3527,5009,200.1500,0.6900
1783085147.218480,6445,6004,3537,4991,216.3800,-1.9400
1783085147.234310,6491,6013,3546,4991,216.3800,-1.9400
1783085147.250418,6463,6013,3555,5000,216.3800,-1.9400
1783085147.266540,6482,6041,3546,5028,205.5600,1.8800
1783085147.282303,6473,6051,3518,5037,205.5600,1.8800
1783085147.298380,6473,6013,3471,5028,205.5600,1.8800
1783085147.314512,6435,6051,3471,5047,213.6700,-1.4400
1783085147.330358,6473,6060,3480,5000,213.6700,-1.4400
1783085147.346353,6482,6060,3518,5000,213.6700,-1.4400
1783085147.362514,6463,6032,3508,5019,213.6700,-1.4400
1783085147.378313,6491,6004,3508,5000,208.2600,1.8100
1783085147.394466,6482,5976,3471,5000,208.2600,1.8100
1783085147.410567,6473,6013,3480,4953,208.2600,1.8100
1783085147.426400,6482,6041,3499,4991,210.9700,-0.8800
1783085147.441648,6491,6041,3452,4962,210.9700,-0.8800
1783085147.457440,6454,6022,3499,4991,210.9700,-0.8800
1783085147.475434,6426,6041,3518,4991,208.2600,0.8100
1783085147.491445,6473,6079,3461,4981,208.2600,0.8100
1783085147.507591,6463,6032,3499,4962,208.2600,0.8100
1783085147.523433,6482,5966,3518,5000,208.2600,0.7500
1783085147.539576,6501,6022,3490,5019,208.2600,0.7500
1783085147.557458,6501,6079,3452,5028,208.2600,0.7500
1783085147.573575,6510,6032,3452,5009,205.5600,2.0000
1783085147.589477,6529,6060,3461,5019,205.5600,2.0000
1783085147.605503,6501,6041,3480,4991,205.5600,2.0000
1783085147.626706,6501,6041,3508,4991,209.4800,-1.5600
1783085147.643762,6491,6060,3471,4991,209.4800,-1.5600
1783085147.659540,6548,5976,3471,4962,209.4800,-1.5600
1783085147.675799,6520,6041,3490,4953,208.2600,-2.1300
1783085147.691756,6520,6041,3461,4981,208.2600,-2.1300
1783085147.707754,6510,6097,3480,4953,208.2600,-2.1300
1783085147.723751,6538,6135,3443,4972,205.5600,0.7500
1783085147.739592,6538,6022,3433,4953,205.5600,0.7500
1783085147.755599,6557,6060,3443,4934,205.5600,0.7500
1783085147.772214,6538,6088,3490,4944,205.5600,-0.6900
1783085147.787699,6585,6022,3443,4944,205.5600,-0.6900
1783085147.804890,6576,6022,3433,4962,205.5600,-0.6900
1783085147.821699,6529,6022,3461,4906,205.5600,1.2500
1783085147.837176,6538,6022,3415,4934,205.5600,1.2500
1783085147.852892,6538,6107,3424,4915,205.5600,1.2500
1783085147.868873,6557,6051,3433,4906,202.8500,-1.1900
1783085147.884804,6623,6060,3415,4944,202.8500,-1.1900
1783085147.900888,6548,6060,3386,4944,202.8500,-1.1900
1783085147.916727,6538,6126,3405,4878,202.8500,-1.1900
1783085147.934809,6557,6004,3424,4878,200.1500,-3.6900
1783085147.951110,6566,5985,3415,4953,200.1500,-3.6900
1783085147.966850,6538,6079,3386,4934,200.1500,-3.6900
1783085147.984017,6538,6060,3480,4934,204.1800,1.3100
1783085147.999718,6623,6032,3433,4887,204.1800,1.3100
1783085148.017797,6623,5994,3405,4878,209.7500,-0.6300
1783085148.033753,6595,6013,3415,4962,209.7500,-0.6300
1783085148.050000,6538,6032,3415,4925,209.7500,-0.6300
1783085148.066061,6576,6013,3358,4962,209.7500,-0.6300
1783085148.081805,6566,6013,3405,4878,208.2600,1.5600
1783085148.097784,6604,5985,3377,4934,208.2600,1.5600
1783085148.115807,6595,5985,3330,4934,208.2600,1.5600
1783085148.132021,6595,5985,3293,4925,204.1800,0.0000
1783085148.147942,6576,5985,3311,4869,204.1800,0.0000
1783085148.165277,6651,5994,3377,4869,204.1800,0.0000
1783085148.185039,6651,6013,3368,4869,215.2700,-1.5000
1783085148.203872,6651,5947,3386,4869,215.2700,-1.5000
1783085148.221829,6604,6116,3311,4925,204.1800,0.2500
1783085148.236835,6576,6069,3283,4915,204.1800,0.2500
1783085148.252968,6585,6013,3293,4915,204.1800,0.2500
1783085148.269371,6595,6013,3293,4906,205.5600,0.0600
1783085148.283975,6585,6022,3283,4897,205.5600,0.0600
1783085148.299940,6576,6051,3283,4906,205.5600,0.0600
1783085148.315919,6623,5966,3264,4878,205.5600,0.0600
1783085148.331914,6604,5985,3321,4859,212.5100,0.6300
1783085148.347967,6595,5985,3283,4915,212.5100,0.6300
1783085148.364080,6623,6004,3274,4887,212.5100,0.6300
1783085148.380032,6604,5985,3293,4831,205.5600,-0.0600
1783085148.396037,6623,5966,3293,4859,205.5600,-0.0600
1783085148.412253,6642,5994,3349,4906,205.5600,-0.0600
1783085148.428203,6651,6032,3293,4850,208.2600,-1.0000
1783085148.444170,6632,5976,3255,4869,208.2600,-1.0000
1783085148.460202,6632,5947,3302,4850,208.2600,-1.0000
1783085148.476068,6660,5994,3255,4803,204.1800,1.5600
1783085148.492052,6623,5947,3255,4934,204.1800,1.5600
1783085148.508079,6623,6004,3293,4869,204.1800,1.5600
1783085148.523958,6660,5994,3218,4850,208.2600,-1.1900
1783085148.540101,6642,5976,3236,4822,208.2600,-1.1900
1783085148.555087,6670,5957,3264,4794,208.2600,-1.1900
1783085148.572103,6651,5976,3236,4878,205.5600,1.1900
1783085148.589040,6651,5966,3302,4840,205.5600,1.1900
1783085148.605238,6688,5966,3264,4784,205.5600,1.1900
1783085148.623466,6688,5938,3255,4822,208.2600,-1.0000
1783085148.639079,6632,6013,3227,4897,208.2600,-1.0000
1783085148.655122,6688,5957,3208,4850,208.2600,-1.0000
1783085148.672433,6688,5957,3199,4794,202.8500,-0.1900
1783085148.689314,6679,5976,3293,4840,202.8500,-0.1900
1783085148.705154,6670,6022,3264,4831,202.8500,-0.1900
1783085148.722313,6670,5994,3236,4756,200.1500,1.3700
1783085148.738115,6660,6004,3218,4803,200.1500,1.3700
1783085148.754240,6679,5976,3246,4869,200.1500,1.3700
1783085148.774185,6679,6013,3264,4869,204.2300,-0.8100
1783085148.790275,6679,5947,3293,4794,204.2300,-0.8100
1783085148.809383,6679,5957,3330,4794,204.2300,-0.8100
1783085148.826236,6763,5929,3302,4812,198.8700,0.5600
1783085148.843176,6735,6022,3246,4812,198.8700,0.5600
1783085148.863403,6735,6022,3311,4812,198.8700,0.5600
1783085148.881411,6688,6032,3293,4812,197.4400,0.6900
1783085148.897177,6688,6032,3227,4840,197.4400,0.6900
1783085148.914257,6688,6032,3283,4775,197.4400,0.6900
1783085148.931290,6773,6013,3255,4765,200.1500,1.3100
1783085148.946490,6792,6013,3199,4812,200.1500,1.3100
1783085148.962292,6735,6032,3246,4803,200.1500,1.3100
1783085148.980288,6735,6041,3246,4803,200.1500,0.5600
1783085148.996283,6763,6097,3218,4784,200.1500,0.5600
1783085149.012498,6717,6032,3246,4784,200.1500,0.5600
1783085149.028336,6782,6013,3199,4765,205.5600,1.2500
1783085149.044388,6735,6022,3199,4747,205.5600,1.2500
1783085149.060710,6782,6041,3189,4747,205.5600,1.2500
1783085149.076372,6754,6060,3152,4812,197.4400,2.4400
1783085149.092394,6726,6060,3189,4756,197.4400,2.4400
1783085149.108550,6726,5994,3180,4784,197.4400,2.4400
1783085149.124404,6773,6060,3199,4737,205.5600,1.5600
1783085149.140394,6754,6060,3152,4728,205.5600,1.5600
1783085149.156585,6773,6079,3133,4812,205.5600,1.5600
1783085149.172367,6801,6097,3105,4756,205.5600,-2.5000
1783085149.187851,6773,6126,3152,4756,205.5600,-2.5000
1783085149.203388,6754,6135,3208,4775,205.5600,-2.5000
1783085149.219394,6839,6144,3218,4775,205.5600,-0.0600
1783085149.235718,6745,6107,3218,4784,205.5600,-0.0600
1783085149.251419,6810,6154,3152,4718,205.5600,-0.0600
1783085149.267417,6782,6135,3264,4756,205.5600,-0.0600
1783085149.285451,6745,6163,3171,4756,205.5600,-1.7500
1783085149.303443,6745,6163,3236,4784,205.5600,-1.7500
1783085149.319583,6829,6229,3143,4794,205.5600,1.4400
1783085149.335460,6810,6173,3114,4737,205.5600,1.4400
1783085149.351482,6735,6116,3236,4784,205.5600,1.4400
1783085149.368903,6735,6501,3171,4784,208.2600,-0.4400
1783085149.384818,6829,6238,3208,4756,208.2600,-0.4400
1783085149.400879,6773,6248,3227,4765,208.2600,-0.4400
1783085149.418756,6773,6388,3161,4765,208.2600,-0.4400
1783085149.436593,6773,6173,3152,4700,205.5600,1.1900
1783085149.454596,6773,6482,3124,4765,205.5600,1.1900
1783085149.472288,6773,6323,3171,4718,205.5600,-0.4400
1783085149.489552,6773,6219,3208,4765,205.5600,-0.4400
1783085149.507543,6773,6351,3218,4700,205.5600,-0.4400
1783085149.523603,6810,6304,3077,4747,205.5600,0.0600
1783085149.539567,6857,6491,3199,4718,205.5600,0.0600
1783085149.557598,6763,6473,3180,4718,205.5600,0.0600
1783085149.574662,6820,6454,3152,4718,205.5600,0.1200
1783085149.591607,6904,6370,3114,4756,205.5600,0.1200
1783085149.607781,6839,6388,3105,4728,205.5600,0.1200
1783085149.622916,6829,6548,3124,4756,208.2600,1.0600
1783085149.638694,6773,6370,3152,4709,208.2600,1.0600
1783085149.656783,6773,6520,3133,4709,208.2600,1.0600
1783085149.673215,6857,6435,3114,4765,201.5300,0.2500
1783085149.688645,6848,6407,3114,4700,201.5300,0.2500
1783085149.704773,6923,6388,3049,4690,201.5300,0.2500
1783085149.720961,6829,6745,3171,4709,206.9900,-1.8100
1783085149.736699,6829,6501,3049,4690,206.9900,-1.8100
1783085149.752761,6857,6482,3105,4775,206.9900,-1.8100
1783085149.768907,6904,6510,3049,4672,205.5600,0.9400
1783085149.784749,6857,6670,3124,4709,205.5600,0.9400
1783085149.800850,6848,6585,3077,4681,205.5600,0.9400
1783085149.817008,6895,6585,3124,4700,200.1500,-1.9400
1783085149.832739,6876,6735,3058,4681,200.1500,-1.9400
1783085149.848753,6876,6557,3096,4681,200.1500,-1.9400
1783085149.865057,6885,6688,3039,4690,200.1500,-1.9400
1783085149.879780,6885,6651,3143,4672,202.8500,3.7500
1783085149.896116,6867,6707,3152,4709,202.8500,3.7500
1783085149.912091,6904,6642,3124,4672,202.8500,3.7500
1783085149.927786,6895,6642,3002,4672,205.5600,-0.4400
1783085149.943776,6876,6688,3096,4662,205.5600,-0.4400
1783085149.959807,6876,6773,3067,4643,205.5600,-0.4400
1783085149.975789,6885,6613,2983,4662,196.2200,3.1900
1783085149.992098,6904,6642,3002,4643,196.2200,3.1900
1783085150.008039,6895,6688,3067,4672,196.2200,3.1900
1783085150.023964,6895,6642,3002,4634,202.8500,-0.9400
1783085150.040035,6885,6670,3030,4681,202.8500,-0.9400
1783085150.056053,6876,6679,3067,4653,202.8500,-0.9400
1783085150.072398,6923,6707,3039,4643,202.8500,0.5000
1783085150.087919,6867,6642,3011,4690,202.8500,0.5000
1783085150.103899,6914,6717,3011,4643,202.8500,0.5000
1783085150.119883,6923,6651,3021,4634,209.7500,-0.6900
1783085150.135464,6932,6576,3021,4625,209.7500,-0.6900
1783085150.151302,6904,6604,2974,4653,209.7500,-0.6900
1783085150.166980,6904,6754,3002,4662,209.7500,-0.6900
1783085150.183139,6895,6660,2974,4681,201.5300,0.6900
1783085150.199012,6876,6679,2983,4615,201.5300,0.6900
1783085150.214971,6914,6698,3011,4672,201.5300,0.6900
1783085150.231140,6932,6688,2946,4634,205.5600,-3.0600
1783085150.247020,6895,6688,2992,4672,205.5600,-3.0600
1783085150.263041,6970,6735,2964,4625,205.5600,-3.0600
1783085150.279195,6951,6717,3002,4653,206.9900,1.0000
1783085150.295059,6942,6820,2955,4634,206.9900,1.0000
1783085150.311227,6942,6763,3058,4587,206.9900,1.0000
1783085150.328195,6979,6735,2992,4597,206.8300,-2.0600
1783085150.343186,6923,6679,2946,4587,206.8300,-2.0600
1783085150.359218,6942,6773,2974,4615,206.8300,-2.0600
1783085150.376675,6970,6726,2927,4615,210.9700,0.3100
1783085150.392098,6989,6763,2992,4597,210.9700,0.3100
1783085150.408303,6979,6745,2936,4625,210.9700,0.3100
1783085150.425173,6951,6754,2983,4615,209.7500,-1.1200
1783085150.439541,6979,6707,2927,4550,209.7500,-1.1200
1783085150.455150,6989,6848,2927,4587,209.7500,-1.1200
1783085150.471108,6989,6792,2917,4587,204.1800,-0.8800
1783085150.487253,6942,6754,2927,4615,204.1800,-0.8800
1783085150.503311,6970,6726,2917,4559,204.1800,-0.8800
1783085150.519538,6998,6820,2992,4634,208.2600,-1.4400
1783085150.535210,6989,6810,2992,4597,208.2600,-1.4400
1783085150.551155,6989,6792,3049,4550,208.2600,-1.4400
1783085150.567436,6970,6782,2955,4578,208.2600,-1.4400
1783085150.583133,7036,6698,2936,4568,205.5600,-0.3100
1783085150.599255,6951,6679,3021,4522,205.5600,-0.3100
1783085150.615498,6979,6820,2880,4550,205.5600,-0.3100
1783085150.631215,7007,6763,2936,4578,205.5600,1.8100
1783085150.647166,6998,6810,2899,4550,205.5600,1.8100
1783085150.663467,6979,6773,2899,4503,205.5600,1.8100
1783085150.677914,7026,6792,2946,4493,205.5600,-0.5000
1783085150.694339,7045,6792,2899,4578,205.5600,-0.5000
1783085150.709973,7007,6820,2936,4475,205.5600,-0.5000
1783085150.726638,6998,6792,2908,4559,202.8500,-2.8100
1783085150.742605,7026,6867,2899,4512,202.8500,-2.8100
1783085150.758639,7026,6820,2917,4475,202.8500,-2.8100
1783085150.774131,6970,6839,2870,4540,208.2600,0.0000
1783085150.790050,7007,6839,2870,4540,208.2600,0.0000
1783085150.805223,7036,6885,2880,4484,208.2600,0.0000
1783085150.821533,7036,6829,2870,4475,200.1500,-0.6900
1783085150.837520,7026,6885,2908,4568,200.1500,-0.6900
1783085150.853236,7092,6773,2908,4587,200.1500,-0.6900
1783085150.869384,7064,6876,2889,4522,205.5600,0.5000
1783085150.885622,7007,6801,2861,4493,205.5600,0.5000
1783085150.901220,7045,6857,2889,4493,205.5600,0.5000
1783085150.918737,7045,6885,2955,4475,205.5600,0.5000
1783085150.934686,7036,6848,2861,4522,205.5600,1.9400
1783085150.949339,7007,6792,2861,4475,205.5600,1.9400
1783085150.965309,7054,6801,2842,4493,205.5600,1.9400
1783085150.981772,7036,6885,2974,4540,205.5600,-1.1900
1783085150.999747,7054,6848,2899,4540,205.5600,-1.1900
1783085151.015378,7073,6857,2899,4512,205.5600,-1.1900
1783085151.033406,7073,6839,2880,4484,205.5600,0.8100
1783085151.049410,7092,6735,2833,4512,205.5600,0.8100
1783085151.065727,7120,6848,2908,4465,205.5600,0.8100
1783085151.081217,7082,6885,2936,4503,198.8700,-0.1900
1783085151.097191,7111,6867,2889,4531,198.8700,-0.1900
1783085151.113476,7064,6876,2805,4522,198.8700,-0.1900
1783085151.129338,7092,6867,2842,4475,209.7500,1.5600
1783085151.144734,7073,6867,2833,4512,209.7500,1.5600
1783085151.160254,7092,6885,2908,4446,209.7500,1.5600
1783085151.176693,7073,6923,2814,4465,204.1800,1.5600
1783085151.193053,7139,6857,2814,4465,204.1800,1.5600
1783085151.211294,7101,6867,2833,4465,204.1800,1.5600
1783085151.227007,7167,6923,2814,4475,212.5100,-2.7500
1783085151.242633,7186,6998,2824,4456,212.5100,-2.7500
1783085151.258569,7120,6904,2852,4512,212.5100,-2.7500
1783085151.275275,7082,6932,2814,4428,204.1800,-1.0600
1783085151.290372,7111,6876,2833,4465,204.1800,-1.0600
1783085151.306577,7092,6876,2777,4428,204.1800,-1.0600
1783085151.323692,7139,6932,2786,4484,215.2700,-1.1900
1783085151.338356,7157,6932,2852,4503,215.2700,-1.1900
1783085151.354556,7148,6810,2824,4418,215.2700,-1.1900
1783085151.370744,7111,6848,2805,4493,215.2700,-1.1900
1783085151.387737,7111,6829,2814,4465,201.5300,-0.3700
1783085151.403409,7139,6951,2786,4418,201.5300,-0.3700
1783085151.419956,7111,6904,2758,4512,210.9700,-0.5600
1783085151.435739,7148,6904,2805,4446,210.9700,-0.5600
1783085151.453574,7148,6867,2767,4465,210.9700,-0.5600
1783085151.471523,7148,6923,2786,4465,210.9700,-0.5600
1783085151.487711,7101,6904,2767,4446,210.9700,0.5000
1783085151.503840,7176,6923,2833,4456,210.9700,0.5000
1783085151.519433,7167,6914,2824,4446,210.9700,0.5000
1783085151.535481,7139,6895,2805,4475,208.2600,-0.5000
1783085151.552026,7148,6885,2833,4371,208.2600,-0.5000
1783085151.568693,7148,6914,2795,4428,212.5100,-0.2500
1783085151.584642,7082,6848,2767,4437,212.5100,-0.2500
1783085151.602706,7082,6895,2730,4418,212.5100,-0.2500
1783085151.619016,7157,6885,2767,4409,212.5100,-0.2500
1783085151.636960,7139,6857,2767,4409,208.2600,0.5000
1783085151.653249,7129,6895,2730,4400,208.2600,0.5000
1783085151.668858,7148,6970,2720,4446,208.2600,0.5000
1783085151.684521,7204,6904,2739,4400,204.1800,0.9400
1783085151.701016,7148,6895,2730,4400,204.1800,0.9400
1783085151.716692,7195,6867,2814,4381,204.1800,0.9400
1783085151.731780,7176,6895,2692,4390,208.2600,-0.3700
1783085151.747626,7195,6867,2730,4428,208.2600,-0.3700
1783085151.763703,7157,6923,2711,4400,208.2600,-0.3700
1783085151.779845,7176,6895,2683,4400,213.6700,-1.5000
1783085151.795533,7204,6876,2702,4456,213.6700,-1.5000
1783085151.812012,7186,6848,2664,4409,213.6700,-1.5000
1783085151.827784,7223,6867,2692,4418,202.8500,1.1900
1783085151.843644,7214,6904,2692,4446,202.8500,1.1900
1783085151.859907,7195,6895,2702,4409,202.8500,1.1900
1783085151.875887,7223,6867,2702,4400,202.8500,0.8100
1783085151.891699,7204,6876,2645,4371,202.8500,0.8100
1783085151.907716,7204,6895,2655,4390,202.8500,0.8100
1783085151.925420,7223,6904,2664,4381,208.2600,1.2500
1783085151.939925,7214,6904,2645,4362,208.2600,1.2500
1783085151.955898,7204,6914,2664,4409,208.2600,1.2500
1783085151.972214,7186,6914,2664,4381,204.2300,1.0000
1783085151.987592,7261,6914,2683,4390,204.2300,1.0000
1783085152.002690,7223,6914,2664,4362,204.2300,1.0000
1783085152.018910,7204,6904,2711,4371,198.8700,0.6300
1783085152.034623,7195,6942,2636,4371,198.8700,0.6300
1783085152.050725,7214,6914,2674,4362,198.8700,0.6300
1783085152.066949,7261,6923,2683,4390,198.8700,0.6300
1783085152.082902,7279,6979,2645,4362,205.5600,-0.1900
1783085152.099005,7204,6942,2608,4362,205.5600,-0.1900
1783085152.115227,7204,6942,2645,4353,205.5600,-0.1900
1783085152.130966,7223,6942,2627,4343,200.1500,-0.8800
1783085152.147245,7261,6932,2627,4353,200.1500,-0.8800
1783085152.163246,7279,6932,2552,4371,200.1500,-0.8800
1783085152.178929,7317,6998,2627,4343,209.7500,0.5000
1783085152.195997,7298,6942,2664,4343,209.7500,0.5000
1783085152.212938,7261,6904,2598,4400,209.7500,0.5000
1783085152.229306,7308,6923,2645,4315,201.5300,-0.4400
1783085152.245009,7279,6923,2645,4315,201.5300,-0.4400
1783085152.261039,7270,6932,2589,4353,201.5300,-0.4400
1783085152.277020,7233,6895,2580,4353,208.2600,-3.4400
1783085152.292047,7204,6998,2561,4306,208.2600,-3.4400
1783085152.308307,7298,6942,2598,4334,208.2600,-3.4400
1783085152.326204,7336,6989,2589,4334,210.9700,1.1200
1783085152.339998,7317,6923,2664,4296,210.9700,1.1200
1783085152.356958,7279,6960,2598,4334,210.9700,1.1200
1783085152.372908,7242,6923,2627,4315,205.5600,-1.3100
1783085152.388410,7251,6998,2533,4278,205.5600,-1.3100
1783085152.404519,7317,7007,2580,4334,205.5600,-1.3100
1783085152.420118,7345,7054,2542,4353,205.5600,-1.3100
1783085152.436095,7317,6989,2542,4296,205.5600,-0.2500
1783085152.452408,7298,7026,2552,4315,205.5600,-0.2500
1783085152.468135,7308,6979,2561,4268,205.5600,-0.2500
1783085152.484996,7308,7017,2608,4325,201.5300,0.3700
1783085152.502944,7261,6998,2523,4325,201.5300,0.3700
1783085152.518903,7317,7036,2589,4268,201.5300,0.3700
1783085152.536993,7317,6970,2570,4268,209.7500,-1.3700
1783085152.555454,7336,6998,2486,4268,209.7500,-1.3700
1783085152.572268,7336,7073,2523,4259,208.2600,1.0600
1783085152.590195,7336,7036,2505,4287,208.2600,1.0600
1783085152.609919,7336,7036,2542,4287,208.2600,1.0600
1783085152.626127,7345,7007,2561,4268,208.2600,-0.5000
1783085152.642001,7326,6998,2542,4287,208.2600,-0.5000
1783085152.661192,7326,7017,2561,4287,208.2600,-0.5000
1783085152.679335,7326,7111,2523,4268,205.5600,1.2500
1783085152.699309,7326,7073,2514,4268,205.5600,1.2500
1783085152.719258,7326,7026,2561,4268,205.5600,1.2500
1783085152.737246,7336,7045,2533,4268,198.8700,0.8100
1783085152.756240,7336,7064,2523,4268,198.8700,0.8100
1783085152.776618,7336,7082,2505,4268,209.7500,-2.5600
1783085152.792102,7336,7073,2533,4212,209.7500,-2.5600
1783085152.808023,7345,6979,2542,4240,209.7500,-2.5600
1783085152.825696,7354,7017,2495,4240,200.1500,0.9400
1783085152.840074,7411,7073,2514,4259,200.1500,0.9400
1783085152.856166,7373,7026,2467,4221,200.1500,0.9400
1783085152.872489,7336,7054,2533,4240,202.8500,-0.2500
1783085152.888078,7383,7054,2505,4221,202.8500,-0.2500
1783085152.905026,7411,7129,2448,4221,202.8500,-0.2500
1783085152.921118,7401,7073,2505,4240,196.2200,0.3100
1783085152.937373,7383,7073,2458,4231,196.2200,0.3100
1783085152.953100,7420,7082,2505,4231,196.2200,0.3100
1783085152.969161,7392,7073,2505,4259,196.2200,0.3100
1783085152.985662,7430,7101,2486,4249,200.1500,2.8100
1783085153.001612,7392,7157,2477,4259,200.1500,2.8100
1783085153.017473,7373,7045,2505,4249,200.1500,2.8100
1783085153.033938,7420,7082,2486,4268,205.5600,-1.0600
1783085153.049947,7439,7120,2458,4240,205.5600,-1.0600
1783085153.065787,7383,7092,2458,4240,205.5600,-1.0600
1783085153.082024,7439,7101,2458,4240,200.1500,0.0000
1783085153.097439,7411,7092,2439,4240,200.1500,0.0000
1783085153.113394,7430,7101,2448,4278,200.1500,0.0000
1783085153.129611,7411,7167,2477,4240,202.8500,0.4400
1783085153.145407,7430,7148,2430,4231,202.8500,0.4400
1783085153.161255,7364,7111,2486,4240,202.8500,0.4400
1783085153.177579,7476,7082,2458,4259,206.9900,1.6300
1783085153.193016,7467,7129,2448,4249,206.9900,1.6300
1783085153.208667,7448,7129,2495,4296,206.9900,1.6300
1783085153.226398,7401,7129,2430,4259,201.5300,1.6300
1783085153.244741,7401,7167,2401,4259,201.5300,1.6300
1783085153.262268,7401,7167,2486,4240,201.5300,1.6300
1783085153.280150,7401,7223,2477,4221,208.2600,-1.4400
1783085153.296469,7401,7157,2420,4212,208.2600,-1.4400
1783085153.314874,7551,7157,2430,4212,208.2600,-1.4400
1783085153.331521,7551,7157,2439,4203,204.2300,0.0600
1783085153.348316,7551,7186,2439,4231,204.2300,0.0600
1783085153.366532,7523,7204,2458,4231,204.2300,0.0600
1783085153.382759,7505,7148,2401,4212,205.5600,-1.0600
1783085153.399925,7505,7214,2467,4268,205.5600,-1.0600
1783085153.416805,7476,7120,2430,4240,205.5600,-1.0600
1783085153.432559,7523,7176,2355,4231,201.5300,0.3100
1783085153.448453,7458,7214,2383,4231,201.5300,0.3100
1783085153.463511,7476,7204,2392,4184,201.5300,0.3100
1783085153.481457,7476,7176,2411,4212,210.9700,-0.2500
1783085153.497725,7505,7214,2411,4221,210.9700,-0.2500
1783085153.513986,7439,7223,2383,4249,210.9700,-0.2500
1783085153.529685,7486,7186,2364,4231,205.5600,-0.3100
1783085153.545654,7542,7233,2411,4221,205.5600,-0.3100
1783085153.563783,7542,7186,2355,4165,205.5600,-0.3100
1783085153.580883,7467,7242,2383,4221,208.2600,0.4400
1783085153.595514,7495,7186,2383,4165,208.2600,0.4400
1783085153.611514,7542,7223,2383,4221,208.2600,0.4400
1783085153.630468,7542,7186,2364,4221,205.5600,-0.1900
1783085153.647102,7467,7214,2383,4193,205.5600,-0.1900
1783085153.664849,7467,7233,2373,4212,205.5600,-0.1900
1783085153.681226,7505,7242,2373,4174,209.7500,-0.6900
1783085153.696721,7523,7176,2401,4221,209.7500,-0.6900
1783085153.712738,7551,7242,2355,4165,209.7500,-0.6900
1783085153.729849,7523,7317,2355,4212,204.1800,-0.4400
1783085153.744793,7514,7223,2345,4174,204.1800,-0.4400
1783085153.760812,7523,7223,2364,4212,204.1800,-0.4400
1783085153.777120,7533,7214,2298,4193,202.8500,-1.4400
1783085153.792554,7476,7214,2373,4184,202.8500,-1.4400
1783085153.808582,7598,7289,2326,4231,202.8500,-1.4400
1783085153.826212,7570,7261,2364,4184,208.2600,-2.6300
1783085153.839716,7505,7279,2326,4231,208.2600,-2.6300
1783085153.856453,7589,7242,2345,4146,208.2600,-2.6300
1783085153.871910,7551,7233,2317,4184,208.2600,-2.6300
1783085153.887956,7533,7223,2298,4193,202.8500,-1.8800
1783085153.906006,7523,7223,2317,4193,202.8500,-1.8800
1783085153.922434,7561,7261,2298,4231,208.2600,-0.9400
1783085153.938709,7505,7317,2308,4174,208.2600,-0.9400
1783085153.954642,7551,7261,2298,4165,208.2600,-0.9400
1783085153.970233,7580,7308,2280,4184,205.5600,0.8100
1783085153.985895,7589,7233,2308,4193,205.5600,0.8100
1783085154.002669,7523,7233,2336,4146,205.5600,0.8100
1783085154.018292,7598,7279,2289,4137,205.5600,0.8100
1783085154.033886,7598,7317,2298,4174,202.8500,0.3700
1783085154.049979,7617,7251,2326,4137,202.8500,0.3700
1783085154.066346,7551,7261,2317,4184,202.8500,0.3700
1783085154.081939,7551,7289,2317,4156,200.1500,2.4400
1783085154.096840,7617,7289,2270,4174,200.1500,2.4400
1783085154.113498,7589,7261,2308,4118,200.1500,2.4400
1783085154.129511,7542,7345,2289,4109,208.2600,1.1200
1783085154.145164,7598,7279,2280,4165,208.2600,1.1200
1783085154.161379,7570,7317,2270,4099,208.2600,1.1200
1783085154.177043,7617,7308,2251,4146,205.5600,-0.3700
1783085154.193091,7617,7251,2289,4090,205.5600,-0.3700
1783085154.209515,7636,7298,2308,4109,205.5600,-0.3700
1783085154.226071,7598,7336,2251,4118,205.5600,1.5600
1783085154.241111,7627,7345,2289,4128,205.5600,1.5600
1783085154.257298,7608,7326,2280,4128,205.5600,1.5600
1783085154.272756,7636,7354,2261,4128,205.5600,1.5600
1783085154.288934,7636,7336,2242,4090,204.1800,-0.8800
1783085154.305653,7608,7326,2261,4118,204.1800,-0.8800
1783085154.321080,7627,7345,2270,4128,204.1800,-0.8800
1783085154.338698,7608,7326,2336,4128,209.7500,-2.0000
1783085154.354410,7598,7364,2242,4128,209.7500,-2.0000
1783085154.370039,7636,7364,2261,4081,209.7500,-2.0000
1783085154.385999,7645,7373,2223,4099,205.5600,-0.3700
1783085154.402108,7673,7373,2270,4099,205.5600,-0.3700
1783085154.417872,7683,7326,2223,4109,205.5600,-0.3700
1783085154.433903,7645,7383,2251,4146,205.5600,-0.4400
1783085154.450243,7608,7373,2242,4109,205.5600,-0.4400
1783085154.465938,7627,7392,2186,4071,205.5600,-0.4400
1783085154.481983,7692,7401,2242,4109,205.5600,1.8100
1783085154.498751,7664,7411,2195,4090,205.5600,1.8100
1783085154.514763,7673,7373,2223,4062,205.5600,1.8100
1783085154.530227,7655,7354,2204,4071,205.5600,-0.6900
1783085154.546521,7692,7373,2214,4071,205.5600,-0.6900
1783085154.562333,7692,7345,2204,4090,205.5600,-0.6900
1783085154.578145,7664,7392,2176,4099,208.2600,-0.5000
1783085154.594312,7664,7439,2233,4034,208.2600,-0.5000
1783085154.609918,7664,7392,2167,4109,208.2600,-0.5000
1783085154.626437,7664,7345,2242,4062,204.1800,-0.6900
1783085154.641814,7711,7411,2308,4118,204.1800,-0.6900
1783085154.659370,7711,7392,2233,4043,204.1800,-0.6900
1783085154.677097,7711,7420,2167,4118,209.7500,0.0600
1783085154.693177,7777,7411,2204,4071,209.7500,0.0600
1783085154.709141,7683,7401,2186,4081,209.7500,0.0600
1783085154.726623,7720,7430,2204,4109,201.5300,0.9400
1783085154.741183,7702,7401,2167,4081,201.5300,0.9400
1783085154.757432,7673,7439,2214,4118,201.5300,0.9400
1783085154.773894,7702,7439,2158,4052,209.7500,0.6900
1783085154.789433,7730,7383,2158,4081,209.7500,0.6900
1783085154.805085,7730,7401,2204,4099,209.7500,0.6900
1783085154.821448,7739,7354,2195,4043,204.1800,-2.2500
1783085154.836175,7720,7430,2233,4071,204.1800,-2.2500
1783085154.852812,7702,7448,2195,4043,204.1800,-2.2500
1783085154.868055,7777,7420,2195,4062,204.1800,-2.2500
1783085154.884001,7758,7439,2204,4052,204.2300,-1.6900
1783085154.900674,7730,7392,2176,4062,204.2300,-1.6900
1783085154.916599,7692,7411,2195,4062,204.2300,-1.6900
1783085154.932679,7758,7420,2148,4062,198.8700,0.9400
1783085154.948681,7758,7439,2167,4071,198.8700,0.9400
1783085154.964617,7758,7401,2148,4052,198.8700,0.9400
1783085154.980336,7748,7486,2176,4081,204.2300,-0.8100
1783085154.996707,7767,7448,2158,4062,204.2300,-0.8100
1783085155.013196,7758,7448,2186,4062,204.2300,-0.8100
1783085155.028298,7767,7430,2167,4062,201.5300,3.7500
1783085155.044735,7748,7448,2158,4043,201.5300,3.7500
1783085155.060685,7748,7458,2129,4071,201.5300,3.7500
1783085155.076936,7805,7486,2129,4052,200.1500,-0.3100
1783085155.092706,7767,7467,2158,4090,200.1500,-0.3100
1783085155.107358,7758,7448,2129,4043,200.1500,-0.3100
1783085155.123378,7777,7486,2158,4052,202.8500,-1.0000
1783085155.139719,7748,7514,2139,4090,202.8500,-1.0000
1783085155.155487,7814,7505,2139,4043,202.8500,-1.0000
1783085155.171503,7767,7467,2139,4081,202.8500,-1.0000
1783085155.187938,7777,7551,2120,4024,205.5600,-0.5000
1783085155.203350,7824,7495,2148,4090,205.5600,-0.5000
1783085155.219255,7805,7514,2073,4118,205.5600,-0.5000
1783085155.235975,7814,7486,2120,4071,202.8500,1.2500
1783085155.251377,7786,7523,2101,4109,202.8500,1.2500
1783085155.267348,7777,7533,2101,4109,202.8500,1.2500
1783085155.283435,7805,7514,2148,4081,202.8500,1.0000
1783085155.299223,7795,7495,2101,4043,202.8500,1.0000
1783085155.315397,7795,7476,2120,4081,202.8500,1.0000
1783085155.332675,7786,7542,2111,4081,206.9900,-0.0600
1783085155.347563,7795,7570,2092,4024,206.9900,-0.0600
1783085155.363496,7852,7514,2120,4024,206.9900,-0.0600
1783085155.378761,7833,7570,2101,4062,204.1800,-1.4400
1783085155.393995,7824,7608,2111,4052,204.1800,-1.4400
1783085155.409631,7814,7570,2101,4015,204.1800,-1.4400
1783085155.425586,7824,7589,2120,4034,202.8500,-0.6900
1783085155.441576,7805,7598,2083,4043,202.8500,-0.6900
1783085155.457631,7852,7580,2073,4024,202.8500,-0.6900
1783085155.475794,7777,7523,2111,4024,202.8500,-1.1200
1783085155.493948,7777,7580,2073,3987,202.8500,-1.1200
1783085155.512565,7777,7561,2129,3987,202.8500,-1.1200
1783085155.532551,7767,7561,2120,3987,205.5600,0.6300
1783085155.548727,7767,7514,2054,4015,205.5600,0.6300
1783085155.567607,7767,7589,2083,4015,205.5600,0.6300
1783085155.587644,7767,7505,2176,4015,205.5600,-1.3700
1783085155.605628,7842,7617,2083,4015,205.5600,-1.3700
1783085155.621667,7852,7598,2083,3996,205.5600,-1.3700
1783085155.639668,7852,7598,2148,4024,201.5300,-0.6300
1783085155.658629,7852,7608,2111,4024,201.5300,-0.6300
1783085155.676277,7955,7608,2148,4006,204.2300,0.8100
1783085155.690880,7889,7608,2129,4043,204.2300,0.8100
1783085155.708860,7889,7580,2101,4006,204.2300,0.8100
1783085155.725142,7936,7598,2054,4006,198.8700,-0.6300
1783085155.740658,7908,7580,2092,4015,198.8700,-0.6300
1783085155.756847,7786,7617,2017,3949,198.8700,-0.6300
1783085155.775299,7786,7570,2129,3996,197.4400,0.5600
1783085155.793781,7786,7617,2111,3996,197.4400,0.5600
1783085155.813747,7786,7598,2092,3996,197.4400,0.5600
1783085155.831768,7786,7655,2083,3931,201.4700,-1.8800
1783085155.849758,7786,7645,2111,3977,201.4700,-1.8800
1783085155.865744,7917,7664,2129,3940,201.4700,-1.8800
1783085155.883835,7917,7617,2017,4071,193.5700,0.4400
1783085155.901763,7917,7617,2092,3977,193.5700,0.4400
1783085155.917835,7908,7608,2036,4034,193.5700,0.4400
1783085155.933804,7974,7655,2036,4034,198.7100,1.1200
1783085155.950789,7974,7655,2101,4043,198.7100,1.1200
1783085155.967140,7927,7683,2064,3959,198.7100,1.1200
1783085155.982941,7983,7645,2092,4052,188.2700,0.1900
1783085155.998864,7861,7655,2026,4099,188.2700,0.1900
1783085156.015133,7955,7720,2036,4071,188.2700,0.1900
1783085156.030841,7908,7673,2045,4128,193.1900,0.2500
1783085156.050118,7908,7683,2083,4118,193.1900,0.2500
1783085156.066885,7908,7673,2092,4043,193.1900,0.2500
1783085156.082940,7945,7636,2101,4118,188.2700,1.8100
1783085156.099149,7889,7683,2054,3977,188.2700,1.8100
1783085156.115947,7889,7617,2073,4062,188.2700,1.8100
1783085156.131929,8039,7673,2064,3940,186.6200,0.6900
1783085156.148036,7955,7636,2036,3968,186.6200,0.6900
1783085156.164041,7936,7664,2073,4006,186.6200,0.6900
1783085156.181986,7936,7673,2092,3921,192.0300,-0.2500
1783085156.199952,7936,7692,2129,3996,192.0300,-0.2500
1783085156.218084,7936,7636,2073,3893,192.0300,-0.2500
1783085156.234930,7917,7664,2073,3893,189.3300,0.1900
1783085156.251979,8124,7730,2017,3949,189.3300,0.1900
1783085156.268948,8124,7730,2036,3987,189.3300,0.1900
1783085156.285363,7974,7673,2017,3902,186.6200,-1.1900
1783085156.301020,8067,7683,2036,3949,186.6200,-1.1900
1783085156.320101,8067,7692,2036,3949,186.6200,-1.1900
1783085156.338131,8067,7664,1998,3902,193.1900,0.8100
1783085156.355099,8011,7758,1970,3996,193.1900,0.8100
1783085156.371094,7983,7673,2064,3931,193.1900,0.8100
1783085156.387861,7974,7767,2064,3968,185.6200,0.4400
1783085156.402690,7992,7795,2092,3959,185.6200,0.4400
1783085156.418464,7983,7730,1932,3940,185.6200,0.4400
1783085156.436283,7983,7673,2036,3940,192.0300,-1.5000
1783085156.454270,7983,7748,1989,3996,192.0300,-1.5000
1783085156.472216,7983,7711,1970,3865,186.6200,-0.8100
1783085156.490158,7983,7739,2073,4015,186.6200,-0.8100
1783085156.507537,7983,7739,1857,3902,186.6200,-0.8100
1783085156.526329,7964,7777,1932,3902,189.3300,-0.3700
1783085156.541381,8049,7720,1998,3940,189.3300,-0.3700
1783085156.557432,7983,7748,1970,3846,189.3300,-0.3700
1783085156.573537,8011,7720,1979,3959,187.6700,-1.0000
1783085156.589210,8021,7786,2017,3931,187.6700,-1.0000
1783085156.605457,8058,7720,2073,3940,187.6700,-1.0000
1783085156.623300,8058,7683,1989,3837,189.3300,0.5000
1783085156.639475,8058,7692,2007,3931,189.3300,0.5000
1783085156.655327,8039,7805,1979,3874,189.3300,0.5000
1783085156.672280,8039,7730,1989,3874,189.3300,0.5000
1783085156.690233,8039,7739,1961,3977,185.6200,-0.2500
1783085156.708233,8039,7758,1923,3968,185.6200,-0.2500
1783085156.724282,8011,7805,1914,4006,186.6200,1.2500
1783085156.740284,8086,7777,1876,3931,186.6200,1.2500
1783085156.756251,8021,7758,1886,3931,186.6200,1.2500
1783085156.772214,8030,7758,1961,3865,187.6700,-0.1200
1783085156.788785,8096,7805,1904,3874,187.6700,-0.1200
1783085156.804448,8030,7795,1876,3949,187.6700,-0.1200
1783085156.820433,8114,7777,1951,3893,187.6700,-0.1200
1783085156.836361,8021,7767,1848,3931,182.9600,-0.2500
1783085156.852245,8021,7805,1857,3893,182.9600,-0.2500
1783085156.868301,8105,7795,1876,3874,182.9600,-0.2500
1783085156.883352,8039,7814,1857,3884,183.9200,1.3700
1783085156.899307,8096,7795,1857,3931,183.9200,1.3700
1783085156.915495,8049,7824,1857,3921,183.9200,1.3700
1783085156.931350,8086,7795,1848,3846,183.9200,-1.0600
1783085156.947323,8049,7786,1867,3912,183.9200,-1.0600
1783085156.963606,8058,7814,1829,3874,183.9200,-1.0600
1783085156.979375,8096,7833,1848,3921,178.5100,-1.0000
1783085156.995478,8086,7842,1867,3902,178.5100,-1.0000
1783085157.011540,8105,7758,1829,3940,178.5100,-1.0000
1783085157.027291,8039,7842,1876,3874,183.9200,-2.5000
1783085157.043394,8077,7852,1820,3940,183.9200,-2.5000
1783085157.059606,8067,7814,1848,3884,183.9200,-2.5000
1783085157.076486,8114,7805,1895,3827,181.2100,-0.3700
1783085157.092406,8114,7852,1914,3902,181.2100,-0.3700
1783085157.108532,8086,7842,1867,3921,181.2100,-0.3700
1783085157.124653,8105,7814,1904,3865,175.8000,-1.3700
1783085157.140415,8096,7824,1867,3940,175.8000,-1.3700
1783085157.156475,8105,7842,1839,3865,175.8000,-1.3700
1783085157.172696,8124,7824,1867,3865,178.5100,0.4400
1783085157.188483,8114,7852,1829,3865,178.5100,0.4400
1783085157.204632,8114,7870,1914,3827,178.5100,0.4400
1783085157.220856,8105,7852,1867,3902,173.1000,0.3100
1783085157.236602,8124,7908,1782,3884,173.1000,0.3100
1783085157.254649,8124,7814,1886,3912,173.1000,0.3100
1783085157.271568,8124,7880,1820,3855,173.1000,0.3100
1783085157.288627,8152,7852,1792,3846,181.2100,-0.1200
1783085157.304952,8171,7899,1876,3865,181.2100,-0.1200
1783085157.319958,8161,7899,1829,3837,181.2100,-0.1200
1783085157.335937,8133,7861,1829,3921,173.1000,-0.3700
1783085157.351879,8218,7899,1895,3827,173.1000,-0.3700
1783085157.369938,8218,7852,1848,3855,173.1000,-0.3700
1783085157.385826,8171,7880,1810,3874,178.5100,0.1200
1783085157.401621,8133,7899,1810,3827,178.5100,0.1200
1783085157.419682,8133,7870,1801,3921,178.5100,0.1200
1783085157.435610,8180,7908,1857,3912,173.1000,-1.0600
1783085157.452626,8180,7889,1829,3884,173.1000,-1.0600
1783085157.469597,8133,7880,1829,3940,173.1000,-1.0600
1783085157.485068,8180,7917,1801,3865,178.5100,0.4400
1783085157.502940,8180,7880,1754,3912,178.5100,0.4400
1783085157.518706,8208,7889,1801,3921,178.5100,0.4400
1783085157.534663,8189,7927,1782,3827,175.8000,0.3100
1783085157.552669,8189,7861,1820,3865,175.8000,0.3100
1783085157.568928,8171,7870,1848,3874,175.8000,0.3100
1783085157.584707,8199,7908,1829,3865,175.8000,-2.2500
1783085157.600726,8227,7899,1820,3855,175.8000,-2.2500
1783085157.616925,8180,7927,1782,3837,175.8000,-2.2500
1783085157.632720,8218,7917,1745,3846,173.1000,0.2500
1783085157.648956,8180,7936,1829,3865,173.1000,0.2500
1783085157.666137,8180,7889,1801,3837,173.1000,0.2500
1783085157.682113,8218,7964,1792,3752,173.1000,-1.8100
1783085157.697733,8180,7927,1792,3790,173.1000,-1.8100
1783085157.713734,8189,7936,1810,3846,173.1000,-1.8100
1783085157.729687,8199,7945,1839,3818,173.1000,1.5600
1783085157.745785,8199,7899,1745,3771,173.1000,1.5600
1783085157.761806,8218,7927,1792,3799,173.1000,1.5600
1783085157.779943,8218,7936,1782,3799,173.1000,-1.3700
1783085157.795838,8161,7964,1829,3865,173.1000,-1.3700
1783085157.812858,8161,7936,1764,3827,173.1000,-1.3700
1783085157.829820,8246,7927,1745,3837,173.1000,0.7500
1783085157.845854,8227,7955,1792,3771,173.1000,0.7500
1783085157.860932,8255,7936,1698,3799,173.1000,0.7500
1783085157.876867,8208,7955,1754,3846,175.8000,-1.5000
1783085157.893227,8246,8002,1792,3790,175.8000,-1.5000
1783085157.908875,8236,7927,1764,3846,175.8000,-1.5000
1783085157.925131,8208,7936,1820,3818,167.6900,0.3100
1783085157.941121,8236,7955,1754,3846,167.6900,0.3100
1783085157.956902,8227,7983,1782,3780,167.6900,0.3100
1783085157.972961,8264,7945,1707,3818,175.8000,-1.1900
1783085157.989208,8246,7974,1764,3809,175.8000,-1.1900
1783085158.004948,8264,7983,1792,3780,175.8000,-1.1900
1783085158.020927,8255,7908,1735,3809,175.8000,-1.1900
1783085158.037433,8236,7955,1735,3771,164.4000,-0.1200
1783085158.052952,8274,8002,1726,3734,164.4000,-0.1200
1783085158.068978,8246,7974,1745,3809,164.4000,-0.1200
1783085158.085173,8227,8030,1773,3743,167.6900,0.3700
1783085158.100964,8264,8049,1773,3790,167.6900,0.3700
1783085158.116996,8227,8030,1698,3734,167.6900,0.3700
1783085158.132115,8264,8011,1773,3771,171.1100,-0.5600
1783085158.148031,8246,7974,1726,3799,171.1100,-0.5600
1783085158.164023,8274,8021,1745,3837,171.1100,-0.5600
1783085158.179965,8302,8011,1726,3780,161.7500,-1.1200
1783085158.196095,8264,7992,1754,3837,161.7500,-1.1200
1783085158.214058,8264,8011,1726,3780,161.7500,-1.1200
1783085158.230048,8227,7945,1754,3752,167.6900,-1.2500
1783085158.248063,8227,7983,1717,3780,167.6900,-1.2500
1783085158.264089,8283,7992,1717,3771,167.6900,-1.2500
1783085158.280042,8321,8030,1726,3799,164.9900,0.8100
1783085158.296057,8293,7992,1689,3818,164.9900,0.8100
1783085158.312162,8255,8021,1707,3752,164.9900,0.8100
1783085158.328047,8311,8086,1717,3780,162.8300,-0.4400
1783085158.343943,8274,7983,1717,3827,162.8300,-0.4400
1783085158.361525,8274,8049,1651,3809,162.8300,-0.4400
1783085158.377433,8311,8030,1735,3827,159.1000,0.0600
1783085158.393484,8274,8021,1707,3818,159.1000,0.0600
1783085158.409597,8302,8058,1735,3827,159.1000,0.0600
1783085158.425121,8311,8067,1717,3827,164.9900,0.2500
1783085158.441224,8293,8058,1679,3799,164.9900,0.2500
1783085158.457476,8302,8021,1782,3855,164.9900,0.2500
1783085158.473174,8283,8039,1698,3827,164.9900,0.2500
1783085158.489208,8330,8049,1689,3865,164.9900,0.9400
1783085158.506259,8330,8049,1754,3715,164.9900,0.9400
1783085158.523353,8368,8058,1689,3818,164.9900,0.9400
1783085158.539239,8264,8067,1689,3799,164.9900,1.8800
1783085158.556201,8264,8058,1679,3780,164.9900,1.8800
1783085158.572205,8339,8058,1735,3790,159.5800,0.3700
1783085158.588251,8358,8067,1642,3762,159.5800,0.3700
1783085158.604325,8349,8049,1764,3752,159.5800,0.3700
1783085158.620218,8377,8058,1698,3752,159.5800,0.3700
1783085158.636245,8311,8058,1679,3752,164.9900,0.6300
1783085158.652304,8358,8067,1679,3734,164.9900,0.6300
1783085158.668313,8405,8124,1698,3715,164.9900,0.6300
1783085158.684501,8311,8049,1689,3734,162.2800,-1.9400
1783085158.701582,8368,8049,1670,3715,162.2800,-1.9400
1783085158.718453,8405,8067,1707,3743,162.2800,-1.9400
1783085158.734306,8311,8105,1717,3752,156.8700,1.4400
1783085158.751615,8311,8133,1660,3771,156.8700,1.4400
1783085158.767376,8386,8077,1670,3734,156.8700,1.4400
1783085158.783373,8321,8096,1613,3780,162.2800,0.3100
1783085158.799823,8386,8142,1726,3790,162.2800,0.3100
1783085158.815491,8396,8105,1651,3771,162.2800,0.3100
1783085158.831379,8311,8067,1782,3771,162.2800,-1.2500
1783085158.847553,8368,8096,1632,3724,162.2800,-1.2500
1783085158.863411,8396,8096,1670,3809,162.2800,-1.2500
1783085158.879422,8349,8105,1660,3752,154.1700,-0.2500
1783085158.895581,8396,8067,1651,3790,154.1700,-0.2500
1783085158.911476,8377,8086,1660,3771,154.1700,-0.2500
1783085158.927841,8405,8114,1689,3827,159.5800,-1.8800
1783085158.943634,8405,8105,1642,3762,159.5800,-1.8800
1783085158.959402,8386,8067,1660,3818,159.5800,-1.8800
1783085158.975581,8386,8114,1642,3743,162.2800,0.8100
1783085158.991648,8415,8086,1632,3809,162.2800,0.8100
1783085159.006510,8358,8124,1698,3762,162.2800,0.8100
1783085159.022423,8368,8114,1717,3752,162.2800,0.8100
1783085159.038617,8433,8086,1735,3809,156.4500,-1.5000
1783085159.054410,8443,8105,1660,3762,156.4500,-1.5000
1783085159.070853,8349,8124,1651,3818,156.4500,-1.5000
1783085159.087081,8415,8096,1670,3696,162.8300,2.3100
1783085159.102499,8386,8114,1679,3827,162.8300,2.3100
1783085159.118484,8405,8124,1642,3771,162.8300,2.3100
1783085159.134642,8396,8114,1632,3752,156.8700,-1.6900
1783085159.150492,8424,8189,1642,3762,156.8700,-1.6900
1783085159.166599,8358,8124,1613,3790,156.8700,-1.6900
1783085159.182757,8527,8124,1642,3762,162.2800,1.0600
1783085159.198547,8452,8124,1585,3762,162.2800,1.0600
1783085159.214493,8405,8161,1623,3752,162.2800,1.0600
1783085159.230670,8424,8105,1623,3780,159.1000,-1.1200
1783085159.246562,8433,8124,1623,3734,159.1000,-1.1200
1783085159.262599,8415,8161,1604,3743,159.1000,-1.1200
1783085159.277785,8443,8189,1623,3743,160.0700,0.6300
1783085159.293577,8452,8124,1576,3743,160.0700,0.6300
1783085159.309597,8415,8133,1623,3743,160.0700,0.6300
1783085159.325727,8461,8180,1604,3734,160.0700,0.6300
1783085159.341541,8480,8171,1642,3724,156.8700,-1.3700
1783085159.357661,8415,8105,1604,3743,156.8700,-1.3700
1783085159.373625,8452,8171,1632,3715,156.8700,-1.3700
1783085159.389635,8433,8218,1595,3752,156.8700,1.6900
1783085159.405618,8461,8152,1632,3696,156.8700,1.6900
1783085159.421685,8452,8189,1557,3724,156.8700,1.6900
1783085159.437631,8415,8199,1567,3715,154.1700,0.1200
1783085159.453635,8433,8161,1651,3743,154.1700,0.1200
1783085159.469722,8405,8171,1632,3715,154.1700,0.1200
1783085159.485680,8490,8180,1595,3715,156.8700,-0.1200
1783085159.500892,8490,8180,1576,3715,156.8700,-0.1200
1783085159.517781,8415,8161,1585,3715,156.8700,-0.1200
1783085159.533781,8508,8180,1679,3734,148.4900,-1.7500
1783085159.548856,8471,8189,1548,3734,148.4900,-1.7500
1783085159.566857,8471,8189,1632,3752,148.4900,-1.7500
1783085159.582706,8508,8189,1613,3687,154.1700,0.0600
1783085159.598762,8499,8133,1585,3724,154.1700,0.0600
1783085159.614984,8452,8218,1595,3715,154.1700,0.0600
1783085159.630671,8424,8199,1595,3724,149.0300,0.7500
1783085159.648726,8424,8199,1632,3743,149.0300,0.7500
1783085159.664722,8480,8189,1623,3762,149.0300,0.7500
1783085159.681161,8461,8189,1595,3734,148.4900,-1.6900
1783085159.696748,8480,8227,1623,3780,148.4900,-1.6900
1783085159.712805,8536,8171,1576,3743,148.4900,-1.6900
1783085159.728916,8471,8189,1642,3752,146.0500,0.3700
1783085159.745779,8471,8218,1651,3780,146.0500,0.3700
1783085159.761790,8518,8199,1557,3715,146.0500,0.3700
1783085159.779804,8508,8199,1642,3715,151.7900,1.3100
1783085159.795851,8490,8180,1735,3809,151.7900,1.3100
1783085159.811855,8499,8218,1595,3734,151.7900,1.3100
1783085159.827932,8508,8246,1567,3771,143.1900,0.6900
1783085159.843836,8508,8199,1576,3705,143.1900,0.6900
1783085159.859862,8508,8227,1604,3734,143.1900,0.6900
1783085159.875968,8490,8236,1613,3771,151.7900,0.8800
1783085159.891899,8555,8255,1585,3724,151.7900,0.8800
1783085159.907887,8480,8218,1567,3705,151.7900,0.8800
1783085159.923902,8546,8236,1604,3724,151.7900,0.8800
1783085159.939874,8499,8227,1613,3724,148.7600,0.6900
1783085159.955944,8508,8236,1585,3705,148.7600,0.6900
1783085159.970915,8508,8227,1623,3762,148.7600,0.6900
1783085159.987375,8471,8218,1595,3734,145.8400,-0.3700
1783085160.003231,8508,8255,1604,3762,145.8400,-0.3700
1783085160.018950,8518,8246,1585,3752,145.8400,-0.3700
1783085160.035254,8499,8236,1623,3762,146.0500,0.5600
1783085160.051186,8508,8264,1651,3743,146.0500,0.5600
1783085160.067061,8527,8246,1595,3734,146.0500,0.5600
1783085160.083117,8499,8255,1595,3743,154.5500,0.6300
1783085160.099041,8518,8246,1604,3724,154.5500,0.6300
1783085160.114968,8555,8227,1585,3715,154.5500,0.6300
1783085160.131092,8546,8227,1623,3696,143.1900,1.1900
1783085160.146983,8546,8255,1567,3696,143.1900,1.1900
1783085160.162968,8527,8208,1604,3696,143.1900,1.1900
1783085160.179114,8555,8246,1604,3715,148.7600,0.6900
1783085160.195003,8518,8255,1585,3715,148.7600,0.6900
1783085160.211020,8536,8255,1585,3687,148.7600,0.6900
1783085160.228281,8583,8264,1595,3677,146.0500,-1.2500
1783085160.242059,8536,8246,1613,3687,146.0500,-1.2500
1783085160.257995,8583,8255,1538,3705,146.0500,-1.2500
1783085160.274144,8536,8311,1576,3696,146.0500,-1.2500
1783085160.290122,8565,8264,1548,3696,146.0500,-0.0600
1783085160.306882,8565,8255,1557,3724,146.0500,-0.0600
1783085160.322599,8574,8246,1595,3677,148.7600,-2.3100
1783085160.338233,8565,8311,1576,3677,148.7600,-2.3100
1783085160.354158,8546,8274,1576,3696,148.7600,-2.3100
1783085160.370333,8565,8274,1557,3677,148.7600,-2.3100
1783085160.386330,8621,8293,1604,3705,146.0500,0.5600
1783085160.403420,8555,8311,1576,3687,146.0500,0.5600
1783085160.419682,8565,8255,1567,3705,146.0500,0.5600
1783085160.435350,8640,8246,1585,3752,146.0500,-1.2500
1783085160.451423,8565,8293,1585,3677,146.0500,-1.2500
1783085160.468117,8602,8293,1604,3705,146.0500,-1.2500
1783085160.483074,8574,8236,1529,3687,148.7600,2.1900
1783085160.498873,8583,8274,1557,3705,148.7600,2.1900
1783085160.516134,8611,8283,1557,3705,148.7600,2.1900
1783085160.531867,8565,8255,1585,3696,146.0500,-0.7500
1783085160.547916,8593,8274,1557,3696,146.0500,-0.7500
1783085160.564513,8593,8283,1510,3705,146.0500,-0.7500
1783085160.579968,8593,8302,1548,3734,148.7600,-0.5000
1783085160.595977,8649,8311,1567,3649,148.7600,-0.5000
1783085160.612756,8574,8330,1557,3705,148.7600,-0.5000
1783085160.630252,8593,8264,1538,3696,146.0500,-0.5000
1783085160.644316,8555,8311,1501,3696,146.0500,-0.5000
1783085160.660123,8621,8311,1576,3640,146.0500,-0.5000
1783085160.676502,8583,8321,1538,3668,146.0500,-0.5000
1783085160.692178,8583,8321,1548,3677,143.3500,0.5000
1783085160.708541,8630,8321,1538,3687,143.3500,0.5000
1783085160.724287,8621,8311,1548,3668,143.3500,0.5000
1783085160.740287,8593,8293,1548,3687,143.3500,-0.3700
1783085160.755630,8677,8330,1567,3668,143.3500,-0.3700
1783085160.771286,8649,8311,1529,3687,143.3500,-0.3700
1783085160.787484,8602,8283,1529,3696,143.3500,2.8100
1783085160.803551,8649,8274,1510,3658,143.3500,2.8100
1783085160.819312,8630,8330,1548,3705,143.3500,2.8100
1783085160.835317,8640,8302,1529,3658,146.0500,-1.3700
1783085160.851619,8649,8368,1548,3705,146.0500,-1.3700
1783085160.867370,8687,8330,1492,3677,146.0500,-1.3700
1783085160.883376,8630,8330,1557,3687,143.3500,0.8800
1783085160.899759,8640,8302,1529,3668,143.3500,0.8800
1783085160.915364,8668,8330,1567,3640,143.3500,0.8800
1783085160.931509,8649,8311,1557,3696,140.6400,-0.7500
1783085160.947672,8640,8330,1548,3640,140.6400,-0.7500
1783085160.963457,8687,8339,1567,3677,140.6400,-0.7500
1783085160.980451,8677,8339,1520,3677,143.3500,-0.1200
1783085160.996026,8658,8349,1538,3677,143.3500,-0.1200
1783085161.011312,8668,8377,1529,3649,143.3500,-0.1200
1783085161.028409,8658,8349,1520,3630,137.9400,1.0000
1783085161.042220,8640,8311,1595,3630,137.9400,1.0000
1783085161.058374,8640,8368,1548,3630,137.9400,1.0000
1783085161.074664,8677,8377,1529,3630,135.2300,-0.4400
1783085161.090335,8687,8321,1576,3668,135.2300,-0.4400
1783085161.106573,8668,8377,1557,3621,135.2300,-0.4400
1783085161.123080,8715,8330,1595,3640,135.2300,-0.4400
1783085161.138833,8687,8358,1426,3640,132.5300,-1.0000
1783085161.154449,8658,8349,1529,3668,132.5300,-1.0000
1783085161.170847,8677,8358,1501,3649,132.5300,-1.0000
1783085161.186636,8668,8405,1463,3612,135.2300,-0.1900
1783085161.202430,8668,8349,1454,3602,135.2300,-0.1900
1783085161.219145,8705,8358,1557,3602,135.2300,-0.1900
1783085161.235757,8705,8377,1482,3602,135.2300,0.0000
1783085161.252712,8705,8339,1473,3621,135.2300,0.0000
1783085161.267703,8677,8330,1529,3649,135.2300,0.0000
1783085161.283764,8687,8358,1473,3612,129.8300,0.3100
1783085161.299573,8687,8358,1501,3593,129.8300,0.3100
1783085161.315574,8687,8330,1548,3630,129.8300,0.3100
1783085161.331902,8705,8368,1492,3649,135.2300,0.8100
1783085161.347559,8687,8368,1538,3602,135.2300,0.8100
1783085161.364128,8715,8396,1510,3630,135.2300,0.8100
1783085161.381015,8687,8386,1585,3602,127.2800,-1.1200
1783085161.395777,8762,8396,1473,3602,127.2800,-1.1200
1783085161.411410,8724,8386,1473,3640,127.2800,-1.1200
1783085161.428694,8752,8424,1482,3640,137.9900,1.2500
1783085161.443372,8715,8386,1510,3602,137.9900,1.2500
1783085161.459371,8715,8443,1548,3640,137.9900,1.2500
1783085161.475857,8733,8405,1473,3630,135.2300,-0.1200
1783085161.491412,8733,8396,1538,3612,135.2300,-0.1200
1783085161.507434,8696,8358,1473,3649,135.2300,-0.1200
1783085161.523673,8752,8415,1492,3612,135.2300,0.1200
1783085161.538378,8752,8405,1538,3630,135.2300,0.1200
1783085161.554460,8743,8386,1482,3658,135.2300,0.1200
1783085161.570786,8733,8405,1520,3621,135.2300,0.1200
1783085161.586451,8724,8424,1548,3621,132.5300,0.1200
1783085161.602747,8752,8405,1463,3602,132.5300,0.1200
1783085161.619000,8724,8396,1473,3630,132.5300,0.1200
1783085161.634648,8733,8443,1473,3668,140.6400,0.8800
1783085161.650919,8752,8415,1501,3658,140.6400,0.8800
1783085161.667140,8752,8415,1520,3640,140.6400,0.8800
1783085161.682968,8752,8415,1501,3593,132.5800,0.5600
1783085161.698833,8733,8471,1538,3687,132.5800,0.5600
1783085161.716482,8762,8471,1482,3687,132.5800,0.5600
1783085161.732692,8724,8490,1463,3649,137.9400,-2.4400
1783085161.748676,8790,8490,1482,3668,137.9400,-2.4400
1783085161.764724,8780,8452,1492,3612,137.9400,-2.4400
1783085161.779445,8752,8433,1548,3630,132.4700,0.8800
1783085161.795681,8762,8443,1510,3668,132.4700,0.8800
1783085161.812584,8780,8443,1482,3593,132.4700,0.8800
1783085161.829289,8762,8443,1482,3593,132.5800,-1.7500
1783085161.844252,8752,8433,1482,3621,132.5800,-1.7500
1783085161.860557,8790,8471,1473,3574,132.5800,-1.7500
1783085161.876012,8752,8461,1492,3583,132.5800,-1.7500
1783085161.892055,8733,8471,1501,3640,137.9900,1.8100
1783085161.908258,8762,8415,1482,3574,137.9900,1.8100
1783085161.923867,8799,8461,1501,3612,137.9900,1.8100
1783085161.939942,8780,8433,1538,3602,127.2800,-1.2500
1783085161.956201,8771,8452,1473,3555,127.2800,-1.2500
1783085161.971915,8743,8443,1529,3593,127.2800,-1.2500
1783085161.989227,8743,8452,1548,3621,135.2300,0.8100
1783085162.005906,8743,8424,1501,3583,135.2300,0.8100
1783085162.021094,8771,8424,1538,3612,135.2300,0.8100
1783085162.037434,8818,8443,1445,3621,132.5800,-1.6900
1783085162.052953,8790,8424,1463,3630,132.5800,-1.6900
1783085162.069140,8799,8461,1482,3593,132.5800,-1.6900
1783085162.085011,8790,8452,1463,3630,132.4700,0.7500
1783085162.100958,8827,8424,1501,3630,132.4700,0.7500
1783085162.116940,8799,8480,1482,3602,132.4700,0.7500
1783085162.132729,8752,8461,1501,3630,129.9300,-0.8100
1783085162.149151,8808,8480,1510,3630,129.9300,-0.8100
1783085162.165251,8790,8499,1482,3555,129.9300,-0.8100
1783085162.180897,8790,8508,1492,3621,135.2300,-0.2500
1783085162.196810,8846,8424,1595,3621,135.2300,-0.2500
1783085162.213269,8771,8499,1492,3583,135.2300,-0.2500
1783085162.230014,8827,8518,1482,3621,129.9300,-1.0000
1783085162.245214,8780,8461,1482,3602,129.9300,-1.0000
1783085162.260146,8790,8471,1548,3621,129.9300,-1.0000
1783085162.276164,8827,8461,1463,3602,132.5300,0.5600
1783085162.292418,8808,8490,1454,3583,132.5300,0.5600
1783085162.308981,8790,8461,1492,3602,132.5300,0.5600
1783085162.324567,8790,8471,1454,3630,132.5300,0.5600
1783085162.340863,8827,8490,1501,3565,129.7100,1.0000
1783085162.356202,8799,8499,1473,3612,129.7100,1.0000
1783085162.372588,8790,8490,1548,3593,129.7100,1.0000
1783085162.388867,8837,8518,1445,3621,127.2800,-0.0600
1783085162.404288,8846,8480,1445,3649,127.2800,-0.0600
1783085162.420357,8846,8499,1454,3593,127.2800,-0.0600
1783085162.436464,8827,8508,1454,3621,129.8300,1.3100
1783085162.452292,8846,8490,1463,3602,129.8300,1.3100
1783085162.468207,8855,8490,1482,3677,129.8300,1.3100
1783085162.484635,8837,8518,1445,3621,127.1200,-0.4400
1783085162.500593,8808,8499,1482,3602,127.1200,-0.4400
1783085162.516426,8855,8508,1463,3649,127.1200,-0.4400
1783085162.532000,8846,8490,1426,3612,124.4200,0.6900
1783085162.547722,8846,8527,1435,3621,124.4200,0.6900
1783085162.563823,8855,8536,1473,3630,124.4200,0.6900
1783085162.580543,8874,8508,1492,3565,129.7100,-2.6300
1783085162.595421,8827,8490,1445,3612,129.7100,-2.6300
1783085162.611300,8855,8490,1585,3621,129.7100,-2.6300
1783085162.629922,8855,8490,1492,3612,121.9800,1.3700
1783085162.647063,8827,8518,1482,3612,121.9800,1.3700
1783085162.663380,8837,8527,1416,3621,121.9800,1.3700
1783085162.679782,8884,8518,1501,3658,121.7100,-0.6300
1783085162.695372,8865,8518,1435,3583,121.7100,-0.6300
1783085162.711729,8855,8527,1426,3612,121.7100,-0.6300
1783085162.728319,8884,8471,1501,3630,119.0100,-0.8100
1783085162.742547,8855,8471,1435,3612,119.0100,-0.8100
1783085162.758684,8846,8565,1463,3593,119.0100,-0.8100
1783085162.774961,8818,8480,1445,3612,119.0100,-0.8100
1783085162.790856,8855,8518,1416,3593,124.4200,-0.3700
1783085162.807050,8865,8518,1463,3593,124.4200,-0.3700
1783085162.822423,8874,8499,1463,3621,124.4200,-0.3700
1783085162.838792,8855,8499,1520,3555,119.0100,0.0000
1783085162.854688,8884,8480,1426,3612,119.0100,0.0000
1783085162.870489,8893,8518,1473,3602,119.0100,0.0000
1783085162.886825,8846,8555,1463,3555,124.4200,1.1200
1783085162.902794,8874,8490,1435,3593,124.4200,1.1200
1783085162.918520,8865,8536,1445,3574,124.4200,1.1200
1783085162.934887,8846,8574,1463,3583,121.7100,0.1200
1783085162.950798,8865,8527,1407,3583,121.7100,0.1200
1783085162.966587,8874,8546,1445,3565,121.7100,0.1200
1783085162.982655,8874,8546,1473,3574,116.3000,1.0000
1783085162.998810,8884,8602,1445,3574,116.3000,1.0000
1783085163.015564,8884,8555,1473,3574,116.3000,1.0000
1783085163.031462,8884,8536,1501,3583,121.7100,0.2500
1783085163.047783,8921,8527,1463,3593,121.7100,0.2500
1783085163.063508,8930,8527,1445,3574,121.7100,0.2500
1783085163.079887,8893,8621,1501,3546,119.0100,-0.5000
1783085163.096218,8902,8555,1435,3555,119.0100,-0.5000
1783085163.112832,8884,8536,1482,3574,119.0100,-0.5000
1783085163.129790,8949,8687,1435,3565,119.0100,1.6900
1783085163.143893,8884,8536,1426,3565,119.0100,1.6900
1783085163.159580,8874,8546,1492,3602,119.0100,1.6900
1783085163.176676,8874,8574,1482,3565,124.4200,-0.7500
1783085163.193637,8865,8565,1463,3555,124.4200,-0.7500
1783085163.208874,8912,8518,1445,3555,124.4200,-0.7500
1783085163.224382,8912,8574,1445,3574,124.4200,-0.7500
1783085163.240488,8921,8602,1463,3555,119.0100,0.6300
1783085163.256611,8921,8630,1398,3555,119.0100,0.6300
1783085163.272570,8912,8621,1416,3583,119.0100,0.6300
1783085163.288571,8912,8555,1435,3546,124.4200,0.8100
1783085163.304832,8921,8574,1388,3555,124.4200,0.8100
1783085163.320548,8921,8593,1426,3574,124.4200,0.8100
1783085163.336588,8884,8687,1454,3555,124.4200,0.2500
1783085163.352821,8921,8583,1407,3583,124.4200,0.2500
1783085163.368449,8940,8555,1445,3612,124.4200,0.2500
1783085163.383841,8940,8593,1426,3565,121.7100,-0.9400
1783085163.401759,8884,8593,1407,3565,121.7100,-0.9400
1783085163.418591,8940,8574,1426,3574,121.7100,-0.9400
1783085163.434574,8902,8649,1435,3574,119.0100,-1.8800
1783085163.449815,8930,8621,1398,3602,119.0100,-1.8800
1783085163.465447,8987,8611,1548,3593,119.0100,-1.8800
1783085163.483504,8987,8574,1529,3574,119.0100,1.0600
1783085163.501482,8959,8574,1463,3612,119.0100,1.0600
1783085163.517889,8959,8668,1341,3546,119.0100,1.0600
1783085163.534231,8959,8565,1379,3593,124.4200,-1.0000
1783085163.549757,8902,8630,1435,3602,124.4200,-1.0000
1783085163.566005,8940,8677,1407,3621,124.4200,-1.0000
1783085163.582283,8959,8611,1388,3555,119.0100,0.0600
1783085163.598006,8921,8611,1416,3612,119.0100,0.0600
1783085163.613728,8930,8565,1388,3630,119.0100,0.0600
1783085163.630378,8977,8611,1426,3565,119.0100,0.1200
1783085163.645715,8912,8555,1416,3621,119.0100,0.1200
1783085163.663000,8912,8593,1510,3602,119.0100,0.1200
1783085163.680043,8977,8583,1416,3621,119.0100,-0.0600
1783085163.696591,8996,8583,1463,3630,119.0100,-0.0600
1783085163.713377,8968,8687,1435,3630,119.0100,-0.0600
1783085163.730873,8959,8621,1445,3593,121.7100,-0.8100
1783085163.745186,8968,8696,1407,3593,121.7100,-0.8100
1783085163.761431,8959,8668,1435,3537,121.7100,-0.8100
1783085163.777034,8949,8649,1407,3574,116.3000,1.6300
1783085163.793006,8949,8658,1407,3640,116.3000,1.6300
1783085163.810481,8949,8724,1473,3612,116.3000,1.6300
1783085163.829196,8949,8593,1463,3621,116.3000,-1.1200
1783085163.843692,8977,8621,1426,3574,116.3000,-1.1200
1783085163.859699,8977,8658,1370,3621,116.3000,-1.1200
1783085163.876048,9024,8593,1416,3602,116.6700,-0.3100
1783085163.891792,8968,8649,1398,3574,116.6700,-0.3100
1783085163.907808,8996,8611,1407,3602,116.6700,-0.3100
1783085163.924506,8977,8593,1426,3593,118.6800,-0.1200
1783085163.940271,8996,8677,1388,3602,118.6800,-0.1200
1783085163.956210,8996,8640,1445,3583,118.6800,-0.1200
1783085163.972518,8949,8658,1379,3583,118.6800,-0.1200
1783085163.988063,8968,8649,1426,3583,114.0200,1.8800
1783085164.004077,8968,8583,1416,3621,114.0200,1.8800
1783085164.020406,8940,8583,1370,3602,114.0200,1.8800
1783085164.036229,9024,8611,1463,3677,113.1600,-1.8800
1783085164.052070,8968,8668,1407,3593,113.1600,-1.8800
1783085164.067204,9005,8630,1398,3593,113.1600,-1.8800
1783085164.083072,8987,8677,1416,3621,110.8900,3.7500
1783085164.099180,8987,8752,1407,3602,110.8900,3.7500
1783085164.115606,9043,8705,1416,3602,110.8900,3.7500
1783085164.131198,8987,8696,1445,3630,108.7200,-2.2500
1783085164.147170,8996,8724,1398,3583,108.7200,-2.2500
1783085164.163471,9034,8677,1407,3574,108.7200,-2.2500
1783085164.180794,9005,8640,1454,3602,113.6000,1.6300
1783085164.195183,8977,8687,1398,3602,113.6000,1.6300
1783085164.211793,9005,8696,1426,3602,113.6000,1.6300
1783085164.227296,9015,8724,1454,3565,113.6000,1.6300
1783085164.243231,9043,8630,1407,3593,113.6000,1.6300
1783085164.259579,8987,8668,1435,3593,113.6000,1.6300
1783085164.275185,9024,8705,1388,3621,113.6000,1.6300
1783085164.291239,8977,8724,1445,3640,113.6000,1.6300
1783085164.307536,8996,8696,1426,3602,113.6000,1.6300
1783085164.323144,9043,8649,1398,3593,113.6000,1.6300
1783085164.339069,9024,8668,1454,3621,113.6000,1.6300
1783085164.353914,8977,8649,1435,3630,113.6000,1.6300
1783085164.369909,9071,8715,1445,3602,113.6000,1.6300
1783085164.386356,9024,8705,1407,3602,113.6000,1.6300
1783085164.401987,9034,8677,1435,3640,113.6000,1.6300
1783085164.418312,8996,8658,1426,3658,113.6000,1.6300
1783085164.435050,9015,8696,1445,3583,113.6000,1.6300
1783085164.450381,9005,8649,1510,3649,113.6000,1.6300
1783085164.466513,9005,8649,1379,3593,113.6000,1.6300
1783085164.484312,9005,8611,1473,3630,113.6000,1.6300
1783085164.500869,9052,8649,1426,3649,113.6000,1.6300
1783085164.517378,9052,8912,1463,3640,113.6000,1.6300
1783085164.534057,9062,8715,1445,3602,113.6000,1.6300
1783085164.549578,8977,8687,1445,3602,113.6000,1.6300
1783085164.565751,8949,8715,1407,3574,11.7800,1.6900
1783085164.581512,9071,8630,1426,3574,11.7800,1.6900
1783085164.597600,9015,8705,1426,3640,11.7800,1.6900
1783085164.613810,9005,8752,1473,3621,5.4100,7.4400
1783085164.629759,9024,8733,1463,3621,5.4100,7.4400
1783085164.645751,9034,8780,1416,3583,5.4100,7.4400
1783085164.661755,9015,8837,1426,3621,8.1100,9.3800
1783085164.677454,9015,8799,1454,3583,8.1100,9.3800
1783085164.693686,9043,8855,1426,3593,8.1100,9.3800
1783085164.710027,9034,8818,1463,3583,10.8200,11.9400
1783085164.725287,9005,8818,1398,3602,10.8200,11.9400
1783085164.741202,9015,8808,1445,3593,10.8200,11.9400
1783085164.758824,9005,8893,1463,3602,13.5200,12.7500
1783085164.773242,8959,8921,1388,3574,13.5200,12.7500
1783085164.789258,9127,8874,1473,3612,13.5200,12.7500
1783085164.805676,9043,8884,1398,3583,10.8200,14.1900
1783085164.820300,9034,8893,1473,3602,10.8200,14.1900
1783085164.836559,9043,8874,1445,3630,10.8200,14.1900
1783085164.852157,9024,8893,1463,3537,10.8200,14.1900
1783085164.868200,9062,8818,1416,3640,5.4100,12.5000
1783085164.884441,8977,8818,1407,3583,5.4100,12.5000
1783085164.900217,8921,8827,1445,3574,5.4100,12.5000
1783085164.916282,8959,8752,1510,3602,2.7000,13.6900
1783085164.932666,8912,8752,1538,3537,2.7000,13.6900
1783085164.948870,8893,8733,1435,3574,2.7000,13.6900
1783085164.964637,8987,8762,1482,3602,2.7000,12.1900
1783085164.980871,8987,8649,1435,3574,2.7000,12.1900
1783085164.997335,8930,8687,1492,3574,2.7000,12.1900
1783085165.012516,8996,8724,1454,3593,5.4100,15.3100
1783085165.028380,8968,8668,1492,3546,5.4100,15.3100
1783085165.044503,9062,8668,1463,3602,5.4100,15.3100
1783085165.060270,9015,8649,1445,3583,2.7000,8.7500
1783085165.076591,9015,8621,1548,3593,2.7000,8.7500
1783085165.091913,9090,8593,1473,3537,2.7000,8.7500
1783085165.109274,9099,8640,1482,3621,2.7000,13.1900
1783085165.124574,9259,8621,1548,3565,2.7000,13.1900
1783085165.140075,9127,8565,1482,3593,2.7000,13.1900
1783085165.157491,9446,8583,1501,3612,5.4100,10.0600
1783085165.172401,9559,8574,1510,3593,5.4100,10.0600
1783085165.188051,9249,8593,1510,3555,5.4100,10.0600
1783085165.204031,9484,8565,1567,3574,5.4100,10.0600
1783085165.219996,9578,8565,1529,3555,5.4100,11.8800
1783085165.235566,8884,8593,1492,3640,5.4100,11.8800
1783085165.251463,9540,8611,1492,3574,5.4100,11.8800
1783085165.267706,9015,8593,1529,3593,8.1100,11.1900
1783085165.283537,8808,8593,1492,3574,8.1100,11.1900
1783085165.299523,8808,8649,1538,3621,8.1100,11.1900
1783085165.316083,8771,8611,1529,3630,5.4100,9.6900
1783085165.331696,8733,8630,1529,3612,5.4100,9.6900
1783085165.348942,8733,8630,1548,3630,5.4100,9.6900
1783085165.365839,8733,8621,1567,3640,7.9500,11.3100
1783085165.381799,8762,8630,1595,3658,7.9500,11.3100
1783085165.397221,8818,8677,1576,3705,7.9500,11.3100
1783085165.412666,8818,8668,1595,3705,5.4100,7.9400
1783085165.427991,8780,8677,1632,3677,5.4100,7.9400
1783085165.443978,8808,8658,1595,3677,5.4100,7.9400
1783085165.459858,8837,8668,1632,3640,8.1100,9.6900
1783085165.475785,8884,8611,1632,3687,8.1100,9.6900
1783085165.491947,8837,8668,1642,3687,8.1100,9.6900
1783085165.508734,8949,8649,1660,3677,5.4100,4.0600
1783085165.523952,8902,8649,1642,3658,5.4100,4.0600
1783085165.539921,8884,8630,1642,3668,5.4100,4.0600
1783085165.555911,8912,8640,1660,3696,8.1100,7.8800
1783085165.571965,8930,8649,1632,3649,8.1100,7.8800
1783085165.587806,8921,8630,1698,3668,8.1100,7.8800
1783085165.603045,8940,8640,1670,3658,5.4100,5.0000
1783085165.619253,8912,8630,1754,3677,5.4100,5.0000
1783085165.634872,8968,8593,1745,3649,5.4100,5.0000
1783085165.651052,8949,8527,1698,3658,5.4100,5.0000
1783085165.666891,8940,8546,1698,3649,8.1100,5.1900
1783085165.683190,8959,8574,1717,3630,8.1100,5.1900
1783085165.699298,9005,8527,1754,3668,8.1100,5.1900
1783085165.714864,8959,8461,1726,3668,5.4100,3.0600
1783085165.730963,8996,8499,1717,3658,5.4100,3.0600
1783085165.747280,8959,8508,1698,3658,5.4100,3.0600
1783085165.763132,8940,8461,1698,3687,5.4100,2.8100
1783085165.778929,8949,8443,1745,3640,5.4100,2.8100
1783085165.794273,8949,8405,1754,3630,5.4100,2.8100
1783085165.811053,8959,8490,1782,3621,5.4100,3.9400
1783085165.827064,9052,8424,1764,3640,5.4100,3.9400
1783085165.843171,9259,8386,1735,3630,5.4100,3.9400
1783085165.859335,9043,8405,1782,3640,5.4100,3.1300
1783085165.875023,9202,8499,1717,3640,5.4100,3.1300
1783085165.889995,9240,8424,1764,3630,5.4100,3.1300
1783085165.905959,8912,8368,1764,3640,5.4100,4.0600
1783085165.921948,9062,8452,1754,3649,5.4100,4.0600
1783085165.937965,8902,8499,1810,3630,5.4100,4.0600
1783085165.953892,8865,8443,1745,3640,5.4100,4.0600
1783085165.969942,9249,8405,1726,3602,2.7000,2.8100
1783085165.986044,9240,8396,1698,3602,2.7000,2.8100
1783085166.001949,8912,8499,1745,3640,2.7000,2.8100
1783085166.018367,8808,8471,1689,3612,5.4100,3.8100
1783085166.034091,8762,8386,1773,3630,5.4100,3.8100
1783085166.049966,8846,8508,1717,3612,5.4100,3.8100
1783085166.065955,8780,8499,1735,3621,2.7000,2.3800
1783085166.082083,9137,8461,1698,3612,2.7000,2.3800
1783085166.097979,8780,8480,1707,3621,2.7000,2.3800
1783085166.113995,8780,8518,1698,3612,8.1100,3.8100
1783085166.130052,9127,8536,1660,3593,8.1100,3.8100
1783085166.146006,8752,8499,1698,3640,8.1100,3.8100
1783085166.161279,8724,8546,1613,3574,8.1100,2.0600
1783085166.177463,8677,8508,1670,3630,8.1100,2.0600
1783085166.193417,8687,8527,1613,3630,8.1100,2.0600
1783085166.209314,8762,8527,1679,3593,2.7000,4.4400
1783085166.225079,8687,8536,1660,3621,2.7000,4.4400
1783085166.241062,8687,8565,1642,3583,2.7000,4.4400
1783085166.257853,8743,8611,1660,3621,2.7000,4.4400
1783085166.273163,8687,8546,1604,3621,2.7000,4.4400
1783085166.289140,8677,8536,1595,3583,2.7000,4.4400
1783085166.305339,8668,8546,1613,3621,2.7000,4.4400
1783085166.321134,8696,8611,1595,3602,2.7000,4.4400
1783085166.337135,8658,8555,1613,3640,2.7000,4.4400
1783085166.353403,8799,8555,1632,3602,2.7000,4.4400
1783085166.369164,8696,8536,1613,3593,2.7000,4.4400
1783085166.385129,8687,8536,1595,3612,2.7000,4.4400
1783085166.401440,8771,8546,1660,3602,2.7000,4.4400
1783085166.417167,8715,8527,1623,3630,2.7000,4.4400
1783085166.433252,8696,8555,1642,3612,2.7000,4.4400
1783085166.449144,8733,8527,1613,3602,2.7000,4.4400
1783085166.464437,8687,8593,1567,3583,2.7000,4.4400
1783085166.480166,8668,8546,1595,3583,2.7000,4.4400
1783085166.496280,8743,8555,1623,3649,2.7000,4.4400
1783085166.512155,8743,8546,1623,3593,2.7000,4.4400
1783085166.528209,9099,8527,1623,3621,2.7000,4.4400
1783085166.544222,8724,8565,1623,3583,2.7000,4.4400
