timestamp,d0,d1,d2,d3,v_mm_s,gz
1783084711.972454,9118,8611,1679,3621,0.0000,0.1200
1783084711.988288,9503,8658,1689,3621,0.0000,0.1200
1783084712.004286,8733,8611,1717,3677,0.0000,0.1200
1783084712.020502,8705,8574,1745,3668,0.0000,0.1200
1783084712.036258,9099,8611,1707,3687,20.8100,-0.0600
1783084712.051408,9090,8611,1726,3696,20.8100,-0.0600
1783084712.067547,9099,8621,1707,3668,20.8100,-0.0600
1783084712.083346,9109,8630,1764,3602,54.0900,-1.3700
1783084712.101359,9109,8630,1735,3640,54.0900,-1.3700
1783084712.119369,9109,8640,1754,3687,54.0900,-1.3700
1783084712.135560,9165,8583,1792,3687,89.2500,-0.1200
1783084712.151697,8715,8611,1754,3621,89.2500,-0.1200
1783084712.167466,9503,8640,1764,3658,89.2500,-0.1200
1783084712.184464,9503,8546,1717,3668,103.4100,0.8800
1783084712.202435,9062,8546,1764,3612,103.4100,0.8800
1783084712.218581,9090,8555,1773,3649,103.4100,0.8800
1783084712.236508,9090,8602,1754,3668,115.9200,-0.9400
1783084712.252408,8649,8518,1754,3687,115.9200,-0.9400
1783084712.268387,9118,8649,1764,3658,115.9200,-0.9400
1783084712.284994,8687,8536,1745,3640,116.6700,-1.3100
1783084712.302520,8658,8536,1745,3574,116.6700,-1.3100
1783084712.318504,9071,8621,1773,3677,116.6700,-1.3100
1783084712.334536,8696,8536,1745,3612,126.9500,-1.1900
1783084712.350866,8696,8583,1735,3593,126.9500,-1.1900
1783084712.366509,8687,8574,1735,3612,126.9500,-1.1900
1783084712.382513,8724,8565,1792,3546,121.9800,-0.5600
1783084712.398520,8658,8518,1660,3621,121.9800,-0.5600
1783084712.413578,9062,8574,1707,3658,121.9800,-0.5600
1783084712.430535,8696,8555,1717,3658,126.9500,0.0600
1783084712.446604,9081,8499,1679,3649,126.9500,0.0600
1783084712.462586,9118,8490,1670,3565,126.9500,0.0600
1783084712.479274,8696,8480,1689,3583,129.9300,0.0000
1783084712.494586,9052,8583,1698,3574,129.9300,0.0000
1783084712.510608,8724,8593,1670,3630,129.9300,0.0000
1783084712.526613,8696,8490,1623,3621,143.5100,-0.2500
1783084712.541886,8696,8574,1642,3574,143.5100,-0.2500
1783084712.558597,8677,8527,1632,3593,143.5100,-0.2500
1783084712.574883,9034,8536,1595,3658,143.5100,-0.2500
1783084712.591646,9034,8508,1623,3583,137.8900,1.3700
1783084712.608848,8733,8536,1595,3658,137.8900,1.3700
1783084712.623728,8687,8546,1651,3583,137.8900,1.3700
1783084712.639665,9024,8518,1595,3574,143.5100,1.5600
1783084712.657648,9024,8574,1604,3574,143.5100,1.5600
1783084712.673887,8677,8490,1642,3602,148.4900,0.0000
1783084712.689675,9127,8527,1585,3602,148.4900,0.0000
1783084712.705726,9081,8565,1604,3602,148.4900,0.0000
1783084712.721984,8677,8527,1576,3537,148.4900,0.0000
1783084712.737696,9052,8536,1585,3602,151.4600,1.6300
1783084712.753721,8743,8555,1585,3621,151.4600,1.6300
1783084712.769943,8677,8518,1595,3565,151.4600,1.6300
1783084712.785794,9052,8499,1642,3574,157.3100,0.6300
1783084712.801819,8677,8461,1613,3583,157.3100,0.6300
1783084712.819034,8677,8499,1623,3527,157.3100,0.6300
1783084712.835922,8611,8452,1642,3621,159.5800,2.0000
1783084712.852759,8611,8461,1660,3593,159.5800,2.0000
1783084712.868783,8705,8480,1670,3583,159.5800,2.0000
1783084712.884722,8640,8433,1623,3612,159.1000,-0.9400
1783084712.900737,8611,8452,1689,3593,159.1000,-0.9400
1783084712.916776,9062,8508,1698,3583,159.1000,-0.9400
1783084712.934793,8687,8508,1651,3527,165.5900,-1.0000
1783084712.952025,8687,8508,1651,3527,165.5900,-1.0000
1783084712.970204,8687,8471,1707,3565,165.5900,-1.0000
1783084712.991103,8687,8471,1707,3565,167.0500,-0.3700
1783084713.007164,9109,8480,1726,3565,167.0500,-0.3700
1783084713.026212,9109,8480,1698,3640,167.0500,-0.3700
1783084713.046276,9109,8480,1717,3546,168.3500,-0.8800
1783084713.062419,8630,8443,1717,3583,168.3500,-0.8800
1783084713.081318,8630,8443,1717,3527,170.4000,0.1200
1783084713.102195,8630,8443,1745,3527,170.4000,0.1200
1783084713.121183,8630,8443,1717,3555,170.4000,0.1200
1783084713.140970,8630,8443,1745,3555,183.9200,-0.4400
1783084713.162065,8630,8443,1764,3555,183.9200,-0.4400
1783084713.181901,8630,8480,1754,3555,183.9200,-1.3700
1783084713.202314,8630,8480,1726,3593,183.9200,-1.3700
1783084713.220942,8630,8480,1773,3593,183.9200,-1.3700
1783084713.240269,8630,8480,1792,3480,192.0300,-1.5000
1783084713.262989,8630,8480,1717,3480,192.0300,-1.5000
1783084713.282313,8630,8480,1782,3480,194.7400,1.4400
1783084713.301291,8630,8480,1782,3527,194.7400,1.4400
1783084713.322521,8630,8480,1764,3527,194.7400,1.4400
1783084713.341404,8630,8480,1754,3546,194.7400,-2.3100
1783084713.361298,8630,8480,1792,3555,194.7400,-2.3100
1783084713.381157,8630,8480,1764,3471,201.5300,1.8800
1783084713.399137,8630,8386,1764,3546,201.5300,1.8800
1783084713.417658,8630,8386,1764,3490,201.5300,1.8800
1783084713.436297,8630,8386,1754,3527,208.2600,-0.6300
1783084713.456096,8630,8386,1792,3461,208.2600,-0.6300
1783084713.474216,8630,8405,1754,3508,208.2600,-0.6300
1783084713.490469,8602,8405,1698,3461,215.2700,0.6300
1783084713.506132,8640,8330,1726,3499,215.2700,0.6300
1783084713.522152,8996,8321,1782,3452,215.2700,0.6300
1783084713.538496,8621,8339,1754,3452,208.2600,-2.8800
1783084713.554425,8715,8358,1782,3480,208.2600,-2.8800
1783084713.571164,8611,8396,1764,3443,208.2600,-2.8800
1783084713.587453,8640,8762,1726,3461,210.9700,0.8800
1783084713.603513,8996,8780,1764,3424,210.9700,0.8800
1783084713.619231,8630,8330,1735,3386,210.9700,0.8800
1783084713.635627,9024,8790,1735,3433,206.8300,-2.4400
1783084713.650136,8593,8311,1754,3452,206.8300,-2.4400
1783084713.666330,8649,8743,1717,3433,206.8300,-2.4400
1783084713.682649,8987,8368,1698,3424,210.9700,1.9400
1783084713.698222,9015,8443,1698,3377,210.9700,1.9400
1783084713.714226,8649,8733,1679,3461,210.9700,1.9400
1783084713.731355,8658,8330,1782,3471,215.2700,-0.5000
1783084713.748589,9043,8330,1782,3443,215.2700,-0.5000
1783084713.764276,8602,9127,1698,3424,215.2700,-0.5000
1783084713.781611,8630,8696,1642,3424,208.2600,0.3700
1783084713.796943,8668,8461,1679,3461,208.2600,0.3700
1783084713.812428,8733,9137,1717,3386,208.2600,0.3700
1783084713.829914,9034,8705,1707,3377,208.2600,1.0000
1783084713.845238,8630,9090,1670,3405,208.2600,1.0000
1783084713.860337,8611,9127,1679,3452,208.2600,1.0000
1783084713.875272,8611,9099,1726,3377,202.8500,2.5000
1783084713.891880,8611,8696,1679,3349,202.8500,2.5000
1783084713.907197,8574,9099,1689,3443,202.8500,2.5000
1783084713.923866,8649,8705,1689,3377,202.8500,2.5000
1783084713.939859,8677,9118,1707,3396,210.9700,2.5600
1783084713.955185,8696,8658,1679,3386,210.9700,2.5600
1783084713.971999,8640,9071,1717,3377,210.9700,2.5600
1783084713.988322,8593,8630,1707,3377,202.8500,-0.2500
1783084714.003751,8574,9081,1689,3368,202.8500,-0.2500
1783084714.020149,8621,9099,1707,3424,202.8500,-0.2500
1783084714.036045,8630,9090,1735,3358,204.1800,0.0000
1783084714.051726,8658,8687,1707,3424,204.1800,0.0000
1783084714.067956,8640,9071,1745,3415,204.1800,0.0000
1783084714.083893,8611,8649,1773,3386,205.5600,-0.2500
1783084714.099262,8593,9034,1754,3368,205.5600,-0.2500
1783084714.115467,8555,9071,1782,3396,205.5600,-0.2500
1783084714.131166,8565,8602,1764,3330,209.7500,0.4400
1783084714.147338,8565,9081,1792,3349,209.7500,0.4400
1783084714.162731,8574,8715,1754,3340,209.7500,0.4400
1783084714.180789,8602,9081,1810,3349,204.1800,-1.8800
1783084714.194646,8602,9052,1810,3386,204.1800,-1.8800
1783084714.210808,8583,9034,1801,3368,204.1800,-1.8800
1783084714.226495,8583,9071,1839,3340,204.1800,-1.8800
1783084714.242601,8621,9034,1801,3358,209.7500,1.1200
1783084714.258941,8574,9043,1782,3330,209.7500,1.1200
1783084714.276846,8574,8668,1829,3340,205.5600,-0.1200
1783084714.292564,8602,8311,1839,3321,205.5600,-0.1200
1783084714.308863,8602,9052,1792,3311,205.5600,-0.1200
1783084714.324814,8593,8705,1829,3293,205.5600,-0.6300
1783084714.340529,8574,8630,1829,3283,205.5600,-0.6300
1783084714.356569,8583,9034,1782,3311,205.5600,-0.6300
1783084714.372593,8602,8668,1867,3283,205.5600,-0.6300
1783084714.388350,8583,9015,1820,3283,205.5600,1.1900
1783084714.404052,8602,8705,1829,3349,205.5600,1.1900
1783084714.419925,8611,8996,1839,3302,205.5600,1.1900
1783084714.437827,8743,9015,1782,3302,200.1500,1.5600
1783084714.453540,8574,9043,1829,3321,200.1500,1.5600
1783084714.469471,8574,9005,1810,3264,200.1500,1.5600
1783084714.487631,8574,9024,1857,3264,208.2600,-1.2500
1783084714.503871,8536,9005,1839,3302,208.2600,-1.2500
1783084714.520200,8593,9052,1848,3264,208.2600,-1.2500
1783084714.535717,8574,9005,1792,3283,202.8500,-1.0600
1783084714.551768,8630,8996,1848,3227,202.8500,-1.0600
1783084714.566987,8996,8977,1773,3264,202.8500,-1.0600
1783084714.582766,8574,9034,1876,3302,205.5600,-4.4400
1783084714.598763,8611,9024,1829,3264,205.5600,-4.4400
1783084714.613744,8630,8968,1867,3255,205.5600,-4.4400
1783084714.629799,8630,8977,1754,3236,196.2200,1.3700
1783084714.645691,8630,9024,1895,3283,196.2200,1.3700
1783084714.661733,8602,9005,1773,3218,196.2200,1.3700
1783084714.677990,8649,9052,1810,3218,205.5600,-3.4400
1783084714.693710,8583,8949,1792,3274,205.5600,-3.4400
1783084714.709703,8583,8996,1820,3264,205.5600,-3.4400
1783084714.725886,8611,8715,1829,3218,212.5100,0.8100
1783084714.741731,8555,8996,1867,3171,212.5100,0.8100
1783084714.757819,8593,9005,1782,3246,212.5100,0.8100
1783084714.774186,8593,9034,1829,3218,210.9700,2.5600
1783084714.789788,8602,8940,1867,3246,210.9700,2.5600
1783084714.805797,8546,9034,1810,3208,210.9700,2.5600
1783084714.822112,8593,8949,1886,3236,210.9700,2.5600
1783084714.837859,8602,8959,1904,3218,208.2600,1.6300
1783084714.853911,8611,8987,1867,3208,208.2600,1.6300
1783084714.869006,8949,8940,1829,3218,208.2600,1.6300
1783084714.887067,8996,8940,1904,3189,210.9700,0.8800
1783084714.902964,8574,8949,1867,3227,210.9700,0.8800
1783084714.918995,8546,9005,1857,3189,210.9700,0.8800
1783084714.935006,8583,8930,1820,3189,213.6700,1.5000
1783084714.950992,8593,8996,1801,3246,213.6700,1.5000
1783084714.967006,8602,8912,1829,3227,213.6700,1.5000
1783084714.982887,8987,8949,1829,3236,206.8300,-0.1200
1783084714.999091,8930,8977,1839,3189,206.8300,-0.1200
1783084715.015018,9334,8902,1848,3189,206.8300,-0.1200
1783084715.030936,8959,8921,1820,3208,212.5100,-1.5600
1783084715.046993,9015,8780,1820,3236,212.5100,-1.5600
1783084715.063097,8959,8865,1839,3143,212.5100,-1.5600
1783084715.079507,8630,8733,1839,3189,202.8500,-0.4400
1783084715.095069,8630,8799,1839,3246,202.8500,-0.4400
1783084715.111049,8649,8827,1886,3152,202.8500,-0.4400
1783084715.126016,8565,8715,1857,3180,202.8500,-0.4400
1783084715.143049,8640,8715,1839,3152,210.9700,0.6300
1783084715.159168,8611,8649,1857,3161,210.9700,0.6300
1783084715.175074,8602,8687,1867,3199,210.9700,0.6300
1783084715.191031,8536,8687,1867,3199,208.2600,0.6900
1783084715.207056,8649,8724,1857,3171,208.2600,0.6900
1783084715.223137,8602,8658,1886,3199,208.2600,0.6900
1783084715.239090,8536,8649,1867,3189,213.6700,-1.8800
1783084715.255104,8611,8640,1886,3189,213.6700,-1.8800
1783084715.271124,8696,8677,1914,3180,213.6700,-1.8800
1783084715.287119,8968,8611,1876,3199,210.9700,-0.0600
1783084715.303250,8930,8649,1886,3096,210.9700,-0.0600
1783084715.319448,8630,8574,1932,3180,210.9700,-0.0600
1783084715.335229,8968,8574,1914,3105,208.2600,1.3700
1783084715.351261,8949,8555,1895,3114,208.2600,1.3700
1783084715.366209,8630,8602,1895,3096,208.2600,1.3700
1783084715.382153,8630,8583,1867,3124,212.1300,-0.1900
1783084715.398341,9334,8565,1951,3143,212.1300,-0.1900
1783084715.414137,8987,8602,1886,3152,212.1300,-0.1900
1783084715.430114,8611,8546,1914,3180,209.7500,0.9400
1783084715.446448,8977,8574,2054,3208,209.7500,0.9400
1783084715.464334,8930,8593,2026,3208,209.7500,0.9400
1783084715.480036,8968,8602,1989,3105,209.4800,-0.4400
1783084715.496179,8930,8546,1951,3133,209.4800,-0.4400
1783084715.512628,8968,8546,1923,3105,209.4800,-0.4400
1783084715.529700,9005,8574,1961,3105,212.5100,-2.1300
1783084715.546484,8555,8555,1932,3077,212.5100,-2.1300
1783084715.562376,8555,8527,1961,3096,212.5100,-2.1300
1783084715.578812,8536,8602,1961,3058,206.8300,1.5600
1783084715.593286,8546,8555,1914,3096,206.8300,1.5600
1783084715.611377,8536,8611,2007,3096,206.8300,1.5600
1783084715.629312,8536,8518,2007,3049,209.7500,-1.1200
1783084715.646285,8536,8987,2036,3049,209.7500,-1.1200
1783084715.662561,9334,8546,2092,3077,209.7500,-1.1200
1783084715.679121,8611,8649,1923,3039,206.8300,-0.7500
1783084715.694332,8565,8527,1942,3086,206.8300,-0.7500
1783084715.710557,8959,8602,1932,3058,206.8300,-0.7500
1783084715.726352,8902,8593,1942,3021,206.8300,-0.7500
1783084715.742346,8930,8640,1998,3049,215.2700,-1.0600
1783084715.757575,8536,8536,1961,3067,215.2700,-1.0600
1783084715.773383,8921,8621,1970,3021,215.2700,-1.0600
1783084715.789389,8649,8640,1970,3021,206.8300,1.5600
1783084715.805561,8921,8602,1951,3058,206.8300,1.5600
1783084715.821491,9315,8602,1961,3058,206.8300,1.5600
1783084715.837411,8640,8658,1932,3011,212.5100,1.9400
1783084715.853655,8930,8630,1942,3030,212.5100,1.9400
1783084715.869452,8555,8649,1932,3002,212.5100,1.9400
1783084715.885416,9278,8968,1989,3049,210.9700,2.0600
1783084715.901600,8912,8687,2036,3030,210.9700,2.0600
1783084715.917518,8565,9052,1951,3021,210.9700,2.0600
1783084715.933419,8630,8724,1989,3058,210.9700,0.6900
1783084715.949636,8593,8949,1989,3058,210.9700,0.6900
1783084715.964473,8593,8949,1998,2964,210.9700,0.6900
1783084715.981503,8912,9324,1998,2992,210.9700,0.8800
1783084715.997673,8565,9296,1970,3021,210.9700,0.8800
1783084716.013504,8518,9268,1979,2983,210.9700,0.8800
1783084716.029416,8555,9240,2007,3077,210.9700,-1.8100
1783084716.044516,8912,9193,2017,2992,210.9700,-1.8100
1783084716.060511,8630,9221,1998,2992,210.9700,-1.8100
1783084716.076505,8630,9231,2007,3021,209.4800,0.8800
1783084716.092609,8593,9174,2045,3002,209.4800,0.8800
1783084716.108490,8593,9221,1998,3039,209.4800,0.8800
1783084716.124639,8630,9231,1998,2964,212.5100,-1.5600
1783084716.140638,8536,9221,2026,2992,212.5100,-1.5600
1783084716.156588,8968,9165,2073,2992,212.5100,-1.5600
1783084716.172552,8546,9221,2045,2955,212.5100,-1.5600
1783084716.188560,8565,9193,1998,2992,206.8300,1.5600
1783084716.204550,8668,9212,1998,2983,206.8300,1.5600
1783084716.220567,8902,9156,2073,3011,206.8300,1.5600
1783084716.236584,8546,9165,2017,3030,212.5100,-2.4400
1783084716.252577,8536,9184,2026,3021,212.5100,-2.4400
1783084716.268592,8565,8855,2045,2964,212.5100,-2.4400
1783084716.285846,8565,9137,2036,2983,216.3800,0.5600
1783084716.301672,8546,9174,1970,3021,216.3800,0.5600
1783084716.317684,8536,9099,2036,3030,216.3800,0.5600
1783084716.333955,8555,9137,2064,3002,206.8300,0.9400
1783084716.349626,8630,9118,2054,3002,206.8300,0.9400
1783084716.365623,8630,9109,2054,3067,206.8300,0.9400
1783084716.381885,8536,9118,2045,2955,208.2600,-0.4400
1783084716.397663,8546,9137,2026,3021,208.2600,-0.4400
1783084716.413720,8536,9118,2073,2992,208.2600,-0.4400
1783084716.429851,8565,9137,2073,2964,215.2700,1.3100
1783084716.445711,8546,9118,2045,2917,215.2700,1.3100
1783084716.461735,8602,9099,2017,2927,215.2700,1.3100
1783084716.478331,8893,9099,2017,2842,209.4800,-1.6900
1783084716.493697,8668,9184,2101,2899,209.4800,-1.6900
1783084716.510716,8490,9127,2092,2899,209.4800,-1.6900
1783084716.526789,8555,9099,2101,2842,218.0300,-0.0600
1783084716.542864,8574,9090,2064,2908,218.0300,-0.0600
1783084716.558724,8555,9137,2045,2861,218.0300,-0.0600
1783084716.574746,8884,9109,2120,2861,210.9700,-2.8100
1783084716.590839,8508,9137,2083,2880,210.9700,-2.8100
1783084716.606749,8546,9165,2092,2842,210.9700,-2.8100
1783084716.622780,8508,9118,2111,2814,210.9700,-2.8100
1783084716.638814,8621,9146,2120,2833,204.1800,0.4400
1783084716.654780,8921,9193,2101,2870,204.1800,0.4400
1783084716.670790,8499,9156,2111,2842,204.1800,0.4400
1783084716.686918,8499,9118,2073,2814,205.5600,-1.8800
1783084716.702844,8621,9156,2073,2814,205.5600,-1.8800
1783084716.718860,8518,9118,2064,2833,205.5600,-1.8800
1783084716.734828,8527,9165,2167,2852,212.5100,-0.5600
1783084716.750828,8583,9156,2120,2842,212.5100,-0.5600
1783084716.766840,8949,9118,2101,2861,212.5100,-0.5600
1783084716.782896,8461,9127,2111,2833,206.8300,1.8100
1783084716.797905,8490,9156,2073,2805,206.8300,1.8100
1783084716.814221,8565,9165,2054,2749,206.8300,1.8100
1783084716.829809,8508,9137,2064,2814,208.2600,0.7500
1783084716.845931,8640,9156,2092,2777,208.2600,0.7500
1783084716.862197,8480,9109,2101,2786,208.2600,0.7500
1783084716.877996,8884,9109,2120,2786,210.9700,2.0000
1783084716.894410,8480,9146,2083,2702,210.9700,2.0000
1783084716.910547,8490,9090,2111,2805,210.9700,2.0000
1783084716.925913,8921,9127,2073,2758,210.9700,2.0000
1783084716.941909,9249,9174,2139,2795,208.2600,1.3100
1783084716.958102,8884,9090,2120,2739,208.2600,1.3100
1783084716.973992,8827,9118,2111,2730,208.2600,1.3100
1783084716.990009,8490,9090,2111,2786,210.9700,2.2500
1783084717.006399,8527,9156,2120,2786,210.9700,2.2500
1783084717.021988,8930,9099,2120,2739,210.9700,2.2500
1783084717.038000,8893,9127,2120,2758,205.5600,-1.8100
1783084717.054661,8912,9165,2148,2692,205.5600,-1.8100
1783084717.070008,8499,9099,2186,2711,205.5600,-1.8100
1783084717.085047,9212,9118,2148,2739,208.2600,0.5600
1783084717.101035,8884,9137,2139,2683,208.2600,0.5600
1783084717.116996,8536,9081,2139,2767,208.2600,0.5600
1783084717.134222,8536,9193,2158,2711,205.5600,-0.3700
1783084717.149525,8940,9127,2158,2711,205.5600,-0.3700
1783084717.165299,9231,9146,2148,2702,205.5600,-0.3700
1783084717.181268,8527,9090,2158,2655,210.9700,0.7500
1783084717.197660,8527,9118,2148,2702,210.9700,0.7500
1783084717.213307,8696,9137,2158,2674,210.9700,0.7500
1783084717.229458,8884,9146,2176,2720,210.9700,-2.0000
1783084717.245395,8884,9165,2139,2692,210.9700,-2.0000
1783084717.261078,8555,9156,2148,2664,210.9700,-2.0000
1783084717.277073,8930,9109,2167,2636,213.6700,0.5000
1783084717.293321,8930,9193,2186,2674,213.6700,0.5000
1783084717.309128,8837,9137,2158,2645,213.6700,0.5000
1783084717.325133,8480,9137,2176,2645,210.9700,0.8800
1783084717.340218,8546,9174,2186,2674,210.9700,0.8800
1783084717.358498,8546,9146,2242,2645,210.9700,0.8800
1783084717.374182,8658,9118,2167,2636,210.9700,0.8800
1783084717.390659,8696,9118,2204,2645,213.6700,-1.5000
1783084717.406485,8565,9174,2233,2627,213.6700,-1.5000
1783084717.422532,8499,9146,2195,2683,213.6700,-1.5000
1783084717.439024,8527,9156,2186,2598,210.9700,0.9400
1783084717.454403,8874,9156,2167,2598,210.9700,0.9400
1783084717.470309,8583,9174,2204,2627,210.9700,0.9400
1783084717.486441,8461,9174,2242,2617,210.9700,-0.1900
1783084717.502294,8499,9184,2223,2598,210.9700,-0.1900
1783084717.518305,8884,9137,2195,2627,210.9700,-0.1900
1783084717.534550,8490,9156,2186,2617,210.9700,-0.6900
1783084717.550312,8527,9165,2251,2627,210.9700,-0.6900
1783084717.565440,8527,8837,2214,2580,210.9700,-0.6900
1783084717.582550,8555,9193,2270,2589,210.9700,1.0000
1783084717.597327,8508,8874,2251,2598,210.9700,1.0000
1783084717.613276,8508,8921,2233,2589,210.9700,1.0000
1783084717.629921,8602,9202,2261,2570,205.5600,-0.8800
1783084717.645277,8499,9184,2233,2598,205.5600,-0.8800
1783084717.661846,8536,8930,2223,2580,205.5600,-0.8800
1783084717.677566,8593,9193,2233,2533,208.2600,-1.4400
1783084717.693324,8593,8912,2214,2580,208.2600,-1.4400
1783084717.709312,8527,9193,2298,2561,208.2600,-1.4400
1783084717.725624,8518,9193,2261,2589,208.2600,0.4400
1783084717.741312,8452,8968,2280,2561,208.2600,0.4400
1783084717.757322,8452,9231,2270,2598,208.2600,0.4400
1783084717.773526,8574,8893,2242,2580,210.9700,1.9400
1783084717.789379,8884,8912,2270,2608,210.9700,1.9400
1783084717.805377,8527,9221,2261,2589,210.9700,1.9400
1783084717.821619,8499,8921,2280,2561,210.9700,1.9400
1783084717.837474,8508,9221,2270,2570,212.5100,-0.0600
1783084717.853391,8490,9221,2280,2570,212.5100,-0.0600
1783084717.868470,8546,9221,2251,2561,212.5100,-0.0600
1783084717.884458,8555,9221,2289,2598,204.1800,2.3100
1783084717.900973,8461,9015,2280,2561,204.1800,2.3100
1783084717.916722,8508,8912,2355,2561,204.1800,2.3100
1783084717.932688,8546,9231,2308,2533,208.2600,1.4400
1783084717.952542,8546,8968,2270,2533,208.2600,1.4400
1783084717.970650,8546,9259,2298,2561,208.2600,1.4400
1783084717.987147,8546,8921,2336,2589,208.2600,2.8800
1783084718.002566,8884,8912,2308,2552,208.2600,2.8800
1783084718.018570,8658,9249,2298,2533,208.2600,2.8800
1783084718.033685,8518,9231,2298,2608,208.2600,-3.0000
1783084718.049707,8508,8649,2289,2552,208.2600,-3.0000
1783084718.065468,8602,9034,2373,2552,208.2600,-3.0000
1783084718.081546,8912,8968,2336,2552,202.8500,1.6900
1783084718.097689,8518,8668,2355,2533,202.8500,1.6900
1783084718.113514,8546,9231,2355,2589,202.8500,1.6900
1783084718.129976,8602,8630,2383,2570,205.5600,-1.6300
1783084718.146018,8527,8640,2345,2514,205.5600,-1.6300
1783084718.163786,8527,8630,2392,2570,205.5600,-1.6300
1783084718.180328,8884,8640,2383,2542,206.8300,2.1900
1783084718.196749,8508,8649,2336,2542,206.8300,2.1900
1783084718.212645,8499,8649,2373,2627,206.8300,2.1900
1783084718.229978,8546,8640,2298,2561,209.7500,-2.9400
1783084718.244631,8499,8611,2345,2552,209.7500,-2.9400
1783084718.260615,8621,8649,2383,2533,209.7500,-2.9400
1783084718.277544,8602,8621,2345,2580,204.1800,0.9400
1783084718.292616,8518,8658,2364,2533,204.1800,0.9400
1783084718.310664,8527,8658,2364,2552,204.1800,0.9400
1783084718.329275,8527,8687,2326,2533,209.7500,-0.1200
1783084718.344689,8480,8668,2326,2561,209.7500,-0.1200
1783084718.360669,8508,8724,2448,2542,209.7500,-0.1200
1783084718.376945,8546,8677,2392,2552,210.9700,-0.8100
1783084718.394035,8546,8658,2345,2570,210.9700,-0.8100
1783084718.410819,8508,8687,2326,2533,210.9700,-0.8100
1783084718.428429,8508,8762,2411,2523,208.2600,0.9400
1783084718.443989,8480,8808,2392,2505,208.2600,0.9400
1783084718.460040,8443,8780,2373,2580,208.2600,0.9400
1783084718.478396,8499,8780,2401,2505,208.2600,-3.3800
1783084718.493943,8471,8752,2420,2523,208.2600,-3.3800
1783084718.509759,8433,8893,2411,2505,208.2600,-3.3800
1783084718.525774,8471,8912,2430,2477,208.2600,-6.8800
1783084718.542391,8480,9071,2392,2495,208.2600,-6.8800
1783084718.557798,8480,9043,2411,2477,208.2600,-6.8800
1783084718.573845,8452,9099,2383,2552,208.2600,-6.8800
1783084718.590816,8480,9099,2448,2514,206.8300,2.1900
1783084718.606841,8452,9231,2392,2514,206.8300,2.1900
1783084718.622822,8499,9249,2392,2486,206.8300,2.1900
1783084718.638863,8471,9268,2411,2467,206.9900,-3.0600
1783084718.654945,8433,9240,2430,2505,206.9900,-3.0600
1783084718.670851,8499,9306,2411,2448,206.9900,-3.0600
1783084718.687781,8583,9221,2430,2467,204.1800,1.2500
1783084718.703032,8583,9052,2439,2420,204.1800,1.2500
1783084718.719166,8480,9259,2448,2495,204.1800,1.2500
1783084718.734979,8452,9268,2439,2458,209.7500,-1.7500
1783084718.751106,8461,9343,2439,2495,209.7500,-1.7500
1783084718.766963,8527,9278,2448,2458,209.7500,-1.7500
1783084718.782912,8499,9249,2411,2430,208.2600,0.3700
1783084718.798949,8452,9278,2420,2411,208.2600,0.3700
1783084718.815858,8452,9268,2448,2420,208.2600,0.3700
1783084718.832913,8536,9240,2458,2430,205.5600,1.1900
1783084718.848112,8527,9268,2430,2486,205.5600,1.1900
1783084718.863917,8433,9268,2439,2448,205.5600,1.1900
1783084718.880337,8433,9268,2448,2430,201.5300,0.6300
1783084718.896599,8490,9240,2486,2467,201.5300,0.6300
1783084718.911972,8490,9278,2477,2401,201.5300,0.6300
1783084718.928408,8471,9231,2448,2448,206.9900,2.6300
1783084718.944209,8508,9231,2458,2477,206.9900,2.6300
1783084718.959941,8499,9268,2477,2420,206.9900,2.6300
1783084718.975946,8546,9268,2477,2420,206.9900,2.6300
1783084718.992372,8471,9240,2495,2401,206.8300,0.5600
1783084719.008047,8461,9296,2523,2411,206.8300,0.5600
1783084719.024128,8443,9278,2477,2383,206.8300,0.5600
1783084719.040656,8452,9249,2514,2383,198.7100,-1.5600
1783084719.056062,8499,9287,2486,2383,198.7100,-1.5600
1783084719.072004,8490,9259,2495,2401,198.7100,-1.5600
1783084719.088178,8471,9296,2514,2401,201.5300,-0.5000
1783084719.104124,8480,9268,2505,2411,201.5300,-0.5000
1783084719.119107,8405,9231,2533,2392,201.5300,-0.5000
1783084719.135701,8471,9278,2552,2401,204.2300,-1.6300
1783084719.151576,8490,9324,2505,2420,204.2300,-1.6300
1783084719.167469,8471,9278,2477,2430,204.2300,-1.6300
1783084719.183040,8480,9324,2467,2448,205.5600,0.5000
1783084719.199217,8490,9306,2495,2439,205.5600,0.5000
1783084719.216119,8490,9278,2523,2373,205.5600,0.5000
1783084719.234072,8490,9249,2514,2383,201.5300,-0.0600
1783084719.250345,8499,9287,2505,2345,201.5300,-0.0600
1783084719.266123,8415,9287,2514,2326,201.5300,-0.0600
1783084719.282070,8452,9278,2505,2317,208.2600,-0.9400
1783084719.298315,8452,9231,2523,2373,208.2600,-0.9400
1783084719.314117,8518,9278,2523,2383,208.2600,-0.9400
1783084719.330035,8480,9240,2570,2326,208.2600,0.0600
1783084719.345355,8471,9287,2505,2336,208.2600,0.0600
1783084719.361543,8499,9287,2542,2336,208.2600,0.0600
1783084719.377598,8490,9249,2514,2336,205.5600,0.2500
1783084719.393398,8508,9278,2495,2298,205.5600,0.2500
1783084719.409180,8471,9306,2570,2345,205.5600,0.2500
1783084719.425389,8508,9259,2561,2355,210.9700,0.2500
1783084719.441339,8499,9268,2542,2336,210.9700,0.2500
1783084719.457236,8490,9306,2533,2289,210.9700,0.2500
1783084719.473563,8518,9268,2561,2317,210.9700,0.2500
1783084719.490341,8480,9306,2542,2317,205.5600,1.3700
1783084719.505993,8518,9306,2570,2289,205.5600,1.3700
1783084719.521536,8471,9287,2608,2392,205.5600,1.3700
1783084719.538771,8471,9268,2561,2336,209.7500,-1.4400
1783084719.555627,8424,9240,2552,2411,209.7500,-1.4400
1783084719.572353,8508,9343,2561,2261,209.7500,-1.4400
1783084719.587713,8480,9240,2561,2336,206.8300,-0.5000
1783084719.603594,8452,9259,2589,2289,206.8300,-0.5000
1783084719.619364,8490,9268,2580,2336,206.8300,-0.5000
1783084719.635894,8499,9324,2645,2345,200.1500,-0.9400
1783084719.652141,8471,9306,2683,2289,200.1500,-0.9400
1783084719.667755,8471,9287,2636,2345,200.1500,-0.9400
1783084719.683801,8461,9287,2598,2270,200.1500,-0.8800
1783084719.699174,8471,9259,2589,2317,200.1500,-0.8800
1783084719.715095,8818,9268,2617,2336,200.1500,-0.8800
1783084719.731483,8884,9296,2636,2289,202.8500,-0.1200
1783084719.747168,8884,9259,2627,2308,202.8500,-0.1200
1783084719.763181,8499,9315,2598,2308,202.8500,-0.1200
1783084719.781045,8508,9324,2645,2355,205.5600,0.6300
1783084719.795708,8499,9306,2617,2289,205.5600,0.6300
1783084719.811676,8649,9371,2674,2336,205.5600,0.6300
1783084719.827827,8508,9343,2645,2317,200.1500,2.8800
1783084719.843630,8508,9315,2617,2270,200.1500,2.8800
1783084719.858418,8461,9371,2636,2345,200.1500,2.8800
1783084719.874898,8424,9362,2655,2326,202.8500,0.6900
1783084719.892838,8424,9343,2636,2308,202.8500,0.6900
1783084719.908417,8574,9343,2617,2326,202.8500,0.6900
1783084719.924647,8471,9343,2617,2289,202.8500,0.6900
1783084719.940732,8490,9381,2692,2298,202.8500,1.5600
1783084719.956429,8527,9306,2645,2308,202.8500,1.5600
1783084719.972437,8508,9315,2683,2298,202.8500,1.5600
1783084719.988790,8630,9343,2664,2345,197.4400,1.0000
1783084720.004467,8443,9287,2627,2280,197.4400,1.0000
1783084720.020713,8546,9278,2683,2298,197.4400,1.0000
1783084720.036928,8490,9362,2664,2289,202.8500,2.0000
1783084720.053053,8555,9287,2674,2289,202.8500,2.0000
1783084720.068537,8602,9278,2655,2308,202.8500,2.0000
1783084720.084481,8583,9287,2664,2308,202.8500,-2.6300
1783084720.100339,8518,9334,2655,2251,202.8500,-2.6300
1783084720.115359,8499,9324,2683,2270,202.8500,-2.6300
1783084720.131468,8490,9324,2664,2261,200.1500,1.9400
1783084720.147771,8443,9306,2674,2233,200.1500,1.9400
1783084720.163779,8461,9390,2711,2251,200.1500,1.9400
1783084720.182084,8443,9306,2664,2280,200.1500,-1.3700
1783084720.195610,8536,9343,2655,2261,200.1500,-1.3700
1783084720.211709,8490,9343,2683,2195,200.1500,-1.3700
1783084720.229603,8480,9390,2702,2251,202.8500,1.8100
1783084720.243869,8480,9362,2683,2233,202.8500,1.8100
1783084720.258881,8480,9399,2683,2270,202.8500,1.8100
1783084720.275881,8480,9390,2711,2261,205.5600,-1.0000
1783084720.291647,8480,9371,2739,2233,205.5600,-1.0000
1783084720.307751,8499,9324,2720,2176,205.5600,-1.0000
1783084720.324281,8471,9362,2711,2233,204.2300,0.7500
1783084720.339911,8490,9315,2711,2298,204.2300,0.7500
1783084720.355784,8471,9306,2720,2214,204.2300,0.7500
1783084720.372078,8499,9324,2730,2204,204.2300,0.7500
1783084720.387806,8480,9362,2711,2251,201.5300,-1.5000
1783084720.403449,8452,9306,2711,2223,201.5300,-1.5000
1783084720.419514,8461,9324,2739,2251,201.5300,-1.5000
1783084720.435520,8471,9371,2739,2345,205.5600,1.1200
1783084720.451282,8508,9334,2749,2251,205.5600,1.1200
1783084720.467781,8480,9353,2730,2214,205.5600,1.1200
1783084720.482642,8499,9362,2730,2204,200.1500,0.0600
1783084720.498800,8499,9353,2767,2242,200.1500,0.0600
1783084720.514275,8433,9399,2758,2223,200.1500,0.0600
1783084720.530910,8471,9399,2739,2261,202.8500,0.8100
1783084720.546762,8424,9381,2749,2204,202.8500,0.8100
1783084720.563226,8405,9399,2730,2242,202.8500,0.8100
1783084720.579676,8424,9381,2795,2261,197.4400,-1.6300
1783084720.594774,8443,9409,2786,2270,197.4400,-1.6300
1783084720.610615,8452,9362,2758,2233,197.4400,-1.6300
1783084720.626551,8480,9343,2786,2195,197.4400,-1.6300
1783084720.642797,8443,9353,2767,2186,197.4400,-1.4400
1783084720.658589,8443,9399,2758,2195,197.4400,-1.4400
1783084720.674481,8386,9371,2786,2214,197.4400,-1.4400
1783084720.689944,8490,9381,2805,2214,197.4400,2.0000
1783084720.705463,8443,9371,2786,2186,197.4400,2.0000
1783084720.721498,8461,9306,2814,2195,197.4400,2.0000
1783084720.737810,8424,9015,2777,2204,195.9500,-2.0600
1783084720.755816,8424,9005,2842,2204,195.9500,-2.0600
1783084720.771584,8424,8649,2786,2176,195.9500,-2.0600
1783084720.787739,8490,9090,2880,2195,196.2200,-0.0600
1783084720.804163,8424,8940,2842,2176,196.2200,-0.0600
1783084720.819923,8396,9081,2805,2214,196.2200,-0.0600
1783084720.836760,8396,9099,2814,2242,200.1500,-0.9400
1783084720.853791,8424,9005,2814,2158,200.1500,-0.9400
1783084720.869975,8452,8799,2805,2233,200.1500,-0.9400
1783084720.887379,8452,8790,2805,2148,205.5600,2.1300
1783084720.902914,8452,9071,2842,2129,205.5600,2.1300
1783084720.919098,8461,9052,2786,2176,205.5600,2.1300
1783084720.935140,8433,9052,2861,2167,202.8500,0.0000
1783084720.950941,8424,9090,2842,2158,202.8500,0.0000
1783084720.967433,8424,9034,2824,2139,202.8500,0.0000
1783084720.983263,8443,9071,2805,2129,202.8500,1.6900
1783084720.998586,8480,9362,2842,2167,202.8500,1.6900
1783084721.014767,8443,8790,2833,2176,202.8500,1.6900
1783084721.030650,8480,9437,2870,2120,200.1500,1.0000
1783084721.046718,8424,9081,2861,2167,200.1500,1.0000
1783084721.062827,8480,8733,2899,2101,200.1500,1.0000
1783084721.080408,8471,9399,2833,2204,202.8500,1.0000
1783084721.094905,8480,8762,2889,2139,202.8500,1.0000
1783084721.111094,8433,9409,2908,2148,202.8500,1.0000
1783084721.127235,8471,8733,2861,2158,202.8500,-2.6300
1783084721.142994,8565,8996,2861,2139,202.8500,-2.6300
1783084721.158970,8443,8762,2889,2186,202.8500,-2.6300
1783084721.173836,8480,8818,2899,2111,202.8500,-2.6300
1783084721.189938,8452,8733,2870,2111,202.8500,1.6300
1783084721.206888,8480,9052,2889,2101,202.8500,1.6300
1783084721.222385,8480,8752,2917,2064,202.8500,1.6300
1783084721.238462,8433,8837,2880,2101,202.8500,-2.0600
1783084721.256479,8499,8780,2917,2101,202.8500,-2.0600
1783084721.272300,8443,8790,2908,2083,202.8500,-2.0600
1783084721.287796,8508,9127,2899,2083,205.5600,3.1300
1783084721.303735,8508,8818,2955,2111,205.5600,3.1300
1783084721.320139,8452,8771,2908,2083,205.5600,3.1300
1783084721.335926,8452,9184,2917,2120,210.9700,-4.0000
1783084721.352046,8565,9099,2917,2101,210.9700,-4.0000
1783084721.368268,8527,9165,2927,2092,210.9700,-4.0000
1783084721.383911,8490,8827,2955,2083,208.2600,1.2500
1783084721.399828,8555,9156,2908,2101,208.2600,1.2500
1783084721.415110,8536,9146,2917,2083,208.2600,1.2500
1783084721.430728,8490,9099,2899,2129,202.8500,-0.6300
1783084721.447391,8640,9127,2936,2064,202.8500,-0.6300
1783084721.463599,8443,9127,2974,2073,202.8500,-0.6300
1783084721.480634,8658,8837,2899,2083,205.5600,0.1200
1783084721.494818,8480,9099,2899,2064,205.5600,0.1200
1783084721.513270,8480,9071,2983,2064,205.5600,0.1200
1783084721.530446,8424,9146,2936,2054,205.5600,0.0000
1783084721.544846,8443,9343,2936,2026,205.5600,0.0000
1783084721.560881,8471,9127,2927,2054,205.5600,0.0000
1783084721.577099,8461,8996,2946,2045,210.9700,1.3700
1783084721.592810,8471,9137,2946,2054,210.9700,1.3700
1783084721.609004,8452,9062,2946,1998,210.9700,1.3700
1783084721.625226,8490,9005,2983,2007,202.8500,-2.6300
1783084721.641029,8499,9287,2964,2045,202.8500,-2.6300
1783084721.656895,8452,9362,2946,2026,202.8500,-2.6300
1783084721.671930,8452,9268,2946,2036,202.8500,-2.6300
1783084721.688169,8518,9127,2955,2007,205.5600,0.5000
1783084721.704499,8499,9324,2974,2036,205.5600,0.5000
1783084721.720154,8461,9249,2955,2045,205.5600,0.5000
1783084721.736279,8508,9212,2936,2054,202.8500,-0.6900
1783084721.752415,8461,9231,2946,2064,202.8500,-0.6900
1783084721.768130,8490,9202,2955,2007,202.8500,-0.6900
1783084721.783886,8471,9278,2955,2026,202.8500,0.8800
1783084721.800189,8471,9306,2946,2007,202.8500,0.8800
1783084721.815913,8480,9296,2936,2073,202.8500,0.8800
1783084721.831913,8461,9278,2983,2026,208.2600,0.5600
1783084721.848197,8471,9315,2964,2017,208.2600,0.5600
1783084721.864027,8452,9259,2955,1989,208.2600,0.5600
1783084721.881369,8499,9315,2936,1989,205.5600,0.8800
1783084721.896801,8443,9334,3049,2017,205.5600,0.8800
1783084721.912193,8443,9306,3030,2036,205.5600,0.8800
1783084721.928276,8452,9353,3030,1989,205.5600,0.7500
1783084721.947270,8452,9353,3021,2036,205.5600,0.7500
1783084721.965458,8452,9324,3067,1961,205.5600,0.7500
1783084721.982553,8405,9399,3086,1951,205.5600,0.6300
1783084721.997555,8452,9362,3030,1970,205.5600,0.6300
1783084722.013254,8461,9315,2992,1979,205.5600,0.6300
1783084722.030499,8499,9334,3030,2036,202.8500,2.8800
1783084722.045535,8471,9381,3039,1998,202.8500,2.8800
1783084722.060287,8443,9381,2992,1932,202.8500,2.8800
1783084722.077254,8396,9343,3030,1951,198.8700,1.5000
1783084722.093319,8452,9390,3096,1942,198.8700,1.5000
1783084722.109014,8471,9343,3039,1989,198.8700,1.5000
1783084722.126714,8471,9362,3030,1951,198.8700,1.5000
1783084722.142593,8461,9390,3021,1942,204.2300,1.3700
1783084722.158117,8461,9418,3077,1914,204.2300,1.3700
1783084722.173969,8443,9362,3067,1923,204.2300,1.3700
1783084722.190569,8471,9399,3021,1970,198.8700,-1.5600
1783084722.206280,8415,9371,3058,1904,198.8700,-1.5600
1783084722.223889,8443,9381,3077,1914,198.8700,-1.5600
1783084722.238745,8424,9409,3077,1886,201.4700,1.4400
1783084722.254361,8443,9353,3067,1895,201.4700,1.4400
1783084722.270933,8443,9371,3067,1904,201.4700,1.4400
1783084722.285612,8443,9381,3058,1914,201.5300,-1.7500
1783084722.302443,8405,9399,3077,1923,201.5300,-1.7500
1783084722.321718,8405,9399,3096,2036,201.5300,-1.7500
1783084722.340609,8396,9399,3067,1989,205.5600,1.2500
1783084722.355364,8386,9418,3096,1904,205.5600,1.2500
1783084722.371855,8377,9334,3086,1932,205.5600,1.2500
1783084722.389148,8377,9371,3114,1970,202.8500,-2.6900
1783084722.405400,8424,9399,3124,1951,202.8500,-2.6900
1783084722.421129,8377,9381,3077,1923,202.8500,-2.6900
1783084722.437150,8405,9381,3133,1961,205.5600,-0.3700
1783084722.453456,8443,9399,3143,1942,205.5600,-0.3700
1783084722.469280,8396,9390,3077,1951,205.5600,-0.3700
1783084722.485437,8405,9428,3114,1942,202.8500,-1.1200
1783084722.501650,8433,9446,3086,1923,202.8500,-1.1200
1783084722.518415,8433,9381,3105,1998,202.8500,-1.1200
1783084722.534471,8358,9390,3086,1914,206.9900,-1.8100
1783084722.550828,8405,9418,3124,1942,206.9900,-1.8100
1783084722.566491,8396,9418,3143,1904,206.9900,-1.8100
1783084722.582732,8396,9428,3058,1951,196.2200,1.0600
1783084722.599054,8396,9353,3143,1961,196.2200,1.0600
1783084722.615057,8424,9409,3152,1923,196.2200,1.0600
1783084722.632460,8405,9409,3096,1942,194.7400,-1.0000
1783084722.646928,8424,9371,3152,1914,194.7400,-1.0000
1783084722.664781,8424,9418,3077,1886,194.7400,-1.0000
1783084722.682078,8424,9418,3133,1848,197.4400,-0.5000
1783084722.696419,8396,9390,3086,1895,197.4400,-0.5000
1783084722.712708,8368,9418,3114,1904,197.4400,-0.5000
1783084722.728885,8368,9437,3133,1829,193.1900,-0.0600
1783084722.743915,8358,9399,3124,1886,193.1900,-0.0600
1783084722.760017,8368,9428,3124,1876,193.1900,-0.0600
1783084722.775779,8368,9437,3124,1839,193.1900,-0.0600
1783084722.792145,8368,9371,3133,1848,192.0300,1.1900
1783084722.808168,8396,9371,3124,1848,192.0300,1.1900
1783084722.823752,8415,9428,3124,1857,192.0300,1.1900
1783084722.839611,8386,9390,3124,1857,185.6200,-0.2500
1783084722.855885,8377,9437,3114,1829,185.6200,-0.2500
1783084722.871618,8396,9399,3105,1857,185.6200,-0.2500
1783084722.887412,8368,9418,3171,1886,192.0300,0.7500
1783084722.903751,8368,9446,3133,1876,192.0300,0.7500
1783084722.919354,8377,9399,3152,1876,192.0300,0.7500
1783084722.935438,8443,9475,3180,1876,183.9200,-0.2500
1783084722.951701,8386,9437,3133,1829,183.9200,-0.2500
1783084722.967464,8415,9343,3180,1904,183.9200,-0.2500
1783084722.983445,8405,9446,3161,1914,189.3300,1.7500
1783084722.999662,8499,9428,3189,1942,189.3300,1.7500
1783084723.015434,8433,9456,3133,1970,189.3300,1.7500
1783084723.031726,8452,9446,3133,1904,187.6700,-0.5000
1783084723.046388,8405,9475,3143,1904,187.6700,-0.5000
1783084723.062568,8433,9475,3133,1857,187.6700,-0.5000
1783084723.079045,8452,9418,3180,1932,175.0100,0.4400
1783084723.095023,8461,9446,3161,1914,175.0100,0.4400
1783084723.110678,8461,9503,3152,1932,175.0100,0.4400
1783084723.127161,8452,9475,3161,1857,178.5100,0.1200
1783084723.142879,8452,9475,3133,1886,178.5100,0.1200
1783084723.158679,8443,9475,3133,1914,178.5100,0.1200
1783084723.175135,8480,9437,3161,1886,178.5100,0.1200
1783084723.190517,8461,9437,3161,1923,178.5100,2.1900
1783084723.206447,8443,9493,3152,1839,178.5100,2.1900
1783084723.222924,8433,9418,3171,1876,178.5100,2.1900
1783084723.239968,8433,9428,3189,1857,173.1000,-3.0600
1783084723.255524,8433,9465,3180,1876,173.1000,-3.0600
1783084723.271533,8443,9475,3152,1857,173.1000,-3.0600
1783084723.288603,8415,9446,3218,1876,173.1000,0.1200
1783084723.304018,8452,9456,3133,1839,173.1000,0.1200
1783084723.319989,8433,9456,3189,1848,173.1000,0.1200
1783084723.336136,8415,9446,3171,1867,171.1100,-1.6900
1783084723.352046,8443,9456,3189,1810,171.1100,-1.6900
1783084723.367634,8443,9456,3208,1829,171.1100,-1.6900
1783084723.383834,8443,9446,3189,1801,169.7100,0.3700
1783084723.399853,8433,9446,3208,1895,169.7100,0.3700
1783084723.415994,8433,9503,3227,1810,169.7100,0.3700
1783084723.432218,8377,9475,3208,1810,170.4000,-0.3100
1783084723.447870,8415,9456,3218,1839,170.4000,-0.3100
1783084723.464038,8377,9484,3208,1792,170.4000,-0.3100
1783084723.481398,8377,9531,3255,1876,167.6900,0.0000
1783084723.495755,8386,9484,3218,1820,167.6900,0.0000
1783084723.511645,8386,9456,3189,1801,167.6900,0.0000
1783084723.528100,8396,9465,3227,1810,170.4000,-0.5000
1783084723.542615,8405,9512,3189,1782,170.4000,-0.5000
1783084723.558745,8349,9540,3246,1932,170.4000,-0.5000
1783084723.574934,8386,9512,3189,1839,167.6900,0.0600
1783084723.591183,8358,9568,3171,1773,167.6900,0.0600
1783084723.607920,8377,9550,3227,1745,167.6900,0.0600
1783084723.623702,8405,9512,3236,1782,167.6900,0.0600
1783084723.639076,8396,9550,3208,1801,168.3500,0.4400
1783084723.655346,8433,9568,3246,1745,168.3500,0.4400
1783084723.671592,8377,9587,3180,1820,168.3500,0.4400
1783084723.686716,8377,9503,3171,1820,159.1000,-1.6300
1783084723.703167,8339,9540,3199,1848,159.1000,-1.6300
1783084723.720725,8339,9512,3199,1923,159.1000,-1.6300
1783084723.736840,8368,9512,3189,1801,159.5800,2.2500
1783084723.753549,8358,9503,3218,1782,159.5800,2.2500
1783084723.768744,8349,9540,3283,1801,159.5800,2.2500
1783084723.784990,8358,9559,3274,1829,162.2800,-0.6300
1783084723.800022,8368,9521,3302,1801,162.2800,-0.6300
1783084723.816718,8368,9531,3264,1782,162.2800,-0.6300
1783084723.832679,8405,9531,3236,1792,162.2800,0.1900
1783084723.848349,8396,9512,3311,1745,162.2800,0.1900
1783084723.864394,8358,9578,3349,1717,162.2800,0.1900
1783084723.882157,8377,9578,3274,1801,156.8700,-0.5600
1783084723.896189,8368,9550,3274,1764,156.8700,-0.5600
1783084723.912164,8368,9531,3274,1829,156.8700,-0.5600
1783084723.927855,8349,9550,3274,1726,156.8700,-0.5600
1783084723.943860,8368,9550,3283,1754,151.4600,-0.7500
1783084723.960343,8358,9550,3274,1829,151.4600,-0.7500
1783084723.976101,8386,9587,3218,1801,151.4600,-0.7500
1783084723.991875,8368,9568,3283,1754,154.1700,-0.4400
1783084724.008369,8368,9596,3274,1735,154.1700,-0.4400
1783084724.023892,8339,9625,3274,1754,154.1700,-0.4400
1783084724.039838,8339,9653,3283,1801,148.7600,-0.8100
1783084724.056278,8339,9596,3283,1764,148.7600,-0.8100
1783084724.071830,8321,9625,3264,1764,148.7600,-0.8100
1783084724.087107,8321,9596,3311,1792,146.0500,0.3700
1783084724.103600,8330,9550,3349,1735,146.0500,0.3700
1783084724.119119,8349,9625,3340,1857,146.0500,0.3700
1783084724.135618,8311,9606,3274,1764,146.0500,0.4400
1783084724.151853,8321,9578,3386,1754,146.0500,0.4400
1783084724.167228,8302,9625,3302,1745,146.0500,0.4400
1783084724.183159,8302,9625,3386,1745,148.7600,0.1900
1783084724.199182,8321,9578,3293,1829,148.7600,0.1900
1783084724.215117,8302,9606,3368,1801,148.7600,0.1900
1783084724.231728,8293,9353,3274,1726,143.3500,0.6900
1783084724.247134,8349,9587,3358,1801,143.3500,0.6900
1783084724.263374,8321,9643,3330,1810,143.3500,0.6900
1783084724.281224,8321,9615,3293,1876,143.3500,1.2500
1783084724.298278,8321,9587,3368,1839,143.3500,1.2500
1783084724.314569,8311,9568,3358,1829,143.3500,1.2500
1783084724.332008,8293,9587,3274,1810,143.3500,-1.4400
1783084724.346113,8330,9615,3358,1698,143.3500,-1.4400
1783084724.362634,8283,9587,3330,1717,143.3500,-1.4400
1783084724.378227,8311,9568,3330,1820,143.3500,-1.4400
1783084724.394194,8321,9625,3330,1717,137.9400,2.4400
1783084724.410572,8302,9615,3330,1689,137.9400,2.4400
1783084724.426239,8339,9643,3396,1735,137.9400,2.4400
1783084724.442113,8330,9625,3358,1764,135.2300,0.2500
1783084724.457431,8330,9625,3358,1773,135.2300,0.2500
1783084724.474576,8349,9653,3386,1707,135.2300,0.2500
1783084724.490207,8330,9672,3396,1754,140.6400,2.5600
1783084724.506479,8321,9643,3368,1726,140.6400,2.5600
1783084724.522535,8321,9681,3358,1773,140.6400,2.5600
1783084724.538300,8330,9371,3396,1717,135.2300,-1.5000
1783084724.554338,8283,9653,3415,1745,135.2300,-1.5000
1783084724.570271,8358,9653,3443,1773,135.2300,-1.5000
1783084724.584950,8386,9362,3386,1660,132.5800,0.6900
1783084724.601022,8386,9765,3461,1670,132.5800,0.6900
1783084724.617205,8321,9747,3377,1698,132.5800,0.6900
1783084724.633262,8349,9371,3461,1689,132.4700,-0.5000
1783084724.649586,8396,9756,3480,1726,132.4700,-0.5000
1783084724.664991,8377,9700,3443,1670,132.4700,-0.5000
1783084724.682343,8358,9672,3424,1707,127.2800,1.9400
1783084724.697741,8405,9747,3415,1689,127.2800,1.9400
1783084724.713331,8377,9718,3386,1698,127.2800,1.9400
1783084724.729069,8396,9662,3461,1754,129.7100,-1.2500
1783084724.745575,8405,9747,3386,1754,129.7100,-1.2500
1783084724.761150,8405,9747,3443,1707,129.7100,-1.2500
1783084724.778363,8424,9803,3443,1717,121.9800,0.6900
1783084724.794445,8396,9822,3396,1717,121.9800,0.6900
1783084724.810134,8368,9587,3480,1698,121.9800,0.6900
1783084724.826230,8405,9784,3377,1735,121.9800,0.6900
1783084724.842454,8386,9812,3490,1660,132.4700,-0.1900
1783084724.857049,8461,9521,3424,1679,132.4700,-0.1900
1783084724.873215,8415,9737,3480,1717,132.4700,-0.1900
1783084724.889390,8396,9793,3424,1754,124.6300,0.6900
1783084724.907924,8396,9775,3452,1717,124.6300,0.6900
1783084724.923413,8386,9540,3461,1754,124.6300,0.6900
1783084724.939351,8424,9793,3471,1810,129.7100,-1.6900
1783084724.955593,8415,9775,3518,1707,129.7100,-1.6900
1783084724.971360,8424,9831,3527,1754,129.7100,-1.6900
1783084724.989312,8424,9831,3621,1764,124.4200,-0.3100
1783084725.006473,8424,9156,3612,1717,124.4200,-0.3100
1783084725.023724,8424,9559,3565,1726,124.4200,-0.3100
1783084725.039329,8433,9231,3574,1726,124.4200,-0.0600
1783084725.054815,8433,9240,3518,1782,124.4200,-0.0600
1783084725.070709,8433,9165,3593,1726,124.4200,-0.0600
1783084725.086478,8433,9099,3668,1754,121.9800,-2.3800
1783084725.102131,8433,9202,3537,1810,121.9800,-2.3800
1783084725.118500,8415,9465,3546,1773,121.9800,-2.3800
1783084725.134192,8424,9127,3565,1820,126.9500,1.0600
1783084725.150582,8424,9118,3677,1773,126.9500,1.0600
1783084725.166825,8396,9127,3546,1754,126.9500,1.0600
1783084725.182942,8443,9062,3583,1698,119.3200,-2.1900
1783084725.198816,8424,9099,3555,1745,119.3200,-2.1900
1783084725.214844,8424,9146,3565,1745,119.3200,-2.1900
1783084725.232053,8386,9090,3518,1792,124.1900,1.0600
1783084725.245942,8386,9165,3565,1754,124.1900,1.0600
1783084725.262943,8424,9090,3546,1801,124.1900,1.0600
1783084725.278995,8424,9156,3565,1764,119.0100,-1.6900
1783084725.294869,8386,9090,3555,1745,119.0100,-1.6900
1783084725.310741,8386,9193,3518,1707,119.0100,-1.6900
1783084725.325754,8405,9174,3602,1651,119.0100,-1.6900
1783084725.341541,8424,9193,3565,1782,116.3000,2.5600
1783084725.357527,8433,9146,3565,1651,116.3000,2.5600
1783084725.373419,8386,9118,3565,1679,116.3000,2.5600
1783084725.389298,8377,9165,3583,1792,116.6700,-1.0600
1783084725.406260,8405,9146,3668,1689,116.6700,-1.0600
1783084725.421899,8424,9165,3593,1735,116.6700,-1.0600
1783084725.438000,8424,9127,3621,1764,116.6700,-1.0600
1783084725.454230,8377,9231,3649,1726,116.6700,-1.0600
1783084725.469940,8368,9193,3621,1745,116.6700,-1.0600
1783084725.485839,8424,9137,3574,1689,116.6700,-1.0600
1783084725.501831,8405,9099,3640,1820,116.6700,-1.0600
1783084725.517539,8424,9193,3621,1707,116.6700,-1.0600
1783084725.533749,8405,9156,3621,1726,116.6700,-1.0600
1783084725.550074,8386,9118,3602,1735,116.6700,-1.0600
1783084725.566610,8386,9137,3574,1792,116.6700,-1.0600
1783084725.582449,8377,9137,3593,1698,116.6700,-1.0600
1783084725.598681,8452,9127,3612,1754,116.6700,-1.0600
1783084725.614458,8424,9156,3602,1801,116.6700,-1.0600
1783084725.630446,8424,9184,3593,1735,116.6700,-1.0600
1783084725.646821,8424,9165,3555,1773,116.6700,-1.0600
1783084725.662523,8415,9165,3649,1754,116.6700,-1.0600
1783084725.678437,8415,9156,3583,1698,116.6700,-1.0600
1783084725.694734,8424,9118,3574,1773,116.6700,-1.0600
1783084725.713077,8424,9212,3621,1707,116.6700,-1.0600
1783084725.729182,8386,9165,3612,1754,5.3900,-0.8800
1783084725.744679,8433,9137,3537,1782,5.3900,-0.8800
1783084725.761030,8424,9212,3565,1698,5.3900,-0.8800
1783084725.777996,8424,9174,3565,1810,8.1100,8.1300
1783084725.793734,8471,9934,3461,1764,8.1100,8.1300
1783084725.810057,8368,9887,3490,1651,8.1100,8.1300
1783084725.826832,8405,9897,3461,1698,8.1100,8.1300
1783084725.841837,8443,9024,3471,1670,2.7000,8.5600
1783084725.857890,8386,9353,3452,1726,2.7000,8.5600
1783084725.873763,8349,9306,3490,1745,2.7000,8.5600
1783084725.889810,8368,9775,3471,1801,5.4100,10.3100
1783084725.905879,8311,8921,3471,1773,5.4100,10.3100
1783084725.922110,8274,9306,3471,1698,5.4100,10.3100
1783084725.939960,8274,8996,3461,1670,2.7000,12.6300
1783084725.955899,8180,9127,3490,1613,2.7000,12.6300
1783084725.971734,8218,9306,3499,1698,2.7000,12.6300
1783084725.987805,8255,9747,3480,1717,2.7000,13.1300
1783084726.003560,8274,9775,3480,1660,2.7000,13.1300
1783084726.019557,8264,9437,3471,1707,2.7000,13.1300
1783084726.036645,8255,9765,3471,1698,5.4100,14.3100
1783084726.050654,8293,9756,3461,1632,5.4100,14.3100
1783084726.066961,8349,9756,3518,1660,5.4100,14.3100
1783084726.084011,8368,9540,3471,1707,0.0000,14.5000
1783084726.099387,8330,9174,3490,1689,0.0000,14.5000
1783084726.114748,8368,9174,3452,1735,0.0000,14.5000
1783084726.131181,8368,9127,3490,1604,0.0000,12.2500
1783084726.147101,8358,9062,3461,1651,0.0000,12.2500
1783084726.162826,8368,8996,3424,1679,0.0000,12.2500
1783084726.179012,8386,8959,3490,1717,2.7000,13.6900
1783084726.194611,8321,8921,3461,1679,2.7000,13.6900
1783084726.211200,8358,8818,3461,1651,2.7000,13.6900
1783084726.227495,8339,9212,3480,1679,2.7000,10.4400
1783084726.243169,8339,8818,3452,1698,2.7000,10.4400
1783084726.259226,8311,9212,3490,1679,2.7000,10.4400
1783084726.275515,8330,9240,3443,1689,2.7000,10.4400
1783084726.291074,8311,9615,3471,1679,5.4100,13.1900
1783084726.306947,8274,9324,3480,1698,5.4100,13.1900
1783084726.322992,8339,9578,3480,1670,5.4100,13.1900
1783084726.338088,8339,9606,3377,1689,2.7000,10.0600
1783084726.354388,8274,9643,3490,1735,2.7000,10.0600
1783084726.369696,8330,9615,3452,1651,2.7000,10.0600
1783084726.385588,8368,9587,3537,1651,2.7000,9.5600
1783084726.401878,8339,9634,3443,1660,2.7000,9.5600
1783084726.417817,8377,9625,3471,1689,2.7000,9.5600
1783084726.433853,8321,9606,3518,1717,2.7000,8.9400
1783084726.450369,8349,9606,3443,1745,2.7000,8.9400
1783084726.466009,8339,9606,3499,1689,2.7000,8.9400
1783084726.483260,8368,9643,3480,1670,2.7000,7.6300
1783084726.498310,8424,9662,3443,1679,2.7000,7.6300
1783084726.513878,8358,9747,3443,1642,2.7000,7.6300
1783084726.529947,8349,9812,3508,1698,8.1100,12.1300
1783084726.546314,8396,9390,3461,1651,8.1100,12.1300
1783084726.561956,8330,9756,3433,1651,8.1100,12.1300
1783084726.577871,8377,9803,3490,1707,8.1100,12.1300
1783084726.594350,8368,9437,3527,1689,2.7000,6.6300
1783084726.608963,8415,9756,3424,1745,2.7000,6.6300
1783084726.624946,8368,9737,3480,1726,2.7000,6.6300
1783084726.641291,8368,9371,3471,1679,2.7000,8.8800
1783084726.657110,8415,9381,3490,1707,2.7000,8.8800
1783084726.673250,8386,9099,3461,1651,2.7000,8.8800
1783084726.689827,8377,9390,3461,1679,5.4100,6.4400
1783084726.704964,8386,9428,3527,1689,5.4100,6.4400
1783084726.721007,8368,9709,3452,1679,5.4100,6.4400
1783084726.737195,8396,9371,3527,1670,2.7000,6.3800
1783084726.753020,8405,8968,3471,1707,2.7000,6.3800
1783084726.769136,8415,9015,3518,1707,2.7000,6.3800
1783084726.785227,8368,9371,3480,1660,2.7000,4.3800
1783084726.801156,8377,9681,3490,1632,2.7000,4.3800
1783084726.817195,8415,9653,3490,1660,2.7000,4.3800
1783084726.834222,8424,9672,3499,1698,2.7000,6.2500
1783084726.849237,8396,9672,3452,1726,2.7000,6.2500
1783084726.865122,8386,9334,3461,1689,2.7000,6.2500
1783084726.882504,8433,9371,3499,1660,2.7000,4.3800
1783084726.897045,8443,9353,3480,1660,2.7000,4.3800
1783084726.912509,8358,9324,3518,1660,2.7000,4.3800
1783084726.928286,8377,9634,3471,1689,2.7000,4.3800
1783084726.944159,8452,9700,3480,1698,5.4100,5.5000
1783084726.960445,8424,9362,3518,1689,5.4100,5.5000
1783084726.976097,8396,9343,3471,1707,5.4100,5.5000
1783084726.992113,8452,9625,3499,1698,2.7000,4.6900
1783084727.008573,8461,9653,3490,1735,2.7000,4.6900
1783084727.023903,8405,9606,3518,1717,2.7000,4.6900
1783084727.039870,8368,9615,3499,1726,2.7000,5.4400
1783084727.056154,8433,9362,3452,1717,2.7000,5.4400
1783084727.071946,8443,9587,3527,1707,2.7000,5.4400
1783084727.087987,8443,9306,3499,1707,5.4100,3.8100
1783084727.104291,8471,9568,3527,1717,5.4100,3.8100
1783084727.120366,8452,9625,3508,1707,5.4100,3.8100
1783084727.136172,8424,9568,3499,1717,5.4100,4.0600
1783084727.152517,8415,9568,3518,1726,5.4100,4.0600
1783084727.168350,8452,9484,3499,1707,5.4100,4.0600
1783084727.184587,8461,9334,3518,1660,0.0000,2.7500
1783084727.199539,8461,9343,3508,1735,0.0000,2.7500
1783084727.215156,8424,9428,3499,1745,0.0000,2.7500
1783084727.231627,8405,9625,3546,1735,2.7000,4.3800
1783084727.247527,8461,9512,3490,1726,2.7000,4.3800
1783084727.263252,8461,9606,3499,1670,2.7000,4.3800
1783084727.279757,8471,9353,3480,1660,5.4100,3.4400
1783084727.295859,8396,9127,3499,1707,5.4100,3.4400
1783084727.311600,8452,9446,3518,1735,5.4100,3.4400
1783084727.327636,8499,9428,3546,1754,5.4100,3.4400
1783084727.344086,8443,9390,3546,1735,0.0000,3.1300
1783084727.359302,8415,9184,3518,1735,0.0000,3.1300
1783084727.375389,8424,9353,3508,1689,0.0000,3.1300
1783084727.394704,8508,9118,3555,1698,2.7000,3.2500
1783084727.407320,8490,9212,3518,1660,2.7000,3.2500
1783084727.423498,8424,9212,3490,1717,2.7000,3.2500
1783084727.440169,8415,9249,3546,1698,2.7000,3.2500
1783084727.455463,8490,9296,3518,1679,2.7000,3.2500
1783084727.471120,8461,9362,3518,1679,2.7000,3.2500
1783084727.487196,8377,9184,3555,1698,2.7000,3.2500
1783084727.502953,8508,9259,3537,1698,2.7000,3.2500
1783084727.518413,8471,9418,3527,1707,2.7000,3.2500
1783084727.534355,8490,9390,3518,1707,2.7000,3.2500
1783084727.550313,8433,9240,3537,1707,2.7000,3.2500
1783084727.566458,8405,9371,3527,1745,2.7000,3.2500
1783084727.582228,8443,9306,3527,1726,2.7000,3.2500
1783084727.598461,8452,9156,3518,1707,2.7000,3.2500
1783084727.615178,8424,9306,3527,1726,2.7000,3.2500
1783084727.630632,8405,9259,3499,1745,2.7000,3.2500
1783084727.646349,8433,9071,3537,1735,2.7000,3.2500
1783084727.662427,8461,9249,3499,1735,2.7000,3.2500
1783084727.678479,8490,9090,3518,1726,2.7000,3.2500
1783084727.694770,8461,9212,3527,1717,2.7000,3.2500
1783084727.710545,8396,9446,3499,1707,2.7000,3.2500
1783084727.726149,8443,9184,3518,1707,2.7000,3.2500
1783084727.741458,8461,9165,3527,1679,4.1200,-0.5600
1783084727.757633,8471,9231,3546,1717,4.1200,-0.5600
1783084727.773192,8443,9202,3537,1735,4.1200,-0.5600
1783084727.789364,8433,9184,3518,1735,60.7200,0.0000
1783084727.806438,8508,9390,3555,1735,60.7200,0.0000
1783084727.821563,8480,9099,3546,1707,60.7200,0.0000
1783084727.837441,8461,9306,3508,1717,60.7200,0.0000
1783084727.853759,8396,9287,3537,1698,78.4400,-3.1300
1783084727.869945,8461,9287,3565,1745,78.4400,-3.1300
1783084727.885939,8480,9278,3555,1726,78.4400,-3.1300
1783084727.902072,8433,9202,3527,1726,98.1100,2.5600
1783084727.917513,8461,9287,3537,1679,98.1100,2.5600
1783084727.933280,8443,9193,3537,1679,98.1100,2.5600
1783084727.949567,8405,9484,3555,1717,107.6400,-2.0000
1783084727.966340,8405,9165,3527,1726,107.6400,-2.0000
1783084727.983467,8396,9081,3508,1726,107.6400,-2.0000
1783084727.999081,8424,9334,3537,1660,108.1900,0.6300
1783084728.014430,8452,9324,3499,1689,108.1900,0.6300
1783084728.030599,8415,9212,3499,1689,108.1900,0.6300
1783084728.046791,8386,9278,3518,1726,110.8900,0.5600
1783084728.063044,8480,9165,3480,1689,110.8900,0.5600
1783084728.078585,8433,9278,3490,1745,110.8900,0.5600
1783084728.094917,8415,9278,3499,1764,114.0200,-0.3700
1783084728.111323,8424,9202,3480,1726,114.0200,-0.3700
1783084728.126654,8396,9231,3518,1707,114.0200,-0.3700
1783084728.144238,8405,9099,3480,1717,115.9200,0.2500
1783084728.158690,8405,9184,3490,1745,115.9200,0.2500
1783084728.174906,8396,9296,3508,1735,115.9200,0.2500
1783084728.192573,8377,9081,3480,1764,119.0100,-0.6900
1783084728.207352,8358,9259,3471,1773,119.0100,-0.6900
1783084728.222726,8405,9127,3480,1754,119.0100,-0.6900
1783084728.239036,8358,9127,3480,1717,119.0100,0.5600
1783084728.254512,8377,9381,3490,1717,119.0100,0.5600
1783084728.269412,8377,9146,3490,1735,119.0100,0.5600
1783084728.285666,8368,9118,3471,1726,119.0100,0.5600
1783084728.301409,8349,9296,3490,1745,119.3200,0.3700
1783084728.317509,8377,9193,3499,1735,119.3200,0.3700
1783084728.333942,8386,9109,3499,1707,119.3200,0.3700
1783084728.349720,8339,9231,3508,1801,121.7100,0.3700
1783084728.365733,8349,9202,3499,1764,121.7100,0.3700
1783084728.382050,8349,9193,3518,1773,121.7100,0.3700
1783084728.397709,8405,9109,3471,1698,124.1900,0.3100
1783084728.413892,8349,9109,3490,1745,124.1900,0.3100
1783084728.429738,8302,9109,3461,1764,124.1900,0.3100
1783084728.445430,8415,9127,3499,1689,121.7100,-1.3700
1783084728.461727,8349,9343,3518,1707,121.7100,-1.3700
1783084728.477910,8386,9118,3518,1745,121.7100,-1.3700
1783084728.493418,8368,9024,3527,1810,121.7100,-1.3100
1783084728.509602,8377,9127,3518,1782,121.7100,-1.3100
1783084728.526027,8415,9071,3537,1782,121.7100,-1.3100
1783084728.542800,8321,9249,3518,1726,121.7100,-1.3100
1783084728.557753,8311,9184,3537,1707,124.4200,-0.6900
1783084728.573623,8349,9109,3518,1745,124.4200,-0.6900
1783084728.589346,8349,9062,3565,1782,124.4200,-0.6900
1783084728.607289,8349,9146,3527,1801,116.6700,-1.3100
1783084728.623230,8293,9118,3499,1773,116.6700,-1.3100
1783084728.639072,8311,9193,3537,1782,121.4400,-0.6300
1783084728.655203,8293,9259,3508,1726,121.4400,-0.6300
1783084728.671505,8349,9249,3555,1689,121.4400,-0.6300
1783084728.686410,8349,9034,3537,1792,121.4400,-0.6300
1783084728.703168,8274,9193,3480,1764,127.1200,0.0000
1783084728.719225,8293,9296,3527,1745,127.1200,0.0000
1783084728.735157,8283,9249,3499,1782,127.1200,0.0000
1783084728.750581,8236,9418,3499,1792,124.4200,-0.1900
1783084728.766726,8236,9296,3546,1717,124.4200,-0.1900
1783084728.782676,8311,9465,3546,1801,124.4200,-0.1900
1783084728.798653,8283,9090,3527,1801,121.9800,-2.1300
1783084728.813963,8264,9062,3518,1782,121.9800,-2.1300
1783084728.830008,8264,9221,3518,1839,121.9800,-2.1300
1783084728.846023,8236,9109,3527,1754,124.4200,2.0600
1783084728.862256,8293,9099,3518,1745,124.4200,2.0600
1783084728.878573,8246,9118,3508,1745,124.4200,2.0600
1783084728.894428,8208,9118,3527,1801,129.7100,-1.5600
1783084728.910660,8236,9005,3518,1820,129.7100,-1.5600
1783084728.927006,8255,9362,3537,1801,129.7100,-1.5600
1783084728.943641,8264,9090,3527,1848,129.8300,1.5000
1783084728.958231,8255,9034,3546,1801,129.8300,1.5000
1783084728.973912,8199,9287,3518,1829,129.8300,1.5000
1783084728.990034,8236,9287,3555,1773,132.5800,-2.1300
1783084729.006270,8236,9381,3546,1810,132.5800,-2.1300
1783084729.021908,8283,9137,3527,1820,132.5800,-2.1300
1783084729.037937,8227,9062,3583,1764,132.5800,-2.1300
1783084729.054302,8208,9109,3546,1782,135.2300,2.1900
1783084729.069922,8264,9296,3565,1820,135.2300,2.1900
1783084729.085991,8255,9212,3583,1801,135.2300,2.1900
1783084729.102336,8236,9109,3537,1829,132.5800,-0.3100
1783084729.116967,8236,9081,3555,1801,132.5800,-0.3100
1783084729.133197,8218,9127,3537,1792,132.5800,-0.3100
1783084729.149173,8246,9062,3555,1848,140.7500,0.5600
1783084729.167317,8246,9071,3527,1745,140.7500,0.5600
1783084729.182987,8208,9099,3527,1876,140.7500,0.5600
1783084729.199670,8236,9202,3518,1848,132.5800,0.5000
1783084729.215369,8255,9156,3546,1848,132.5800,0.5000
1783084729.230764,8199,9240,3537,1782,132.5800,0.5000
1783084729.246899,8208,9193,3527,1829,140.7500,-1.7500
1783084729.262975,8208,9127,3555,1820,140.7500,-1.7500
1783084729.279780,8208,9052,3537,1904,140.7500,-1.7500
1783084729.297721,8189,9052,3546,1857,137.8900,0.6300
1783084729.313828,8218,9081,3508,1867,137.8900,0.6300
1783084729.330482,8189,9034,3537,1848,137.8900,0.6300
1783084729.346047,8180,8968,3518,1829,140.6400,0.6900
1783084729.362504,8199,9052,3565,1810,140.6400,0.6900
1783084729.378749,8180,9165,3527,1867,140.6400,0.6900
1783084729.395085,8189,9259,3537,1895,137.9400,-0.1900
1783084729.410507,8208,9231,3518,1932,137.9400,-0.1900
1783084729.426533,8152,9174,3518,1886,137.9400,-0.1900
1783084729.442856,8142,9165,3499,1810,143.5100,-0.1200
1783084729.457602,8208,9193,3555,1839,143.5100,-0.1200
1783084729.474505,8180,9165,3527,1923,143.5100,-0.1200
1783084729.489700,8142,9268,3546,1792,143.5100,-0.1200
1783084729.505969,8133,9212,3518,1886,140.5400,0.1900
1783084729.522069,8180,9165,3537,1895,140.5400,0.1900
1783084729.537130,8218,9071,3574,1876,140.5400,0.1900
1783084729.553226,8180,9165,3518,1942,143.3500,0.5600
1783084729.569348,8171,9165,3537,1820,143.3500,0.5600
1783084729.585141,8180,9184,3537,1782,143.3500,0.5600
1783084729.600323,8208,9099,3527,1857,149.0300,2.2500
1783084729.616154,8180,9005,3555,1886,149.0300,2.2500
1783084729.632068,8142,9109,3537,1848,149.0300,2.2500
1783084729.648072,8142,9071,3546,1904,143.1900,-1.8100
1783084729.664406,8199,9156,3518,1886,143.1900,-1.8100
1783084729.680070,8171,9156,3527,1923,143.1900,-1.8100
1783084729.696077,8152,9137,3546,1867,148.7600,1.1900
1783084729.712103,8086,9034,3490,1904,148.7600,1.1900
1783084729.728104,8152,9118,3527,1867,148.7600,1.1900
1783084729.744735,8171,9137,3508,1886,146.0500,-0.1900
1783084729.760263,8180,9015,3546,1867,146.0500,-0.1900
1783084729.776133,8133,9212,3518,1914,146.0500,-0.1900
1783084729.792761,8086,9137,3508,1867,148.7600,-0.1900
1783084729.808151,8114,9174,3518,1876,148.7600,-0.1900
1783084729.824164,8180,9165,3537,1867,148.7600,-0.1900
1783084729.840181,8171,9174,3527,1876,151.7900,1.5600
1783084729.856245,8161,9146,3518,1886,151.7900,1.5600
1783084729.872148,8133,9137,3508,1895,151.7900,1.5600
1783084729.887396,8086,9071,3537,1904,151.1400,-0.6300
1783084729.903209,8152,9146,3546,1904,151.1400,-0.6300
1783084729.919227,8171,9193,3546,1876,151.1400,-0.6300
1783084729.935470,8124,9165,3537,1923,151.1400,-0.6300
1783084729.951249,8114,9024,3527,1923,154.1700,-1.3100
1783084729.967264,8114,9043,3527,1904,154.1700,-1.3100
1783084729.983471,8171,9127,3518,1970,154.1700,-1.3100
1783084729.999267,8152,9165,3518,1914,160.0700,1.3700
1783084730.015308,8114,9099,3565,1895,160.0700,1.3700
1783084730.031558,8105,9127,3518,1923,160.0700,1.3700
1783084730.047228,8105,9137,3527,1923,154.1700,-3.4400
1783084730.063299,8105,9071,3537,1923,154.1700,-3.4400
1783084730.079585,8105,9090,3527,1942,154.1700,-3.4400
1783084730.095452,8124,9156,3537,1942,156.8700,1.6900
1783084730.111269,8114,9221,3518,1932,156.8700,1.6900
1783084730.127579,8171,9249,3546,1914,156.8700,1.6900
1783084730.143275,8142,9109,3527,1942,154.1700,-3.5000
1783084730.159383,8077,9165,3546,1923,154.1700,-3.5000
1783084730.174391,8058,9184,3518,1942,154.1700,-3.5000
1783084730.190338,8096,9174,3508,1942,156.4500,3.3800
1783084730.206378,8189,9221,3527,1932,156.4500,3.3800
1783084730.222359,8086,9156,3527,1970,156.4500,3.3800
1783084730.238332,8086,9212,3490,1979,156.4500,3.3800
1783084730.254419,8096,9118,3527,1923,157.3100,-3.0000
1783084730.270411,8067,9184,3499,1932,157.3100,-3.0000
1783084730.286377,8096,9109,3518,1942,157.3100,-3.0000
1783084730.302364,8077,9221,3499,1961,159.1000,2.0600
1783084730.318453,8096,9015,3527,1970,159.1000,2.0600
1783084730.334409,8077,9062,3499,1989,159.1000,2.0600
1783084730.350398,8049,9015,3490,2007,162.2800,-2.8800
1783084730.366424,8114,9109,3527,1970,162.2800,-2.8800
1783084730.382420,8049,9156,3490,2007,162.2800,-2.8800
1783084730.398484,8096,9118,3518,1942,162.2800,1.0600
1783084730.414465,8077,9165,3518,1961,162.2800,1.0600
1783084730.430443,8077,9127,3565,2026,162.2800,1.0600
1783084730.445638,8058,9127,3546,1979,171.1100,-2.4400
1783084730.461909,8021,9062,3546,2026,171.1100,-2.4400
1783084730.477890,8067,9099,3546,1989,171.1100,-2.4400
1783084730.493578,8058,9146,3537,2045,159.1000,2.5600
1783084730.509447,8105,9118,3574,2017,159.1000,2.5600
1783084730.525455,8058,9043,3546,1989,159.1000,2.5600
1783084730.543108,8021,9118,3546,2007,164.9900,-1.1200
1783084730.557502,8049,9071,3546,1989,164.9900,-1.1200
1783084730.573529,8030,9043,3508,2026,164.9900,-1.1200
1783084730.589720,8058,9099,3555,2026,167.6900,1.1200
1783084730.605489,8021,9024,3499,2073,167.6900,1.1200
1783084730.621490,8021,9090,3555,2092,167.6900,1.1200
1783084730.637928,8049,9184,3537,2092,173.1000,-2.1300
1783084730.653589,8049,9137,3518,2045,173.1000,-2.1300
1783084730.669655,8039,9043,3565,2036,173.1000,-2.1300
1783084730.685801,7983,9146,3565,2007,173.1000,-2.1300
1783084730.701561,8021,9071,3490,2092,167.6900,0.9400
1783084730.717532,7992,9024,3555,2120,167.6900,0.9400
1783084730.733825,8030,9052,3565,2026,167.6900,0.9400
1783084730.748578,8011,8968,3499,2026,173.8700,-0.6300
1783084730.764566,8039,9024,3546,2017,173.8700,-0.6300
1783084730.780799,8021,8987,3593,2064,173.8700,-0.6300
1783084730.796536,8039,8940,3518,1998,169.7100,0.3700
1783084730.812539,7983,8949,3555,2036,169.7100,0.3700
1783084730.828584,8011,8996,3574,2026,169.7100,0.3700
1783084730.844572,8039,9043,3555,2064,176.6300,0.6300
1783084730.860603,7964,8987,3593,2045,176.6300,0.6300
1783084730.876752,8030,8987,3602,2036,176.6300,0.6300
1783084730.892719,8011,9081,3518,2026,169.7100,1.0600
1783084730.910636,8011,9015,3593,2139,169.7100,1.0600
1783084730.926662,8058,9015,3555,2054,169.7100,1.0600
1783084730.942652,7936,8959,3565,2139,173.1000,-0.7500
1783084730.958634,7955,9184,3640,2101,173.1000,-0.7500
1783084730.974838,7974,9015,3527,2073,173.1000,-0.7500
1783084730.989801,8011,9165,3583,2036,173.1000,-0.7500
1783084731.005682,7974,8902,3527,2054,175.8000,1.0600
1783084731.021851,7945,8902,3640,2111,175.8000,1.0600
1783084731.037660,7955,9137,3527,2083,175.8000,1.0600
1783084731.053672,7964,9015,3602,2083,178.5100,0.3100
1783084731.069894,7992,8874,3518,1989,178.5100,0.3100
1783084731.085757,7955,8930,3499,2073,178.5100,0.3100
1783084731.101671,7917,8874,3518,2120,178.5100,0.5000
1783084731.117839,7964,8912,3565,2036,178.5100,0.5000
1783084731.133713,7936,8949,3527,2007,178.5100,0.5000
1783084731.149717,8002,8837,3480,2073,183.9200,0.0600
1783084731.165947,7955,8912,3527,2148,183.9200,0.0600
1783084731.181810,7955,9005,3537,2036,183.9200,0.0600
1783084731.197724,7955,8874,3555,2045,183.9200,0.5000
1783084731.213872,7917,8837,3555,2120,183.9200,0.5000
1783084731.229782,7927,8762,3546,2111,183.9200,0.5000
1783084731.245778,7861,8799,3546,2026,186.6200,-1.6900
1783084731.262017,7945,8808,3537,2083,186.6200,-1.6900
1783084731.276839,7955,8780,3565,2092,186.6200,-1.6900
1783084731.292821,7927,8790,3555,2064,186.6200,-1.8800
1783084731.308984,7955,8902,3537,2120,186.6200,-1.8800
1783084731.324769,7936,8799,3546,2101,186.6200,-1.8800
1783084731.340949,7889,8818,3574,2120,186.6200,1.7500
1783084731.356948,7899,8893,3630,2139,186.6200,1.7500
1783084731.372789,7974,8762,3518,2129,186.6200,1.7500
1783084731.388813,7936,8818,3593,2101,183.9200,-4.2500
1783084731.404948,7908,8846,3490,2148,183.9200,-4.2500
1783084731.420837,7908,8724,3565,2129,183.9200,-4.2500
1783084731.437026,7899,8780,3518,2148,183.9200,-4.2500
1783084731.453374,7927,8771,3555,2167,192.0300,1.4400
1783084731.469016,7880,8724,3546,2176,192.0300,1.4400
1783084731.485245,7889,8808,3546,2101,192.0300,1.4400
1783084731.501226,7908,8743,3537,2148,194.7400,-1.3700
1783084731.517019,7936,8771,3555,2139,194.7400,-1.3700
1783084731.533197,7908,8724,3574,2158,194.7400,-1.3700
1783084731.549149,7908,8724,3574,2148,192.0300,-0.3700
1783084731.564233,7974,8808,3555,2111,192.0300,-0.3700
1783084731.580312,7899,8705,3565,2176,192.0300,-0.3700
1783084731.595856,7955,8658,3537,2139,197.4400,0.5600
1783084731.611914,7899,8762,3612,2139,197.4400,0.5600
1783084731.628037,7861,8668,3565,2176,197.4400,0.5600
1783084731.644011,7870,8640,3583,2176,194.7400,-1.6900
1783084731.660071,7889,8762,3546,2158,194.7400,-1.6900
1783084731.676065,7899,8715,3574,2158,194.7400,-1.6900
1783084731.693787,7880,8799,3593,2111,197.4400,3.3100
1783084731.708066,7870,8658,3612,2139,197.4400,3.3100
1783084731.724251,7889,8808,3555,2111,197.4400,3.3100
1783084731.740145,7870,8865,3546,2148,197.4400,3.3100
1783084731.756074,7870,8696,3583,2129,200.1500,-0.6900
1783084731.772031,7870,8930,3574,2167,200.1500,-0.6900
1783084731.789310,7870,8912,3546,2242,202.8500,0.0000
1783084731.805055,7805,8611,3555,2167,202.8500,0.0000
1783084731.821027,7842,8658,3565,2120,202.8500,0.0000
1783084731.837225,7861,8602,3574,2176,202.8500,-0.1900
1783084731.853066,7824,8565,3546,2158,202.8500,-0.1900
1783084731.869085,7852,8640,3555,2204,202.8500,-0.1900
1783084731.885253,7824,8621,3602,2148,202.8500,-0.1900
1783084731.901087,7852,8677,3574,2158,202.8500,1.1900
1783084731.917058,7861,8565,3583,2186,202.8500,1.1900
1783084731.933285,7833,8565,3555,2214,202.8500,1.1900
1783084731.949130,7861,8536,3583,2167,205.5600,-0.5600
1783084731.965227,7852,8518,3602,2223,205.5600,-0.5600
1783084731.981400,7870,8574,3593,2158,205.5600,-0.5600
1783084731.997159,7861,8536,3602,2223,205.5600,0.3700
1783084732.013164,7833,8518,3583,2270,205.5600,0.3700
1783084732.029372,7824,8508,3602,2270,205.5600,0.3700
1783084732.045096,7833,8490,3583,2242,205.5600,-0.5600
1783084732.060394,7842,8555,3546,2251,205.5600,-0.5600
1783084732.076172,7824,8490,3565,2223,205.5600,-0.5600
1783084732.092379,7814,8471,3621,2223,202.8500,-0.0600
1783084732.108330,7824,8499,3602,2242,202.8500,-0.0600
1783084732.124263,7824,8461,3555,2261,202.8500,-0.0600
1783084732.140225,7833,8527,3546,2195,205.5600,-0.1200
1783084732.156599,7824,8452,3565,2233,205.5600,-0.1200
1783084732.172516,7824,8490,3574,2214,205.5600,-0.1200
1783084732.188243,7814,8461,3555,2242,205.5600,-0.1200
1783084732.204262,7833,8433,3583,2242,205.5600,0.4400
1783084732.220318,7795,8443,3546,2195,205.5600,0.4400
1783084732.236241,7786,8386,3565,2186,205.5600,0.4400
1783084732.252214,7767,8461,3555,2214,205.5600,0.5600
1783084732.268288,7758,8424,3555,2204,205.5600,0.5600
1783084732.284422,7805,8452,3574,2251,205.5600,0.5600
1783084732.299475,7758,8452,3583,2233,208.2600,-2.4400
1783084732.316382,7730,8424,3574,2204,208.2600,-2.4400
1783084732.332258,7758,8471,3555,2223,208.2600,-2.4400
1783084732.347859,7767,8396,3574,2186,202.8500,-1.0600
1783084732.363887,7786,8443,3630,2233,202.8500,-1.0600
1783084732.379354,7730,8480,3583,2289,202.8500,-1.0600
1783084732.395501,7730,8405,3565,2233,204.1800,0.8100
1783084732.411589,7730,8480,3593,2233,204.1800,0.8100
1783084732.427633,7711,8377,3537,2270,204.1800,0.8100
1783084732.443739,7767,8443,3555,2233,204.2300,-1.4400
1783084732.459682,7739,8321,3602,2270,204.2300,-1.4400
1783084732.475335,7711,8405,3583,2214,204.2300,-1.4400
1783084732.492282,7767,8311,3640,2261,200.1500,0.4400
1783084732.507520,7720,8405,3593,2233,200.1500,0.4400
1783084732.522753,7720,8396,3602,2223,200.1500,0.4400
1783084732.539764,7730,8415,3574,2233,205.5600,-0.5000
1783084732.555553,7692,8311,3583,2242,205.5600,-0.5000
1783084732.571575,7739,8433,3621,2233,205.5600,-0.5000
1783084732.587722,7720,8339,3602,2242,205.5600,0.5600
1783084732.602497,7673,8443,3583,2251,205.5600,0.5600
1783084732.618798,7692,8339,3602,2186,205.5600,0.5600
1783084732.634491,7720,8358,3612,2251,205.5600,0.5600
1783084732.650448,7664,8283,3612,2242,208.2600,1.2500
1783084732.668487,7664,8321,3640,2251,208.2600,1.2500
1783084732.684500,7702,8321,3565,2242,208.2600,1.2500
1783084732.700653,7673,8321,3630,2251,201.5300,0.7500
1783084732.716482,7730,8293,3658,2214,201.5300,0.7500
1783084732.732542,7673,8311,3649,2242,201.5300,0.7500
1783084732.749243,7711,8283,3621,2345,208.2600,1.1900
1783084732.765543,7711,8274,3668,2261,208.2600,1.1900
1783084732.782539,7720,8311,3640,2242,208.2600,1.1900
1783084732.798620,7692,8283,3649,2214,205.5600,-0.6300
1783084732.813623,7720,8283,3630,2242,205.5600,-0.6300
1783084732.829612,7664,8264,3621,2270,205.5600,-0.6300
1783084732.845793,7664,8302,3583,2251,212.5100,-2.9400
1783084732.861526,7664,8264,3630,2233,212.5100,-2.9400
1783084732.877519,7627,8302,3640,2270,212.5100,-2.9400
1783084732.894351,7636,8236,3602,2261,204.1800,1.5600
1783084732.909870,7636,8264,3630,2251,204.1800,1.5600
1783084732.925610,7711,8264,3640,2251,204.1800,1.5600
1783084732.942562,7673,8227,3630,2214,209.7500,-1.8100
1783084732.957613,7673,8274,3612,2233,209.7500,-1.8100
1783084732.973642,7673,8302,3593,2242,209.7500,-1.8100
1783084732.989933,7636,8236,3612,2251,198.8700,3.6300
1783084733.005606,7655,8246,3583,2214,198.8700,3.6300
1783084733.021640,7673,8293,3612,2270,198.8700,3.6300
1783084733.037789,7645,8236,3612,2233,200.1500,-0.1900
1783084733.053629,7683,8264,3602,2251,200.1500,-0.1900
1783084733.069647,7664,8199,3649,2317,200.1500,-0.1900
1783084733.085788,7664,8208,3612,2223,200.1500,-0.1900
1783084733.100689,7598,8227,3630,2270,197.4400,1.1200
1783084733.116694,7617,8208,3621,2233,197.4400,1.1200
1783084733.132902,7580,8218,3602,2280,197.4400,1.1200
1783084733.148647,7561,8180,3621,2317,200.1500,1.2500
1783084733.164655,7589,8171,3593,2298,200.1500,1.2500
1783084733.180913,7561,8114,3630,2308,200.1500,1.2500
1783084733.196669,7608,8189,3630,2298,205.5600,0.4400
1783084733.212691,7570,8096,3649,2308,205.5600,0.4400
1783084733.228956,7589,8218,3612,2345,205.5600,0.4400
1783084733.244738,7627,8096,3630,2289,206.9900,-0.6900
1783084733.260756,7523,8199,3658,2326,206.9900,-0.6900
1783084733.276937,7580,8067,3668,2336,206.9900,-0.6900
1783084733.293042,7570,8124,3649,2326,202.8500,2.9400
1783084733.308836,7551,8114,3640,2411,202.8500,2.9400
1783084733.324992,7561,8142,3705,2420,202.8500,2.9400
1783084733.341348,7542,8142,3668,2383,200.1500,-1.2500
1783084733.356783,7570,8114,3593,2308,200.1500,-1.2500
1783084733.371802,7551,8180,3640,2383,200.1500,-1.2500
1783084733.387781,7533,8124,3658,2364,200.1500,-1.2500
1783084733.405758,7533,8105,3649,2317,200.1500,-0.3700
1783084733.421961,7523,8114,3649,2308,200.1500,-0.3700
1783084733.437873,7542,8086,3630,2251,200.1500,-0.3700
1783084733.453820,7561,8124,3621,2355,200.1500,1.1900
1783084733.469930,7523,8077,3630,2298,200.1500,1.1900
1783084733.485884,7561,8105,3668,2317,200.1500,1.1900
1783084733.501820,7561,8049,3621,2308,196.2200,-2.1300
1783084733.517955,7495,8086,3640,2308,196.2200,-2.1300
1783084733.533948,7533,8067,3621,2326,196.2200,-2.1300
1783084733.549845,7533,8152,3668,2373,202.8500,2.5000
1783084733.566157,7505,8096,3630,2308,202.8500,2.5000
1783084733.582208,7514,8067,3612,2430,202.8500,2.5000
1783084733.597923,7542,8067,3640,2355,197.4400,-2.7500
1783084733.613039,7495,8133,3668,2336,197.4400,-2.7500
1783084733.628903,7486,8058,3668,2392,197.4400,-2.7500
1783084733.645072,7486,8096,3621,2336,202.8500,1.1200
1783084733.661199,7486,8049,3687,2383,202.8500,1.1200
1783084733.676932,7486,8124,3649,2317,202.8500,1.1200
1783084733.693217,7505,8114,3630,2345,205.5600,-0.6300
1783084733.709148,7486,8096,3658,2430,205.5600,-0.6300
1783084733.724973,7514,8049,3687,2345,205.5600,-0.6300
1783084733.741045,7486,8574,3621,2355,200.1500,0.7500
1783084733.757255,7514,8067,3649,2336,200.1500,0.7500
1783084733.772952,7476,8142,3677,2392,200.1500,0.7500
1783084733.788979,7495,8011,3630,2392,200.1500,-1.3100
1783084733.805217,7439,8142,3668,2355,200.1500,-1.3100
1783084733.821013,7476,8067,3658,2383,200.1500,-1.3100
1783084733.837032,7486,8067,3658,2355,200.1500,-1.3100
1783084733.853230,7430,8077,3668,2308,206.9900,0.3100
1783084733.869310,7420,8021,3649,2420,206.9900,0.3100
1783084733.884045,7420,8105,3715,2383,206.9900,0.3100
1783084733.900050,7439,8002,3668,2392,204.1800,-4.5600
1783084733.916006,7448,8124,3687,2355,204.1800,-4.5600
1783084733.932007,7401,8039,3705,2355,204.1800,-4.5600
1783084733.948024,7420,8180,3687,2420,204.2300,3.5600
1783084733.966036,7420,8471,3687,2355,204.2300,3.5600
1783084733.982058,7458,8049,3677,2364,204.2300,3.5600
1783084733.998230,7420,8086,3696,2345,196.2200,-3.0000
1783084734.014052,7420,8124,3687,2373,196.2200,-3.0000
1783084734.030050,7392,8002,3724,2383,196.2200,-3.0000
1783084734.046075,7373,8077,3668,2345,200.1500,3.6300
1783084734.062089,7383,7992,3705,2345,200.1500,3.6300
1783084734.078040,7383,8114,3687,2420,200.1500,3.6300
1783084734.093979,7383,8021,3687,2373,205.5600,-1.1900
1783084734.110111,7373,8096,3687,2383,205.5600,-1.1900
1783084734.125209,7420,8021,3668,2467,205.5600,-1.1900
1783084734.141168,7439,8152,3649,2373,197.4400,1.1900
1783084734.157420,7476,8049,3668,2373,197.4400,1.1900
1783084734.173125,7383,8021,3677,2401,197.4400,1.1900
1783084734.189126,7383,8086,3687,2392,202.8500,-0.7500
1783084734.205784,7354,8011,3687,2345,202.8500,-0.7500
1783084734.221211,7364,8105,3696,2411,202.8500,-0.7500
1783084734.237207,7354,8030,3715,2420,202.8500,-0.7500
1783084734.253401,7411,8067,3658,2411,202.8500,-0.3100
1783084734.269470,7345,8067,3705,2411,202.8500,-0.3100
1783084734.285404,7383,8021,3677,2430,202.8500,-0.3100
1783084734.301433,7345,8086,3658,2401,200.1500,0.4400
1783084734.317385,7364,8039,3640,2392,200.1500,0.4400
1783084734.333387,7383,8067,3658,2401,200.1500,0.4400
1783084734.349501,7373,8096,3668,2420,209.7500,1.1900
1783084734.365273,7373,8030,3668,2420,209.7500,1.1900
1783084734.381284,7345,8011,3677,2411,209.7500,1.1900
1783084734.397644,7289,8039,3677,2392,196.2200,-1.1900
1783084734.412342,7279,8030,3724,2392,196.2200,-1.1900
1783084734.428315,7289,8058,3687,2458,196.2200,-1.1900
1783084734.444310,7308,8058,3715,2448,206.9900,-1.8800
1783084734.460306,7308,8067,3705,2430,206.9900,-1.8800
1783084734.476430,7308,8011,3687,2392,206.9900,-1.8800
1783084734.493583,7317,7974,3677,2401,198.8700,0.3100
1783084734.508519,7336,8011,3687,2420,198.8700,0.3100
1783084734.524372,7336,8030,3677,2401,198.8700,0.3100
1783084734.541989,7289,8030,3658,2448,200.1500,-2.9400
1783084734.557442,7345,8030,3734,2401,200.1500,-2.9400
1783084734.573401,7308,8030,3724,2420,200.1500,-2.9400
1783084734.589682,7298,8077,3696,2458,202.8500,3.3800
1783084734.605366,7364,7983,3677,2420,202.8500,3.3800
1783084734.621389,7308,8002,3715,2439,202.8500,3.3800
1783084734.637671,7308,8030,3696,2439,197.4400,-0.8100
1783084734.653393,7279,8021,3715,2411,197.4400,-0.8100
1783084734.669530,7279,8096,3687,2430,197.4400,-0.8100
1783084734.684422,7317,8039,3668,2430,197.4400,-0.8100
1783084734.700361,7289,8058,3705,2477,202.8500,2.7500
1783084734.716717,7242,8049,3705,2458,202.8500,2.7500
1783084734.732423,7317,7974,3752,2439,202.8500,2.7500
1783084734.748473,7242,8096,3734,2430,205.5600,0.5600
1783084734.764734,7298,8011,3696,2458,205.5600,0.5600
1783084734.780597,7279,7992,3687,2458,205.5600,0.5600
1783084734.796513,7251,8086,3696,2477,202.8500,6.0000
1783084734.812841,7233,8030,3762,2505,202.8500,6.0000
1783084734.828938,7242,7983,3696,2486,202.8500,6.0000
1783084734.844189,7270,8058,3715,2411,208.2600,1.0600
1783084734.860574,7214,8002,3724,2448,208.2600,1.0600
1783084734.876210,7270,7936,3724,2458,208.2600,1.0600
1783084734.893432,7251,8049,3743,2495,208.2600,0.0000
1783084734.908689,7251,7992,3715,2458,208.2600,0.0000
1783084734.924407,7223,8049,3734,2486,208.2600,0.0000
1783084734.940607,7233,7974,3696,2477,202.8500,-2.3100
1783084734.955971,7214,8030,3705,2467,202.8500,-2.3100
1783084734.971597,7186,7992,3724,2477,202.8500,-2.3100
1783084734.987831,7214,7992,3743,2477,202.8500,-2.3100
1783084735.004404,7223,8039,3715,2467,202.8500,3.1900
1783084735.020993,7233,7992,3724,2486,202.8500,3.1900
1783084735.035797,7214,7983,3743,2533,202.8500,3.1900
1783084735.052038,7167,8021,3734,2495,205.5600,-2.8800
1783084735.067700,7214,8021,3762,2542,205.5600,-2.8800
1783084735.083706,7214,7974,3724,2458,205.5600,-2.8800
1783084735.099967,7214,7936,3734,2505,202.8500,3.0000
1783084735.115646,7157,8002,3743,2467,202.8500,3.0000
1783084735.131626,7148,7974,3762,2495,202.8500,3.0000
1783084735.147779,7195,7974,3762,2533,205.5600,-1.6900
1783084735.163566,7204,7955,3780,2467,205.5600,-1.6900
1783084735.179573,7167,7955,3752,2486,205.5600,-1.6900
1783084735.196127,7167,7974,3715,2533,205.5600,1.5000
1783084735.211362,7176,7974,3734,2505,205.5600,1.5000
1783084735.228316,7176,7955,3743,2505,205.5600,1.5000
1783084735.244689,7204,7936,3771,2505,210.9700,-2.4400
1783084735.260447,7186,7964,3752,2495,210.9700,-2.4400
1783084735.276466,7129,7917,3743,2477,210.9700,-2.4400
1783084735.294733,7148,7992,3762,2514,208.2600,0.1900
1783084735.308518,7167,7927,3724,2514,208.2600,0.1900
1783084735.326594,7167,7936,3752,2477,208.2600,0.1900
1783084735.343963,7157,7917,3734,2495,197.4400,-1.8100
1783084735.358725,7148,7955,3724,2523,197.4400,-1.8100
1783084735.374662,7129,7936,3724,2495,197.4400,-1.8100
1783084735.390489,7167,7899,3743,2589,202.8500,2.4400
1783084735.406767,7082,7964,3771,2523,202.8500,2.4400
1783084735.422600,7139,8039,3762,2486,202.8500,2.4400
1783084735.438793,7082,7955,3715,2505,202.8500,2.4400
1783084735.454019,7148,7945,3715,2514,200.1500,-4.0000
1783084735.469656,7139,7964,3734,2608,200.1500,-4.0000
1783084735.485656,7148,7936,3734,2495,200.1500,-4.0000
1783084735.501976,7139,7936,3743,2589,200.1500,0.0000
1783084735.517699,7120,7908,3762,2486,200.1500,0.0000
1783084735.534283,7111,8227,3715,2533,200.1500,0.0000
1783084735.549942,7101,7936,3734,2617,197.4400,-0.6900
1783084735.565454,7111,7927,3743,2523,197.4400,-0.6900
1783084735.581484,7148,7852,3762,2627,197.4400,-0.6900
1783084735.597833,7111,7974,3780,2552,198.8700,0.2500
1783084735.613528,7101,7945,3799,2580,198.8700,0.2500
1783084735.629576,7101,7945,3743,2627,198.8700,0.2500
1783084735.645698,7129,7908,3752,2552,206.9900,1.8800
1783084735.661526,7111,7917,3752,2627,206.9900,1.8800
1783084735.677601,7148,7936,3724,2542,206.9900,1.8800
1783084735.695069,7101,7908,3743,2598,198.8700,-1.9400
1783084735.709775,7092,7936,3752,2598,198.8700,-1.9400
1783084735.724700,7139,8189,3780,2533,198.8700,-1.9400
1783084735.741056,7111,7917,3771,2617,209.7500,-0.0600
1783084735.757418,7139,7852,3762,2617,209.7500,-0.0600
1783084735.773071,7101,7880,3762,2589,209.7500,-0.0600
1783084735.789217,7026,7945,3780,2598,198.8700,-0.0600
1783084735.807369,7026,8105,3799,2552,198.8700,-0.0600
1783084735.823137,7036,7927,3809,2608,198.8700,-0.0600
1783084735.839356,7064,7917,3780,2570,209.7500,1.9400
1783084735.855560,7054,8002,3780,2598,209.7500,1.9400
1783084735.871188,7082,8011,3771,2608,209.7500,1.9400
1783084735.887032,7036,7852,3780,2589,209.7500,1.9400
1783084735.903231,7064,7880,3799,2608,201.5300,-0.9400
1783084735.919148,7064,7842,3771,2598,201.5300,-0.9400
1783084735.935171,7120,8002,3771,2617,201.5300,-0.9400
1783084735.951288,7082,7917,3780,2617,205.5600,-2.0000
1783084735.966980,7064,7870,3771,2589,205.5600,-2.0000
1783084735.982344,7054,7983,3790,2598,205.5600,-2.0000
1783084735.997975,7054,7983,3809,2580,202.8500,-0.1200
1783084736.013925,7082,7824,3790,2598,202.8500,-0.1200
1783084736.030380,7007,7842,3799,2608,202.8500,-0.1200
1783084736.045778,7092,7758,3762,2608,209.7500,0.2500
1783084736.061823,7073,7814,3771,2570,209.7500,0.2500
1783084736.077972,7045,7824,3762,2655,209.7500,0.2500
1783084736.095325,7036,7889,3762,2627,198.8700,-0.5600
1783084736.109738,7054,7805,3790,2589,198.8700,-0.5600
1783084736.126014,7036,7833,3809,2645,198.8700,-0.5600
1783084736.141960,7017,7824,3780,2617,198.8700,-0.5600
1783084736.158119,7054,7777,3809,2627,197.4400,-0.4400
1783084736.174422,7017,7805,3790,2636,197.4400,-0.4400
1783084736.190003,7007,7805,3809,2674,197.4400,-0.4400
1783084736.206062,7017,7861,3818,2655,202.8500,1.4400
1783084736.222378,7036,7880,3809,2664,202.8500,1.4400
1783084736.238052,7026,7842,3837,2655,202.8500,1.4400
1783084736.253046,7036,7805,3827,2683,201.4700,-2.6900
1783084736.269280,6979,7870,3799,2683,201.4700,-2.6900
1783084736.285132,7007,7795,3827,2683,201.4700,-2.6900
1783084736.301267,6998,7795,3818,2645,206.8300,0.5600
1783084736.317392,7064,7805,3827,2720,206.8300,0.5600
1783084736.333094,6979,7992,3846,2683,206.8300,0.5600
1783084736.349179,7007,7842,3818,2749,200.1500,0.0000
1783084736.365460,7017,7908,3855,2692,200.1500,0.0000
1783084736.381131,6951,7824,3827,2664,200.1500,0.0000
1783084736.397566,6998,7739,3855,2739,205.5600,0.9400
1783084736.413754,6970,7824,3855,2720,205.5600,0.9400
1783084736.429502,6951,7805,3902,2749,205.5600,0.9400
1783084736.445401,6923,7861,3827,2739,202.8500,-1.7500
1783084736.460666,6979,7861,3855,2730,202.8500,-1.7500
1783084736.477295,6951,7880,3855,2739,202.8500,-1.7500
1783084736.494802,6923,7880,3855,2683,205.5600,-1.3700
1783084736.509676,6979,7880,3865,2674,205.5600,-1.3700
1783084736.526266,6979,7908,3874,2730,205.5600,-1.3700
1783084736.542390,6914,7824,3865,2683,202.8500,-1.7500
1783084736.558755,6932,7889,3827,2730,202.8500,-1.7500
1783084736.574445,6942,7880,3865,2711,202.8500,-1.7500
1783084736.590451,6932,7870,3874,2692,206.9900,-0.1900
1783084736.606714,6932,7814,3846,2711,206.9900,-0.1900
1783084736.622488,6885,7870,3837,2720,206.9900,-0.1900
1783084736.638366,6923,7824,3855,2730,206.9900,-0.1900
1783084736.654488,6932,7795,3855,2720,202.8500,-0.0600
1783084736.670087,6942,7814,3884,2711,202.8500,-0.0600
1783084736.685077,6942,7805,3874,2758,202.8500,-0.0600
1783084736.702435,6914,7730,3874,2758,205.5600,-0.3700
1783084736.718067,6895,7805,3884,2720,205.5600,-0.3700
1783084736.734033,6932,7748,3865,2749,205.5600,-0.3700
1783084736.749571,6932,7805,3865,2758,205.5600,-1.1200
1783084736.765329,6923,7777,3846,2795,205.5600,-1.1200
1783084736.781364,6895,7711,3884,2758,205.5600,-1.1200
1783084736.797801,6951,7833,3893,2730,201.5300,1.0600
1783084736.813436,6876,7711,3921,2702,201.5300,1.0600
1783084736.829483,6885,7786,3855,2833,201.5300,1.0600
1783084736.846592,6885,7767,3846,2758,205.5600,1.1900
1783084736.861406,6876,7711,3874,2758,205.5600,1.1900
1783084736.877380,6904,7711,3855,2795,205.5600,1.1900
1783084736.895046,6876,7730,3902,2720,197.4400,3.4400
1783084736.909620,6876,7702,3865,2777,197.4400,3.4400
1783084736.925436,6904,7730,3912,2739,197.4400,3.4400
1783084736.941747,6848,7711,3949,2739,205.5600,0.8100
1783084736.957190,6876,7730,3884,2777,205.5600,0.8100
1783084736.973270,6876,7683,3884,2767,205.5600,0.8100
1783084736.989627,6876,7692,3884,2758,205.5600,-0.7500
1783084737.005235,6876,7730,3865,2795,205.5600,-0.7500
1783084737.020672,6848,7842,3893,2758,205.5600,-0.7500
1783084737.036402,6829,7739,3949,2758,205.5600,-0.7500
1783084737.052240,6857,7720,3940,2777,206.9900,2.0000
1783084737.068630,6820,7730,3959,2795,206.9900,2.0000
1783084737.084302,6876,7739,3902,2767,206.9900,2.0000
1783084737.100344,6848,7683,3902,2814,201.5300,-0.8800
1783084737.118324,6829,7683,3902,2786,201.5300,-0.8800
1783084737.136259,6848,7692,3959,2786,201.5300,-0.8800
1783084737.152662,6876,7730,3940,2749,200.1500,2.6900
1783084737.168370,6820,7673,3912,2805,200.1500,2.6900
1783084737.184335,6857,7608,3912,2767,200.1500,2.6900
1783084737.200775,6839,7636,3893,2777,202.8500,-0.6300
1783084737.215364,6848,7627,3912,2842,202.8500,-0.6300
1783084737.231512,6782,7645,3912,2814,202.8500,-0.6300
1783084737.247648,6848,7664,3874,2795,208.2600,2.3800
1783084737.263408,6773,7627,3902,2842,208.2600,2.3800
1783084737.281372,6763,7636,3931,2842,208.2600,2.3800
1783084737.298392,6763,7617,3931,2824,205.5600,-0.3100
1783084737.317390,6763,7627,3931,2786,205.5600,-0.3100
1783084737.334505,6801,7645,4006,2852,205.5600,-0.3100
1783084737.350815,6792,7617,3949,2833,206.9900,0.7500
1783084737.366445,6839,7636,3912,2814,206.9900,0.7500
1783084737.381520,6782,7580,3931,2814,206.9900,0.7500
1783084737.398108,6782,7580,3931,2833,198.8700,-1.6900
1783084737.413497,6810,7580,3968,2786,198.8700,-1.6900
1783084737.430037,6792,7636,3977,2861,198.8700,-1.6900
1783084737.446004,6773,7645,3968,2814,205.5600,1.9400
1783084737.462451,6754,7598,4006,2861,205.5600,1.9400
1783084737.478092,6810,7561,3977,2861,205.5600,1.9400
1783084737.496604,6792,7580,3959,2824,200.1500,-1.9400
1783084737.510060,6773,7617,3949,2833,200.1500,-1.9400
1783084737.526024,6782,7523,3968,2842,200.1500,-1.9400
1783084737.543195,6782,7598,3977,2842,205.5600,0.1900
1783084737.556976,6792,7608,3977,2870,205.5600,0.1900
1783084737.573744,6782,7533,3977,2870,205.5600,0.1900
1783084737.590132,6782,7608,3977,2899,197.4400,0.3700
1783084737.605708,6754,7589,3996,2833,197.4400,0.3700
1783084737.621672,6745,7561,4015,2833,197.4400,0.3700
1783084737.638074,6782,7533,3949,2824,197.4400,0.3700
1783084737.653602,6745,7589,3977,2861,200.1500,-1.7500
1783084737.669426,6773,7589,4024,2899,200.1500,-1.7500
1783084737.684570,6735,7523,4006,2899,200.1500,-1.7500
1783084737.702752,6726,7514,4006,2908,200.1500,1.6300
1783084737.718589,6707,7551,4024,2899,200.1500,1.6300
1783084737.734841,6745,7476,4015,2899,200.1500,1.6300
1783084737.751118,6735,7551,4006,2861,200.1500,-0.8800
1783084737.766857,6726,7580,4043,2870,200.1500,-0.8800
1783084737.783284,6717,7551,4043,2899,200.1500,-0.8800
1783084737.800267,6735,7533,4024,2899,200.1500,0.1200
1783084737.817237,6679,7514,4034,2880,200.1500,0.1200
1783084737.832920,6688,7533,3996,2899,200.1500,0.1200
1783084737.849149,6726,7523,4006,2936,205.5600,1.3100
1783084737.863966,6679,7570,4006,2908,205.5600,1.3100
1783084737.879966,6679,7523,4043,2917,205.5600,1.3100
1783084737.896295,6698,7467,3987,2983,205.5600,0.9400
1783084737.911936,6688,7495,4006,2870,205.5600,0.9400
1783084737.927961,6698,7523,4024,2917,205.5600,0.9400
1783084737.945671,6698,7505,4006,2899,202.8500,0.6900
1783084737.959709,6660,7439,4043,2908,202.8500,0.6900
1783084737.975761,6688,7495,4081,2880,202.8500,0.6900
1783084737.992135,6698,7523,4043,2927,198.8700,0.8800
1783084738.007733,6670,7467,4052,2955,198.8700,0.8800
1783084738.023853,6632,7467,4071,2927,198.8700,0.8800
1783084738.040183,6651,7505,4071,2917,212.5100,-3.3100
1783084738.056260,6688,7467,4052,2936,212.5100,-3.3100
1783084738.071989,6679,7448,4043,2936,212.5100,-3.3100
1783084738.088261,6660,7495,4099,3011,212.5100,-3.3100
1783084738.104182,6642,7420,4090,2917,202.8500,2.1300
1783084738.120064,6623,7486,4071,2917,202.8500,2.1300
1783084738.136330,6688,7420,4071,2983,202.8500,2.1300
1783084738.150944,6613,7420,4081,2927,198.8700,-2.7500
1783084738.166843,6623,7476,4109,2946,198.8700,-2.7500
1783084738.183048,6660,7439,4099,2927,198.8700,-2.7500
1783084738.198766,6670,7411,4081,2964,206.9900,3.5600
1783084738.214862,6651,7430,4118,2936,206.9900,3.5600
1783084738.231055,6651,7467,4090,2983,206.9900,3.5600
1783084738.246833,6623,7458,4128,2992,200.1500,-1.0000
1783084738.263483,6604,7458,4109,2964,200.1500,-1.0000
1783084738.279651,6660,7430,4137,3039,200.1500,-1.0000
1783084738.296154,6651,7383,4146,2974,196.2200,0.3700
1783084738.311126,6623,7411,4081,2964,196.2200,0.3700
1783084738.327870,6613,7420,4137,3002,196.2200,0.3700
1783084738.344418,6613,7383,4118,2936,204.2300,0.2500
1783084738.359142,6557,7420,4137,3058,204.2300,0.2500
1783084738.375439,6613,7392,4128,2964,204.2300,0.2500
1783084738.391073,6613,7420,4128,2946,204.2300,0.2500
1783084738.407027,6585,7411,4118,2992,205.5600,-0.3100
1783084738.423482,6585,7392,4109,2964,205.5600,-0.3100
1783084738.438122,6623,7364,4109,3030,205.5600,-0.3100
1783084738.454814,6604,7392,4128,3011,200.1500,-1.3100
1783084738.470070,6585,7392,4099,2964,200.1500,-1.3100
1783084738.486066,6548,7373,4090,3021,200.1500,-1.3100
1783084738.502532,6557,7308,4137,3002,205.5600,1.0600
1783084738.518072,6595,7383,4146,3021,205.5600,1.0600
1783084738.534148,6585,7373,4165,3058,205.5600,1.0600
1783084738.550945,6576,7336,4137,3030,202.8500,-0.1900
1783084738.566557,6529,7336,4137,2992,202.8500,-0.1900
1783084738.582572,6520,7373,4184,3002,202.8500,-0.1900
1783084738.598524,6557,7364,4184,2992,198.8700,-1.4400
1783084738.614504,6585,7364,4240,3002,198.8700,-1.4400
1783084738.630156,6501,7298,4259,2992,198.8700,-1.4400
1783084738.646379,6538,7354,4193,3049,202.8500,-0.1200
1783084738.662078,6510,7345,4221,2992,202.8500,-0.1200
1783084738.678108,6557,7317,4193,2992,202.8500,-0.1200
1783084738.695472,6538,7289,4203,3011,200.1500,-3.6300
1783084738.709914,6501,7251,4165,3021,200.1500,-3.6300
1783084738.725983,6548,7317,4174,3086,200.1500,-3.6300
1783084738.741144,6520,7298,4165,3030,209.7500,0.5600
1783084738.757235,6566,7308,4165,3021,209.7500,0.5600
1783084738.773122,6501,7233,4212,3039,209.7500,0.5600
1783084738.789475,6538,7345,4156,3039,201.5300,-2.1900
1783084738.805118,6566,7298,4165,3058,201.5300,-2.1900
1783084738.821167,6463,7289,4203,3039,201.5300,-2.1900
1783084738.837641,6529,7251,4193,3039,201.5300,-2.1900
1783084738.853179,6482,7242,4231,3049,202.8500,-3.4400
1783084738.869630,6529,7308,4184,3039,202.8500,-3.4400
1783084738.887243,6557,7308,4146,3058,202.8500,-3.4400
1783084738.903557,6501,7279,4174,3058,213.6700,3.1300
1783084738.921031,6510,7279,4221,3058,213.6700,3.1300
1783084738.937329,6482,7223,4165,3096,213.6700,3.1300
1783084738.953105,6454,7261,4203,3096,200.1500,-1.1900
1783084738.968384,6445,7261,4231,3058,200.1500,-1.1900
1783084738.984864,6463,7242,4249,3002,200.1500,-1.1900
1783084739.001336,6482,7242,4259,3077,208.2600,2.8800
1783084739.017473,6501,7251,4249,3096,208.2600,2.8800
1783084739.033236,6501,7204,4165,3096,208.2600,2.8800
1783084739.049279,6454,7251,4193,3077,200.1500,-2.1900
1783084739.065328,6482,7261,4203,3067,200.1500,-2.1900
1783084739.081096,6463,7223,4231,3124,200.1500,-2.1900
1783084739.096986,6445,7204,4184,3049,202.8500,-0.2500
1783084739.113428,6398,7233,4174,3058,202.8500,-0.2500
1783084739.129084,6445,7242,4203,3096,202.8500,-0.2500
1783084739.145600,6435,7204,4184,3067,202.8500,1.5600
1783084739.160351,6416,7204,4156,3067,202.8500,1.5600
1783084739.177324,6388,7204,4184,3152,202.8500,1.5600
1783084739.194381,6407,7242,4221,3077,200.1500,-0.6900
1783084739.209711,6435,7167,4184,3114,200.1500,-0.6900
1783084739.224340,6435,7242,4287,3133,200.1500,-0.6900
1783084739.241214,6407,7289,4287,3067,204.2300,2.3100
1783084739.255958,6435,7176,4203,3143,204.2300,2.3100
1783084739.271930,6454,7186,4268,3133,204.2300,2.3100
1783084739.288758,6398,7167,4240,3058,204.2300,2.3100
1783084739.304012,6426,7195,4249,3171,201.5300,-0.1200
1783084739.319946,6379,7167,4278,3143,201.5300,-0.1200
1783084739.336272,6388,7186,4287,3077,201.5300,-0.1200
1783084739.352147,6379,7176,4287,3161,204.2300,0.0600
1783084739.368812,6323,7176,4306,3171,204.2300,0.0600
1783084739.384663,6379,7214,4268,3105,204.2300,0.0600
1783084739.400491,6407,7167,4259,3143,201.5300,-2.4400
1783084739.422315,6416,7120,4343,3105,201.5300,-2.4400
1783084739.436022,6398,7148,4343,3086,201.5300,-2.4400
1783084739.448325,6360,7101,4296,3133,200.1500,2.0600
1783084739.463681,6407,7101,4287,3161,200.1500,2.0600
1783084739.479814,6341,7101,4278,3161,200.1500,2.0600
1783084739.496622,6407,7139,4306,3161,206.9900,-1.7500
1783084739.512528,6323,7129,4306,3171,206.9900,-1.7500
1783084739.528710,6351,7129,4278,3152,206.9900,-1.7500
1783084739.544604,6332,7129,4287,3124,196.2200,1.8800
1783084739.560472,6304,7157,4278,3218,196.2200,1.8800
1783084739.576546,6370,7092,4287,3152,196.2200,1.8800
1783084739.593476,6294,7082,4259,3161,202.8500,-1.5600
1783084739.608731,6276,7111,4287,3199,202.8500,-1.5600
1783084739.624563,6388,7129,4296,3180,202.8500,-1.5600
1783084739.640573,6313,7111,4287,3143,202.8500,-1.5600
1783084739.656521,6370,7148,4268,3199,205.5600,-1.5000
1783084739.672578,6323,7082,4306,3171,205.5600,-1.5000
1783084739.688631,6332,7064,4287,3180,205.5600,-1.5000
1783084739.704705,6294,7120,4268,3199,200.1500,-2.0000
1783084739.720660,6257,7148,4231,3218,200.1500,-2.0000
1783084739.735956,6341,7064,4240,3189,200.1500,-2.0000
1783084739.751938,6341,7045,4334,3199,209.7500,-1.6900
1783084739.767783,6323,7092,4278,3236,209.7500,-1.6900
1783084739.784002,6304,7073,4306,3171,209.7500,-1.6900
1783084739.799924,6294,7082,4315,3208,196.2200,2.8800
1783084739.815883,6323,7101,4306,3236,196.2200,2.8800
1783084739.831638,6304,7111,4240,3227,196.2200,2.8800
1783084739.847739,6285,7064,4334,3218,205.5600,0.1900
1783084739.864002,6266,7092,4306,3208,205.5600,0.1900
1783084739.879763,6323,7082,4287,3255,205.5600,0.1900
1783084739.895631,6257,7073,4287,3208,205.5600,0.1900
1783084739.912216,6285,7073,4315,3227,205.5600,0.1900
1783084739.927666,6257,7054,4362,3274,205.5600,0.1900
1783084739.944528,6266,7092,4418,3293,205.5600,-0.1200
1783084739.959821,6248,7036,4362,3274,205.5600,-0.1200
1783084739.975696,6285,7026,4343,3246,205.5600,-0.1200
1783084739.991804,6294,7064,4315,3264,200.1500,0.4400
1783084740.008023,6276,7045,4343,3321,200.1500,0.4400
1783084740.023054,6257,7101,4334,3264,200.1500,0.4400
1783084740.039063,6248,6998,4343,3274,200.1500,0.4400
1783084740.055235,6238,6979,4334,3311,205.5600,0.1200
1783084740.071031,6210,7054,4362,3274,205.5600,0.1200
1783084740.087171,6257,7036,4371,3274,205.5600,0.1200
1783084740.103307,6229,6989,4315,3311,205.5600,-0.5000
1783084740.119063,6191,7017,4325,3302,205.5600,-0.5000
1783084740.135044,6210,7045,4334,3321,205.5600,-0.5000
1783084740.151060,6276,7073,4315,3321,202.8500,-0.2500
1783084740.166791,6191,7007,4315,3311,202.8500,-0.2500
1783084740.182825,6210,6970,4315,3321,202.8500,-0.2500
1783084740.198953,6219,7054,4325,3330,205.5600,0.6900
1783084740.214792,6219,7064,4287,3368,205.5600,0.6900
1783084740.230973,6238,6979,4325,3302,205.5600,0.6900
1783084740.247091,6191,6970,4343,3358,202.8500,0.3700
1783084740.263003,6229,7017,4334,3340,202.8500,0.3700
1783084740.278838,6219,6989,4400,3302,202.8500,0.3700
1783084740.294940,6201,7007,4390,3358,202.8500,0.9400
1783084740.310228,6191,6960,4428,3405,202.8500,0.9400
1783084740.326357,6229,6979,4418,3386,202.8500,0.9400
1783084740.342067,6182,6979,4409,3405,202.8500,0.9400
1783084740.358195,6173,7026,4362,3433,202.8500,-0.5600
1783084740.373947,6229,7007,4371,3443,202.8500,-0.5600
1783084740.389869,6154,7064,4371,3405,202.8500,-0.5600
1783084740.406140,6154,6998,4437,3405,202.8500,-0.8800
1783084740.421961,6191,7017,4400,3508,202.8500,-0.8800
1783084740.438244,6154,6960,4353,3490,202.8500,-0.8800
1783084740.454183,6182,6998,4362,3377,202.8500,4.1300
1783084740.470143,6191,6914,4409,3405,202.8500,4.1300
1783084740.486109,6173,6989,4381,3508,202.8500,4.1300
1783084740.502082,6163,6979,4418,3443,200.1500,0.4400
1783084740.518079,6191,6979,4390,3490,200.1500,0.4400
1783084740.534251,6144,7026,4371,3490,200.1500,0.4400
1783084740.550054,6173,6970,4409,3471,202.8500,1.6900
1783084740.566202,6135,6989,4381,3433,202.8500,1.6900
1783084740.581023,6144,6970,4362,3527,202.8500,1.6900
1783084740.597118,6154,6970,4465,3546,200.1500,-1.2500
1783084740.613491,6097,6932,4381,3490,200.1500,-1.2500
1783084740.629269,6135,6998,4381,3527,200.1500,-1.2500
1783084740.645310,6144,6960,4381,3508,208.2600,-4.0000
1783084740.661592,6116,6960,4390,3546,208.2600,-4.0000
1783084740.678025,6191,6960,4390,3583,208.2600,-4.0000
1783084740.694917,6107,6979,4437,3508,197.4400,-2.8100
1783084740.710040,6116,6904,4428,3508,197.4400,-2.8100
1783084740.726030,6079,6989,4371,3518,197.4400,-2.8100
1783084740.742071,6097,6960,4381,3490,205.5600,0.5600
1783084740.758156,6135,6923,4428,3508,205.5600,0.5600
1783084740.774067,6069,6914,4446,3537,205.5600,0.5600
1783084740.790015,6079,6857,4437,3546,205.5600,0.5600
1783084740.806376,6107,6895,4446,3518,208.2600,-1.2500
1783084740.822073,6079,6923,4428,3499,208.2600,-1.2500
1783084740.838060,6116,6904,4446,3602,208.2600,-1.2500
1783084740.853330,6154,6923,4428,3537,205.5600,1.1200
1783084740.869042,6060,6914,4437,3555,205.5600,1.1200
1783084740.885062,6097,6932,4456,3574,205.5600,1.1200
1783084740.901334,6051,6951,4437,3527,200.1500,-1.9400
1783084740.917026,6088,6885,4418,3612,200.1500,-1.9400
1783084740.933010,6107,6867,4390,3527,200.1500,-1.9400
1783084740.949220,6060,6951,4512,3527,208.2600,0.3100
1783084740.965067,6097,6932,4409,3508,208.2600,0.3100
1783084740.981103,6088,6904,4475,3593,208.2600,0.3100
1783084740.997261,6069,6876,4418,3527,208.2600,-0.8800
1783084741.013130,6060,6885,4437,3537,208.2600,-0.8800
1783084741.029187,6069,6904,4437,3527,208.2600,-0.8800
1783084741.045253,6013,6895,4428,3518,205.5600,3.6300
1783084741.061170,6041,6848,4465,3546,205.5600,3.6300
1783084741.077132,6088,6829,4437,3583,205.5600,3.6300
1783084741.094057,6022,6876,4493,3593,205.5600,-0.5600
1783084741.109174,6022,6904,4465,3565,205.5600,-0.5600
1783084741.124460,6051,6857,4456,3602,205.5600,-0.5600
1783084741.140260,6032,6839,4475,3518,205.5600,-0.5600
1783084741.156227,6004,6857,4484,3612,208.2600,-1.4400
1783084741.172357,6004,6857,4446,3602,208.2600,-1.4400
1783084741.188221,6032,6848,4512,3546,208.2600,-1.4400
1783084741.204199,5976,6829,4484,3602,201.5300,-0.0600
1783084741.220223,6041,6904,4484,3630,201.5300,-0.0600
1783084741.236291,6060,6895,4465,3649,201.5300,-0.0600
1783084741.252246,5976,6848,4465,3621,209.7500,-1.5600
1783084741.268218,5994,6839,4531,3677,209.7500,-1.5600
1783084741.284241,6013,6848,4437,3621,209.7500,-1.5600
1783084741.300258,6032,6801,4446,3621,193.5700,1.1200
1783084741.316311,5985,6829,4475,3640,193.5700,1.1200
1783084741.332261,6013,6801,4465,3630,193.5700,1.1200
1783084741.348202,5976,6829,4484,3649,209.7500,0.3100
1783084741.364260,5976,6867,4512,3621,209.7500,0.3100
1783084741.380299,5994,6810,4493,3658,209.7500,0.3100
1783084741.396273,5994,6848,4493,3677,205.5600,1.9400
1783084741.412305,5957,6801,4522,3649,205.5600,1.9400
1783084741.427338,5976,6801,4465,3593,205.5600,1.9400
1783084741.444462,5985,6773,4446,3630,205.5600,-0.8100
1783084741.459733,5957,6839,4512,3668,205.5600,-0.8100
1783084741.475619,6004,6792,4503,3715,205.5600,-0.8100
1783084741.491564,6004,6857,4512,3612,208.2600,1.8800
1783084741.507998,5985,6829,4512,3687,208.2600,1.8800
1783084741.523568,5919,6792,4493,3687,208.2600,1.8800
1783084741.539308,5929,6829,4493,3696,208.2600,1.8800
1783084741.555647,5966,6782,4587,3658,205.5600,-0.6300
1783084741.571500,5891,6820,4493,3696,205.5600,-0.6300
1783084741.587547,5910,6810,4484,3658,205.5600,-0.6300
1783084741.603672,5994,6810,4522,3696,206.8300,1.0000
1783084741.619455,5900,6801,4522,3640,206.8300,1.0000
1783084741.635488,5919,6773,4484,3668,206.8300,1.0000
1783084741.651481,5966,6820,4512,3612,206.9900,-1.3700
1783084741.667349,5910,6829,4475,3677,206.9900,-1.3700
1783084741.683331,5985,6848,4559,3640,206.9900,-1.3700
1783084741.699451,5891,6792,4512,3734,204.1800,0.3100
1783084741.714379,5910,6773,4550,3743,204.1800,0.3100
1783084741.730342,5957,6810,4503,3687,204.1800,0.3100
1783084741.746303,5919,6763,4531,3734,205.5600,-0.7500
1783084741.762358,5938,6763,4559,3687,205.5600,-0.7500
1783084741.778403,5900,6773,4540,3705,205.5600,-0.7500
1783084741.795351,5910,6754,4512,3696,205.5600,-1.1200
1783084741.810638,5929,6773,4587,3705,205.5600,-1.1200
1783084741.826540,5882,6773,4540,3724,205.5600,-1.1200
1783084741.842486,5882,6763,4512,3734,205.5600,-1.1200
1783084741.858390,5882,6792,4578,3752,205.5600,0.0600
1783084741.874686,5900,6810,4550,3743,205.5600,0.0600
1783084741.890615,5854,6792,4512,3724,205.5600,0.0600
1783084741.906428,5910,6745,4568,3696,205.5600,-1.2500
1783084741.922430,5900,6754,4587,3762,205.5600,-1.2500
1783084741.938485,5872,6773,4559,3799,205.5600,-1.2500
1783084741.954400,5900,6773,4568,3743,209.7500,1.8100
1783084741.970411,5835,6763,4550,3696,209.7500,1.8100
1783084741.986476,5872,6763,4550,3668,209.7500,1.8100
1783084742.001419,5872,6735,4559,3743,206.8300,0.1200
1783084742.017566,5863,6726,4559,3771,206.8300,0.1200
1783084742.033529,5882,6707,4568,3846,206.8300,0.1200
1783084742.049427,5816,6707,4559,3780,209.7500,0.2500
1783084742.065632,5854,6754,4550,3780,209.7500,0.2500
1783084742.081377,5835,6726,4540,3715,209.7500,0.2500
1783084742.097454,5844,6698,4531,3705,206.8300,-0.1900
1783084742.113641,5835,6688,4522,3734,206.8300,-0.1900
1783084742.129429,5844,6670,4606,3734,206.8300,-0.1900
1783084742.145410,5825,6745,4597,3752,209.7500,-0.2500
1783084742.161753,5788,6717,4587,3752,209.7500,-0.2500
1783084742.177455,5854,6717,4559,3818,209.7500,-0.2500
1783084742.194201,5844,6717,4615,3799,204.1800,-1.9400
1783084742.209645,5844,6726,4578,3846,204.1800,-1.9400
1783084742.225483,5816,6688,4568,3837,204.1800,-1.9400
1783084742.241608,5854,6698,4615,3743,205.5600,1.8800
1783084742.257663,5788,6735,4625,3752,205.5600,1.8800
1783084742.272563,5825,6717,4568,3790,205.5600,1.8800
1783084742.288523,5788,6707,4587,3827,205.5600,1.8800
1783084742.304538,5797,6670,4550,3790,205.5600,-1.2500
1783084742.320508,5835,6670,4597,3771,205.5600,-1.2500
1783084742.336573,5816,6688,4606,3818,205.5600,-1.2500
1783084742.352584,5816,6670,4606,3780,208.2600,3.0600
1783084742.368515,5797,6679,4634,3818,208.2600,3.0600
1783084742.384580,5760,6688,4615,3780,208.2600,3.0600
1783084742.400798,5788,6632,4606,3809,205.5600,-0.7500
1783084742.416984,5779,6698,4643,3790,205.5600,-0.7500
1783084742.432533,5779,6688,4597,3771,205.5600,-0.7500
1783084742.448648,5779,6651,4587,3865,208.2600,1.0600
1783084742.464648,5741,6642,4643,3846,208.2600,1.0600
1783084742.480606,5779,6651,4587,3780,208.2600,1.0600
1783084742.496603,5825,6660,4662,3809,206.9900,0.3700
1783084742.512613,5732,6642,4597,3771,206.9900,0.3700
1783084742.528608,5769,6651,4634,3818,206.9900,0.3700
1783084742.544880,5769,6670,4634,3799,202.8500,1.1200
1783084742.560627,5750,6632,4634,3809,202.8500,1.1200
1783084742.575790,5750,6642,4634,3790,202.8500,1.1200
1783084742.591565,5750,6670,4625,3799,202.8500,1.1200
1783084742.607575,5732,6623,4653,3827,201.5300,0.1900
1783084742.623779,5750,6642,4653,3780,201.5300,0.1900
1783084742.639651,5722,6642,4625,3790,201.5300,0.1900
1783084742.655598,5732,6613,4653,3827,205.5600,0.5000
1783084742.671923,5703,6613,4681,3809,205.5600,0.5000
1783084742.687632,5750,6642,4662,3846,205.5600,0.5000
1783084742.703744,5713,6623,4662,3809,204.2300,-1.6900
1783084742.719923,5685,6613,4653,3809,204.2300,-1.6900
1783084742.735627,5713,6642,4606,3818,204.2300,-1.6900
1783084742.751753,5703,6642,4672,3809,201.5300,-1.0000
1783084742.767950,5732,6595,4643,3855,201.5300,-1.0000
1783084742.783679,5685,6595,4662,3846,201.5300,-1.0000
1783084742.799808,5675,6576,4681,3846,202.8500,-1.1900
1783084742.816018,5694,6604,4672,3827,202.8500,-1.1900
1783084742.831788,5666,6604,4709,3865,202.8500,-1.1900
1783084742.846910,5713,6632,4700,3846,201.4700,-0.8800
1783084742.862929,5713,6642,4672,3874,201.4700,-0.8800
1783084742.878736,5685,6604,4643,3846,201.4700,-0.8800
1783084742.894966,5657,6585,4672,3865,196.2200,1.9400
1783084742.910952,5666,6585,4681,3865,196.2200,1.9400
1783084742.927141,5694,6557,4737,3855,196.2200,1.9400
1783084742.943086,5675,6604,4718,3884,197.4400,-2.5600
1783084742.959315,5638,6566,4662,3902,197.4400,-2.5600
1783084742.975078,5647,6585,4718,3884,197.4400,-2.5600
1783084742.991031,5675,6585,4709,3874,205.5600,0.5600
1783084743.007471,5694,6548,4681,3902,205.5600,0.5600
1783084743.022838,5638,6576,4709,3874,205.5600,0.5600
1783084743.038905,5666,6529,4690,3912,205.5600,0.5600
1783084743.056330,5647,6566,4737,3902,205.5600,0.4400
1783084743.070956,5657,6548,4718,3902,205.5600,0.4400
1783084743.086810,5675,6548,4700,3902,205.5600,0.4400
1783084743.102966,5619,6548,4737,3902,200.1500,1.4400
1783084743.118845,5647,6529,4681,3931,200.1500,1.4400
1783084743.133933,5628,6529,4728,3959,200.1500,1.4400
1783084743.149817,5657,6538,4690,3977,208.2600,0.2500
1783084743.165785,5647,6510,4765,3987,208.2600,0.2500
1783084743.181913,5675,6548,4775,3968,208.2600,0.2500
1783084743.197949,5657,6482,4718,3949,205.5600,-1.5000
1783084743.213798,5628,6473,4728,3959,205.5600,-1.5000
1783084743.230264,5582,6491,4681,3940,205.5600,-1.5000
1783084743.245974,5628,6482,4690,3977,202.8500,1.0600
1783084743.261913,5675,6501,4718,3931,202.8500,1.0600
1783084743.277970,5610,6510,4690,4006,202.8500,1.0600
1783084743.294874,5657,6491,4700,3959,202.8500,-0.7500
1783084743.309868,5591,6473,4747,4006,202.8500,-0.7500
1783084743.326118,5610,6454,4747,3987,202.8500,-0.7500
1783084743.341884,5619,6407,4747,3977,202.8500,-0.7500
1783084743.357910,5572,6463,4737,3959,202.8500,2.0600
1783084743.373987,5619,6482,4737,3949,202.8500,2.0600
1783084743.389870,5535,6463,4737,3996,202.8500,2.0600
1783084743.405011,5600,6473,4747,3996,202.8500,0.0000
1783084743.421156,5563,6463,4700,3977,202.8500,0.0000
1783084743.436979,5591,6454,4728,3959,202.8500,0.0000
1783084743.453032,5553,6473,4756,4015,202.8500,0.5000
1783084743.469143,5582,6463,4765,4015,202.8500,0.5000
1783084743.484955,5600,6463,4747,3977,202.8500,0.5000
1783084743.501003,5572,6482,4765,3968,208.2600,-0.9400
1783084743.517158,5553,6454,4747,3987,208.2600,-0.9400
1783084743.532977,5544,6482,4737,3987,208.2600,-0.9400
1783084743.549020,5563,6463,4737,4015,206.9900,1.4400
1783084743.565201,5582,6482,4812,4128,206.9900,1.4400
1783084743.581046,5553,6463,4747,4024,206.9900,1.4400
1783084743.596996,5563,6482,4756,3987,201.5300,-1.7500
1783084743.613424,5553,6454,4775,3996,201.5300,-1.7500
1783084743.629067,5563,6454,4775,4034,201.5300,-1.7500
1783084743.645145,5535,6426,4737,3977,210.9700,0.3100
1783084743.661428,5535,6407,4822,4052,210.9700,0.3100
1783084743.677134,5553,6398,4775,4081,210.9700,0.3100
1783084743.692417,5516,6388,4765,4043,205.5600,-1.4400
1783084743.709156,5544,6435,4794,4071,205.5600,-1.4400
1783084743.724369,5544,6379,4803,4043,205.5600,-1.4400
1783084743.740045,5553,6360,4784,4024,205.5600,0.0000
1783084743.756033,5544,6398,4812,4071,205.5600,0.0000
1783084743.772037,5563,6379,4812,4024,205.5600,0.0000
1783084743.788090,5506,6416,4784,4081,205.5600,0.0000
1783084743.804098,5572,6416,4822,4109,202.8500,0.0600
1783084743.820101,5535,6341,4812,4118,202.8500,0.0600
1783084743.836144,5506,6323,4812,4043,202.8500,0.0600
1783084743.852101,5497,6379,4822,4043,202.8500,-2.1900
1783084743.868124,5497,6370,4756,4081,202.8500,-2.1900
1783084743.884241,5469,6407,4803,4137,202.8500,-2.1900
1783084743.900220,5469,6379,4822,4109,205.5600,0.6900
1783084743.916118,5488,6426,4822,4128,205.5600,0.6900
1783084743.932307,5488,6407,4803,4062,205.5600,0.6900
1783084743.948309,5506,6370,4840,4090,208.2600,-1.1900
1783084743.965262,5506,6379,4850,4137,208.2600,-1.1900
1783084743.981228,5506,6351,4897,4128,208.2600,-1.1900
1783084743.997429,5544,6360,4812,4090,208.2600,0.6300
1783084744.013178,5478,6379,4822,4109,208.2600,0.6300
1783084744.029586,5469,6407,4887,4071,208.2600,0.6300
1783084744.045320,5469,6398,4840,4062,205.5600,1.0000
1783084744.061279,5469,6388,4831,4062,205.5600,1.0000
1783084744.077293,5431,6388,4869,4099,205.5600,1.0000
1783084744.094139,5469,6398,4784,4165,208.2600,1.7500
1783084744.109237,5441,6360,4859,4146,208.2600,1.7500
1783084744.125245,5478,6388,4803,4128,208.2600,1.7500
1783084744.141505,5469,6360,4831,4109,208.2600,0.6300
1783084744.157270,5431,6351,4822,4071,208.2600,0.6300
1783084744.173327,5469,6313,4794,4118,208.2600,0.6300
1783084744.189471,5413,6341,4831,4137,205.5600,1.2500
1783084744.205327,5441,6323,4840,4137,205.5600,1.2500
1783084744.220387,5450,6332,4850,4109,205.5600,1.2500
1783084744.236273,5413,6285,4840,4137,205.5600,1.2500
1783084744.252272,5422,6294,4840,4109,202.8500,-3.5000
1783084744.268316,5431,6313,4822,4156,202.8500,-3.5000
1783084744.284538,5422,6266,4831,4165,202.8500,-3.5000
1783084744.300329,5394,6313,4878,4174,205.5600,2.3100
1783084744.316294,5413,6323,4859,4156,205.5600,2.3100
1783084744.332339,5422,6248,4869,4137,205.5600,2.3100
1783084744.348340,5403,6313,4906,4165,202.8500,-2.6300
1783084744.364398,5422,6266,4915,4146,202.8500,-2.6300
1783084744.380388,5403,6294,4934,4128,202.8500,-2.6300
1783084744.396388,5403,6323,4887,4221,205.5600,3.6900
1783084744.412392,5422,6248,4934,4212,205.5600,3.6900
1783084744.428418,5422,6304,4878,4156,205.5600,3.6900
1783084744.445321,5422,6304,4878,4212,194.7400,-2.1300
1783084744.462645,5431,6313,4934,4137,194.7400,-2.1300
1783084744.479054,5450,6266,4915,4174,194.7400,-2.1300
1783084744.495968,5403,6266,4915,4203,202.8500,1.9400
1783084744.510594,5347,6266,4944,4231,202.8500,1.9400
1783084744.527734,5413,6304,4906,4240,202.8500,1.9400
1783084744.544477,5338,6294,4934,4212,198.8700,-0.2500
1783084744.557568,5422,6219,4925,4165,198.8700,-0.2500
1783084744.573912,5413,6276,4934,4221,198.8700,-0.2500
1783084744.589716,5366,6238,4972,4212,198.8700,-0.2500
1783084744.605508,5347,6248,4934,4212,204.2300,0.3100
1783084744.621699,5338,6238,4934,4203,204.2300,0.3100
1783084744.637479,5356,6248,4887,4212,204.2300,0.3100
1783084744.653491,5356,6238,4915,4221,200.1500,-1.0000
1783084744.669682,5356,6248,5000,4193,200.1500,-1.0000
1783084744.685551,5385,6229,4944,4184,200.1500,-1.0000
1783084744.701540,5300,6248,4962,4240,201.5300,2.0000
1783084744.717730,5356,6229,4934,4231,201.5300,2.0000
1783084744.733587,5366,6266,4944,4231,201.5300,2.0000
1783084744.748591,5356,6257,4953,4249,206.9900,-0.2500
1783084744.764562,5319,6219,4991,4212,206.9900,-0.2500
1783084744.780550,5366,6276,4972,4193,206.9900,-0.2500
1783084744.796517,5356,6266,4991,4249,201.5300,-0.8100
1783084744.812578,5366,6248,4953,4231,201.5300,-0.8100
1783084744.828528,5272,6219,4972,4296,201.5300,-0.8100
1783084744.845516,5338,6201,4962,4249,201.4700,-0.8100
1783084744.860885,5309,6201,4981,4249,201.4700,-0.8100
1783084744.876811,5347,6257,4962,4259,201.4700,-0.8100
1783084744.892892,5309,6229,4962,4296,205.5600,-1.5600
1783084744.909095,5347,6248,4972,4334,205.5600,-1.5600
1783084744.924756,5281,6238,4972,4296,205.5600,-1.5600
1783084744.940608,5328,6182,4944,4259,200.1500,1.6900
1783084744.956923,5281,6219,5009,4306,200.1500,1.6900
1783084744.972695,5338,6191,5019,4287,200.1500,1.6900
1783084744.988715,5300,6229,4962,4325,200.1500,1.6900
1783084745.005959,5300,6191,4991,4306,205.5600,0.6900
1783084745.021837,5300,6154,4972,4296,205.5600,0.6900
1783084745.037678,5319,6163,4944,4278,205.5600,0.6900
1783084745.053890,5244,6154,4991,4325,198.8700,0.2500
1783084745.069698,5234,6191,4953,4296,198.8700,0.2500
1783084745.085717,5291,6163,4962,4315,198.8700,0.2500
1783084745.102107,5272,6219,4991,4287,209.7500,-0.1200
1783084745.117706,5272,6154,5028,4287,209.7500,-0.1200
1783084745.133708,5281,6144,5000,4315,209.7500,-0.1200
1783084745.149941,5272,6135,5000,4343,202.8500,0.6300
1783084745.165800,5272,6163,4953,4306,202.8500,0.6300
1783084745.181754,5263,6173,4962,4315,202.8500,0.6300
1783084745.198001,5272,6201,5075,4296,205.5600,0.2500
1783084745.213783,5272,6210,5028,4334,205.5600,0.2500
1783084745.229743,5244,6248,5019,4362,205.5600,0.2500
1783084745.246107,5272,6201,5009,4315,205.5600,-0.6900
1783084745.260889,5206,6182,5056,4315,205.5600,-0.6900
1783084745.276800,5272,6116,5056,4306,205.5600,-0.6900
1783084745.292973,5263,6163,4981,4306,208.2600,-0.8100
1783084745.308792,5216,6144,5028,4287,208.2600,-0.8100
1783084745.324831,5263,6088,4972,4306,208.2600,-0.8100
1783084745.341025,5178,6116,5000,4325,201.5300,0.3700
1783084745.356835,5253,6135,5019,4315,201.5300,0.3700
1783084745.372833,5216,6116,5028,4334,201.5300,0.3700
1783084745.389007,5253,6126,5019,4306,209.7500,0.0600
1783084745.404884,5244,6126,5037,4306,209.7500,0.0600
1783084745.420854,5178,6135,5075,4296,209.7500,0.0600
1783084745.437091,5206,6088,5066,4325,209.7500,0.0600
1783084745.452845,5225,6088,5066,4325,197.4400,2.1900
1783084745.468884,5225,6126,5028,4381,197.4400,2.1900
1783084745.485209,5216,6126,5037,4325,197.4400,2.1900
1783084745.500868,5253,6069,5009,4343,206.8300,-0.6300
1783084745.516904,5178,6126,5075,4381,206.8300,-0.6300
1783084745.533027,5159,6097,5075,4371,206.8300,-0.6300
1783084745.547932,5234,6088,5075,4409,209.7500,0.1200
1783084745.564445,5197,6088,5112,4409,209.7500,0.1200
1783084745.579921,5206,6041,5094,4409,209.7500,0.1200
1783084745.595837,5169,6097,5112,4418,201.5300,0.3700
1783084745.611935,5225,6097,5084,4428,201.5300,0.3700
1783084745.628291,5150,6088,5112,4409,201.5300,0.3700
1783084745.646034,5150,6107,5056,4390,206.9900,0.1200
1783084745.662148,5216,6107,5112,4400,206.9900,0.1200
1783084745.677975,5178,6088,5112,4409,206.9900,0.1200
1783084745.694783,5141,6116,5112,4400,204.1800,0.8100
1783084745.709945,5131,6088,5103,4456,204.1800,0.8100
1783084745.726048,5159,6060,5131,4475,204.1800,0.8100
1783084745.742145,5122,6032,5103,4456,204.1800,0.8100
1783084745.758033,5178,6022,5122,4428,208.2600,-0.4400
1783084745.774119,5159,6051,5066,4428,208.2600,-0.4400
1783084745.790015,5131,6013,5112,4446,208.2600,-0.4400
1783084745.805016,5169,6013,5094,4437,209.7500,-2.2500
1783084745.821125,5112,6032,5094,4428,209.7500,-2.2500
1783084745.836975,5159,6032,5084,4465,209.7500,-2.2500
1783084745.853381,5094,6041,5122,4484,204.1800,-0.9400
1783084745.869500,5122,6022,5122,4484,204.1800,-0.9400
1783084745.885026,5122,6004,5084,4465,204.1800,-0.9400
1783084745.901061,5103,6013,5103,4475,209.7500,0.0600
1783084745.917234,5103,6060,5112,4437,209.7500,0.0600
1783084745.933096,5112,6004,5141,4437,209.7500,0.0600
1783084745.949293,5131,5985,5103,4446,198.8700,-0.0600
1783084745.965454,5112,6004,5141,4465,198.8700,-0.0600
1783084745.981256,5056,5994,5112,4465,198.8700,-0.0600
1783084745.997289,5094,5957,5112,4456,206.9900,2.6300
1783084746.013346,5094,5957,5103,4465,206.9900,2.6300
1783084746.029205,5131,5976,5169,4503,206.9900,2.6300
1783084746.045336,5084,5994,5103,4456,202.8500,-2.4400
1783084746.061394,5103,5966,5141,4465,202.8500,-2.4400
1783084746.076176,5047,6013,5131,4503,202.8500,-2.4400
1783084746.092156,5075,6022,5150,4493,205.5600,0.9400
1783084746.108149,5047,6032,5131,4540,205.5600,0.9400
1783084746.124148,5112,6041,5188,4503,205.5600,0.9400
1783084746.140663,5047,6022,5159,4493,201.5300,-0.4400
1783084746.156206,5094,5985,5150,4512,201.5300,-0.4400
1783084746.172127,5028,5994,5178,4559,201.5300,-0.4400
1783084746.188136,5037,5957,5131,4522,201.5300,-0.4400
1783084746.206261,5037,6004,5169,4512,205.5600,1.5000
1783084746.222201,5112,5994,5188,4531,205.5600,1.5000
1783084746.238267,5037,6022,5188,4531,205.5600,1.5000
1783084746.254262,5084,6032,5150,4512,204.2300,0.4400
1783084746.270283,5028,6013,5197,4550,204.2300,0.4400
1783084746.286296,5075,6051,5188,4550,204.2300,0.4400
1783084746.302248,5028,6022,5216,4531,206.8300,-1.5000
1783084746.318307,5084,5985,5188,4512,206.8300,-1.5000
1783084746.333221,5094,6022,5225,4540,206.8300,-1.5000
1783084746.349365,5047,6013,5216,4578,202.8500,0.9400
1783084746.365298,5122,5985,5225,4550,202.8500,0.9400
1783084746.381271,5019,6013,5225,4578,202.8500,0.9400
1783084746.397404,5037,5976,5272,4540,205.5600,-1.2500
1783084746.413216,5047,5976,5225,4578,205.5600,-1.2500
1783084746.429199,5056,5976,5225,4522,205.5600,-1.2500
1783084746.445735,5047,5957,5216,4578,205.5600,2.5000
1783084746.461450,5037,5994,5272,4550,205.5600,2.5000
1783084746.477382,5056,6022,5234,4559,205.5600,2.5000
1783084746.493739,5037,5985,5225,4587,202.8500,-0.8100
1783084746.509399,4991,6032,5225,4559,202.8500,-0.8100
1783084746.525322,5047,5966,5234,4559,202.8500,-0.8100
1783084746.541461,4972,5947,5253,4550,200.1500,1.0000
1783084746.557274,5019,5947,5263,4559,200.1500,1.0000
1783084746.573261,5028,5947,5263,4606,200.1500,1.0000
1783084746.589534,5009,5947,5253,4568,202.8500,0.5000
1783084746.604367,5019,5947,5253,4587,202.8500,0.5000
1783084746.620343,4972,5985,5253,4615,202.8500,0.5000
1783084746.636376,4991,5929,5263,4559,202.8500,0.5000
1783084746.652362,5000,5985,5253,4587,208.2600,0.1200
1783084746.668341,4972,6013,5206,4587,208.2600,0.1200
1783084746.684404,4962,5947,5263,4615,208.2600,0.1200
1783084746.700361,5019,5919,5281,4615,206.9900,-0.8800
1783084746.716472,4981,5966,5319,4578,206.9900,-0.8800
1783084746.732410,5000,5957,5225,4578,206.9900,-0.8800
1783084746.748409,4953,5966,5244,4615,204.1800,1.5000
1783084746.764404,5009,5976,5244,4597,204.1800,1.5000
1783084746.780421,4944,5891,5263,4625,204.1800,1.5000
1783084746.796343,4981,5976,5272,4653,205.5600,-0.8800
1783084746.812436,4962,5985,5272,4653,205.5600,-0.8800
1783084746.828500,5019,5938,5272,4643,205.5600,-0.8800
1783084746.845067,5028,5929,5244,4615,205.5600,3.8800
1783084746.860423,4991,5947,5309,4634,205.5600,3.8800
1783084746.876519,4962,5938,5244,4606,205.5600,3.8800
1783084746.891438,4981,5938,5291,4672,208.2600,-1.5600
1783084746.907758,4991,5976,5263,4653,208.2600,-1.5600
1783084746.923476,4944,5966,5272,4653,208.2600,-1.5600
1783084746.939802,4944,5957,5225,4643,208.2600,-1.5600
1783084746.955633,4934,5919,5291,4756,202.8500,-1.5000
1783084746.971427,4981,5919,5263,4728,202.8500,-1.5000
1783084746.987830,4944,5929,5263,4681,202.8500,-1.5000
1783084747.005619,4944,5985,5319,4718,200.1500,0.3100
1783084747.021915,4962,5919,5281,4700,200.1500,0.3100
1783084747.037665,4934,5947,5263,4709,200.1500,0.3100
1783084747.053512,4944,5900,5263,4690,202.8500,-0.7500
1783084747.070043,4887,5882,5291,4700,202.8500,-0.7500
1783084747.085634,4944,5910,5281,4709,202.8500,-0.7500
1783084747.101568,4887,5919,5319,4709,208.2600,0.5600
1783084747.117923,4944,5882,5309,4718,208.2600,0.5600
1783084747.132771,4915,5872,5253,4737,208.2600,0.5600
1783084747.148534,4887,5910,5300,4775,205.5600,0.4400
1783084747.164618,4925,5854,5291,4765,205.5600,0.4400
1783084747.180530,4859,5919,5263,4765,205.5600,0.4400
1783084747.196552,4906,5835,5281,4794,205.5600,0.7500
1783084747.212593,4869,5872,5291,4756,205.5600,0.7500
1783084747.228575,4878,5900,5263,4747,205.5600,0.7500
1783084747.245542,4878,5863,5309,4784,200.1500,-0.4400
1783084747.260793,4840,5882,5272,4756,200.1500,-0.4400
1783084747.276595,4897,5929,5319,4822,200.1500,-0.4400
1783084747.292581,4850,5854,5319,4756,209.7500,0.1200
1783084747.308650,4915,5854,5300,4765,209.7500,0.1200
1783084747.324626,4831,5863,5319,4709,209.7500,0.1200
1783084747.340612,4887,5929,5272,4747,204.1800,-1.9400
1783084747.356870,4887,5872,5309,4756,204.1800,-1.9400
1783084747.372776,4869,5854,5291,4747,204.1800,-1.9400
1783084747.388771,4897,5882,5328,4709,204.1800,-1.9400
1783084747.404862,4812,5891,5328,4775,202.8500,0.2500
1783084747.419658,4869,5825,5300,4756,202.8500,0.2500
1783084747.435880,4859,5863,5338,4803,202.8500,0.2500
1783084747.451616,4859,5835,5328,4784,205.5600,-0.6900
1783084747.467637,4831,5835,5347,4812,205.5600,-0.6900
1783084747.483850,4869,5882,5309,4784,205.5600,-0.6900
1783084747.499633,4840,5835,5328,4840,205.5600,1.9400
1783084747.515749,4840,5910,5338,4887,205.5600,1.9400
1783084747.531909,4831,5872,5319,4850,205.5600,1.9400
1783084747.547589,4840,5854,5328,4859,202.8500,-0.8800
1783084747.565719,4840,5872,5356,4831,202.8500,-0.8800
1783084747.581746,4859,5807,5366,4850,202.8500,-0.8800
1783084747.597926,4803,5882,5356,4897,202.8500,0.3100
1783084747.613705,4812,5882,5347,4840,202.8500,0.3100
1783084747.629739,4812,5854,5394,4925,202.8500,0.3100
1783084747.645895,4784,5854,5375,4915,208.2600,-0.7500
1783084747.660863,4775,5854,5366,4859,208.2600,-0.7500
1783084747.676793,4822,5854,5375,4869,208.2600,-0.7500
1783084747.693001,4812,5882,5338,4878,208.2600,-0.7500
1783084747.708790,4822,5797,5394,4906,208.2600,-0.7500
1783084747.724837,4803,5872,5385,4840,208.2600,-0.7500
1783084747.741064,4728,5854,5347,4962,208.2600,1.6300
1783084747.756929,4803,5797,5375,4897,208.2600,1.6300
1783084747.772803,4784,5835,5356,4850,208.2600,1.6300
1783084747.788998,4840,5844,5347,4915,205.5600,-1.0600
1783084747.804825,4756,5797,5403,4887,205.5600,-1.0600
1783084747.821040,4784,5825,5394,4944,205.5600,-1.0600
1783084747.837050,4765,5797,5347,4906,205.5600,-1.0600
1783084747.852797,4756,5844,5385,4934,210.9700,-1.1900
1783084747.868828,4794,5919,5356,4915,210.9700,-1.1900
1783084747.885044,4700,5854,5356,4991,210.9700,-1.1900
1783084747.900984,4756,5882,5356,4934,200.1500,-2.0000
1783084747.917181,4700,5891,5385,4859,200.1500,-2.0000
1783084747.933193,4765,5825,5385,5047,200.1500,-2.0000
1783084747.947944,4747,5863,5375,4915,202.8500,0.5000
1783084747.964162,4775,5797,5441,4991,202.8500,0.5000
1783084747.979913,4747,5882,5478,4934,202.8500,0.5000
1783084747.996124,4775,5797,5422,4906,208.2600,-0.7500
1783084748.012660,4775,5835,5422,4962,208.2600,-0.7500
1783084748.027892,4747,5788,5403,5009,208.2600,-0.7500
1783084748.045844,4747,5844,5385,5037,202.8500,1.7500
1783084748.061350,4737,5844,5431,5009,202.8500,1.7500
1783084748.077935,4775,5938,5413,5009,202.8500,1.7500
1783084748.093924,4728,5929,5441,5066,202.8500,1.7500
1783084748.109922,4784,5797,5460,5075,202.8500,-1.0600
1783084748.126146,4747,5854,5450,5075,202.8500,-1.0600
1783084748.142093,4709,5854,5450,5066,202.8500,-1.0600
1783084748.158088,4728,5788,5460,5075,202.8500,0.5000
1783084748.174119,4737,5891,5422,5000,202.8500,0.5000
1783084748.189391,4681,5891,5469,5009,202.8500,0.5000
1783084748.205019,4737,5929,5413,4991,202.8500,0.4400
1783084748.221267,4700,5957,5413,5019,202.8500,0.4400
1783084748.237213,4728,5863,5413,5009,202.8500,0.4400
1783084748.252991,4728,5844,5413,4962,202.8500,1.4400
1783084748.269170,4672,5900,5450,5000,202.8500,1.4400
1783084748.285278,4709,5957,5469,4944,202.8500,1.4400
1783084748.301297,4672,5929,5422,5112,202.8500,-0.3700
1783084748.317548,4672,5891,5431,4972,202.8500,-0.3700
1783084748.333138,4662,5929,5450,5047,202.8500,-0.3700
1783084748.349174,4700,5929,5441,5009,208.2600,-1.0600
1783084748.365752,4700,5891,5469,5009,208.2600,-1.0600
1783084748.381163,4681,5863,5460,4981,208.2600,-1.0600
1783084748.397136,4643,5863,5488,5000,205.5600,-1.0000
1783084748.413289,4672,5854,5488,5047,205.5600,-1.0000
1783084748.429116,4681,5900,5450,5047,205.5600,-1.0000
1783084748.446059,4643,5938,5478,5019,198.8700,1.7500
1783084748.461363,4662,5863,5469,5103,198.8700,1.7500
1783084748.476139,4681,5900,5488,5112,198.8700,1.7500
1783084748.492865,4634,5891,5469,5037,206.9900,-0.4400
1783084748.508167,4662,5872,5506,5047,206.9900,-0.4400
1783084748.524136,4672,5919,5488,5122,206.9900,-0.4400
1783084748.540184,4653,5929,5488,5131,206.9900,-0.4400
1783084748.556178,4672,5966,5497,5150,200.1500,1.7500
1783084748.572139,4653,5966,5488,5159,200.1500,1.7500
1783084748.588366,4615,5938,5525,5141,200.1500,1.7500
1783084748.606184,4615,5816,5516,5112,205.5600,-0.8100
1783084748.622199,4634,5900,5506,5009,205.5600,-0.8100
1783084748.638142,4643,5910,5488,5159,205.5600,-0.8100
1783084748.654199,4662,5947,5516,5103,197.4400,-0.6900
1783084748.670209,4578,5910,5544,5141,197.4400,-0.6900
1783084748.686141,4606,5938,5553,5103,197.4400,-0.6900
1783084748.702200,4578,5910,5506,5103,202.8500,-0.1900
1783084748.717282,4625,5788,5516,5122,202.8500,-0.1900
1783084748.733237,4625,5891,5535,5141,202.8500,-0.1900
1783084748.749323,4578,5863,5572,5103,200.1500,-0.3700
1783084748.765201,4625,5938,5535,5122,200.1500,-0.3700
1783084748.781266,4578,5957,5553,5178,200.1500,-0.3700
1783084748.797483,4597,5891,5553,5141,201.5300,2.6900
1783084748.813546,4606,5722,5544,5150,201.5300,2.6900
1783084748.829529,4615,5863,5582,5131,201.5300,2.6900
1783084748.846491,4643,5938,5582,5206,205.5600,7.2500
1783084748.861343,4559,5872,5572,5188,205.5600,7.2500
1783084748.877481,4625,5872,5563,5244,205.5600,7.2500
1783084748.893719,4634,6022,5572,5244,218.0300,-5.1300
1783084748.909427,4568,5957,5628,5197,218.0300,-5.1300
1783084748.925333,4625,5976,5563,5225,218.0300,-5.1300
1783084748.941532,4643,5900,5572,5159,213.6700,4.7500
1783084748.957371,4559,5938,5572,5234,213.6700,4.7500
1783084748.973338,4540,5694,5591,5206,213.6700,4.7500
1783084748.989581,4540,6013,5535,5188,213.6700,4.7500
1783084749.004380,4615,6004,5535,5216,202.8500,-3.0600
1783084749.020331,4540,5741,5610,5225,202.8500,-3.0600
1783084749.036376,4493,5844,5582,5216,202.8500,-3.0600
1783084749.052350,4606,5854,5600,5234,204.1800,2.5000
1783084749.068378,4531,5872,5591,5253,204.1800,2.5000
1783084749.084417,4540,5882,5544,5253,204.1800,2.5000
1783084749.100378,4503,5835,5591,5263,209.7500,-2.6900
1783084749.116366,4568,5854,5610,5253,209.7500,-2.6900
1783084749.132398,4587,5985,5619,5281,209.7500,-2.6900
1783084749.148476,4503,5760,5591,5272,204.1800,1.1200
1783084749.164419,4512,5882,5591,5309,204.1800,1.1200
1783084749.180484,4503,5919,5666,5291,204.1800,1.1200
1783084749.196297,4568,5750,5553,5291,210.9700,-0.6900
1783084749.212462,4531,5854,5638,5309,210.9700,-0.6900
1783084749.228513,4446,5835,5591,5234,210.9700,-0.6900
1783084749.245221,4503,5910,5610,5291,212.5100,1.5600
1783084749.260549,4550,5825,5628,5216,212.5100,1.5600
1783084749.275512,4503,5825,5591,5300,212.5100,1.5600
1783084749.291496,4484,5779,5657,5281,212.5100,1.5600
1783084749.307853,4493,5760,5628,5272,210.9700,-0.0600
1783084749.323542,4465,5732,5610,5300,210.9700,-0.0600
1783084749.340427,4522,5816,5628,5300,210.9700,-0.0600
1783084749.355696,4503,5732,5638,5356,205.5600,0.3100
1783084749.371531,4503,5891,5647,5366,205.5600,0.3100
1783084749.387533,4503,5703,5638,5366,205.5600,0.3100
1783084749.403703,4503,5732,5657,5309,206.8300,-3.5600
1783084749.419640,4456,5666,5628,5366,206.8300,-3.5600
1783084749.435541,4484,5685,5657,5403,206.8300,-3.5600
1783084749.451763,4465,5760,5647,5356,208.2600,2.6300
1783084749.467715,4493,5769,5619,5338,208.2600,2.6300
1783084749.483634,4484,5769,5638,5375,208.2600,2.6300
1783084749.499993,4465,5769,5628,5366,209.7500,-2.5000
1783084749.515816,4446,5694,5666,5394,209.7500,-2.5000
1783084749.531701,4418,5703,5638,5413,209.7500,-2.5000
1783084749.547787,4409,5535,5619,5403,204.1800,4.2500
1783084749.563647,4446,5713,5657,5394,204.1800,4.2500
1783084749.579763,4437,5657,5638,5394,204.1800,4.2500
1783084749.597654,4418,5675,5638,5394,212.5100,-2.1900
1783084749.611695,4475,5685,5657,5375,212.5100,-2.1900
1783084749.627796,4418,5703,5666,5422,212.5100,-2.1900
1783084749.644367,4428,5694,5657,5422,205.5600,2.3100
1783084749.659471,4437,5722,5610,5450,205.5600,2.3100
1783084749.675467,4390,5760,5638,5450,205.5600,2.3100
1783084749.691847,4418,5816,5657,5431,208.2600,-1.5000
1783084749.707598,4418,5675,5694,5441,208.2600,-1.5000
1783084749.723746,4446,5713,5657,5450,208.2600,-1.5000
1783084749.739741,4428,5694,5657,5460,206.8300,0.8800
1783084749.755671,4409,5825,5666,5469,206.8300,0.8800
1783084749.771692,4343,5703,5703,5506,206.8300,0.8800
1783084749.788031,4446,5647,5685,5441,206.8300,0.8800
1783084749.803757,4446,5703,5685,5441,212.5100,-0.8100
1783084749.819799,4362,5638,5647,5478,212.5100,-0.8100
1783084749.835016,4381,5638,5685,5497,212.5100,-0.8100
1783084749.850691,4418,5675,5732,5450,206.8300,1.9400
1783084749.866959,4390,5666,5750,5497,206.8300,1.9400
1783084749.883109,4381,5638,5741,5525,206.8300,1.9400
1783084749.898729,4371,5741,5722,5572,209.7500,-1.3100
1783084749.915257,4409,5600,5713,5535,209.7500,-1.3100
1783084749.931020,4390,5600,5732,5544,209.7500,-1.3100
1783084749.947433,4409,5750,5685,5516,206.8300,0.1900
1783084749.963041,4418,5779,5788,5591,206.8300,0.1900
1783084749.979082,4362,5675,5732,5591,206.8300,0.1900
1783084749.995347,4343,5628,5713,5525,206.9900,-1.4400
1783084750.011039,4381,5591,5760,5535,206.9900,-1.4400
1783084750.027148,4287,5779,5722,5525,206.9900,-1.4400
1783084750.042813,4362,5600,5732,5572,208.2600,-0.6900
1783084750.061661,4334,5619,5732,5572,208.2600,-0.6900
1783084750.077649,4362,5572,5713,5553,208.2600,-0.6900
1783084750.097220,4362,5563,5713,5600,202.8500,1.6300
1783084750.111902,4343,5582,5750,5647,202.8500,1.6300
1783084750.127618,4353,5647,5769,5600,202.8500,1.6300
1783084750.143597,4334,5582,5854,5600,206.8300,-0.1900
1783084750.160176,4334,5600,5732,5638,206.8300,-0.1900
1783084750.175858,4362,5572,5741,5600,206.8300,-0.1900
1783084750.191896,4296,5563,5825,5582,206.8300,-0.1900
1783084750.208226,4381,5647,5788,5619,208.2600,0.3100
1783084750.224704,4343,5694,5825,5647,208.2600,0.3100
1783084750.240151,4371,5619,5769,5610,208.2600,0.3100
1783084750.256199,4343,5591,5760,5657,208.2600,-1.1200
1783084750.271660,4325,5600,5797,5666,208.2600,-1.1200
1783084750.286931,4315,5619,5797,5619,208.2600,-1.1200
1783084750.303012,4306,5572,5816,5638,202.8500,2.7500
1783084750.318752,4334,5553,5788,5657,202.8500,2.7500
1783084750.334987,4221,5535,5807,5666,202.8500,2.7500
1783084750.351024,4259,5563,5825,5685,212.5100,-0.5000
1783084750.367186,4278,5647,5825,5657,212.5100,-0.5000
1783084750.383110,4259,5638,5825,5647,212.5100,-0.5000
1783084750.399260,4296,5685,5779,5647,208.2600,-1.8800
1783084750.415161,4278,5713,5825,5685,208.2600,-1.8800
1783084750.431425,4315,5703,5788,5703,208.2600,-1.8800
1783084750.447751,4296,5638,5835,5657,198.8700,0.1200
1783084750.463122,4315,5647,5844,5694,198.8700,0.1200
1783084750.478868,4296,5553,5816,5685,198.8700,0.1200
1783084750.496353,4231,5628,5825,5722,205.5600,-1.1900
1783084750.510774,4268,5544,5797,5732,205.5600,-1.1900
1783084750.527053,4296,5563,5854,5732,205.5600,-1.1900
1783084750.543355,4268,5647,5816,5788,205.5600,2.0000
1783084750.558911,4249,5628,5797,5779,205.5600,2.0000
1783084750.574734,4259,5647,5797,5741,205.5600,2.0000
1783084750.589676,4240,5553,5825,5797,205.5600,2.0000
1783084750.605717,4221,5497,5854,5797,205.5600,-1.8800
1783084750.621960,4268,5610,5872,5760,205.5600,-1.8800
1783084750.637797,4259,5525,5863,5760,205.5600,-1.8800
1783084750.653713,4240,5535,5825,5769,205.5600,1.5600
1783084750.670372,4203,5600,5788,5769,205.5600,1.5600
1783084750.686056,4231,5516,5816,5788,205.5600,1.5600
1783084750.704131,4259,5572,5835,5788,205.5600,0.5600
1783084750.720135,4221,5591,5825,5779,205.5600,0.5600
1783084750.737339,4203,5544,5835,5816,205.5600,0.5600
1783084750.752127,4193,5591,5863,5750,210.9700,-0.5000
1783084750.768164,4184,5497,5882,5769,210.9700,-0.5000
1783084750.784500,4174,5553,5863,5760,210.9700,-0.5000
1783084750.800173,4231,5535,5835,5750,205.5600,-2.1300
1783084750.816291,4193,5544,5854,5788,205.5600,-2.1300
1783084750.832216,4184,5516,5872,5788,205.5600,-2.1300
1783084750.847039,4203,5488,5854,5769,208.2600,-4.7500
1783084750.863231,4156,5469,5854,5760,208.2600,-4.7500
1783084750.880924,4156,5572,5854,5732,208.2600,-4.7500
1783084750.897361,4193,5516,5891,5779,213.6700,1.6300
1783084750.912938,4156,5516,5882,5750,213.6700,1.6300
1783084750.928952,4193,5506,5825,5760,213.6700,1.6300
1783084750.946733,4174,5460,5900,5779,205.5600,-2.9400
1783084750.961206,4156,5450,5947,5750,205.5600,-2.9400
1783084750.979374,4128,5525,5947,5816,205.5600,-2.9400
1783084750.997065,4118,5450,5891,5816,208.2600,2.6900
1783084751.011573,4128,5497,5863,5788,208.2600,2.6900
1783084751.027267,4118,5385,5938,5769,208.2600,2.6900
1783084751.042855,4137,5450,5919,5779,205.5600,-3.4400
1783084751.058427,4090,5431,5919,5788,205.5600,-3.4400
1783084751.073969,4118,5413,5891,5741,205.5600,-3.4400
1783084751.090289,4118,5469,5929,5741,202.8500,2.1900
1783084751.106491,4109,5356,5863,5750,202.8500,2.1900
1783084751.122075,4118,5478,5900,5779,202.8500,2.1900
1783084751.138505,4128,5431,5882,5760,202.8500,2.1900
1783084751.154959,4109,5431,5910,5797,208.2600,-1.1200
1783084751.170635,4081,5431,5947,5807,208.2600,-1.1200
1783084751.186865,4043,5403,5938,5807,208.2600,-1.1200
1783084751.202997,4099,5366,5976,5769,208.2600,1.1200
1783084751.219955,4090,5319,5976,5769,208.2600,1.1200
1783084751.236686,4099,5375,5929,5788,208.2600,1.1200
1783084751.252699,4090,5366,5947,5825,210.9700,0.5600
1783084751.268438,4071,5431,5929,5835,210.9700,0.5600
1783084751.283840,4109,5403,5910,5760,210.9700,0.5600
1783084751.299828,4099,5450,5966,5844,208.2600,1.1200
1783084751.315187,4128,5403,5985,5835,208.2600,1.1200
1783084751.331208,4062,5413,5938,5779,208.2600,1.1200
1783084751.347992,4071,5422,5919,5816,200.1500,-1.0000
1783084751.363605,4090,5450,5976,5788,200.1500,-1.0000
1783084751.379872,4071,5413,5947,5863,200.1500,-1.0000
1783084751.397481,4118,5319,6013,5797,205.5600,1.5600
1783084751.411907,4052,5413,5929,5779,205.5600,1.5600
1783084751.427950,4043,5375,5966,5816,205.5600,1.5600
1783084751.444089,4052,5347,5966,5788,202.8500,-3.1900
1783084751.459762,4043,5356,5947,5844,202.8500,-3.1900
1783084751.475488,4043,5375,6060,5835,202.8500,-3.1900
1783084751.491609,3996,5347,5957,5807,202.8500,3.4400
1783084751.507344,4034,5338,5966,5807,202.8500,3.4400
1783084751.523378,3959,5328,5966,5816,202.8500,3.4400
1783084751.539649,3996,5309,5947,5844,202.8500,3.4400
1783084751.555509,4024,5375,5966,5835,205.5600,-2.9400
1783084751.570770,4043,5356,5994,5788,205.5600,-2.9400
1783084751.586670,4043,5328,6004,5788,205.5600,-2.9400
1783084751.602718,3996,5347,5957,5816,200.1500,4.6300
1783084751.619253,3959,5394,5994,5788,200.1500,4.6300
1783084751.635371,3996,5338,5985,5882,200.1500,4.6300
1783084751.650964,3987,5319,6013,5807,204.1800,-2.2500
1783084751.667395,3987,5366,6022,5788,204.1800,-2.2500
1783084751.682438,4006,5309,6004,5835,204.1800,-2.2500
1783084751.698339,3977,5263,6022,5788,206.9900,1.5000
1783084751.714652,3959,5328,6004,5769,206.9900,1.5000
1783084751.730396,3959,5291,5994,5797,206.9900,1.5000
1783084751.747343,3884,5309,6013,5844,208.2600,-2.1900
1783084751.762943,3940,5291,6022,5807,208.2600,-2.1900
1783084751.779181,3987,5291,5994,5797,208.2600,-2.1900
1783084751.794888,3959,5281,6004,5807,208.2600,1.8800
1783084751.810986,3912,5263,6022,5825,208.2600,1.8800
1783084751.826837,3931,5309,6022,5797,208.2600,1.8800
1783084751.841733,3987,5300,6032,5779,208.2600,1.8800
1783084751.857988,3968,5328,6041,5835,204.1800,0.1200
1783084751.873410,3968,5328,5994,5835,204.1800,0.1200
1783084751.889893,3902,5338,6013,5807,204.1800,0.1200
1783084751.906686,3902,5272,6051,5788,205.5600,2.7500
1783084751.921807,3949,5253,6060,5807,205.5600,2.7500
1783084751.937474,3912,5300,6032,5807,205.5600,2.7500
1783084751.953728,3940,5300,6032,5863,209.7500,-4.9400
1783084751.969496,3931,5300,6060,5760,209.7500,-4.9400
1783084751.985627,3968,5309,6032,5825,209.7500,-4.9400
1783084752.001961,3921,5281,6022,5854,204.1800,0.1900
1783084752.017726,3931,5291,6022,5769,204.1800,0.1900
1783084752.033775,3884,5272,6022,5863,204.1800,0.1900
1783084752.049914,3912,5216,6022,5872,209.7500,-0.5600
1783084752.065776,3902,5263,6069,5797,209.7500,-0.5600
1783084752.081755,3902,5300,6032,5872,209.7500,-0.5600
1783084752.097912,3912,5253,6079,5779,201.5300,0.0600
1783084752.113733,3874,5263,6060,5769,201.5300,0.0600
1783084752.129449,3884,5300,6060,5844,201.5300,0.0600
1783084752.145034,3902,5244,6107,5769,201.5300,0.0600
1783084752.160683,3912,5291,6069,5863,209.7500,1.5000
1783084752.178344,3921,5216,6088,5882,209.7500,1.5000
1783084752.193048,3902,5253,6097,5807,204.1800,-0.5600
1783084752.208874,3949,5225,6069,5816,204.1800,-0.5600
1783084752.225139,3902,5225,6069,5891,204.1800,-0.5600
1783084752.240999,3874,5197,6097,5882,205.5600,-0.2500
1783084752.256810,3884,5178,6097,5835,205.5600,-0.2500
1783084752.273340,3884,5197,6126,5863,205.5600,-0.2500
1783084752.289096,3865,5197,6107,5910,205.5600,-0.2500
1783084752.304789,3874,5197,6107,5891,208.2600,0.2500
1783084752.321123,3893,5197,6135,5882,208.2600,0.2500
1783084752.337342,3874,5197,6107,5872,208.2600,0.2500
1783084752.352834,3874,5188,6107,5825,205.5600,-0.1200
1783084752.369010,3874,5150,6097,5910,205.5600,-0.1200
1783084752.385159,3846,5178,6135,5882,205.5600,-0.1200
1783084752.400066,3846,5159,6135,5863,208.2600,0.5600
1783084752.416477,3865,5178,6154,5882,208.2600,0.5600
1783084752.432464,3855,5188,6097,5929,208.2600,0.5600
1783084752.448338,3846,5188,6116,5947,209.7500,-1.1900
1783084752.464251,3865,5188,6144,5863,209.7500,-1.1900
1783084752.480129,3837,5197,6126,5919,209.7500,-1.1900
1783084752.497533,3874,5178,6126,5929,201.5300,-0.5600
1783084752.511962,3846,5169,6135,5891,201.5300,-0.5600
1783084752.527658,3790,5197,6126,5910,201.5300,-0.5600
1783084752.543779,3837,5131,6116,5910,209.7500,-1.0600
1783084752.560003,3827,5169,6135,5947,209.7500,-1.0600
1783084752.576006,3846,5103,6163,5957,209.7500,-1.0600
1783084752.592076,3837,5150,6126,5910,209.7500,-1.0600
1783084752.608317,3855,5131,6182,5919,204.1800,1.9400
1783084752.623980,3818,5141,6163,5966,204.1800,1.9400
1783084752.640077,3827,5150,6163,5966,204.1800,1.9400
1783084752.656390,3818,5159,6144,6022,205.5600,-1.1200
1783084752.671003,3771,5094,6163,5976,205.5600,-1.1200
1783084752.687055,3790,5122,6191,5976,205.5600,-1.1200
1783084752.703298,3827,5094,6191,5910,205.5600,0.3700
1783084752.719026,3818,5084,6163,5985,205.5600,0.3700
1783084752.735110,3846,5094,6182,5947,205.5600,0.3700
1783084752.751306,3799,5084,6154,5947,204.2300,-0.8100
1783084752.767024,3846,5122,6182,6022,204.2300,-0.8100
1783084752.783253,3799,5159,6191,6032,204.2300,-0.8100
1783084752.799308,3790,5112,6182,6004,208.2600,-3.3800
1783084752.815288,3799,5178,6229,5985,208.2600,-3.3800
1783084752.831069,3780,5122,6201,6051,208.2600,-3.3800
1783084752.848331,3790,5075,6191,5994,205.5600,1.6300
1783084752.863341,3771,5066,6229,5976,205.5600,1.6300
1783084752.879140,3809,5084,6229,5994,205.5600,1.6300
1783084752.896530,3790,5103,6210,6041,201.5300,-0.5600
1783084752.910873,3790,5112,6210,6051,201.5300,-0.5600
1783084752.926898,3790,5066,6219,6051,201.5300,-0.5600
1783084752.942034,3771,5075,6229,6032,201.5300,-0.5600
1783084752.958037,3799,5150,6219,6041,212.5100,-0.0600
1783084752.974205,3799,5047,6257,6032,212.5100,-0.0600
1783084752.990235,3771,5206,6219,6041,212.5100,-0.0600
1783084753.006145,3743,5075,6238,6088,205.5600,-1.2500
1783084753.022628,3780,5084,6219,6107,205.5600,-1.2500
1783084753.040483,3771,5084,6219,6135,205.5600,-1.2500
1783084753.057177,3724,5094,6238,6154,206.8300,0.5000
1783084753.072258,3790,5066,6219,6116,206.8300,0.5000
1783084753.088557,3743,5075,6229,6173,206.8300,0.5000
1783084753.104390,3771,5056,6238,6135,206.9900,-2.9400
1783084753.120251,3762,5028,6210,6229,206.9900,-2.9400
1783084753.136529,3762,5037,6219,6135,206.9900,-2.9400
1783084753.152276,3771,5047,6238,6201,204.1800,1.1200
1783084753.168271,3752,5056,6219,6173,204.1800,1.1200
1783084753.184715,3762,5047,6210,6210,204.1800,1.1200
1783084753.199731,3724,5084,6304,6144,206.9900,-0.3700
1783084753.215259,3734,5084,6238,6144,206.9900,-0.3700
1783084753.232053,3734,5112,6304,6229,206.9900,-0.3700
1783084753.247838,3790,5084,6238,6304,201.5300,1.3700
1783084753.263356,3743,5131,6248,6210,201.5300,1.3700
1783084753.279606,3743,5028,6285,6144,201.5300,1.3700
1783084753.296388,3743,5131,6248,6201,205.5600,1.3100
1783084753.311302,3743,5075,6257,6163,205.5600,1.3100
1783084753.327804,3780,5056,6276,6238,205.5600,1.3100
1783084753.343313,3724,5094,6266,6238,205.5600,1.3100
1783084753.359422,3696,5056,6266,6219,205.5600,0.9400
1783084753.375660,3687,5094,6257,6248,205.5600,0.9400
1783084753.391095,3677,5066,6257,6144,205.5600,0.9400
1783084753.407116,3743,5028,6294,6229,200.1500,-0.7500
1783084753.423312,3677,5028,6276,6219,200.1500,-0.7500
1783084753.440231,3724,5075,6285,6219,200.1500,-0.7500
1783084753.456152,3687,4981,6276,6238,205.5600,1.6900
1783084753.472495,3668,5000,6304,6201,205.5600,1.6900
1783084753.488390,3687,4991,6304,6248,205.5600,1.6900
1783084753.504414,3658,5028,6276,6285,208.2600,-2.6900
1783084753.520785,3658,5000,6266,6266,208.2600,-2.6900
1783084753.536585,3715,5000,6285,6219,208.2600,-2.6900
1783084753.553162,3677,4953,6285,6332,202.8500,2.3800
1783084753.570431,3677,4953,6341,6332,202.8500,2.3800
1783084753.586640,3687,5047,6323,6173,202.8500,2.3800
1783084753.602488,3640,4991,6294,6276,205.5600,-0.6300
1783084753.619627,3696,4972,6313,6276,205.5600,-0.6300
1783084753.636266,3677,4991,6304,6229,205.5600,-0.6300
1783084753.652181,3602,4962,6341,6191,205.5600,3.0600
1783084753.667152,3649,4944,6323,6257,205.5600,3.0600
1783084753.683638,3640,5009,6304,6219,205.5600,3.0600
1783084753.701459,3621,4906,6341,6219,205.5600,-0.5000
1783084753.717455,3621,4944,6360,6219,205.5600,-0.5000
1783084753.733125,3687,5009,6341,6248,205.5600,-0.5000
1783084753.749144,3687,4897,6332,6313,205.5600,0.8100
1783084753.765603,3658,4944,6313,6229,205.5600,0.8100
1783084753.781195,3658,4944,6341,6238,205.5600,0.8100
1783084753.798783,3640,4981,6341,6257,205.5600,-0.1200
1783084753.813466,3612,4925,6313,6229,205.5600,-0.1200
1783084753.829212,3593,4962,6323,6276,205.5600,-0.1200
1783084753.845939,3593,5009,6360,6294,205.5600,0.0000
1783084753.861461,3649,5019,6379,6248,205.5600,0.0000
1783084753.877230,3640,5000,6351,6294,205.5600,0.0000
1783084753.893549,3630,4991,6341,6238,208.2600,1.1200
1783084753.908502,3593,5000,6341,6285,208.2600,1.1200
1783084753.924490,3593,5009,6313,6266,208.2600,1.1200
1783084753.941232,3593,4906,6332,6238,208.2600,1.1200
1783084753.957252,3546,4953,6360,6248,205.5600,-1.0600
1783084753.972566,3565,5009,6379,6285,205.5600,-1.0600
1783084753.988878,3621,4925,6370,6313,205.5600,-1.0600
1783084754.004346,3593,4887,6379,6266,205.5600,0.3100
1783084754.020299,3565,5037,6379,6323,205.5600,0.3100
1783084754.036627,3593,4953,6370,6323,205.5600,0.3100
1783084754.052282,3537,4944,6379,6294,201.5300,-2.7500
1783084754.068404,3537,4953,6360,6323,201.5300,-2.7500
1783084754.084867,3546,4944,6360,6313,201.5300,-2.7500
1783084754.100987,3555,4953,6341,6388,206.9900,-0.2500
1783084754.116719,3555,4962,6388,6313,206.9900,-0.2500
1783084754.133484,3546,4962,6388,6285,206.9900,-0.2500
1783084754.148480,3593,4925,6398,6341,208.2600,-0.5000
1783084754.164562,3537,4897,6388,6323,208.2600,-0.5000
1783084754.204022,3546,4944,6445,6332,205.5600,1.8800
1783084754.216046,3574,4944,6370,6379,205.5600,1.8800
1783084754.232975,3593,4925,6398,6341,205.5600,1.8800
1783084754.246534,3537,4915,6416,6360,205.5600,1.8800
1783084754.264370,3546,4925,6463,6332,201.5300,-2.7500
1783084754.277850,3527,4944,6445,6398,201.5300,-2.7500
1783084754.293199,3518,4962,6426,6323,208.2600,2.0000
1783084754.308953,3546,4897,6426,6351,208.2600,2.0000
1783084754.324885,3518,4859,6435,6388,208.2600,2.0000
1783084754.343769,3518,4934,6435,6388,208.2600,2.0000
1783084754.360718,3537,5000,6388,6341,209.7500,-0.5000
1783084754.375795,3490,4915,6407,6360,209.7500,-0.5000
1783084754.391797,3508,4869,6416,6323,209.7500,-0.5000
1783084754.407708,3518,4859,6445,6379,205.5600,2.6900
1783084754.423677,3555,4906,6435,6351,205.5600,2.6900
1783084754.439761,3490,4878,6482,6341,205.5600,2.6900
1783084754.455893,3499,4859,6454,6341,204.1800,0.1900
1783084754.476239,3461,4972,6482,6332,204.1800,0.1900
1783084754.490831,3490,4897,6445,6360,204.1800,0.1900
1783084754.505875,3452,4915,6501,6360,215.2700,-1.0000
1783084754.521753,3490,4887,6454,6360,215.2700,-1.0000
1783084754.537913,3480,4878,6473,6370,215.2700,-1.0000
1783084754.553770,3490,4897,6473,6370,202.8500,1.3100
1783084754.569705,3461,4859,6482,6323,202.8500,1.3100
1783084754.585859,3461,4953,6473,6313,202.8500,1.3100
1783084754.601733,3452,4906,6463,6379,202.8500,-2.1300
1783084754.617787,3490,4878,6445,6351,202.8500,-2.1300
1783084754.633769,3443,4915,6454,6351,202.8500,-2.1300
1783084754.648788,3415,4850,6463,6388,196.2200,2.7500
1783084754.664759,3452,4850,6510,6360,196.2200,2.7500
1783084754.680942,3424,4906,6529,6351,196.2200,2.7500
1783084754.697020,3461,4906,6482,6341,206.9900,-1.0600
1783084754.712722,3471,4840,6491,6351,206.9900,-1.0600
1783084754.728884,3424,4887,6482,6360,206.9900,-1.0600
1783084754.744743,3461,4869,6482,6323,200.1500,2.3800
1783084754.760780,3461,4850,6529,6332,200.1500,2.3800
1783084754.777084,3461,4850,6510,6379,200.1500,2.3800
1783084754.792761,3461,4850,6520,6370,200.1500,2.3800
1783084754.808825,3461,4887,6501,6370,210.9700,-1.1900
1783084754.825120,3424,4878,6510,6341,210.9700,-1.1900
1783084754.840895,3480,4878,6520,6313,210.9700,-1.1900
1783084754.856928,3424,4906,6491,6323,206.8300,0.8800
1783084754.873003,3424,4906,6538,6360,206.8300,0.8800
1783084754.888851,3424,4925,6510,6379,206.8300,0.8800
1783084754.904815,3452,4915,6510,6341,215.2700,-2.1300
1783084754.920673,3405,4822,6529,6351,215.2700,-2.1300
1783084754.936236,3415,4878,6538,6332,215.2700,-2.1300
1783084754.951838,3377,4812,6529,6341,201.5300,1.5600
1783084754.967957,3415,4887,6529,6341,201.5300,1.5600
1783084754.986013,3396,4869,6529,6379,201.5300,1.5600
1783084755.001965,3377,4897,6538,6351,208.2600,-1.9400
1783084755.017914,3358,4822,6604,6360,208.2600,-1.9400
1783084755.034050,3368,4897,6548,6341,208.2600,-1.9400
1783084755.049914,3349,4812,6529,6341,209.7500,0.5600
1783084755.065921,3321,4878,6548,6351,209.7500,0.5600
1783084755.081977,3377,4784,6557,6351,209.7500,0.5600
1783084755.097837,3424,4822,6557,6323,198.8700,-0.8800
1783084755.113963,3368,4850,6538,6304,198.8700,-0.8800
1783084755.130018,3330,4831,6548,6370,198.8700,-0.8800
1783084755.146782,3349,4794,6557,6332,205.5600,-1.5600
1783084755.161956,3368,4822,6566,6360,205.5600,-1.5600
1783084755.176999,3330,4840,6604,6379,205.5600,-1.5600
1783084755.193339,3358,4897,6585,6388,205.5600,0.6300
1783084755.209595,3302,4840,6566,6426,205.5600,0.6300
1783084755.225338,3321,4850,6566,6370,205.5600,0.6300
1783084755.241558,3311,4803,6613,6370,205.5600,0.6300
1783084755.257205,3368,4728,6613,6388,212.5100,-0.1200
1783084755.273372,3311,4822,6604,6445,212.5100,-0.1200
1783084755.289009,3302,4747,6613,6407,212.5100,-0.1200
1783084755.305239,3349,4831,6595,6398,201.5300,1.2500
1783084755.321484,3321,4784,6660,6379,201.5300,1.2500
1783084755.337075,3386,4784,6585,6398,201.5300,1.2500
1783084755.354024,3283,4822,6632,6360,205.5600,0.5600
1783084755.369031,3283,4840,6613,6388,205.5600,0.5600
1783084755.385020,3274,4803,6632,6398,205.5600,0.5600
1783084755.401363,3349,4812,6632,6426,209.7500,0.3700
1783084755.417178,3330,4775,6623,6407,209.7500,0.3700
1783084755.433090,3311,4812,6604,6426,209.7500,0.3700
1783084755.448337,3283,4718,6595,6445,201.5300,-0.3700
1783084755.464128,3293,4784,6595,6454,201.5300,-0.3700
1783084755.481075,3302,4812,6585,6407,201.5300,-0.3700
1783084755.497496,3264,4718,6595,6398,212.5100,0.5000
1783084755.512107,3311,4681,6660,6416,212.5100,0.5000
1783084755.530117,3236,4737,6632,6416,212.5100,0.5000
1783084755.546863,3255,4756,6670,6416,206.8300,-1.1900
1783084755.562828,3246,4709,6660,6426,206.8300,-1.1900
1783084755.578119,3340,4709,6632,6435,206.8300,-1.1900
1783084755.594227,3283,4700,6651,6388,209.7500,2.0000
1783084755.610207,3274,4756,6679,6426,209.7500,2.0000
1783084755.626151,3302,4737,6651,6491,209.7500,2.0000
1783084755.642128,3330,4718,6660,6454,201.5300,-1.4400
1783084755.658204,3311,4803,6651,6445,201.5300,-1.4400
1783084755.674331,3340,4728,6660,6454,201.5300,-1.4400
1783084755.690227,3321,4681,6707,6416,201.5300,-1.4400
1783084755.706565,3330,4747,6651,6491,208.2600,1.6900
1783084755.721487,3311,4737,6688,6445,208.2600,1.6900
1783084755.737944,3274,4756,6698,6501,208.2600,1.6900
1783084755.753509,3255,4653,6670,6482,208.2600,-1.4400
1783084755.769450,3302,4747,6679,6473,208.2600,-1.4400
1783084755.785589,3274,4765,6642,6491,208.2600,-1.4400
1783084755.801467,3236,4737,6660,6445,209.7500,1.3100
1783084755.817478,3255,4672,6670,6473,209.7500,1.3100
1783084755.833601,3264,4747,6660,6482,209.7500,1.3100
1783084755.849373,3227,4728,6660,6520,208.2600,-1.3700
1783084755.865606,3264,4672,6726,6538,208.2600,-1.3700
1783084755.881529,3199,4634,6698,6482,208.2600,-1.3700
1783084755.897118,3218,4747,6698,6501,204.1800,-0.0600
1783084755.913235,3208,4709,6707,6501,204.1800,-0.0600
1783084755.929492,3199,4606,6698,6510,204.1800,-0.0600
1783084755.945754,3218,4653,6688,6595,210.9700,-0.3100
1783084755.961254,3180,4672,6726,6510,210.9700,-0.3100
1783084755.977464,3264,4606,6726,6604,210.9700,-0.3100
1783084755.992355,3236,4681,6707,6491,210.9700,-0.3100
1783084756.008287,3199,4662,6745,6576,210.9700,-0.1200
1783084756.024453,3189,4606,6707,6501,210.9700,-0.1200
1783084756.040636,3171,4615,6763,6548,210.9700,-0.1200
1783084756.056619,3161,4606,6763,6501,208.2600,-1.1900
1783084756.072829,3180,4597,6707,6520,208.2600,-1.1900
1783084756.088581,3199,4634,6688,6566,208.2600,-1.1900
1783084756.104576,3171,4625,6745,6538,208.2600,0.2500
1783084756.120801,3180,4587,6754,6566,208.2600,0.2500
1783084756.136580,3171,4634,6773,6538,208.2600,0.2500
1783084756.152543,3227,4587,6735,6557,205.5600,1.3100
1783084756.168708,3161,4643,6745,6651,205.5600,1.3100
1783084756.185709,3133,4653,6726,6651,205.5600,1.3100
1783084756.202548,3161,4615,6773,6576,202.8500,-2.4400
1783084756.218532,3124,4625,6763,6538,202.8500,-2.4400
1783084756.233440,3133,4615,6745,6595,202.8500,-2.4400
1783084756.249406,3133,4550,6745,6576,210.9700,1.8100
1783084756.265576,3152,4597,6726,6585,210.9700,1.8100
1783084756.281412,3143,4568,6754,6557,210.9700,1.8100
1783084756.297901,3152,4540,6717,6566,202.8500,-2.2500
1783084756.313803,3124,4597,6745,6529,202.8500,-2.2500
1783084756.329621,3096,4587,6754,6576,202.8500,-2.2500
1783084756.346439,3152,4559,6782,6623,208.2600,2.3800
1783084756.361778,3161,4550,6773,6576,208.2600,2.3800
1783084756.377784,3152,4615,6810,6566,208.2600,2.3800
1783084756.393481,3124,4597,6763,6595,205.5600,-0.6300
1783084756.409604,3105,4597,6792,6604,205.5600,-0.6300
1783084756.425463,3189,4587,6792,6585,205.5600,-0.6300
1783084756.441427,3058,4578,6773,6595,205.5600,-0.6300
1783084756.457580,3152,4587,6782,6632,205.5600,3.0000
1783084756.473441,3189,4550,6782,6595,205.5600,3.0000
1783084756.489469,3152,4559,6820,6632,205.5600,3.0000
1783084756.505746,3124,4587,6801,6585,208.2600,-0.3700
1783084756.520586,3077,4503,6792,6651,208.2600,-0.3700
1783084756.536505,3143,4512,6801,6651,208.2600,-0.3700
1783084756.552895,3039,4531,6810,6623,210.9700,-1.0600
1783084756.568479,3086,4531,6839,6613,210.9700,-1.0600
1783084756.584486,3039,4540,6829,6651,210.9700,-1.0600
1783084756.600682,3030,4559,6857,6642,202.8500,0.6300
1783084756.616542,3105,4493,6839,6632,202.8500,0.6300
1783084756.632592,3039,4503,6848,6642,202.8500,0.6300
1783084756.648631,3096,4550,6839,6642,200.1500,-1.7500
1783084756.664517,3077,4568,6839,6613,200.1500,-1.7500
1783084756.680545,3105,4550,6857,6632,200.1500,-1.7500
1783084756.697459,3067,4531,6876,6632,202.8500,0.3100
1783084756.712557,3067,4615,6876,6632,202.8500,0.3100
1783084756.728523,3124,4512,6867,6688,202.8500,0.3100
1783084756.744809,3096,4522,6867,6660,205.5600,-3.0600
1783084756.761544,3067,4550,6867,6623,205.5600,-3.0600
1783084756.778600,3096,4503,6867,6660,205.5600,-3.0600
1783084756.793813,3021,4522,6867,6642,205.5600,0.7500
1783084756.809575,3021,4475,6848,6670,205.5600,0.7500
1783084756.825581,3058,4465,6867,6642,205.5600,0.7500
1783084756.841648,3049,4484,6867,6651,205.5600,0.7500
1783084756.857546,3049,4484,6848,6726,205.5600,-1.2500
1783084756.873591,3114,4522,6839,6688,205.5600,-1.2500
1783084756.889647,3049,4465,6904,6660,205.5600,-1.2500
1783084756.905545,3058,4531,6914,6745,205.5600,-0.2500
1783084756.921686,3067,4512,6876,6688,205.5600,-0.2500
1783084756.937586,3049,4512,6848,6726,205.5600,-0.2500
1783084756.953710,3049,4522,6923,6707,205.5600,-0.5000
1783084756.969682,3039,4475,6885,6707,205.5600,-0.5000
1783084756.985630,3030,4475,6885,6679,205.5600,-0.5000
1783084757.001607,3077,4446,6848,6745,208.2600,1.6900
1783084757.017576,3067,4540,6867,6642,208.2600,1.6900
1783084757.033767,3096,4465,6914,6707,208.2600,1.6900
1783084757.049604,3039,4465,6932,6782,208.2600,-1.5000
1783084757.065636,3067,4456,6904,6707,208.2600,-1.5000
1783084757.081071,3030,4512,6885,6660,208.2600,-1.5000
1783084757.097332,2983,4540,6876,6717,205.5600,-0.3100
1783084757.112608,3021,4503,6895,6754,205.5600,-0.3100
1783084757.128979,3002,4484,6895,6754,205.5600,-0.3100
1783084757.144634,2983,4456,6904,6773,205.5600,-0.3100
1783084757.160784,3011,4475,6942,6745,205.5600,-1.0600
1783084757.176841,2964,4493,6960,6763,205.5600,-1.0600
1783084757.192643,2946,4475,6923,6754,205.5600,-1.0600
1783084757.208686,3021,4456,6914,6773,210.9700,-0.3100
1783084757.226788,2992,4475,6923,6773,210.9700,-0.3100
1783084757.244797,3039,4503,6923,6773,201.5300,1.9400
1783084757.261016,3011,4484,6932,6801,201.5300,1.9400
1783084757.276677,2983,4456,6904,6801,201.5300,1.9400
1783084757.292895,2955,4437,6923,6763,201.5300,1.9400
1783084757.307775,2936,4493,6932,6810,209.7500,0.0000
1783084757.323690,2955,4446,6923,6754,209.7500,0.0000
1783084757.339676,2955,4409,6904,6792,209.7500,0.0000
1783084757.355730,3011,4418,6960,6829,198.8700,0.5600
1783084757.371667,2946,4428,6960,6839,198.8700,0.5600
1783084757.387657,2927,4437,6923,6867,198.8700,0.5600
1783084757.403713,2936,4446,6960,6829,206.9900,1.3700
1783084757.419702,2927,4437,6989,6839,206.9900,1.3700
1783084757.435679,3021,4437,6979,6923,206.9900,1.3700
1783084757.451741,2974,4446,6951,6820,200.1500,0.6300
1783084757.467669,2946,4437,6960,6885,200.1500,0.6300
1783084757.483673,2983,4446,6960,6867,200.1500,0.6300
1783084757.499596,3002,4381,6951,6848,198.8700,-0.5600
1783084757.515716,2955,4456,6998,6923,198.8700,-0.5600
1783084757.531811,2955,4437,6942,6885,198.8700,-0.5600
1783084757.548119,2964,4456,6979,6810,208.2600,0.6300
1783084757.563846,2889,4446,6998,6820,208.2600,0.6300
1783084757.579771,2889,4428,6989,6848,208.2600,0.6300
1783084757.595056,2917,4400,6960,6857,208.2600,0.6300
1783084757.610831,2908,4437,6998,6867,194.7400,-0.6900
1783084757.627120,2974,4437,6998,6829,194.7400,-0.6900
1783084757.642804,2992,4446,7017,6867,194.7400,-0.6900
1783084757.658775,2917,4446,7017,6876,202.8500,1.1200
1783084757.674980,2880,4428,6979,6867,202.8500,1.1200
1783084757.690790,2908,4418,6970,6904,202.8500,1.1200
1783084757.707076,2974,4437,7036,6885,200.1500,0.3700
1783084757.723053,3002,4446,7017,6923,200.1500,0.3700
1783084757.738859,2983,4437,7045,6895,200.1500,0.3700
1783084757.754790,2880,4381,7064,6914,206.9900,2.0000
1783084757.771076,2870,4371,7017,6895,206.9900,2.0000
1783084757.786841,2974,4381,7017,6885,206.9900,2.0000
1783084757.802850,2936,4446,7064,6914,200.1500,-0.8800
1783084757.818992,2880,4400,7026,6904,200.1500,-0.8800
1783084757.834855,2880,4428,7007,6885,200.1500,-0.8800
1783084757.850944,2870,4400,7045,6829,198.8700,0.0000
1783084757.867058,2955,4409,7064,6932,198.8700,0.0000
1783084757.881880,2936,4456,7036,6923,198.8700,0.0000
1783084757.897840,2964,4381,7045,6960,202.8500,0.4400
1783084757.913869,2983,4371,7082,6904,202.8500,0.4400
1783084757.929811,2936,4353,7064,6895,202.8500,0.4400
1783084757.945821,2936,4362,7036,6895,205.5600,-0.1900
1783084757.961854,2908,4428,7082,6923,205.5600,-0.1900
1783084757.977853,2880,4409,7092,6914,205.5600,-0.1900
1783084757.996259,2899,4400,7120,6914,208.2600,1.5600
1783084758.011895,2852,4343,7111,6932,208.2600,1.5600
1783084758.027949,2861,4343,7101,6867,208.2600,1.5600
1783084758.043998,2927,4418,7101,6932,208.2600,1.5600
1783084758.059953,2870,4362,7101,6942,200.1500,0.0000
1783084758.075953,2852,4400,7036,6979,200.1500,0.0000
1783084758.091959,2899,4353,7111,6970,200.1500,0.0000
1783084758.107888,2917,4353,7148,6951,208.2600,-1.3700
1783084758.123012,2899,4409,7101,6970,208.2600,-1.3700
1783084758.139015,2824,4362,7111,6960,208.2600,-1.3700
1783084758.155412,2889,4362,7101,6914,200.1500,-1.6300
1783084758.171033,2908,4334,7101,6895,200.1500,-1.6300
1783084758.186970,2861,4325,7092,6942,200.1500,-1.6300
1783084758.203194,2880,4334,7111,6942,209.7500,0.3700
1783084758.218992,2833,4343,7111,6970,209.7500,0.3700
1783084758.234983,2870,4315,7092,6970,209.7500,0.3700
1783084758.251284,2852,4343,7101,7045,200.1500,-0.6900
1783084758.267026,2870,4362,7139,6960,200.1500,-0.6900
1783084758.283045,2880,4362,7101,6998,200.1500,-0.6900
1783084758.301031,2824,4325,7129,6998,205.5600,2.3100
1783084758.317180,2870,4306,7139,6960,205.5600,2.3100
1783084758.333184,2842,4390,7101,6960,205.5600,2.3100
1783084758.349185,2842,4287,7120,7017,201.5300,-2.1900
1783084758.366258,2833,4371,7101,6998,201.5300,-2.1900
1783084758.380122,2842,4371,7129,6960,201.5300,-2.1900
1783084758.396416,2842,4334,7120,6970,208.2600,0.5000
1783084758.412544,2861,4268,7139,6989,208.2600,0.5000
1783084758.430447,2870,4343,7101,6989,208.2600,0.5000
1783084758.447306,2899,4287,7139,7007,205.5600,-0.3100
1783084758.464071,2889,4315,7139,7007,205.5600,-0.3100
1783084758.482052,2870,4334,7195,7007,205.5600,-0.3100
1783084758.499121,2880,4334,7167,7007,205.5600,1.4400
1783084758.517192,2833,4296,7157,7007,205.5600,1.4400
1783084758.533265,2842,4259,7176,7045,205.5600,1.4400
1783084758.548978,2824,4278,7148,7082,205.5600,-0.1900
1783084758.565093,2833,4343,7120,7092,205.5600,-0.1900
1783084758.581261,2824,4296,7167,7092,205.5600,-0.1900
1783084758.600188,2852,4315,7167,7092,202.8500,-0.6900
1783084758.617320,2824,4249,7157,7054,202.8500,-0.6900
1783084758.633119,2833,4287,7176,7111,202.8500,-0.6900
1783084758.649086,2739,4325,7176,7092,204.2300,0.1200
1783084758.665316,2833,4268,7167,7082,204.2300,0.1200
1783084758.681193,2795,4343,7204,7064,204.2300,0.1200
1783084758.697475,2795,4278,7157,7092,202.8500,-0.4400
1783084758.714217,2777,4249,7157,7054,202.8500,-0.4400
1783084758.732254,2777,4296,7242,7054,202.8500,-0.4400
1783084758.748284,2814,4268,7195,7054,205.5600,1.5600
1783084758.764212,2758,4315,7195,7036,205.5600,1.5600
1783084758.782298,2824,4334,7195,7017,205.5600,1.5600
1783084758.798121,2795,4325,7176,7092,196.2200,-2.3800
1783084758.814406,2795,4268,7195,7036,196.2200,-2.3800
1783084758.830237,2805,4287,7204,7036,196.2200,-2.3800
1783084758.847304,2758,4287,7176,7064,205.5600,1.6300
1783084758.863874,2777,4278,7186,7064,205.5600,1.6300
1783084758.879269,2749,4306,7204,7017,205.5600,1.6300
1783084758.897451,2711,4278,7233,7017,200.1500,-0.4400
1783084758.915333,2777,4268,7204,7017,200.1500,-0.4400
1783084758.933366,2767,4287,7204,7073,200.1500,-0.4400
1783084758.949415,2777,4268,7195,7111,205.5600,2.0000
1783084758.965465,2777,4296,7251,7101,205.5600,2.0000
1783084758.981351,2795,4240,7223,7120,205.5600,2.0000
1783084758.998219,2795,4306,7204,7036,205.5600,-1.1200
1783084759.014668,2702,4184,7223,7092,205.5600,-1.1200
1783084759.030974,2739,4259,7251,7064,205.5600,-1.1200
1783084759.048231,2730,4212,7251,7054,205.5600,2.1300
1783084759.066502,2720,4259,7317,7054,205.5600,2.1300
1783084759.084504,2786,4249,7242,7054,205.5600,2.1300
1783084759.101321,2692,4268,7242,7054,202.8500,-2.5600
1783084759.120604,2739,4203,7242,7054,202.8500,-2.5600
1783084759.136344,2692,4221,7233,7139,202.8500,-2.5600
1783084759.152335,2711,4296,7261,7101,208.2600,0.0000
1783084759.168522,2730,4287,7233,7092,208.2600,0.0000
1783084759.184332,2777,4221,7233,7139,208.2600,0.0000
1783084759.200497,2598,4212,7251,7129,202.8500,-0.2500
1783084759.219454,2720,4240,7251,7129,202.8500,-0.2500
1783084759.239465,2711,4203,7251,7129,202.8500,-0.2500
1783084759.257477,2645,4221,7251,7129,205.5600,-1.1900
1783084759.274586,2674,4249,7270,7129,205.5600,-1.1900
1783084759.293446,2674,4221,7251,7129,205.5600,-1.1900
1783084759.311517,2674,4268,7308,7129,202.8500,-0.3700
1783084759.327639,2692,4174,7289,7092,202.8500,-0.3700
1783084759.343988,2720,4165,7279,7195,205.5600,-1.4400
1783084759.359677,2636,4156,7270,7129,205.5600,-1.4400
1783084759.375636,2627,4221,7308,7167,205.5600,-1.4400
1783084759.391642,2636,4240,7270,7186,205.5600,-1.4400
1783084759.406266,2608,4174,7298,7233,205.5600,0.4400
1783084759.422516,2589,4212,7308,7195,205.5600,0.4400
1783084759.438495,2674,4249,7289,7101,205.5600,0.4400
1783084759.454537,2645,4268,7308,7176,205.5600,1.1200
1783084759.471457,2645,4221,7308,7148,205.5600,1.1200
1783084759.486885,2627,4212,7336,7139,205.5600,1.1200
1783084759.502576,2561,4231,7270,7157,208.2600,0.4400
1783084759.520099,2608,4231,7326,7157,208.2600,0.4400
1783084759.537447,2608,4174,7317,7111,208.2600,0.4400
1783084759.553621,2589,4203,7364,7223,205.5600,0.4400
1783084759.569281,2533,4146,7373,7157,205.5600,0.4400
1783084759.586359,2598,4146,7336,7157,205.5600,0.4400
1783084759.603597,2570,4128,7336,7214,208.2600,0.8800
1783084759.619665,2580,4165,7308,7157,208.2600,0.8800
1783084759.635610,2580,4193,7364,7195,208.2600,0.8800
1783084759.651694,2580,4109,7336,7176,210.9700,-1.9400
1783084759.667892,2561,4184,7336,7167,210.9700,-1.9400
1783084759.683682,2552,4146,7392,7214,210.9700,-1.9400
1783084759.699685,2589,4165,7345,7167,202.8500,1.7500
1783084759.715672,2561,4099,7326,7261,202.8500,1.7500
1783084759.731671,2580,4137,7392,7223,202.8500,1.7500
1783084759.748233,2552,4146,7354,7223,205.5600,-2.3800
1783084759.763675,2608,4118,7345,7186,205.5600,-2.3800
1783084759.779669,2598,4109,7392,7204,205.5600,-2.3800
1783084759.795697,2552,4099,7364,7176,205.5600,3.7500
1783084759.811851,2552,4062,7345,7214,205.5600,3.7500
1783084759.827783,2542,4109,7383,7223,205.5600,3.7500
1783084759.843779,2589,4081,7364,7242,205.5600,3.7500
1783084759.859049,2533,4137,7354,7186,205.5600,-0.6300
1783084759.877017,2523,4081,7411,7186,205.5600,-0.6300
1783084759.892710,2570,4062,7354,7233,205.5600,-0.6300
1783084759.908678,2505,4128,7411,7157,202.8500,1.5600
1783084759.924958,2533,4081,7430,7242,202.8500,1.5600
1783084759.940713,2542,4062,7448,7251,202.8500,1.5600
1783084759.956259,2552,4062,7411,7251,208.2600,-1.4400
1783084759.974870,2505,4071,7401,7251,208.2600,-1.4400
1783084759.991079,2514,4109,7430,7223,208.2600,-1.4400
1783084760.006839,2505,4071,7430,7233,202.8500,0.1200
1783084760.022827,2495,4090,7411,7204,202.8500,0.1200
1783084760.039072,2552,4081,7383,7261,202.8500,0.1200
1783084760.055929,2467,4062,7392,7261,205.5600,-0.1200
1783084760.071807,2533,4118,7430,7251,205.5600,-0.1200
1783084760.087782,2523,4128,7458,7233,205.5600,-0.1200
1783084760.103803,2505,4090,7439,7223,200.1500,1.3100
1783084760.119778,2495,4146,7439,7270,200.1500,1.3100
1783084760.135943,2505,4081,7430,7242,200.1500,1.3100
1783084760.151855,2514,4118,7430,7261,205.5600,-0.6300
1783084760.168135,2486,4052,7420,7233,205.5600,-0.6300
1783084760.183864,2486,4099,7439,7270,205.5600,-0.6300
1783084760.199739,2486,4052,7476,7270,202.8500,-2.0000
1783084760.215883,2458,4052,7467,7233,202.8500,-2.0000
1783084760.232301,2448,4081,7439,7261,202.8500,-2.0000
1783084760.248707,2467,4109,7458,7242,202.8500,-0.8100
1783084760.264013,2458,4043,7420,7242,202.8500,-0.8100
1783084760.280019,2439,4081,7448,7233,202.8500,-0.8100
1783084760.298143,2439,4071,7476,7233,200.1500,-1.2500
1783084760.313293,2458,4109,7495,7242,200.1500,-1.2500
1783084760.329180,2458,4071,7420,7308,200.1500,-1.2500
1783084760.345318,2467,4090,7458,7270,196.2200,1.3700
1783084760.361194,2448,4099,7476,7289,196.2200,1.3700
1783084760.377038,2448,4015,7476,7289,196.2200,1.3700
1783084760.393048,2430,4081,7467,7289,196.2200,1.3700
1783084760.408888,2430,4062,7467,7308,200.1500,-1.0600
1783084760.424911,2401,4062,7467,7279,200.1500,-1.0600
1783084760.441432,2401,4090,7495,7261,200.1500,-1.0600
1783084760.455931,2430,4052,7495,7261,204.2300,1.5600
1783084760.472920,2392,4071,7476,7261,204.2300,1.5600
1783084760.489127,2401,4034,7505,7270,204.2300,1.5600
1783084760.505216,2392,4052,7505,7308,196.2200,0.7500
1783084760.521066,2392,4062,7551,7345,196.2200,0.7500
1783084760.537330,2411,4052,7523,7308,196.2200,0.7500
1783084760.552237,2355,4071,7533,7317,194.7400,0.1900
1783084760.568241,2430,4071,7476,7317,194.7400,0.1900
1783084760.584003,2401,4043,7467,7289,194.7400,0.1900
1783084760.599930,2401,4081,7514,7354,194.7400,-0.1200
1783084760.616569,2383,4052,7495,7308,194.7400,-0.1200
1783084760.632117,2364,4137,7505,7336,194.7400,-0.1200
1783084760.648793,2430,4090,7551,7308,194.7400,0.3700
1783084760.664012,2373,4043,7523,7298,194.7400,0.3700
1783084760.680066,2392,4052,7551,7289,194.7400,0.3700
1783084760.698469,2364,4062,7551,7336,194.7400,-2.6900
1783084760.717285,2355,4062,7551,7336,194.7400,-2.6900
1783084760.735220,2401,4052,7514,7336,194.7400,-2.6900
1783084760.750984,2401,4043,7533,7345,195.9500,2.8800
1783084760.766991,2401,4024,7542,7308,195.9500,2.8800
1783084760.783682,2364,4015,7551,7298,195.9500,2.8800
1783084760.799205,2373,3949,7533,7298,190.9200,-1.4400
1783084760.815312,2355,4034,7533,7326,190.9200,-1.4400
1783084760.831513,2317,4071,7505,7251,190.9200,-1.4400
1783084760.848088,2355,4024,7551,7261,193.1900,2.5000
1783084760.863288,2355,4034,7580,7317,193.1900,2.5000
1783084760.879359,2336,4006,7561,7317,193.1900,2.5000
1783084760.895095,2401,4024,7561,7308,193.1900,2.5000
1783084760.911058,2345,3968,7533,7336,188.2700,-1.5600
1783084760.927339,2401,3987,7570,7326,188.2700,-1.5600
1783084760.943120,2448,4024,7570,7308,188.2700,-1.5600
1783084760.959118,2345,4015,7580,7354,190.4300,1.3700
1783084760.976092,2289,3977,7551,7354,190.4300,1.3700
1783084760.992155,2308,4024,7551,7345,190.4300,1.3700
1783084761.008128,2317,3996,7580,7345,188.2700,-1.7500
1783084761.024470,2355,4015,7570,7336,188.2700,-1.7500
1783084761.040461,2336,3977,7570,7317,188.2700,-1.7500
1783084761.056164,2298,3968,7561,7317,189.3300,0.4400
1783084761.072159,2373,4024,7570,7326,189.3300,0.4400
1783084761.088232,2326,4015,7608,7326,189.3300,0.4400
1783084761.104173,2298,4024,7598,7317,186.6200,-2.1900
1783084761.120160,2280,3977,7608,7326,186.6200,-2.1900
1783084761.136451,2289,3959,7570,7345,186.6200,-2.1900
1783084761.154210,2336,3987,7636,7345,192.0300,0.1200
1783084761.170192,2261,3968,7608,7373,192.0300,0.1200
1783084761.186377,2308,3940,7636,7345,192.0300,0.1200
1783084761.202291,2345,3968,7627,7336,186.6200,-1.1200
1783084761.219168,2261,4034,7608,7336,186.6200,-1.1200
1783084761.235170,2326,3977,7617,7383,186.6200,-1.1200
1783084761.251450,2270,3959,7645,7383,194.7400,-1.5600
1783084761.267220,2280,3931,7617,7383,194.7400,-1.5600
1783084761.283315,2261,3921,7617,7373,194.7400,-1.5600
1783084761.299826,2289,3959,7627,7345,187.6700,0.5000
1783084761.317416,2355,3949,7617,7345,187.6700,0.5000
1783084761.333278,2261,3968,7636,7354,187.6700,0.5000
1783084761.349268,2280,3977,7645,7345,180.3100,-0.6900
1783084761.366290,2289,3921,7645,7345,180.3100,-0.6900
1783084761.383438,2289,3931,7598,7354,180.3100,-0.6900
1783084761.398618,2242,3949,7589,7392,183.9200,-0.5000
1783084761.414311,2261,3931,7645,7392,183.9200,-0.5000
1783084761.430482,2298,3884,7636,7392,183.9200,-0.5000
1783084761.446316,2242,3902,7617,7373,183.9200,1.5000
1783084761.462406,2261,3931,7608,7392,183.9200,1.5000
1783084761.478546,2308,3959,7627,7383,183.9200,1.5000
1783084761.494353,2233,3959,7598,7411,183.9200,1.5000
1783084761.510345,2223,3912,7627,7392,181.2100,-0.2500
1783084761.526526,2261,3884,7664,7411,181.2100,-0.2500
1783084761.542361,2242,3977,7645,7411,181.2100,-0.2500
1783084761.558334,2270,3912,7664,7392,183.9200,1.0000
1783084761.574873,2195,3968,7636,7373,183.9200,1.0000
1783084761.590372,2270,3940,7608,7467,183.9200,1.0000
1783084761.606453,2233,3931,7655,7401,183.9200,0.3100
1783084761.622888,2280,3912,7645,7448,183.9200,0.3100
1783084761.638503,2204,3893,7692,7411,183.9200,0.3100
1783084761.654380,2223,3902,7655,7458,178.5100,0.2500
1783084761.670624,2223,3893,7655,7448,178.5100,0.2500
1783084761.686431,2195,3884,7655,7439,178.5100,0.2500
1783084761.703400,2223,3874,7645,7439,183.9200,1.6300
1783084761.719617,2214,3977,7664,7439,183.9200,1.6300
1783084761.737556,2223,3949,7702,7439,183.9200,1.6300
1783084761.753366,2214,3921,7702,7523,175.8000,0.5000
1783084761.769361,2214,3902,7692,7458,175.8000,0.5000
1783084761.785556,2251,3912,7748,7467,175.8000,0.5000
1783084761.801344,2233,3902,7730,7467,178.5100,-1.1900
1783084761.817491,2261,3921,7730,7486,178.5100,-1.1900
1783084761.833762,2176,3931,7711,7486,178.5100,-1.1900
1783084761.849511,2214,3902,7739,7486,173.1000,1.3700
1783084761.865467,2251,3902,7673,7458,173.1000,1.3700
1783084761.881828,2270,3902,7720,7486,173.1000,1.3700
1783084761.898140,2270,3949,7730,7458,176.6300,-0.3100
1783084761.912490,2204,3912,7711,7476,176.6300,-0.3100
1783084761.928673,2158,3893,7692,7476,176.6300,-0.3100
1783084761.944502,2195,3921,7720,7495,176.6300,-0.3100
1783084761.960528,2223,3884,7730,7486,167.0500,0.4400
1783084761.976717,2204,3893,7711,7486,167.0500,0.4400
1783084761.992494,2204,3884,7711,7523,167.0500,0.4400
1783084762.008536,2158,3902,7692,7533,170.4000,1.1900
1783084762.024682,2186,3902,7711,7495,170.4000,1.1900
1783084762.040884,2195,3921,7739,7533,170.4000,1.1900
1783084762.058701,2214,3884,7730,7533,173.1000,-0.4400
1783084762.074557,2214,3921,7730,7505,173.1000,-0.4400
1783084762.090923,2195,3874,7739,7551,173.1000,-0.4400
1783084762.106683,2233,3855,7730,7542,170.4000,0.1200
1783084762.122813,2214,3902,7739,7533,170.4000,0.1200
1783084762.138978,2167,3884,7730,7486,170.4000,0.1200
1783084762.154581,2195,3912,7739,7551,179.3900,1.0000
1783084762.169703,2148,3893,7739,7523,179.3900,1.0000
1783084762.185513,2204,3902,7739,7505,179.3900,1.0000
1783084762.201492,2176,3884,7767,7608,170.4000,0.6300
1783084762.217701,2186,3846,7786,7589,170.4000,0.6300
1783084762.233642,2158,3874,7720,7551,170.4000,0.6300
1783084762.249577,2251,3865,7739,7523,169.7100,0.3700
1783084762.265656,2204,3865,7739,7608,169.7100,0.3700
1783084762.281551,2148,3893,7748,7561,169.7100,0.3700
1783084762.298148,2186,3884,7795,7580,170.4000,0.4400
1783084762.313688,2176,3884,7748,7598,170.4000,0.4400
1783084762.329584,2139,3874,7748,7636,170.4000,0.4400
1783084762.345588,2204,3855,7786,7561,170.4000,0.8800
1783084762.361630,2204,3893,7758,7561,170.4000,0.8800
1783084762.377610,2167,3846,7758,7580,170.4000,0.8800
1783084762.393534,2176,3865,7777,7542,170.4000,0.8800
1783084762.409618,2214,3884,7786,7598,167.6900,-0.7500
1783084762.425558,2158,3846,7767,7580,167.6900,-0.7500
1783084762.441595,2139,3884,7777,7580,167.6900,-0.7500
1783084762.457379,2101,3837,7805,7655,170.4000,-0.3100
1783084762.472603,2195,3865,7777,7636,170.4000,-0.3100
1783084762.488566,2186,3874,7767,7673,170.4000,-0.3100
1783084762.506674,2111,3846,7795,7673,162.2800,-0.3100
1783084762.522892,2148,3902,7786,7683,162.2800,-0.3100
1783084762.538645,2176,3874,7795,7589,162.2800,-0.3100
1783084762.554754,2139,3874,7786,7636,164.9900,-0.5000
1783084762.570870,2120,3855,7795,7664,164.9900,-0.5000
1783084762.586787,2167,3855,7786,7655,164.9900,-0.5000
1783084762.602688,2233,3865,7805,7598,164.9900,0.3100
1783084762.618897,2186,3818,7795,7561,164.9900,0.3100
1783084762.634727,2186,3902,7824,7608,164.9900,0.3100
1783084762.650681,2176,3855,7786,7542,164.9900,0.3100
1783084762.667171,2195,3837,7795,7617,164.9900,0.3100
1783084762.682720,2129,3855,7786,7645,164.9900,0.3100
1783084762.698884,2129,3884,7786,7739,170.4000,-0.8100
1783084762.715101,2195,3855,7824,7627,170.4000,-0.8100
1783084762.730020,2167,3884,7852,7702,170.4000,-0.8100
1783084762.745991,2120,3846,7805,7683,164.4000,0.0000
1783084762.761689,2158,3855,7767,7692,164.4000,0.0000
1783084762.777669,2158,3846,7805,7692,164.4000,0.0000
1783084762.793661,2139,3837,7814,7739,167.6900,-0.0600
1783084762.809678,2223,3874,7833,7720,167.6900,-0.0600
1783084762.826008,2111,3818,7833,7711,167.6900,-0.0600
1783084762.841669,2167,3818,7870,7711,167.6900,-0.0600
1783084762.857667,2167,3771,7824,7692,165.5900,-0.0600
1783084762.873754,2101,3827,7861,7683,165.5900,-0.0600
1783084762.889926,2204,3818,7880,7692,165.5900,-0.0600
1783084762.907683,2139,3827,7842,7692,164.9900,1.0600
1783084762.923707,2111,3846,7870,7739,164.9900,1.0600
1783084762.939848,2176,3846,7899,7786,164.9900,1.0600
1783084762.955839,2167,3818,7870,7767,159.5800,-0.1900
1783084762.972996,2120,3799,7842,7767,159.5800,-0.1900
1783084762.988890,2139,3827,7861,7673,159.5800,-0.1900
1783084763.004860,2298,3837,7899,7702,164.4000,1.0600
1783084763.020944,2129,3818,7889,7767,164.4000,1.0600
1783084763.036734,2120,3846,7908,7748,164.4000,1.0600
1783084763.052776,2167,3818,7880,7748,168.3500,-1.8100
1783084763.068984,2158,3855,7908,7683,168.3500,-1.8100
1783084763.084766,2129,3818,7899,7767,168.3500,-1.8100
1783084763.100769,2120,3837,7899,7758,167.6900,0.5600
1783084763.116952,2101,3790,7870,7673,167.6900,0.5600
1783084763.132837,2158,3799,7861,7777,167.6900,0.5600
1783084763.149190,2195,3837,7889,7692,167.6900,-0.6900
1783084763.164976,2158,3837,7889,7730,167.6900,-0.6900
1783084763.180820,2139,3818,7908,7711,167.6900,-0.6900
1783084763.196871,2064,3799,7889,7767,164.9900,-0.3100
1783084763.213057,2083,3799,7917,7702,164.9900,-0.3100
1783084763.228093,2176,3809,7936,7720,164.9900,-0.3100
1783084763.243876,2101,3818,7861,7702,161.7500,0.5000
1783084763.259871,2045,3809,7927,7758,161.7500,0.5000
1783084763.275830,2092,3809,7908,7814,161.7500,0.5000
1783084763.293843,2186,3780,7908,7720,161.7500,0.5000
1783084763.310122,2148,3799,7917,7758,162.2800,1.0600
1783084763.326134,2139,3771,7955,7861,162.2800,1.0600
1783084763.342115,2101,3780,7889,7824,162.2800,1.0600
1783084763.358124,2092,3771,7908,7795,165.5900,0.0600
1783084763.374098,2148,3752,7927,7805,165.5900,0.0600
1783084763.390024,2064,3818,7908,7786,165.5900,0.0600
1783084763.405922,2111,3780,7899,7814,162.2800,0.6300
1783084763.424939,2054,3771,7899,7814,162.2800,0.6300
1783084763.441156,2073,3818,7964,7748,162.2800,0.6300
1783084763.459490,2139,3799,7964,7748,159.1000,0.6900
1783084763.477205,2139,3780,7927,7748,159.1000,0.6900
1783084763.493052,2111,3734,7927,7786,159.1000,0.6900
1783084763.509066,2083,3827,7927,7852,165.5900,-0.8800
1783084763.525342,2064,3799,7945,7786,165.5900,-0.8800
1783084763.540988,2036,3743,8021,7861,165.5900,-0.8800
1783084763.555913,2064,3743,8011,7861,162.2800,-0.8800
1783084763.573355,2158,3752,7955,7786,162.2800,-0.8800
1783084763.590528,2017,3827,7955,7786,162.2800,-0.8800
1783084763.606371,2054,3752,7945,7805,156.8700,-0.0600
1783084763.622450,2026,3771,7964,7861,156.8700,-0.0600
1783084763.639264,2073,3677,8021,7795,156.8700,-0.0600
1783084763.654037,2101,3790,7945,7814,159.5800,-0.2500
1783084763.670025,2017,3762,7955,7777,159.5800,-0.2500
1783084763.686084,2054,3724,7983,7824,159.5800,-0.2500
1783084763.702048,2101,3799,7992,7795,164.9900,0.5000
1783084763.718089,2064,3734,8039,7814,164.9900,0.5000
1783084763.734098,2073,3743,7964,7842,164.9900,0.5000
1783084763.752036,2064,3724,7964,7870,156.4500,-1.4400
1783084763.768047,2054,3752,7992,7861,156.4500,-1.4400
1783084763.784053,2120,3724,7983,7786,156.4500,-1.4400
1783084763.799978,1998,3734,7974,7805,156.8700,0.1200
1783084763.817081,1998,3752,7992,7805,156.8700,0.1200
1783084763.835124,2064,3790,8002,7805,156.8700,0.1200
1783084763.851220,2054,3762,7974,7842,159.5800,-1.0600
1783084763.867370,2026,3762,8021,7936,159.5800,-1.0600
1783084763.885272,2101,3780,8021,7880,159.5800,-1.0600
1783084763.904088,2083,3762,8021,7880,160.0700,1.3100
1783084763.921323,2064,3752,7992,7917,160.0700,1.3100
1783084763.937190,2007,3687,8021,7974,160.0700,1.3100
1783084763.953119,2036,3715,8021,7870,154.1700,0.1200
1783084763.968139,2120,3743,8058,7814,154.1700,0.1200
1783084763.984133,2026,3771,8002,7814,154.1700,0.1200
1783084764.000102,1961,3743,8030,7889,156.8700,-0.1200
1783084764.016138,1979,3696,8011,7870,156.8700,-0.1200
1783084764.032129,2026,3734,8049,7861,156.8700,-0.1200
1783084764.050555,1951,3743,8049,7861,151.4600,-0.5000
1783084764.066438,2007,3696,8030,7861,151.4600,-0.5000
1783084764.082645,2026,3705,8039,7964,151.4600,-0.5000
1783084764.101450,2007,3752,8039,7964,154.1700,0.6900
1783084764.119833,1961,3715,8011,7964,154.1700,0.6900
1783084764.135692,2036,3734,8067,7899,154.1700,0.6900
1783084764.151592,1942,3734,8039,7880,153.8000,-0.5000
1783084764.168413,1989,3687,8067,8011,153.8000,-0.5000
1783084764.183303,1970,3696,8049,7880,153.8000,-0.5000
1783084764.199160,2045,3696,8067,7889,154.1700,0.9400
1783084764.215517,1979,3734,7992,7945,154.1700,0.9400
1783084764.231253,1951,3705,8030,7908,154.1700,0.9400
1783084764.247962,1970,3715,8030,7814,154.5500,0.9400
1783084764.266328,2007,3790,8030,7814,154.5500,0.9400
1783084764.283355,1979,3696,8077,7908,154.5500,0.9400
1783084764.299418,1989,3696,8067,7880,148.4900,0.3700
1783084764.315300,1951,3677,8039,7945,148.4900,0.3700
1783084764.330447,1989,3668,8030,7880,148.4900,0.3700
1783084764.346433,1951,3640,8030,7927,154.1700,0.3700
1783084764.362293,2007,3687,8077,7917,154.1700,0.3700
1783084764.378258,1886,3677,8030,7927,154.1700,0.3700
1783084764.394519,1989,3640,8077,7945,154.5500,-1.3700
1783084764.410500,1970,3640,8039,7974,154.5500,-1.3700
1783084764.429330,1951,3640,8039,7955,154.5500,-1.3700
1783084764.446508,1923,3677,8049,7899,148.7600,0.7500
1783084764.462459,1961,3649,8058,7955,148.7600,0.7500
1783084764.478719,1961,3621,8067,7917,148.7600,0.7500
1783084764.494354,1914,3687,8077,7899,148.7600,0.7500
1783084764.510520,1932,3668,8133,7927,146.0500,-0.2500
1783084764.526586,1961,3668,8086,7917,146.0500,-0.2500
1783084764.541754,1998,3668,8086,7880,146.0500,-0.2500
1783084764.557920,1998,3621,8114,7983,151.4600,-0.1200
1783084764.573774,1914,3612,8077,7945,151.4600,-0.1200
1783084764.590846,1961,3649,8058,7936,151.4600,-0.1200
1783084764.606840,1923,3640,8124,8011,143.1900,0.5600
1783084764.624773,1951,3649,8124,8011,143.1900,0.5600
1783084764.640749,1923,3630,8086,7936,143.1900,0.5600
1783084764.656499,1961,3687,8152,7964,148.7600,1.2500
1783084764.672765,1942,3677,8086,7983,148.7600,1.2500
1783084764.688832,1867,3658,8096,7945,148.7600,1.2500
1783084764.704356,1970,3649,8058,7945,146.0500,0.6300
1783084764.720530,1923,3696,8124,7917,146.0500,0.6300
1783084764.737331,1932,3668,8114,7917,146.0500,0.6300
1783084764.754219,1942,3668,8142,8011,148.7600,-0.8100
1783084764.769408,1979,3649,8161,8002,148.7600,-0.8100
1783084764.785431,1932,3621,8133,8011,148.7600,-0.8100
1783084764.801362,1904,3668,8096,7945,146.0500,-0.1200
1783084764.817569,1942,3658,8114,7974,146.0500,-0.1200
1783084764.834555,1886,3658,8142,8011,146.0500,-0.1200
1783084764.850702,1923,3640,8152,7945,146.0500,-0.4400
1783084764.867774,1867,3668,8133,7945,146.0500,-0.4400
1783084764.883657,1867,3658,8171,7955,146.0500,-0.4400
1783084764.899879,1867,3621,8199,7955,149.0300,0.3700
1783084764.915334,1886,3696,8124,7983,149.0300,0.3700
1783084764.931300,1932,3649,8124,7964,149.0300,0.3700
1783084764.948279,1904,3612,8133,7992,145.8400,0.1900
1783084764.963275,1961,3640,8124,8021,145.8400,0.1900
1783084764.979243,1857,3640,8142,7955,145.8400,0.1900
1783084764.995893,1867,3621,8133,7955,149.0300,-0.2500
1783084765.012056,1904,3593,8180,7974,149.0300,-0.2500
1783084765.028002,1895,3649,8161,8030,149.0300,-0.2500
1783084765.044155,1961,3621,8133,7955,143.1900,-0.2500
1783084765.059561,1895,3658,8133,7964,143.1900,-0.2500
1783084765.077577,1867,3668,8142,7964,143.1900,-0.2500
1783084765.093467,1857,3612,8208,8002,143.1900,-0.2500
1783084765.109879,1886,3658,8142,8002,146.0500,-0.5600
1783084765.125543,1942,3621,8152,8011,146.0500,-0.5600
1783084765.141646,1951,3621,8180,8011,146.0500,-0.5600
1783084765.157949,1914,3621,8208,7955,146.0500,-1.0000
1783084765.173532,1904,3649,8142,7964,146.0500,-1.0000
1783084765.189514,1886,3593,8161,8030,146.0500,-1.0000
1783084765.205644,1857,3612,8180,7992,140.6400,0.9400
1783084765.221314,1801,3668,8171,8067,140.6400,0.9400
1783084765.236324,1886,3640,8171,8067,140.6400,0.9400
1783084765.254376,1876,3640,8208,8067,135.2300,-1.1200
1783084765.270617,1839,3668,8152,8058,135.2300,-1.1200
1783084765.286519,1857,3602,8171,7992,135.2300,-1.1200
1783084765.302680,1839,3593,8189,7974,143.3500,0.5600
1783084765.318878,1904,3640,8171,8039,143.3500,0.5600
1783084765.334623,1810,3612,8142,8002,143.3500,0.5600
1783084765.350636,1886,3602,8189,8049,140.6400,-1.2500
1783084765.367075,1829,3602,8152,8011,140.6400,-1.2500
1783084765.382810,1923,3593,8180,8011,140.6400,-1.2500
1783084765.400306,1857,3640,8180,8058,140.6400,0.8800
1783084765.414710,1989,3565,8208,8011,140.6400,0.8800
1783084765.430447,1932,3565,8180,8086,140.6400,0.8800
1783084765.447082,1895,3668,8227,8011,140.6400,-0.1900
1783084765.462833,1839,3583,8246,8021,140.6400,-0.1900
1783084765.479880,1857,3677,8161,8021,140.6400,-0.1900
1783084765.495542,1876,3630,8180,8011,143.3500,1.1900
1783084765.511736,1932,3546,8161,8067,143.3500,1.1900
1783084765.527563,1839,3602,8236,8058,143.3500,1.1900
1783084765.543602,1923,3668,8199,8049,143.3500,1.1900
1783084765.559782,1876,3621,8218,8067,140.6400,-0.6300
1783084765.577711,1810,3612,8293,8067,140.6400,-0.6300
1783084765.593508,1857,3574,8246,8039,140.6400,-0.6300
1783084765.609491,1810,3621,8227,7992,140.6400,0.3100
1783084765.625762,1829,3696,8227,8021,140.6400,0.3100
1783084765.641466,1810,3677,8264,8049,140.6400,0.3100
1783084765.657468,1857,3640,8236,8030,137.9400,-0.4400
1783084765.673772,1867,3621,8227,7983,137.9400,-0.4400
1783084765.691084,1848,3602,8274,7983,137.9400,-0.4400
1783084765.706685,1857,3621,8236,8049,135.2300,1.0000
1783084765.722616,1886,3658,8274,8049,135.2300,1.0000
1783084765.739246,1923,3630,8227,8021,135.2300,1.0000
1783084765.755045,1914,3630,8208,8058,140.6400,-1.0600
1783084765.771354,1932,3602,8246,8030,140.6400,-1.0600
1783084765.787254,1848,3583,8246,8030,140.6400,-1.0600
1783084765.802826,1895,3583,8293,8058,135.2300,0.2500
1783084765.818650,1829,3555,8255,8039,135.2300,0.2500
1783084765.834941,1829,3621,8227,8067,135.2300,0.2500
1783084765.850576,1792,3621,8246,8077,132.5300,-1.6300
1783084765.866824,1810,3668,8293,8077,132.5300,-1.6300
1783084765.883397,1829,3546,8274,8067,132.5300,-1.6300
1783084765.900680,1792,3640,8246,8096,135.2300,1.1200
1783084765.914998,1857,3593,8283,8096,135.2300,1.1200
1783084765.931239,1820,3565,8283,8077,135.2300,1.1200
1783084765.946977,1876,3527,8255,8058,127.1200,0.2500
1783084765.962152,1829,3574,8255,8067,127.1200,0.2500
1783084765.977886,1792,3583,8321,8030,127.1200,0.2500
1783084765.994834,1829,3630,8236,8086,127.1200,0.2500
1783084766.010509,1820,3574,8255,8105,129.8300,-0.0600
1783084766.026037,1848,3583,8236,8077,129.8300,-0.0600
1783084766.042659,1801,3602,8246,8049,129.8300,-0.0600
1783084766.058596,1773,3612,8293,8086,132.5300,-0.0600
1783084766.073903,1764,3593,8302,8067,132.5300,-0.0600
1783084766.089964,1801,3527,8264,8049,132.5300,-0.0600
1783084766.106072,1820,3574,8274,8030,129.8300,0.6900
1783084766.121995,1848,3546,8293,8011,129.8300,0.6900
1783084766.137939,1839,3574,8302,8105,129.8300,0.6900
1783084766.154222,1801,3612,8283,8086,135.2300,0.8800
1783084766.169894,1810,3583,8283,8096,135.2300,0.8800
1783084766.185992,1745,3555,8311,8124,135.2300,0.8800
1783084766.202690,1773,3630,8283,8067,127.2800,-0.4400
1783084766.218040,1792,3518,8311,8077,127.2800,-0.4400
1783084766.233807,1773,3537,8302,8124,127.2800,-0.4400
1783084766.250687,1754,3546,8293,8096,132.4700,0.0600
1783084766.265078,1792,3574,8311,8096,132.4700,0.0600
1783084766.281564,1829,3565,8321,8133,132.4700,0.0600
1783084766.297982,1792,3555,8330,8124,132.5300,0.1900
1783084766.313200,1689,3574,8339,8105,132.5300,0.1900
1783084766.329038,1754,3518,8302,8067,132.5300,0.1900
1783084766.345493,1745,3555,8330,8086,129.9300,0.6300
1783084766.360879,1801,3583,8330,8133,129.9300,0.6300
1783084766.376971,1792,3537,8330,8152,129.9300,0.6300
1783084766.393140,1801,3527,8358,8124,129.9300,0.6300
1783084766.409131,1792,3574,8339,8114,129.8300,0.3100
1783084766.425098,1764,3583,8339,8114,129.8300,0.3100
1783084766.441460,1764,3555,8330,8105,129.8300,0.3100
1783084766.457147,1792,3546,8302,8124,132.5300,0.1900
1783084766.473309,1782,3546,8321,8152,132.5300,0.1900
1783084766.489337,1726,3537,8358,8142,132.5300,0.1900
1783084766.504898,1698,3537,8349,8161,132.4700,0.5000
1783084766.520321,1745,3565,8349,8086,132.4700,0.5000
1783084766.535913,1745,3565,8330,8133,132.4700,0.5000
1783084766.552031,1782,3555,8386,8161,129.8300,-0.5000
1783084766.568366,1689,3546,8339,8161,129.8300,-0.5000
1783084766.583936,1735,3593,8349,8133,129.8300,-0.5000
1783084766.601279,1726,3527,8358,8199,127.2800,-1.5600
1783084766.618569,1764,3593,8358,8199,127.2800,-1.5600
1783084766.634859,1754,3555,8386,8180,127.2800,-1.5600
1783084766.651454,1660,3546,8358,8180,135.2300,0.3100
1783084766.665993,1764,3518,8358,8133,135.2300,0.3100
1783084766.682614,1707,3574,8358,8152,135.2300,0.3100
1783084766.700874,1764,3602,8368,8152,129.8300,-1.5600
1783084766.716164,1773,3546,8405,8133,129.8300,-1.5600
1783084766.731048,1726,3518,8386,8227,129.8300,-1.5600
1783084766.747309,1773,3537,8358,8171,129.8300,0.0600
1783084766.763521,1735,3630,8339,8124,129.8300,0.0600
1783084766.779155,1745,3527,8339,8180,129.8300,0.0600
1783084766.795402,1754,3537,8377,8189,124.6300,-1.0000
1783084766.811757,1745,3527,8358,8255,124.6300,-1.0000
1783084766.829525,1764,3546,8377,8255,124.6300,-1.0000
1783084766.845504,1754,3565,8396,8180,124.6300,-1.0000
1783084766.862415,1735,3546,8415,8180,129.7100,-0.7500
1783084766.877575,1717,3527,8358,8227,129.7100,-0.7500
1783084766.893561,1754,3537,8358,8142,129.7100,-0.7500
1783084766.909369,1745,3527,8368,8124,124.4200,0.1200
1783084766.925140,1764,3546,8405,8227,124.4200,0.1200
1783084766.941132,1717,3490,8377,8199,124.4200,0.1200
1783084766.957413,1754,3499,8396,8208,127.2800,0.3700
1783084766.973133,1782,3565,8433,8199,127.2800,0.3700
1783084766.990367,1801,3537,8405,8199,127.2800,0.3700
1783084767.006433,1773,3546,8415,8180,124.4200,-0.3700
1783084767.022689,1754,3546,8358,8199,124.4200,-0.3700
1783084767.038630,1764,3555,8396,8199,124.4200,-0.3700
1783084767.054383,1773,3527,8368,8218,127.1200,0.5000
1783084767.070396,1764,3508,8396,8218,127.1200,0.5000
1783084767.086571,1801,3527,8433,8208,127.1200,0.5000
1783084767.102740,1735,3518,8396,8227,127.1200,0.6300
1783084767.120836,1717,3555,8396,8227,127.1200,0.6300
1783084767.136929,1735,3518,8396,8255,127.1200,0.6300
1783084767.152441,1726,3499,8415,8218,127.1200,-0.1200
1783084767.168619,1745,3518,8415,8274,127.1200,-0.1200
1783084767.184739,1735,3537,8396,8264,127.1200,-0.1200
1783084767.200962,1726,3518,8377,8227,126.9500,0.6300
1783084767.215772,1707,3537,8368,8236,126.9500,0.6300
1783084767.231704,1726,3518,8396,8236,126.9500,0.6300
1783084767.247591,1773,3527,8377,8227,121.9800,1.0600
1783084767.263824,1773,3518,8386,8236,121.9800,1.0600
1783084767.279640,1689,3508,8349,8264,121.9800,1.0600
1783084767.295534,1689,3527,8424,8236,121.9800,1.0600
1783084767.311598,1679,3508,8358,8274,124.1900,0.3700
1783084767.329602,1735,3546,8386,8274,124.1900,0.3700
1783084767.345279,1660,3527,8424,8293,124.1900,0.3700
1783084767.361264,1717,3537,8405,8274,121.9800,0.4400
1783084767.378856,1707,3508,8377,8274,121.9800,0.4400
1783084767.395806,1745,3555,8377,8180,124.1900,0.2500
1783084767.410307,1651,3537,8377,8274,124.1900,0.2500
1783084767.426864,1698,3546,8368,8236,124.1900,0.2500
1783084767.443175,1670,3555,8396,8255,124.1900,0.2500
1783084767.458777,1698,3518,8377,8236,124.4200,-0.1900
1783084767.474406,1670,3518,8358,8264,124.4200,-0.1900
1783084767.490745,1642,3499,8368,8264,124.4200,-0.1900
1783084767.506512,1679,3471,8405,8283,119.3200,-1.1200
1783084767.522581,1679,3499,8330,8293,119.3200,-1.1200
1783084767.538823,1670,3508,8368,8274,119.3200,-1.1200
1783084767.554496,1623,3508,8405,8264,116.3000,-0.0600
1783084767.570460,1670,3480,8377,8264,116.3000,-0.0600
1783084767.586637,1689,3555,8377,8236,116.3000,-0.0600
1783084767.602629,1698,3480,8377,8246,113.6000,0.5000
1783084767.619928,1726,3546,8386,8246,113.6000,0.5000
1783084767.638067,1735,3499,8415,8246,113.6000,0.5000
1783084767.655783,1726,3565,8452,8246,119.0100,0.1200
1783084767.675609,1782,3508,8452,8246,119.0100,0.1200
1783084767.691524,1754,3508,8443,8293,119.0100,0.1200
1783084767.707725,1679,3527,8452,8302,116.3000,-0.1200
1783084767.723480,1642,3555,8433,8264,116.3000,-0.1200
1783084767.739449,1670,3518,8424,8321,116.3000,-0.1200
1783084767.756519,1670,3574,8443,8321,116.3000,1.0000
1783084767.773987,1764,3518,8490,8311,116.3000,1.0000
1783084767.788547,1698,3537,8433,8302,116.3000,1.0000
1783084767.804621,1735,3527,8424,8283,119.0100,-0.0600
1783084767.821247,1745,3461,8490,8283,119.0100,-0.0600
1783084767.836665,1707,3546,8471,8293,119.0100,-0.0600
1783084767.853104,1726,3546,8424,8311,119.0100,0.3100
1783084767.869069,1754,3527,8461,8302,119.0100,0.3100
1783084767.885387,1726,3565,8471,8330,119.0100,0.3100
1783084767.901367,1735,3583,8461,8293,119.0100,0.4400
1783084767.917269,1632,3490,8452,8283,119.0100,0.4400
1783084767.932796,1689,3537,8480,8283,119.0100,0.4400
1783084767.949567,1679,3555,8461,8302,116.3000,-0.2500
1783084767.964864,1651,3490,8480,8293,116.3000,-0.2500
1783084767.980581,1613,3508,8471,8311,116.3000,-0.2500
1783084767.996760,1623,3490,8499,8302,116.3000,0.9400
1783084768.013022,1623,3490,8490,8302,116.3000,0.9400
1783084768.029598,1717,3499,8508,8302,116.3000,0.9400
1783084768.045570,1717,3499,8490,8330,116.3000,0.9400
1783084768.061809,1670,3508,8480,8321,113.6000,-0.4400
1783084768.077572,1670,3583,8490,8339,113.6000,-0.4400
1783084768.093569,1735,3499,8499,8349,113.6000,-0.4400
1783084768.110281,1726,3555,8499,8330,119.0100,0.3700
1783084768.128442,1801,3537,8508,8330,119.0100,0.3700
1783084768.144780,1782,3508,8508,8311,119.0100,0.1200
1783084768.159947,1698,3555,8499,8321,119.0100,0.1200
1783084768.176267,1679,3583,8536,8386,119.0100,0.1200
1783084768.191977,1698,3518,8471,8349,119.0100,0.1200
1783084768.207680,1698,3555,8536,8358,113.6000,-0.6900
1783084768.224681,1689,3480,8508,8358,113.6000,-0.6900
1783084768.242098,1707,3574,8527,8330,113.6000,-0.6900
1783084768.256876,1679,3499,8518,8330,119.0100,0.8100
1783084768.272641,1707,3546,8546,8386,119.0100,0.8100
1783084768.289021,1735,3508,8499,8386,119.0100,0.8100
1783084768.304617,1717,3527,8536,8358,116.3000,-0.1900
1783084768.320624,1726,3565,8546,8358,116.3000,-0.1900
1783084768.336946,1735,3555,8546,8396,116.3000,-0.1900
1783084768.352645,1726,3527,8546,8302,116.3000,-0.3100
1783084768.369106,1689,3518,8536,8358,116.3000,-0.3100
1783084768.385073,1689,3527,8499,8415,116.3000,-0.3100
1783084768.401576,1651,3537,8518,8349,116.6700,-0.1900
1783084768.419068,1613,3490,8565,8349,116.6700,-0.1900
1783084768.435441,1660,3555,8593,8349,116.6700,-0.1900
1783084768.453297,1642,3508,8518,8377,115.9200,-0.9400
1783084768.468634,1670,3499,8546,8321,115.9200,-0.9400
1783084768.482946,1651,3499,8546,8377,115.9200,-0.9400
1783084768.500497,1613,3499,8546,8368,110.8900,-0.5600
1783084768.515207,1595,3471,8583,8368,110.8900,-0.5600
1783084768.531147,1604,3537,8536,8405,110.8900,-0.5600
1783084768.547487,1604,3565,8602,8349,108.7200,-0.1200
1783084768.563126,1595,3518,8565,8377,108.7200,-0.1200
1783084768.579014,1595,3508,8565,8377,108.7200,-0.1200
1783084768.595278,1613,3480,8565,8377,113.1600,0.1200
1783084768.611147,1623,3537,8574,8368,113.1600,0.1200
1783084768.627131,1660,3518,8574,8377,113.1600,0.1200
1783084768.643353,1642,3508,8574,8386,113.1600,0.1200
1783084768.659546,1651,3461,8621,8386,103.4100,-1.1200
1783084768.675323,1623,3508,8611,8349,103.4100,-1.1200
1783084768.691563,1651,3471,8583,8415,103.4100,-1.1200
1783084768.707808,1623,3461,8574,8377,110.4000,-0.2500
1783084768.724674,1651,3480,8574,8377,110.4000,-0.2500
1783084768.740417,1707,3471,8583,8396,110.4000,-0.2500
1783084768.756230,1670,3518,8602,8377,108.7200,1.5000
1783084768.773873,1670,3461,8593,8405,108.7200,1.5000
1783084768.790109,1660,3499,8602,8405,108.7200,1.5000
1783084768.806311,1642,3490,8593,8405,110.4000,-1.3700
1783084768.821934,1632,3490,8565,8424,110.4000,-1.3700
1783084768.837920,1623,3433,8583,8433,110.4000,-1.3700
1783084768.854363,1632,3490,8555,8415,106.0700,1.3100
1783084768.870059,1613,3508,8536,8415,106.0700,1.3100
1783084768.886093,1623,3527,8555,8396,106.0700,1.3100
1783084768.902209,1642,3508,8555,8433,110.8900,-1.5600
1783084768.919357,1670,3480,8630,8433,110.8900,-1.5600
1783084768.935175,1613,3480,8527,8424,110.8900,-1.5600
1783084768.953155,1623,3433,8593,8424,110.8900,-1.5600
1783084768.969231,1623,3461,8640,8424,110.8900,-1.5600
1783084768.985629,1623,3490,8574,8433,110.8900,-1.5600
1783084769.001203,1679,3452,8602,8433,110.8900,-1.5600
1783084769.017256,1689,3499,8630,8405,110.8900,-1.5600
1783084769.033455,1670,3518,8611,8471,110.8900,-1.5600
1783084769.051568,1632,3499,8611,8471,110.8900,-1.5600
1783084769.067743,1642,3490,8574,8386,110.8900,-1.5600
1783084769.083408,1679,3518,8621,8415,110.8900,-1.5600
1783084769.100489,1698,3508,8602,8405,110.8900,-1.5600
1783084769.115313,1670,3499,8630,8424,110.8900,-1.5600
1783084769.131280,1651,3461,8593,8415,110.8900,-1.5600
1783084769.146607,1632,3527,8630,8424,110.8900,-1.5600
1783084769.162327,1660,3499,8602,8415,110.8900,-1.5600
1783084769.178658,1651,3490,8602,8396,110.8900,-1.5600
1783084769.194631,1642,3527,8602,8415,110.8900,-1.5600
1783084769.210472,1613,3471,8546,8452,110.8900,-1.5600
1783084769.226735,1651,3452,8546,8386,110.8900,-1.5600
1783084769.242632,1642,3537,8565,8386,110.8900,-1.5600
1783084769.258432,1651,3452,8546,8415,110.8900,-1.5600
1783084769.275337,1632,3480,8602,8415,8.1100,0.1900
1783084769.290709,1623,3490,8546,8461,8.1100,0.1900
1783084769.306645,1604,3480,8602,8443,8.1100,0.1900
1783084769.322325,1670,3480,8593,8415,2.7000,3.6900
1783084769.338132,1651,3490,8574,8471,2.7000,3.6900
1783084769.354150,1707,3490,8593,8480,2.7000,3.6900
1783084769.370434,1679,3490,8565,8443,8.1100,14.1900
1783084769.386231,1689,3443,8593,8471,8.1100,14.1900
1783084769.402321,1660,3490,8565,8508,8.1100,14.1900
1783084769.418830,1660,3490,8593,8480,2.7000,6.0000
1783084769.434235,1670,3452,8593,8490,2.7000,6.0000
1783084769.449607,1689,3480,8574,8490,2.7000,6.0000
1783084769.468272,1670,3508,8565,8490,10.8200,17.2500
1783084769.481819,1660,3452,8555,8527,10.8200,17.2500
1783084769.497823,1726,3415,8621,8490,10.8200,17.2500
1783084769.513274,1745,3480,8527,8471,10.8200,17.2500
1783084769.529569,1792,3461,8499,8452,2.7000,13.2500
1783084769.545449,1717,3461,8490,8443,2.7000,13.2500
1783084769.561238,1679,3546,8480,8405,2.7000,13.2500
1783084769.577187,1698,3452,8499,8405,10.8200,16.5000
1783084769.593039,1689,3471,8471,8377,10.8200,16.5000
1783084769.609238,1670,3527,8452,8377,10.8200,16.5000
1783084769.625202,1726,3480,8518,8386,18.9300,12.7500
1783084769.641304,1764,3471,8499,8339,18.9300,12.7500
1783084769.657498,1670,3471,8499,8339,18.9300,12.7500
1783084769.673218,1642,3499,8508,8368,5.4100,13.0600
1783084769.689382,1717,3461,8508,8274,5.4100,13.0600
1783084769.705568,1726,3490,8536,8349,5.4100,13.0600
1783084769.720425,1764,3415,8565,8283,0.0000,12.3100
1783084769.736568,1745,3461,8508,8311,0.0000,12.3100
1783084769.752766,1735,3518,8518,8293,0.0000,12.3100
1783084769.770829,1689,3490,8555,8293,2.7000,12.2500
1783084769.786619,1670,3443,8527,8293,2.7000,12.2500
1783084769.802686,1679,3490,8518,8293,2.7000,12.2500
1783084769.819052,1651,3443,8518,8293,0.0000,10.3800
1783084769.834742,1670,3471,8508,8264,0.0000,10.3800
1783084769.851099,1670,3508,8527,8274,0.0000,10.3800
1783084769.868290,1707,3527,8518,8274,2.7000,10.0000
1783084769.882746,1707,3461,8480,8236,2.7000,10.0000
1783084769.898982,1735,3452,8499,8264,2.7000,10.0000
1783084769.914919,1726,3490,8480,8302,5.4100,9.0000
1783084769.930616,1745,3508,8471,8293,5.4100,9.0000
1783084769.946835,1726,3518,8386,8293,5.4100,9.0000
1783084769.963088,1726,3490,8386,8274,5.4100,10.7500
1783084769.978311,1707,3630,8396,8302,5.4100,10.7500
1783084769.995301,1717,3621,8368,8302,5.4100,10.7500
1783084770.012280,1726,3555,8368,8311,0.0000,8.0600
1783084770.027498,1735,3508,8358,8255,0.0000,8.0600
1783084770.043421,1745,3555,8377,8311,0.0000,8.0600
1783084770.059721,1717,3574,8377,8330,0.0000,8.0600
1783084770.075390,1726,3537,8358,8311,5.4100,9.0600
1783084770.091627,1764,3527,8377,8283,5.4100,9.0600
1783084770.107819,1810,3480,8443,8293,5.4100,9.0600
1783084770.124291,1801,3480,8405,8246,2.7000,7.2500
1783084770.140679,1773,3461,8424,8274,2.7000,7.2500
1783084770.156771,1717,3565,8424,8274,2.7000,7.2500
1783084770.171701,1754,3537,8461,8274,0.0000,8.3100
1783084770.187962,1745,3546,8461,8255,0.0000,8.3100
1783084770.203938,1745,3527,8471,8218,0.0000,8.3100
1783084770.222797,1754,3527,8461,8218,5.4100,4.6900
1783084770.239058,1801,3537,8508,8227,5.4100,4.6900
1783084770.254771,1764,3518,8508,8227,5.4100,4.6900
1783084770.270815,1773,3490,8480,8189,2.7000,7.1900
1783084770.287951,1745,3508,8508,8161,2.7000,7.1900
1783084770.302984,1764,3527,8508,8199,2.7000,7.1900
1783084770.319674,1792,3490,8508,8142,2.7000,4.1300
1783084770.335021,1801,3452,8518,8161,2.7000,4.1300
1783084770.350646,1754,3508,8527,8199,2.7000,4.1300
1783084770.367935,1764,3480,8499,8161,2.7000,5.4400
1783084770.383059,1773,3461,8471,8152,2.7000,5.4400
1783084770.398833,1754,3452,8480,8161,2.7000,5.4400
1783084770.414683,1782,3452,8527,8142,5.4100,4.6900
1783084770.430937,1810,3471,8527,8152,5.4100,4.6900
1783084770.445663,1773,3490,8480,8114,5.4100,4.6900
1783084770.463712,1735,3461,8471,8114,5.4100,4.6900
1783084770.480251,1764,3433,8461,8096,2.7000,5.2500
1783084770.498016,1782,3471,8461,8171,2.7000,5.2500
1783084770.513752,1764,3471,8490,8161,2.7000,5.2500
1783084770.529922,1726,3415,8480,8161,0.0000,3.0000
1783084770.546604,1792,3480,8471,8180,0.0000,3.0000
1783084770.561975,1726,3471,8461,8236,0.0000,3.0000
1783084770.577899,1810,3452,8443,8161,2.7000,3.8800
1783084770.594399,1773,3452,8415,8189,2.7000,3.8800
1783084770.610059,1810,3415,8443,8180,2.7000,3.8800
1783084770.625640,1764,3452,8461,8236,2.7000,3.2500
1783084770.642727,1754,3461,8480,8236,2.7000,3.2500
1783084770.659041,1745,3443,8443,8208,2.7000,3.2500
1783084770.674713,1754,3433,8283,8236,2.7000,3.1900
1783084770.690813,1801,3415,8396,8246,2.7000,3.1900
1783084770.707205,1792,3433,8415,8236,2.7000,3.1900
1783084770.723011,1792,3443,8358,8255,5.4100,2.2500
1783084770.739017,1810,3415,8339,8246,5.4100,2.2500
1783084770.755286,1726,3405,8349,8255,5.4100,2.2500
1783084770.770936,1754,3405,8368,8246,-2.7000,2.5000
1783084770.787128,1745,3452,8443,8227,-2.7000,2.5000
1783084770.803473,1810,3433,8330,8264,-2.7000,2.5000
1783084770.818985,1773,3415,8358,8330,5.4100,2.9400
1783084770.835021,1773,3424,8339,8274,5.4100,2.9400
1783084770.851388,1754,3424,8752,8236,5.4100,2.9400
1783084770.868788,1810,3471,8330,8255,2.7000,3.3100
1783084770.883151,1773,3443,8321,8218,2.7000,3.3100
1783084770.900455,1801,3461,8283,8218,2.7000,3.3100
1783084770.917822,1839,3452,8358,8302,2.7000,2.7500
1783084770.932148,1801,3424,8377,8293,2.7000,2.7500
1783084770.948341,1764,3443,8283,8321,2.7000,2.7500
1783084770.964115,1810,3471,8302,8264,2.7000,2.7500
1783084770.980128,1810,3415,8283,8283,0.0000,1.3100
1783084770.996398,1839,3499,8330,8283,0.0000,1.3100
1783084771.012858,1839,3452,8236,8264,5.4100,1.6300
1783084771.028265,1848,3433,8339,8302,5.4100,1.6300
1783084771.044563,1839,3471,8255,8302,5.4100,1.6300
1783084771.059223,1810,3396,8255,8274,5.4100,1.6300
1783084771.076383,1848,3433,8715,8339,2.7000,2.0600
1783084771.092511,1801,3452,8705,8283,2.7000,2.0600
1783084771.108484,1886,3405,8339,8311,2.7000,2.0600
1783084771.124439,1848,3471,8274,8349,2.7000,2.0600
1783084771.140050,1764,3480,8302,8321,2.7000,2.0600
1783084771.155700,1792,3461,8264,8283,2.7000,2.0600
1783084771.172063,1792,3452,8274,8339,2.7000,2.0600
1783084771.187711,1801,3471,8227,8246,2.7000,2.0600
1783084771.203573,1792,3396,8752,8274,2.7000,2.0600
1783084771.221361,1782,3433,8752,8302,2.7000,2.0600
1783084771.237296,1801,3415,8358,8349,2.7000,2.0600
1783084771.253453,1839,3443,8255,8274,2.7000,2.0600
1783084771.269233,1848,3433,8293,8311,2.7000,2.0600
1783084771.285309,1764,3424,8236,8293,2.7000,2.0600
1783084771.301525,1792,3405,8311,8274,2.7000,2.0600
1783084771.317229,1801,3443,8339,8274,2.7000,2.0600
1783084771.333191,1792,3471,8283,8293,2.7000,2.0600
1783084771.349384,1773,3452,8293,8302,2.7000,2.0600
1783084771.365128,1764,3433,8358,8339,2.7000,2.0600
1783084771.380836,1810,3452,8283,8246,2.7000,2.0600
1783084771.396770,1801,3452,8339,8321,2.7000,2.0600
1783084771.412153,1820,3471,8246,8302,2.7000,2.0600
1783084771.428490,1792,3452,8283,8330,2.7000,2.0600
1783084771.444757,1820,3452,8302,8349,2.4700,-0.6900
1783084771.460482,1782,3433,8733,8330,2.4700,-0.6900
1783084771.476382,1820,3443,8246,8255,2.4700,-0.6900
1783084771.492127,1810,3452,8302,8293,2.4700,-0.6900
1783084771.508151,1782,3452,8246,8264,56.8000,0.5600
1783084771.524731,1773,3443,8330,8321,56.8000,0.5600
1783084771.540876,1801,3443,8321,8302,56.8000,0.5600
1783084771.557340,1773,3433,8330,8302,73.0300,-3.3800
1783084771.574358,1801,3424,8339,8311,73.0300,-3.3800
1783084771.590851,1876,3443,8255,8330,73.0300,-3.3800
1783084771.606598,1773,3452,8274,8349,97.3700,2.0600
1783084771.621471,1801,3471,8246,8274,97.3700,2.0600
1783084771.637901,1839,3452,8227,8302,97.3700,2.0600
1783084771.653655,1867,3443,8274,8283,102.7800,-3.4400
1783084771.669512,1857,3396,8321,8311,102.7800,-3.4400
1783084771.685743,1810,3490,8264,8264,102.7800,-3.4400
1783084771.703669,1801,3433,8330,8264,110.8900,2.0000
1783084771.719600,1764,3452,8705,8283,110.8900,2.0000
1783084771.735287,1857,3452,8330,8283,110.8900,2.0000
1783084771.753469,1801,3471,8302,8339,110.8900,-2.6300
1783084771.768946,1886,3377,8302,8377,110.8900,-2.6300
1783084771.784251,1792,3508,8321,8283,110.8900,-2.6300
1783084771.799843,1829,3386,8321,8274,116.3000,0.6900
1783084771.816523,1886,3415,8687,8358,116.3000,0.6900
1783084771.831598,1867,3433,8274,8368,116.3000,0.6900
1783084771.848176,1895,3424,8264,8339,116.3000,-1.0600
1783084771.863594,1820,3452,8715,8283,116.3000,-1.0600
1783084771.879647,1820,3368,8302,8424,116.3000,-1.0600
1783084771.895953,1904,3405,8283,8330,116.3000,-1.0600
1783084771.911583,1951,3433,8302,8330,121.9800,0.3700
1783084771.927351,1951,3415,8293,8283,121.9800,0.3700
1783084771.943689,1914,3424,8264,8330,121.9800,0.3700
1783084771.959485,1857,3405,8311,8424,127.1200,-1.8800
1783084771.975495,1820,3415,8696,8377,127.1200,-1.8800
1783084771.991838,1867,3424,8696,8358,127.1200,-1.8800
1783084772.007758,1914,3405,8255,8349,132.4700,1.1200
1783084772.023801,1876,3386,8330,8330,132.4700,1.1200
1783084772.040215,1876,3461,8274,8415,132.4700,1.1200
1783084772.055814,1867,3433,8227,8518,132.5800,-0.8800
1783084772.071778,1820,3415,8687,8396,132.5800,-0.8800
1783084772.088191,1876,3405,8293,8377,132.5800,-0.8800
1783084772.103517,1895,3396,8687,8349,135.2300,0.0600
1783084772.118670,1876,3377,8302,8443,135.2300,0.0600
1783084772.134768,1895,3415,8189,8433,135.2300,0.0600
1783084772.151752,1886,3405,8189,8349,143.5100,1.3700
1783084772.166592,1923,3358,8705,8330,143.5100,1.3700
1783084772.182800,1895,3471,8208,8583,143.5100,1.3700
1783084772.198592,1914,3358,8283,8461,143.5100,1.3700
1783084772.214563,1932,3424,8668,8405,143.1900,-1.1200
1783084772.231089,1820,3396,8218,8443,143.1900,-1.1200
1783084772.246803,1895,3368,8339,8536,143.1900,-1.1200
1783084772.264764,1886,3368,8658,8368,148.7600,1.8100
1783084772.280175,1932,3358,8687,8368,148.7600,1.8100
1783084772.297024,1876,3405,8630,8433,148.7600,1.8100
1783084772.312782,1829,3415,8293,8433,154.5500,-0.1900
1783084772.328572,1914,3358,8236,8471,154.5500,-0.1900
1783084772.343602,1904,3396,8283,8396,154.5500,-0.1900
1783084772.359589,1857,3340,8227,8602,151.4600,1.6300
1783084772.375891,1886,3405,8283,8433,151.4600,1.6300
1783084772.391585,1904,3396,8218,8424,151.4600,1.6300
1783084772.407668,1895,3340,8630,8555,156.4500,-0.5000
1783084772.423926,1876,3386,8218,8433,156.4500,-0.5000
1783084772.439873,1839,3358,8705,8490,156.4500,-0.5000
1783084772.456286,1857,3349,8274,8443,162.2800,-0.3700
1783084772.472495,1904,3321,8236,8452,162.2800,-0.3700
1783084772.487951,1904,3340,8302,8461,162.2800,-0.3700
1783084772.503832,1932,3330,8208,8443,164.9900,-0.3100
1783084772.520896,1895,3340,8255,8452,164.9900,-0.3100
1783084772.535689,1876,3349,8227,8508,164.9900,-0.3100
1783084772.553014,1867,3358,8302,8527,173.1000,0.8800
1783084772.568093,1904,3311,8668,8536,173.1000,0.8800
1783084772.584106,1914,3330,8246,8565,173.1000,0.8800
1783084772.600229,1895,3330,8208,8546,176.6300,-0.9400
1783084772.616858,1904,3311,8208,8471,176.6300,-0.9400
1783084772.633133,1951,3321,8236,8593,176.6300,-0.9400
1783084772.648894,1989,3330,8218,8593,176.6300,-0.9400
1783084772.665150,1923,3396,8264,8640,177.6600,1.0600
1783084772.681287,1886,3274,8246,8443,177.6600,1.0600
1783084772.696946,1932,3349,8321,8490,177.6600,1.0600
1783084772.712988,1942,3349,8218,8471,184.9100,-1.6300
1783084772.729344,1904,3358,8227,8499,184.9100,-1.6300
1783084772.745018,1979,3349,8246,8452,184.9100,-1.6300
1783084772.761508,1942,3349,8218,8443,182.9600,3.0600
1783084772.779619,1857,3330,8218,8452,182.9600,3.0600
1783084772.796452,1886,3330,8283,8443,182.9600,3.0600
1783084772.811010,1876,3330,8227,8443,189.3300,-0.1200
1783084772.827102,1961,3377,8227,8508,189.3300,-0.1200
1783084772.843342,1904,3349,8218,8452,189.3300,-0.1200
1783084772.862408,1932,3311,8283,8518,194.7400,1.9400
1783084772.875099,1998,3311,8227,8443,194.7400,1.9400
1783084772.891350,1914,3340,8630,8471,194.7400,1.9400
1783084772.907300,1923,3358,8264,8415,194.7400,-0.8800
1783084772.923176,1979,3330,8649,8452,194.7400,-0.8800
1783084772.939400,1914,3377,8246,8490,194.7400,-0.8800
1783084772.955195,1942,3274,8236,8490,202.8500,3.0600
1783084772.971283,1961,3340,8377,8433,202.8500,3.0600
1783084772.987748,2017,3264,8208,8358,202.8500,3.0600
1783084773.003540,1932,3302,8189,8415,200.1500,-1.4400
1783084773.019654,1932,3236,8236,8574,200.1500,-1.4400
1783084773.035661,1942,3293,8283,8386,200.1500,-1.4400
1783084773.051769,1932,3264,8218,8377,200.1500,-1.4400
1783084773.067291,1914,3293,8311,8471,205.5600,-0.2500
1783084773.083638,1923,3274,8208,8433,205.5600,-0.2500
1783084773.100590,1951,3199,8208,8452,202.8500,-1.1900
1783084773.116190,1942,3264,8227,8471,202.8500,-1.1900
1783084773.132627,1970,3321,8264,8377,202.8500,-1.1900
1783084773.148489,1961,3293,8236,8396,201.5300,1.8100
1783084773.164305,1932,3283,8246,8339,201.5300,1.8100
1783084773.182257,1942,3246,8246,8377,201.5300,1.8100
1783084773.198732,1970,3274,8227,8424,206.9900,-0.8100
1783084773.214578,1979,3274,8189,8405,206.9900,-0.8100
1783084773.230119,1932,3264,8658,8368,206.9900,-0.8100
1783084773.246330,1979,3264,8208,8377,206.9900,-0.8100
1783084773.262018,1932,3246,8658,8321,202.8500,0.2500
1783084773.278104,1970,3218,8208,8349,202.8500,0.2500
1783084773.294511,1961,3255,8218,8349,202.8500,0.2500
1783084773.309505,1961,3264,8189,8349,208.2600,0.5600
1783084773.325627,1951,3199,8227,8358,208.2600,0.5600
1783084773.342078,1942,3208,8171,8358,208.2600,0.5600
1783084773.357732,1970,3255,8180,8386,202.8500,4.9400
1783084773.373740,2083,3246,8180,8377,202.8500,4.9400
1783084773.390108,2007,3236,8227,8405,202.8500,4.9400
1783084773.405658,2036,3283,8208,8377,198.8700,-1.0600
1783084773.421472,2054,3283,8180,8349,198.8700,-1.0600
1783084773.437816,1951,3246,8161,8415,198.8700,-1.0600
1783084773.453437,1951,3218,8189,8368,201.4700,-3.2500
1783084773.468419,1989,3171,8246,8368,201.4700,-3.2500
1783084773.487458,2007,3246,8246,8368,201.4700,-3.2500
1783084773.503592,2026,3189,8142,8293,202.8500,-1.0000
1783084773.519301,1989,3189,8180,8424,202.8500,-1.0000
1783084773.536334,2036,3189,8180,8368,202.8500,-1.0000
1783084773.553781,2083,3180,8180,8424,202.8500,-0.5000
1783084773.569429,1998,3199,8171,8471,202.8500,-0.5000
1783084773.587508,1989,3180,8171,8358,202.8500,-0.5000
1783084773.606372,2083,3189,8171,8358,200.1500,-0.3100
1783084773.624441,2092,3180,8171,8358,200.1500,-0.3100
1783084773.639409,2026,3246,8171,8386,200.1500,-0.3100
1783084773.657383,2111,3180,8171,8358,198.8700,-0.5000
1783084773.675582,1998,3180,8171,8490,198.8700,-0.5000
1783084773.692531,2017,3161,8171,8433,198.8700,-0.5000
1783084773.708739,1998,3171,8208,8471,206.9900,0.0600
1783084773.726998,2007,3246,8208,8490,206.9900,0.0600
1783084773.744417,2017,3171,8208,8386,206.9900,0.0600
1783084773.761616,2007,3199,8208,8396,201.5300,-0.7500
1783084773.778671,2054,3152,8142,8630,201.5300,-0.7500
1783084773.793252,2064,3161,8152,8321,201.5300,-0.7500
1783084773.811265,1998,3236,8152,8321,209.7500,1.6300
1783084773.826589,2064,3199,8142,8715,209.7500,1.6300
1783084773.842592,2026,3133,8180,8687,209.7500,1.6300
1783084773.858739,2148,3133,8189,8574,201.5300,-0.4400
1783084773.876672,2036,3180,8171,8574,201.5300,-0.4400
1783084773.894663,1989,3236,8180,8574,201.5300,-0.4400
1783084773.910839,2045,3189,8124,8640,202.8500,1.3700
1783084773.926572,2083,3189,8208,8452,202.8500,1.3700
1783084773.944130,2111,3143,8208,8480,202.8500,1.3700
1783084773.962024,2111,3114,8208,8724,202.8500,0.4400
1783084773.978112,2073,3152,8189,8724,202.8500,0.4400
1783084773.993964,1998,3143,8133,8461,202.8500,0.4400
1783084774.011839,2026,3161,8133,8461,206.9900,2.4400
1783084774.027779,2120,3124,8133,8640,206.9900,2.4400
1783084774.043670,2073,3152,8161,8386,206.9900,2.4400
1783084774.059492,2036,3171,8171,8724,198.8700,-0.8800
1783084774.075454,2101,3152,8189,8687,198.8700,-0.8800
1783084774.091812,2129,3124,8161,8715,198.8700,-0.8800
1783084774.107361,2054,3124,8171,8658,200.1500,0.4400
1783084774.122485,2064,3096,8114,8658,200.1500,0.4400
1783084774.139861,2129,3133,8189,8602,200.1500,0.4400
1783084774.154580,2139,3133,8180,8602,200.1500,-0.6300
1783084774.170756,2120,3105,8171,8574,200.1500,-0.6300
1783084774.187134,2120,3124,8152,8668,200.1500,-0.6300
1783084774.205025,2064,3105,8152,8733,205.5600,-0.1200
1783084774.220814,2092,3067,8114,8349,205.5600,-0.1200
1783084774.238771,2101,3114,8152,8349,205.5600,-0.1200
1783084774.254515,2064,3077,8142,8574,197.4400,-1.5000
1783084774.269448,2101,3058,8142,8508,197.4400,-1.5000
1783084774.287452,2101,3124,8142,8358,197.4400,-1.5000
1783084774.304439,2195,3086,8171,8518,202.8500,-0.3100
1783084774.320486,2083,3114,8171,8424,202.8500,-0.3100
1783084774.338029,2148,3133,8171,8499,202.8500,-0.3100
1783084774.355893,2167,3152,8171,8546,202.8500,0.6300
1783084774.371523,2167,3049,8142,8527,202.8500,0.6300
1783084774.387889,2129,3077,8152,8499,202.8500,0.6300
1783084774.404097,2101,3077,8124,8527,200.1500,1.0600
1783084774.421941,2204,3030,8124,8490,200.1500,1.0600
1783084774.437508,2204,3039,8171,8443,200.1500,1.0600
1783084774.455019,2167,3133,8565,8555,200.1500,1.5600
1783084774.470127,2139,3086,8152,8396,200.1500,1.5600
1783084774.486061,2101,3039,8152,8649,200.1500,1.5600
1783084774.502842,2111,3086,8171,8536,194.7400,-0.6300
1783084774.517100,2176,3039,8180,8536,194.7400,-0.6300
1783084774.533203,2186,3067,8189,8349,194.7400,-0.6300
1783084774.548436,2242,3096,8096,8208,205.5600,0.6300
1783084774.564178,2148,3067,8152,8368,205.5600,0.6300
1783084774.580141,2148,3067,8114,8461,205.5600,0.6300
1783084774.596548,2139,3067,8124,8527,205.5600,0.6300
1783084774.611863,2176,3114,8124,8508,200.1500,-1.5000
1783084774.627872,2214,3152,8133,8415,200.1500,-1.5000
1783084774.643860,2186,3002,8152,8490,200.1500,-1.5000
1783084774.659866,2129,3114,8105,8508,205.5600,-0.2500
1783084774.675861,2176,3049,8142,8471,205.5600,-0.2500
1783084774.691893,2195,2992,8086,8461,205.5600,-0.2500
1783084774.708077,2204,2983,8114,8480,197.4400,-1.1200
1783084774.724085,2195,3067,8124,8471,197.4400,-1.1200
1783084774.739986,2139,2992,8152,8461,197.4400,-1.1200
1783084774.755985,2129,3021,8142,8396,205.5600,1.0600
1783084774.772041,2176,2964,8105,8405,205.5600,1.0600
1783084774.788036,2186,2936,8152,8452,205.5600,1.0600
1783084774.802962,2167,3039,8152,8461,205.5600,-1.5600
1783084774.818928,2139,3011,8105,8499,205.5600,-1.5600
1783084774.835125,2186,3021,8114,8405,205.5600,-1.5600
1783084774.851639,2204,3011,8152,8349,205.5600,1.6300
1783084774.867001,2195,3002,8077,8583,205.5600,1.6300
1783084774.883167,2148,2946,8105,8490,205.5600,1.6300
1783084774.898956,2223,2955,8114,8499,205.5600,1.6300
1783084774.917062,2186,2936,8171,8499,200.1500,-0.7500
1783084774.932936,2195,3077,8096,8565,200.1500,-0.7500
1783084774.949139,2176,3011,8142,8461,200.1500,1.3700
1783084774.964977,2204,2974,8049,8443,200.1500,1.3700
1783084774.980966,2204,2936,8105,8405,200.1500,1.3700
1783084774.997367,2242,2946,8133,8349,194.7400,-0.5600
1783084775.013003,2233,2992,8030,8349,194.7400,-0.5600
1783084775.028963,2242,3002,8133,8640,194.7400,-0.5600
1783084775.044102,2195,2955,8086,8668,194.7400,-0.5600
1783084775.060061,2214,3021,8133,8490,200.1500,2.5600
1783084775.077055,2214,3002,8133,8415,200.1500,2.5600
1783084775.093198,2233,3011,8077,8368,200.1500,2.5600
1783084775.109026,2186,2946,8499,8546,200.1500,-0.4400
1783084775.125010,2223,2964,8096,8499,200.1500,-0.4400
1783084775.141295,2261,2908,8105,8386,200.1500,-0.4400
1783084775.159427,2261,2908,8077,8386,197.4400,-0.3700
1783084775.175064,2214,3021,8152,8762,197.4400,-0.3700
1783084775.191055,2289,2955,8096,8433,197.4400,-0.3700
1783084775.207470,2261,2974,8133,8311,197.4400,-1.1200
1783084775.223128,2214,2880,8124,8583,197.4400,-1.1200
1783084775.240153,2233,2955,8124,8480,197.4400,-1.1200
1783084775.256127,2251,2917,8161,8884,197.4400,-1.0600
1783084775.272174,2280,2861,8105,8555,197.4400,-1.0600
1783084775.288175,2242,2927,8114,8330,197.4400,-1.0600
1783084775.304133,2223,2946,8114,8480,200.1500,-0.3100
1783084775.322299,2223,2946,8114,8640,200.1500,-0.3100
1783084775.338181,2186,2974,8124,8649,200.1500,-0.3100
1783084775.354025,2233,2936,8105,8452,200.1500,-1.7500
1783084775.370243,2261,2955,8096,8499,200.1500,-1.7500
1783084775.386357,2280,2899,8142,8649,200.1500,-1.7500
1783084775.402929,2270,3058,8124,8461,202.8500,3.0000
1783084775.418247,2289,2983,8077,8546,202.8500,3.0000
1783084775.434551,2280,2889,8086,8508,202.8500,3.0000
1783084775.450206,2251,2908,8067,8630,200.1500,-0.4400
1783084775.466189,2233,2936,8086,8658,200.1500,-0.4400
1783084775.482341,2261,3039,8067,8893,200.1500,-0.4400
1783084775.498252,2298,2983,8124,8893,200.1500,-0.4400
1783084775.513364,2270,2861,8049,8865,197.4400,1.3700
1783084775.529171,2308,2880,8086,8865,197.4400,1.3700
1783084775.545180,2336,3002,8039,8621,197.4400,1.3700
1783084775.562017,2326,2917,8105,8780,200.1500,-0.3700
1783084775.577194,2336,2880,8114,8668,200.1500,-0.3700
1783084775.595232,2289,2880,8096,8546,200.1500,-0.3700
1783084775.611235,2289,2805,8114,8480,200.1500,0.6900
1783084775.627698,2308,2880,8039,8658,200.1500,0.6900
1783084775.643303,2289,2861,8114,8424,200.1500,0.6900
1783084775.659220,2270,2908,8039,8968,202.8500,-2.2500
1783084775.675368,2270,2899,8105,8424,202.8500,-2.2500
1783084775.691267,2326,2861,8049,8687,202.8500,-2.2500
1783084775.707246,2308,2852,8096,8668,200.1500,0.3700
1783084775.723642,2373,2842,8058,8443,200.1500,0.3700
1783084775.739377,2345,2889,8077,8621,200.1500,0.3700
1783084775.754375,2289,2861,8096,8658,200.1500,-2.3100
1783084775.770455,2289,2936,8039,8611,200.1500,-2.3100
1783084775.786425,2336,2870,8086,8940,200.1500,-2.3100
1783084775.803133,2345,2946,8049,8949,205.5600,1.5000
1783084775.818578,2326,2870,8133,8705,205.5600,1.5000
1783084775.834379,2326,2852,8049,8611,205.5600,1.5000
1783084775.850341,2364,2908,8058,8658,202.8500,-2.3100
1783084775.866597,2373,2805,8049,8724,202.8500,-2.3100
1783084775.882403,2383,2795,8049,8396,202.8500,-2.3100
1783084775.898387,2336,2880,8049,8630,202.8500,1.6900
1783084775.914602,2345,2852,8039,8424,202.8500,1.6900
1783084775.930339,2355,2889,8067,8396,202.8500,1.6900
1783084775.946366,2373,2908,8049,8443,202.8500,1.6900
1783084775.962739,2373,2861,8049,8368,205.5600,0.1200
1783084775.978474,2355,2842,8058,8396,205.5600,0.1200
1783084775.994456,2383,2824,8058,8649,205.5600,0.1200
1783084776.010605,2364,2889,8058,8349,205.5600,0.5600
1783084776.026430,2420,2814,8011,8415,205.5600,0.5600
1783084776.042004,2373,2795,8021,8630,205.5600,0.5600
1783084776.057426,2373,2814,8030,8368,202.8500,0.6300
1783084776.073479,2364,2824,8030,8752,202.8500,0.6300
1783084776.089662,2401,2795,8030,8471,202.8500,0.6300
1783084776.105462,2392,2795,8039,8377,201.5300,1.4400
1783084776.121566,2392,2814,8049,8424,201.5300,1.4400
1783084776.137739,2364,2833,8049,8490,201.5300,1.4400
1783084776.153654,2392,2805,8039,8405,208.2600,-0.4400
1783084776.169414,2420,2777,8067,8471,208.2600,-0.4400
1783084776.185595,2430,2814,8011,8471,208.2600,-0.4400
1783084776.201418,2430,2795,8021,8386,208.2600,-0.4400
1783084776.217560,2411,2777,8058,8377,197.4400,-0.3100
1783084776.233603,2430,2777,8039,8490,197.4400,-0.3100
1783084776.249574,2439,2777,8030,8368,197.4400,-0.3100
1783084776.265566,2411,2786,8030,8602,202.8500,-0.6900
1783084776.281829,2392,2767,8049,8630,202.8500,-0.6900
1783084776.297613,2448,2814,8039,8640,202.8500,-0.6900
1783084776.313510,2430,2795,8011,8443,200.1500,-1.7500
1783084776.329061,2467,2777,8077,8705,200.1500,-1.7500
1783084776.344872,2430,2777,8077,8386,200.1500,-1.7500
1783084776.360508,2430,2758,8021,8405,202.8500,-0.4400
1783084776.376773,2430,2758,8058,8349,202.8500,-0.4400
1783084776.392535,2401,2777,8049,8368,202.8500,-0.4400
1783084776.408881,2411,2786,8021,8368,202.8500,-0.5000
1783084776.424970,2439,2758,8058,8368,202.8500,-0.5000
1783084776.442934,2420,2711,8058,8527,202.8500,-0.5000
1783084776.458810,2448,2739,8058,8386,205.5600,1.8100
1783084776.474632,2411,2758,8049,8611,205.5600,1.8100
1783084776.491034,2430,2758,8021,8996,205.5600,1.8100
1783084776.506698,2420,2711,8049,8490,205.5600,-1.0000
1783084776.522722,2420,2702,8058,8621,205.5600,-1.0000
1783084776.539044,2430,2702,8058,8358,205.5600,-1.0000
1783084776.554627,2411,2720,8058,8621,208.2600,1.2500
1783084776.570666,2458,2730,8067,8424,208.2600,1.2500
1783084776.585664,2458,2702,8030,8386,208.2600,1.2500
1783084776.601701,2411,2720,8067,8658,202.8500,-0.1900
1783084776.617676,2411,2711,8030,8283,202.8500,-0.1900
1783084776.633674,2448,2758,8067,8687,202.8500,-0.1900
1783084776.649682,2458,2674,8067,8705,202.8500,-0.1900
1783084776.665648,2458,2711,8030,8433,205.5600,0.1200
1783084776.681653,2486,2683,8039,8377,205.5600,0.1200
1783084776.697669,2477,2683,8021,8274,205.5600,0.1200
1783084776.713683,2495,2720,8086,8396,202.8500,-2.8800
1783084776.729677,2477,2702,8058,8330,202.8500,-2.8800
1783084776.745746,2486,2664,8067,8339,202.8500,-2.8800
1783084776.761659,2486,2645,8077,8339,205.5600,-0.0600
1783084776.777717,2495,2664,8067,8321,205.5600,-0.0600
1783084776.793681,2505,2645,8021,8330,205.5600,-0.0600
1783084776.809642,2486,2664,8049,8293,196.2200,-1.0600
1783084776.825662,2495,2617,8039,8368,196.2200,-1.0600
1783084776.841680,2467,2674,8049,8668,196.2200,-1.0600
1783084776.856910,2561,2636,8049,8311,209.7500,0.8100
1783084776.872729,2523,2683,8030,8386,209.7500,0.8100
1783084776.888695,2486,2645,8058,8321,209.7500,0.8100
1783084776.904829,2486,2664,8011,8415,208.2600,-2.5600
1783084776.920735,2486,2608,8058,8321,208.2600,-2.5600
1783084776.936779,2477,2580,7983,8433,208.2600,-2.5600
1783084776.954103,2477,2627,8021,8405,205.5600,2.3800
1783084776.969069,2514,2580,8039,8443,205.5600,2.3800
1783084776.984988,2533,2561,8058,8452,205.5600,2.3800
1783084777.001220,2505,2608,8058,8377,201.5300,-2.6900
1783084777.017008,2542,2598,8086,8808,201.5300,-2.6900
1783084777.032826,2533,2561,8039,9005,201.5300,-2.6900
1783084777.049172,2505,2570,8039,8321,209.7500,2.0000
1783084777.065006,2495,2580,8049,8658,209.7500,2.0000
1783084777.082102,2533,2589,8049,8705,209.7500,2.0000
1783084777.098923,2523,2523,8021,8452,209.7500,2.0000
1783084777.114199,2542,2523,7992,8424,202.8500,-0.4400
1783084777.130112,2523,2533,8030,8283,202.8500,-0.4400
1783084777.146129,2570,2505,8058,8658,202.8500,-0.4400
1783084777.162199,2552,2495,8030,8330,201.5300,2.1900
1783084777.178213,2561,2505,8030,8377,201.5300,2.1900
1783084777.194222,2552,2523,8011,8321,201.5300,2.1900
1783084777.209958,2561,2542,8021,8339,206.9900,-1.1900
1783084777.225906,2570,2523,8030,8696,206.9900,-1.1900
1783084777.241895,2570,2570,8030,8480,206.9900,-1.1900
1783084777.257872,2542,2523,8086,8358,205.5600,-0.4400
1783084777.273868,2570,2523,8030,8424,205.5600,-0.4400
1783084777.289911,2589,2477,8030,8368,205.5600,-0.4400
1783084777.305790,2552,2495,8030,8368,202.8500,-1.4400
1783084777.321874,2627,2542,8002,8405,202.8500,-1.4400
1783084777.338013,2589,2514,8021,8377,202.8500,-1.4400
1783084777.354104,2589,2420,8002,8386,205.5600,-0.8100
1783084777.369914,2589,2458,8002,8415,205.5600,-0.8100
1783084777.385937,2598,2477,8002,8396,205.5600,-0.8100
1783084777.400952,2589,2458,8067,8349,205.5600,-0.8100
1783084777.416921,2608,2523,8021,8424,198.8700,4.3100
1783084777.433073,2645,2552,8011,8386,198.8700,4.3100
1783084777.449143,2598,2514,8039,8715,198.8700,4.3100
1783084777.464962,2598,2448,8030,8349,208.2600,-2.3100
1783084777.481175,2617,2477,8039,8424,208.2600,-2.3100
1783084777.496931,2552,2505,8058,8415,208.2600,-2.3100
1783084777.512936,2617,2505,8039,8415,205.5600,3.2500
1783084777.529271,2608,2486,8021,8339,205.5600,3.2500
1783084777.544970,2627,2467,8058,8368,205.5600,3.2500
1783084777.560968,2627,2505,8039,8396,206.9900,-3.3100
1783084777.579029,2598,2495,8011,8396,206.9900,-3.3100
1783084777.595342,2617,2505,8021,8311,206.9900,-3.3100
1783084777.611121,2636,2514,8011,8330,208.2600,4.3800
1783084777.627144,2683,2448,8030,8377,208.2600,4.3800
1783084777.642688,2645,2477,8021,8396,208.2600,4.3800
1783084777.658361,2636,2458,8030,8358,201.5300,-1.4400
1783084777.674298,2683,2439,8021,8368,201.5300,-1.4400
1783084777.690066,2674,2439,8021,8415,201.5300,-1.4400
1783084777.705954,2664,2495,8021,8321,206.9900,0.2500
1783084777.721987,2645,2439,8030,8386,206.9900,0.2500
1783084777.738044,2645,2495,8049,8330,206.9900,0.2500
1783084777.754218,2608,2458,8049,8330,201.5300,-1.6900
1783084777.770460,2645,2523,8039,8330,201.5300,-1.6900
1783084777.786183,2702,2420,8058,8330,201.5300,-1.6900
1783084777.802102,2655,2505,8030,8321,209.7500,0.1200
1783084777.818059,2664,2439,8030,8368,209.7500,0.1200
1783084777.834127,2655,2448,8049,8339,209.7500,0.1200
1783084777.850200,2664,2439,8049,8358,209.7500,0.1200
1783084777.866050,2683,2420,8039,8302,198.8700,-1.1900
1783084777.882123,2664,2411,8002,8302,198.8700,-1.1900
1783084777.898048,2636,2477,8002,8330,198.8700,-1.1900
1783084777.914077,2655,2420,8021,8339,205.5600,0.4400
1783084777.929145,2674,2458,8021,8349,205.5600,0.4400
1783084777.945204,2664,2458,8002,8377,205.5600,0.4400
1783084777.961266,2645,2448,7983,8405,206.9900,-1.3100
1783084777.977109,2664,2420,7983,8433,206.9900,-1.3100
1783084777.993215,2655,2420,8002,8687,206.9900,-1.3100
1783084778.009621,2664,2439,8021,8687,205.5600,2.1900
1783084778.025156,2636,2467,7992,8405,205.5600,2.1900
1783084778.041122,2683,2420,8021,8368,205.5600,2.1900
1783084778.057303,2664,2467,8039,8368,202.8500,-0.5600
1783084778.073143,2674,2467,8002,8405,202.8500,-0.5600
1783084778.089241,2655,2373,8021,8405,202.8500,-0.5600
1783084778.105450,2739,2458,8002,8321,193.5700,1.6900
1783084778.121133,2645,2383,7983,8349,193.5700,1.6900
1783084778.137168,2749,2411,7964,8349,193.5700,1.6900
1783084778.154414,2692,2430,7945,8396,206.9900,0.8800
1783084778.169219,2711,2448,7964,8415,206.9900,0.8800
1783084778.185301,2645,2411,7983,8330,206.9900,0.8800
1783084778.201570,2730,2373,8021,8368,201.5300,-0.4400
1783084778.216655,2692,2411,8021,8321,201.5300,-0.4400
1783084778.232332,2749,2420,7983,8330,201.5300,-0.4400
1783084778.248690,2749,2420,7964,8368,202.8500,-0.8800
1783084778.264513,2777,2373,7955,8302,202.8500,-0.8800
1783084778.280209,2720,2383,8002,8349,202.8500,-0.8800
1783084778.296388,2711,2420,7945,8321,202.8500,-0.8800
1783084778.312175,2692,2411,8011,8368,205.5600,-0.8800
1783084778.328515,2683,2383,7983,8386,205.5600,-0.8800
1783084778.344792,2720,2401,7955,8302,205.5600,-0.8800
1783084778.360272,2692,2439,7927,8339,204.2300,-0.0600
1783084778.376269,2711,2392,8002,8424,204.2300,-0.0600
1783084778.392476,2720,2383,7992,8321,204.2300,-0.0600
1783084778.408269,2711,2373,8002,8377,201.5300,-0.2500
1783084778.424330,2674,2420,7964,8358,201.5300,-0.2500
1783084778.440483,2814,2355,7964,8490,201.5300,-0.2500
1783084778.456307,2824,2383,8002,8377,200.1500,-0.6900
1783084778.472475,2767,2336,8002,8358,200.1500,-0.6900
1783084778.487385,2720,2326,8011,8386,200.1500,-0.6900
1783084778.504242,2758,2392,7992,8715,205.5600,-0.8800
1783084778.519562,2720,2411,7992,8330,205.5600,-0.8800
1783084778.535343,2767,2392,7992,8396,205.5600,-0.8800
1783084778.551764,2767,2373,7983,8461,208.2600,1.1900
1783084778.568140,2702,2373,7964,8377,208.2600,1.1900
1783084778.585673,2777,2336,7964,8349,208.2600,1.1900
1783084778.601389,2786,2345,7974,8321,208.2600,1.1900
1783084778.617416,2692,2392,7964,8321,200.1500,-1.0600
1783084778.633721,2767,2373,7992,8396,200.1500,-1.0600
1783084778.649488,2730,2336,7964,8377,200.1500,-1.0600
1783084778.665386,2711,2308,7983,8424,202.8500,2.8100
1783084778.681649,2720,2383,8011,8302,202.8500,2.8100
1783084778.697503,2730,2326,8002,8368,202.8500,2.8100
1783084778.713469,2749,2373,8021,8349,205.5600,-0.5000
1783084778.729594,2899,2336,8021,8377,205.5600,-0.5000
1783084778.745467,2805,2364,7983,8321,205.5600,-0.5000
1783084778.760398,2814,2289,8021,8368,205.5600,-1.7500
1783084778.776538,2730,2345,7955,8349,205.5600,-1.7500
1783084778.792529,2730,2326,7974,8339,205.5600,-1.7500
1783084778.808371,2730,2326,7983,8358,205.5600,1.0600
1783084778.824601,2749,2364,7983,8349,205.5600,1.0600
1783084778.842782,2842,2326,7983,8358,205.5600,1.0600
1783084778.860636,2758,2355,7983,8358,202.8500,-0.5600
1783084778.876580,2739,2355,8011,8377,202.8500,-0.5600
1783084778.892568,2758,2364,8002,8386,202.8500,-0.5600
1783084778.908712,2786,2355,8021,8358,205.5600,-0.8800
1783084778.924561,2795,2298,7992,8330,205.5600,-0.8800
1783084778.940542,2758,2355,7992,8415,205.5600,-0.8800
1783084778.957003,2777,2345,7992,8321,205.5600,-0.1900
1783084778.971836,2777,2308,8021,8330,205.5600,-0.1900
1783084778.990559,2814,2326,8011,8339,205.5600,-0.1900
1783084779.006040,2814,2317,8021,8349,205.5600,1.5600
1783084779.021781,2795,2251,8030,8349,205.5600,1.5600
1783084779.037740,2786,2317,8021,8415,205.5600,1.5600
1783084779.054629,2824,2308,7992,8339,200.1500,1.3100
1783084779.069519,2749,2270,8049,8368,200.1500,1.3100
1783084779.085506,2711,2298,8039,8386,200.1500,1.3100
1783084779.101648,2842,2261,7964,8311,205.5600,-0.6300
1783084779.117519,2805,2317,8030,8358,205.5600,-0.6300
1783084779.134531,2824,2317,8002,8330,205.5600,-0.6300
1783084779.151570,2786,2289,8011,8321,200.1500,0.3100
1783084779.167663,2786,2233,8021,8368,200.1500,0.3100
1783084779.182641,2795,2289,8021,8339,200.1500,0.3100
1783084779.198582,2842,2280,8030,8321,200.1500,0.3100
1783084779.214789,2824,2233,7974,8405,196.2200,1.8800
1783084779.230596,2805,2251,7974,8339,196.2200,1.8800
1783084779.246882,2824,2233,8011,8358,196.2200,1.8800
1783084779.263133,2795,2289,8002,8358,206.9900,0.4400
1783084779.278963,2824,2261,8011,8330,206.9900,0.4400
1783084779.294787,2824,2270,8002,8386,206.9900,0.4400
1783084779.310795,2861,2289,7992,8330,196.2200,0.3100
1783084779.326607,2889,2270,8002,8321,196.2200,0.3100
1783084779.342653,2814,2280,8030,8321,196.2200,0.3100
1783084779.358970,2833,2233,8002,8424,206.9900,-0.4400
1783084779.374638,2777,2242,8021,8386,206.9900,-0.4400
1783084779.390740,2833,2270,8011,8368,206.9900,-0.4400
1783084779.406955,2852,2261,8021,8330,197.4400,-3.5600
1783084779.423643,2852,2289,8021,8396,197.4400,-3.5600
1783084779.439653,2814,2233,8030,8405,197.4400,-3.5600
1783084779.455614,2814,2280,7955,8349,198.8700,-0.4400
1783084779.471845,2833,2261,8002,8349,198.8700,-0.4400
1783084779.487698,2805,2242,8002,8377,198.8700,-0.4400
1783084779.505330,2824,2242,8002,8358,209.7500,-0.4400
1783084779.519893,2805,2270,7992,8386,209.7500,-0.4400
1783084779.535703,2861,2308,7955,8358,209.7500,-0.4400
1783084779.552722,2842,2261,8021,8377,198.8700,1.6900
1783084779.569051,2824,2242,7964,8386,198.8700,1.6900
1783084779.584687,2795,2223,7945,8358,198.8700,1.6900
1783084779.600783,2814,2289,8021,8349,209.7500,0.4400
1783084779.617176,2852,2251,7955,8424,209.7500,0.4400
1783084779.632782,2833,2195,8002,8330,209.7500,0.4400
1783084779.648965,2786,2270,7945,8461,209.7500,0.4400
1783084779.665215,2880,2251,7945,8349,202.8500,1.5600
1783084779.680804,2833,2270,7983,8358,202.8500,1.5600
1783084779.696897,2758,2186,7974,8330,202.8500,1.5600
1783084779.712607,2786,2214,7927,8377,204.1800,1.0600
1783084779.727814,2824,2280,7927,8339,204.1800,1.0600
1783084779.743701,2795,2214,7945,8358,204.1800,1.0600
1783084779.759551,2795,2186,7964,8405,209.7500,0.0000
1783084779.775625,2861,2242,7936,8368,209.7500,0.0000
1783084779.792064,2852,2186,7945,8349,209.7500,0.0000
1783084779.807875,2880,2261,7945,8358,201.5300,-1.9400
1783084779.824101,2889,2261,7964,8339,201.5300,-1.9400
1783084779.840399,2936,2214,7917,8415,201.5300,-1.9400
1783084779.856254,2861,2233,7945,8349,205.5600,0.8100
1783084779.871844,2880,2233,7964,8405,205.5600,0.8100
1783084779.888119,2861,2223,7908,8349,205.5600,0.8100
1783084779.905569,2852,2270,7936,8433,206.9900,-0.2500
1783084779.921231,2889,2204,7945,8339,206.9900,-0.2500
1783084779.936321,2917,2186,7964,8330,206.9900,-0.2500
1783084779.952022,2908,2214,7936,8368,206.9900,-0.2500
1783084779.967945,2917,2251,7936,8386,196.2200,0.6900
1783084779.984160,2842,2251,7955,8386,196.2200,0.6900
1783084779.998980,2889,2214,7936,8311,196.2200,0.6900
1783084780.014941,2870,2204,7955,8377,205.5600,-1.5600
1783084780.031364,2908,2233,7927,8349,205.5600,-1.5600
1783084780.046890,2908,2251,7917,8368,205.5600,-1.5600
1783084780.063035,2917,2289,7974,8349,200.1500,3.0600
1783084780.079259,2899,2139,7936,8424,200.1500,3.0600
1783084780.094983,2927,2251,7936,8311,200.1500,3.0600
1783084780.111132,2946,2223,7908,8377,205.5600,-0.8800
1783084780.127490,2974,2148,7936,8330,205.5600,-0.8800
1783084780.143411,2946,2111,7936,8415,205.5600,-0.8800
1783084780.159048,2946,2158,7945,8358,202.8500,1.8800
1783084780.175282,2927,2158,7983,8443,202.8500,1.8800
1783084780.192207,2964,2158,7983,8349,202.8500,1.8800
1783084780.212303,2964,2148,7983,8405,200.1500,0.1900
1783084780.228528,2927,2120,7955,8405,200.1500,0.1900
1783084780.245747,3002,2139,7936,8405,200.1500,0.1900
1783084780.261771,3002,2101,7927,8358,202.8500,3.3800
1783084780.278493,3002,2139,7927,8368,202.8500,3.3800
1783084780.293867,3030,2139,7955,8386,202.8500,3.3800
1783084780.309688,2992,2101,7936,8339,200.1500,-0.6300
1783084780.325968,2955,2139,7955,8386,200.1500,-0.6300
1783084780.341744,2983,2073,7927,8405,200.1500,-0.6300
1783084780.357947,2955,2083,7945,8377,206.9900,-0.3700
1783084780.374430,2974,2129,7974,8471,206.9900,-0.3700
1783084780.390284,2964,2120,7983,8377,206.9900,-0.3700
1783084780.406133,3030,2139,8002,8386,196.2200,-1.3700
1783084780.423487,2983,2111,8002,8443,196.2200,-1.3700
1783084780.439493,3039,2129,7964,8405,196.2200,-1.3700
1783084780.456574,3049,2083,8002,8415,205.5600,-0.8100
1783084780.470937,3002,2111,8030,8377,205.5600,-0.8100
1783084780.487204,3011,2083,7974,8433,205.5600,-0.8100
1783084780.503910,3030,2083,7992,8368,197.4400,0.8100
1783084780.518922,3011,2054,7974,8461,197.4400,0.8100
1783084780.535331,3218,2120,7983,8415,197.4400,0.8100
1783084780.550984,3227,2064,7955,8386,197.4400,0.8100
1783084780.566975,3433,2083,7992,8415,205.5600,1.1200
1783084780.583173,3171,2083,7974,8349,205.5600,1.1200
1783084780.598914,3152,2064,7955,8480,205.5600,1.1200
1783084780.614036,3321,2073,7964,8480,205.5600,1.2500
1783084780.631101,3349,2092,7917,8339,205.5600,1.2500
1783084780.647295,3518,2083,8011,8424,205.5600,1.2500
1783084780.662456,3386,2129,7974,8377,208.2600,-1.0000
1783084780.680557,3424,2026,7992,8377,208.2600,-1.0000
1783084780.697146,3274,2092,7936,8349,208.2600,-1.0000
1783084780.712659,3180,2092,7964,8386,205.5600,2.5600
1783084780.728748,3283,2045,7983,8443,205.5600,2.5600
1783084780.744805,3349,2054,8002,8386,205.5600,2.5600
1783084780.760536,3415,2064,7955,8358,205.5600,0.6300
1783084780.776555,3368,2101,7927,8405,205.5600,0.6300
1783084780.792320,3433,2083,7945,8405,205.5600,0.6300
1783084780.809014,3358,2092,7983,8349,205.5600,-0.3100
1783084780.824512,3471,2120,7936,8424,205.5600,-0.3100
1783084780.839239,3377,2083,7936,8405,205.5600,-0.3100
1783084780.856396,3396,2083,7917,8349,202.8500,-1.3100
1783084780.872289,3565,2120,7964,8415,202.8500,-1.3100
1783084780.888016,3537,2054,7992,8433,202.8500,-1.3100
1783084780.904509,3452,2073,7955,8386,205.5600,2.1300
1783084780.919330,3415,2083,7964,8443,205.5600,2.1300
1783084780.937318,3255,2073,7945,8443,205.5600,2.1300
1783084780.953290,3593,2083,7945,8461,205.5600,2.1300
1783084780.969280,3612,2054,7945,8396,194.7400,-1.5600
1783084780.985536,3518,2083,7936,8405,194.7400,-1.5600
1783084781.001305,3537,2045,7974,8424,194.7400,-1.5600
1783084781.017295,3443,2064,7917,8461,200.1500,0.8800
1783084781.034087,3386,2064,7936,8368,200.1500,0.8800
1783084781.051636,3471,2026,7936,8368,205.5600,-1.4400
1783084781.066128,3574,2007,7927,8368,205.5600,-1.4400
1783084781.083342,3527,2036,7945,8461,205.5600,-1.4400
1783084781.099624,3490,2007,7945,8433,205.5600,-1.4400
1783084781.115126,3518,2045,7917,8424,196.2200,2.6300
1783084781.130752,3527,2036,7955,8461,196.2200,2.6300
1783084781.146880,3490,2036,7889,8424,196.2200,2.6300
1783084781.162125,3490,2111,7927,8433,202.8500,1.6300
1783084781.178423,3546,2073,7908,8443,202.8500,1.6300
1783084781.194124,3555,2026,7936,8443,202.8500,1.6300
1783084781.210118,3518,2054,7917,8471,197.4400,0.4400
1783084781.226710,3537,2007,7917,8461,197.4400,0.4400
1783084781.242904,3508,2007,7908,8461,197.4400,0.4400
1783084781.258461,3490,1989,7917,8433,200.1500,0.3100
1783084781.274654,3546,2026,7936,8443,200.1500,0.3100
1783084781.290600,3555,2026,7861,8415,200.1500,0.3100
1783084781.306952,3602,2045,7889,8443,200.1500,0.6900
1783084781.322727,3555,2073,7880,8433,200.1500,0.6900
1783084781.338419,3546,1979,7936,8424,200.1500,0.6900
1783084781.357886,3518,1989,7899,8452,204.2300,0.1200
1783084781.370794,3508,1914,7870,8424,204.2300,0.1200
1783084781.385461,3555,1989,7927,8415,204.2300,0.1200
1783084781.401950,3565,1961,7889,8471,202.8500,-4.8100
1783084781.417468,3593,1932,7880,8480,202.8500,-4.8100
1783084781.433494,3583,2007,7899,8490,202.8500,-4.8100
1783084781.449550,3621,1979,7927,8471,202.8500,-4.8100
1783084781.467499,3612,2017,7927,8461,200.1500,-4.1300
1783084781.483362,3593,2036,7945,8452,200.1500,-4.1300
1783084781.499300,3574,1979,7936,8443,200.1500,-4.1300
1783084781.515646,3546,1961,7927,8499,198.8700,0.4400
1783084781.531440,3583,2007,7899,8480,198.8700,0.4400
1783084781.546615,3602,1998,7899,8518,198.8700,0.4400
1783084781.564665,3565,1979,7917,8518,197.4400,-0.7500
1783084781.581891,3555,2017,7945,8499,197.4400,-0.7500
1783084781.597621,3640,1970,7927,8433,197.4400,-0.7500
1783084781.612934,3630,1989,7964,8461,202.8500,0.3700
1783084781.628854,3658,1970,7927,8461,202.8500,0.3700
1783084781.644575,3565,1970,7899,8471,202.8500,0.3700
1783084781.660844,3565,1951,7927,8480,202.8500,1.0600
1783084781.676904,3565,1923,7945,8461,202.8500,1.0600
1783084781.694918,3565,1942,7899,8461,202.8500,1.0600
1783084781.710738,3574,2036,7955,8452,205.5600,-0.3700
1783084781.726673,3612,1989,7945,8471,205.5600,-0.3700
1783084781.742969,3602,1932,7899,8499,205.5600,-0.3700
1783084781.758713,3546,1942,7955,8480,202.8500,2.5000
1783084781.775132,3602,1895,7955,8471,202.8500,2.5000
1783084781.790917,3602,1923,7955,8461,202.8500,2.5000
1783084781.807583,3565,1923,7983,8461,204.2300,0.8100
1783084781.823874,3602,1914,7945,8471,204.2300,0.8100
1783084781.840521,3583,1914,7889,8499,204.2300,0.8100
1783084781.857717,3527,1914,7870,8471,205.5600,-0.1900
1783084781.871891,3537,1914,7936,8499,205.5600,-0.1900
1783084781.888135,3565,1904,7899,8480,205.5600,-0.1900
1783084781.904157,3574,1904,7945,8461,205.5600,-0.1900
1783084781.919774,3612,1951,7964,8490,205.5600,-0.6300
1783084781.936957,3630,1914,7889,8536,205.5600,-0.6300
1783084781.952611,3649,1876,7955,8480,198.8700,-0.1200
1783084781.967630,3668,1886,7917,8508,198.8700,-0.1200
1783084781.985463,3574,1886,7908,8490,198.8700,-0.1200
1783084782.001725,3593,1904,7927,8499,197.4400,-0.3700
1783084782.017707,3612,1932,7945,8499,197.4400,-0.3700
1783084782.034975,3602,1904,7927,8499,197.4400,-0.3700
1783084782.050659,3640,1895,7927,8471,197.4400,-0.3700
1783084782.067116,3658,1886,7917,8452,202.8500,1.1900
1783084782.083141,3630,1895,7945,8461,202.8500,1.1900
1783084782.098757,3546,1904,7927,8490,202.8500,1.1900
1783084782.115044,3555,1932,7945,8499,205.5600,-2.1900
1783084782.131114,3658,1942,7964,8518,205.5600,-2.1900
1783084782.146853,3734,1923,7889,8527,205.5600,-2.1900
1783084782.162833,3668,1867,7908,8527,205.5600,1.6900
1783084782.178561,3593,1857,7983,8565,205.5600,1.6900
1783084782.194713,3621,1923,7927,8461,205.5600,1.6900
1783084782.210970,3602,1895,7927,8490,200.1500,-1.0000
1783084782.226608,3593,1895,7899,8536,200.1500,-1.0000
1783084782.242628,3668,1867,7917,8527,200.1500,-1.0000
1783084782.259128,3630,1886,7927,8536,200.1500,2.1900
1783084782.275107,3593,1886,7936,8536,200.1500,2.1900
1783084782.290827,3668,1895,7945,8508,200.1500,2.1900
1783084782.307399,3687,1914,7974,8508,197.4400,-0.3700
1783084782.321829,3715,1904,7908,8499,197.4400,-0.3700
1783084782.339869,3696,1904,7908,8546,197.4400,-0.3700
1783084782.357503,3630,1848,7899,8508,197.4400,0.8100
1783084782.371920,3640,1876,7955,8499,197.4400,0.8100
1783084782.390126,3658,1886,7955,8499,197.4400,0.8100
1783084782.407120,3649,1867,7917,8499,192.0300,-1.3100
1783084782.422199,3593,1867,7917,8536,192.0300,-1.3100
1783084782.438103,3649,1848,7936,8518,192.0300,-1.3100
1783084782.453948,3677,1857,7917,8490,194.7400,-1.5000
1783084782.470310,3743,1867,7917,8518,194.7400,-1.5000
1783084782.486221,3668,1876,7917,8508,194.7400,-1.5000
1783084782.502091,3687,1857,7908,8546,194.7400,-1.5000
1783084782.518324,3734,1904,7908,8565,189.3300,-0.2500
1783084782.533134,3630,1904,7917,8499,189.3300,-0.2500
1783084782.549059,3724,1895,7889,8930,189.3300,-0.2500
1783084782.564924,3705,1848,7889,8593,186.6200,-1.8100
1783084782.580861,3687,1867,7880,8949,186.6200,-1.8100
1783084782.597084,3762,1895,7899,8555,186.6200,-1.8100
1783084782.612967,3658,1876,7917,8602,186.6200,1.1200
1783084782.628695,3640,1886,7927,8518,186.6200,1.1200
1783084782.644716,3668,1904,7861,8583,186.6200,1.1200
1783084782.662716,3696,1820,7861,8574,189.3300,-0.2500
1783084782.679011,3715,1876,7870,8593,189.3300,-0.2500
1783084782.693719,3734,1829,7880,8593,189.3300,-0.2500
1783084782.710713,3734,1829,7927,8583,186.6200,1.6900
1783084782.726955,3724,1829,7861,8565,186.6200,1.6900
1783084782.742810,3687,1801,7880,8977,186.6200,1.6900
1783084782.759773,3687,1867,7880,8546,183.9200,0.3100
1783084782.776720,3658,1876,7899,8649,183.9200,0.3100
1783084782.791935,3687,1839,7889,8602,183.9200,0.3100
1783084782.808142,3696,1857,7927,8565,181.2100,1.1200
1783084782.824304,3677,1829,7880,8555,181.2100,1.1200
1783084782.840430,3602,1867,7870,8987,181.2100,1.1200
1783084782.857512,3677,1857,7870,8968,178.5100,1.5600
1783084782.872640,3687,1895,7805,8565,178.5100,1.5600
1783084782.888199,3649,1904,7824,9015,178.5100,1.5600
1783084782.904210,3724,1839,7899,8940,175.8000,1.0000
1783084782.920386,3677,1829,7917,8536,175.8000,1.0000
1783084782.936348,3677,1839,7842,9005,175.8000,1.0000
1783084782.952111,3734,1867,7842,9015,175.8000,1.0000
1783084782.968354,3743,1801,7899,8949,178.5100,-1.6300
1783084782.984434,3677,1876,7861,8968,178.5100,-1.6300
1783084783.000185,3696,1867,7880,8602,178.5100,-1.6300
1783084783.016289,3762,1867,7786,8630,170.4000,0.0600
1783084783.031127,3696,1867,7870,8602,170.4000,0.0600
1783084783.047048,3696,1820,7852,8630,170.4000,0.0600
1783084783.064072,3696,1857,7824,8649,173.1000,0.0600
1783084783.079192,3687,1839,7852,8987,173.1000,0.0600
1783084783.095659,3734,1801,7833,8968,173.1000,0.0600
1783084783.111556,3658,1848,7842,8677,167.6900,-0.3100
1783084783.127153,3705,1801,7842,8630,167.6900,-0.3100
1783084783.143536,3696,1857,7870,8658,167.6900,-0.3100
1783084783.159263,3715,1848,7889,8658,164.9900,0.0600
1783084783.174943,3790,1857,7889,8602,164.9900,0.0600
1783084783.190919,3752,1745,7870,8611,164.9900,0.0600
1783084783.207524,3752,1773,7852,8696,164.4000,0.5000
1783084783.222986,3780,1857,7889,9015,164.4000,0.5000
1783084783.239917,3705,1801,7889,9034,164.4000,0.5000
1783084783.257725,3715,1810,7899,8602,164.9900,-0.6300
1783084783.272505,3715,1782,7889,8611,164.9900,-0.6300
1783084783.288274,3752,1801,7870,8621,164.9900,-0.6300
1783084783.308383,3780,1867,7870,8621,162.2800,1.8100
1783084783.324317,3724,1829,7889,8696,162.2800,1.8100
1783084783.342359,3771,1820,7889,8621,162.2800,1.8100
1783084783.361403,3771,1782,7889,8621,160.0700,-0.5000
1783084783.378107,3696,1782,7852,8602,160.0700,-0.5000
1783084783.393607,3743,1829,7917,8649,160.0700,-0.5000
1783084783.409431,3818,1839,7833,8621,159.5800,1.0000
1783084783.425498,3752,1792,7870,8640,159.5800,1.0000
1783084783.441690,3734,1726,7945,8611,159.5800,1.0000
1783084783.457597,3780,1810,7889,8996,154.1700,0.3700
1783084783.473400,3809,1745,7908,8808,154.1700,0.3700
1783084783.491193,3715,1792,7908,9062,154.1700,0.3700
1783084783.507846,3743,1707,7880,8640,156.8700,1.1200
1783084783.523256,3734,1754,7880,8687,156.8700,1.1200
1783084783.539175,3780,1792,7889,8705,156.8700,1.1200
1783084783.557107,3799,1745,7899,8762,148.4900,-0.1200
1783084783.571117,3771,1670,7880,8733,148.4900,-0.1200
1783084783.587019,3752,1698,7861,8658,148.4900,-0.1200
1783084783.603278,3809,1745,7880,8677,157.3100,3.4400
1783084783.619156,3762,1764,7852,8724,157.3100,3.4400
1783084783.635228,3780,1764,7880,8696,157.3100,3.4400
1783084783.650342,3780,1670,7880,8705,151.4600,-2.2500
1783084783.666288,3780,1679,7852,8724,151.4600,-2.2500
1783084783.682446,3799,1754,7824,8808,151.4600,-2.2500
1783084783.698641,3771,1764,7833,8799,151.4600,-2.2500
1783084783.714543,3837,1735,7852,8818,151.1400,2.1300
1783084783.730321,3827,1735,7870,8715,151.1400,2.1300
1783084783.746629,3762,1707,7824,8724,151.1400,2.1300
1783084783.762388,3780,1764,7795,8715,143.3500,-2.3100
1783084783.780388,3799,1754,7842,8715,143.3500,-2.3100
1783084783.796465,3809,1726,7814,8827,143.3500,-2.3100
1783084783.812979,3790,1754,7861,8677,149.0300,2.0000
1783084783.828602,3846,1735,7852,8771,149.0300,2.0000
1783084783.844888,3818,1726,7842,8752,149.0300,2.0000
1783084783.860643,3827,1782,7870,8762,143.1900,-2.2500
1783084783.877163,3818,1782,7824,8762,143.1900,-2.2500
1783084783.893297,3809,1764,7842,8733,143.1900,-2.2500
1783084783.909441,3809,1773,7861,8818,143.3500,0.8800
1783084783.925139,3837,1773,7880,8687,143.3500,0.8800
1783084783.941173,3837,1773,7908,8724,143.3500,0.8800
1783084783.958566,3799,1745,7945,8752,140.6400,-1.1900
1783084783.975917,3752,1726,7870,8752,140.6400,-1.1900
1783084783.991540,3771,1754,7889,9043,140.6400,-1.1900
1783084784.007083,3818,1782,7880,9024,140.6400,1.5000
1783084784.022531,3884,1810,7880,9146,140.6400,1.5000
1783084784.039267,3855,1745,7927,9118,140.6400,1.5000
1783084784.056205,3846,1810,7870,8733,143.3500,0.2500
1783084784.071751,3809,1754,7880,8696,143.3500,0.2500
1783084784.087662,3865,1792,7889,8752,143.3500,0.2500
1783084784.103193,3865,1792,7880,8677,137.9400,0.1200
1783084784.119729,3884,1745,7889,8705,137.9400,0.1200
1783084784.134486,3846,1773,7889,8715,137.9400,0.1200
1783084784.150571,3818,1782,7908,8705,137.9400,0.1200
1783084784.166605,3865,1792,7889,8668,137.9900,1.1200
1783084784.182775,3827,1801,7870,8715,137.9900,1.1200
1783084784.200351,3855,1745,7880,8715,137.9900,1.1200
1783084784.216714,3855,1754,7899,9043,132.5800,0.0000
1783084784.232815,3837,1764,7889,8724,132.5800,0.0000
1783084784.248332,3846,1829,7908,8771,132.5800,0.0000
1783084784.264558,3865,1735,7889,8743,137.9900,1.3700
1783084784.281923,3837,1792,7908,8743,137.9900,1.3700
1783084784.299027,3893,1726,7889,8733,137.9900,1.3700
1783084784.314837,3809,1782,7899,8780,137.8900,-0.3700
1783084784.330199,3827,1810,7889,8705,137.8900,-0.3700
1783084784.345610,3865,1782,7889,8780,137.8900,-0.3700
1783084784.362054,3827,1764,7917,9399,129.8300,-1.8800
1783084784.378330,3799,1717,7861,8724,129.8300,-1.8800
1783084784.394398,3846,1820,7908,8790,129.8300,-1.8800
1783084784.409634,3874,1764,7917,8677,129.7100,-0.3700
1783084784.425947,3809,1735,7899,8733,129.7100,-0.3700
1783084784.442420,3818,1810,7917,8724,129.7100,-0.3700
1783084784.457742,3846,1801,7917,8818,121.9800,-0.3100
1783084784.473745,3818,1764,7899,8780,121.9800,-0.3100
1783084784.489405,3837,1679,7889,8827,121.9800,-0.3100
1783084784.506818,3809,1754,7870,9165,124.4200,-0.2500
1783084784.522585,3865,1764,7870,9109,124.4200,-0.2500
1783084784.540383,3846,1782,7908,8762,124.4200,-0.2500
1783084784.556845,3884,1726,7889,8743,124.4200,0.1900
1783084784.569743,3846,1707,7927,8762,124.4200,0.1900
1783084784.585851,3893,1773,7899,8752,124.4200,0.1900
1783084784.601745,3884,1801,7889,8818,124.4200,0.1900
1783084784.617763,3884,1698,7880,8733,124.4200,0.2500
1783084784.633771,3912,1717,7889,9109,124.4200,0.2500
1783084784.649709,3874,1726,7880,8743,124.4200,0.2500
1783084784.665707,3949,1726,7889,8780,124.4200,-0.3100
1783084784.681761,3855,1754,7908,8724,124.4200,-0.3100
1783084784.697764,3874,1745,7852,8705,124.4200,-0.3100
1783084784.713812,3846,1707,7870,8733,119.3200,-1.0000
1783084784.730204,3865,1689,7870,8743,119.3200,-1.0000
1783084784.745970,3827,1698,7908,8827,119.3200,-1.0000
1783084784.761922,3893,1717,7917,8771,121.4400,1.2500
1783084784.778089,3912,1660,7889,8818,121.4400,1.2500
1783084784.793906,3874,1670,7880,8808,121.4400,1.2500
1783084784.809813,3893,1689,7899,8790,119.0100,-0.0600
1783084784.826244,3902,1679,7908,8733,119.0100,-0.0600
1783084784.841922,3865,1679,7917,8799,119.0100,-0.0600
1783084784.857127,3874,1679,7899,9390,119.0100,0.6900
1783084784.872881,3865,1726,7889,8808,119.0100,0.6900
1783084784.888798,3874,1707,7880,8780,119.0100,0.6900
1783084784.905653,3884,1670,7899,8771,116.3000,1.1200
1783084784.920884,3902,1698,7927,9043,116.3000,1.1200
1783084784.936821,3874,1632,7870,9156,116.3000,1.1200
1783084784.952971,3893,1670,7908,9146,113.6000,0.1900
1783084784.968803,3884,1689,7908,8884,113.6000,0.1900
1783084784.984865,3912,1660,7889,9381,113.6000,0.1900
1783084785.001108,3902,1679,7870,9099,110.8900,-0.4400
1783084785.017125,3931,1689,7889,9118,110.8900,-0.4400
1783084785.033087,3921,1651,7899,9371,110.8900,-0.4400
1783084785.049199,3940,1660,7852,9090,110.8900,-0.4400
1783084785.064906,3912,1670,7889,8799,110.8900,1.3700
1783084785.080866,3912,1689,7908,8846,110.8900,1.3700
1783084785.097857,3912,1679,7889,9127,110.8900,1.3700
1783084785.112004,3893,1679,7880,9052,110.8900,1.3700
1783084785.127994,3949,1679,7908,8912,110.8900,1.3700
1783084785.144165,3968,1651,7880,9362,110.8900,1.3700
1783084785.159923,3931,1670,7870,9071,110.8900,1.3700
1783084785.175971,3959,1651,7908,9118,110.8900,1.3700
1783084785.192368,3940,1689,7908,8827,110.8900,1.3700
1783084785.208035,3921,1679,7880,8799,110.8900,1.3700
1783084785.224014,3940,1660,7870,9174,110.8900,1.3700
1783084785.242004,3977,1726,7870,9343,110.8900,1.3700
1783084785.258321,3921,1651,7927,9034,110.8900,1.3700
1783084785.273977,3968,1651,7889,9353,110.8900,1.3700
1783084785.289976,3931,1689,7889,8846,110.8900,1.3700
1783084785.306294,3921,1698,7899,8799,110.8900,1.3700
1783084785.322043,3931,1642,7880,8818,110.8900,1.3700
1783084785.338032,3959,1651,7852,9090,110.8900,1.3700
1783084785.354438,3912,1660,7889,9090,110.8900,1.3700
1783084785.369070,3912,1689,7870,9090,110.8900,1.3700
1783084785.385165,3968,1651,7870,9071,110.8900,1.3700
1783084785.401068,3931,1679,7870,9165,110.8900,1.3700
1783084785.417030,3921,1651,7908,9052,4.9900,1.4400
1783084785.435078,3940,1679,7908,9146,4.9900,1.4400
1783084785.451768,3940,1689,7889,9109,4.9900,1.4400
1783084785.467351,3940,1651,7870,8780,5.4100,6.2500
1783084785.483115,3921,1670,7899,8687,5.4100,6.2500
1783084785.499182,3874,1689,7861,8649,5.4100,6.2500
1783084785.515147,3884,1679,7889,9005,5.4100,10.1900
1783084785.531175,3893,1689,7833,9005,5.4100,10.1900
1783084785.547271,3996,1670,7852,9015,5.4100,10.1900
1783084785.563293,3931,1689,7842,8640,5.4100,10.5000
1783084785.579206,3818,1670,7842,8724,5.4100,10.5000
1783084785.594455,3846,1679,7777,9071,5.4100,10.5000
1783084785.610382,3771,1670,7795,8715,10.8200,13.6900
1783084785.626199,3902,1679,7824,8771,10.8200,13.6900
1783084785.642474,3734,1707,7786,8724,10.8200,13.6900
1783084785.658638,3743,1698,7824,8818,10.8200,11.9400
1783084785.674202,3743,1698,7861,8771,10.8200,11.9400
1783084785.690373,3771,1698,7842,8790,10.8200,11.9400
1783084785.706452,3771,1651,7833,8790,8.1100,13.0600
1783084785.722585,3752,1660,7880,8818,8.1100,13.0600
1783084785.738772,3762,1642,7880,8762,8.1100,13.0600
1783084785.754476,3734,1782,7899,8762,8.1100,13.0600
1783084785.770290,3743,1717,7899,8762,2.7000,10.6300
1783084785.786463,3752,1660,7927,8762,2.7000,10.6300
1783084785.802305,3705,1735,7889,8733,2.7000,10.6300
1783084785.818323,3724,1632,7917,8640,0.0000,11.6900
1783084785.834575,3724,1745,7889,8649,0.0000,11.6900
1783084785.850421,3734,1679,7936,8611,0.0000,11.6900
1783084785.865356,3734,1698,7927,8630,0.0000,10.8800
1783084785.881314,3752,1717,7936,8977,0.0000,10.8800
1783084785.899309,3687,1707,7936,8930,0.0000,10.8800
1783084785.915300,3734,1698,7889,8912,5.4100,10.9400
1783084785.931442,3696,1689,7917,9334,5.4100,10.9400
1783084785.947386,3687,1698,7899,9043,5.4100,10.9400
1783084785.963388,3762,1726,7908,9015,2.7000,11.5000
1783084785.979443,3705,1679,7908,9334,2.7000,11.5000
1783084785.995420,3658,1726,7908,9268,2.7000,11.5000
1783084786.011382,3649,1632,7889,9259,2.7000,6.7500
1783084786.027367,3715,1717,7908,9259,2.7000,6.7500
1783084786.043392,3658,1707,7899,9231,2.7000,6.7500
1783084786.059330,3715,1689,7899,9212,2.7000,10.1900
1783084786.075509,3677,1745,7899,9081,2.7000,10.1900
1783084786.090508,3677,1745,7889,9118,2.7000,10.1900
1783084786.107132,3677,1689,7927,9081,0.0000,8.3100
1783084786.122782,3724,1726,7908,9034,0.0000,8.3100
1783084786.138503,3687,1689,7870,9071,0.0000,8.3100
1783084786.154465,3658,1754,7870,8977,5.4100,12.1300
1783084786.170830,3677,1707,7917,8949,5.4100,12.1300
1783084786.186558,3715,1754,7889,8865,5.4100,12.1300
1783084786.202497,3705,1792,7908,8884,5.4100,12.1300
1783084786.218715,3724,1735,7889,8884,2.7000,6.1300
1783084786.234537,3696,1810,7927,8837,2.7000,6.1300
1783084786.250793,3687,1773,7880,8912,2.7000,6.1300
1783084786.267053,3743,1773,7899,8874,2.7000,11.1300
1783084786.282769,3724,1735,7917,8949,2.7000,11.1300
1783084786.298551,3687,1773,7889,8912,2.7000,11.1300
1783084786.314849,3715,1764,7870,8902,2.7000,5.2500
1783084786.330778,3649,1792,7899,8790,2.7000,5.2500
1783084786.346614,3696,1801,7889,8874,2.7000,5.2500
1783084786.361739,3640,1801,7889,8846,8.1100,10.6900
1783084786.377613,3621,1810,7870,8827,8.1100,10.6900
1783084786.393532,3602,1839,7880,8884,8.1100,10.6900
1783084786.409561,3640,1820,7889,8912,5.4100,5.4400
1783084786.425547,3658,1876,7899,8893,5.4100,5.4400
1783084786.441577,3630,1857,7870,8855,5.4100,5.4400
1783084786.458117,3612,1764,7880,8902,5.4100,8.7500
1783084786.473685,3630,1857,7889,8912,5.4100,8.7500
1783084786.489938,3621,1857,7870,8846,5.4100,8.7500
1783084786.505683,3630,1820,7880,8921,5.4100,8.7500
1783084786.521617,3668,1848,7880,8930,5.4100,6.6300
1783084786.537642,3621,1886,7852,8865,5.4100,6.6300
1783084786.553645,3612,1848,7861,8912,5.4100,6.6300
1783084786.569635,3658,1857,7889,8855,0.0000,4.0600
1783084786.585688,3677,1839,7870,8912,0.0000,4.0600
1783084786.601712,3602,1857,7889,8912,0.0000,4.0600
1783084786.617633,3658,1923,7889,8902,-2.7000,3.0000
1783084786.633069,3649,1876,7908,8921,-2.7000,3.0000
1783084786.648757,3630,1923,7889,8865,-2.7000,3.0000
1783084786.664686,3621,1867,7880,8912,2.7000,6.1300
1783084786.681050,3677,1951,7917,8902,2.7000,6.1300
1783084786.696788,3640,1867,7880,8902,2.7000,6.1300
1783084786.712736,3677,1932,7880,8855,5.4100,6.7500
1783084786.728951,3621,1886,7908,8884,5.4100,6.7500
1783084786.744733,3621,1904,7889,8912,5.4100,6.7500
1783084786.760719,3658,1886,7899,8874,2.7000,1.5000
1783084786.777097,3696,1923,7861,8902,2.7000,1.5000
1783084786.792824,3687,1904,7908,8921,2.7000,1.5000
1783084786.808652,3630,1886,7899,8930,0.0000,3.8100
1783084786.824942,3677,1895,7870,8959,0.0000,3.8100
1783084786.840783,3687,1951,7908,8949,0.0000,3.8100
1783084786.857340,3668,1942,7899,8874,5.4100,4.6300
1783084786.872929,3677,1867,7880,8884,5.4100,4.6300
1783084786.888831,3687,1904,7889,8865,5.4100,4.6300
1783084786.904833,3696,1932,7880,8940,0.0000,2.4400
1783084786.919824,3658,1951,7880,8874,0.0000,2.4400
1783084786.935788,3630,1970,7908,8865,0.0000,2.4400
1783084786.951985,3649,1895,7908,8902,0.0000,2.4400
1783084786.967843,3705,1914,7899,8893,2.7000,4.1300
1783084786.983854,3658,1923,7917,8884,2.7000,4.1300
1783084786.999843,3724,1951,7917,8846,2.7000,4.1300
1783084787.016092,3668,1895,7917,8893,2.7000,2.6300
1783084787.031902,3696,1970,7899,8855,2.7000,2.6300
1783084787.048034,3630,1932,7917,8865,2.7000,2.6300
1783084787.064844,3677,1904,7889,8846,2.7000,5.6300
1783084787.079870,3715,1989,7908,8827,2.7000,5.6300
1783084787.095827,3658,1914,7899,8874,2.7000,5.6300
1783084787.111779,3724,1989,7945,8855,5.4100,1.8800
1783084787.127853,3724,1904,7908,8884,5.4100,1.8800
1783084787.143829,3677,1989,7936,8874,5.4100,1.8800
1783084787.160638,3668,1932,7908,8846,5.4100,4.1300
1783084787.175985,3705,1961,7908,8874,5.4100,4.1300
1783084787.191081,3649,1942,7908,8846,5.4100,4.1300
1783084787.206941,3658,1942,7899,8874,5.4100,4.1300
1783084787.222983,3715,1970,7936,8855,5.4100,4.1300
1783084787.239100,3715,1914,7908,8855,5.4100,4.1300
1783084787.255035,3715,1998,7917,8818,5.4100,4.1300
1783084787.271016,3677,1886,7899,8837,5.4100,4.1300
1783084787.287393,3705,2007,7889,8855,5.4100,4.1300
1783084787.303079,3658,1998,7945,8837,5.4100,4.1300
1783084787.319064,3640,1886,7880,8874,5.4100,4.1300
1783084787.335136,3649,1951,7927,8902,5.4100,4.1300
1783084787.350968,3687,1961,7889,8827,5.4100,4.1300
1783084787.367037,3649,1876,7917,8874,5.4100,4.1300
1783084787.383195,3668,1923,7908,8884,5.4100,4.1300
1783084787.399046,3696,1951,7899,8818,5.4100,4.1300
1783084787.415138,3658,1904,7908,8846,5.4100,4.1300
1783084787.431358,3658,1970,7917,8930,5.4100,4.1300
1783084787.447287,3677,1979,7945,8837,5.4100,4.1300
1783084787.463103,3677,1914,7945,8930,5.4100,4.1300
1783084787.478260,3649,1951,7927,8865,5.4100,4.1300
1783084787.494446,3696,1923,7936,8912,5.4100,4.1300
1783084787.512260,3687,1895,7936,8912,5.4100,4.1300
1783084787.528304,3715,1942,7936,8902,2.6300,-0.6900
1783084787.544212,3715,1923,7899,8855,2.6300,-0.6900
1783084787.562576,3724,1998,7936,8855,58.3400,-0.6300
1783084787.578043,3687,1961,7889,8893,58.3400,-0.6300
1783084787.594016,3743,1886,7908,8855,58.3400,-0.6300
1783084787.610250,3752,1961,7899,8846,58.3400,-0.6300
1783084787.626014,3687,1979,7870,8874,71.7600,-1.5000
1783084787.642032,3715,1923,7899,8818,71.7600,-1.5000
1783084787.659259,3687,2007,7899,8846,71.7600,-1.5000
1783084787.675132,3658,1989,7908,8818,98.1100,-0.1200
1783084787.691082,3687,2026,7908,8855,98.1100,-0.1200
1783084787.707321,3734,1914,7908,8865,98.1100,-0.1200
1783084787.723177,3752,2026,7917,8865,110.4000,-0.8800
1783084787.741083,3658,2054,7899,8865,110.4000,-0.8800
1783084787.757119,3705,2036,7917,8827,110.4000,-0.8800
1783084787.773231,3715,2064,7889,8827,113.6000,1.1200
1783084787.789215,3705,2054,7842,8837,113.6000,1.1200
1783084787.805227,3696,1998,7880,8827,113.6000,1.1200
1783084787.821173,3668,2101,7899,8827,116.3000,0.6300
1783084787.837212,3705,2054,7880,8790,116.3000,0.6300
1783084787.853171,3743,1998,7889,8818,116.3000,0.6300
1783084787.869139,3677,2073,7870,8762,119.0100,-0.6900
1783084787.885338,3687,2073,7880,8827,119.0100,-0.6900
1783084787.900511,3687,2054,7880,8808,119.0100,-0.6900
1783084787.916866,3734,2083,7899,8790,124.4200,0.0000
1783084787.932495,3696,2129,7880,8818,124.4200,0.0000
1783084787.948492,3658,2083,7852,8808,124.4200,0.0000
1783084787.964716,3705,2242,7880,8808,121.7100,0.5600
1783084787.980499,3734,2045,7824,8780,121.7100,0.5600
1783084787.996471,3724,2101,7870,8818,121.7100,0.5600
1783084788.012745,3705,2045,7861,8827,119.3200,1.5600
1783084788.028475,3715,2148,7852,8874,119.3200,1.5600
1783084788.044396,3752,1998,7824,8855,119.3200,1.5600
1783084788.060472,3668,2101,7842,8865,119.3200,1.5600
1783084788.076228,3724,2148,7861,8818,121.7100,-1.0000
1783084788.092406,3705,2158,7833,8855,121.7100,-1.0000
1783084788.108865,3715,2195,7824,8808,121.7100,-1.0000
1783084788.124256,3762,2167,7852,8780,129.7100,1.1200
1783084788.140349,3715,2073,7861,8827,129.7100,1.1200
1783084788.156408,3696,2054,7852,8808,129.7100,1.1200
1783084788.171376,3705,2195,7805,8865,124.4200,-0.1900
1783084788.187359,3705,2148,7814,8799,124.4200,-0.1900
1783084788.203397,3762,2308,7852,8762,124.4200,-0.1900
1783084788.219202,3696,2270,7852,8762,124.6300,0.5600
1783084788.235315,3705,2261,7814,8762,124.6300,0.5600
1783084788.251316,3696,2083,7824,8790,124.6300,0.5600
1783084788.267978,3705,2139,7842,8752,127.1200,-1.4400
1783084788.286376,3705,2186,7842,8780,127.1200,-1.4400
1783084788.303372,3724,2120,7805,8780,127.1200,-1.4400
1783084788.319807,3762,2195,7786,8752,126.9500,1.3100
1783084788.335553,3724,2139,7842,8808,126.9500,1.3100
1783084788.351420,3696,2139,7842,8771,126.9500,1.3100
1783084788.368073,3715,2045,7795,8771,127.1200,-0.1200
1783084788.383384,3705,2083,7777,8771,127.1200,-0.1200
1783084788.398800,3705,2176,7786,8752,127.1200,-0.1200
1783084788.414977,3724,2092,7814,8818,119.3200,-0.8100
1783084788.430440,3705,2101,7861,8762,119.3200,-0.8100
1783084788.446367,3752,2111,7777,8790,119.3200,-0.8100
1783084788.462701,3809,2233,7748,8790,126.9500,-0.1900
1783084788.478411,3668,2139,7805,8799,126.9500,-0.1900
1783084788.494431,3696,2261,7814,8818,126.9500,-0.1900
1783084788.510883,3762,2101,7777,8771,126.9500,-0.1900
1783084788.526477,3743,2214,7777,8874,127.1200,-1.1200
1783084788.542655,3715,2148,7852,8762,127.1200,-1.1200
1783084788.558866,3743,2111,7842,8790,127.1200,-1.1200
1783084788.574629,3771,2176,7758,8799,127.1200,0.7500
1783084788.590615,3752,2167,7861,8780,127.1200,0.7500
1783084788.606775,3743,2139,7861,8743,127.1200,0.7500
1783084788.622634,3724,2120,7786,8780,124.4200,1.5000
1783084788.638561,3734,2139,7795,8752,124.4200,1.5000
1783084788.654141,3705,2176,7842,8705,124.4200,1.5000
1783084788.669719,3771,2139,7786,8762,124.6300,0.1900
1783084788.685873,3743,2129,7767,8790,124.6300,0.1900
1783084788.701841,3724,2073,7805,8743,124.6300,0.1900
1783084788.718474,3762,2233,7833,8771,135.2300,1.2500
1783084788.733862,3734,2186,7805,8733,135.2300,1.2500
1783084788.749802,3715,2092,7767,8743,135.2300,1.2500
1783084788.765755,3790,2120,7805,8762,127.2800,-1.0000
1783084788.781899,3715,2139,7786,8762,127.2800,-1.0000
1783084788.797814,3715,2139,7777,8733,127.2800,-1.0000
1783084788.813771,3743,2139,7758,8780,127.2800,-1.0000
1783084788.829676,3724,2158,7786,8733,132.5300,1.3100
1783084788.845604,3780,2158,7814,8771,132.5300,1.3100
1783084788.861717,3724,2158,7758,8752,132.5300,1.3100
1783084788.877704,3752,2111,7767,8752,137.9900,1.0600
1783084788.893755,3724,2120,7777,8752,137.9900,1.0600
1783084788.909714,3724,2120,7758,8790,137.9900,1.0600
1783084788.925667,3696,2158,7758,8733,140.6400,-0.6300
1783084788.941059,3752,2195,7795,8715,140.6400,-0.6300
1783084788.956908,3771,2120,7758,8743,140.6400,-0.6300
1783084788.973038,3724,2129,7805,8715,132.5800,0.3700
1783084788.988904,3743,2129,7758,8724,132.5800,0.3700
1783084789.004907,3762,2176,7814,8724,132.5800,0.3700
1783084789.020916,3696,2083,7795,8743,143.3500,1.1900
1783084789.036691,3790,2064,7739,8687,143.3500,1.1900
1783084789.052694,3780,2111,7795,8724,143.3500,1.1900
1783084789.069062,3771,2120,7748,8743,143.3500,-0.3700
1783084789.084639,3762,2204,7720,8677,143.3500,-0.3700
1783084789.100646,3734,2251,7730,8715,143.3500,-0.3700
1783084789.117747,3790,2214,7786,8677,140.6400,-0.7500
1783084789.132702,3705,2129,7767,8705,140.6400,-0.7500
1783084789.148703,3771,2129,7777,8715,140.6400,-0.7500
1783084789.165018,3780,2158,7730,8658,146.0500,-0.8800
1783084789.180836,3762,2129,7795,8705,146.0500,-0.8800
1783084789.196791,3780,2242,7711,8649,146.0500,-0.8800
1783084789.212063,3762,2233,7824,8677,146.2700,0.2500
1783084789.227744,3762,2186,7767,8705,146.2700,0.2500
1783084789.244055,3799,2139,7720,8668,146.2700,0.2500
1783084789.260206,3771,2167,7777,8696,146.2700,0.2500
1783084789.276057,3734,2167,7795,8687,146.0500,-2.2500
1783084789.292013,3752,2204,7777,8705,146.0500,-2.2500
1783084789.308182,3771,2242,7748,8658,146.0500,-2.2500
1783084789.324040,3818,2195,7777,8658,143.3500,2.1900
1783084789.339963,3790,2176,7767,8630,143.3500,2.1900
1783084789.356068,3752,2214,7720,8649,143.3500,2.1900
1783084789.371991,3771,2233,7739,8602,143.1900,-0.8100
1783084789.387972,3780,2242,7758,8715,143.1900,-0.8100
1783084789.404035,3827,2280,7739,8611,143.1900,-0.8100
1783084789.419772,3818,2214,7739,8668,146.0500,0.6300
1783084789.435867,3790,2251,7711,8611,146.0500,0.6300
1783084789.452867,3799,2251,7711,8715,146.0500,0.6300
1783084789.468610,3818,2270,7730,8602,148.7600,-0.6300
1783084789.483102,3799,2308,7730,8696,148.7600,-0.6300
1783084789.499267,3799,2289,7702,8602,148.7600,-0.6300
1783084789.515042,3780,2214,7720,8574,151.4600,1.1200
1783084789.531580,3809,2204,7702,8649,151.4600,1.1200
1783084789.547351,3827,2298,7702,8611,151.4600,1.1200
1783084789.563002,3874,2280,7683,8611,151.4600,1.1200
1783084789.580182,3790,2308,7702,8649,148.7600,-0.3100
1783084789.596193,3799,2289,7730,8640,148.7600,-0.3100
1783084789.612042,3790,2383,7711,8611,148.7600,-0.3100
1783084789.628697,3762,2195,7711,8668,151.4600,-0.1900
1783084789.644336,3837,2261,7711,8611,151.4600,-0.1900
1783084789.659894,3827,2317,7683,8593,151.4600,-0.1900
1783084789.676055,3790,2289,7720,8640,146.0500,-0.1900
1783084789.691750,3827,2326,7683,8649,146.0500,-0.1900
1783084789.707738,3809,2308,7673,8583,146.0500,-0.1900
1783084789.724104,3752,2280,7692,8668,156.8700,0.3700
1783084789.739779,3799,2186,7645,8602,156.8700,0.3700
1783084789.754845,3837,2317,7692,8593,156.8700,0.3700
1783084789.771215,3855,2345,7739,8593,154.1700,0.0600
1783084789.787211,3846,2242,7636,8602,154.1700,0.0600
1783084789.803275,3837,2373,7673,8602,154.1700,0.0600
1783084789.820743,3818,2317,7702,8640,156.8700,-1.0000
1783084789.835052,3799,2251,7655,8565,156.8700,-1.0000
1783084789.850998,3884,2214,7673,8583,156.8700,-1.0000
1783084789.867547,3884,2251,7608,8583,156.8700,-1.0600
1783084789.883057,3837,2364,7702,8583,156.8700,-1.0600
1783084789.898997,3799,2392,7627,8565,156.8700,-1.0600
1783084789.915379,3818,2345,7683,8602,151.4600,0.9400
1783084789.931104,3780,2298,7617,8555,151.4600,0.9400
1783084789.948162,3818,2289,7617,8574,151.4600,0.9400
1783084789.965318,3837,2261,7673,8593,156.8700,0.8100
1783084789.981481,3846,2251,7664,8593,156.8700,0.8100
1783084789.997187,3780,2270,7627,8527,156.8700,0.8100
1783084790.012257,3743,2261,7617,8593,156.8700,0.8100
1783084790.028265,3809,2223,7627,8602,162.8300,0.3100
1783084790.044096,3752,2326,7664,8602,162.8300,0.3100
1783084790.060547,3846,2317,7636,8518,162.8300,0.3100
1783084790.075886,3780,2223,7617,8611,164.4000,0.1200
1783084790.091802,3762,2233,7598,8565,164.4000,0.1200
1783084790.108125,3771,2261,7683,8574,164.4000,0.1200
1783084790.123880,3743,2251,7580,8518,156.8700,0.3100
1783084790.139869,3780,2298,7598,8536,156.8700,0.3100
1783084790.156343,3780,2223,7608,8583,156.8700,0.3100
1783084790.172361,3762,2270,7589,8508,162.2800,1.6900
1783084790.188073,3724,2270,7655,8593,162.2800,1.6900
1783084790.204472,3696,2280,7645,8527,162.2800,1.6900
1783084790.222475,3715,2280,7589,8555,164.9900,-0.0600
1783084790.236161,3809,2242,7636,8546,164.9900,-0.0600
1783084790.252500,3780,2280,7580,8555,164.9900,-0.0600
1783084790.270067,3827,2270,7589,8574,162.2800,0.1900
1783084790.283097,3771,2270,7580,8536,162.2800,0.1900
1783084790.299475,3743,2298,7608,8555,162.2800,0.1900
1783084790.315199,3705,2280,7561,8490,162.2800,0.1900
1783084790.331711,3752,2280,7561,8583,167.6900,0.3100
1783084790.347946,3790,2289,7533,8546,167.6900,0.3100
1783084790.363223,3780,2280,7580,8546,167.6900,0.3100
1783084790.379255,3715,2242,7505,8555,170.4000,1.0000
1783084790.395926,3771,2223,7589,8565,170.4000,1.0000
1783084790.411579,3743,2186,7514,8546,170.4000,1.0000
1783084790.427497,3799,2270,7523,8471,170.4000,-0.6300
1783084790.443875,3780,2270,7533,8508,170.4000,-0.6300
1783084790.459315,3799,2251,7476,8508,170.4000,-0.6300
1783084790.475636,3762,2326,7523,8508,175.8000,-0.5000
1783084790.491704,3771,2280,7495,8518,175.8000,-0.5000
1783084790.507437,3818,2364,7476,8471,175.8000,-0.5000
1783084790.523542,3790,2345,7486,8508,173.1000,-0.9400
1783084790.539684,3827,2383,7542,8499,173.1000,-0.9400
1783084790.555321,3780,2251,7486,8536,173.1000,-0.9400
1783084790.570660,3799,2280,7514,8536,178.5100,-0.1200
1783084790.585846,3799,2261,7476,8518,178.5100,-0.1200
1783084790.602325,3827,2251,7523,8490,178.5100,-0.1200
1783084790.619490,3790,2298,7467,8518,178.5100,-0.6900
1783084790.633828,3752,2261,7514,8471,178.5100,-0.6900
1783084790.649802,3771,2242,7467,8499,178.5100,-0.6900
1783084790.665937,3743,2251,7495,8452,178.5100,1.3700
1783084790.682799,3724,2270,7467,8490,178.5100,1.3700
1783084790.698294,3827,2317,7514,8461,178.5100,1.3700
1783084790.714298,3790,2223,7458,8490,181.2100,-1.1900
1783084790.730721,3809,2270,7514,8443,181.2100,-1.1900
1783084790.746329,3771,2242,7476,8461,181.2100,-1.1900
1783084790.762633,3771,2336,7476,8443,181.2100,-1.1900
1783084790.779011,3780,2233,7486,8461,181.2100,-0.4400
1783084790.794514,3780,2280,7476,8452,181.2100,-0.4400
1783084790.810473,3762,2289,7476,8433,181.2100,-0.4400
1783084790.826321,3724,2345,7439,8433,189.3300,-0.1200
1783084790.842032,3790,2280,7486,8461,189.3300,-0.1200
1783084790.857791,3799,2270,7467,8452,189.3300,-0.1200
1783084790.874092,3752,2289,7458,8452,180.3100,0.8800
1783084790.889600,3790,2289,7505,8461,180.3100,0.8800
1783084790.905782,3752,2430,7458,8471,180.3100,0.8800
1783084790.921361,3809,2298,7458,8443,187.6700,-0.5600
1783084790.937409,3780,2308,7467,8461,187.6700,-0.5600
1783084790.953982,3827,2289,7476,8452,187.6700,-0.5600
1783084790.971237,3762,2270,7430,8490,182.9600,0.6900
1783084790.985304,3780,2326,7467,8443,182.9600,0.6900
1783084791.001637,3734,2345,7476,8433,182.9600,0.6900
1783084791.017251,3780,2289,7476,8452,182.9600,0.6900
1783084791.033232,3818,2280,7430,8490,189.3300,-0.8800
1783084791.049575,3827,2242,7448,8461,189.3300,-0.8800
1783084791.065295,3799,2326,7411,8461,189.3300,-0.8800
1783084791.081568,3827,2308,7439,8415,193.1900,0.7500
1783084791.097847,3790,2308,7486,8452,193.1900,0.7500
1783084791.112438,3799,2364,7439,8415,193.1900,0.7500
1783084791.128467,3827,2298,7495,8405,186.6200,-0.5000
1783084791.144654,3799,2345,7383,8424,186.6200,-0.5000
1783084791.162813,3790,2317,7392,8424,186.6200,-0.5000
1783084791.178530,3762,2298,7439,8433,185.6200,0.1200
1783084791.194715,3837,2326,7420,8405,185.6200,0.1200
1783084791.210876,3837,2270,7430,8415,185.6200,0.1200
1783084791.226756,3780,2317,7383,8396,193.1900,0.3100
1783084791.243514,3846,2336,7336,8415,193.1900,0.3100
1783084791.258925,3771,2308,7439,8386,193.1900,0.3100
1783084791.274382,3818,2364,7401,8368,194.7400,1.8800
1783084791.290420,3818,2355,7354,8377,194.7400,1.8800
1783084791.306746,3799,2308,7354,8311,194.7400,1.8800
1783084791.322347,3846,2336,7392,8349,194.7400,-0.5000
1783084791.337699,3827,2336,7392,8339,194.7400,-0.5000
1783084791.353392,3846,2336,7373,8358,194.7400,-0.5000
1783084791.370483,3780,2261,7354,8377,194.7400,1.4400
1783084791.386705,3818,2401,7373,8330,194.7400,1.4400
1783084791.402646,3799,2364,7373,8339,194.7400,1.4400
1783084791.418844,3771,2336,7401,8330,200.1500,-0.8800
1783084791.434134,3799,2251,7354,8349,200.1500,-0.8800
1783084791.450387,3818,2326,7336,8293,200.1500,-0.8800
1783084791.465824,3799,2364,7439,8302,200.1500,-0.8800
1783084791.482056,3837,2345,7383,8311,196.2200,1.9400
1783084791.497924,3771,2289,7383,8330,196.2200,1.9400
1783084791.514399,3818,2345,7354,8321,196.2200,1.9400
1783084791.530683,3790,2289,7364,8302,201.4700,-0.4400
1783084791.545848,3799,2289,7383,8302,201.4700,-0.4400
1783084791.561697,3837,2336,7345,8321,201.4700,-0.4400
1783084791.577937,3809,2326,7336,8293,205.5600,0.7500
1783084791.593783,3837,2326,7336,8283,205.5600,0.7500
1783084791.609532,3837,2317,7336,8358,205.5600,0.7500
1783084791.624681,3799,2336,7308,8283,201.5300,-2.6900
1783084791.641014,3837,2336,7308,8274,201.5300,-2.6900
1783084791.657069,3837,2289,7298,8330,201.5300,-2.6900
1783084791.672943,3827,2289,7279,8274,208.2600,0.7500
1783084791.688753,3837,2289,7308,8283,208.2600,0.7500
1783084791.704964,3846,2270,7317,8311,208.2600,0.7500
1783084791.722903,3902,2308,7317,8246,205.5600,-1.8100
1783084791.739165,3884,2270,7289,8293,205.5600,-1.8100
1783084791.754943,3884,2251,7308,8274,205.5600,-1.8100
1783084791.770832,3865,2326,7364,8274,205.5600,2.4400
1783084791.787151,3790,2355,7298,8302,205.5600,2.4400
1783084791.802912,3884,2270,7308,8311,205.5600,2.4400
1783084791.820391,3846,2298,7354,8264,210.9700,-1.8100
1783084791.835167,3818,2289,7308,8283,210.9700,-1.8100
1783084791.849883,3827,2289,7298,8330,210.9700,-1.8100
1783084791.866157,3818,2270,7317,8274,210.9700,0.7500
1783084791.881668,3837,2326,7326,8274,210.9700,0.7500
1783084791.897667,3827,2289,7279,8246,210.9700,0.7500
1783084791.913958,3846,2233,7279,8218,210.9700,0.7500
1783084791.929705,3827,2251,7279,8246,208.2600,-1.0000
1783084791.945676,3827,2289,7270,8236,208.2600,-1.0000
1783084791.961986,3865,2336,7279,8199,208.2600,-1.0000
1783084791.978382,3790,2326,7233,8227,210.9700,1.5600
1783084791.994195,3855,2261,7242,8255,210.9700,1.5600
1783084792.011081,3837,2298,7298,8227,210.9700,1.5600
1783084792.026487,3827,2326,7270,8218,208.2600,0.0000
1783084792.042108,3874,2317,7261,8236,208.2600,0.0000
1783084792.058277,3837,2308,7214,8236,208.2600,0.0000
1783084792.075198,3809,2345,7261,8218,209.7500,1.0000
1783084792.090805,3855,2289,7223,8199,209.7500,1.0000
1783084792.106229,3809,2345,7148,8199,209.7500,1.0000
1783084792.121721,3865,2317,7261,8180,201.5300,-0.3100
1783084792.137802,3855,2270,7270,8161,201.5300,-0.3100
1783084792.153965,3874,2317,7195,8180,201.5300,-0.3100
1783084792.171470,3931,2364,7214,8180,205.5600,3.2500
1783084792.186114,3874,2308,7176,8171,205.5600,3.2500
1783084792.202690,3855,2345,7233,8180,205.5600,3.2500
1783084792.220115,3837,2439,7186,8199,205.5600,-6.5600
1783084792.234643,3865,2326,7251,8208,205.5600,-6.5600
1783084792.250242,3874,2383,7233,8142,205.5600,-6.5600
1783084792.266761,3874,2364,7233,8208,205.5600,4.7500
1783084792.282923,3827,2373,7214,8171,205.5600,4.7500
1783084792.298929,3902,2364,7214,8189,205.5600,4.7500
1783084792.315343,3846,2308,7195,8171,202.8500,-1.7500
1783084792.331045,3837,2326,7120,8171,202.8500,-1.7500
1783084792.346890,3837,2308,7186,8152,202.8500,-1.7500
1783084792.362061,3874,2289,7167,8096,202.8500,-1.7500
1783084792.378097,3855,2345,7186,8133,205.5600,2.7500
1783084792.394859,3902,2355,7139,8152,205.5600,2.7500
1783084792.411186,3931,2373,7120,8161,205.5600,2.7500
1783084792.426689,3884,2355,7148,8096,200.1500,-1.4400
1783084792.442320,3893,2392,7148,8142,200.1500,-1.4400
1783084792.458972,3874,2355,7167,8105,200.1500,-1.4400
1783084792.474310,3837,2392,7148,8133,205.5600,0.1200
1783084792.490380,3921,2383,7167,8152,205.5600,0.1200
1783084792.506609,3846,2345,7139,8142,205.5600,0.1200
1783084792.522446,3855,2430,7101,8114,202.8500,0.1200
1783084792.538381,3884,2355,7167,8105,202.8500,0.1200
1783084792.555014,3855,2355,7111,8105,202.8500,0.1200
1783084792.570800,3865,2430,7120,8077,205.5600,1.3100
1783084792.586011,3884,2364,7082,8161,205.5600,1.3100
1783084792.602348,3874,2401,7120,8105,205.5600,1.3100
1783084792.619682,3827,2326,7120,8152,202.8500,-1.9400
1783084792.633349,3855,2448,7082,8171,202.8500,-1.9400
1783084792.649022,3855,2411,7129,8124,202.8500,-1.9400
1783084792.665011,3855,2401,7064,8114,202.8500,-1.9400
1783084792.681493,3855,2467,7139,8114,210.9700,-1.7500
1783084792.697365,3874,2420,7157,8114,210.9700,-1.7500
1783084792.713412,3865,2505,7139,8114,210.9700,-1.7500
1783084792.729919,3874,2336,7120,8086,205.5600,0.3100
1783084792.745360,3874,2420,7148,8114,205.5600,0.3100
1783084792.763376,3874,2430,7092,8114,205.5600,0.3100
1783084792.779696,3893,2448,7129,8077,202.8500,-1.2500
1783084792.795901,3865,2430,7111,8049,202.8500,-1.2500
1783084792.811393,3865,2458,7073,8096,202.8500,-1.2500
1783084792.827440,3940,2383,7082,8096,202.8500,0.1900
1783084792.843781,3874,2495,7101,8049,202.8500,0.1900
1783084792.859447,3865,2505,7073,8077,202.8500,0.1900
1783084792.874427,3940,2439,7073,8096,201.5300,-0.7500
1783084792.890786,3874,2467,7064,8067,201.5300,-0.7500
1783084792.906519,3884,2514,7064,8058,201.5300,-0.7500
1783084792.922497,3959,2383,7054,8067,209.7500,0.5600
1783084792.938754,3893,2486,7082,8039,209.7500,0.5600
1783084792.954460,3884,2458,7064,8021,209.7500,0.5600
1783084792.971749,3949,2392,7101,8058,205.5600,0.6300
1783084792.986725,3902,2514,7073,8077,205.5600,0.6300
1783084793.002549,3902,2411,7092,8058,205.5600,0.6300
1783084793.019858,3959,2467,7036,7992,205.5600,-0.7500
1783084793.035911,3884,2477,7064,8011,205.5600,-0.7500
1783084793.050554,3912,2495,7092,8067,205.5600,-0.7500
1783084793.066568,3931,2505,7111,8049,202.8500,0.5600
1783084793.082868,3921,2514,7082,7983,202.8500,0.5600
1783084793.098538,3931,2552,7073,8030,202.8500,0.5600
1783084793.114599,3893,2486,7101,8011,202.8500,0.5600
1783084793.131145,3931,2495,7064,8021,205.5600,-1.8100
1783084793.146131,3977,2533,7082,8030,205.5600,-1.8100
1783084793.161919,3902,2589,7045,8077,205.5600,-1.8100
1783084793.177702,3912,2533,7017,8011,206.8300,0.5600
1783084793.193287,3940,2523,7026,8058,206.8300,0.5600
1783084793.209625,3912,2523,7017,8049,206.8300,0.5600
1783084793.227673,3921,2486,7064,8049,204.2300,-0.8100
1783084793.243397,3893,2542,7017,7992,204.2300,-0.8100
1783084793.259375,3977,2523,7054,8049,204.2300,-0.8100
1783084793.275617,3931,2514,7036,8011,200.1500,0.6300
1783084793.291724,3931,2505,7017,8030,200.1500,0.6300
1783084793.307723,3977,2477,7017,7992,200.1500,0.6300
1783084793.323907,3940,2533,7007,7992,197.4400,-0.1200
1783084793.339807,3968,2552,7073,7983,197.4400,-0.1200
1783084793.355622,3949,2523,7036,8011,197.4400,-0.1200
1783084793.371870,3912,2542,7017,8011,202.8500,0.5600
1783084793.386701,4034,2561,7026,7964,202.8500,0.5600
1783084793.402724,3921,2523,7007,7927,202.8500,0.5600
1783084793.420216,3931,2570,7036,7917,202.8500,0.1900
1783084793.434756,3996,2523,6979,7992,202.8500,0.1900
1783084793.450718,3912,2523,7017,7945,202.8500,0.1900
1783084793.467034,4024,2533,7045,7974,202.8500,0.8100
1783084793.482715,3940,2608,6998,8011,202.8500,0.8100
1783084793.498731,3996,2505,7007,7983,202.8500,0.8100
1783084793.515104,3931,2505,6998,7917,205.5600,0.8100
1783084793.530764,3996,2533,7073,7945,205.5600,0.8100
1783084793.546828,3940,2580,6989,7974,205.5600,0.8100
1783084793.563171,3959,2514,7017,7983,205.5600,0.8100
1783084793.578772,3977,2514,6998,7964,205.5600,0.3100
1783084793.594633,3968,2495,7026,7964,205.5600,0.3100
1783084793.610906,3996,2533,6998,8002,205.5600,0.3100
1783084793.626643,3949,2561,6970,7945,204.1800,1.1200
1783084793.642556,4006,2505,6998,7908,204.1800,1.1200
1783084793.659048,3949,2570,6960,7945,204.1800,1.1200
1783084793.673571,3996,2495,6960,7945,206.9900,-3.1300
1783084793.690426,3959,2570,6970,7983,206.9900,-3.1300
1783084793.706604,3977,2514,6932,7927,206.9900,-3.1300
1783084793.721834,3977,2598,6932,7955,198.8700,0.6900
1783084793.738040,3987,2514,6942,7908,198.8700,0.6900
1783084793.753870,4006,2570,6951,7927,198.8700,0.6900
1783084793.771394,4024,2570,6942,7955,209.7500,-2.8100
1783084793.787059,3996,2580,6932,7983,209.7500,-2.8100
1783084793.801794,4034,2627,6970,7983,209.7500,-2.8100
1783084793.817877,3977,2580,6923,7908,201.5300,3.6900
1783084793.834008,4015,2542,6932,7927,201.5300,3.6900
1783084793.849905,4034,2580,6989,7870,201.5300,3.6900
1783084793.865758,4024,2617,6960,7899,201.5300,3.6900
1783084793.881800,4024,2608,6979,7974,209.7500,-1.8800
1783084793.897810,4043,2552,6942,7908,209.7500,-1.8800
1783084793.913877,4034,2580,6904,7889,209.7500,-1.8800
1783084793.930137,4043,2533,6932,7899,201.5300,1.5000
1783084793.945877,4015,2598,6904,7908,201.5300,1.5000
1783084793.961136,4024,2608,6932,7889,201.5300,1.5000
1783084793.977649,4024,2570,6923,7889,208.2600,-1.7500
1783084793.992870,4006,2617,6876,7927,208.2600,-1.7500
1783084794.008843,4006,2580,6848,7889,208.2600,-1.7500
1783084794.025268,4043,2589,6876,7880,206.9900,0.8100
1783084794.040885,4052,2627,6885,7917,206.9900,0.8100
1783084794.056918,4034,2645,6885,7870,206.9900,0.8100
1783084794.073753,4015,2645,6923,7880,201.5300,-0.8800
1783084794.088882,4015,2598,6895,7899,201.5300,-0.8800
1783084794.104861,4024,2636,6914,7842,201.5300,-0.8800
1783084794.121537,4062,2674,6885,7842,209.7500,1.6300
1783084794.136914,4071,2664,6895,7908,209.7500,1.6300
1783084794.153064,4034,2711,6914,7870,209.7500,1.6300
1783084794.169973,4034,2645,6904,7870,201.5300,-0.8100
1783084794.184926,4024,2720,6923,7842,201.5300,-0.8100
1783084794.200947,4015,2692,6895,7852,201.5300,-0.8100
1783084794.217216,4052,2692,6885,7824,202.8500,-1.2500
1783084794.232054,4034,2730,6792,7814,202.8500,-1.2500
1783084794.248338,4024,2702,6857,7814,202.8500,-1.2500
1783084794.264149,4081,2692,6829,7852,202.8500,-1.2500
1783084794.280032,4034,2702,6848,7805,205.5600,-0.8100
1783084794.296196,4090,2749,6820,7805,205.5600,-0.8100
1783084794.312219,4024,2664,6810,7795,205.5600,-0.8100
1783084794.328114,4024,2720,6829,7889,202.8500,-0.4400
1783084794.344485,4024,2786,6820,7795,202.8500,-0.4400
1783084794.360814,4006,2664,6876,7795,202.8500,-0.4400
1783084794.376196,4034,2711,6820,7795,205.5600,2.2500
1783084794.392787,4034,2758,6792,7767,205.5600,2.2500
1783084794.408420,4062,2655,6810,7786,205.5600,2.2500
1783084794.424212,4024,2777,6820,7814,204.2300,-0.2500
1783084794.440304,4090,2720,6763,7767,204.2300,-0.2500
1783084794.456570,4034,2730,6810,7786,204.2300,-0.2500
1783084794.472207,4043,2758,6782,7767,201.5300,2.1300
1783084794.488460,4099,2674,6754,7795,201.5300,2.1300
1783084794.503927,4071,2739,6810,7795,201.5300,2.1300
1783084794.520605,4015,2739,6792,7795,206.9900,-1.3700
1783084794.535712,4043,2711,6829,7748,206.9900,-1.3700
1783084794.550953,4052,2730,6792,7748,206.9900,-1.3700
1783084794.567561,4071,2739,6773,7748,205.5600,1.6300
1783084794.583195,4006,2777,6745,7767,205.5600,1.6300
1783084794.598445,4043,2739,6782,7777,205.5600,1.6300
1783084794.614518,4052,2730,6792,7758,205.5600,1.6300
1783084794.630651,4006,2749,6801,7767,201.5300,0.1200
1783084794.646159,4109,2767,6792,7758,201.5300,0.1200
1783084794.662148,4090,2739,6792,7730,201.5300,0.1200
1783084794.678421,4109,2720,6792,7777,208.2600,0.0000
1783084794.694158,4052,2795,6754,7730,208.2600,0.0000
1783084794.710340,4015,2777,6726,7730,208.2600,0.0000
1783084794.726537,4081,2730,6688,7748,208.2600,-2.2500
1783084794.742261,4043,2795,6782,7730,208.2600,-2.2500
1783084794.758211,4043,2711,6707,7758,208.2600,-2.2500
1783084794.774669,4081,2749,6707,7767,205.5600,1.2500
1783084794.789584,4062,2777,6707,7739,205.5600,1.2500
1783084794.805537,4052,2730,6707,7711,205.5600,1.2500
1783084794.821457,4118,2636,6735,7739,209.7500,-2.3800
1783084794.839451,4184,2702,6717,7739,209.7500,-2.3800
1783084794.855252,4071,2739,6717,7711,209.7500,-2.3800
1783084794.871504,4109,2720,6745,7748,201.5300,2.1300
1783084794.887294,4128,2683,6717,7720,201.5300,2.1300
1783084794.903222,4137,2739,6745,7730,201.5300,2.1300
1783084794.919664,4193,2777,6707,7711,209.7500,-2.6300
1783084794.935311,4118,2777,6763,7702,209.7500,-2.6300
1783084794.951265,4156,2683,6782,7655,209.7500,-2.6300
1783084794.967327,4137,2683,6735,7655,206.8300,1.0000
1783084794.983375,4203,2767,6726,7692,206.8300,1.0000
1783084794.999304,4109,2739,6745,7664,206.8300,1.0000
1783084795.015330,4137,2730,6726,7711,205.5600,0.5600
1783084795.030360,4137,2683,6735,7655,205.5600,0.5600
1783084795.048362,4137,2749,6698,7655,205.5600,0.5600
1783084795.064321,4052,2711,6745,7711,205.5600,0.5600
1783084795.080625,4099,2767,6745,7655,209.7500,0.6900
1783084795.096380,4109,2758,6726,7711,209.7500,0.6900
1783084795.112354,4156,2711,6679,7645,209.7500,0.6900
1783084795.128570,4156,2720,6735,7673,201.5300,-0.1900
1783084795.144384,4118,2777,6651,7636,201.5300,-0.1900
1783084795.160368,4137,2777,6717,7673,201.5300,-0.1900
1783084795.176658,4231,2795,6651,7636,208.2600,-1.1900
1783084795.192442,4156,2777,6707,7645,208.2600,-1.1900
1783084795.208378,4174,2720,6660,7608,208.2600,-1.1900
1783084795.224556,4165,2749,6642,7617,206.9900,0.0600
1783084795.240475,4174,2824,6679,7627,206.9900,0.0600
1783084795.256466,4278,2702,6613,7617,206.9900,0.0600
1783084795.271478,4184,2777,6623,7636,201.5300,0.1200
1783084795.287420,4174,2842,6660,7627,201.5300,0.1200
1783084795.303395,4156,2870,6604,7636,201.5300,0.1200
1783084795.319816,4174,2852,6604,7627,202.8500,1.1900
1783084795.335593,4174,2683,6670,7608,202.8500,1.1900
1783084795.351423,4184,2795,6623,7617,202.8500,1.1900
1783084795.367580,4165,2758,6613,7636,202.8500,1.1900
1783084795.383577,4231,2786,6632,7673,200.1500,-0.4400
1783084795.399485,4221,2852,6642,7636,200.1500,-0.4400
1783084795.415610,4212,2795,6632,7655,200.1500,-0.4400
1783084795.431472,4184,2842,6679,7664,200.1500,1.6300
1783084795.447605,4193,2786,6642,7617,200.1500,1.6300
1783084795.463683,4193,2852,6604,7617,200.1500,1.6300
1783084795.479512,4203,2805,6595,7673,200.1500,-0.6900
1783084795.495532,4231,2861,6670,7664,200.1500,-0.6900
1783084795.511545,4259,2842,6595,7655,200.1500,-0.6900
1783084795.526643,4184,2880,6576,7636,202.8500,1.0600
1783084795.542882,4231,2805,6585,7617,202.8500,1.0600
1783084795.558819,4212,2936,6623,7589,202.8500,1.0600
1783084795.574750,4240,2852,6595,7598,206.9900,-0.9400
1783084795.590997,4231,2833,6585,7589,206.9900,-0.9400
1783084795.606730,4231,2833,6595,7617,206.9900,-0.9400
1783084795.622904,4203,2795,6613,7570,201.5300,2.5600
1783084795.639028,4221,2852,6585,7589,201.5300,2.5600
1783084795.656826,4259,2889,6576,7589,201.5300,2.5600
1783084795.672873,4249,2833,6623,7589,202.8500,-0.0600
1783084795.688797,4296,2852,6576,7598,202.8500,-0.0600
1783084795.704889,4306,2833,6595,7542,202.8500,-0.0600
1783084795.720569,4212,2833,6585,7561,205.5600,-1.7500
1783084795.736678,4296,2842,6576,7580,205.5600,-1.7500
1783084795.752990,4278,2852,6538,7551,205.5600,-1.7500
1783084795.769503,4278,2852,6538,7570,200.1500,0.5000
1783084795.783719,4249,2908,6557,7551,200.1500,0.5000
1783084795.799737,4259,2927,6585,7523,200.1500,0.5000
1783084795.815676,4240,2946,6538,7551,200.1500,0.5000
1783084795.831680,4249,2955,6557,7533,205.5600,-1.8800
1783084795.848226,4221,2946,6576,7514,205.5600,-1.8800
1783084795.863702,4296,2861,6585,7561,205.5600,-1.8800
1783084795.879801,4259,2833,6576,7476,205.5600,0.5000
1783084795.896405,4343,2814,6576,7551,205.5600,0.5000
1783084795.911946,4268,2861,6557,7505,205.5600,0.5000
1783084795.927932,4259,2992,6566,7533,208.2600,0.0000
1783084795.943801,4390,2946,6538,7505,208.2600,0.0000
1783084795.959736,4287,2917,6538,7476,208.2600,0.0000
1783084795.975750,4287,2852,6576,7523,208.2600,-0.6900
1783084795.991831,4306,2833,6529,7495,208.2600,-0.6900
1783084796.007909,4287,2908,6510,7505,208.2600,-0.6900
1783084796.023772,4287,2908,6557,7505,205.5600,-0.3100
1783084796.039814,4296,2908,6510,7458,205.5600,-0.3100
1783084796.054906,4287,2889,6538,7505,205.5600,-0.3100
1783084796.070889,4334,2880,6529,7458,205.5600,0.5000
1783084796.086832,4362,2842,6473,7533,205.5600,0.5000
1783084796.102833,4390,2870,6548,7486,205.5600,0.5000
1783084796.119861,4418,2861,6510,7486,200.1500,-0.6300
1783084796.134899,4306,2917,6520,7467,200.1500,-0.6300
1783084796.150939,4371,2927,6482,7439,200.1500,-0.6300
1783084796.167211,4306,2917,6501,7467,205.5600,-0.2500
1783084796.182934,4362,2964,6463,7467,205.5600,-0.2500
1783084796.198911,4325,2983,6529,7505,205.5600,-0.2500
1783084796.215328,4315,3002,6463,7476,202.8500,6.5600
1783084796.231000,4390,2964,6482,7448,202.8500,6.5600
1783084796.246982,4371,3002,6510,7514,202.8500,6.5600
1783084796.263315,4362,2955,6501,7458,202.8500,6.5600
1783084796.278972,4315,2983,6491,7439,197.4400,-2.8800
1783084796.295033,4306,2964,6473,7476,197.4400,-2.8800
1783084796.311236,4390,2964,6463,7467,197.4400,-2.8800
1783084796.326285,4400,3011,6454,7448,197.4400,3.7500
1783084796.341956,4475,2974,6482,7467,197.4400,3.7500
1783084796.358464,4456,2964,6426,7448,197.4400,3.7500
1783084796.373990,4475,2908,6398,7458,196.2200,-3.3800
1783084796.389964,4343,2983,6454,7420,196.2200,-3.3800
1783084796.406309,4371,2992,6445,7458,196.2200,-3.3800
1783084796.421928,4428,2955,6416,7439,201.4700,2.4400
1783084796.437976,4381,3011,6407,7458,201.4700,2.4400
1783084796.454156,4409,2983,6454,7467,201.4700,2.4400
1783084796.470378,4465,3039,6407,7420,200.1500,-1.7500
1783084796.486024,4428,3058,6426,7420,200.1500,-1.7500
1783084796.502253,4371,3049,6426,7439,200.1500,-1.7500
1783084796.518141,4371,3067,6426,7448,198.8700,1.2500
1783084796.534054,4362,3049,6370,7411,198.8700,1.2500
1783084796.550252,4390,3077,6407,7420,198.8700,1.2500
1783084796.566185,4418,3039,6398,7411,198.8700,1.2500
1783084796.581240,4390,3086,6407,7420,204.2300,-0.3700
1783084796.597177,4428,3077,6407,7448,204.2300,-0.3700
1783084796.613218,4409,3124,6398,7411,204.2300,-0.3700
1783084796.629539,4409,3096,6388,7420,205.5600,1.3100
1783084796.645284,4446,3049,6360,7392,205.5600,1.3100
1783084796.661146,4409,3096,6370,7411,205.5600,1.3100
1783084796.677149,4418,3124,6341,7383,200.1500,1.7500
1783084796.693124,4428,3105,6360,7383,200.1500,1.7500
1783084796.709158,4418,3077,6370,7383,200.1500,1.7500
1783084796.725183,4400,3096,6323,7411,205.5600,0.1900
1783084796.741215,4400,3124,6351,7411,205.5600,0.1900
1783084796.757152,4409,3133,6313,7383,205.5600,0.1900
1783084796.773167,4400,3133,6351,7354,206.8300,-1.7500
1783084796.789223,4409,3133,6360,7401,206.8300,-1.7500
1783084796.805203,4446,3124,6351,7336,206.8300,-1.7500
1783084796.821325,4475,3077,6351,7373,206.9900,2.1300
1783084796.837399,4428,3105,6332,7354,206.9900,2.1300
1783084796.853303,4456,3171,6370,7317,206.9900,2.1300
1783084796.869477,4381,3124,6351,7317,202.8500,-2.6900
1783084796.884567,4390,3161,6388,7354,202.8500,-2.6900
1783084796.900525,4418,3133,6388,7298,202.8500,-2.6900
1783084796.916813,4409,3143,6370,7364,206.8300,1.4400
1783084796.932220,4381,3143,6360,7345,206.8300,1.4400
1783084796.948484,4400,3096,6332,7336,206.8300,1.4400
1783084796.964610,4409,3124,6360,7345,209.7500,-0.0600
1783084796.980498,4409,3114,6379,7364,209.7500,-0.0600
1783084796.996465,4409,3133,6370,7345,209.7500,-0.0600
1783084797.012752,4456,3105,6360,7373,209.7500,-0.0600
1783084797.028492,4418,3114,6416,7345,204.1800,0.9400
1783084797.044457,4418,3143,6313,7279,204.1800,0.9400
1783084797.060784,4428,3189,6379,7317,204.1800,0.9400
1783084797.076290,4428,3105,6360,7298,215.2700,-1.4400
1783084797.092282,4400,3161,6341,7317,215.2700,-1.4400
1783084797.108604,4446,3114,6360,7336,215.2700,-1.4400
1783084797.124422,4428,3161,6351,7270,201.5300,0.6300
1783084797.139678,4437,3133,6351,7317,201.5300,0.6300
1783084797.155883,4446,3152,6351,7336,201.5300,0.6300
1783084797.171252,4446,3114,6313,7298,205.5600,-0.8100
1783084797.187352,4446,3180,6341,7317,205.5600,-0.8100
1783084797.203361,4465,3199,6294,7289,205.5600,-0.8100
1783084797.220264,4409,3152,6304,7298,209.7500,1.7500
1783084797.235349,4446,3218,6313,7261,209.7500,1.7500
1783084797.251383,4437,3180,6332,7289,209.7500,1.7500
1783084797.267342,4437,3208,6388,7289,204.1800,-0.7500
1783084797.283436,4437,3143,6332,7261,204.1800,-0.7500
1783084797.299617,4409,3152,6341,7242,204.1800,-0.7500
1783084797.315584,4428,3152,6360,7261,204.1800,-0.7500
1783084797.331575,4475,3171,6313,7298,205.5600,-0.2500
1783084797.347502,4465,3171,6257,7242,205.5600,-0.2500
1783084797.363428,4512,3152,6276,7223,205.5600,-0.2500
1783084797.379378,4484,3161,6229,7261,200.1500,-0.6900
1783084797.396616,4484,3161,6323,7261,200.1500,-0.6900
1783084797.412767,4465,3105,6294,7233,200.1500,-0.6900
1783084797.428732,4484,3171,6285,7233,200.1500,-0.8100
1783084797.444887,4475,3161,6229,7279,200.1500,-0.8100
1783084797.460720,4484,3199,6248,7223,200.1500,-0.8100
1783084797.476678,4484,3171,6248,7242,205.5600,1.8800
1783084797.492829,4456,3199,6257,7251,205.5600,1.8800
1783084797.508447,4465,3218,6229,7261,205.5600,1.8800
1783084797.524426,4475,3161,6229,7261,200.1500,-0.2500
1783084797.540824,4446,3171,6229,7242,200.1500,-0.2500
1783084797.556645,4493,3171,6285,7214,200.1500,-0.2500
1783084797.572611,4475,3255,6238,7233,202.8500,1.7500
1783084797.588866,4522,3236,6257,7242,202.8500,1.7500
1783084797.604679,4503,3340,6219,7204,202.8500,1.7500
1783084797.620466,4503,3283,6229,7186,206.9900,-1.7500
1783084797.636722,4484,3274,6191,7186,206.9900,-1.7500
1783084797.652529,4550,3255,6229,7204,206.9900,-1.7500
1783084797.667574,4475,3302,6182,7261,201.5300,1.7500
1783084797.684014,4475,3255,6201,7204,201.5300,1.7500
1783084797.699872,4550,3368,6238,7233,201.5300,1.7500
1783084797.715893,4493,3293,6219,7233,205.5600,-1.0000
1783084797.731579,4522,3293,6229,7204,205.5600,-1.0000
1783084797.747619,4531,3302,6210,7223,205.5600,-1.0000
1783084797.763570,4540,3246,6201,7204,205.5600,-1.0000
1783084797.779572,4550,3293,6182,7214,208.2600,1.3100
1783084797.795587,4550,3246,6191,7242,208.2600,1.3100
1783084797.811611,4550,3264,6191,7167,208.2600,1.3100
1783084797.827669,4512,3255,6210,7148,202.8500,-2.5000
1783084797.843644,4503,3274,6201,7176,202.8500,-2.5000
1783084797.859580,4503,3283,6144,7186,202.8500,-2.5000
1783084797.875641,4550,3340,6182,7261,205.5600,1.2500
1783084797.891666,4531,3283,6163,7186,205.5600,1.2500
1783084797.907727,4522,3302,6163,7148,205.5600,1.2500
1783084797.923716,4597,3283,6173,7167,208.2600,-1.5600
1783084797.938702,4550,3246,6144,7157,208.2600,-1.5600
1783084797.956873,4597,3302,6173,7157,208.2600,-1.5600
1783084797.973030,4568,3302,6144,7167,205.5600,1.2500
1783084797.988680,4559,3340,6154,7167,205.5600,1.2500
1783084798.004657,4559,3293,6163,7120,205.5600,1.2500
1783084798.020751,4531,3255,6163,7111,205.5600,-3.4400
1783084798.036729,4587,3293,6116,7101,205.5600,-3.4400
1783084798.052822,4531,3293,6126,7101,205.5600,-3.4400
1783084798.069763,4540,3340,6144,7139,210.9700,-0.1900
1783084798.084719,4540,3283,6135,7129,210.9700,-0.1900
1783084798.100726,4493,3311,6126,7120,210.9700,-0.1900
1783084798.116916,4587,3321,6144,7129,202.8500,0.1900
1783084798.132861,4540,3340,6107,7111,202.8500,0.1900
1783084798.148886,4550,3340,6126,7129,202.8500,0.1900
1783084798.164990,4568,3368,6116,7129,208.2600,1.3700
1783084798.179807,4615,3396,6135,7148,208.2600,1.3700
1783084798.195763,4597,3377,6116,7148,208.2600,1.3700
1783084798.211807,4606,3358,6116,7073,208.2600,1.3700
1783084798.228114,4587,3368,6107,7101,208.2600,1.4400
1783084798.245855,4597,3340,6069,7101,208.2600,1.4400
1783084798.261884,4550,3358,6097,7092,208.2600,1.4400
1783084798.277890,4615,3349,6097,7176,205.5600,-2.1300
1783084798.293865,4531,3340,6107,7082,205.5600,-2.1300
1783084798.309882,4615,3368,6088,7101,205.5600,-2.1300
1783084798.326107,4578,3396,6079,7082,202.8500,1.0000
1783084798.341848,4568,3386,6060,7129,202.8500,1.0000
1783084798.357923,4550,3405,6107,7139,202.8500,1.0000
1783084798.373857,4540,3368,6079,7129,200.1500,-1.1200
1783084798.389857,4587,3396,6060,7082,200.1500,-1.1200
1783084798.405063,4587,3386,6041,7073,200.1500,-1.1200
1783084798.420881,4587,3424,6060,7082,202.8500,1.6300
1783084798.436877,4587,3461,6032,7054,202.8500,1.6300
1783084798.453152,4597,3405,6041,7092,202.8500,1.6300
1783084798.469571,4559,3424,6079,7073,197.4400,0.2500
1783084798.484870,4587,3424,6041,7092,197.4400,0.2500
1783084798.501053,4606,3386,6032,7101,197.4400,0.2500
1783084798.519686,4597,3443,6069,7101,202.8500,0.9400
1783084798.534994,4625,3433,6032,7111,202.8500,0.9400
1783084798.550967,4634,3424,6022,7092,202.8500,0.9400
1783084798.567156,4625,3386,6051,7073,200.1500,0.4400
1783084798.582992,4634,3424,6013,7082,200.1500,0.4400
1783084798.599003,4578,3452,6032,7082,200.1500,0.4400
1783084798.615124,4587,3433,6032,7082,200.1500,0.8800
1783084798.631073,4625,3443,5994,7045,200.1500,0.8800
1783084798.646359,4587,3452,5985,7073,200.1500,0.8800
1783084798.662214,4597,3415,6013,7036,200.1500,0.8800
1783084798.678445,4597,3433,6013,7036,202.8500,-0.8100
1783084798.694012,4606,3480,6013,7073,202.8500,-0.8100
1783084798.710426,4615,3490,5976,7036,202.8500,-0.8100
1783084798.726020,4662,3490,5976,7064,200.1500,1.6900
1783084798.742004,4625,3415,5976,7045,200.1500,1.6900
1783084798.758307,4606,3461,5985,7054,200.1500,1.6900
1783084798.774064,4597,3490,5985,7017,202.8500,0.4400
1783084798.790054,4718,3499,5994,7054,202.8500,0.4400
1783084798.806241,4653,3461,5957,7036,202.8500,0.4400
1783084798.821943,4672,3433,5929,7036,205.5600,-0.4400
1783084798.839096,4653,3461,6004,7036,205.5600,-0.4400
1783084798.856044,4615,3461,5966,6998,205.5600,-0.4400
1783084798.872152,4690,3499,5985,7026,202.8500,-1.2500
1783084798.888080,4653,3452,5957,7045,202.8500,-1.2500
1783084798.903266,4662,3471,5966,6998,202.8500,-1.2500
1783084798.919862,4634,3433,5966,6979,202.8500,-0.1900
1783084798.935091,4672,3424,5966,7007,202.8500,-0.1900
1783084798.951597,4700,3405,5957,6970,202.8500,-0.1900
1783084798.967303,4643,3471,5957,7007,202.8500,-0.1900
1783084798.983084,4681,3490,5938,6998,200.1500,-0.1900
1783084798.999497,4709,3443,5994,6951,200.1500,-0.1900
1783084799.015416,4662,3443,5957,6979,200.1500,-0.1900
1783084799.031346,4672,3452,5919,6979,205.5600,-0.1200
1783084799.047247,4681,3452,5985,6998,205.5600,-0.1200
1783084799.063148,4709,3424,5966,6979,205.5600,-0.1200
1783084799.079154,4653,3452,5938,6979,205.5600,-0.9400
1783084799.095184,4681,3433,5957,6970,205.5600,-0.9400
1783084799.111208,4681,3471,5938,6951,205.5600,-0.9400
1783084799.127102,4662,3461,5919,6960,201.5300,1.1200
1783084799.143184,4681,3518,5919,6951,201.5300,1.1200
1783084799.159170,4690,3499,5938,6960,201.5300,1.1200
1783084799.174249,4690,3452,5919,6960,205.5600,1.0000
1783084799.190396,4681,3480,5919,6914,205.5600,1.0000
1783084799.206160,4690,3499,5900,6951,205.5600,1.0000
1783084799.222090,4709,3405,5900,6914,202.8500,-0.6300
1783084799.238487,4690,3480,5891,6951,202.8500,-0.6300
1783084799.254228,4681,3461,5863,6932,202.8500,-0.6300
1783084799.271166,4681,3508,5872,6942,206.9900,0.3100
1783084799.286539,4709,3452,5882,6942,206.9900,0.3100
1783084799.302242,4700,3480,5882,6951,206.9900,0.3100
1783084799.318273,4672,3499,5900,6942,198.8700,-1.5600
1783084799.334427,4672,3443,5872,6951,198.8700,-1.5600
1783084799.350245,4747,3461,5872,6914,198.8700,-1.5600
1783084799.366331,4718,3537,5835,6923,198.8700,-1.5600
1783084799.382448,4747,3396,5854,6932,205.5600,1.0600
1783084799.398308,4709,3443,5854,6904,205.5600,1.0600
1783084799.414254,4681,3480,5835,6895,205.5600,1.0600
1783084799.430616,4709,3527,5844,6848,200.1500,0.3700
1783084799.446377,4728,3499,5835,6904,200.1500,0.3700
1783084799.461993,4747,3480,5835,6914,200.1500,0.3700
1783084799.479535,4737,3518,5825,6914,206.9900,0.8100
1783084799.495430,4747,3518,5863,6895,206.9900,0.8100
1783084799.511428,4709,3537,5844,6876,206.9900,0.8100
1783084799.527435,4700,3471,5854,6904,193.5700,-1.0600
1783084799.543379,4709,3452,5825,6876,193.5700,-1.0600
1783084799.559323,4700,3527,5835,6904,193.5700,-1.0600
1783084799.575350,4728,3527,5788,6885,201.4700,0.6300
1783084799.592842,4681,3537,5807,6895,201.4700,0.6300
1783084799.608318,4718,3424,5807,6923,201.4700,0.6300
1783084799.624371,4784,3583,5844,6848,196.2200,-0.1200
1783084799.640588,4718,3565,5863,6885,196.2200,-0.1200
1783084799.656424,4812,3490,5844,6867,196.2200,-0.1200
1783084799.673618,4737,3537,5844,6839,202.8500,0.8800
1783084799.689009,4775,3574,5854,6867,202.8500,0.8800
1783084799.703985,4747,3537,5825,6848,202.8500,0.8800
1783084799.721445,4700,3602,5816,6857,204.2300,0.3700
1783084799.735762,4718,3574,5797,6829,204.2300,0.3700
1783084799.751416,4737,3508,5816,6829,204.2300,0.3700
1783084799.768134,4747,3621,5797,6829,198.8700,1.5600
1783084799.783900,4784,3574,5816,6829,198.8700,1.5600
1783084799.799463,4747,3537,5788,6810,198.8700,1.5600
1783084799.815586,4775,3687,5779,6810,198.8700,1.5600
1783084799.831239,4784,3677,5750,6820,202.8500,0.5600
1783084799.847244,4775,3865,5741,6810,202.8500,0.5600
1783084799.863497,4756,3677,5722,6829,202.8500,0.5600
1783084799.879403,4728,3724,5797,6829,208.2600,-2.3800
1783084799.895540,4794,3640,5797,6820,208.2600,-2.3800
1783084799.911871,4775,3809,5760,6839,208.2600,-2.3800
1783084799.927642,4794,3640,5722,6829,200.1500,0.0600
1783084799.943582,4812,3715,5741,6773,200.1500,0.0600
1783084799.959951,4765,3799,5788,6801,200.1500,0.0600
1783084799.974555,4756,3658,5760,6782,205.5600,-1.1200
1783084799.990515,4784,3724,5741,6792,205.5600,-1.1200
1783084800.006537,4756,3884,5713,6810,205.5600,-1.1200
1783084800.022289,4775,3705,5703,6745,202.8500,1.0600
1783084800.038338,4756,3809,5713,6810,202.8500,1.0600
1783084800.054689,4775,3696,5703,6754,202.8500,1.0600
1783084800.071618,4765,3809,5703,6792,202.8500,-1.2500
1783084800.086407,4794,3724,5694,6763,202.8500,-1.2500
1783084800.103174,4831,3818,5713,6763,202.8500,-1.2500
1783084800.118610,4756,3855,5750,6782,202.8500,-1.2500
1783084800.134632,4812,3762,5722,6782,200.1500,0.6300
1783084800.151254,4784,3771,5713,6763,200.1500,0.6300
1783084800.166919,4784,3799,5713,6782,200.1500,0.6300
1783084800.182945,4775,3818,5713,6763,208.2600,-0.5600
1783084800.199301,4859,3734,5703,6763,208.2600,-0.5600
1783084800.214573,4756,3799,5703,6754,208.2600,-0.5600
1783084800.230494,4784,3809,5694,6745,205.5600,0.3700
1783084800.246737,4859,3837,5657,6754,205.5600,0.3700
1783084800.261355,4812,3734,5675,6763,205.5600,0.3700
1783084800.277700,4840,3809,5694,6839,205.5600,-1.8100
1783084800.293517,4784,3818,5666,6763,205.5600,-1.8100
1783084800.310442,4850,3846,5675,6792,205.5600,-1.8100
1783084800.326336,4812,3827,5666,6763,200.1500,0.5600
1783084800.342318,4840,3827,5675,6763,200.1500,0.5600
1783084800.357663,4831,3799,5666,6745,200.1500,0.5600
1783084800.374044,4794,3837,5647,6773,208.2600,-0.9400
1783084800.390306,4812,3790,5638,6754,208.2600,-0.9400
1783084800.405470,4840,3874,5685,6707,208.2600,-0.9400
1783084800.422535,4784,3837,5713,6707,202.8500,0.6300
1783084800.437462,4803,3771,5675,6717,202.8500,0.6300
1783084800.453602,4850,3865,5666,6679,202.8500,0.6300
1783084800.469978,4812,3809,5610,6707,197.4400,0.0000
1783084800.485488,4803,3809,5638,6698,197.4400,0.0000
1783084800.501858,4812,3874,5666,6679,197.4400,0.0000
1783084800.518077,4859,3874,5600,6679,200.1500,-0.3100
1783084800.532808,4831,3865,5619,6698,200.1500,-0.3100
1783084800.548719,4831,3799,5610,6707,200.1500,-0.3100
1783084800.565081,4850,3931,5657,6698,200.1500,-0.3100
1783084800.580718,4869,3752,5638,6698,200.1500,0.5600
1783084800.596678,4850,3827,5628,6698,200.1500,0.5600
1783084800.612763,4850,3790,5638,6660,200.1500,0.5600
1783084800.628495,4878,3790,5591,6707,200.1500,0.5000
1783084800.644470,4850,3837,5591,6651,200.1500,0.5000
1783084800.661185,4850,3827,5638,6688,200.1500,0.5000
1783084800.676591,4822,3846,5666,6679,200.1500,2.7500
1783084800.692582,4953,3846,5600,6670,200.1500,2.7500
1783084800.709517,4859,3827,5553,6698,200.1500,2.7500
1783084800.724895,4850,3855,5572,6660,197.4400,0.3700
1783084800.740775,4869,3809,5544,6632,197.4400,0.3700
1783084800.757251,4859,3865,5544,6660,197.4400,0.3700
1783084800.772886,4906,3884,5563,6642,200.1500,2.0600
1783084800.788851,4831,3837,5544,6623,200.1500,2.0600
1783084800.803713,4840,3771,5563,6670,200.1500,2.0600
1783084800.820097,4878,3855,5563,6679,200.1500,-0.6900
1783084800.835900,4887,3818,5553,6679,200.1500,-0.6900
1783084800.851688,4887,3799,5553,6688,200.1500,-0.6900
1783084800.867689,4840,3837,5544,6679,200.1500,-0.6900
1783084800.883925,4915,3837,5516,6651,205.5600,1.0000
1783084800.900286,4897,3809,5572,6623,205.5600,1.0000
1783084800.918215,4944,3865,5497,6623,200.1500,-3.1300
1783084800.934224,4859,3855,5506,6623,200.1500,-3.1300
1783084800.950139,4887,3827,5506,6651,200.1500,-3.1300
1783084800.966211,4934,3865,5497,6642,200.1500,0.9400
1783084800.982042,4850,3809,5544,6660,200.1500,0.9400
1783084800.998283,4934,3827,5450,6679,200.1500,0.9400
1783084801.014337,4915,3884,5516,6651,200.1500,0.9400
1783084801.030083,4887,3837,5478,6613,205.5600,-2.3800
1783084801.045188,4925,3893,5488,6557,205.5600,-2.3800
1783084801.061060,4869,3884,5516,6585,205.5600,-2.3800
1783084801.077021,4925,3790,5525,6613,197.4400,1.5600
1783084801.093271,4944,3893,5488,6623,197.4400,1.5600
1783084801.108967,4878,3827,5460,6642,197.4400,1.5600
1783084801.125002,4915,3874,5478,6604,202.8500,-1.6900
1783084801.141410,4962,3809,5478,6595,202.8500,-1.6900
1783084801.157043,4850,3902,5469,6585,202.8500,-1.6900
1783084801.172950,4906,3874,5450,6585,205.5600,-0.0600
1783084801.189573,4991,3884,5460,6566,205.5600,-0.0600
1783084801.205141,4934,3846,5488,6585,205.5600,-0.0600
1783084801.222205,4897,3809,5516,6566,200.1500,-0.1200
1783084801.237482,4915,3865,5460,6604,200.1500,-0.1200
1783084801.253096,4934,3865,5478,6604,200.1500,-0.1200
1783084801.268973,4944,3931,5460,6595,202.8500,0.2500
1783084801.285222,4906,3865,5413,6566,202.8500,0.2500
1783084801.300241,4915,3874,5403,6576,202.8500,0.2500
1783084801.316464,4981,3902,5441,6585,202.8500,0.2500
1783084801.332362,4906,3912,5431,6548,197.4400,1.1900
1783084801.348199,4944,3912,5441,6585,197.4400,1.1900
1783084801.364201,4934,3884,5469,6585,197.4400,1.1900
1783084801.380638,4869,3921,5460,6557,201.5300,0.3700
1783084801.396645,4972,3902,5441,6557,201.5300,0.3700
1783084801.412711,4897,3940,5460,6566,201.5300,0.3700
1783084801.428570,4962,3921,5469,6566,200.1500,-0.6300
1783084801.444552,5000,3996,5431,6576,200.1500,-0.6300
1783084801.460524,4925,3931,5422,6566,200.1500,-0.6300
1783084801.476388,4991,3959,5441,6538,200.1500,0.4400
1783084801.492273,4925,3884,5441,6491,200.1500,0.4400
1783084801.507982,4944,4015,5413,6548,200.1500,0.4400
1783084801.524109,4962,3987,5422,6557,201.4700,-1.5000
1783084801.540438,5000,3949,5441,6529,201.4700,-1.5000
1783084801.557399,5009,3949,5431,6529,201.4700,-1.5000
1783084801.573992,4972,3977,5431,6520,193.5700,-0.5000
1783084801.589112,5009,3959,5413,6529,193.5700,-0.5000
1783084801.605233,4991,4024,5431,6510,193.5700,-0.5000
1783084801.622791,5000,3977,5441,6538,198.7100,0.7500
1783084801.637268,5037,3959,5441,6520,198.7100,0.7500
1783084801.653245,4991,3921,5422,6491,198.7100,0.7500
1783084801.669545,4991,3996,5385,6529,193.5700,0.4400
1783084801.685303,4953,3949,5394,6510,193.5700,0.4400
1783084801.701352,4944,4006,5431,6520,193.5700,0.4400
1783084801.717615,5019,3959,5422,6491,200.1500,1.0000
1783084801.733353,5019,4015,5385,6520,200.1500,1.0000
1783084801.749331,4991,3987,5375,6473,200.1500,1.0000
1783084801.765625,4991,3996,5394,6491,200.1500,1.0000
1783084801.781370,4981,4015,5403,6557,200.1500,0.7500
1783084801.797318,4991,4034,5394,6482,200.1500,0.7500
1783084801.812653,5019,4024,5385,6520,200.1500,0.7500
1783084801.828431,5009,3968,5394,6491,202.8500,0.5600
1783084801.844478,5009,4062,5366,6454,202.8500,0.5600
1783084801.860703,4972,4006,5394,6510,202.8500,0.5600
1783084801.876338,5037,3996,5394,6491,200.1500,1.1200
1783084801.892512,5019,4015,5413,6520,200.1500,1.1200
1783084801.908680,5047,3959,5375,6473,200.1500,1.1200
1783084801.924443,5037,4062,5356,6463,200.1500,0.7500
1783084801.940983,5000,4043,5356,6501,200.1500,0.7500
1783084801.956781,4991,4090,5356,6473,200.1500,0.7500
1783084801.974594,4991,4062,5366,6510,202.8500,-3.1900
1783084801.988416,5009,4062,5319,6454,202.8500,-3.1900
1783084802.004843,5019,4052,5366,6454,202.8500,-3.1900
1783084802.021710,5009,4034,5338,6454,208.2600,0.6300
1783084802.036548,5009,4043,5328,6473,208.2600,0.6300
1783084802.052811,5019,4052,5300,6482,208.2600,0.6300
1783084802.068481,5028,4081,5300,6482,208.2600,0.6300
1783084802.084450,5056,4052,5328,6435,200.1500,-2.5000
1783084802.099581,5019,4062,5338,6445,200.1500,-2.5000
1783084802.115234,5037,4128,5338,6482,200.1500,-2.5000
1783084802.131804,5028,4052,5338,6520,205.5600,2.1300
1783084802.147687,5028,4090,5319,6463,205.5600,2.1300
1783084802.163640,5047,4043,5319,6445,205.5600,2.1300
1783084802.179879,5094,4118,5281,6435,202.8500,-1.0600
1783084802.195692,5028,4062,5300,6445,202.8500,-1.0600
1783084802.211653,5037,4128,5328,6454,202.8500,-1.0600
1783084802.227956,5056,4062,5291,6435,208.2600,1.0000
1783084802.243525,5075,4062,5300,6398,208.2600,1.0000
1783084802.259602,5056,4071,5263,6454,208.2600,1.0000
1783084802.275942,5056,4081,5253,6445,205.5600,-0.2500
1783084802.291378,5103,4081,5244,6435,205.5600,-0.2500
1783084802.307574,5056,4043,5281,6398,205.5600,-0.2500
1783084802.324057,5028,4062,5272,6416,198.8700,2.9400
1783084802.339461,5047,4034,5234,6454,198.8700,2.9400
1783084802.355368,5056,4081,5291,6379,198.8700,2.9400
1783084802.371772,5075,4090,5300,6426,200.1500,-3.0600
1783084802.386368,5066,4090,5263,6398,200.1500,-3.0600
1783084802.402942,5075,4109,5234,6388,200.1500,-3.0600
1783084802.419445,5075,4081,5234,6407,206.9900,2.3100
1783084802.434676,5066,4137,5253,6388,206.9900,2.3100
1783084802.450999,5112,4090,5281,6398,206.9900,2.3100
1783084802.466996,5084,4118,5234,6416,206.9900,2.3100
1783084802.483142,5131,4128,5244,6398,198.8700,-2.7500
1783084802.498981,5084,4081,5225,6426,198.8700,-2.7500
1783084802.514895,5084,4165,5234,6388,198.8700,-2.7500
1783084802.530714,5066,4099,5253,6360,205.5600,2.7500
1783084802.546475,5047,4221,5244,6407,205.5600,2.7500
1783084802.562984,5122,4062,5234,6351,205.5600,2.7500
1783084802.578546,5075,4221,5225,6370,201.4700,-1.9400
1783084802.594445,5066,4081,5197,6388,201.4700,-1.9400
1783084802.610989,5112,4165,5216,6370,201.4700,-1.9400
1783084802.626750,5094,4128,5225,6332,201.5300,0.6900
1783084802.642766,5094,4137,5197,6304,201.5300,0.6900
1783084802.657697,5094,4184,5206,6379,201.5300,0.6900
1783084802.673651,5122,4099,5159,6379,201.4700,-0.3100
1783084802.690259,5094,4212,5234,6313,201.4700,-0.3100
1783084802.705753,5131,4146,5234,6351,201.4700,-0.3100
1783084802.722772,5084,4165,5244,6379,197.4400,1.4400
1783084802.738016,5131,4221,5216,6379,197.4400,1.4400
1783084802.753890,5094,4128,5188,6341,197.4400,1.4400
1783084802.769841,5150,4231,5225,6341,197.4400,1.4400
1783084802.785775,5141,4184,5206,6379,198.8700,0.4400
1783084802.801823,5131,4156,5216,6370,198.8700,0.4400
1783084802.817850,5150,4221,5197,6304,198.8700,0.4400
1783084802.834151,5122,4184,5206,6351,212.5100,1.5600
1783084802.849805,5066,4249,5225,6323,212.5100,1.5600
1783084802.865939,5141,4203,5225,6304,212.5100,1.5600
1783084802.882221,5122,4165,5197,6285,201.5300,-0.3100
1783084802.897821,5197,4259,5178,6304,201.5300,-0.3100
1783084802.913559,5112,4221,5225,6332,201.5300,-0.3100
1783084802.928961,5159,4212,5197,6313,209.7500,0.8100
1783084802.944622,5103,4203,5169,6351,209.7500,0.8100
1783084802.960842,5131,4240,5197,6332,209.7500,0.8100
1783084802.977499,5150,4240,5206,6351,201.5300,-0.4400
1783084802.992705,5150,4231,5197,6332,201.5300,-0.4400
1783084803.008882,5188,4268,5188,6257,201.5300,-0.4400
1783084803.025995,5178,4278,5188,6313,209.7500,-3.0600
1783084803.041289,5206,4259,5159,6323,209.7500,-3.0600
1783084803.057019,5178,4221,5169,6266,209.7500,-3.0600
1783084803.075224,5141,4268,5197,6304,205.5600,1.6300
1783084803.088988,5131,4278,5188,6304,205.5600,1.6300
1783084803.104897,5206,4212,5178,6304,205.5600,1.6300
1783084803.121828,5122,4287,5159,6266,201.5300,-3.2500
1783084803.136722,5141,4259,5150,6285,201.5300,-3.2500
1783084803.152696,5197,4249,5159,6257,201.5300,-3.2500
1783084803.169801,5216,4268,5159,6266,209.7500,3.3800
1783084803.184760,5216,4278,5159,6266,209.7500,3.3800
1783084803.200016,5216,4287,5112,6294,209.7500,3.3800
1783084803.216244,5188,4296,5159,6276,206.8300,-3.3100
1783084803.232141,5188,4240,5159,6266,206.8300,-3.3100
1783084803.248215,5206,4240,5103,6304,206.8300,-3.3100
1783084803.264302,5159,4240,5141,6219,206.8300,-3.3100
1783084803.280039,5178,4296,5112,6257,205.5600,0.7500
1783084803.296248,5188,4268,5103,6266,205.5600,0.7500
1783084803.312314,5197,4278,5131,6257,205.5600,0.7500
1783084803.328076,5141,4259,5103,6266,205.5600,-1.0000
1783084803.344570,5178,4296,5112,6201,205.5600,-1.0000
1783084803.360380,5141,4306,5066,6257,205.5600,-1.0000
1783084803.376380,5216,4343,5112,6294,205.5600,0.7500
1783084803.392290,5178,4334,5112,6210,205.5600,0.7500
1783084803.408562,5197,4315,5075,6257,205.5600,0.7500
1783084803.425068,5253,4287,5075,6257,210.9700,-0.7500
1783084803.441744,5188,4296,5084,6219,210.9700,-0.7500
1783084803.457945,5159,4315,5103,6229,210.9700,-0.7500
1783084803.474841,5216,4306,5094,6248,202.8500,2.0000
1783084803.489328,5225,4278,5103,6191,202.8500,2.0000
1783084803.505398,5206,4315,5056,6248,202.8500,2.0000
1783084803.522697,5225,4287,5047,6229,205.5600,-1.1900
1783084803.537829,5216,4334,5047,6173,205.5600,-1.1900
1783084803.553472,5206,4343,5094,6182,205.5600,-1.1900
1783084803.569457,5188,4325,5056,6182,205.5600,-1.1900
1783084803.585320,5291,4353,5056,6182,205.5600,-0.8100
1783084803.601659,5234,4315,5037,6210,205.5600,-0.8100
1783084803.616938,5253,4353,5056,6173,205.5600,-0.8100
1783084803.632924,5197,4381,5056,6173,200.1500,-0.1200
1783084803.649216,5234,4325,5037,6191,200.1500,-0.1200
1783084803.665011,5197,4343,5037,6173,200.1500,-0.1200
1783084803.681039,5206,4381,5066,6154,202.8500,-0.1200
1783084803.697251,5188,4343,4972,6173,202.8500,-0.1200
1783084803.712012,5244,4371,5066,6144,202.8500,-0.1200
1783084803.728508,5216,4362,4991,6173,200.1500,2.5000
1783084803.744678,5244,4371,5009,6154,200.1500,2.5000
1783084803.760420,5244,4381,5009,6144,200.1500,2.5000
1783084803.777000,5263,4371,4981,6126,200.1500,-1.8100
1783084803.792531,5272,4353,4991,6116,200.1500,-1.8100
1783084803.808296,5244,4371,5028,6191,200.1500,-1.8100
1783084803.824442,5272,4390,4991,6107,205.5600,0.6300
1783084803.840342,5206,4409,4962,6126,205.5600,0.6300
1783084803.856008,5263,4428,4991,6154,205.5600,0.6300
1783084803.873382,5206,4400,4981,6126,201.5300,-0.7500
1783084803.888373,5328,4428,4962,6154,201.5300,-0.7500
1783084803.904089,5197,4428,4962,6135,201.5300,-0.7500
1783084803.920375,5244,4400,5000,6126,206.9900,1.5600
1783084803.937593,5328,4446,4962,6144,206.9900,1.5600
1783084803.952390,5263,4446,4962,6154,206.9900,1.5600
1783084803.968521,5253,4409,4934,6135,206.9900,1.5600
1783084803.983542,5272,4428,4953,6144,198.8700,-0.6300
1783084803.999578,5234,4437,4925,6116,198.8700,-0.6300
1783084804.015385,5291,4428,4906,6107,198.8700,-0.6300
1783084804.031174,5253,4390,4962,6116,209.7500,-0.5600
1783084804.047157,5319,4390,4962,6088,209.7500,-0.5600
1783084804.063600,5300,4437,4953,6135,209.7500,-0.5600
1783084804.079232,5234,4428,4915,6116,201.5300,-1.4400
1783084804.095401,5319,4428,4925,6088,201.5300,-1.4400
1783084804.111495,5300,4437,4962,6154,201.5300,-1.4400
1783084804.127396,5366,4437,4934,6079,200.1500,-0.1200
1783084804.143472,5300,4475,4925,6097,200.1500,-0.1200
1783084804.159799,5263,4465,4925,6107,200.1500,-0.1200
1783084804.175447,5253,4437,4906,6069,206.9900,0.1200
1783084804.191732,5319,4484,4944,6088,206.9900,0.1200
1783084804.207820,5319,4484,4915,6135,206.9900,0.1200
1783084804.225219,5319,4475,4934,6097,205.5600,1.8800
1783084804.239543,5281,4493,4925,6097,205.5600,1.8800
1783084804.254913,5309,4446,4953,6088,205.5600,1.8800
1783084804.270537,5300,4512,4915,6060,205.5600,1.8800
1783084804.286614,5309,4493,4915,6088,201.5300,-2.1300
1783084804.302913,5300,4465,4915,6097,201.5300,-2.1300
1783084804.318485,5338,4493,4906,6088,201.5300,-2.1300
1783084804.334676,5309,4484,4934,6079,212.5100,-1.0600
1783084804.350579,5385,4484,4906,6088,212.5100,-1.0600
1783084804.366388,5319,4484,4878,6032,212.5100,-1.0600
1783084804.382356,5366,4522,4897,6097,202.8500,1.3700
1783084804.398674,5338,4503,4906,6051,202.8500,1.3700
1783084804.414336,5309,4512,4887,6060,202.8500,1.3700
1783084804.430609,5356,4531,4869,6097,198.8700,-0.8800
1783084804.446959,5375,4503,4906,6069,198.8700,-0.8800
1783084804.462975,5328,4503,4934,6060,198.8700,-0.8800
1783084804.478722,5356,4531,4850,6032,206.9900,0.2500
1783084804.494883,5403,4559,4897,6088,206.9900,0.2500
1783084804.510721,5366,4540,4915,6041,206.9900,0.2500
1783084804.525673,5309,4531,4831,6051,201.5300,-0.9400
1783084804.541291,5356,4615,4887,6041,201.5300,-0.9400
1783084804.557182,5394,4587,4850,6022,201.5300,-0.9400
1783084804.574419,5309,4540,4869,6060,206.9900,-0.8800
1783084804.589205,5385,4540,4878,6032,206.9900,-0.8800
1783084804.605249,5347,4578,4822,6022,206.9900,-0.8800
1783084804.622309,5375,4550,4869,6041,196.2200,0.0000
1783084804.637444,5394,4531,4850,6013,196.2200,0.0000
1783084804.653445,5394,4578,4869,6022,196.2200,0.0000
1783084804.669739,5356,4597,4840,6041,202.8500,-0.2500
1783084804.685411,5413,4568,4822,6004,202.8500,-0.2500
1783084804.701446,5413,4597,4878,5994,202.8500,-0.2500
1783084804.718019,5413,4559,4822,5994,202.8500,-0.2500
1783084804.733411,5403,4606,4850,6013,205.5600,0.8100
1783084804.749432,5375,4606,4812,6004,205.5600,0.8100
1783084804.765702,5413,4559,4831,5994,205.5600,0.8100
1783084804.781533,5394,4597,4840,5994,197.4400,1.1900
1783084804.796495,5385,4540,4840,5994,197.4400,1.1900
1783084804.812916,5347,4587,4840,5957,197.4400,1.1900
1783084804.828666,5309,4615,4812,6022,195.9500,-1.2500
1783084804.844667,5347,4568,4812,5938,195.9500,-1.2500
1783084804.861074,5450,4522,4822,5976,195.9500,-1.2500
1783084804.876713,5450,4615,4794,6022,193.5700,0.5600
1783084804.892768,5403,4568,4812,5966,193.5700,0.5600
1783084804.909545,5441,4625,4775,6022,193.5700,0.5600
1783084804.924719,5356,4643,4784,5910,204.2300,0.8800
1783084804.940721,5403,4634,4840,5994,204.2300,0.8800
1783084804.957035,5403,4597,4794,5976,204.2300,0.8800
1783084804.974238,5394,4597,4812,5985,196.2200,0.9400
1783084804.988892,5441,4634,4784,5976,196.2200,0.9400
1783084805.005348,5394,4625,4756,5947,196.2200,0.9400
1783084805.020979,5422,4653,4794,5938,196.2200,0.9400
1783084805.036961,5413,4681,4747,5966,205.5600,1.0000
1783084805.053094,5450,4756,4784,5938,205.5600,1.0000
1783084805.068513,5394,4672,4718,5947,205.5600,1.0000
1783084805.084197,5450,4615,4765,5947,208.2600,-1.5600
1783084805.099892,5366,4681,4718,5929,208.2600,-1.5600
1783084805.116215,5469,4690,4728,5929,208.2600,-1.5600
1783084805.132202,5413,4690,4765,5919,202.8500,0.6300
1783084805.148288,5460,4634,4709,5929,202.8500,0.6300
1783084805.163979,5450,4700,4756,5900,202.8500,0.6300
1783084805.180536,5431,4625,4709,5919,202.8500,-1.0600
1783084805.195734,5460,4643,4737,5900,202.8500,-1.0600
1783084805.211737,5403,4700,4747,5929,202.8500,-1.0600
1783084805.228288,5469,4690,4672,5929,205.5600,-0.8800
1783084805.244023,5422,4662,4737,5919,205.5600,-0.8800
1783084805.260231,5422,4634,4709,5929,205.5600,-0.8800
1783084805.276464,5441,4737,4709,5929,202.8500,0.0600
1783084805.292254,5478,4709,4718,5957,202.8500,0.0600
1783084805.307981,5478,4672,4718,5957,202.8500,0.0600
1783084805.325495,5469,4606,4728,5919,201.5300,-1.1900
1783084805.340302,5422,4672,4681,5947,201.5300,-1.1900
1783084805.354982,5422,4718,4718,5910,201.5300,-1.1900
1783084805.371310,5431,4709,4662,5957,212.5100,0.4400
1783084805.386977,5516,4681,4718,5929,212.5100,0.4400
1783084805.403011,5497,4700,4690,5947,212.5100,0.4400
1783084805.419637,5516,4690,4681,5919,202.8500,1.4400
1783084805.435196,5478,4728,4709,5919,202.8500,1.4400
1783084805.451012,5460,4709,4672,5919,202.8500,1.4400
1783084805.467304,5497,4718,4681,5919,202.8500,1.4400
1783084805.482975,5450,4709,4672,5910,201.5300,-2.3100
1783084805.499431,5506,4718,4709,5910,201.5300,-2.3100
1783084805.515772,5506,4597,4634,5900,201.5300,-2.3100
1783084805.531029,5506,4700,4681,5891,206.9900,1.3700
1783084805.546835,5516,4662,4653,5900,206.9900,1.3700
1783084805.563217,5553,4643,4690,5891,206.9900,1.3700
1783084805.578882,5553,4643,4672,5919,205.5600,-1.6300
1783084805.595103,5516,4690,4653,5891,205.5600,-1.6300
1783084805.610703,5516,4662,4634,5919,205.5600,-1.6300
1783084805.625796,5506,4662,4653,5872,205.5600,0.7500
1783084805.641912,5516,4709,4625,5882,205.5600,0.7500
1783084805.658112,5582,4634,4662,5854,205.5600,0.7500
1783084805.675462,5525,4615,4672,5882,202.8500,-0.4400
1783084805.690134,5516,4653,4597,5854,202.8500,-0.4400
1783084805.706086,5544,4653,4662,5872,202.8500,-0.4400
1783084805.722238,5488,4643,4643,5854,197.4400,1.0000
1783084805.738264,5563,4690,4597,5844,197.4400,1.0000
1783084805.754477,5525,4718,4625,5854,197.4400,1.0000
1783084805.770190,5553,4653,4653,5872,197.4400,1.0000
1783084805.786552,5516,4615,4653,5844,200.1500,0.4400
1783084805.802529,5488,4643,4643,5854,200.1500,0.4400
1783084805.818240,5506,4690,4578,5835,200.1500,0.4400
1783084805.834839,5488,4681,4625,5835,197.4400,0.8800
1783084805.851107,5450,4681,4634,5844,197.4400,0.8800
1783084805.866328,5497,4672,4597,5882,197.4400,0.8800
1783084805.881596,5553,4756,4615,5835,198.8700,0.1200
1783084805.897405,5572,4700,4578,5863,198.8700,0.1200
1783084805.913760,5525,4700,4568,5844,198.8700,0.1200
1783084805.929535,5563,4718,4568,5854,202.8500,0.5000
1783084805.944802,5553,4672,4531,5835,202.8500,0.5000
1783084805.960840,5544,4700,4634,5844,202.8500,0.5000
1783084805.977205,5553,4747,4550,5854,205.5600,-0.6300
1783084805.993237,5525,4756,4578,5816,205.5600,-0.6300
1783084806.009181,5563,4709,4568,5816,205.5600,-0.6300
1783084806.025687,5544,4653,4578,5797,209.7500,1.8800
1783084806.041624,5553,4737,4531,5835,209.7500,1.8800
1783084806.057550,5600,4765,4550,5807,209.7500,1.8800
1783084806.075426,5591,4709,4540,5807,201.5300,0.6900
1783084806.089406,5582,4672,4578,5816,201.5300,0.6900
1783084806.105349,5572,4662,4587,5816,201.5300,0.6900
1783084806.121738,5572,4643,4531,5779,208.2600,-2.6300
1783084806.138157,5572,4681,4559,5854,208.2600,-2.6300
1783084806.152406,5572,4681,4550,5807,208.2600,-2.6300
1783084806.168739,5619,4662,4531,5844,205.5600,0.0600
1783084806.184880,5572,4625,4522,5779,205.5600,0.0600
1783084806.200974,5600,4653,4531,5807,205.5600,0.0600
1783084806.217191,5582,4653,4531,5797,205.5600,0.0600
1783084806.232580,5591,4681,4568,5816,208.2600,-2.0000
1783084806.248327,5628,4634,4550,5816,208.2600,-2.0000
1783084806.264681,5582,4709,4540,5779,208.2600,-2.0000
1783084806.280266,5582,4634,4522,5816,208.2600,6.6300
1783084806.296185,5600,4625,4531,5788,208.2600,6.6300
1783084806.312435,5600,4634,4512,5769,208.2600,6.6300
1783084806.328416,5582,4681,4484,5779,208.2600,-0.0600
1783084806.344607,5628,4718,4540,5760,208.2600,-0.0600
1783084806.360745,5657,4672,4522,5769,208.2600,-0.0600
1783084806.376335,5647,4653,4512,5750,209.7500,-0.6900
1783084806.392517,5582,4643,4550,5779,209.7500,-0.6900
1783084806.408776,5572,4672,4493,5741,209.7500,-0.6900
1783084806.426397,5600,4700,4493,5788,205.5600,0.0600
1783084806.439756,5582,4690,4493,5797,205.5600,0.0600
1783084806.455601,5628,4662,4493,5741,205.5600,0.0600
1783084806.471486,5610,4615,4484,5779,205.5600,0.1900
1783084806.487687,5619,4672,4475,5760,205.5600,0.1900
1783084806.504260,5628,4690,4465,5788,205.5600,0.1900
1783084806.520123,5685,4709,4503,5732,205.5600,0.1900
1783084806.537549,5666,4681,4484,5732,198.8700,-0.2500
1783084806.553798,5638,4653,4493,5713,198.8700,-0.2500
1783084806.569400,5600,4672,4522,5694,198.8700,-0.2500
1783084806.585256,5703,4681,4503,5703,202.8500,1.6900
1783084806.601597,5647,4653,4493,5703,202.8500,1.6900
1783084806.617374,5600,4672,4446,5675,202.8500,1.6900
1783084806.633584,5666,4643,4493,5666,202.8500,-0.5000
1783084806.650237,5647,4662,4475,5760,202.8500,-0.5000
1783084806.664732,5685,4662,4503,5675,202.8500,-0.5000
1783084806.680625,5685,4672,4503,5732,205.5600,0.8100
1783084806.696983,5694,4728,4475,5713,205.5600,0.8100
1783084806.712698,5657,4728,4437,5666,205.5600,0.8100
1783084806.728742,5675,4690,4437,5722,197.4400,-1.4400
1783084806.744972,5638,4718,4456,5694,197.4400,-1.4400
1783084806.760677,5666,4718,4409,5685,197.4400,-1.4400
1783084806.776835,5685,4681,4428,5666,209.7500,-0.2500
1783084806.792940,5694,4747,4428,5703,209.7500,-0.2500
1783084806.808650,5703,4747,4418,5694,209.7500,-0.2500
1783084806.825630,5675,4747,4446,5675,190.9200,1.4400
1783084806.840713,5675,4747,4381,5694,190.9200,1.4400
1783084806.856490,5703,4747,4409,5675,190.9200,1.4400
1783084806.872548,5675,4728,4409,5666,200.1500,0.2500
1783084806.888988,5722,4718,4362,5694,200.1500,0.2500
1783084806.904600,5666,4737,4371,5685,200.1500,0.2500
1783084806.920506,5722,4775,4400,5685,200.1500,1.5000
1783084806.935701,5732,4765,4390,5685,200.1500,1.5000
1783084806.951679,5722,4765,4409,5675,200.1500,1.5000
1783084806.968103,5713,4794,4400,5722,200.1500,1.5000
1783084806.984628,5713,4747,4418,5666,205.5600,-0.6900
1783084806.999753,5675,4756,4390,5713,205.5600,-0.6900
1783084807.016074,5760,4765,4400,5722,205.5600,-0.6900
1783084807.031712,5750,4747,4362,5685,205.5600,0.5000
1783084807.047505,5722,4765,4428,5647,205.5600,0.5000
1783084807.063827,5703,4784,4362,5647,205.5600,0.5000
1783084807.079586,5694,4784,4418,5628,205.5600,0.2500
1783084807.095546,5741,4775,4437,5675,205.5600,0.2500
1783084807.112044,5703,4747,4390,5619,205.5600,0.2500
1783084807.127615,5675,4803,4390,5657,202.8500,-0.3100
1783084807.143592,5750,4822,4390,5666,202.8500,-0.3100
1783084807.159875,5703,4784,4390,5638,202.8500,-0.3100
1783084807.176174,5769,4794,4381,5657,208.2600,-2.1900
1783084807.191615,5722,4840,4390,5685,208.2600,-2.1900
1783084807.206808,5722,4840,4409,5647,208.2600,-2.1900
1783084807.222606,5741,4831,4353,5610,205.5600,1.0600
1783084807.238833,5741,4794,4343,5591,205.5600,1.0600
1783084807.255430,5732,4784,4390,5610,205.5600,1.0600
1783084807.271003,5750,4812,4296,5619,205.5600,1.0600
1783084807.287089,5722,5253,4353,5628,204.1800,-2.0600
1783084807.303248,5732,5178,4334,5600,204.1800,-2.0600
1783084807.318975,5741,4812,4362,5591,204.1800,-2.0600
1783084807.334910,5779,4784,4325,5600,209.7500,2.8800
1783084807.351245,5741,4765,4343,5544,209.7500,2.8800
1783084807.367058,5779,5216,4325,5628,209.7500,2.8800
1783084807.383230,5779,5188,4306,5610,208.2600,-3.1300
1783084807.399368,5779,5600,4278,5610,208.2600,-3.1300
1783084807.415037,5760,5366,4296,5638,208.2600,-3.1300
1783084807.430763,5741,4897,4315,5572,205.5600,0.4400
1783084807.447510,5807,5553,4306,5600,205.5600,0.4400
1783084807.462976,5797,5281,4268,5628,205.5600,0.4400
1783084807.480121,5779,5582,4325,5628,210.9700,-1.0600
1783084807.496003,5769,5338,4315,5619,210.9700,-1.0600
1783084807.511826,5825,5291,4268,5591,210.9700,-1.0600
1783084807.528020,5854,5338,4334,5628,208.2600,0.8100
1783084807.544690,5844,5328,4296,5553,208.2600,0.8100
1783084807.560729,5788,5225,4278,5563,208.2600,0.8100
1783084807.576489,5816,5244,4268,5572,208.2600,-0.5000
1783084807.592407,5816,5553,4268,5525,208.2600,-0.5000
1783084807.608340,5807,5582,4268,5553,208.2600,-0.5000
1783084807.625948,5825,5563,4268,5600,208.2600,-0.2500
1783084807.640390,5825,5535,4287,5535,208.2600,-0.2500
1783084807.656321,5854,5225,4268,5572,208.2600,-0.2500
1783084807.672351,5854,5234,4334,5563,208.2600,-0.2500
1783084807.688722,5854,5263,4231,5563,210.9700,-0.1200
1783084807.703193,5816,5591,4287,5563,210.9700,-0.1200
1783084807.719173,5825,5563,4231,5572,210.9700,-0.1200
1783084807.735231,5779,5619,4268,5563,201.5300,-1.3700
1783084807.750950,5807,5572,4268,5572,201.5300,-1.3700
1783084807.766942,5816,5600,4231,5553,201.5300,-1.3700
1783084807.783344,5854,5591,4249,5572,206.9900,0.6900
1783084807.799042,5807,5525,4221,5563,206.9900,0.6900
1783084807.814924,5854,5582,4231,5563,206.9900,0.6900
1783084807.831455,5797,5600,4165,5497,201.5300,-0.6900
1783084807.847245,5807,5572,4249,5535,201.5300,-0.6900
1783084807.863412,5825,5582,4203,5553,201.5300,-0.6900
1783084807.879548,5835,5582,4221,5525,206.9900,2.4400
1783084807.895251,5807,5600,4193,5516,206.9900,2.4400
1783084807.911419,5872,5582,4184,5488,206.9900,2.4400
1783084807.927880,5835,5535,4221,5516,201.5300,-1.3700
1783084807.943281,5863,5544,4184,5497,201.5300,-1.3700
1783084807.959144,5807,5600,4212,5572,201.5300,-1.3700
1783084807.976107,5863,5572,4184,5535,205.5600,1.3100
1783084807.990063,5882,5591,4203,5506,205.5600,1.3100
1783084808.006508,5825,5525,4193,5478,205.5600,1.3100
1783084808.022732,5854,5516,4184,5469,205.5600,-0.6300
1783084808.038524,5854,5544,4174,5553,205.5600,-0.6300
1783084808.054560,5900,5600,4212,5516,205.5600,-0.6300
1783084808.070735,5854,5638,4146,5422,205.5600,3.0000
1783084808.086085,5872,5582,4174,5469,205.5600,3.0000
1783084808.102507,5882,5525,4184,5413,205.5600,3.0000
1783084808.118944,5900,5591,4193,5460,205.5600,3.0000
1783084808.134270,5872,5582,4165,5460,209.7500,-0.8100
1783084808.150107,5863,5563,4174,5488,209.7500,-0.8100
1783084808.166374,5910,5516,4184,5422,209.7500,-0.8100
1783084808.182244,5919,5488,4203,5525,206.8300,-0.9400
1783084808.198418,5910,5600,4193,5469,206.8300,-0.9400
1783084808.214672,5891,5610,4184,5431,206.8300,-0.9400
1783084808.229998,5910,5516,4193,5422,208.2600,-0.2500
1783084808.246904,5947,5535,4174,5488,208.2600,-0.2500
1783084808.261541,5891,5506,4165,5469,208.2600,-0.2500
1783084808.279440,5938,5553,4137,5469,208.2600,-0.5600
1783084808.297520,5900,5600,4146,5469,208.2600,-0.5600
1783084808.313454,5929,5497,4184,5413,208.2600,-0.5600
1783084808.329621,5891,5516,4156,5469,205.5600,4.0000
1783084808.345347,5929,5535,4174,5441,205.5600,4.0000
1783084808.361236,5929,5619,4109,5431,205.5600,4.0000
1783084808.377541,5919,5516,4165,5441,205.5600,-2.3100
1783084808.393392,5929,5572,4118,5422,205.5600,-2.3100
1783084808.409649,5919,5544,4165,5460,205.5600,-2.3100
1783084808.426924,5929,5657,4109,5413,205.5600,2.4400
1783084808.440227,5919,5610,4146,5413,205.5600,2.4400
1783084808.456224,5966,5591,4099,5403,205.5600,2.4400
1783084808.472521,5947,5619,4137,5450,205.5600,-2.4400
1783084808.488253,6004,5572,4099,5460,205.5600,-2.4400
1783084808.504281,5957,5582,4090,5422,205.5600,-2.4400
1783084808.520554,5957,5647,4081,5441,209.7500,1.9400
1783084808.536527,5947,5610,4156,5441,209.7500,1.9400
1783084808.552575,5947,5610,4109,5441,209.7500,1.9400
1783084808.568866,5938,5600,4099,5394,209.7500,1.9400
1783084808.584561,5947,5657,4043,5431,201.5300,-2.5000
1783084808.601058,5947,5657,4071,5422,201.5300,-2.5000
1783084808.617290,5985,5628,4043,5385,201.5300,-2.5000
1783084808.632659,5966,5553,4071,5413,205.5600,1.2500
1783084808.648866,6032,5600,4062,5450,205.5600,1.2500
1783084808.665231,5985,5638,4062,5422,205.5600,1.2500
1783084808.680743,5929,5619,4071,5403,205.5600,-2.0000
1783084808.696811,5994,5600,4071,5385,205.5600,-2.0000
1783084808.712656,5985,5553,4062,5403,205.5600,-2.0000
1783084808.728103,5966,5610,4090,5422,209.7500,1.8100
1783084808.743954,5994,5647,4052,5450,209.7500,1.8100
1783084808.759527,6004,5675,4006,5431,209.7500,1.8100
1783084808.777103,5994,5666,4062,5422,198.8700,-1.7500
1783084808.791691,5976,5619,4006,5385,198.8700,-1.7500
1783084808.807602,6022,5619,4024,5413,198.8700,-1.7500
1783084808.823511,6004,5647,3977,5366,202.8500,1.5600
1783084808.839914,5938,5591,4034,5356,202.8500,1.5600
1783084808.856045,6004,5647,4034,5403,202.8500,1.5600
1783084808.871545,6013,5610,4015,5366,202.8500,1.5600
1783084808.888009,5976,5685,3940,5366,200.1500,-0.0600
1783084808.903752,6013,5591,3996,5356,200.1500,-0.0600
1783084808.919600,6004,5657,3977,5356,200.1500,-0.0600
1783084808.936081,5994,5619,4006,5356,200.1500,1.0600
1783084808.951863,6022,5563,3949,5338,200.1500,1.0600
1783084808.967796,6004,5572,3987,5375,200.1500,1.0600
1783084808.983120,6013,5647,3959,5347,205.5600,1.2500
1783084808.998815,6032,5647,3987,5356,205.5600,1.2500
1783084809.014864,5976,5647,3940,5347,205.5600,1.2500
1783084809.031757,6022,5638,3912,5356,205.5600,1.1900
1783084809.047304,6013,5647,3949,5356,205.5600,1.1900
1783084809.062858,6060,5760,3921,5366,205.5600,1.1900
1783084809.080861,6004,5638,3949,5366,200.1500,-0.1900
1783084809.097299,6041,5657,3940,5375,200.1500,-0.1900
1783084809.112994,6032,5666,3893,5347,200.1500,-0.1900
1783084809.128823,6032,5647,3977,5366,205.5600,0.8800
1783084809.145185,6051,5685,3912,5338,205.5600,0.8800
1783084809.161073,6069,5619,3921,5347,205.5600,0.8800
1783084809.177838,6041,5666,3884,5338,205.5600,0.4400
1783084809.193177,6051,5685,3921,5319,205.5600,0.4400
1783084809.207960,6088,5647,3884,5385,205.5600,0.4400
1783084809.225586,6051,5638,3912,5309,208.2600,-2.0000
1783084809.239838,6041,5732,3893,5309,208.2600,-2.0000
1783084809.255720,6022,5657,3912,5300,208.2600,-2.0000
1783084809.272009,6022,5647,3884,5338,205.5600,0.6900
1783084809.287732,6013,5610,3893,5328,205.5600,0.6900
1783084809.303754,6079,5657,3874,5328,205.5600,0.6900
1783084809.320308,6088,5638,3865,5328,205.5600,0.6900
1783084809.336205,6097,5675,3884,5309,201.5300,-2.2500
1783084809.352030,6079,5647,3902,5366,201.5300,-2.2500
1783084809.368377,6088,5657,3884,5375,201.5300,-2.2500
1783084809.384341,6107,5628,3855,5263,206.9900,3.0600
1783084809.400060,6060,5647,3827,5281,206.9900,3.0600
1783084809.416938,6126,5647,3902,5291,206.9900,3.0600
1783084809.432282,6079,5610,3874,5338,205.5600,-2.0600
1783084809.448021,6097,5685,3884,5319,205.5600,-2.0600
1783084809.464660,6097,5703,3846,5309,205.5600,-2.0600
1783084809.480637,6116,5685,3855,5291,202.8500,0.3700
1783084809.495258,6135,5703,3846,5263,202.8500,0.3700
1783084809.511510,6088,5610,3884,5281,202.8500,0.3700
1783084809.530525,6088,5666,3799,5328,201.5300,-0.8800
1783084809.542111,6079,5722,3855,5319,201.5300,-0.8800
1783084809.558353,6135,5685,3818,5328,201.5300,-0.8800
1783084809.574320,6107,5657,3837,5216,206.9900,1.0600
1783084809.590128,6116,5666,3790,5309,206.9900,1.0600
1783084809.606344,6126,5666,3837,5281,206.9900,1.0600
1783084809.622120,6097,5638,3780,5281,206.9900,1.0600
1783084809.638071,6097,5666,3837,5272,201.5300,-0.8800
1783084809.654234,6116,5722,3752,5272,201.5300,-0.8800
1783084809.670563,6126,5666,3809,5263,201.5300,-0.8800
1783084809.686129,6144,5647,3752,5291,206.9900,1.1900
1783084809.702361,6154,5694,3837,5216,206.9900,1.1900
1783084809.718279,6163,5685,3752,5234,206.9900,1.1900
1783084809.734300,6144,5732,3799,5263,205.5600,0.1200
1783084809.749266,6173,5685,3809,5206,205.5600,0.1200
1783084809.765195,6144,5685,3743,5234,205.5600,0.1200
1783084809.781260,6173,5638,3818,5291,202.8500,-0.3100
1783084809.797239,6144,5647,3752,5272,202.8500,-0.3100
1783084809.813209,6144,5779,3827,5291,202.8500,-0.3100
1783084809.829288,6173,5769,3743,5225,202.8500,-0.3700
1783084809.845253,6191,5703,3809,5253,202.8500,-0.3700
1783084809.861214,6154,5694,3724,5206,202.8500,-0.3700
1783084809.879239,6191,5703,3818,5206,196.2200,0.2500
1783084809.895339,6173,5732,3771,5197,196.2200,0.2500
1783084809.911307,6182,5769,3762,5225,196.2200,0.2500
1783084809.927212,6182,5713,3762,5197,200.1500,2.5000
1783084809.943289,6126,5685,3734,5225,200.1500,2.5000
1783084809.959299,6182,5685,3780,5178,200.1500,2.5000
1783084809.976011,6201,5666,3734,5178,205.5600,-0.9400
1783084809.991298,6201,5675,3762,5159,205.5600,-0.9400
1783084810.006356,6182,5722,3743,5178,205.5600,-0.9400
1783084810.022334,6154,5779,3762,5216,202.8500,2.5600
1783084810.038615,6201,5779,3752,5206,202.8500,2.5600
1783084810.056562,6182,5825,3771,5206,202.8500,2.5600
1783084810.072309,6201,5797,3724,5206,202.8500,2.5600
1783084810.088308,6219,5685,3734,5225,208.2600,-2.0000
1783084810.104491,6210,5732,3724,5188,208.2600,-2.0000
1783084810.120325,6229,5807,3724,5197,208.2600,-2.0000
1783084810.136463,6219,5825,3743,5197,200.1500,2.1300
1783084810.152580,6210,5769,3705,5169,200.1500,2.1300
1783084810.168326,6182,5750,3687,5206,200.1500,2.1300
1783084810.184722,6210,5769,3743,5197,209.7500,-1.1200
1783084810.200779,6210,5807,3743,5178,209.7500,-1.1200
1783084810.216482,6266,5769,3715,5197,209.7500,-1.1200
1783084810.231595,6210,5807,3724,5159,201.5300,0.7500
1783084810.247430,6266,5807,3687,5159,201.5300,0.7500
1783084810.263368,6219,5779,3677,5197,201.5300,0.7500
1783084810.279403,6266,5779,3696,5159,205.5600,-3.2500
1783084810.295451,6248,5779,3790,5216,205.5600,-3.2500
1783084810.311437,6210,5769,3724,5197,205.5600,-3.2500
1783084810.327466,6229,5760,3734,5244,205.5600,0.5600
1783084810.343543,6248,5779,3696,5188,205.5600,0.5600
1783084810.359399,6276,5779,3658,5169,205.5600,0.5600
1783084810.375965,6238,5779,3696,5188,205.5600,-1.4400
1783084810.391519,6229,5760,3724,5169,205.5600,-1.4400
1783084810.407472,6276,5779,3715,5188,205.5600,-1.4400
1783084810.423519,6238,5797,3724,5131,208.2600,2.3800
1783084810.439528,6201,5844,3724,5141,208.2600,2.3800
1783084810.455467,6266,5788,3715,5141,208.2600,2.3800
1783084810.471467,6294,5760,3696,5150,205.5600,-2.6300
1783084810.487639,6257,5825,3696,5188,205.5600,-2.6300
1783084810.503507,6248,5816,3705,5159,205.5600,-2.6300
1783084810.519034,6285,5835,3668,5206,205.5600,-2.6300
1783084810.534498,6285,5844,3696,5197,205.5600,1.1200
1783084810.550743,6238,5835,3734,5150,205.5600,1.1200
1783084810.566826,6285,5807,3687,5169,205.5600,1.1200
1783084810.582512,6304,5872,3715,5216,208.2600,0.4400
1783084810.598537,6294,5825,3724,5150,208.2600,0.4400
1783084810.614905,6266,5816,3696,5150,208.2600,0.4400
1783084810.630607,6266,5779,3649,5188,205.5600,-0.3700
1783084810.646567,6304,5835,3696,5094,205.5600,-0.3700
1783084810.662981,6304,5844,3687,5141,205.5600,-0.3700
1783084810.678596,6257,5882,3715,5159,205.5600,-0.1200
1783084810.694541,6304,5863,3658,5141,205.5600,-0.1200
1783084810.710763,6276,5900,3696,5197,205.5600,-0.1200
1783084810.726479,6294,5900,3677,5122,213.6700,-0.6900
1783084810.742692,6276,5938,3668,5131,213.6700,-0.6900
1783084810.758840,6294,5929,3677,5178,213.6700,-0.6900
1783084810.775048,6313,5891,3630,5122,205.5600,0.8800
1783084810.789735,6304,5900,3687,5122,205.5600,0.8800
1783084810.805636,6304,5910,3630,5131,205.5600,0.8800
1783084810.821619,6294,5919,3705,5159,205.5600,0.8800
1783084810.837667,6294,5919,3630,5159,201.5300,-1.1900
1783084810.853753,6323,5938,3687,5141,201.5300,-1.1900
1783084810.869611,6285,5882,3649,5131,201.5300,-1.1900
1783084810.885649,6341,5938,3677,5103,206.9900,1.8100
1783084810.901689,6370,5994,3612,5112,206.9900,1.8100
1783084810.917678,6323,5900,3668,5141,206.9900,1.8100
1783084810.933769,6332,5900,3583,5122,205.5600,0.0600
1783084810.949843,6341,5929,3640,5094,205.5600,0.0600
1783084810.965708,6313,5957,3630,5103,205.5600,0.0600
1783084810.981794,6351,5929,3612,5112,205.5600,0.2500
1783084810.998910,6351,5919,3649,5112,205.5600,0.2500
1783084811.015758,6332,5900,3593,5103,205.5600,0.2500
1783084811.031699,6332,5947,3630,5131,201.5300,-0.0600
1783084811.046942,6370,5947,3574,5066,201.5300,-0.0600
1783084811.062917,6370,5957,3602,5112,201.5300,-0.0600
1783084811.078747,6323,5938,3583,5131,208.2600,0.1200
1783084811.094955,6370,5882,3583,5112,208.2600,0.1200
1783084811.110817,6360,5966,3630,5122,208.2600,0.1200
1783084811.126655,6323,5957,3565,5075,205.5600,0.1900
1783084811.143089,6407,5985,3593,5131,205.5600,0.1900
1783084811.160953,6388,5938,3583,5131,205.5600,0.1900
1783084811.176770,6435,6004,3583,5150,210.9700,1.8100
1783084811.192928,6398,5919,3602,5178,210.9700,1.8100
1783084811.209089,6379,5919,3612,5084,210.9700,1.8100
1783084811.225051,6360,5976,3612,5066,215.2700,0.0000
1783084811.240810,6388,5976,3649,5094,215.2700,0.0000
1783084811.257046,6416,5910,3574,5000,215.2700,0.0000
1783084811.271863,6416,5910,3574,5028,215.2700,0.0000
1783084811.287896,6398,5938,3546,5075,202.8500,-2.6900
1783084811.304116,6407,5947,3574,5112,202.8500,-2.6900
1783084811.319960,6360,5929,3565,5056,202.8500,-2.6900
1783084811.335910,6398,5929,3593,5047,205.5600,1.4400
1783084811.352101,6407,5929,3546,5009,205.5600,1.4400
1783084811.367904,6407,5957,3593,5009,205.5600,1.4400
1783084811.383861,6388,5957,3546,5056,208.2600,-2.6900
1783084811.400093,6388,5957,3602,5037,208.2600,-2.6900
1783084811.416062,6388,5957,3574,4991,208.2600,-2.6900
1783084811.431910,6454,5929,3555,5019,204.1800,3.2500
1783084811.449893,6379,5985,3574,5019,204.1800,3.2500
1783084811.466294,6463,5938,3574,5056,204.1800,3.2500
1783084811.482072,6426,5938,3583,5009,205.5600,-1.5600
1783084811.498047,6388,5994,3574,4972,205.5600,-1.5600
1783084811.514379,6445,6004,3546,4972,205.5600,-1.5600
1783084811.529114,6463,5985,3555,5047,205.5600,0.5000
1783084811.548978,6435,6004,3555,5047,205.5600,0.5000
1783084811.567163,6398,6041,3555,5028,205.5600,0.5000
1783084811.583113,6407,5994,3518,5028,209.7500,-0.3100
1783084811.600048,6454,6013,3537,5028,209.7500,-0.3100
1783084811.620126,6454,6079,3565,5028,209.7500,-0.3100
1783084811.636105,6454,6004,3546,5056,208.2600,1.0600
1783084811.652276,6445,6032,3518,4981,208.2600,1.0600
1783084811.672043,6435,6022,3518,4981,201.5300,-0.8100
1783084811.687119,6435,6013,3537,4981,201.5300,-0.8100
1783084811.704068,6454,5994,3518,5019,201.5300,-0.8100
1783084811.720038,6445,6107,3480,4953,201.5300,-0.8100
1783084811.736360,6482,6022,3490,4991,208.2600,1.4400
1783084811.752099,6454,6004,3537,5009,208.2600,1.4400
1783084811.768091,6482,6004,3471,4953,208.2600,1.4400
1783084811.784506,6473,6051,3480,4991,208.2600,-0.5000
1783084811.799166,6445,6079,3527,4944,208.2600,-0.5000
1783084811.815328,6454,6069,3490,4991,208.2600,-0.5000
1783084811.831153,6463,6051,3452,4981,212.5100,-0.1200
1783084811.847113,6510,6079,3499,4962,212.5100,-0.1200
1783084811.863433,6529,6032,3443,5000,212.5100,-0.1200
1783084811.879294,6445,6116,3480,4953,201.5300,-0.3100
1783084811.895132,6510,6032,3443,4972,201.5300,-0.3100
1783084811.911346,6473,6079,3461,4962,201.5300,-0.3100
1783084811.927111,6473,6097,3490,4991,202.8500,-0.8100
1783084811.943190,6510,6079,3471,5000,202.8500,-0.8100
1783084811.959210,6501,6079,3461,5000,202.8500,-0.8100
1783084811.976452,6501,6069,3471,4962,204.2300,1.9400
1783084811.991276,6510,6088,3480,4962,204.2300,1.9400
1783084812.007249,6482,6051,3471,4944,204.2300,1.9400
1783084812.023309,6529,6060,3443,4962,204.2300,1.9400
1783084812.039231,6491,6126,3527,5009,204.1800,-0.0600
1783084812.054613,6482,6079,3480,4991,204.1800,-0.0600
1783084812.070303,6482,6097,3433,4991,204.1800,-0.0600
1783084812.086268,6548,6060,3490,4934,205.5600,1.1900
1783084812.102551,6510,6097,3471,4934,205.5600,1.1900
1783084812.118299,6520,6097,3471,5000,205.5600,1.1900
1783084812.134329,6520,6116,3499,4962,208.2600,-1.1900
1783084812.150590,6510,6088,3480,4934,208.2600,-1.1900
1783084812.166462,6501,6144,3471,4915,208.2600,-1.1900
1783084812.182387,6548,6097,3461,4934,205.5600,0.8800
1783084812.198570,6520,6154,3490,4934,205.5600,0.8800
1783084812.214374,6529,6182,3433,4897,205.5600,0.8800
1783084812.230395,6501,6210,3471,4906,208.2600,-0.5600
1783084812.246697,6501,6173,3424,4981,208.2600,-0.5600
1783084812.262410,6538,6201,3433,4897,208.2600,-0.5600
1783084812.278514,6557,6276,3452,4972,212.5100,-6.1300
1783084812.294664,6538,6107,3415,4887,212.5100,-6.1300
1783084812.310417,6529,6041,3424,4972,212.5100,-6.1300
1783084812.326664,6548,6154,3415,4934,198.8700,0.2500
1783084812.341554,6529,6201,3396,4915,198.8700,0.2500
1783084812.357380,6510,6088,3415,4915,198.8700,0.2500
1783084812.373437,6538,6163,3377,4906,208.2600,-1.0600
1783084812.389517,6548,6107,3396,4887,208.2600,-1.0600
1783084812.405421,6529,6088,3405,4906,208.2600,-1.0600
1783084812.421394,6566,6135,3415,4869,205.5600,1.0600
1783084812.437494,6548,6144,3377,4934,205.5600,1.0600
1783084812.453473,6557,6116,3368,4906,205.5600,1.0600
1783084812.469491,6576,6126,3386,4972,205.5600,1.0600
1783084812.485547,6566,6191,3396,4906,210.9700,0.0000
1783084812.501574,6595,6191,3377,4906,210.9700,0.0000
1783084812.517690,6557,6097,3368,4915,210.9700,0.0000
1783084812.533610,6576,6135,3424,4944,208.2600,-0.3700
1783084812.549483,6566,6144,3340,4925,208.2600,-0.3700
1783084812.565531,6585,6163,3321,4887,208.2600,-0.3700
1783084812.581600,6585,6107,3396,4906,208.2600,-0.3100
1783084812.596608,6566,6069,3311,4981,208.2600,-0.3100
1783084812.612790,6604,6116,3302,4906,208.2600,-0.3100
1783084812.628490,6576,6116,3330,4897,208.2600,1.9400
1783084812.644587,6613,6051,3330,4906,208.2600,1.9400
1783084812.660828,6576,6107,3321,4878,208.2600,1.9400
1783084812.678864,6585,6097,3349,4878,208.2600,-0.6900
1783084812.694770,6576,6097,3293,4934,208.2600,-0.6900
1783084812.710618,6623,6069,3293,4878,208.2600,-0.6900
1783084812.727436,6613,6116,3330,4962,208.2600,1.1900
1783084812.742691,6613,6135,3274,4944,208.2600,1.1900
1783084812.758711,6613,6097,3274,4878,208.2600,1.1900
1783084812.775007,6595,6079,3293,4859,202.8500,-1.3100
1783084812.790705,6642,6079,3283,4878,202.8500,-1.3100
1783084812.806700,6585,6107,3274,4859,202.8500,-1.3100
1783084812.823022,6613,6097,3264,4869,206.8300,0.9400
1783084812.837703,6613,6097,3302,4840,206.8300,0.9400
1783084812.853679,6604,6079,3255,4887,206.8300,0.9400
1783084812.869730,6604,6097,3274,4840,206.8300,0.9400
1783084812.885672,6623,6135,3274,4859,206.9900,-0.0600
1783084812.902211,6604,6041,3255,4850,206.9900,-0.0600
1783084812.918238,6632,6022,3255,4831,206.9900,-0.0600
1783084812.933689,6623,6041,3227,4822,202.8500,0.7500
1783084812.949672,6660,6135,3236,4831,202.8500,0.7500
1783084812.965747,6632,6041,3246,4784,202.8500,0.7500
1783084812.981710,6651,6032,3189,4822,200.1500,0.3700
1783084812.997722,6623,6191,3236,4887,200.1500,0.3700
1783084813.014102,6642,6004,3321,4775,200.1500,0.3700
1783084813.029860,6679,6116,3236,4784,194.7400,0.0000
1783084813.045881,6623,6173,3264,4831,194.7400,0.0000
1783084813.062060,6670,6051,3218,4784,194.7400,0.0000
1783084813.077802,6679,6163,3264,4812,194.7400,1.2500
1783084813.093867,6660,6041,3218,4850,194.7400,1.2500
1783084813.109590,6660,6088,3218,4794,194.7400,1.2500
1783084813.125131,6642,6069,3236,4784,202.8500,0.1900
1783084813.141088,6688,6060,3236,4803,202.8500,0.1900
1783084813.156842,6642,6088,3227,4803,202.8500,0.1900
1783084813.172973,6698,5994,3255,4737,202.8500,0.1900
1783084813.189278,6717,6107,3255,4803,198.8700,0.5600
1783084813.204948,6688,6088,3208,4718,198.8700,0.5600
1783084813.220860,6679,6041,3246,4756,198.8700,0.5600
1783084813.237092,6632,6060,3246,4803,202.8500,1.3700
1783084813.252981,6679,6069,3208,4803,202.8500,1.3700
1783084813.268866,6670,6079,3218,4765,202.8500,1.3700
1783084813.285165,6688,6126,3218,4718,209.7500,0.5000
1783084813.301031,6707,6097,3255,4756,209.7500,0.5000
1783084813.316934,6707,6051,3274,4784,209.7500,0.5000
1783084813.333170,6707,6041,3171,4747,208.2600,-2.0600
1783084813.349042,6698,6107,3189,4765,208.2600,-2.0600
1783084813.365208,6735,6060,3218,4747,208.2600,-2.0600
1783084813.380418,6726,6051,3189,4747,205.5600,1.7500
1783084813.396254,6717,6051,3208,4812,205.5600,1.7500
1783084813.412238,6717,6097,3255,4784,205.5600,1.7500
1783084813.428901,6707,6088,3143,4737,204.1800,-3.1300
1783084813.443945,6735,6069,3199,4718,204.1800,-3.1300
1783084813.459947,6763,6051,3180,4709,204.1800,-3.1300
1783084813.476911,6745,6088,3180,4747,210.9700,2.7500
1783084813.491959,6735,6041,3180,4718,210.9700,2.7500
1783084813.507953,6726,6088,3199,4728,210.9700,2.7500
1783084813.524368,6735,6088,3143,4747,205.5600,-1.8100
1783084813.540173,6773,6079,3180,4728,205.5600,-1.8100
1783084813.556154,6717,6079,3161,4765,205.5600,-1.8100
1783084813.572417,6763,6060,3152,4718,205.5600,0.9400
1783084813.587998,6773,6126,3105,4718,205.5600,0.9400
1783084813.604114,6726,6079,3143,4756,205.5600,0.9400
1783084813.620193,6773,6088,3152,4756,205.5600,0.9400
1783084813.636028,6792,6079,3143,4765,209.7500,-0.2500
1783084813.652006,6810,6069,3152,4747,209.7500,-0.2500
1783084813.667141,6773,6069,3143,4775,209.7500,-0.2500
1783084813.683057,6792,6116,3114,4747,204.1800,1.0000
1783084813.699655,6773,6060,3124,4728,204.1800,1.0000
1783084813.715119,6782,6060,3105,4756,204.1800,1.0000
1783084813.731356,6782,6126,3124,4747,208.2600,-1.0000
1783084813.747409,6754,6079,3161,4765,208.2600,-1.0000
1783084813.763412,6801,6126,3124,4728,208.2600,-1.0000
1783084813.779294,6773,6116,3096,4728,210.9700,1.0000
1783084813.795363,6810,6126,3105,4718,210.9700,1.0000
1783084813.811138,6782,6116,3105,4794,210.9700,1.0000
1783084813.829074,6801,6116,3124,4700,205.5600,1.3100
1783084813.845144,6801,6182,3114,4747,205.5600,1.3100
1783084813.861290,6829,6107,3124,4775,205.5600,1.3100
1783084813.877219,6810,6116,3086,4718,212.5100,0.0000
1783084813.893169,6801,6173,3105,4747,212.5100,0.0000
1783084813.909272,6801,6144,3105,4737,212.5100,0.0000
1783084813.924187,6782,6182,3077,4765,212.5100,0.0000
1783084813.940131,6801,6135,3067,4709,201.5300,-0.7500
1783084813.956561,6820,6201,3124,4690,201.5300,-0.7500
1783084813.972134,6820,6154,3086,4737,201.5300,-0.7500
1783084813.988129,6792,6154,3039,4803,206.9900,0.2500
1783084814.004318,6876,6191,3039,4756,206.9900,0.2500
1783084814.020104,6829,6173,3096,4662,206.9900,0.2500
1783084814.036208,6848,6285,3067,4700,205.5600,2.3100
1783084814.052402,6829,6238,3086,4709,205.5600,2.3100
1783084814.068148,6829,6182,3049,4794,205.5600,2.3100
1783084814.084136,6829,6191,3030,4653,201.5300,0.6900
1783084814.100358,6829,6210,3067,4700,201.5300,0.6900
1783084814.116151,6885,6229,3030,4681,201.5300,0.6900
1783084814.132160,6782,6191,3049,4709,208.2600,1.8100
1783084814.148451,6829,6219,3067,4700,208.2600,1.8100
1783084814.164191,6876,6238,3039,4718,208.2600,1.8100
1783084814.180123,6820,6191,3086,4700,205.5600,-0.8800
1783084814.195308,6848,6276,3077,4672,205.5600,-0.8800
1783084814.211716,6820,6294,3096,4662,205.5600,-0.8800
1783084814.227699,6857,6304,3067,4709,205.5600,2.4400
1783084814.243347,6801,6323,3077,4643,205.5600,2.4400
1783084814.259284,6857,6323,3067,4681,205.5600,2.4400
1783084814.275270,6820,6276,3049,4681,208.2600,1.0600
1783084814.291344,6876,6360,3058,4662,208.2600,1.0600
1783084814.307284,6848,6370,3049,4625,208.2600,1.0600
1783084814.323265,6839,6323,3021,4634,210.9700,0.2500
1783084814.339314,6857,6323,3030,4643,210.9700,0.2500
1783084814.355274,6895,6351,2974,4690,210.9700,0.2500
1783084814.371366,6876,6379,3021,4634,210.9700,0.2500
1783084814.387475,6848,6332,2964,4634,205.5600,-0.5000
1783084814.403353,6867,6351,3021,4681,205.5600,-0.5000
1783084814.419301,6885,6360,3030,4662,205.5600,-0.5000
1783084814.436527,6867,6398,3058,4662,205.5600,-1.6900
1783084814.452349,6885,6360,3011,4662,205.5600,-1.6900
1783084814.468637,6904,6398,3011,4615,205.5600,-1.6900
1783084814.485107,6895,6370,3011,4653,205.5600,-0.5000
1783084814.500469,6885,6370,3058,4625,205.5600,-0.5000
1783084814.516410,6876,6407,2964,4606,205.5600,-0.5000
1783084814.533436,6932,6416,3011,4653,210.9700,-0.3100
1783084814.549430,6885,6398,2983,4643,210.9700,-0.3100
1783084814.565369,6923,6435,3039,4625,210.9700,-0.3100
1783084814.581681,6876,6426,3011,4690,205.5600,-0.8100
1783084814.597437,6885,6416,3067,4606,205.5600,-0.8100
1783084814.613446,6914,6398,2974,4568,205.5600,-0.8100
1783084814.629803,6876,6529,2983,4634,210.9700,-1.1200
1783084814.645359,6895,6435,2964,4625,210.9700,-1.1200
1783084814.661175,6876,6885,3011,4625,210.9700,-1.1200
1783084814.678791,6923,6585,2964,4578,210.9700,0.8100
1783084814.693261,6914,6454,3011,4672,210.9700,0.8100
1783084814.709607,6867,6520,2936,4597,210.9700,0.8100
1783084814.725608,6914,6445,2964,4606,205.5600,-0.5000
1783084814.740973,6923,6435,2992,4550,205.5600,-0.5000
1783084814.756604,6951,6529,3021,4597,205.5600,-0.5000
1783084814.772882,6914,6482,2927,4568,208.2600,-2.3100
1783084814.788630,6951,6510,2964,4559,208.2600,-2.3100
1783084814.804269,6914,6698,2955,4606,208.2600,-2.3100
1783084814.820472,6932,6463,2899,4578,208.2600,-2.3100
1783084814.836478,6960,6604,2946,4606,206.8300,0.6900
1783084814.852450,6960,6660,2983,4597,206.8300,0.6900
1783084814.868728,6942,6735,2917,4578,206.8300,0.6900
1783084814.884436,6923,6510,2955,4662,215.2700,-0.5600
1783084814.900511,6970,6979,2983,4606,215.2700,-0.5600
1783084814.916771,6951,6735,2908,4550,215.2700,-0.5600
1783084814.932495,6979,6529,2936,4587,202.8500,-0.0600
1783084814.948278,6989,6810,2899,4559,202.8500,-0.0600
1783084814.964744,6942,6885,2899,4531,202.8500,-0.0600
1783084814.980150,6979,6801,2927,4540,205.5600,0.3700
1783084814.996297,6960,6885,2899,4559,205.5600,0.3700
1783084815.011308,6998,6876,2899,4512,205.5600,0.3700
1783084815.028646,6942,6989,2917,4522,201.5300,-0.3100
1783084815.043915,6979,6876,2917,4493,201.5300,-0.3100
1783084815.059556,6979,6904,2974,4512,201.5300,-0.3100
1783084815.079291,6998,6998,2899,4512,200.1500,-0.8100
1783084815.093448,6960,6876,2889,4512,200.1500,-0.8100
1783084815.109862,7007,6989,2889,4540,200.1500,-0.8100
1783084815.125479,7007,6989,2899,4512,200.1500,-0.8100
1783084815.141227,7007,6857,2927,4540,209.7500,0.0600
1783084815.157573,7054,6867,2917,4559,209.7500,0.0600
1783084815.173291,6979,6942,2955,4540,209.7500,0.0600
1783084815.189300,7017,6923,2908,4484,206.8300,1.5000
1783084815.205556,7064,6914,2899,4550,206.8300,1.5000
1783084815.221428,7017,6951,2852,4559,206.8300,1.5000
1783084815.237702,6998,7017,2852,4550,205.5600,1.1200
1783084815.252923,6998,7017,2889,4475,205.5600,1.1200
1783084815.268576,7017,6923,2852,4484,205.5600,1.1200
1783084815.284522,7036,6979,2852,4522,212.5100,0.8800
1783084815.300894,7007,6904,2842,4531,212.5100,0.8800
1783084815.316596,7036,6989,2852,4484,212.5100,0.8800
1783084815.332529,7026,6895,2899,4540,204.1800,-0.4400
1783084815.348729,7045,6914,2852,4493,204.1800,-0.4400
1783084815.367395,7045,6848,2861,4475,204.1800,-0.4400
1783084815.382519,6989,6792,2870,4475,212.5100,-2.8100
1783084815.399913,7045,6876,2880,4475,212.5100,-2.8100
1783084815.416470,7082,6923,2870,4512,212.5100,-2.8100
1783084815.432693,7045,6970,2833,4446,210.9700,0.3700
1783084815.447399,7054,6867,2824,4540,210.9700,0.3700
1783084815.463819,7045,6792,2824,4475,210.9700,0.3700
1783084815.482060,7045,6998,2880,4418,210.9700,-1.9400
1783084815.497833,7101,6951,2842,4465,210.9700,-1.9400
1783084815.513657,7073,6979,2814,4493,210.9700,-1.9400
1783084815.529757,7045,6867,2870,4418,210.9700,2.6300
1783084815.545805,7045,6857,2861,4475,210.9700,2.6300
1783084815.561500,7082,7007,2908,4456,210.9700,2.6300
1783084815.579379,7082,6942,2852,4437,210.9700,-3.1900
1783084815.595856,7054,6942,2852,4446,210.9700,-3.1900
1783084815.611608,7101,6970,2852,4484,210.9700,-3.1900
1783084815.629543,7082,6960,2833,4446,205.5600,2.9400
1783084815.642818,7111,6951,2824,4446,205.5600,2.9400
1783084815.658570,7082,6951,2842,4475,205.5600,2.9400
1783084815.675168,7111,6932,2814,4456,206.8300,-1.8100
1783084815.691570,7111,6960,2889,4484,206.8300,-1.8100
1783084815.707064,7073,6979,2833,4484,206.8300,-1.8100
1783084815.723053,7167,6979,2805,4475,206.8300,-1.8100
1783084815.741098,7073,6960,2786,4475,208.2600,1.2500
1783084815.757494,7073,6914,2805,4428,208.2600,1.2500
1783084815.775351,7111,7007,2824,4428,206.9900,-1.5600
1783084815.791069,7139,7007,2767,4418,206.9900,-1.5600
1783084815.807853,7139,6970,2758,4428,206.9900,-1.5600
1783084815.824358,7120,6970,2758,4446,206.8300,0.5000
1783084815.840100,7120,6989,2749,4446,206.8300,0.5000
1783084815.855806,7082,7007,2730,4428,206.8300,0.5000
1783084815.872036,7139,6970,2777,4475,206.8300,0.5000
1783084815.887676,7176,7017,2720,4446,205.5600,0.3700
1783084815.903686,7111,6904,2739,4446,205.5600,0.3700
1783084815.921774,7111,6989,2711,4400,205.5600,0.3700
1783084815.939903,7111,6979,2739,4409,209.7500,0.1900
1783084815.956279,7101,6895,2730,4428,209.7500,0.1900
1783084815.972244,7157,6932,2805,4409,204.1800,-0.9400
1783084815.991286,7148,6932,2767,4409,204.1800,-0.9400
1783084816.007035,7129,6932,2749,4400,204.1800,-0.9400
1783084816.023071,7111,7036,2730,4418,204.1800,-0.9400
1783084816.039319,7148,6942,2749,4446,205.5600,0.0600
1783084816.055002,7167,6970,2739,4400,205.5600,0.0600
1783084816.071896,7167,6970,2739,4418,205.5600,0.0600
1783084816.087866,7157,6979,2739,4418,202.8500,2.7500
1783084816.103102,7223,6970,2702,4409,202.8500,2.7500
1783084816.119568,7148,7007,2758,4409,202.8500,2.7500
1783084816.135603,7186,6960,2730,4446,202.8500,1.1900
1783084816.150892,7139,6998,2692,4390,202.8500,1.1900
1783084816.167087,7157,6932,2702,4390,202.8500,1.1900
1783084816.183397,7148,7036,2702,4409,210.9700,0.4400
1783084816.199034,7186,6942,2683,4456,210.9700,0.4400
1783084816.215210,7186,6989,2702,4418,210.9700,0.4400
1783084816.230611,7195,6904,2636,4390,208.2600,1.6300
1783084816.246316,7157,7026,2664,4390,208.2600,1.6300
1783084816.262419,7204,6951,2664,4371,208.2600,1.6300
1783084816.280266,7176,6989,2674,4428,210.9700,1.5600
1783084816.293923,7204,6989,2636,4371,210.9700,1.5600
1783084816.310391,7195,6923,2664,4381,210.9700,1.5600
1783084816.327982,7186,7007,2692,4409,212.5100,0.1900
1783084816.341927,7186,7017,2645,4371,212.5100,0.1900
1783084816.358016,7223,6998,2598,4409,212.5100,0.1900
1783084816.374201,7167,6989,2645,4362,206.8300,-1.2500
1783084816.389911,7233,7026,2683,4371,206.8300,-1.2500
1783084816.406244,7195,7007,2645,4371,206.8300,-1.2500
1783084816.422136,7223,6970,2674,4334,205.5600,0.2500
1783084816.439024,7261,7017,2702,4334,205.5600,0.2500
1783084816.455930,7223,6942,2664,4371,205.5600,0.2500
1783084816.471272,7214,7017,2664,4315,205.5600,0.2500
1783084816.487180,7204,6989,2636,4334,205.5600,-2.5600
1783084816.503029,7242,6970,2645,4343,205.5600,-2.5600
1783084816.519320,7204,6960,2664,4315,205.5600,-2.5600
1783084816.535088,7204,6998,2598,4315,205.5600,0.7500
1783084816.550991,7223,6970,2674,4325,205.5600,0.7500
1783084816.567633,7233,7036,2636,4306,205.5600,0.7500
1783084816.583454,7242,6998,2645,4325,205.5600,-0.7500
1783084816.599344,7233,7007,2683,4343,205.5600,-0.7500
1783084816.615564,7233,6979,2617,4343,205.5600,-0.7500
1783084816.631307,7261,7017,2655,4343,208.2600,0.0600
1783084816.647396,7233,7045,2636,4315,208.2600,0.0600
1783084816.663678,7261,6989,2617,4334,208.2600,0.0600
1783084816.680885,7251,7026,2664,4381,210.9700,-0.5600
1783084816.695402,7270,7054,2636,4362,210.9700,-0.5600
1783084816.712326,7270,7026,2598,4278,210.9700,-0.5600
1783084816.730083,7279,7054,2570,4296,205.5600,0.7500
1783084816.744352,7289,7054,2495,4315,205.5600,0.7500
1783084816.760640,7251,7007,2552,4268,205.5600,0.7500
1783084816.776673,7289,7017,2561,4212,205.5600,-1.3700
1783084816.792408,7251,7036,2627,4259,205.5600,-1.3700
1783084816.808560,7261,7054,2645,4325,205.5600,-1.3700
1783084816.824984,7279,7073,2580,4259,200.1500,0.0000
1783084816.840317,7270,6998,2552,4278,200.1500,0.0000
1783084816.856163,7261,7073,2580,4278,200.1500,0.0000
1783084816.872386,7261,6989,2570,4278,205.5600,-1.6300
1783084816.888175,7261,7054,2617,4268,205.5600,-1.6300
1783084816.904209,7308,7092,2589,4287,205.5600,-1.6300
1783084816.920470,7279,7036,2589,4296,205.5600,-1.6300
1783084816.936143,7298,7045,2552,4278,202.8500,1.2500
1783084816.952196,7279,7054,2589,4249,202.8500,1.2500
1783084816.967283,7308,7111,2552,4259,202.8500,1.2500
1783084816.983338,7298,7082,2570,4306,197.4400,1.0600
1783084816.999938,7298,7073,2542,4287,197.4400,1.0600
1783084817.015283,7308,7064,2542,4278,197.4400,1.0600
1783084817.031406,7308,7148,2561,4278,200.1500,0.1200
1783084817.047821,7308,7064,2570,4268,200.1500,0.1200
1783084817.063401,7317,7129,2608,4278,200.1500,0.1200
1783084817.079990,7326,7101,2542,4278,200.1500,0.4400
1783084817.097464,7336,7148,2598,4278,200.1500,0.4400
1783084817.113783,7326,7101,2552,4240,200.1500,0.4400
1783084817.130082,7354,7092,2542,4259,200.1500,-0.8800
1783084817.145267,7354,7148,2598,4249,200.1500,-0.8800
1783084817.161520,7336,7101,2505,4259,200.1500,-0.8800
1783084817.178216,7336,7148,2561,4268,198.8700,1.5000
1783084817.193295,7336,7064,2580,4221,198.8700,1.5000
1783084817.210101,7336,7092,2523,4278,198.8700,1.5000
1783084817.224289,7354,7129,2523,4278,198.8700,1.5000
1783084817.240367,7298,7120,2542,4193,206.9900,-0.4400
1783084817.257004,7336,7111,2523,4259,206.9900,-0.4400
1783084817.272588,7317,7092,2523,4296,206.9900,-0.4400
1783084817.289116,7364,7073,2495,4249,201.5300,-0.1900
1783084817.305098,7354,7054,2467,4203,201.5300,-0.1900
1783084817.320633,7308,7111,2533,4259,201.5300,-0.1900
1783084817.336563,7345,7139,2514,4231,206.9900,2.0000
1783084817.352614,7364,7148,2439,4212,206.9900,2.0000
1783084817.368353,7439,7111,2495,4240,206.9900,2.0000
1783084817.384373,7401,7148,2505,4231,204.1800,0.2500
1783084817.400672,7392,7120,2495,4203,204.1800,0.2500
1783084817.416364,7392,7139,2458,4259,204.1800,0.2500
1783084817.432407,7354,7139,2458,4240,209.7500,-2.9400
1783084817.449234,7392,7139,2486,4203,209.7500,-2.9400
1783084817.464597,7392,7139,2495,4212,209.7500,-2.9400
1783084817.480603,7373,7186,2458,4240,205.5600,0.8800
1783084817.495751,7373,7167,2458,4221,205.5600,0.8800
1783084817.512202,7448,7111,2420,4231,205.5600,0.8800
1783084817.529777,7411,7148,2467,4231,201.5300,-2.7500
1783084817.543756,7420,7176,2439,4212,201.5300,-2.7500
1783084817.559677,7430,7157,2486,4203,201.5300,-2.7500
1783084817.576044,7364,7233,2439,4212,212.5100,3.1300
1783084817.592474,7401,7204,2458,4203,212.5100,3.1300
1783084817.608105,7420,7261,2448,4221,212.5100,3.1300
1783084817.624241,7383,7214,2430,4184,212.5100,3.1300
1783084817.640170,7373,7167,2458,4212,201.5300,-2.8100
1783084817.655623,7420,7157,2420,4193,201.5300,-2.8100
1783084817.671918,7411,7233,2439,4203,201.5300,-2.8100
1783084817.687575,7420,7204,2467,4174,208.2600,2.1300
1783084817.703639,7420,7204,2430,4203,208.2600,2.1300
1783084817.719855,7439,7186,2439,4231,208.2600,2.1300
1783084817.735623,7439,7204,2477,4174,209.7500,-1.3100
1783084817.752016,7420,7176,2420,4174,209.7500,-1.3100
1783084817.768256,7439,7214,2420,4165,209.7500,-1.3100
1783084817.782923,7439,7242,2439,4174,205.5600,1.0600
1783084817.799007,7439,7204,2392,4193,205.5600,1.0600
1783084817.815216,7401,7270,2383,4174,205.5600,1.0600
1783084817.830844,7448,7223,2430,4184,204.1800,-1.6300
1783084817.846602,7439,7233,2420,4165,204.1800,-1.6300
1783084817.863501,7476,7204,2383,4203,204.1800,-1.6300
1783084817.879751,7476,7270,2392,4231,206.9900,1.8100
1783084817.894970,7476,7279,2392,4193,206.9900,1.8100
1783084817.911236,7523,7204,2430,4146,206.9900,1.8100
1783084817.926936,7476,7233,2411,4128,206.9900,1.8100
1783084817.942727,7458,7233,2383,4174,204.1800,0.2500
1783084817.959244,7505,7261,2401,4156,204.1800,0.2500
1783084817.974944,7458,7186,2383,4156,204.1800,0.2500
1783084817.990973,7448,7251,2373,4165,205.5600,-0.6900
1783084818.007294,7476,7270,2383,4109,205.5600,-0.6900
1783084818.023059,7476,7223,2373,4146,205.5600,-0.6900
1783084818.040231,7495,7242,2401,4146,202.8500,-0.3100
1783084818.056070,7495,7279,2430,4156,202.8500,-0.3100
1783084818.071781,7486,7242,2336,4165,202.8500,-0.3100
1783084818.088101,7467,7270,2345,4165,204.2300,-0.9400
1783084818.104429,7505,7298,2411,4146,204.2300,-0.9400
1783084818.120586,7495,7279,2336,4156,204.2300,-0.9400
1783084818.135925,7514,7242,2392,4146,201.5300,1.7500
1783084818.152073,7495,7242,2336,4156,201.5300,1.7500
1783084818.167823,7486,7223,2345,4156,201.5300,1.7500
1783084818.183786,7542,7317,2355,4137,205.5600,-1.4400
1783084818.200032,7505,7242,2364,4165,205.5600,-1.4400
1783084818.215869,7495,7279,2355,4165,205.5600,-1.4400
1783084818.231852,7533,7242,2364,4128,206.9900,0.5600
1783084818.248463,7495,7317,2298,4137,206.9900,0.5600
1783084818.263700,7505,7270,2336,4146,206.9900,0.5600
1783084818.280945,7523,7279,2364,4137,201.5300,-4.6300
1783084818.295356,7533,7251,2326,4146,201.5300,-4.6300
1783084818.311629,7523,7242,2317,4146,201.5300,-4.6300
1783084818.328928,7533,7251,2298,4165,210.9700,3.2500
1783084818.343933,7505,7289,2326,4184,210.9700,3.2500
1783084818.359043,7533,7317,2345,4146,210.9700,3.2500
1783084818.375097,7551,7298,2345,4090,209.7500,-2.3800
1783084818.391250,7514,7251,2336,4099,209.7500,-2.3800
1783084818.406969,7580,7326,2326,4118,209.7500,-2.3800
1783084818.422952,7533,7383,2317,4090,209.7500,-2.3800
1783084818.439300,7580,7373,2298,4137,209.4800,1.5600
1783084818.455198,7542,7298,2355,4090,209.4800,1.5600
1783084818.471221,7551,7392,2326,4099,209.4800,1.5600
1783084818.487612,7523,7326,2364,4137,208.2600,-1.9400
1783084818.503354,7570,7308,2326,4081,208.2600,-1.9400
1783084818.519393,7542,7317,2317,4071,208.2600,-1.9400
1783084818.534631,7598,7298,2317,4099,201.5300,0.3100
1783084818.550634,7551,7298,2298,4090,201.5300,0.3100
1783084818.566326,7617,7308,2336,4099,201.5300,0.3100
1783084818.582299,7561,7326,2298,4090,205.5600,0.1200
1783084818.598029,7636,7298,2317,4099,205.5600,0.1200
1783084818.613990,7570,7401,2261,4081,205.5600,0.1200
1783084818.630265,7617,7298,2280,4099,206.9900,1.6900
1783084818.646052,7580,7354,2298,4090,206.9900,1.6900
1783084818.662385,7608,7354,2270,4071,206.9900,1.6900
1783084818.679954,7570,7336,2298,4071,210.9700,-1.5600
1783084818.694390,7580,7298,2289,4090,210.9700,-1.5600
1783084818.710418,7617,7345,2251,4081,210.9700,-1.5600
1783084818.726783,7580,7336,2251,4043,213.6700,0.3100
1783084818.742379,7645,7354,2289,4090,213.6700,0.3100
1783084818.758529,7598,7401,2251,4090,213.6700,0.3100
1783084818.774817,7636,7401,2223,4052,202.8500,0.3100
1783084818.790481,7589,7364,2251,4043,202.8500,0.3100
1783084818.805884,7589,7373,2233,4052,202.8500,0.3100
1783084818.821342,7655,7392,2280,4024,202.8500,0.3100
1783084818.837388,7645,7401,2270,4034,202.8500,0.1200
1783084818.853634,7608,7411,2233,4006,202.8500,0.1200
1783084818.869102,7608,7392,2223,4024,202.8500,0.1200
1783084818.885118,7636,7420,2280,4015,202.8500,-1.0600
1783084818.901472,7608,7392,2195,3996,202.8500,-1.0600
1783084818.917202,7655,7430,2186,4043,202.8500,-1.0600
1783084818.933554,7636,7420,2242,4034,202.8500,-0.5000
1783084818.949950,7673,7364,2176,4024,202.8500,-0.5000
1783084818.965528,7645,7430,2214,4006,202.8500,-0.5000
1783084818.982886,7664,7392,2270,4006,205.5600,-0.0600
1783084818.999551,7683,7439,2176,4052,205.5600,-0.0600
1783084819.015651,7673,7439,2214,4034,205.5600,-0.0600
1783084819.030802,7645,7430,2223,4015,205.5600,-0.4400
1783084819.046245,7655,7467,2242,4006,205.5600,-0.4400
1783084819.063392,7645,7448,2214,4024,205.5600,-0.4400
1783084819.081257,7683,7448,2167,4024,198.8700,1.2500
1783084819.096354,7664,7401,2223,4052,198.8700,1.2500
1783084819.112307,7692,7430,2195,4034,198.8700,1.2500
1783084819.129596,7664,7420,2214,4043,202.8500,0.6900
1783084819.144282,7692,7458,2214,4006,202.8500,0.6900
1783084819.160577,7702,7448,2233,4034,202.8500,0.6900
1783084819.177109,7673,7476,2214,4015,204.2300,-1.0000
1783084819.192565,7692,7439,2204,4015,204.2300,-1.0000
1783084819.208633,7673,7458,2158,4071,204.2300,-1.0000
1783084819.224874,7720,7542,2129,4052,198.8700,0.2500
1783084819.240756,7758,7448,2233,4015,198.8700,0.2500
1783084819.256758,7673,7439,2214,4024,198.8700,0.2500
1783084819.271676,7720,7448,2223,4006,198.8700,0.2500
1783084819.287662,7692,7505,2195,4090,209.7500,1.5000
1783084819.303939,7739,7486,2195,4015,209.7500,1.5000
1783084819.319741,7664,7486,2242,4024,209.7500,1.5000
1783084819.335647,7720,7486,2204,4034,205.5600,-1.3700
1783084819.351971,7692,7476,2176,4006,205.5600,-1.3700
1783084819.367424,7739,7486,2204,4062,205.5600,-1.3700
1783084819.383422,7702,7523,2242,4006,202.8500,0.5000
1783084819.399741,7767,7495,2195,3996,202.8500,0.5000
1783084819.415488,7711,7533,2186,3996,202.8500,0.5000
1783084819.431442,7758,7476,2167,3996,206.8300,0.8800
1783084819.448289,7730,7505,2167,4024,206.8300,0.8800
1783084819.464365,7739,7458,2139,4006,206.8300,0.8800
1783084819.481829,7683,7551,2167,3987,205.5600,-1.3100
1783084819.496150,7758,7476,2148,3987,205.5600,-1.3100
1783084819.511909,7711,7570,2148,3987,205.5600,-1.3100
1783084819.526943,7748,7580,2129,3996,209.7500,1.6300
1783084819.543175,7739,7486,2167,3987,209.7500,1.6300
1783084819.557937,7777,7514,2204,3996,209.7500,1.6300
1783084819.573750,7739,7514,2129,3977,209.7500,1.6300
1783084819.589826,7767,7523,2120,3996,204.1800,-1.8100
1783084819.605767,7720,7533,2139,3968,204.1800,-1.8100
1783084819.621906,7795,7580,2158,3996,204.1800,-1.8100
1783084819.638068,7739,7505,2129,4006,208.2600,2.6300
1783084819.653859,7748,7580,2083,3996,208.2600,2.6300
1783084819.669817,7805,7551,2186,3968,208.2600,2.6300
1783084819.686052,7758,7580,2111,3977,212.5100,-2.0000
1783084819.701890,7748,7514,2083,3987,212.5100,-2.0000
1783084819.718032,7767,7533,2101,3977,212.5100,-2.0000
1783084819.734361,7777,7580,2101,3987,208.2600,-0.4400
1783084819.749935,7758,7570,2092,3949,208.2600,-0.4400
1783084819.765903,7814,7561,2158,3968,208.2600,-0.4400
1783084819.782119,7777,7580,2101,3977,204.1800,2.1900
1783084819.796954,7786,7617,2158,3996,204.1800,2.1900
1783084819.813188,7795,7617,2139,3921,204.1800,2.1900
1783084819.831191,7795,7570,2092,3940,200.1500,-1.1200
1783084819.847149,7786,7561,2129,4006,200.1500,-1.1200
1783084819.863052,7786,7580,2054,3968,200.1500,-1.1200
1783084819.879466,7795,7598,2083,3977,209.7500,0.0600
1783084819.895038,7805,7570,2120,3959,209.7500,0.0600
1783084819.910965,7795,7589,2054,3940,209.7500,0.0600
1783084819.927286,7805,7589,2120,3968,198.8700,0.1200
1783084819.943041,7795,7598,2092,3931,198.8700,0.1200
1783084819.959098,7786,7589,2111,3940,198.8700,0.1200
1783084819.975230,7824,7608,2064,3996,202.8500,0.8100
1783084819.990963,7805,7645,2139,3949,202.8500,0.8100
1783084820.007014,7870,7617,2064,3949,202.8500,0.8100
1783084820.023278,7805,7608,2036,3940,202.8500,0.8100
1783084820.038098,7870,7617,2120,3987,206.9900,-0.8100
1783084820.054083,7786,7636,2045,3931,206.9900,-0.8100
1783084820.070351,7833,7589,2073,3949,206.9900,-0.8100
1783084820.086122,7842,7636,2092,3968,190.9200,-0.1200
1783084820.102059,7824,7636,2195,3893,190.9200,-0.1200
1783084820.118254,7861,7664,2064,3959,190.9200,-0.1200
1783084820.136407,7861,7664,2064,3902,197.4400,-1.4400
1783084820.152138,7824,7636,2054,3874,197.4400,-1.4400
1783084820.168120,7833,7692,2045,3959,197.4400,-1.4400
1783084820.184093,7814,7608,2054,3931,197.4400,1.3100
1783084820.200386,7908,7702,2083,3949,197.4400,1.3100
1783084820.216282,7889,7664,2111,3884,197.4400,1.3100
1783084820.232204,7899,7664,1989,3893,194.7400,-2.0600
1783084820.248446,7861,7655,2101,3912,194.7400,-2.0600
1783084820.265302,7899,7664,2054,3912,194.7400,-2.0600
1783084820.283045,7899,7683,2036,3959,200.1500,3.6900
1783084820.299162,7917,7636,2045,3959,200.1500,3.6900
1783084820.315603,7870,7664,2036,3912,200.1500,3.6900
1783084820.331207,7889,7739,2036,3874,198.7100,-1.0000
1783084820.347407,7814,7711,2054,3893,198.7100,-1.0000
1783084820.363263,7880,7655,2017,3884,198.7100,-1.0000
1783084820.380469,7880,7673,2007,3865,193.5700,1.3100
1783084820.397181,7870,7702,2054,3874,193.5700,1.3100
1783084820.413208,7917,7692,2092,3902,193.5700,1.3100
1783084820.428744,7889,7683,2045,3884,194.7400,0.8100
1783084820.444618,7899,7739,2045,3874,194.7400,0.8100
1783084820.462314,7899,7683,2054,3846,194.7400,0.8100
1783084820.479058,7908,7673,2045,3902,192.0300,-0.2500
1783084820.494466,7899,7702,2073,3865,192.0300,-0.2500
1783084820.510296,7927,7720,2054,3874,192.0300,-0.2500
1783084820.529180,7927,7692,2017,3846,200.1500,-1.9400
1783084820.546357,7964,7664,2083,3846,200.1500,-1.9400
1783084820.562477,7983,7711,1998,3874,200.1500,-1.9400
1783084820.579505,7974,7702,1989,3902,189.3300,0.3100
1783084820.594352,7955,7786,2073,3855,189.3300,0.3100
1783084820.609391,7955,7730,1979,3912,189.3300,0.3100
1783084820.625292,7917,7720,1998,3912,189.3300,0.3100
1783084820.641323,7955,7673,2026,3921,194.7400,-2.4400
1783084820.657352,7955,7664,2017,3940,194.7400,-2.4400
1783084820.673414,7955,7655,1951,3931,194.7400,-2.4400
1783084820.689316,7917,7702,1970,3893,194.7400,3.0000
1783084820.705354,7936,7758,1904,3931,194.7400,3.0000
1783084820.721680,7927,7758,1932,3902,194.7400,3.0000
1783084820.737436,7945,7739,1961,3931,194.7400,-2.0600
1783084820.755452,7945,7720,1923,3912,194.7400,-2.0600
1783084820.771449,7936,7730,1970,3884,194.7400,-2.0600
1783084820.788649,7936,7702,1979,3855,192.0300,0.4400
1783084820.805448,7936,7758,1932,3893,192.0300,0.4400
1783084820.820457,7945,7730,1895,3827,192.0300,0.4400
1783084820.836801,7945,7758,1923,3902,189.3300,-0.1900
1783084820.852464,7964,7720,2017,3846,189.3300,-0.1900
1783084820.868492,7992,7767,1951,3837,189.3300,-0.1900
1783084820.884656,7992,7795,1895,3855,192.0300,1.0600
1783084820.902724,7992,7748,1998,3855,192.0300,1.0600
1783084820.918509,7936,7805,1942,3884,192.0300,1.0600
1783084820.934545,7964,7748,1970,3855,186.6200,-0.3700
1783084820.950738,8011,7814,1923,3902,186.6200,-0.3700
1783084820.966560,7992,7786,1886,3865,186.6200,-0.3700
1783084820.982620,8011,7758,1923,3865,189.3300,-0.1900
1783084820.998820,8021,7777,1970,3931,189.3300,-0.1900
1783084821.015565,8021,7795,1886,3874,189.3300,-0.1900
1783084821.031526,8002,7786,1886,3874,189.3300,-0.0600
1783084821.047511,8077,7814,1914,3855,189.3300,-0.0600
1783084821.063583,7983,7786,1914,3912,189.3300,-0.0600
1783084821.080309,8039,7814,1961,3949,186.6200,1.5000
1783084821.095660,8021,7758,1923,3940,186.6200,1.5000
1783084821.111562,8011,7833,1914,3921,186.6200,1.5000
1783084821.127554,8002,7805,1923,3827,183.9200,-2.2500
1783084821.143812,8011,7814,1904,3902,183.9200,-2.2500
1783084821.159553,8021,7786,1895,3940,183.9200,-2.2500
1783084821.177648,8021,7795,1904,3855,183.9200,-2.2500
1783084821.193594,8021,7795,1904,3893,178.5100,1.3700
1783084821.210649,8021,7767,1951,3940,178.5100,1.3700
1783084821.227119,8086,7814,1886,3912,181.2100,-1.1900
1783084821.245572,8086,7814,1961,3884,181.2100,-1.1900
1783084821.260610,8002,7842,1904,3846,181.2100,-1.1900
1783084821.276624,8067,7861,2026,3874,178.5100,1.2500
1783084821.293043,8011,7870,1886,3874,178.5100,1.2500
1783084821.308933,8086,7824,1932,3818,178.5100,1.2500
1783084821.324625,8077,7824,1970,3827,178.5100,1.2500
1783084821.341039,8067,7842,1979,3846,178.5100,-1.6300
1783084821.356761,8049,7842,1886,3846,178.5100,-1.6300
1783084821.372661,8049,7917,1886,3865,178.5100,-1.6300
1783084821.389545,8049,7814,1876,3827,180.3100,0.6900
1783084821.404676,8058,7814,1886,3818,180.3100,0.6900
1783084821.420833,8105,7861,1886,3799,180.3100,0.6900
1783084821.437757,8105,7833,1914,3827,182.1500,0.6300
1783084821.455703,8105,7870,1923,3818,182.1500,0.6300
1783084821.473672,8105,7880,1857,3809,182.1500,0.6300
1783084821.489768,8011,7880,1848,3818,181.2100,-0.3700
1783084821.507946,8011,7880,1886,3846,181.2100,-0.3700
1783084821.523756,8067,7899,1895,3846,181.2100,-0.3700
1783084821.540713,8086,7908,1839,3846,181.2100,-0.0600
1783084821.557759,8124,7870,1829,3902,181.2100,-0.0600
1783084821.573312,8096,7899,1895,3884,181.2100,-0.0600
1783084821.590935,8096,7936,1923,3846,175.0100,0.2500
1783084821.606898,8114,7936,1886,3874,175.0100,0.2500
1783084821.623100,8133,7936,1886,3884,175.0100,0.2500
1783084821.638865,8096,7917,1923,3846,181.2100,-0.0600
1783084821.654942,8058,7936,1820,3837,181.2100,-0.0600
1783084821.671020,8077,7842,1848,3855,181.2100,-0.0600
1783084821.686816,8077,7908,1839,3855,182.1500,-1.1200
1783084821.702842,8096,7945,1857,3837,182.1500,-1.1200
1783084821.719045,8086,7889,1867,3809,182.1500,-1.1200
1783084821.736001,8086,7964,1867,3837,175.0100,0.5000
1783084821.753211,8124,7983,1801,3827,175.0100,0.5000
1783084821.768958,8096,7945,1876,3809,175.0100,0.5000
1783084821.784392,8171,7955,1839,3827,178.5100,-2.5600
1783084821.800179,8105,7936,1857,3837,178.5100,-2.5600
1783084821.816173,8152,7908,1792,3818,178.5100,-2.5600
1783084821.832521,8171,7936,1810,3780,175.8000,2.1900
1783084821.847830,8171,7945,1820,3790,175.8000,2.1900
1783084821.863914,8133,7974,1829,3827,175.8000,2.1900
1783084821.880188,8142,7927,1792,3799,179.3900,-2.0600
1783084821.895885,8133,7945,1773,3846,179.3900,-2.0600
1783084821.912155,8133,7927,1792,3827,179.3900,-2.0600
1783084821.928489,8152,7936,1801,3799,180.3100,-0.1900
1783084821.944089,8114,7974,1857,3846,180.3100,-0.1900
1783084821.960095,8246,7927,1839,3865,180.3100,-0.1900
1783084821.976163,8152,7936,1810,3827,176.6300,-1.7500
1783084821.992046,8142,7917,1782,3837,176.6300,-1.7500
1783084822.008145,8142,7955,1792,3799,176.6300,-1.7500
1783084822.024283,8124,7992,1764,3865,175.0100,0.9400
1783084822.039410,8180,7992,1839,3884,175.0100,0.9400
1783084822.055471,8105,8011,1773,3874,175.0100,0.9400
1783084822.071390,8180,8011,1764,3912,175.0100,0.9400
1783084822.087108,8189,8002,1820,3893,178.5100,-1.2500
1783084822.103751,8189,8011,1764,3884,178.5100,-1.2500
1783084822.119101,8180,7945,1792,3884,178.5100,-1.2500
1783084822.135003,8161,7992,1754,3874,176.6300,1.0600
1783084822.151162,8199,8002,1782,3884,176.6300,1.0600
1783084822.167041,8142,7955,1773,3846,176.6300,1.0600
1783084822.183043,8161,7983,1717,3818,175.8000,-1.3700
1783084822.199308,8208,8002,1773,3827,175.8000,-1.3700
1783084822.215292,8161,7974,1810,3837,175.8000,-1.3700
1783084822.230964,8236,8002,1829,3809,172.3600,0.8100
1783084822.247564,8171,7983,1820,3799,172.3600,0.8100
1783084822.262042,8152,7983,1848,3762,172.3600,0.8100
1783084822.279824,8208,7992,1792,3837,173.8700,-0.1900
1783084822.295229,8236,8021,1717,3790,173.8700,-0.1900
1783084822.311192,8189,7955,1754,3734,173.8700,-0.1900
1783084822.327176,8189,8002,1792,3762,170.4000,-0.8100
1783084822.342394,8208,8049,1801,3780,170.4000,-0.8100
1783084822.358413,8236,7983,1810,3752,170.4000,-0.8100
1783084822.374232,8180,7974,1801,3752,170.4000,-0.8100
1783084822.390364,8218,8030,1829,3780,164.4000,0.1200
1783084822.406091,8227,8011,1829,3734,164.4000,0.1200
1783084822.425466,8227,8096,1801,3734,164.4000,0.1200
1783084822.442147,8208,8058,1867,3771,168.3500,-1.6300
1783084822.459205,8236,8058,1810,3809,168.3500,-1.6300
1783084822.477136,8236,7983,1745,3658,164.4000,-0.3700
1783084822.495195,8218,8039,1726,3658,164.4000,-0.3700
1783084822.515290,8218,8096,1820,3658,164.4000,-0.3700
1783084822.534356,8283,8096,1773,3658,173.1000,-0.8100
1783084822.552394,8283,8096,1867,3799,173.1000,-0.8100
1783084822.567290,8236,8067,1735,3762,173.1000,-0.8100
1783084822.587253,8255,8067,1886,3762,171.1100,-0.6900
1783084822.603255,8264,8086,1754,3790,171.1100,-0.6900
1783084822.619362,8246,8021,1735,3790,171.1100,-0.6900
1783084822.639290,8246,8021,1735,3743,167.6900,0.6300
1783084822.655320,8246,8086,1754,3771,167.6900,0.6300
1783084822.671296,8227,8058,1857,3752,167.6900,0.6300
1783084822.687302,8255,8086,1726,3762,167.0500,-0.8100
1783084822.704365,8293,8142,1726,3762,167.0500,-0.8100
1783084822.720947,8264,8077,1717,3762,167.0500,-0.8100
1783084822.736265,8255,8049,1698,3752,167.6900,0.8100
1783084822.752267,8283,8096,1698,3734,167.6900,0.8100
1783084822.768548,8264,8124,1707,3696,167.6900,0.8100
1783084822.784340,8274,8142,1707,3752,170.4000,0.0000
1783084822.800335,8274,8067,1735,3771,170.4000,0.0000
1783084822.816496,8264,8114,1726,3771,170.4000,0.0000
1783084822.832337,8274,8142,1726,3743,167.6900,0.1200
1783084822.848334,8255,8124,1717,3771,167.6900,0.1200
1783084822.864723,8321,8142,1735,3780,167.6900,0.1200
1783084822.880792,8255,8105,1698,3724,173.1000,-1.7500
1783084822.896444,8302,8142,1698,3687,173.1000,-1.7500
1783084822.912585,8255,8133,1670,3705,173.1000,-1.7500
1783084822.928760,8264,8096,1745,3687,162.2800,-0.0600
1783084822.943444,8311,8133,1689,3724,162.2800,-0.0600
1783084822.959587,8293,8124,1679,3724,162.2800,-0.0600
1783084822.975503,8321,8124,1679,3743,162.2800,-0.0600
1783084822.991474,8302,8114,1735,3734,164.9900,-1.2500
1783084823.007481,8330,8133,1726,3734,164.9900,-1.2500
1783084823.023468,8283,8133,1698,3799,164.9900,-1.2500
1783084823.039470,8330,8133,1689,3790,164.9900,0.8800
1783084823.055480,8330,8152,1689,3752,164.9900,0.8800
1783084823.071489,8283,8142,1698,3752,164.9900,0.8800
1783084823.087776,8302,8096,1717,3715,164.9900,-0.6300
1783084823.103734,8330,8161,1679,3715,164.9900,-0.6300
1783084823.119746,8339,8189,1698,3696,164.9900,-0.6300
1783084823.135613,8302,8161,1642,3715,164.9900,1.4400
1783084823.151638,8302,8152,1642,3734,164.9900,1.4400
1783084823.167622,8321,8171,1632,3715,164.9900,1.4400
1783084823.183643,8386,8161,1651,3724,162.2800,-2.3100
1783084823.199635,8330,8171,1670,3743,162.2800,-2.3100
1783084823.215599,8321,8180,1660,3724,162.2800,-2.3100
1783084823.230734,8321,8142,1642,3687,162.2800,1.8800
1783084823.246534,8349,8161,1651,3724,162.2800,1.8800
1783084823.262521,8377,8161,1660,3752,162.2800,1.8800
1783084823.278967,8339,8152,1651,3724,167.6900,-0.9400
1783084823.294570,8368,8180,1679,3705,167.6900,-0.9400
1783084823.310553,8358,8208,1651,3715,167.6900,-0.9400
1783084823.326852,8377,8189,1632,3687,156.8700,1.4400
1783084823.342602,8377,8152,1632,3724,156.8700,1.4400
1783084823.358634,8311,8180,1670,3724,156.8700,1.4400
1783084823.374853,8368,8142,1670,3696,164.9900,-1.5600
1783084823.390597,8349,8199,1670,3715,164.9900,-1.5600
1783084823.406602,8358,8161,1651,3734,164.9900,-1.5600
1783084823.422834,8396,8152,1679,3724,164.9900,-1.5600
1783084823.438786,8377,8180,1613,3715,159.5800,0.6900
1783084823.454629,8349,8199,1660,3724,159.5800,0.6900
1783084823.469731,8386,8199,1613,3715,159.5800,0.6900
1783084823.485697,8405,8236,1679,3743,159.5800,-1.1900
1783084823.501664,8349,8236,1679,3752,159.5800,-1.1900
1783084823.517762,8358,8236,1632,3752,159.5800,-1.1900
1783084823.535755,8358,8236,1679,3724,159.5800,1.3100
1783084823.551703,8377,8189,1707,3762,159.5800,1.3100
1783084823.567817,8424,8227,1642,3724,159.5800,1.3100
1783084823.584018,8415,8227,1651,3771,154.1700,-0.4400
1783084823.599815,8377,8218,1698,3752,154.1700,-0.4400
1783084823.615811,8396,8227,1642,3752,154.1700,-0.4400
1783084823.632142,8358,8236,1642,3724,154.1700,0.9400
1783084823.647788,8424,8246,1623,3724,154.1700,0.9400
1783084823.663819,8499,8218,1651,3724,154.1700,0.9400
1783084823.680781,8377,8246,1623,3743,151.4600,-1.1900
1783084823.695796,8386,8236,1651,3743,151.4600,-1.1900
1783084823.710951,8443,8227,1689,3762,151.4600,-1.1900
1783084823.726891,8433,8199,1651,3771,151.4600,-1.1900
1783084823.742825,8415,8236,1670,3771,151.4600,1.7500
1783084823.759281,8424,8218,1660,3743,151.4600,1.7500
1783084823.774884,8433,8227,1623,3705,151.4600,1.7500
1783084823.790880,8443,8227,1623,3743,151.4600,0.1900
1783084823.807048,8405,8227,1623,3668,151.4600,0.1900
1783084823.822950,8405,8236,1632,3705,151.4600,0.1900
1783084823.838923,8405,8218,1604,3658,151.4600,0.4400
1783084823.855133,8405,8218,1679,3640,151.4600,0.4400
1783084823.870943,8424,8246,1651,3668,151.4600,0.4400
1783084823.886939,8471,8236,1660,3668,154.1700,-0.3700
1783084823.903134,8443,8264,1623,3668,154.1700,-0.3700
1783084823.918985,8424,8274,1623,3677,154.1700,-0.3700
1783084823.934967,8424,8264,1642,3677,154.1700,0.3100
1783084823.951266,8452,8255,1632,3705,154.1700,0.3100
1783084823.967098,8461,8246,1613,3649,154.1700,0.3100
1783084823.981957,8461,8264,1613,3705,154.1700,-0.1900
1783084823.998260,8443,8264,1623,3705,154.1700,-0.1900
1783084824.014018,8461,8255,1613,3696,154.1700,-0.1900
1783084824.030423,8490,8302,1632,3696,154.1700,0.8100
1783084824.048019,8490,8293,1642,3668,154.1700,0.8100
1783084824.064467,8461,8293,1642,3743,154.1700,0.8100
1783084824.080596,8461,8283,1642,3687,148.7600,0.7500
1783084824.096056,8490,8274,1660,3677,148.7600,0.7500
1783084824.112277,8461,8274,1660,3705,148.7600,0.7500
1783084824.128061,8461,8274,1604,3705,151.4600,0.1900
1783084824.144106,8443,8302,1623,3705,151.4600,0.1900
1783084824.160262,8480,8311,1613,3715,151.4600,0.1900
1783084824.176060,8471,8283,1660,3658,151.4600,0.1900
1783084824.192270,8452,8339,1604,3696,151.4600,-0.1200
1783084824.207155,8461,8330,1623,3687,151.4600,-0.1200
1783084824.223102,8490,8246,1623,3640,151.4600,-0.1200
1783084824.239187,8461,8236,1623,3649,148.7600,-1.2500
1783084824.255131,8471,8255,1660,3630,148.7600,-1.2500
1783084824.271153,8490,8293,1651,3687,148.7600,-1.2500
1783084824.287157,8490,8293,1670,3649,146.0500,0.5600
1783084824.305657,8490,8264,1632,3658,146.0500,0.5600
1783084824.321142,8499,8283,1613,3677,146.0500,0.5600
1783084824.337106,8461,8283,1642,3687,143.3500,-0.9400
1783084824.353215,8527,8311,1660,3715,143.3500,-0.9400
1783084824.370868,8527,8321,1595,3705,143.3500,-0.9400
1783084824.387319,8480,8321,1660,3649,151.4600,0.5600
1783084824.403316,8508,8349,1651,3696,151.4600,0.5600
1783084824.418877,8480,8321,1613,3715,151.4600,0.5600
1783084824.434601,8433,8330,1651,3724,151.4600,0.1900
1783084824.450592,8508,8349,1595,3677,151.4600,0.1900
1783084824.467141,8518,8349,1595,3696,151.4600,0.1900
1783084824.482358,8518,8293,1604,3715,145.8400,-0.0600
1783084824.498390,8546,8302,1604,3677,145.8400,-0.0600
1783084824.517173,8499,8339,1557,3677,145.8400,-0.0600
1783084824.532343,8527,8321,1632,3696,148.7600,-0.7500
1783084824.548282,8536,8330,1632,3687,148.7600,-0.7500
1783084824.565376,8518,8321,1604,3705,148.7600,-0.7500
1783084824.583727,8536,8321,1613,3687,146.2700,-0.1900
1783084824.598726,8555,8358,1670,3705,146.2700,-0.1900
1783084824.614502,8508,8339,1651,3696,146.2700,-0.1900
1783084824.631873,8527,8330,1670,3696,146.0500,-0.5600
1783084824.645329,8536,8358,1642,3677,146.0500,-0.5600
1783084824.661304,8518,8311,1632,3640,146.0500,-0.5600
1783084824.678124,8518,8377,1595,3658,143.1900,0.9400
1783084824.693340,8574,8330,1576,3658,143.1900,0.9400
1783084824.709278,8527,8368,1585,3677,143.1900,0.9400
1783084824.725633,8546,8358,1623,3640,149.0300,-0.3700
1783084824.741404,8593,8358,1623,3649,149.0300,-0.3700
1783084824.757333,8555,8368,1604,3640,149.0300,-0.3700
1783084824.774753,8555,8368,1576,3658,149.0300,-0.3700
1783084824.789432,8565,8330,1557,3630,143.1900,-0.0600
1783084824.805332,8555,8368,1567,3630,143.1900,-0.0600
1783084824.821682,8546,8339,1632,3612,143.1900,-0.0600
1783084824.837331,8536,8339,1604,3658,148.7600,-1.2500
1783084824.853347,8527,8358,1538,3649,148.7600,-1.2500
1783084824.869481,8574,8386,1567,3658,148.7600,-1.2500
1783084824.885294,8527,8368,1576,3677,140.6400,0.1900
1783084824.901219,8565,8386,1623,3630,140.6400,0.1900
1783084824.916416,8574,8368,1604,3602,140.6400,0.1900
1783084824.932741,8621,8377,1576,3630,140.6400,0.8800
1783084824.948257,8630,8386,1604,3658,140.6400,0.8800
1783084824.964812,8602,8386,1585,3640,140.6400,0.8800
1783084824.981795,8565,8349,1604,3621,146.0500,-1.0600
1783084824.996411,8574,8386,1604,3621,146.0500,-1.0600
1783084825.012684,8593,8424,1595,3602,146.0500,-1.0600
1783084825.028531,8593,8433,1557,3677,146.0500,-1.0600
1783084825.044516,8611,8405,1548,3630,135.2300,0.5600
1783084825.060884,8574,8386,1557,3612,135.2300,0.5600
1783084825.076537,8611,8405,1576,3687,135.2300,0.5600
1783084825.093156,8640,8405,1623,3649,143.3500,0.0000
1783084825.108790,8555,8424,1557,3705,143.3500,0.0000
1783084825.124552,8621,8386,1538,3640,143.3500,0.0000
1783084825.140635,8630,8396,1567,3649,140.6400,1.3700
1783084825.156877,8611,8405,1567,3612,140.6400,1.3700
1783084825.172537,8602,8433,1576,3696,140.6400,1.3700
1783084825.188517,8630,8415,1548,3649,140.6400,-1.1900
1783084825.203631,8640,8424,1510,3677,140.6400,-1.1900
1783084825.221624,8640,8386,1632,3640,140.6400,-1.1900
1783084825.237533,8621,8415,1501,3668,140.6400,1.3700
1783084825.255685,8640,8461,1623,3668,140.6400,1.3700
1783084825.273345,8640,8405,1604,3612,140.6400,1.3700
1783084825.289828,8630,8424,1538,3621,140.6400,0.1900
1783084825.305394,8668,8433,1538,3640,140.6400,0.1900
1783084825.321388,8536,8480,1585,3612,140.6400,0.1900
1783084825.337605,8583,8443,1595,3649,140.6400,-0.1200
1783084825.353414,8658,8480,1642,3649,140.6400,-0.1200
1783084825.369400,8649,8443,1510,3649,140.6400,-0.1200
1783084825.384484,8658,8461,1492,3687,140.6400,0.3100
1783084825.400338,8574,8452,1557,3630,140.6400,0.3100
1783084825.417667,8630,8443,1538,3668,140.6400,0.3100
1783084825.433020,8640,8386,1576,3640,143.3500,-0.0600
1783084825.448410,8677,8443,1567,3649,143.3500,-0.0600
1783084825.464693,8640,8452,1567,3640,143.3500,-0.0600
1783084825.482303,8658,8452,1576,3612,137.9400,0.6900
1783084825.496657,8649,8461,1576,3593,137.9400,0.6900
1783084825.512636,8668,8461,1501,3602,137.9400,0.6900
1783084825.529683,8687,8471,1510,3621,137.9400,0.0600
1783084825.545025,8658,8471,1510,3621,137.9400,0.0600
1783084825.560752,8668,8490,1538,3621,137.9400,0.0600
1783084825.576915,8658,8471,1595,3630,140.6400,0.3100
1783084825.592631,8668,8461,1595,3583,140.6400,0.3100
1783084825.608401,8668,8461,1548,3612,140.6400,0.3100
1783084825.624776,8677,8471,1538,3630,140.6400,0.3100
1783084825.640538,8668,8574,1585,3649,143.3500,-0.6900
1783084825.655790,8621,8452,1567,3574,143.3500,-0.6900
1783084825.672124,8687,8471,1520,3612,143.3500,-0.6900
1783084825.687791,8621,8480,1548,3593,135.2300,-0.8800
1783084825.704793,8705,8480,1538,3602,135.2300,-0.8800
1783084825.720011,8696,8480,1557,3612,135.2300,-0.8800
1783084825.735825,8602,8490,1492,3612,137.9400,-0.2500
1783084825.752584,8649,8490,1510,3621,137.9400,-0.2500
1783084825.768115,8649,8471,1548,3574,137.9400,-0.2500
1783084825.783824,8668,8471,1548,3602,137.9400,-0.5000
1783084825.800336,8630,8480,1585,3649,137.9400,-0.5000
1783084825.816256,8640,8565,1557,3621,137.9400,-0.5000
1783084825.833109,8668,8490,1613,3612,135.2300,-1.5600
1783084825.847095,8705,8490,1538,3602,135.2300,-1.5600
1783084825.864122,8658,8499,1538,3602,135.2300,-1.5600
1783084825.881097,8696,8499,1501,3574,137.9400,0.6900
1783084825.895223,8696,8508,1510,3630,137.9400,0.6900
1783084825.912146,8705,8471,1520,3583,137.9400,0.6900
1783084825.927863,8696,8499,1501,3602,137.9400,0.6900
1783084825.943750,8705,8546,1557,3565,135.2300,0.1200
1783084825.959155,8687,8499,1473,3602,135.2300,0.1200
1783084825.974581,8705,8508,1510,3574,135.2300,0.1200
1783084825.990900,8696,8499,1510,3583,143.5100,-0.8800
1783084826.006840,8687,8546,1529,3602,143.5100,-0.8800
1783084826.022611,8733,8508,1538,3621,143.5100,-0.8800
1783084826.038903,8705,8471,1520,3621,135.2300,-0.1200
1783084826.054866,8677,8536,1473,3583,135.2300,-0.1200
1783084826.070877,8705,8565,1529,3602,135.2300,-0.1200
1783084826.087106,8668,8555,1520,3621,137.8900,-1.0000
1783084826.102649,8715,8527,1538,3630,137.8900,-1.0000
1783084826.118674,8677,8527,1529,3630,137.8900,-1.0000
1783084826.134865,8724,8555,1501,3602,137.9900,0.8100
1783084826.150758,8715,8527,1520,3602,137.9900,0.8100
1783084826.166959,8743,8490,1510,3602,137.9900,0.8100
1783084826.183159,8715,8546,1557,3602,135.2300,0.0600
1783084826.198973,8733,8508,1501,3612,135.2300,0.0600
1783084826.215116,8752,8555,1492,3602,135.2300,0.0600
1783084826.231657,8743,8574,1510,3621,132.5800,0.1200
1783084826.245963,8743,8536,1548,3555,132.5800,0.1200
1783084826.262431,8733,8536,1538,3583,132.5800,0.1200
1783084826.278253,8771,8602,1585,3612,135.2300,-0.4400
1783084826.294505,8762,8565,1585,3583,135.2300,-0.4400
1783084826.310661,8780,8555,1510,3574,135.2300,-0.4400
1783084826.326488,8743,8536,1548,3565,132.5300,-0.2500
1783084826.341958,8762,8518,1585,3612,132.5300,-0.2500
1783084826.358545,8780,8565,1538,3649,132.5300,-0.2500
1783084826.374407,8752,8630,1510,3583,132.5300,-0.2500
1783084826.390082,8715,8574,1567,3621,132.5800,0.3100
1783084826.406268,8771,8611,1492,3574,132.5800,0.3100
1783084826.422331,8762,8518,1501,3537,132.5800,0.3100
1783084826.438011,8715,8555,1501,3649,129.8300,-0.3700
1783084826.454490,8724,8611,1529,3565,129.8300,-0.3700
1783084826.470582,8771,8593,1529,3602,129.8300,-0.3700
1783084826.486034,8733,8527,1595,3546,132.4700,0.0000
1783084826.502314,8752,8574,1492,3555,132.4700,0.0000
1783084826.517036,8743,8593,1510,3602,132.4700,0.0000
1783084826.533079,8762,8574,1538,3574,127.2800,-0.5600
1783084826.549334,8799,8546,1492,3583,127.2800,-0.5600
1783084826.565069,8780,8536,1492,3602,127.2800,-0.5600
1783084826.582232,8743,8593,1529,3546,126.9500,0.5000
1783084826.597545,8837,8555,1538,3593,126.9500,0.5000
1783084826.613496,8790,8546,1454,3574,126.9500,0.5000
1783084826.629441,8827,8565,1473,3546,124.6300,-0.2500
1783084826.645680,8799,8611,1492,3527,124.6300,-0.2500
1783084826.661446,8780,8565,1501,3499,124.6300,-0.2500
1783084826.677384,8799,8565,1520,3555,124.6300,-0.2500
1783084826.693420,8762,8574,1501,3537,126.9500,-0.3700
1783084826.709389,8771,8583,1454,3527,126.9500,-0.3700
1783084826.725608,8799,8593,1492,3555,126.9500,-0.3700
1783084826.741734,8780,8555,1492,3555,121.9800,1.8100
1783084826.758957,8808,8583,1482,3555,121.9800,1.8100
1783084826.774224,8780,8602,1529,3546,121.9800,1.8100
1783084826.789741,8790,8583,1520,3537,126.9500,-0.1900
1783084826.806015,8790,8574,1492,3546,126.9500,-0.1900
1783084826.821800,8818,8602,1473,3565,126.9500,-0.1900
1783084826.837925,8799,8611,1529,3574,121.9800,0.8100
1783084826.853977,8762,8630,1482,3508,121.9800,0.8100
1783084826.870265,8790,8630,1520,3508,121.9800,0.8100
1783084826.886694,8799,8602,1482,3527,124.4200,0.5600
1783084826.902844,8762,8611,1473,3499,124.4200,0.5600
1783084826.918507,8846,8602,1510,3546,124.4200,0.5600
1783084826.934288,8790,8630,1510,3499,132.4700,0.8800
1783084826.950576,8818,8621,1529,3518,132.4700,0.8800
1783084826.966310,8799,8593,1501,3490,132.4700,0.8800
1783084826.983604,8808,8593,1492,3518,124.6300,-0.4400
1783084826.998596,8827,8611,1510,3518,124.6300,-0.4400
1783084827.013324,8799,8621,1482,3537,124.6300,-0.4400
1783084827.029852,8799,8621,1482,3537,127.1200,0.4400
1783084827.045329,8818,8621,1529,3546,127.1200,0.4400
1783084827.061344,8846,8630,1520,3565,127.1200,0.4400
1783084827.077672,8827,8583,1520,3555,127.1200,0.1200
1783084827.093302,8827,8640,1492,3555,127.1200,0.1200
1783084827.109323,8865,8621,1501,3555,127.1200,0.1200
1783084827.125606,8837,8649,1501,3537,127.1200,0.1200
1783084827.141481,8818,8668,1557,3527,129.8300,1.0600
1783084827.157457,8893,8640,1548,3499,129.8300,1.0600
1783084827.173580,8837,8658,1548,3499,129.8300,1.0600
1783084827.189400,8846,8630,1520,3537,129.8300,-0.8100
1783084827.205505,8827,8658,1538,3527,129.8300,-0.8100
1783084827.221683,8865,8630,1510,3518,129.8300,-0.8100
1783084827.237717,8846,8668,1520,3555,127.1200,0.8800
1783084827.253540,8846,8649,1520,3555,127.1200,0.8800
1783084827.269707,8827,8640,1529,3565,127.1200,0.8800
1783084827.284423,8874,8668,1473,3574,124.4200,-2.5000
1783084827.300733,8865,8668,1548,3546,124.4200,-2.5000
1783084827.316930,8818,8677,1604,3574,124.4200,-2.5000
1783084827.333534,8855,8640,1529,3565,129.8300,1.1200
1783084827.348948,8837,8668,1585,3565,129.8300,1.1200
1783084827.364798,8865,8677,1492,3527,129.8300,1.1200
1783084827.381028,8865,8668,1529,3546,121.7100,-1.2500
1783084827.396376,8846,8649,1520,3546,121.7100,-1.2500
1783084827.412617,8865,8677,1520,3508,121.7100,-1.2500
1783084827.428240,8837,8687,1567,3555,121.7100,-1.2500
1783084827.444293,8837,8649,1510,3499,121.7100,-0.3100
1783084827.460588,8855,8687,1557,3537,121.7100,-0.3100
1783084827.476506,8874,8658,1445,3537,121.7100,-0.3100
1783084827.492625,8855,8724,1510,3508,121.7100,-1.0600
1783084827.508845,8865,8687,1548,3508,121.7100,-1.0600
1783084827.524573,8893,8611,1548,3518,121.7100,-1.0600
1783084827.540653,8865,8677,1482,3527,124.4200,1.1200
1783084827.555758,8884,8724,1492,3546,124.4200,1.1200
1783084827.571556,8865,8705,1520,3555,124.4200,1.1200
1783084827.588052,8884,8687,1492,3537,124.4200,-1.1200
1783084827.603645,8846,8649,1538,3537,124.4200,-1.1200
1783084827.619557,8874,8677,1501,3546,124.4200,-1.1200
1783084827.635931,8902,8705,1482,3537,121.7100,2.0000
1783084827.651670,8865,8733,1501,3490,121.7100,2.0000
1783084827.667613,8865,8640,1529,3527,121.7100,2.0000
1783084827.684036,8865,8668,1576,3537,121.7100,-1.6300
1783084827.699691,8921,8649,1473,3527,121.7100,-1.6300
1783084827.715641,8874,8696,1473,3565,121.7100,-1.6300
1783084827.733354,8893,8715,1463,3546,121.7100,-0.8100
1783084827.749505,8893,8715,1585,3574,121.7100,-0.8100
1783084827.766245,8884,8696,1473,3537,121.7100,-0.8100
1783084827.783334,8893,8658,1463,3537,119.0100,1.0000
1783084827.797105,8902,8733,1445,3527,119.0100,1.0000
1783084827.812841,8874,8705,1520,3546,119.0100,1.0000
1783084827.829250,8940,8649,1445,3583,121.7100,0.1200
1783084827.844993,8893,8668,1473,3490,121.7100,0.1200
1783084827.860761,8902,8724,1454,3499,121.7100,0.1200
1783084827.876755,8940,8715,1407,3583,121.7100,0.1200
1783084827.893107,8921,8668,1463,3471,119.0100,-0.8100
1783084827.908762,8902,8733,1473,3471,119.0100,-0.8100
1783084827.924824,9015,8705,1492,3527,119.0100,-0.8100
1783084827.941099,8874,8705,1492,3471,119.0100,0.6900
1783084827.956848,8940,8752,1463,3537,119.0100,0.6900
1783084827.972815,8940,8705,1416,3480,119.0100,0.6900
1783084827.989083,8930,8752,1445,3508,121.7100,-0.9400
1783084828.004833,8893,8724,1482,3480,121.7100,-0.9400
1783084828.020828,8940,8715,1482,3499,121.7100,-0.9400
1783084828.037332,8921,8724,1454,3565,119.0100,0.4400
1783084828.051918,8940,8715,1520,3490,119.0100,0.4400
1783084828.068426,8912,8715,1454,3518,119.0100,0.4400
1783084828.083731,8912,8733,1454,3537,119.0100,-0.2500
1783084828.099892,8959,8733,1538,3499,119.0100,-0.2500
1783084828.116339,8912,8743,1567,3518,119.0100,-0.2500
1783084828.133347,8959,8771,1510,3518,121.7100,0.0000
1783084828.147865,8959,8724,1463,3461,121.7100,0.0000
1783084828.164169,8977,8696,1463,3490,121.7100,0.0000
1783084828.180112,8977,8733,1529,3443,116.3000,-0.7500
1783084828.198114,8959,8762,1454,3443,116.3000,-0.7500
1783084828.214010,8977,8724,1482,3518,116.3000,-0.7500
1783084828.230394,8949,8705,1510,3555,116.3000,0.6900
1783084828.246127,8968,8715,1454,3508,116.3000,0.6900
1783084828.261970,8987,8743,1482,3499,116.3000,0.6900
1783084828.277876,8959,8762,1557,3527,110.8900,-2.0600
1783084828.292693,8968,8724,1473,3527,110.8900,-2.0600
1783084828.308713,8930,8780,1492,3499,110.8900,-2.0600
1783084828.325058,8968,8743,1510,3527,110.8900,-2.0600
1783084828.340742,8977,8780,1520,3508,114.0200,2.3800
1783084828.356938,8959,8808,1529,3508,114.0200,2.3800
1783084828.372985,8949,8771,1454,3452,114.0200,2.3800
1783084828.389108,8959,8799,1501,3518,108.1900,-1.5600
1783084828.404975,8959,8762,1492,3490,108.1900,-1.5600
1783084828.421275,8968,8771,1426,3508,108.1900,-1.5600
1783084828.437073,8987,8799,1463,3527,113.1600,0.1900
1783084828.453091,9015,8771,1445,3490,113.1600,0.1900
1783084828.469562,8968,8818,1454,3508,113.1600,0.1900
1783084828.484983,8940,8771,1473,3490,113.6000,0.4400
1783084828.500849,8968,8818,1454,3490,113.6000,0.4400
1783084828.517127,9024,8752,1473,3518,113.6000,0.4400
1783084828.532889,8977,8790,1482,3461,113.6000,0.4400
1783084828.548751,8959,8799,1435,3508,113.6000,0.4400
1783084828.565383,8977,8790,1426,3461,113.6000,0.4400
1783084828.580034,8977,8771,1463,3471,113.6000,0.4400
1783084828.596212,8987,8799,1482,3490,113.6000,0.4400
1783084828.612346,8968,8733,1463,3471,113.6000,0.4400
1783084828.628126,9024,8780,1416,3508,113.6000,0.4400
1783084828.644305,8968,8790,1482,3499,113.6000,0.4400
1783084828.660389,8968,8790,1482,3518,113.6000,0.4400
1783084828.676072,8987,8762,1426,3490,113.6000,0.4400
1783084828.692261,8968,8799,1510,3471,113.6000,0.4400
1783084828.708871,8949,8808,1482,3471,113.6000,0.4400
1783084828.724750,8959,8790,1463,3490,113.6000,0.4400
1783084828.740461,8968,8846,1557,3452,113.6000,0.4400
1783084828.756749,8987,8799,1454,3527,113.6000,0.4400
1783084828.772455,8940,8790,1454,3480,113.6000,0.4400
1783084828.788478,8959,8780,1538,3480,113.6000,0.4400
1783084828.805203,8977,8818,1473,3471,113.6000,0.4400
1783084828.820197,8987,8780,1492,3480,113.6000,0.4400
1783084828.835523,8968,8790,1426,3480,113.6000,0.4400
1783084828.851432,8977,8771,1473,3461,7.1400,2.1900
1783084828.867630,8959,8818,1501,3480,7.1400,2.1900
1783084828.883313,8977,8818,1435,3443,7.1400,2.1900
1783084828.898999,8968,8827,1473,3490,5.4100,5.5600
1783084828.914964,8968,8827,1473,3527,5.4100,5.5600
1783084828.931485,8977,8837,1473,3471,5.4100,5.5600
1783084828.947068,8977,8846,1529,3480,5.4100,12.1900
1783084828.963118,8968,8837,1557,3443,5.4100,12.1900
1783084828.980221,9024,8846,1510,3499,5.4100,12.1900
1783084828.995289,8977,8893,1520,3499,5.4100,11.6900
1783084829.011289,8996,8930,1454,3471,5.4100,11.6900
1783084829.027699,8996,8893,1501,3508,5.4100,11.6900
1783084829.044463,9015,8912,1482,3490,16.2300,14.8100
1783084829.060356,9015,8893,1482,3471,16.2300,14.8100
1783084829.076340,9005,8893,1510,3565,16.2300,14.8100
1783084829.093022,8921,8893,1510,3518,8.1100,13.6300
1783084829.108039,8968,8874,1482,3537,8.1100,13.6300
1783084829.124071,8930,8893,1510,3490,8.1100,13.6300
1783084829.141054,8902,8846,1482,3508,8.1100,14.7500
1783084829.156192,8949,8846,1520,3537,8.1100,14.7500
1783084829.172517,8874,8818,1501,3527,8.1100,14.7500
1783084829.188795,8865,8818,1529,3546,10.8200,14.8100
1783084829.204324,8912,8808,1492,3499,10.8200,14.8100
1783084829.220349,8902,8799,1520,3508,10.8200,14.8100
1783084829.236717,8902,8762,1576,3508,5.4100,11.4400
1783084829.252533,8959,8733,1567,3471,5.4100,11.4400
1783084829.268481,8930,8799,1510,3480,5.4100,11.4400
1783084829.284474,8968,8752,1501,3471,5.4100,11.4400
1783084829.300338,8959,8743,1557,3490,8.1100,13.3800
1783084829.316250,9015,8705,1510,3508,8.1100,13.3800
1783084829.332501,9005,8687,1529,3527,8.1100,13.3800
1783084829.347209,9184,8696,1492,3461,8.1100,11.0600
1783084829.363574,9109,8715,1510,3480,8.1100,11.0600
1783084829.379351,9071,8649,1557,3499,8.1100,11.0600
1783084829.395248,9249,8677,1595,3527,8.1100,11.6300
1783084829.411577,9456,8668,1585,3518,8.1100,11.6300
1783084829.427305,9512,8668,1595,3471,8.1100,11.6300
1783084829.443149,9240,8687,1613,3508,2.7000,11.0600
1783084829.459771,9249,8649,1567,3508,2.7000,11.0600
1783084829.475886,9287,8621,1567,3499,2.7000,11.0600
1783084829.492508,8865,8649,1585,3508,8.1100,9.0600
1783084829.507692,8855,8630,1623,3537,8.1100,9.0600
1783084829.523627,8827,8630,1604,3490,8.1100,9.0600
1783084829.539898,8790,8630,1670,3555,8.1100,9.0600
1783084829.555566,8715,8630,1670,3490,10.8200,9.3100
1783084829.571387,8752,8630,1613,3537,10.8200,9.3100
1783084829.586633,8743,8630,1595,3565,10.8200,9.3100
1783084829.602854,8705,8658,1632,3527,2.7000,9.0000
1783084829.617607,8790,8715,1679,3499,2.7000,9.0000
1783084829.633567,8762,8705,1585,3537,2.7000,9.0000
1783084829.649585,8733,8668,1679,3546,7.9500,9.3800
1783084829.665564,8846,8705,1623,3555,7.9500,9.3800
1783084829.681616,8827,8743,1726,3574,7.9500,9.3800
1783084829.697632,8846,8743,1632,3602,5.4100,8.1300
1783084829.713556,8865,8715,1576,3574,5.4100,8.1300
1783084829.729597,8846,8818,1735,3574,5.4100,8.1300
1783084829.745528,8893,8790,1717,3555,2.7000,6.7500
1783084829.761595,8902,8743,1632,3574,2.7000,6.7500
1783084829.777654,8874,8780,1632,3593,2.7000,6.7500
1783084829.793689,8884,8893,1576,3546,5.4100,8.5600
1783084829.809641,8930,8968,1642,3583,5.4100,8.5600
1783084829.825641,8921,8940,1698,3602,5.4100,8.5600
1783084829.842316,8902,8837,1717,3537,8.1100,5.1900
1783084829.857647,8893,9109,1660,3565,8.1100,5.1900
1783084829.873764,8893,8827,1689,3621,8.1100,5.1900
1783084829.889718,8949,9127,1717,3527,8.1100,5.1900
1783084829.905186,8930,8846,1698,3546,5.4100,6.0600
1783084829.921201,8912,8874,1679,3555,5.4100,6.0600
1783084829.936813,8921,8930,1632,3555,5.4100,6.0600
1783084829.952752,8949,8912,1679,3555,5.4100,3.6900
1783084829.970739,8949,8930,1651,3574,5.4100,3.6900
1783084829.986911,8959,8987,1642,3546,2.7000,5.1300
1783084830.003084,8930,8555,1660,3555,2.7000,5.1300
1783084830.018924,9174,8546,1651,3527,2.7000,5.1300
1783084830.035082,8902,8508,1632,3527,2.7000,5.1300
1783084830.050907,8968,8593,1642,3555,5.4100,4.6900
1783084830.066784,9071,8508,1632,3546,5.4100,4.6900
1783084830.081740,9071,8884,1623,3565,5.4100,4.6900
1783084830.098829,9034,8480,1670,3518,8.1100,4.7500
1783084830.115729,9146,8508,1632,3518,8.1100,4.7500
1783084830.131896,9259,8508,1651,3508,8.1100,4.7500
1783084830.147724,9231,8490,1726,3527,5.4100,3.6900
1783084830.163699,8893,8424,1698,3546,5.4100,3.6900
1783084830.179822,8865,8415,1670,3518,5.4100,3.6900
1783084830.195775,9099,8433,1651,3583,5.4100,4.1300
1783084830.211779,8865,8499,1679,3565,5.4100,4.1300
1783084830.227746,8762,8508,1698,3527,5.4100,4.1300
1783084830.243947,8762,8405,1679,3518,5.4100,4.0000
1783084830.259765,9081,8443,1670,3555,5.4100,4.0000
1783084830.275810,8687,8415,1670,3565,5.4100,4.0000
1783084830.292467,8743,8461,1660,3527,2.7000,4.1300
1783084830.307799,8724,8518,1689,3555,2.7000,4.1300
1783084830.323801,8771,8490,1735,3527,2.7000,4.1300
1783084830.339801,9024,8405,1707,3527,2.7000,4.1300
1783084830.355781,9062,8433,1689,3593,2.7000,2.3100
1783084830.371812,8668,8396,1670,3499,2.7000,2.3100
1783084830.388021,8705,8499,1698,3527,2.7000,2.8100
1783084830.402944,9052,8461,1735,3518,2.7000,2.8100
1783084830.419063,9052,8443,1707,3555,2.7000,2.8100
1783084830.434911,8724,8471,1689,3527,2.7000,2.8100
1783084830.450860,9081,8499,1679,3499,2.7000,2.3800
1783084830.467100,8687,8518,1726,3508,2.7000,2.3800
1783084830.482780,8696,8536,1735,3583,2.7000,2.3800
1783084830.498859,8687,8536,1707,3490,2.7000,2.3800
1783084830.515115,8696,8471,1717,3499,2.7000,2.3800
1783084830.530863,8705,8499,1717,3508,2.7000,2.3800
1783084830.546914,8743,8527,1679,3499,2.7000,2.3800
1783084830.563257,8677,8499,1679,3480,2.7000,2.3800
1783084830.579041,8696,8546,1717,3508,2.7000,2.3800
1783084830.595903,8733,8527,1726,3508,2.7000,2.3800
1783084830.612924,8668,8508,1698,3499,2.7000,2.3800
1783084830.629092,8733,8508,1717,3499,2.7000,2.3800
1783084830.643964,9062,8518,1707,3518,2.7000,2.3800
1783084830.660085,8677,8527,1689,3518,2.7000,2.3800
1783084830.676114,8687,8518,1726,3518,2.7000,2.3800
1783084830.691943,8724,8546,1717,3499,2.7000,2.3800
1783084830.708019,8715,8499,1735,3537,2.7000,2.3800
1783084830.724180,8771,8508,1642,3508,2.7000,2.3800
1783084830.739935,8677,8527,1660,3518,2.7000,2.3800
1783084830.755948,8696,8527,1679,3508,2.7000,2.3800
1783084830.772167,9090,8499,1670,3508,2.7000,2.3800
