timestamp,d0,d1,d2,d3,v_mm_s,gz
1785147132.809084,9043,8874,1754,3705,0.0000,0.0000
1785147132.834383,9043,8912,1745,3724,0.0000,0.0000
1785147132.860968,9062,8818,1698,3696,26.0100,0.0000
1785147132.885468,9052,8827,1792,4165,26.0100,0.0000
1785147132.910932,9090,8912,1848,4090,59.5000,0.0000
1785147132.937627,9071,8968,1745,4409,59.5000,0.0000
1785147132.961774,9409,8874,1707,4418,83.8500,-0.0600
1785147132.986441,9156,8902,1773,4362,83.8500,-0.0600
1785147133.013438,9052,8818,1689,4400,91.9600,-0.2500
1785147133.037186,9062,8912,1679,4418,91.9600,-0.2500
1785147133.061946,9071,8865,1689,4353,97.3700,-0.3100
1785147133.087965,9024,8902,1689,4362,97.3700,-0.3100
1785147133.113225,9062,8977,1707,4381,113.6000,-0.3100
1785147133.138014,9071,9315,1764,4390,113.6000,-0.3100
1785147133.163698,9071,9324,1764,4353,108.1900,-0.3100
1785147133.188710,9062,9109,1707,4418,108.1900,-0.3100
1785147133.214368,9043,9024,1754,4343,114.0200,-0.2500
1785147133.239779,8959,9118,1660,4381,114.0200,-0.2500
1785147133.264913,9034,9202,1660,4156,118.6800,-0.1900
1785147133.289936,8940,8902,1773,4381,118.6800,-0.1900
1785147133.316274,8940,8921,1707,4484,116.6700,-0.1300
1785147133.341180,8959,9362,1698,4221,116.6700,-0.1300
1785147133.366071,9052,9015,1698,3780,124.1900,-0.1300
1785147133.391817,9099,8930,1764,3818,124.1900,-0.1300
1785147133.417990,9099,8902,1726,4071,127.1200,-0.0600
1785147133.442523,9071,9015,1810,4137,127.2800,0.0600
1785147133.468659,9081,8996,1801,3884,127.2800,0.0600
1785147133.492772,9062,8977,1726,4287,127.2800,0.0600
1785147133.517757,8968,9137,1726,4184,135.2300,0.0600
1785147133.543938,8968,9165,1735,4024,135.2300,0.0600
1785147133.568992,8996,9052,1801,3893,135.2300,0.0600
1785147133.593707,9202,9165,1754,3762,137.8900,0.0600
1785147133.620376,9127,9193,1754,3790,137.8900,0.0600
1785147133.646301,9090,9343,1773,4625,143.5100,0.1300
1785147133.670903,9005,9062,1773,4559,143.5100,0.1300
1785147133.698223,8959,9146,1726,4446,145.8400,0.1900
1785147133.720690,8874,9071,1773,4343,145.8400,0.1900
1785147133.747430,9146,9071,1745,4231,154.5500,0.2500
1785147133.772538,9146,9090,1782,4212,154.5500,0.2500
1785147133.799319,9052,9052,1848,4128,151.1400,0.2500
1785147133.822367,8921,9240,1792,4165,151.1400,0.2500
1785147133.847928,8949,9212,1745,4118,157.3100,0.2500
1785147133.874750,9005,9193,1810,4156,157.3100,0.2500
1785147133.897931,8977,9146,1810,4184,161.7500,0.2500
1785147133.923088,9062,9099,1829,4156,161.7500,0.2500
1785147133.948708,8968,9231,1829,4109,165.5900,0.2500
1785147133.974157,8959,9231,1782,4146,165.5900,0.2500
1785147133.999291,8930,9268,1810,4099,167.6900,0.3100
1785147134.025036,8930,9174,1895,4099,167.6900,0.3100
1785147134.050039,9024,9193,1810,4118,173.1000,0.3700
1785147134.075087,9015,9146,1810,4081,173.1000,0.3700
1785147134.100755,8987,9278,1810,4156,175.8000,0.5000
1785147134.126854,9005,9202,1914,4034,175.8000,0.5000
1785147134.150871,8987,9202,1848,4006,178.5100,0.5600
1785147134.176720,8977,9287,1914,4006,178.5100,0.5600
1785147134.201721,8949,9221,1857,4052,183.9200,0.6900
1785147134.227470,8968,9259,1904,4062,183.9200,0.6900
1785147134.252962,8949,9212,1904,4071,189.3300,0.6900
1785147134.277765,8987,9240,1857,4071,189.3300,0.6900
1785147134.302636,8921,9212,1895,4043,188.2700,0.6900
1785147134.328757,8987,9202,1961,4062,188.2700,0.6900
1785147134.354051,9005,9174,1942,4043,190.4300,0.7500
1785147134.378930,8977,9184,1904,4099,190.4300,0.7500
1785147134.404741,8987,9249,1932,4118,200.1500,0.8100
1785147134.429787,9005,9202,1886,4184,200.1500,0.8100
1785147134.454699,8902,9259,1970,4099,194.7400,0.8100
1785147134.481524,8930,9202,1895,4090,194.7400,0.8100
1785147134.506335,9024,9212,1914,4128,190.9200,0.7500
1785147134.530712,8940,9240,1951,4099,190.9200,0.7500
1785147134.556732,8949,9202,1932,4052,198.7100,0.7500
1785147134.582260,8893,9184,1961,4081,198.7100,0.7500
1785147134.607015,8949,9212,2045,4081,194.7400,0.7500
1785147134.632669,8930,9231,1989,4034,194.7400,0.7500
1785147134.658076,8977,9231,2026,4015,200.1500,0.8100
1785147134.682764,8930,9184,1979,4062,200.1500,0.8100
1785147134.709097,8959,9249,1979,4099,190.9200,0.8100
1785147134.734084,8977,9184,1998,4118,190.9200,0.8100
1785147134.758646,8987,9184,2054,4015,201.4700,0.8800
1785147134.784780,8949,9221,2026,4062,201.4700,0.8800
1785147134.810549,8902,9240,1998,4109,197.4400,0.8100
1785147134.834851,8921,9231,2045,4015,197.4400,0.8100
1785147134.859682,8949,9184,2073,3996,200.1500,0.7500
1785147134.885869,8912,9202,2007,3987,200.1500,0.7500
1785147134.910660,8959,9221,2092,3987,197.4400,0.6200
1785147134.936228,8912,9240,2036,3902,197.4400,0.6200
1785147134.962485,8930,9231,2045,3959,200.1500,0.5600
1785147134.986656,8949,9193,2064,3987,200.1500,0.5600
1785147135.011634,8912,9165,2073,3987,205.5600,0.5600
1785147135.038835,8940,9221,2064,3931,205.5600,0.5600
1785147135.064292,8940,9193,2083,3949,200.1500,0.6200
1785147135.088295,8930,9202,2092,3977,200.1500,0.6200
1785147135.113686,8912,9221,2036,3931,192.0300,0.6900
1785147135.139765,8912,9231,2073,3949,192.0300,0.6900
1785147135.164361,8921,9221,2111,3949,194.7400,0.7500
1785147135.189917,8930,9268,2073,3996,194.7400,0.7500
1785147135.214636,8940,9221,2073,3931,192.0300,0.8100
1785147135.240353,8893,9259,2111,3921,192.0300,0.8100
1785147135.266052,8949,9287,2148,3931,197.4400,0.7500
1785147135.291671,8874,9015,2083,3977,197.4400,0.7500
1785147135.315612,8884,9324,2158,3921,197.4400,0.7500
1785147135.341704,8874,9296,2092,3931,197.4400,0.7500
1785147135.366664,8865,9231,2092,3977,194.7400,0.6900
1785147135.391952,8846,9071,2092,3931,193.5700,0.6900
1785147135.417692,8884,8902,2026,3940,193.5700,0.6900
1785147135.442727,8893,9005,2120,3940,193.5700,0.6900
1785147135.467997,8912,8865,2148,3949,204.2300,0.6900
1785147135.497529,8874,8874,2176,4006,197.4400,0.6900
1785147135.518935,8902,8874,2158,3902,197.4400,0.6900
1785147135.544405,8884,8874,2167,3874,194.7400,0.6900
1785147135.569709,8837,8884,2148,3912,194.7400,0.6900
1785147135.595766,8865,8827,2176,3949,197.4400,0.6200
1785147135.620976,8846,8837,2167,3893,197.4400,0.6200
1785147135.647113,8846,8837,2195,3987,194.7400,0.6900
1785147135.671467,8874,8837,2158,3921,194.7400,0.6900
1785147135.696842,8874,8893,2251,3921,194.7400,0.6200
1785147135.722165,8874,8902,2233,3940,194.7400,0.6200
1785147135.747576,8874,8912,2214,3912,200.1500,0.6200
1785147135.771742,8874,8902,2261,3902,200.1500,0.6200
1785147135.797792,8865,8940,2242,3827,196.2200,0.6200
1785147135.822644,8874,8921,2176,3809,196.2200,0.6200
1785147135.848756,8837,8912,2261,3837,204.2300,0.5600
1785147135.874032,8808,8949,2242,3837,204.2300,0.5600
1785147135.898602,8846,8930,2223,3855,196.2200,0.5000
1785147135.923706,8865,8940,2233,3837,196.2200,0.5000
1785147135.950283,8902,8968,2223,3837,201.4700,0.4400
1785147135.974859,8865,8921,2261,3837,201.4700,0.4400
1785147136.000139,8874,8949,2233,3865,200.1500,0.3700
1785147136.025755,8893,8959,2308,3837,200.1500,0.3700
1785147136.050795,8818,8959,2195,3865,201.5300,0.3100
1785147136.076288,8818,8977,2261,3912,201.5300,0.3100
1785147136.101749,8808,8987,2270,3968,204.2300,0.3100
1785147136.126600,8855,8930,2261,3912,204.2300,0.3100
1785147136.151631,8808,8968,2298,3921,205.5600,0.3700
1785147136.176655,8855,8968,2326,3865,205.5600,0.3700
1785147136.202890,8808,8930,2261,3902,200.1500,0.3700
1785147136.227629,8865,8949,2280,3902,200.1500,0.3700
1785147136.253146,8846,8968,2298,3846,205.5600,0.3700
1785147136.278867,8930,8949,2345,3837,205.5600,0.3700
1785147136.304362,8855,9005,2392,3855,200.1500,0.4400
1785147136.329902,8874,8912,2373,3827,200.1500,0.4400
1785147136.357950,8865,8949,2326,3818,200.1500,0.4400
1785147136.381464,8827,8977,2308,3799,200.1500,0.4400
1785147136.408146,8780,8940,2373,3724,202.8500,0.5000
1785147136.433779,8846,8977,2336,3743,202.8500,0.5000
1785147136.456891,8874,8987,2326,3724,198.8700,0.5000
1785147136.482674,8808,8977,2373,3715,198.8700,0.5000
1785147136.511726,8837,8996,2345,3687,202.8500,0.5600
1785147136.534620,8837,8996,2336,3687,202.8500,0.5600
1785147136.556849,8827,8987,2373,3696,206.9900,0.5600
1785147136.582661,8827,9015,2392,3668,206.9900,0.5600
1785147136.607861,8808,8996,2392,3649,200.1500,0.5600
1785147136.633721,8790,9015,2355,3649,200.1500,0.5600
1785147136.659305,8827,9005,2439,3658,197.4400,0.6200
1785147136.683692,8827,9034,2383,3658,197.4400,0.6200
1785147136.708631,8762,9043,2392,3630,197.4400,0.6200
1785147136.734632,8771,9015,2411,3602,197.4400,0.6200
1785147136.761174,8827,9015,2373,3658,194.7400,0.6200
1785147136.784909,8771,9015,2392,3583,194.7400,0.6200
1785147136.811097,8808,9062,2364,3583,200.1500,0.6200
1785147136.835604,8808,9052,2336,3630,200.1500,0.6200
1785147136.860618,8818,9043,2364,3630,202.8500,0.6200
1785147136.888088,8837,9062,2392,3640,202.8500,0.6200
1785147136.911683,8799,9118,2430,3677,202.8500,0.5600
1785147136.936647,8762,9034,2392,3612,202.8500,0.5600
1785147136.962740,8837,9062,2401,3734,200.1500,0.4400
1785147136.987848,8752,9081,2420,3705,200.1500,0.4400
1785147137.013041,8780,9081,2420,3743,205.5600,0.3700
1785147137.038827,8790,9081,2420,3724,205.5600,0.3700
1785147137.063669,8762,9081,2448,3649,205.5600,0.3100
1785147137.088743,8790,9137,2505,3715,205.5600,0.3100
1785147137.114995,8780,9127,2514,3630,201.5300,0.2500
1785147137.139625,8752,9099,2486,3696,201.5300,0.2500
1785147137.165106,8846,9109,2561,3630,206.9900,0.1900
1785147137.190814,8780,9109,2495,3602,206.9900,0.1900
1785147137.216129,8855,9137,2505,3574,205.5600,0.0600
1785147137.241116,8780,9156,2505,3602,202.8500,0.0000
1785147137.266630,8790,9127,2505,3621,202.8500,0.0000
1785147137.291642,8790,9156,2542,3583,202.8500,0.0000
1785147137.317710,8762,9156,2580,3537,198.8700,-0.0600
1785147137.342466,8790,9221,2570,3537,206.9900,-0.1300
1785147137.367670,8752,9174,2542,3490,206.9900,-0.1300
1785147137.392676,8743,9184,2589,3499,201.5300,-0.1900
1785147137.417738,8780,9296,2570,3490,201.5300,-0.1900
1785147137.446078,8771,9231,2561,3443,206.9900,-0.2500
1785147137.469098,8827,9259,2552,3405,206.9900,-0.2500
1785147137.494091,8743,9268,2561,3415,205.5600,-0.3100
1785147137.519654,8752,9287,2683,3480,205.5600,-0.3100
1785147137.547458,8855,9287,2608,3452,202.8500,-0.5000
1785147137.569902,8808,9296,2580,3405,202.8500,-0.5000
1785147137.596963,8743,8921,2570,3415,202.8500,-0.5600
1785147137.620660,8762,8977,2542,3396,202.8500,-0.5600
1785147137.646913,8799,8930,2589,3405,200.1500,-0.6900
1785147137.671878,8827,9315,2570,3415,200.1500,-0.6900
1785147137.698266,8752,9306,2627,3443,201.5300,-0.7500
1785147137.722108,8687,9306,2589,3424,201.5300,-0.7500
1785147137.747737,8762,9202,2598,3415,198.7100,-0.9400
1785147137.772904,8724,9249,2655,3433,198.7100,-0.9400
1785147137.798461,8715,9184,2664,3433,194.7400,-1.0600
1785147137.824172,8705,9174,2645,3405,194.7400,-1.0600
1785147137.848864,8724,9118,2645,3424,190.9200,-1.0000
1785147137.874142,8743,9071,2655,3405,190.9200,-1.0000
1785147137.900769,8762,9071,2636,3433,194.7400,-1.0000
1785147137.924945,8724,9052,2636,3386,194.7400,-1.0000
1785147137.949805,8677,9005,2692,3386,194.7400,-1.0600
1785147137.975700,8715,8977,2645,3480,194.7400,-1.0600
1785147138.001192,8771,8959,2702,3377,197.4400,-1.0600
1785147138.026224,8808,8996,2683,3368,197.4400,-1.0600
1785147138.052868,8715,9034,2664,3358,194.7400,-1.0600
1785147138.076672,8724,8959,2655,3368,194.7400,-1.0600
1785147138.101734,8733,9005,2655,3321,197.4400,-1.0000
1785147138.128271,8762,9034,2711,3340,197.4400,-1.0000
1785147138.153088,8733,9043,2608,3311,193.1900,-0.8800
1785147138.177710,8715,9052,2702,3340,193.1900,-0.8800
1785147138.203673,8705,9034,2674,3283,197.4400,-0.6900
1785147138.229411,8780,9099,2692,3302,197.4400,-0.6900
1785147138.254003,8743,9071,2692,3255,200.1500,-0.4400
1785147138.279850,8743,9062,2627,3293,200.1500,-0.4400
1785147138.304725,8752,9127,2749,3218,202.8500,-0.2500
1785147138.331648,8752,9137,2674,3264,202.8500,-0.2500
1785147138.355900,8780,9137,2749,3283,200.1500,-0.1900
1785147138.381435,8724,9193,2702,3246,200.1500,-0.1900
1785147138.406575,8705,9193,2683,3218,202.8500,-0.0600
1785147138.430623,8743,9193,2720,3274,202.8500,-0.0600
1785147138.457486,8743,9174,2645,3180,202.8500,0.0600
1785147138.481954,8752,9184,2720,3218,202.8500,0.0600
1785147138.507587,8762,9221,2692,3161,204.1800,0.1300
1785147138.532949,8762,9268,2692,3161,204.1800,0.1300
1785147138.558181,8752,9193,2711,3133,201.4700,0.2500
1785147138.582691,8724,9221,2702,3114,201.4700,0.2500
1785147138.608922,8715,9212,2720,3189,198.8700,0.3700
1785147138.633729,8762,9231,2730,3208,198.8700,0.3700
1785147138.658630,8762,9202,2749,3124,197.4400,0.5000
1785147138.684736,8724,9156,2758,3152,197.4400,0.5000
1785147138.710064,8743,9259,2730,3077,204.2300,0.5600
1785147138.734988,8780,9174,2777,3077,204.2300,0.5600
1785147138.760729,8696,9184,2749,3124,197.4400,0.6200
1785147138.785845,8687,9165,2749,3058,197.4400,0.6200
1785147138.811240,8733,9193,2767,3086,198.8700,0.6900
1785147138.837040,8677,9221,2767,3049,198.8700,0.6900
1785147138.861695,8733,9184,2767,3067,198.7100,0.7500
1785147138.886704,8733,9184,2711,3086,198.7100,0.7500
1785147138.912759,8733,9156,2730,3030,196.2200,0.8100
1785147138.937969,8743,9174,2711,3049,196.2200,0.8100
1785147138.962952,8724,9184,2739,3030,204.2300,0.7500
1785147138.988738,8724,9165,2786,3011,204.2300,0.7500
1785147139.013676,8668,9146,2777,3011,198.8700,0.6200
1785147139.038628,8724,9137,2749,3002,198.8700,0.6200
1785147139.066634,8724,9146,2739,2992,200.1500,0.5600
1785147139.089720,8677,9109,2664,3021,200.1500,0.5600
1785147139.114649,8705,9146,2683,3030,202.8500,0.4400
1785147139.141855,8715,9127,2702,2983,206.9900,0.3700
1785147139.167232,8658,9137,2749,2936,206.9900,0.3700
1785147139.191291,8696,9146,2805,2955,201.5300,0.2500
1785147139.216787,8696,9156,2702,2917,201.5300,0.2500
1785147139.241795,8687,9202,2739,2955,201.5300,0.2500
1785147139.266729,8733,9165,2777,2946,202.8500,0.3100
1785147139.292938,8668,9137,2786,2870,205.5600,0.3100
1785147139.317776,8752,9165,2805,2842,205.5600,0.3100
1785147139.342654,8705,9165,2758,2824,206.9900,0.3700
1785147139.368740,8677,9165,2758,2889,206.9900,0.3700
1785147139.395932,8762,9165,2805,2870,202.8500,0.3700
1785147139.419551,8705,9174,2786,2833,202.8500,0.3700
1785147139.446423,8668,9212,2749,2870,200.1500,0.3700
1785147139.470007,8724,9146,2730,2758,200.1500,0.3700
1785147139.497018,8677,9193,2842,2786,206.8300,0.4400
1785147139.520330,8696,9221,2814,2786,206.8300,0.4400
1785147139.546376,8696,9240,2767,2795,206.9900,0.3700
1785147139.570853,8687,9193,2739,2749,206.9900,0.3700
1785147139.596281,8658,9184,2758,2758,202.8500,0.3700
1785147139.622115,8687,9240,2758,2805,202.8500,0.3700
1785147139.646960,8687,9240,2814,2786,202.8500,0.4400
1785147139.671633,8687,9221,2767,2767,202.8500,0.4400
1785147139.697901,8705,9231,2861,2824,208.2600,0.5000
1785147139.722712,8687,9240,2795,2767,208.2600,0.5000
1785147139.747774,8733,9212,2814,2833,196.2200,0.5000
1785147139.773714,8649,9287,2795,2739,196.2200,0.5000
1785147139.798613,8668,9278,2842,2795,209.7500,0.4400
1785147139.823616,8696,9324,2833,2749,209.7500,0.4400
1785147139.849827,8621,9231,2795,2786,200.1500,0.5000
1785147139.874978,8677,9249,2767,2795,200.1500,0.5000
1785147139.899575,8677,9287,2814,2805,202.8500,0.5600
1785147139.925607,8640,9268,2786,2889,202.8500,0.5600
1785147139.950608,8687,9324,2908,2880,202.8500,0.5600
1785147139.975988,8724,9249,2833,3030,202.8500,0.5600
1785147140.001649,8649,9353,2833,2974,198.8700,0.5600
1785147140.026619,8677,9343,2880,3067,198.8700,0.5600
1785147140.052038,8649,9343,2870,3114,209.7500,0.5600
1785147140.078005,8649,9324,2805,2861,209.7500,0.5600
1785147140.103700,8677,9306,2814,3358,201.5300,0.5000
1785147140.128343,8640,9390,2852,3330,201.5300,0.5000
1785147140.154019,8640,9381,2833,3340,205.5600,0.3700
1785147140.179350,8649,9437,2777,3377,205.5600,0.3700
1785147140.204226,8658,9409,2767,3274,206.9900,0.2500
1785147140.229853,8649,9362,2805,3340,206.9900,0.2500
1785147140.254617,8658,9362,2824,3293,200.1500,0.2500
1785147140.279676,8640,9446,2824,3264,200.1500,0.2500
1785147140.305807,8658,9390,2889,3199,205.5600,0.1900
1785147140.331095,8649,9371,2861,3189,205.5600,0.1900
1785147140.355575,8621,9409,2814,3171,205.5600,0.2500
1785147140.381640,8658,9418,2795,3255,205.5600,0.2500
1785147140.406546,8621,9399,2824,3189,202.8500,0.2500
1785147140.432064,8640,9390,2861,3227,202.8500,0.2500
1785147140.457561,8640,9390,2852,3264,202.8500,0.3700
1785147140.482546,8649,9399,2861,3293,202.8500,0.3700
1785147140.507579,8658,9465,2861,3218,202.8500,0.4400
1785147140.533833,8658,9428,2824,3218,202.8500,0.4400
1785147140.559113,8658,9428,2936,3171,200.1500,0.5000
1785147140.583696,8658,9118,2927,3171,200.1500,0.5000
1785147140.609660,8649,9475,2899,3218,201.5300,0.5600
1785147140.634572,8621,9456,2833,3199,201.5300,0.5600
1785147140.659847,8640,9062,2861,3161,201.4700,0.6900
1785147140.685857,8640,9174,2946,3143,201.4700,0.6900
1785147140.710654,8649,9446,2880,3199,202.8500,0.7500
1785147140.735952,8696,9446,2861,3171,202.8500,0.7500
1785147140.762002,8640,9475,2852,3189,197.4400,0.8100
1785147140.786707,8621,9475,2936,3143,197.4400,0.8100
1785147140.811515,8621,8996,2899,3180,190.9200,0.8100
1785147140.837564,8668,9521,2936,3199,190.9200,0.8100
1785147140.863581,8630,9465,2899,3105,198.7100,0.8100
1785147140.887704,8696,9137,2927,3208,198.7100,0.8100
1785147140.913553,8640,9081,2955,3124,189.3300,0.8100
1785147140.938439,8640,9156,2955,3133,189.3300,0.8100
1785147140.963479,8630,9043,3030,3133,194.7400,0.7500
1785147140.989778,8649,9137,2936,3152,189.3300,0.8100
1785147141.014894,8602,9606,2936,3114,189.3300,0.8100
1785147141.040652,8630,9165,2927,3124,189.3300,0.8100
1785147141.066470,8630,9146,3049,3143,189.3300,0.8100
1785147141.090731,8602,9118,2964,3096,189.3300,0.8100
1785147141.115786,8593,8733,2927,3086,192.0300,0.7500
1785147141.142200,8658,8715,2955,3067,192.0300,0.6900
1785147141.166401,8658,8790,3002,3077,192.0300,0.6900
1785147141.191905,8658,9127,3058,3058,192.0300,0.6900
1785147141.217775,8658,9127,3049,3077,192.0300,0.6200
1785147141.242871,8658,9512,3077,3058,194.7400,0.5600
1785147141.268019,8658,9531,3096,3030,194.7400,0.5600
1785147141.294768,8649,9531,3011,2992,192.0300,0.5000
1785147141.318646,8649,9503,3011,3011,192.0300,0.5000
1785147141.345042,8621,9521,3039,3021,194.7400,0.4400
1785147141.368616,8621,9531,3002,2992,194.7400,0.4400
1785147141.395186,8621,9484,2992,3002,194.7400,0.4400
1785147141.419419,8668,9512,3039,3002,194.7400,0.4400
1785147141.445484,8611,9512,3105,3039,194.7400,0.5000
1785147141.470773,8630,9540,3030,3039,194.7400,0.5000
1785147141.496678,8668,9512,3030,3086,197.4400,0.6200
1785147141.521324,8621,9531,3030,3049,197.4400,0.6200
1785147141.548656,8593,9540,3021,3030,194.7400,0.6200
1785147141.573822,8630,9521,3058,3030,194.7400,0.6200
1785147141.602531,8602,9531,3133,3058,196.2200,0.7500
1785147141.624972,8602,9559,3114,3049,196.2200,0.7500
1785147141.648240,8687,9531,3077,3049,198.7100,0.7500
1785147141.673748,8687,9493,3067,3011,198.7100,0.7500
1785147141.699647,8649,9521,3039,3039,193.5700,0.7500
1785147141.724371,8611,9568,3096,3021,193.5700,0.7500
1785147141.749623,8621,9596,3086,3021,193.1900,0.6900
1785147141.776773,8696,9559,3086,2964,193.1900,0.6900
1785147141.801790,8630,9512,3096,3011,193.5700,0.6200
1785147141.826622,8630,9484,3133,2974,193.5700,0.6200
1785147141.851639,8602,9418,3161,2964,193.1900,0.6200
1785147141.876867,8668,9409,3161,2917,193.1900,0.6200
1785147141.901659,8621,9418,3143,2936,189.3300,0.6900
1785147141.928529,8611,9353,3124,2983,189.3300,0.6900
1785147141.952829,8574,9315,3152,2936,194.7400,0.6900
1785147141.977766,8630,9324,3143,2946,194.7400,0.6900
1785147142.003871,8602,9268,3180,2936,197.4400,0.7500
1785147142.029280,8574,9306,3152,2927,197.4400,0.7500
1785147142.056222,8574,9212,3189,2992,197.4400,0.7500
1785147142.080117,8574,9249,3105,3011,197.4400,0.7500
1785147142.106272,8574,9221,3199,2955,194.7400,0.7500
1785147142.130344,8611,9268,3152,2974,194.7400,0.7500
1785147142.155871,8583,9184,3152,2936,190.9200,0.6900
1785147142.180724,8593,9212,3180,2917,190.9200,0.6900
1785147142.205957,8621,9240,3161,2974,204.2300,0.6200
1785147142.232172,8555,9202,3133,2870,204.2300,0.6200
1785147142.256990,8630,9202,3152,2889,194.7400,0.5600
1785147142.282192,8611,9296,3171,2824,194.7400,0.5600
1785147142.307756,8602,9306,3189,2833,198.8700,0.5600
1785147142.333868,8611,9259,3189,2833,198.8700,0.5600
1785147142.359320,8583,9231,3227,2814,198.7100,0.5600
1785147142.385228,8602,9249,3199,2870,198.7100,0.5600
1785147142.409180,8593,9278,3246,2805,196.2200,0.6200
1785147142.434015,8593,9287,3218,2842,196.2200,0.6200
1785147142.460493,8565,9315,3246,2767,201.4700,0.6900
1785147142.485476,8555,9315,3236,2795,201.4700,0.6900
1785147142.511740,8593,9390,3274,2758,194.7400,0.7500
1785147142.536119,8583,9371,3255,2767,194.7400,0.7500
1785147142.562624,8583,9315,3208,2739,194.7400,0.8100
1785147142.588769,8593,9343,3274,2758,194.7400,0.8100
1785147142.611766,8649,9306,3274,2720,194.7400,0.8100
1785147142.636904,8602,9315,3236,2730,194.7400,0.8100
1785147142.661492,8602,9390,3199,2674,192.0300,0.8100
1785147142.686521,8602,9437,3246,2711,192.0300,0.8100
1785147142.713296,8630,9362,3236,2664,189.3300,0.7500
1785147142.738528,8555,9353,3264,2645,189.3300,0.7500
1785147142.763022,8574,9353,3218,2674,190.9200,0.6900
1785147142.789798,8668,9446,3274,2664,195.9500,0.6900
1785147142.814597,8649,9446,3311,2674,195.9500,0.6900
1785147142.840183,8649,9428,3349,2674,195.9500,0.6900
1785147142.864688,8611,9475,3330,2711,197.4400,0.7500
1785147142.889796,8611,9446,3321,2692,197.4400,0.7500
1785147142.914820,8611,9503,3283,2711,190.9200,0.8100
1785147142.941690,8649,9437,3321,2702,198.7100,0.8800
1785147142.966080,8630,9428,3311,2702,198.7100,0.8800
1785147142.990803,8593,9390,3293,2683,198.7100,0.8800
1785147143.017132,8621,9418,3349,2655,189.3300,0.8100
1785147143.042041,8649,9418,3311,2645,188.2700,0.8100
1785147143.067684,8649,9353,3349,2645,188.2700,0.8100
1785147143.096839,8649,9353,3349,2645,190.4300,0.8100
1785147143.120842,8649,9306,3330,2664,190.4300,0.8100
1785147143.143804,8621,9353,3311,2692,189.3300,0.8100
1785147143.168881,8621,9399,3405,2674,189.3300,0.8100
1785147143.194466,8602,9390,3368,2861,189.3300,0.8100
1785147143.218857,8630,9390,3340,2833,189.3300,0.8100
1785147143.248668,8583,9390,3405,2899,192.0300,0.8100
1785147143.270957,8593,9353,3377,3058,192.0300,0.8100
1785147143.297082,8546,9428,3330,2899,193.5700,0.6900
1785147143.321050,8602,9446,3302,3030,193.5700,0.6900
1785147143.348638,8621,9437,3330,2795,195.9500,0.6200
1785147143.370726,8555,9399,3386,2777,195.9500,0.6200
1785147143.399793,8630,9399,3358,2570,197.4400,0.5600
1785147143.422699,8574,9409,3396,2767,197.4400,0.5600
1785147143.451288,8555,9428,3405,2411,200.1500,0.5600
1785147143.473600,8555,9437,3461,2373,200.1500,0.5600
1785147143.498219,8565,9465,3415,2373,202.8500,0.5600
1785147143.523278,8593,9446,3424,2392,202.8500,0.5600
1785147143.548790,8518,9475,3386,2345,200.1500,0.6200
1785147143.574287,8574,9475,3433,2373,200.1500,0.6200
1785147143.599788,8536,9484,3424,2411,194.7400,0.6200
1785147143.625984,8536,9465,3461,2373,194.7400,0.6200
1785147143.650566,8536,9475,3424,2373,194.7400,0.6900
1785147143.675149,8490,9493,3433,2373,194.7400,0.6900
1785147143.699258,8640,9503,3405,2383,193.5700,0.6900
1785147143.726043,8640,9465,3537,2364,193.5700,0.6900
1785147143.750946,8555,9484,3461,2411,195.9500,0.6900
1785147143.776882,8555,9493,3546,2439,195.9500,0.6900
1785147143.802318,8527,9493,3518,2420,192.0300,0.6900
1785147143.827822,8593,9493,3452,2430,192.0300,0.6900
1785147143.853502,8527,9484,3415,2430,189.3300,0.6900
1785147143.878479,8536,9493,3490,2364,189.3300,0.6900
1785147143.902715,8574,9484,3480,2401,186.6200,0.7500
1785147143.927706,8536,9465,3452,2383,186.6200,0.7500
1785147143.954018,8583,9521,3461,2420,180.3100,0.7500
1785147143.980719,8546,9484,3471,2336,180.3100,0.7500
1785147144.004593,8546,9503,3452,2364,184.9100,0.6900
1785147144.031792,8574,9503,3471,2373,184.9100,0.6900
1785147144.056771,8574,9559,3546,2373,178.5100,0.6200
1785147144.082078,8593,9550,3537,2373,178.5100,0.6200
1785147144.107296,8480,9559,3480,2383,178.5100,0.6200
1785147144.130744,8508,9559,3480,2364,178.5100,0.6200
1785147144.155642,8583,9521,3555,2298,173.1000,0.6900
1785147144.181814,8583,9521,3508,2345,173.1000,0.6900
1785147144.206876,8583,9540,3527,2326,167.0500,0.7500
1785147144.232278,8583,9550,3480,2430,167.0500,0.7500
1785147144.257377,8602,9540,3490,2486,162.8300,0.8100
1785147144.284008,8565,9606,3537,2702,162.8300,0.8100
1785147144.308990,8555,9559,3537,2786,167.6900,0.8800
1785147144.334547,8583,9587,3565,2786,167.6900,0.8800
1785147144.359091,8602,9568,3518,2542,167.6900,0.8800
1785147144.384574,8602,9596,3555,2683,167.6900,0.8800
1785147144.410548,8574,9606,3565,2636,164.9900,0.8800
1785147144.435332,8593,9596,3508,2692,164.9900,0.8800
1785147144.460378,8593,9596,3527,2655,167.6900,0.8100
1785147144.485711,8621,9643,3527,2598,167.6900,0.8100
1785147144.510593,8583,9568,3565,2523,159.5800,0.6900
1785147144.537494,8602,9596,3555,2533,159.5800,0.6900
1785147144.561940,8602,9625,3555,2552,162.2800,0.5600
1785147144.587686,8602,9606,3583,2523,162.2800,0.5600
1785147144.612257,8630,9615,3574,2523,162.2800,0.5600
1785147144.638422,8630,9625,3565,2486,162.2800,0.5600
1785147144.663767,8508,9606,3555,2514,164.9900,0.5600
1785147144.689498,8593,9578,3621,2448,164.9900,0.5600
1785147144.715726,8565,9606,3602,2486,162.2800,0.5600
1785147144.739296,8583,9606,3574,2542,162.2800,0.6200
1785147144.764574,8574,9625,3602,2495,162.2800,0.6200
1785147144.788619,8574,9634,3593,2467,162.2800,0.6200
1785147144.813847,8593,9634,3602,2467,156.4500,0.6900
1785147144.838900,8574,9587,3574,2486,156.4500,0.6900
1785147144.863708,8574,9672,3555,2467,157.3100,0.7500
1785147144.889937,8565,9672,3583,2467,156.8700,0.8100
1785147144.914758,8565,9718,3612,2439,156.8700,0.8100
1785147144.939991,8574,9653,3583,2486,156.8700,0.8100
1785147144.965494,8583,9690,3630,2383,151.4600,0.8100
1785147144.990560,8602,9634,3640,2392,151.4600,0.8100
1785147145.015953,8593,9672,3640,2383,143.1900,0.8100
1785147145.041515,8499,9653,3612,2420,151.7900,0.7500
1785147145.066586,8536,9672,3621,2420,151.7900,0.7500
1785147145.091725,8518,9672,3602,2420,151.7900,0.7500
1785147145.118087,8546,9615,3630,2401,146.0500,0.7500
1785147145.142510,8546,9681,3593,2401,140.6400,0.7500
1785147145.167213,8499,9681,3621,2383,140.6400,0.7500
1785147145.194323,8527,9709,3649,2392,137.9400,0.7500
1785147145.218221,8527,9653,3668,2430,137.9400,0.7500
1785147145.244447,8508,9662,3696,2420,137.8900,0.7500
1785147145.270266,8574,9662,3649,2411,137.8900,0.7500
1785147145.296913,8490,9690,3687,2420,143.5100,0.7500
1785147145.319215,8527,9690,3668,2420,143.5100,0.7500
1785147145.346318,8508,9662,3715,2383,137.9400,0.7500
1785147145.370857,8508,9672,3715,2383,137.9400,0.7500
1785147145.396270,8518,9643,3649,2411,132.5300,0.7500
1785147145.421258,8480,9681,3668,2401,132.5300,0.7500
1785147145.446065,8490,9662,3734,2411,132.5800,0.8100
1785147145.472759,8490,9662,3677,2373,132.5800,0.8100
1785147145.497431,8527,9653,3734,2392,135.2300,0.8100
1785147145.522199,8536,9690,3649,2439,135.2300,0.8100
1785147145.547447,8490,9709,3668,2458,129.8300,0.8100
1785147145.574231,8508,9681,3687,2448,129.8300,0.8100
1785147145.599030,8508,9643,3677,2495,129.9300,0.8100
1785147145.623509,8518,9709,3715,2486,129.9300,0.8100
1785147145.649546,8555,9709,3687,2467,129.7100,0.9400
1785147145.674186,8499,9700,3705,2477,129.7100,0.9400
1785147145.699441,8480,9700,3734,2458,129.8300,0.9400
1785147145.725908,8480,9718,3724,2439,129.8300,0.9400
1785147145.750161,8508,9756,3743,2477,124.4200,0.9400
1785147145.775183,8602,9718,3724,2401,124.4200,0.9400
1785147145.801742,8508,9728,3743,2758,124.6300,0.8800
1785147145.826897,8574,9756,3696,2795,124.6300,0.8800
1785147145.851400,8574,9765,3696,2795,124.1900,0.8100
1785147145.877295,8574,9747,3743,2795,124.1900,0.8100
1785147145.902441,8574,9793,3743,2711,124.4200,0.7500
1785147145.927723,8574,9812,3724,2917,124.4200,0.7500
1785147145.954647,8574,9793,3762,2870,116.6700,0.6200
1785147145.978425,8574,9765,3696,2880,116.6700,0.6200
1785147146.003166,8536,9784,3827,2430,126.9500,0.5600
1785147146.029495,8536,9803,3696,2870,126.9500,0.5600
1785147146.054662,8593,9850,3715,2870,121.7100,0.5000
1785147146.079880,8565,9859,3780,2730,121.7100,0.5000
1785147146.105286,8565,9775,3734,2795,124.4200,0.4400
1785147146.130344,8611,9803,3724,2730,124.4200,0.4400
1785147146.155702,8611,9775,3734,2711,121.7100,0.5000
1785147146.183077,8593,9812,3724,2692,121.7100,0.5000
1785147146.206425,8593,9850,3752,2627,114.0200,0.4400
1785147146.231173,8593,9831,3762,2589,114.0200,0.4400
1785147146.256298,8574,9822,3734,2636,113.1600,0.4400
1785147146.282425,8640,9803,3780,2627,113.1600,0.4400
1785147146.307348,8583,9859,3724,2533,116.3000,0.4400
1785147146.332145,8583,9812,3724,2533,116.3000,0.4400
1785147146.358203,8536,9812,3790,2505,113.6000,0.4400
1785147146.383383,8593,9803,3743,2523,113.6000,0.4400
1785147146.408517,8593,9812,3743,2477,114.0200,0.5000
1785147146.434202,8574,9793,3724,2495,114.0200,0.5000
1785147146.459225,8583,9803,3705,2448,115.9200,0.5600
1785147146.484190,8602,9803,3724,2467,115.9200,0.5600
1785147146.511393,8583,9803,3743,2439,114.0200,0.5600
1785147146.535368,8583,9784,3752,2495,114.0200,0.5600
1785147146.560143,8593,9784,3743,2467,110.4000,0.5600
1785147146.586261,8640,9784,3827,2477,110.4000,0.5600
1785147146.612338,8574,9840,3762,2505,110.8900,0.6200
1785147146.636813,8611,9803,3809,2495,110.8900,0.6200
1785147146.662772,8611,9831,3762,2448,105.4800,0.6200
1785147146.687268,8574,9765,3809,2486,105.4800,0.6200
1785147146.712849,8574,9850,3799,2486,105.4800,0.6200
1785147146.738473,8593,9850,3790,2486,105.4800,0.6200
1785147146.764916,8574,9784,3809,2533,105.4800,0.6200
1785147146.788176,8583,9793,3809,2495,105.4800,0.6200
1785147146.814201,8621,9793,3818,2533,105.4800,0.6200
1785147146.839761,8574,9812,3790,2458,105.4800,0.6200
1785147146.865223,8593,9812,3790,2505,105.4800,0.6200
1785147146.890419,8536,9812,3799,2477,105.4800,0.6200
1785147146.915166,8574,9803,3827,2514,105.4800,0.6200
1785147146.940096,8574,9831,3790,1839,105.4800,0.6200
1785147146.966503,8546,9831,3762,2486,105.4800,0.6200
1785147146.992871,8602,9803,3837,2223,105.4800,0.6200
1785147147.016179,8508,9775,3846,2486,105.4800,0.6200
1785147147.043597,8536,9803,3780,2486,20.0500,0.8800
1785147147.067414,8602,9812,3818,2486,20.0500,0.8800
1785147147.092888,8574,9859,3799,2533,5.4100,-1.3100
1785147147.118733,8574,9803,3837,2505,5.4100,-1.3100
1785147147.143643,8546,9765,3809,1970,2.7000,-4.3700
1785147147.168954,8546,9822,3799,1961,2.7000,-4.3700
1785147147.194499,8518,9869,3771,2036,5.4100,-8.5600
1785147147.219586,8499,9869,3734,1942,5.4100,-8.5600
1785147147.244383,8518,9897,3705,2026,5.4100,-13.1300
1785147147.270226,8490,9944,3734,1932,5.4100,-13.1300
1785147147.295842,8490,9944,3715,1970,0.0000,-18.0600
1785147147.321212,8546,9944,3696,1998,0.0000,-18.0600
1785147147.346242,8593,9944,3687,2036,-2.7000,-22.8100
1785147147.371336,8565,9850,3734,2045,-2.7000,-22.8100
1785147147.396461,8565,9850,3677,2036,2.7000,-27.3700
1785147147.422507,8762,9775,3687,2036,2.7000,-27.3700
1785147147.447305,8762,9812,3724,2045,0.0000,-31.8100
1785147147.472518,8565,9840,3715,2054,0.0000,-31.8100
1785147147.498156,8565,9793,3696,2007,5.4100,-36.1900
1785147147.523794,8565,9840,3705,2073,5.4100,-36.1900
1785147147.549548,8565,9793,3705,2054,-2.7000,-40.3100
1785147147.574329,8518,9793,3687,2054,-2.7000,-40.3100
1785147147.599437,8536,9793,3705,2045,-5.4100,-44.2500
1785147147.625825,8536,9793,3687,2017,-5.4100,-44.2500
1785147147.650800,8536,9803,3640,2017,-2.7000,-48.1900
1785147147.675590,8480,9822,3612,1979,-2.7000,-48.1900
1785147147.700384,8471,9869,3649,2026,-5.4100,-51.8800
1785147147.726193,8405,9812,3602,2026,-5.4100,-51.8800
1785147147.751352,8405,9831,3621,1961,-5.4100,-55.3800
1785147147.776338,8415,9840,3612,2026,-5.4100,-55.3800
1785147147.801168,8480,9822,3658,2007,-5.4100,-58.8800
1785147147.827025,8490,9906,3630,2073,-5.4100,-58.8800
1785147147.852021,8461,9897,3593,2129,-2.7000,-62.2500
1785147147.877331,8386,9915,3612,2101,-2.7000,-62.2500
1785147147.903339,8452,9915,3612,2045,-5.4100,-65.4400
1785147147.928339,8377,9990,3658,2111,-5.4100,-65.4400
1785147147.953561,8415,9925,3593,1979,-2.7000,-68.3700
1785147147.979524,8405,9925,3640,2045,-2.7000,-68.3700
1785147148.005053,8377,9831,3602,2036,0.0000,-71.1200
1785147148.029735,8368,9784,3668,2026,0.0000,-71.1200
1785147148.055337,8358,9822,3583,2007,0.0000,-73.6900
1785147148.080606,8368,9803,3649,2111,0.0000,-73.6900
1785147148.105603,8433,9850,3593,2036,-2.7000,-75.9400
1785147148.131034,8368,9822,3612,1979,-2.7000,-75.9400
1785147148.155977,8396,9831,3630,1979,0.0000,-77.8100
1785147148.181150,8302,9840,3658,2092,0.0000,-77.8100
1785147148.207622,8358,9775,3658,2045,2.7000,-79.6200
1785147148.232231,8386,9803,3621,1989,2.7000,-79.6200
1785147148.257062,8405,9718,3574,1970,-5.4100,-81.3100
1785147148.282916,8415,9822,3602,2045,-5.4100,-81.3100
1785147148.307967,8377,9822,3574,1989,2.7000,-83.0000
1785147148.333708,8415,9765,3612,2064,2.7000,-83.0000
1785147148.359730,8415,9784,3583,2036,-2.7000,-84.5600
1785147148.384191,8386,9747,3583,2036,-2.7000,-84.5600
1785147148.408970,8405,9775,3602,2045,2.7000,-86.1200
1785147148.435241,8443,9737,3602,2026,2.7000,-86.1200
1785147148.461106,8433,9784,3602,2026,0.0000,-87.6900
1785147148.485163,8452,9728,3593,2036,0.0000,-87.6900
1785147148.510933,8443,9737,3621,2064,0.0000,-87.6900
1785147148.535857,8443,9775,3574,2017,0.0000,-87.6900
1785147148.561714,8405,9737,3555,2017,0.0000,-87.6900
1785147148.587431,8433,9793,3649,1979,0.0000,-87.6900
1785147148.611983,8471,9775,3612,2111,0.0000,-87.6900
1785147148.636904,8424,9822,3583,2083,0.0000,-87.6900
1785147148.662907,8424,9690,3640,2064,0.0000,-87.6900
1785147148.688359,8386,9756,3630,2148,0.0000,-87.6900
1785147148.713310,8386,9747,3602,2007,0.0000,-87.6900
1785147148.738895,8424,9784,3602,2111,0.0000,-87.6900
1785147148.764487,8471,9718,3574,2026,0.0000,-87.6900
1785147148.789735,8424,9747,3546,2036,0.0000,-87.6900
1785147148.815171,8490,9765,3546,2026,0.0000,-87.6900
1785147148.840957,8461,9831,3593,2017,2.8500,-89.5600
1785147148.865001,8461,9756,3574,2064,2.8500,-89.5600
1785147148.891510,8461,9765,3574,2017,73.0300,-90.0600
1785147148.916081,8471,9737,3668,2026,73.0300,-90.0600
1785147148.941418,8424,9756,3612,2054,76.9000,-89.8700
1785147148.966912,8424,9756,3640,2026,76.9000,-89.8700
1785147148.992068,8396,9784,3621,2083,110.4000,-90.0000
1785147149.017425,8415,9803,3658,2092,108.1900,-90.0600
1785147149.043501,8358,9775,3630,2101,108.1900,-90.0600
1785147149.067867,8405,9803,3612,2083,108.1900,-90.0600
1785147149.093429,8368,9784,3640,2017,111.3700,-90.0600
1785147149.119037,8443,9747,3649,2083,115.9200,-90.0600
1785147149.144040,8405,9747,3602,2064,115.9200,-90.0600
1785147149.169322,8396,9840,3630,2139,116.6700,-89.9400
1785147149.195616,8377,9728,3630,2092,116.6700,-89.9400
1785147149.221782,8386,9756,3658,2026,113.1600,-89.9400
1785147149.244830,8377,9756,3668,2036,113.1600,-89.9400
1785147149.272528,8358,9775,3649,2101,116.3000,-89.9400
1785147149.295899,8405,9775,3677,2026,116.3000,-89.9400
1785147149.323198,8377,9728,3649,2064,113.6000,-89.8100
1785147149.347233,8293,9784,3630,2073,113.6000,-89.8100
1785147149.373288,8349,9718,3668,2064,114.0200,-89.7500
1785147149.398122,8396,9775,3640,2092,114.0200,-89.7500
1785147149.423167,8396,9793,3649,2045,118.6800,-89.7500
1785147149.448142,8330,9737,3630,2111,118.6800,-89.7500
1785147149.474828,8358,9728,3612,2045,121.7100,-89.7500
1785147149.499153,8321,9765,3630,2017,121.7100,-89.7500
1785147149.523987,8321,9756,3715,2054,119.0100,-89.6900
1785147149.549381,8321,9775,3630,2036,119.0100,-89.6900
1785147149.575383,8330,9747,3612,2026,121.9800,-89.6200
1785147149.600770,8330,9775,3612,2017,121.9800,-89.6200
1785147149.625547,8311,9793,3658,2045,124.1900,-89.5600
1785147149.651201,8330,9784,3612,2036,124.1900,-89.5600
1785147149.675817,8358,9737,3612,2045,124.4200,-89.5000
1785147149.701228,8311,9728,3705,2092,124.4200,-89.5000
1785147149.727172,8274,9747,3640,2073,124.4200,-89.4400
1785147149.753139,8274,9747,3649,2073,124.4200,-89.4400
1785147149.778774,8302,9747,3649,2064,127.1200,-89.3700
1785147149.804884,8283,9737,3640,2017,127.1200,-89.3700
1785147149.830393,8218,9718,3649,2092,129.8300,-89.3100
1785147149.855070,8264,9681,3668,2073,129.8300,-89.3100
1785147149.880505,8274,9737,3668,2073,121.9800,-89.2500
1785147149.907054,8283,9831,3640,2064,121.9800,-89.2500
1785147149.931331,8264,9756,3630,2036,129.7100,-89.1900
1785147149.956573,8246,9718,3640,2036,129.7100,-89.1900
1785147149.981794,8283,9681,3630,2036,124.6300,-89.1900
1785147150.006492,8255,9681,3612,2054,124.6300,-89.1900
1785147150.033114,8236,9728,3658,2083,126.9500,-89.1900
1785147150.057927,8302,9728,3677,2026,126.9500,-89.1900
1785147150.083007,8246,9728,3630,2026,121.9800,-89.1200
1785147150.108169,8227,9681,3640,2045,121.9800,-89.1200
1785147150.133253,8218,9681,3630,2092,126.9500,-89.1200
1785147150.158554,8199,9681,3602,2026,126.9500,-89.1200
1785147150.184958,8246,9718,3705,1989,124.4200,-89.1900
1785147150.209580,8246,9662,3658,2045,124.4200,-89.1900
1785147150.234128,8264,9662,3687,2045,124.4200,-89.1900
1785147150.260617,8180,9709,3658,2045,124.4200,-89.1900
1785147150.284923,8302,9690,3705,2045,124.6300,-89.2500
1785147150.310092,8302,9718,3630,2045,124.6300,-89.2500
1785147150.335620,8208,9700,3658,2045,127.1200,-89.2500
1785147150.362325,8218,9700,3630,2054,127.1200,-89.2500
1785147150.387895,8227,9700,3621,2026,127.1200,-89.3100
1785147150.413367,8180,9672,3658,2036,127.1200,-89.3100
1785147150.437418,8180,9709,3602,1998,132.4700,-89.5000
1785147150.462456,8264,9681,3602,2026,132.4700,-89.5000
1785147150.488521,8180,9737,3658,2036,127.2800,-89.5600
1785147150.514196,8218,9615,3630,2026,127.2800,-89.5600
1785147150.539319,8199,9653,3602,1998,132.5300,-89.5600
1785147150.562675,8161,9625,3583,2026,132.5300,-89.5600
1785147150.590415,8199,9747,3574,2045,132.5300,-89.6200
1785147150.614671,8133,9700,3658,2036,132.5300,-89.6200
1785147150.640047,8189,9634,3630,2017,135.2300,-89.6900
1785147150.665425,8161,9615,3658,2111,135.2300,-89.6900
1785147150.692090,8161,9672,3612,2064,137.9400,-89.6900
1785147150.716026,8199,9625,3649,2101,137.9400,-89.6900
1785147150.741992,8161,9606,3734,2129,135.2300,-89.5600
1785147150.767162,8124,9634,3640,2092,135.2300,-89.5600
1785147150.790116,8142,9643,3687,2120,140.6400,-89.5600
1785147150.816000,8142,9643,3668,2139,140.6400,-89.5600
1785147150.841022,8152,9615,3677,2186,140.7500,-89.5600
1785147150.866095,8086,9559,3696,2167,140.7500,-89.5600
1785147150.891809,8180,9578,3668,2204,146.0500,-89.6200
1785147150.917640,8105,9578,3649,2167,146.0500,-89.6200
1785147150.943027,8180,9559,3677,2195,143.3500,-89.6200
1785147150.967817,8180,9634,3649,2158,145.8400,-89.6200
1785147150.992826,8180,9606,3640,2204,145.8400,-89.6200
1785147151.017745,8105,9568,3612,2158,145.8400,-89.6200
1785147151.044456,8171,9587,3612,2120,143.3500,-89.6200
1785147151.068665,8114,9587,3612,2195,143.3500,-89.6200
1785147151.093822,8161,9615,3621,2223,148.7600,-89.6900
1785147151.119670,8067,9587,3630,2158,148.7600,-89.8100
1785147151.144739,8142,9615,3640,2158,148.7600,-89.8100
1785147151.169652,8077,9559,3696,2139,148.7600,-89.8100
1785147151.196191,8096,9596,3640,2148,148.7600,-89.8700
1785147151.222538,8114,9578,3677,2148,151.4600,-89.9400
1785147151.245904,8133,9550,3687,2129,151.4600,-89.9400
1785147151.273151,8049,9540,3696,2158,151.4600,-89.9400
1785147151.296867,8077,9559,3668,2129,151.4600,-89.9400
1785147151.323514,8030,9568,3649,2186,157.3100,-90.0000
1785147151.347893,8096,9512,3649,2186,157.3100,-90.0000
1785147151.373277,8067,9540,3668,2186,154.1700,-89.9400
1785147151.397785,8096,9540,3668,2233,154.1700,-89.9400
1785147151.423674,8086,9540,3687,2158,153.8000,-89.9400
1785147151.449301,8133,9531,3705,2186,153.8000,-89.9400
1785147151.474446,8067,9587,3668,2129,154.1700,-89.9400
1785147151.499594,8133,9531,3640,2176,154.1700,-89.9400
1785147151.524577,8142,9540,3649,2083,159.5800,-89.9400
1785147151.550148,8114,9475,3687,2148,159.5800,-89.9400
1785147151.575720,8105,9550,3724,2148,156.8700,-89.9400
1785147151.600742,8049,9531,3705,2214,156.8700,-89.9400
1785147151.625558,8105,9531,3687,2129,160.0700,-89.8700
1785147151.652306,8039,9475,3677,2092,160.0700,-89.8700
1785147151.679002,8077,9493,3705,2139,156.4500,-89.8100
1785147151.702083,8067,9493,3677,2148,156.4500,-89.8100
1785147151.729041,8114,9531,3724,2204,156.8700,-89.7500
1785147151.752997,8067,9475,3696,2120,156.8700,-89.7500
1785147151.779045,8021,9456,3724,2223,165.5900,-89.6900
1785147151.803681,8077,9484,3715,2214,165.5900,-89.6900
1785147151.830771,8067,9418,3705,2120,164.4000,-89.6900
1785147151.853895,8067,9540,3649,2158,164.4000,-89.6900
1785147151.879254,8002,9484,3715,2204,167.6900,-89.6900
1785147151.905054,8021,9484,3705,2129,167.6900,-89.6900
1785147151.929695,8021,9437,3705,2186,171.1100,-89.6900
1785147151.954587,8021,9484,3668,2148,171.1100,-89.6900
1785147151.980732,8086,9475,3649,2280,169.7100,-89.6900
1785147152.006176,8030,9456,3724,2242,169.7100,-89.6900
1785147152.031194,7936,9465,3743,2158,167.6900,-89.6200
1785147152.056775,7936,9484,3668,2101,167.6900,-89.6200
1785147152.081646,8067,9418,3668,2101,170.4000,-89.6200
1785147152.106576,8067,9418,3734,2326,170.4000,-89.6200
1785147152.132822,8067,9437,3743,2139,167.6900,-89.6900
1785147152.158879,8067,9437,3696,2204,167.6900,-89.6900
1785147152.183218,7974,9399,3790,2317,178.5100,-89.6900
1785147152.208685,7955,9428,3687,2223,178.5100,-89.6900
1785147152.234208,7964,9362,3677,2242,179.3900,-89.6900
1785147152.258843,7974,9334,3705,2242,179.3900,-89.6900
1785147152.284621,8311,9390,3762,2167,172.3600,-89.6900
1785147152.309623,8049,9428,3743,2176,172.3600,-89.6900
1785147152.334688,7955,9493,3752,2223,184.9100,-89.6900
1785147152.360782,7899,9456,3715,2204,184.9100,-89.6900
1785147152.385612,8274,9399,3687,2167,181.2100,-89.6900
1785147152.410573,7983,9428,3734,2242,181.2100,-89.6900
1785147152.436667,7917,9465,3734,2186,178.5100,-89.6900
1785147152.462300,7983,9381,3771,2214,178.5100,-89.6900
1785147152.487149,7945,9672,3762,2242,181.2100,-89.7500
1785147152.512607,7936,9428,3752,2280,181.2100,-89.7500
1785147152.537561,7870,9484,3743,2223,175.0100,-89.6200
1785147152.562723,7936,9456,3715,2233,175.0100,-89.6200
1785147152.589070,7917,9353,3734,2280,181.2100,-89.5600
1785147152.613729,8180,9521,3734,2289,181.2100,-89.5600
1785147152.638554,7974,9146,3752,2326,189.3300,-89.5000
1785147152.664582,8039,9278,3724,2298,189.3300,-89.5000
1785147152.689982,8124,9353,3687,2233,192.0300,-89.4400
1785147152.714843,8077,9390,3649,2270,192.0300,-89.4400
1785147152.740592,8152,9456,3687,2195,183.9200,-89.3100
1785147152.765632,8377,8762,3743,2261,183.9200,-89.3100
1785147152.790539,8246,9287,3668,2289,192.0300,-89.2500
1785147152.816996,8330,9268,3687,2373,192.0300,-89.1900
1785147152.841548,8208,9278,3799,2317,192.0300,-89.1900
1785147152.866521,8452,9221,3762,2261,192.0300,-89.1900
1785147152.892601,7814,9221,3771,2364,192.0300,-89.0600
1785147152.917825,8039,9268,3818,2308,195.9500,-89.0000
1785147152.942724,7814,9531,3771,2345,195.9500,-89.0000
1785147152.968586,7899,9353,3715,2373,188.2700,-88.9400
1785147152.994475,8049,9371,3734,2383,188.2700,-88.9400
1785147153.018537,8255,9353,3743,2298,188.2700,-88.9400
1785147153.044808,8067,9353,3752,2364,198.7100,-88.8700
1785147153.069512,8011,9278,3724,2326,196.2200,-88.8100
1785147153.094497,7870,9418,3696,2326,196.2200,-88.8100
1785147153.119432,8330,9324,3724,2364,201.4700,-88.7500
1785147153.145793,8142,9362,3724,2373,201.4700,-88.7500
1785147153.171931,8011,9315,3677,2383,196.2200,-88.7500
1785147153.195456,7927,9315,3687,2420,196.2200,-88.7500
1785147153.222846,8189,9278,3715,2448,201.4700,-88.7500
1785147153.246767,8171,9334,3780,2570,201.4700,-88.7500
1785147153.273448,8142,9334,3818,2598,196.2200,-88.8100
1785147153.297542,8002,9306,3743,2570,196.2200,-88.8100
1785147153.322932,8002,9193,3790,2711,200.1500,-88.8700
1785147153.347933,7842,9296,3743,2533,200.1500,-88.8700
1785147153.373686,7692,9259,3809,2505,204.2300,-88.8700
1785147153.398987,7945,9259,3762,2598,204.2300,-88.8700
1785147153.423484,8255,9287,3705,2505,196.2200,-88.9400
1785147153.449536,8321,9231,3752,2533,196.2200,-88.9400
1785147153.474429,7889,9268,3734,2477,200.1500,-88.9400
1785147153.500104,8096,9287,3715,2608,200.1500,-88.9400
1785147153.525450,8293,9193,3715,2589,200.1500,-88.8700
1785147153.551026,8227,9268,3771,2664,200.1500,-88.8700
1785147153.575729,8171,9184,3734,2561,202.8500,-88.8700
1785147153.601771,8189,9184,3771,2627,202.8500,-88.8700
1785147153.627214,7908,9268,3780,2655,197.4400,-88.8700
1785147153.651532,7908,9249,3752,2739,197.4400,-88.8700
1785147153.677506,8049,9174,3799,2702,202.8500,-88.8700
1785147153.702536,7748,9174,3790,2711,202.8500,-88.8700
1785147153.727819,7852,9193,3855,2692,201.4700,-88.8700
1785147153.753449,7795,9137,3743,2739,201.4700,-88.8700
1785147153.778618,8161,9156,3809,2795,196.2200,-88.9400
1785147153.803670,7861,9202,3790,2786,196.2200,-88.9400
1785147153.829588,7899,9212,3827,2767,198.7100,-88.9400
1785147153.854876,7870,9127,3827,2777,198.7100,-88.9400
1785147153.879676,7814,9184,3818,2758,193.5700,-88.8700
1785147153.905377,7889,9193,3799,2842,193.5700,-88.8700
1785147153.930471,7748,9118,3837,2870,194.7400,-88.8100
1785147153.956710,7786,9174,3865,2833,194.7400,-88.8100
1785147153.981523,7786,9146,3818,2852,189.3300,-88.6900
1785147154.006362,7786,9137,3874,2514,189.3300,-88.6900
1785147154.031530,7889,9146,3855,2899,189.3300,-88.6200
1785147154.058931,7870,9184,3809,2833,189.3300,-88.6200
1785147154.082546,7889,9156,3818,2552,195.9500,-88.6200
1785147154.107240,7777,9109,3827,2495,195.9500,-88.6200
1785147154.133286,7824,9127,3790,2795,190.9200,-88.7500
1785147154.158325,7814,9099,3790,2795,190.9200,-88.7500
1785147154.183435,7833,9090,3827,2889,197.4400,-88.8700
1785147154.210434,7655,9137,3865,2889,197.4400,-88.8700
1785147154.234483,7673,9109,3827,2805,195.9500,-88.9400
1785147154.259235,7730,9034,3827,2805,195.9500,-88.9400
1785147154.286142,7767,9109,3799,2805,196.2200,-88.8700
1785147154.312082,7739,9146,3799,2795,196.2200,-88.8700
1785147154.335402,7720,9146,3855,2805,200.1500,-88.8700
1785147154.361282,7852,9146,3865,2795,200.1500,-88.8700
1785147154.386301,7805,9146,3837,2720,197.4400,-88.8100
1785147154.411656,7702,9146,3855,2739,197.4400,-88.8100
1785147154.437286,7598,9146,3855,2711,194.7400,-88.8100
1785147154.462277,7739,9090,3931,2842,194.7400,-88.8100
1785147154.487216,7720,9099,3818,2730,192.0300,-88.8700
1785147154.513980,7730,9090,3818,2946,192.0300,-88.8700
1785147154.538578,7664,9202,3837,2758,192.0300,-88.8700
1785147154.563244,7645,9137,3837,2373,192.0300,-88.8700
1785147154.589262,7636,9109,3837,2730,192.0300,-88.8700
1785147154.614300,7645,9127,3837,2298,192.0300,-88.8700
1785147154.639381,7608,9062,3874,2280,197.4400,-88.9400
1785147154.665451,7673,9062,3799,2383,197.4400,-88.9400
1785147154.690637,7739,9052,3874,2317,197.4400,-88.9400
1785147154.715582,7542,9071,3762,2373,197.4400,-88.9400
1785147154.740706,7645,9071,3818,2401,200.1500,-88.9400
1785147154.766970,7664,9071,3874,2486,200.1500,-88.9400
1785147154.791183,7664,9156,3912,2495,197.4400,-88.9400
1785147154.816232,7664,9156,3846,2495,197.4400,-88.9400
1785147154.842234,7664,9043,3893,2448,192.0300,-88.9400
1785147154.867420,7608,9024,3931,2448,194.7400,-88.9400
1785147154.893675,7570,9081,3893,2495,194.7400,-88.9400
1785147154.918914,7486,9034,3968,2542,194.7400,-88.9400
1785147154.943180,7570,9043,3968,2570,194.7400,-88.9400
1785147154.968316,7523,9005,3837,2702,194.7400,-88.9400
1785147154.994578,7598,9015,3818,2786,194.7400,-88.9400
1785147155.019437,7636,9043,3818,2664,198.7100,-88.9400
1785147155.044166,7608,9043,3818,2720,198.7100,-88.9400
1785147155.072835,7608,9052,3874,2749,185.6200,-88.8700
1785147155.096762,7570,8987,3874,2702,185.6200,-88.8700
1785147155.122547,7673,8987,3865,2683,194.7400,-88.8700
1785147155.146527,7608,8968,3846,2683,194.7400,-88.8700
1785147155.173926,7570,8977,3874,2636,192.0300,-88.9400
1785147155.196231,7580,8977,3827,2702,192.0300,-88.9400
1785147155.223983,7495,8968,3902,2730,197.4400,-88.9400
1785147155.247929,7570,8949,3902,2655,197.4400,-88.9400
1785147155.273917,7523,8912,3855,2627,200.1500,-88.9400
1785147155.298296,7561,8884,3846,2692,200.1500,-88.9400
1785147155.323535,7486,8968,3940,2711,194.7400,-88.9400
1785147155.349061,7505,8930,3809,2702,194.7400,-88.9400
1785147155.374433,7505,8930,3874,2645,200.1500,-88.9400
1785147155.399585,7551,8884,3893,2589,200.1500,-88.9400
1785147155.425735,7495,8912,3855,2552,186.6200,-88.8700
1785147155.450690,7589,8940,3884,2552,186.6200,-88.8700
1785147155.475609,7542,8921,3912,2523,189.3300,-88.7500
1785147155.500295,7514,8884,3893,2523,189.3300,-88.7500
1785147155.526252,7505,8874,3977,2533,183.9200,-88.7500
1785147155.551340,7495,8874,3921,2598,183.9200,-88.7500
1785147155.576391,7495,8884,3902,2561,181.2100,-88.8700
1785147155.602491,7486,8865,3968,2692,181.2100,-88.8700
1785147155.627166,7448,8855,3959,2655,181.2100,-88.9400
1785147155.652191,7533,8912,3893,2777,181.2100,-88.9400
1785147155.678719,7476,8884,3949,2833,183.9200,-89.0600
1785147155.703242,7458,8808,3987,2805,183.9200,-89.0600
1785147155.728407,7401,8827,3902,2767,183.9200,-89.0600
1785147155.754219,7476,8846,3902,2805,183.9200,-89.0600
1785147155.781325,7505,8808,3893,2777,183.9200,-89.0000
1785147155.809862,7505,8771,3959,2683,183.9200,-89.0000
1785147155.833852,7467,8855,3912,2767,178.5100,-89.0600
1785147155.857968,7458,8846,3949,2749,178.5100,-89.0600
1785147155.883309,7458,8808,3902,2749,181.2100,-89.0000
1785147155.906468,7505,8818,3931,2683,181.2100,-89.0000
1785147155.934186,7542,8827,3940,2749,182.1500,-89.0000
1785147155.957526,7486,8790,3931,2739,182.1500,-89.0000
1785147155.982420,7486,8827,3921,2749,177.6600,-88.9400
1785147156.010192,7458,8865,3931,2739,177.6600,-88.9400
1785147156.033844,7448,8818,3921,2758,183.9200,-88.9400
1785147156.058573,7420,8884,3912,2730,183.9200,-88.9400
1785147156.085275,7430,8827,3902,2824,183.9200,-89.0000
1785147156.111485,7383,8762,3912,2730,183.9200,-89.0000
1785147156.136200,7448,8790,3959,2814,184.9100,-89.0000
1785147156.160889,7448,8771,3893,2749,184.9100,-89.0000
1785147156.185923,7345,8780,3902,2786,180.3100,-88.9400
1785147156.212409,7430,8837,3949,2814,180.3100,-88.9400
1785147156.238496,7383,8771,3921,2824,186.6200,-88.9400
1785147156.263382,7373,8733,3987,2889,186.6200,-88.9400
1785147156.286611,7420,8790,3931,2833,189.3300,-89.0000
1785147156.315007,7364,8884,3959,2870,189.3300,-89.0000
1785147156.340032,7364,8799,3987,2795,192.0300,-89.0600
1785147156.363384,7326,8771,3931,2889,192.0300,-89.0600
1785147156.388684,7364,8818,3977,2880,194.7400,-89.1200
1785147156.413821,7420,8771,3959,2936,194.7400,-89.1200
1785147156.440018,7326,8743,3949,2899,200.1500,-89.1900
1785147156.464904,7373,8818,3940,2870,200.1500,-89.1900
1785147156.490305,7345,8771,3921,2946,205.5600,-89.1900
1785147156.514999,7458,8743,3968,2908,205.5600,-89.1900
1785147156.540572,7336,8743,3931,2917,201.4700,-89.1200
1785147156.565737,7411,8790,3959,2917,201.4700,-89.1200
1785147156.591424,7373,8705,3931,2983,198.8700,-89.1200
1785147156.617918,7279,8762,3996,2946,198.8700,-89.1200
1785147156.642185,7411,8715,3968,2908,200.1500,-89.0600
1785147156.667339,7345,8677,3949,2917,197.4400,-89.0600
1785147156.693473,7279,8752,3959,2889,197.4400,-89.0600
1785147156.718784,7345,8724,3977,2927,201.4700,-89.0000
1785147156.743513,7298,8705,3959,2936,201.4700,-89.0000
1785147156.768371,7298,8705,3968,2870,201.4700,-89.0000
1785147156.795255,7308,8705,3987,2880,198.8700,-89.0000
1785147156.823750,7261,8715,3959,2917,200.1500,-89.0600
1785147156.844788,7233,8583,4006,2852,200.1500,-89.0600
1785147156.869804,7242,8640,3996,2870,200.1500,-89.0600
1785147156.895812,7270,8696,4043,2861,205.5600,-89.1200
1785147156.921407,7279,8621,3987,2889,194.7400,-89.1200
1785147156.945517,7261,8658,4006,2927,194.7400,-89.1200
1785147156.970888,7270,8705,3996,2917,202.8500,-89.1200
1785147156.997498,7261,8640,4043,2880,202.8500,-89.1200
1785147157.024905,7251,8640,4034,2917,194.7400,-89.0600
1785147157.047673,7242,8640,4043,2842,194.7400,-89.0600
1785147157.076018,7233,8658,4043,2917,200.1500,-89.0600
1785147157.098436,7186,8630,3987,2908,200.1500,-89.0600
1785147157.127541,7204,8668,4052,2946,194.7400,-89.0000
1785147157.148905,7261,8630,4043,2955,194.7400,-89.0000
1785147157.176967,7167,8640,4024,2955,194.7400,-89.0000
1785147157.200115,7251,8593,4052,2955,194.7400,-89.0000
1785147157.225741,7233,8621,3996,2927,194.7400,-89.0000
1785147157.251831,7186,8658,3996,3021,194.7400,-89.0000
1785147157.275906,7195,8565,4024,3021,194.7400,-89.0000
1785147157.300318,7195,8611,3977,2936,194.7400,-89.0000
1785147157.325613,7204,8668,4006,2936,194.7400,-89.0000
1785147157.350970,7186,8658,4024,2936,194.7400,-89.0000
1785147157.375534,7233,8677,4034,2955,192.0300,-89.0600
1785147157.401435,7139,8574,4024,3011,192.0300,-89.0600
1785147157.426108,7148,8677,4006,2936,194.7400,-89.1200
1785147157.451089,7148,8583,4006,2955,194.7400,-89.1200
1785147157.477382,7195,8602,4024,3011,197.4400,-89.1200
1785147157.504105,7082,8518,4052,3049,197.4400,-89.1200
1785147157.528348,7120,8555,4062,3067,197.4400,-89.1900
1785147157.554914,7242,8536,4071,3058,197.4400,-89.1900
1785147157.579669,7195,8565,4081,3058,202.8500,-89.1900
1785147157.604651,7195,8621,4071,3058,202.8500,-89.1900
1785147157.629973,7148,8574,4090,3030,201.4700,-89.1900
1785147157.655072,7148,8602,4109,3058,201.4700,-89.1900
1785147157.681748,7120,8621,4109,3086,198.8700,-89.1200
1785147157.706763,7120,8602,4062,3105,198.8700,-89.1200
1785147157.730658,7139,8677,4118,3105,197.4400,-89.1200
1785147157.755812,7073,8536,4043,3105,197.4400,-89.1200
1785147157.781850,7139,8602,4081,3105,194.7400,-89.1200
1785147157.807431,7139,8555,4090,3114,194.7400,-89.1200
1785147157.831642,7073,8574,4081,3124,194.7400,-89.0600
1785147157.858021,7092,8536,4081,3124,194.7400,-89.0600
1785147157.882914,7186,8574,4052,3171,200.1500,-89.1200
1785147157.907265,7073,8499,4137,3143,200.1500,-89.1200
1785147157.934363,7139,8546,4052,3143,189.3300,-89.1200
1785147157.958755,7148,8527,4099,3114,189.3300,-89.1200
1785147157.984015,7176,8508,4081,3143,194.7400,-89.1200
1785147158.009823,7157,8527,4118,3143,194.7400,-89.1200
1785147158.035539,7082,8508,4118,3171,189.3300,-89.1200
1785147158.062085,7073,8452,4099,3152,189.3300,-89.1200
1785147158.086129,7054,8443,4099,3180,194.7400,-89.0600
1785147158.110802,7036,8480,4081,3199,194.7400,-89.0600
1785147158.135779,7007,8480,4090,3199,192.0300,-89.0600
1785147158.163207,6998,8480,4109,3199,192.0300,-89.0600
1785147158.188910,6998,8480,4109,3246,189.3300,-89.0600
1785147158.213027,6998,8480,4118,3171,189.3300,-89.0600
1785147158.238672,7036,8405,4071,3171,189.3300,-89.0000
1785147158.262625,6989,8461,4081,3189,189.3300,-89.0000
1785147158.287976,7073,8415,4099,3143,194.7400,-89.0000
1785147158.313118,7054,8452,4062,3189,194.7400,-89.0000
1785147158.338741,6989,8452,4071,3143,189.3300,-88.9400
1785147158.363271,7092,8499,4062,3189,189.3300,-88.9400
1785147158.388622,7026,8424,4081,3171,192.0300,-88.9400
1785147158.414475,7045,8415,4081,3246,192.0300,-88.9400
1785147158.439391,6998,8415,4081,3236,189.3300,-89.0000
1785147158.464069,7017,8415,4099,3218,189.3300,-89.0000
1785147158.491403,6998,8433,4137,3218,197.4400,-88.9400
1785147158.516805,7101,8405,4081,3218,197.4400,-88.9400
1785147158.541562,7045,8377,4081,3274,194.7400,-89.0000
1785147158.566848,7026,8415,4156,3283,194.7400,-89.0000
1785147158.591250,7054,8415,4146,3283,196.2200,-89.1200
1785147158.617963,7064,8386,4118,3283,193.1900,-89.3100
1785147158.642619,6960,8386,4128,3274,193.1900,-89.3100
1785147158.667671,6960,8386,4128,3264,193.1900,-89.3100
1785147158.694483,6942,8386,4156,3302,200.1500,-89.3700
1785147158.720339,6989,8358,4156,3302,197.4400,-89.4400
1785147158.744516,6942,8339,4156,3311,197.4400,-89.4400
1785147158.770029,7017,8339,4118,3321,196.2200,-89.4400
1785147158.798947,6989,8368,4193,3340,196.2200,-89.4400
1785147158.819558,7017,8433,4099,3283,196.2200,-89.4400
1785147158.844399,6979,8368,4099,3311,194.7400,-89.5000
1785147158.872184,7007,8377,4118,3330,204.2300,-89.5000
1785147158.895659,6960,8368,4128,3330,204.2300,-89.5000
1785147158.919296,6885,8358,4174,3330,200.1500,-89.5000
1785147158.944945,6914,8424,4156,3340,200.1500,-89.5000
1785147158.969932,6923,8386,4137,3377,200.1500,-89.5000
1785147158.995915,6951,8283,4165,3377,201.5300,-89.5000
1785147159.022724,6895,8377,4146,3396,198.7100,-89.5000
1785147159.045979,6867,8386,4184,3368,198.7100,-89.5000
1785147159.073560,6904,8368,4174,3424,192.0300,-89.4400
1785147159.098110,6923,8321,4174,3415,192.0300,-89.4400
1785147159.123913,6923,8311,4174,3415,200.1500,-89.4400
1785147159.147153,6923,8368,4184,3377,200.1500,-89.4400
1785147159.173166,6923,8311,4174,3452,192.0300,-89.4400
1785147159.198445,6923,8293,4221,3405,192.0300,-89.4400
1785147159.223485,6885,8396,4203,3443,194.7400,-89.3700
1785147159.249341,6885,8264,4184,3443,194.7400,-89.3700
1785147159.274462,6885,8283,4221,3499,193.5700,-89.3100
1785147159.300603,6895,8264,4212,3452,193.5700,-89.3100
1785147159.325708,6839,8311,4231,3452,197.4400,-89.1900
1785147159.350180,6810,8311,4193,3443,197.4400,-89.1900
1785147159.375030,6876,8274,4203,3443,200.1500,-89.1200
1785147159.399902,6885,8274,4193,3461,200.1500,-89.1200
1785147159.425979,6857,8236,4240,3452,195.9500,-89.0600
1785147159.451201,6857,8236,4156,3480,195.9500,-89.0600
1785147159.476637,6754,8246,4231,3461,196.2200,-89.0000
1785147159.502079,6857,8264,4231,3508,196.2200,-89.0000
1785147159.527093,6857,8171,4212,3508,204.2300,-89.0000
1785147159.552003,6745,8283,4221,3508,204.2300,-89.0000
1785147159.578532,6782,8255,4184,3461,196.2200,-89.0000
1785147159.603307,6773,8255,4184,3508,196.2200,-89.0000
1785147159.628003,6885,8199,4231,3508,204.2300,-88.9400
1785147159.655719,6885,8199,4278,3518,204.2300,-88.9400
1785147159.679717,6763,8189,4268,3452,196.2200,-88.9400
1785147159.704414,6763,8142,4268,3508,196.2200,-88.9400
1785147159.730411,6726,8142,4278,3480,204.2300,-88.9400
1785147159.755660,6745,8171,4268,3480,204.2300,-88.9400
1785147159.779950,6735,8218,4325,3480,200.1500,-88.9400
1785147159.806190,6707,8180,4296,3480,200.1500,-88.9400
1785147159.831062,6660,8283,4259,3471,200.1500,-88.9400
1785147159.855870,6773,8171,4259,3518,200.1500,-88.9400
1785147159.881905,6745,8208,4268,3537,196.2200,-88.9400
1785147159.906860,6745,8161,4306,3499,196.2200,-88.9400
1785147159.932081,6688,8227,4287,3499,204.2300,-89.0000
1785147159.957956,6698,8161,4278,3499,204.2300,-89.0000
1785147159.982843,6698,8161,4325,3537,200.1500,-89.0600
1785147160.008008,6726,8161,4325,3537,200.1500,-89.0600
1785147160.034736,6642,8189,4306,3537,200.1500,-89.0600
1785147160.059615,6717,8152,4306,3537,200.1500,-89.0600
1785147160.084205,6679,8227,4278,3630,200.1500,-89.0600
1785147160.111672,6688,8096,4334,3630,200.1500,-89.0600
1785147160.135731,6613,8142,4287,3630,202.8500,-89.0000
1785147160.162185,6604,8152,4296,3602,202.8500,-89.0000
1785147160.186084,6707,8077,4231,3602,200.1500,-89.0000
1785147160.211050,6679,8142,4287,3593,200.1500,-89.0000
1785147160.236225,6679,8133,4334,3583,200.1500,-89.0000
1785147160.262241,6632,8161,4325,3612,200.1500,-89.0000
1785147160.287341,6595,8086,4343,3612,190.9200,-88.8700
1785147160.312195,6698,8218,4315,3612,190.9200,-88.8700
1785147160.337983,6688,8218,4334,3612,197.4400,-88.8700
1785147160.363255,6632,8067,4334,3612,197.4400,-88.8700
1785147160.389079,6604,8067,4390,3668,189.3300,-88.8100
1785147160.413908,6613,8086,4325,3649,189.3300,-88.8100
1785147160.438825,6604,8114,4362,3649,194.7400,-88.8100
1785147160.463782,6538,8152,4315,3668,194.7400,-88.8100
1785147160.490047,6538,8152,4334,3715,192.0300,-88.8100
1785147160.515640,6548,8114,4371,3715,192.0300,-88.8100
1785147160.539917,6585,8142,4381,3677,195.9500,-88.8100
1785147160.565945,6576,8142,4381,3640,195.9500,-88.8100
1785147160.591432,6566,8208,4390,3752,200.1500,-88.8700
1785147160.616342,6585,8086,4371,3752,194.7400,-89.0000
1785147160.641908,6557,8114,4362,3752,194.7400,-89.0000
1785147160.667031,6604,8114,4418,3734,194.7400,-89.0000
1785147160.691773,6566,8049,4371,3734,192.0300,-89.0600
1785147160.718158,6566,8105,4362,3705,194.7400,-89.0600
1785147160.743114,6566,8161,4353,3827,194.7400,-89.0600
1785147160.767768,6595,8096,4381,3752,193.5700,-89.0600
1785147160.793755,6604,8067,4400,3780,193.5700,-89.0600
1785147160.818742,6529,8067,4390,3846,193.5700,-89.0600
1785147160.843970,6557,8067,4418,3790,201.4700,-89.0000
1785147160.873931,6557,8067,4390,3827,201.5300,-88.8700
1785147160.894676,6548,8058,4418,3827,201.5300,-88.8700
1785147160.920336,6548,7983,4353,3855,201.5300,-88.8700
1785147160.944784,6529,7964,4353,3658,200.1500,-88.8100
1785147160.973169,6520,8086,4381,3593,202.8500,-88.8700
1785147160.995732,6538,8058,4446,3621,202.8500,-88.8700
1785147161.022790,6510,8021,4400,3574,204.2300,-88.9400
1785147161.047786,6510,8021,4418,3546,204.2300,-88.9400
1785147161.074006,6520,7983,4371,3546,196.2200,-89.0000
1785147161.097273,6463,7992,4400,3527,196.2200,-89.0000
1785147161.122796,6463,8021,4400,3527,201.4700,-89.0600
1785147161.148372,6426,8021,4446,3555,201.4700,-89.0600
1785147161.173853,6454,8011,4409,3565,193.5700,-89.0000
1785147161.199054,6491,8002,4493,3565,193.5700,-89.0000
1785147161.224181,6491,7983,4437,3583,201.4700,-89.0000
1785147161.249116,6501,8077,4446,3583,201.4700,-89.0000
1785147161.275109,6501,7955,4456,3574,197.4400,-89.0000
1785147161.300209,6463,7955,4381,3602,197.4400,-89.0000
1785147161.325749,6454,7917,4418,3583,189.3300,-88.9400
1785147161.350854,6426,7917,4428,3602,189.3300,-88.9400
1785147161.376890,6445,7936,4437,3658,194.7400,-88.9400
1785147161.401553,6416,7936,4437,3621,194.7400,-88.9400
1785147161.427041,6445,7889,4475,3621,194.7400,-88.8700
1785147161.452156,6435,7880,4456,3621,194.7400,-88.8700
1785147161.477085,6445,7842,4437,3649,194.7400,-88.9400
1785147161.504026,6445,7795,4456,3621,194.7400,-88.9400
1785147161.529217,6416,7767,4465,3621,197.4400,-88.9400
1785147161.553079,6370,7777,4446,3621,197.4400,-88.9400
1785147161.578625,6435,7814,4446,3668,190.9200,-88.9400
1785147161.603654,6416,7692,4446,3658,190.9200,-88.9400
1785147161.629322,6398,7758,4484,3658,198.7100,-89.0000
1785147161.654928,6351,7636,4493,3677,198.7100,-89.0000
1785147161.679687,6341,7655,4540,3668,193.5700,-89.0000
1785147161.704684,6351,7673,4428,3687,193.5700,-89.0000
1785147161.730844,6341,7739,4522,3724,201.4700,-89.0600
1785147161.755722,6379,7636,4475,3724,201.4700,-89.0600
1785147161.781051,6370,7655,4475,3724,193.5700,-89.0600
1785147161.806756,6370,7645,4503,3724,193.5700,-89.0600
1785147161.831647,6332,7627,4493,3724,200.1500,-89.0000
1785147161.856858,6370,7627,4550,3724,200.1500,-89.0000
1785147161.882866,6341,7570,4531,3752,197.4400,-88.8700
1785147161.907629,6304,7533,4484,3762,197.4400,-88.8700
1785147161.932636,6323,7523,4484,3799,204.2300,-88.8700
1785147161.958618,6294,7570,4428,3799,204.2300,-88.8700
1785147161.984027,6294,7514,4484,3837,197.4400,-88.9400
1785147162.009527,6351,7467,4493,3809,197.4400,-88.9400
1785147162.034627,6351,7505,4503,3809,196.2200,-89.0600
1785147162.060684,6351,7514,4503,3827,196.2200,-89.0600
1785147162.084794,6351,7373,4568,3818,197.4400,-89.1200
1785147162.111010,6351,7373,4531,3865,197.4400,-89.1200
1785147162.135693,6351,7420,4522,3865,204.2300,-89.1200
1785147162.160693,6285,7420,4522,3874,204.2300,-89.1200
1785147162.186550,6304,7364,4512,3855,201.5300,-89.1200
1785147162.211832,6201,7364,4597,3865,201.5300,-89.1200
1785147162.236868,6304,7392,4540,3884,197.4400,-89.1200
1785147162.262568,6266,7345,4540,3874,197.4400,-89.1200
1785147162.287657,6257,7383,4587,3827,200.1500,-89.1900
1785147162.312697,6304,7392,4587,3949,200.1500,-89.1900
1785147162.338977,6351,7373,4587,3931,201.4700,-89.1900
1785147162.363728,6248,7401,4522,3846,201.4700,-89.1900
1785147162.388596,6248,7420,4540,3893,198.8700,-89.1200
1785147162.415149,6248,7364,4615,3884,198.8700,-89.1200
1785147162.441024,6248,7495,4653,3912,202.8500,-89.0000
1785147162.465549,6248,7430,4615,3902,202.8500,-89.0000
1785147162.489560,6219,7364,4625,3902,205.5600,-88.7500
1785147162.515828,6294,7514,4625,3931,205.5600,-88.7500
1785147162.540858,6210,7495,4606,3931,200.1500,-88.6900
1785147162.566209,6201,7186,4615,3902,200.1500,-88.6900
1785147162.591981,6182,7570,4615,3931,200.1500,-88.6900
1785147162.616796,6248,7561,4653,3912,200.1500,-88.6900
1785147162.641941,6173,7308,4615,3931,198.7100,-88.7500
1785147162.668354,6173,7617,4662,3959,193.5700,-88.8100
1785147162.693330,6219,7589,4672,3921,193.5700,-88.8100
1785147162.718018,6191,7645,4615,3959,198.7100,-88.8100
1785147162.743692,6257,7608,4606,3968,198.7100,-88.8100
1785147162.768786,6210,7317,4653,3968,198.7100,-88.8100
1785147162.794192,6257,7542,4643,3968,198.8700,-88.8700
1785147162.821836,6182,7561,4634,4015,200.1500,-88.8100
1785147162.844515,6163,7580,4643,4015,200.1500,-88.8100
1785147162.873147,6191,7580,4653,3959,202.8500,-88.6900
1785147162.895856,6135,7627,4681,3987,202.8500,-88.6900
1785147162.922425,6191,6979,4634,3987,202.8500,-88.5600
1785147162.945570,6135,7570,4634,3968,202.8500,-88.5600
1785147162.973675,6210,7551,4700,4043,198.7100,-88.6200
1785147162.996791,6135,7542,4718,4006,198.7100,-88.6200
1785147163.023530,6154,7533,4690,4024,193.5700,-88.8100
1785147163.047845,6116,7242,4690,4024,193.5700,-88.8100
1785147163.072343,6135,7589,4690,4137,201.4700,-88.9400
1785147163.097599,6116,7645,4690,4062,201.4700,-88.9400
1785147163.123626,6097,7261,4718,4052,198.8700,-89.1200
1785147163.149861,6107,7551,4718,4043,198.8700,-89.1200
1785147163.173702,6107,7261,4700,4043,200.1500,-89.1900
1785147163.199772,6088,7561,4709,4043,200.1500,-89.1900
1785147163.224348,6060,7561,4700,4043,205.5600,-89.2500
1785147163.250446,6060,7561,4700,3996,205.5600,-89.2500
1785147163.275690,6107,7514,4700,4024,200.1500,-89.1900
1785147163.300560,6069,7204,4718,4034,200.1500,-89.1900
1785147163.326029,6097,7523,4765,4043,197.4400,-89.1200
1785147163.352829,6088,7204,4709,4024,197.4400,-89.1200
1785147163.378157,6069,7551,4718,4099,200.1500,-89.1200
1785147163.401523,6088,7505,4718,4015,200.1500,-89.1200
1785147163.427479,6041,7486,4718,4062,201.4700,-89.0000
1785147163.452538,6022,7514,4718,4052,201.4700,-89.0000
1785147163.477867,6032,7505,4775,3996,196.2200,-88.9400
1785147163.503603,6097,7486,4737,4099,196.2200,-88.9400
1785147163.529383,6013,7476,4728,4081,200.1500,-88.8100
1785147163.553528,6107,7439,4756,4043,200.1500,-88.8100
1785147163.579703,6004,7514,4737,4015,197.4400,-88.8100
1785147163.605396,5976,7467,4775,4024,197.4400,-88.8100
1785147163.629540,5994,7458,4747,4071,197.4400,-88.8100
1785147163.655424,6022,7476,4756,4043,197.4400,-88.8100
1785147163.680584,5976,7448,4765,4081,197.4400,-88.8100
1785147163.705717,5985,7430,4747,4071,197.4400,-88.8100
1785147163.731477,5985,7467,4747,4071,197.4400,-88.8100
1785147163.756715,5966,7476,4756,4052,197.4400,-88.8100
1785147163.781463,5966,7486,4765,4099,194.7400,-88.8700
1785147163.807868,5900,7448,4765,4137,194.7400,-88.8700
1785147163.835026,5957,7458,4784,4099,201.4700,-88.9400
1785147163.859288,5994,7476,4822,4128,201.4700,-88.9400
1785147163.882486,5957,7476,4859,4137,196.2200,-89.0000
1785147163.910957,5938,7045,4747,4156,196.2200,-89.0000
1785147163.935800,5938,7082,4756,4156,204.2300,-88.9400
1785147163.960608,5919,7073,4784,4165,204.2300,-88.9400
1785147163.986072,5919,7448,4784,4156,196.2200,-88.9400
1785147164.010405,5957,7017,4831,4156,196.2200,-88.9400
1785147164.037385,5985,7054,4775,4099,200.1500,-88.9400
1785147164.061743,5910,6745,4794,4193,200.1500,-88.9400
1785147164.086559,5910,7045,4784,4174,200.1500,-88.8700
1785147164.113964,5900,6707,4840,4174,200.1500,-88.8700
1785147164.139807,5863,6660,4822,4193,197.4400,-88.9400
1785147164.164608,5872,7036,4812,4212,197.4400,-88.9400
1785147164.190366,5900,7054,4840,4212,200.1500,-88.9400
1785147164.213741,5882,6632,4831,4212,200.1500,-88.9400
1785147164.238839,5919,7467,4831,4212,200.1500,-89.0000
1785147164.264692,5900,6642,4812,4212,200.1500,-89.0000
1785147164.290233,5872,7036,4831,4221,202.8500,-88.9400
1785147164.315229,5910,7045,4859,4203,202.8500,-88.9400
1785147164.342576,5863,7036,4831,4221,197.4400,-88.9400
1785147164.368871,5900,6642,4840,4221,197.4400,-88.9400
1785147164.392011,5872,7017,4822,4212,200.1500,-88.9400
1785147164.417069,5863,6538,4859,4259,200.1500,-88.9400
1785147164.441652,5863,6960,4831,4259,201.4700,-89.0000
1785147164.466444,5835,6642,4840,4231,201.4700,-89.0000
1785147164.492163,5882,7036,4831,4231,196.2200,-89.0000
1785147164.517941,5854,6632,4859,4278,200.1500,-88.9400
1785147164.542355,5835,6642,4869,4287,200.1500,-88.9400
1785147164.567288,5797,6613,4869,4306,200.1500,-88.9400
1785147164.594501,5788,6557,4869,4353,202.8500,-88.9400
1785147164.624960,5760,6998,4859,4278,194.7400,-88.9400
1785147164.646009,5835,6576,4906,4306,194.7400,-88.9400
1785147164.673112,5807,6998,4869,4306,200.1500,-88.8700
1785147164.695522,5816,6632,4878,4325,200.1500,-88.8700
1785147164.720144,5816,6951,4906,4315,194.7400,-88.8100
1785147164.746119,5788,6951,4850,4287,194.7400,-88.8100
1785147164.771508,5788,6951,4869,4315,200.1500,-88.8100
1785147164.795381,5769,6951,4915,4315,200.1500,-88.8100
1785147164.821768,5750,6595,4897,4306,200.1500,-88.8100
1785147164.845626,5732,6604,4915,4381,200.1500,-88.8100
1785147164.871909,5741,6604,4887,4315,202.8500,-88.8700
1785147164.896301,5722,6998,4915,4296,202.8500,-88.8700
1785147164.922662,5760,7007,4897,4315,204.2300,-88.8700
1785147164.946409,5694,6942,4897,4334,204.2300,-88.8700
1785147164.973343,5713,6970,4915,4390,204.1800,-88.8700
1785147164.998320,5703,6979,4925,4362,204.1800,-88.8700
1785147165.022784,5722,6660,4897,4353,200.1500,-88.8700
1785147165.048607,5741,6660,4953,4362,200.1500,-88.8700
1785147165.073684,5732,7017,4953,4362,197.4400,-88.9400
1785147165.098981,5732,7270,4915,4362,197.4400,-88.9400
1785147165.124321,5741,7270,4906,4390,202.8500,-88.9400
1785147165.149337,5732,7054,4934,4353,202.8500,-88.9400
1785147165.174203,5685,7270,4944,4343,197.4400,-89.0000
1785147165.200562,5675,7308,4925,4315,197.4400,-89.0000
1785147165.225383,5685,7326,4962,4315,200.1500,-89.0600
1785147165.250755,5666,7326,4953,4334,200.1500,-89.0600
1785147165.276281,5666,7139,4972,4381,200.1500,-89.1200
1785147165.301563,5638,7036,4991,4390,200.1500,-89.1200
1785147165.326662,5638,7176,4962,4353,200.1500,-89.1200
1785147165.352264,5657,7383,4944,4362,200.1500,-89.1200
1785147165.377332,5685,7533,5019,4400,200.1500,-89.1200
1785147165.402360,5591,7139,4991,4418,200.1500,-89.1200
1785147165.427813,5647,7430,5009,4362,197.4400,-89.1900
1785147165.453434,5647,7148,5019,4390,197.4400,-89.1900
1785147165.478196,5638,7514,5009,4437,202.8500,-89.1900
1785147165.503589,5591,7354,5028,4446,202.8500,-89.1900
1785147165.529808,5591,7533,5037,4400,202.8500,-89.1200
1785147165.555469,5638,7157,5009,4409,202.8500,-89.1200
1785147165.579723,5647,7636,4981,4409,200.1500,-89.0600
1785147165.606093,5535,7514,4944,4418,200.1500,-89.0600
1785147165.631531,5628,7514,5028,4409,200.1500,-89.0000
1785147165.657418,5657,7157,5056,4400,200.1500,-89.0000
1785147165.681492,5647,7486,5056,4400,200.1500,-88.9400
1785147165.706549,5638,7514,5047,4437,200.1500,-88.9400
1785147165.731588,5553,6679,5037,4428,197.4400,-88.8700
1785147165.757615,5572,6595,5047,4437,197.4400,-88.8700
1785147165.783047,5563,6679,5056,4437,197.4400,-88.8700
1785147165.807635,5638,7007,5037,4465,197.4400,-88.8700
1785147165.833383,5582,6688,5075,4465,194.7400,-88.8700
1785147165.858699,5563,6529,5009,4465,194.7400,-88.8700
1785147165.883812,5563,6585,5094,4456,197.4400,-88.8700
1785147165.909301,5582,6613,5047,4456,197.4400,-88.8700
1785147165.934420,5582,6989,5047,4418,202.8500,-88.9400
1785147165.959123,5535,7186,5075,4437,202.8500,-88.9400
1785147165.985395,5497,6566,5037,4428,200.1500,-89.0000
1785147166.010545,5488,6557,5056,4456,200.1500,-89.0000
1785147166.035957,5478,7092,5056,4465,200.1500,-88.9400
1785147166.061192,5497,7045,5066,4465,200.1500,-88.9400
1785147166.086180,5516,6529,5112,4493,197.4400,-88.9400
1785147166.111433,5525,7101,5084,4418,197.4400,-88.9400
1785147166.137727,5535,7073,5094,4465,200.1500,-89.0000
1785147166.162260,5469,6604,5075,4428,200.1500,-89.0000
1785147166.187224,5478,6717,5056,4493,200.1500,-89.0600
1785147166.213734,5478,7082,5094,4446,200.1500,-89.0600
1785147166.238750,5516,6595,5094,4465,197.4400,-89.1200
1785147166.263299,5497,6595,5066,4437,197.4400,-89.1200
1785147166.289552,5478,6717,5103,4465,200.1500,-89.1900
1785147166.314799,5450,6688,5084,4428,200.1500,-89.1900
1785147166.339331,5516,6679,5178,4512,202.8500,-89.2500
1785147166.365235,5413,6679,5122,4400,202.8500,-89.2500
1785147166.390148,5460,6679,5112,4475,197.4400,-89.4400
1785147166.417977,5506,6688,5112,4418,197.4400,-89.5600
1785147166.442453,5488,6754,5131,4456,197.4400,-89.5600
1785147166.466106,5506,6726,5178,4400,197.4400,-89.5600
1785147166.491518,5497,7017,5131,4446,200.1500,-89.5600
1785147166.517373,5460,7054,5159,4465,200.1500,-89.5600
1785147166.542737,5441,6942,5084,4418,200.1500,-89.5600
1785147166.567527,5478,7026,5131,4428,200.1500,-89.5600
1785147166.593166,5431,7242,5169,4456,196.2200,-89.5600
1785147166.618109,5413,7336,5178,4465,196.2200,-89.5600
1785147166.644130,5422,7345,5188,4418,201.4700,-89.5600
1785147166.669320,5460,7233,5178,4446,196.2200,-89.5000
1785147166.694308,5403,7279,5188,4465,196.2200,-89.5000
1785147166.719056,5441,7214,5169,4465,201.4700,-89.3700
1785147166.745592,5394,7214,5188,4465,201.4700,-89.3700
1785147166.772273,5375,7242,5169,4409,200.1500,-89.3700
1785147166.795233,5385,7317,5197,4418,200.1500,-89.3700
1785147166.822563,5347,7017,5188,4493,197.4400,-89.3100
1785147166.846260,5347,7045,5225,4484,197.4400,-89.3100
1785147166.873718,5403,7082,5188,4503,200.1500,-89.1900
1785147166.897423,5356,7073,5206,4446,200.1500,-89.1900
1785147166.924965,5338,6998,5206,4456,198.8700,-89.1200
1785147166.947038,5422,6914,5197,4531,198.8700,-89.1200
1785147166.973511,5347,7082,5225,4493,200.1500,-89.1200
1785147166.998271,5356,6876,5244,4475,200.1500,-89.1200
1785147167.023193,5338,6792,5225,4522,206.9900,-89.0600
1785147167.049102,5338,6820,5253,4522,206.9900,-89.0600
1785147167.073987,5356,6707,5263,4475,202.8500,-89.0000
1785147167.099241,5300,6782,5225,4484,202.8500,-89.0000
1785147167.125437,5356,6782,5188,4475,202.8500,-89.0000
1785147167.150090,5291,6679,5188,4540,202.8500,-89.0000
1785147167.174945,5291,6660,5272,4512,201.5300,-88.9400
1785147167.201413,5319,6670,5234,4512,201.5300,-88.9400
1785147167.226552,5328,6688,5281,4531,209.7500,-88.8700
1785147167.251541,5309,6698,5281,4493,209.7500,-88.8700
1785147167.277028,5319,6651,5216,4587,197.4400,-88.8700
1785147167.302138,5291,6642,5206,4531,197.4400,-88.8700
1785147167.327104,5272,6642,5281,4559,194.7400,-88.9400
1785147167.353277,5300,6632,5300,4512,194.7400,-88.9400
1785147167.378138,5309,6585,5244,4597,193.5700,-89.0000
1785147167.402955,5309,6595,5272,4606,193.5700,-89.0000
1785147167.429547,5272,6520,5272,4625,201.4700,-89.0600
1785147167.454721,5253,6557,5291,4587,201.4700,-89.0600
1785147167.479076,5263,6595,5281,4662,200.1500,-89.0600
1785147167.505110,5272,6520,5281,4643,200.1500,-89.0600
1785147167.529957,5263,6445,5300,4653,197.4400,-89.0600
1785147167.555086,5253,6501,5253,4681,197.4400,-89.0600
1785147167.581089,5244,6491,5347,4643,205.5600,-89.0000
1785147167.606678,5244,6576,5281,4681,205.5600,-89.0000
1785147167.630867,5244,6463,5338,4681,202.8500,-89.0600
1785147167.657186,5244,6473,5338,4794,202.8500,-89.0600
1785147167.682327,5234,6848,5319,4794,200.1500,-89.0000
1785147167.707646,5263,6820,5338,4765,200.1500,-89.0000
1785147167.732768,5263,6491,5319,4747,202.8500,-88.8700
1785147167.758022,5178,6867,5328,4756,202.8500,-88.8700
1785147167.782903,5244,6792,5338,4765,200.1500,-88.8100
1785147167.809499,5244,6810,5356,4747,200.1500,-88.8100
1785147167.833931,5225,6745,5309,4747,197.4400,-88.8700
1785147167.859300,5188,6763,5338,4794,197.4400,-88.8700
1785147167.885014,5206,6679,5319,4803,194.7400,-88.8700
1785147167.910036,5216,6745,5319,4878,194.7400,-88.8700
1785147167.935469,5244,6895,5375,4812,194.7400,-88.8700
1785147167.959905,5178,6810,5338,4775,194.7400,-88.8700
1785147167.985953,5178,6670,5375,4784,197.4400,-88.8700
1785147168.010900,5216,6707,5338,4794,197.4400,-88.8700
1785147168.036102,5188,6623,5413,4747,197.4400,-89.0000
1785147168.061897,5169,6623,5375,4822,197.4400,-89.0000
1785147168.086845,5178,6632,5328,4765,194.7400,-89.0000
1785147168.111796,5197,6670,5347,4728,194.7400,-89.0000
1785147168.138149,5159,6651,5338,4775,197.4400,-89.0600
1785147168.163030,5197,6595,5338,4747,197.4400,-89.0600
1785147168.187920,5188,6501,5403,4784,197.4400,-89.0600
1785147168.213914,5159,6604,5347,4784,197.4400,-89.0600
1785147168.238856,5131,6642,5356,4765,192.0300,-89.0600
1785147168.264123,5159,6604,5375,4756,192.0300,-89.0600
1785147168.289883,5150,6604,5422,4756,193.5700,-89.0600
1785147168.314810,5141,6445,5403,4728,193.5700,-89.0600
1785147168.339816,5141,6548,5403,4756,200.1500,-89.0600
1785147168.366372,5178,6520,5385,4756,198.7100,-89.0600
1785147168.391099,5159,6604,5366,4775,198.7100,-89.0600
1785147168.415785,5150,6595,5422,4718,198.7100,-89.0600
1785147168.442260,5141,6566,5441,4756,196.2200,-89.1200
1785147168.468152,5103,6388,5450,4728,201.4700,-89.1900
1785147168.493143,5159,6557,5441,4765,201.4700,-89.1900
1785147168.518219,5075,6313,5431,4765,200.1500,-89.2500
1785147168.542963,5103,6642,5460,4803,200.1500,-89.2500
1785147168.568087,5112,6548,5441,4803,200.1500,-89.2500
1785147168.594676,5112,6257,5441,4775,196.2200,-89.3100
1785147168.619120,5141,6360,5431,4747,201.4700,-89.3100
1785147168.643711,5066,6154,5478,4765,201.4700,-89.3100
1785147168.670160,5103,6257,5460,4775,202.8500,-89.3100
1785147168.694813,5056,6173,5450,4840,202.8500,-89.3100
1785147168.721204,5056,6201,5469,4840,202.8500,-89.2500
1785147168.745723,5056,6116,5497,4775,202.8500,-89.2500
1785147168.772081,5019,6219,5441,4784,200.1500,-89.3100
1785147168.795800,5019,6144,5478,4803,200.1500,-89.3100
1785147168.823183,5066,6154,5497,4822,197.4400,-89.2500
1785147168.847026,4991,6135,5478,4803,197.4400,-89.2500
1785147168.872796,5009,6097,5460,4840,197.4400,-89.1200
1785147168.897767,4972,6107,5506,4822,197.4400,-89.1200
1785147168.923790,5000,6144,5478,4812,200.1500,-89.1200
1785147168.948301,4953,6144,5478,4812,200.1500,-89.1200
1785147168.973850,4981,6088,5478,4812,202.8500,-89.0600
1785147168.998914,5019,6135,5544,4812,202.8500,-89.0600
1785147169.023809,5009,6097,5516,4859,200.1500,-89.0000
1785147169.049936,4944,6097,5516,4859,200.1500,-89.0000
1785147169.075002,4981,6069,5497,4850,200.1500,-89.0000
1785147169.100411,4944,6051,5497,4869,200.1500,-89.0000
1785147169.125626,4944,6069,5544,4887,201.5300,-88.9400
1785147169.150725,4981,6051,5525,4859,201.5300,-88.9400
1785147169.176603,4991,6069,5516,4869,205.5600,-88.9400
1785147169.201425,4953,6060,5572,4887,205.5600,-88.9400
1785147169.226843,4972,6069,5572,4906,205.5600,-88.9400
1785147169.251885,4972,6060,5572,4897,205.5600,-88.9400
1785147169.276713,4972,6022,5572,4887,209.7500,-88.9400
1785147169.302886,4972,6022,5572,4887,209.7500,-88.9400
1785147169.328202,4972,6060,5657,4887,197.4400,-88.9400
1785147169.352764,4934,6069,5619,4906,197.4400,-88.9400
1785147169.379912,4906,5994,5563,4953,198.8700,-89.0000
1785147169.405128,4981,6032,5600,4906,198.8700,-89.0000
1785147169.429061,4962,6097,5544,4906,194.7400,-89.1200
1785147169.454696,4878,5976,5553,4925,194.7400,-89.1200
1785147169.479712,4878,6013,5563,4934,198.7100,-89.1900
1785147169.504705,4887,6013,5619,4972,198.7100,-89.1900
1785147169.530985,4897,5976,5563,4944,197.4400,-89.2500
1785147169.555626,4887,6004,5619,4944,197.4400,-89.2500
1785147169.580713,4878,5985,5675,4962,200.1500,-89.3100
1785147169.606938,4897,6032,5657,4962,200.1500,-89.3100
1785147169.632323,4897,5985,5628,4962,194.7400,-89.3100
1785147169.657006,4897,5966,5647,4972,194.7400,-89.3100
1785147169.682674,4869,5976,5666,5047,196.2200,-89.3100
1785147169.707732,4831,5976,5619,4991,196.2200,-89.3100
1785147169.732891,4859,5947,5647,5056,204.2300,-89.3100
1785147169.759403,4840,5985,5619,5047,204.2300,-89.3100
1785147169.783829,4859,5938,5675,5009,196.2200,-89.3100
1785147169.810378,4859,6013,5666,5037,196.2200,-89.3100
1785147169.838299,4831,6022,5666,5037,204.2300,-89.3100
1785147169.862986,4869,6051,5685,5037,204.2300,-89.3100
1785147169.886806,4812,6013,5685,5019,202.8500,-89.3100
1785147169.911998,4850,6051,5647,5037,202.8500,-89.3100
1785147169.937950,4850,6041,5685,5084,200.1500,-89.2500
1785147169.963156,4840,5976,5685,5075,200.1500,-89.2500
1785147169.988902,4812,6032,5713,5066,197.4400,-89.2500
1785147170.013310,4840,6107,5713,5066,197.4400,-89.2500
1785147170.037954,4775,6032,5694,5066,193.5700,-89.1900
1785147170.063909,4897,6088,5713,5009,193.5700,-89.1900
1785147170.090945,4897,6416,5779,5009,201.4700,-89.1200
1785147170.115342,4803,6416,5769,4981,201.4700,-89.1200
1785147170.141754,4794,6782,5769,4981,205.5600,-89.1200
1785147170.165859,4822,6717,5713,4981,205.5600,-89.1200
1785147170.192807,4822,6679,5741,5084,198.8700,-89.1200
1785147170.216711,4822,6707,5685,5047,198.8700,-89.1200
1785147170.241718,4803,6679,5769,5047,204.2300,-89.0600
1785147170.268360,4840,6313,5713,5047,196.2200,-89.0600
1785147170.294027,4812,6651,5769,5103,196.2200,-89.0600
1785147170.318173,4859,6679,5685,5131,204.2300,-89.0600
1785147170.343011,4859,6698,5713,5188,204.2300,-89.0600
1785147170.368134,4775,6660,5760,5169,204.2300,-89.0600
1785147170.393692,4747,6642,5713,5159,196.2200,-89.1200
1785147170.419199,4765,6623,5769,5216,201.4700,-89.1900
1785147170.445250,4803,6632,5741,5244,201.4700,-89.1900
1785147170.469200,4747,6632,5722,5272,201.4700,-89.1900
1785147170.494201,4737,6557,5750,5244,190.9200,-89.1900
1785147170.521075,4728,6585,5779,5225,197.4400,-89.2500
1785147170.546082,4765,6529,5750,5206,197.4400,-89.2500
1785147170.573077,4737,6538,5769,5206,197.4400,-89.3700
1785147170.594916,4747,6491,5769,4953,197.4400,-89.3700
1785147170.623020,4756,6548,5769,4944,194.7400,-89.5000
1785147170.646302,4709,6595,5769,4962,194.7400,-89.5000
1785147170.676291,4728,6491,5779,5769,189.3300,-89.5600
1785147170.696890,4756,6445,5835,5375,189.3300,-89.5600
1785147170.723789,4718,6482,5807,5375,189.3300,-89.5600
1785147170.746940,4737,6454,5788,5366,192.0300,-89.5600
1785147170.774684,4747,6454,5807,5366,189.3300,-89.6200
1785147170.798051,4672,6473,5816,5366,189.3300,-89.6200
1785147170.825632,4718,6426,5844,5394,198.7100,-89.6200
1785147170.849949,4690,6398,5882,5366,198.7100,-89.6200
1785147170.876220,4672,6388,5825,5375,206.8300,-89.6200
1785147170.899652,4672,6416,5835,5375,206.8300,-89.6200
1785147170.926310,4690,6370,5844,5394,209.7500,-89.5600
1785147170.949884,4690,6370,5807,5431,209.7500,-89.5600
1785147170.976697,4643,6341,5825,5422,208.2600,-89.4400
1785147171.001215,4643,6388,5816,5431,208.2600,-89.4400
1785147171.026485,4709,6416,5816,5488,201.5300,-89.3100
1785147171.051384,4672,6370,5825,5516,201.5300,-89.3100
1785147171.077855,4681,6341,5825,5525,205.5600,-89.2500
1785147171.102827,4643,6370,5863,5563,205.5600,-89.2500
1785147171.127364,4662,6360,5882,5469,202.8500,-89.1200
1785147171.153196,4606,6360,5844,5582,202.8500,-89.1200
1785147171.177545,4672,6379,5891,5535,208.2600,-89.0600
1785147171.203630,4634,6360,5863,5600,208.2600,-89.0600
1785147171.229197,4653,6370,5882,5563,209.7500,-89.0600
1785147171.255061,4653,6351,5957,5628,209.7500,-89.0600
1785147171.279060,4606,6285,5919,5553,216.3800,-88.9400
1785147171.305500,4606,6341,5947,5516,216.3800,-88.9400
1785147171.330242,4643,6388,5910,5591,209.4800,-88.8100
1785147171.355113,4643,6304,5938,5553,209.4800,-88.8100
1785147171.380797,4681,6304,5919,5553,204.2300,-88.6900
1785147171.406713,4625,6294,5938,5525,204.2300,-88.6900
1785147171.430768,4634,6323,5919,5610,204.1800,-88.6900
1785147171.458191,4634,6323,5938,5572,204.1800,-88.6900
1785147171.483446,4568,6313,5938,5582,202.8500,-88.7500
1785147171.507184,4597,6323,5966,5628,202.8500,-88.7500
1785147171.533559,4559,6323,5929,5628,204.2300,-88.8100
1785147171.559608,4540,6370,5994,5610,204.2300,-88.8100
1785147171.583109,4559,6351,5947,5666,202.8500,-88.9400
1785147171.610163,4578,6388,6004,5685,202.8500,-88.9400
1785147171.633826,4578,6379,5929,5703,196.2200,-89.0000
1785147171.658563,4540,6351,5985,5628,196.2200,-89.0000
1785147171.684816,4550,6398,6032,5666,204.2300,-89.0000
1785147171.709884,4475,6379,5985,5638,204.2300,-89.0000
1785147171.734866,4512,6360,6004,5675,205.5600,-88.9400
1785147171.760829,4512,6416,5985,5675,205.5600,-88.9400
1785147171.787013,4456,6445,6022,5647,198.8700,-88.8700
1785147171.813102,4540,6069,5947,5713,198.8700,-88.8700
1785147171.838019,4493,6473,6013,5694,206.9900,-88.8700
1785147171.862222,4522,6388,6004,5750,206.9900,-88.8700
1785147171.887434,4493,6398,5994,5750,193.5700,-88.8100
1785147171.913357,4484,6398,6013,5703,193.5700,-88.8100
1785147171.938461,4465,6398,6051,5694,194.7400,-88.8100
1785147171.963747,4503,6360,5976,5769,194.7400,-88.8100
1785147171.989768,4493,6426,6022,5694,192.0300,-88.7500
1785147172.014282,4503,6407,6032,5788,192.0300,-88.7500
1785147172.038767,4400,6351,6013,5694,197.4400,-88.7500
1785147172.063793,4475,6435,6051,5732,197.4400,-88.7500
1785147172.089878,4446,6341,6051,5779,189.3300,-88.8100
1785147172.115202,4475,6351,6022,5779,193.1900,-88.7500
1785147172.140587,4446,6360,6013,5741,193.1900,-88.7500
1785147172.168010,4465,6360,6004,5807,193.1900,-88.7500
1785147172.191159,4428,6360,6032,5779,188.2700,-88.7500
1785147172.216300,4465,6313,6022,5750,188.2700,-88.7500
1785147172.242327,4428,6313,6041,5788,197.4400,-88.8700
1785147172.266971,4493,6313,6060,5779,197.4400,-89.0000
1785147172.293032,4484,6313,6060,5797,197.4400,-89.0000
1785147172.317929,4400,6313,6051,5797,197.4400,-89.0000
1785147172.344490,4343,6294,6079,5797,200.1500,-89.0000
1785147172.371871,4371,6294,6041,5807,197.4400,-88.9400
1785147172.395459,4371,6238,6069,5797,197.4400,-88.9400
1785147172.420897,4390,6285,6107,5872,197.4400,-88.9400
1785147172.447119,4315,6294,6060,5872,197.4400,-88.9400
1785147172.475304,4296,6266,6097,5919,194.7400,-88.9400
1785147172.496405,4325,6266,6079,5872,194.7400,-88.9400
1785147172.521843,4296,6332,6088,5900,200.1500,-88.9400
1785147172.545802,4278,6294,6107,5919,200.1500,-88.9400
1785147172.574218,4315,6276,6079,5910,200.1500,-89.0000
1785147172.596083,4325,6248,6079,5891,200.1500,-89.0000
1785147172.627240,4362,6257,6088,5966,200.1500,-89.0000
1785147172.647555,4259,6210,6116,5919,200.1500,-89.0000
1785147172.675949,4287,6257,6107,5919,205.5600,-89.0600
1785147172.698648,4203,6257,6116,5910,205.5600,-89.0600
1785147172.725532,4259,6191,6088,5966,201.4700,-89.0600
1785147172.749575,4296,6191,6163,5938,201.4700,-89.0600
1785147172.774611,4268,6201,6126,5938,200.1500,-89.1200
1785147172.798667,4287,6182,6126,5910,200.1500,-89.1200
1785147172.826696,4287,6173,6126,5929,196.2200,-89.1900
1785147172.849972,4231,6173,6126,5929,196.2200,-89.1900
1785147172.874770,4212,6144,6135,5900,200.1500,-89.1900
1785147172.899705,4221,6182,6126,5900,200.1500,-89.1900
1785147172.927271,4259,6135,6126,5919,201.4700,-89.1200
1785147172.952776,4184,6107,6144,5900,201.4700,-89.1200
1785147172.977684,4231,6163,6173,5900,188.2700,-89.1900
1785147173.001611,4259,6135,6135,5957,188.2700,-89.1900
1785147173.026511,4240,6135,6173,5891,198.7100,-89.1900
1785147173.051675,4174,6126,6182,5919,198.7100,-89.1900
1785147173.076911,4146,6126,6182,5957,193.5700,-89.1200
1785147173.102867,4137,6163,6191,6004,193.5700,-89.1200
1785147173.128201,4128,6173,6191,5919,200.1500,-89.0600
1785147173.154554,4090,6191,6173,5985,200.1500,-89.0600
1785147173.179785,4090,6154,6144,5985,200.1500,-89.0000
1785147173.205258,4118,6238,6210,5976,200.1500,-89.0000
1785147173.228894,4184,6173,6182,6032,201.4700,-89.0000
1785147173.254737,4137,6182,6248,5938,201.4700,-89.0000
1785147173.281777,4099,6163,6163,5938,200.1500,-88.9400
1785147173.304981,4071,6144,6229,5985,200.1500,-88.9400
1785147173.330945,4118,6144,6191,5966,198.8700,-88.9400
1785147173.357552,4052,6154,6201,5966,198.8700,-88.9400
1785147173.380738,4024,6107,6238,5985,204.2300,-88.9400
1785147173.408390,4015,6144,6229,5994,204.2300,-88.9400
1785147173.432558,4081,6173,6266,6051,205.5600,-88.9400
1785147173.457730,4090,6107,6266,6022,205.5600,-88.9400
1785147173.483374,4081,6144,6248,6069,198.8700,-88.8700
1785147173.508593,4052,6126,6248,6013,198.8700,-88.8700
1785147173.533024,4024,6116,6238,6013,202.8500,-88.8700
1785147173.559394,3987,6097,6229,6013,202.8500,-88.8700
1785147173.584160,4071,6051,6294,6051,205.5600,-88.8100
1785147173.609679,4052,6069,6248,6107,205.5600,-88.8100
1785147173.635231,3968,6079,6276,6126,200.1500,-88.8100
1785147173.660213,3968,6022,6257,6182,200.1500,-88.8100
1785147173.684591,3959,6051,6294,6154,198.7100,-88.8700
1785147173.710427,3921,6051,6238,6154,198.7100,-88.8700
1785147173.736544,3977,6013,6248,6154,200.1500,-88.8700
1785147173.762941,3940,5966,6294,6163,200.1500,-88.8700
1785147173.787365,3940,5976,6276,6163,193.5700,-88.9400
1785147173.812956,3940,5976,6266,6182,193.5700,-88.9400
1785147173.837708,3921,5966,6294,6173,200.1500,-88.9400
1785147173.863637,3912,5994,6313,6210,200.1500,-88.9400
1785147173.888184,3912,6013,6351,6257,197.4400,-88.9400
1785147173.913382,3912,5994,6313,6351,197.4400,-88.9400
1785147173.938746,3949,5985,6341,6351,200.1500,-88.9400
1785147173.965414,3893,5966,6341,6351,200.1500,-88.9400
1785147173.989251,3893,5985,6332,6341,197.4400,-88.9400
1785147174.014668,3968,6004,6398,6341,197.4400,-88.9400
1785147174.040693,3874,6041,6435,6313,198.7100,-88.9400
1785147174.066521,3893,5985,6360,6097,198.8700,-88.8700
1785147174.092303,3837,5985,6360,5976,198.8700,-88.8700
1785147174.115994,3855,6032,6341,5966,198.8700,-88.8700
1785147174.140959,3874,6032,6341,5966,202.8500,-88.8100
1785147174.166424,3809,5994,6313,6032,202.8500,-88.8100
1785147174.192581,3865,5957,6370,6079,201.4700,-88.8100
1785147174.217774,3884,5976,6388,6116,200.1500,-88.8100
1785147174.243126,3799,6013,6370,6032,200.1500,-88.8100
1785147174.268780,3865,5929,6351,6051,200.1500,-88.8100
1785147174.295196,3827,5994,6341,6032,200.1500,-88.8100
1785147174.321856,3855,5938,6370,6004,193.5700,-88.8700
1785147174.344389,3809,5919,6370,5976,193.5700,-88.8700
1785147174.372046,3809,5938,6398,6013,206.9900,-88.8700
1785147174.393702,3743,5872,6407,6022,206.9900,-88.8700
1785147174.422086,3809,5929,6445,5994,201.5300,-88.9400
1785147174.446642,3827,5919,6398,5957,201.5300,-88.9400
1785147174.474349,3827,5882,6398,5966,204.2300,-88.8700
1785147174.495678,3762,5882,6435,6069,204.2300,-88.8700
1785147174.522930,3771,5882,6445,5966,198.8700,-88.8700
1785147174.547391,3799,5872,6398,6041,198.8700,-88.8700
1785147174.573560,3846,5957,6435,6088,204.2300,-88.8700
1785147174.596915,3809,5919,6426,6060,204.2300,-88.8700
1785147174.625186,3762,5957,6454,6088,205.5600,-88.8100
1785147174.648755,3752,5919,6435,6069,205.5600,-88.8100
1785147174.674834,3752,5938,6445,6154,196.2200,-88.8700
1785147174.698215,3809,5900,6463,6126,196.2200,-88.8700
1785147174.724166,3771,5882,6473,6266,189.3300,-89.0600
1785147174.747458,3818,5947,6445,6229,189.3300,-89.0600
1785147174.772318,3771,5966,6473,6266,193.1900,-89.1900
1785147174.798763,3752,5957,6501,6370,193.1900,-89.1900
1785147174.823664,3752,5985,6473,6313,194.7400,-89.4400
1785147174.848235,3752,5966,6482,6332,194.7400,-89.4400
1785147174.874399,3743,5957,6426,6285,194.7400,-89.5600
1785147174.900233,3780,5938,6463,6276,194.7400,-89.5600
1785147174.925072,3715,5910,6473,6294,198.8700,-89.6900
1785147174.950437,3762,5929,6491,6332,198.8700,-89.6900
1785147174.975497,3752,5966,6491,6379,197.4400,-89.7500
1785147175.000249,3809,5976,6491,6341,197.4400,-89.7500
1785147175.027794,3809,5957,6482,6332,206.9900,-89.7500
1785147175.051279,3734,5938,6473,6332,206.9900,-89.7500
1785147175.076557,3752,5938,6501,6351,202.8500,-89.6900
1785147175.102357,3762,5919,6501,6388,202.8500,-89.6900
1785147175.127382,3734,5976,6520,6370,201.5300,-89.6900
1785147175.152488,3780,5910,6491,6407,201.5300,-89.6900
1785147175.178266,3780,5900,6566,6313,204.2300,-89.6200
1785147175.203310,3809,5900,6501,6341,204.2300,-89.6200
1785147175.228288,3846,5929,6557,6332,200.1500,-89.5000
1785147175.254573,3734,5854,6548,6416,200.1500,-89.5000
1785147175.279215,3724,5872,6548,6416,196.2200,-89.4400
1785147175.304306,3724,5872,6520,6398,196.2200,-89.4400
1785147175.330268,3705,5910,6538,6407,197.4400,-89.3700
1785147175.355706,3827,5863,6538,6360,197.4400,-89.3700
1785147175.381148,3780,5929,6548,6407,206.9900,-89.3100
1785147175.406233,3724,5882,6604,6360,206.9900,-89.3100
1785147175.431124,3715,5872,6529,6398,200.1500,-89.3100
1785147175.456213,3715,5854,6595,6360,200.1500,-89.3100
1785147175.482535,3715,5872,6595,6388,201.5300,-89.3100
1785147175.507106,3734,5929,6548,6370,201.5300,-89.3100
1785147175.532634,3771,5910,6585,6435,206.9900,-89.2500
1785147175.558299,3762,5872,6576,6435,206.9900,-89.2500
1785147175.583688,3762,5900,6557,6473,202.8500,-89.1900
1785147175.608379,3696,5900,6604,6379,202.8500,-89.1900
1785147175.634237,3696,5910,6595,6407,201.5300,-89.1900
1785147175.659293,3677,5835,6576,6398,201.5300,-89.1900
1785147175.684139,3705,5947,6576,6426,206.9900,-89.1200
1785147175.710402,3715,5150,6576,6435,206.9900,-89.1200
1785147175.735348,3715,5450,6576,6426,202.8500,-89.0600
1785147175.760240,3724,5506,6576,6491,202.8500,-89.0600
1785147175.786145,3705,5488,6595,6435,202.8500,-89.0600
1785147175.811276,3658,5497,6576,6379,202.8500,-89.0600
1785147175.837678,3602,5497,6576,6463,198.8700,-89.1200
1785147175.862509,3668,5075,6670,6463,198.8700,-89.1200
1785147175.887253,3649,5084,6651,6491,200.1500,-89.1200
1785147175.912410,3677,5131,6604,6435,200.1500,-89.1200
1785147175.938481,3612,5066,6623,6454,200.1500,-89.1200
1785147175.963096,3668,5084,6623,6416,200.1500,-89.1200
1785147175.988569,3677,5112,6613,6501,200.1500,-89.1900
1785147176.014901,3705,5066,6642,6454,200.1500,-89.1900
1785147176.040034,3715,5066,6642,6463,192.0300,-89.2500
1785147176.066208,3677,5056,6707,6529,192.0300,-89.2500
1785147176.090213,3668,5056,6651,6491,197.4400,-89.3100
1785147176.115170,3677,5056,6651,6501,197.4400,-89.3100
1785147176.140309,3668,5075,6726,6482,189.3300,-89.3700
1785147176.166368,3640,5056,6698,6454,192.0300,-89.3700
1785147176.191842,3658,5122,6707,6548,192.0300,-89.3700
1785147176.216460,3630,5150,6726,6557,192.0300,-89.3700
1785147176.242086,3621,5159,6698,6538,197.4400,-89.3100
1785147176.268031,3612,5103,6707,6557,201.4700,-89.2500
1785147176.293342,3612,5178,6688,6576,201.4700,-89.2500
1785147176.318089,3602,5131,6679,6501,196.2200,-89.1900
1785147176.343058,3602,5178,6726,6566,196.2200,-89.1900
1785147176.367986,3658,5188,6688,6529,196.2200,-89.1900
1785147176.394813,3724,5178,6707,6566,201.4700,-89.1900
1785147176.420286,3687,5225,6717,6566,198.8700,-89.1900
1785147176.444250,3630,5169,6707,6491,198.8700,-89.1900
1785147176.471444,3640,5159,6754,6538,200.1500,-89.1900
1785147176.495865,3621,5159,6773,6585,200.1500,-89.1900
1785147176.521516,3630,5159,6773,6538,205.5600,-89.1900
1785147176.546147,3612,5103,6763,6651,205.5600,-89.1900
1785147176.572356,3630,5131,6763,6520,200.1500,-89.1900
1785147176.596117,3565,5169,6801,6576,200.1500,-89.1900
1785147176.622263,3546,5159,6763,6576,202.8500,-89.1900
1785147176.647213,3583,5141,6745,6557,202.8500,-89.1900
1785147176.672476,3583,5197,6801,6538,200.1500,-89.1200
1785147176.697952,3546,5263,6792,6679,200.1500,-89.1200
1785147176.722779,3640,5169,6782,6585,206.9900,-89.0600
1785147176.748175,3555,5169,6782,6670,206.9900,-89.0600
1785147176.773143,3593,5188,6763,6595,201.5300,-89.0600
1785147176.798978,3546,5206,6773,6651,201.5300,-89.0600
1785147176.823842,3546,5206,6829,6613,206.9900,-89.0600
1785147176.848893,3527,5216,6782,6585,206.9900,-89.0600
1785147176.875105,3546,5272,6792,6585,205.5600,-89.0600
1785147176.899833,3537,5000,6782,6613,205.5600,-89.0600
1785147176.924899,3499,5159,6763,6595,201.5300,-89.0600
1785147176.950882,3574,5244,6792,6613,201.5300,-89.0600
1785147176.976903,3537,5413,6820,6660,205.5600,-89.1200
1785147177.001403,3499,5525,6792,6632,205.5600,-89.1200
1785147177.028027,3508,5216,6810,6707,210.9700,-89.1200
1785147177.052753,3583,5347,6820,6670,210.9700,-89.1200
1785147177.077868,3490,5422,6857,6717,204.2300,-89.0600
1785147177.103553,3480,5319,6857,6717,204.2300,-89.0600
1785147177.128339,3508,5366,6867,6726,201.5300,-89.0600
1785147177.153504,3480,5553,6885,6773,201.5300,-89.0600
1785147177.178954,3480,5347,6857,6735,204.2300,-89.1200
1785147177.204066,3499,5544,6876,6717,204.2300,-89.1200
1785147177.229136,3471,5469,6876,6707,198.8700,-89.1900
1785147177.254781,3443,5506,6848,6707,198.8700,-89.1900
1785147177.279943,3433,5610,6876,6745,200.1500,-89.1200
1785147177.304830,3480,5610,6867,6782,200.1500,-89.1200
1785147177.331004,3415,5544,6867,6792,206.9900,-89.0600
1785147177.355766,3377,5478,6867,6773,206.9900,-89.0600
1785147177.380774,3452,5347,6876,6773,198.8700,-88.9400
1785147177.406754,3415,5694,6857,6867,198.8700,-88.9400
1785147177.431961,3405,5300,6876,6745,208.2600,-88.8700
1785147177.457017,3452,5703,6876,6745,208.2600,-88.8700
1785147177.482691,3415,5600,6885,6726,197.4400,-88.8100
1785147177.507692,3499,5141,6895,6726,197.4400,-88.8100
1785147177.532813,3424,5760,6895,6745,202.8500,-88.8100
1785147177.558895,3405,5309,6904,6745,202.8500,-88.8100
1785147177.583731,3405,5713,6904,6820,205.5600,-88.8700
1785147177.608721,3368,5413,6951,6820,205.5600,-88.8700
1785147177.635812,3405,5056,6914,6763,202.8500,-88.9400
1785147177.660558,3386,5075,6923,6951,202.8500,-88.9400
1785147177.685311,3358,5019,6923,6820,202.8500,-88.9400
1785147177.710783,3368,4991,6960,6839,202.8500,-88.9400
1785147177.735762,3358,4981,6942,6876,206.9900,-88.9400
1785147177.760812,3293,4981,6951,6876,206.9900,-88.9400
1785147177.787424,3311,5122,6979,6839,204.1800,-88.9400
1785147177.811997,3302,4972,6960,6867,204.1800,-88.9400
1785147177.836816,3405,5037,6923,6829,206.9900,-88.9400
1785147177.862737,3396,5619,6951,6867,206.9900,-88.9400
1785147177.888399,3293,5403,6998,6829,202.8500,-89.0000
1785147177.913508,3274,5628,6989,6839,202.8500,-89.0000
1785147177.939039,3340,5703,6998,6885,205.5600,-89.0600
1785147177.963691,3321,5713,6951,6914,205.5600,-89.0600
1785147177.989661,3358,5591,6989,6951,202.8500,-89.1200
1785147178.015067,3293,5591,6989,6970,202.8500,-89.1200
1785147178.039958,3283,5694,6979,6951,201.5300,-89.1200
1785147178.065067,3293,5610,7036,6960,201.5300,-89.1200
1785147178.090708,3311,5582,6989,6970,204.2300,-89.1200
1785147178.115898,3274,5572,6989,7045,196.2200,-89.1900
1785147178.140816,3274,5638,7007,6932,196.2200,-89.1900
1785147178.166611,3255,5713,7054,6942,196.2200,-89.1900
1785147178.191695,3264,5619,7054,7073,206.9900,-89.1900
1785147178.216655,3311,5703,7054,6914,206.9900,-89.1900
1785147178.242809,3264,5197,7007,7026,196.2200,-89.2500
1785147178.267614,3264,5506,7101,6989,200.1500,-89.1900
1785147178.292647,3358,5094,7082,6989,200.1500,-89.1900
1785147178.318640,3264,5075,7082,7092,200.1500,-89.1900
1785147178.344672,3274,5516,7007,7026,202.8500,-89.1200
1785147178.369998,3330,5075,7064,7026,202.8500,-89.0600
1785147178.394642,3255,4981,7045,7120,202.8500,-89.0600
1785147178.421788,3208,4962,7045,7101,200.1500,-89.0000
1785147178.444681,3208,4934,7045,7054,200.1500,-89.0000
1785147178.471075,3199,4944,7064,7017,200.1500,-88.9400
1785147178.495807,3199,4906,7129,7064,200.1500,-88.9400
1785147178.522272,3199,4953,7064,7073,206.9900,-88.9400
1785147178.545994,3293,4897,7082,7101,206.9900,-88.9400
1785147178.572035,3227,4887,7064,7101,202.8500,-88.9400
1785147178.596993,3171,4869,7101,7139,202.8500,-88.9400
1785147178.621669,3208,4915,7157,7120,201.5300,-89.0000
1785147178.647620,3189,4906,7092,7176,201.5300,-89.0000
1785147178.672484,3264,4869,7120,7176,202.8500,-88.9400
1785147178.697868,3208,4869,7148,7251,202.8500,-88.9400
1785147178.723613,3180,4822,7129,7167,205.5600,-88.9400
1785147178.748696,3180,4850,7101,7204,205.5600,-88.9400
1785147178.774498,3180,4887,7120,7204,205.5600,-88.9400
1785147178.799963,3189,4812,7195,7139,205.5600,-88.9400
1785147178.825503,3152,4794,7120,7139,205.5600,-88.9400
1785147178.849985,3189,4831,7120,7167,205.5600,-88.9400
1785147178.875777,3143,4822,7148,7167,204.2300,-88.9400
1785147178.902247,3208,4784,7139,7186,204.2300,-88.9400
1785147178.927480,3171,4784,7167,7176,201.5300,-88.9400
1785147178.951659,3152,4765,7101,7214,201.5300,-88.9400
1785147178.976850,3189,4765,7167,7233,200.1500,-89.0000
1785147179.001618,3161,4690,7204,7233,200.1500,-89.0000
1785147179.028556,3189,4700,7195,7317,202.8500,-89.0000
1785147179.053244,3236,4747,7167,7298,202.8500,-89.0000
1785147179.078079,3105,4747,7167,7298,202.8500,-89.0000
1785147179.103962,3133,4672,7167,7214,202.8500,-89.0000
1785147179.128630,3133,4718,7139,7214,197.4400,-89.0600
1785147179.153912,3152,4718,7204,7270,197.4400,-89.0600
1785147179.179646,3152,4756,7204,7270,200.1500,-89.1200
1785147179.204674,3086,4690,7148,7336,200.1500,-89.1200
1785147179.229735,3067,4700,7195,7383,197.4400,-89.1900
1785147179.256796,3133,4709,7223,7345,197.4400,-89.1900
1785147179.280927,3105,4737,7214,7345,206.9900,-89.1900
1785147179.306283,3171,4765,7233,7364,206.9900,-89.1900
1785147179.331740,3143,4794,7214,7383,202.8500,-89.1200
1785147179.356950,3152,4756,7223,7383,202.8500,-89.1200
1785147179.382490,3030,4728,7223,7439,193.5700,-89.1200
1785147179.407695,3067,4822,7261,7411,193.5700,-89.1200
1785147179.433207,3030,4756,7261,7458,200.1500,-89.1200
1785147179.458251,3114,4784,7251,7458,200.1500,-89.1200
1785147179.483707,3133,4840,7251,7476,198.7100,-89.1200
1785147179.509061,3114,4991,7261,7167,198.7100,-89.1200
1785147179.534005,3039,4794,7251,7514,196.2200,-89.1200
1785147179.559286,3058,5009,7270,7129,196.2200,-89.1200
1785147179.586398,3105,5084,7261,7111,201.4700,-89.1900
1785147179.610258,3039,5084,7279,6660,201.4700,-89.1900
1785147179.635331,2974,5178,7233,6660,198.8700,-89.2500
1785147179.661233,3021,5159,7261,7111,198.8700,-89.2500
1785147179.686095,3039,5263,7261,6585,197.4400,-89.3100
1785147179.711422,3011,5216,7289,6585,197.4400,-89.3100
1785147179.738800,3030,5188,7270,6642,202.8500,-89.2500
1785147179.763388,3021,5188,7270,6679,202.8500,-89.2500
1785147179.788545,2992,5075,7289,6679,206.9900,-89.2500
1785147179.814739,3011,5103,7326,7139,206.9900,-89.2500
1785147179.840106,3030,5150,7308,6717,198.8700,-89.2500
1785147179.864967,3039,5141,7354,6707,198.8700,-89.2500
1785147179.892023,3021,5103,7298,7157,204.2300,-89.2500
1785147179.916284,3030,5075,7326,7157,201.5300,-89.3100
1785147179.940862,3002,5084,7345,7157,201.5300,-89.3100
1785147179.966330,2983,5094,7345,6735,201.5300,-89.3100
1785147179.990858,2964,5084,7317,6735,200.1500,-89.3700
1785147180.016833,2964,5112,7317,6735,200.1500,-89.3700
1785147180.043029,3021,5084,7326,6735,200.1500,-89.4400
1785147180.067227,2974,5084,7383,6735,200.1500,-89.4400
1785147180.092946,3011,5084,7364,6717,200.1500,-89.4400
1785147180.117922,3030,5066,7345,6698,200.1500,-89.4400
1785147180.143496,2983,5094,7354,6698,200.1500,-89.5000
1785147180.171998,3002,5084,7354,6763,197.4400,-89.5000
1785147180.194597,2983,5047,7345,7176,197.4400,-89.5000
1785147180.220297,2992,5047,7364,6717,197.4400,-89.5600
1785147180.242743,2964,5056,7354,7148,197.4400,-89.5600
1785147180.269111,2964,5019,7411,7195,197.4400,-89.5600
1785147180.293844,2974,5037,7411,7195,197.4400,-89.5600
1785147180.320831,2946,4981,7383,7195,200.1500,-89.5600
1785147180.344559,2927,5028,7373,6754,200.1500,-89.5600
1785147180.370901,2927,5028,7383,6754,198.7100,-89.5600
1785147180.394572,2927,4991,7383,7195,198.7100,-89.5600
1785147180.421463,2974,4981,7411,7195,200.1500,-89.5600
1785147180.445636,2955,5019,7392,7195,200.1500,-89.5600
1785147180.471427,2992,5019,7448,7195,200.1500,-89.5000
1785147180.496521,3030,4981,7420,7195,200.1500,-89.5000
1785147180.521785,2983,4981,7401,6867,190.9200,-89.5000
1785147180.547248,2974,4934,7401,7289,190.9200,-89.5000
1785147180.572702,2983,4915,7401,7289,194.7400,-89.5000
1785147180.597738,2917,4981,7420,6914,194.7400,-89.5000
1785147180.624002,2946,4934,7420,6904,194.7400,-89.5000
1785147180.648970,2889,4887,7448,6904,194.7400,-89.5000
1785147180.673827,2880,4934,7458,7026,192.0300,-89.5600
1785147180.698549,2927,4915,7448,6979,192.0300,-89.5600
1785147180.725615,2880,4915,7448,7026,200.1500,-89.5000
1785147180.749989,2936,4981,7448,7092,200.1500,-89.5000
1785147180.774935,2852,4897,7467,7092,197.4400,-89.5600
1785147180.799941,2992,4944,7420,7045,197.4400,-89.5600
1785147180.825552,2917,4972,7439,7064,204.2300,-89.5600
1785147180.850504,2908,4991,7448,7092,204.2300,-89.5600
1785147180.875943,2899,4897,7467,7111,196.2200,-89.5600
1785147180.902025,2861,4850,7448,7120,196.2200,-89.5600
1785147180.926746,2917,4812,7495,7139,200.1500,-89.5600
1785147180.951867,2917,4840,7495,7120,200.1500,-89.5600
1785147180.978807,2917,4812,7476,7120,204.2300,-89.5600
1785147181.003372,2861,4869,7505,7176,204.2300,-89.5600
1785147181.027884,2880,4869,7476,7186,193.5700,-89.6200
1785147181.053712,2899,4850,7476,7186,193.5700,-89.6200
1785147181.078761,2861,4906,7505,7195,201.4700,-89.6900
1785147181.104095,2899,4859,7551,7129,201.4700,-89.6900
1785147181.129928,2880,4869,7514,7129,196.2200,-89.8100
1785147181.154737,2842,4897,7523,7214,196.2200,-89.8100
1785147181.179754,2861,4962,7533,7176,204.2300,-89.8700
1785147181.205839,2814,5075,7486,7176,204.2300,-89.8700
1785147181.230943,2861,4737,7514,7176,196.2200,-89.8700
1785147181.255520,2852,5112,7542,7186,196.2200,-89.8700
1785147181.281577,2861,4662,7570,7223,204.2300,-89.8700
1785147181.308225,2852,5131,7542,7242,204.2300,-89.8700
1785147181.332133,2852,5131,7561,7186,201.5300,-89.8700
1785147181.357577,2767,4709,7580,7186,201.5300,-89.8700
1785147181.382511,2880,4709,7580,7186,197.4400,-89.8100
1785147181.407585,2795,4709,7542,7186,197.4400,-89.8100
1785147181.434139,2795,4709,7542,7223,200.1500,-89.7500
1785147181.458793,2795,4643,7551,7223,200.1500,-89.7500
1785147181.483539,2720,4325,7551,7223,206.9900,-89.6900
1785147181.509609,2720,4953,7570,7204,206.9900,-89.6900
1785147181.534560,2767,4953,7561,7214,200.1500,-89.6200
1785147181.560000,2805,4962,7589,7186,200.1500,-89.6200
1785147181.585874,2730,4869,7589,7251,197.4400,-89.5600
1785147181.610522,2805,4944,7598,7251,197.4400,-89.5600
1785147181.637875,2758,4925,7608,7308,193.5700,-89.5000
1785147181.662443,2730,4925,7608,7308,193.5700,-89.5000
1785147181.687048,2711,4991,7664,7233,201.4700,-89.4400
1785147181.711619,2749,4944,7551,7233,201.4700,-89.4400
1785147181.737587,2730,4991,7551,7233,196.2200,-89.5000
1785147181.762527,2749,4953,7636,7233,196.2200,-89.5000
1785147181.787731,2795,4991,7627,7308,200.1500,-89.5000
1785147181.813201,2702,4962,7589,7308,200.1500,-89.5000
1785147181.838507,2702,4906,7627,7345,197.4400,-89.5000
1785147181.863578,2655,4915,7664,7308,197.4400,-89.5000
1785147181.888668,2645,4915,7645,7308,204.2300,-89.5000
1785147181.914742,2720,4887,7664,7373,204.2300,-89.5000
1785147181.939663,2692,4915,7730,7373,193.5700,-89.4400
1785147181.965011,2720,4934,7683,7373,193.5700,-89.4400
1785147181.990685,2767,4897,7655,7430,200.1500,-89.3700
1785147182.016033,2711,4915,7627,7373,201.4700,-89.3700
1785147182.041026,2636,4962,7645,7448,201.4700,-89.3700
1785147182.066787,2739,4972,7673,7439,201.4700,-89.3700
1785147182.091753,2720,5000,7692,7439,193.5700,-89.3100
1785147182.116835,2739,5037,7664,7439,193.5700,-89.3100
1785147182.143607,2692,5094,7683,7392,198.7100,-89.4400
1785147182.168242,2674,5244,7711,7392,194.7400,-89.6200
1785147182.193040,2674,5122,7673,7401,194.7400,-89.6200
1785147182.219673,2692,5169,7673,7354,194.7400,-89.6900
1785147182.243661,2711,5150,7739,7354,194.7400,-89.6900
1785147182.269926,2730,5206,7730,7420,192.0300,-89.7500
1785147182.294669,2627,5225,7683,7411,192.0300,-89.7500
1785147182.320482,2636,5244,7720,7420,192.0300,-89.7500
1785147182.344851,2617,4784,7692,7401,192.0300,-89.7500
1785147182.371559,2664,5291,7692,7401,194.7400,-89.7500
1785147182.395599,2664,5291,7692,7401,194.7400,-89.7500
1785147182.421344,2608,5291,7758,7401,190.9200,-89.7500
1785147182.446464,2617,5291,7805,7467,190.9200,-89.7500
1785147182.471931,2617,5291,7739,7467,189.3300,-89.6900
1785147182.497112,2627,5291,7739,7608,189.3300,-89.6900
1785147182.522519,2552,5291,7767,7608,193.1900,-89.6900
1785147182.547691,2580,5056,7795,7608,193.1900,-89.6900
1785147182.572642,2580,4728,7777,7608,188.2700,-89.6200
1785147182.599634,2542,5037,7777,7608,188.2700,-89.6200
1785147182.624643,2552,4747,7842,7608,193.1900,-89.6200
1785147182.648886,2570,4550,7842,7608,193.1900,-89.6200
1785147182.676255,2542,4653,7767,7608,180.3100,-89.6200
1785147182.701253,2523,4587,7833,7542,180.3100,-89.6200
1785147182.725588,2580,4962,7777,7589,186.6200,-89.6200
1785147182.750502,2580,4559,7795,7589,186.6200,-89.6200
1785147182.775414,2580,4587,7814,7608,183.9200,-89.6200
1785147182.801200,2552,4531,7777,7645,183.9200,-89.6200
1785147182.826842,2580,4597,7786,7711,183.9200,-89.6200
1785147182.851540,2458,4512,7795,7655,183.9200,-89.6200
1785147182.876485,2523,4522,7814,7683,190.4300,-89.6900
1785147182.902653,2514,5272,7824,7692,190.4300,-89.6900
1785147182.928093,2552,5300,7833,7739,185.6200,-89.6200
1785147182.952940,2523,5272,7833,7739,185.6200,-89.6200
1785147182.978908,2495,5253,7833,7739,187.6700,-89.6200
1785147183.003615,2420,5244,7833,7739,187.6700,-89.6200
1785147183.028898,2430,5169,7833,7739,182.9600,-89.6200
1785147183.054694,2505,5216,7833,7655,182.9600,-89.6200
1785147183.079777,2514,5150,7908,7655,183.9200,-89.6200
1785147183.104705,2542,5206,7805,7655,183.9200,-89.6200
1785147183.129417,2523,5159,7814,7673,186.6200,-89.6200
1785147183.156090,2561,5169,7852,7636,186.6200,-89.6200
1785147183.180711,2523,5066,7824,7711,187.6700,-89.5600
1785147183.205419,2495,5112,7852,7636,187.6700,-89.5600
1785147183.231369,2514,5000,7852,7636,180.3100,-89.6200
1785147183.256359,2505,5056,7833,7636,180.3100,-89.6200
1785147183.282479,2439,4531,7861,7636,181.2100,-89.6900
1785147183.307446,2477,4522,7889,7617,181.2100,-89.6900
1785147183.332389,2477,4062,7824,7673,187.6700,-89.7500
1785147183.357440,2477,4568,7889,7720,187.6700,-89.7500
1785147183.383665,2448,5112,7899,7739,175.0100,-89.8100
1785147183.408674,2383,4662,7870,7673,175.0100,-89.8100
1785147183.433483,2523,4681,7870,7655,181.2100,-89.8100
1785147183.459667,2467,4737,7870,7739,181.2100,-89.8100
1785147183.486092,2420,4681,7880,7720,178.5100,-89.8700
1785147183.510425,2486,4306,7880,7645,178.5100,-89.8700
1785147183.535429,2448,4747,7917,7683,178.5100,-89.8700
1785147183.560725,2401,4794,7880,7720,178.5100,-89.8700
1785147183.586510,2477,5112,7927,7683,181.2100,-89.8100
1785147183.612261,2411,4765,7927,7683,181.2100,-89.8100
1785147183.636806,2401,4334,7927,7683,175.8000,-89.8100
1785147183.662894,2392,4353,7955,7692,175.8000,-89.8100
1785147183.687530,2401,4353,7955,7692,176.6300,-89.8100
1785147183.712507,2373,4437,7964,7767,176.6300,-89.8100
1785147183.737675,2401,4381,7974,7767,175.8000,-89.7500
1785147183.763325,2411,4531,7974,7739,175.8000,-89.7500
1785147183.788330,2401,4606,7983,7739,169.7100,-89.6900
1785147183.813439,2401,4690,7936,7739,169.7100,-89.6900
1785147183.839996,2420,4634,7908,7777,176.6300,-89.6900
1785147183.864717,2383,4681,8002,7767,167.6900,-89.6900
1785147183.889469,2373,4568,7964,7777,167.6900,-89.6900
1785147183.915679,2420,4625,7983,7795,167.6900,-89.6900
1785147183.940307,2401,4597,7974,7702,170.4000,-89.7500
1785147183.965639,2392,4597,8002,7814,172.3600,-89.7500
1785147183.992122,2401,4625,7964,7833,172.3600,-89.7500
1785147184.016321,2420,4643,7983,7861,170.4000,-89.8700
1785147184.041400,2364,4578,7964,7786,170.4000,-89.8700
1785147184.068560,2383,4606,8011,7852,170.4000,-89.9400
1785147184.093202,2392,4615,8011,7852,170.4000,-89.9400
1785147184.117470,2345,4625,7983,7852,170.4000,-90.0600
1785147184.144745,2364,4484,8049,7861,170.4000,-90.0600
1785147184.170516,2345,4522,8021,7861,167.6900,-90.2500
1785147184.195386,2364,4503,8030,7861,167.6900,-90.2500
1785147184.219986,2383,4512,8021,7824,164.9900,-90.2500
1785147184.244396,2336,4475,7992,7842,164.9900,-90.2500
1785147184.270830,2355,4456,8011,7889,164.9900,-90.1900
1785147184.294370,2383,4418,8039,7805,164.9900,-90.1900
1785147184.321480,2336,4484,7992,7805,167.6900,-90.1900
1785147184.345411,2383,4456,8039,7852,167.6900,-90.1900
1785147184.371026,2308,4484,8021,7852,156.8700,-90.1900
1785147184.398070,2355,4475,8058,7833,156.8700,-90.1900
1785147184.422060,2345,4512,8030,7814,162.2800,-90.1900
1785147184.447219,2345,4503,8021,7758,162.2800,-90.1900
1785147184.472335,2317,4512,8077,7805,156.8700,-90.2500
1785147184.498214,2326,4512,8011,7692,156.8700,-90.2500
1785147184.522287,2336,4446,8039,7692,162.2800,-90.3100
1785147184.548645,2298,4428,8039,7758,162.2800,-90.3100
1785147184.573324,2308,4362,8096,7645,154.1700,-90.3100
1785147184.598328,2345,4409,8049,7683,154.1700,-90.3100
1785147184.625598,2280,4437,8086,7664,157.3100,-90.3700
1785147184.649809,2326,4428,8021,7655,157.3100,-90.3700
1785147184.676989,2270,4390,8021,7636,153.8000,-90.3100
1785147184.700389,2261,4371,8021,7777,153.8000,-90.3100
1785147184.725535,2308,4371,8105,7617,154.1700,-90.3100
1785147184.750661,2308,4428,8086,7617,154.1700,-90.3100
1785147184.776844,2289,4381,8049,7655,156.8700,-90.2500
1785147184.801367,2298,4381,8105,7655,156.8700,-90.2500
1785147184.826393,2345,4381,8114,7720,156.8700,-90.1900
1785147184.852470,2308,4381,8058,7786,156.8700,-90.1900
1785147184.877771,2298,4353,8152,7692,159.5800,-90.1900
1785147184.902673,2280,4381,8086,7739,159.5800,-90.1900
1785147184.928594,2280,4400,8086,8255,156.8700,-90.1200
1785147184.953391,2214,4475,8105,7758,156.8700,-90.1200
1785147184.978261,2270,4409,8096,7795,157.3100,-90.0600
1785147185.004756,2280,4409,8114,7758,157.3100,-90.0600
1785147185.029648,2148,4437,8058,7814,159.1000,-90.0000
1785147185.054569,2233,4278,8096,7870,159.1000,-90.0000
1785147185.080204,2298,4325,8124,7861,156.8700,-90.0000
1785147185.106580,2298,4212,8124,7833,156.8700,-90.0000
1785147185.130935,2280,4249,8124,7833,156.8700,-89.9400
1785147185.156581,2223,4259,8142,7852,156.8700,-89.9400
1785147185.181274,2214,4193,8142,7908,151.4600,-90.0000
1785147185.206959,2270,4259,8171,7908,151.4600,-90.0000
1785147185.233369,2176,4231,8142,7908,154.1700,-90.0000
1785147185.260933,2176,4240,8152,7880,154.1700,-90.0000
1785147185.286279,2251,4249,8161,7908,156.8700,-90.0000
1785147185.310808,2204,4287,8114,7945,156.8700,-90.0000
1785147185.335220,2223,4343,8180,7945,154.5500,-90.0000
1785147185.359718,2167,4362,8161,8002,154.5500,-90.0000
1785147185.386242,2195,4362,8161,8067,154.1700,-90.0600
1785147185.410857,2251,4362,8199,7992,154.1700,-90.0600
1785147185.437304,2167,4409,8133,7964,153.8000,-90.0000
1785147185.462261,2186,4456,8227,8021,153.8000,-90.0000
1785147185.487302,2101,4371,8171,8058,154.1700,-90.0000
1785147185.511899,2176,4418,8180,7983,154.1700,-90.0000
1785147185.537995,2176,4437,8161,7983,157.3100,-89.9400
1785147185.563405,2129,4390,8161,7983,157.3100,-89.9400
1785147185.588500,2186,4353,8171,7992,151.4600,-89.9400
1785147185.613708,2186,4343,8161,7992,151.4600,-89.9400
1785147185.642413,2101,4334,8189,8030,151.1400,-89.8100
1785147185.665524,2186,4325,8180,8096,157.3100,-89.7500
1785147185.688953,2158,4353,8180,8096,157.3100,-89.7500
1785147185.714954,2139,4362,8208,8114,157.3100,-89.7500
1785147185.739608,2073,4409,8236,8049,153.8000,-89.7500
1785147185.763184,2139,4400,8189,8067,153.8000,-89.7500
1785147185.789476,2186,4381,8199,8067,146.0500,-89.7500
1785147185.814441,2129,4400,8199,8077,148.7600,-89.7500
1785147185.839167,2158,4409,8199,8077,148.7600,-89.7500
1785147185.865231,2148,4353,8189,8058,148.7600,-89.7500
1785147185.890165,2158,4362,8171,8067,151.4600,-89.7500
1785147185.915432,2120,4371,8199,8030,148.7600,-89.8100
1785147185.941315,2139,4362,8274,8030,148.7600,-89.8100
1785147185.966217,2148,4325,8283,8039,151.4600,-89.8700
1785147185.991198,2111,4362,8227,8067,151.4600,-89.8700
1785147186.017439,2073,4390,8227,7974,156.8700,-89.8700
1785147186.043084,2148,4381,8246,7983,156.8700,-89.8700
1785147186.067139,2148,4343,8218,7983,148.7600,-89.9400
1785147186.093177,2083,4371,8218,7983,148.7600,-89.9400
1785147186.119869,2083,4381,8274,8058,154.1700,-89.8700
1785147186.144182,2054,4371,8264,8030,154.1700,-89.8700
1785147186.171362,2064,4390,8283,7964,151.4600,-89.8700
1785147186.194280,2092,4390,8255,8021,151.4600,-89.8700
1785147186.220685,2129,4371,8302,8030,154.5500,-89.8100
1785147186.245423,2036,4409,8255,8021,154.5500,-89.8100
1785147186.271004,2045,4400,8255,8049,143.1900,-89.8100
1785147186.295222,2036,4390,8227,7936,143.1900,-89.8100
1785147186.321330,2026,4428,8283,8039,151.4600,-89.7500
1785147186.346138,2083,4390,8218,7974,151.4600,-89.7500
1785147186.371209,2064,4362,8264,8002,146.0500,-89.6900
1785147186.397566,2054,4371,8255,7964,146.0500,-89.6900
1785147186.422099,2073,4362,8264,8386,151.4600,-89.6200
1785147186.447091,2064,4381,8264,7899,151.4600,-89.6200
1785147186.473852,2054,4334,8293,7917,151.7900,-89.6200
1785147186.498843,2073,4400,8330,7917,151.7900,-89.6200
1785147186.523301,2101,4362,8302,7870,146.0500,-89.5000
1785147186.549138,2092,4371,8255,7917,146.0500,-89.5000
1785147186.574139,2083,4400,8311,7927,148.4900,-89.4400
1785147186.599308,2083,4400,8274,7927,148.4900,-89.4400
1785147186.625252,2054,4390,8283,7899,148.7600,-89.3700
1785147186.650264,2017,4381,8264,7899,148.7600,-89.3700
1785147186.675702,2007,4400,8358,7945,148.7600,-89.3700
1785147186.701492,1998,4343,8339,7964,148.7600,-89.3700
1785147186.727329,2111,4381,8377,7983,148.7600,-89.3700
1785147186.751184,2036,4343,8349,7992,148.7600,-89.3700
1785147186.777097,2054,4362,8339,7992,151.4600,-89.3100
1785147186.802099,2045,4343,8311,8011,151.4600,-89.3100
1785147186.827353,2064,4371,8311,7974,149.0300,-89.2500
1785147186.852612,2083,4381,8311,7955,149.0300,-89.2500
1785147186.878057,2017,4343,8339,7936,145.8400,-89.2500
1785147186.903047,2092,4334,8349,7945,145.8400,-89.2500
1785147186.928575,2045,4371,8386,7908,146.2700,-89.1900
1785147186.954545,2036,4343,8358,7899,146.2700,-89.1900
1785147186.979297,2036,4362,8396,7870,146.0500,-89.1200
1785147187.004338,2026,4343,8321,7861,146.0500,-89.1200
1785147187.030917,2036,4325,8386,7842,143.1900,-89.1200
1785147187.055574,2036,4334,8358,7861,143.1900,-89.1200
1785147187.080574,2092,4343,8358,8302,140.6400,-89.1200
1785147187.106032,2101,4306,8415,8049,140.6400,-89.1200
1785147187.131013,2017,4231,8405,8049,143.5100,-89.0600
1785147187.156004,2092,4334,8415,7908,143.5100,-89.0600
1785147187.183847,1961,4259,8396,7945,135.2300,-89.0000
1785147187.207457,2026,4268,8321,8330,135.2300,-89.0000
1785147187.232745,2007,4203,8405,8339,135.2300,-89.0000
1785147187.258917,2036,4315,8452,8330,135.2300,-89.0000
1785147187.283972,2007,4184,8471,8396,146.2700,-89.1900
1785147187.308823,2026,4231,8386,7889,146.2700,-89.1900
1785147187.334314,2017,4212,8405,7889,140.5400,-89.3100
1785147187.360023,2045,4296,8396,8396,140.5400,-89.3100
1785147187.385258,2064,4249,8452,7908,137.9400,-89.3100
1785147187.411240,2054,4193,8415,8424,137.9400,-89.3100
1785147187.435078,1989,4231,8415,8424,140.6400,-89.3700
1785147187.460336,1979,4268,8415,8396,140.6400,-89.3700
1785147187.486123,2073,4240,8452,8415,140.6400,-89.3700
1785147187.511446,1998,4268,8433,8452,140.6400,-89.3700
1785147187.536658,2026,4278,8461,8471,143.3500,-89.3100
1785147187.562119,1998,4193,8386,8959,143.3500,-89.3100
1785147187.587294,1904,4240,8386,9034,140.6400,-89.3100
1785147187.612642,1979,4231,8480,9034,140.6400,-89.3100
1785147187.639073,2036,4203,8415,8959,140.7500,-89.2500
1785147187.663306,2017,4240,8386,9005,140.7500,-89.2500
1785147187.688147,1951,4165,8443,9090,135.2300,-89.2500
1785147187.714216,1989,4174,8424,8977,135.2300,-89.2500
1785147187.739317,1989,4128,8433,8940,135.2300,-89.2500
1785147187.764197,1951,4212,8433,9034,135.2300,-89.2500
1785147187.789999,1998,4165,8452,9081,135.2300,-89.2500
1785147187.814934,1998,4174,8452,9005,135.2300,-89.2500
1785147187.840298,1961,4193,8424,9005,135.2300,-89.1900
1785147187.866343,1923,4146,8471,9034,137.9900,-89.0600
1785147187.891205,1961,4165,8452,9034,137.9900,-89.0600
1785147187.916252,1989,4165,8518,9015,137.8900,-89.0600
1785147187.942055,1951,4203,8480,8977,137.8900,-89.0600
1785147187.967412,1989,4278,8471,9052,137.9400,-89.0000
1785147187.992968,1932,4174,8443,8996,137.9400,-89.0000
1785147188.018971,1970,4221,8452,8987,132.5300,-88.9400
1785147188.043064,1942,4184,8499,8996,132.5300,-88.9400
1785147188.069271,1942,4193,8461,9052,132.5300,-88.8700
1785147188.094488,1914,4193,8471,9034,132.5300,-88.8700
1785147188.120113,1998,4165,8490,9015,137.9900,-88.9400
1785147188.144285,1961,4156,8433,8987,137.9900,-88.9400
1785147188.171437,1951,4221,8508,9034,132.5800,-89.0000
1785147188.195343,1998,4146,8508,8996,132.5800,-89.0000
1785147188.221281,1951,4268,8508,8930,132.5300,-89.0600
1785147188.245859,1923,4193,8555,8968,132.5300,-89.0600
1785147188.271131,1970,4212,8480,8968,135.2300,-89.0000
1785147188.295874,1951,4137,8518,9015,135.2300,-89.0000
1785147188.322127,1904,4165,8518,9071,135.2300,-89.0000
1785147188.347215,1932,4137,8583,8518,135.2300,-89.0000
1785147188.372118,1895,4118,8527,9052,135.2300,-89.0000
1785147188.397946,1923,4156,8518,9062,135.2300,-89.0000
1785147188.423267,1979,4099,8508,8593,135.2300,-89.0000
1785147188.449206,1867,4156,8555,8602,135.2300,-89.0000
1785147188.473484,1876,4146,8527,8583,132.5300,-88.9400
1785147188.499052,1820,4090,8490,8105,132.5300,-88.9400
1785147188.524336,1895,4109,8508,8105,129.8300,-88.9400
1785147188.549861,1848,4062,8565,8189,129.8300,-88.9400
1785147188.575114,1848,4184,8536,8161,135.2300,-88.9400
1785147188.599755,1876,4118,8508,8133,135.2300,-88.9400
1785147188.624801,1829,4146,8527,8180,132.5300,-88.9400
1785147188.650927,1839,4118,8536,8687,132.5300,-88.9400
1785147188.676000,1867,4071,8602,8199,129.8300,-88.8100
1785147188.701269,1867,4034,8490,8199,129.8300,-88.8100
1785147188.726794,1848,4071,8508,8255,129.8300,-88.8700
1785147188.752056,1876,4118,8546,8255,129.8300,-88.8700
1785147188.778548,1904,4081,8546,8255,124.1900,-88.8700
1785147188.803820,1848,4062,8593,8274,124.1900,-88.8700
1785147188.829201,1876,4109,8546,8246,127.2800,-88.8100
1785147188.852809,1848,4099,8574,8311,127.2800,-88.8100
1785147188.879430,1820,4052,8518,8311,124.4200,-88.6900
1785147188.904049,1886,4034,8565,8227,124.4200,-88.6900
1785147188.929629,1848,4052,8565,8274,124.4200,-88.6900
1785147188.954815,1867,4015,8565,8302,124.4200,-88.6900
1785147188.979761,1857,4006,8574,8283,121.7100,-88.7500
1785147189.004855,1867,4062,8611,8433,121.7100,-88.7500
1785147189.031062,1839,4090,8574,8433,121.4400,-88.8100
1785147189.055967,1904,4071,8574,8433,121.4400,-88.8100
1785147189.081203,1914,4128,8611,8433,114.0200,-88.8100
1785147189.107582,1820,4099,8630,8715,114.0200,-88.8100
1785147189.133688,1857,4137,8583,8715,116.3000,-88.9400
1785147189.157614,1829,4090,8640,8302,116.3000,-88.9400
1785147189.182854,1848,4052,8611,9334,116.3000,-89.0600
1785147189.207954,1848,4081,8630,9334,116.3000,-89.0600
1785147189.233407,1876,4043,8583,8377,119.0100,-89.1200
1785147189.259444,1867,4071,8611,8311,119.0100,-89.1200
1785147189.283740,1820,4081,8602,8358,116.3000,-89.1900
1785147189.308828,1895,4052,8611,8368,116.3000,-89.1900
1785147189.335634,1829,4071,8621,8349,113.6000,-89.1200
1785147189.360484,1829,4015,8658,8368,113.6000,-89.1200
1785147189.385347,1829,4024,8621,8349,119.0100,-89.1200
1785147189.410734,1923,4006,8640,8405,119.0100,-89.1200
1785147189.435850,1867,4024,8611,8349,116.3000,-89.1900
1785147189.460814,1857,4043,8687,8396,116.3000,-89.1900
1785147189.487178,1876,4081,8611,8415,124.4200,-89.3100
1785147189.511837,1829,4052,8621,8461,124.4200,-89.3100
1785147189.536740,1867,4062,8611,8433,113.6000,-89.5000
1785147189.562734,1886,3987,8658,8433,113.6000,-89.5000
1785147189.588454,1914,4024,8658,8443,105.4800,-89.4400
1785147189.613374,1876,3987,8687,8490,105.4800,-89.4400
1785147189.638980,1942,3977,8696,8546,105.4800,-89.3700
1785147189.664031,1801,3968,8649,8518,105.4800,-89.3700
1785147189.688977,1764,4006,8724,8583,102.7800,-89.4400
1785147189.715337,1951,4006,8630,8611,110.4000,-89.5000
1785147189.739752,1876,4024,8621,8658,110.4000,-89.5000
1785147189.765361,1810,4006,8677,8658,110.4000,-89.5000
1785147189.790813,1801,4024,8705,8658,111.3700,-89.5000
1785147189.816139,1764,3940,8677,8640,110.8900,-89.5600
1785147189.841516,1754,3996,8677,8687,110.8900,-89.5600
1785147189.866795,1857,3959,8677,8715,113.6000,-89.6200
1785147189.891702,1914,4081,8724,8715,113.6000,-89.6200
1785147189.916830,1848,4034,8668,8696,113.6000,-89.6200
1785147189.943263,1895,3987,8696,8677,116.3000,-89.6900
1785147189.969270,1820,4006,8705,8696,113.6000,-89.7500
1785147189.994068,1792,4006,8677,8668,113.6000,-89.7500
1785147190.020551,1839,4006,8705,8668,119.0100,-89.7500
1785147190.044110,1726,3949,8658,8696,119.0100,-89.7500
1785147190.070602,1782,3959,8733,8658,116.3000,-89.8100
1785147190.094173,1829,4006,8733,8649,116.3000,-89.8100
1785147190.120172,1726,4024,8668,8658,113.6000,-89.8100
1785147190.144776,1707,3977,8724,8677,113.6000,-89.8100
1785147190.170861,1745,4024,8630,8677,116.3000,-89.8700
1785147190.196751,1810,3977,8630,8668,116.3000,-89.8700
1785147190.221300,1810,3949,8677,8668,115.9200,-89.8700
1785147190.245658,1820,3940,8715,8705,115.9200,-89.8700
1785147190.272301,1773,3959,8705,8687,114.0200,-89.8700
1785147190.297730,1810,3949,8733,8677,114.0200,-89.8700
1785147190.322853,1782,3959,8752,8668,116.3000,-89.8700
1785147190.347829,1810,3987,8696,8668,116.3000,-89.8700
1785147190.373141,1792,3987,8705,8715,116.3000,-89.8100
1785147190.398332,1735,3931,8658,8771,116.3000,-89.8100
1785147190.423748,1810,3987,8752,8743,116.3000,-89.8100
1785147190.449100,1810,3968,8752,8771,116.3000,-89.8100
1785147190.473894,1745,3921,8752,8808,116.3000,-89.7500
1785147190.500032,1829,3996,8705,8902,116.3000,-89.7500
1785147190.525037,1754,3987,8752,8865,116.3000,-89.8100
1785147190.549949,1773,4006,8724,8902,116.3000,-89.8100
1785147190.576233,1820,3987,8715,8893,108.1900,-89.8100
1785147190.600664,1773,3996,8743,8827,108.1900,-89.8100
1785147190.625978,1773,3949,8818,8893,115.9200,-89.8700
1785147190.652289,1735,3996,8715,8940,115.9200,-89.8700
1785147190.677414,1801,4043,8790,8884,108.7200,-89.9400
1785147190.701704,1792,3996,8724,8837,108.7200,-89.9400
1785147190.728091,1698,3996,8780,8780,110.8900,-89.9400
1785147190.755580,1698,4006,8771,8846,110.8900,-89.9400
1785147190.780800,1689,4099,8771,8790,113.6000,-90.0000
1785147190.806867,1726,4015,8799,8855,113.6000,-90.0000
1785147190.831049,1782,4062,8724,8808,108.1900,-90.0600
1785147190.855320,1782,4034,8762,8827,108.1900,-90.0600
1785147190.881168,1632,3996,8752,8818,110.4000,-90.0600
1785147190.906140,1689,4024,8743,8818,110.4000,-90.0600
1785147190.931871,1782,4043,8771,8827,111.3700,-90.1200
1785147190.957852,1707,3968,8743,8855,111.3700,-90.1200
1785147190.983002,1707,4062,8808,8808,110.4000,-90.0600
1785147191.007761,1754,4062,8762,8827,110.4000,-90.0600
1785147191.033658,1792,4034,8827,8790,108.7200,-90.1200
1785147191.058633,1726,4015,8837,8827,108.7200,-90.1200
1785147191.083707,1764,4090,8827,8790,108.7200,-90.1200
1785147191.109296,1820,3968,8827,8780,108.7200,-90.1200
1785147191.133987,1735,4034,8865,8724,108.7200,-90.1200
1785147191.160402,1782,3968,8827,8771,108.7200,-90.1200
1785147191.187189,1773,4024,8799,8743,108.7200,-90.1200
1785147191.212779,1792,4024,8818,8733,108.7200,-90.1200
1785147191.235233,1689,4024,8780,8752,108.7200,-90.1200
1785147191.260404,1726,4024,8799,8743,108.7200,-90.1200
1785147191.288055,1773,3987,8780,8743,108.7200,-90.1200
1785147191.311436,1754,4024,8837,8743,108.7200,-90.1200
1785147191.336883,1810,3977,8846,8733,108.7200,-90.1200
1785147191.362349,1717,3968,8790,8715,108.7200,-90.1200
1785147191.386887,1717,3959,8799,8687,8.7100,-90.3100
1785147191.414326,1689,4034,8799,8715,8.7100,-90.3100
1785147191.437810,1839,3968,8808,8752,5.4100,-91.6200
1785147191.463320,1773,4015,8780,8724,5.4100,-91.6200
1785147191.488831,1792,4099,8790,8724,2.7000,-94.7500
1785147191.514422,1764,3884,8799,8762,2.7000,-94.7500
1785147191.539209,1810,3912,8790,8818,5.4100,-98.6200
1785147191.564744,1754,3912,8808,8808,5.4100,-98.6200
1785147191.590129,1782,4015,8790,8827,5.4100,-103.3700
1785147191.616988,1782,4137,8865,8855,5.4100,-103.3700
1785147191.641477,1745,4090,8743,8912,-2.7000,-108.4400
1785147191.668242,1839,4043,8762,8940,-2.7000,-108.4400
1785147191.690829,1820,4118,8743,8977,2.7000,-113.5000
1785147191.715784,1773,4137,8743,8968,2.7000,-113.5000
1785147191.743885,1764,4118,8677,8968,-2.7000,-118.3700
1785147191.768001,1829,4231,8649,8977,-2.7000,-118.3700
1785147191.793299,1782,4099,8630,8977,0.0000,-123.1900
1785147191.819813,1848,4099,8621,9005,0.0000,-123.1900
1785147191.844710,1782,4099,8630,9024,-2.7000,-127.7500
1785147191.868617,1810,4184,8630,8968,-2.7000,-127.7500
1785147191.894900,1886,4174,8668,8977,0.0000,-132.1200
1785147191.919143,1792,4193,8677,8987,0.0000,-132.1200
1785147191.943956,1932,4203,8743,8959,-2.7000,-136.2500
1785147191.970855,1839,4128,8724,8968,-2.7000,-136.2500
1785147191.994891,1876,4165,8733,8949,5.4100,-140.1900
1785147192.021540,1904,4221,8780,8949,5.4100,-140.1900
1785147192.045731,1848,4203,8790,9015,0.0000,-143.9400
1785147192.072029,1820,4203,8733,8996,0.0000,-147.6900
1785147192.098487,1857,4240,8733,8987,0.0000,-147.6900
1785147192.123270,1895,4240,8752,8959,0.0000,-147.6900
1785147192.147558,1820,4193,8790,8912,2.7000,-151.1900
1785147192.172097,1923,4306,8808,9005,2.7000,-151.1900
1785147192.197997,1857,4240,8780,8959,0.0000,-154.5000
1785147192.223306,1895,4249,8743,8884,5.4100,-157.4400
1785147192.249193,1764,4278,8790,8912,5.4100,-157.4400
1785147192.274629,1829,4268,8780,8818,5.4100,-157.4400
1785147192.300141,1867,4268,8771,8733,2.7000,-160.1900
1785147192.328758,1848,4306,8818,8715,0.0000,-162.3700
1785147192.351709,1867,4343,8762,8696,0.0000,-162.3700
1785147192.378358,1848,4362,8762,8649,5.4100,-164.6200
1785147192.399381,1839,4400,8762,8649,5.4100,-164.6200
1785147192.427667,1848,4437,8762,8658,2.7000,-166.5600
1785147192.452137,1829,4428,8752,8705,2.7000,-166.5600
1785147192.478532,1773,3996,8762,8658,8.1100,-168.3100
1785147192.503754,1726,4456,8780,8743,8.1100,-168.3100
1785147192.530153,1792,4024,8752,8743,-5.4100,-170.1200
1785147192.552025,1829,4006,8705,8743,-5.4100,-170.1200
1785147192.581527,1839,4390,8715,8733,2.7000,-171.9400
1785147192.605592,1754,4006,8658,8808,2.7000,-171.9400
1785147192.631797,1782,3968,8696,8687,5.4100,-173.5000
1785147192.654416,1801,4268,8668,8790,5.4100,-173.5000
1785147192.678845,1792,4249,8668,8687,0.0000,-175.0600
1785147192.704725,1764,4287,8593,8743,0.0000,-175.0600
1785147192.731017,1764,4325,8630,8733,0.0000,-176.5000
1785147192.755333,1764,4193,8583,8752,0.0000,-176.5000
1785147192.780369,1735,4240,8677,8715,0.0000,-177.8700
1785147192.812627,1782,4231,8602,8733,0.0000,-177.8700
1785147192.830590,1782,4268,8583,8799,0.0000,-177.8700
1785147192.855429,1764,4221,8574,8752,0.0000,-177.8700
1785147192.881807,1801,4259,8611,8743,0.0000,-177.8700
1785147192.906558,1782,4259,8583,8743,0.0000,-177.8700
1785147192.932261,1764,4325,8583,8705,0.0000,-177.8700
1785147192.957625,1782,4240,8583,8640,0.0000,-177.8700
1785147192.983881,1782,4296,8611,8630,0.0000,-177.8700
1785147193.007880,1820,4362,9081,8611,0.0000,-177.8700
1785147193.035065,1801,4343,8996,8705,0.0000,-177.8700
1785147193.059323,1782,3949,8621,8705,0.0000,-177.8700
1785147193.083987,1801,4287,9052,8705,0.0000,-177.8700
1785147193.111654,1717,3921,8593,8640,0.0000,-177.8700
1785147193.135969,1792,4296,8611,8640,0.0000,-177.8700
1785147193.162031,1764,3931,8602,8640,3.5400,-179.5000
1785147193.184734,1782,4325,8602,8705,3.5400,-179.5000
1785147193.213950,1801,3940,8593,8705,67.6200,-180.0000
1785147193.236334,1782,3912,8640,8705,67.6200,-180.0000
1785147193.262958,1876,3518,8583,8733,79.5500,-179.8100
1785147193.287308,1876,3640,9043,8705,79.5500,-179.8100
1785147193.315289,1848,4287,8555,8705,107.6400,-179.8100
1785147193.336779,1773,3912,8574,8762,107.6400,-179.8100
1785147193.362425,1764,3949,8630,8762,105.4800,-179.9400
1785147193.390100,1726,3902,8565,8762,105.4800,-179.9400
1785147193.413755,1745,3940,8565,8762,119.0100,-179.9400
1785147193.438776,1764,3471,8508,8687,119.0100,-179.9400
1785147193.464530,1848,3527,8555,8827,113.6000,179.8700
1785147193.489996,1829,3940,8527,8827,113.6000,179.8700
1785147193.515169,1867,3490,8565,8630,119.0100,179.8100
1785147193.539543,1829,3902,8574,8790,119.0100,179.8100
1785147193.565429,1839,3480,8527,8790,116.3000,179.8100
1785147193.590831,1857,3499,8574,8808,116.3000,179.8100
1785147193.616527,1829,3508,8546,8762,121.7100,179.8700
1785147193.641346,1801,3508,8583,8762,121.7100,179.8700
1785147193.668060,1848,3527,9071,8762,119.0100,179.9400
1785147193.693603,1820,3490,8546,8762,119.0100,179.9400
1785147193.717567,1848,3565,8546,8902,129.8300,179.9400
1785147193.743150,1820,3574,8583,8762,129.8300,179.9400
1785147193.768345,1792,3565,8565,8733,129.8300,179.9400
1785147193.792900,1801,3527,8565,8733,129.8300,179.9400
1785147193.820147,1764,3546,8536,8827,129.8300,179.8100
1785147193.845904,1886,3602,8536,8827,129.8300,179.8100
1785147193.868965,1904,3593,8565,8752,135.2300,179.8100
1785147193.894961,1895,3687,9015,8752,135.2300,179.8100
1785147193.919411,1867,3621,8565,8865,140.6400,179.8100
1785147193.945590,1857,3612,8536,8884,140.6400,179.8100
1785147193.970810,1876,3630,8546,8827,143.3500,179.8100
1785147193.995799,1895,3621,8536,8874,143.3500,179.8100
1785147194.020927,1876,3630,8565,8855,143.3500,179.8100
1785147194.047764,1876,3630,8930,8874,143.3500,179.8100
1785147194.071852,1886,3527,8536,8818,148.7600,179.8100
1785147194.097243,1895,3583,8536,8846,148.7600,179.8100
1785147194.123857,1857,3621,8574,8808,154.1700,179.8100
1785147194.147837,1857,3602,8602,8818,154.1700,179.8100
1785147194.173294,1839,3612,8565,8818,156.4500,179.9400
1785147194.199628,1876,3640,8602,8818,156.4500,179.9400
1785147194.224571,1857,3602,8602,8818,162.2800,-180.0000
1785147194.249310,1904,3696,8555,8799,162.2800,-180.0000
1785147194.274783,1895,3630,8565,8799,164.9900,-180.0000
1785147194.300534,1914,3649,8583,8846,164.9900,-180.0000
1785147194.327645,1904,3593,8555,8865,169.7100,-180.0000
1785147194.349639,1904,3658,8536,8837,169.7100,-180.0000
1785147194.375779,1886,3724,8574,8837,173.8700,-180.0000
1785147194.400916,1895,3724,8630,8808,173.8700,-180.0000
1785147194.425722,1914,3799,8574,8808,178.5100,-179.9400
1785147194.451429,1876,3987,8583,8790,178.5100,-179.9400
1785147194.477521,1876,3837,8565,8762,183.9200,-179.8700
1785147194.502339,1904,3931,8565,8724,183.9200,-179.8700
1785147194.528309,1904,3912,8602,8752,183.9200,-179.8700
1785147194.552807,1839,3855,8508,8818,183.9200,-179.8700
1785147194.578696,1914,3874,8508,8818,189.3300,-179.8100
1785147194.604066,1904,3977,8527,8808,194.7400,-179.7500
1785147194.629724,1961,3865,8583,8827,194.7400,-179.7500
1785147194.655576,1979,3790,8546,8771,194.7400,-179.7500
1785147194.679887,1951,3874,8546,8855,197.4400,-179.6200
1785147194.704493,1886,3809,8527,8771,197.4400,-179.6200
1785147194.730201,1914,3846,8565,8771,202.8500,-179.5000
1785147194.756020,1961,3874,8583,8771,197.4400,-179.4400
1785147194.779126,1895,3818,8527,8827,197.4400,-179.4400
1785147194.804214,1895,3855,8490,8818,197.4400,-179.4400
1785147194.830508,1923,3855,8471,8846,194.7400,-179.3100
1785147194.855338,1914,3790,8452,8827,197.4400,-179.1900
1785147194.880446,1923,3855,8527,8837,197.4400,-179.1900
1785147194.906166,1951,3818,8508,8837,202.8500,-179.0600
1785147194.931158,1923,3790,8499,8893,202.8500,-179.0600
1785147194.956738,1932,3874,8499,8893,202.8500,-179.0600
1785147194.982477,1951,3874,8527,8902,200.1500,-179.0000
1785147195.007178,1886,3799,8461,8959,198.8700,-178.9400
1785147195.032120,1932,3818,8555,8930,198.8700,-178.9400
1785147195.059846,1951,3799,8555,8912,206.9900,-178.9400
1785147195.083392,1951,3771,8490,8959,206.9900,-178.9400
1785147195.110301,1923,3818,8565,8949,193.5700,-178.9400
1785147195.134157,1989,3762,8565,8987,193.5700,-178.9400
1785147195.161243,1914,3743,8518,8949,198.7100,-179.0000
1785147195.184927,1942,3790,8583,8977,198.7100,-179.0000
1785147195.211343,1942,3799,8508,9005,193.5700,-178.9400
1785147195.235525,2017,3734,8490,8968,193.5700,-178.9400
1785147195.260743,1998,3696,8518,8968,195.9500,-178.9400
1785147195.286708,1970,3724,8518,8977,195.9500,-178.9400
1785147195.311546,1942,3762,8536,8977,196.2200,-178.8100
1785147195.337866,1970,3705,8499,8996,196.2200,-178.8100
1785147195.362525,2017,3734,8508,9005,198.7100,-178.8100
1785147195.387295,1932,3687,8508,9024,198.7100,-178.8100
1785147195.412261,1989,3771,8565,8977,188.2700,-178.8100
1785147195.438361,1979,3705,8621,8996,188.2700,-178.8100
1785147195.463092,1932,3705,8593,8996,195.9500,-178.8700
1785147195.488793,1951,3705,8565,8977,195.9500,-178.8700
1785147195.514176,1989,3743,8602,8996,193.5700,-178.8700
1785147195.539438,1970,3677,8480,8987,193.5700,-178.8700
1785147195.564850,1961,3696,8518,8987,201.4700,-178.8100
1785147195.589109,2017,3705,8452,9015,201.4700,-178.8100
1785147195.615101,1942,3668,8611,8987,192.0300,-178.8100
1785147195.640860,1989,3658,8565,9015,192.0300,-178.8100
1785147195.665392,2007,3640,8527,9005,194.7400,-178.8100
1785147195.691303,2036,3649,8565,9043,194.7400,-178.8100
1785147195.716081,1979,3621,8565,9015,192.0300,-178.8100
1785147195.741431,2007,3630,8518,8959,192.0300,-178.8100
1785147195.768903,1932,3649,8546,8977,197.4400,-178.8700
1785147195.792768,2026,3715,8574,8977,197.4400,-178.8700
1785147195.817172,1970,3630,8518,8968,185.6200,-178.9400
1785147195.843326,2007,3593,8499,8968,185.6200,-178.9400
1785147195.868345,1961,3593,8480,8893,193.1900,-178.8100
1785147195.893305,2036,3583,8471,8921,193.1900,-178.8100
1785147195.919164,2007,3602,8527,8930,194.7400,-178.7500
1785147195.944124,1989,3565,8518,8921,194.7400,-178.7500
1785147195.969135,2026,3668,8508,8940,197.4400,-178.6900
1785147195.995341,2036,3602,8471,8930,197.4400,-178.6900
1785147196.020313,1998,3602,8527,8921,192.0300,-178.7500
1785147196.045159,2007,3565,8490,8930,192.0300,-178.7500
1785147196.071190,2007,3583,8499,8940,192.0300,-178.8100
1785147196.096122,2007,3518,8508,8968,192.0300,-178.8100
1785147196.121305,1998,3668,8415,8959,197.4400,-178.9400
1785147196.147103,2036,3705,8452,8949,197.4400,-178.9400
1785147196.172171,1998,3658,8433,9005,189.3300,-179.1200
1785147196.197128,2017,3621,8461,8968,189.3300,-179.1200
1785147196.223834,1998,3508,8405,8987,190.9200,-179.1200
1785147196.248591,1989,3508,8480,8987,190.9200,-179.1200
1785147196.273294,1989,3593,8461,8949,204.2300,-179.1900
1785147196.299279,1961,3555,8490,8977,204.2300,-179.1900
1785147196.324244,1998,3555,8490,9015,196.2200,-179.1900
1785147196.350036,1942,3593,8565,8987,196.2200,-179.1900
1785147196.375308,2017,3480,8471,9005,201.4700,-179.1900
1785147196.400511,1989,3612,8518,9024,201.4700,-179.1900
1785147196.425167,1998,3471,8490,8996,196.2200,-179.1200
1785147196.450186,2411,3583,8480,9024,196.2200,-179.1200
1785147196.476937,2401,3461,8611,9052,201.4700,-179.1200
1785147196.501251,2007,3499,8452,9005,201.4700,-179.1200
1785147196.526154,2467,3574,8452,9052,196.2200,-179.1200
1785147196.552326,1951,3583,8499,9052,196.2200,-179.1200
1785147196.577398,2111,3508,8527,9062,201.4700,-179.0600
1785147196.602863,2073,3518,8480,9034,201.4700,-179.0600
1785147196.628383,2486,3630,8499,9071,197.4400,-179.0000
1785147196.653467,2073,3518,8499,9099,197.4400,-179.0000
1785147196.679822,2083,3443,8536,9099,190.9200,-179.0000
1785147196.704668,2523,3490,8527,9109,195.9500,-178.9400
1785147196.729283,2514,3415,8546,9109,195.9500,-178.9400
1785147196.754948,2533,3612,8546,9109,195.9500,-178.9400
1785147196.780309,2598,3546,8471,9109,200.1500,-179.0000
1785147196.806264,2411,3593,8518,9099,193.5700,-179.0000
1785147196.830408,2814,3368,8480,9099,193.5700,-179.0000
1785147196.856410,2448,3236,8452,9052,198.7100,-178.9400
1785147196.881147,2749,3264,8433,8977,198.7100,-178.9400
1785147196.906140,2842,3443,8452,9015,198.7100,-178.9400
1785147196.932453,2711,3143,8433,8959,193.5700,-178.8700
1785147196.957380,2767,3180,8424,8902,201.4700,-178.8700
1785147196.982150,2739,3105,8405,8893,201.4700,-178.8700
1785147197.009851,2720,3114,8386,8893,190.9200,-178.8700
1785147197.033514,2467,3133,8424,8865,190.9200,-178.8700
1785147197.060328,2730,3218,8396,8865,204.2300,-178.8700
1785147197.084234,2758,3621,8452,8827,204.2300,-178.8700
1785147197.110858,2720,3593,8443,8771,194.7400,-178.8700
1785147197.134764,2758,3546,8490,8837,194.7400,-178.8700
1785147197.160552,2702,3602,8443,8790,194.7400,-178.8700
1785147197.185209,2636,3518,8415,8818,194.7400,-178.8700
1785147197.210736,2627,3480,8490,8780,200.1500,-178.8700
1785147197.236216,2749,3649,8490,8780,200.1500,-178.8700
1785147197.261829,2664,3537,8480,8808,194.7400,-178.8700
1785147197.288040,2589,3443,8480,8846,194.7400,-178.8700
1785147197.313190,2655,3030,8499,8799,197.4400,-178.8100
1785147197.337194,2655,3002,8471,8865,197.4400,-178.8100
1785147197.362589,2598,3030,8433,9221,194.7400,-178.8100
1785147197.388309,2683,3067,8396,8762,194.7400,-178.8100
1785147197.413500,2636,3021,8490,8752,197.4400,-178.8700
1785147197.438240,2617,3039,8443,8658,197.4400,-178.8700
1785147197.464114,2608,3086,8461,8602,197.4400,-178.8700
1785147197.489354,2589,3049,8433,8593,197.4400,-178.8700
1785147197.514362,2645,3067,8471,8611,200.1500,-178.8700
1785147197.540081,2570,3171,8452,8658,200.1500,-178.8700
1785147197.565464,2655,3227,8461,8649,194.7400,-178.8100
1785147197.590180,2552,3171,8490,8987,194.7400,-178.8100
1785147197.615788,2533,3124,8452,8640,196.2200,-178.8700
1785147197.641344,2598,3096,8415,8743,196.2200,-178.8700
1785147197.666302,2570,3058,8499,8649,201.4700,-178.8100
1785147197.691036,2580,3077,8452,8649,201.4700,-178.8100
1785147197.717815,2617,3096,8461,8649,200.1500,-178.8100
1785147197.743737,2598,3086,8424,9334,200.1500,-178.8100
1785147197.767146,2580,3086,8443,9334,197.4400,-178.8100
1785147197.793152,2561,3124,8415,8687,197.4400,-178.8100
1785147197.818172,2570,3086,8452,8959,197.4400,-178.8100
1785147197.843678,2552,3124,8461,9353,197.4400,-178.8100
1785147197.869182,2570,3396,8424,9315,197.4400,-178.8100
1785147197.894410,2608,3293,8424,9334,197.4400,-178.8100
1785147197.919006,2617,3180,8508,9343,194.7400,-178.8700
1785147197.945331,2589,3152,8471,9306,194.7400,-178.8700
1785147197.970598,2580,3340,8415,9362,194.7400,-178.8700
1785147197.996114,2617,3518,8443,9306,194.7400,-178.8700
1785147198.021198,2608,3480,8443,8949,198.8700,-178.8100
1785147198.046330,2645,3518,8424,9296,198.8700,-178.8100
1785147198.071527,2617,3283,8471,9249,201.4700,-178.7500
1785147198.097305,2533,3471,8424,8846,201.4700,-178.7500
1785147198.122092,2598,3555,8424,9231,202.8500,-178.7500
1785147198.147060,2552,3490,8424,9268,202.8500,-178.7500
1785147198.173327,2655,3180,8424,9268,194.7400,-178.8100
1785147198.199557,2636,3508,8339,9268,194.7400,-178.8100
1785147198.223774,2617,2917,8386,9249,196.2200,-178.8700
1785147198.249137,2608,2927,8386,9249,196.2200,-178.8700
1785147198.274278,2636,2917,8386,9202,195.9500,-178.9400
1785147198.299329,2608,3490,8377,9315,195.9500,-178.9400
1785147198.325181,2655,3246,8415,9324,200.1500,-179.0000
1785147198.350585,2617,3443,8339,9306,200.1500,-179.0000
1785147198.375078,2598,3443,8405,9306,197.4400,-179.0000
1785147198.401629,2664,3058,8358,9259,197.4400,-179.0000
1785147198.426386,2655,3039,8358,9259,198.8700,-179.0000
1785147198.451498,2617,3368,8452,9259,198.8700,-179.0000
1785147198.477258,2645,3077,8396,9268,198.7100,-179.0000
1785147198.502507,2627,2974,8396,9268,198.7100,-179.0000
1785147198.528319,2636,3358,8433,9212,197.4400,-178.9400
1785147198.553133,2664,3321,8424,9259,197.4400,-178.9400
1785147198.578119,2683,3349,8405,9184,197.4400,-178.8100
1785147198.603262,2664,3283,8433,9240,197.4400,-178.8100
1785147198.628010,2636,3246,8415,9240,190.9200,-178.8100
1785147198.654338,2664,3274,8443,9202,195.9500,-178.8700
1785147198.679037,2636,3218,8433,9231,195.9500,-178.8700
1785147198.704019,2720,3264,8424,9202,195.9500,-178.8700
1785147198.730068,2674,3218,8424,9231,196.2200,-178.8700
1785147198.755231,2692,3236,8424,8705,193.1900,-178.8100
1785147198.780230,2720,3208,8433,9259,193.1900,-178.8100
1785147198.807279,2720,3180,8405,9240,196.2200,-178.8100
1785147198.830977,2702,3143,8433,9231,196.2200,-178.8100
1785147198.856242,2777,3152,8452,9193,196.2200,-178.8100
1785147198.882334,2739,3152,8358,9240,195.9500,-178.8100
1785147198.909164,2720,3171,8415,9174,196.2200,-178.7500
1785147198.932016,2758,3161,8377,9184,196.2200,-178.7500
1785147198.960984,2739,3114,8405,9202,195.9500,-178.7500
1785147198.984195,2730,3180,8415,9202,195.9500,-178.7500
1785147199.010681,2730,3114,8433,9202,192.0300,-178.7500
1785147199.034056,2692,3161,8499,9174,192.0300,-178.7500
1785147199.059937,2720,3143,8405,9202,194.7400,-178.7500
1785147199.084256,2730,3152,8415,9193,194.7400,-178.7500
1785147199.110240,2795,3218,8443,9221,188.2700,-178.8100
1785147199.135060,2767,3264,8396,9174,188.2700,-178.8100
1785147199.160148,2730,3255,8415,9165,198.7100,-178.8100
1785147199.186050,2786,3246,8386,9212,198.7100,-178.8100
1785147199.211280,2805,3236,8443,9212,196.2200,-178.8100
1785147199.236122,2749,3208,8443,9231,196.2200,-178.8100
1785147199.262090,2730,3227,8368,9231,201.4700,-178.8700
1785147199.287971,2805,3218,8358,9249,201.4700,-178.8700
1785147199.312203,2795,3171,8405,9193,200.1500,-178.9400
1785147199.338613,2786,3293,8386,9165,200.1500,-178.9400
1785147199.363592,2786,3293,8368,9240,200.1500,-179.0000
1785147199.388795,2777,3218,8377,9231,200.1500,-179.0000
1785147199.414060,2777,3274,8415,9240,200.1500,-179.0000
1785147199.439089,2749,3143,8396,9240,200.1500,-179.0000
1785147199.464210,2805,3208,8405,9240,197.4400,-179.0000
1785147199.490187,2730,3171,8415,9240,197.4400,-179.0000
1785147199.514873,2795,3227,8368,9221,200.1500,-178.9400
1785147199.539947,2824,3218,8415,9278,200.1500,-178.9400
1785147199.566288,2824,3236,8377,9231,189.3300,-178.8700
1785147199.592008,2795,3171,8386,9231,189.3300,-178.8700
1785147199.616630,2833,3255,8330,9231,197.4400,-178.8100
1785147199.642095,2795,3208,8415,9324,197.4400,-178.8100
1785147199.667361,2880,3189,8302,9221,189.3300,-178.8100
1785147199.692713,2833,3180,8358,9221,189.3300,-178.8100
1785147199.718067,2814,3161,8358,9221,190.9200,-178.8100
1785147199.742895,2814,3189,8339,9193,190.9200,-178.8100
1785147199.767900,2870,3171,8349,9193,201.4700,-178.8100
1785147199.796037,2870,3096,8321,9193,201.4700,-178.8100
1785147199.821994,2833,3161,8330,9212,193.5700,-178.8700
1785147199.846107,2842,3114,8405,9156,193.5700,-178.8700
1785147199.872216,2852,3124,8424,9156,204.2300,-178.8700
1785147199.896261,2861,3349,8349,9240,204.2300,-178.8700
1785147199.921341,2889,3734,8443,9212,198.8700,-178.8100
1785147199.946936,2946,3705,8396,9249,198.8700,-178.8100
1785147199.971796,2852,3724,8302,9212,200.1500,-178.8100
1785147199.997924,2842,3658,8358,9278,200.1500,-178.8100
1785147200.023235,2983,3143,8471,9278,204.2300,-178.7500
1785147200.048019,2870,2467,8405,9212,204.2300,-178.7500
1785147200.072982,2889,2486,8386,9259,194.7400,-178.7500
1785147200.098597,2946,3743,8368,9259,194.7400,-178.7500
1785147200.126850,2899,3593,8358,9278,197.4400,-178.8100
1785147200.150090,2936,3161,8396,9202,197.4400,-178.8100
1785147200.175163,2927,3546,8396,9193,194.7400,-178.8100
1785147200.201855,2936,3471,8339,9259,194.7400,-178.8100
1785147200.226976,2889,3452,8368,9249,200.1500,-178.8100
1785147200.250502,3058,3386,8358,9296,200.1500,-178.8100
1785147200.277447,2992,2927,8358,9324,202.8500,-178.8100
1785147200.302370,2983,3330,8311,9193,202.8500,-178.8100
1785147200.328295,2974,3274,8386,9259,190.9200,-178.8100
1785147200.356142,2964,3293,8311,9259,190.9200,-178.8100
1785147200.377097,2974,3227,8339,9259,201.4700,-178.8700
1785147200.402464,3011,3227,8358,9259,201.4700,-178.8700
1785147200.427125,2936,2824,8377,9334,197.4400,-178.9400
1785147200.452468,2880,3189,8330,9409,197.4400,-178.9400
1785147200.478334,2946,3189,8358,9043,200.1500,-179.0000
1785147200.503137,2946,3180,8368,9071,200.1500,-179.0000
1785147200.528187,2983,3152,8358,8649,193.5700,-179.0000
1785147200.553251,2974,3171,8386,8649,193.5700,-179.0000
1785147200.580121,3002,3114,8368,8687,198.7100,-179.0000
1785147200.604823,2983,2992,8330,8715,200.1500,-178.8700
1785147200.629402,3002,2542,8349,8715,200.1500,-178.8700
1785147200.654952,2992,2458,8358,9428,200.1500,-178.8700
1785147200.680113,3058,2458,8311,9343,197.4400,-178.7500
1785147200.705226,2955,2467,8302,9174,196.2200,-178.7500
1785147200.731283,3011,2542,8330,9174,196.2200,-178.7500
1785147200.755851,3011,2486,8302,9174,195.9500,-178.7500
1785147200.780870,3086,3358,8321,9062,195.9500,-178.7500
1785147200.808080,2992,3368,8330,8996,197.4400,-178.8100
1785147200.832342,2964,3330,8283,9015,197.4400,-178.8100
1785147200.858312,3021,3433,8321,9043,194.7400,-178.8100
1785147200.883121,3039,3668,8339,9043,194.7400,-178.8100
1785147200.909919,3124,2345,8293,9062,196.2200,-178.7500
1785147200.934080,3030,2749,8302,9081,196.2200,-178.7500
1785147200.960123,3114,3096,8321,9090,201.4700,-178.7500
1785147200.984233,3067,3124,8283,9071,201.4700,-178.7500
1785147201.010980,3161,3049,8246,9081,197.4400,-178.8100
1785147201.034827,3096,3067,8293,9071,197.4400,-178.8100
1785147201.060182,3067,3077,8302,9071,196.2200,-178.8100
1785147201.086463,3077,3030,8264,9062,196.2200,-178.8100
1785147201.110819,3161,3067,8236,9071,198.7100,-178.7500
1785147201.135889,3143,3058,8255,9099,198.7100,-178.7500
1785147201.161258,3161,3049,8283,9109,194.7400,-178.6900
1785147201.187092,3114,3021,8293,9127,194.7400,-178.6900
1785147201.211986,3152,3002,8321,9127,197.4400,-178.5600
1785147201.237128,3143,3030,8264,9109,197.4400,-178.5600
1785147201.262202,3096,3049,8321,9109,189.3300,-178.4400
1785147201.288406,3114,3002,8339,9109,189.3300,-178.4400
1785147201.314480,3067,3030,8330,9071,188.2700,-178.4400
1785147201.338220,3133,2983,8311,9071,188.2700,-178.4400
1785147201.363881,3096,2983,8283,9015,195.9500,-178.5600
1785147201.389346,3124,3011,8283,9043,195.9500,-178.5600
1785147201.414688,3143,3011,8283,8996,192.0300,-178.6200
1785147201.440380,3143,3021,8311,9005,192.0300,-178.6200
1785147201.464881,3133,3011,8386,8977,192.0300,-178.8100
1785147201.491142,3199,2702,8321,8949,192.0300,-178.8100
1785147201.517199,3199,3039,8358,8902,197.4400,-178.9400
1785147201.540971,3096,3049,8368,8893,197.4400,-178.9400
1785147201.566478,3114,3030,8339,8930,197.4400,-179.0000
1785147201.592025,3199,3030,8302,8865,197.4400,-179.0000
1785147201.617362,3180,2824,8293,8799,200.1500,-179.0000
1785147201.643186,3152,2814,8293,8790,200.1500,-179.0000
1785147201.667948,3124,2645,8264,8733,202.8500,-178.9400
1785147201.693112,3199,2561,8264,8752,202.8500,-178.9400
1785147201.718706,3199,2674,8330,8715,196.2200,-178.8700
1785147201.744214,3171,2598,8283,8705,196.2200,-178.8700
1785147201.769357,3180,2636,8386,8696,204.2300,-178.8100
1785147201.794441,3171,2608,8321,8668,204.2300,-178.8100
1785147201.819988,3161,2608,8302,8687,190.9200,-178.7500
1785147201.845176,3218,2617,8302,8640,190.9200,-178.7500
1785147201.870327,3199,2655,8321,8640,204.2300,-178.7500
1785147201.895801,3199,2683,8321,9090,204.2300,-178.7500
1785147201.920907,3255,2758,8339,8611,196.2200,-178.8100
1785147201.945806,3255,2786,8302,8621,196.2200,-178.8100
1785147201.972337,3264,2786,8283,8630,198.7100,-178.8700
1785147201.997060,3236,2805,8321,8602,198.7100,-178.8700
1785147202.021819,3199,2786,8208,8611,198.8700,-178.8700
1785147202.048207,3330,2814,8339,9512,198.8700,-178.8700
1785147202.072769,3246,2833,8302,8583,206.9900,-178.8700
1785147202.098059,3293,2814,8302,8621,206.9900,-178.8700
1785147202.124790,3255,2730,8302,8640,196.2200,-178.8100
1785147202.148736,3274,2749,8302,9109,196.2200,-178.8100
1785147202.174337,3302,2805,8311,8649,198.7100,-178.6900
1785147202.199894,3255,2692,8302,8640,198.7100,-178.6900
1785147202.225470,3283,2749,8264,8687,196.2200,-178.6200
1785147202.250063,3340,2805,8302,8658,196.2200,-178.6200
1785147202.276371,3255,2739,8330,8640,198.7100,-178.6900
1785147202.301319,3321,2786,8236,8668,198.7100,-178.6900
1785147202.326238,3283,2749,8274,8696,197.4400,-178.7500
1785147202.353477,3302,2758,8255,8696,197.4400,-178.7500
1785147202.377342,3311,2795,8255,8724,194.7400,-178.8100
1785147202.401963,3311,2786,8246,8705,194.7400,-178.8100
1785147202.430826,3358,2795,8264,8677,198.8700,-178.8700
1785147202.453742,3330,2795,8274,8696,198.8700,-178.8700
1785147202.478175,3340,2805,8274,8668,194.7400,-178.8700
1785147202.503746,3368,2842,8246,8668,194.7400,-178.8700
1785147202.528878,3340,2824,8274,8668,204.2300,-178.9400
1785147202.554290,3283,2777,8302,8696,197.4400,-178.9400
1785147202.579808,3358,2805,8264,8705,197.4400,-178.9400
1785147202.604769,3368,2814,8246,8658,197.4400,-178.9400
1785147202.631140,3358,2777,8246,8705,196.2200,-178.9400
1785147202.655899,3302,2758,8246,8668,198.7100,-178.9400
1785147202.680960,3330,2777,8246,8668,198.7100,-178.9400
1785147202.705687,3340,2795,8283,9146,190.9200,-178.8700
1785147202.731797,3368,2805,8255,9146,190.9200,-178.8700
1785147202.757893,3358,2795,8274,9156,194.7400,-178.8700
1785147202.781774,3415,2870,8208,9156,194.7400,-178.8700
1785147202.808643,3396,2814,8274,9109,197.4400,-178.8700
1785147202.833021,3377,2908,8246,9109,197.4400,-178.8700
1785147202.858462,3396,2833,8293,8715,198.7100,-178.8100
1785147202.883914,3377,2833,8246,8715,198.7100,-178.8100
1785147202.909771,3349,2852,8236,9062,196.2200,-178.8100
1785147202.933851,3396,2795,8264,8818,196.2200,-178.8100
1785147202.959716,3321,2852,8302,8771,201.4700,-178.8100
1785147202.986354,3321,2824,8274,9043,201.4700,-178.8100
1785147203.009616,3349,2842,8236,9043,196.2200,-178.8100
1785147203.036489,3405,2814,8311,9090,196.2200,-178.8100
1785147203.060564,3415,2758,8293,9475,205.5600,-178.8100
1785147203.085853,3452,2842,8302,9005,205.5600,-178.8100
1785147203.111858,3377,2767,8283,8996,202.8500,-178.8700
1785147203.137887,3424,2861,8274,9024,202.8500,-178.8700
1785147203.163119,3358,2730,8274,9024,204.2300,-178.8700
1785147203.187741,3461,2683,8246,9409,204.2300,-178.8700
1785147203.212825,3386,2749,8246,9493,204.1800,-178.8700
1785147203.237979,3499,2674,8218,9493,204.1800,-178.8700
1785147203.263454,3368,2664,8264,9446,200.1500,-178.8100
1785147203.288860,3396,3039,8236,9493,200.1500,-178.8100
1785147203.313582,3386,2570,8236,9493,204.2300,-178.7500
1785147203.338466,3424,2542,8227,9156,204.2300,-178.7500
1785147203.364712,3396,2561,8274,9484,193.5700,-178.7500
1785147203.390953,3424,2505,8227,9456,193.5700,-178.7500
1785147203.415845,3480,2392,8255,9475,198.7100,-178.7500
1785147203.440618,3490,2467,8274,9503,198.7100,-178.7500
1785147203.466848,3433,2401,8180,9418,196.2200,-178.7500
1785147203.491467,3452,2664,8274,9146,196.2200,-178.7500
1785147203.516804,3461,2664,8255,9034,195.9500,-178.8100
1785147203.541426,3452,2608,8246,9484,195.9500,-178.8100
1785147203.566370,3443,2870,8255,9465,197.4400,-178.8700
1785147203.592775,3471,2861,8302,9437,197.4400,-178.8700
1785147203.617763,3443,2758,8274,9456,193.5700,-178.9400
1785147203.642373,3461,2617,8264,9446,193.5700,-178.9400
1785147203.668387,3443,2542,8264,9409,198.7100,-179.0000
1785147203.694047,3480,2523,8227,9437,198.7100,-179.0000
1785147203.718927,3499,2552,8227,9418,188.2700,-179.0000
1785147203.744349,3480,2505,8189,9409,188.2700,-179.0000
1785147203.769387,3480,2552,8189,9409,201.4700,-178.9400
1785147203.794916,3471,2580,8246,9409,201.4700,-178.9400
1785147203.820602,3480,2552,8264,9399,190.9200,-178.8700
1785147203.845385,3471,2533,8246,9390,190.9200,-178.8700
1785147203.870955,3508,2580,8189,9418,198.7100,-178.7500
1785147203.896491,3508,2617,8218,9418,198.7100,-178.7500
1785147203.921804,3480,2655,8227,9409,190.9200,-178.6900
1785147203.948309,3546,2608,8171,9418,190.9200,-178.6900
1785147203.972745,3555,2683,8189,9371,197.4400,-178.7500
1785147203.997607,3555,2674,8180,9390,197.4400,-178.7500
1785147204.022691,3602,2692,8199,9371,195.9500,-178.8100
1785147204.049201,3537,2758,8218,9390,195.9500,-178.8100
1785147204.073574,3555,2758,8246,9399,197.4400,-178.8700
1785147204.098691,3537,2795,8208,9399,197.4400,-178.8700
1785147204.124337,3518,2824,8246,9428,193.5700,-178.8700
1785147204.150370,3555,2336,8236,9428,193.5700,-178.8700
1785147204.175411,3565,2580,8208,9390,195.9500,-178.9400
1785147204.200340,3583,2233,8180,9512,195.9500,-178.9400
1785147204.225579,3565,2505,8171,9409,185.6200,-178.9400
1785147204.250328,3574,2158,8152,9456,185.6200,-178.9400
1785147204.276719,3612,2223,8152,9428,190.4300,-178.9400
1785147204.301514,3621,2298,8199,9503,190.4300,-178.9400
1785147204.326296,3593,2223,8189,9446,185.6200,-178.8700
1785147204.352312,3555,2214,8180,9428,185.6200,-178.8700
1785147204.377859,3565,2223,8199,9475,183.9200,-178.8100
1785147204.403100,3565,2598,8199,9428,183.9200,-178.8100
1785147204.428556,3555,2298,8161,9493,183.9200,-178.7500
1785147204.453558,3546,2326,8189,9437,183.9200,-178.7500
1785147204.479333,3583,2289,8227,9437,182.1500,-178.7500
1785147204.504736,3630,2608,8152,9428,177.6600,-178.7500
1785147204.529574,3630,2542,8199,9437,177.6600,-178.7500
1785147204.554903,3593,2336,8208,9446,184.9100,-178.8100
1785147204.580402,3583,2580,8227,9446,184.9100,-178.8100
1785147204.605567,3583,2523,8161,9493,180.3100,-178.8700
1785147204.630577,3602,2880,8227,9503,180.3100,-178.8700
1785147204.657794,3640,2749,8255,9446,173.1000,-178.8700
1785147204.681436,3668,2795,8189,9465,173.1000,-178.8700
1785147204.706448,3583,2842,8246,9512,173.1000,-178.8700
1785147204.731477,3593,2786,8171,9512,175.8000,-178.8700
1785147204.758870,3621,2720,8227,9521,167.6900,-178.9400
1785147204.783348,3593,2702,8227,9531,167.6900,-178.9400
1785147204.808172,3621,2655,8227,9531,170.4000,-178.8700
1785147204.833558,3602,2645,8302,9503,170.4000,-178.8700
1785147204.859440,3640,2617,8199,9081,171.1100,-178.8700
1785147204.883316,3649,2542,8227,9512,171.1100,-178.8700
1785147204.911145,3640,2598,8246,9512,167.0500,-178.8100
1785147204.934478,3658,2580,8255,9521,167.0500,-178.8100
1785147204.959602,3649,2570,8227,9493,164.9900,-178.8100
1785147204.985905,3640,2570,8246,9493,164.9900,-178.8100
1785147205.010255,3630,2580,8161,9521,162.2800,-178.8100
1785147205.035517,3668,2542,8264,9503,162.2800,-178.8100
1785147205.062956,3668,2523,8171,9475,162.2800,-178.7500
1785147205.086980,3630,2542,8255,9521,162.2800,-178.7500
1785147205.111656,3668,2495,8218,9493,160.0700,-178.7500
1785147205.137523,3696,2561,8208,9484,160.0700,-178.7500
1785147205.162605,3696,2523,8264,9503,153.8000,-178.7500
1785147205.187958,3677,2495,8218,9503,153.8000,-178.7500
1785147205.214370,3677,2505,8152,9493,159.5800,-178.8100
1785147205.238571,3687,2458,8199,9550,159.5800,-178.8100
1785147205.263834,3696,2458,8189,9503,154.1700,-178.8700
1785147205.289855,3677,2420,8189,9503,154.1700,-178.8700
1785147205.314580,3668,2439,8236,9521,162.2800,-178.8700
1785147205.339944,3677,2448,8180,9475,162.2800,-178.8700
1785147205.365303,3696,2467,8246,9484,154.5500,-178.8100
1785147205.393621,3677,2495,8199,9484,154.5500,-178.8100
1785147205.418167,3668,2505,8246,9484,156.4500,-178.8100
1785147205.443643,3696,2514,8189,9484,156.4500,-178.8100
1785147205.468411,3734,2542,8189,9503,151.4600,-178.8100
1785147205.492493,3668,2552,8199,9437,151.4600,-178.8100
1785147205.518821,3668,2570,8180,9512,151.4600,-178.8100
1785147205.543789,3696,2570,8189,9456,151.4600,-178.8100
1785147205.568318,3640,2542,8180,9503,146.0500,-178.7500
1785147205.594250,3668,2561,8208,9493,146.0500,-178.7500
1785147205.619709,3743,2505,8208,9493,148.7600,-178.6900
1785147205.645819,3705,2542,8142,9456,148.7600,-178.6900
1785147205.670413,3705,2448,8189,9409,146.0500,-178.7500
1785147205.695980,3687,2495,8142,9409,146.0500,-178.7500
1785147205.720942,3743,2514,8171,9484,140.6400,-178.7500
1785147205.747722,3715,2542,8171,9381,140.6400,-178.7500
1785147205.772616,3724,2477,8246,9446,143.3500,-178.7500
1785147205.797649,3771,2448,8274,9390,143.3500,-178.7500
1785147205.822536,3734,2448,8161,9390,140.6400,-178.7500
1785147205.848588,3715,2477,8199,9409,140.6400,-178.7500
1785147205.874119,3743,2467,8124,9409,140.6400,-178.7500
1785147205.898673,3771,2467,8171,9409,140.6400,-178.7500
1785147205.926229,3734,2392,8180,9371,140.6400,-178.7500
1785147205.949694,3771,2411,8171,9437,140.6400,-178.7500
1785147205.974952,3809,2392,8199,9343,137.9900,-178.7500
1785147206.000098,3780,2373,8161,9381,137.9900,-178.7500
1785147206.024348,3780,2383,8161,9399,132.5800,-178.7500
1785147206.050229,3762,2383,8227,9503,132.5800,-178.7500
1785147206.076583,3743,2364,8199,9437,137.9900,-178.7500
1785147206.100718,3771,2345,8218,9409,137.9900,-178.7500
1785147206.126616,3771,2336,8199,9437,127.2800,-178.7500
1785147206.151409,3790,2355,8152,9484,127.2800,-178.7500
1785147206.176033,3771,2355,8208,9437,129.8300,-178.8100
1785147206.203519,3771,2298,8152,9456,129.8300,-178.8100
1785147206.228092,3752,2308,8142,9446,127.1200,-178.8100
1785147206.253453,3771,2289,8152,9437,127.1200,-178.8100
1785147206.280027,3827,2261,8161,9428,127.1200,-178.7500
1785147206.304469,3799,2270,8096,9456,124.4200,-178.6900
1785147206.329322,3771,2326,8180,9409,124.4200,-178.6900
1785147206.354183,3818,2298,8114,9521,124.4200,-178.6900
1785147206.379715,3799,2261,8142,9456,119.0100,-178.8100
1785147206.406052,3818,2261,8199,9493,124.4200,-178.8100
1785147206.432871,3818,2280,8218,9475,124.4200,-178.8100
1785147206.459872,3846,2242,8218,9465,121.4400,-178.8100
1785147206.480969,3780,2233,8208,9465,121.4400,-178.8100
1785147206.506957,3762,2242,8199,9475,119.0100,-178.8100
1785147206.532117,3874,2195,8199,9484,119.0100,-178.8100
1785147206.555994,3827,2158,8180,9484,119.0100,-178.8100
1785147206.581099,3799,2289,8199,9503,116.6700,-178.8100
1785147206.610163,3893,2242,8171,9428,121.7100,-178.7500
1785147206.632357,3790,2251,8236,9475,121.7100,-178.7500
1785147206.658894,3846,2223,8180,9493,121.7100,-178.7500
1785147206.684012,3865,2204,8180,9512,116.3000,-178.8100
1785147206.712012,3790,2270,8189,9484,119.0100,-178.8100
1785147206.734099,3790,2261,8142,9503,119.0100,-178.8100
1785147206.763127,3846,2251,8152,9521,116.3000,-178.8100
1785147206.784598,3837,2176,8236,9512,116.3000,-178.8100
1785147206.812755,3884,2186,8152,9512,119.0100,-178.8100
1785147206.836127,3818,2167,8208,9493,119.0100,-178.8100
1785147206.862689,3865,2233,8171,9493,119.0100,-178.8100
1785147206.885571,3855,2195,8283,9503,119.0100,-178.8100
1785147206.911910,3837,2148,8246,9512,113.6000,-178.8100
1785147206.937131,3855,2233,8208,9512,113.6000,-178.8100
1785147206.964117,3884,2204,8246,9512,113.6000,-178.8100
1785147206.987481,3921,2158,8189,9465,113.6000,-178.8100
1785147207.012730,3837,2204,8180,9512,113.6000,-178.8100
1785147207.037647,3902,2158,8180,9521,113.6000,-178.8100
1785147207.064103,3874,2120,8161,9540,113.6000,-178.8100
1785147207.088746,3865,2158,8180,9521,113.6000,-178.8100
1785147207.113364,3818,2223,8236,9531,113.6000,-178.8100
1785147207.140240,3855,2176,8283,9484,113.6000,-178.8100
1785147207.165145,3846,2158,8189,9568,113.6000,-178.8100
1785147207.190190,3893,2186,8152,9503,113.6000,-178.8100
1785147207.215923,3855,2204,8171,9418,113.6000,-178.8100
1785147207.241024,3846,2158,8124,9418,113.6000,-178.8100
1785147207.267549,3837,2129,8208,9540,113.6000,-178.8100
1785147207.292164,3865,2186,8218,9456,113.6000,-178.8100
1785147207.317688,3846,2167,8199,9446,19.1200,-179.0600
1785147207.344200,3827,2186,8208,9456,8.1100,178.7500
1785147207.368568,3855,2204,8236,9456,8.1100,178.7500
1785147207.394091,3827,2195,8161,9493,-8.1100,175.1200
1785147207.418464,3818,2176,8246,9428,-8.1100,175.1200
1785147207.443513,3846,2242,8189,9428,-8.1100,175.1200
1785147207.468635,3865,2298,8227,9409,2.7000,170.5000
1785147207.494245,3818,2223,8227,9418,-5.4100,165.1900
1785147207.519580,3874,2251,8321,9399,-5.4100,165.1900
1785147207.545724,3780,2251,8424,9371,-5.4100,159.7500
1785147207.569763,3771,2261,7917,9399,-5.4100,159.7500
1785147207.598034,3724,2186,8368,9428,-2.7000,154.4400
1785147207.620396,3762,2298,8396,9353,-2.7000,154.4400
1785147207.646579,3771,2270,8386,9390,0.0000,149.0600
1785147207.670982,3705,2308,8424,9381,0.0000,149.0600
1785147207.700105,3696,2261,8424,9390,-5.4100,143.9400
1785147207.722433,3696,2326,8049,9334,-5.4100,143.9400
1785147207.750363,3677,2223,8058,9315,-2.7000,139.0600
1785147207.773605,3734,2242,8086,9362,-2.7000,139.0600
1785147207.800549,3715,2298,8086,9353,-2.7000,134.4400
1785147207.822428,3658,2261,8058,9399,-2.7000,134.4400
1785147207.851599,3677,2317,8049,9324,-2.7000,129.9400
1785147207.873884,3677,2223,8058,9371,-2.7000,129.9400
1785147207.902021,3658,2261,8133,9390,-2.7000,125.9400
1785147207.924516,3640,2233,8096,9409,-2.7000,125.9400
1785147207.952661,3677,2242,8114,9409,0.0000,122.0600
1785147207.975580,3677,2289,8011,9381,0.0000,122.0600
1785147208.000365,3640,2289,8358,9353,0.0000,118.4400
1785147208.025095,3630,2383,8330,9371,0.0000,118.4400
1785147208.050064,3640,2514,7936,9343,0.0000,115.0000
1785147208.077226,3677,2261,7908,9390,0.0000,115.0000
1785147208.101900,3640,1979,7955,9296,2.7000,111.8700
1785147208.127249,3649,1932,7917,9465,2.7000,111.8700
1785147208.152157,3630,1904,7880,9878,0.0000,109.3100
1785147208.176921,3668,2289,8349,9897,0.0000,109.3100
1785147208.202662,3649,1839,7927,9850,5.4100,107.1200
1785147208.228796,3621,1820,7899,9831,5.4100,107.1200
1785147208.253440,3640,1970,7899,9831,0.0000,105.0600
1785147208.278707,3649,1820,7824,9747,0.0000,105.0600
1785147208.305453,3640,1876,7917,9709,0.0000,103.1200
1785147208.330087,3649,1876,7908,9765,0.0000,103.1200
1785147208.355571,3658,1942,7927,9634,2.7000,101.4400
1785147208.382812,3658,1942,7889,9596,2.7000,101.4400
1785147208.405438,3630,1970,7899,9662,0.0000,100.0600
1785147208.431341,3630,1979,7936,9709,0.0000,100.0600
1785147208.458599,3621,1923,7899,9709,13.5200,98.8100
1785147208.482036,3640,2017,7880,9718,13.5200,98.8100
1785147208.506633,3715,1989,7880,9728,8.1100,97.6200
1785147208.533010,3668,1961,7899,9756,8.1100,97.6200
1785147208.558307,3649,2101,7908,9690,2.7000,96.5600
1785147208.583638,3649,1998,7964,9606,2.7000,96.5600
1785147208.607955,3724,2026,7917,9634,0.0000,95.9400
1785147208.633192,3649,2054,7880,9690,0.0000,95.9400
1785147208.660548,3696,2036,7908,9662,0.0000,95.1200
1785147208.684384,3612,2111,7974,9681,0.0000,95.1200
1785147208.709948,3621,2148,7927,9709,0.0000,94.6200
1785147208.737373,3658,2139,7945,9634,0.0000,94.6200
1785147208.761388,3677,2233,7964,9615,0.0000,94.0000
1785147208.786233,3687,2223,7908,9625,0.0000,94.0000
1785147208.811000,3677,2176,7945,9643,-2.7000,93.1200
1785147208.836520,3658,2167,8011,9568,-2.7000,93.1200
1785147208.861217,3677,2186,7983,9578,2.7000,92.2500
1785147208.886811,3640,2204,7917,9540,2.7000,92.2500
1785147208.918430,3687,2214,7889,9568,-2.7000,91.4400
1785147208.937421,3668,2214,7936,9493,-2.7000,91.4400
1785147208.962438,3677,2280,7992,9531,-2.7000,91.4400
1785147208.988394,3677,2280,8002,9531,-2.7000,91.4400
1785147209.013120,3696,2289,7974,9465,-2.7000,91.4400
1785147209.038310,3658,2280,8002,9521,-2.7000,91.4400
1785147209.064621,3668,2289,7964,9390,-2.7000,91.4400
1785147209.089058,3649,2251,7974,9428,-2.7000,91.4400
1785147209.115135,3677,2214,7964,9446,-2.7000,91.4400
1785147209.139850,3630,2242,7974,9428,-2.7000,91.4400
1785147209.165789,3658,2233,7945,9409,-2.7000,91.4400
1785147209.190092,3630,2195,7983,9418,-2.7000,91.4400
1785147209.217778,3640,2139,7964,9418,-2.7000,91.4400
1785147209.243394,3658,2223,7936,9287,-2.7000,91.4400
1785147209.267607,3621,2214,7917,9353,3.3700,90.8100
1785147209.292192,3649,2148,7964,9418,3.3700,90.8100
1785147209.317973,3649,2129,7936,9381,73.0300,90.3100
1785147209.342790,3668,2148,7945,9343,73.0300,90.3100
1785147209.368388,3640,2120,7936,9371,75.7300,90.3700
1785147209.398431,3658,2139,7936,9371,75.7300,90.3700
1785147209.418295,3677,2139,7964,9418,100.0700,90.4400
1785147209.443123,3658,2092,7927,9409,100.0700,90.4400
1785147209.470039,3640,2036,7955,9428,105.4800,90.5600
1785147209.494497,3649,2007,7955,9437,105.4800,90.5600
1785147209.518878,3696,2026,7927,9381,113.6000,90.5600
1785147209.545807,3640,2064,7983,9409,113.6000,90.5600
1785147209.570205,3649,2064,7927,9409,108.7200,90.5000
1785147209.595179,3640,2852,7992,9324,108.7200,90.5000
1785147209.621189,3640,2308,7974,9343,115.9200,90.3700
1785147209.646308,3677,2373,7880,9306,115.9200,90.3700
1785147209.672600,3621,2430,7955,9268,116.3000,90.2500
1785147209.698442,3640,2702,7908,9371,116.3000,90.2500
1785147209.721417,3705,2664,7899,9268,121.7100,90.1900
1785147209.746021,3621,2692,7936,9165,121.7100,90.1900
1785147209.771800,3668,2674,7899,9212,119.0100,90.1900
1785147209.797001,3705,2552,7861,9174,119.0100,90.1900
1785147209.822091,3687,2636,7870,9137,121.7100,90.1200
1785147209.847858,3658,2645,7880,9193,121.7100,90.1200
1785147209.872931,3630,2645,7880,9118,119.3200,90.1200
1785147209.897960,3677,2674,7861,9193,119.3200,90.1200
1785147209.925049,3649,2617,7880,9146,121.4400,90.1900
1785147209.949324,3668,2589,7908,9146,121.4400,90.1900
1785147209.973782,3687,2627,7927,9231,119.0100,90.1900
1785147210.000008,3640,2702,7852,9193,119.0100,90.1900
1785147210.024937,3724,2702,7889,9249,121.9800,90.1900
1785147210.050477,3640,2383,7852,9202,121.9800,90.1900
1785147210.076016,3715,2467,7861,9193,124.4200,90.1900
1785147210.100968,3705,2083,7852,9221,124.4200,90.1900
1785147210.126017,3658,2383,7861,9146,124.4200,90.1900
1785147210.152108,3705,2392,7870,9184,126.9500,90.2500
1785147210.177222,3658,2026,7833,9156,126.9500,90.2500
1785147210.202916,3734,2017,7833,9127,126.9500,90.2500
1785147210.227077,3630,2083,7842,9137,121.9800,90.3100
1785147210.254318,3668,2120,7833,9165,126.9500,90.3100
1785147210.277962,3715,2148,7814,9127,126.9500,90.3100
1785147210.303279,3677,2139,7852,9146,124.4200,90.3700
1785147210.329180,3724,2139,7842,9146,124.4200,90.3700
1785147210.354075,3724,2167,7833,9081,124.4200,90.3700
1785147210.379227,3668,2139,7824,9193,129.8300,90.3700
1785147210.405148,3658,2148,7833,9212,124.6300,90.4400
1785147210.430094,3696,2045,7870,9202,124.6300,90.4400
1785147210.455501,3715,2083,7833,9184,124.1900,90.6200
1785147210.481869,3668,2430,7833,9127,124.1900,90.6200
1785147210.507467,3658,2842,7870,9156,137.9400,90.8100
1785147210.532577,3696,2552,7795,9137,137.9400,90.8100
1785147210.558410,3705,2805,7824,9081,127.1200,90.8700
1785147210.582079,3668,2786,7795,9099,127.1200,90.8700
1785147210.608847,3658,2711,7824,9062,135.2300,90.9400
1785147210.633250,3715,2758,7805,9099,135.2300,90.9400
1785147210.659668,3677,2674,7824,9081,129.8300,91.0000
1785147210.682765,3677,2617,7795,9081,129.8300,91.0000
1785147210.710519,3705,2664,7833,9109,135.2300,91.0000
1785147210.734172,3696,2608,7852,9090,135.2300,91.0000
1785147210.759473,3677,2533,7814,9062,135.2300,91.0600
1785147210.784766,3724,2523,7908,9071,135.2300,91.0600
1785147210.809599,3677,2542,7814,9062,137.9400,91.1200
1785147210.834702,3696,2598,7777,9052,137.9400,91.1200
1785147210.861020,3687,2552,7814,9005,135.2300,91.1900
1785147210.886242,3705,2495,7795,9099,135.2300,91.1900
1785147210.910842,3687,2505,7748,9062,140.6400,91.2500
1785147210.937037,3687,2486,7814,9174,140.6400,91.2500
1785147210.962400,3687,2486,7805,9024,146.2700,91.2500
1785147210.988321,3715,2430,7805,9024,146.2700,91.2500
1785147211.012727,3668,2486,7777,9137,137.8900,91.3100
1785147211.037671,3752,2401,7748,9146,137.8900,91.3100
1785147211.062651,3668,2392,7748,9146,143.5100,91.4400
1785147211.089335,3649,2401,7720,9137,143.5100,91.4400
1785147211.113878,3705,2392,7748,9081,143.1900,91.5000
1785147211.138783,3705,2373,7795,9118,143.1900,91.5000
1785147211.164780,3677,2345,7730,9099,143.5100,91.5000
1785147211.189876,3696,2401,7814,9127,143.5100,91.5000
1785147211.214933,3734,2420,7767,9202,143.3500,91.4400
1785147211.240752,3705,2411,7730,9193,143.3500,91.4400
1785147211.265642,3705,2383,7730,9381,143.3500,91.3700
1785147211.290598,3696,2392,7702,9343,143.3500,91.3700
1785147211.317317,3734,2411,7767,9371,145.8400,91.2500
1785147211.341875,3734,2448,7758,9353,145.8400,91.2500
1785147211.366774,3715,2495,7748,9390,148.7600,91.1200
1785147211.393961,3734,2467,7720,9343,148.7600,91.1200
1785147211.417803,3724,2448,7730,9418,146.0500,91.0000
1785147211.443007,3715,2542,7683,9409,146.0500,91.0000
1785147211.470025,3771,2542,7711,9381,154.5500,91.0000
1785147211.495657,3771,2486,7758,8968,154.5500,91.0000
1785147211.518925,3762,2561,7758,8921,151.1400,91.0000
1785147211.545224,3809,2589,7730,8874,151.1400,91.0000
1785147211.569641,3771,2645,7692,8893,156.8700,91.0600
1785147211.595319,3705,2617,7692,8471,156.8700,91.0600
1785147211.620054,3752,2683,7748,8865,162.8300,91.0000
1785147211.646226,3762,2674,7711,8874,162.8300,91.0000
1785147211.671326,3771,2777,7711,8893,151.4600,90.8700
1785147211.695799,3771,2664,7758,8827,151.4600,90.8700
1785147211.721624,3762,2702,7664,8827,151.1400,90.7500
1785147211.746629,3809,2777,7664,8912,151.1400,90.7500
1785147211.771786,3809,2674,7683,8912,160.0700,90.5600
1785147211.797637,3790,2720,7664,8987,160.0700,90.5600
1785147211.822640,3743,2598,7702,8987,156.4500,90.5000
1785147211.847707,3715,2664,7692,8987,156.4500,90.5000
1785147211.873877,3790,2523,7692,8611,162.8300,90.5600
1785147211.898860,3771,2533,7664,8611,162.8300,90.5600
1785147211.923540,3762,2627,7673,8574,159.5800,90.5600
1785147211.949606,3734,2486,7758,8621,159.5800,90.5600
1785147211.974657,3743,2486,7702,8621,164.9900,90.5600
1785147211.999881,3705,2439,7636,9043,164.9900,90.5600
1785147212.025728,3743,2392,7636,8649,161.7500,90.5600
1785147212.050570,3734,2280,7636,9390,161.7500,90.5600
1785147212.076389,3799,2336,7683,9390,168.3500,90.6200
1785147212.103047,3743,2270,7636,9324,167.6900,90.6200
1785147212.127222,3743,2298,7655,9278,167.6900,90.6200
1785147212.152630,3715,2242,7664,9268,167.6900,90.6200
1785147212.177627,3771,2280,7673,9278,167.6900,90.6200
1785147212.202575,3734,2280,7692,9212,167.6900,90.6200
1785147212.228260,3762,2270,7636,9202,161.7500,90.6200
1785147212.254156,3771,2280,7617,9202,171.1100,90.6900
1785147212.278528,3724,2289,7655,9306,171.1100,90.6900
1785147212.303749,3715,2280,7673,9278,171.1100,90.6900
1785147212.330387,3743,2326,7636,9278,167.0500,90.7500
1785147212.354826,3818,2523,7627,9278,168.3500,90.8100
1785147212.379763,3762,2730,7598,9212,168.3500,90.8100
1785147212.405572,3818,2720,7598,9296,170.4000,90.9400
1785147212.430892,3715,2692,7580,9296,170.4000,90.9400
1785147212.456088,3790,2589,7627,8996,170.4000,91.0000
1785147212.481614,3799,2880,7542,8996,170.4000,91.0000
1785147212.509260,3715,2936,7608,8705,172.3600,91.0600
1785147212.531624,3752,2627,7580,8743,172.3600,91.0600
1785147212.559806,3762,2692,7580,8790,173.8700,91.0600
1785147212.583261,3780,2711,7580,8743,173.8700,91.0600
1785147212.609612,3752,2674,7542,8743,175.0100,91.1200
1785147212.634129,3780,2655,7561,8658,175.0100,91.1200
1785147212.659724,3762,2655,7570,8658,182.1500,91.0600
1785147212.683964,3762,2655,7561,8668,182.1500,91.0600
1785147212.710032,3705,2645,7551,8696,180.3100,91.0600
1785147212.734883,3752,2739,7551,8865,180.3100,91.0600
1785147212.760397,3762,2795,7542,8752,182.1500,91.0600
1785147212.786484,3799,2608,7542,8968,182.1500,91.0600
1785147212.811174,3752,2617,7533,8799,186.6200,91.0000
1785147212.836127,3734,2598,7523,8762,186.6200,91.0000
1785147212.861978,3762,2608,7542,9071,186.6200,91.0600
1785147212.886660,3762,2655,7580,9099,186.6200,91.0600
1785147212.911808,3752,2655,7476,9099,182.9600,91.1200
1785147212.937634,3762,2645,7533,9081,182.9600,91.1200
1785147212.962616,3743,2636,7542,9081,190.4300,91.1900
1785147212.988154,3780,2674,7523,9005,190.4300,91.1900
1785147213.014518,3780,2655,7533,9118,185.6200,91.3100
1785147213.038787,3771,2589,7533,8996,185.6200,91.3100
1785147213.063747,3809,2683,7523,9024,195.9500,91.3700
1785147213.089383,3752,2655,7542,8940,195.9500,91.3700
1785147213.114377,3809,2683,7551,8940,192.0300,91.4400
1785147213.139822,3818,2749,7505,9052,192.0300,91.4400
1785147213.165737,3809,2739,7495,8996,193.5700,91.4400
1785147213.191623,3790,2749,7505,9015,193.5700,91.4400
1785147213.215298,3762,2758,7523,9005,197.4400,91.4400
1785147213.240340,3799,2758,7505,9005,197.4400,91.4400
1785147213.267303,3865,2786,7486,9005,198.7100,91.5000
1785147213.291664,3790,2814,7476,9005,198.7100,91.5000
1785147213.316340,3827,2805,7420,8902,197.4400,91.5000
1785147213.342612,3893,2889,7439,9062,197.4400,91.5000
1785147213.367522,3846,2824,7420,9062,200.1500,91.5000
1785147213.392923,3846,2842,7401,9062,200.1500,91.5000
1785147213.418445,3855,2880,7401,9052,198.8700,91.4400
1785147213.443392,3827,2964,7401,9052,198.8700,91.4400
1785147213.468365,3902,2870,7383,8977,204.2300,91.5000
1785147213.494571,3865,2908,7420,9024,204.2300,91.5000
1785147213.521516,3846,2927,7354,8949,198.8700,91.5600
1785147213.544397,3865,2964,7383,8959,198.8700,91.5600
1785147213.570879,3837,2964,7345,8874,204.2300,91.5600
1785147213.595831,3855,2964,7420,8790,204.2300,91.5600
1785147213.620940,3865,3021,7439,8752,201.5300,91.5000
1785147213.646398,3893,3021,7364,8715,201.5300,91.5000
1785147213.671801,3902,3049,7420,8696,201.4700,91.4400
1785147213.698306,3902,3021,7354,8658,201.4700,91.4400
1785147213.723075,3940,3096,7401,8649,202.8500,91.3100
1785147213.747353,3959,3049,7326,8649,202.8500,91.3100
1785147213.772375,3837,3143,7364,8668,202.8500,91.3100
1785147213.798384,3846,3143,7336,8640,202.8500,91.3100
1785147213.824095,3846,3124,7336,8621,205.5600,91.2500
1785147213.849376,3846,3086,7354,8621,205.5600,91.2500
1785147213.874423,3893,3124,7336,8602,208.2600,91.3100
1785147213.899388,3827,3096,7373,8611,208.2600,91.3100
1785147213.924466,3837,3049,7308,8602,202.8500,91.3100
1785147213.950737,3799,3077,7279,8621,202.8500,91.3100
1785147213.975527,3874,3067,7326,8611,208.2600,91.3100
1785147214.002348,3902,3086,7364,8621,208.2600,91.3100
1785147214.026587,3893,3086,7298,8640,202.8500,91.3700
1785147214.052345,3865,3105,7336,8574,205.5600,91.4400
1785147214.076944,3884,3105,7270,8574,205.5600,91.4400
1785147214.103073,3855,3143,7336,8583,205.5600,91.4400
1785147214.127511,3884,3114,7289,8546,196.2200,91.4400
1785147214.152448,3902,3152,7336,8583,196.2200,91.4400
1785147214.179271,3921,3152,7298,8640,204.2300,91.5000
1785147214.203265,3912,3143,7289,8640,205.5600,91.5000
1785147214.229851,3912,3077,7298,8621,205.5600,91.5000
1785147214.254445,3818,3124,7308,8630,205.5600,91.5000
1785147214.279974,3884,3086,7279,8658,202.8500,91.5000
1785147214.305278,3912,3049,7289,8630,200.1500,91.5000
1785147214.330333,3921,3049,7233,8677,200.1500,91.5000
1785147214.355714,3949,2992,7242,8668,200.1500,91.5600
1785147214.380276,3893,3067,7251,8715,200.1500,91.5600
1785147214.405580,3884,3030,7270,8696,200.1500,91.5600
1785147214.431279,3921,3011,7289,8696,200.1500,91.5600
1785147214.457056,3902,3030,7251,8743,200.1500,91.5600
1785147214.482094,3940,2983,7195,8715,200.1500,91.5600
1785147214.508491,3940,2983,7204,8780,200.1500,91.5600
1785147214.532601,3912,2908,7270,8743,200.1500,91.5600
1785147214.559163,3921,2936,7195,8724,194.7400,91.5000
1785147214.583622,3921,2889,7251,8752,194.7400,91.5000
1785147214.608902,3912,2889,7186,8715,194.7400,91.5000
1785147214.636140,3959,2870,7176,8780,194.7400,91.5000
1785147214.659906,3912,2870,7176,8696,189.3300,91.5600
1785147214.684686,3959,2946,7186,8752,189.3300,91.5600
1785147214.711759,3959,2917,7214,8696,196.2200,91.6900
1785147214.738046,3977,2917,7157,8696,196.2200,91.6900
1785147214.762186,3977,2899,7195,8649,198.7100,91.6200
1785147214.787467,3968,2899,7233,8677,198.7100,91.6200
1785147214.812165,3977,2889,7186,8677,197.4400,91.5000
1785147214.838201,3987,2955,7176,8696,197.4400,91.5000
1785147214.862401,3949,2955,7111,8705,194.7400,91.4400
1785147214.888239,3959,2936,7139,8658,194.7400,91.4400
1785147214.914087,3940,2936,7120,8696,198.8700,91.3700
1785147214.940285,3949,2955,7120,8668,198.8700,91.3700
1785147214.967089,3949,3002,7120,8687,198.7100,91.3700
1785147214.993052,3940,2936,7101,8649,198.7100,91.3700
1785147215.015753,3959,2992,7186,8649,201.5300,91.3700
1785147215.044326,3931,2917,7139,8602,201.5300,91.3700
1785147215.066243,3959,2955,7139,8611,204.2300,91.3700
1785147215.090794,3968,2955,7120,8630,204.2300,91.3700
1785147215.117369,3968,3011,7195,8630,198.8700,91.3700
1785147215.144521,3949,3011,7120,8574,198.8700,91.3700
1785147215.168822,3977,2974,7148,8611,206.9900,91.4400
1785147215.192680,3940,3039,7120,8621,206.9900,91.4400
1785147215.217645,4015,3021,7167,8611,196.2200,91.4400
1785147215.242996,4024,3049,7101,8630,196.2200,91.4400
1785147215.268050,3968,3011,7082,8611,204.2300,91.5000
1785147215.293203,4024,3077,7073,8621,204.2300,91.5000
1785147215.320271,4006,3077,7111,8574,201.5300,91.4400
1785147215.346072,4043,3039,7073,8565,201.5300,91.4400
1785147215.370644,4034,3077,7054,8565,198.7100,91.5000
1785147215.395381,3977,3067,7139,8621,198.7100,91.5000
1785147215.421219,3987,2964,7139,8555,194.7400,91.4400
1785147215.447220,3987,2955,7120,8602,194.7400,91.4400
1785147215.471284,3987,2711,7129,8602,194.7400,91.3700
1785147215.497502,3987,2758,7054,8536,194.7400,91.3700
1785147215.521763,3977,2739,6989,8555,197.4400,91.4400
1785147215.547082,4024,2749,7017,8255,197.4400,91.4400
1785147215.573401,4015,2758,6989,8536,192.0300,91.4400
1785147215.599012,3977,2711,7082,8583,192.0300,91.4400
1785147215.622744,3996,2749,7036,8527,200.1500,91.5000
1785147215.649261,4024,2824,7045,8565,200.1500,91.5000
1785147215.673812,4043,2852,7026,8518,193.5700,91.5600
1785147215.698765,3996,2852,7007,8593,193.5700,91.5600
1785147215.724179,4006,3152,6989,8490,197.4400,91.5000
1785147215.750359,3996,3246,7007,8527,197.4400,91.5000
1785147215.777178,4015,2992,7036,8490,197.4400,91.4400
1785147215.800322,3996,3058,7045,8490,197.4400,91.4400
1785147215.828212,3996,3021,7007,8443,201.4700,91.2500
1785147215.851060,4043,3086,7045,8555,201.4700,91.2500
1785147215.876992,4024,3039,6960,8480,200.1500,91.1900
1785147215.902299,4024,3021,7064,8377,200.1500,91.1900
1785147215.927208,4034,3105,6998,8405,201.5300,91.0600
1785147215.952141,4015,3077,7026,8433,201.5300,91.0600
1785147215.978019,4024,3049,6989,8386,206.9900,90.8700
1785147216.003998,4081,3114,6998,8415,200.1500,90.6200
1785147216.028869,4006,3124,6979,8349,200.1500,90.6200
1785147216.053723,4015,3133,7026,8368,200.1500,90.6200
1785147216.079138,4024,3161,6951,8377,200.1500,90.6200
1785147216.104876,4043,3049,7007,8396,194.7400,90.6900
1785147216.130140,4071,3246,6970,8358,194.7400,90.6900
1785147216.154967,4034,3096,6951,8368,202.8500,90.6900
1785147216.179470,4062,3189,6970,8405,202.8500,90.6900
1785147216.208869,4024,3180,7007,8358,200.1500,90.5000
1785147216.230799,3977,3105,7036,8424,200.1500,90.5000
1785147216.256754,4052,3161,6970,8433,200.1500,90.3100
1785147216.281764,4034,3161,6960,8386,200.1500,90.3100
1785147216.308238,4043,3143,7026,8358,196.2200,90.3100
1785147216.332273,4043,3124,6932,8349,196.2200,90.3100
1785147216.361943,4034,3124,6960,8443,204.2300,90.3700
1785147216.382814,4024,3114,6960,8405,204.2300,90.3700
1785147216.410533,4071,3171,6932,8405,200.1500,90.1900
1785147216.434942,4071,3180,6989,8405,200.1500,90.1900
1785147216.461802,4099,3180,6998,8527,200.1500,90.0000
1785147216.484374,4118,3161,6979,8527,200.1500,90.0000
1785147216.510188,4090,3199,6989,8386,202.8500,89.7500
1785147216.534996,4081,3124,6960,8546,202.8500,89.7500
1785147216.561576,4146,3171,6932,8471,194.7400,89.6200
1785147216.586514,4156,3096,6914,8490,194.7400,89.6200
1785147216.610654,4146,3124,6857,8490,200.1500,89.6200
1785147216.634551,4043,3208,6932,8490,200.1500,89.6200
1785147216.660967,4062,3227,6876,8677,192.0300,89.6200
1785147216.686315,4090,3143,6932,8630,192.0300,89.6200
1785147216.710671,4118,3161,6904,8668,197.4400,89.6900
1785147216.736364,4090,3246,6951,8677,197.4400,89.6900
1785147216.761236,4203,3246,6951,8733,197.4400,89.8700
1785147216.787067,4109,3189,6951,8733,197.4400,89.8700
1785147216.812626,4156,3199,6867,8733,194.7400,90.0000
1785147216.837521,4156,3199,6942,8208,194.7400,90.0000
1785147216.862632,4109,3311,6857,8377,197.4400,90.0600
1785147216.887588,4184,3246,6895,8377,197.4400,90.0600
1785147216.913702,4137,3208,6914,8368,202.8500,90.0000
1785147216.939197,4099,3124,6857,8011,202.8500,90.0000
1785147216.963695,4156,3180,6932,8049,200.1500,89.9400
1785147216.989578,4137,3180,6932,8002,200.1500,89.9400
1785147217.015355,4128,3199,6932,8039,202.8500,89.9400
1785147217.040833,4137,3227,6904,8039,202.8500,89.9400
1785147217.067495,4146,3171,6895,7945,202.8500,90.0000
1785147217.090309,4146,3199,6914,7964,202.8500,90.0000
1785147217.115246,4174,3246,6876,8030,200.1500,90.0000
1785147217.141445,4156,3227,6867,7936,200.1500,90.0000
1785147217.166456,4156,3208,6801,7945,200.1500,90.0600
1785147217.191298,4174,3236,6820,8049,200.1500,90.0600
1785147217.217658,4203,3311,6801,7955,205.5600,90.1200
1785147217.242240,4118,3302,6839,7927,205.5600,90.1200
1785147217.267156,4174,3255,6782,7870,197.4400,90.1200
1785147217.293342,4128,3302,6810,7899,197.4400,90.1200
1785147217.319247,4174,3274,6801,7889,200.1500,90.1900
1785147217.343159,4156,3283,6867,7899,200.1500,90.1900
1785147217.370587,4165,3302,6829,7861,204.1800,90.1900
1785147217.395062,4193,3283,6782,7842,204.1800,90.1900
1785147217.419281,4146,3330,6773,7842,205.5600,90.1900
1785147217.445346,4174,3340,6792,7899,205.5600,90.1900
1785147217.470446,4156,3358,6782,7908,204.2300,90.1900
1785147217.496747,4221,3349,6754,7861,204.2300,90.1900
1785147217.521408,4165,3368,6754,7852,205.5600,90.2500
1785147217.546499,4193,3405,6745,7908,205.5600,90.2500
1785147217.571213,4231,3443,6726,7908,202.8500,90.2500
1785147217.597770,4231,3499,6773,7955,202.8500,90.2500
1785147217.622557,4221,3461,6688,8227,205.5600,90.2500
1785147217.647500,4203,3499,6726,7824,205.5600,90.2500
1785147217.673481,4193,3537,6754,8508,200.1500,90.3100
1785147217.698224,4184,3612,6735,8189,200.1500,90.3100
1785147217.723167,4184,3687,6717,8189,202.8500,90.3700
1785147217.749662,4212,3658,6735,8415,202.8500,90.3700
1785147217.774627,4231,3658,6688,8433,202.8500,90.4400
1785147217.799164,4212,3621,6735,8527,202.8500,90.4400
1785147217.824616,4287,3255,6726,8433,205.5600,90.5000
1785147217.851416,4221,3621,6698,8471,205.5600,90.5000
1785147217.875715,4249,3612,6698,8396,200.1500,90.5600
1785147217.900136,4240,3612,6763,8405,200.1500,90.5600
1785147217.926486,4249,3518,6754,8405,204.1800,90.6200
1785147217.951187,4259,3499,6632,8386,204.1800,90.6200
1785147217.977070,4249,3490,6698,8424,201.4700,90.6200
1785147218.002337,4259,3480,6670,8086,201.4700,90.6200
1785147218.027463,4240,3499,6623,8086,210.9700,90.5600
1785147218.053385,4268,3499,6688,8405,208.2600,90.5600
1785147218.080122,4240,3602,6651,8415,208.2600,90.5600
1785147218.103364,4240,3518,6707,8415,204.1800,90.5000
1785147218.128339,4353,3499,6660,8396,204.1800,90.5000
1785147218.155179,4296,3452,6707,8433,204.1800,90.5000
1785147218.179190,4287,3518,6623,8077,209.7500,90.5000
1785147218.204588,4315,3583,6604,8077,201.5300,90.5000
1785147218.230189,4287,3593,6595,8021,201.5300,90.5000
1785147218.256823,4343,3518,6642,8415,202.8500,90.5000
1785147218.280181,4325,3546,6642,8161,202.8500,90.5000
1785147218.307903,4296,3537,6529,8161,202.8500,90.5600
1785147218.331330,4296,3490,6595,8161,202.8500,90.5600
1785147218.357137,4306,3508,6585,8415,209.7500,90.7500
1785147218.382317,4343,3518,6538,8339,209.7500,90.7500
1785147218.409381,4296,3490,6604,8321,202.8500,90.8100
1785147218.432848,4296,3537,6576,8339,202.8500,90.8100
1785147218.458278,4315,3537,6529,8368,205.5600,90.8100
1785147218.483158,4315,3565,6548,8368,205.5600,90.8100
1785147218.508359,4343,3499,6557,8330,201.5300,90.8100
1785147218.535122,4315,3499,6520,8255,201.5300,90.8100
1785147218.559386,4278,3499,6529,8274,205.5600,90.8100
1785147218.585220,4278,3471,6548,8274,205.5600,90.8100
1785147218.610403,4268,3593,6529,8293,202.8500,90.9400
1785147218.635662,4343,3471,6566,8246,202.8500,90.9400
1785147218.661876,4334,3527,6510,8264,206.9900,91.0600
1785147218.686580,4334,3583,6520,8208,206.9900,91.0600
1785147218.711459,4343,3574,6510,8255,198.8700,91.1900
1785147218.736282,4390,3546,6482,8218,198.8700,91.1900
1785147218.762732,4334,3583,6482,8227,205.5600,91.3100
1785147218.787486,4390,3649,6463,8227,205.5600,91.3100
1785147218.812515,4409,3583,6454,8227,206.9900,91.4400
1785147218.838363,4428,3508,6473,8227,206.9900,91.4400
1785147218.863581,4409,3612,6454,8227,200.1500,91.5000
1785147218.889352,4418,3565,6454,8114,200.1500,91.5000
1785147218.914530,4418,3518,6435,8105,193.5700,91.5000
1785147218.939331,4371,3574,6491,8133,193.5700,91.5000
1785147218.964389,4390,3565,6491,8124,200.1500,91.3700
1785147218.989761,4343,3668,6445,8124,200.1500,91.3700
1785147219.015405,4390,3612,6463,8105,200.1500,91.3100
1785147219.042238,4343,3640,6454,8105,200.1500,91.3100
1785147219.065532,4418,3574,6454,8058,201.4700,91.3700
1785147219.092765,4409,3640,6445,8049,201.4700,91.3700
1785147219.116983,4418,3677,6426,8058,196.2200,91.3700
1785147219.141754,4428,3687,6426,8086,196.2200,91.3700
1785147219.167377,4428,3724,6454,8086,200.1500,91.4400
1785147219.192607,4475,3724,6445,8039,200.1500,91.4400
1785147219.217476,4400,3621,6435,8114,202.8500,91.4400
1785147219.243712,4400,3649,6407,8067,202.8500,91.4400
1785147219.268199,4437,3640,6407,8067,209.7500,91.4400
1785147219.293244,4437,3649,6407,8011,209.7500,91.4400
1785147219.319225,4465,3649,6388,8114,200.1500,91.5000
1785147219.344538,4437,3602,6388,8039,200.1500,91.5000
1785147219.369478,4503,3705,6416,8039,205.5600,91.5000
1785147219.395215,4353,3677,6426,8039,205.5600,91.5000
1785147219.420411,4465,3621,6398,8039,198.8700,91.5000
1785147219.445393,4409,3677,6388,8039,198.8700,91.5000
1785147219.471890,4475,3752,6398,8058,202.8500,91.4400
1785147219.496166,4409,3762,6463,7983,202.8500,91.4400
1785147219.521733,4503,3640,6445,8049,206.9900,91.3700
1785147219.547738,4512,3696,6351,7992,206.9900,91.3700
1785147219.573013,4522,3658,6407,7974,205.5600,91.3700
1785147219.598031,4522,3696,6445,7964,205.5600,91.3700
1785147219.623255,4559,3630,6341,7964,196.2200,91.3700
1785147219.648353,4503,3677,6370,7870,196.2200,91.3700
1785147219.673574,4493,3658,6379,7889,209.7500,91.4400
1785147219.700520,4531,3705,6351,7870,209.7500,91.4400
1785147219.724689,4512,3677,6360,7917,193.5700,91.4400
1785147219.749568,4512,3705,6332,7917,193.5700,91.4400
1785147219.775567,4522,3771,6341,7945,204.2300,91.4400
1785147219.800740,4540,3715,6332,7945,204.2300,91.4400
1785147219.825506,4559,3715,6370,7917,193.5700,91.5000
1785147219.850388,4540,3696,6407,7917,193.5700,91.5000
1785147219.876374,4540,3837,6407,7917,197.4400,91.5000
1785147219.901753,4522,3668,6332,7927,198.7100,91.4400
1785147219.927568,4503,3743,6332,7983,198.7100,91.4400
1785147219.952461,4503,3762,6304,7983,198.7100,91.4400
1785147219.977478,4568,3705,6304,7927,194.7400,91.3100
1785147220.002799,4578,3687,6351,7908,194.7400,91.3100
1785147220.029391,4522,3827,6294,7908,192.0300,91.2500
1785147220.053838,4503,3705,6285,7908,200.1500,91.3100
1785147220.078310,4531,3705,6294,7945,200.1500,91.3100
1785147220.105195,4531,3724,6341,7889,200.1500,91.3100
1785147220.129927,4512,3715,6294,7861,198.8700,91.3100
1785147220.157781,4578,3724,6266,7927,204.2300,91.3700
1785147220.180455,4578,3734,6276,7908,204.2300,91.3700
1785147220.206355,4578,3715,6276,7889,201.5300,91.4400
1785147220.230328,4522,3818,6257,7974,201.5300,91.4400
1785147220.259611,4568,3837,6276,7974,201.4700,91.4400
1785147220.281634,4522,3893,6276,8002,201.4700,91.4400
1785147220.307840,4540,3762,6248,8002,196.2200,91.4400
1785147220.334056,4540,3734,6248,8011,196.2200,91.4400
1785147220.358047,4578,3837,6248,8011,195.9500,91.4400
1785147220.382807,4559,3809,6210,7908,195.9500,91.4400
1785147220.408337,4559,3818,6238,7889,202.8500,91.5000
1785147220.433551,4522,3827,6173,7889,202.8500,91.5000
1785147220.458620,4625,3762,6210,7927,196.2200,91.4400
1785147220.484679,4634,3809,6210,7908,196.2200,91.4400
1785147220.510174,4625,3780,6201,7945,202.8500,91.4400
1785147220.534367,4615,3780,6191,7917,202.8500,91.4400
1785147220.560197,4597,3874,6144,7899,201.4700,91.3700
1785147220.585507,4672,3780,6144,7899,201.4700,91.3700
1785147220.611089,4634,3977,6201,7899,200.1500,91.3700
1785147220.636293,4587,3931,6201,7814,200.1500,91.3700
1785147220.661557,4597,3874,6154,7852,194.7400,91.3100
1785147220.686428,4625,3846,6144,7842,194.7400,91.3100
1785147220.711595,4587,3874,6163,7861,197.4400,91.3100
1785147220.737596,4690,3949,6126,7814,197.4400,91.3100
1785147220.763054,4615,3837,6163,7833,200.1500,91.3700
1785147220.787363,4625,3837,6163,7814,200.1500,91.3700
1785147220.813582,4662,3827,6154,7824,196.2200,91.4400
1785147220.838676,4615,3837,6154,7758,196.2200,91.4400
1785147220.863493,4615,3855,6107,7758,201.4700,91.5000
1785147220.889348,4653,3855,6116,7758,201.4700,91.5000
1785147220.914338,4653,3912,6144,7758,190.9200,91.5600
1785147220.939605,4672,3846,6135,7748,190.9200,91.5600
1785147220.965559,4625,3940,6079,7758,204.2300,91.5000
1785147220.990870,4653,3893,6126,7730,204.2300,91.5000
1785147221.015292,4690,3865,6116,7777,188.2700,91.4400
1785147221.041402,4662,3893,6097,7786,188.2700,91.4400
1785147221.067645,4662,3949,6060,7777,195.9500,91.3100
1785147221.091748,4709,3940,6097,7739,195.9500,91.3100
1785147221.117527,4672,3968,6060,7739,196.2200,91.3100
1785147221.142586,4587,4052,6088,7739,196.2200,91.3100
1785147221.167901,4587,4034,6032,7748,204.2300,91.3100
1785147221.193520,4672,3987,6079,7748,204.2300,91.3100
1785147221.218618,4728,4024,6041,7748,200.1500,91.3100
1785147221.243722,4690,3959,6041,7748,200.1500,91.3100
1785147221.269761,4681,3968,6051,7767,201.5300,91.3700
1785147221.294686,4690,3959,6032,7720,201.5300,91.3700
1785147221.319403,4690,3996,6004,7739,202.8500,91.4400
1785147221.345652,4672,3949,6022,7748,202.8500,91.4400
1785147221.370427,4690,3968,6051,7748,206.9900,91.4400
1785147221.395569,4709,3987,6051,7692,206.9900,91.4400
1785147221.420762,4728,4015,6032,7758,201.5300,91.4400
1785147221.446461,4718,4081,6004,7748,201.5300,91.4400
1785147221.471486,4737,4099,6022,7748,204.2300,91.5000
1785147221.496389,4718,4052,5985,7739,204.2300,91.5000
1785147221.522944,4747,4062,6004,7702,196.2200,91.5000
1785147221.547667,4737,4034,5966,7720,196.2200,91.5000
1785147221.572798,4747,4052,5966,7683,201.4700,91.5000
1785147221.598453,4653,4071,6004,7683,201.4700,91.5000
1785147221.625532,4747,4062,5966,7711,196.2200,91.4400
1785147221.650811,4747,4071,5966,7702,196.2200,91.4400
1785147221.678805,4784,4109,5976,7683,201.4700,91.4400
1785147221.701111,4709,4184,5957,7683,201.4700,91.4400
1785147221.726890,4765,4184,5947,7664,196.2200,91.4400
1785147221.752614,4822,4081,5947,7645,204.2300,91.4400
1785147221.778242,4765,4128,5994,7608,204.2300,91.4400
1785147221.803700,4756,4109,6004,7570,200.1500,91.5000
1785147221.828503,4765,4137,6013,7542,200.1500,91.5000
1785147221.854474,4747,4203,5985,7542,197.4400,91.5000
1785147221.878771,4756,4203,5938,7542,197.4400,91.5000
1785147221.904215,4784,4212,5966,7542,197.4400,91.5000
1785147221.928930,4728,4259,5919,7542,202.8500,91.5000
1785147221.954095,4756,4203,5910,7542,196.2200,91.5000
1785147221.979729,4728,4184,5891,7542,196.2200,91.5000
1785147222.004664,4747,4156,5910,7542,200.1500,91.4400
1785147222.029512,4794,4165,5900,7561,200.1500,91.4400
1785147222.057386,4831,4193,5910,7514,198.7100,91.3700
1785147222.080934,4737,4203,5891,7523,198.7100,91.3700
1785147222.108722,4822,4240,5900,7514,198.7100,91.3700
1785147222.133472,4775,4193,5891,7476,196.2200,91.3700
1785147222.159711,4728,4259,5938,7514,206.9900,91.3100
1785147222.182659,4784,4240,5910,7523,206.9900,91.3100
1785147222.213012,4878,4306,5891,7495,197.4400,91.3100
1785147222.232761,4747,4240,5891,7495,197.4400,91.3100
1785147222.260916,4747,4231,5910,7486,200.1500,91.3700
1785147222.282771,4765,4259,5882,7514,200.1500,91.3700
1785147222.310987,4822,4249,5882,7505,198.8700,91.3700
1785147222.335568,4840,4203,5863,7505,198.8700,91.3700
1785147222.360468,4850,4306,5854,7505,204.2300,91.3700
1785147222.384935,4850,4231,5891,7505,204.2300,91.3700
1785147222.410318,4878,4268,5891,7505,197.4400,91.4400
1785147222.437039,4803,4259,5825,7514,197.4400,91.4400
1785147222.462157,4784,4231,5788,7589,200.1500,91.3700
1785147222.486182,4850,4315,5816,7542,200.1500,91.3700
1785147222.513814,4794,4296,5825,7505,200.1500,91.3700
1785147222.537441,4869,4231,5816,7533,200.1500,91.3700
1785147222.562543,4831,4278,5760,7523,200.1500,91.3700
1785147222.587028,4878,4268,5788,7533,200.1500,91.3700
1785147222.613527,4859,4249,5779,7514,196.2200,91.4400
1785147222.638357,4859,4240,5779,7514,196.2200,91.4400
1785147222.663095,4859,4353,5769,7486,201.4700,91.4400
1785147222.689443,4887,4287,5769,7486,201.4700,91.4400
1785147222.715368,4869,4343,5750,7486,200.1500,91.4400
1785147222.738930,4859,4371,5750,7514,200.1500,91.4400
1785147222.765565,4906,4343,5788,7476,200.1500,91.5000
1785147222.790539,4887,4390,5769,7467,200.1500,91.5000
1785147222.815534,4869,4334,5779,7486,190.9200,91.4400
1785147222.840958,4869,4371,5750,7458,190.9200,91.4400
1785147222.866894,4878,4456,5732,7458,198.7100,91.4400
1785147222.891295,4850,4428,5722,7458,198.7100,91.4400
1785147222.917042,4869,4428,5722,7448,193.5700,91.4400
1785147222.943153,4887,4446,5694,7439,193.5700,91.4400
1785147222.966990,4878,4465,5713,7476,198.7100,91.5000
1785147222.993531,4915,4512,5722,7476,198.7100,91.5000
1785147223.018386,4906,4484,5694,7458,196.2200,91.5600
1785147223.043714,4859,4475,5713,7458,196.2200,91.5600
1785147223.068193,4906,4475,5703,7439,201.4700,91.5600
1785147223.094303,4934,4475,5703,7467,201.4700,91.5600
1785147223.120397,4925,4456,5694,7467,193.5700,91.5000
1785147223.145031,4906,4456,5675,7476,193.5700,91.5000
1785147223.169951,4915,4437,5675,7476,198.7100,91.3700
1785147223.194862,4953,4381,5685,7476,198.7100,91.3700
1785147223.220480,4972,4381,5703,7439,200.1500,91.2500
1785147223.245677,4972,4353,5657,7120,200.1500,91.2500
1785147223.269827,4906,4390,5638,7458,197.4400,91.1200
1785147223.294559,4962,4409,5647,7411,197.4400,91.1200
1785147223.321595,4944,4446,5675,7036,200.1500,91.0600
1785147223.346312,4934,4493,5657,7439,200.1500,91.0600
1785147223.371836,4953,4371,5666,7411,202.8500,91.0000
1785147223.396621,4915,4456,5647,7411,202.8500,91.0000
1785147223.421650,5019,4465,5675,7411,201.5300,91.0000
1785147223.446578,4972,4418,5657,7401,201.5300,91.0000
1785147223.472965,4981,4390,5600,7392,206.9900,91.0600
1785147223.497902,4906,4475,5628,7364,206.9900,91.0600
1785147223.522565,4897,4437,5610,7345,198.8700,91.1200
1785147223.548664,4972,4400,5600,7364,198.8700,91.1200
1785147223.573835,4944,4362,5628,7383,204.2300,91.1900
1785147223.598916,4972,4465,5619,7401,204.2300,91.1900
1785147223.624633,4953,4390,5619,7345,198.8700,91.2500
1785147223.649635,4934,4493,5544,7345,198.8700,91.2500
1785147223.674677,5000,4362,5582,7345,201.4700,91.3100
1785147223.701541,5019,4428,5582,7317,201.4700,91.3100
1785147223.725953,4962,4428,5600,7354,198.8700,91.3100
1785147223.751096,4962,4418,5535,7308,198.8700,91.3100
1785147223.776694,4991,4437,5525,7317,204.2300,91.3700
1785147223.802225,4991,4418,5553,7308,198.8700,91.3700
1785147223.826855,4962,4428,5572,7308,198.8700,91.3700
1785147223.853008,5000,4465,5544,7326,198.8700,91.3700
1785147223.878150,4991,4465,5563,7298,198.7100,91.3700
1785147223.902648,5019,4446,5535,7298,198.7100,91.3700
1785147223.927711,5009,4390,5544,7298,200.1500,91.3700
1785147223.953721,5019,4400,5563,7298,200.1500,91.4400
1785147223.978627,5028,4437,5516,7261,200.1500,91.4400
1785147224.003548,5056,4390,5525,7242,197.4400,91.5000
1785147224.029849,5047,4446,5506,7261,197.4400,91.5000
1785147224.056054,5028,4437,5506,7251,197.4400,91.5000
1785147224.080267,5019,4428,5516,7279,197.4400,91.5000
1785147224.106593,5131,4446,5535,7223,193.5700,91.5000
1785147224.130622,5019,4484,5506,7242,193.5700,91.5000
1785147224.157769,5047,4446,5488,7204,195.9500,91.4400
1785147224.181722,5084,4446,5544,7223,195.9500,91.4400
1785147224.208646,5066,4409,5460,7176,190.9200,91.3700
1785147224.231861,5047,4484,5450,7195,190.9200,91.3700
1785147224.258022,5094,4428,5450,7195,204.2300,91.2500
1785147224.282786,5084,4512,5441,7223,204.2300,91.2500
1785147224.307485,5103,4512,5450,7223,200.1500,91.1900
1785147224.333592,5103,4418,5488,7204,200.1500,91.1900
1785147224.358506,5094,4484,5469,7195,205.5600,91.1900
1785147224.383814,5028,4503,5469,7176,205.5600,91.1900
1785147224.409657,5075,4512,5441,7176,196.2200,91.1900
1785147224.435276,5075,4484,5431,7176,196.2200,91.1900
1785147224.459498,5084,4456,5441,7139,197.4400,91.1200
1785147224.486362,5075,4512,5413,7195,197.4400,91.1200
1785147224.511317,5141,4493,5450,7167,204.2300,91.1900
1785147224.535723,5141,4503,5431,7157,204.2300,91.1900
1785147224.561559,5084,4475,5431,7139,202.8500,91.3100
1785147224.586633,5037,4531,5403,7120,202.8500,91.3100
1785147224.612133,5122,4475,5431,7148,205.5600,91.4400
1785147224.637832,5141,4531,5403,7139,205.5600,91.4400
1785147224.662717,5159,4522,5385,7101,200.1500,91.4400
1785147224.687679,5084,4522,5403,7073,200.1500,91.4400
1785147224.713740,5122,4531,5422,7129,198.8700,91.4400
1785147224.739370,5131,4550,5366,7092,198.8700,91.4400
1785147224.763573,5112,4568,5385,7073,201.4700,91.4400
1785147224.788575,5131,4531,5431,7082,201.4700,91.4400
1785147224.814944,5150,4587,5394,7017,198.8700,91.4400
1785147224.840542,5169,4550,5356,7007,198.8700,91.4400
1785147224.865264,5188,4615,5385,7007,201.4700,91.4400
1785147224.890709,5188,4634,5356,7007,201.4700,91.4400
1785147224.915602,5141,4568,5338,7017,200.1500,91.4400
1785147224.941602,5159,4597,5385,6970,200.1500,91.4400
1785147224.966908,5150,4625,5319,7007,200.1500,91.4400
1785147224.991936,5141,4587,5394,7073,200.1500,91.4400
1785147225.016732,5141,4634,5356,7045,200.1500,91.4400
1785147225.042669,5150,4634,5300,7036,200.1500,91.4400
1785147225.067827,5188,4597,5338,7054,200.1500,91.4400
1785147225.093628,5206,4625,5338,7092,200.1500,91.4400
1785147225.118654,5188,4643,5338,7139,198.8700,91.4400
1785147225.144151,5206,4625,5300,7101,198.8700,91.4400
1785147225.168897,5188,4653,5300,7111,204.2300,91.4400
1785147225.194922,5216,4606,5253,7111,204.2300,91.4400
1785147225.219839,5225,4681,5253,7101,194.7400,91.5000
1785147225.244736,5225,4662,5272,7101,194.7400,91.5000
1785147225.270712,5169,4634,5291,7120,200.1500,91.4400
1785147225.296178,5216,4690,5253,7120,200.1500,91.4400
1785147225.321265,5234,4700,5244,7139,200.1500,91.3700
1785147225.346732,5206,4690,5234,7120,200.1500,91.3700
1785147225.372075,5253,4672,5291,7120,202.8500,91.3100
1785147225.397118,5206,4662,5300,7139,202.8500,91.3100
1785147225.422323,5216,4681,5281,7101,196.2200,91.2500
1785147225.448212,5234,4709,5234,7101,196.2200,91.2500
1785147225.473605,5263,4662,5234,7111,201.4700,91.1900
1785147225.498149,5253,4662,5225,7064,201.4700,91.1900
1785147225.524099,5234,4653,5206,7054,193.5700,91.2500
1785147225.549242,5188,4681,5216,7073,193.5700,91.2500
1785147225.574136,5216,4690,5225,7026,204.2300,91.2500
1785147225.599795,5272,4709,5197,7064,204.2300,91.2500
1785147225.624963,5291,4709,5253,7026,196.2200,91.3700
1785147225.650059,5263,4756,5216,7045,196.2200,91.3700
1785147225.676379,5244,4747,5178,6989,201.4700,91.4400
1785147225.701076,5272,4747,5178,7036,201.4700,91.4400
1785147225.726145,5244,4765,5197,6998,200.1500,91.5600
1785147225.752630,5328,4747,5188,6970,197.4400,91.5600
1785147225.777849,5309,4803,5225,6960,197.4400,91.5600
1785147225.802090,5272,4794,5159,7007,197.4400,91.5600
1785147225.827845,5319,4822,5112,6942,190.9200,91.5000
1785147225.853029,5281,4794,5206,6942,190.9200,91.5000
1785147225.879046,5281,4784,5188,6923,195.9500,91.3700
1785147225.905095,5272,4822,5150,6989,185.6200,91.3100
1785147225.929023,5309,4784,5150,6895,185.6200,91.3100
1785147225.956304,5291,4822,5103,6820,197.4400,91.3100
1785147225.981357,5244,4822,5188,6857,197.4400,91.3100
1785147226.006557,5328,4859,5188,6895,200.1500,91.3100
1785147226.029792,5328,4840,5178,6810,200.1500,91.3100
1785147226.057029,5328,4869,5150,6801,204.2300,91.3700
1785147226.080791,5347,4850,5131,6857,204.2300,91.3700
1785147226.107754,5347,4859,5206,6763,200.1500,91.3700
1785147226.131952,5309,4850,5169,6801,200.1500,91.3700
1785147226.157370,5309,4831,5094,6763,204.1800,91.4400
1785147226.182599,5356,4887,5169,6745,204.1800,91.4400
1785147226.210207,5356,4850,5103,6820,206.9900,91.5000
1785147226.234582,5338,4840,5056,6810,206.9900,91.5000
1785147226.258151,5328,4869,5084,6839,200.1500,91.5000
1785147226.285478,5347,4915,5122,6848,200.1500,91.5000
1785147226.308656,5385,4859,5075,6839,196.2200,91.4400
1785147226.334106,5319,4925,5103,6726,196.2200,91.4400
1785147226.359706,5375,4897,5112,6820,200.1500,91.3700
1785147226.384920,5385,4962,5066,6820,200.1500,91.3700
1785147226.409902,5394,4925,5056,6885,202.8500,91.2500
1785147226.434632,5413,4972,5094,6810,202.8500,91.2500
1785147226.461102,5366,4962,5056,6932,206.9900,91.1200
1785147226.485945,5366,4915,5084,6932,206.9900,91.1200
1785147226.511007,5347,4934,5056,6960,201.5300,91.1200
1785147226.537855,5413,4934,5075,6923,201.5300,91.1200
1785147226.562981,5375,4972,5047,6942,215.2700,91.1200
1785147226.586975,5356,4915,5094,6923,215.2700,91.1200
1785147226.612681,5366,4925,5028,6895,202.8500,91.0600
1785147226.637702,5385,4915,5019,6904,202.8500,91.0600
1785147226.662699,5385,4925,5028,6848,196.2200,91.1200
1785147226.689074,5394,4925,5028,6829,196.2200,91.1200
1785147226.713898,5422,4972,5000,6782,200.1500,91.1900
1785147226.739309,5394,4962,4981,6782,200.1500,91.1900
1785147226.764883,5422,4962,5000,6773,200.1500,91.2500
1785147226.790243,5394,5019,5009,6773,200.1500,91.2500
1785147226.815337,5422,5009,5037,6773,202.8500,91.3100
1785147226.841040,5450,5047,4981,6754,202.8500,91.3100
1785147226.865703,5422,5037,4972,6773,201.4700,91.3700
1785147226.890760,5375,5028,5028,6773,201.4700,91.3700
1785147226.917045,5478,5037,4991,6707,196.2200,91.3700
1785147226.941760,5469,5075,5056,6726,196.2200,91.3700
1785147226.966993,5460,5056,4991,6763,200.1500,91.3700
1785147226.992866,5441,5112,4981,6726,200.1500,91.3700
1785147227.018184,5450,5103,4972,6810,200.1500,91.3700
1785147227.043352,5431,5112,4991,6773,200.1500,91.3700
1785147227.068974,5497,5122,4962,6792,197.4400,91.4400
1785147227.093929,5506,5122,4962,6782,197.4400,91.4400
1785147227.119711,5460,5159,4981,6763,192.0300,91.5000
1785147227.145517,5516,5150,4915,6773,192.0300,91.5000
1785147227.169748,5441,5112,4972,6876,201.4700,91.4400
1785147227.194720,5525,5094,4991,6773,201.4700,91.4400
1785147227.220795,5497,5103,4934,6792,200.1500,91.4400
1785147227.246947,5506,5075,4934,6773,200.1500,91.4400
1785147227.271061,5544,5103,4972,6717,197.4400,91.4400
1785147227.296748,5497,5056,4953,6735,197.4400,91.4400
1785147227.321857,5544,5112,4925,6754,198.8700,91.5000
1785147227.346772,5497,5103,4934,6717,198.8700,91.5000
1785147227.372113,5516,5084,4991,6670,200.1500,91.4400
1785147227.398167,5553,5103,4915,6698,200.1500,91.4400
1785147227.423047,5516,5141,4962,6688,205.5600,91.3700
1785147227.448068,5478,5150,4944,6707,205.5600,91.3700
1785147227.474075,5572,5131,4962,6670,200.1500,91.3100
1785147227.499204,5553,5131,4887,6707,200.1500,91.3100
1785147227.524074,5525,5150,4850,6670,206.9900,91.3700
1785147227.549790,5535,5178,4869,6651,206.9900,91.3700
1785147227.574733,5563,5131,4897,6688,198.8700,91.4400
1785147227.600280,5460,5188,4850,6632,198.8700,91.4400
1785147227.627268,5525,5169,4925,6688,200.1500,91.4400
1785147227.651534,5563,5188,4869,6632,200.1500,91.4400
1785147227.676121,5535,5178,4906,6679,200.1500,91.4400
1785147227.702274,5572,5188,4859,6613,206.9900,91.4400
1785147227.727196,5600,5244,4859,6613,206.9900,91.4400
1785147227.751795,5563,5188,4869,6595,196.2200,91.4400
1785147227.777882,5553,5263,4822,6595,196.2200,91.4400
1785147227.803538,5582,5216,4878,6557,200.1500,91.5000
1785147227.827900,5610,5188,4869,6520,200.1500,91.5000
1785147227.853826,5610,5169,4887,6501,197.4400,91.6200
1785147227.878761,5638,5234,4812,6501,197.4400,91.6200
1785147227.904339,5610,5225,4812,6435,197.4400,91.6200
1785147227.930063,5591,5253,4831,6435,200.1500,91.5600
1785147227.956639,5619,5216,4840,6445,198.7100,91.5000
1785147227.979770,5628,5244,4840,6473,198.7100,91.5000
1785147228.007496,5610,5272,4822,6435,198.8700,91.5000
1785147228.031003,5619,5272,4803,6435,198.8700,91.5000
1785147228.057311,5619,5234,4803,6407,197.4400,91.5000
1785147228.081304,5619,5244,4812,6454,197.4400,91.5000
1785147228.107068,5666,5281,4794,6416,200.1500,91.4400
1785147228.132030,5657,5244,4756,6426,200.1500,91.4400
1785147228.158650,5703,5244,4737,6370,204.2300,91.3700
1785147228.183660,5703,5253,4784,6426,204.2300,91.3700
1785147228.208361,5722,5244,4775,6426,206.8300,91.4400
1785147228.235034,5666,5225,4756,6473,206.8300,91.4400
1785147228.260834,5685,5328,4775,6491,202.8500,91.5000
1785147228.286206,5657,5300,4718,6501,202.8500,91.5000
1785147228.310850,5703,5338,4756,6529,202.8500,91.5600
1785147228.335696,5638,5291,4756,6510,202.8500,91.5600
1785147228.361052,5713,5272,4747,6538,200.1500,91.5000
1785147228.387177,5694,5300,4784,6501,200.1500,91.5000
1785147228.412196,5666,5319,4756,6576,200.1500,91.5000
1785147228.438167,5675,5291,4775,6613,200.1500,91.5000
1785147228.462075,5666,5338,4700,6623,202.8500,91.3700
1785147228.488347,5713,5281,4700,6623,202.8500,91.3700
1785147228.513462,5703,5281,4681,6670,205.5600,91.2500
1785147228.539227,5685,5347,4681,6613,205.5600,91.2500
1785147228.565111,5694,5291,4662,6313,200.1500,91.1900
1785147228.590198,5657,5328,4662,6557,200.1500,91.1900
1785147228.615258,5732,5328,4625,6557,205.5600,91.1900
1785147228.640498,5713,5319,4662,6566,205.5600,91.1900
1785147228.666476,5750,5309,4643,6585,205.5600,91.2500
1785147228.691983,5741,5338,4700,6557,205.5600,91.2500
1785147228.717498,5741,5309,4681,6604,202.8500,91.2500
1785147228.742856,5694,5356,4615,6576,202.8500,91.2500
1785147228.767242,5722,5319,4643,6520,205.5600,91.3700
1785147228.792985,5722,5338,4728,6548,205.5600,91.3700
1785147228.818462,5816,5385,4625,6173,200.1500,91.4400
1785147228.843776,5788,5403,4634,6219,200.1500,91.4400
1785147228.869267,5769,5375,4672,5807,197.4400,91.5600
1785147228.893085,5741,5375,4662,5807,197.4400,91.5600
1785147228.918477,5779,5403,4634,5769,200.1500,91.6200
1785147228.945883,5779,5450,4625,5769,200.1500,91.6200
1785147228.970133,5750,5431,4606,5769,197.4400,91.5600
1785147228.994204,5769,5403,4672,6529,197.4400,91.5600
1785147229.018771,5769,5403,4615,5685,200.1500,91.5000
1785147229.045139,5854,5450,4597,5685,200.1500,91.5000
1785147229.071689,5779,5441,4587,5628,194.7400,91.5000
1785147229.095495,5807,5385,4690,5647,194.7400,91.5000
1785147229.121264,5779,5469,4606,5647,202.8500,91.4400
1785147229.146931,5825,5478,4587,6088,202.8500,91.4400
1785147229.171764,5788,5469,4568,5610,197.4400,91.4400
1785147229.200833,5816,5460,4597,5610,197.4400,91.4400
1785147229.223369,5816,5469,4568,5638,200.1500,91.4400
1785147229.248861,5835,5460,4587,6069,200.1500,91.4400
1785147229.274397,5807,5460,4578,6022,196.2200,91.5000
1785147229.299555,5835,5460,4568,6004,196.2200,91.5000
1785147229.324141,5807,5413,4625,6022,198.7100,91.5600
1785147229.350296,5816,5385,4540,5572,198.7100,91.5600
1785147229.374273,5825,5319,4587,5572,200.1500,91.5600
1785147229.402792,5844,5309,4587,5572,200.1500,91.5600
1785147229.426048,5844,5309,4550,5572,197.4400,91.5000
1785147229.451118,5825,5309,4522,6097,197.4400,91.5000
1785147229.475650,5816,5300,4597,6097,194.7400,91.4400
1785147229.501585,5807,5281,4559,5628,197.4400,91.3700
1785147229.527063,5854,5272,4587,5666,197.4400,91.3700
1785147229.552512,5854,5328,4540,6004,197.4400,91.3700
1785147229.577465,5957,5328,4578,5525,196.2200,91.2500
1785147229.603437,5938,5403,4522,5516,201.4700,91.2500
1785147229.628859,5863,5469,4540,5929,201.4700,91.2500
1785147229.655536,5891,5779,4475,5985,197.4400,91.3100
1785147229.678812,5919,5769,4493,5553,197.4400,91.3100
1785147229.703176,5919,5854,4484,5994,197.4400,91.3100
1785147229.729894,5929,5854,4559,6379,202.8500,91.3700
1785147229.753031,5872,5797,4503,6266,202.8500,91.3700
1785147229.778015,5891,5835,4522,6238,202.8500,91.4400
1785147229.803128,5891,5835,4503,6191,202.8500,91.5000
1785147229.828892,5910,5760,4475,6201,202.8500,91.5000
1785147229.854415,5919,5816,4409,6163,202.8500,91.5000
1785147229.879637,5919,5788,4446,6097,200.1500,91.5000
1785147229.906121,5947,5788,4484,6069,197.4400,91.5000
1785147229.930090,5891,5788,4446,6069,197.4400,91.5000
1785147229.956797,5957,5769,4493,6051,194.7400,91.5000
1785147229.981338,5919,5779,4512,6069,194.7400,91.5000
1785147230.007477,5910,5769,4531,6126,197.4400,91.4400
1785147230.031154,5938,5722,4475,6107,197.4400,91.4400
1785147230.057797,5966,5741,4456,6069,200.1500,91.4400
1785147230.081916,5910,5788,4475,6116,200.1500,91.4400
1785147230.108463,6004,5779,4465,6135,200.1500,91.4400
1785147230.133455,5947,5788,4428,6154,200.1500,91.4400
1785147230.158322,6004,5825,4475,6201,200.1500,91.5000
1785147230.182816,6004,5807,4437,6163,200.1500,91.5000
1785147230.210991,5966,5797,4428,6276,202.8500,91.5000
1785147230.234524,5966,5882,4465,6229,202.8500,91.5000
1785147230.259106,5985,5807,4503,6276,197.4400,91.4400
1785147230.284945,5994,5825,4456,6266,197.4400,91.4400
1785147230.310463,5947,5863,4400,5919,193.5700,91.4400
1785147230.334878,5947,5844,4512,5863,193.5700,91.4400
1785147230.361146,6004,5863,4522,5478,204.2300,91.4400
1785147230.385864,6004,5835,4362,5563,204.2300,91.4400
1785147230.411341,5976,5854,4381,5563,193.5700,91.5000
1785147230.437006,5985,5872,4418,5563,193.5700,91.5000
1785147230.462564,6013,5863,4390,5572,195.9500,91.4400
1785147230.487242,5985,5844,4400,5525,195.9500,91.4400
1785147230.513002,6022,5900,4381,5572,188.2700,91.4400
1785147230.538337,6022,5854,4437,5619,188.2700,91.4400
1785147230.564458,5994,5854,4381,5525,201.4700,91.4400
1785147230.589168,6079,5929,4325,5544,201.4700,91.4400
1785147230.613880,6060,5872,4371,5544,197.4400,91.4400
1785147230.638840,6013,5844,4390,5553,197.4400,91.4400
1785147230.664188,6004,5882,4325,5535,202.8500,91.3700
1785147230.690742,6060,5863,4315,5582,202.8500,91.3700
1785147230.715627,6041,5891,4306,5553,196.2200,91.3700
1785147230.740157,6069,5910,4325,5535,196.2200,91.3700
1785147230.766577,6107,5891,4334,5506,204.2300,91.3100
1785147230.791098,6097,5910,4325,5544,204.2300,91.3100
1785147230.816061,6022,5929,4353,5525,200.1500,91.3700
1785147230.842217,6144,5900,4428,5553,200.1500,91.3700
1785147230.866893,6079,5938,4353,5450,202.8500,91.3700
1785147230.891837,6107,5910,4353,5394,202.8500,91.3700
1785147230.919147,6069,5947,4418,5872,201.5300,91.4400
1785147230.943386,6107,5938,4287,5966,201.5300,91.4400
1785147230.968835,6116,5891,4390,5816,197.4400,91.5000
1785147230.994123,6097,6022,4306,5807,197.4400,91.5000
1785147231.019017,6116,5900,4278,6182,204.2300,91.5600
1785147231.044669,6107,6013,4334,5769,204.2300,91.5600
1785147231.070352,6107,5957,4212,6163,197.4400,91.5600
1785147231.095001,6060,5919,4268,6182,197.4400,91.5600
1785147231.119926,6144,6022,4278,6163,193.5700,91.5000
1785147231.146745,6135,6060,4343,6116,193.5700,91.5000
1785147231.171294,6173,6013,4334,6097,198.7100,91.4400
1785147231.195933,6135,5929,4325,6088,198.7100,91.4400
1785147231.221990,6107,5929,4296,6163,197.4400,91.4400
1785147231.246971,6144,6032,4343,6060,197.4400,91.4400
1785147231.272159,6135,5919,4231,6097,190.9200,91.4400
1785147231.297651,6135,5919,4278,6088,190.9200,91.4400
1785147231.322952,6173,5900,4221,6079,204.2300,91.4400
1785147231.347937,6135,5900,4456,6051,204.2300,91.4400
1785147231.373068,6107,5825,4456,6032,196.2200,91.5000
1785147231.401109,6135,5713,4475,6041,196.2200,91.5000
1785147231.424009,6182,5769,4343,6013,209.7500,91.5000
1785147231.448995,6116,5769,4531,6022,209.7500,91.5000
1785147231.475029,6210,5750,4353,5976,197.4400,91.5600
1785147231.500200,6154,5750,4381,6013,197.4400,91.5600
1785147231.525380,6201,5760,4231,6004,201.5300,91.5600
1785147231.551091,6201,5788,4446,6069,201.5300,91.5600
1785147231.575966,6182,5760,4343,6069,204.2300,91.5000
1785147231.601092,6182,5779,4315,6051,204.2300,91.5000
1785147231.627231,6191,5816,4325,6107,197.4400,91.3700
1785147231.652282,6210,5816,4672,6107,197.4400,91.3700
1785147231.677427,6210,5835,4381,6163,200.1500,91.1900
1785147231.703022,6238,5863,4343,6163,200.1500,91.1900
1785147231.728704,6201,5835,4006,6144,198.8700,91.0600
1785147231.753505,6201,5844,4390,5319,202.8500,91.1200
1785147231.779270,6201,5854,4052,5722,202.8500,91.1200
1785147231.803968,6201,5882,4015,5385,202.8500,91.1200
1785147231.829679,6257,5863,4034,5703,206.9900,91.0600
1785147231.855269,6191,5882,4315,5703,208.2600,91.1200
1785147231.880041,6248,5910,4278,6173,208.2600,91.1200
1785147231.905920,6229,5882,3977,5741,201.5300,91.1900
1785147231.931109,6248,5900,3884,6257,201.5300,91.1900
1785147231.957292,6323,5891,4325,5685,206.9900,91.3100
1785147231.981266,6238,5854,3931,5328,206.9900,91.3100
1785147232.008635,6276,5872,3921,5713,201.5300,91.4400
1785147232.032002,6238,5863,4090,5750,201.5300,91.4400
1785147232.059038,6285,5900,3902,5291,206.9900,91.5000
1785147232.082300,6294,6004,3912,5703,206.9900,91.5000
1785147232.108804,6285,5947,3865,5760,198.8700,91.5600
1785147232.133171,6257,5882,3855,5713,198.8700,91.5600
1785147232.157954,6285,5966,3855,5666,197.4400,91.5000
1785147232.184264,6323,5919,3855,6144,197.4400,91.5000
1785147232.209313,6276,5957,3865,6107,204.2300,91.4400
1785147232.235828,6323,5947,3809,6116,204.2300,91.4400
1785147232.262137,6332,5994,3799,6051,193.5700,91.3700
1785147232.285156,6285,5966,3809,6032,193.5700,91.3700
1785147232.311069,6304,6041,3780,6051,204.2300,91.4400
1785147232.336294,6304,5938,3818,5994,204.2300,91.4400
1785147232.361064,6323,6013,3799,6088,200.1500,91.4400
1785147232.386104,6304,6022,3762,6022,200.1500,91.4400
1785147232.412708,6332,6013,3790,6022,200.1500,91.5000
1785147232.437282,6285,6013,3780,5929,200.1500,91.5000
1785147232.462393,6341,5985,3762,5966,202.8500,91.5000
1785147232.488045,6360,6004,3818,5938,202.8500,91.5000
1785147232.513086,6360,6013,3790,5863,200.1500,91.5000
1785147232.539217,6341,6032,3780,5854,200.1500,91.5000
1785147232.563995,6332,6022,3743,5863,201.5300,91.4400
1785147232.589255,6332,6032,3724,5863,201.5300,91.4400
1785147232.614040,6379,6022,3734,5854,205.5600,91.4400
1785147232.640144,6341,6041,3743,5807,205.5600,91.4400
1785147232.666224,6398,6088,3677,5863,204.2300,91.3700
1785147232.690071,6341,6051,3762,5807,204.2300,91.3700
1785147232.715979,6379,6041,3771,5844,201.5300,91.3100
1785147232.741128,6416,6107,3734,5891,201.5300,91.3100
1785147232.766252,6379,6079,3715,5779,209.7500,91.2500
1785147232.791358,6388,6060,3715,5863,209.7500,91.2500
1785147232.817135,6360,6060,3668,5872,196.2200,91.2500
1785147232.842344,6370,6060,3668,5844,196.2200,91.2500
1785147232.867712,6407,6107,3658,5825,200.1500,91.3100
1785147232.893497,6416,6107,3687,5703,200.1500,91.3100
1785147232.918077,6388,6079,3705,5779,204.2300,91.3100
1785147232.943115,6426,6097,3621,5722,204.2300,91.3100
1785147232.969164,6435,6107,3705,5760,202.8500,91.4400
1785147232.994254,6416,6079,3658,5760,202.8500,91.4400
1785147233.019484,6445,6116,3724,5741,196.2200,91.4400
1785147233.045105,6407,6088,3630,5741,196.2200,91.4400
1785147233.070075,6398,6088,3677,5741,201.4700,91.5000
1785147233.095073,6445,6107,3668,5694,201.4700,91.5000
1785147233.121585,6416,6144,3649,5694,196.2200,91.5000
1785147233.146253,6454,6116,3621,5647,196.2200,91.5000
1785147233.171086,6445,6126,3640,5694,201.4700,91.5000
1785147233.198071,6426,6126,3658,5647,201.4700,91.5000
1785147233.222491,6426,6182,3705,5666,202.8500,91.4400
1785147233.247360,6445,6135,3668,5657,202.8500,91.4400
1785147233.273165,6435,6154,3612,5694,202.8500,91.3700
1785147233.298083,6435,6163,3668,5619,202.8500,91.3700
1785147233.323855,6426,6173,3677,5628,205.5600,91.3700
1785147233.349603,6491,6182,3668,5657,205.5600,91.3700
1785147233.374507,6491,6163,3668,5713,202.8500,91.3700
1785147233.399629,6491,6163,3649,5685,202.8500,91.3700
1785147233.425534,6520,6182,3630,5675,198.8700,91.3700
1785147233.450669,6520,6163,3612,5675,204.2300,91.4400
1785147233.475595,6520,6219,3612,5675,204.2300,91.4400
1785147233.500538,6473,6191,3649,5610,204.2300,91.4400
1785147233.526135,6520,6257,3649,5713,200.1500,91.4400
1785147233.551215,6473,6294,3668,5741,200.1500,91.4400
1785147233.577512,6510,6276,3668,5675,202.8500,91.4400
1785147233.602234,6520,6276,3621,5675,202.8500,91.4400
1785147233.627763,6520,6257,3565,5722,196.2200,91.5000
1785147233.652579,6529,6266,3630,5657,196.2200,91.5000
1785147233.679306,6510,6257,3602,5628,201.4700,91.5000
1785147233.703478,6510,6266,3602,5610,200.1500,91.4400
1785147233.728263,6557,6294,3602,5666,200.1500,91.4400
1785147233.754691,6585,6332,3612,5666,200.1500,91.4400
1785147233.780714,6529,6294,3612,5591,200.1500,91.3700
1785147233.804895,6529,6323,3658,5572,200.1500,91.3700
1785147233.830293,6538,6341,3593,5572,200.1500,91.3700
1785147233.856531,6585,6313,3593,5553,205.5600,91.3100
1785147233.880245,6604,6341,3630,5582,205.5600,91.3100
1785147233.907863,6529,6341,3630,5572,201.5300,91.3700
1785147233.931606,6538,6323,3612,5572,201.5300,91.3700
1785147233.958237,6557,6379,3621,5544,202.8500,91.4400
1785147233.982277,6585,6304,3612,5488,202.8500,91.4400
1785147234.007822,6642,6323,3574,5497,205.5600,91.5000
1785147234.032457,6642,6360,3621,5525,205.5600,91.5000
1785147234.058640,6613,6360,3574,5497,204.2300,91.5600
1785147234.083185,6585,6388,3593,5497,204.2300,91.5600
1785147234.110327,6595,6370,3574,5488,193.5700,91.6200
1785147234.135118,6642,6351,3602,5488,193.5700,91.6200
1785147234.159176,6613,6398,3630,5488,201.4700,91.5600
1785147234.184531,6651,6341,3574,5431,201.4700,91.5600
1785147234.209196,6585,6370,3546,5478,196.2200,91.5600
1785147234.235316,6604,6445,3593,5469,196.2200,91.5600
1785147234.260358,6632,6351,3555,5431,198.7100,91.4400
1785147234.285994,6679,6370,3574,5441,198.7100,91.4400
1785147234.312525,6660,6398,3612,5431,194.7400,91.4400
1785147234.336523,6623,6416,3593,5431,194.7400,91.4400
1785147234.361515,6642,6351,3602,5441,192.0300,91.4400
1785147234.387459,6613,6416,3640,5375,192.0300,91.4400
1785147234.412359,6679,6416,3640,5413,190.9200,91.3700
1785147234.437503,6632,6398,3593,5366,190.9200,91.3700
1785147234.463645,6688,6454,3593,5413,200.1500,91.3700
1785147234.488797,6632,6426,3537,5422,200.1500,91.3700
1785147234.513581,6698,6398,3527,5478,194.7400,91.3700
1785147234.539339,6707,6435,3583,5478,194.7400,91.3700
1785147234.564529,6707,6473,3574,5347,202.8500,91.4400
1785147234.590472,6717,6435,3574,5375,202.8500,91.4400
1785147234.615573,6651,6491,3537,5347,200.1500,91.5000
1785147234.640387,6763,6463,3527,5338,200.1500,91.5000
1785147234.665522,6688,6529,3565,5366,197.4400,91.5600
1785147234.691824,6735,6491,3546,5356,197.4400,91.5600
1785147234.716786,6735,6482,3555,5319,200.1500,91.5600
1785147234.741523,6735,6482,3583,5319,200.1500,91.5600
1785147234.769060,6698,6463,3480,5300,204.2300,91.4400
1785147234.794729,6717,6585,3565,5263,204.2300,91.4400
1785147234.820861,6698,6585,3527,5272,204.1800,91.3100
1785147234.845056,6717,6538,3490,5291,204.1800,91.3100
1785147234.869532,6754,6520,3518,5291,200.1500,91.2500
1785147234.894321,6735,6538,3424,5309,200.1500,91.2500
1785147234.921186,6773,6538,3471,5309,205.5600,91.2500
1785147234.945905,6735,6595,3537,5281,205.5600,91.2500
1785147234.972790,6763,6520,3461,5281,209.7500,91.3100
1785147234.995731,6763,6548,3499,5253,209.7500,91.3100
1785147235.021897,6726,6510,3443,5281,201.5300,91.3700
1785147235.048510,6745,6566,3508,5225,201.5300,91.3700
1785147235.073920,6773,6576,3415,5272,208.2600,91.4400
1785147235.098122,6745,6538,3424,5225,208.2600,91.4400
1785147235.123495,6735,6585,3424,5225,208.2600,91.5000
1785147235.148977,6763,6576,3480,5225,208.2600,91.5000
1785147235.174276,6829,6557,3499,5225,206.9900,91.5000
1785147235.200734,6829,6548,3490,5188,206.9900,91.5000
1785147235.223984,6829,6557,3471,5234,202.8500,91.5000
1785147235.250429,6801,6604,3508,5206,202.8500,91.5000
1785147235.275313,6801,6529,3499,5253,198.8700,91.5000
1785147235.304355,6829,6576,3471,5216,198.8700,91.5000
1785147235.326324,6885,6566,3443,5216,202.8500,91.4400
1785147235.350590,6801,6632,3443,5206,202.8500,91.4400
1785147235.375531,6792,6613,3461,5178,200.1500,91.4400
1785147235.402004,6820,6651,3461,5197,200.1500,91.4400
1785147235.427520,6839,6632,3443,5150,204.2300,91.4400
1785147235.453074,6801,6698,3433,5216,204.2300,91.4400
1785147235.479502,6848,6642,3480,5159,196.2200,91.4400
1785147235.503471,6792,6688,3405,5234,204.2300,91.4400
1785147235.529673,6839,6726,3405,5159,204.2300,91.4400
1785147235.553018,6876,6707,3405,5206,200.1500,91.5000
1785147235.579205,6829,6660,3443,5131,200.1500,91.5000
1785147235.603585,6829,6698,3396,5122,202.8500,91.5000
1785147235.628825,6876,6660,3405,5131,202.8500,91.5000
1785147235.656061,6876,6660,3368,5122,198.8700,91.5000
1785147235.679747,6923,6698,3377,5094,198.8700,91.5000
1785147235.707777,6876,6745,3368,5122,200.1500,91.5000
1785147235.731477,6932,6698,3386,5103,200.1500,91.5000
1785147235.758239,6867,6754,3368,5103,194.7400,91.5000
1785147235.780828,6885,6773,3340,5122,194.7400,91.5000
1785147235.811591,6904,6782,3358,5112,200.1500,91.4400
1785147235.834594,6885,6792,3330,5103,200.1500,91.4400
1785147235.856994,6895,6773,3368,5084,194.7400,91.4400
1785147235.881938,6895,6810,3311,5141,194.7400,91.4400
1785147235.908183,6885,6820,3330,5122,206.9900,91.3700
1785147235.931417,6895,6820,3358,5150,206.9900,91.3700
1785147235.957636,6904,6782,3368,5131,204.1800,91.3100
1785147235.982763,6932,6820,3330,5131,204.1800,91.3100
1785147236.007593,6960,6904,3302,5112,205.5600,91.3100
1785147236.033656,6923,6904,3283,5094,205.5600,91.3100
1785147236.058408,6951,6876,3302,5094,205.5600,91.3700
1785147236.083680,6989,6923,3311,5066,205.5600,91.3700
1785147236.109612,6951,6867,3311,5103,210.9700,91.4400
1785147236.134833,6979,6839,3330,5056,210.9700,91.4400
1785147236.159464,6942,6763,3283,5122,209.7500,91.4400
1785147236.184881,6970,6820,3358,5084,209.7500,91.4400
1785147236.210881,6970,6801,3340,5056,205.5600,91.5000
1785147236.235748,7007,6801,3283,5066,205.5600,91.5000
1785147236.260561,6979,6848,3330,5037,201.5300,91.5000
1785147236.287056,7017,6792,3321,5056,201.5300,91.5000
1785147236.312112,6998,6848,3283,5056,202.8500,91.5000
1785147236.336795,6998,6876,3293,5056,202.8500,91.5000
1785147236.362529,6998,6810,3293,5056,208.2600,91.4400
1785147236.387501,6979,6867,3283,5028,208.2600,91.4400
1785147236.412577,6979,6904,3302,5037,205.5600,91.4400
1785147236.438618,6998,6923,3302,5047,205.5600,91.4400
1785147236.463686,7017,6923,3208,4981,202.8500,91.4400
1785147236.488668,7082,6942,3255,4991,202.8500,91.4400
1785147236.514458,6979,6960,3208,5009,208.2600,91.4400
1785147236.539757,7026,7017,3218,4981,208.2600,91.4400
1785147236.564798,7054,7045,3199,4991,202.8500,91.4400
1785147236.590487,7036,7045,3227,5009,202.8500,91.4400
1785147236.615522,7082,7420,3199,5000,205.5600,91.5000
1785147236.640594,7054,6510,3161,5009,205.5600,91.5000
1785147236.666823,7111,6566,3161,4981,202.8500,91.6200
1785147236.691750,7082,6576,3180,4981,202.8500,91.6200
1785147236.716540,7064,6538,3199,5000,202.8500,91.6900
1785147236.742490,7092,6632,3189,5000,202.8500,91.6900
1785147236.767744,7101,6576,3180,4944,194.7400,91.6900
1785147236.793098,7082,6557,3255,4944,194.7400,91.6900
1785147236.817580,7082,6632,3171,4991,200.1500,91.6200
1785147236.843693,7111,6960,3208,5009,200.1500,91.6200
1785147236.870055,7064,6998,3180,4991,194.7400,91.5000
1785147236.896101,7129,7289,3218,4934,194.7400,91.5000
1785147236.919605,7111,6923,3180,4934,205.5600,91.4400
1785147236.944784,7148,7308,3208,4981,205.5600,91.4400
1785147236.969613,7101,7308,3218,4981,204.2300,91.3100
1785147236.995848,7101,7251,3161,4915,204.2300,91.3100
1785147237.021033,7111,7279,3171,4944,201.5300,91.3100
1785147237.046417,7129,7317,3218,4925,201.5300,91.3100
1785147237.071553,7101,6951,3189,4915,202.8500,91.3700
1785147237.096614,7101,6923,3171,4897,202.8500,91.3700
1785147237.122464,7167,6613,3161,4915,208.2600,91.4400
1785147237.147785,7082,6595,3143,4887,208.2600,91.4400
1785147237.172546,7223,6585,3143,4906,204.2300,91.5000
1785147237.198008,7157,6585,3105,4915,204.2300,91.5000
1785147237.223767,7157,6642,3133,4897,198.8700,91.5600
1785147237.248855,7120,6642,3086,4906,198.8700,91.5600
1785147237.274297,7176,6651,3124,4897,202.8500,91.5600
1785147237.299574,7233,7064,3114,4869,202.8500,91.5600
1785147237.326005,7148,6773,3124,4897,200.1500,91.5600
1785147237.349859,7186,6979,3105,4897,200.1500,91.5000
1785147237.375585,7214,7383,3096,4897,200.1500,91.5000
1785147237.400585,7186,7411,3096,4897,200.1500,91.5000
1785147237.426405,7195,7383,3086,4859,205.5600,91.4400
1785147237.452115,7167,7392,3124,4859,197.4400,91.4400
1785147237.477438,7223,7401,3105,4859,197.4400,91.4400
1785147237.501852,7176,7401,3058,4859,202.8500,91.5000
1785147237.527617,7195,7373,3124,4822,202.8500,91.5000
1785147237.552936,7214,7373,3039,4887,202.8500,91.5000
1785147237.578047,7186,7392,3143,4887,200.1500,91.5000
1785147237.603020,7214,7439,3058,4812,200.1500,91.5600
1785147237.628619,7186,7411,3049,4859,200.1500,91.5600
1785147237.653676,7186,7458,3152,4859,200.1500,91.5000
1785147237.678551,7186,7430,3096,4831,200.1500,91.5000
1785147237.705719,7242,7420,3011,4831,200.1500,91.5000
1785147237.729674,7195,7036,3077,4840,200.1500,91.5000
1785147237.755474,7233,7439,3077,4840,200.1500,91.5000
1785147237.780644,7223,7054,3077,4794,200.1500,91.5000
1785147237.806923,7223,7448,3030,4850,202.8500,91.5000
1785147237.831522,7251,7458,3049,4812,202.8500,91.5000
1785147237.857481,7261,7064,3030,4784,194.7400,91.4400
1785147237.881730,7289,7467,3030,4765,194.7400,91.4400
1785147237.909003,7251,7486,3096,4765,202.8500,91.3700
1785147237.932895,7289,7439,3096,4756,202.8500,91.3700
1785147237.958380,7279,6989,3030,4775,200.1500,91.3100
1785147237.982944,7298,7486,3030,4737,200.1500,91.3100
1785147238.008599,7270,7111,3077,4737,202.8500,91.3100
1785147238.034246,7270,7467,3021,4737,202.8500,91.3100
1785147238.058958,7317,7467,2974,4747,202.8500,91.3700
1785147238.084672,7317,6651,3030,4747,202.8500,91.3700
1785147238.109680,7336,6651,3096,4747,202.8500,91.3700
1785147238.134650,7336,7111,3011,4812,202.8500,91.3700
1785147238.160889,7261,7092,2955,4700,200.1500,91.3700
1785147238.185734,7261,7111,2983,4718,200.1500,91.3700
1785147238.210599,7279,6745,3077,4747,200.1500,91.3700
1785147238.236727,7336,6763,3030,4718,200.1500,91.3700
1785147238.262165,7336,6792,2983,4718,197.4400,91.4400
1785147238.287072,7336,6773,3011,4737,197.4400,91.4400
1785147238.311640,7354,7157,3011,4737,197.4400,91.5000
1785147238.338028,7364,7157,3039,4709,197.4400,91.5000
1785147238.362647,7373,6782,2992,4690,202.8500,91.4400
1785147238.387743,7383,6801,2889,4718,202.8500,91.4400
1785147238.413781,7430,6792,2917,4672,202.8500,91.4400
1785147238.438779,7392,6839,2974,4700,202.8500,91.4400
1785147238.463819,7458,6885,2936,4700,204.2300,91.4400
1785147238.490013,7354,6867,2964,4747,204.2300,91.4400
1785147238.515012,7420,6904,3002,4718,198.8700,91.4400
1785147238.539657,7439,6895,3049,4681,198.8700,91.4400
1785147238.565812,7467,6932,2917,4681,197.4400,91.4400
1785147238.590721,7392,6932,2983,4709,197.4400,91.4400
1785147238.615947,7317,6914,2955,4709,202.8500,91.5000
1785147238.642018,7392,6914,2946,4709,202.8500,91.5000
1785147238.666674,7392,6914,3021,4709,200.1500,91.4400
1785147238.691689,7383,6932,2936,4709,200.1500,91.4400
1785147238.718533,7430,6904,2974,4709,202.8500,91.4400
1785147238.743546,7430,6951,2983,4625,202.8500,91.4400
1785147238.768204,7364,6970,2927,4625,202.8500,91.5000
1785147238.793902,7420,6970,2861,4681,202.8500,91.5000
1785147238.818940,7401,6979,2861,4681,200.1500,91.5000
1785147238.844631,7430,6979,2917,4681,200.1500,91.5000
1785147238.869879,7420,7082,2870,4606,194.7400,91.5000
1785147238.895530,7430,7007,2899,4700,194.7400,91.5000
1785147238.919758,7448,7007,2955,4672,194.7400,91.8100
1785147238.946127,7448,7064,2899,4625,194.7400,91.8100
1785147238.971040,7467,7064,2880,4625,192.0300,91.8100
1785147238.995998,7448,7082,2861,4606,192.0300,91.8100
1785147239.021478,7430,7101,2889,4587,197.4400,91.5600
1785147239.046770,7495,7092,2824,4643,197.4400,91.5600
1785147239.072004,7476,7129,2824,4625,192.0300,91.3100
1785147239.097137,7476,7176,2880,4606,192.0300,91.3100
1785147239.122762,7505,7139,2870,4597,202.8500,91.1200
1785147239.149215,7486,7167,2870,4653,202.8500,91.1200
1785147239.172869,7514,7251,2861,4568,200.1500,91.0600
1785147239.199172,7523,7195,2833,4615,200.1500,91.0600
1785147239.224038,7523,7214,2795,4606,205.5600,91.0600
1785147239.248824,7476,7233,2824,4606,205.5600,91.0600
1785147239.274876,7533,7233,2899,4550,204.2300,91.1200
1785147239.300197,7495,7270,2824,4606,201.5300,91.1900
1785147239.325372,7542,7270,2795,4625,201.5300,91.1900
1785147239.350866,7514,7298,2824,4681,201.5300,91.1900
1785147239.375838,7514,7317,2870,4568,200.1500,91.2500
1785147239.402237,7495,7317,2786,4615,202.8500,91.3100
1785147239.427187,7495,7354,2870,4662,202.8500,91.3100
1785147239.451977,7551,7383,2739,4709,201.4700,91.3100
1785147239.476834,7486,7373,2805,4653,201.4700,91.3100
1785147239.502862,7533,7326,2758,4690,201.4700,91.3100
1785147239.528531,7542,7401,2777,4718,198.8700,91.3100
1785147239.553686,7542,7383,2758,4709,192.0300,91.3100
1785147239.578823,7580,7354,2758,4728,192.0300,91.3100
1785147239.603841,7636,7401,2786,4747,197.4400,91.3100
1785147239.628867,7570,7430,2786,4747,197.4400,91.3100
1785147239.655340,7542,7401,2777,4709,194.7400,91.3700
1785147239.679980,7683,7383,2795,4709,194.7400,91.3700
1785147239.707832,7598,7420,2711,4728,200.1500,91.4400
1785147239.730001,7589,7420,2777,4718,200.1500,91.4400
1785147239.758069,7617,7392,2664,4728,194.7400,91.4400
1785147239.781170,7598,7476,2739,4737,194.7400,91.4400
1785147239.807365,7617,7401,2692,4737,197.4400,91.5000
1785147239.832139,7636,7420,2739,4737,197.4400,91.5000
1785147239.858438,7589,7420,2692,4784,198.7100,91.5000
1785147239.882426,7636,7467,2655,4784,198.7100,91.5000
1785147239.908159,7589,7420,2664,4662,196.2200,91.5000
1785147239.933908,7627,7420,2608,4662,196.2200,91.5000
1785147239.958292,7589,7411,2664,4587,194.7400,91.4400
1785147239.984385,7617,7486,2664,4681,194.7400,91.4400
1785147240.009210,7645,7401,2702,4672,194.7400,91.3100
1785147240.034017,7636,7392,2683,4681,194.7400,91.3100
1785147240.059842,7655,7420,2655,4662,200.1500,91.2500
1785147240.084950,7673,7439,2627,4681,200.1500,91.2500
1785147240.110259,7617,7430,2598,4681,202.8500,91.1900
1785147240.135907,7636,7486,2608,4728,202.8500,91.1900
1785147240.161362,7730,7505,2598,4615,200.1500,91.2500
1785147240.186481,7636,7476,2589,4587,200.1500,91.2500
1785147240.212135,7655,7523,2636,4587,202.8500,91.1900
1785147240.237444,7711,7420,2589,4522,202.8500,91.1900
1785147240.261903,7711,7523,2580,4484,200.1500,91.1900
1785147240.288272,7645,7514,2589,4475,200.1500,91.1900
1785147240.313465,7711,7514,2561,4550,205.5600,91.1900
1785147240.338588,7673,7486,2589,4484,205.5600,91.1900
1785147240.364012,7692,7505,2589,4503,205.5600,91.3100
1785147240.389162,7702,7514,2505,4428,205.5600,91.3100
1785147240.414473,7692,7505,2523,4446,200.1500,91.3700
1785147240.440114,7730,7589,2570,4390,200.1500,91.3700
1785147240.466053,7711,7505,2580,4475,206.9900,91.4400
1785147240.490821,7711,7570,2552,4887,206.9900,91.4400
1785147240.515513,7739,7542,2598,4794,198.8700,91.3700
1785147240.542789,7711,7542,2533,4587,198.8700,91.3700
1785147240.566787,7711,7570,2552,4587,197.4400,91.3700
1785147240.591356,7748,7570,2514,4503,197.4400,91.3700
1785147240.617475,7730,7580,2495,4643,200.1500,91.3700
1785147240.642238,7805,7561,2570,4568,200.1500,91.3700
1785147240.666971,7711,7570,2486,4493,200.1500,91.3700
1785147240.693404,7824,7551,2589,4512,200.1500,91.3700
1785147240.718113,7758,7570,2542,4531,197.4400,91.3700
1785147240.743137,7758,7561,2523,4559,197.4400,91.3700
1785147240.769036,7786,7561,2533,4540,202.8500,91.3700
1785147240.794263,7805,7617,2533,4568,202.8500,91.3700
1785147240.819218,7852,7589,2542,4540,200.1500,91.4400
1785147240.844977,7833,7570,2514,4587,200.1500,91.4400
1785147240.872391,7842,7627,2467,4550,208.2600,91.5000
1785147240.896990,7814,7608,2477,4531,208.2600,91.5000
1785147240.923541,7842,7617,2561,4587,205.5600,91.5000
1785147240.948011,7824,7617,2448,4578,205.5600,91.5000
1785147240.971341,7824,7673,2542,4578,189.3300,91.5000
1785147240.997667,7786,7645,2439,4597,189.3300,91.5000
1785147241.022589,7805,7645,2523,4531,200.1500,91.5000
1785147241.047482,7805,7608,2486,4587,200.1500,91.5000
1785147241.073205,7805,7636,2505,4540,194.7400,91.4400
1785147241.098098,7889,7627,2542,4578,194.7400,91.4400
1785147241.123107,7861,7645,2514,4550,200.1500,91.3700
1785147241.149506,7861,7617,2401,4512,200.1500,91.3700
1785147241.174578,7842,7627,2495,4512,198.7100,91.3100
1785147241.199972,7880,7608,2523,4540,198.7100,91.3100
1785147241.225094,7861,7664,2477,4493,190.9200,91.3100
1785147241.250619,7955,7636,2420,4540,204.2300,91.3100
1785147241.275310,7880,7655,2514,4503,204.2300,91.3100
1785147241.301014,7889,7748,2420,4512,204.2300,91.3100
1785147241.326016,7908,7692,2467,4484,198.8700,91.3700
1785147241.350943,7945,7655,2439,4465,198.8700,91.3700
1785147241.376674,7945,7664,2486,4465,205.5600,91.3700
1785147241.406472,7880,7655,2458,4493,205.5600,91.4400
1785147241.427399,7880,7664,2514,4446,205.5600,91.4400
1785147241.452164,7927,7664,2439,4456,205.5600,91.4400
1785147241.478436,7945,7664,2411,4409,201.4700,91.4400
1785147241.503282,7964,7645,2505,4465,198.8700,91.4400
1785147241.528238,7917,7673,2458,4446,198.8700,91.4400
1785147241.555846,7983,7692,2392,4446,200.1500,91.5000
1785147241.579667,7945,7664,2411,4428,200.1500,91.5000
1785147241.605814,7936,7711,2411,4437,205.5600,91.5000
1785147241.630404,7936,7702,2430,4662,205.5600,91.5000
1785147241.656617,7936,7739,2420,4493,200.1500,91.5000
1785147241.680220,7927,7758,2373,4653,200.1500,91.5000
1785147241.707290,7955,7767,2401,4662,202.8500,91.5000
1785147241.731417,7889,7795,2383,4662,202.8500,91.5000
1785147241.756795,7936,7786,2392,4634,194.7400,91.4400
1785147241.782326,8011,7842,2420,4606,194.7400,91.4400
1785147241.807035,7936,7805,2401,4625,200.1500,91.4400
1785147241.833041,8011,7833,2392,4625,200.1500,91.4400
1785147241.858186,8067,7814,2373,4643,192.0300,91.5000
1785147241.884335,8058,7842,2411,4606,192.0300,91.5000
1785147241.909061,8030,7889,2420,4512,200.1500,91.5000
1785147241.934890,8021,7852,2355,4578,200.1500,91.5000
1785147241.959248,7974,7852,2355,4578,194.7400,91.5600
1785147241.984080,8011,7880,2383,4559,194.7400,91.5600
1785147242.009982,8021,7870,2364,4597,197.4400,91.6200
1785147242.034935,8067,7870,2383,4484,197.4400,91.6200
1785147242.060465,8077,7899,2308,4484,192.0300,91.5600
1785147242.085950,8086,7889,2345,4465,192.0300,91.5600
1785147242.110854,7983,7880,2355,4522,194.7400,91.4400
1785147242.135960,8011,7861,2289,4522,194.7400,91.4400
1785147242.162349,8067,7899,2345,4550,194.7400,91.3700
1785147242.187298,8058,7927,2336,4522,194.7400,91.3700
1785147242.211968,8067,7880,2298,4456,200.1500,91.2500
1785147242.237991,8067,7908,2336,4446,200.1500,91.2500
1785147242.262961,8077,7880,2364,4475,200.1500,91.2500
1785147242.288301,8011,7917,2298,4512,200.1500,91.2500
1785147242.313996,8030,7899,2289,4475,194.7400,91.2500
1785147242.338922,8021,7889,2298,4446,194.7400,91.2500
1785147242.364076,8124,7899,2308,4446,204.2300,91.2500
1785147242.390392,8124,7880,2317,4428,204.2300,91.2500
1785147242.415175,8067,7870,2345,4446,196.2200,91.2500
1785147242.439961,8096,7908,2280,4390,196.2200,91.2500
1785147242.465985,8077,7880,2298,4456,200.1500,91.3700
1785147242.491196,8142,7945,2326,4456,200.1500,91.3700
1785147242.516212,8105,7899,2242,4437,194.7400,91.3700
1785147242.542019,8105,7899,2242,4503,194.7400,91.3700
1785147242.566986,8133,7917,2261,4446,195.9500,91.3700
1785147242.591934,8114,7899,2233,4465,195.9500,91.3700
1785147242.618438,8133,7899,2223,4446,188.2700,91.3700
1785147242.643196,8105,7899,2251,4465,188.2700,91.3700
1785147242.667926,8077,7917,2242,4437,192.0300,91.3700
1785147242.692965,8114,7899,2233,4418,192.0300,91.3700
1785147242.718923,8114,7936,2261,4428,194.7400,91.3700
1785147242.744316,8133,7899,2261,4484,194.7400,91.3700
1785147242.769232,8067,7908,2195,4428,189.3300,91.3700
1785147242.794916,8124,7917,2214,4418,189.3300,91.3700
1785147242.820011,8114,7955,2186,4353,189.3300,91.4400
1785147242.844970,8114,7936,2233,4334,189.3300,91.4400
1785147242.871153,8105,7992,2186,4390,192.0300,91.4400
1785147242.895934,8236,7992,2223,4334,192.0300,91.4400
1785147242.920959,8152,7974,2223,4334,183.9200,91.5600
1785147242.946985,8189,7945,2186,4325,183.9200,91.5600
1785147242.972203,8189,7936,2251,4362,181.2100,91.5600
1785147242.997330,8152,7992,2270,4325,181.2100,91.5600
1785147243.022920,8246,8030,2204,4343,186.6200,91.5600
1785147243.047940,8208,8002,2186,4362,186.6200,91.5600
1785147243.072934,8208,7983,2195,4287,182.1500,91.5600
1785147243.099441,8199,7955,2158,4343,182.1500,91.5600
1785147243.124006,8236,7927,2186,4287,175.0100,91.5000
1785147243.148917,8293,8002,2176,4343,175.0100,91.5000
1785147243.174844,8180,7992,2176,4315,178.5100,91.5000
1785147243.200300,8274,8002,2158,4325,178.5100,91.3700
1785147243.225160,8274,8021,2176,4268,178.5100,91.3700
1785147243.250951,8218,8021,2186,4259,178.5100,91.3700
1785147243.275835,8218,8096,2167,4287,181.2100,91.3100
1785147243.300895,8264,8058,2158,4259,181.2100,91.3100
1785147243.327091,8218,8002,2186,4306,181.2100,91.2500
1785147243.351833,8161,8030,2186,4231,178.5100,91.2500
1785147243.376943,8321,8058,2223,4231,178.5100,91.2500
1785147243.402797,8274,8105,2158,4259,178.5100,91.2500
1785147243.428198,8236,8067,2129,4240,183.9200,91.2500
1785147243.453728,8311,8086,2120,4221,182.1500,91.2500
1785147243.478812,8264,8096,2129,4221,182.1500,91.2500
1785147243.505524,8293,8049,2129,4193,175.0100,91.3100
1785147243.528831,8255,8039,2083,4193,175.0100,91.3100
1785147243.556692,8330,8105,2120,4174,181.2100,91.3700
1785147243.579856,8218,8086,2120,4231,181.2100,91.3700
1785147243.605984,8293,8096,2167,4203,181.2100,91.4400
1785147243.630732,8255,8077,2111,4193,181.2100,91.4400
1785147243.656297,8358,8077,2101,4174,175.8000,91.4400
1785147243.681024,8358,8114,2092,4156,175.8000,91.4400
1785147243.706816,8255,8049,2120,4118,178.5100,91.5000
1785147243.731752,8330,8077,2139,4184,178.5100,91.5000
1785147243.756775,8368,8096,2139,4146,171.1100,91.5600
1785147243.783689,8386,8142,2120,4146,171.1100,91.5600
1785147243.807820,8386,8067,2083,4099,172.3600,91.5600
1785147243.832825,8274,8152,2111,4146,172.3600,91.5600
1785147243.858706,8264,8077,2158,4184,170.4000,91.5000
1785147243.884468,8302,8142,2139,4128,170.4000,91.5000
1785147243.909598,8415,8096,2101,4109,175.8000,91.4400
1785147243.934739,8302,8124,2064,4109,175.8000,91.4400
1785147243.959876,8339,8124,2036,4184,170.4000,91.4400
1785147243.984988,8293,8124,2092,4128,170.4000,91.4400
1785147244.011027,8386,8142,2045,4203,173.1000,91.4400
1785147244.035796,8311,8142,2054,4146,173.1000,91.4400
1785147244.060833,8415,8114,2026,4118,168.3500,91.5000
1785147244.086775,8368,8161,2092,4184,168.3500,91.5000
1785147244.112036,8339,8171,2045,4193,159.1000,91.5000
1785147244.137117,8377,8171,2129,4212,159.1000,91.5000
1785147244.161798,8452,8114,2054,4174,160.0700,91.5000
1785147244.187757,8424,8152,2111,4165,160.0700,91.5000
1785147244.212778,8424,8133,2054,4193,153.8000,91.5600
1785147244.238126,8368,8142,2026,4184,153.8000,91.5600
1785147244.263859,8349,8152,2045,4137,159.5800,91.6200
1785147244.288773,8433,8152,2054,4174,159.5800,91.6200
1785147244.313758,8415,8133,1998,4156,162.2800,91.6900
1785147244.340050,8396,8142,2007,4137,162.2800,91.6900
1785147244.365068,8490,8189,2026,4156,159.5800,91.6900
1785147244.389807,8433,8124,2007,4156,159.5800,91.6900
1785147244.415692,8377,8114,2064,4165,156.8700,91.6900
1785147244.440740,8396,8152,2007,4165,156.8700,91.6900
1785147244.466064,8358,8208,2073,4137,156.8700,91.5000
1785147244.492471,8405,8199,2007,4146,156.8700,91.5000
1785147244.516878,8461,8152,2045,4146,159.5800,91.3700
1785147244.541808,8480,8180,1998,4212,159.5800,91.3700
1785147244.567790,8368,8171,2036,4165,162.2800,91.2500
1785147244.593111,8386,8161,2036,4221,162.2800,91.2500
1785147244.618158,8433,8180,2026,4193,167.6900,91.1900
1785147244.644016,8433,8189,2017,4212,167.6900,91.1900
1785147244.668924,8405,8171,1979,4249,162.2800,91.1900
1785147244.694133,8396,8189,2026,4203,162.2800,91.1900
1785147244.720062,8443,8227,1970,4231,167.6900,91.2500
1785147244.744799,8480,8218,2007,4203,167.6900,91.2500
1785147244.769960,8443,8227,2007,4193,167.6900,91.3700
1785147244.796025,8443,8264,2017,4184,167.6900,91.3700
1785147244.821109,8490,8264,2073,4184,164.9900,91.4400
1785147244.846056,8508,8255,1989,4221,164.9900,91.4400
1785147244.871758,8471,8246,1979,4203,167.6900,91.5600
1785147244.896812,8490,8264,1998,4231,167.6900,91.5600
1785147244.922245,8433,8264,1942,4240,162.2800,91.5600
1785147244.948152,8518,8302,2036,4249,162.2800,91.5600
1785147244.972809,8452,8302,2017,4278,159.5800,91.6200
1785147244.997922,8461,8283,1970,4287,159.5800,91.6200
1785147245.023686,8471,8302,1998,4287,162.2800,91.5600
1785147245.049147,8480,8302,1961,4287,162.2800,91.5600
1785147245.074155,8480,8283,1979,4362,159.5800,91.5600
1785147245.098701,8536,8339,1961,4381,159.5800,91.5600
1785147245.124774,8480,8302,1970,4437,162.2800,91.4400
1785147245.149850,8518,8405,1979,4446,162.2800,91.4400
1785147245.175062,8555,8349,1961,4465,165.5900,91.3700
1785147245.200792,8471,8330,1979,4446,161.7500,91.4400
1785147245.225767,8593,8302,1951,4437,161.7500,91.4400
1785147245.251012,8593,8386,1942,4418,161.7500,91.4400
1785147245.277003,8508,8368,1970,4428,165.5900,91.4400
1785147245.302112,8508,8349,1989,4400,159.1000,91.5000
1785147245.326694,8508,8368,1970,4353,159.1000,91.5000
1785147245.352761,8508,8377,1914,4343,159.1000,91.5000
1785147245.377854,8555,8377,1951,4343,151.4600,91.5000
1785147245.403090,8527,8358,1904,4296,143.3500,91.6200
1785147245.430176,8593,8396,1904,4268,143.3500,91.6200
1785147245.454799,8565,8424,1970,4287,151.4600,91.6200
1785147245.478713,8574,8424,1923,4278,151.4600,91.6200
1785147245.506707,8593,8405,1914,4259,154.1700,91.7500
1785147245.530122,8593,8433,1932,4259,154.1700,91.7500
1785147245.555751,8602,8433,1989,4249,151.4600,91.7500
1785147245.580796,8583,8377,1895,4203,151.4600,91.7500
1785147245.606378,8518,8358,1932,4249,148.7600,91.6900
1785147245.631095,8583,8377,1904,4212,148.7600,91.6900
1785147245.656840,8583,8433,1942,4212,149.0300,91.5600
1785147245.681869,8658,8415,1914,4212,149.0300,91.5600
1785147245.706553,8602,8433,1886,4203,143.1900,91.5000
1785147245.733126,8630,8433,1914,4184,143.1900,91.5000
1785147245.758709,8668,8461,1867,4174,146.2700,91.4400
1785147245.782823,8687,8433,1914,4231,146.2700,91.4400
1785147245.808923,8658,8461,1876,4184,148.4900,91.3700
1785147245.834041,8687,8443,1895,4193,148.4900,91.3700
1785147245.858979,8705,8461,1914,4156,151.4600,91.3100
1785147245.884833,8705,8480,1914,4174,151.4600,91.3100
1785147245.909904,8611,8508,1876,4221,148.7600,91.2500
1785147245.934973,8611,8555,1923,4193,148.7600,91.2500
1785147245.959776,8574,8527,1904,4268,151.4600,91.3100
1785147245.986252,8602,8508,1914,4240,151.4600,91.3100
1785147246.010998,8611,8518,1867,4306,154.1700,91.4400
1785147246.035701,8611,8499,1886,4193,154.1700,91.4400
1785147246.062345,8621,8471,1904,4174,154.1700,91.5000
1785147246.087105,8696,8508,1886,4118,154.1700,91.5000
1785147246.112135,8630,8546,1867,4165,148.7600,91.5600
1785147246.137737,8611,8518,1904,4118,148.7600,91.5600
1785147246.162632,8649,8574,1914,4099,146.0500,91.6200
1785147246.188049,8658,8546,1857,4128,146.0500,91.6200
1785147246.214134,8649,8583,1904,4034,146.0500,91.5600
1785147246.238691,8677,8546,1876,4052,146.0500,91.5600
1785147246.263687,8583,8546,1867,4128,143.3500,91.5000
1785147246.289804,8630,8640,1886,4071,143.3500,91.5000
1785147246.314962,8677,8565,1867,4109,148.7600,91.5600
1785147246.340033,8733,8583,1867,4071,148.7600,91.5600
1785147246.365771,8649,8518,1867,4109,146.0500,91.6200
1785147246.390805,8649,8555,1914,4165,146.0500,91.6200
1785147246.415762,8677,8536,1867,4137,146.0500,91.6200
1785147246.442223,8687,8527,1857,4174,146.0500,91.6200
1785147246.467131,8705,8574,1886,4137,148.7600,91.6200
1785147246.491690,8687,8555,1848,4221,148.7600,91.6200
1785147246.517827,8743,8583,1876,4118,143.3500,91.6200
1785147246.542995,8827,8602,1923,4165,143.3500,91.6200
1785147246.568066,8733,8593,1820,4137,143.3500,91.5000
1785147246.593987,8752,8602,1886,4156,143.3500,91.5000
1785147246.618668,8743,8621,1839,4165,140.6400,91.4400
1785147246.643850,8715,8583,1801,4174,140.6400,91.4400
1785147246.670107,8715,8546,1876,4203,143.3500,91.5600
1785147246.694671,8724,8621,1848,4174,143.3500,91.5600
1785147246.719855,8724,8546,1792,4203,140.6400,91.6200
1785147246.746120,8790,8536,1848,4165,140.6400,91.6200
1785147246.770990,8752,8508,1820,4240,132.5300,91.6200
1785147246.796671,8724,8546,1829,4259,132.5300,91.6200
1785147246.821770,8733,8536,1839,4296,135.2300,91.5600
1785147246.846699,8715,8490,1829,4325,135.2300,91.5600
1785147246.871718,8705,8490,1848,4268,132.5300,91.5600
1785147246.897102,8733,8424,1867,4287,132.5300,91.5600
1785147246.923267,8818,8471,1848,4259,135.2300,91.5000
1785147246.948261,8724,8433,1848,4174,135.2300,91.5000
1785147246.973123,8790,8461,1829,4240,135.2300,91.5000
1785147246.999052,8799,8415,1848,4174,140.6400,91.4400
1785147247.023925,8902,8415,1829,4137,140.6400,91.4400
1785147247.049129,8780,8433,1810,4165,140.6400,91.4400
1785147247.074891,8818,8424,1829,4146,140.6400,91.5000
1785147247.099817,8808,8433,1810,4034,140.6400,91.5000
1785147247.125070,8771,8433,1829,3987,140.6400,91.5600
1785147247.150872,8837,8424,1820,4034,143.5100,91.5600
1785147247.175831,8771,8424,1820,3949,143.5100,91.5600
1785147247.200849,8771,8433,1792,3921,143.5100,91.5600
1785147247.226987,8743,8433,1801,3912,132.5800,91.5600
1785147247.252050,8790,8405,1839,4006,140.6400,91.5000
1785147247.276991,8780,8452,1810,3921,140.6400,91.5000
1785147247.303347,8818,8443,1886,4006,140.6400,91.3700
1785147247.328192,8808,8452,1773,3977,140.6400,91.3700
1785147247.354179,8912,8471,1782,4034,137.9400,91.3700
1785147247.378701,8762,8443,1876,3996,137.9400,91.3700
1785147247.404766,8780,8490,1839,3959,140.6400,91.3100
1785147247.435193,8837,8490,1801,3987,140.6400,91.3100
1785147247.456205,8865,8527,1810,3977,140.6400,91.3100
1785147247.480202,8799,8527,1810,3968,140.6400,91.3100
1785147247.505422,8865,8536,1829,3931,137.9400,91.3100
1785147247.530737,8752,8593,1754,3968,137.9400,91.3100
1785147247.555711,8884,8574,1792,3968,143.5100,91.3100
1785147247.581091,8818,8611,1754,3912,143.5100,91.3100
1785147247.606654,8893,8602,1782,4015,140.5400,91.3100
1785147247.631794,8818,8611,1820,3987,140.5400,91.3100
1785147247.656539,8855,8630,1801,4043,140.6400,91.4400
1785147247.683182,8874,8640,1764,3968,140.6400,91.4400
1785147247.708026,8846,8630,1801,3977,143.3500,91.5000
1785147247.732641,8949,8640,1782,3996,143.3500,91.5000
1785147247.758547,8865,8705,1839,3977,137.9400,91.5600
1785147247.783701,8846,8696,1820,3977,137.9400,91.5600
1785147247.809479,8818,8668,1839,3977,135.2300,91.6200
1785147247.834808,8921,8649,1801,3968,135.2300,91.6200
1785147247.859663,8977,8649,1773,3931,132.4700,91.6200
1785147247.884587,8912,8752,1810,3949,132.4700,91.6200
1785147247.910817,8884,8658,1764,3940,135.2300,91.6900
1785147247.936798,8846,8752,1848,3931,135.2300,91.6900
1785147247.961129,8874,8715,1745,3940,129.9300,91.6200
1785147247.986686,8846,8780,1754,3893,129.9300,91.6200
1785147248.011828,9034,8733,1764,3902,132.5300,91.5600
1785147248.037002,8818,8762,1754,3893,132.5300,91.5600
1785147248.063173,8780,8752,1707,3968,135.2300,91.5600
1785147248.087766,8790,8743,1745,3996,135.2300,91.5600
1785147248.112819,8912,8743,1792,4034,127.2800,91.5600
1785147248.137845,8874,8743,1792,3959,127.2800,91.5600
1785147248.164145,8855,8715,1745,4006,135.2300,91.5600
1785147248.189019,8977,8705,1745,4024,135.2300,91.5600
1785147248.217081,8930,8743,1735,3996,129.9300,91.5600
1785147248.240581,8921,8733,1773,3855,129.9300,91.5600
1785147248.267027,8968,8715,1717,3837,135.2300,91.5600
1785147248.290599,8977,9306,1773,3855,135.2300,91.5600
1785147248.316056,8959,8687,1754,4109,129.8300,91.5000
1785147248.340904,8921,8733,1735,4249,129.8300,91.5000
1785147248.366985,8987,9005,1782,4137,129.8300,91.5000
1785147248.391903,8968,9005,1773,4203,129.8300,91.5000
1785147248.417036,9052,8593,1717,4128,124.4200,91.5000
1785147248.441867,8959,8752,1745,4109,124.4200,91.5000
1785147248.467684,8940,8668,1726,4146,124.1900,91.5000
1785147248.492983,8940,8752,1717,4174,124.1900,91.5000
1785147248.518188,8968,8705,1764,4203,121.9800,91.5000
1785147248.543648,9043,8677,1707,4203,121.9800,91.5000
1785147248.568528,8959,8724,1726,4203,121.7100,91.6200
1785147248.593855,8930,8762,1707,4315,121.7100,91.6200
1785147248.621174,8940,8762,1754,4287,124.4200,91.6900
1785147248.645036,8921,8752,1745,4325,124.4200,91.6900
1785147248.669795,9015,8733,1726,4268,126.9500,91.7500
1785147248.695607,9005,9081,1754,4259,126.9500,91.7500
1785147248.720834,8930,8733,1754,4231,119.3200,91.7500
1785147248.746150,9090,8715,1726,4184,119.3200,91.7500
1785147248.771499,8921,8705,1717,4174,118.6800,91.6900
1785147248.796551,8921,8752,1735,4156,118.6800,91.6900
1785147248.822249,8959,8668,1764,4174,121.7100,91.6200
1785147248.848118,8959,8640,1782,4118,121.7100,91.6200
1785147248.873009,9034,8621,1782,4203,124.4200,91.4400
1785147248.897931,8930,8649,1735,4128,124.4200,91.4400
1785147248.923710,9005,8621,1754,4165,127.2800,91.3700
1785147248.949101,9052,8583,1698,4090,127.1200,91.3700
1785147248.973945,8996,8611,1726,4118,127.1200,91.3700
1785147248.999865,9043,8715,1764,4109,127.1200,91.3700
1785147249.024559,9127,8762,1717,4118,124.4200,91.2500
1785147249.049558,8996,8677,1745,4109,124.4200,91.2500
1785147249.076083,9062,8668,1810,4071,129.8300,91.2500
1785147249.100937,9071,8649,1782,4146,129.8300,91.2500
1785147249.125724,9052,8715,1754,4118,129.8300,91.2500
1785147249.152466,9034,8696,1735,4118,124.4200,91.2500
1785147249.176938,9034,9099,1689,4118,124.4200,91.2500
1785147249.201951,9034,8602,1754,4090,129.8300,91.2500
1785147249.227807,9099,8771,1698,4090,129.8300,91.2500
1785147249.254447,9127,8884,1689,4081,129.8300,91.2500
1785147249.277806,9127,8808,1735,4034,129.8300,91.2500
1785147249.308896,8949,8968,1754,4034,129.8300,91.2500
1785147249.328695,9015,8921,1726,4109,129.8300,91.2500
1785147249.355230,8968,8921,1689,4099,124.4200,91.3100
1785147249.378605,9071,8977,1679,4024,124.4200,91.3100
1785147249.407032,9062,8949,1679,4043,127.1200,91.3100
1785147249.430089,9005,8940,1717,4024,127.1200,91.3100
1785147249.455923,9024,8996,1764,4034,126.9500,91.4400
1785147249.481009,9052,8921,1717,4015,126.9500,91.4400
1785147249.506363,9062,9005,1670,4071,116.6700,91.5000
1785147249.531028,8977,9062,1670,4024,116.6700,91.5000
1785147249.557184,8996,8996,1707,4043,121.7100,91.5000
1785147249.582266,8977,9052,1670,4062,121.7100,91.5000
1785147249.607065,9090,8930,1698,4081,116.3000,91.5000
1785147249.634120,9081,9071,1698,4024,116.3000,91.5000
1785147249.658649,8987,9081,1679,4024,124.4200,91.5000
1785147249.682690,8977,9024,1679,4146,124.4200,91.5000
1785147249.708679,9052,9052,1698,4024,121.7100,91.5000
1785147249.734213,9024,8949,1717,4024,121.7100,91.5000
1785147249.759092,9024,9099,1717,4034,119.0100,91.5000
1785147249.784571,9165,9062,1698,3846,119.0100,91.5000
1785147249.809669,9062,8902,1679,3902,124.4200,91.5000
1785147249.835153,9146,9127,1679,3780,124.4200,91.5000
1785147249.860991,9052,9005,1698,3809,121.4400,91.5000
1785147249.885913,9118,9118,1642,3827,121.4400,91.5000
1785147249.911526,9184,9090,1660,3827,121.9800,91.5000
1785147249.936981,9099,9062,1717,3809,121.9800,91.5000
1785147249.961827,9165,9137,1707,3799,119.0100,91.5000
1785147249.987159,9231,9043,1717,3818,119.0100,91.5000
1785147250.011796,9109,9156,1689,3855,121.7100,91.5000
1785147250.037777,9099,9202,1735,3837,121.7100,91.5000
1785147250.062529,9118,9127,1717,3874,116.3000,91.5000
1785147250.087528,9109,9034,1726,3855,116.3000,91.5000
1785147250.113788,9118,9212,1698,3884,119.0100,91.5600
1785147250.138655,9099,9165,1773,3855,119.0100,91.5600
1785147250.163631,9249,9174,1717,3855,115.9200,91.5600
1785147250.189605,9146,9165,1726,3827,115.9200,91.5600
1785147250.215906,9202,9165,1707,3855,111.3700,91.5600
1785147250.240129,9127,9202,1698,3837,111.3700,91.5600
1785147250.265761,9174,9231,1707,3865,110.8900,91.6200
1785147250.290888,9221,9184,1698,3827,110.8900,91.6200
1785147250.316102,9146,9024,1717,3827,108.1900,91.6200
1785147250.341914,9137,9062,1707,3855,108.1900,91.6200
1785147250.366512,9127,9240,1679,3855,113.1600,91.6900
1785147250.391586,9071,9071,1679,3855,113.1600,91.6900
1785147250.417520,9099,9052,1707,3837,106.0700,91.6900
1785147250.442696,9099,9081,1707,3809,106.0700,91.6900
1785147250.468075,9081,9081,1698,3855,110.8900,91.6200
1785147250.493729,9268,9052,1679,3827,110.8900,91.6200
1785147250.518738,9287,9081,1689,3865,110.8900,91.6200
1785147250.543649,9099,9118,1679,3874,110.8900,91.6200
1785147250.569956,9099,9109,1670,3855,108.1900,91.5600
1785147250.594681,9193,9081,1660,3865,108.1900,91.5600
1785147250.619653,9202,9127,1689,3874,113.6000,91.5600
1785147250.645619,9268,9127,1679,3846,113.6000,91.5600
1785147250.670658,9202,9137,1660,3818,108.1900,91.5000
1785147250.695873,9278,9118,1689,3827,108.1900,91.5000
1785147250.721687,9193,9090,1689,3846,113.6000,91.4400
1785147250.746589,9324,9127,1717,3818,113.6000,91.4400
1785147250.771539,9212,9090,1670,3818,113.1600,91.4400
1785147250.797818,9202,9146,1660,3771,113.1600,91.4400
1785147250.822693,9193,9156,1679,3818,106.0700,91.4400
1785147250.847524,9146,9081,1642,3799,106.0700,91.4400
1785147250.873645,9202,9137,1689,3827,110.4000,91.3700
1785147250.898773,9278,9202,1689,3818,106.0700,91.3700
1785147250.924091,9249,9127,1698,3827,106.0700,91.3700
1785147250.949700,9193,9184,1670,3827,106.0700,91.3700
1785147250.974556,9221,9249,1660,3827,105.4800,91.3700
1785147250.999615,9137,9127,1726,3846,105.4800,91.3700
1785147251.025786,9193,9202,1707,3827,108.1900,91.3100
1785147251.050810,9127,9099,1707,3771,108.1900,91.3100
1785147251.075619,9221,9062,1717,3762,108.1900,91.3100
1785147251.100616,9287,9071,1735,3799,108.1900,91.3100
1785147251.127062,9146,9278,1735,3809,100.0700,91.4400
1785147251.151866,9306,9109,1679,3799,108.1900,91.5000
1785147251.177984,9231,9165,1707,3687,108.1900,91.5000
1785147251.202639,9249,9109,1717,3696,108.1900,91.5000
1785147251.227558,9184,9137,1689,3621,108.1900,91.5000
1785147251.252821,9146,9174,1698,4296,108.1900,91.5000
1785147251.278624,9240,9174,1735,4306,108.1900,91.5000
1785147251.303599,9193,9231,1679,4221,108.1900,91.5000
1785147251.328613,9156,9212,1717,4428,108.1900,91.5000
1785147251.354722,9193,9324,1689,4371,108.1900,91.5000
1785147251.380592,9240,9343,1726,4400,108.1900,91.5000
1785147251.404814,9156,9418,1754,4409,108.1900,91.5000
1785147251.430739,9240,9259,1717,4456,108.1900,91.5000
1785147251.456477,9165,9324,1707,5047,108.1900,91.5000
1785147251.481327,9174,9212,1698,5103,108.1900,91.5000
1785147251.506736,9127,9212,1726,4887,108.1900,91.5000
1785147251.531646,9118,9146,1670,4887,10.7200,91.5000
1785147251.556648,9231,9165,1698,4615,10.7200,91.5000
1785147251.583277,9146,9193,1707,4437,2.7000,89.9400
1785147251.607891,9193,9193,1689,4653,2.7000,89.9400
1785147251.633291,9249,9221,1726,4362,-2.7000,86.8100
1785147251.657848,9240,9278,1745,4315,-2.7000,86.8100
1785147251.683738,9221,9137,1726,4212,2.7000,82.3100
1785147251.709024,9156,9118,1707,4287,2.7000,82.3100
1785147251.734175,9221,9052,1689,4231,-8.1100,77.0600
1785147251.759836,9165,9062,1735,4306,-8.1100,77.0600
1785147251.785021,9202,9034,1717,4231,-2.7000,71.2500
1785147251.810371,9118,9052,1698,4249,-2.7000,71.2500
1785147251.836174,9118,9062,1707,4231,-2.7000,65.3100
1785147251.860940,9090,9071,1745,4240,-2.7000,65.3100
1785147251.885695,9043,9043,1726,4306,-5.4100,59.6300
1785147251.911717,9034,9062,1754,4371,-5.4100,59.6300
1785147251.937366,9109,9052,1782,4343,-8.1100,54.3100
1785147251.961990,9212,9052,1857,4306,-8.1100,54.3100
1785147251.987637,9202,9034,1876,4334,-5.4100,49.4400
1785147252.013643,9156,9043,1895,4325,-5.4100,49.4400
1785147252.037730,9287,9071,1923,4362,-2.7000,44.8100
1785147252.064907,9249,9062,1942,4240,-2.7000,44.8100
1785147252.090052,9165,9034,1951,4184,-5.4100,40.5600
1785147252.113773,9184,9062,1979,4221,-5.4100,40.5600
1785147252.139668,9174,9062,1989,4146,-2.7000,36.6900
1785147252.165007,9221,9043,1914,4118,-2.7000,33.3100
1785147252.189990,9174,9024,1895,4156,-2.7000,33.3100
1785147252.215741,9174,9015,1904,4109,-2.7000,33.3100
1785147252.241736,9137,8959,1932,4052,-5.4100,30.2500
1785147252.266355,9184,9015,1951,4052,0.0000,27.4400
1785147252.293257,9099,9005,1923,4090,0.0000,27.4400
1785147252.316657,9109,8949,1886,3987,-2.7000,24.6900
1785147252.342003,9156,8996,1876,3902,-2.7000,24.6900
1785147252.369959,9099,9099,1895,3846,-8.1100,22.1200
1785147252.393809,9202,8977,1867,3809,-8.1100,22.1200
1785147252.419374,9109,8987,1895,3818,0.0000,19.6900
1785147252.444499,9071,8996,1904,3752,0.0000,19.6900
1785147252.470918,9099,8959,1857,3771,-5.4100,17.5000
1785147252.495286,9062,9015,1829,3715,-5.4100,17.5000
1785147252.521274,9052,9015,1839,3668,-2.7000,15.3800
1785147252.547424,9062,8996,1829,3677,-2.7000,15.3800
1785147252.571432,9071,9062,1848,3705,-2.7000,13.4400
1785147252.595751,9052,9052,1839,3705,-2.7000,13.4400
1785147252.622512,9062,8949,1839,3705,-2.7000,11.6900
1785147252.647186,9024,8996,1848,3724,-2.7000,11.6900
1785147252.671559,9024,8940,1782,3705,-2.7000,9.9400
1785147252.697453,9034,8968,1810,3715,-2.7000,9.9400
1785147252.722024,9024,8996,1839,3687,-2.7000,8.2500
1785147252.747903,9005,8996,1782,3593,-2.7000,8.2500
1785147252.773550,8987,9005,1848,3705,0.0000,6.5600
1785147252.797900,9015,8987,1839,3668,0.0000,6.5600
1785147252.823716,9015,8977,1820,3612,-2.7000,5.2500
1785147252.848804,9015,9015,1773,3612,-2.7000,5.2500
1785147252.874422,9005,8930,1773,3621,-2.7000,4.0600
1785147252.898534,8968,9043,1792,3630,-2.7000,4.0600
1785147252.924564,9024,8977,1764,3968,-2.7000,2.7500
1785147252.949614,9024,9071,1782,3940,-2.7000,2.7500
1785147252.975194,9052,9099,1810,4325,-2.7000,2.7500
1785147253.001164,8968,9062,1773,4278,-2.7000,2.7500
1785147253.025807,9043,9062,1773,4240,-2.7000,2.7500
1785147253.051040,9024,9005,1754,4278,-2.7000,2.7500
1785147253.076936,9024,9099,1886,4287,-2.7000,2.7500
1785147253.102751,9015,9015,1773,4212,-2.7000,2.7500
1785147253.127534,9034,9005,1782,4306,-2.7000,2.7500
1785147253.152722,9034,9090,1745,4278,-2.7000,2.7500
1785147253.178197,9005,9043,1829,4184,-2.7000,2.7500
1785147253.203344,9034,9062,1764,4081,-2.7000,2.7500
1785147253.228582,9005,9024,1820,3949,-2.7000,2.7500
1785147253.254033,9005,9062,1829,3790,-2.7000,2.7500
