timestamp,d0,d1,d2,d3,v_mm_s,gz
1785391735.134380,9625,8518,1735,3649,0.0000,0.0000
1785391735.160102,9249,8471,1829,3630,0.0000,0.0000
1785391735.184879,9231,8518,1735,3687,18.2000,0.0000
1785391735.209996,9231,8518,1773,3649,18.2000,0.0000
1785391735.235564,9578,8536,1867,3658,37.1200,0.0000
1785391735.261017,9550,8480,1717,3612,37.1200,0.0000
1785391735.286821,9587,8518,1726,3668,52.4400,-0.1900
1785391735.312348,9587,8499,1745,3696,52.4400,-0.1900
1785391735.337826,9568,8527,1801,3668,66.2900,-0.4400
1785391735.362402,9221,8480,1717,3658,66.2900,-0.4400
1785391735.387730,9596,8480,1745,3658,70.3200,-0.7500
1785391735.413803,9231,8490,1698,3640,70.3200,-0.7500
1785391735.438784,9193,8433,1707,3677,77.2800,-0.9400
1785391735.463795,9568,8433,1782,3658,77.2800,-0.9400
1785391735.489237,9212,8499,1717,3612,83.8500,-1.0600
1785391735.514480,9559,8527,1764,3612,76.9000,-1.1200
1785391735.539852,9212,8527,1726,3602,76.9000,-1.1200
1785391735.565231,9212,8461,1754,3593,76.9000,-1.1200
1785391735.589917,9484,8490,1707,3658,82.8000,-1.3100
1785391735.614851,9184,8518,1745,3649,82.8000,-1.3100
1785391735.641220,9568,8518,1735,3649,82.2000,-1.4400
1785391735.666448,9137,8499,1754,3602,85.5600,-1.4400
1785391735.691511,9596,8480,1698,3583,85.5600,-1.4400
1785391735.716910,9559,8433,1735,3640,85.5600,-1.4400
1785391735.743537,9540,8490,1754,3658,84.8500,-1.5000
1785391735.767684,9559,8480,1754,3621,91.0800,-1.5000
1785391735.794261,9512,8490,1745,3602,91.0800,-1.5000
1785391735.822019,9540,8471,1689,3565,91.9600,-1.5000
1785391735.844637,9550,8443,1726,3565,91.9600,-1.5000
1785391735.871588,9531,8461,1745,3574,97.3700,-1.5000
1785391735.894889,9578,8527,1782,3574,97.3700,-1.5000
1785391735.922856,9578,8518,1745,3565,95.4600,-1.5000
1785391735.945863,9578,8461,1754,3555,95.4600,-1.5000
1785391735.972360,9578,8499,1764,3621,107.6400,-1.5000
1785391735.994740,9231,8490,1707,3612,107.6400,-1.5000
1785391736.022323,9578,8508,1754,3630,108.1900,-1.4400
1785391736.046560,9559,8461,1764,3593,108.1900,-1.4400
1785391736.074031,9540,8480,1764,3612,113.6000,-1.3700
1785391736.096771,9578,8499,1792,3583,113.6000,-1.3700
1785391736.124404,9540,8490,1848,3555,113.6000,-1.3100
1785391736.147188,9550,8490,1792,3593,113.6000,-1.3100
1785391736.173009,9578,8518,1876,3593,116.3000,-1.3100
1785391736.198666,9596,8471,1839,3593,116.3000,-1.3100
1785391736.223957,9578,8452,1792,3546,121.7100,-1.3700
1785391736.249269,9559,8490,1782,3537,121.7100,-1.3700
1785391736.274585,9287,8565,1792,3583,121.9800,-1.3700
1785391736.299991,9184,8536,1801,3565,121.9800,-1.3700
1785391736.325402,9184,8461,1820,3621,132.4700,-1.3700
1785391736.351321,9174,8443,1810,3630,132.4700,-1.3700
1785391736.375597,9240,8461,1867,3621,132.5300,-1.3700
1785391736.400424,9193,8461,1895,3574,132.5300,-1.3700
1785391736.426754,9193,8518,1820,3583,132.5800,-1.3100
1785391736.451724,9193,8443,1886,3527,132.5800,-1.3100
1785391736.476771,9137,8490,1867,3527,137.9900,-1.2500
1785391736.502338,9568,8508,1829,3546,137.9900,-1.2500
1785391736.526851,9165,8518,1914,3508,146.0500,-1.2500
1785391736.553546,9156,8499,1876,3518,146.0500,-1.2500
1785391736.579489,8771,8518,1848,3527,146.0500,-1.3100
1785391736.603978,9212,8536,1886,3574,146.0500,-1.3100
1785391736.627993,8799,8536,1923,3565,151.1400,-1.2500
1785391736.654814,9174,8518,1886,3546,151.1400,-1.2500
1785391736.679758,9174,8499,1904,3490,154.5500,-1.2500
1785391736.704918,9165,8536,1876,3508,154.5500,-1.2500
1785391736.730824,9137,8527,1867,3518,164.9900,-1.3100
1785391736.755532,9193,8555,1904,3508,164.9900,-1.3100
1785391736.780290,9174,8555,1857,3508,161.7500,-1.3100
1785391736.806288,9146,8471,1895,3527,161.7500,-1.3100
1785391736.830940,9193,8546,1904,3508,173.1000,-1.2500
1785391736.856078,9193,8546,1895,3508,173.1000,-1.2500
1785391736.883267,9146,8508,1932,3490,179.3900,-1.2500
1785391736.907491,9137,8527,1895,3461,179.3900,-1.2500
1785391736.932521,9193,8508,2017,3471,183.9200,-1.1900
1785391736.958950,9165,8536,1961,3480,183.9200,-1.1900
1785391736.983538,9156,8443,1951,3452,186.6200,-1.1900
1785391737.008875,9174,8499,1932,3443,186.6200,-1.1900
1785391737.034694,9146,8499,1998,3490,192.0300,-1.2500
1785391737.059923,9146,8452,1979,3527,192.0300,-1.2500
1785391737.084155,8762,8546,1989,3518,194.7400,-1.3100
1785391737.108959,8771,8527,1970,3471,194.7400,-1.3100
1785391737.135631,8743,8424,1914,3480,193.5700,-1.3700
1785391737.160998,8743,8424,1989,3433,193.5700,-1.3700
1785391737.185329,8752,8452,1951,3461,194.7400,-1.3100
1785391737.211247,8733,8518,1979,3443,194.7400,-1.3100
1785391737.237523,9146,8396,1998,3461,201.4700,-1.3100
1785391737.262054,8724,8490,1979,3424,201.4700,-1.3100
1785391737.287549,8677,8443,2007,3461,194.7400,-1.2500
1785391737.312983,9174,8433,2007,3452,194.7400,-1.2500
1785391737.338880,8677,8424,1970,3471,193.5700,-1.1900
1785391737.363799,9146,8396,1942,3443,193.5700,-1.1900
1785391737.389017,9146,8368,2007,3405,198.7100,-1.1200
1785391737.414141,8733,8471,2101,3433,198.7100,-1.1200
1785391737.440640,9146,8358,2139,3433,194.7400,-1.1200
1785391737.463763,9202,8293,2026,3405,194.7400,-1.1200
1785391737.489017,9202,8396,2054,3396,194.7400,-1.1200
1785391737.515154,9202,8377,2026,3396,194.7400,-1.1200
1785391737.539959,9202,8377,2045,3386,200.1500,-1.1200
1785391737.565370,8762,8339,2045,3415,200.1500,-1.1200
1785391737.591038,8762,8368,2101,3415,194.7400,-1.1900
1785391737.616307,8762,8377,2064,3424,190.9200,-1.2500
1785391737.641269,8752,8358,2036,3415,190.9200,-1.2500
1785391737.667208,8715,8330,2148,3405,192.0300,-1.3700
1785391737.692018,8687,8358,2017,3396,192.0300,-1.3700
1785391737.716937,8743,8358,2073,3377,192.0300,-1.3700
1785391737.743216,8762,8377,2129,3386,198.7100,-1.3100
1785391737.769689,8733,8349,2083,3311,193.5700,-1.2500
1785391737.793543,9146,8386,2064,3340,193.5700,-1.2500
1785391737.820742,8733,8396,2064,3358,193.5700,-1.2500
1785391737.844687,8780,8386,2148,3358,194.7400,-1.1900
1785391737.872046,8733,8405,2280,3358,195.9500,-1.1200
1785391737.895359,8762,8415,2148,3293,195.9500,-1.1200
1785391737.923132,8687,8461,2111,3293,196.2200,-1.0000
1785391737.945126,8687,8349,2139,3349,196.2200,-1.0000
1785391737.974882,8724,8396,2101,3358,201.4700,-0.9400
1785391737.996953,8705,8452,2129,3311,201.4700,-0.9400
1785391738.025450,8715,8424,2139,3321,197.4400,-0.8800
1785391738.046814,8687,8443,2139,3302,197.4400,-0.8800
1785391738.074569,8668,8471,2176,3349,192.0300,-0.9400
1785391738.097821,8668,8433,2195,3330,192.0300,-0.9400
1785391738.124379,8743,8452,2176,3368,197.4400,-1.0000
1785391738.148360,8743,8536,2176,3368,197.4400,-1.0000
1785391738.174407,8649,8499,2167,3311,194.7400,-1.0600
1785391738.198837,8752,8480,2167,3283,194.7400,-1.0600
1785391738.224983,9099,8471,2186,3349,188.2700,-1.1900
1785391738.250210,8696,8424,2261,3302,188.2700,-1.1900
1785391738.274287,8752,8490,2308,3330,193.1900,-1.3100
1785391738.300726,8724,8480,2242,3349,193.1900,-1.3100
1785391738.325897,8705,8461,2214,3302,192.0300,-1.4400
1785391738.350514,8677,8471,2214,3283,192.0300,-1.4400
1785391738.376818,8658,8471,2186,3302,192.0300,-1.5000
1785391738.400986,8752,8480,2214,3321,192.0300,-1.5000
1785391738.426195,8687,8555,2233,3311,192.0300,-1.5600
1785391738.453194,8705,8480,2204,3274,192.0300,-1.5600
1785391738.477542,8696,8471,2233,3264,192.0300,-1.5000
1785391738.502649,8649,8471,2251,3246,192.0300,-1.5000
1785391738.527629,8649,8518,2214,3255,189.3300,-1.4400
1785391738.553684,8696,8490,2176,3246,189.3300,-1.4400
1785391738.578302,8715,8461,2251,3189,192.0300,-1.4400
1785391738.604085,8630,8490,2223,3293,192.0300,-1.4400
1785391738.629076,8630,8508,2280,3274,186.6200,-1.4400
1785391738.655212,9043,8527,2280,3302,186.6200,-1.4400
1785391738.681371,8668,8574,2261,3255,186.6200,-1.5600
1785391738.705922,8752,8499,2176,3283,186.6200,-1.5600
1785391738.730502,8715,8443,2223,3283,192.0300,-1.6200
1785391738.757150,8687,8583,2251,3274,192.0300,-1.6200
1785391738.782149,8640,8536,2223,3283,189.3300,-1.5000
1785391738.807472,8677,8527,2242,3255,189.3300,-1.5000
1785391738.832333,8705,8508,2233,3246,189.3300,-1.3700
1785391738.856984,8705,8527,2233,3246,189.3300,-1.3700
1785391738.882726,9118,8499,2280,3208,194.7400,-1.2500
1785391738.908439,9118,8555,2223,3180,194.7400,-1.2500
1785391738.933443,8668,8574,2233,3180,190.9200,-1.1900
1785391738.957969,8630,8555,2270,3218,190.9200,-1.1900
1785391738.984512,8630,8574,2261,3171,198.7100,-1.1900
1785391739.009342,8696,8583,2317,3124,198.7100,-1.1900
1785391739.034284,8640,8555,2298,3199,193.5700,-1.1900
1785391739.060146,8733,8536,2289,3264,193.5700,-1.1900
1785391739.085570,8705,8602,2270,3152,201.4700,-1.1900
1785391739.110214,8668,8593,2308,3161,201.4700,-1.1900
1785391739.135645,8649,8593,2336,3171,194.7400,-1.2500
1785391739.161761,8687,8546,2289,3189,194.7400,-1.2500
1785391739.186168,8593,8574,2355,3208,193.5700,-1.3100
1785391739.211298,8658,8611,2280,3189,193.5700,-1.3100
1785391739.238132,8658,8611,2317,3133,194.7400,-1.3100
1785391739.263041,8696,8555,2336,3236,194.7400,-1.3100
1785391739.288337,8630,8546,2411,3189,195.9500,-1.3700
1785391739.313069,8696,8630,2308,3180,195.9500,-1.3700
1785391739.339174,8649,8593,2270,3143,190.9200,-1.4400
1785391739.364310,8640,8518,2270,3152,190.9200,-1.4400
1785391739.389806,8668,8546,2392,3189,193.1900,-1.5000
1785391739.414177,8724,8574,2383,3152,193.1900,-1.5000
1785391739.439038,8640,8555,2401,3180,189.3300,-1.4400
1785391739.465503,8705,8602,2392,3086,192.0300,-1.4400
1785391739.491067,8687,8602,2392,3096,192.0300,-1.4400
1785391739.516518,8687,8621,2336,3096,192.0300,-1.4400
1785391739.541484,8602,8602,2355,3105,185.6200,-1.3700
1785391739.566948,8602,8649,2326,3114,195.9500,-1.3700
1785391739.591897,8630,8630,2373,3161,195.9500,-1.3700
1785391739.617821,8630,8602,2317,3105,194.7400,-1.3100
1785391739.642539,8687,8565,2392,3171,194.7400,-1.3100
1785391739.667101,8677,8611,2383,3161,194.7400,-1.3100
1785391739.693797,8649,8640,2430,3180,194.7400,-1.3700
1785391739.720783,8658,8593,2411,3133,188.2700,-1.4400
1785391739.743668,8602,8611,2373,3105,188.2700,-1.4400
1785391739.769926,8649,8602,2458,3114,190.4300,-1.5000
1785391739.795290,8649,8621,2326,3105,190.4300,-1.5000
1785391739.822765,8630,8574,2383,3096,190.9200,-1.5600
1785391739.844844,8743,8630,2383,3058,190.9200,-1.5600
1785391739.873323,8658,8611,2401,3114,193.1900,-1.5600
1785391739.895164,8649,8602,2373,3096,193.1900,-1.5600
1785391739.923671,8640,8611,2420,3105,190.9200,-1.5000
1785391739.946672,8705,8602,2383,3086,190.9200,-1.5000
1785391739.974914,8668,8546,2420,3133,189.3300,-1.4400
1785391739.996169,8658,8565,2430,3067,189.3300,-1.4400
1785391740.022281,8724,8565,2411,3058,193.1900,-1.3700
1785391740.047082,8658,8621,2458,3096,193.1900,-1.3700
1785391740.073800,8583,8565,2430,3049,197.4400,-1.3700
1785391740.098122,8687,8621,2458,3124,197.4400,-1.3700
1785391740.124550,8611,8583,2401,3077,194.7400,-1.4400
1785391740.148923,8724,8555,2448,3067,194.7400,-1.4400
1785391740.174543,8593,8518,2430,3067,194.7400,-1.3700
1785391740.199546,8621,8508,2420,3030,194.7400,-1.3700
1785391740.224360,8602,8555,2486,3030,197.4400,-1.3100
1785391740.250650,8536,8555,2439,3058,197.4400,-1.3100
1785391740.275700,8536,8518,2523,3030,197.4400,-1.3700
1785391740.301238,8649,8433,2467,3002,197.4400,-1.3700
1785391740.326358,8696,8443,2467,2964,196.2200,-1.3700
1785391740.351310,8658,8461,2486,2964,196.2200,-1.3700
1785391740.376846,8640,8499,2495,2992,198.7100,-1.3100
1785391740.401809,8574,8386,2533,2992,198.7100,-1.3100
1785391740.427957,8574,8433,2495,3058,197.4400,-1.2500
1785391740.452377,8658,8518,2448,2955,197.4400,-1.2500
1785391740.479104,8630,8518,2486,2992,194.7400,-1.2500
1785391740.504183,8583,8452,2533,3002,194.7400,-1.2500
1785391740.528793,8593,8490,2542,3039,193.5700,-1.3100
1785391740.554226,8996,8508,2533,3021,193.5700,-1.3100
1785391740.580634,8593,8433,2533,3011,198.7100,-1.3100
1785391740.605252,8593,8471,2523,3011,198.7100,-1.3100
1785391740.630047,8630,8499,2542,2974,194.7400,-1.3700
1785391740.656241,8574,8471,2514,2974,194.7400,-1.3700
1785391740.680828,8602,8471,2533,3021,196.2200,-1.3700
1785391740.706406,8611,8508,2552,3039,196.2200,-1.3700
1785391740.732204,8630,8490,2570,3058,201.4700,-1.3700
1785391740.756651,8611,8480,2552,2974,201.4700,-1.3700
1785391740.781202,8518,8555,2495,3002,200.1500,-1.3700
1785391740.806913,8621,8574,2580,3030,200.1500,-1.3700
1785391740.832865,9090,8527,2580,2899,196.2200,-1.3700
1785391740.857738,8630,8555,2505,2917,196.2200,-1.3700
1785391740.883780,8630,8565,2580,2927,201.4700,-1.3100
1785391740.908753,8658,8621,2561,2974,201.4700,-1.3100
1785391740.934294,8574,8611,2580,2889,190.9200,-1.2500
1785391740.959449,8602,8555,2486,2889,190.9200,-1.2500
1785391740.985072,8640,8593,2580,2917,204.2300,-1.2500
1785391741.010072,8546,8565,2664,2861,204.2300,-1.2500
1785391741.035203,8546,8611,2542,2927,196.2200,-1.1900
1785391741.061130,8621,8621,2523,2927,196.2200,-1.1900
1785391741.086332,8621,8630,2730,2974,201.4700,-1.1900
1785391741.111404,8574,8621,2589,2899,201.4700,-1.1900
1785391741.136986,8602,8602,2580,2946,200.1500,-1.2500
1785391741.162065,8602,8649,2561,2899,200.1500,-1.2500
1785391741.187478,8611,8668,2598,2889,200.1500,-1.2500
1785391741.213313,8611,8668,2580,2861,200.1500,-1.2500
1785391741.238329,8611,8630,2645,2870,200.1500,-1.1900
1785391741.263345,8668,8640,2570,2842,200.1500,-1.1900
1785391741.288747,8640,8658,2636,2786,197.4400,-1.0600
1785391741.314461,8593,8658,2655,2842,197.4400,-1.0600
1785391741.338929,8583,8687,2617,2880,197.4400,-1.0600
1785391741.364475,8630,8640,2702,2805,197.4400,-1.0600
1785391741.390643,8602,8658,2664,2758,200.1500,-1.0600
1785391741.415726,8621,8687,2664,2749,197.4400,-1.1200
1785391741.440677,8602,8602,2664,2805,197.4400,-1.1200
1785391741.465402,8602,8621,2655,2814,197.4400,-1.1200
1785391741.490532,8602,8668,2767,2805,194.7400,-1.1900
1785391741.516675,8649,8621,2664,2824,193.5700,-1.2500
1785391741.542008,8640,8649,2645,2730,193.5700,-1.2500
1785391741.567149,8621,8715,2664,2777,198.7100,-1.2500
1785391741.592767,8593,8715,2645,2786,198.7100,-1.2500
1785391741.618445,8593,8668,2655,2786,198.8700,-1.3100
1785391741.643865,8630,8640,2730,2664,198.8700,-1.3100
1785391741.672237,8602,8668,2683,2749,197.4400,-1.3100
1785391741.693825,8593,8752,2720,2795,197.4400,-1.3100
1785391741.722202,8555,8743,2730,2758,200.1500,-1.2500
1785391741.745226,8555,8743,2805,2711,200.1500,-1.2500
1785391741.772972,8658,8743,2786,2730,198.7100,-1.2500
1785391741.795614,8583,8762,2645,2730,198.7100,-1.2500
1785391741.824089,8565,8687,2655,2692,196.2200,-1.3100
1785391741.845449,8621,8687,2664,2655,196.2200,-1.3100
1785391741.872756,8602,8677,2664,2674,198.7100,-1.3700
1785391741.895742,8630,8630,2767,2711,198.7100,-1.3700
1785391741.924575,8574,8724,2720,2636,193.5700,-1.5000
1785391741.947241,8574,8687,2767,2636,193.5700,-1.5000
1785391741.974269,8621,8752,2702,2683,201.4700,-1.6200
1785391741.998623,8621,8752,2702,2617,201.4700,-1.6200
1785391742.024721,8621,8687,2758,2598,188.2700,-1.6200
1785391742.048246,8621,8668,2664,2533,188.2700,-1.6200
1785391742.073694,8611,8743,2739,2664,198.7100,-1.5600
1785391742.099074,8583,8677,2711,2608,198.7100,-1.5600
1785391742.124339,8565,8696,2767,2617,190.9200,-1.5000
1785391742.149861,8593,8724,2777,2617,190.9200,-1.5000
1785391742.174596,8630,8668,2730,2589,193.1900,-1.5000
1785391742.199587,8546,8743,2730,2580,193.1900,-1.5000
1785391742.225804,8583,8715,2702,2570,193.5700,-1.5000
1785391742.250793,8565,8696,2805,2589,193.5700,-1.5000
1785391742.276494,8583,8724,2711,2589,198.7100,-1.4400
1785391742.302677,8574,8762,2795,2552,198.7100,-1.4400
1785391742.327496,8593,8733,2777,2561,194.7400,-1.4400
1785391742.352069,8574,8743,2702,2552,194.7400,-1.4400
1785391742.378000,8583,8733,2711,2598,193.5700,-1.4400
1785391742.403188,8555,8743,2861,2598,193.5700,-1.4400
1785391742.428035,8621,8733,2767,2542,198.7100,-1.3700
1785391742.454173,8508,8752,2758,2523,198.7100,-1.3700
1785391742.480318,8546,8705,2767,2533,200.1500,-1.3100
1785391742.503749,8555,8696,2777,2561,200.1500,-1.3100
1785391742.529595,8536,8705,2814,2570,194.7400,-1.3100
1785391742.555174,8508,8705,2777,2589,194.7400,-1.3100
1785391742.580121,8602,8733,2777,2552,192.0300,-1.3700
1785391742.605165,8611,8743,2777,2542,192.0300,-1.3700
1785391742.630576,8536,8668,2795,2561,190.9200,-1.4400
1785391742.655643,8518,8668,2814,2561,190.9200,-1.4400
1785391742.681147,8518,8677,2795,2589,198.7100,-1.5000
1785391742.707843,8574,8715,2805,2552,198.7100,-1.5000
1785391742.732211,8546,8687,2824,2533,197.4400,-1.5000
1785391742.757262,8508,8668,2777,2477,197.4400,-1.5000
1785391742.783460,8565,8715,2852,2495,197.4400,-1.5000
1785391742.808602,8555,8668,2833,2458,197.4400,-1.5000
1785391742.833806,8546,8677,2824,2514,197.4400,-1.4400
1785391742.858906,8593,8630,2805,2495,197.4400,-1.4400
1785391742.883565,8536,8668,2824,2495,190.9200,-1.3700
1785391742.909400,8536,8574,2861,2514,190.9200,-1.3700
1785391742.935412,8536,8658,2861,2523,200.1500,-1.2500
1785391742.961134,8602,8658,2767,2533,200.1500,-1.2500
1785391742.985433,8583,8696,2805,2505,198.7100,-1.2500
1785391743.011740,8536,8668,2917,2505,198.7100,-1.2500
1785391743.036171,8536,8621,2833,2505,188.2700,-1.3100
1785391743.061732,8621,8696,2814,2505,188.2700,-1.3100
1785391743.086740,8546,8649,2880,2533,197.4400,-1.3700
1785391743.111648,8536,8668,2824,2542,197.4400,-1.3700
1785391743.137478,8546,8611,2880,2542,197.4400,-1.4400
1785391743.163646,8546,8705,2899,2505,197.4400,-1.4400
1785391743.188524,8621,8611,2908,2505,194.7400,-1.3700
1785391743.213401,8621,8733,2870,2533,194.7400,-1.3700
1785391743.240031,8555,8649,2889,2467,197.4400,-1.3700
1785391743.264623,8490,8536,2889,2542,197.4400,-1.3700
1785391743.289304,8555,8658,2899,2533,198.7100,-1.3700
1785391743.313864,8593,8611,2899,2505,198.7100,-1.3700
1785391743.339603,8593,8574,2899,2477,190.9200,-1.3100
1785391743.365450,8565,8677,2852,2467,200.1500,-1.2500
1785391743.389924,8518,8621,2870,2486,200.1500,-1.2500
1785391743.416430,8574,8668,2899,2505,200.1500,-1.2500
1785391743.441059,8536,8649,2917,2467,197.4400,-1.1900
1785391743.467080,8555,8611,2936,2477,201.4700,-1.1900
1785391743.491929,8565,8649,2899,2495,201.4700,-1.1900
1785391743.517063,8565,8593,2927,2439,197.4400,-1.1900
1785391743.542274,8546,8621,2842,2420,197.4400,-1.1900
1785391743.570756,8527,8630,2974,2561,200.1500,-1.2500
1785391743.593424,8546,8630,2899,2467,200.1500,-1.2500
1785391743.621513,8630,8658,2899,2486,193.5700,-1.2500
1785391743.644011,8630,8621,2908,2448,193.5700,-1.2500
1785391743.671611,8602,8630,2927,2467,201.4700,-1.3100
1785391743.694426,8555,8630,2908,2505,201.4700,-1.3100
1785391743.722795,8555,8621,2974,2505,197.4400,-1.3100
1785391743.745045,8565,8668,2936,2420,197.4400,-1.3100
1785391743.772712,8536,8696,3011,2467,194.7400,-1.3700
1785391743.796554,8546,8649,2899,2533,194.7400,-1.3700
1785391743.823144,8536,8668,2927,2439,193.5700,-1.3700
1785391743.847104,8536,8677,2992,2486,193.5700,-1.3700
1785391743.872918,8565,8668,2992,2458,198.7100,-1.3100
1785391743.896788,8546,8715,2927,2420,198.7100,-1.3100
1785391743.924246,8555,8696,2974,2430,194.7400,-1.2500
1785391743.947883,8555,8668,3039,2430,194.7400,-1.2500
1785391743.973963,8565,8640,2992,2420,194.7400,-1.3100
1785391743.997417,8546,8705,3030,2505,194.7400,-1.3100
1785391744.022575,8602,8705,2936,2458,197.4400,-1.3100
1785391744.048651,8602,8687,3077,2401,197.4400,-1.3100
1785391744.074255,8602,8696,3002,2477,194.7400,-1.3700
1785391744.099391,8546,8668,3096,2439,194.7400,-1.3700
1785391744.124804,8555,8687,3002,2420,200.1500,-1.4400
1785391744.149974,8621,8762,2992,2373,200.1500,-1.4400
1785391744.175451,8574,8715,2992,2401,194.7400,-1.5000
1785391744.201299,8574,8687,3021,2420,194.7400,-1.5000
1785391744.226335,8527,8715,3011,2364,194.7400,-1.4400
1785391744.251361,8527,8687,3011,2383,194.7400,-1.4400
1785391744.277674,8536,8724,2983,2373,194.7400,-1.5000
1785391744.302307,8518,8752,3077,2411,194.7400,-1.5000
1785391744.327336,8546,8724,3049,2411,194.7400,-1.5000
1785391744.353243,8508,8724,3143,2364,194.7400,-1.5000
1785391744.378166,8518,8790,3039,2336,192.0300,-1.4400
1785391744.403271,8583,8733,3039,2336,192.0300,-1.4400
1785391744.429682,8583,8752,3105,2355,197.4400,-1.3700
1785391744.454343,8583,8818,3133,2383,197.4400,-1.3700
1785391744.479899,8546,8827,3021,2383,197.4400,-1.2500
1785391744.507102,8546,8827,3143,2345,197.4400,-1.2500
1785391744.530509,8565,8790,3114,2373,197.4400,-1.1200
1785391744.556112,8565,8808,3077,2383,197.4400,-1.1200
1785391744.581956,8536,8780,3067,2430,197.4400,-1.1200
1785391744.606613,8565,8743,3114,2355,197.4400,-1.1200
1785391744.632442,8565,8743,3058,2336,194.7400,-1.1900
1785391744.657277,8546,8743,3096,2383,194.7400,-1.1900
1785391744.681851,8490,8752,3161,2345,190.9200,-1.2500
1785391744.706454,8536,8733,3105,2355,190.9200,-1.2500
1785391744.731584,8518,8818,3161,2383,194.7400,-1.3100
1785391744.758439,8536,8808,3096,2336,194.7400,-1.3100
1785391744.784178,8574,8827,3077,2336,192.0300,-1.3100
1785391744.807813,8499,8790,3152,2411,192.0300,-1.3100
1785391744.833475,8546,8818,3124,2317,192.0300,-1.3700
1785391744.859011,8508,8808,3133,2317,192.0300,-1.3700
1785391744.884511,8565,8818,3152,2326,198.7100,-1.3100
1785391744.909895,8527,8827,3218,2355,198.7100,-1.3100
1785391744.934819,8565,8808,3218,2373,190.9200,-1.3100
1785391744.960562,8555,8837,3199,2355,190.9200,-1.3100
1785391744.987481,8555,8799,3189,2355,197.4400,-1.2500
1785391745.014075,8490,8743,3171,2336,194.7400,-1.3100
1785391745.036615,8508,8771,3180,2383,194.7400,-1.3100
1785391745.062631,8546,8818,3161,2411,194.7400,-1.3100
1785391745.089528,8452,8818,3143,2477,195.9500,-1.3700
1785391745.112926,8471,8855,3199,2467,195.9500,-1.3700
1785391745.138313,8527,8846,3180,2514,185.6200,-1.4400
1785391745.163855,8499,8846,3218,2458,192.0300,-1.5600
1785391745.188516,8471,8921,3133,2514,192.0300,-1.5600
1785391745.214589,8490,8884,3208,2486,192.0300,-1.5600
1785391745.239763,8536,8884,3171,2514,189.3300,-1.6200
1785391745.264272,8518,8837,3171,2439,189.3300,-1.6200
1785391745.291366,8480,8827,3227,2430,193.1900,-1.5600
1785391745.316197,8518,8874,3246,2439,186.6200,-1.5000
1785391745.341829,8518,8912,3311,2430,186.6200,-1.5000
1785391745.366064,8480,8912,3246,2448,186.6200,-1.5000
1785391745.390861,8518,8827,3199,2420,185.6200,-1.3700
1785391745.416540,8527,8818,3199,2420,194.7400,-1.3700
1785391745.441688,8508,8827,3246,2477,194.7400,-1.3700
1785391745.467569,8555,8808,3311,2345,189.3300,-1.3100
1785391745.492094,8499,8855,3236,2298,189.3300,-1.3100
1785391745.517777,8583,8855,3227,2289,189.3300,-1.3100
1785391745.543503,8490,8912,3293,2280,194.7400,-1.2500
1785391745.571490,8527,8912,3321,2186,193.1900,-1.1900
1785391745.593303,8705,8846,3227,2392,193.1900,-1.1900
1785391745.622483,8705,8846,3330,2467,185.6200,-1.2500
1785391745.644146,8705,8874,3377,2298,185.6200,-1.2500
1785391745.672858,8705,8874,3321,2411,193.1900,-1.2500
1785391745.695929,8518,8855,3321,2280,193.1900,-1.2500
1785391745.723089,8518,8865,3349,2542,193.5700,-1.2500
1785391745.745403,8565,8874,3321,2486,193.5700,-1.2500
1785391745.773212,8565,8874,3349,2326,193.1900,-1.2500
1785391745.796949,8565,8855,3321,2477,193.1900,-1.2500
1785391745.825141,8527,8846,3311,2448,190.9200,-1.2500
1785391745.847040,8518,8902,3349,2129,190.9200,-1.2500
1785391745.873482,8536,8855,3255,2233,193.1900,-1.3100
1785391745.897686,8565,8846,3330,2401,193.1900,-1.3100
1785391745.923588,8536,8865,3358,2158,185.6200,-1.3100
1785391745.948360,8565,8855,3321,2148,185.6200,-1.3100
1785391745.973035,8536,8855,3396,2045,192.0300,-1.3100
1785391745.999501,8536,8865,3386,2073,192.0300,-1.3100
1785391746.024447,8546,8865,3349,2120,194.7400,-1.3100
1785391746.050076,8508,8865,3377,2045,194.7400,-1.3100
1785391746.074948,8593,8930,3386,2017,195.9500,-1.3100
1785391746.101161,8527,8930,3358,2036,195.9500,-1.3100
1785391746.125994,8565,8893,3396,2007,190.9200,-1.2500
1785391746.151824,8480,8893,3396,2026,190.9200,-1.2500
1785391746.176764,8555,8893,3349,1895,194.7400,-1.2500
1785391746.202804,8508,8855,3349,1961,194.7400,-1.2500
1785391746.227701,8536,8865,3368,1942,194.7400,-1.3100
1785391746.253028,8499,8902,3377,1989,194.7400,-1.3100
1785391746.278203,8527,8846,3377,2007,190.4300,-1.3700
1785391746.302752,8518,8855,3377,1904,190.4300,-1.3700
1785391746.329340,8518,8855,3386,1914,185.6200,-1.4400
1785391746.353461,8555,8865,3386,1848,185.6200,-1.4400
1785391746.378489,8499,8921,3368,2073,190.4300,-1.5000
1785391746.404253,8471,8930,3396,2017,190.4300,-1.5000
1785391746.429045,8518,8808,3433,2083,182.9600,-1.5000
1785391746.455059,8546,8874,3461,2401,182.9600,-1.5000
1785391746.480718,8499,8855,3527,2383,183.9200,-1.5000
1785391746.505409,8499,8874,3461,2392,183.9200,-1.5000
1785391746.530247,8499,8837,3433,1923,186.6200,-1.4400
1785391746.555619,8490,8893,3471,2448,186.6200,-1.4400
1785391746.580775,8461,8893,3471,1989,186.6200,-1.3100
1785391746.606138,8490,8855,3471,2111,186.6200,-1.3100
1785391746.632005,8490,8855,3499,2364,183.9200,-1.1900
1785391746.656962,8452,8790,3452,2026,183.9200,-1.1900
1785391746.682281,8518,8818,3443,2045,187.6700,-1.1200
1785391746.709373,8471,8837,3490,2054,187.6700,-1.1200
1785391746.734547,8480,8827,3527,2007,180.3100,-1.1200
1785391746.759172,8480,8771,3499,1961,180.3100,-1.1200
1785391746.785552,8461,8818,3537,1970,175.8000,-1.1200
1785391746.809206,8461,8818,3537,2073,175.8000,-1.1200
1785391746.834412,8461,8818,3565,2073,175.8000,-1.1200
1785391746.859562,8461,8818,3574,1923,175.8000,-1.1200
1785391746.884570,8461,8818,3546,1951,178.5100,-1.1900
1785391746.910448,8518,8780,3508,1904,178.5100,-1.1900
1785391746.936501,8518,8780,3546,2017,175.8000,-1.3100
1785391746.961529,8499,8780,3574,1998,175.8000,-1.3100
1785391746.986606,8593,8780,3527,1970,176.6300,-1.3700
1785391747.012778,8461,8808,3527,2007,176.6300,-1.3700
1785391747.037449,8461,8733,3537,2017,167.0500,-1.4400
1785391747.062677,8518,8790,3565,1998,167.0500,-1.4400
1785391747.087934,8452,8808,3612,1970,167.6900,-1.3700
1785391747.112969,8452,8818,3583,2083,167.6900,-1.3700
1785391747.138132,8490,8837,3583,2092,164.9900,-1.3700
1785391747.164208,8490,8808,3565,2120,164.9900,-1.3700
1785391747.189449,8471,8884,3593,2111,156.8700,-1.3700
1785391747.214544,8471,8790,3593,2101,156.8700,-1.3700
1785391747.239229,8499,8799,3640,2120,156.8700,-1.3700
1785391747.265669,8499,8827,3602,2120,154.1700,-1.3100
1785391747.290437,8499,8780,3649,2073,154.1700,-1.3100
1785391747.315919,8461,8827,3574,2083,154.1700,-1.3100
1785391747.340964,8480,8837,3583,2120,154.1700,-1.3100
1785391747.368237,8499,8865,3574,2064,151.4600,-1.4400
1785391747.391680,8471,8799,3612,2064,151.4600,-1.4400
1785391747.418257,8461,8865,3574,2092,154.1700,-1.5000
1785391747.442839,8499,8808,3612,2036,154.1700,-1.5000
1785391747.467165,8536,8912,3612,2045,154.1700,-1.5000
1785391747.493975,8518,8893,3630,2054,146.2700,-1.6200
1785391747.522518,8508,8865,3612,2017,143.1900,-1.6900
1785391747.544442,8480,8865,3593,1970,143.1900,-1.6900
1785391747.573123,8508,8874,3677,1979,140.6400,-1.6900
1785391747.595328,8527,8930,3640,1942,140.6400,-1.6900
1785391747.621351,8480,8930,3715,1951,137.9400,-1.6900
1785391747.645576,8490,8855,3658,1942,137.9400,-1.6900
1785391747.672345,8490,8912,3677,1942,140.6400,-1.6200
1785391747.695042,8518,8893,3640,1914,140.6400,-1.6200
1785391747.723642,8480,8865,3612,1961,137.9400,-1.6200
1785391747.746678,8499,8884,3640,1942,137.9400,-1.6200
1785391747.773501,8518,8902,3658,1904,137.9900,-1.6200
1785391747.796580,8508,8884,3640,1951,137.9900,-1.6200
1785391747.823651,8518,8930,3668,1932,135.2300,-1.5600
1785391747.847449,8490,8930,3705,1923,135.2300,-1.5600
1785391747.873511,8527,8949,3696,1932,135.2300,-1.5600
1785391747.897957,8546,8949,3687,1895,135.2300,-1.5600
1785391747.923475,8461,8968,3668,1914,135.2300,-1.4400
1785391747.949626,8499,8912,3640,1895,135.2300,-1.4400
1785391747.974786,8490,8949,3658,1942,132.5300,-1.3700
1785391747.999900,8518,8902,3724,1961,132.5300,-1.3700
1785391748.025471,8518,8949,3658,1876,132.5300,-1.3100
1785391748.051070,8508,8884,3658,1914,132.5300,-1.3100
1785391748.076128,8508,8968,3649,1942,135.2300,-1.2500
1785391748.101246,8490,8912,3668,1951,135.2300,-1.2500
1785391748.125999,8480,8930,3668,1895,129.8300,-1.2500
1785391748.150851,8490,8968,3630,1914,129.8300,-1.2500
1785391748.177282,8480,8912,3677,1979,127.1200,-1.2500
1785391748.203125,8490,8930,3696,1970,127.1200,-1.2500
1785391748.227963,8518,8959,3724,1942,127.1200,-1.3100
1785391748.253321,8461,8940,3724,1942,127.1200,-1.3100
1785391748.278650,8499,8930,3724,1961,124.4200,-1.3700
1785391748.303715,8471,9005,3696,1914,124.4200,-1.3700
1785391748.330057,8452,8959,3696,1998,119.0100,-1.5000
1785391748.354034,8461,8921,3687,1989,119.0100,-1.5000
1785391748.379254,8452,8930,3649,1998,119.0100,-1.5000
1785391748.404587,8452,8949,3752,2045,119.0100,-1.5000
1785391748.430342,8452,8959,3724,2026,116.3000,-1.5000
1785391748.455855,8480,8987,3780,2017,116.3000,-1.5000
1785391748.480482,8433,8987,3658,2073,113.6000,-1.5000
1785391748.507064,8433,8968,3715,1998,113.6000,-1.5000
1785391748.532489,8518,8949,3752,2092,116.3000,-1.5000
1785391748.556787,8415,9015,3752,2036,116.3000,-1.5000
1785391748.582245,8433,9005,3705,2101,110.8900,-1.4400
1785391748.607644,8480,8977,3771,2036,110.8900,-1.4400
1785391748.633174,8452,8996,3752,2007,113.6000,-1.4400
1785391748.659530,8480,9005,3715,1998,113.6000,-1.4400
1785391748.684075,8443,8959,3677,1942,108.1900,-1.5000
1785391748.707982,8415,8977,3752,1970,108.1900,-1.5000
1785391748.735252,8461,9024,3762,2054,108.1900,-1.5000
1785391748.759541,8461,8977,3790,1961,108.1900,-1.5000
1785391748.785275,8461,8977,3780,1942,108.1900,-1.5000
1785391748.810661,8508,9062,3790,1932,108.1900,-1.5000
1785391748.834480,8424,8987,3724,1979,105.4800,-1.4400
1785391748.860147,8424,9081,3734,1904,105.4800,-1.4400
1785391748.885762,8461,9081,3790,1951,105.4800,-1.5000
1785391748.911292,8480,9015,3696,1961,105.4800,-1.5000
1785391748.936091,8433,9071,3715,1923,102.7800,-1.5000
1785391748.962528,8471,9034,3771,1961,102.7800,-1.5000
1785391748.987632,8461,8996,3809,1942,97.3700,-1.5600
1785391749.012787,8471,8996,3743,1857,97.3700,-1.5600
1785391749.038260,8471,8996,3743,1923,100.0700,-1.5600
1785391749.062919,8443,8987,3771,1914,100.0700,-1.5600
1785391749.088049,8480,9005,3771,1867,97.3700,-1.5000
1785391749.114461,8461,9015,3780,1886,97.3700,-1.5000
1785391749.139235,8461,9005,3780,1857,97.3700,-1.5000
1785391749.164075,8443,9005,3809,1895,97.3700,-1.5000
1785391749.190640,8461,9024,3771,1876,97.3700,-1.5000
1785391749.215669,8471,9052,3837,1886,91.9600,-1.6200
1785391749.240806,8471,9062,3837,1867,91.9600,-1.6200
1785391749.266620,8461,9024,3865,1895,91.9600,-1.6200
1785391749.293632,8471,9071,3846,1848,92.8100,-1.6200
1785391749.317330,8424,9043,3743,1923,93.8400,-1.6900
1785391749.341756,8433,9024,3771,1914,93.8400,-1.6900
1785391749.368984,8433,9071,3771,1961,93.8400,-1.6900
1785391749.392722,8433,9071,3809,1895,89.2500,-1.6900
1785391749.416960,8433,9071,3780,1867,89.2500,-1.6900
1785391749.443589,8471,9043,3827,1914,86.5500,-1.6900
1785391749.469982,8480,9062,3865,1839,86.5500,-1.6900
1785391749.494495,8461,9109,3827,1792,86.5500,-1.6900
1785391749.523628,8433,9024,3809,1848,86.5500,-1.6900
1785391749.545617,8433,9043,3818,1801,86.5500,-1.6900
1785391749.573466,8499,9024,3846,1782,86.5500,-1.6900
1785391749.596025,8471,9062,3818,1932,86.5500,-1.6900
1785391749.622861,8461,9062,3837,1820,86.5500,-1.6200
1785391749.644921,8433,9071,3827,1886,86.5500,-1.6200
1785391749.673376,8452,9071,3818,1810,86.5500,-1.6200
1785391749.696970,8443,9090,3799,1829,86.5500,-1.6200
1785391749.724009,8490,9024,3771,1820,81.1400,-1.6900
1785391749.747166,8555,9109,3837,1782,81.1400,-1.6900
1785391749.775315,8461,9034,3818,1810,82.2000,-1.6900
1785391749.798837,8452,9062,3837,1810,82.2000,-1.6900
1785391749.823437,8480,9034,3846,1801,82.8000,-1.7500
1785391749.849345,8555,9052,3846,1792,82.8000,-1.7500
1785391749.875035,8555,9052,3865,1839,79.5500,-1.7500
1785391749.899678,8480,9043,3912,1792,79.5500,-1.7500
1785391749.924549,8480,9043,3884,1792,80.0400,-1.6900
1785391749.949982,8480,8987,3846,1773,80.0400,-1.6900
1785391749.974900,8574,9062,3837,1792,78.4400,-1.6200
1785391750.000346,8490,9081,3799,1773,78.4400,-1.6200
1785391750.025402,8490,9090,3846,1792,78.4400,-1.6200
1785391750.050464,8480,9034,3809,1773,78.4400,-1.6200
1785391750.076140,8499,9024,3846,1726,78.4400,-1.6200
1785391750.101015,8518,9099,3827,1745,78.4400,-1.6200
1785391750.126192,8499,9062,3837,1754,78.4400,-1.6200
1785391750.152512,8546,9099,3865,1726,78.4400,-1.6200
1785391750.177829,8536,9062,3893,1773,78.4400,-1.6200
1785391750.201950,8499,9062,3893,1764,78.4400,-1.6200
1785391750.228193,8480,9071,3855,1735,78.4400,-1.6200
1785391750.253300,8508,9099,3865,1764,78.4400,-1.6200
1785391750.278287,8518,9052,3827,1754,78.4400,-1.6200
1785391750.303982,8508,9043,3837,1754,78.4400,-1.6200
1785391750.331626,8490,9099,3884,1764,78.4400,-1.6200
1785391750.354267,8480,9034,3827,1792,78.4400,-1.6200
1785391750.382024,8536,9081,3827,1764,8.2200,-1.6200
1785391750.405306,8490,9052,3902,1754,8.2200,-1.6200
1785391750.432843,8471,9071,3780,1735,10.8200,-3.3100
1785391750.456295,8443,9052,3837,1782,10.8200,-3.3100
1785391750.484216,8471,9043,3818,1782,-2.7000,-6.5000
1785391750.506622,8433,9062,3771,1773,-2.7000,-6.5000
1785391750.535418,8386,9099,3790,1754,10.8200,-10.8100
1785391750.558465,8377,9090,3752,1754,10.8200,-10.8100
1785391750.585131,8339,9034,3762,1848,0.0000,-15.9400
1785391750.609095,8321,9099,3715,1726,0.0000,-15.9400
1785391750.635247,8349,9052,3696,1698,2.7000,-21.5000
1785391750.657956,8339,9034,3640,1717,2.7000,-21.5000
1785391750.684024,8236,9015,3668,1754,2.7000,-26.8700
1785391750.709112,8236,8987,3630,1726,2.7000,-26.8700
1785391750.734382,8293,9071,3705,1754,0.0000,-32.0000
1785391750.759768,8293,9052,3649,1773,0.0000,-32.0000
1785391750.785203,8433,9109,3583,1717,0.0000,-37.1300
1785391750.810803,8827,9174,3658,1773,0.0000,-37.1300
1785391750.836213,8508,9137,3612,1735,0.0000,-41.9400
1785391750.861615,8546,9099,3649,1764,0.0000,-41.9400
1785391750.886405,8621,9127,3593,1754,0.0000,-46.5600
1785391750.911598,8508,9156,3621,1726,0.0000,-46.5600
1785391750.937813,8574,9118,3649,1764,-2.7000,-51.0000
1785391750.963338,8527,9071,3649,1717,-2.7000,-51.0000
1785391750.988556,8536,9071,3640,1745,0.0000,-55.1300
1785391751.013251,8536,8949,3658,1735,0.0000,-55.1300
1785391751.038856,8490,8977,3640,1735,0.0000,-59.0600
1785391751.064031,8461,9015,3602,1745,0.0000,-59.0600
1785391751.089801,8405,8930,3621,1773,0.0000,-62.8800
1785391751.114372,8452,9024,3630,1810,0.0000,-62.8800
1785391751.139550,8433,9024,3668,1754,0.0000,-66.4400
1785391751.165441,8433,9005,3612,1801,0.0000,-66.4400
1785391751.191240,8368,8987,3640,1773,0.0000,-69.8100
1785391751.215970,8415,9034,3630,1745,0.0000,-69.8100
1785391751.241201,8405,9005,3630,1773,0.0000,-72.8100
1785391751.266289,8396,8996,3649,1707,0.0000,-72.8100
1785391751.291723,8368,9043,3612,1820,2.7000,-75.3700
1785391751.317372,8377,8959,3593,1764,2.7000,-75.3700
1785391751.342771,8405,8949,3593,1754,2.7000,-77.6900
1785391751.367712,8443,8968,3602,1764,2.7000,-77.6900
1785391751.392870,8415,8959,3630,1782,2.7000,-79.6900
1785391751.418622,8405,8940,3612,1782,2.7000,-79.6900
1785391751.443909,8405,9005,3630,1801,5.4100,-81.5000
1785391751.468163,8424,9005,3640,1801,5.4100,-81.5000
1785391751.494163,8396,8940,3602,1764,5.4100,-83.2500
1785391751.520329,8433,8940,3612,1782,5.4100,-83.2500
1785391751.545403,8405,8930,3574,1792,2.7000,-85.0600
1785391751.570423,8499,8987,3565,1848,2.7000,-85.0600
1785391751.596035,8424,8959,3574,1792,5.4100,-86.8700
1785391751.621345,8386,8968,3593,1820,5.4100,-86.8700
1785391751.646600,8452,8987,3593,1848,5.4100,-86.8700
1785391751.671833,8433,8977,3583,1792,5.4100,-86.8700
1785391751.696846,8471,8968,3621,1801,5.4100,-86.8700
1785391751.722919,8386,8949,3602,1792,5.4100,-86.8700
1785391751.747413,8480,8930,3602,1886,5.4100,-86.8700
1785391751.772731,8452,8968,3612,1829,5.4100,-86.8700
1785391751.799089,8471,8968,3602,1820,5.4100,-86.8700
1785391751.823380,8415,8902,3602,1820,5.4100,-86.8700
1785391751.849084,8471,8959,3546,1773,5.4100,-86.8700
1785391751.875109,8471,8968,3555,1801,5.4100,-86.8700
1785391751.899955,8452,8968,3593,1792,5.4100,-86.8700
1785391751.924423,8480,8940,3583,1764,5.4100,-86.8700
1785391751.950637,8433,8921,3583,1829,5.4100,-86.8700
1785391751.975585,8424,9015,3593,1810,5.4100,-86.8700
1785391752.000630,8452,8949,3593,1801,4.4000,-89.8700
1785391752.025918,8415,8949,3583,1801,4.4000,-89.8700
1785391752.051249,8415,8893,3583,1904,51.3900,-90.2500
1785391752.076806,8433,9005,3602,1801,54.0900,-89.9400
1785391752.102034,8443,9005,3593,1773,54.0900,-89.9400
1785391752.127614,8396,8930,3593,1773,54.0900,-89.9400
1785391752.152217,8461,8940,3583,1820,75.7300,-89.7500
1785391752.177241,8386,8959,3555,1810,75.7300,-89.7500
1785391752.203478,8490,8959,3546,1801,73.0300,-89.7500
1785391752.228451,8471,9024,3546,1839,79.5500,-89.6900
1785391752.253516,8471,8940,3555,1820,79.5500,-89.6900
1785391752.279879,8368,8912,3602,1876,80.0400,-89.6900
1785391752.304447,8461,8949,3621,1801,80.0400,-89.6900
1785391752.331298,8527,8930,3621,1782,82.2000,-89.6900
1785391752.355382,8490,8949,3612,1801,82.2000,-89.6900
1785391752.383572,8471,8949,3602,1829,85.5600,-89.6900
1785391752.406128,8471,8940,3593,1848,85.5600,-89.6900
1785391752.434423,8433,8884,3602,1801,82.2000,-89.7500
1785391752.457829,8461,8912,3621,1886,82.2000,-89.7500
1785391752.484689,8415,8987,3612,1810,91.0800,-89.8100
1785391752.507551,8452,8884,3612,1810,91.0800,-89.8100
1785391752.536028,8461,8912,3630,1895,87.5000,-89.8100
1785391752.557800,8461,8940,3640,1820,87.5000,-89.8100
1785391752.584868,8405,8930,3640,1857,88.3200,-89.8700
1785391752.608768,8443,8959,3602,1857,88.3200,-89.8700
1785391752.635588,8358,8949,3593,1876,89.2500,-90.0000
1785391752.660111,8405,8930,3602,1848,89.2500,-90.0000
1785391752.685591,8405,8940,3621,1876,94.6600,-90.0000
1785391752.710079,8762,8884,3593,1829,94.6600,-90.0000
1785391752.735529,8349,8893,3612,1839,94.6600,-90.0000
1785391752.760546,8358,8893,3621,1857,94.6600,-90.0000
1785391752.786512,8424,8959,3630,1914,94.6600,-90.0600
1785391752.815235,8415,8865,3593,1810,94.6600,-90.0600
1785391752.836950,8415,8902,3583,1829,87.5000,-90.0600
1785391752.861842,8377,8921,3574,1773,87.5000,-90.0600
1785391752.886106,8349,8893,3612,1886,93.8400,-90.0600
1785391752.912786,8330,8874,3583,1848,93.8400,-90.0600
1785391752.937925,8293,8874,3593,1857,86.5500,-90.0600
1785391752.962791,8321,8893,3574,1876,86.5500,-90.0600
1785391752.988123,8339,8902,3555,1773,94.6600,-90.0600
1785391753.013218,8311,8902,3583,1876,94.6600,-90.0600
1785391753.039434,8330,8874,3574,1932,90.1600,-89.9400
1785391753.065784,8283,8902,3583,1839,90.1600,-89.9400
1785391753.090142,8311,8884,3593,1867,99.3600,-89.8100
1785391753.114825,8274,8827,3574,1839,99.3600,-89.8100
1785391753.140960,8283,8893,3612,1932,94.6600,-89.8700
1785391753.166323,8264,8884,3583,1857,94.6600,-89.8700
1785391753.191189,8302,8846,3602,1801,97.3700,-89.8700
1785391753.216184,8293,8855,3630,1904,97.3700,-89.8700
1785391753.241249,8330,8855,3612,1876,92.8100,-89.8700
1785391753.267512,8321,8893,3621,1886,92.8100,-89.8700
1785391753.293133,8311,8855,3649,1942,99.3600,-89.9400
1785391753.318072,8274,8865,3593,1801,99.3600,-89.9400
1785391753.342631,8293,8818,3640,1886,100.7600,-89.9400
1785391753.369371,8330,8865,3630,1839,100.7600,-89.9400
1785391753.393850,8274,8855,3630,1848,99.3600,-89.8700
1785391753.418886,8218,8827,3593,1848,99.3600,-89.8700
1785391753.443562,8311,8846,3602,1886,100.0700,-89.8700
1785391753.468899,8255,8846,3630,1867,100.0700,-89.8700
1785391753.496845,8321,8818,3593,1886,100.0700,-89.9400
1785391753.520035,8264,8827,3583,1810,100.0700,-89.9400
1785391753.545905,8264,8818,3583,1886,105.4800,-89.8700
1785391753.571034,8236,8837,3555,1810,105.4800,-89.8700
1785391753.596774,8274,8808,3630,1895,102.7800,-89.8700
1785391753.621587,8255,8799,3602,1867,102.7800,-89.8700
1785391753.647415,8293,8752,3546,1820,102.7800,-89.8100
1785391753.671773,8255,8790,3621,1867,102.7800,-89.8100
1785391753.697149,8293,8827,3612,1895,102.7800,-89.8100
1785391753.722612,8246,8752,3565,1792,102.7800,-89.8100
1785391753.748048,8189,8780,3593,1886,100.7600,-89.8100
1785391753.773598,8227,8818,3583,1876,100.7600,-89.8100
1785391753.798775,8264,8799,3621,1848,104.8800,-89.8700
1785391753.823837,8264,8855,3612,1876,104.8800,-89.8700
1785391753.850063,8199,8799,3630,1876,103.4100,-89.8700
1785391753.874825,8218,8846,3630,1848,103.4100,-89.8700
1785391753.900113,8218,8743,3630,1829,104.8800,-89.8700
1785391753.925344,8274,8771,3574,1829,104.8800,-89.8700
1785391753.951209,8171,8799,3658,1792,103.4100,-89.9400
1785391753.976052,8218,8799,3630,1886,103.4100,-89.9400
1785391754.001779,8283,8808,3612,1782,110.4000,-89.9400
1785391754.026685,8227,8762,3640,1829,110.4000,-89.9400
1785391754.051315,8180,8808,3649,1857,110.8900,-90.0000
1785391754.078005,8180,8790,3658,1867,108.1900,-90.0000
1785391754.103223,8189,8790,3583,1848,108.1900,-90.0000
1785391754.127973,8189,8724,3602,1848,108.1900,-90.0000
1785391754.152296,8180,8771,3602,1848,116.6700,-90.0000
1785391754.178615,8161,8752,3602,1829,113.6000,-90.0000
1785391754.203703,8142,8752,3630,1914,113.6000,-90.0000
1785391754.228609,8096,8799,3593,1876,119.0100,-90.0000
1785391754.254301,8161,8733,3602,1923,119.0100,-90.0000
1785391754.281602,8142,8780,3583,1839,118.6800,-90.0000
1785391754.305343,8180,8771,3593,1886,118.6800,-90.0000
1785391754.334280,8142,8771,3621,1886,119.0100,-89.9400
1785391754.357423,8105,8827,3621,1839,119.0100,-89.9400
1785391754.385476,8171,8790,3649,1932,119.0100,-89.9400
1785391754.406385,8171,8762,3565,1876,119.0100,-89.9400
1785391754.433596,8124,8790,3630,1895,124.4200,-89.9400
1785391754.457155,8161,8780,3658,1867,124.4200,-89.9400
1785391754.484907,8105,8771,3602,1857,121.7100,-90.0600
1785391754.509776,8199,8733,3602,1876,121.7100,-90.0600
1785391754.535473,8180,8733,3640,1876,119.3200,-90.1900
1785391754.558796,8152,8743,3677,1942,119.3200,-90.1900
1785391754.584743,8152,8696,3649,1914,121.7100,-90.2500
1785391754.608696,8142,8743,3668,1961,121.7100,-90.2500
1785391754.636780,8152,8705,3630,1886,127.1200,-90.3700
1785391754.660705,8096,8733,3658,1942,127.1200,-90.3700
1785391754.685171,8133,8687,3621,1895,126.9500,-90.5000
1785391754.709791,8124,8687,3630,1942,126.9500,-90.5000
1785391754.737313,8152,8752,3687,1886,127.2800,-90.5600
1785391754.761197,8142,8668,3649,1895,127.2800,-90.5600
1785391754.785979,8105,8687,3583,1942,126.9500,-90.6900
1785391754.811709,8189,8715,3583,1942,126.9500,-90.6900
1785391754.836259,8077,8724,3583,1923,127.1200,-90.7500
1785391754.861071,8077,8705,3630,1970,127.1200,-90.7500
1785391754.888531,8077,8687,3621,1923,127.1200,-90.8100
1785391754.912856,8096,8649,3630,1914,127.1200,-90.8100
1785391754.937555,8114,8705,3621,1989,129.8300,-90.7500
1785391754.963443,8049,8743,3630,1961,129.8300,-90.7500
1785391754.988278,8011,8658,3649,1961,127.1200,-90.8100
1785391755.013752,8049,8677,3612,1942,127.1200,-90.8100
1785391755.039619,8067,8705,3621,1961,135.2300,-90.8100
1785391755.064388,8058,8630,3640,1989,135.2300,-90.8100
1785391755.089361,8077,8630,3612,1942,132.5300,-90.8100
1785391755.116046,8049,8649,3630,1970,132.5300,-90.8100
1785391755.140958,8114,8705,3649,1961,135.2300,-90.8100
1785391755.166200,8077,8621,3649,1979,135.2300,-90.8100
1785391755.191399,8058,8621,3658,1923,137.8900,-90.8700
1785391755.216730,8011,8593,3621,1961,137.8900,-90.8700
1785391755.242006,8049,8621,3658,1942,143.5100,-90.8100
1785391755.267740,8124,8668,3640,1998,143.5100,-90.8100
1785391755.292517,8077,8649,3593,1970,143.3500,-90.8100
1785391755.317467,8002,8593,3593,1989,143.3500,-90.8100
1785391755.344316,8030,8611,3649,1932,146.0500,-90.8100
1785391755.369535,8049,8687,3602,2007,146.0500,-90.8100
1785391755.394210,8049,8696,3687,1989,143.3500,-90.8100
1785391755.420776,8049,8583,3687,1989,143.3500,-90.8100
1785391755.445170,8049,8583,3668,2026,148.4900,-90.8700
1785391755.470599,8030,8649,3658,1979,148.4900,-90.8700
1785391755.495813,8049,8611,3677,2026,149.0300,-90.8700
1785391755.520643,8039,8574,3677,2017,149.0300,-90.8700
1785391755.545466,8039,8583,3677,1970,151.1400,-90.8700
1785391755.571681,7983,8565,3658,1989,151.1400,-90.8700
1785391755.596977,7974,8583,3687,2054,154.5500,-90.8700
1785391755.621823,8030,8602,3668,2017,154.5500,-90.8700
1785391755.647133,7955,8527,3658,2054,154.1700,-90.8100
1785391755.672966,7992,8611,3658,2083,154.1700,-90.8100
1785391755.697828,8011,8546,3640,2054,154.1700,-90.8100
1785391755.723632,7974,8611,3612,2064,154.1700,-90.8100
1785391755.748204,8030,8565,3658,2026,153.8000,-90.8100
1785391755.773066,8030,8518,3630,2017,153.8000,-90.8100
1785391755.798398,7974,8546,3630,2007,160.0700,-90.7500
1785391755.825280,7974,8565,3677,2017,160.0700,-90.7500
1785391755.850421,7992,8471,3687,2007,153.8000,-90.7500
1785391755.874489,7945,8536,3630,1979,153.8000,-90.7500
1785391755.901343,7983,8546,3677,2036,165.5900,-90.6900
1785391755.926749,7936,8574,3668,2054,165.5900,-90.6900
1785391755.951216,7945,8508,3621,1979,156.8700,-90.6900
1785391755.976539,7908,8490,3658,2026,156.8700,-90.6900
1785391756.002356,7889,8480,3621,1951,162.2800,-90.6900
1785391756.026419,7899,8480,3602,1998,164.4000,-90.6900
1785391756.052381,7945,8480,3658,1970,164.4000,-90.6900
1785391756.077284,7880,8490,3705,2036,164.4000,-90.6900
1785391756.102428,7974,8461,3621,2017,171.1100,-90.7500
1785391756.128424,7974,8471,3649,2092,172.3600,-90.8100
1785391756.153461,7974,8471,3724,2092,172.3600,-90.8100
1785391756.178578,7889,8471,3687,2026,171.1100,-90.8100
1785391756.203138,7889,8471,3705,2026,171.1100,-90.8100
1785391756.230999,7899,8508,3677,2036,169.7100,-90.7500
1785391756.255236,7899,8490,3696,2017,169.7100,-90.7500
1785391756.283071,7927,8452,3677,2045,173.8700,-90.6900
1785391756.306222,7917,8452,3705,2045,173.8700,-90.6900
1785391756.333202,7842,8527,3687,2064,178.5100,-90.6200
1785391756.355618,7899,8443,3640,2007,178.5100,-90.6200
1785391756.384049,7852,8443,3687,2026,173.1000,-90.5600
1785391756.407164,7880,8415,3640,2045,173.1000,-90.5600
1785391756.434571,7880,8396,3668,2083,181.2100,-90.5000
1785391756.457212,7880,8405,3668,2036,181.2100,-90.5000
1785391756.484479,7880,8424,3668,2054,178.5100,-90.5000
1785391756.508141,7880,8424,3668,2045,178.5100,-90.5000
1785391756.533990,7880,8405,3668,2045,181.2100,-90.4400
1785391756.560709,7795,8415,3677,2045,181.2100,-90.4400
1785391756.584956,7795,8415,3677,2045,186.6200,-90.4400
1785391756.610428,7795,8415,3677,2045,186.6200,-90.4400
1785391756.635818,7795,8415,3734,1970,182.9600,-90.4400
1785391756.661206,7795,8396,3715,2036,182.9600,-90.4400
1785391756.686820,7795,8396,3677,2092,190.4300,-90.3700
1785391756.711055,7795,8368,3640,2083,190.4300,-90.3700
1785391756.736144,7833,8386,3640,2120,185.6200,-90.3100
1785391756.761663,7880,8368,3649,2064,185.6200,-90.3100
1785391756.786582,7842,8396,3668,2092,189.3300,-90.2500
1785391756.811532,7814,8433,3612,2129,189.3300,-90.2500
1785391756.838133,7748,8405,3668,2167,194.7400,-90.2500
1785391756.863369,7852,8461,3705,2120,194.7400,-90.2500
1785391756.888516,7786,8433,3668,2092,195.9500,-90.1900
1785391756.913559,7814,8349,3677,2120,195.9500,-90.1900
1785391756.938755,7748,8386,3668,2129,194.7400,-90.0600
1785391756.963934,7824,8330,3677,2148,194.7400,-90.0600
1785391756.989543,7795,8302,3696,2158,200.1500,-90.0000
1785391757.015894,7758,8396,3734,2120,200.1500,-90.0000
1785391757.040472,7758,8218,3696,2120,196.2200,-89.9400
1785391757.065785,7758,8330,3705,2101,196.2200,-89.9400
1785391757.091106,7767,8302,3734,2204,201.4700,-89.8700
1785391757.116035,7758,8264,3790,2242,201.4700,-89.8700
1785391757.140595,7739,8339,3705,2204,200.1500,-89.8700
1785391757.166833,7702,8255,3668,2204,200.1500,-89.8700
1785391757.192350,7748,8293,3687,2176,202.8500,-89.8100
1785391757.217818,7777,8302,3705,2129,202.8500,-89.8100
1785391757.243077,7748,8283,3705,2139,200.1500,-89.8100
1785391757.268667,7748,8339,3705,2251,200.1500,-89.8100
1785391757.293421,7748,8274,3724,2186,200.1500,-89.8100
1785391757.320031,7730,8264,3734,2139,200.1500,-89.8100
1785391757.344385,7748,8264,3715,2214,196.2200,-89.7500
1785391757.368733,7711,8189,3771,2270,196.2200,-89.7500
1785391757.394927,7664,8236,3743,2214,198.7100,-89.7500
1785391757.420561,7683,8189,3724,2261,198.7100,-89.7500
1785391757.445412,7692,8218,3705,2383,193.5700,-89.6200
1785391757.470721,7683,8246,3724,2186,193.5700,-89.6200
1785391757.496196,7655,8208,3780,2308,198.7100,-89.5600
1785391757.521569,7683,8208,3734,2326,198.7100,-89.5600
1785391757.547222,7664,8255,3771,2270,194.7400,-89.5000
1785391757.572000,7655,8236,3734,2458,194.7400,-89.5000
1785391757.597080,7720,8236,3705,2458,197.4400,-89.4400
1785391757.623540,7692,8218,3705,2514,197.4400,-89.4400
1785391757.648139,7627,8218,3715,2280,196.2200,-89.4400
1785391757.673541,7636,8142,3696,2233,196.2200,-89.4400
1785391757.697783,7608,8171,3752,2167,198.7100,-89.3700
1785391757.724206,7598,8218,3715,2430,200.1500,-89.2500
1785391757.749610,7598,8142,3724,2195,200.1500,-89.2500
1785391757.774737,7683,8171,3827,2448,200.1500,-89.2500
1785391757.800363,7608,8171,3752,2233,197.4400,-89.1900
1785391757.824691,7608,8171,3799,2261,197.4400,-89.1900
1785391757.850605,7617,8114,3771,2561,196.2200,-89.1200
1785391757.876707,7617,8218,3790,2749,198.7100,-89.1200
1785391757.901554,7598,8142,3809,2223,198.7100,-89.1200
1785391757.926559,7598,8199,3799,2242,198.7100,-89.1200
1785391757.952385,7533,8142,3780,2467,200.1500,-89.1200
1785391757.978539,7505,8189,3762,2458,194.7400,-89.0600
1785391758.002444,7580,8096,3771,2467,194.7400,-89.0600
1785391758.027917,7580,8124,3799,2795,194.7400,-89.0600
1785391758.052658,7570,8114,3809,2542,200.1500,-89.0000
1785391758.078721,7561,8058,3799,2223,192.0300,-88.9400
1785391758.104318,7533,8161,3846,2523,192.0300,-88.9400
1785391758.132923,7523,8067,3818,2589,194.7400,-88.8700
1785391758.154606,7551,8096,3780,2570,194.7400,-88.8700
1785391758.182878,7542,8105,3855,2542,197.4400,-88.8100
1785391758.205657,7514,8086,3780,2261,197.4400,-88.8100
1785391758.234102,7476,8114,3809,2242,194.7400,-88.6200
1785391758.255949,7476,8105,3902,2204,194.7400,-88.6200
1785391758.284242,7467,8067,3827,2430,192.0300,-88.5000
1785391758.305835,7448,8067,3780,2176,192.0300,-88.5000
1785391758.334457,7486,8105,3762,2308,200.1500,-88.6200
1785391758.357407,7514,8096,3715,2317,200.1500,-88.6200
1785391758.384252,7448,8021,3743,2627,194.7400,-88.6900
1785391758.407270,7467,8021,3762,2477,194.7400,-88.6900
1785391758.434144,7467,8011,3846,2683,194.7400,-88.8100
1785391758.458385,7467,8152,3799,2242,194.7400,-88.8100
1785391758.486071,7467,8105,3790,2345,194.7400,-88.8100
1785391758.508681,7448,8105,3790,2580,194.7400,-88.8100
1785391758.534117,7458,8002,3912,2486,197.4400,-88.7500
1785391758.558780,7458,7964,3818,2645,197.4400,-88.7500
1785391758.585177,7467,8077,3809,2570,194.7400,-88.6900
1785391758.609841,7420,8039,3809,2570,194.7400,-88.6900
1785391758.634628,7430,8030,3818,2589,185.6200,-88.6200
1785391758.661009,7430,8030,3837,2523,185.6200,-88.6200
1785391758.685884,7392,8039,3837,2355,190.4300,-88.6200
1785391758.710875,7392,8039,3799,2308,190.4300,-88.6200
1785391758.736679,7420,8133,3827,2242,188.2700,-88.5600
1785391758.761744,7392,8002,3837,2148,188.2700,-88.5600
1785391758.787048,7392,8021,3827,2289,190.4300,-88.5600
1785391758.813233,7392,7964,3846,2505,190.4300,-88.5600
1785391758.838215,7364,8039,3846,2204,185.6200,-88.6200
1785391758.862679,7411,7992,3809,2627,185.6200,-88.6200
1785391758.888941,7336,8011,3865,2589,190.4300,-88.6900
1785391758.913968,7383,8021,3837,2364,190.4300,-88.6900
1785391758.939126,7373,8021,3837,2674,189.3300,-88.8100
1785391758.964649,7270,7974,3940,2974,189.3300,-88.8100
1785391758.989599,7270,7974,3921,2720,186.6200,-88.8100
1785391759.014779,7364,8011,3855,2364,186.6200,-88.8100
1785391759.040820,7354,7974,3855,2917,188.2700,-88.8700
1785391759.065728,7354,7992,3921,2842,188.2700,-88.8700
1785391759.090528,7364,7964,3884,2514,195.9500,-88.9400
1785391759.117618,7308,7945,3865,2880,195.9500,-88.9400
1785391759.142278,7289,7983,3855,2533,192.0300,-88.9400
1785391759.167233,7261,7945,3827,2589,192.0300,-88.9400
1785391759.192827,7279,7936,3874,2955,189.3300,-88.9400
1785391759.218251,7345,7917,3893,2927,189.3300,-88.9400
1785391759.243289,7308,7908,3874,2711,194.7400,-89.0000
1785391759.268105,7336,7945,3865,2870,194.7400,-89.0000
1785391759.294429,7392,7908,3902,2580,192.0300,-89.0600
1785391759.319245,7392,7917,3921,2627,192.0300,-89.0600
1785391759.344100,7233,7936,3874,2870,192.0300,-89.1200
1785391759.370449,7345,7936,3902,2917,192.0300,-89.1200
1785391759.395941,7308,7955,3874,2917,186.6200,-89.2500
1785391759.419673,7298,7870,3884,2889,186.6200,-89.2500
1785391759.445897,7270,7899,3893,2936,185.6200,-89.3700
1785391759.471056,7326,7842,3949,3021,185.6200,-89.3700
1785391759.496195,7251,7917,3874,2946,195.9500,-89.4400
1785391759.521744,7214,7917,3884,2936,195.9500,-89.4400
1785391759.548233,7279,7880,3893,2917,186.6200,-89.5600
1785391759.571841,7270,7880,3865,2908,186.6200,-89.5600
1785391759.598938,7223,7870,3874,2936,186.6200,-89.5000
1785391759.622887,7251,7889,3874,2983,186.6200,-89.5000
1785391759.647667,7251,7899,3865,3002,185.6200,-89.5000
1785391759.673981,7617,7917,3884,2889,185.6200,-89.5000
1785391759.699276,7242,7880,3921,2946,193.1900,-89.5600
1785391759.724279,7204,7852,3921,2927,193.1900,-89.5600
1785391759.750047,7204,7861,3865,3030,185.6200,-89.5600
1785391759.774621,7204,7870,3865,3030,185.6200,-89.5600
1785391759.800282,7242,7824,3902,2964,195.9500,-89.6200
1785391759.826476,7251,7880,3884,2908,195.9500,-89.6200
1785391759.851327,7204,7824,3921,2983,188.2700,-89.6200
1785391759.876123,7157,7861,3874,2955,188.2700,-89.6200
1785391759.902411,7223,7852,3921,2964,195.9500,-89.6900
1785391759.927152,7204,7824,3874,2880,197.4400,-89.8100
1785391759.952224,7120,7842,3912,2861,197.4400,-89.8100
1785391759.977751,7176,7852,3893,2899,192.0300,-89.8100
1785391760.003390,7186,7795,3902,2927,192.0300,-89.8100
1785391760.027877,7204,7795,3902,2917,194.7400,-89.6900
1785391760.053223,7167,7814,3893,2936,194.7400,-89.6900
1785391760.081211,7167,7833,3902,2852,192.0300,-89.6900
1785391760.103999,7148,7833,3865,2917,192.0300,-89.6900
1785391760.129388,7101,7758,3921,2824,192.0300,-89.6900
1785391760.155275,7120,7805,3893,2852,192.0300,-89.6200
1785391760.182742,7111,7777,3884,2870,194.7400,-89.6900
1785391760.205091,7167,7758,3940,2899,194.7400,-89.6900
1785391760.234123,7186,7767,3940,2927,192.0300,-89.6200
1785391760.255972,7120,7842,3959,2917,192.0300,-89.6200
1785391760.283460,7120,7720,3931,2908,197.4400,-89.6200
1785391760.307303,7139,7767,3865,2870,197.4400,-89.6200
1785391760.335726,7101,7795,3893,2899,200.1500,-89.6200
1785391760.357071,7092,7739,3912,2814,200.1500,-89.6200
1785391760.385230,7111,7720,3949,2880,202.8500,-89.6900
1785391760.408609,7101,7748,3987,2824,202.8500,-89.6900
1785391760.433883,7101,7777,3931,2795,192.0300,-89.6900
1785391760.458684,7092,7739,3949,2786,192.0300,-89.6900
1785391760.484426,7092,7767,3968,2936,192.0300,-89.6900
1785391760.509505,7092,7777,3959,2842,192.0300,-89.6900
1785391760.535652,7082,7739,3968,2861,188.2700,-89.8100
1785391760.560174,7092,7720,3977,2927,188.2700,-89.8100
1785391760.585168,7092,7767,3977,2842,195.9500,-89.8700
1785391760.611389,7092,7692,3931,2870,195.9500,-89.8700
1785391760.636766,7026,7702,4006,2795,185.6200,-89.9400
1785391760.661532,7064,7720,3968,2852,185.6200,-89.9400
1785391760.686813,7092,7673,3968,2842,195.9500,-90.0000
1785391760.712660,7007,7758,4006,2861,195.9500,-90.0000
1785391760.737803,7064,7702,3996,2880,190.9200,-90.0000
1785391760.763755,7064,7711,3987,2842,190.9200,-90.0000
1785391760.788235,6979,7683,3996,2824,193.1900,-90.0000
1785391760.813227,7054,7730,3996,2852,193.1900,-90.0000
1785391760.839058,7120,7673,3996,2880,192.0300,-90.0000
1785391760.864521,7064,7730,3959,2889,192.0300,-90.0000
1785391760.889626,7026,7720,3996,2824,194.7400,-89.9400
1785391760.913957,7045,7711,3987,2908,194.7400,-89.9400
1785391760.940199,7017,7683,3949,2908,188.2700,-89.8700
1785391760.965216,7064,7748,4015,2870,188.2700,-89.8700
1785391760.989972,7082,7692,3968,2852,193.1900,-89.8700
1785391761.015816,7073,7673,3996,2824,193.1900,-89.8700
1785391761.040730,7017,7636,4015,2889,188.2700,-89.8700
1785391761.066712,7017,7664,3996,2917,188.2700,-89.8700
1785391761.092570,7026,7673,4024,2927,195.9500,-89.8100
1785391761.117801,6989,7673,4024,2927,195.9500,-89.8100
1785391761.142344,6998,7720,4034,2833,192.0300,-89.8100
1785391761.168334,6989,7645,4034,2908,192.0300,-89.8100
1785391761.192914,7007,7636,4024,2917,192.0300,-89.8100
1785391761.218340,6989,7692,4006,2870,192.0300,-89.8100
1785391761.243902,6979,7664,4015,2889,194.7400,-89.8100
1785391761.269058,6979,7617,4006,2889,194.7400,-89.8100
1785391761.294809,7017,7683,4015,2946,197.4400,-89.8100
1785391761.320555,6932,7673,4015,2917,197.4400,-89.8100
1785391761.345873,6979,7673,4052,2946,197.4400,-89.7500
1785391761.369911,6979,7645,4015,2927,197.4400,-89.7500
1785391761.396067,7007,7645,4024,2908,194.7400,-89.6900
1785391761.421124,6970,7627,4043,2889,194.7400,-89.6900
1785391761.446066,6979,7598,4024,2927,200.1500,-89.6900
1785391761.471862,6970,7580,4043,2889,200.1500,-89.6900
1785391761.496724,6970,7627,4071,2861,194.7400,-89.6900
1785391761.521997,6932,7561,4043,2880,194.7400,-89.6900
1785391761.548924,6960,7608,4109,2861,200.1500,-89.7500
1785391761.573116,6885,7617,4006,2899,200.1500,-89.7500
1785391761.597741,6951,7523,3996,2927,192.0300,-89.8700
1785391761.625050,6914,7580,4043,2899,197.4400,-90.0000
1785391761.649098,6885,7580,4062,2927,197.4400,-90.0000
1785391761.674126,6932,7580,4015,2936,197.4400,-90.0000
1785391761.699804,6960,7598,4081,2908,192.0300,-90.0600
1785391761.724829,6904,7514,4052,2974,192.0300,-90.0600
1785391761.750012,6914,7533,4071,2908,190.9200,-90.1200
1785391761.776046,6951,7514,4071,2946,190.9200,-90.1200
1785391761.801263,6932,7533,4081,2899,189.3300,-90.1200
1785391761.825881,6857,7505,4099,3011,189.3300,-90.1200
1785391761.851231,6904,7495,4052,2964,193.1900,-90.0600
1785391761.877472,6895,7514,4081,2927,192.0300,-90.0000
1785391761.902452,6932,7495,4052,2992,192.0300,-90.0000
1785391761.927475,6895,7495,4071,2927,192.0300,-90.0000
1785391761.953719,6829,7514,4099,2917,192.0300,-89.9400
1785391761.979220,6885,7505,4109,2899,192.0300,-89.9400
1785391762.004505,6895,7420,4090,2908,192.0300,-89.9400
1785391762.032147,6848,7411,4137,2955,192.0300,-89.9400
1785391762.053907,6867,7411,4128,3002,192.0300,-89.9400
1785391762.080304,6839,7411,4062,2870,192.0300,-89.9400
1785391762.105085,6867,7458,4081,3039,192.0300,-89.9400
1785391762.133972,6782,7448,4090,3067,189.3300,-89.9400
1785391762.155769,6848,7467,4081,2992,189.3300,-89.9400
1785391762.184440,6839,7467,4052,2936,192.0300,-89.9400
1785391762.206266,6829,7467,4081,2917,192.0300,-89.9400
1785391762.234385,6895,7430,4099,2974,185.6200,-89.9400
1785391762.257666,6829,7448,4137,2992,185.6200,-89.9400
1785391762.285072,6782,7392,4071,3030,195.9500,-89.9400
1785391762.306779,6810,7467,4090,2955,195.9500,-89.9400
1785391762.333785,6848,7392,4128,2992,192.0300,-89.8700
1785391762.359197,6848,7411,4090,3021,192.0300,-89.8700
1785391762.383129,6848,7373,4109,3021,189.3300,-89.8100
1785391762.408010,6745,7430,4118,2955,189.3300,-89.8100
1785391762.434395,6801,7448,4090,2974,197.4400,-89.7500
1785391762.459600,6792,7430,4128,3011,197.4400,-89.7500
1785391762.485027,6792,7420,4165,3002,194.7400,-89.7500
1785391762.510380,6754,7364,4174,3021,194.7400,-89.7500
1785391762.535363,6754,7383,4184,2983,200.1500,-89.6900
1785391762.560912,6801,7354,4146,3011,200.1500,-89.6900
1785391762.586689,6801,7354,4146,3011,194.7400,-89.6900
1785391762.612173,6745,7354,4193,2955,194.7400,-89.6900
1785391762.636838,6754,7354,4193,2992,202.8500,-89.6900
1785391762.662064,6792,7401,4156,3067,202.8500,-89.6900
1785391762.687313,6754,7354,4146,3002,192.0300,-89.6900
1785391762.712590,6754,7373,4174,3021,192.0300,-89.6900
1785391762.737917,6698,7354,4146,3021,200.1500,-89.8100
1785391762.762775,6726,7411,4184,3058,200.1500,-89.8100
1785391762.788093,6782,7317,4240,3021,197.4400,-89.8100
1785391762.814027,6782,7317,4193,3096,197.4400,-89.8100
1785391762.839364,6735,7364,4174,3011,196.2200,-89.8700
1785391762.864433,6745,7336,4174,3058,196.2200,-89.8700
1785391762.890157,6735,7336,4165,3058,198.7100,-89.8700
1785391762.915123,6679,7354,4174,3049,198.7100,-89.8700
1785391762.941850,6717,7261,4193,3096,193.5700,-89.8700
1785391762.966142,6679,7364,4212,3143,193.5700,-89.8700
1785391762.991266,6660,7279,4203,3039,197.4400,-89.8700
1785391763.016547,6745,7279,4193,3124,197.4400,-89.8700
1785391763.043199,6679,7354,4193,3067,195.9500,-89.8700
1785391763.067692,6717,7251,4165,3049,195.9500,-89.8700
1785391763.092444,6651,7336,4146,3039,197.4400,-89.8700
1785391763.118921,6651,7261,4184,3133,197.4400,-89.8700
1785391763.143535,6651,7326,4184,3143,193.5700,-89.8700
1785391763.169052,6698,7279,4184,3086,193.5700,-89.8700
1785391763.193190,6632,7289,4184,3124,195.9500,-89.8100
1785391763.218443,6604,7242,4174,3058,195.9500,-89.8100
1785391763.243509,6632,7289,4212,3114,192.0300,-89.8100
1785391763.269162,6698,7289,4212,3077,192.0300,-89.8100
1785391763.294791,6613,7308,4184,3180,194.7400,-89.8100
1785391763.319908,6642,7261,4249,3133,194.7400,-89.8100
1785391763.344852,6632,7308,4249,3180,192.0300,-89.7500
1785391763.371588,6642,7251,4249,3133,192.0300,-89.7500
1785391763.396615,6585,7270,4240,3180,194.7400,-89.7500
1785391763.421722,6632,7270,4249,3152,194.7400,-89.7500
1785391763.446875,6632,7270,4259,3161,190.9200,-89.7500
1785391763.472687,6585,7270,4240,3199,190.9200,-89.7500
1785391763.497730,6651,7279,4240,3105,193.1900,-89.6900
1785391763.523785,6613,7279,4278,3152,193.1900,-89.6900
1785391763.547970,6623,7167,4231,3161,194.7400,-89.6900
1785391763.572954,6585,7242,4259,3143,194.7400,-89.6900
1785391763.599237,6557,7186,4221,3152,194.7400,-89.6200
1785391763.624274,6613,7223,4259,3199,194.7400,-89.6200
1785391763.649485,6529,7233,4231,3218,190.9200,-89.6200
1785391763.674339,6613,7204,4231,3274,190.9200,-89.6200
1785391763.700254,6613,7204,4193,3236,198.7100,-89.6200
1785391763.725149,6576,7176,4259,3199,194.7400,-89.6200
1785391763.750198,6548,7186,4212,3189,194.7400,-89.6200
1785391763.776069,6585,7148,4278,3246,194.7400,-89.6200
1785391763.801498,6548,7139,4296,3255,190.9200,-89.6900
1785391763.827546,6585,7148,4268,3246,198.7100,-89.8100
1785391763.853594,6529,7129,4306,3246,198.7100,-89.8100
1785391763.879561,6510,7157,4306,3246,198.7100,-89.8100
1785391763.901749,6529,7139,4362,3227,190.9200,-89.9400
1785391763.928530,6538,7167,4268,3255,193.1900,-90.0600
1785391763.953210,6595,7120,4249,3227,193.1900,-90.0600
1785391763.980675,6520,7186,4287,3199,194.7400,-90.0600
1785391764.004263,6548,7167,4259,3236,194.7400,-90.0600
1785391764.032241,6510,7167,4278,3236,189.3300,-90.1200
1785391764.055085,6529,7129,4259,3218,189.3300,-90.1200
1785391764.082212,6538,7092,4306,3264,192.0300,-90.1200
1785391764.106227,6548,7157,4287,3274,192.0300,-90.1200
1785391764.134086,6520,7073,4278,3302,190.9200,-90.1200
1785391764.156870,6520,7036,4287,3293,190.9200,-90.1200
1785391764.184305,6520,7139,4325,3264,198.7100,-90.0600
1785391764.206379,6520,7064,4315,3321,198.7100,-90.0600
1785391764.234773,6491,7064,4315,3218,192.0300,-90.1900
1785391764.257170,6529,7082,4353,3264,192.0300,-90.1900
1785391764.283304,6529,7073,4306,3349,192.0300,-90.1900
1785391764.307279,6491,7073,4325,3264,192.0300,-90.1900
1785391764.333161,6520,7054,4315,3236,192.0300,-90.2500
1785391764.357717,6473,7036,4353,3264,192.0300,-90.2500
1785391764.382535,6435,7054,4371,3274,189.3300,-90.2500
1785391764.409634,6473,7092,4306,3330,189.3300,-90.2500
1785391764.435394,6482,7082,4353,3340,194.7400,-90.2500
1785391764.459698,6482,7026,4268,3274,194.7400,-90.2500
1785391764.485391,6501,7064,4325,3302,193.5700,-90.1200
1785391764.511151,6407,7064,4381,3274,193.5700,-90.1200
1785391764.535931,6454,7073,4381,3283,198.7100,-90.0600
1785391764.561707,6416,7026,4325,3274,198.7100,-90.0600
1785391764.586141,6416,7036,4334,3330,194.7400,-90.0000
1785391764.611759,6473,7054,4371,3293,194.7400,-90.0000
1785391764.637971,6473,7036,4334,3330,200.1500,-90.0000
1785391764.662730,6454,7036,4362,3330,200.1500,-90.0000
1785391764.688099,6370,7045,4381,3358,200.1500,-89.9400
1785391764.713133,6426,6998,4334,3330,200.1500,-89.9400
1785391764.738445,6454,7045,4343,3293,198.8700,-89.8700
1785391764.764001,6416,6998,4362,3368,198.8700,-89.8700
1785391764.790083,6435,6998,4343,3358,201.4700,-89.9400
1785391764.814998,6379,6970,4381,3396,201.4700,-89.9400
1785391764.839123,6426,6998,4315,3330,193.5700,-90.0000
1785391764.865497,6426,6970,4353,3443,193.5700,-90.0000
1785391764.890471,6416,6960,4400,3424,201.4700,-90.0600
1785391764.915784,6370,6951,4381,3443,201.4700,-90.0600
1785391764.941327,6370,7007,4362,3471,197.4400,-90.1200
1785391764.967044,6407,6923,4400,3377,197.4400,-90.1200
1785391764.992092,6398,6923,4390,3424,194.7400,-90.1200
1785391765.016762,6398,6960,4400,3396,194.7400,-90.1200
1785391765.042191,6341,6923,4390,3358,190.9200,-90.0600
1785391765.067978,6454,6942,4409,3302,190.9200,-90.0600
1785391765.093042,6388,6914,4400,3377,198.7100,-89.9400
1785391765.118727,6407,6923,4400,3433,198.7100,-89.9400
1785391765.143867,6332,6942,4418,3433,190.9200,-89.9400
1785391765.168864,6323,6914,4409,3377,190.9200,-89.9400
1785391765.195023,6323,6904,4418,3424,195.9500,-89.9400
1785391765.220542,6341,6923,4418,3405,195.9500,-89.9400
1785391765.245093,6360,6923,4437,3518,192.0300,-89.9400
1785391765.270724,6323,6904,4409,3471,192.0300,-89.9400
1785391765.296775,6360,6904,4409,3443,194.7400,-89.9400
1785391765.321232,6379,6914,4437,3508,194.7400,-89.9400
1785391765.347187,6351,6895,4400,3443,194.7400,-89.9400
1785391765.372396,6379,6951,4437,3499,194.7400,-89.9400
1785391765.396729,6351,6885,4456,3433,192.0300,-89.8700
1785391765.423081,6351,6942,4437,3508,192.0300,-89.8700
1785391765.448063,6323,6914,4437,3433,194.7400,-89.7500
1785391765.473441,6388,6951,4437,3546,194.7400,-89.7500
1785391765.498389,6332,6885,4409,3480,194.7400,-89.7500
1785391765.523494,6323,6867,4484,3471,194.7400,-89.7500
1785391765.549429,6351,6951,4465,3480,194.7400,-89.6900
1785391765.574733,6360,6848,4465,3499,194.7400,-89.6900
1785391765.599688,6313,6867,4503,3471,193.5700,-89.6200
1785391765.625017,6323,6792,4465,3499,193.5700,-89.6200
1785391765.650922,6370,6829,4475,3546,194.7400,-89.5600
1785391765.676110,6304,6848,4465,3471,198.7100,-89.5000
1785391765.701383,6351,6895,4446,3499,198.7100,-89.5000
1785391765.726625,6248,6848,4512,3527,198.7100,-89.5000
1785391765.752062,6341,6792,4465,3499,194.7400,-89.5000
1785391765.777303,6323,6810,4475,3537,200.1500,-89.5000
1785391765.802365,6313,6801,4493,3537,200.1500,-89.5000
1785391765.829144,6332,6810,4503,3527,200.1500,-89.5000
1785391765.851961,6248,6782,4484,3518,193.5700,-89.6200
1785391765.877529,6304,6829,4484,3490,193.5700,-89.6200
1785391765.902899,6257,6839,4512,3537,198.7100,-89.6900
1785391765.929992,6248,6754,4503,3546,197.4400,-89.8100
1785391765.955060,6294,6801,4522,3555,197.4400,-89.8100
1785391765.982190,6229,6810,4503,3574,197.4400,-89.8100
1785391766.005609,6266,6801,4531,3574,197.4400,-89.8100
1785391766.032623,6276,6754,4531,3602,193.5700,-89.7500
1785391766.055168,6248,6782,4531,3537,193.5700,-89.7500
1785391766.082331,6257,6829,4540,3640,193.5700,-89.7500
1785391766.104904,6257,6792,4625,3574,201.4700,-89.6200
1785391766.134948,6229,6801,4540,3574,200.1500,-89.5600
1785391766.157931,6257,6735,4540,3565,200.1500,-89.5600
1785391766.185124,6191,6717,4531,3621,192.0300,-89.5600
1785391766.207862,6238,6717,4568,3583,192.0300,-89.5600
1785391766.233557,6210,6801,4568,3583,196.2200,-89.5000
1785391766.258413,6210,6754,4568,3602,196.2200,-89.5000
1785391766.283492,6304,6688,4587,3593,193.1900,-89.5000
1785391766.308524,6126,6698,4568,3583,193.1900,-89.5000
1785391766.333822,6154,6735,4634,3649,188.2700,-89.4400
1785391766.360630,6088,6773,4615,3612,188.2700,-89.4400
1785391766.385092,6191,6726,4540,3593,195.9500,-89.3700
1785391766.410597,6210,6735,4578,3583,195.9500,-89.3700
1785391766.434126,6191,6707,4587,3658,200.1500,-89.2500
1785391766.460421,6163,6754,4625,3621,200.1500,-89.2500
1785391766.485703,6144,6754,4606,3724,192.0300,-89.1900
1785391766.510599,6154,6698,4559,3696,192.0300,-89.1900
1785391766.536512,6097,6670,4615,3658,193.5700,-89.1200
1785391766.561428,6144,6745,4625,3677,193.5700,-89.1200
1785391766.587182,6097,6717,4568,3658,194.7400,-89.0600
1785391766.612767,6144,6717,4643,3630,194.7400,-89.0600
1785391766.637904,6051,6660,4578,3583,194.7400,-89.0000
1785391766.662203,6069,6660,4615,3649,194.7400,-89.0000
1785391766.688724,6116,6726,4662,3668,198.7100,-89.0000
1785391766.713702,6097,6660,4625,3630,198.7100,-89.0000
1785391766.739191,5985,6726,4653,3696,197.4400,-88.9400
1785391766.764836,6107,6726,4681,3658,197.4400,-88.9400
1785391766.789216,6173,6745,4643,3724,197.4400,-88.8700
1785391766.814711,6097,6642,4690,3780,197.4400,-88.8700
1785391766.840572,6088,6660,4615,3687,197.4400,-88.8100
1785391766.865963,6135,6679,4643,3705,197.4400,-88.8100
1785391766.890517,6013,6632,4634,3743,200.1500,-88.7500
1785391766.917568,6051,6623,4662,3724,200.1500,-88.7500
1785391766.941972,6022,6585,4587,3771,197.4400,-88.7500
1785391766.967164,6107,6679,4672,3687,197.4400,-88.7500
1785391766.992907,6041,6651,4662,3705,194.7400,-88.7500
1785391767.017273,6051,6613,4653,3677,194.7400,-88.7500
1785391767.043495,6060,6623,4662,3752,190.9200,-88.7500
1785391767.069603,6088,6557,4672,3705,190.9200,-88.7500
1785391767.093727,6069,6679,4653,3677,198.7100,-88.8100
1785391767.118277,6041,6576,4662,3724,198.7100,-88.8100
1785391767.143234,6013,6613,4700,3743,188.2700,-88.8100
1785391767.169827,6013,6585,4662,3762,188.2700,-88.8100
1785391767.194922,6060,6660,4662,3752,195.9500,-88.7500
1785391767.219796,5985,6642,4643,3762,195.9500,-88.7500
1785391767.245250,6022,6538,4718,3780,190.9200,-88.6900
1785391767.271237,5976,6585,4672,3734,190.9200,-88.6900
1785391767.296196,5957,6595,4634,3818,201.4700,-88.6900
1785391767.321635,5947,6557,4718,3818,201.4700,-88.6900
1785391767.346282,5966,6557,4662,3780,193.5700,-88.6200
1785391767.371237,6032,6538,4672,3743,193.5700,-88.6200
1785391767.398096,6004,6566,4718,3799,198.7100,-88.6200
1785391767.423000,5900,6557,4690,3724,198.7100,-88.6200
1785391767.447759,5966,6566,4709,3818,190.9200,-88.6900
1785391767.473556,5929,6576,4653,3724,190.9200,-88.6900
1785391767.499183,5976,6548,4700,3809,194.7400,-88.6900
1785391767.523731,5976,6613,4756,3743,194.7400,-88.6900
1785391767.549710,5891,6595,4690,3874,197.4400,-88.7500
1785391767.574314,5957,6576,4690,3837,197.4400,-88.7500
1785391767.599237,5966,6585,4718,3790,201.4700,-88.6900
1785391767.625768,5910,6566,4737,3846,194.7400,-88.6900
1785391767.650845,5947,6566,4690,3799,194.7400,-88.6900
1785391767.675478,5882,6529,4718,3790,194.7400,-88.6900
1785391767.701338,5919,6501,4718,3780,200.1500,-88.6200
1785391767.726547,5872,6529,4765,3827,196.2200,-88.6200
1785391767.751591,5882,6482,4718,3884,196.2200,-88.6200
1785391767.776737,5882,6576,4737,3809,197.4400,-88.5600
1785391767.802442,5872,6595,4747,3837,197.4400,-88.5600
1785391767.827324,5900,6557,4718,3771,197.4400,-88.5600
1785391767.852594,5929,6538,4737,3865,194.7400,-88.5600
1785391767.881226,5872,6510,4747,3827,198.7100,-88.5000
1785391767.903567,5872,6482,4803,3818,198.7100,-88.5000
1785391767.930698,5854,6520,4728,3865,200.1500,-88.5600
1785391767.955110,5835,6529,4784,3846,200.1500,-88.5600
1785391767.982540,5816,6445,4756,3827,194.7400,-88.6200
1785391768.005346,5863,6529,4756,3959,194.7400,-88.6200
1785391768.033358,5816,6501,4756,3855,190.9200,-88.6200
1785391768.055347,5891,6501,4747,3874,190.9200,-88.6200
1785391768.083620,5854,6454,4784,3874,197.4400,-88.6900
1785391768.106626,5872,6482,4737,3902,197.4400,-88.6900
1785391768.134922,5863,6463,4812,3921,194.7400,-88.7500
1785391768.156437,5816,6454,4775,3902,194.7400,-88.7500
1785391768.182589,5844,6491,4784,3912,198.7100,-88.7500
1785391768.207934,5910,6435,4794,3893,198.7100,-88.7500
1785391768.233098,5779,6463,4775,3893,190.9200,-88.7500
1785391768.258417,5816,6491,4803,3931,190.9200,-88.7500
1785391768.283339,5844,6501,4784,3959,195.9500,-88.7500
1785391768.308891,5797,6435,4803,3968,195.9500,-88.7500
1785391768.335104,5741,6407,4794,3884,190.9200,-88.7500
1785391768.359851,5788,6463,4784,3865,190.9200,-88.7500
1785391768.384406,5816,6426,4850,3949,190.4300,-88.6900
1785391768.411229,5835,6454,4803,3968,190.4300,-88.6900
1785391768.436323,5797,6416,4803,3959,192.0300,-88.7500
1785391768.460965,5760,6398,4803,3996,192.0300,-88.7500
1785391768.485766,5788,6416,4840,3912,197.4400,-88.6900
1785391768.511392,5779,6435,4822,3912,197.4400,-88.6900
1785391768.536897,5769,6323,4831,3968,190.9200,-88.6200
1785391768.561870,5779,6416,4850,4034,190.9200,-88.6200
1785391768.588090,5779,6379,4794,3902,194.7400,-88.6200
1785391768.612856,5760,6407,4784,3949,194.7400,-88.6200
1785391768.637824,5788,6454,4850,4052,198.7100,-88.6200
1785391768.663866,5732,6379,4887,3931,198.7100,-88.6200
1785391768.689123,5807,6416,4859,3931,196.2200,-88.6200
1785391768.713786,5703,6435,4850,3987,196.2200,-88.6200
1785391768.739438,5722,6435,4887,3987,192.0300,-88.6200
1785391768.765547,5732,6379,4859,4006,192.0300,-88.6200
1785391768.790388,5760,6407,4878,4024,198.7100,-88.6200
1785391768.815761,5741,6341,4831,4015,198.7100,-88.6200
1785391768.840909,5732,6341,4859,3968,200.1500,-88.6200
1785391768.866403,5741,6323,4859,3949,200.1500,-88.6200
1785391768.892336,5713,6341,4887,4006,193.5700,-88.6900
1785391768.917136,5685,6332,4906,3996,193.5700,-88.6900
1785391768.942035,5657,6285,4906,4006,194.7400,-88.6900
1785391768.967492,5703,6341,4915,3968,194.7400,-88.6900
1785391768.992753,5703,6360,4887,3996,194.7400,-88.6900
1785391769.017855,5675,6285,4953,3968,194.7400,-88.6900
1785391769.043725,5722,6201,4887,4015,198.7100,-88.6900
1785391769.068542,5741,6294,4962,4024,198.7100,-88.6900
1785391769.094115,5741,6341,4887,4043,194.7400,-88.6200
1785391769.120275,5694,6248,4953,4128,194.7400,-88.6200
1785391769.144719,5713,6285,4897,4137,196.2200,-88.6900
1785391769.169897,5685,6304,4925,4062,196.2200,-88.6900
1785391769.195855,5666,6294,4934,4128,194.7400,-88.8100
1785391769.222301,5647,6304,4972,4146,194.7400,-88.8100
1785391769.247167,5694,6294,4981,4024,198.7100,-88.8700
1785391769.271971,5675,6266,4953,4052,198.7100,-88.8700
1785391769.296184,5647,6219,4962,4109,190.9200,-88.9400
1785391769.321104,5647,6219,4962,4090,190.9200,-88.9400
1785391769.347112,5638,6266,4962,4034,194.7400,-88.9400
1785391769.372996,5628,6238,4953,4052,194.7400,-88.9400
1785391769.397803,5666,6248,4981,4109,194.7400,-88.9400
1785391769.423175,5647,6238,4925,4081,194.7400,-88.9400
1785391769.449654,5610,6219,4962,4090,194.7400,-88.9400
1785391769.474046,5572,6229,5019,4090,194.7400,-88.9400
1785391769.499362,5591,6276,5000,4052,197.4400,-88.8700
1785391769.524175,5591,6248,4981,4043,197.4400,-88.8700
1785391769.549134,5591,6266,4991,4128,194.7400,-88.8700
1785391769.574803,5628,6238,4972,4128,195.9500,-88.8700
1785391769.602631,5628,6248,5019,4109,195.9500,-88.8700
1785391769.626183,5610,6266,5019,4203,195.9500,-88.8700
1785391769.651045,5572,6163,5000,4118,194.7400,-88.8700
1785391769.679310,5628,6173,4991,4090,197.4400,-88.8100
1785391769.702149,5582,6229,5009,4231,197.4400,-88.8100
1785391769.727545,5553,6191,5066,4137,190.9200,-88.8100
1785391769.752301,5563,6229,4981,4081,190.9200,-88.8100
1785391769.778744,5553,6182,4981,4156,190.9200,-88.8100
1785391769.803516,5553,6182,5000,4165,194.7400,-88.7500
1785391769.832037,5544,6163,5000,4109,194.7400,-88.7500
1785391769.855264,5544,6144,5009,4137,194.7400,-88.7500
1785391769.882872,5516,6163,5019,4174,194.7400,-88.6900
1785391769.903572,5563,6144,5028,4174,194.7400,-88.6900
1785391769.934467,5516,6135,5056,4174,197.4400,-88.6200
1785391769.955541,5516,6210,5009,4287,197.4400,-88.6200
1785391769.983038,5516,6088,5094,4156,194.7400,-88.6200
1785391770.006541,5497,6163,5047,4174,194.7400,-88.6200
1785391770.033240,5488,6116,5047,4315,201.4700,-88.6200
1785391770.056746,5488,6116,5047,4278,201.4700,-88.6200
1785391770.084784,5488,6079,5047,4259,193.5700,-88.6200
1785391770.106898,5488,6079,5075,4184,193.5700,-88.6200
1785391770.132954,5525,6097,5056,4193,201.4700,-88.6900
1785391770.158289,5497,6154,5047,4203,201.4700,-88.6900
1785391770.183621,5478,6173,5066,4193,194.7400,-88.6900
1785391770.208068,5478,6116,5084,4203,194.7400,-88.6900
1785391770.233507,5469,6079,5094,4231,196.2200,-88.7500
1785391770.259683,5375,6154,5131,4231,196.2200,-88.7500
1785391770.284344,5441,6135,5094,4343,197.4400,-88.8100
1785391770.309761,5385,6173,5094,4315,197.4400,-88.8100
1785391770.334557,5403,6126,5066,4315,200.1500,-88.8100
1785391770.359817,5403,6088,5103,4371,200.1500,-88.8100
1785391770.386374,5403,6116,5094,4325,200.1500,-88.8700
1785391770.411176,5413,6079,5084,4278,200.1500,-88.8700
1785391770.435822,5422,6060,5112,4278,202.8500,-88.8700
1785391770.461718,5422,6069,5075,4306,202.8500,-88.8700
1785391770.487138,5431,6060,5122,4296,204.2300,-88.8100
1785391770.512310,5422,6116,5122,4296,204.2300,-88.8100
1785391770.537173,5422,6079,5112,4287,201.5300,-88.8700
1785391770.562909,5375,6041,5075,4306,201.5300,-88.8700
1785391770.588162,5450,6032,5141,4306,197.4400,-88.9400
1785391770.613113,5422,6051,5206,4268,197.4400,-88.9400
1785391770.639726,5347,6088,5169,4296,200.1500,-89.0000
1785391770.664441,5356,6051,5141,4353,200.1500,-89.0000
1785391770.688660,5338,5966,5150,4362,200.1500,-89.0000
1785391770.715150,5300,5966,5150,4343,200.1500,-89.0000
1785391770.740166,5328,6004,5150,4343,202.8500,-89.0000
1785391770.765443,5347,6013,5141,4343,202.8500,-89.0000
1785391770.790800,5413,6022,5122,4409,206.9900,-89.0000
1785391770.815760,5403,6051,5188,4362,206.9900,-89.0000
1785391770.840824,5375,5957,5169,4362,198.8700,-89.0000
1785391770.867185,5338,6022,5141,4371,198.8700,-89.0000
1785391770.892010,5347,5994,5188,4371,202.8500,-88.9400
1785391770.917176,5385,6032,5188,4362,202.8500,-88.9400
1785391770.943341,5347,5985,5216,4400,200.1500,-88.9400
1785391770.968298,5385,5976,5159,4390,200.1500,-88.9400
1785391770.993043,5356,6060,5197,4371,204.2300,-88.9400
1785391771.018193,5356,5976,5169,4390,204.2300,-88.9400
1785391771.043225,5253,5976,5188,4381,196.2200,-88.8700
1785391771.068871,5366,5994,5244,4381,196.2200,-88.8700
1785391771.095093,5253,6004,5244,4381,204.2300,-88.8700
1785391771.119732,5366,5985,5178,4456,204.2300,-88.8700
1785391771.144604,5309,5947,5206,4465,200.1500,-88.8700
1785391771.171569,5319,5976,5244,4409,200.1500,-88.8700
1785391771.197853,5338,5976,5244,4353,196.2200,-88.8700
1785391771.222780,5281,5938,5253,4437,196.2200,-88.8700
1785391771.247316,5328,5957,5272,4362,197.4400,-88.8100
1785391771.273200,5338,5985,5244,4428,197.4400,-88.8100
1785391771.297693,5291,5947,5253,4484,194.7400,-88.8700
1785391771.322549,5356,5976,5216,4493,194.7400,-88.8700
1785391771.347653,5281,5938,5234,4446,200.1500,-88.8100
1785391771.372669,5300,5966,5281,4446,200.1500,-88.8100
1785391771.398884,5291,5938,5263,4446,194.7400,-88.8100
1785391771.426282,5272,5976,5309,4512,194.7400,-88.8100
1785391771.449529,5272,5929,5300,4446,197.4400,-88.8700
1785391771.474811,5281,5900,5319,4503,197.4400,-88.8700
1785391771.500704,5263,5891,5281,4522,194.7400,-88.8100
1785391771.525945,5272,5900,5281,4484,194.7400,-88.8100
1785391771.549980,5263,5966,5309,4475,194.7400,-88.8100
1785391771.575751,5206,5957,5328,4522,194.7400,-88.8100
1785391771.600710,5206,5919,5272,4568,194.7400,-88.8100
1785391771.626396,5225,5900,5309,4559,194.7400,-88.8700
1785391771.652139,5234,5900,5291,4531,194.7400,-88.8700
1785391771.677890,5216,5910,5281,4568,194.7400,-88.8700
1785391771.701766,5253,5910,5300,4484,194.7400,-88.8700
1785391771.729368,5244,5900,5300,4475,194.7400,-88.8100
1785391771.753015,5244,5863,5309,4446,194.7400,-88.8100
1785391771.780334,5225,5910,5300,4446,194.7400,-88.8100
1785391771.804009,5206,5882,5319,4475,194.7400,-88.8100
1785391771.831962,5169,5910,5300,4493,189.3300,-88.8100
1785391771.854548,5131,5919,5319,4531,189.3300,-88.8100
1785391771.883434,5169,5872,5356,4512,189.3300,-88.8100
1785391771.905136,5159,5910,5375,4578,189.3300,-88.8100
1785391771.933981,5197,5872,5366,4512,194.7400,-88.8100
1785391771.956211,5150,5910,5356,4587,194.7400,-88.8100
1785391771.983752,5141,5910,5319,4559,194.7400,-88.7500
1785391772.006311,5141,5854,5347,4625,194.7400,-88.7500
1785391772.033060,5150,5900,5366,4597,192.0300,-88.8100
1785391772.056756,5094,5872,5403,4597,192.0300,-88.8100
1785391772.083673,5103,5835,5385,4559,194.7400,-88.7500
1785391772.107302,5122,5882,5413,4578,194.7400,-88.7500
1785391772.133239,5150,5844,5375,4681,194.7400,-88.7500
1785391772.157698,5150,5854,5413,4606,194.7400,-88.7500
1785391772.182612,5112,5872,5422,4597,194.7400,-88.6900
1785391772.209234,5075,5872,5460,4672,194.7400,-88.6900
1785391772.234176,5084,5863,5422,4643,194.7400,-88.6900
1785391772.259581,5094,5835,5385,4606,194.7400,-88.6900
1785391772.284676,5094,5882,5422,4662,192.0300,-88.6200
1785391772.310436,5141,5844,5394,4615,192.0300,-88.6200
1785391772.335318,5141,5854,5394,4615,194.7400,-88.6900
1785391772.361339,5141,5816,5385,4606,194.7400,-88.6900
1785391772.385883,5084,5825,5422,4597,192.0300,-88.7500
1785391772.410681,5150,5779,5422,4643,192.0300,-88.7500
1785391772.437274,5066,5863,5403,4718,192.0300,-88.8100
1785391772.462699,5084,5835,5469,4662,192.0300,-88.8100
1785391772.487980,5075,5816,5431,4728,192.0300,-88.9400
1785391772.512793,5084,5788,5431,4643,192.0300,-88.9400
1785391772.538492,5122,5797,5413,4728,194.7400,-89.0000
1785391772.563588,5056,5825,5450,4690,194.7400,-89.0000
1785391772.589445,5056,5760,5488,4718,192.0300,-89.0000
1785391772.613644,5028,5732,5460,4662,192.0300,-89.0000
1785391772.638303,5066,5779,5460,4737,192.0300,-89.0000
1785391772.664635,5047,5779,5450,4765,192.0300,-89.0000
1785391772.689500,5056,5750,5450,4690,192.0300,-89.0000
1785391772.715424,5056,5694,5469,4747,192.0300,-89.0000
1785391772.740775,5047,5732,5469,4700,197.4400,-88.9400
1785391772.766568,5009,5760,5488,4737,197.4400,-88.9400
1785391772.791288,5000,5760,5469,4747,194.7400,-88.9400
1785391772.817333,5028,5760,5525,4728,194.7400,-88.9400
1785391772.841768,5000,5694,5478,4728,194.7400,-88.9400
1785391772.866772,4991,5694,5488,4775,194.7400,-88.9400
1785391772.893880,4972,5666,5478,4756,197.4400,-88.9400
1785391772.918867,4991,5685,5478,4756,197.4400,-88.9400
1785391772.943502,4953,5694,5478,4812,200.1500,-88.9400
1785391772.967732,4981,5675,5553,4756,200.1500,-88.9400
1785391772.994300,4991,5685,5469,4803,198.7100,-88.8700
1785391773.019464,5037,5713,5544,4775,198.7100,-88.8700
1785391773.044212,5037,5750,5544,4840,190.9200,-88.8700
1785391773.069846,5037,5741,5544,4840,190.9200,-88.8700
1785391773.095741,5037,5694,5544,4840,200.1500,-88.8700
1785391773.121077,4944,5750,5572,4850,200.1500,-88.8700
1785391773.146340,4944,5703,5591,4850,197.4400,-88.8700
1785391773.171186,4887,5666,5553,4850,197.4400,-88.8700
1785391773.196321,4906,5685,5572,4831,200.1500,-88.8100
1785391773.222041,4906,5628,5544,4850,200.1500,-88.8100
1785391773.247865,4953,5685,5525,4869,194.7400,-88.8100
1785391773.272949,4915,5703,5572,4831,194.7400,-88.8100
1785391773.298496,4915,5628,5619,4822,200.1500,-88.8100
1785391773.322864,4944,5600,5553,4887,200.1500,-88.8100
1785391773.348351,4906,5600,5610,4803,194.7400,-88.8100
1785391773.374284,4915,5628,5657,4869,194.7400,-88.8100
1785391773.399932,4878,5657,5619,4906,200.1500,-88.7500
1785391773.424161,4869,5657,5675,4887,200.1500,-88.7500
1785391773.450505,4934,5628,5591,4869,194.7400,-88.8100
1785391773.475488,4934,5610,5563,4869,197.4400,-88.9400
1785391773.500709,4925,5610,5628,4915,197.4400,-88.9400
1785391773.525952,4906,5638,5619,4878,197.4400,-88.9400
1785391773.550936,4850,5563,5666,4906,197.4400,-89.0000
1785391773.575792,4850,5563,5619,4944,197.4400,-89.0000
1785391773.602070,4906,5591,5628,4925,194.7400,-89.0000
1785391773.632000,4840,5535,5657,4897,197.4400,-89.0000
1785391773.652424,4812,5610,5619,4981,197.4400,-89.0000
1785391773.680529,4869,5582,5657,4981,192.0300,-89.0600
1785391773.703890,4859,5563,5638,4944,192.0300,-89.0600
1785391773.729888,4878,5516,5610,4925,194.7400,-89.1200
1785391773.753787,4794,5619,5657,4925,194.7400,-89.1200
1785391773.781197,4812,5553,5619,4944,198.7100,-89.1200
1785391773.804100,4859,5619,5666,4934,198.7100,-89.1200
1785391773.834627,4831,5553,5666,4962,196.2200,-89.1200
1785391773.855757,4831,5572,5666,5009,196.2200,-89.1200
1785391773.883113,4859,5582,5657,4944,194.7400,-89.1200
1785391773.904843,4812,5535,5713,5009,194.7400,-89.1200
1785391773.933874,4775,5535,5685,5037,200.1500,-89.1200
1785391773.956234,4812,5544,5657,5009,200.1500,-89.1200
1785391773.983962,4822,5488,5666,4981,200.1500,-89.1200
1785391774.007179,4822,5535,5722,4991,200.1500,-89.1200
1785391774.032979,4822,5516,5685,4981,197.4400,-89.1200
1785391774.057631,4775,5525,5675,5019,197.4400,-89.1200
1785391774.083337,4756,5535,5675,5000,197.4400,-89.1200
1785391774.107876,4784,5516,5713,4981,197.4400,-89.1200
1785391774.133371,4784,5516,5732,5028,194.7400,-89.1200
1785391774.159810,4765,5516,5694,5028,194.7400,-89.1200
1785391774.185311,4709,5544,5703,5047,197.4400,-89.0600
1785391774.209601,4737,5516,5722,5019,197.4400,-89.0600
1785391774.234854,4747,5460,5675,5075,197.4400,-89.0600
1785391774.260454,4718,5516,5788,5066,197.4400,-89.0600
1785391774.285415,4709,5497,5779,5094,197.4400,-89.0600
1785391774.311410,4756,5572,5760,5084,197.4400,-89.0600
1785391774.336220,4765,5441,5807,5084,194.7400,-89.1200
1785391774.361047,4718,5469,5788,5131,194.7400,-89.1200
1785391774.387664,4718,5431,5769,5094,194.7400,-89.1900
1785391774.412923,4700,5441,5779,5094,194.7400,-89.1900
1785391774.439881,4681,5469,5741,5141,192.0300,-89.3100
1785391774.463181,4700,5488,5788,5169,192.0300,-89.3100
1785391774.489165,4709,5450,5779,5103,198.7100,-89.5000
1785391774.514823,4643,5431,5769,5112,198.7100,-89.5000
1785391774.538216,4653,5450,5779,5122,193.5700,-89.6200
1785391774.563626,4690,5506,5807,5131,193.5700,-89.6200
1785391774.588517,4690,5441,5760,5112,189.3300,-89.8700
1785391774.613404,4690,5441,5807,5066,189.3300,-89.8700
1785391774.641034,4681,5413,5807,5122,210.9700,-90.1200
1785391774.665830,4737,5413,5788,5159,210.9700,-90.1200
1785391774.690231,4681,5469,5844,5141,198.7100,-90.1200
1785391774.717326,4653,5460,5844,5150,198.7100,-90.1200
1785391774.742472,4662,5469,5807,5188,196.2200,-90.1200
1785391774.767211,4643,5422,5788,5178,196.2200,-90.1200
1785391774.792188,4643,5460,5807,5150,197.4400,-90.1200
1785391774.817346,4672,5460,5854,5150,197.4400,-90.1200
1785391774.842625,4681,5450,5891,5178,197.4400,-90.1200
1785391774.867875,4625,5488,5788,5178,197.4400,-90.1200
1785391774.893289,4718,5441,5779,5206,193.5700,-90.1200
1785391774.918276,4653,5431,5835,5206,193.5700,-90.1200
1785391774.943580,4597,5431,5863,5216,197.4400,-90.0600
1785391774.969071,4672,5441,5825,5197,197.4400,-90.0600
1785391774.994232,4643,5422,5844,5188,204.2300,-90.0600
1785391775.019444,4615,5385,5863,5169,204.2300,-90.0600
1785391775.045237,4643,5450,5825,5188,201.5300,-90.0600
1785391775.071151,4597,5441,5844,5234,201.5300,-90.0600
1785391775.097312,4653,5347,5882,5216,218.0300,-89.9400
1785391775.121967,4615,5394,5863,5253,218.0300,-89.9400
1785391775.146603,4597,5356,5882,5263,185.6200,-89.8700
1785391775.174389,4559,5413,5863,5244,185.6200,-89.8700
1785391775.198201,4540,5413,5900,5263,206.9900,-89.8100
1785391775.222434,4568,5450,5891,5263,206.9900,-89.8100
1785391775.247595,4559,5385,5882,5272,200.1500,-89.8100
1785391775.272456,4550,5366,5919,5253,200.1500,-89.8100
1785391775.297480,4540,5413,5919,5300,200.1500,-89.7500
1785391775.324121,4503,5394,5957,5263,200.1500,-89.7500
1785391775.351115,4559,5385,5900,5281,196.2200,-89.6900
1785391775.374409,4550,5375,5882,5281,196.2200,-89.6900
1785391775.400159,4559,5338,5910,5263,204.2300,-89.6200
1785391775.425986,4559,5422,5947,5281,202.8500,-89.5600
1785391775.451663,4540,5422,5938,5281,202.8500,-89.5600
1785391775.475765,4522,5375,5966,5291,202.8500,-89.5600
1785391775.501190,4503,5338,5957,5253,200.1500,-89.5600
1785391775.528980,4522,5431,5929,5300,200.1500,-89.5600
1785391775.552667,4550,5338,5938,5375,200.1500,-89.5600
1785391775.581217,4522,5366,5966,5338,202.8500,-89.5600
1785391775.602713,4531,5328,5929,5366,202.8500,-89.5600
1785391775.628851,4550,5328,5929,5413,202.8500,-89.5600
1785391775.653453,4512,5356,5938,5422,202.8500,-89.5600
1785391775.680833,4446,5338,5966,5394,202.8500,-89.5600
1785391775.703229,4484,5366,5919,5375,202.8500,-89.5600
1785391775.732054,4475,5338,5976,5413,196.2200,-89.6200
1785391775.754740,4446,5328,5947,5413,196.2200,-89.6200
1785391775.781704,4522,5403,5947,5450,200.1500,-89.5600
1785391775.805634,4484,5347,5966,5394,200.1500,-89.5600
1785391775.833639,4446,5366,5966,5403,198.7100,-89.5600
1785391775.856470,4409,5328,6013,5441,198.7100,-89.5600
1785391775.884711,4465,5281,5994,5394,196.2200,-89.6200
1785391775.906840,4446,5300,5976,5422,196.2200,-89.6200
1785391775.933769,4484,5253,6022,5460,201.4700,-89.6200
1785391775.957075,4446,5263,6032,5460,201.4700,-89.6200
1785391775.983267,4456,5347,6004,5431,197.4400,-89.6200
1785391776.007599,4428,5253,5994,5431,197.4400,-89.6200
1785391776.035131,4428,5244,6022,5450,200.1500,-89.6200
1785391776.057812,4446,5234,6013,5488,200.1500,-89.6200
1785391776.082736,4390,5338,6069,5441,200.1500,-89.6200
1785391776.109149,4390,5244,6032,5441,200.1500,-89.6200
1785391776.134989,4400,5234,6051,5469,196.2200,-89.6200
1785391776.159506,4428,5188,6013,5460,196.2200,-89.6200
1785391776.184768,4362,5244,6004,5478,198.7100,-89.6200
1785391776.209954,4409,5197,6060,5488,198.7100,-89.6200
1785391776.234900,4409,5188,6032,5488,193.5700,-89.6200
1785391776.261865,4334,5291,6013,5460,193.5700,-89.6200
1785391776.286695,4390,5206,6041,5488,198.7100,-89.6200
1785391776.312814,4390,5206,6079,5478,198.7100,-89.6200
1785391776.338465,4400,5112,6069,5488,196.2200,-89.6200
1785391776.363081,4353,5206,6126,5535,196.2200,-89.6200
1785391776.388119,4362,5253,6051,5544,195.9500,-89.6200
1785391776.412027,4371,5206,6041,5572,195.9500,-89.6200
1785391776.437389,4381,5206,6060,5600,197.4400,-89.6900
1785391776.463690,4325,5197,6060,5516,197.4400,-89.6900
1785391776.488555,4334,5225,6107,5516,197.4400,-89.7500
1785391776.514349,4306,5225,6079,5582,197.4400,-89.7500
1785391776.539281,4362,5169,6079,5544,200.1500,-89.8100
1785391776.564827,4371,5216,6079,5525,200.1500,-89.8100
1785391776.590237,4353,5169,6069,5563,196.2200,-89.8700
1785391776.615637,4278,5216,6088,5544,196.2200,-89.8700
1785391776.639376,4306,5225,6079,5563,200.1500,-89.9400
1785391776.666182,4306,5131,6079,5563,200.1500,-89.9400
1785391776.692871,4306,5150,6116,5638,204.2300,-90.0000
1785391776.716765,4306,5122,6107,5563,204.2300,-90.0000
1785391776.742010,4334,5159,6144,5572,193.5700,-90.0600
1785391776.766881,4240,5178,6135,5582,193.5700,-90.0600
1785391776.791682,4325,5178,6126,5572,201.4700,-90.1200
1785391776.818215,4240,5188,6126,5582,201.4700,-90.1200
1785391776.842949,4240,5159,6173,5563,188.2700,-90.1900
1785391776.867841,4278,5141,6126,5619,188.2700,-90.1900
1785391776.894337,4249,5150,6135,5610,192.0300,-90.3100
1785391776.919371,4249,5141,6191,5628,192.0300,-90.3100
1785391776.944497,4231,5122,6154,5610,201.4700,-90.3700
1785391776.969925,4240,5131,6116,5638,201.4700,-90.3700
1785391776.994785,4278,5122,6163,5638,196.2200,-90.3700
1785391777.020783,4296,5141,6163,5628,196.2200,-90.3700
1785391777.046368,4212,5131,6173,5638,192.0300,-90.4400
1785391777.071802,4231,5169,6116,5638,192.0300,-90.4400
1785391777.096324,4296,5112,6154,5638,195.9500,-90.5600
1785391777.121382,4249,5094,6182,5666,195.9500,-90.5600
1785391777.147813,4259,5131,6191,5703,197.4400,-90.6200
1785391777.172906,4296,5103,6191,5647,197.4400,-90.6200
1785391777.198191,4221,5112,6182,5619,190.9200,-90.5600
1785391777.222766,4203,5131,6201,5666,190.9200,-90.5600
1785391777.248544,4221,5094,6201,5638,193.1900,-90.6200
1785391777.273236,4203,5103,6210,5685,193.1900,-90.6200
1785391777.298697,4118,5122,6210,5703,192.0300,-90.5600
1785391777.323897,4231,5084,6219,5722,192.0300,-90.5600
1785391777.348943,4240,5094,6219,5675,193.5700,-90.5600
1785391777.375398,4221,5047,6229,5741,198.7100,-90.5600
1785391777.400491,4334,5103,6210,5675,198.7100,-90.5600
1785391777.425837,4362,5066,6210,5732,198.7100,-90.5600
1785391777.451390,4231,5084,6210,5713,194.7400,-90.5000
1785391777.477499,4184,5066,6210,5788,194.7400,-90.5000
1785391777.501791,4409,5084,6257,5703,194.7400,-90.5000
1785391777.528675,4418,5037,6257,5703,194.7400,-90.5000
1785391777.553084,4287,5094,6201,5713,193.5700,-90.5000
1785391777.577336,4315,5047,6229,5741,193.5700,-90.5000
1785391777.602676,4437,5037,6248,5769,194.7400,-90.5000
1785391777.628848,4428,5075,6229,5750,200.1500,-90.4400
1785391777.653583,4465,5084,6266,5713,200.1500,-90.4400
1785391777.682474,4371,5056,6257,5741,200.1500,-90.4400
1785391777.704492,4559,5019,6229,5760,200.1500,-90.4400
1785391777.731757,4465,5094,6238,5779,200.1500,-90.5600
1785391777.755641,4465,5094,6257,5779,200.1500,-90.5600
1785391777.782815,4531,5000,6248,5807,200.1500,-90.6200
1785391777.804974,4353,5084,6285,5769,200.1500,-90.6200
1785391777.833934,4381,4953,6294,5825,194.7400,-90.6200
1785391777.856811,4156,5000,6304,5807,194.7400,-90.6200
1785391777.884733,4146,5037,6248,5797,201.4700,-90.6900
1785391777.906254,4090,5066,6276,5807,201.4700,-90.6900
1785391777.933522,4343,5047,6323,5835,190.9200,-90.6200
1785391777.958043,4306,5019,6294,5816,190.9200,-90.6200
1785391777.983679,4437,4962,6276,5816,198.7100,-90.6900
1785391778.008206,4193,5056,6313,5835,198.7100,-90.6900
1785391778.034043,4559,5028,6332,5863,190.9200,-90.6900
1785391778.059779,4465,5037,6294,5844,190.9200,-90.6900
1785391778.085480,4503,4991,6360,5882,194.7400,-90.6900
1785391778.109629,4362,5047,6323,5844,194.7400,-90.6900
1785391778.133966,4296,5028,6332,5807,200.1500,-90.7500
1785391778.160089,4240,5009,6341,5797,200.1500,-90.7500
1785391778.185108,4456,4972,6313,5882,197.4400,-90.7500
1785391778.210064,4240,4991,6360,5835,197.4400,-90.7500
1785391778.236111,4597,4981,6388,5900,197.4400,-90.8100
1785391778.261246,4437,4944,6379,5816,197.4400,-90.8100
1785391778.286837,4475,4991,6351,5835,194.7400,-90.8100
1785391778.312343,4522,4991,6379,5835,194.7400,-90.8100
1785391778.337349,4484,4972,6379,5825,194.7400,-90.7500
1785391778.362404,4371,4981,6379,5844,194.7400,-90.7500
1785391778.388859,4540,4953,6388,5919,192.0300,-90.6900
1785391778.414089,4231,4953,6388,5835,192.0300,-90.6900
1785391778.439219,4475,4944,6407,5863,194.7400,-90.6200
1785391778.464363,4240,4991,6416,5882,194.7400,-90.6200
1785391778.489275,4024,4915,6360,5854,195.9500,-90.6200
1785391778.514692,4503,4925,6370,5891,195.9500,-90.6200
1785391778.540812,4231,4981,6435,5919,196.2200,-90.5600
1785391778.565698,4137,4906,6388,5919,196.2200,-90.5600
1785391778.589847,4137,4840,6398,5929,192.0300,-90.6200
1785391778.616977,4137,4915,6426,5938,192.0300,-90.6200
1785391778.641364,4137,4915,6388,5938,200.1500,-90.6200
1785391778.666854,4240,4897,6398,5947,200.1500,-90.6200
1785391778.691754,4193,4925,6388,5929,197.4400,-90.6900
1785391778.717231,3959,4878,6426,5910,197.4400,-90.6900
1785391778.742856,4512,4897,6398,5891,200.1500,-90.7500
1785391778.768483,4493,4887,6426,5938,200.1500,-90.7500
1785391778.793698,4456,4887,6473,5872,194.7400,-90.7500
1785391778.818338,4456,4887,6454,5872,194.7400,-90.7500
1785391778.842853,4456,4887,6454,5872,200.1500,-90.8100
1785391778.869194,3705,4887,6454,5938,200.1500,-90.8100
1785391778.894095,3762,4840,6407,5938,189.3300,-90.8700
1785391778.920174,4193,4840,6454,5985,189.3300,-90.8700
1785391778.944895,4099,4831,6463,5966,197.4400,-90.9400
1785391778.970386,3658,4822,6491,5985,197.4400,-90.9400
1785391778.995936,3874,4840,6473,5929,192.0300,-91.0000
1785391779.021820,4109,4840,6463,5957,192.0300,-91.0000
1785391779.046603,4428,4822,6454,6004,194.7400,-91.0000
1785391779.072382,4062,4831,6482,5947,194.7400,-91.0000
1785391779.097465,4099,4850,6491,5938,194.7400,-91.0600
1785391779.122147,4118,4803,6445,6013,194.7400,-91.0600
1785391779.147453,3752,4887,6445,5985,192.0300,-91.1200
1785391779.172844,3658,4869,6454,6013,192.0300,-91.1200
1785391779.199322,3724,4784,6482,6022,192.0300,-91.0600
1785391779.223158,3668,4859,6491,5985,192.0300,-91.0600
1785391779.249161,3724,4840,6482,6022,194.7400,-91.0600
1785391779.273961,4062,4803,6463,5985,194.7400,-91.0600
1785391779.298838,4052,4831,6557,5994,194.7400,-91.0600
1785391779.325159,3658,4803,6510,5985,189.3300,-91.0600
1785391779.350044,3668,4812,6520,5985,189.3300,-91.0600
1785391779.375243,4062,4784,6566,5985,189.3300,-91.0600
1785391779.400879,3658,4794,6482,6013,194.7400,-91.0600
1785391779.426140,3715,4784,6491,6013,192.0300,-91.0000
1785391779.451071,4381,4794,6501,6060,192.0300,-91.0000
1785391779.477195,3696,4775,6510,6032,194.7400,-91.0600
1785391779.501860,3705,4775,6538,6013,194.7400,-91.0600
1785391779.526871,4024,4803,6538,6097,194.7400,-91.0600
1785391779.553366,3593,4765,6548,6088,194.7400,-91.0600
1785391779.580423,3649,4803,6576,6069,194.7400,-91.0600
1785391779.603632,3640,4794,6557,6013,194.7400,-91.0600
1785391779.631983,3640,4803,6557,6069,192.0300,-91.0600
1785391779.655095,3630,4747,6538,6051,192.0300,-91.0600
1785391779.683267,3705,4794,6557,6088,192.0300,-91.0600
1785391779.705320,3555,4747,6623,6097,192.0300,-91.0600
1785391779.733856,3565,4765,6576,6060,194.7400,-91.1200
1785391779.755441,3565,4765,6566,6079,194.7400,-91.1200
1785391779.783663,3630,4784,6604,6060,192.0300,-91.0600
1785391779.807363,3546,4681,6576,6079,192.0300,-91.0600
1785391779.832974,3565,4737,6595,6116,194.7400,-91.0600
1785391779.856844,3621,4728,6576,6116,194.7400,-91.0600
1785391779.881955,3527,4756,6595,6079,192.0300,-91.0600
1785391779.907976,3612,4728,6585,6097,192.0300,-91.0600
1785391779.932913,3583,4756,6613,6069,189.3300,-91.1200
1785391779.958094,3527,4718,6670,6107,189.3300,-91.1200
1785391779.983208,4015,4709,6613,6135,190.4300,-91.2500
1785391780.008595,3977,4747,6660,6163,190.4300,-91.2500
1785391780.034369,3508,4718,6623,6163,185.6200,-91.3100
1785391780.059067,3537,4718,6623,6135,185.6200,-91.3100
1785391780.083918,3508,4718,6642,6144,189.3300,-91.3100
1785391780.111741,3546,4672,6604,6154,189.3300,-91.3100
1785391780.135026,3546,4747,6670,6154,189.3300,-91.2500
1785391780.160486,3593,4718,6632,6201,189.3300,-91.2500
1785391780.186083,3593,4728,6613,6201,192.0300,-91.1900
1785391780.210813,3555,4634,6642,6135,192.0300,-91.1900
1785391780.237015,3546,4700,6642,6182,189.3300,-91.1900
1785391780.262727,3565,4681,6651,6154,189.3300,-91.1900
1785391780.288501,3518,4625,6660,6135,188.2700,-91.1200
1785391780.312019,3537,4681,6651,6154,188.2700,-91.1200
1785391780.339430,3537,4625,6670,6191,192.0300,-91.1200
1785391780.363686,3508,4672,6679,6238,192.0300,-91.1200
1785391780.389241,3490,4653,6717,6163,195.9500,-91.1200
1785391780.413784,3527,4653,6679,6238,195.9500,-91.1200
1785391780.438695,3527,4672,6688,6173,189.3300,-91.1200
1785391780.464854,3508,4634,6735,6191,189.3300,-91.1200
1785391780.489978,3537,4615,6688,6238,188.2700,-91.0600
1785391780.515551,3490,4709,6679,6201,188.2700,-91.0600
1785391780.540394,3490,4597,6754,6163,195.9500,-91.0600
1785391780.566944,3518,4700,6717,6257,195.9500,-91.0600
1785391780.591649,3490,4643,6679,6201,194.7400,-91.0600
1785391780.617024,3508,4662,6698,6257,194.7400,-91.0600
1785391780.642575,3508,4625,6745,6201,194.7400,-91.0600
1785391780.667458,3433,4587,6698,6191,194.7400,-91.0600
1785391780.692594,3433,4625,6782,6219,192.0300,-91.1200
1785391780.718305,3480,4587,6726,6257,192.0300,-91.1200
1785391780.744419,3499,4634,6754,6248,193.5700,-91.1200
1785391780.768478,3480,4643,6763,6238,193.5700,-91.1200
1785391780.793979,3461,4690,6735,6229,197.4400,-91.1200
1785391780.819464,3405,4568,6773,6276,197.4400,-91.1200
1785391780.844695,3471,4597,6745,6219,198.7100,-91.1200
1785391780.869695,3490,4587,6745,6248,198.7100,-91.1200
1785391780.895207,3480,4578,6792,6248,202.8500,-91.0000
1785391780.921166,3480,4578,6773,6257,202.8500,-91.0000
1785391780.947337,3490,4643,6810,6313,198.8700,-90.9400
1785391780.972750,3452,4578,6820,6294,198.8700,-90.9400
1785391780.996723,3452,4587,6763,6323,204.2300,-91.0000
1785391781.021812,3443,4597,6782,6294,204.2300,-91.0000
1785391781.047951,3443,4625,6782,6351,202.8500,-91.0600
1785391781.072118,3433,4643,6782,6341,202.8500,-91.0600
1785391781.097083,3490,4756,6829,6313,202.8500,-91.2500
1785391781.122993,3471,4615,6839,6341,202.8500,-91.2500
1785391781.148870,3443,4662,6820,6351,194.7400,-91.2500
1785391781.173715,3433,4625,6810,6323,194.7400,-91.2500
1785391781.199897,3358,4690,6801,6294,194.7400,-91.2500
1785391781.224853,3358,4578,6763,6294,194.7400,-91.2500
1785391781.249482,3386,4550,6810,6294,194.7400,-91.2500
1785391781.275600,3424,4550,6820,6323,200.1500,-91.1900
1785391781.300469,3386,4597,6839,6445,200.1500,-91.1900
1785391781.325509,3424,4578,6829,6379,200.1500,-91.1900
1785391781.351249,3405,4578,6848,6360,202.8500,-91.2500
1785391781.377192,3377,4653,6857,6398,194.7400,-91.1900
1785391781.402122,3415,4559,6857,6379,194.7400,-91.1900
1785391781.428088,3377,4512,6820,6407,198.8700,-91.1200
1785391781.454838,3368,4597,6895,6341,198.8700,-91.1200
1785391781.477064,3368,4540,6829,6416,198.8700,-91.1200
1785391781.503686,3405,4493,6876,6426,201.4700,-91.0600
1785391781.530332,3396,4653,6923,6379,196.2200,-91.0000
1785391781.553641,3368,4456,6876,6407,196.2200,-91.0000
1785391781.579182,3396,4475,6914,6398,196.2200,-91.0000
1785391781.604317,3396,4484,6914,6416,197.4400,-91.0000
1785391781.631768,3340,4522,6857,6351,197.4400,-91.0000
1785391781.655242,3358,4456,6932,6407,197.4400,-91.0000
1785391781.683668,3349,4484,6885,6435,197.4400,-90.9400
1785391781.705376,3349,4465,6895,6407,197.4400,-90.9400
1785391781.733128,3377,4475,6895,6463,200.1500,-90.8700
1785391781.756322,3368,4390,6923,6416,200.1500,-90.8700
1785391781.784820,3358,4362,6848,6510,204.2300,-90.9400
1785391781.806216,3358,4428,6914,6435,204.2300,-90.9400
1785391781.834335,3340,4381,6895,6416,193.5700,-91.0000
1785391781.857899,3340,4371,6960,6416,193.5700,-91.0000
1785391781.886776,3340,4428,6923,6426,206.9900,-91.0000
1785391781.908709,3302,4409,6923,6445,206.9900,-91.0000
1785391781.933009,3302,4437,6951,6454,196.2200,-91.0600
1785391781.958942,3330,4334,6932,6473,196.2200,-91.0600
1785391781.984490,3330,4371,6904,6529,200.1500,-91.1200
1785391782.009099,3321,4353,6960,6435,200.1500,-91.1200
1785391782.034535,3358,4390,6942,6510,197.4400,-91.1200
1785391782.060387,3340,4343,6970,6510,197.4400,-91.1200
1785391782.085545,3340,4325,6970,6529,200.1500,-91.1200
1785391782.110828,3396,4409,6951,6473,200.1500,-91.1200
1785391782.135992,3330,4334,6951,6520,200.1500,-91.1200
1785391782.161031,3321,4362,6989,6482,200.1500,-91.1200
1785391782.186074,3340,4315,6989,6520,201.4700,-91.1900
1785391782.211202,3330,4428,6951,6473,201.4700,-91.1900
1785391782.237189,3311,4343,7064,6510,193.5700,-91.1900
1785391782.261908,3283,4231,7054,6548,193.5700,-91.1900
1785391782.286809,3302,4259,7017,6491,192.0300,-91.1900
1785391782.312953,3274,4268,7054,6520,192.0300,-91.1900
1785391782.338496,3293,4287,7017,6510,197.4400,-91.1200
1785391782.363926,3246,4249,7007,6510,197.4400,-91.1200
1785391782.389527,3236,4296,7017,6529,195.9500,-91.1900
1785391782.415506,3236,4259,6942,6576,195.9500,-91.1900
1785391782.439207,3264,4287,6989,6529,193.5700,-91.1900
1785391782.465146,3246,4259,6989,6538,193.5700,-91.1900
1785391782.489676,3330,4278,6867,6632,195.9500,-91.1900
1785391782.514557,3264,4278,6932,6632,195.9500,-91.1900
1785391782.542169,3264,4240,6932,6613,193.5700,-91.1200
1785391782.566921,3246,4259,7157,6557,193.5700,-91.1200
1785391782.591928,3227,4306,7054,6576,197.4400,-91.0600
1785391782.617214,3218,4240,7073,6595,197.4400,-91.0600
1785391782.642780,3227,4231,7045,6576,198.7100,-91.0600
1785391782.667992,3227,4268,7017,6613,198.7100,-91.0600
1785391782.693469,3227,4203,7017,6613,196.2200,-91.0000
1785391782.718043,3218,4259,7073,6651,196.2200,-91.0000
1785391782.742568,3171,4203,7073,6632,197.4400,-91.0000
1785391782.768887,3171,4081,7157,6632,197.4400,-91.0000
1785391782.793868,3208,4081,7157,6595,197.4400,-91.0000
1785391782.819556,3171,4052,7073,6613,197.4400,-91.0000
1785391782.845730,3246,4231,7082,6670,197.4400,-90.9400
1785391782.870881,3171,4315,7111,6623,197.4400,-90.9400
1785391782.896546,3208,4156,7111,6632,200.1500,-90.9400
1785391782.921191,3189,4231,7139,6707,200.1500,-90.9400
1785391782.946363,3189,4231,7120,6707,202.8500,-90.8700
1785391782.971133,3133,4306,7111,6698,202.8500,-90.8700
1785391782.996599,3171,4221,7092,6735,200.1500,-90.9400
1785391783.022750,3133,4174,7073,6763,200.1500,-90.9400
1785391783.047848,3152,4278,7064,6717,200.1500,-91.0000
1785391783.072085,3152,4099,7167,6745,200.1500,-91.0000
1785391783.099428,3152,4165,7139,6717,201.4700,-91.0600
1785391783.123882,3105,4296,7139,6782,201.4700,-91.0600
1785391783.149563,3161,4296,7167,6763,204.1800,-91.1900
1785391783.174375,3124,4165,7139,6745,204.1800,-91.1900
1785391783.199624,3124,4071,7111,6782,204.2300,-91.2500
1785391783.225179,3114,4193,7064,6688,198.8700,-91.2500
1785391783.251272,3143,4128,7176,6782,198.8700,-91.2500
1785391783.275966,3105,4099,7157,6763,198.8700,-91.2500
1785391783.300630,3124,4052,7139,6801,197.4400,-91.1900
1785391783.326679,3114,4146,7139,6726,194.7400,-91.1200
1785391783.352516,3124,4062,7167,6801,194.7400,-91.1200
1785391783.377309,3096,4109,7139,6839,197.4400,-91.0600
1785391783.402733,3077,4099,7195,6782,197.4400,-91.0600
1785391783.429510,3114,4090,7186,6829,200.1500,-91.0600
1785391783.453391,3086,4052,7139,6754,200.1500,-91.0600
1785391783.477259,3124,4081,7204,6782,194.7400,-91.0600
1785391783.503378,3124,4156,7204,6763,194.7400,-91.0600
1785391783.529963,3133,4128,7242,6717,197.4400,-91.1200
1785391783.553064,3105,4099,7176,6754,197.4400,-91.1200
1785391783.582654,3114,4118,7195,6829,200.1500,-91.1200
1785391783.605334,3039,4090,7233,6848,200.1500,-91.1200
1785391783.633506,3105,4099,7148,6895,194.7400,-91.1200
1785391783.655397,3021,4071,7317,6839,194.7400,-91.1200
1785391783.683679,3030,4024,7195,6857,192.0300,-91.1200
1785391783.705388,3086,4015,7214,6876,192.0300,-91.1200
1785391783.735490,3114,4071,7251,6951,194.7400,-91.0600
1785391783.756584,3030,4043,7242,6942,194.7400,-91.0600
1785391783.785171,3096,4052,7233,6895,189.3300,-91.0600
1785391783.807647,3058,4043,7242,6867,189.3300,-91.0600
1785391783.833692,3039,3996,7233,6857,192.0300,-91.1200
1785391783.857451,3049,3987,7233,6895,192.0300,-91.1200
1785391783.884339,3058,4006,7242,6810,192.0300,-91.1900
1785391783.908757,3067,3996,7261,6829,192.0300,-91.1900
1785391783.935112,3086,3987,7242,6829,194.7400,-91.2500
1785391783.960764,3067,4006,7242,6951,194.7400,-91.2500
1785391783.984355,3058,3977,7233,6960,192.0300,-91.3100
1785391784.009316,3039,3977,7317,6970,192.0300,-91.3100
1785391784.035592,3011,3931,7261,6970,192.0300,-91.3700
1785391784.060575,3002,3921,7298,6942,192.0300,-91.3700
1785391784.085498,2992,3949,7270,6979,192.0300,-91.3700
1785391784.111376,2983,3977,7233,7026,192.0300,-91.3700
1785391784.137922,2955,3987,7289,7026,194.7400,-91.3100
1785391784.162128,3011,3912,7289,7026,194.7400,-91.3100
1785391784.186753,3030,3931,7251,7026,192.0300,-91.3700
1785391784.212763,2955,3921,7308,7007,192.0300,-91.3700
1785391784.237294,2992,3893,7308,7017,194.7400,-91.3700
1785391784.263152,3011,3893,7289,6979,194.7400,-91.3700
1785391784.288907,3058,3940,7289,7026,192.0300,-91.4400
1785391784.313943,2955,3865,7317,7017,192.0300,-91.4400
1785391784.338769,3011,3884,7326,7026,186.6200,-91.3700
1785391784.364918,2955,3884,7326,7026,186.6200,-91.3700
1785391784.391693,2927,3865,7317,6960,192.0300,-91.3100
1785391784.415557,2946,3790,7317,6960,192.0300,-91.3100
1785391784.440289,2946,3884,7354,6970,189.3300,-91.3700
1785391784.465571,2983,3884,7354,7036,189.3300,-91.3700
1785391784.491310,2955,3846,7392,6960,192.0300,-91.3700
1785391784.517053,3002,3846,7354,7036,192.0300,-91.3700
1785391784.541748,2927,3855,7345,6951,192.0300,-91.3700
1785391784.567268,2955,3827,7364,6960,192.0300,-91.3700
1785391784.592379,2974,4231,7364,6951,189.3300,-91.3100
1785391784.617699,2936,4174,7354,7017,189.3300,-91.3100
1785391784.643427,2936,3752,7354,6989,194.7400,-91.2500
1785391784.667917,2852,3846,7392,6951,194.7400,-91.2500
1785391784.693980,2964,3855,7373,6951,194.7400,-91.1900
1785391784.718135,2983,4165,7383,6979,194.7400,-91.1900
1785391784.744931,2946,3705,7401,6970,194.7400,-91.0600
1785391784.769979,2983,3771,7392,6970,194.7400,-91.0600
1785391784.794301,2908,3771,7383,6923,194.7400,-91.0600
1785391784.819515,2870,3752,7383,7007,194.7400,-91.0600
1785391784.845511,2908,3762,7373,7007,192.0300,-91.0600
1785391784.871937,2889,3734,7439,7054,192.0300,-91.0600
1785391784.895557,2852,4165,7439,7026,200.1500,-91.1200
1785391784.921470,2983,4184,7439,7026,200.1500,-91.1200
1785391784.947427,2870,4203,7411,7054,192.0300,-91.1900
1785391784.971892,2964,4259,7448,7036,192.0300,-91.1900
1785391784.998125,2917,4634,7486,7092,193.5700,-91.2500
1785391785.022790,2899,4184,7392,7073,193.5700,-91.2500
1785391785.048394,2908,4221,7392,7111,198.7100,-91.3100
1785391785.073791,2852,4690,7495,7064,198.7100,-91.3100
1785391785.098439,2870,4278,7458,7054,192.0300,-91.1900
1785391785.123691,2842,4165,7495,7129,192.0300,-91.1900
1785391785.149569,2833,4193,7486,7073,194.7400,-91.1200
1785391785.175500,2805,4128,7467,7092,197.4400,-91.0000
1785391785.199983,2870,4568,7448,7064,197.4400,-91.0000
1785391785.226202,2814,4643,7420,7092,197.4400,-91.0000
1785391785.250664,2842,3743,7439,7111,194.7400,-91.0000
1785391785.275402,2805,4109,7495,7176,194.7400,-91.0000
1785391785.302522,2805,4634,7505,7092,197.4400,-91.0600
1785391785.327397,2786,4568,7505,7082,194.7400,-91.1200
1785391785.352325,2739,4559,7467,7101,194.7400,-91.1200
1785391785.377434,2739,4578,7495,7054,194.7400,-91.1200
1785391785.403161,2720,4597,7505,7073,197.4400,-91.1900
1785391785.427710,2739,4606,7514,7073,189.3300,-91.3100
1785391785.453584,2711,4615,7476,7092,189.3300,-91.3100
1785391785.478298,2702,4559,7542,7073,189.3300,-91.3100
1785391785.503407,2692,4550,7476,7129,193.5700,-91.3700
1785391785.529249,2814,4550,7561,7120,195.9500,-91.4400
1785391785.554693,2777,4240,7476,7120,195.9500,-91.4400
1785391785.582154,2777,4662,7523,7167,194.7400,-91.5000
1785391785.604654,2730,4615,7533,7157,194.7400,-91.5000
1785391785.633410,2711,4568,7523,7157,189.3300,-91.4400
1785391785.655707,2711,4597,7476,7139,189.3300,-91.4400
1785391785.685224,2720,4606,7542,7148,188.2700,-91.4400
1785391785.706431,2758,4512,7551,7186,188.2700,-91.4400
1785391785.734776,2767,4568,7542,7176,187.6700,-91.4400
1785391785.757320,2767,4578,7589,7186,187.6700,-91.4400
1785391785.783808,2739,4568,7598,7186,186.6200,-91.3700
1785391785.808337,2720,4568,7598,7120,186.6200,-91.3700
1785391785.835391,2767,4587,7542,7204,180.3100,-91.3700
1785391785.859186,2758,4550,7542,7167,180.3100,-91.3700
1785391785.885046,2777,4437,7608,7242,195.9500,-91.3700
1785391785.910549,2730,4597,7617,7242,195.9500,-91.3700
1785391785.935958,2739,4540,7627,7242,186.6200,-91.3100
1785391785.961055,2814,4540,7561,7204,186.6200,-91.3100
1785391785.985665,2711,4456,7636,7223,189.3300,-91.3100
1785391786.011185,2730,4465,7608,7251,189.3300,-91.3100
1785391786.035482,2758,4484,7608,7233,192.0300,-91.3100
1785391786.060536,2739,4493,7627,7167,192.0300,-91.3100
1785391786.087636,2692,4437,7589,7336,188.2700,-91.3100
1785391786.112131,2702,4418,7655,7233,188.2700,-91.3100
1785391786.136995,2702,4437,7589,7223,192.0300,-91.3100
1785391786.162478,2730,4371,7608,7242,192.0300,-91.3100
1785391786.187505,2683,4400,7608,7289,195.9500,-91.3100
1785391786.213547,2702,4437,7608,7270,195.9500,-91.3100
1785391786.238420,2674,4418,7645,7251,192.0300,-91.3100
1785391786.263917,2645,4409,7655,7270,192.0300,-91.3100
1785391786.288999,2683,4390,7645,7270,194.7400,-91.3100
1785391786.315091,2645,4334,7655,7298,194.7400,-91.3100
1785391786.340396,2683,4371,7627,7270,188.2700,-91.3100
1785391786.365836,2730,4371,7655,7336,188.2700,-91.3100
1785391786.390101,2664,4362,7683,7308,189.3300,-91.3700
1785391786.415926,2608,4343,7683,7308,189.3300,-91.3700
1785391786.441611,2598,4362,7655,7308,193.1900,-91.4400
1785391786.466562,2617,4334,7692,7308,193.1900,-91.4400
1785391786.492336,2655,4325,7627,7317,182.9600,-91.4400
1785391786.517043,2636,4353,7664,7308,182.9600,-91.4400
1785391786.543159,2655,4287,7655,7289,181.2100,-91.4400
1785391786.567854,2598,4381,7692,7336,181.2100,-91.4400
1785391786.592833,2617,4315,7683,7345,175.8000,-91.4400
1785391786.617279,2627,4343,7692,7308,175.8000,-91.4400
1785391786.643349,2589,4315,7720,7308,182.1500,-91.3700
1785391786.668882,2580,4306,7720,7345,182.1500,-91.3700
1785391786.695042,2608,4325,7711,7308,175.8000,-91.3700
1785391786.719868,2636,4296,7711,7336,175.8000,-91.3700
1785391786.744675,2608,4278,7702,7326,172.3600,-91.3700
1785391786.769565,2617,4315,7692,7326,172.3600,-91.3700
1785391786.795722,2580,4353,7730,7354,175.8000,-91.3700
1785391786.822349,2598,4306,7702,7354,175.8000,-91.3700
1785391786.846946,2580,4343,7711,7383,179.3900,-91.3700
1785391786.871948,2617,4278,7702,7326,179.3900,-91.3700
1785391786.897153,2542,4325,7720,7345,175.0100,-91.3700
1785391786.922428,2580,4268,7730,7354,175.0100,-91.3700
1785391786.948348,2580,4325,7748,7392,182.1500,-91.3100
1785391786.972861,2589,4287,7720,7354,182.1500,-91.3100
1785391786.999095,2570,4259,7795,7401,181.2100,-91.2500
1785391787.023625,2589,4296,7711,7383,181.2100,-91.2500
1785391787.049206,2636,4268,7739,7364,175.0100,-91.2500
1785391787.074346,2589,4278,7767,7364,175.0100,-91.2500
1785391787.098216,2608,4259,7777,7354,178.5100,-91.1200
1785391787.126526,2617,4240,7777,7430,178.5100,-91.1200
1785391787.150316,2608,4259,7758,7392,182.1500,-91.0600
1785391787.175379,2533,4240,7730,7401,182.1500,-91.0600
1785391787.200262,2589,4212,7758,7411,177.6600,-90.9400
1785391787.225278,2589,4278,7767,7411,177.6600,-90.9400
1785391787.250471,2561,4212,7786,7439,182.1500,-90.9400
1785391787.276477,2514,4203,7777,7448,175.0100,-90.9400
1785391787.301625,2570,4268,7777,7420,175.0100,-90.9400
1785391787.326645,2533,4174,7805,7486,175.0100,-90.9400
1785391787.352928,2542,4174,7758,7411,175.8000,-90.9400
1785391787.378316,2514,4221,7758,7448,175.8000,-90.9400
1785391787.403053,2505,4221,7777,7486,175.8000,-90.9400
1785391787.430615,2477,4193,7833,7430,178.5100,-91.0000
1785391787.453816,2533,4259,7795,7430,178.5100,-91.0000
1785391787.479525,2495,4165,7795,7467,175.8000,-91.0600
1785391787.504892,2570,4203,7824,7467,175.8000,-91.0600
1785391787.532527,2495,4203,7833,7486,179.3900,-91.0600
1785391787.554632,2495,4212,7842,7467,179.3900,-91.0600
1785391787.583532,2467,4174,7814,7495,178.5100,-91.1900
1785391787.606092,2523,4203,7814,7505,178.5100,-91.1900
1785391787.634070,2542,4174,7852,7523,175.0100,-91.1200
1785391787.656924,2458,4156,7870,7542,175.0100,-91.1200
1785391787.684584,2448,4165,7795,7505,175.8000,-91.1200
1785391787.707967,2561,4174,7842,7561,175.8000,-91.1200
1785391787.733644,2420,4137,7824,7551,173.8700,-91.0000
1785391787.758256,2448,4193,7824,7551,173.8700,-91.0000
1785391787.784078,2477,4128,7842,7533,170.4000,-90.8700
1785391787.807368,2477,4128,7870,7542,170.4000,-90.8700
1785391787.834797,2486,4184,7870,7598,167.0500,-90.8100
1785391787.859162,2477,4165,7870,7598,167.0500,-90.8100
1785391787.883899,2439,4174,7870,7523,170.4000,-90.7500
1785391787.910906,2467,4174,7842,7561,170.4000,-90.7500
1785391787.936309,2467,4128,7842,7617,167.6900,-90.6900
1785391787.959709,2401,4099,7870,7589,167.6900,-90.6900
1785391787.985392,2486,4165,7870,7598,170.4000,-90.6200
1785391788.010341,2495,4146,7870,7551,170.4000,-90.6200
1785391788.035242,2505,4118,7852,7627,162.2800,-90.5600
1785391788.061353,2514,4090,7870,7570,162.2800,-90.5600
1785391788.086775,2477,4090,7880,7589,173.8700,-90.5000
1785391788.111889,2486,4071,7852,7617,173.8700,-90.5000
1785391788.137456,2477,4109,7927,7580,161.7500,-90.4400
1785391788.163817,2439,4109,7927,7598,161.7500,-90.4400
1785391788.188485,2448,4090,7945,7617,171.1100,-90.3100
1785391788.214030,2448,4109,7908,7627,171.1100,-90.3100
1785391788.239011,2392,4109,7889,7636,162.2800,-90.3100
1785391788.265607,2373,4052,7936,7664,162.2800,-90.3100
1785391788.291116,2420,4099,7917,7608,167.6900,-90.4400
1785391788.315895,2383,4081,7945,7627,167.6900,-90.4400
1785391788.339863,2392,4184,7945,7608,164.9900,-90.5000
1785391788.365441,2458,4062,7974,7645,164.9900,-90.5000
1785391788.391562,2401,4128,7983,7636,162.2800,-90.6200
1785391788.416262,2411,4071,7974,7645,162.2800,-90.6200
1785391788.442126,2505,4062,7974,7627,159.1000,-90.7500
1785391788.466910,2439,4062,7955,7636,159.1000,-90.7500
1785391788.493213,2364,4062,7992,7627,162.2800,-90.9400
1785391788.518384,2383,4043,7974,7627,162.2800,-90.9400
1785391788.543371,2326,4024,7983,7702,159.5800,-91.0000
1785391788.568792,2317,4071,8002,7664,159.5800,-91.0000
1785391788.593269,2383,4062,7955,7702,156.8700,-91.0600
1785391788.619598,2373,4071,7983,7692,156.8700,-91.0600
1785391788.644300,2308,4043,8002,7720,156.8700,-91.1900
1785391788.670987,2298,4109,7983,7702,156.8700,-91.1900
1785391788.696142,2326,4071,7983,7730,162.8300,-91.1900
1785391788.719936,2326,4015,7974,7692,162.8300,-91.1900
1785391788.744410,2411,4090,8039,7730,151.1400,-91.1900
1785391788.771085,2336,4052,8021,7786,151.1400,-91.1900
1785391788.795380,2326,4043,7964,7711,154.1700,-91.1200
1785391788.820879,2326,4090,8021,7739,154.1700,-91.1200
1785391788.847242,2308,4090,8030,7777,154.1700,-91.1200
1785391788.872285,2345,4062,8011,7730,154.1700,-91.1200
1785391788.897819,2317,4071,8021,7814,148.7600,-91.1900
1785391788.922651,2298,4071,8002,7730,148.7600,-91.1900
1785391788.948134,2308,4006,8011,7702,154.5500,-91.2500
1785391788.972886,2317,4071,8058,7739,154.5500,-91.2500
1785391788.999229,2383,4071,8049,7711,148.4900,-91.2500
1785391789.024026,2326,3987,7983,7786,148.4900,-91.2500
1785391789.049186,2326,4090,8096,7805,146.0500,-91.1900
1785391789.076016,2336,4062,8039,7814,146.0500,-91.1900
1785391789.101045,2345,4015,8021,7777,146.0500,-91.1900
1785391789.126257,2336,4052,8077,7748,146.0500,-91.1900
1785391789.150797,2317,4062,8058,7748,146.0500,-91.1900
1785391789.176772,2289,4006,8058,7777,149.0300,-91.1900
1785391789.201643,2289,4015,8096,7842,149.0300,-91.1900
1785391789.229273,2251,4062,8067,7758,145.8400,-91.2500
1785391789.252043,2326,4006,8077,7824,145.8400,-91.2500
1785391789.276995,2233,4034,8067,7833,145.8400,-91.2500
1785391789.302031,2233,3977,8105,7786,146.0500,-91.2500
1785391789.330652,2289,4034,8049,7767,143.3500,-91.2500
1785391789.353336,2233,4052,8067,7805,143.3500,-91.2500
1785391789.378330,2289,4043,8114,7814,146.2700,-91.2500
1785391789.404570,2364,4043,8114,7795,146.2700,-91.2500
1785391789.430075,2317,4034,8105,7824,146.2700,-91.2500
1785391789.454029,2233,3968,8096,7824,146.0500,-91.3100
1785391789.483264,2204,4024,8067,7833,140.5400,-91.3100
1785391789.504703,2261,4024,8077,7861,140.5400,-91.3100
1785391789.533220,2261,3996,8058,7870,143.3500,-91.3100
1785391789.555980,2251,3987,8077,7824,143.3500,-91.3100
1785391789.584301,2195,4006,8086,7870,140.6400,-91.3100
1785391789.605763,2270,4006,8105,7870,140.6400,-91.3100
1785391789.634075,2298,4034,8096,7880,140.6400,-91.3100
1785391789.657643,2233,4015,8105,7917,140.6400,-91.3100
1785391789.684625,2186,4024,8152,7908,143.3500,-91.2500
1785391789.707891,2186,3968,8133,7861,143.3500,-91.2500
1785391789.733398,2233,3940,8124,7908,143.3500,-91.1200
1785391789.758101,2214,3977,8189,7852,143.3500,-91.1200
1785391789.784328,2214,4034,8096,7889,148.7600,-91.0000
1785391789.809265,2186,3940,8133,7908,148.7600,-91.0000
1785391789.833882,2158,3968,8180,7917,146.2700,-90.9400
1785391789.860374,2167,4015,8152,7917,146.2700,-90.9400
1785391789.885600,2195,3940,8114,7908,145.8400,-90.9400
1785391789.911226,2261,3940,8152,7964,145.8400,-90.9400
1785391789.935891,2139,4043,8171,7889,148.7600,-90.9400
1785391789.961042,2129,3968,8189,7983,148.7600,-90.9400
1785391789.986588,2204,3996,8152,7983,143.3500,-91.0000
1785391790.012666,2261,3996,8152,7927,143.3500,-91.0000
1785391790.038105,2242,4043,8152,7992,148.7600,-91.0600
1785391790.062604,2204,3940,8199,7992,148.7600,-91.0600
1785391790.088710,2139,3912,8199,7908,143.3500,-91.1200
1785391790.113833,2223,3968,8199,7955,143.3500,-91.1200
1785391790.138435,2148,3996,8199,7964,143.3500,-91.1200
1785391790.163627,2214,3959,8189,7992,143.3500,-91.1200
1785391790.188749,2204,3968,8152,7974,143.3500,-91.1200
1785391790.214723,2336,3949,8189,7992,143.3500,-91.1200
1785391790.240283,2214,3968,8189,8011,140.6400,-91.1900
1785391790.266190,2204,4024,8189,8011,140.6400,-91.1900
1785391790.290503,2261,4015,8171,7955,143.3500,-91.1900
1785391790.315377,2195,4024,8171,8049,143.3500,-91.1900
1785391790.341632,2186,3987,8171,7983,143.3500,-91.3100
1785391790.367195,2242,3940,8180,8002,143.3500,-91.3100
1785391790.391670,2195,3968,8180,7927,143.5100,-91.3700
1785391790.416963,2186,3931,8199,7974,143.5100,-91.3700
1785391790.442750,2158,3977,8246,8039,143.1900,-91.3700
1785391790.467710,2167,3977,8246,8049,143.1900,-91.3700
1785391790.493855,2195,3968,8171,8067,132.5300,-91.3700
1785391790.517924,2148,3996,8171,8039,132.5300,-91.3700
1785391790.542763,2148,3884,8236,8058,137.9900,-91.3100
1785391790.569801,2195,3940,8236,8011,137.9900,-91.3100
1785391790.594930,2242,4015,8199,8030,127.2800,-91.3100
1785391790.619423,2195,3996,8264,8077,127.2800,-91.3100
1785391790.645214,2167,3902,8293,8067,132.5300,-91.3100
1785391790.669980,2204,3977,8293,8021,132.5300,-91.3100
1785391790.695601,2204,3912,8246,8058,135.2300,-91.3100
1785391790.721792,2148,3987,8264,8049,135.2300,-91.3100
1785391790.745844,2195,3902,8236,8096,132.4700,-91.3100
1785391790.770741,2120,3884,8264,8030,132.4700,-91.3100
1785391790.797073,2101,3865,8274,8058,127.2800,-91.3700
1785391790.822079,2139,3893,8227,8058,127.2800,-91.3700
1785391790.847821,2129,3912,8283,8077,132.5300,-91.3100
1785391790.872359,2120,3893,8283,8077,132.5300,-91.3100
1785391790.899530,2101,3884,8283,8096,127.1200,-91.3100
1785391790.924427,2158,3921,8246,8086,127.1200,-91.3100
1785391790.948870,2139,3902,8321,8086,129.8300,-91.3100
1785391790.973861,2111,3912,8283,8086,129.8300,-91.3100
1785391790.998762,2186,3912,8368,8086,129.7100,-91.3100
1785391791.024732,2223,3865,8283,8096,129.9300,-91.2500
1785391791.050326,2101,3827,8330,8077,129.9300,-91.2500
1785391791.075427,2176,3902,8311,8067,129.9300,-91.2500
1785391791.100580,2111,3912,8330,8077,126.9500,-91.1900
1785391791.127092,2148,3846,8330,8067,127.1200,-91.2500
1785391791.152801,2129,3884,8293,8086,127.1200,-91.2500
1785391791.178679,2120,3837,8302,8152,127.1200,-91.2500
1785391791.203804,2167,3837,8330,8124,124.6300,-91.1900
1785391791.227404,2167,3865,8311,8114,124.6300,-91.1900
1785391791.253304,2148,3865,8330,8133,127.1200,-91.1900
1785391791.278779,2073,3846,8311,8114,124.4200,-91.1900
1785391791.304165,2148,3884,8349,8114,124.4200,-91.1900
1785391791.329394,2054,3874,8330,8086,124.4200,-91.1900
1785391791.355026,2054,3827,8311,8133,124.4200,-91.1900
1785391791.382469,2073,3893,8302,8105,124.4200,-91.1200
1785391791.405073,2083,3940,8321,8105,124.4200,-91.1200
1785391791.433387,2101,3790,8339,8114,124.4200,-91.1200
1785391791.454634,2120,3940,8339,8189,124.4200,-91.1200
1785391791.482656,2101,3837,8321,8142,124.1900,-91.1200
1785391791.505591,2083,3874,8302,8171,124.1900,-91.1200
1785391791.533533,2111,3790,8311,8171,116.6700,-91.1900
1785391791.555993,2120,3827,8302,8133,116.6700,-91.1900
1785391791.584302,2045,3762,8321,8152,121.7100,-91.2500
1785391791.607224,2111,3809,8339,8189,121.7100,-91.2500
1785391791.633069,2064,3931,8368,8124,116.3000,-91.2500
1785391791.657542,2139,3780,8339,8105,116.3000,-91.2500
1785391791.682910,2073,3855,8368,8142,124.1900,-91.3100
1785391791.708427,2026,3846,8358,8124,124.1900,-91.3100
1785391791.734096,2101,3799,8302,8161,116.6700,-91.3700
1785391791.759902,2064,3771,8302,8142,116.6700,-91.3700
1785391791.784055,2007,3912,8368,8133,124.1900,-91.3700
1785391791.809437,2054,3809,8349,8124,124.1900,-91.3700
1785391791.835889,2083,3809,8330,8161,116.6700,-91.3100
1785391791.860777,2083,3855,8330,8161,116.6700,-91.3100
1785391791.885543,2064,3865,8368,8171,121.7100,-91.3100
1785391791.911271,2083,3837,8358,8133,121.7100,-91.3100
1785391791.936749,2045,3874,8330,8161,116.3000,-91.3700
1785391791.961830,2054,3809,8368,8199,116.3000,-91.3700
1785391791.986481,2045,3827,8349,8171,119.0100,-91.4400
1785391792.012600,2054,3865,8349,8208,119.0100,-91.4400
1785391792.037030,2036,3818,8424,8199,113.6000,-91.4400
1785391792.063409,2007,3790,8377,8227,113.6000,-91.4400
1785391792.089047,2026,3780,8377,8227,113.6000,-91.4400
1785391792.113661,2026,3809,8377,8199,113.6000,-91.4400
1785391792.138102,2026,3809,8358,8180,116.3000,-91.3700
1785391792.164664,2036,3799,8405,8199,116.3000,-91.3700
1785391792.189586,2007,3780,8377,8218,110.8900,-91.3100
1785391792.215025,2045,3799,8405,8208,110.8900,-91.3100
1785391792.240418,1951,3818,8377,8255,110.8900,-91.3100
1785391792.264990,2073,3809,8415,8218,110.8900,-91.3100
1785391792.290320,1951,3780,8386,8227,116.3000,-91.3700
1785391792.316206,2007,3762,8368,8218,116.3000,-91.3700
1785391792.341296,1923,3715,8433,8227,110.8900,-91.3700
1785391792.365982,1932,3696,8452,8255,110.8900,-91.3700
1785391792.393006,2017,3715,8405,8274,119.0100,-91.3100
1785391792.417881,1961,3780,8405,8227,119.0100,-91.3100
1785391792.442696,1961,3827,8433,8236,113.6000,-91.3100
1785391792.468337,1951,3734,8433,8218,113.6000,-91.3100
1785391792.493085,1979,3790,8443,8218,110.8900,-91.3100
1785391792.519153,2054,3752,8471,8255,110.8900,-91.3100
1785391792.544798,1970,3687,8443,8236,113.6000,-91.2500
1785391792.569404,1970,3790,8433,8302,113.6000,-91.2500
1785391792.594133,2026,3790,8443,8293,108.1900,-91.2500
1785391792.620371,1998,3827,8490,8264,108.1900,-91.2500
1785391792.645415,1961,3734,8452,8264,113.6000,-91.2500
1785391792.670367,1904,3846,8452,8246,113.6000,-91.2500
1785391792.695352,2026,3799,8452,8274,108.1900,-91.2500
1785391792.721148,1904,3724,8443,8302,108.1900,-91.2500
1785391792.746480,2026,3687,8424,8283,113.6000,-91.1900
1785391792.771919,2036,3752,8424,8283,113.6000,-91.1900
1785391792.797764,2007,3752,8452,8321,110.8900,-91.1900
1785391792.822172,1989,3734,8461,8321,110.8900,-91.1900
1785391792.848841,1979,3677,8536,8264,110.8900,-91.1200
1785391792.874009,1970,3780,8480,8339,110.8900,-91.1200
1785391792.898867,1951,3771,8508,8293,110.8900,-91.1200
1785391792.923921,2017,3752,8452,8330,110.8900,-91.1200
1785391792.949451,2007,3771,8499,8311,113.6000,-91.1200
1785391792.974816,2026,3724,8490,8330,108.1900,-91.0600
1785391793.000402,1970,3762,8508,8302,108.1900,-91.0600
1785391793.025686,1886,3743,8536,8311,108.1900,-91.0600
1785391793.050533,1998,3715,8499,8293,105.4800,-91.0600
1785391793.076378,1886,3780,8527,8339,108.1900,-91.0600
1785391793.102854,1820,3687,8499,8283,108.1900,-91.0600
1785391793.126379,1886,3687,8499,8330,108.1900,-91.0600
1785391793.151698,1876,3677,8508,8274,105.4800,-91.0600
1785391793.176426,2026,3734,8508,8311,105.4800,-91.0600
1785391793.203667,1848,3724,8508,8349,108.1900,-91.0600
1785391793.230063,1904,3724,8536,8321,108.1900,-91.1200
1785391793.252753,1867,3658,8546,8330,108.1900,-91.1200
1785391793.279934,1895,3687,8574,8339,108.1900,-91.1200
1785391793.302876,1895,3677,8527,8349,105.4800,-91.1200
1785391793.328171,1904,3743,8546,8330,108.1900,-91.1200
1785391793.354155,1876,3790,8518,8330,108.1900,-91.1200
1785391793.382832,1942,3809,8518,8311,100.7600,-91.1200
1785391793.405004,1942,3865,8518,8283,100.7600,-91.1200
1785391793.434739,1886,3743,8555,8330,104.8800,-91.1200
1785391793.456340,1904,3790,8527,8274,104.8800,-91.1200
1785391793.484034,1904,3771,8518,8368,102.7800,-91.1200
1785391793.506463,1867,3762,8546,8368,102.7800,-91.1200
1785391793.534883,1923,3715,8574,8321,100.7600,-91.0600
1785391793.557014,1867,3715,8583,8330,100.7600,-91.0600
1785391793.584492,1829,3668,8565,8339,104.8800,-91.0600
1785391793.608164,1876,3771,8518,8349,104.8800,-91.0600
1785391793.635575,1848,3762,8583,8377,100.7600,-91.0600
1785391793.659324,1932,3752,8527,8358,100.7600,-91.0600
1785391793.684131,1829,3743,8565,8368,104.8800,-91.0600
1785391793.709868,1904,3734,8574,8443,104.8800,-91.0600
1785391793.735286,1829,3743,8565,8377,98.1100,-91.0000
1785391793.759501,1829,3705,8555,8386,98.1100,-91.0000
1785391793.784932,1867,3724,8555,8368,102.1200,-91.0000
1785391793.809566,1857,3734,8565,8386,102.1200,-91.0000
1785391793.835517,1886,3658,8565,8386,102.7800,-91.0600
1785391793.860762,1876,3724,8602,8386,102.7800,-91.0600
1785391793.885338,1867,3705,8574,8405,103.4100,-91.0600
1785391793.911526,1848,3687,8565,8368,103.4100,-91.0600
1785391793.937869,1876,3724,8565,8405,97.3700,-91.1200
1785391793.962629,1867,3771,8602,8377,97.3700,-91.1200
1785391793.987966,1839,3799,8565,8377,105.4800,-91.1200
1785391794.013445,1867,3743,8565,8424,105.4800,-91.1200
1785391794.038631,1867,3818,8621,8424,97.3700,-91.1900
1785391794.063611,1886,3696,8574,8386,97.3700,-91.1900
1785391794.089359,1923,3687,8565,8396,99.3600,-91.1900
1785391794.114336,1932,3687,8565,8396,99.3600,-91.1900
1785391794.140013,1857,3771,8583,8396,95.4600,-91.2500
1785391794.165449,1848,3715,8574,8396,95.4600,-91.2500
1785391794.190137,1876,3724,8565,8424,94.6600,-91.2500
1785391794.216955,1886,3771,8602,8424,94.6600,-91.2500
1785391794.241456,1932,3771,8583,8415,91.9600,-91.3100
1785391794.266531,1932,3752,8611,8405,91.9600,-91.3100
1785391794.291540,1895,3752,8565,8386,93.8400,-91.3100
1785391794.316563,1839,3743,8621,8415,93.8400,-91.3100
1785391794.341929,1895,3705,8583,8405,91.9600,-91.3100
1785391794.366929,1829,3677,8611,8405,91.9600,-91.3100
1785391794.393229,1848,3715,8602,8433,90.1600,-91.2500
1785391794.418077,1839,3649,8668,8433,90.1600,-91.2500
1785391794.443103,1857,3696,8593,8443,89.2500,-91.2500
1785391794.469423,1895,3715,8658,8386,89.2500,-91.2500
1785391794.494154,1848,3762,8621,8386,91.0800,-91.2500
1785391794.519051,1876,3696,8696,8415,91.0800,-91.2500
1785391794.544738,1886,3687,8630,8433,90.1600,-91.1900
1785391794.571299,1904,3696,8593,8424,90.1600,-91.1900
1785391794.595547,1829,3696,8649,8471,91.9600,-91.2500
1785391794.621461,1876,3715,8630,8471,91.9600,-91.2500
1785391794.646483,1857,3724,8630,8433,96.6000,-91.1900
1785391794.670582,1857,3687,8677,8433,96.6000,-91.1900
1785391794.696755,1857,3715,8677,8424,91.9600,-91.2500
1785391794.721961,1876,3602,8668,8433,91.9600,-91.2500
1785391794.748352,1848,3715,8630,8452,90.1600,-91.2500
1785391794.772490,1829,3687,8696,8471,90.1600,-91.2500
1785391794.798364,1876,3677,8668,8415,91.0800,-91.2500
1785391794.822829,1848,3724,8630,8433,91.0800,-91.2500
1785391794.849394,1839,3658,8649,8461,90.1600,-91.1900
1785391794.874184,1867,3640,8687,8471,90.1600,-91.1900
1785391794.898692,1886,3743,8715,8424,88.3200,-91.1900
1785391794.925340,1857,3734,8677,8424,86.5500,-91.1900
1785391794.950657,1867,3715,8649,8452,86.5500,-91.1900
1785391794.975992,1829,3771,8649,8461,86.5500,-91.1900
1785391795.001172,1839,3668,8677,8480,87.5000,-91.1900
1785391795.027446,1857,3658,8733,8471,86.5500,-91.1900
1785391795.051505,1829,3612,8733,8471,86.5500,-91.1900
1785391795.076508,1820,3705,8687,8527,86.5500,-91.1900
1785391795.102571,1895,3705,8696,8452,88.3200,-91.2500
1785391795.126948,1867,3640,8733,8452,88.3200,-91.2500
1785391795.152942,1829,3743,8733,8471,86.5500,-91.1900
1785391795.179805,1848,3668,8715,8443,91.9600,-91.1900
1785391795.203419,1820,3734,8687,8471,91.9600,-91.1900
1785391795.228664,1914,3687,8724,8508,91.9600,-91.1900
1785391795.254082,1829,3649,8705,8452,84.8500,-91.1900
1785391795.281964,1810,3715,8733,8499,93.8400,-91.1900
1785391795.304585,1857,3734,8733,8433,93.8400,-91.1900
1785391795.334088,1810,3583,8724,8461,82.2000,-91.1900
1785391795.354746,1820,3715,8705,8518,82.2000,-91.1900
1785391795.383157,1829,3677,8668,8443,89.2500,-91.1900
1785391795.407922,1810,3640,8743,8471,89.2500,-91.1900
1785391795.434101,1773,3677,8724,8471,85.5600,-91.2500
1785391795.456056,1810,3762,8715,8471,85.5600,-91.2500
1785391795.483313,1895,3640,8715,8452,82.2000,-91.2500
1785391795.507282,1782,3696,8762,8480,82.2000,-91.2500
1785391795.534568,1839,3715,8724,8480,83.8500,-91.1900
1785391795.557431,1839,3649,8715,8499,83.8500,-91.1900
1785391795.585084,1848,3724,8733,8480,86.5500,-91.1900
1785391795.608504,1801,3705,8733,8490,86.5500,-91.1900
1785391795.633506,1848,3705,8752,8499,83.8500,-91.1900
1785391795.659578,1801,3640,8733,8518,83.8500,-91.1900
1785391795.683989,1801,3612,8752,8508,83.8500,-91.1900
1785391795.709213,1848,3705,8705,8508,83.8500,-91.1900
1785391795.735302,1801,3612,8715,8452,82.8000,-91.2500
1785391795.760669,1792,3602,8752,8518,82.8000,-91.2500
1785391795.786048,1839,3583,8743,8527,83.8500,-91.2500
1785391795.811357,1773,3612,8743,8499,83.8500,-91.2500
1785391795.836818,1773,3593,8743,8490,79.5500,-91.2500
1785391795.861780,1829,3602,8724,8518,79.5500,-91.2500
1785391795.887507,1792,3658,8752,8508,80.0400,-91.2500
1785391795.911883,1829,3621,8743,8527,80.0400,-91.2500
1785391795.936859,1801,3668,8771,8508,84.8500,-91.2500
1785391795.963392,1801,3574,8762,8490,84.8500,-91.2500
1785391795.988740,1782,3630,8733,8508,78.4400,-91.1900
1785391796.013995,1829,3696,8762,8555,78.4400,-91.1900
1785391796.038877,1792,3630,8771,8508,80.0400,-91.1900
1785391796.064688,1764,3583,8762,8527,80.0400,-91.1900
1785391796.089435,1773,3630,8752,8555,79.5500,-91.1900
1785391796.115619,1773,3696,8733,8527,79.5500,-91.1900
1785391796.139915,1754,3677,8743,8536,77.2800,-91.1900
1785391796.164914,1810,3640,8752,8536,77.2800,-91.1900
1785391796.190186,1820,3574,8837,8546,79.5500,-91.2500
1785391796.216162,1745,3537,8771,8536,79.5500,-91.2500
1785391796.241135,1754,3658,8799,8518,78.4400,-91.2500
1785391796.265934,1820,3640,8827,8536,78.4400,-91.2500
1785391796.291978,1745,3649,8752,8546,80.0400,-91.2500
1785391796.317916,1764,3640,8752,8546,80.0400,-91.2500
1785391796.342917,1698,3583,8780,8536,75.7300,-91.2500
1785391796.368510,1735,3574,8771,8527,75.7300,-91.2500
1785391796.394338,1754,3555,8865,8508,71.5900,-91.2500
1785391796.418929,1820,3687,8865,8546,71.5900,-91.2500
1785391796.444903,1773,3602,8790,8546,70.3200,-91.2500
1785391796.470529,1764,3537,8780,8546,70.3200,-91.2500
1785391796.493944,1782,3574,8780,8546,75.7300,-91.2500
1785391796.519663,1773,3602,8808,8518,75.7300,-91.2500
1785391796.545256,1773,3715,8771,8518,73.0300,-91.2500
1785391796.570369,1707,3640,8771,8536,73.0300,-91.2500
1785391796.595694,1745,3574,8762,8499,77.2800,-91.2500
1785391796.621393,1745,3668,8790,8490,77.2800,-91.2500
1785391796.647002,1735,3658,8762,8574,75.7300,-91.2500
1785391796.672703,1689,3583,8818,8555,75.7300,-91.2500
1785391796.697627,1754,3518,8865,8555,74.2500,-91.2500
1785391796.722747,1764,3687,8733,8518,74.2500,-91.2500
1785391796.748571,1792,3593,8752,8536,77.2800,-91.3100
1785391796.773438,1717,3602,8790,8583,77.2800,-91.3100
1785391796.798445,1801,3602,8837,8602,73.0300,-91.3100
1785391796.824002,1839,3743,8837,8593,73.0300,-91.3100
1785391796.848998,1754,3668,8790,8565,75.7300,-91.3100
1785391796.874612,1726,3527,8762,8583,73.0300,-91.3100
1785391796.899957,1670,3668,8846,8546,73.0300,-91.3100
1785391796.925614,1745,3574,8827,8546,73.0300,-91.3100
1785391796.949971,1735,3621,8818,8574,73.0300,-91.3100
1785391796.975173,1764,3583,8865,8527,73.0300,-91.3100
1785391797.002098,1745,3565,8762,8527,70.3200,-91.4400
1785391797.026541,1745,3593,8799,8536,63.6400,-91.6900
1785391797.051775,1717,3612,8799,8536,63.6400,-91.6900
1785391797.077319,1810,3612,8827,8536,63.6400,-91.6900
1785391797.102400,1717,3687,8818,8574,62.2100,-91.8700
1785391797.130574,1726,3565,8780,8583,62.2100,-91.8700
1785391797.153388,1726,3593,8790,8546,62.2100,-91.8700
1785391797.178929,1745,3640,8874,8527,62.2100,-91.8700
1785391797.204691,1801,3583,8865,8555,62.2100,-91.8700
1785391797.229365,1745,3612,8818,8555,62.2100,-91.8700
1785391797.254382,1801,3621,8865,8565,62.2100,-91.8700
1785391797.279525,1735,3602,8818,8565,62.2100,-91.8700
1785391797.305391,1735,3565,8818,8565,62.2100,-91.8700
1785391797.330702,1754,3583,8799,8611,62.2100,-91.8700
1785391797.355743,1754,3583,8837,8527,62.2100,-91.8700
1785391797.382359,1792,3687,8799,8518,62.2100,-91.8700
1785391797.406144,1764,3696,8827,8518,62.2100,-91.8700
1785391797.431569,1726,3527,8874,8565,62.2100,-91.8700
1785391797.457588,1764,3583,8799,8565,62.2100,-91.8700
1785391797.482839,1717,3602,8827,8536,62.2100,-91.8700
1785391797.508249,1735,3649,8837,8583,62.2100,-91.8700
1785391797.533220,1810,3612,8790,8583,11.3000,-91.4400
1785391797.558702,1707,3630,8790,8565,11.3000,-91.4400
1785391797.584012,1782,3649,8771,8583,13.5200,-93.3100
1785391797.608940,1764,3621,8762,8583,13.5200,-93.3100
1785391797.634189,1745,3687,8752,8574,10.8200,-96.5000
1785391797.659897,1745,3630,8687,8583,10.8200,-96.5000
1785391797.685229,1773,3743,8687,8602,13.5200,-100.7500
1785391797.712159,1820,3780,8705,8555,13.5200,-100.7500
1785391797.735821,1792,3799,8743,8555,2.7000,-106.1900
1785391797.760941,1773,3818,8780,8508,2.7000,-106.1900
1785391797.786672,1792,3837,8762,8508,0.0000,-111.8100
1785391797.812344,1801,3865,8677,8527,0.0000,-111.8100
1785391797.838021,1782,3846,8658,8461,-2.7000,-117.4400
1785391797.862306,1801,3931,8658,8443,-2.7000,-117.4400
1785391797.888629,1754,4015,8630,8443,0.0000,-122.9400
1785391797.913826,1810,4006,8611,8424,0.0000,-122.9400
1785391797.939140,1754,3180,8687,8480,-2.7000,-128.2500
1785391797.964385,1782,3124,8696,8471,-2.7000,-128.2500
1785391797.988704,1801,3246,8696,8433,-2.7000,-133.1900
1785391798.014632,1801,3246,8790,8433,-2.7000,-133.1900
1785391798.039984,1839,3227,8799,8433,2.7000,-137.9400
1785391798.064664,1810,3293,8902,8377,2.7000,-137.9400
1785391798.090290,1848,3283,8874,8368,0.0000,-142.4400
1785391798.115310,1848,3311,8855,8377,0.0000,-142.4400
1785391798.140752,1792,3283,8827,8283,0.0000,-146.8700
1785391798.166742,1820,3274,8846,8377,0.0000,-146.8700
1785391798.191804,1867,3283,8846,8368,0.0000,-150.9400
1785391798.216193,1810,3264,8874,8377,0.0000,-150.9400
1785391798.243007,1904,3264,8818,8377,2.7000,-154.8100
1785391798.268163,1839,3283,8855,8377,2.7000,-154.8100
1785391798.292759,1810,3283,8799,8415,5.4100,-158.4400
1785391798.317898,1857,3227,8762,8405,5.4100,-158.4400
1785391798.344644,1829,3358,8743,8358,-2.7000,-161.6200
1785391798.369272,1932,3274,8771,8415,-2.7000,-161.6200
1785391798.394623,1839,3264,8705,8386,2.7000,-164.5000
1785391798.419808,1867,3321,8733,8415,2.7000,-164.5000
1785391798.445003,1914,3236,8687,8386,2.7000,-167.0000
1785391798.470178,1857,3236,8733,8386,8.1100,-169.5000
1785391798.496028,1886,3302,8780,8405,8.1100,-169.5000
1785391798.521093,1923,3321,8771,8405,8.1100,-169.5000
1785391798.546230,1810,3255,9024,8405,0.0000,-171.6200
1785391798.571479,1857,3340,8987,8499,0.0000,-171.6200
1785391798.597795,1914,3340,8987,8433,8.1100,-173.8700
1785391798.625799,1839,3293,9024,8433,5.4100,-175.8700
1785391798.647439,1895,3208,9034,8424,5.4100,-175.8700
1785391798.673452,1904,3283,9005,8396,5.4100,-175.8700
1785391798.699447,1857,3302,8968,8396,5.4100,-177.8100
1785391798.723327,1848,3321,8968,8424,5.4100,-177.8100
1785391798.748964,1895,3264,8996,8433,5.4100,-177.8100
1785391798.776609,1914,3302,9052,8377,5.4100,-177.8100
1785391798.800458,1867,3293,8996,8405,5.4100,-177.8100
1785391798.825876,1867,3302,8996,8377,5.4100,-177.8100
1785391798.851260,1876,3264,9034,8358,5.4100,-177.8100
1785391798.876342,1848,3302,8949,8386,5.4100,-177.8100
1785391798.901484,1876,3293,8949,8368,5.4100,-177.8100
1785391798.927264,1876,3311,8959,8396,5.4100,-177.8100
1785391798.951611,1810,3255,9071,8433,5.4100,-177.8100
1785391798.976789,1792,3293,8977,8415,5.4100,-177.8100
1785391799.001698,1848,3311,8996,8349,5.4100,-177.8100
1785391799.025877,1848,3302,8930,8424,5.4100,-177.8100
1785391799.052571,1895,3293,8940,8405,2.9300,-180.0000
1785391799.077504,1876,3302,8968,8396,2.9300,-180.0000
1785391799.102551,1876,3321,8987,8368,54.0900,179.5000
1785391799.128346,1867,3302,9034,8368,54.0900,179.5000
1785391799.153338,1886,3330,8940,8349,58.3400,179.6200
1785391799.178660,1886,3302,8940,8396,58.3400,179.6200
1785391799.204655,1848,3293,9015,8415,77.2800,179.5600
1785391799.229385,1895,3311,8968,8396,77.2800,179.5600
1785391799.254246,1820,3283,8921,8396,75.7300,179.5000
1785391799.280467,1848,3293,9024,8368,75.7300,179.5000
1785391799.305661,1923,3274,8921,8386,82.2000,179.4400
1785391799.330590,1886,3274,9005,8452,82.2000,179.4400
1785391799.356393,1839,3302,8912,8349,86.5500,179.3700
1785391799.381361,1857,3311,8884,8368,86.5500,179.3700
1785391799.406575,1857,3311,9005,8386,91.9600,179.4400
1785391799.432611,1904,3264,9071,8339,91.9600,179.4400
1785391799.457579,1848,3283,9071,8386,93.8400,179.4400
1785391799.482340,1886,3236,8959,8368,93.8400,179.4400
1785391799.508963,1942,3274,8996,8405,90.1600,179.5000
1785391799.533885,1904,3302,8968,8386,90.1600,179.5000
1785391799.558930,1923,3293,9005,8330,102.1200,179.4400
1785391799.584401,1895,3208,9005,8358,102.1200,179.4400
1785391799.609463,1914,3246,8940,8396,95.4600,179.4400
1785391799.634622,1886,3311,8930,8368,95.4600,179.4400
1785391799.659623,1923,3246,8930,8377,104.8800,179.3700
1785391799.685366,1829,3255,8921,8358,104.8800,179.3700
1785391799.710306,1895,3274,8959,8386,103.4100,179.3100
1785391799.735356,1876,3227,8921,8386,103.4100,179.3100
1785391799.762093,1923,3274,8940,8377,107.6400,179.2500
1785391799.787140,1914,3227,8949,8358,107.6400,179.2500
1785391799.811844,1942,3293,8968,8349,116.3000,179.1200
1785391799.837994,1961,3255,8949,8461,116.3000,179.0000
1785391799.862699,1951,3302,8893,8358,116.3000,179.0000
1785391799.888190,1932,3246,8902,8330,116.3000,179.0000
1785391799.913906,1904,3236,8959,8358,119.0100,178.8700
1785391799.938810,2017,3264,9005,8377,119.0100,178.8700
1785391799.965456,1932,3246,8930,8349,121.9800,178.6900
1785391799.989609,1923,3246,8902,8358,121.9800,178.6900
1785391800.014699,2036,3246,8930,8377,124.4200,178.6200
1785391800.039287,1951,3246,8977,8349,124.4200,178.6200
1785391800.066231,1895,3227,8893,8358,126.9500,178.5000
1785391800.091276,2092,3264,8959,8358,129.9300,178.4400
1785391800.116176,1904,3264,8893,8330,129.9300,178.4400
1785391800.141735,1904,3189,8940,8377,137.9900,178.4400
1785391800.166545,1979,3227,8893,8349,137.9900,178.4400
1785391800.192697,1886,3218,8949,8377,135.2300,178.5600
1785391800.218498,1979,3180,8930,8321,135.2300,178.5600
1785391800.245995,1998,3189,8912,8339,146.2700,178.6900
1785391800.268242,2036,3189,8949,8321,146.2700,178.6900
1785391800.296913,1951,3208,8912,8330,148.7600,178.6900
1785391800.320067,1932,3171,8912,8358,148.7600,178.6900
1785391800.346667,1876,3227,8921,8377,148.7600,178.6900
1785391800.369519,2083,3199,8930,8358,148.7600,178.6900
1785391800.397457,2064,3189,8921,8377,154.1700,178.7500
1785391800.420266,2092,3189,8921,8339,154.1700,178.7500
1785391800.447703,2158,3161,8921,8368,162.2800,178.7500
1785391800.471361,2026,3180,8921,8396,162.2800,178.7500
1785391800.498822,2167,3180,8921,8368,167.6900,178.8100
1785391800.521111,2101,3124,8949,8377,167.6900,178.8100
1785391800.548090,2026,3152,8949,8386,170.4000,178.8700
1785391800.572689,2129,3152,8930,8349,170.4000,178.8700
1785391800.599416,2101,3133,8902,8377,175.0100,178.8700
1785391800.623188,2111,3143,8921,8339,175.0100,178.8700
1785391800.647450,2186,3189,8893,8358,179.3900,178.8100
1785391800.672986,2233,3199,8874,8339,179.3900,178.8100
1785391800.699430,2120,3124,8921,8386,182.9600,178.7500
1785391800.724593,2251,3152,8902,8358,182.9600,178.7500
1785391800.750398,2355,3133,8921,8377,193.1900,178.6900
1785391800.777842,2270,3133,8884,8377,193.1900,178.6900
1785391800.800817,2289,3152,8940,8358,185.6200,178.6900
1785391800.825403,2326,3105,8930,8386,185.6200,178.6900
1785391800.851036,2251,3114,8930,8424,195.9500,178.6900
1785391800.876542,2148,3152,8921,8424,195.9500,178.6900
1785391800.901855,2336,3105,8912,8377,193.5700,178.7500
1785391800.927322,2120,3039,8930,8630,193.5700,178.7500
1785391800.952296,2392,3067,8855,8508,194.7400,178.8700
1785391800.977058,2467,3096,8893,8452,194.7400,178.8700
1785391801.003546,2336,3030,8884,8443,194.7400,178.9400
1785391801.028219,2401,3067,8855,8452,194.7400,178.9400
1785391801.053175,2364,3077,8874,8490,200.1500,178.8700
1785391801.078546,2373,3086,8902,8461,200.1500,178.8700
1785391801.103481,2392,3077,8921,8480,201.4700,178.8100
1785391801.129044,2401,3114,8827,8386,201.4700,178.8100
1785391801.156503,2430,3096,8940,8452,192.0300,178.6200
1785391801.181221,2289,3039,8865,8386,192.0300,178.6200
1785391801.206547,2430,3067,8846,8415,194.7400,178.5600
1785391801.231347,2270,3058,8893,8358,194.7400,178.5600
1785391801.256140,2289,3030,8846,8405,194.7400,178.4400
1785391801.280714,2467,3039,8874,8349,194.7400,178.4400
1785391801.306088,2420,3077,8893,8377,189.3300,178.4400
1785391801.331450,2448,2983,8846,8405,189.3300,178.4400
1785391801.356679,2430,3002,8959,8415,189.3300,178.5000
1785391801.383348,2495,3039,8902,8396,189.3300,178.5000
1785391801.408275,2495,3002,8884,8396,192.0300,178.6200
1785391801.432826,2251,3002,8874,8386,192.0300,178.6200
1785391801.457569,2458,2983,8846,8443,192.0300,178.7500
1785391801.484336,2411,3002,8874,8405,192.0300,178.7500
1785391801.509056,2317,3002,8874,8405,193.5700,178.8100
1785391801.534165,2542,2983,8846,8405,193.5700,178.8100
1785391801.559549,2495,3021,8837,8461,195.9500,178.8700
1785391801.585361,2486,2983,8846,8358,195.9500,178.8700
1785391801.610214,2448,2946,8837,8358,200.1500,178.8700
1785391801.636868,2523,2974,8902,8461,200.1500,178.8700
1785391801.660536,2439,2974,8827,8452,200.1500,178.8100
1785391801.685525,2458,2899,8818,8405,200.1500,178.8100
1785391801.711957,2495,2946,8865,8386,194.7400,178.8100
1785391801.736885,2495,2946,8874,8461,194.7400,178.8100
1785391801.762165,2514,2992,8865,8415,196.2200,178.8100
1785391801.787746,2458,2908,8855,8349,196.2200,178.8100
1785391801.813297,2542,2955,8865,8386,198.7100,178.8100
1785391801.839568,2495,2974,8846,8424,198.7100,178.8100
1785391801.864432,2477,2992,8846,8386,200.1500,178.8700
1785391801.888589,2580,2964,8855,8386,200.1500,178.8700
1785391801.914426,2533,2946,8846,8433,200.1500,178.9400
1785391801.940279,2514,2889,8893,8405,196.2200,179.0000
1785391801.964986,2561,2946,8884,8452,196.2200,179.0000
1785391801.989943,2580,2946,8837,8377,196.2200,179.0000
1785391802.015586,2411,2908,8837,8396,204.2300,179.0600
1785391802.040805,2561,2917,8818,8433,194.7400,179.1900
1785391802.066024,2533,2908,8855,8405,194.7400,179.1900
1785391802.095378,2505,2908,8940,8405,200.1500,179.1900
1785391802.117450,2589,2946,8855,8405,200.1500,179.1900
1785391802.144336,2570,2880,8827,8386,197.4400,179.1200
1785391802.168518,2533,2861,8865,8452,197.4400,179.1200
1785391802.197246,2617,2861,8808,8433,202.8500,179.0600
1785391802.218104,2636,2870,8874,8405,202.8500,179.0600
1785391802.247909,2589,2908,8855,8424,197.4400,178.9400
1785391802.269815,2702,2833,8790,8424,197.4400,178.9400
1785391802.296201,2627,2927,8808,8405,194.7400,178.8100
1785391802.319387,2552,2861,8790,8461,194.7400,178.8100
1785391802.347288,2608,2861,8818,8461,197.4400,178.6900
1785391802.369575,2617,2824,8874,8415,197.4400,178.6900
1785391802.398415,2608,2880,8818,8415,188.2700,178.6200
1785391802.420938,2636,2889,8799,8443,188.2700,178.6200
1785391802.448589,2683,2833,8827,8433,198.7100,178.5600
1785391802.471140,2645,2908,8865,8461,198.7100,178.5600
1785391802.498676,2627,2842,8893,8452,194.7400,178.6200
1785391802.522844,2645,2814,8799,8452,194.7400,178.6200
1785391802.548585,2674,2814,8837,8452,192.0300,178.7500
1785391802.574681,2608,2814,8827,8433,192.0300,178.7500
1785391802.597188,2636,2805,8799,8480,190.9200,178.8100
1785391802.622560,2655,2795,8846,8424,190.9200,178.8100
1785391802.648602,2711,2805,8799,8452,198.7100,178.8700
1785391802.673248,2645,2861,8902,8499,198.7100,178.8700
1785391802.698577,2645,2786,8752,8433,196.2200,178.8700
1785391802.725165,2589,2795,8743,8424,196.2200,178.8700
1785391802.750396,2702,2777,8827,8471,198.7100,178.8700
1785391802.775632,2589,2777,8846,8433,198.7100,178.8700
1785391802.800313,2627,2861,8902,8433,197.4400,178.8700
1785391802.826274,2598,2758,8808,8499,197.4400,178.8700
1785391802.851728,2674,2880,8846,8405,197.4400,178.8700
1785391802.877083,2645,2720,8902,8461,197.4400,178.8700
1785391802.901985,2655,2814,8865,8461,197.4400,178.8100
1785391802.926635,2674,2683,8780,8424,197.4400,178.8100
1785391802.951952,2674,2852,8837,8433,194.7400,178.7500
1785391802.977876,2598,2870,8677,8424,194.7400,178.7500
1785391803.002932,2627,2702,8743,8443,193.5700,178.8100
1785391803.027788,2598,2758,8762,8424,193.5700,178.8100
1785391803.053630,2608,2814,8780,8424,198.7100,178.8700
1785391803.078575,2655,2795,8752,8443,198.7100,178.8700
1785391803.104238,2674,2720,8762,8433,194.7400,178.8100
1785391803.130281,2627,2795,8780,8396,194.7400,178.8100
1785391803.155378,2598,2758,8762,8461,190.9200,178.8100
1785391803.180201,2589,2758,8837,8415,190.9200,178.8100
1785391803.205860,2570,2749,8790,8405,198.7100,178.7500
1785391803.230777,2561,2664,8799,8480,198.7100,178.7500
1785391803.255829,2561,2739,8837,8396,188.2700,178.6900
1785391803.282079,2636,2730,8884,8461,188.2700,178.6900
1785391803.307074,2542,2655,8808,8443,194.7400,178.5600
1785391803.332380,2598,2730,8790,8471,194.7400,178.5600
1785391803.358629,2570,2674,8743,8415,190.4300,178.3700
1785391803.383388,2505,2749,8837,8480,190.4300,178.3700
1785391803.407983,2561,2617,8743,8415,188.2700,178.3700
1785391803.433055,2598,2758,8724,8433,188.2700,178.3700
1785391803.459984,2636,2749,8780,8396,187.6700,178.3700
1785391803.484741,2589,2767,8808,8452,187.6700,178.3700
1785391803.509320,2617,2720,8780,8452,182.9600,178.4400
1785391803.534857,2598,2702,8780,8480,182.9600,178.4400
1785391803.560414,2598,2711,8762,8480,190.4300,178.5000
1785391803.585295,2617,2627,8752,8443,190.4300,178.5000
1785391803.611290,2645,2702,8715,8452,185.6200,178.6200
1785391803.636372,2598,2702,8705,8499,185.6200,178.6200
1785391803.661340,2589,2655,8771,8499,193.1900,178.7500
1785391803.687417,2514,2655,8733,8480,193.1900,178.7500
1785391803.712814,2589,2617,8724,8480,190.9200,178.8700
1785391803.738421,2561,2730,8752,8490,190.9200,178.8700
1785391803.763114,2542,2645,8715,8480,198.7100,178.8700
1785391803.788044,2617,2749,8780,8518,192.0300,178.8100
1785391803.813583,2627,2683,8724,8480,192.0300,178.8100
1785391803.840081,2702,2777,8668,8461,192.0300,178.8100
1785391803.864040,2636,2720,8733,8480,200.1500,178.8100
1785391803.889674,2561,2674,8827,8499,200.1500,178.8100
1785391803.915096,2692,2655,8790,8499,194.7400,178.7500
1785391803.941040,2627,2608,8790,8499,200.1500,178.7500
1785391803.965090,2683,2711,8837,8508,200.1500,178.7500
1785391803.990407,2720,2720,8762,8461,200.1500,178.7500
1785391804.017175,2627,2608,8715,8546,194.7400,178.8100
1785391804.042688,2664,2627,8771,8508,197.4400,178.8100
1785391804.067672,2711,2617,8733,8433,197.4400,178.8100
1785391804.094592,2627,2702,8733,8508,194.7400,178.8100
1785391804.117329,2645,2608,8818,8471,194.7400,178.8100
1785391804.143785,2627,2655,8705,8508,194.7400,178.8100
1785391804.168488,2664,2589,8790,8518,194.7400,178.8100
1785391804.196839,2655,2561,8780,8480,200.1500,178.8700
1785391804.217872,2645,2645,8705,8480,200.1500,178.8700
1785391804.247135,2711,2608,8705,8452,197.4400,178.9400
1785391804.270305,2692,2589,8593,8508,197.4400,178.9400
1785391804.296646,2636,2533,8687,8461,197.4400,178.9400
1785391804.320755,2598,2589,8799,8499,197.4400,178.9400
1785391804.348241,2636,2627,8640,8480,197.4400,178.8700
1785391804.370614,2683,2505,8649,8508,197.4400,178.8700
1785391804.397873,2627,2589,8799,8499,193.5700,178.7500
1785391804.421879,2674,2589,8696,8471,193.5700,178.7500
1785391804.447684,2664,2542,8771,8490,193.1900,178.6900
1785391804.472705,2655,2552,8687,8499,193.1900,178.6900
1785391804.497628,2617,2514,8677,8518,194.7400,178.6200
1785391804.523088,2627,2542,8658,8527,194.7400,178.6200
1785391804.548092,2702,2561,8715,8480,189.3300,178.5600
1785391804.573660,2655,2514,8677,8527,189.3300,178.5600
1785391804.598173,2655,2523,8780,8508,190.9200,178.6900
1785391804.624751,2702,2523,8818,8508,190.9200,178.6900
1785391804.649301,2589,2523,8724,8536,193.1900,178.7500
1785391804.674487,2664,2533,8705,8508,193.1900,178.7500
1785391804.700819,2692,2523,8583,8480,193.5700,178.8100
1785391804.725736,2683,2570,8602,8518,193.5700,178.8100
1785391804.750759,2702,2486,8527,8490,193.1900,178.8700
1785391804.776286,2720,2533,8640,8518,193.1900,178.8700
1785391804.800932,2683,2523,8677,8490,185.6200,178.8700
1785391804.825678,2655,2495,8611,8546,185.6200,178.8700
1785391804.851783,2702,2495,8752,8471,195.9500,178.8700
1785391804.877168,2730,2523,8762,8508,195.9500,178.8700
1785391804.902074,2702,2523,8762,8490,194.7400,178.8100
1785391804.928466,2758,2505,8724,8508,194.7400,178.8100
1785391804.954001,2730,2542,8724,8527,192.0300,178.8700
1785391804.979577,2683,2495,8668,8536,192.0300,178.8700
1785391805.004128,2767,2458,8752,8546,194.7400,178.8100
1785391805.029018,2692,2477,8555,8499,194.7400,178.8100
1785391805.054619,2702,2533,8724,8527,194.7400,178.7500
1785391805.079836,2805,2523,8649,8527,194.7400,178.7500
1785391805.105929,2720,2477,8574,8499,192.0300,178.7500
1785391805.130418,2711,2477,8602,8565,192.0300,178.7500
1785391805.155215,2786,2383,8593,8565,194.7400,178.6900
1785391805.181880,2692,2486,8593,8490,194.7400,178.6900
1785391805.207001,2786,2523,8611,8490,196.2200,178.7500
1785391805.231817,2711,2448,8565,8490,196.2200,178.7500
1785391805.257256,2814,2364,8565,8546,198.7100,178.8100
1785391805.283166,2749,2439,8565,8546,198.7100,178.8100
1785391805.307943,2702,2383,8583,8565,197.4400,178.8700
1785391805.333529,2739,2373,8546,8546,197.4400,178.8700
1785391805.358155,2730,2373,8611,8536,197.4400,178.9400
1785391805.383352,2711,2373,8527,8518,197.4400,178.9400
1785391805.408341,2730,2355,8630,8546,197.4400,178.8700
1785391805.434394,2730,2383,8574,8583,197.4400,178.8700
1785391805.459755,2739,2326,8471,8527,197.4400,178.8100
1785391805.484125,2777,2439,8640,8536,197.4400,178.8100
1785391805.510401,2720,2439,8433,8527,193.5700,178.8100
1785391805.535424,2749,2345,8668,8630,193.5700,178.8100
1785391805.560417,2739,2364,8621,8536,195.9500,178.6900
1785391805.586230,2739,2383,8452,8593,195.9500,178.6900
1785391805.611101,2749,2373,8640,8555,188.2700,178.6200
1785391805.636455,2795,2308,8415,8546,188.2700,178.6200
1785391805.662763,2749,2289,8574,8536,190.4300,178.6200
1785391805.688026,2786,2355,8490,8602,190.4300,178.6200
1785391805.712628,2777,2326,8490,8527,192.0300,178.6900
1785391805.738738,2786,2336,8433,8583,190.9200,178.7500
1785391805.763694,2795,2355,8415,8546,190.9200,178.7500
1785391805.788841,2833,2355,8461,8546,190.9200,178.7500
1785391805.814329,2786,2373,8302,8565,192.0300,178.8700
1785391805.839222,2842,2308,8321,8546,192.0300,178.8700
1785391805.865087,2824,2280,8565,8565,198.7100,178.8100
1785391805.891112,2824,2326,8574,8536,190.9200,178.8700
1785391805.915505,2749,2336,8368,8555,190.9200,178.8700
1785391805.940704,2814,2364,8358,8536,190.9200,178.8700
1785391805.965145,2786,2280,8490,8583,198.7100,178.8700
1785391805.991435,2758,2270,8358,8527,196.2200,178.8700
1785391806.018816,2814,2251,8386,8555,196.2200,178.8700
1785391806.044951,2767,2233,8452,8565,195.9500,178.8100
1785391806.067251,2767,2280,8349,8546,195.9500,178.8100
1785391806.094468,2861,2298,8368,8546,195.9500,178.8100
1785391806.119035,2852,2270,8368,8593,197.4400,178.8100
1785391806.147413,2805,2298,8358,8555,194.7400,178.7500
1785391806.168320,2749,2289,8452,8565,194.7400,178.7500
1785391806.196738,2833,2308,8349,8602,194.7400,178.7500
1785391806.219592,2870,2251,8321,8555,194.7400,178.7500
1785391806.248287,2880,2223,8443,8658,197.4400,178.8100
1785391806.270359,2861,2214,8339,8536,197.4400,178.8100
1785391806.297960,2889,2317,8321,8574,190.9200,178.8700
1785391806.320908,2833,2261,8433,8565,190.9200,178.8700
1785391806.347765,2833,2242,8452,8602,204.2300,178.8100
1785391806.371713,2814,2242,8424,8611,204.2300,178.8100
1785391806.398209,2899,2270,8368,8555,194.7400,178.8700
1785391806.421264,2833,2242,8283,8536,194.7400,178.8700
1785391806.447580,2880,2280,8339,8555,197.4400,178.8100
1785391806.472522,2833,2289,8377,8518,197.4400,178.8100
1785391806.497967,2833,2326,8424,8536,200.1500,178.7500
1785391806.522836,2870,2280,8471,8508,200.1500,178.7500
1785391806.549195,2833,2242,8396,8565,200.1500,178.6200
1785391806.574463,2861,2261,8377,8565,200.1500,178.6200
1785391806.599648,2946,2326,8490,8583,194.7400,178.5600
1785391806.624836,2983,2223,8246,8621,194.7400,178.5600
1785391806.649529,2899,2242,8443,8602,194.7400,178.5000
1785391806.674665,2889,2233,8349,8621,194.7400,178.5000
1785391806.700583,2870,2223,8621,8593,189.3300,178.5600
1785391806.725650,2946,2176,8433,8640,189.3300,178.5600
1785391806.753338,2936,2214,8405,8574,192.0300,178.6200
1785391806.777024,2946,2139,8396,8611,192.0300,178.6200
1785391806.801929,3002,2261,8358,8574,192.0300,178.6900
1785391806.827160,2964,2223,8246,8593,192.0300,178.6900
1785391806.852395,2955,2176,8396,8611,192.0300,178.6900
1785391806.877246,2899,2148,8330,8565,192.0300,178.6900
1785391806.902401,2974,2120,8424,8565,192.0300,178.7500
1785391806.928432,2983,2167,8471,8583,192.0300,178.7500
1785391806.954280,2992,2120,8293,8640,194.7400,178.8100
1785391806.979087,2983,2167,8461,8536,194.7400,178.8100
1785391807.005295,3039,2083,8283,8649,197.4400,178.8700
1785391807.030390,3011,2120,8471,8555,197.4400,178.8700
1785391807.054775,3011,2148,8471,8621,190.9200,178.8700
1785391807.080520,3002,2083,8264,8574,190.9200,178.8700
1785391807.105674,3002,2148,8330,8621,201.4700,178.8700
1785391807.131406,3002,2148,8302,8621,201.4700,178.8700
1785391807.157253,3011,2120,8255,8696,194.7400,178.8700
1785391807.182062,3011,2092,8218,8696,194.7400,178.8700
1785391807.206799,3002,2148,8218,8621,194.7400,178.8700
1785391807.232258,3096,2139,8274,8565,194.7400,178.8700
1785391807.258293,3039,2083,8274,8640,194.7400,178.8100
1785391807.283756,3021,2120,8152,8546,194.7400,178.8100
1785391807.308105,3114,2167,8208,8649,193.5700,178.8100
1785391807.333717,3105,2073,8236,8602,193.5700,178.8100
1785391807.359640,3077,2083,8255,8640,198.7100,178.8700
1785391807.384979,3077,2158,8227,8602,198.7100,178.8700
1785391807.409891,3124,2186,8180,8611,194.7400,178.8700
1785391807.434858,3133,2148,8199,8602,194.7400,178.8700
1785391807.461099,3067,2186,8246,8602,194.7400,178.8700
1785391807.486058,3039,2111,8227,8611,194.7400,178.8700
1785391807.511354,3058,2120,8255,8649,197.4400,178.8100
1785391807.535719,3067,2083,8218,8640,197.4400,178.8100
1785391807.562172,3096,2120,8218,8621,194.7400,178.8100
1785391807.587065,3105,2101,8208,8621,194.7400,178.8100
1785391807.612214,3058,2111,8171,8630,193.5700,178.7500
1785391807.637839,3161,2120,8208,8715,193.5700,178.7500
1785391807.662439,3133,2129,8227,8602,198.7100,178.6200
1785391807.688481,3133,2111,8218,8630,190.9200,178.5000
1785391807.714092,3077,2148,8171,8658,190.9200,178.5000
1785391807.739236,3049,2129,8171,8621,190.9200,178.5000
1785391807.763830,3124,2064,8171,8621,193.1900,178.5000
1785391807.788480,3049,2092,8227,8658,193.1900,178.5000
1785391807.814668,3114,2036,8199,8668,188.2700,178.5000
1785391807.839584,3143,2073,8208,8602,193.1900,178.5000
1785391807.864716,3171,2073,8199,8677,193.1900,178.5000
1785391807.890540,3199,2129,8171,8640,193.1900,178.5000
1785391807.916968,3171,2083,8264,8640,186.6200,178.6200
1785391807.943595,3124,2129,8199,8677,194.7400,178.6200
1785391807.967482,3124,2017,8218,8649,194.7400,178.6200
1785391807.994222,3161,2083,8218,8687,188.2700,178.6900
1785391808.016526,3180,2026,8218,8640,188.2700,178.6900
1785391808.045408,3180,2073,8189,8687,192.0300,178.8100
1785391808.067971,3236,2054,8218,8668,192.0300,178.8100
1785391808.097039,3264,2073,8199,8668,198.7100,178.8700
1785391808.119699,3227,2073,8180,8621,198.7100,178.8700
1785391808.145976,3199,2045,8199,8649,197.4400,178.9400
1785391808.169084,3180,2017,8199,8640,197.4400,178.9400
1785391808.198685,3330,2026,8208,8724,197.4400,178.9400
1785391808.219543,3264,1998,8189,8640,197.4400,178.9400
1785391808.247339,3199,1961,8199,8668,190.9200,178.9400
1785391808.271862,3189,2111,8161,8677,190.9200,178.9400
1785391808.297393,3236,1942,8189,8687,198.7100,178.8700
1785391808.321888,3236,2017,8199,8658,198.7100,178.8700
1785391808.346748,3208,2045,8218,8649,194.7400,178.8100
1785391808.373034,3171,2054,8199,8687,194.7400,178.8100
1785391808.397867,3311,2101,8208,8715,202.8500,178.8100
1785391808.423466,3321,2148,8189,8640,202.8500,178.8100
1785391808.448243,3227,1998,8189,8705,197.4400,178.8100
1785391808.473055,3218,2007,8227,8696,197.4400,178.8100
1785391808.499306,3302,1989,8227,8687,196.2200,178.7500
1785391808.524744,3293,1970,8180,8696,196.2200,178.7500
1785391808.549607,3330,1970,8227,8658,198.7100,178.8100
1785391808.574766,3302,2017,8152,8658,198.7100,178.8100
1785391808.600799,3302,2073,8218,8696,196.2200,178.8100
1785391808.625689,3283,2007,8189,8687,196.2200,178.8100
1785391808.650609,3246,2007,8189,8687,200.1500,178.8100
1785391808.676022,3255,2026,8142,8733,200.1500,178.8100
1785391808.701341,3274,1979,8171,8658,198.7100,178.6900
1785391808.727066,3330,1979,8171,8687,198.7100,178.6900
1785391808.753177,3302,1886,8152,8687,197.4400,178.5600
1785391808.777485,3274,2007,8218,8715,197.4400,178.5600
1785391808.802298,3283,1942,8199,8687,194.7400,178.5000
1785391808.828045,3283,1914,8086,8649,194.7400,178.5000
1785391808.853557,3377,2007,8180,8677,189.3300,178.4400
1785391808.878329,3340,1895,8171,8752,189.3300,178.4400
1785391808.903736,3302,1810,8105,8668,192.0300,178.4400
1785391808.928852,3302,1914,8133,8743,192.0300,178.4400
1785391808.954036,3274,1839,8142,8677,192.0300,178.5600
1785391808.979785,3264,1820,8152,8715,192.0300,178.5600
1785391809.004902,3293,1895,8208,8658,190.9200,178.6900
1785391809.030043,3302,1867,8114,8733,190.9200,178.6900
1785391809.055655,3349,1876,8114,8677,193.1900,178.8100
1785391809.081362,3386,1829,8161,8724,193.1900,178.8100
1785391809.106624,3311,1886,8171,8696,194.7400,178.8100
1785391809.132169,3330,1829,8142,8715,194.7400,178.8100
1785391809.157452,3358,1801,8114,8715,192.0300,178.8700
1785391809.182805,3368,1848,8124,8715,192.0300,178.8700
1785391809.207942,3358,1782,8171,8715,193.5700,178.8700
1785391809.233190,3283,1820,8096,8724,193.5700,178.8700
1785391809.257966,3349,1857,8133,8668,198.7100,178.8100
1785391809.283665,3368,1745,8142,8733,198.7100,178.8100
1785391809.309432,3415,1829,8161,8696,194.7400,178.7500
1785391809.334570,3321,1886,8105,8715,194.7400,178.7500
1785391809.359811,3415,1895,8124,8724,197.4400,178.7500
1785391809.384949,3433,1792,8114,8715,197.4400,178.7500
1785391809.410481,3424,1857,8171,8771,196.2200,178.7500
1785391809.435646,3368,1876,8180,8724,196.2200,178.7500
1785391809.461319,3405,1857,8086,8762,198.7100,178.8100
1785391809.486015,3377,1810,8086,8724,198.7100,178.8100
1785391809.511192,3415,1801,8171,8743,193.5700,178.8100
1785391809.537145,3377,1782,8180,8705,193.5700,178.8100
1785391809.562536,3424,1848,8189,8705,198.7100,178.8700
1785391809.587690,3508,1867,8189,8771,198.7100,178.8700
1785391809.612809,3452,1810,8152,8733,197.4400,178.8700
1785391809.638217,3490,1764,8114,8724,190.9200,178.8700
1785391809.664024,3433,1726,8152,8771,190.9200,178.8700
1785391809.689540,3443,1829,8180,8752,190.9200,178.8700
1785391809.714754,3424,1754,8124,8752,198.7100,178.8100
1785391809.739664,3433,1773,8152,8762,198.7100,178.8100
1785391809.766082,3415,1829,8105,8771,194.7400,178.7500
1785391809.790707,3527,1820,8096,8733,193.5700,178.6200
1785391809.815531,3499,1773,8189,8724,193.5700,178.6200
1785391809.840430,3499,1745,8161,8837,193.5700,178.6200
1785391809.866698,3499,1764,8096,8762,201.4700,178.6200
1785391809.892957,3490,1848,8114,8771,194.7400,178.5600
1785391809.916930,3518,1829,8086,8752,194.7400,178.5600
1785391809.943066,3537,1848,8077,8780,194.7400,178.5600
1785391809.966679,3565,1764,8086,8771,194.7400,178.5600
1785391809.996073,3480,1792,8096,8771,194.7400,178.6200
1785391810.019353,3499,1764,8039,8677,194.7400,178.6200
1785391810.046592,3508,1698,8114,8752,194.7400,178.6900
1785391810.067996,3471,1764,8171,8780,194.7400,178.6900
1785391810.096456,3499,1801,8114,8780,200.1500,178.8100
1785391810.119012,3574,1792,8114,8799,200.1500,178.8100
1785391810.146453,3612,1764,8105,8790,193.5700,178.8100
1785391810.170229,3583,1782,8105,8724,193.5700,178.8100
1785391810.198029,3546,1735,8077,8715,198.7100,178.8700
1785391810.221316,3518,1726,8077,8771,198.7100,178.8700
1785391810.246203,3537,1801,8096,8790,200.1500,178.8700
1785391810.271057,3555,1745,8067,8715,200.1500,178.8700
1785391810.297377,3612,1642,8114,8790,193.5700,178.8700
1785391810.321866,3537,1735,8086,8855,193.5700,178.8700
1785391810.346938,3593,1810,8114,8771,195.9500,178.8100
1785391810.371942,3602,1886,8199,8762,195.9500,178.8100
1785391810.397659,3565,1707,8105,8771,192.0300,178.8100
1785391810.422723,3602,1726,8039,8771,192.0300,178.8100
1785391810.447930,3555,1745,8142,8724,189.3300,178.8100
1785391810.473996,3574,1773,8096,8790,189.3300,178.8100
1785391810.498866,3612,1698,8058,8762,188.2700,178.7500
1785391810.523733,3574,1707,8114,8733,188.2700,178.7500
1785391810.549668,3555,1679,8114,8771,189.3300,178.7500
1785391810.575036,3677,1717,8096,8780,189.3300,178.7500
1785391810.600641,3574,1679,8124,8827,182.1500,178.7500
1785391810.626425,3574,1904,8171,8752,182.1500,178.7500
1785391810.651405,3593,1679,8142,8808,181.2100,178.7500
1785391810.676925,3677,1829,8114,8808,181.2100,178.7500
1785391810.701340,3649,1773,8133,8780,175.0100,178.8100
1785391810.727569,3555,1726,8133,8799,175.0100,178.8100
1785391810.751828,3574,1764,8086,8846,176.6300,178.8100
1785391810.776870,3649,1670,8077,8790,176.6300,178.8100
1785391810.802999,3630,1745,8105,8771,169.7100,178.8100
1785391810.828276,3705,1707,8086,8743,169.7100,178.8100
1785391810.854948,3715,1651,8124,8780,168.3500,178.7500
1785391810.878808,3649,1679,8114,8799,168.3500,178.7500
1785391810.904044,3640,1717,8171,8818,170.4000,178.6900
1785391810.929274,3696,1632,8114,8808,170.4000,178.6900
1785391810.954942,3658,1642,8161,8780,164.9900,178.6200
1785391810.980752,3583,1745,8142,8790,164.9900,178.6200
1785391811.005356,3612,1670,8114,8808,159.5800,178.5600
1785391811.031501,3630,1585,8114,8790,159.5800,178.5600
1785391811.056573,3677,1651,8105,8818,159.5800,178.5000
1785391811.081716,3705,1632,8105,8808,159.5800,178.5000
1785391811.106842,3668,1595,8049,8818,153.8000,178.5000
1785391811.132310,3649,1632,8096,8799,153.8000,178.5000
1785391811.157695,3658,1670,8086,8902,151.7900,178.5000
1785391811.183568,3640,1698,8124,8902,151.7900,178.5000
1785391811.208256,3715,1642,8171,8799,148.7600,178.5600
1785391811.232870,3640,1642,8180,8818,148.7600,178.5600
1785391811.259583,3677,1604,8105,8799,146.0500,178.6200
1785391811.284301,3612,1651,8152,8799,146.0500,178.6200
1785391811.309222,3612,1660,8067,8846,148.4900,178.6900
1785391811.335330,3668,1782,8142,8799,148.4900,178.6900
1785391811.360525,3668,1726,8152,8846,146.2700,178.7500
1785391811.385767,3668,1707,8133,8818,146.2700,178.7500
1785391811.409926,3687,1707,8096,8818,143.1900,178.8100
1785391811.435916,3668,1745,8096,8837,143.1900,178.8100
1785391811.460556,3705,1726,8086,8846,146.0500,178.8100
1785391811.485518,3658,1735,8067,8874,146.0500,178.8100
1785391811.512165,3687,1689,8105,8912,140.6400,178.8100
1785391811.537143,3696,1698,8142,8837,140.6400,178.8100
1785391811.562176,3658,1707,8114,8846,143.5100,178.8700
1785391811.588831,3649,1717,8105,8837,140.6400,178.8700
1785391811.613446,3696,1707,8105,8846,140.6400,178.8700
1785391811.639120,3734,1679,8133,8808,135.2300,178.8700
1785391811.664164,3724,1707,8096,8837,135.2300,178.8700
1785391811.689318,3734,1660,8086,8808,135.2300,178.8700
1785391811.714798,3677,1679,8114,8837,135.2300,178.8100
1785391811.740647,3724,1689,8133,8837,132.4700,178.8100
1785391811.765419,3762,1642,8058,8846,132.4700,178.8100
1785391811.790329,3677,1689,8049,8884,132.4700,178.8100
1785391811.816298,3734,1660,8067,8884,132.5800,178.8100
1785391811.844313,3658,1651,8096,8855,129.7100,178.8100
1785391811.866693,3734,1679,8096,8855,129.7100,178.8100
1785391811.894941,3668,1595,8077,8865,127.2800,178.8100
1785391811.918446,3677,1604,8058,8865,127.2800,178.8100
1785391811.946641,3687,1651,8077,8855,132.4700,178.8100
1785391811.968359,3677,1679,8096,8846,132.4700,178.8100
1785391811.996014,3743,1585,8058,8855,129.8300,178.8700
1785391812.017895,3715,1613,8039,8846,129.8300,178.8700
1785391812.045457,3734,1735,8133,8884,127.1200,178.8700
1785391812.069570,3771,1557,8058,8846,127.1200,178.8700
1785391812.097024,3762,1642,8049,8874,121.9800,178.8700
1785391812.119665,3724,1689,8067,8837,121.9800,178.8700
1785391812.146998,3705,1642,8077,8799,124.1900,178.9400
1785391812.170879,3752,1679,8039,8799,124.1900,178.9400
1785391812.197306,3687,1613,8114,8865,114.0200,178.9400
1785391812.221916,3752,1679,8011,8837,114.0200,178.9400
1785391812.246788,3705,1632,8030,8855,118.6800,178.9400
1785391812.271157,3705,1538,8039,8855,118.6800,178.9400
1785391812.297393,3762,1613,8077,8827,113.6000,178.9400
1785391812.322338,3734,1632,8067,8865,113.6000,178.9400
1785391812.347733,3771,1660,8049,8846,119.0100,178.9400
1785391812.373127,3790,1623,8096,8818,119.0100,178.9400
1785391812.398944,3743,1642,8077,8818,113.6000,178.8700
1785391812.424057,3780,1651,8105,8855,113.6000,178.8700
1785391812.449620,3827,1557,8105,8846,110.8900,178.8100
1785391812.474040,3743,1717,8086,8893,110.8900,178.8100
1785391812.498998,3799,1538,8049,8865,106.0700,178.7500
1785391812.525877,3799,1642,8077,8837,106.0700,178.7500
1785391812.550500,3790,1585,8114,8893,110.4000,178.6200
1785391812.575733,3771,1557,8114,8808,110.4000,178.6200
1785391812.601176,3743,1538,8096,8921,102.7800,178.5600
1785391812.626786,3724,1520,8105,8865,102.7800,178.5600
1785391812.651892,3771,1642,8067,8874,102.7800,178.5000
1785391812.676949,3809,1576,8067,8912,102.7800,178.5000
1785391812.702837,3762,1529,8067,8818,97.3700,178.4400
1785391812.727919,3790,1548,8030,8846,97.3700,178.4400
1785391812.752840,3734,1613,8030,8874,100.7600,178.4400
1785391812.779118,3780,1529,8039,8874,100.7600,178.4400
1785391812.803594,3771,1613,8105,8884,97.3700,178.3700
1785391812.828125,3790,1548,8077,8837,97.3700,178.3700
1785391812.854662,3762,1642,8077,8846,107.6400,178.5000
1785391812.879853,3780,1576,8039,8902,107.6400,178.5000
1785391812.904863,3837,1604,8114,8884,100.0700,178.5600
1785391812.930151,3818,1585,8096,8865,100.0700,178.5600
1785391812.956610,3809,1567,8067,8855,97.3700,178.6200
1785391812.980931,3809,1595,8171,8855,97.3700,178.6200
1785391813.007037,3809,1538,8096,8884,92.8100,178.6900
1785391813.031457,3771,1557,8114,8855,92.8100,178.6900
1785391813.056225,3762,1510,8058,8893,93.8400,178.6900
1785391813.082740,3790,1548,8142,8921,93.8400,178.6900
1785391813.107756,3752,1585,8114,8837,91.9600,178.6900
1785391813.132788,3743,1538,8086,8837,91.9600,178.6900
1785391813.158256,3846,1548,8077,8865,89.2500,178.6900
1785391813.183162,3771,1407,8105,8837,89.2500,178.6900
1785391813.208683,3762,1492,8086,8865,84.8500,178.6900
1785391813.234160,3809,1482,8049,8921,84.8500,178.6900
1785391813.260200,3818,1538,8049,8884,88.3200,178.6900
1785391813.284213,3752,1520,8030,8902,88.3200,178.6900
1785391813.309324,3818,1492,8058,8893,89.2500,178.7500
1785391813.335594,3799,1492,8058,8893,89.2500,178.7500
1785391813.361526,3827,1529,8030,8902,86.5500,178.8100
1785391813.386101,3865,1548,8049,8930,86.5500,178.8100
1785391813.411632,3837,1463,8058,8893,87.5000,178.8100
1785391813.437306,3902,1510,8058,8893,85.5600,178.8100
1785391813.462650,3855,1482,8096,8921,85.5600,178.8100
1785391813.487921,3818,1529,8067,8940,85.5600,178.8100
1785391813.512925,3799,1529,8096,8893,86.5500,178.8700
1785391813.537075,3884,1538,8096,8930,86.5500,178.8700
1785391813.563845,3799,1473,8049,8865,81.1400,178.8700
1785391813.588773,3884,1576,8096,8912,82.2000,178.8100
1785391813.613636,3884,1567,8114,8912,82.2000,178.8100
1785391813.639440,3865,1445,8030,8921,82.2000,178.8100
1785391813.665370,3827,1529,8086,8921,82.2000,178.8100
1785391813.689971,3799,1463,8077,8893,82.2000,178.8100
1785391813.715730,3790,1651,8077,8921,82.2000,178.8100
1785391813.740240,3846,1492,8077,8940,82.2000,178.8100
1785391813.767302,3846,1548,8067,8949,82.2000,178.8100
1785391813.791820,3827,1520,8152,8949,82.2000,178.8100
1785391813.816856,3809,1529,8067,8921,82.2000,178.8100
1785391813.841965,3790,1445,8096,8930,82.2000,178.8100
1785391813.868439,3837,1529,8086,8921,82.2000,178.8100
1785391813.892770,3799,1538,8105,8940,82.2000,178.8100
1785391813.918244,3827,1492,8077,8912,82.2000,178.8100
1785391813.944500,3827,1445,8058,8912,82.2000,178.8100
1785391813.969037,3865,1585,8096,8912,82.2000,178.8100
1785391813.994435,3827,1510,8067,8977,12.8300,178.8700
1785391814.020282,3902,1482,8002,8940,12.8300,178.8700
1785391814.044617,3827,1576,8030,8921,10.8200,176.5600
1785391814.069533,3827,1529,7964,8930,10.8200,176.5600
1785391814.093792,3818,1510,7964,8940,5.4100,172.6900
1785391814.120241,3902,1529,7899,8949,5.4100,172.6900
1785391814.146498,3827,1501,7842,8912,0.0000,167.6200
1785391814.171361,3818,1538,8142,8912,0.0000,167.6200
1785391814.196443,3799,1482,8171,8884,5.4100,161.8100
1785391814.221316,3837,1510,8415,8865,5.4100,161.8100
1785391814.246805,3855,1510,8415,8865,0.0000,155.8100
1785391814.273489,3771,1567,8246,8874,0.0000,155.8100
1785391814.297878,3771,1548,8030,8959,2.7000,149.9400
1785391814.322783,3696,1510,8030,9015,2.7000,149.9400
1785391814.349173,3724,1604,8077,8959,0.0000,144.2500
1785391814.374629,3743,1585,8039,8996,0.0000,144.2500
1785391814.398644,3734,1510,8039,8996,5.4100,138.8700
1785391814.424385,3734,1613,8077,8987,5.4100,138.8700
1785391814.449393,3724,1679,8049,8987,-5.4100,133.8100
1785391814.475340,3696,1576,8058,8977,-5.4100,133.8100
1785391814.501564,3715,1595,8021,8921,0.0000,129.0600
1785391814.526463,3705,1651,8011,8893,0.0000,129.0600
1785391814.551021,3668,1576,8058,8893,-2.7000,124.5600
1785391814.576938,3640,1651,8077,8902,-2.7000,124.5600
1785391814.602019,3658,1576,8039,8921,-5.4100,120.3700
1785391814.627385,3687,1642,8077,8865,-5.4100,120.3700
1785391814.653257,3696,1585,8133,8837,-2.7000,116.6900
1785391814.677307,3649,1689,8096,8855,-2.7000,116.6900
1785391814.702839,3705,1679,8086,8827,0.0000,113.2500
1785391814.728583,3640,1660,8077,8855,-2.7000,110.1200
1785391814.754699,3687,1754,8161,8846,-2.7000,110.1200
1785391814.779557,3677,1689,8124,8846,-2.7000,110.1200
1785391814.803324,3658,1679,8105,8846,0.0000,107.4400
1785391814.830270,3687,1726,8039,8846,-2.7000,105.0000
1785391814.854323,3668,1660,7974,8790,-2.7000,105.0000
1785391814.879139,3677,1867,8086,8874,0.0000,102.8700
1785391814.904908,3677,1820,8011,8884,0.0000,102.8700
1785391814.930177,3705,1820,8077,8846,0.0000,100.8100
1785391814.955824,3687,1801,8030,8865,0.0000,100.8100
1785391814.985757,3687,1895,8039,8874,0.0000,98.9400
1785391815.006856,3705,1914,8021,8837,0.0000,98.9400
1785391815.035357,3705,1820,8021,8837,0.0000,97.1900
1785391815.058058,3715,1895,7974,8837,0.0000,97.1900
1785391815.084405,3724,1961,7983,8827,2.7000,95.6200
1785391815.107558,3687,1914,8030,8837,2.7000,95.6200
1785391815.136381,3734,1801,7974,8837,-2.7000,94.1200
1785391815.159625,3734,1876,7908,8837,-2.7000,94.1200
1785391815.186455,3705,1801,7889,8865,0.0000,92.6200
1785391815.209868,3734,1932,7974,8827,0.0000,92.6200
1785391815.234705,3696,1867,8021,8827,0.0000,92.6200
1785391815.260537,3734,1876,7983,8837,0.0000,92.6200
1785391815.286894,3705,1876,7945,8837,0.0000,92.6200
1785391815.311179,3715,1764,8002,8808,0.0000,92.6200
1785391815.336763,3715,1923,7964,8827,0.0000,92.6200
1785391815.361533,3705,1857,7974,8827,0.0000,92.6200
1785391815.387227,3724,1867,7927,8846,0.0000,92.6200
1785391815.412776,3696,1857,7964,8837,0.0000,92.6200
1785391815.437464,3715,1810,7917,8837,0.0000,92.6200
1785391815.462683,3705,1961,7955,8846,0.0000,92.6200
1785391815.487988,3734,1820,7945,8855,0.0000,92.6200
1785391815.514153,3687,1886,7964,8893,0.0000,92.6200
1785391815.539340,3734,1886,7936,8865,0.0000,92.6200
1785391815.564082,3724,1839,7936,8799,0.0000,92.6200
1785391815.589078,3734,1951,7974,8846,2.7700,90.3100
1785391815.614640,3715,1848,7983,8855,2.7700,90.3100
1785391815.639554,3705,1886,7927,8837,51.3900,90.0000
1785391815.664711,3677,1839,7945,8827,51.3900,90.0000
1785391815.690345,3715,1951,7974,8808,51.3900,90.3100
1785391815.715418,3687,1801,7945,8865,51.3900,90.3100
1785391815.740663,3705,1914,7945,8855,73.0300,90.5000
1785391815.766879,3687,1886,7945,8818,73.0300,90.5000
1785391815.792021,3668,1914,7936,8837,73.0300,90.5600
1785391815.816496,3705,1932,8011,8790,73.0300,90.5600
1785391815.843458,3668,1876,7927,8837,81.1400,90.6200
1785391815.867877,3687,1951,7955,8837,81.1400,90.6200
1785391815.892742,3677,1923,7917,8808,81.1400,90.9400
1785391815.918429,3715,1932,7889,8837,81.1400,90.9400
1785391815.943463,3668,1942,7955,8865,82.2000,91.0000
1785391815.968735,3696,1951,7927,8846,85.5600,91.1200
1785391815.995033,3677,1951,7889,8790,85.5600,91.1200
1785391816.019481,3705,2007,7880,8818,85.5600,91.1200
1785391816.044468,3668,1989,7908,8827,79.5500,91.1200
1785391816.071757,3677,1970,7908,8808,82.8000,91.1200
1785391816.096108,3658,2017,7917,8808,82.8000,91.1200
1785391816.122237,3715,1989,7899,8808,82.2000,91.0600
1785391816.146452,3696,1951,7870,8799,82.2000,91.0600
1785391816.174306,3715,1989,7908,8799,85.5600,91.0000
1785391816.197201,3687,1970,7964,8780,85.5600,91.0000
1785391816.226343,3734,1979,7974,8827,78.4400,90.9400
1785391816.247645,3734,1989,7870,8799,78.4400,90.9400
1785391816.275752,3734,1961,7899,8752,81.1400,90.8700
1785391816.298717,3677,1989,7908,8790,81.1400,90.8700
1785391816.325762,3705,1979,7955,8790,82.2000,90.8100
1785391816.348870,3705,1970,7917,8790,82.2000,90.8100
1785391816.376530,3668,2054,7927,8799,83.8500,90.7500
1785391816.399560,3715,2007,7880,8771,83.8500,90.7500
1785391816.428262,3790,2073,7880,8724,81.1400,90.6200
1785391816.450266,3687,1961,7955,8724,81.1400,90.6200
1785391816.478258,3724,2073,7908,8780,82.8000,90.4400
1785391816.500115,3705,2120,7927,8724,82.8000,90.4400
1785391816.526062,3724,2017,7889,8780,83.8500,90.3100
1785391816.551481,3696,2007,7927,8733,83.8500,90.3100
1785391816.576542,3687,1970,7852,8808,86.5500,90.1900
1785391816.602450,3724,2045,7945,8762,86.5500,90.1900
1785391816.627685,3705,2045,7870,8715,86.5500,90.0000
1785391816.653638,3677,1998,7899,8771,86.5500,90.0000
1785391816.678758,3668,2017,7927,8724,86.5500,89.9400
1785391816.704067,3724,2007,7908,8752,86.5500,89.9400
1785391816.728890,3640,1989,7927,8790,94.6600,89.8700
1785391816.754317,3724,2139,7927,8705,94.6600,89.8700
1785391816.781603,3734,2186,7880,8724,92.8100,89.8100
1785391816.805447,3687,1970,7899,8743,92.8100,89.8100
1785391816.830212,3715,2045,7945,8743,99.3600,89.8100
1785391816.855637,3715,1998,7870,8752,99.3600,89.8100
1785391816.880836,3715,1989,7861,8780,97.3700,89.8700
1785391816.905949,3734,1989,7880,8733,97.3700,89.8700
1785391816.931786,3752,2036,7842,8733,100.7600,89.8100
1785391816.957222,3724,2045,7880,8780,100.7600,89.8100
1785391816.982645,3696,2064,7852,8705,102.1200,89.8100
1785391817.008643,3724,2007,7824,8715,102.1200,89.8100
1785391817.033150,3696,2083,7824,8715,100.7600,89.8100
1785391817.058044,3715,2092,7880,8705,100.7600,89.8100
1785391817.082537,3696,2111,7908,8677,107.6400,89.8100
1785391817.108970,3696,2064,7842,8677,107.6400,89.8100
1785391817.134777,3677,2083,7889,8743,105.4800,89.8100
1785391817.158552,3743,2101,7814,8743,105.4800,89.8100
1785391817.184678,3734,2026,7814,8724,108.1900,89.8100
1785391817.209622,3677,2017,7852,8715,108.1900,89.8100
1785391817.234831,3715,2007,7861,8752,105.4800,89.8700
1785391817.260907,3752,2054,7889,8724,105.4800,89.8700
1785391817.287022,3649,2045,7824,8724,105.4800,89.8100
1785391817.312214,3696,2036,7795,8705,105.4800,89.8100
1785391817.338096,3724,2111,7824,8677,105.4800,89.8100
1785391817.364839,3752,2083,7889,8696,105.4800,89.8100
1785391817.386799,3687,2064,7795,8649,110.8900,89.8100
1785391817.412327,3715,2054,7833,8658,110.8900,89.8100
1785391817.437308,3743,2073,7833,8687,108.1900,89.7500
1785391817.463558,3743,2073,7852,8687,108.1900,89.7500
1785391817.489655,3762,2036,7870,8677,110.8900,89.7500
1785391817.514087,3696,2223,7842,8687,110.8900,89.7500
1785391817.539717,3743,2083,7833,8658,108.7200,89.6900
1785391817.565587,3705,1998,7833,8705,108.7200,89.6900
1785391817.590951,3743,2064,7805,8668,113.1600,89.6200
1785391817.615689,3715,2195,7814,8668,113.1600,89.6200
1785391817.640515,3762,1989,7852,8658,108.7200,89.5600
1785391817.666087,3743,2186,7786,8687,108.7200,89.5600
1785391817.691436,3724,2111,7795,8668,113.1600,89.5600
1785391817.716616,3734,2045,7767,8658,113.1600,89.5600
1785391817.742702,3762,2092,7777,8611,113.6000,89.5000
1785391817.766679,3715,2073,7805,8687,113.6000,89.5000
1785391817.792748,3771,2139,7842,8668,113.6000,89.5000
1785391817.818087,3724,2064,7748,8658,113.6000,89.5000
1785391817.844078,3734,2026,7767,8668,114.0200,89.4400
1785391817.868465,3752,2129,7758,8630,114.0200,89.4400
1785391817.893917,3752,2158,7795,8649,116.3000,89.4400
1785391817.919080,3724,2054,7777,8687,118.6800,89.3700
1785391817.944627,3762,2158,7748,8621,118.6800,89.3700
1785391817.969935,3743,2083,7739,8658,118.6800,89.3700
1785391817.994663,3715,2101,7767,8593,116.6700,89.3100
1785391818.019884,3734,2129,7758,8602,121.7100,89.3100
1785391818.046543,3705,2158,7758,8621,121.7100,89.3100
1785391818.074417,3752,2111,7777,8640,124.1900,89.2500
1785391818.097615,3771,2083,7711,8640,124.1900,89.2500
1785391818.124263,3762,2101,7720,8611,121.9800,89.2500
1785391818.147663,3752,2139,7758,8565,121.9800,89.2500
1785391818.176199,3780,2167,7720,8565,121.7100,89.1900
1785391818.197968,3762,2083,7720,8593,121.7100,89.1900
1785391818.227318,3734,2148,7711,8602,124.4200,89.1900
1785391818.248850,3799,2176,7748,8621,124.4200,89.1900
1785391818.277474,3790,2101,7767,8611,129.7100,89.1200
1785391818.298837,3743,2120,7786,8583,129.7100,89.1200
1785391818.326790,3762,2129,7767,8565,124.6300,89.1200
1785391818.349530,3771,2129,7758,8611,124.6300,89.1200
1785391818.376880,3771,2148,7777,8565,132.4700,89.0600
1785391818.400644,3724,2129,7730,8583,132.4700,89.0600
1785391818.426548,3743,2111,7758,8583,129.8300,89.0600
1785391818.451898,3734,2195,7748,8574,129.8300,89.0600
1785391818.476809,3790,2101,7814,8640,137.9400,89.1200
1785391818.501850,3734,2092,7767,8565,137.9400,89.1200
1785391818.528186,3809,2111,7730,8565,135.2300,89.0600
1785391818.552301,3752,2120,7767,8574,135.2300,89.0600
1785391818.578176,3799,2139,7767,8574,132.4700,89.0600
1785391818.603746,3752,2139,7720,8574,132.4700,89.0600
1785391818.628825,3827,2120,7711,8565,135.2300,89.0600
1785391818.653416,3752,2101,7730,8546,135.2300,89.0600
1785391818.679600,3780,2195,7730,8536,135.2300,89.0000
1785391818.704857,3762,2242,7711,8555,135.2300,89.0000
1785391818.730016,3827,2214,7673,8527,132.5800,89.0000
1785391818.755096,3846,2242,7711,8536,132.5800,89.0000
1785391818.780190,3809,2167,7730,8546,137.9400,88.9400
1785391818.805399,3780,2148,7730,8527,137.9400,88.9400
1785391818.831084,3837,2111,7702,8555,140.6400,89.0000
1785391818.856232,3771,2186,7692,8508,140.6400,89.0000
1785391818.881261,3780,2186,7720,8508,140.6400,89.0000
1785391818.907312,3809,2223,7636,8499,140.6400,89.0000
1785391818.932452,3837,2195,7692,8490,140.6400,89.0000
1785391818.957483,3799,2148,7702,8499,140.6400,89.0000
1785391818.982641,3809,2176,7711,8518,140.6400,89.0600
1785391819.008101,3799,2120,7655,8518,140.6400,89.0600
1785391819.033529,3780,2139,7673,8490,146.0500,89.0600
1785391819.058760,3790,2120,7673,8508,146.0500,89.0600
1785391819.084302,3799,2195,7673,8536,148.7600,89.1200
1785391819.109234,3809,2139,7627,8518,148.7600,89.1200
1785391819.134664,3790,2158,7655,8527,154.5500,89.1200
1785391819.160780,3790,2139,7702,8490,154.5500,89.1200
1785391819.185501,3799,2139,7664,8499,146.0500,89.1200
1785391819.210577,3818,2148,7645,8461,146.0500,89.1200
1785391819.236082,3846,2101,7683,8499,151.1400,89.0000
1785391819.261549,3837,2120,7673,8490,151.1400,89.0000
1785391819.286658,3837,2167,7617,8490,149.0300,88.9400
1785391819.313201,3846,2158,7617,8452,149.0300,88.9400
1785391819.336953,3790,2129,7589,8471,156.4500,88.8700
1785391819.362127,3837,2186,7664,8415,156.4500,88.8700
1785391819.388077,3837,2148,7664,8471,154.1700,88.9400
1785391819.413697,3809,2148,7655,8424,154.1700,88.9400
1785391819.439606,3818,2167,7645,8452,159.5800,88.9400
1785391819.464843,3846,2148,7702,8452,159.5800,88.9400
1785391819.490402,3874,2129,7608,8471,160.0700,89.0000
1785391819.514822,3846,2167,7664,8415,160.0700,89.0000
1785391819.540200,3865,2111,7589,8424,159.1000,89.0000
1785391819.565116,3827,2139,7561,8433,159.1000,89.0000
1785391819.590017,3827,2158,7711,8405,162.2800,89.0000
1785391819.615513,3846,2167,7636,8424,162.2800,89.0000
1785391819.641159,3846,2186,7636,8405,164.9900,89.0600
1785391819.666052,3865,2101,7655,8405,164.9900,89.0600
1785391819.690863,3799,2195,7627,8405,165.5900,89.1200
1785391819.717953,3884,2186,7439,8424,169.7100,89.1200
1785391819.742607,3799,2214,7439,8415,169.7100,89.1200
1785391819.767805,3799,2204,7570,8415,169.7100,89.1200
1785391819.793349,3837,2195,7570,8415,170.4000,89.1900
1785391819.818662,3827,2195,7570,8377,173.1000,89.2500
1785391819.843820,3827,2223,7589,8377,173.1000,89.2500
1785391819.869679,3837,2195,7589,8377,173.1000,89.2500
1785391819.894800,3865,2148,7627,8452,173.1000,89.2500
1785391819.919568,3865,2092,7551,8349,173.1000,89.2500
1785391819.945411,3912,2392,7551,8405,178.5100,89.3100
1785391819.972398,3855,2176,7570,8405,179.3900,89.3100
1785391819.995676,3855,2195,7580,8433,179.3900,89.3100
1785391820.023328,3884,2430,7561,8433,180.3100,89.3100
1785391820.046096,3855,2401,7608,8349,180.3100,89.3100
1785391820.075073,3874,2505,7608,8368,178.5100,89.3100
1785391820.097808,3874,2514,7580,8339,178.5100,89.3100
1785391820.125909,3884,2533,7551,8415,186.6200,89.2500
1785391820.147139,3884,2570,7589,8339,186.6200,89.2500
1785391820.176011,3931,2364,7542,8330,186.6200,89.2500
1785391820.198821,3912,2467,7608,8377,186.6200,89.2500
1785391820.226449,3874,2514,7523,8339,189.3300,89.2500
1785391820.249271,3846,2523,7533,8283,189.3300,89.2500
1785391820.277580,3855,2617,7589,8339,183.9200,89.3100
1785391820.300018,3874,2448,7505,8330,183.9200,89.3100
1785391820.327328,3846,2467,7523,8236,189.3300,89.3100
1785391820.351984,3912,2401,7495,8311,189.3300,89.3100
1785391820.375868,3893,2289,7533,8283,189.3300,89.3100
1785391820.401251,3931,2308,7458,8293,189.3300,89.3100
1785391820.426812,3884,2308,7467,8274,197.4400,89.2500
1785391820.452084,3837,2298,7476,8293,197.4400,89.2500
1785391820.477324,3865,2345,7551,8274,192.0300,89.2500
1785391820.503645,3846,2533,7476,8283,192.0300,89.2500
1785391820.527717,3855,2364,7458,8255,200.1500,89.1900
1785391820.552861,3846,2439,7505,8255,200.1500,89.1900
1785391820.578616,3865,2523,7458,8236,200.1500,89.1200
1785391820.603156,3846,2401,7476,8227,200.1500,89.1200
1785391820.629438,3865,2373,7495,8246,194.7400,89.0600
1785391820.655355,3846,2364,7430,8199,194.7400,89.0600
1785391820.679349,3855,2401,7420,8264,200.1500,89.0600
1785391820.704121,3902,2430,7373,8236,200.1500,89.0600
1785391820.731231,3855,2430,7430,8218,197.4400,89.0600
1785391820.755903,3827,2392,7364,8246,197.4400,89.0600
1785391820.780869,3874,2430,7401,8227,197.4400,89.1200
1785391820.806693,3912,2439,7411,8180,197.4400,89.1200
1785391820.831778,3912,2364,7439,8199,197.4400,89.1200
1785391820.856173,3884,2430,7420,8180,197.4400,89.1200
1785391820.882371,3893,2401,7430,8208,200.1500,89.1200
1785391820.907372,3827,2420,7420,8208,200.1500,89.1200
1785391820.932490,3921,2411,7411,8208,200.1500,89.1900
1785391820.958177,3912,2383,7392,8180,200.1500,89.1900
1785391820.983347,3902,2401,7401,8189,202.8500,89.2500
1785391821.008689,3884,2570,7383,8218,202.8500,89.2500
1785391821.034457,3893,2439,7430,8189,200.1500,89.2500
1785391821.059148,3902,2420,7298,8133,200.1500,89.2500
1785391821.084176,3893,2420,7430,8171,200.1500,89.2500
1785391821.110432,3855,2523,7326,8171,200.1500,89.2500
1785391821.135764,3884,2448,7373,8152,202.8500,89.2500
1785391821.160718,3893,2420,7364,8180,202.8500,89.2500
1785391821.185796,3912,2467,7401,8218,200.1500,89.3100
1785391821.211653,3968,2383,7383,8218,200.1500,89.3100
1785391821.237010,3921,2458,7383,8133,202.8500,89.3100
1785391821.261908,3884,2467,7392,8152,202.8500,89.3100
1785391821.287360,3893,2477,7354,8152,200.1500,89.3100
1785391821.312786,3912,2420,7373,8124,200.1500,89.3100
1785391821.338100,3893,2505,7401,8096,202.8500,89.3700
1785391821.364419,3940,2411,7336,8096,202.8500,89.3700
1785391821.388735,3921,2477,7336,8133,202.8500,89.3100
1785391821.413702,3902,2430,7364,8124,202.8500,89.3100
1785391821.439838,3931,2477,7298,8077,197.4400,89.2500
1785391821.464722,3921,2505,7336,8077,197.4400,89.2500
1785391821.489670,3874,2448,7279,8086,200.1500,89.1900
1785391821.515006,3855,2448,7233,8067,200.1500,89.1900
1785391821.540584,3884,2458,7270,8077,200.1500,89.0600
1785391821.566668,3912,2589,7261,8096,200.1500,89.0600
1785391821.592014,3959,2439,7345,8077,197.4400,89.0000
1785391821.616838,3949,2523,7279,8049,197.4400,89.0000
1785391821.641804,3865,2495,7261,8058,194.7400,88.9400
1785391821.667560,3865,2486,7279,8086,200.1500,88.9400
1785391821.693276,3949,2533,7233,8049,200.1500,88.9400
1785391821.718399,3893,2542,7233,8021,192.0300,88.9400
1785391821.743131,3893,2542,7233,8114,192.0300,88.9400
1785391821.769561,3874,2411,7270,8058,194.7400,88.8700
1785391821.794434,3902,2495,7289,8039,194.7400,88.8700
1785391821.820260,3902,2486,7204,8096,194.7400,88.8700
1785391821.844490,3902,2420,7251,8039,197.4400,88.8700
1785391821.868864,3846,2514,7242,8058,197.4400,88.8700
1785391821.893909,3837,2495,7167,8021,189.3300,88.9400
1785391821.920393,3921,2486,7233,8049,192.0300,89.0000
1785391821.946010,3912,2542,7186,8011,192.0300,89.0000
1785391821.971015,3893,2439,7195,8039,192.0300,89.0000
1785391821.997163,3921,2495,7204,8058,192.0300,89.0000
1785391822.025978,3968,2495,7176,8011,190.9200,89.0000
1785391822.047818,3940,2392,7167,7983,190.9200,89.0000
1785391822.076111,3968,2373,7186,7983,195.9500,89.0600
1785391822.097294,3968,2420,7233,8049,195.9500,89.0600
1785391822.125078,3931,2401,7270,8002,188.2700,89.0600
1785391822.149006,3940,2505,7204,7983,188.2700,89.0600
1785391822.177998,3931,2411,7233,7983,198.7100,89.0600
1785391822.198526,3893,2420,7139,7955,198.7100,89.0600
1785391822.227127,3921,2411,7176,7983,190.9200,89.1200
1785391822.250025,3959,2373,7101,7955,190.9200,89.1200
1785391822.278208,3949,2355,7139,7992,195.9500,89.1200
1785391822.300626,3921,2439,7101,7983,195.9500,89.1200
1785391822.328203,3921,2401,7111,7955,193.5700,89.1200
1785391822.351841,3912,2448,7204,7927,193.5700,89.1200
1785391822.376690,3949,2439,7139,7955,201.4700,89.1200
1785391822.401505,3902,2373,7101,7936,201.4700,89.1200
1785391822.426823,3959,2392,7139,7927,194.7400,89.1900
1785391822.451315,3921,2477,7111,7945,194.7400,89.1900
1785391822.477651,3931,2430,7101,7908,197.4400,89.0600
1785391822.502945,3949,2477,7092,7945,197.4400,89.0600
1785391822.527897,3987,2439,7082,7917,190.9200,89.1200
1785391822.553660,3931,2448,7073,7899,190.9200,89.1200
1785391822.578554,3902,2458,7092,7899,201.4700,89.1900
1785391822.604208,3996,2514,7026,7917,201.4700,89.1900
1785391822.630088,3931,2486,7120,7945,197.4400,89.2500
1785391822.654613,3949,2495,7064,7936,197.4400,89.2500
1785391822.679321,3931,2505,7054,7889,200.1500,89.2500
1785391822.705895,3949,2505,7120,7889,200.1500,89.2500
1785391822.731273,4006,2533,7111,7833,196.2200,89.2500
1785391822.756083,3949,2542,7054,7852,196.2200,89.2500
1785391822.781517,3987,2514,7092,7861,201.4700,89.3100
1785391822.807553,3949,2570,7045,7861,201.4700,89.3100
1785391822.832448,3949,2533,7101,7833,205.5600,89.2500
1785391822.858137,3959,2552,7036,7833,205.5600,89.2500
1785391822.883316,3940,2552,7017,7870,197.4400,89.1900
1785391822.907354,3940,2486,7026,7861,197.4400,89.1900
1785391822.934998,3949,2598,7036,7805,202.8500,89.1900
1785391822.959266,4034,2514,7064,7842,202.8500,89.1900
1785391822.984291,3940,2608,7017,7852,200.1500,89.1900
1785391823.009387,3931,2627,7064,7824,200.1500,89.1900
1785391823.034630,4015,2598,6998,7908,196.2200,89.1900
1785391823.059653,4024,2589,7036,7814,196.2200,89.1900
1785391823.084681,3987,2608,7007,7814,198.7100,89.1900
1785391823.111992,3996,2664,6951,7814,198.7100,89.1900
1785391823.136402,4015,2608,6989,7833,196.2200,89.2500
1785391823.161230,4071,2580,7007,7795,196.2200,89.2500
1785391823.187443,3996,2636,6979,7795,201.4700,89.2500
1785391823.212279,3959,2552,6979,7795,201.4700,89.2500
1785391823.237711,3987,2598,6970,7777,200.1500,89.2500
1785391823.262843,3987,2683,6942,7805,200.1500,89.2500
1785391823.287523,3987,2664,6989,7814,205.5600,89.1900
1785391823.312864,3996,2645,7007,7767,205.5600,89.1900
1785391823.339377,4081,2617,6979,7777,196.2200,89.2500
1785391823.363979,4052,2683,6979,7777,196.2200,89.2500
1785391823.388967,4062,2664,6989,7777,206.9900,89.2500
1785391823.414756,4024,2683,6942,7786,206.9900,89.2500
1785391823.440309,4043,2627,6970,7777,201.5300,89.2500
1785391823.465524,4090,2627,6970,7777,201.5300,89.2500
1785391823.490705,4043,2720,6951,7777,200.1500,89.3100
1785391823.516147,4043,2720,6979,7777,200.1500,89.3100
1785391823.541350,3996,2645,6932,7758,200.1500,89.3700
1785391823.567269,4099,2645,6923,7739,200.1500,89.3700
1785391823.592429,4043,2655,6923,7739,204.2300,89.3700
1785391823.617054,3987,2702,6932,7711,204.2300,89.3700
1785391823.642770,3987,2702,6914,7702,200.1500,89.3700
1785391823.668254,3987,2552,6923,7739,200.1500,89.3700
1785391823.693519,4062,2645,6867,7692,196.2200,89.3700
1785391823.718476,4146,2645,6904,7692,196.2200,89.3700
1785391823.743492,4099,2702,6895,7683,201.4700,89.3700
1785391823.769811,4118,2758,6970,7673,200.1500,89.4400
1785391823.796061,4090,2702,6867,7758,200.1500,89.4400
1785391823.821190,4081,2795,6867,7673,200.1500,89.4400
1785391823.845577,4081,2664,6951,7692,198.8700,89.4400
1785391823.869795,4137,2720,6857,7767,198.8700,89.4400
1785391823.895664,4118,2702,6914,7730,198.7100,89.3700
1785391823.920608,4071,2702,6848,7692,196.2200,89.3700
1785391823.945611,4071,2739,6904,7805,196.2200,89.3700
1785391823.974365,4109,2636,6876,7805,198.7100,89.3700
1785391823.998452,4071,2777,6876,7645,198.7100,89.3700
1785391824.024518,4146,2749,6895,7645,196.2200,89.3700
1785391824.048861,4081,2711,6904,7692,196.2200,89.3700
1785391824.076422,4081,2805,6839,7608,198.7100,89.3700
1785391824.098013,4184,2711,6829,7617,198.7100,89.3700
1785391824.126650,4128,2692,6810,7664,190.9200,89.3700
1785391824.149487,4109,2749,6848,7655,190.9200,89.3700
1785391824.177492,4137,2814,6867,7627,202.8500,89.3100
1785391824.199453,4156,2758,6801,7655,202.8500,89.3100
1785391824.225763,4118,2767,6820,7627,198.7100,89.2500
1785391824.249524,4146,2749,6848,7645,198.7100,89.2500
1785391824.277079,4146,2786,6801,7655,202.8500,89.2500
1785391824.300568,4146,2833,6820,7608,202.8500,89.2500
1785391824.327165,4203,2880,6792,7664,193.5700,89.2500
1785391824.352372,4184,2739,6792,7608,193.5700,89.2500
1785391824.377206,4146,2805,6810,7570,204.2300,89.2500
1785391824.402109,4118,2946,6745,7570,204.2300,89.2500
1785391824.427442,4165,2777,6782,7627,196.2200,89.2500
1785391824.452625,4174,2767,6820,7627,196.2200,89.2500
1785391824.478137,4174,2777,6782,7627,200.1500,89.3100
1785391824.503198,4146,2861,6763,7523,200.1500,89.3100
1785391824.528660,4146,2786,6782,7645,198.7100,89.3700
1785391824.553652,4231,2908,6763,7570,198.7100,89.3700
1785391824.578885,4203,2833,6773,7598,193.5700,89.3700
1785391824.604784,4203,2861,6763,7589,193.5700,89.3700
1785391824.629996,4231,2870,6763,7617,200.1500,89.3100
1785391824.655112,4249,2833,6754,7617,200.1500,89.3100
1785391824.680602,4212,2899,6707,7495,200.1500,89.3100
1785391824.706928,4203,2861,6735,7495,200.1500,89.3100
1785391824.731694,4184,2852,6679,7523,198.7100,89.2500
1785391824.756961,4249,2880,6717,7523,198.7100,89.2500
1785391824.781590,4240,2889,6717,7495,200.1500,89.1900
1785391824.807164,4259,2955,6745,7542,200.1500,89.1900
1785391824.833207,4212,2964,6717,7542,196.2200,89.1900
1785391824.858085,4296,2861,6707,7486,196.2200,89.1900
1785391824.883321,4193,3030,6688,7448,201.4700,89.1200
1785391824.908963,4287,2964,6735,7505,201.4700,89.1200
1785391824.934075,4203,2889,6688,7495,196.2200,89.0600
1785391824.959158,4184,2908,6660,7514,196.2200,89.0600
1785391824.984778,4240,2908,6679,7523,195.9500,89.0600
1785391825.010343,4259,2908,6642,7495,195.9500,89.0600
1785391825.036148,4249,2889,6651,7476,193.5700,89.1900
1785391825.061341,4231,2974,6679,7514,193.5700,89.1900
1785391825.086576,4259,2974,6670,7533,190.4300,89.1900
1785391825.111432,4221,2899,6679,7495,190.4300,89.1900
1785391825.137434,4306,2955,6613,7476,194.7400,89.1900
1785391825.162992,4249,2946,6585,7458,194.7400,89.1900
1785391825.187761,4259,2917,6642,7495,193.5700,89.1900
1785391825.213753,4325,2964,6595,7476,193.5700,89.1900
1785391825.238029,4296,2917,6595,7448,198.7100,89.2500
1785391825.263070,4296,2917,6632,7439,198.7100,89.2500
1785391825.287934,4287,2908,6651,7448,197.4400,89.1900
1785391825.313939,4249,2974,6566,7505,197.4400,89.1900
1785391825.339445,4240,2927,6557,7401,200.1500,89.1900
1785391825.364949,4240,2899,6595,7411,200.1500,89.1900
1785391825.390826,4259,2983,6585,7411,198.8700,89.1900
1785391825.415673,4259,2946,6604,7420,198.8700,89.1900
1785391825.440631,4249,2946,6557,7448,194.7400,89.1900
1785391825.465715,4249,2927,6595,7439,194.7400,89.1900
1785391825.491266,4268,2908,6548,7383,201.4700,89.3100
1785391825.516502,4325,2908,6538,7383,201.4700,89.3100
1785391825.542142,4249,2974,6548,7411,202.8500,89.3100
1785391825.567231,4268,2974,6520,7383,202.8500,89.3100
1785391825.592182,4249,2992,6538,7354,193.5700,89.3700
1785391825.618173,4259,2880,6520,7364,200.1500,89.5000
1785391825.643127,4334,2983,6538,7392,200.1500,89.5000
1785391825.667991,4306,2917,6501,7354,200.1500,89.5000
1785391825.693733,4306,3011,6482,7401,200.1500,89.5000
1785391825.719421,4268,2992,6510,7383,194.7400,89.5600
1785391825.744516,4334,3002,6510,7373,194.7400,89.5600
1785391825.770339,4334,2964,6463,7411,204.2300,89.5600
1785391825.794831,4315,2917,6520,7308,204.2300,89.5600
1785391825.819915,4362,2974,6473,7298,204.2300,89.5600
1785391825.845044,4315,3021,6482,7326,190.9200,89.5600
1785391825.871987,4390,3021,6510,7326,204.2300,89.5600
1785391825.896269,4390,3021,6510,7308,204.2300,89.5600
1785391825.920830,4334,3039,6473,7289,204.2300,89.5600
1785391825.947135,4325,3002,6473,7298,196.2200,89.5000
1785391825.974436,4343,2983,6463,7308,194.7400,89.5000
1785391825.997097,4362,3039,6445,7317,194.7400,89.5000
1785391826.025603,4353,3039,6445,7317,197.4400,89.4400
1785391826.047852,4390,2992,6454,7317,197.4400,89.4400
1785391826.077061,4409,3039,6482,7279,194.7400,89.4400
1785391826.099988,4409,2983,6482,7270,194.7400,89.4400
1785391826.127644,4400,3086,6491,7317,197.4400,89.4400
1785391826.148925,4334,3058,6491,7308,197.4400,89.4400
1785391826.177035,4390,2992,6445,7289,201.4700,89.3700
1785391826.201295,4362,3096,6435,7270,201.4700,89.3700
1785391826.228262,4353,3011,6454,7270,193.5700,89.3100
1785391826.251073,4353,3143,6426,7279,193.5700,89.3100
1785391826.277461,4400,3077,6454,7242,201.4700,89.3100
1785391826.301491,4418,3133,6388,7270,201.4700,89.3100
1785391826.327388,4400,3011,6407,7279,196.2200,89.3100
1785391826.352354,4437,3067,6407,7242,196.2200,89.3100
1785391826.376980,4390,3152,6379,7308,200.1500,89.2500
1785391826.402476,4371,3124,6407,7242,200.1500,89.2500
1785391826.429150,4353,3152,6398,7261,200.1500,89.2500
1785391826.454159,4362,3152,6426,7223,200.1500,89.2500
1785391826.478330,4371,3189,6407,7233,204.2300,89.2500
1785391826.504432,4428,3152,6388,7223,204.2300,89.2500
1785391826.529643,4390,3180,6388,7223,196.2200,89.3100
1785391826.554248,4409,3208,6351,7233,196.2200,89.3100
1785391826.581072,4409,3171,6370,7167,200.1500,89.3700
1785391826.605372,4381,3171,6370,7204,200.1500,89.3700
1785391826.630691,4390,3180,6370,7204,200.1500,89.4400
1785391826.656851,4437,3255,6379,7233,200.1500,89.4400
1785391826.681640,4437,3218,6323,7204,197.4400,89.5000
1785391826.707397,4400,3161,6351,7176,197.4400,89.5000
1785391826.732225,4418,3124,6360,7195,200.1500,89.5000
1785391826.757943,4409,3218,6294,7223,200.1500,89.5000
1785391826.782897,4531,3264,6341,7195,197.4400,89.5000
1785391826.808545,4531,3264,6323,7195,197.4400,89.5000
1785391826.832944,4550,3208,6294,7204,197.4400,89.4400
1785391826.858052,4540,3321,6294,7186,197.4400,89.4400
1785391826.884408,4446,3283,6266,7176,201.4700,89.3700
1785391826.909520,4465,3283,6351,7186,201.4700,89.3700
1785391826.934653,4409,3264,6276,7195,198.8700,89.2500
1785391826.958615,4409,3424,6294,7120,198.8700,89.2500
1785391826.984865,4503,3246,6304,7167,200.1500,89.1900
1785391827.010572,4540,3321,6276,7111,200.1500,89.1900
1785391827.035727,4512,3255,6304,7120,201.4700,89.1200
1785391827.061011,4428,3330,6257,7120,201.4700,89.1200
1785391827.086033,4540,3293,6257,7120,197.4400,89.0600
1785391827.112017,4550,3377,6257,7120,197.4400,89.0600
1785391827.138057,4531,3349,6238,7139,196.2200,89.0000
1785391827.162758,4465,3396,6229,7111,196.2200,89.0000
1785391827.187100,4522,3368,6248,7111,189.3300,89.0000
1785391827.213810,4559,3330,6248,7064,189.3300,89.0000
1785391827.238804,4578,3377,6238,7054,192.0300,89.0000
1785391827.263729,4606,3311,6229,7157,192.0300,89.0000
1785391827.289134,4559,3386,6238,7092,194.7400,89.0000
1785391827.314090,4559,3396,6257,7082,194.7400,89.0000
1785391827.339565,4512,3330,6238,7092,198.7100,89.1200
1785391827.365650,4540,3405,6163,7073,198.7100,89.1200
1785391827.390524,4522,3302,6191,7017,193.5700,89.1900
1785391827.415112,4559,3368,6182,7054,193.5700,89.1900
1785391827.441595,4550,3340,6201,7054,200.1500,89.2500
1785391827.467083,4587,3424,6144,7017,200.1500,89.2500
1785391827.491658,4531,3424,6163,7036,197.4400,89.3100
1785391827.517144,4522,3433,6173,6998,197.4400,89.3100
1785391827.542080,4550,3396,6173,7036,204.2300,89.3700
1785391827.567795,4568,3396,6173,7007,196.2200,89.4400
1785391827.593796,4531,3452,6144,7036,196.2200,89.4400
1785391827.618560,4568,3405,6154,7036,196.2200,89.4400
1785391827.643154,4559,3386,6173,7045,198.7100,89.5000
1785391827.672302,4540,3368,6182,6998,196.2200,89.5000
1785391827.694918,4550,3386,6210,7064,196.2200,89.5000
1785391827.719928,4606,3415,6135,7045,194.7400,89.5600
1785391827.744578,4559,3415,6135,7007,194.7400,89.5600
1785391827.771852,4568,3452,6097,7036,194.7400,89.6200
1785391827.795633,4550,3405,6154,6979,194.7400,89.6200
1785391827.822553,4568,3386,6107,7054,194.7400,89.6200
1785391827.846684,4634,3396,6097,7017,194.7400,89.6200
1785391827.874329,4615,3433,6051,7017,198.7100,89.6200
1785391827.896162,4587,3443,6097,7007,198.7100,89.6200
1785391827.925505,4578,3480,6041,6998,188.2700,89.6200
1785391827.948261,4559,3424,6126,7017,188.2700,89.6200
1785391827.975827,4597,3424,6060,6979,197.4400,89.5600
1785391827.998455,4653,3424,6051,7007,197.4400,89.5600
1785391828.025944,4606,3424,6051,6989,194.7400,89.5600
1785391828.049487,4597,3480,6004,7017,194.7400,89.5600
1785391828.077922,4559,3480,6004,6970,194.7400,89.5600
1785391828.099778,4559,3443,6079,6960,194.7400,89.5600
1785391828.127556,4568,3583,6041,7007,197.4400,89.4400
1785391828.150808,4615,3452,6069,6951,197.4400,89.4400
1785391828.177519,4615,3461,6022,6951,200.1500,89.3700
1785391828.200965,4634,3461,5994,6914,200.1500,89.3700
1785391828.226316,4615,3433,6004,6932,194.7400,89.3100
1785391828.252265,4606,3499,5985,6923,194.7400,89.3100
1785391828.277289,4606,3471,5985,6923,192.0300,89.3100
1785391828.302847,4615,3452,5966,6885,192.0300,89.3100
1785391828.327222,4606,3480,6032,6904,197.4400,89.1900
1785391828.352673,4615,3443,6022,6914,197.4400,89.1900
1785391828.379117,4625,3518,5985,6904,194.7400,89.0000
1785391828.403822,4587,3565,5947,6904,194.7400,89.0000
1785391828.429017,4681,3518,5994,6914,197.4400,88.9400
1785391828.453887,4672,3574,5929,6923,197.4400,88.9400
1785391828.479790,4672,3546,5938,6885,194.7400,88.9400
1785391828.504848,4662,3518,5947,6895,194.7400,88.9400
1785391828.530556,4587,3546,5929,6829,192.0300,88.8700
1785391828.555619,4625,3546,5919,6857,192.0300,88.8700
1785391828.581416,4625,3593,5938,6867,192.0300,88.9400
1785391828.606730,4606,3518,5919,6829,192.0300,88.9400
1785391828.631925,4643,3527,5938,6857,197.4400,88.8700
1785391828.656984,4662,3612,5938,6792,197.4400,88.8700
1785391828.681831,4643,3630,5919,6829,192.0300,88.9400
1785391828.708076,4690,3555,5919,6839,192.0300,88.9400
1785391828.732871,4672,3555,5938,6857,197.4400,89.0600
1785391828.757819,4672,3508,5929,6820,197.4400,89.0600
1785391828.784111,4690,3546,5882,6848,192.0300,89.1200
1785391828.809044,4728,3546,5966,6801,192.0300,89.1200
1785391828.834453,4690,3555,5938,6829,197.4400,89.0600
1785391828.859958,4643,3546,5910,6763,197.4400,89.0600
1785391828.884922,4681,3574,5919,6829,192.0300,89.0000
1785391828.909383,4700,3565,5938,6857,192.0300,89.0000
1785391828.935788,4681,3640,5947,6810,189.3300,88.8700
1785391828.961494,4709,3630,5919,6792,189.3300,88.8700
1785391828.986621,4709,3640,5947,6782,192.0300,88.8100
1785391829.012064,4709,3537,5891,6735,192.0300,88.8100
1785391829.036406,4728,3583,5844,6801,192.0300,88.9400
1785391829.062112,4709,3640,5882,6763,192.0300,88.9400
1785391829.087005,4718,3555,5882,6735,195.9500,88.9400
1785391829.113049,4709,3574,5882,6773,195.9500,88.9400
1785391829.137490,4775,3574,5863,6754,192.0300,89.0000
1785391829.162413,4709,3630,5844,6745,192.0300,89.0000
1785391829.188719,4737,3565,5882,6763,194.7400,89.0000
1785391829.213880,4737,3630,5863,6792,194.7400,89.0000
1785391829.238732,4775,3546,5872,6763,193.5700,88.9400
1785391829.265532,4747,3565,5807,6763,193.5700,88.9400
1785391829.290327,4718,3565,5844,6773,189.3300,88.8700
1785391829.315058,4784,3537,5807,6763,189.3300,88.8700
1785391829.340839,4784,3687,5835,6707,189.3300,88.9400
1785391829.365542,4850,3602,5844,6763,189.3300,88.9400
1785391829.391462,4831,3574,5797,6679,189.3300,88.9400
1785391829.417512,4850,3583,5788,6707,189.3300,88.9400
1785391829.442104,4878,3537,5825,6698,192.0300,89.0000
1785391829.466941,4840,3658,5769,6698,192.0300,89.0000
1785391829.493485,4822,3602,5769,6660,186.6200,89.0600
1785391829.518161,4840,3593,5779,6735,194.7400,89.1900
1785391829.543111,4869,3649,5760,6735,194.7400,89.1900
1785391829.568770,4840,3640,5816,6679,194.7400,89.1900
1785391829.593910,4803,3612,5732,6698,192.0300,89.1900
1785391829.619895,4859,3602,5722,6698,192.0300,89.1900
1785391829.644820,4822,3630,5685,6688,192.0300,89.1900
1785391829.671560,4850,3555,5750,6651,195.9500,89.0600
1785391829.695237,4859,3630,5797,6679,195.9500,89.0600
1785391829.722022,4840,3583,5722,6623,190.9200,88.9400
1785391829.747019,4850,3696,5732,6688,190.9200,88.9400
1785391829.773658,4812,3640,5732,6604,194.7400,88.8700
1785391829.796712,4840,3668,5760,6688,194.7400,88.8700
1785391829.824365,4812,3602,5732,6623,189.3300,88.8700
1785391829.846736,4831,3612,5732,6623,189.3300,88.8700
1785391829.874602,4859,3630,5713,6613,192.0300,88.9400
1785391829.898040,4765,3658,5760,6595,192.0300,88.9400
1785391829.925887,4822,3612,5685,6613,192.0300,89.0000
1785391829.947655,4822,3565,5722,6604,192.0300,89.0000
1785391829.976763,4784,3621,5666,6595,186.6200,88.9400
1785391829.999340,4822,3621,5657,6595,186.6200,88.9400
1785391830.026531,4878,3658,5685,6595,189.3300,88.8700
1785391830.049828,4859,3630,5750,6642,189.3300,88.8700
1785391830.075997,4840,3696,5666,6679,193.1900,88.8100
1785391830.100155,4822,3649,5657,6595,193.1900,88.8100
1785391830.126214,4850,3621,5628,6604,182.9600,88.8700
1785391830.151181,4878,3621,5675,6623,182.9600,88.8700
1785391830.176520,4897,3677,5657,6660,186.6200,88.9400
1785391830.202221,4915,3696,5628,6595,186.6200,88.9400
1785391830.228187,4934,3658,5647,6613,189.3300,89.0000
1785391830.251969,4887,3771,5638,6604,189.3300,89.0000
1785391830.277303,4887,3649,5675,6585,194.7400,88.9400
1785391830.302451,4887,3705,5619,6642,194.7400,88.9400
1785391830.327828,4915,3677,5628,6632,189.3300,88.8700
1785391830.353595,4897,3762,5703,6576,189.3300,88.8700
1785391830.378882,4897,3743,5610,6548,187.6700,88.8100
1785391830.403813,4878,3696,5675,6566,187.6700,88.8100
1785391830.429359,4906,3743,5647,6538,182.9600,88.8100
1785391830.455093,4840,3705,5582,6529,182.9600,88.8100
1785391830.479813,4906,3734,5563,6557,186.6200,88.8100
1785391830.504731,4906,3743,5563,6557,186.6200,88.8100
1785391830.531037,4915,3762,5553,6557,181.2100,88.8100
1785391830.556793,4869,3724,5563,6566,181.2100,88.8100
1785391830.581540,4934,3752,5563,6538,181.2100,88.8700
1785391830.607074,4944,3696,5563,6510,181.2100,88.8700
1785391830.632176,4972,3743,5572,6520,189.3300,88.8700
1785391830.658431,4925,3790,5600,6529,189.3300,88.8700
1785391830.683556,4906,3705,5506,6510,183.9200,88.9400
1785391830.708555,4925,3771,5553,6520,183.9200,88.9400
1785391830.733394,4944,3818,5525,6548,189.3300,88.9400
1785391830.759146,4869,3724,5535,6491,189.3300,88.9400
1785391830.784429,4906,3743,5553,6548,183.9200,88.9400
1785391830.809413,4887,3799,5619,6510,183.9200,88.9400
1785391830.834577,4944,3771,5563,6576,194.7400,89.0000
1785391830.859687,4887,3846,5544,6576,194.7400,89.0000
1785391830.885826,4925,3780,5506,6566,189.3300,88.9400
1785391830.911191,4944,3780,5516,6510,189.3300,88.9400
1785391830.936320,4934,3846,5535,6454,197.4400,88.9400
1785391830.961381,4934,3818,5497,6520,197.4400,88.9400
1785391830.987266,5019,3818,5497,6426,193.1900,88.8700
1785391831.012639,4953,3809,5478,6445,193.1900,88.8700
1785391831.037652,4944,3855,5469,6491,190.9200,88.9400
1785391831.062259,4925,3846,5460,6435,190.9200,88.9400
1785391831.087777,5000,3865,5497,6445,189.3300,88.9400
1785391831.113681,4981,3855,5460,6482,189.3300,88.9400
1785391831.138911,4981,3846,5516,6407,194.7400,88.9400
1785391831.164132,4991,3865,5460,6445,194.7400,88.9400
1785391831.188830,4972,3902,5506,6416,192.0300,89.0000
1785391831.215625,4934,3940,5506,6445,192.0300,89.0000
1785391831.240222,4972,3855,5497,6463,186.6200,89.0000
1785391831.265799,4962,3902,5488,6454,186.6200,89.0000
1785391831.290354,4962,3931,5535,6445,194.7400,89.0600
1785391831.315623,5000,3931,5469,6416,194.7400,89.0600
1785391831.341359,4991,3893,5469,6407,195.9500,89.1200
1785391831.366602,5000,3940,5441,6398,195.9500,89.1200
1785391831.392182,5028,3902,5422,6435,183.9200,89.0600
1785391831.416935,4962,3940,5450,6388,183.9200,89.0600
1785391831.441861,4981,3931,5460,6370,185.6200,89.0000
1785391831.468091,4981,3949,5478,6407,193.1900,88.9400
1785391831.493022,4972,3884,5422,6445,193.1900,88.9400
1785391831.517931,5019,3940,5394,6416,193.1900,88.9400
1785391831.543884,5047,3940,5394,6407,188.2700,88.8100
1785391831.569535,5028,3977,5422,6407,187.6700,88.7500
1785391831.594643,5028,3959,5413,6407,187.6700,88.7500
1785391831.620461,5066,3996,5431,6398,188.2700,88.7500
1785391831.645685,5084,3977,5403,6416,188.2700,88.7500
1785391831.670489,5056,3921,5403,6407,188.2700,88.7500
1785391831.696816,5009,4015,5366,6398,183.9200,88.8100
1785391831.723958,5047,3977,5431,6407,186.6200,88.9400
1785391831.746654,5075,3977,5413,6360,186.6200,88.9400
1785391831.774564,5047,3968,5385,6351,189.3300,89.0000
1785391831.797725,5056,3996,5403,6341,189.3300,89.0000
1785391831.825233,5094,3996,5413,6398,189.3300,89.0600
1785391831.847375,5075,4034,5385,6398,189.3300,89.0600
1785391831.875704,5150,4006,5385,6351,189.3300,89.1200
1785391831.897835,5122,4006,5347,6304,189.3300,89.1200
1785391831.925807,5019,3977,5338,6332,194.7400,89.1200
1785391831.949294,5066,4062,5328,6313,194.7400,89.1200
1785391831.977601,5103,4081,5356,6332,195.9500,89.1200
1785391831.998855,5103,4034,5347,6388,195.9500,89.1200
1785391832.026762,5103,4081,5366,6332,188.2700,89.1200
1785391832.050573,5084,4052,5319,6304,188.2700,89.1200
1785391832.077403,5094,4052,5263,6285,192.0300,89.0600
1785391832.101105,5122,4024,5366,6294,192.0300,89.0600
1785391832.125837,5122,4024,5281,6257,194.7400,89.0600
1785391832.151255,5122,4099,5216,6304,194.7400,89.0600
1785391832.178253,5066,4081,5300,6285,186.6200,89.0600
1785391832.202277,5094,4165,5300,6294,186.6200,89.0600
1785391832.226789,5075,4081,5319,6276,189.3300,89.0000
1785391832.254048,5122,4146,5300,6332,189.3300,89.0000
1785391832.279584,5169,4109,5319,6248,195.9500,88.9400
1785391832.303331,5141,4118,5291,6276,195.9500,88.9400
1785391832.328992,5159,4137,5281,6266,185.6200,88.9400
1785391832.354344,5141,4090,5225,6257,185.6200,88.9400
1785391832.378925,5159,4090,5272,6276,193.1900,88.9400
1785391832.404725,5141,4099,5263,6238,193.1900,88.9400
1785391832.431428,5112,4128,5206,6257,190.9200,88.9400
1785391832.454831,5188,4090,5263,6248,190.9200,88.9400
1785391832.479918,5150,4174,5216,6219,198.7100,88.8700
1785391832.506461,5206,4146,5225,6182,198.7100,88.8700
1785391832.531691,5178,4146,5188,6219,190.9200,88.8700
1785391832.556692,5122,4128,5188,6238,190.9200,88.8700
1785391832.582431,5150,4174,5216,6219,197.4400,88.8700
1785391832.607456,5225,4184,5197,6182,197.4400,88.8700
1785391832.632982,5188,4221,5169,6191,190.4300,88.9400
1785391832.658396,5178,4109,5263,6201,190.4300,88.9400
1785391832.683305,5234,4174,5225,6191,190.9200,88.9400
1785391832.708033,5234,4146,5244,6182,190.9200,88.9400
1785391832.734232,5244,4174,5216,6248,194.7400,88.8700
1785391832.759155,5234,4231,5253,6163,194.7400,88.8700
1785391832.784285,5178,4184,5169,6248,190.4300,88.8100
1785391832.811894,5206,4249,5178,6154,190.4300,88.8100
1785391832.835486,5216,4259,5178,6116,188.2700,88.8100
1785391832.860645,5300,4296,5141,6144,188.2700,88.8100
1785391832.886243,5272,4278,5197,6154,189.3300,88.9400
1785391832.910810,5272,4221,5178,6126,189.3300,88.9400
1785391832.935944,5216,4240,5197,6144,189.3300,89.0000
1785391832.962483,5263,4259,5150,6144,189.3300,89.0000
1785391832.989779,5253,4259,5131,6116,193.1900,89.0000
1785391833.012691,5263,4249,5150,6144,193.1900,89.0000
1785391833.038052,5263,4259,5159,6088,188.2700,89.0600
1785391833.063726,5291,4315,5150,6144,188.2700,89.0600
1785391833.088168,5291,4268,5169,6126,193.1900,89.0600
1785391833.114437,5225,4296,5131,6116,193.1900,89.0600
1785391833.138610,5319,4287,5178,6107,182.9600,89.0600
1785391833.164788,5234,4306,5141,6144,182.9600,89.0600
1785391833.190705,5309,4306,5094,6051,189.3300,89.0000
1785391833.215114,5272,4362,5178,6182,189.3300,89.0000
1785391833.240331,5309,4268,5103,6069,186.6200,89.0000
1785391833.266006,5347,4287,5122,6060,186.6200,89.0000
1785391833.291341,5338,4315,5094,6032,189.3300,89.0000
1785391833.316564,5309,4381,5084,6051,189.3300,89.0000
1785391833.341068,5300,4325,5131,6088,187.6700,89.0000
1785391833.367320,5300,4343,5084,6097,185.6200,89.0000
1785391833.392814,5347,4353,5084,6107,185.6200,89.0000
1785391833.417512,5272,4362,5047,6135,185.6200,89.0000
1785391833.443567,5300,4259,5056,6051,192.0300,88.9400
1785391833.468941,5328,4390,5084,6041,192.0300,88.9400
1785391833.495171,5300,4343,5037,6060,183.9200,88.9400
1785391833.521285,5309,4362,5037,6013,192.0300,88.9400
1785391833.544941,5328,4353,5056,6022,192.0300,88.9400
1785391833.569559,5309,4353,5084,6041,192.0300,88.9400
1785391833.596265,5347,4315,5047,6022,192.0300,88.9400
1785391833.622765,5403,4409,5028,6022,194.7400,88.9400
1785391833.645404,5394,4512,5037,6107,194.7400,88.9400
1785391833.672243,5394,4400,5009,6060,194.7400,88.8700
1785391833.696165,5356,4446,5019,6079,194.7400,88.8700
1785391833.724270,5394,4381,4981,6013,192.0300,88.8700
1785391833.747988,5338,4353,4981,6022,192.0300,88.8700
1785391833.776361,5338,4409,4991,6060,189.3300,88.8700
1785391833.797912,5413,4437,5056,6032,189.3300,88.8700
1785391833.826725,5347,4456,5000,5994,189.3300,88.8700
1785391833.848883,5328,4400,5047,5966,189.3300,88.8700
1785391833.875870,5281,4400,4991,5966,189.3300,88.8700
1785391833.899148,5347,4465,4991,5938,189.3300,88.8700
1785391833.926317,5403,4409,4972,6060,189.3300,88.9400
1785391833.949878,5366,4343,5028,5985,189.3300,88.9400
1785391833.975960,5375,4381,5028,5985,198.7100,89.0000
1785391834.000495,5431,4465,4962,5994,198.7100,89.0000
1785391834.025416,5413,4428,4944,5966,201.5300,89.0000
1785391834.050508,5413,4437,4972,5947,201.5300,89.0000
1785391834.076792,5460,4409,4962,5994,192.0300,89.0000
1785391834.101793,5431,4428,4991,5994,192.0300,89.0000
1785391834.127091,5385,4475,4953,5957,197.4400,89.0600
1785391834.152239,5403,4522,4925,5966,197.4400,89.0600
1785391834.177877,5422,4512,4991,5985,201.4700,89.0600
1785391834.203297,5478,4484,4887,5947,201.4700,89.0600
1785391834.229275,5469,4503,4887,5929,196.2200,89.0600
1785391834.253144,5469,4493,4972,5957,196.2200,89.0600
1785391834.278093,5385,4550,4944,5900,198.7100,89.1200
1785391834.305257,5478,4503,4944,5966,198.7100,89.1200
1785391834.329852,5431,4512,4934,5919,193.5700,89.1200
1785391834.355573,5460,4484,4944,5985,193.5700,89.1200
1785391834.380233,5441,4484,4915,5882,198.7100,89.1900
1785391834.405900,5478,4465,4906,5910,198.7100,89.1900
1785391834.430916,5535,4550,4897,5919,190.9200,89.1900
1785391834.456689,5460,4456,4962,5900,190.9200,89.1900
1785391834.481354,5497,4484,4887,5900,201.4700,89.1200
1785391834.506627,5460,4484,4878,5938,201.4700,89.1200
1785391834.533347,5450,4559,4897,5891,190.9200,89.1200
1785391834.557846,5450,4493,4859,5882,190.9200,89.1200
1785391834.582909,5460,4634,4869,5900,197.4400,89.0600
1785391834.607148,5525,4550,4906,5872,197.4400,89.0600
1785391834.633071,5478,4578,4887,5854,201.4700,89.0600
1785391834.658707,5535,4606,4859,5816,201.4700,89.0600
1785391834.683639,5422,4606,4831,5891,194.7400,89.0600
1785391834.709203,5469,4550,4850,5854,194.7400,89.0600
1785391834.734262,5525,4578,4831,5938,200.1500,89.0000
1785391834.759493,5525,4653,4840,5891,200.1500,89.0000
1785391834.785379,5516,4597,4831,5882,194.7400,89.0000
1785391834.812701,5572,4606,4869,5854,194.7400,89.0000
1785391834.835254,5563,4550,4831,5844,190.9200,89.0000
1785391834.861437,5506,4606,4850,5825,190.9200,89.0000
1785391834.886764,5572,4559,4840,5816,195.9500,89.0000
1785391834.911310,5544,4568,4831,5835,195.9500,89.0000
1785391834.936866,5478,4559,4822,5854,188.2700,89.0000
1785391834.961898,5478,4568,4822,5891,188.2700,89.0000
1785391834.987854,5478,4550,4822,5882,195.9500,89.0600
1785391835.013931,5525,4653,4812,5863,195.9500,89.0600
1785391835.038880,5553,4681,4775,5882,190.9200,89.1200
1785391835.063416,5544,4681,4831,5844,190.9200,89.1200
1785391835.088288,5535,4672,4831,5835,195.9500,89.1200
1785391835.114888,5553,4737,4803,5854,195.9500,89.1200
1785391835.140038,5535,4737,4869,5844,190.9200,89.1200
1785391835.165534,5525,4690,4812,5844,190.9200,89.1200
1785391835.190584,5572,4728,4784,5835,194.7400,89.1900
1785391835.215762,5600,4709,4765,5882,194.7400,89.1900
1785391835.240753,5610,4718,4765,5863,192.0300,89.1900
1785391835.266760,5572,4709,4794,5769,192.0300,89.1900
1785391835.291345,5591,4709,4737,5797,204.2300,89.1900
1785391835.316649,5610,4728,4718,5732,204.2300,89.1900
1785391835.342862,5582,4709,4728,5788,197.4400,89.2500
1785391835.367980,5563,4662,4747,5816,200.1500,89.2500
1785391835.392662,5553,4672,4775,5854,200.1500,89.2500
1785391835.418329,5675,4672,4700,5760,200.1500,89.2500
1785391835.443525,5628,4690,4681,5779,196.2200,89.2500
1785391835.470261,5619,4718,4681,5816,197.4400,89.2500
1785391835.494630,5638,4718,4709,5732,197.4400,89.2500
1785391835.519348,5610,4737,4700,5779,201.4700,89.1200
1785391835.544285,5591,4756,4690,5807,201.4700,89.1200
1785391835.572342,5638,4794,4653,5769,198.8700,89.1200
1785391835.596059,5647,4822,4672,5788,198.8700,89.1200
1785391835.624286,5657,4840,4709,5788,197.4400,89.1200
1785391835.646361,5722,4784,4690,5750,197.4400,89.1200
1785391835.674755,5685,4756,4662,5769,206.9900,89.0600
1785391835.696851,5600,4859,4690,5694,206.9900,89.0600
1785391835.726545,5666,4850,4662,5741,196.2200,89.0600
1785391835.747304,5647,4859,4681,5713,196.2200,89.0600
1785391835.775892,5610,4887,4653,5750,201.4700,89.0600
1785391835.799353,5675,4784,4662,5713,201.4700,89.0600
1785391835.825729,5713,4822,4625,5722,198.8700,89.0600
1785391835.849253,5703,4831,4587,5703,198.8700,89.0600
1785391835.875703,5732,4840,4597,5703,198.7100,89.0600
1785391835.899146,5685,4859,4643,5713,198.7100,89.0600
1785391835.924562,5666,4812,4653,5732,196.2200,89.0000
1785391835.949232,5685,4850,4643,5741,196.2200,89.0000
1785391835.974879,5750,4765,4597,5694,194.7400,89.0000
1785391836.001473,5732,4775,4634,5703,194.7400,89.0000
1785391836.026842,5760,4822,4606,5675,195.9500,89.0600
1785391836.052485,5722,4859,4587,5703,195.9500,89.0600
1785391836.077760,5694,4850,4615,5703,194.7400,89.1200
1785391836.102259,5675,4850,4568,5638,194.7400,89.1200
1785391836.127564,5713,4934,4653,5685,193.5700,89.2500
1785391836.152825,5760,4906,4606,5713,193.5700,89.2500
1785391836.178001,5760,4897,4634,5685,195.9500,89.3100
1785391836.203793,5760,4944,4578,5675,195.9500,89.3100
1785391836.228396,5760,5000,4672,5685,197.4400,89.3100
1785391836.253944,5779,4972,4587,5722,197.4400,89.3100
1785391836.280163,5703,5019,4653,5591,194.7400,89.3700
1785391836.305038,5741,4869,4587,5741,194.7400,89.3700
1785391836.329405,5807,4972,4550,5657,200.1500,89.4400
1785391836.355570,5722,4981,4531,5638,200.1500,89.4400
1785391836.380835,5779,4840,4568,5647,193.5700,89.4400
1785391836.406752,5797,5253,4597,5610,193.5700,89.4400
1785391836.432479,5788,4737,4540,5657,204.2300,89.5000
1785391836.457111,5854,5056,4540,5628,204.2300,89.5000
1785391836.483040,5769,5028,4550,5638,194.7400,89.5600
1785391836.507786,5769,5037,4587,5600,194.7400,89.5600
1785391836.532495,5779,4672,4531,5582,196.2200,89.5600
1785391836.557000,5797,4718,4475,5647,196.2200,89.5600
1785391836.583874,5797,4718,4465,5657,198.7100,89.6200
1785391836.610153,5797,4606,4568,5610,198.7100,89.6200
1785391836.634913,5779,4606,4522,5572,196.2200,89.6200
1785391836.659839,5882,4587,4512,5638,196.2200,89.6200
1785391836.685284,5825,4634,4540,5638,198.7100,89.6900
1785391836.709342,5872,5066,4522,5610,198.7100,89.6900
1785391836.734282,5807,4606,4475,5600,190.9200,89.7500
1785391836.760632,5825,4625,4475,5600,190.9200,89.7500
1785391836.785286,5825,4625,4446,5572,201.4700,89.7500
1785391836.810522,5807,4672,4465,5582,201.4700,89.7500
1785391836.837009,5844,4653,4465,5582,194.7400,89.6900
1785391836.861760,5882,4643,4475,5553,194.7400,89.6900
1785391836.887017,5825,4709,4437,5572,197.4400,89.6900
1785391836.912430,5816,4784,4503,5563,197.4400,89.6900
1785391836.938095,5929,4718,4456,5553,197.4400,89.6200
1785391836.963080,5825,4747,4446,5563,197.4400,89.6200
1785391836.989123,5825,4728,4465,5525,193.5700,89.6200
1785391837.013452,5882,4765,4446,5535,193.5700,89.6200
1785391837.038725,5882,4840,4409,5535,197.4400,89.5600
1785391837.064956,5882,4840,4437,5488,197.4400,89.5600
1785391837.089930,5910,4981,4400,5525,197.4400,89.5600
1785391837.115333,5882,4794,4371,5516,197.4400,89.5600
1785391837.140553,5891,4840,4465,5544,194.7400,89.6200
1785391837.165930,5835,5009,4400,5553,201.4700,89.6200
1785391837.191281,5910,5047,4437,5525,201.4700,89.6200
1785391837.217433,5910,4991,4409,5544,201.4700,89.6200
1785391837.241492,5929,5037,4400,5544,193.5700,89.6900
1785391837.267308,5891,5103,4418,5488,200.1500,89.6900
1785391837.292353,5891,5000,4390,5535,200.1500,89.6900
1785391837.318480,5929,5169,4390,5469,200.1500,89.6900
1785391837.342624,5929,5169,4390,5553,194.7400,89.7500
1785391837.367553,5957,5234,4371,5506,194.7400,89.7500
1785391837.393971,5910,5122,4353,5460,198.7100,89.8100
1785391837.418905,5919,5131,4343,5460,196.2200,89.8700
1785391837.444399,5900,5178,4371,5516,196.2200,89.8700
1785391837.471920,5929,5141,4353,5497,197.4400,89.9400
1785391837.494534,5976,5234,4400,5488,197.4400,89.9400
1785391837.520618,5929,5234,4390,5488,194.7400,90.0600
1785391837.545886,5966,5188,4362,5469,194.7400,90.0600
1785391837.573767,5891,5131,4334,5460,194.7400,90.0600
1785391837.595644,5891,5197,4315,5450,194.7400,90.0600
1785391837.624042,5938,5188,4343,5441,192.0300,90.0600
1785391837.646862,5919,5188,4362,5394,192.0300,90.0600
1785391837.674335,5976,5178,4325,5422,201.4700,90.0000
1785391837.697687,5976,5159,4325,5431,201.4700,90.0000
1785391837.725777,5938,5159,4334,5450,193.5700,89.9400
1785391837.748398,5929,5122,4278,5413,193.5700,89.9400
1785391837.775187,5929,5197,4334,5403,194.7400,89.8700
1785391837.798726,5966,5225,4306,5431,194.7400,89.8700
1785391837.825701,5947,5188,4287,5413,194.7400,89.8100
1785391837.848651,5910,5188,4315,5422,194.7400,89.8100
1785391837.875302,5976,5159,4278,5469,195.9500,89.8100
1785391837.900204,5947,5253,4315,5366,195.9500,89.8100
1785391837.925181,5957,5272,4249,5422,193.5700,89.8700
1785391837.951653,5938,5272,4240,5366,193.5700,89.8700
1785391837.976757,5985,5225,4240,5385,201.4700,89.8100
1785391838.001755,5957,5272,4240,5403,201.4700,89.8100
1785391838.026858,5957,5300,4278,5422,190.9200,89.8100
1785391838.052668,5985,5244,4231,5385,190.9200,89.8100
1785391838.077260,6022,5206,4268,5385,194.7400,89.7500
1785391838.103315,6060,5206,4278,5413,194.7400,89.7500
1785391838.128475,6013,5328,4249,5356,192.0300,89.6900
1785391838.152848,6013,5385,4231,5338,192.0300,89.6900
1785391838.178261,6004,5375,4287,5356,189.3300,89.5600
1785391838.203728,6022,5291,4249,5431,189.3300,89.5600
1785391838.229570,6060,5291,4193,5356,192.0300,89.5600
1785391838.254760,5994,5328,4184,5385,192.0300,89.5600
1785391838.279742,5985,5291,4203,5356,192.0300,89.5600
1785391838.304779,6013,5300,4193,5366,192.0300,89.5600
1785391838.331354,6022,5356,4165,5356,195.9500,89.6200
1785391838.356386,6069,5291,4221,5347,195.9500,89.6200
1785391838.383921,6069,5356,4184,5356,188.2700,89.6200
1785391838.406857,6069,5413,4184,5319,188.2700,89.6200
1785391838.432717,6032,5328,4165,5300,192.0300,89.6200
1785391838.457891,6060,5338,4156,5309,192.0300,89.6200
1785391838.482830,6060,5375,4156,5338,194.7400,89.6900
1785391838.507763,6060,5375,4137,5356,194.7400,89.6900
1785391838.532845,6032,5328,4165,5347,198.7100,89.7500
1785391838.558667,6069,5403,4118,5300,198.7100,89.7500
1785391838.584410,6051,5338,4128,5347,190.9200,89.8100
1785391838.609259,6079,5347,4137,5338,190.9200,89.8100
1785391838.634936,6032,5338,4118,5356,192.0300,89.8700
1785391838.660671,6079,5328,4062,5375,192.0300,89.8700
1785391838.687001,6060,5375,4099,5356,192.0300,89.8700
1785391838.711168,6079,5441,4052,5309,192.0300,89.8700
1785391838.736227,6116,5403,4118,5347,194.7400,89.9400
1785391838.761491,6051,5309,4034,5300,194.7400,89.9400
1785391838.786457,6116,5469,4062,5291,194.7400,89.9400
1785391838.812315,6116,5431,4052,5356,194.7400,89.9400
1785391838.837141,6107,5441,4052,5263,197.4400,89.9400
1785391838.862288,6154,5403,4024,5300,197.4400,89.9400
1785391838.888329,6079,5366,4052,5338,195.9500,89.8700
1785391838.913439,6126,5460,4006,5281,195.9500,89.8700
1785391838.938433,6135,5431,4043,5263,196.2200,89.7500
1785391838.963801,6144,5441,3996,5263,196.2200,89.7500
1785391838.989802,6116,5431,4024,5300,197.4400,89.6900
1785391839.014862,6173,5413,4015,5244,197.4400,89.6900
1785391839.040880,6173,5431,3968,5347,197.4400,89.6900
1785391839.065090,6116,5478,4062,5328,197.4400,89.6900
1785391839.090392,6144,5469,3959,5291,194.7400,89.5600
1785391839.115745,6154,5469,4034,5309,194.7400,89.5000
1785391839.141292,6144,5450,3949,5263,194.7400,89.5000
1785391839.166080,6191,5441,4024,5300,194.7400,89.5000
1785391839.190823,6173,5478,3949,5253,198.7100,89.4400
1785391839.217121,6173,5497,3996,5244,197.4400,89.3700
1785391839.242188,6144,5600,3987,5244,197.4400,89.3700
1785391839.267081,6173,5535,3893,5234,194.7400,89.3100
1785391839.293291,6163,5516,3940,5225,194.7400,89.3100
1785391839.317851,6219,5572,3940,5225,194.7400,89.3100
1785391839.343357,6201,5535,3912,5225,193.5700,89.3100
1785391839.370627,6210,5516,3987,5206,193.1900,89.3700
1785391839.394177,6191,5497,3931,5206,193.1900,89.3700
1785391839.418849,6248,5572,3921,5178,193.5700,89.3700
1785391839.445077,6201,5488,3912,5225,193.5700,89.3700
1785391839.472767,6201,5469,3931,5206,194.7400,89.3700
1785391839.495633,6248,5497,3940,5206,194.7400,89.3700
1785391839.524297,6191,5506,3893,5169,194.7400,89.3700
1785391839.546026,6219,5525,3902,5197,194.7400,89.3700
1785391839.573841,6266,5506,3931,5206,198.7100,89.3700
1785391839.596049,6182,5497,3902,5188,198.7100,89.3700
1785391839.624627,6219,5544,3874,5197,196.2200,89.3700
1785391839.646890,6219,5563,3884,5206,196.2200,89.3700
1785391839.676186,6266,5488,3884,5188,192.0300,89.4400
1785391839.699062,6248,5516,3902,5188,192.0300,89.4400
1785391839.726866,6304,5516,3855,5197,194.7400,89.5000
1785391839.748044,6210,5600,3884,5178,194.7400,89.5000
1785391839.774479,6257,5591,3902,5178,189.3300,89.5600
1785391839.799018,6304,5610,3837,5206,189.3300,89.5600
1785391839.825412,6341,5638,3893,5178,194.7400,89.6200
1785391839.851567,6285,5638,3827,5178,194.7400,89.6200
1785391839.875394,6257,5591,3837,5141,192.0300,89.6900
1785391839.900349,6276,5619,3865,5141,192.0300,89.6900
1785391839.926588,6257,5610,3818,5159,197.4400,89.6900
1785391839.951455,6266,5572,3874,5150,197.4400,89.6900
1785391839.976035,6304,5600,3799,5131,194.7400,89.6900
1785391840.002441,6294,5657,3827,5131,194.7400,89.6900
1785391840.027668,6294,5619,3855,5131,197.4400,89.6200
1785391840.053499,6266,5638,3799,5094,197.4400,89.6200
1785391840.078743,6360,5591,3846,5112,204.2300,89.5600
1785391840.103808,6285,5713,3846,5178,204.2300,89.5600
1785391840.129041,6388,5675,3818,5122,196.2200,89.5000
1785391840.155560,6332,5703,3771,5103,196.2200,89.5000
1785391840.179748,6285,5703,3771,5122,200.1500,89.4400
1785391840.204648,6313,5666,3837,5103,200.1500,89.4400
1785391840.230180,6304,5638,3799,5094,200.1500,89.4400
1785391840.255644,6332,5666,3799,5131,200.1500,89.4400
1785391840.280746,6351,5647,3818,5084,200.1500,89.3700
1785391840.306048,6398,5732,3809,5066,200.1500,89.3700
1785391840.331913,6323,5722,3752,5094,197.4400,89.3100
1785391840.357429,6370,5694,3790,5112,197.4400,89.3100
1785391840.382514,6276,5713,3799,5094,202.8500,89.2500
1785391840.408090,6379,5694,3743,5047,202.8500,89.2500
1785391840.432881,6370,5703,3818,5066,194.7400,89.2500
1785391840.457755,6332,5713,3752,5075,194.7400,89.2500
1785391840.483814,6398,5722,3762,5075,197.4400,89.1900
1785391840.508663,6398,5741,3752,5056,197.4400,89.1900
1785391840.533591,6398,5788,3771,5066,194.7400,89.1900
1785391840.559008,6435,5750,3799,5094,194.7400,89.1900
1785391840.583921,6435,5816,3818,5028,194.7400,89.2500
1785391840.609256,6341,5703,3790,5084,194.7400,89.2500
1785391840.635237,6416,5750,3743,5056,197.4400,89.2500
1785391840.660390,6370,5750,3780,5037,197.4400,89.2500
1785391840.685486,6370,5741,3780,5047,204.2300,89.3100
1785391840.711571,6435,5750,3780,5000,204.2300,89.3100
1785391840.736540,6416,5741,3762,5028,201.5300,89.3100
1785391840.761958,6454,5807,3724,5056,201.5300,89.3100
1785391840.787635,6398,5835,3734,4991,194.7400,89.3100
1785391840.812979,6473,5769,3715,5019,194.7400,89.3100
1785391840.838232,6398,5779,3734,4981,200.1500,89.3700
1785391840.863746,6426,5797,3715,4962,200.1500,89.3700
1785391840.888205,6370,5797,3752,4972,201.4700,89.4400
1785391840.912929,6370,5750,3668,5028,201.4700,89.4400
1785391840.939036,6416,5797,3743,5019,193.5700,89.4400
1785391840.964097,6407,5779,3762,4972,193.5700,89.4400
1785391840.989142,6416,5797,3715,4859,200.1500,89.4400
1785391841.014983,6445,5854,3705,4944,200.1500,89.4400
1785391841.040258,6445,5816,3705,5037,200.1500,89.3700
1785391841.065534,6473,5779,3724,4991,200.1500,89.3700
1785391841.090639,6445,5807,3724,4991,200.1500,89.3700
1785391841.116317,6398,5797,3734,4972,200.1500,89.3700
1785391841.141350,6454,5807,3734,4991,200.1500,89.3700
1785391841.166522,6463,5844,3677,4991,200.1500,89.3700
1785391841.192384,6454,5816,3658,5000,197.4400,89.3100
1785391841.217473,6454,5910,3658,4953,200.1500,89.2500
1785391841.242538,6416,5910,3705,4981,200.1500,89.2500
1785391841.268211,6435,5816,3705,4981,200.1500,89.2500
1785391841.293506,6463,5816,3705,4944,197.4400,89.2500
1785391841.318585,6463,5825,3705,4953,200.1500,89.1900
1785391841.344307,6463,5825,3668,4972,200.1500,89.1900
1785391841.368984,6454,5900,3705,4934,197.4400,89.1200
1785391841.394062,6501,5854,3668,4944,197.4400,89.1200
1785391841.422082,6491,5882,3668,4962,194.7400,89.1200
1785391841.445583,6482,5825,3640,4915,194.7400,89.1200
1785391841.474006,6520,5854,3593,4915,194.7400,89.1200
1785391841.496664,6491,5844,3734,4944,194.7400,89.1200
1785391841.525459,6520,5891,3602,4906,197.4400,89.2500
1785391841.546810,6520,5938,3602,4944,197.4400,89.2500
1785391841.574715,6510,5891,3593,4897,197.4400,89.2500
1785391841.597054,6510,5919,3593,4869,197.4400,89.2500
1785391841.625195,6520,5919,3593,4840,194.7400,89.3100
1785391841.648580,6520,5882,3612,4887,194.7400,89.3100
1785391841.675217,6548,6004,3593,4878,194.7400,89.3700
1785391841.698632,6585,5910,3621,4897,194.7400,89.3700
1785391841.725572,6520,6032,3537,4878,197.4400,89.5000
1785391841.749454,6520,5900,3602,4859,197.4400,89.5000
1785391841.774595,6538,5910,3574,4906,197.4400,89.5600
1785391841.800707,6510,5938,3574,4869,197.4400,89.5600
1785391841.825343,6548,5910,3574,4887,197.4400,89.6200
1785391841.850463,6548,5910,3555,4878,197.4400,89.6200
1785391841.876149,6585,5994,3555,4878,194.7400,89.6900
1785391841.901515,6557,5938,3565,4887,194.7400,89.6900
1785391841.926626,6548,5957,3555,4887,192.0300,89.6900
1785391841.951620,6585,6013,3546,4831,192.0300,89.6900
1785391841.977589,6566,5985,3527,4859,197.4400,89.6900
1785391842.002564,6604,5976,3555,4794,197.4400,89.6900
1785391842.027791,6604,5966,3508,4822,192.0300,89.7500
1785391842.053273,6613,6041,3518,4850,192.0300,89.7500
1785391842.078426,6595,5976,3555,4859,194.7400,89.7500
1785391842.103692,6623,6060,3518,4869,194.7400,89.7500
1785391842.129339,6642,6004,3546,4803,192.0300,89.7500
1785391842.154452,6642,6032,3546,4794,192.0300,89.7500
1785391842.179634,6595,6041,3499,4756,194.7400,89.7500
1785391842.205440,6613,6088,3518,4831,194.7400,89.7500
1785391842.230511,6660,5985,3499,4756,194.7400,89.6900
1785391842.255377,6604,6022,3499,4803,194.7400,89.6900
1785391842.281107,6632,6032,3471,4775,200.1500,89.6200
1785391842.306180,6651,5994,3471,4784,200.1500,89.6200
1785391842.331681,6623,5966,3490,4784,200.1500,89.5600
1785391842.357354,6613,5976,3461,4737,200.1500,89.5600
1785391842.383368,6651,6022,3461,4765,200.1500,89.5600
1785391842.408423,6604,5985,3480,4784,200.1500,89.5600
1785391842.433913,6660,5994,3461,4775,197.4400,89.5000
1785391842.458705,6698,6004,3415,4756,197.4400,89.5000
1785391842.483785,6660,6135,3415,4747,194.7400,89.4400
1785391842.509276,6632,6060,3452,4747,194.7400,89.4400
1785391842.535169,6660,6069,3461,4775,197.4400,89.3700
1785391842.561029,6670,6013,3424,4756,197.4400,89.3700
1785391842.585027,6632,6060,3443,4794,197.4400,89.3700
1785391842.610455,6698,6116,3471,4794,197.4400,89.3700
1785391842.634700,6651,6116,3405,4728,193.5700,89.3100
1785391842.659735,6660,6107,3368,4756,193.5700,89.3100
1785391842.687090,6679,6163,3443,4775,194.7400,89.3100
1785391842.711632,6670,6107,3424,4794,194.7400,89.3100
1785391842.736793,6688,6135,3377,4765,200.1500,89.3100
1785391842.762455,6707,6173,3396,4709,200.1500,89.3100
1785391842.787838,6707,6144,3377,4662,201.4700,89.3100
1785391842.812443,6698,6182,3405,4662,201.4700,89.3100
1785391842.838792,6698,6135,3405,4756,196.2200,89.3100
1785391842.863254,6707,6088,3368,4718,196.2200,89.3100
1785391842.889019,6726,6107,3358,4737,204.2300,89.3100
1785391842.914887,6679,6173,3368,4812,204.2300,89.3100
1785391842.940094,6735,6173,3330,4728,190.9200,89.3100
1785391842.965378,6707,6126,3330,4653,190.9200,89.3100
1785391842.990240,6726,6144,3377,4662,201.4700,89.3100
1785391843.015585,6707,6182,3377,4737,192.0300,89.2500
1785391843.040441,6735,6182,3358,4672,192.0300,89.2500
1785391843.067125,6782,6144,3340,4700,192.0300,89.2500
1785391843.091813,6763,6219,3330,4681,200.1500,89.2500
1785391843.117224,6745,6201,3311,4709,200.1500,89.2500
1785391843.142785,6707,6201,3330,4625,188.2700,89.1900
1785391843.168922,6707,6173,3349,4662,188.2700,89.1900
1785391843.193106,6745,6219,3283,4662,198.7100,89.1900
1785391843.218413,6754,6238,3386,4634,198.7100,89.1900
1785391843.244652,6754,6219,3274,4643,194.7400,89.1200
1785391843.269091,6810,6173,3302,4653,197.4400,89.0600
1785391843.294081,6810,6248,3302,4653,197.4400,89.0600
1785391843.319119,6810,6210,3302,4643,193.5700,89.0000
1785391843.344213,6810,6210,3283,4578,193.5700,89.0000
1785391843.369779,6801,6285,3293,4709,197.4400,89.0000
1785391843.397061,6792,6266,3340,4643,197.4400,89.0000
1785391843.423782,6810,6238,3246,4662,194.7400,89.0000
1785391843.445307,6773,6285,3255,4625,194.7400,89.0000
1785391843.475712,6801,6304,3274,4681,198.7100,89.0600
1785391843.497623,6848,6238,3255,4643,198.7100,89.0600
1785391843.523662,6820,6266,3246,4672,189.3300,89.0600
1785391843.547115,6820,6257,3255,4681,189.3300,89.0600
1785391843.574889,6820,6276,3255,4587,192.0300,89.0600
1785391843.598558,6848,6238,3264,4587,192.0300,89.0600
1785391843.627349,6829,6276,3218,4606,192.0300,89.1200
1785391843.649197,6829,6266,3302,4597,192.0300,89.1200
1785391843.674791,6829,6285,3255,4522,192.0300,89.1900
1785391843.700090,6857,6313,3302,4597,192.0300,89.1900
1785391843.725789,6829,6294,3199,4803,190.9200,89.2500
1785391843.750567,6876,6304,3236,4700,190.9200,89.2500
1785391843.775545,6848,6323,3293,4606,198.7100,89.3700
1785391843.800624,6839,6332,3189,4522,198.7100,89.3700
1785391843.826174,6867,6388,3236,4850,193.5700,89.3700
1785391843.852375,6895,6304,3161,4925,193.5700,89.3700
1785391843.877258,6848,6285,3180,4812,201.4700,89.4400
1785391843.901778,6839,6351,3227,4475,201.4700,89.4400
1785391843.928369,6857,6370,3180,4465,197.4400,89.5600
1785391843.952725,6923,6379,3218,4484,197.4400,89.5600
1785391843.977974,6923,6341,3264,4531,194.7400,89.6900
1785391844.003313,6904,6332,3152,4531,194.7400,89.6900
1785391844.028247,6979,6332,3161,4822,193.5700,89.7500
1785391844.054050,6885,6323,3161,4794,193.5700,89.7500
1785391844.079748,6885,6379,3218,4484,195.9500,89.7500
1785391844.104821,6932,6416,3171,4446,195.9500,89.7500
1785391844.129888,6923,6407,3208,4812,190.9200,89.7500
1785391844.155648,6904,6426,3114,4446,190.9200,89.7500
1785391844.180413,6932,6454,3133,4456,198.7100,89.7500
1785391844.206248,6923,6388,3171,4512,198.7100,89.7500
1785391844.230878,6942,6445,3096,4747,190.9200,89.8100
1785391844.257163,6960,6426,3171,4409,190.9200,89.8100
1785391844.281590,6970,6388,3152,4512,194.7400,89.8100
1785391844.306843,6942,6435,3105,4465,194.7400,89.8100
1785391844.333023,6989,6426,3143,4587,198.7100,89.8100
1785391844.357305,6932,6454,3077,4775,198.7100,89.8100
1785391844.382537,6951,6473,3077,4756,192.0300,89.7500
1785391844.409436,6932,6482,3124,4437,192.0300,89.7500
1785391844.433821,6979,6416,3105,4794,196.2200,89.7500
1785391844.459141,6942,6454,3124,4718,196.2200,89.7500
1785391844.484345,6979,6435,3105,4784,201.4700,89.6200
1785391844.510031,6979,6482,3143,4718,201.4700,89.6200
1785391844.534522,6998,6482,3049,4737,200.1500,89.5600
1785391844.560680,6970,6482,3124,4643,200.1500,89.5600
1785391844.585353,6989,6510,3105,4718,197.4400,89.4400
1785391844.610323,6970,6482,3058,4747,197.4400,89.4400
1785391844.636659,7007,6435,3077,4747,196.2200,89.4400
1785391844.662032,6998,6454,3096,4690,196.2200,89.4400
1785391844.686618,6970,6501,3058,4381,194.7400,89.3100
1785391844.712385,6989,6510,3039,5066,194.7400,89.3100
1785391844.737655,6989,6473,3058,4718,198.7100,89.3100
1785391844.763398,6998,6473,3039,4334,198.7100,89.3100
1785391844.788884,7036,6491,3077,4428,197.4400,89.3100
1785391844.813524,7007,6491,3039,4784,197.4400,89.3100
1785391844.838359,7007,6491,3002,5075,200.1500,89.3100
1785391844.863721,7064,6557,3002,5028,200.1500,89.3100
1785391844.890259,7026,6557,3077,4634,197.4400,89.3100
1785391844.915070,7007,6566,3077,4709,197.4400,89.3100
1785391844.939456,7007,6604,3049,4615,196.2200,89.3100
1785391844.965886,7017,6548,3021,4653,204.2300,89.3100
1785391844.991179,7017,6576,2983,4606,204.2300,89.3100
1785391845.016196,7101,6529,3049,4662,204.2300,89.3100
1785391845.041398,7111,6510,2974,4578,202.8500,89.3100
1785391845.066394,7111,6557,3058,4615,202.8500,89.3100
1785391845.092123,7092,6548,2974,4568,200.1500,89.3700
1785391845.118572,7092,6557,3105,4634,200.1500,89.3100
1785391845.143070,7036,6557,3002,4962,200.1500,89.3100
1785391845.167473,7036,6595,3021,4906,200.1500,89.3100
1785391845.193967,7111,6651,2974,5009,194.7400,89.3100
1785391845.219096,7111,6566,3011,4587,196.2200,89.2500
1785391845.244488,7111,6642,3011,4578,196.2200,89.2500
1785391845.270079,7111,6642,3067,4578,196.2200,89.2500
1785391845.294524,7120,6566,3039,4981,198.7100,89.2500
1785391845.320540,7073,6660,3011,4915,196.2200,89.2500
1785391845.345932,7064,6642,3011,4897,196.2200,89.2500
1785391845.372789,7064,6623,2964,4897,201.4700,89.1900
1785391845.395908,7082,6623,2983,4897,201.4700,89.1900
1785391845.424167,7082,6595,2983,4925,196.2200,89.1200
1785391845.447216,7111,6632,2964,4887,196.2200,89.1200
1785391845.474716,7167,6585,2946,4878,198.7100,89.0600
1785391845.497816,7139,6717,2983,4578,198.7100,89.0600
1785391845.526304,7167,6651,2927,4878,190.9200,88.9400
1785391845.548279,7167,6688,2974,4897,190.9200,88.9400
1785391845.576007,7176,6623,2946,4850,190.4300,88.8700
1785391845.598837,7129,6623,2955,4869,190.4300,88.8700
1785391845.625632,7167,6670,2927,4869,188.2700,88.9400
1785391845.649001,7214,6651,2946,4859,188.2700,88.9400
1785391845.674721,7148,6632,3011,4831,193.1900,88.9400
1785391845.699483,7148,6642,2983,4437,193.1900,88.9400
1785391845.724600,7195,6670,2917,4897,185.6200,89.0000
1785391845.750281,7186,6623,2927,4859,185.6200,89.0000
1785391845.776107,7157,6679,2927,4887,190.4300,89.0000
1785391845.801452,7195,6707,2917,4831,190.4300,89.0000
1785391845.826720,7195,6679,2899,4831,194.7400,89.0600
1785391845.852123,7204,6679,2852,4850,194.7400,89.0600
1785391845.877104,7186,6679,2889,4850,192.0300,89.1200
1785391845.903109,7251,6688,2899,4850,192.0300,89.1200
1785391845.928328,7223,6707,2889,4859,194.7400,89.2500
1785391845.953210,7214,6698,2870,4869,194.7400,89.2500
1785391845.978535,7214,6679,2852,4493,200.1500,89.3100
1785391846.003834,7214,6707,2861,4859,200.1500,89.3100
1785391846.032126,7186,6745,2852,4897,200.1500,89.3100
1785391846.054646,7223,6763,2852,4812,200.1500,89.3100
1785391846.079776,7261,6707,2870,4428,197.4400,89.3100
1785391846.105573,7251,6792,2852,4400,197.4400,89.3100
1785391846.131860,7214,6745,2889,4784,198.8700,89.3700
1785391846.156437,7214,6698,2833,4822,198.8700,89.3700
1785391846.182304,7251,6754,2861,4784,198.7100,89.3700
1785391846.206431,7204,6754,2833,4400,198.7100,89.3700
1785391846.233289,7242,6754,2842,4465,196.2200,89.3700
1785391846.257262,7223,6754,2833,4737,196.2200,89.3700
1785391846.282583,7251,6717,2870,4747,198.7100,89.3700
1785391846.307445,7242,6735,2899,4765,198.7100,89.3700
1785391846.333685,7279,6707,2833,4765,196.2200,89.3100
1785391846.358613,7308,6717,2946,4765,196.2200,89.3100
1785391846.384689,7308,6726,2824,4765,204.2300,89.3100
1785391846.409426,7270,6782,2833,4756,204.2300,89.3100
1785391846.433225,7317,6717,2824,4775,202.8500,89.3100
1785391846.459960,7242,6801,2814,4794,202.8500,89.3100
1785391846.485085,7326,6745,2777,4700,202.8500,89.2500
1785391846.509901,7298,6745,2786,4390,202.8500,89.2500
1785391846.535347,7354,6782,2749,4409,196.2200,89.1900
1785391846.561113,7308,6801,2795,4794,196.2200,89.1900
1785391846.585977,7308,6773,2786,4784,201.4700,89.0600
1785391846.612027,7308,6792,2899,4784,201.4700,89.0600
1785391846.637446,7289,6829,2805,4765,194.7400,89.0000
1785391846.662547,7345,6829,2777,4334,194.7400,89.0000
1785391846.688302,7345,6754,2758,4353,192.0300,88.8700
1785391846.713564,7317,6763,2730,4371,192.0300,88.8700
1785391846.739622,7336,6782,2833,4737,192.0300,88.7500
1785391846.763808,7364,6754,2786,4728,192.0300,88.7500
1785391846.788081,7354,6820,2795,4747,185.6200,88.7500
1785391846.813463,7354,6829,2739,4775,185.6200,88.7500
1785391846.840072,7392,6810,2805,4418,189.3300,88.7500
1785391846.864660,7336,6801,2739,4343,189.3300,88.7500
1785391846.889472,7345,6782,2739,4456,190.4300,88.8100
1785391846.916534,7383,6773,2749,4775,192.0300,88.9400
1785391846.941132,7401,6782,2730,4775,192.0300,88.9400
1785391846.966142,7401,6810,2749,4784,192.0300,88.9400
1785391846.991671,7392,6810,2749,4325,185.6200,89.0000
1785391847.016558,7430,6773,2786,4334,185.6200,89.0000
1785391847.042874,7430,6820,2786,4343,190.4300,89.1200
1785391847.068490,7383,6792,2664,4747,192.0300,89.1900
1785391847.093087,7448,6792,2702,4747,192.0300,89.1900
1785391847.117539,7411,6773,2749,4775,192.0300,89.1900
1785391847.144458,7373,6820,2683,4334,197.4400,89.1900
1785391847.171194,7458,6810,2739,4296,194.7400,89.1200
1785391847.194117,7430,6810,2692,4296,194.7400,89.1200
1785391847.219996,7411,6717,2749,4231,194.7400,89.1200
1785391847.244377,7430,6792,2730,4325,188.2700,89.0600
1785391847.272873,7448,6829,2664,4296,190.4300,89.0000
1785391847.295582,7420,6820,2720,4765,190.4300,89.0000
1785391847.323852,7373,6792,2636,4362,188.2700,88.9400
1785391847.346021,7430,6829,2692,4728,188.2700,88.9400
1785391847.375387,7439,6839,2664,4353,193.1900,88.8700
1785391847.396824,7439,6810,2645,4287,193.1900,88.8700
1785391847.423331,7430,6857,2674,4681,185.6200,88.8700
1785391847.447275,7411,6820,2645,4353,185.6200,88.8700
1785391847.476844,7439,6848,2645,4672,193.1900,88.9400
1785391847.498464,7514,6839,2627,3921,193.1900,88.9400
1785391847.526189,7448,6857,2627,4287,190.9200,89.0000
1785391847.549253,7448,6876,2655,4287,190.9200,89.0000
1785391847.576519,7448,6904,2617,4634,195.9500,89.0600
1785391847.598519,7486,6895,2608,4672,195.9500,89.0600
1785391847.626159,7505,6839,2580,4212,190.9200,89.0600
1785391847.650061,7467,6895,2645,4212,190.9200,89.0600
1785391847.675455,7458,6904,2580,4615,201.4700,89.0600
1785391847.700587,7551,6885,2608,4212,201.4700,89.0600
1785391847.727447,7467,6848,2645,4193,194.7400,89.0000
1785391847.751390,7486,6951,2664,4625,194.7400,89.0000
1785391847.776779,7467,6951,2645,4587,200.1500,88.9400
1785391847.801918,7495,6923,2636,4597,200.1500,88.9400
1785391847.828755,7542,6989,2598,4625,185.6200,88.8700
1785391847.853442,7476,6942,2598,4578,185.6200,88.8700
1785391847.878864,7523,6970,2598,4559,198.7100,88.8700
1785391847.903323,7505,6989,2655,4249,198.7100,88.8700
1785391847.928625,7523,7017,2580,4568,192.0300,88.8100
1785391847.955333,7495,6979,2645,4578,192.0300,88.8100
1785391847.979684,7551,7036,2580,4540,192.0300,88.8700
1785391848.004951,7542,7017,2589,4540,192.0300,88.8700
1785391848.029773,7598,7054,2589,4540,188.2700,88.9400
1785391848.054478,7608,7064,2608,4522,188.2700,88.9400
1785391848.080964,7570,7007,2636,4512,198.7100,88.8700
1785391848.105551,7551,7017,2580,4503,198.7100,88.8700
1785391848.130872,7561,7045,2523,4503,190.9200,88.8700
1785391848.156082,7551,7101,2561,4522,190.9200,88.8700
1785391848.183255,7598,7036,2533,4446,193.1900,88.9400
1785391848.208140,7570,7111,2608,4475,193.1900,88.9400
1785391848.232731,7580,7017,2561,4418,196.2200,89.0000
1785391848.257267,7580,7111,2589,4446,196.2200,89.0000
1785391848.282100,7570,8002,2514,4503,206.9900,89.0600
1785391848.307258,7589,7064,2533,4418,206.9900,89.0600
1785391848.333329,7627,7111,2486,4409,190.9200,89.1900
1785391848.358578,7617,7064,2495,4428,190.9200,89.1900
1785391848.383518,7617,7054,2552,4428,198.7100,89.2500
1785391848.409765,7636,7157,2561,4428,198.7100,89.2500
1785391848.434712,7645,7129,2495,4446,185.6200,89.2500
1785391848.460893,7617,7148,2542,4400,185.6200,89.2500
1785391848.485920,7570,7148,2552,4428,195.9500,89.2500
1785391848.510596,7636,7176,2458,4428,195.9500,89.2500
1785391848.537190,7645,7195,2486,4437,194.7400,89.1900
1785391848.562718,7617,7214,2486,4409,194.7400,89.1900
1785391848.587306,7692,7251,2448,4446,192.0300,89.1900
1785391848.612117,7664,7214,2467,4390,192.0300,89.1900
1785391848.638334,7664,7251,2477,4446,196.2200,89.0600
1785391848.663123,7627,7214,2486,4400,196.2200,89.0600
1785391848.687782,7627,7233,2458,4475,204.2300,89.0000
1785391848.713223,7636,7251,2448,4456,204.2300,89.0000
1785391848.738185,7645,7242,2467,4428,194.7400,89.0000
1785391848.764601,7683,7251,2401,4418,194.7400,89.0000
1785391848.790834,7720,7233,2420,4437,194.7400,89.0000
1785391848.815001,7645,7251,2458,4512,194.7400,89.0000
1785391848.839623,7636,7242,2448,4428,190.9200,89.0600
1785391848.866473,7617,7251,2448,4418,198.7100,89.1200
1785391848.890780,7720,7270,2383,4428,198.7100,89.1200
1785391848.916384,7683,7336,2420,4437,198.7100,89.1200
1785391848.941590,7664,7336,2458,4362,194.7400,89.0600
1785391848.966514,7720,7317,2411,4400,194.7400,89.0600
1785391848.991990,7702,7364,2430,4381,192.0300,89.0600
1785391849.017151,7692,7336,2430,4409,190.9200,89.0000
1785391849.043332,7692,7354,2401,4400,190.9200,89.0000
1785391849.068053,7692,7364,2411,4371,190.9200,89.0000
1785391849.093484,7739,7392,2364,4390,193.1900,89.0600
1785391849.121235,7767,7298,2345,4381,190.9200,89.1200
1785391849.143907,7758,7383,2458,4418,190.9200,89.1200
1785391849.174340,7711,7308,2411,4390,189.3300,89.1900
1785391849.194582,7730,7354,2345,4353,189.3300,89.1900
1785391849.221214,7739,7373,2420,4381,193.1900,89.2500
1785391849.244806,7786,7430,2373,4371,193.1900,89.2500
1785391849.273476,7777,7383,2345,4381,190.9200,89.1900
1785391849.295943,7748,7430,2317,4371,190.9200,89.1900
1785391849.330248,7777,7401,2373,4390,195.9500,89.1900
1785391849.347204,7758,7373,2373,4418,195.9500,89.1900
1785391849.374842,7739,7373,2326,4381,197.4400,89.1900
1785391849.396681,7748,7439,2336,4362,197.4400,89.1900
1785391849.425263,7786,7411,2336,4343,190.9200,89.1900
1785391849.448311,7805,7383,2345,4343,190.9200,89.1900
1785391849.474908,7786,7430,2326,4371,194.7400,89.1900
1785391849.498373,7795,7439,2336,4325,194.7400,89.1900
1785391849.524778,7758,7383,2308,4381,195.9500,89.1200
1785391849.548577,7795,7430,2326,4371,195.9500,89.1200
1785391849.575184,7805,7373,2345,4362,194.7400,89.0600
1785391849.600123,7805,7439,2298,4362,194.7400,89.0600
1785391849.624609,7805,7448,2298,4400,190.9200,89.0600
1785391849.650584,7795,7476,2280,4306,190.9200,89.0600
1785391849.675797,7842,7439,2289,4315,195.9500,89.0600
1785391849.700871,7795,7439,2308,4334,195.9500,89.0600
1785391849.725827,7814,7467,2270,4400,200.1500,89.0000
1785391849.751607,7842,7448,2280,4287,200.1500,89.0000
1785391849.776514,7824,7458,2214,4343,197.4400,88.9400
1785391849.802522,7861,7486,2204,4334,197.4400,88.9400
1785391849.829390,7899,7476,2289,4343,194.7400,88.9400
1785391849.852909,7880,7551,2270,4315,194.7400,88.9400
1785391849.877592,7880,7551,2289,4325,192.0300,88.8700
1785391849.903825,7880,7486,2242,4306,192.0300,88.8700
1785391849.930020,7889,7523,2270,4334,190.9200,88.8700
1785391849.954341,7861,7523,2280,4362,190.9200,88.8700
1785391849.979760,7889,7514,2233,4325,190.4300,88.8700
1785391850.005124,7889,7523,2223,4306,190.4300,88.8700
1785391850.030311,7880,7570,2251,4343,186.6200,88.8100
1785391850.055984,7889,7542,2167,4306,186.6200,88.8100
1785391850.080830,7955,7589,2270,4315,181.2100,88.8100
1785391850.106161,7917,7533,2326,4315,181.2100,88.8100
1785391850.132579,7917,7551,2242,4315,180.3100,88.8700
1785391850.157918,7880,7617,2251,4343,180.3100,88.8700
1785391850.183271,7908,7561,2251,4371,187.6700,88.9400
1785391850.208390,7908,7551,2261,4325,187.6700,88.9400
1785391850.233370,7880,7580,2242,4334,180.3100,88.9400
1785391850.258626,7880,7523,2242,4325,180.3100,88.9400
1785391850.284683,7880,7523,2223,4325,187.6700,89.0000
1785391850.308712,7880,7542,2186,4306,187.6700,89.0000
1785391850.333615,7861,7533,2223,4343,180.3100,89.0000
1785391850.359958,7861,7589,2270,4343,180.3100,89.0000
1785391850.384933,7964,7542,2233,4315,183.9200,89.0600
1785391850.409856,7964,7561,2167,4334,183.9200,89.0600
1785391850.435630,7880,7598,2233,4306,186.6200,89.0000
1785391850.461338,7955,7580,2129,4334,186.6200,89.0000
1785391850.487395,7974,7617,2242,4306,183.9200,89.0000
1785391850.513042,7992,7636,2139,4306,183.9200,89.0000
1785391850.538161,7945,7570,2233,4296,183.9200,89.0000
1785391850.562685,7955,7627,2148,4296,183.9200,89.0000
1785391850.587937,7955,7589,2195,4240,182.1500,89.0600
1785391850.613673,8030,7617,2186,4249,182.1500,89.0600
1785391850.638803,8030,7608,2148,4268,180.3100,89.1200
1785391850.662847,8011,7664,2167,4231,180.3100,89.1200
1785391850.688625,8058,7598,2223,4259,184.9100,89.0600
1785391850.714432,7983,7636,2204,4240,184.9100,89.0600
1785391850.739117,8030,7673,2280,4240,177.6600,89.0000
1785391850.765006,8030,7664,2167,4296,177.6600,89.0000
1785391850.790086,8030,7664,2148,4278,178.5100,88.9400
1785391850.815653,8011,7627,2186,4287,175.8000,88.9400
1785391850.841397,8021,7720,2214,4287,175.8000,88.9400
1785391850.866396,8021,7673,2176,4287,175.8000,88.9400
1785391850.891276,8039,7673,2111,4287,176.6300,88.8700
1785391850.917309,8049,7636,2195,4278,170.4000,88.8700
1785391850.942210,8030,7692,2148,4240,170.4000,88.8700
1785391850.967212,8011,7655,2129,4259,170.4000,88.8700
1785391850.992752,8021,7692,2204,4249,170.4000,88.8700
1785391851.017719,8030,7711,2186,4249,170.4000,88.8700
1785391851.042601,8039,7720,2176,4249,164.4000,88.9400
1785391851.069911,8077,7711,2158,4240,173.8700,88.9400
1785391851.094083,8002,7720,2120,4193,173.8700,88.9400
1785391851.119273,8086,7702,2158,4249,173.8700,88.9400
1785391851.144703,8058,7748,2148,4203,167.0500,88.8700
1785391851.173560,8030,7720,2148,4231,162.2800,88.8100
1785391851.195895,8030,7758,2129,4231,162.2800,88.8100
1785391851.223917,8067,7739,2148,4259,164.9900,88.8700
1785391851.245736,8105,7758,2186,4268,164.9900,88.8700
1785391851.273995,8105,7777,2139,4231,165.5900,88.9400
1785391851.296306,8077,7730,2186,3959,165.5900,88.9400
1785391851.324130,8067,7795,2129,4249,159.1000,88.9400
1785391851.346843,8086,7730,2139,4240,159.1000,88.9400
1785391851.374539,8105,7711,2139,4259,168.3500,88.9400
1785391851.399314,8133,7767,2148,4278,168.3500,88.9400
1785391851.424772,8067,7702,2139,4268,159.1000,88.9400
1785391851.448071,8058,7739,2111,4240,159.1000,88.9400
1785391851.475644,8105,7748,2111,4259,165.5900,89.0000
1785391851.498678,8114,7758,2139,4259,165.5900,89.0000
1785391851.525057,8077,7786,2129,4240,161.7500,89.0600
1785391851.550101,8114,7786,2139,4221,161.7500,89.0600
1785391851.575319,8152,7767,2101,4249,165.5900,89.0600
1785391851.599711,8133,7786,2111,4249,165.5900,89.0600
1785391851.626519,8133,7758,2111,4249,159.1000,89.0600
1785391851.651785,8105,7748,2111,4259,159.1000,89.0600
1785391851.676157,8133,7748,2083,4259,162.8300,89.0600
1785391851.701754,8133,7795,2064,4259,162.8300,89.0600
1785391851.727225,8171,7767,2054,4259,159.1000,89.1200
1785391851.752126,8142,7814,2101,4278,159.1000,89.1200
1785391851.778696,8105,7805,2186,4259,154.1700,89.1900
1785391851.802863,8124,7748,2101,4306,154.1700,89.1900
1785391851.827774,8152,7889,2092,4231,148.7600,89.1200
1785391851.854441,8208,7814,2026,4287,148.7600,89.1200
1785391851.879760,8142,7927,2073,4268,159.5800,89.1200
1785391851.905466,8171,7842,2054,4296,159.5800,89.1200
1785391851.929778,8152,7824,2083,4231,154.1700,88.9400
1785391851.954793,8227,7777,2036,4259,154.1700,88.9400
1785391851.980294,8152,7842,2036,4259,160.0700,88.7500
1785391852.005109,8142,7842,2073,4193,160.0700,88.7500
1785391852.030693,8142,7842,2026,4296,154.1700,88.8100
1785391852.055862,8180,7833,2073,4193,154.1700,88.8100
1785391852.081970,8189,7927,1998,4240,153.8000,88.8700
1785391852.107469,8189,7824,2092,4240,153.8000,88.8700
1785391852.132596,8189,7870,2092,4249,156.8700,88.8700
1785391852.157975,8189,7824,2036,4231,156.8700,88.8700
1785391852.183198,8218,7880,2045,4231,151.4600,88.8100
1785391852.209254,8218,7880,2026,4212,151.4600,88.8100
1785391852.234649,8227,7852,1989,4212,151.4600,88.8100
1785391852.259670,8161,7870,2007,4249,151.4600,88.8100
1785391852.284768,8208,7899,2064,4240,154.5500,88.8700
1785391852.310563,8208,7870,2054,4249,154.5500,88.8700
1785391852.335143,8180,7927,1979,3931,154.1700,88.8700
1785391852.361091,8227,7936,2017,4184,154.1700,88.8700
1785391852.384744,8199,7870,1942,3968,145.8400,88.9400
1785391852.411895,8208,7870,2036,3931,145.8400,88.9400
1785391852.436569,8246,7889,1951,3940,151.4600,88.9400
1785391852.461410,8218,7936,1970,4240,151.4600,88.9400
1785391852.487426,8218,7936,2017,4231,151.4600,88.8700
1785391852.512218,8255,7964,1998,3931,151.4600,88.8700
1785391852.536973,8246,7945,1970,3846,148.7600,88.8100
1785391852.563583,8246,7927,1979,3846,148.7600,88.8100
1785391852.588753,8246,7889,1979,4212,151.7900,88.8100
1785391852.613460,8302,7992,2045,4249,151.7900,88.8100
1785391852.639950,8218,7927,1989,4221,143.1900,88.8700
1785391852.664791,8274,7945,1989,4221,143.1900,88.8700
1785391852.689852,8283,7955,1970,4212,146.0500,88.8700
1785391852.714239,8246,7889,1970,4212,146.0500,88.8700
1785391852.740162,8246,8021,1951,4203,148.7600,88.8100
1785391852.765644,8274,7974,2026,4231,146.2700,88.8700
1785391852.791101,8293,7955,1979,4203,146.2700,88.8700
1785391852.816885,8283,7983,1961,4231,146.2700,88.8700
1785391852.841391,8293,7917,1951,3977,137.8900,88.8700
1785391852.866765,8264,7936,1942,4231,137.8900,88.8700
1785391852.892773,8311,7974,1932,3949,140.6400,88.8700
1785391852.917438,8293,7992,1932,3902,143.3500,88.8700
1785391852.942328,8358,7936,1961,3865,143.3500,88.8700
1785391852.967688,8274,8002,1979,3940,143.3500,88.8700
1785391852.992946,8293,8030,1951,3668,146.0500,88.8700
1785391853.020864,8321,7964,1923,3987,143.3500,88.8700
1785391853.044892,8321,8002,1923,3865,143.3500,88.8700
1785391853.071202,8321,7964,1951,3949,148.7600,88.8700
1785391853.093937,8321,8002,1923,3884,148.7600,88.8700
1785391853.123142,8302,7983,1904,3912,143.3500,88.8700
1785391853.145615,8311,8002,2007,3687,143.3500,88.8700
1785391853.172706,8368,7974,1904,4268,143.5100,88.9400
1785391853.195908,8330,7983,1932,4278,143.5100,88.9400
1785391853.223657,8358,8030,1904,3874,137.8900,88.8700
1785391853.246114,8396,7974,1904,3874,137.8900,88.8700
1785391853.275476,8358,7974,1932,3959,146.2700,88.8700
1785391853.297333,8339,8021,1914,4259,146.2700,88.8700
1785391853.325280,8358,8067,1895,4231,140.5400,88.8100
1785391853.348643,8358,8021,1951,4231,140.5400,88.8100
1785391853.375643,8349,8002,1932,4287,143.3500,88.8100
1785391853.399316,8377,8058,1895,4259,143.3500,88.8100
1785391853.424082,8368,8002,1829,3949,140.6400,88.7500
1785391853.450048,8386,8021,1876,3893,140.6400,88.7500
1785391853.475224,8358,8058,1820,3602,135.2300,88.8100
1785391853.500123,8377,8096,1876,3490,135.2300,88.8100
1785391853.524827,8339,8011,1848,3480,140.6400,88.8100
1785391853.549927,8368,8030,1867,3874,140.6400,88.8100
1785391853.575798,8386,8011,1857,4259,129.8300,88.8100
1785391853.601103,8405,8077,1829,4268,129.8300,88.8100
1785391853.626587,8368,8058,1820,3912,135.2300,88.8700
1785391853.651686,8368,8058,1857,3865,135.2300,88.8700
1785391853.677613,8396,8049,1895,3837,137.9400,88.9400
1785391853.702983,8386,8049,1886,3855,137.9400,88.9400
1785391853.727931,8377,8049,1932,3884,135.2300,88.9400
1785391853.753262,8358,8058,1857,3527,135.2300,88.9400
1785391853.778382,8386,8067,1876,3855,137.9900,88.8700
1785391853.804360,8386,8077,1886,3893,137.9900,88.8700
1785391853.829425,8386,8049,1942,3931,132.5800,88.8100
1785391853.854343,8424,8105,1867,3931,132.5800,88.8100
1785391853.879517,8358,8077,1848,3424,135.2300,88.8100
1785391853.905025,8452,8058,1839,3490,135.2300,88.8100
1785391853.930621,8377,8030,1820,3508,132.5300,88.8100
1785391853.955973,8443,8114,1829,3499,132.5300,88.8100
1785391853.981349,8433,8067,1857,3471,132.5300,88.8100
1785391854.006082,8433,8086,1801,3480,132.5300,88.8100
1785391854.032355,8405,8096,1848,3471,132.5300,88.8700
1785391854.057609,8471,8114,1876,3508,132.5300,88.8700
1785391854.082336,8480,8067,1810,3574,129.8300,88.8700
1785391854.107802,8452,8133,1848,3565,129.8300,88.8700
1785391854.133674,8443,8142,1820,3537,127.1200,88.8700
1785391854.159300,8461,8114,1829,3508,127.1200,88.8700
1785391854.183764,8433,8133,1810,3499,132.5300,88.8700
1785391854.208791,8433,8142,1820,3555,132.5300,88.8700
1785391854.234262,8461,8199,1839,3508,127.1200,88.8700
1785391854.259730,8490,8133,1895,3471,127.1200,88.8700
1785391854.284927,8490,8133,1839,3424,129.8300,89.0000
1785391854.310994,8490,8180,1876,3424,129.8300,89.0000
1785391854.335447,8527,8161,1886,3461,127.1200,89.0600
1785391854.360602,8480,8152,1810,3471,127.1200,89.0600
1785391854.386604,8499,8124,1839,3574,127.1200,89.0600
1785391854.411931,8452,8218,1801,3658,127.1200,89.0600
1785391854.437103,8443,8133,1782,3612,124.4200,89.0600
1785391854.462089,8518,8189,1764,3593,124.4200,89.0600
1785391854.487155,8508,8180,1829,3612,124.4200,89.1200
1785391854.512264,8480,8218,1829,3565,124.4200,89.1200
1785391854.538304,8480,8218,1839,3546,121.7100,89.1200
1785391854.563055,8536,8227,1848,3668,121.7100,89.1200
1785391854.588071,8536,8189,1895,3724,127.1200,89.1900
1785391854.614650,8518,8227,1754,3658,127.1200,89.1900
1785391854.639795,8508,8236,1820,3583,129.8300,89.1900
1785391854.665208,8508,8293,1801,3555,129.8300,89.1900
1785391854.690146,8546,8227,1773,3508,124.4200,89.2500
1785391854.715872,8518,8227,1810,3546,129.8300,89.2500
1785391854.741452,8490,8227,1735,3565,129.8300,89.2500
1785391854.766946,8527,8208,1820,3480,129.8300,89.2500
1785391854.791291,8490,8218,1745,3518,127.1200,89.2500
1785391854.816709,8499,8227,1735,3499,127.1200,89.2500
1785391854.842374,8518,8264,1717,3499,127.1200,89.1900
1785391854.867170,8518,8236,1707,3499,129.8300,89.1200
1785391854.892498,8527,8255,1707,3433,129.8300,89.1200
1785391854.918276,8508,8218,1754,3537,129.8300,89.1200
1785391854.944171,8536,8246,1773,3415,127.1200,89.0600
1785391854.970810,8574,8236,1792,3490,124.1900,89.0600
1785391854.994635,8499,8218,1773,3593,124.1900,89.0600
1785391855.021232,8555,8264,1726,3537,121.9800,89.0000
1785391855.044530,8536,8311,1754,3527,121.9800,89.0000
1785391855.072352,8555,8236,1773,3527,116.3000,88.8700
1785391855.096969,8555,8321,1792,3499,116.3000,88.8700
1785391855.124053,8527,8274,1829,3546,124.4200,88.9400
1785391855.145221,8527,8274,1698,3555,124.4200,88.9400
1785391855.174284,8583,8255,1717,3555,113.6000,88.9400
1785391855.196681,8546,8274,1707,3583,113.6000,88.9400
1785391855.224549,8574,8246,1801,3602,119.0100,88.8700
1785391855.246835,8583,8236,1707,3593,119.0100,88.8700
1785391855.274538,8555,8293,1717,3602,119.0100,88.8700
1785391855.296721,8621,8283,1689,3593,119.0100,88.8700
1785391855.324571,8565,8264,1754,3602,113.6000,88.8700
1785391855.349113,8583,8321,1745,3574,113.6000,88.8700
1785391855.375049,8602,8311,1773,3574,119.0100,88.8700
1785391855.399497,8611,8311,1792,3574,119.0100,88.8700
1785391855.424403,8583,8302,1848,3527,113.6000,88.9400
1785391855.449511,8583,8293,1848,3480,113.6000,88.9400
1785391855.475081,8593,8274,1782,3593,116.3000,88.9400
1785391855.500195,8602,8349,1820,3565,116.3000,88.9400
1785391855.525269,8583,8227,1754,3555,116.3000,88.8700
1785391855.552049,8583,8339,1689,3527,116.3000,88.8700
1785391855.577260,8621,8293,1726,3546,110.8900,88.8700
1785391855.602239,8630,8349,1717,3546,110.8900,88.8700
1785391855.628084,8630,8283,1745,3508,113.6000,88.8700
1785391855.652421,8611,8321,1810,3508,113.6000,88.8700
1785391855.677403,8630,8311,1754,3527,108.1900,88.8100
1785391855.702350,8630,8311,1829,3499,108.1900,88.8100
1785391855.728170,8602,8330,1764,3555,110.8900,88.7500
1785391855.753396,8630,8321,1782,3546,110.8900,88.7500
1785391855.778330,8593,8330,1829,3508,108.1900,88.6900
1785391855.804467,8602,8349,1792,3480,108.1900,88.6900
1785391855.829210,8640,8311,1735,3490,110.8900,88.6900
1785391855.854183,8649,8396,1764,3508,110.8900,88.6900
1785391855.880336,8611,8368,1707,3490,110.4000,88.6200
1785391855.905420,8602,8377,1689,3480,110.4000,88.6200
1785391855.930397,8621,8339,1707,3508,100.7600,88.6200
1785391855.956165,8621,8377,1754,3480,100.7600,88.6200
1785391855.981429,8621,8415,1782,3490,110.8900,88.6200
1785391856.006465,8611,8330,1735,3574,110.8900,88.6200
1785391856.032265,8640,8377,1735,3490,110.8900,88.6200
1785391856.057040,8687,8358,1707,3490,110.8900,88.6200
1785391856.082051,8668,8396,1660,3508,108.1900,88.6200
1785391856.109352,8668,8405,1773,3480,108.1900,88.6200
1785391856.133815,8649,8358,1745,3527,108.1900,88.6200
1785391856.159163,8649,8386,1726,3518,108.1900,88.6200
1785391856.184247,8649,8461,1717,3508,104.8800,88.6900
1785391856.209673,8658,8368,1726,3490,104.8800,88.6900
1785391856.235180,8668,8386,1773,3490,98.1100,88.7500
1785391856.260903,8724,8386,1820,3508,98.1100,88.7500
1785391856.285530,8677,8471,1745,3574,102.7800,88.8100
1785391856.310636,8677,8368,1848,3490,102.7800,88.8100
1785391856.337294,8677,8368,1782,3527,100.0700,88.7500
1785391856.362034,8677,8415,1754,3480,100.0700,88.7500
1785391856.387101,8630,8405,1726,3471,104.8800,88.8700
1785391856.411865,8649,8424,1707,3537,104.8800,88.8700
1785391856.438306,8649,8396,1717,3508,100.7600,88.8100
1785391856.462779,8649,8368,1707,3518,100.7600,88.8100
1785391856.487536,8687,8386,1820,3527,100.0700,88.8100
1785391856.513286,8696,8471,1754,3490,100.0700,88.8100
1785391856.538239,8677,8405,1698,3508,102.7800,88.8100
1785391856.563440,8668,8415,1698,3527,102.7800,88.8100
1785391856.589418,8743,8461,1754,3508,110.8900,88.8700
1785391856.614919,8677,8405,1698,3499,110.8900,88.8700
1785391856.639832,8668,8405,1698,3583,108.1900,88.8700
1785391856.666166,8668,8461,1707,3555,108.1900,88.9400
1785391856.691158,8715,8452,1773,3508,108.1900,88.9400
1785391856.716411,8724,8415,1698,3565,108.1900,88.9400
1785391856.741556,8705,8461,1754,3565,108.1900,88.9400
1785391856.766390,8715,8368,1717,3537,108.1900,88.9400
1785391856.792899,8677,8443,1735,3593,113.1600,88.9400
1785391856.817569,8743,8443,1764,3621,106.0700,88.8700
1785391856.843118,8743,8461,1735,3583,106.0700,88.8700
1785391856.867298,8743,8452,1717,3602,106.0700,88.8700
1785391856.893739,8733,8527,1670,3555,110.8900,88.8100
1785391856.920616,8733,8471,1717,3583,108.1900,88.7500
1785391856.944206,8724,8508,1764,3555,108.1900,88.7500
1785391856.971840,8724,8480,1745,3630,105.4800,88.7500
1785391856.994487,8752,8490,1707,3574,105.4800,88.7500
1785391857.023617,8762,8461,1735,3612,102.7800,88.8100
1785391857.045741,8762,8452,1698,3583,102.7800,88.8100
1785391857.073537,8743,8433,1707,3555,108.1900,88.8100
1785391857.095242,8715,8490,1707,3527,108.1900,88.8100
1785391857.122785,8762,8536,1717,3555,102.7800,88.8100
1785391857.146735,8762,8480,1717,3480,102.7800,88.8100
1785391857.174674,8733,8461,1698,3499,102.7800,88.8100
1785391857.197366,8743,8480,1764,3518,102.7800,88.8100
1785391857.225176,8790,8536,1689,3508,105.4800,88.8100
1785391857.248060,8790,8546,1773,3537,105.4800,88.8100
1785391857.273684,8762,8536,1717,3461,100.0700,88.7500
1785391857.298735,8762,8508,1689,3461,100.0700,88.7500
1785391857.324028,8762,8499,1717,3537,105.4800,88.7500
1785391857.349147,8780,8574,1735,3480,105.4800,88.7500
1785391857.375632,8790,8546,1820,3508,100.0700,88.8100
1785391857.401047,8790,8471,1764,3480,100.0700,88.8100
1785391857.425742,8790,8499,1717,3527,105.4800,88.8100
1785391857.450399,8762,8546,1726,3424,105.4800,88.8100
1785391857.474915,8799,8490,1707,3499,100.0700,88.8700
1785391857.500507,8790,8499,1735,3480,100.0700,88.8700
1785391857.526383,8743,8508,1717,3471,105.4800,88.8700
1785391857.550904,8771,8555,1707,3433,105.4800,88.8700
1785391857.576361,8799,8527,1726,3508,97.3700,88.8100
1785391857.603669,8799,8602,1670,3443,97.3700,88.8100
1785391857.628069,8827,8536,1726,3443,102.7800,88.8100
1785391857.653036,8874,8574,1698,3433,102.7800,88.8100
1785391857.678351,8874,8546,1717,3461,97.3700,88.8100
1785391857.704075,8808,8518,1698,3499,97.3700,88.8100
1785391857.729256,8808,8499,1698,3499,102.7800,88.7500
1785391857.754666,8790,8593,1707,3443,102.7800,88.7500
1785391857.779962,8818,8546,1717,3443,97.3700,88.7500
1785391857.805788,8827,8555,1717,3480,97.3700,88.7500
1785391857.830323,8808,8499,1707,3508,97.3700,88.7500
1785391857.856267,8790,8508,1754,3508,97.3700,88.7500
1785391857.881056,8818,8583,1745,3518,102.7800,88.8100
1785391857.907937,8790,8546,1726,3527,102.7800,88.8100
1785391857.932204,8827,8574,1726,3527,94.6600,88.7500
1785391857.957406,8827,8518,1717,3518,94.6600,88.7500
1785391857.982425,8846,8593,1689,3527,102.7800,88.6900
1785391858.007655,8818,8499,1773,3518,102.7800,88.6900
1785391858.032772,8827,8593,1726,3527,91.9600,88.6900
1785391858.058423,8893,8518,1735,3546,91.9600,88.6900
1785391858.083814,8827,8574,1698,3527,102.7800,88.6900
1785391858.109031,8827,8565,1745,3546,102.7800,88.6900
1785391858.133482,8837,8630,1698,3480,91.9600,88.7500
1785391858.160258,8837,8602,1707,3490,91.9600,88.7500
1785391858.185209,8837,8649,1745,3480,97.3700,88.7500
1785391858.210015,8837,8621,1726,3537,97.3700,88.7500
1785391858.235407,8884,8630,1679,3461,94.6600,88.7500
1785391858.260450,8837,8668,1698,3508,94.6600,88.7500
1785391858.285525,8884,8658,1679,3480,94.6600,88.7500
1785391858.311750,8837,8621,1642,3518,94.6600,88.7500
1785391858.336580,8930,8583,1679,3518,94.6600,88.7500
1785391858.361404,8855,8593,1660,3537,94.6600,88.7500
1785391858.386454,8874,8583,1698,3527,91.9600,88.7500
1785391858.412714,8884,8640,1735,3518,91.9600,88.7500
1785391858.437743,8874,8583,1689,3461,97.3700,88.7500
1785391858.462651,8884,8611,1642,3452,97.3700,88.7500
1785391858.489205,8846,8687,1754,3452,91.9600,88.6900
1785391858.514321,8884,8611,1698,3452,91.9600,88.6900
1785391858.539239,8884,8574,1717,3518,94.6600,88.7500
1785391858.565069,8893,8593,1642,3518,94.6600,88.7500
1785391858.589669,8893,8593,1754,3443,94.6600,88.8100
1785391858.614454,8921,8602,1707,3490,94.6600,88.8100
1785391858.640711,8902,8630,1689,3480,89.2500,88.8100
1785391858.665726,8893,8621,1670,3518,89.2500,88.8100
1785391858.691005,8902,8621,1670,3555,94.6600,89.0000
1785391858.717211,8893,8593,1670,3480,91.9600,89.0600
1785391858.743058,8912,8602,1660,3499,91.9600,89.0600
1785391858.768166,8884,8593,1726,3555,91.9600,89.0600
1785391858.793597,8893,8640,1679,3499,91.9600,89.0600
1785391858.817777,8893,8640,1679,3518,91.9600,89.0600
1785391858.843597,8902,8687,1707,3480,94.6600,89.0000
1785391858.870414,8912,8668,1660,3508,91.9600,89.0000
1785391858.894562,8930,8668,1660,3537,91.9600,89.0000
1785391858.919952,8893,8630,1726,3565,86.5500,88.9400
1785391858.944536,8912,8668,1679,3527,86.5500,88.9400
1785391858.973052,8940,8687,1735,3537,89.2500,88.8700
1785391858.995458,8884,8687,1642,3537,89.2500,88.8700
1785391859.023410,8940,8640,1660,3537,91.9600,88.8700
1785391859.045571,8940,8677,1679,3508,91.9600,88.8700
1785391859.073272,8884,8696,1689,3537,91.9600,88.8700
1785391859.096387,8949,8658,1707,3461,91.9600,88.8700
1785391859.124185,8921,8687,1707,3537,86.5500,88.8700
1785391859.146855,8921,8705,1642,3518,86.5500,88.8700
1785391859.174564,8930,8687,1670,3461,91.9600,88.9400
1785391859.198046,8930,8611,1717,3537,91.9600,88.9400
1785391859.223643,8930,8677,1660,3490,86.5500,88.9400
1785391859.247986,8940,8658,1679,3471,86.5500,88.9400
1785391859.273337,8940,8705,1679,3499,91.9600,88.8700
1785391859.298715,8930,8705,1651,3480,91.9600,88.8700
1785391859.324548,8930,8630,1651,3518,83.8500,88.8700
1785391859.350094,8949,8668,1698,3508,83.8500,88.8700
1785391859.375790,8930,8733,1642,3499,89.2500,88.8100
1785391859.399666,8949,8658,1698,3480,89.2500,88.8100
1785391859.426277,8912,8705,1679,3518,89.2500,88.7500
1785391859.451250,8968,8658,1660,3527,89.2500,88.7500
1785391859.476551,8949,8705,1660,3471,87.5000,88.7500
1785391859.501632,8921,8658,1698,3480,87.5000,88.7500
1785391859.526614,8968,8715,1660,3518,91.0800,88.7500
1785391859.552274,8968,8668,1689,3537,91.0800,88.7500
1785391859.578300,8949,8733,1670,3490,86.5500,88.7500
1785391859.603210,8949,8687,1670,3518,86.5500,88.7500
1785391859.627647,8949,8687,1689,3518,86.5500,88.7500
1785391859.652671,8949,8668,1632,3452,86.5500,88.7500
1785391859.679799,8959,8668,1698,3452,86.5500,88.7500
1785391859.704830,8968,8705,1632,3518,86.5500,88.7500
1785391859.729746,8959,8724,1679,3508,84.8500,88.7500
1785391859.754636,8977,8715,1698,3518,84.8500,88.7500
1785391859.780463,8987,8715,1670,3508,85.5600,88.8100
1785391859.805331,8959,8705,1670,3461,85.5600,88.8100
1785391859.831473,9024,8687,1679,3461,86.5500,88.8100
1785391859.856147,8977,8733,1660,3508,86.5500,88.8100
1785391859.881661,8968,8743,1651,3527,83.8500,88.8100
1785391859.907410,8977,8762,1679,3490,83.8500,88.8100
1785391859.932089,8996,8780,1604,3471,82.2000,88.8700
1785391859.957016,9005,8762,1651,3499,82.2000,88.8700
1785391859.982679,8977,8752,1726,3508,85.5600,88.8100
1785391860.008837,8940,8762,1642,3527,85.5600,88.8100
1785391860.033221,8968,8762,1679,3461,83.8500,88.8700
1785391860.060405,8940,8762,1613,3471,83.8500,88.8700
1785391860.083993,9062,8762,1595,3471,86.5500,88.8700
1785391860.108664,8930,8743,1679,3499,86.5500,88.8700
1785391860.135922,8996,8790,1613,3518,81.1400,88.8700
1785391860.160292,8977,8687,1698,3499,81.1400,88.8700
1785391860.185142,8977,8771,1632,3508,76.9000,88.8100
1785391860.211303,9005,8762,1642,3490,76.9000,88.8100
1785391860.236576,8968,8687,1660,3443,82.8000,88.8100
1785391860.261117,8968,8771,1660,3433,82.8000,88.8100
1785391860.286615,8977,8743,1660,3461,75.7300,88.7500
1785391860.312039,9024,8762,1670,3480,75.7300,88.7500
1785391860.338067,9043,8733,1651,3480,76.9000,88.7500
1785391860.363102,9005,8715,1660,3480,76.9000,88.7500
1785391860.388630,9024,8771,1707,3499,77.2800,88.6900
1785391860.413645,9024,8808,1670,3499,77.2800,88.6900
1785391860.438625,9043,8780,1660,3480,81.1400,88.7500
1785391860.464147,9052,8808,1660,3461,81.1400,88.7500
1785391860.489833,9015,8733,1679,3490,75.7300,88.7500
1785391860.514662,9034,8799,1651,3490,75.7300,88.7500
1785391860.539951,8987,8762,1679,3461,75.7300,88.7500
1785391860.565676,9043,8790,1623,3518,81.1400,88.7500
1785391860.591031,9015,8827,1660,3480,81.1400,88.7500
1785391860.616453,9043,8799,1689,3518,81.1400,88.7500
1785391860.641367,9043,8780,1642,3490,76.9000,88.7500
1785391860.666202,9071,8771,1689,3471,76.9000,88.7500
1785391860.691993,9052,8780,1717,3480,75.7300,88.7500
1785391860.717751,9043,8743,1660,3461,73.0300,88.6900
1785391860.742682,9062,8780,1698,3490,73.0300,88.6900
1785391860.768193,9052,8752,1623,3499,73.0300,88.6900
1785391860.792831,9024,8818,1660,3508,74.5200,88.6900
1785391860.819168,9043,8799,1698,3471,75.7300,88.6200
1785391860.844432,9052,8762,1642,3499,75.7300,88.6200
1785391860.870600,9052,8818,1689,3461,75.7300,88.6200
1785391860.893762,9090,8818,1707,3461,75.7300,88.5600
1785391860.920655,9034,8799,1707,3537,75.7300,88.5600
1785391860.945760,9081,8855,1689,3490,75.7300,88.5600
1785391860.970436,9062,8837,1642,3461,75.7300,88.5600
1785391860.995815,9052,8808,1689,3537,75.7300,88.5600
1785391861.021323,9052,8902,1670,3508,75.7300,88.5600
1785391861.046181,9034,8790,1632,3461,75.7300,88.5600
1785391861.071605,9043,8827,1689,3461,75.7300,88.5600
1785391861.097159,9071,8818,1698,3471,75.7300,88.5600
1785391861.121870,9071,8846,1642,3471,75.7300,88.5600
1785391861.146808,9081,8818,1632,3471,75.7300,88.5600
1785391861.173139,9081,8818,1670,3490,75.7300,88.5600
1785391861.198030,9062,8808,1623,3490,75.7300,88.5600
1785391861.222787,9043,8874,1679,3508,75.7300,88.5600
1785391861.249000,9081,8884,1632,3508,11.6800,88.6900
1785391861.274862,9081,8818,1698,3452,11.6800,88.6900
1785391861.301471,9071,8771,1689,3508,10.8200,86.6200
1785391861.324859,9024,8827,1689,3424,10.8200,86.6200
1785391861.352387,9043,8799,1707,3490,5.4100,83.0600
1785391861.376102,9052,8818,1698,3508,5.4100,83.0600
1785391861.404355,9015,8752,1726,3480,8.1100,78.4400
1785391861.425926,9015,8762,1689,3471,8.1100,78.4400
1785391861.453766,8987,8733,1670,3490,5.4100,73.0000
1785391861.477063,9015,8705,1792,3461,5.4100,73.0000
1785391861.503721,8987,8649,1735,3452,2.7000,67.2500
1785391861.529198,9034,8705,1726,3480,2.7000,67.2500
1785391861.556113,8977,8621,1792,3471,0.0000,61.4400
1785391861.578068,8940,8724,1726,3386,0.0000,61.4400
1785391861.604907,9015,8574,1764,3433,-2.7000,55.8800
1785391861.628684,8968,8565,1754,3471,-2.7000,55.8800
1785391861.654783,8884,8555,1707,3471,0.0000,50.4400
1785391861.678332,8968,8508,1670,3518,0.0000,50.4400
1785391861.704341,8968,8536,1567,3508,-5.4100,45.3800
1785391861.731620,8930,8536,1998,3640,-5.4100,45.3800
1785391861.756330,8930,8527,2223,3621,0.0000,40.5000
1785391861.781858,9005,8490,2214,3574,0.0000,40.5000
1785391861.806784,9118,8471,2214,3565,0.0000,35.8800
1785391861.831743,9090,8433,2129,3565,0.0000,35.8800
1785391861.856885,9109,8490,2120,3574,0.0000,31.6200
1785391861.882587,9090,8396,2064,3555,0.0000,31.6200
1785391861.907891,9127,8415,2026,3537,2.7000,27.5600
1785391861.932136,9090,8405,2026,3583,2.7000,27.5600
1785391861.958727,9109,8368,2036,3593,0.0000,23.8100
1785391861.983472,9081,8490,1970,3546,0.0000,23.8100
1785391862.008407,9071,8461,2017,3546,2.7000,20.5000
1785391862.034147,9071,8433,1979,3518,2.7000,20.5000
1785391862.059982,9062,8443,1970,3499,0.0000,17.5000
1785391862.084674,9043,8499,2017,3527,0.0000,17.5000
1785391862.110215,8987,8471,1979,3499,0.0000,14.9400
1785391862.135464,9005,8518,1932,3490,0.0000,14.9400
1785391862.160460,9005,8518,1979,3499,0.0000,12.6300
1785391862.186306,9005,8508,1886,3508,0.0000,12.6300
1785391862.211953,8987,8518,1914,3508,2.7000,10.6900
1785391862.237108,8949,8593,1895,3499,2.7000,10.6900
1785391862.262452,8912,8536,1839,3574,5.4100,8.9400
1785391862.288197,8940,8527,1904,3527,5.4100,8.9400
1785391862.312937,8921,8574,1886,3461,2.7000,7.1900
1785391862.338491,8846,8574,1848,3471,2.7000,7.1900
1785391862.363456,8874,8583,1829,3443,2.7000,5.5000
1785391862.388398,8827,8621,1914,3452,2.7000,5.5000
1785391862.413950,9212,8611,1857,3480,0.0000,3.8700
1785391862.440368,8893,8536,1951,3433,0.0000,3.8700
1785391862.464991,8837,8536,1923,3452,10.8200,2.1200
1785391862.489512,8771,8583,1886,3433,10.8200,2.1200
1785391862.515834,8799,8611,1923,3443,10.8200,2.1200
1785391862.540123,9184,8668,1895,3443,10.8200,2.1200
1785391862.564789,8790,8593,1867,3471,10.8200,2.1200
1785391862.590538,8799,8565,1895,3461,10.8200,2.1200
1785391862.615576,8799,8583,1895,3499,10.8200,2.1200
1785391862.641213,8855,8565,1801,3490,10.8200,2.1200
1785391862.667769,9240,8602,1886,3433,10.8200,2.1200
1785391862.692751,8790,8555,1848,3499,10.8200,2.1200
1785391862.717466,8818,8546,1876,3461,10.8200,2.1200
1785391862.743333,9193,8602,1904,3433,10.8200,2.1200
