timestamp,d0,d1,d2,d3,v_mm_s,gz
1785390142.75067,9437,8658,1613,3677,0,0
1785390142.80455,9212,8583,1660,3715,18.2,0
1785390142.85781,8996,8555,1698,3668,55.68,-0.25
1785390142.90977,8959,8583,1651,3677,46.92,-0.31
1785390142.95942,8977,8546,1698,3762,71.59,-0.25
1785390143.01053,8893,8649,1632,3658,66.24,-0.31
1785390143.06163,9193,8583,1660,3724,78.44,-0.44
1785390143.11545,9334,8574,1660,3734,82.2,-0.81
1785390143.17104,9240,8574,1660,3687,91.08,-0.81
1785390143.22238,9268,8602,1707,3687,86.55,-0.81
1785390143.27156,9568,8640,1689,3705,86.55,-0.75
1785390143.31094,9362,8574,1689,3743,86.55,-0.75
1785390143.35243,9221,8611,1679,3696,87.5,-0.75
1785390143.39284,9306,8602,1670,3705,91.08,-0.81
1785390143.48843,9278,8593,1595,3696,99.36,-0.94
1785390143.53895,8949,8593,1698,3677,103.41,-1
1785390143.58831,8893,8583,1623,3658,113.16,-1.06
1785390143.64068,9287,8621,1707,3677,111.37,-1.12
1785390143.69118,9343,8611,1717,3630,121.44,-1.19
1785390143.74907,8930,8602,1735,3640,119.32,-1.31
1785390143.80766,9249,8574,1689,3602,121.44,-1.37
1785390143.8633,9268,8574,1726,3565,124.42,-1.44
1785390143.91661,9268,8658,1717,3574,124.42,-1.44
1785390143.97816,9231,8677,1773,3593,137.94,-1.37
1785390144.03284,9231,8677,1839,3640,135.23,-1.25
1785390144.0845,9231,8621,1735,3649,143.35,-1.06
1785390144.1393,8902,8593,1810,3583,148.49,-1
1785390144.199,8902,8593,1820,3583,162.83,-1
1785390144.2493,8912,8593,1820,3583,156.45,-0.94
1785390144.28981,8884,8658,1735,3602,162.83,-0.88
1785390144.33035,8912,8602,1782,3574,173.1,-0.88
1785390144.36965,8912,8602,1792,3546,169.71,-0.88
1785390144.47324,8827,8649,1820,3518,192.03,-0.88
1785390144.52507,8855,8611,1895,3508,186.62,-0.94
1785390144.57567,8874,8602,1867,3480,192.03,-1
1785390144.62629,8874,8658,1839,3508,202.85,-1.06
1785390144.68065,8855,8715,1857,3490,197.44,-1
1785390144.73453,8827,8696,1839,3452,197.44,-0.88
1785390144.78915,8893,8555,1839,3433,194.74,-0.75
1785390144.8403,8790,8565,1839,3471,190.92,-0.75
1785390144.8908,8818,8574,1857,3461,201.47,-0.88
1785390144.94437,8837,8583,1923,3452,197.44,-1.12
1785390144.99965,8743,8565,1848,3461,190.92,-1.37
1785390145.0544,8790,8527,1886,3461,195.95,-1.5
1785390145.10534,8790,8593,1914,3415,185.62,-1.62
1785390145.15674,8762,8452,1914,3415,192.03,-1.56
1785390145.20692,8771,8508,1904,3415,193.19,-1.44
1785390145.26053,8771,8508,1886,3377,190.92,-1.19
1785390145.31492,9090,8443,1942,3386,193.57,-0.88
1785390145.36895,8780,8527,1932,3405,195.95,-0.94
1785390145.4176,8855,8461,1923,3368,188.27,-1
1785390145.45791,8799,8471,1951,3386,188.27,-1
1785390145.49752,8799,8461,2036,3368,195.95,-1.12
1785390145.53794,8818,8480,1998,3358,188.27,-1.19
1785390145.63583,8818,8602,2083,3321,194.74,-1.25
1785390145.68879,8790,8518,2045,3340,192.03,-1.25
1785390145.73878,8752,8555,2083,3340,193.57,-1.25
1785390145.78812,8743,8583,2111,3340,195.95,-1.19
1785390145.83743,8733,8536,2101,3321,185.62,-1.06
1785390145.88757,8799,8602,2101,3311,195.95,-0.94
1785390145.94611,8743,8574,2111,3302,192.03,-0.81
1785390146.00015,8687,8630,2139,3386,189.33,-0.88
1785390146.0503,8771,8602,2120,3293,192.03,-0.94
1785390146.10175,8762,8602,2111,3302,192.03,-1.06
1785390146.15296,8743,8593,2167,3321,193.57,-1.19
1785390146.20519,8743,8621,2129,3321,193.19,-1.19
1785390146.25687,8790,8621,2120,3311,193.57,-1.12
1785390146.308,8743,8668,2148,3311,198.71,-1
1785390146.35997,8687,8630,2129,3236,196.22,-0.94
1785390146.40908,8771,8574,2111,3199,204.23,-1
1785390146.45943,8771,8649,2129,3189,202.85,-1.06
1785390146.51104,8752,8621,2148,3208,197.44,-1.19
1785390146.56867,8724,8649,2167,3189,197.44,-1.37
1785390146.62564,8808,8630,2186,3236,201.53,-1.37
1785390146.67384,8808,8593,2195,3208,194.74,-1.31
1785390146.71362,8799,8583,2204,3171,204.23,-1.31
1785390146.7525,8715,8687,2204,3236,204.23,-1.31
1785390146.79098,8705,8593,2176,3208,200.15,-1.25
1785390146.89278,8705,8715,2195,3208,201.47,-1.19
1785390146.94318,8724,8649,2214,3208,200.15,-1.12
1785390146.99178,8696,8752,2251,3161,200.15,-1.19
1785390147.04146,8715,8611,2176,3171,198.87,-1.19
1785390147.09066,8715,8771,2214,3227,204.23,-1.25
1785390147.14363,8715,8668,2270,3227,200.15,-1.31
1785390147.19658,8668,8752,2251,3208,200.15,-1.31
1785390147.2532,8715,8705,2242,3218,193.57,-1.31
1785390147.30298,8715,8743,2298,3152,198.71,-1.31
1785390147.35184,8658,8752,2280,3124,194.74,-1.31
1785390147.4036,8687,8687,2289,3143,192.03,-1.25
1785390147.4602,8696,8696,2298,3161,190.92,-1.25
1785390147.51662,8724,8677,2261,3124,192.03,-1.25
1785390147.56574,8705,8687,2345,3171,194.74,-1.31
1785390147.61653,8687,8705,2298,3143,192.03,-1.37
1785390147.66652,8696,8677,2326,3096,192.03,-1.37
1785390147.72014,8696,8602,2373,2983,194.74,-1.31
1785390147.77249,8752,8677,2345,3067,200.15,-1.31
1785390147.8258,8705,8677,2345,3049,194.74,-1.25
1785390147.87817,8705,8668,2383,3114,200.15,-1.19
1785390147.92604,8705,8593,2345,3105,200.15,-1.12
1785390147.96599,8658,8583,2411,2992,197.44,-1.06
1785390148.0046,8687,8602,2401,3049,197.44,-1.06
1785390148.044,8715,8602,2383,2974,197.44,-1.06
1785390148.14775,8640,8565,2458,2992,196.22,-1.06
1785390148.19975,8668,8583,2411,2974,201.47,-1.06
1785390148.25169,8658,8555,2486,2946,197.44,-1.06
1785390148.30344,8677,8640,2514,2955,200.15,-1.06
1785390148.35664,8649,8611,2523,2936,198.87,-1.06
1785390148.41173,8677,8602,2495,2936,201.47,-1.06
1785390148.46613,8668,8649,2486,2946,197.44,-1.06
1785390148.51852,8687,8668,2514,2880,196.22,-1.06
1785390148.57017,8640,8705,2523,2908,198.71,-1.06
1785390148.62059,8602,8696,2542,2955,192.03,-1.06
1785390148.67406,8658,8705,2542,2899,192.03,-1.06
1785390148.72837,8677,8733,2589,2889,192.03,-1.12
1785390148.78216,8677,8752,2514,2852,190.92,-1.12
1785390148.83333,8649,8733,2523,2880,195.95,-1.06
1785390148.88301,8715,8771,2561,2833,194.74,-1.12
1785390148.9358,8668,8780,2608,2870,197.44,-1.06
1785390148.99099,8668,8771,2636,2842,192.03,-1.06
1785390149.04573,8630,8837,2617,2870,188.27,-0.94
1785390149.10163,8649,8724,2608,2786,193.19,-0.88
1785390149.15053,8640,8752,2570,2786,185.62,-0.88
1785390149.19155,8640,8808,2608,2767,195.95,-0.94
1785390149.23299,8668,8743,2617,2777,194.74,-1
1785390149.27361,8649,8733,2608,2805,200.15,-1
1785390149.37464,8621,8808,2645,2683,201.47,-1.06
1785390149.42422,8583,8743,2674,2674,194.74,-1.12
1785390149.47411,8611,8846,2645,2617,194.74,-1.12
1785390149.52692,8640,8799,2655,2636,193.57,-1.06
1785390149.57816,8630,8827,2636,2608,194.74,-1.12
1785390149.63768,8593,8799,2627,2617,197.44,-1.12
1785390149.69047,8630,8827,2598,2598,198.71,-1.19
1785390149.74332,8668,8884,2702,2589,197.44,-1.19
1785390149.79287,8668,8846,2664,2636,194.74,-1.25
1785390149.85079,8611,8808,2692,2645,197.44,-1.31
1785390149.904,8621,8790,2702,2617,194.74,-1.25
1785390149.95788,8649,8837,2674,2580,190.92,-1.25
1785390150.0098,8630,8846,2674,2561,198.71,-1.19
1785390150.06177,8649,8827,2702,2598,200.15,-1.06
1785390150.111,8668,8827,2730,2561,200.15,-1.06
1785390150.16127,8593,8837,2720,2589,200.15,-1
1785390150.22197,8565,8799,2730,2580,198.87,-1.12
1785390150.27663,8555,8808,2767,2570,201.47,-1.12
1785390150.32442,8593,8762,2720,2570,200.15,-1.19
1785390150.36581,8593,8790,2758,2617,200.15,-1.19
1785390150.40451,8574,8837,2730,2598,200.15,-1.19
1785390150.44596,8565,8752,2720,2552,200.15,-1.25
1785390150.54958,8555,8771,2786,2495,193.57,-1.25
1785390150.60164,8565,8771,2730,2448,201.47,-1.12
1785390150.65125,8574,8743,2758,2486,200.15,-1.06
1785390150.70262,8593,8696,2795,2514,196.22,-1.06
1785390150.7607,8574,8762,2833,2477,200.15,-1
1785390150.81811,8574,8733,2786,2448,196.22,-1.06
1785390150.8705,8593,8752,2814,2486,198.71,-1.12
1785390150.92242,8611,8705,2758,2495,197.44,-1.12
1785390150.97822,8621,8733,2795,2477,197.44,-1.12
1785390151.03255,8593,8752,2833,2514,200.15,-1.12
1785390151.0877,8546,8743,2805,2486,200.15,-1.12
1785390151.1401,8574,8743,2889,2570,196.22,-1.06
1785390151.19132,8583,8696,2842,2477,198.71,-1
1785390151.23893,8602,8733,2814,2458,196.22,-1.06
1785390151.28254,8574,8705,2805,2448,194.74,-1.06
1785390151.332,8583,8677,2833,2439,197.44,-1.12
1785390151.38052,8536,8743,2861,2458,198.71,-1.19
1785390151.42293,8602,8733,2908,2458,190.92,-1.19
1785390151.46441,8574,8771,2861,2355,198.71,-1.19
1785390151.50639,8583,8762,2833,2355,198.71,-1.19
1785390151.5555,8555,8752,2833,2401,190.92,-1.19
1785390151.59894,8555,8799,2880,2392,198.71,-1.12
1785390151.64509,8536,8799,2917,2439,194.74,-1.12
1785390151.69053,8649,8799,2889,2420,194.74,-1.06
1785390151.73561,8574,8818,2908,2439,194.74,-1.06
1785390151.78023,8565,8837,2927,2420,190.92,-1.06
1785390151.82692,8574,8743,2936,2439,194.74,-1.06
1785390151.8682,8602,8818,2955,2420,194.74,-1.06
1785390151.91117,8602,8846,2936,2430,198.71,-1.12
1785390151.95277,8583,8855,2964,2383,192.03,-1.19
1785390151.99481,8574,8874,2908,2401,194.74,-1.25
1785390152.04072,8536,8855,2946,2345,200.15,-1.25
1785390152.08544,8583,8846,2974,2355,192.03,-1.19
1785390152.12792,8574,8818,2974,2308,192.03,-1.12
1785390152.17625,8574,8827,3021,2317,194.74,-1.12
1785390152.22126,8583,8818,2983,2261,192.03,-1.06
1785390152.26052,8593,8884,3021,2345,188.27,-0.94
1785390152.30182,8630,8884,2974,2336,188.27,-0.94
1785390152.34332,8602,8799,2974,2373,189.33,-1
1785390152.3947,8555,8846,3021,2345,193.19,-1.06
1785390152.44177,8574,8874,3039,2392,197.44,-1.12
1785390152.48929,8593,8884,3058,2401,197.44,-1.25
1785390152.53828,8555,8865,3039,2383,196.22,-1.25
1785390152.57937,8536,8912,3105,2392,193.19,-1.31
1785390152.62047,8555,8884,3105,2345,186.62,-1.37
1785390152.66067,8536,8837,3133,2326,186.62,-1.37
1785390152.70562,8518,8846,3077,2364,186.62,-1.37
1785390152.74814,8518,8846,3161,2280,189.33,-1.25
1785390152.78972,8480,8865,3086,2336,189.33,-1.19
1785390152.83084,8555,8940,3152,2364,185.62,-1.19
1785390152.87084,8518,8930,3105,2383,190.43,-1.19
1785390152.90943,8518,8949,3049,2355,190.43,-1.19
1785390152.9496,8499,8940,3049,2317,185.62,-1.31
1785390152.9891,8518,8902,3086,2355,192.03,-1.44
1785390153.02884,8555,8940,3199,2430,195.95,-1.56
1785390153.06879,8499,8940,3236,2430,189.33,-1.56
1785390153.10829,8499,8930,3161,2495,189.33,-1.56
1785390153.14949,8536,8940,3171,2486,192.03,-1.5
1785390153.18997,8536,8959,3227,2448,189.33,-1.44
1785390153.23162,8555,9005,3246,2383,189.33,-1.37
1785390153.27157,8546,8996,3180,2420,192.03,-1.31
1785390153.30964,8518,9015,3199,2364,192.03,-1.31
1785390153.34925,8574,9034,3189,2298,189.33,-1.25
1785390153.38886,8574,8996,3255,2251,186.62,-1.25
1785390153.42845,8593,8996,3246,2195,192.03,-1.31
1785390153.46937,8574,9005,3264,2186,192.03,-1.44
1785390153.51337,8555,8940,3264,2223,189.33,-1.5
1785390153.55908,8546,8959,3274,2204,189.33,-1.5
1785390153.60443,8565,8996,3311,2158,189.33,-1.56
1785390153.64979,8565,8996,3274,2139,182.96,-1.56
1785390153.69528,8527,9052,3311,2214,189.33,-1.56
1785390153.74119,8546,8996,3274,2083,187.67,-1.5
1785390153.78606,8536,8940,3293,2026,186.62,-1.5
1785390153.83253,8555,8987,3311,2120,182.96,-1.44
1785390153.87686,8536,8949,3302,1998,193.19,-1.37
1785390153.92781,8518,8940,3246,1989,192.03,-1.37
1785390153.9702,8527,8884,3340,1961,186.62,-1.37
1785390154.01849,8527,8977,3321,1998,186.62,-1.44
1785390154.06507,8527,8949,3358,1979,181.21,-1.56
1785390154.10542,8508,8893,3349,1989,181.21,-1.56
1785390154.14928,8508,8930,3377,2045,183.92,-1.56
1785390154.19393,8518,8921,3405,2036,181.21,-1.56
1785390154.23913,8499,8940,3340,1970,172.36,-1.44
1785390154.28497,8536,8921,3405,2036,176.63,-1.31
1785390154.33114,8518,8893,3377,1979,172.36,-1.37
1785390154.37699,8490,8884,3368,2017,167.69,-1.44
1785390154.4241,8508,8902,3433,1989,164.99,-1.44
1785390154.46964,8461,8912,3405,2017,162.28,-1.44
1785390154.51627,8490,8884,3424,2007,156.87,-1.44
1785390154.55951,8518,8855,3386,1989,156.87,-1.44
1785390154.60545,8480,8893,3443,2007,154.55,-1.56
1785390154.65124,8461,8921,3452,1998,143.19,-1.69
1785390154.69705,8471,8855,3480,1979,146.05,-1.75
1785390154.74241,8471,8865,3480,2017,143.35,-1.75
1785390154.78863,8499,8874,3490,2007,149.03,-1.62
1785390154.83143,8471,8884,3518,1961,145.84,-1.5
1785390154.87672,8499,8884,3546,1970,149.03,-1.5
1785390154.92487,8499,8921,3508,1961,143.19,-1.5
1785390154.96908,8490,8930,3555,1970,148.76,-1.5
1785390155.01382,8480,8959,3461,1979,146.05,-1.44
1785390155.05828,8490,8996,3555,2045,146.05,-1.44
1785390155.10408,8565,8987,3471,2026,148.76,-1.44
1785390155.1491,8480,8977,3565,1989,146.05,-1.37
1785390155.19421,8499,8977,3593,2017,146.27,-1.37
1785390155.23575,8499,8968,3537,2036,140.64,-1.37
1785390155.28025,8499,8977,3565,2026,135.23,-1.37
1785390155.32924,8518,8968,3555,1989,132.58,-1.44
1785390155.4025,8536,8987,3565,1998,129.71,-1.5
1785390155.4576,8555,9052,3612,2017,124.63,-1.5
1785390155.499,8518,9005,3574,1989,126.95,-1.56
1785390155.54064,8546,9043,3593,1970,127.12,-1.56
1785390155.58222,8583,9005,3583,1932,127.12,-1.56
1785390155.62658,8555,9109,3593,1951,124.63,-1.56
1785390155.66706,8499,9005,3602,1904,124.42,-1.5
1785390155.70885,8546,9052,3612,1961,124.42,-1.5
1785390155.75171,8499,9062,3602,1904,124.42,-1.5
1785390155.7945,8471,9043,3621,1923,124.19,-1.5
1785390155.84265,8527,8996,3630,1886,121.71,-1.5
1785390155.88687,8518,9024,3658,1895,119.01,-1.44
1785390155.93194,8480,9081,3612,1904,116.67,-1.5
1785390155.97709,8480,9174,3621,1979,115.92,-1.56
1785390156.02101,8480,9081,3602,1932,114.02,-1.44
1785390156.05983,8499,9062,3677,1914,114.02,-1.44
1785390156.10517,8499,9109,3649,1932,113.16,-1.37
1785390156.14879,8499,9090,3677,1951,110.89,-1.37
1785390156.19225,8480,9109,3696,1914,105.48,-1.44
1785390156.2395,8452,9099,3630,1998,103.41,-1.5
1785390156.28252,8480,9081,3640,1951,99.36,-1.44
1785390156.32517,8443,9146,3677,1886,98.11,-1.5
1785390156.36763,8452,9099,3658,1876,99.36,-1.5
1785390156.4096,8443,9137,3668,1998,99.36,-1.5
1785390156.45539,8452,9099,3658,1904,102.78,-1.56
1785390156.49995,8424,9062,3658,1961,102.78,-1.56
1785390156.54514,8461,9202,3668,2017,100.07,-1.44
1785390156.58679,8433,9137,3715,2092,97.37,-1.5
1785390156.62958,8433,9137,3658,1951,97.37,-1.56
1785390156.67567,8443,9146,3696,2083,91.96,-1.62
1785390156.72224,8433,9118,3705,1932,89.25,-1.56
1785390156.76823,8461,9109,3705,1923,86.55,-1.62
1785390156.80952,8461,9081,3743,1989,86.55,-1.62
1785390156.85413,8424,9081,3734,1961,87.5,-1.62
1785390156.89999,8443,9156,3762,1979,86.55,-1.56
1785390156.94513,8424,9240,3715,1886,88.32,-1.5
1785390156.98997,8424,9184,3734,1857,89.25,-1.5
1785390157.03498,8461,9231,3743,1923,89.25,-1.44
1785390157.07735,8461,9184,3724,1942,84.85,-1.37
1785390157.12487,8452,9249,3762,1970,88.32,-1.37
1785390157.16912,8490,9146,3715,1942,83.85,-1.37
1785390157.21099,8490,9174,3724,1932,83.85,-1.37
1785390157.25323,8443,9174,3724,1932,81.14,-1.31
1785390157.29469,8480,9081,3715,1848,81.14,-1.37
1785390157.34038,8433,9165,3724,1895,81.14,-1.44
1785390157.38485,8471,9212,3734,1989,78.44,-1.5
1785390157.42687,8611,9184,3752,1951,78.44,-1.56
1785390157.47365,8415,9259,3752,1876,78.44,-1.56
1785390157.51519,8415,9212,3790,1848,75.73,-1.56
1785390157.55834,8536,9165,3752,1932,75.73,-1.56
1785390157.60312,8499,9193,3762,1895,75.73,-1.56
1785390157.64894,8518,9165,3752,1829,75.73,-1.44
1785390157.69491,8461,9184,3799,1782,78.44,-1.31
1785390157.74107,8508,9193,3734,1876,79.55,-1.19
1785390157.78672,8490,9174,3809,1801,79.55,-1.19
1785390157.83206,8546,9184,3818,1848,79.55,-1.19
1785390157.87757,8433,9174,3790,1792,79.55,-1.19
1785390157.92222,8443,9146,3790,1820,79.55,-1.19
1785390157.96795,8499,9193,3799,1782,79.55,-1.19
1785390158.01171,8499,9165,3799,1801,79.55,-1.19
1785390158.05804,8443,9193,3762,1886,79.55,-1.19
1785390158.10087,8536,9156,3827,1848,7.76,-1.25
1785390158.14487,8480,9259,3790,1801,10.82,-2.94
1785390158.19163,8415,9212,3762,1829,2.7,-6.06
1785390158.24052,8424,9259,3715,1829,8.11,-10.25
1785390158.28223,8396,9193,3696,1810,5.41,-15.31
1785390158.32862,8321,9118,3715,1792,0,-20.87
1785390158.37481,8283,9156,3630,1764,0,-20.87
1785390158.42686,8236,9137,3640,1764,2.7,-26.56
1785390158.47811,8311,9099,3602,1754,2.7,-37
1785390158.53183,8396,9184,3593,1764,-8.11,-41.69
1785390158.58265,8433,9146,3537,1829,-2.7,-46.19
1785390158.63806,8499,9118,3574,1689,-2.7,-50.5
1785390158.69255,8480,9165,3574,1754,0,-54.69
1785390158.74583,8480,9184,3583,1792,0,-58.44
1785390158.79615,8433,9127,3546,1839,0,-62
1785390158.84508,8433,9099,3574,1829,5.41,-65.31
1785390158.89515,8405,9109,3518,1773,0,-68.5
1785390158.94705,8405,9109,3574,1773,-2.7,-71.44
1785390159.0071,8386,9071,3555,1801,8.11,-74.19
1785390159.06167,8368,9090,3583,1810,8.11,-76.62
1785390159.11219,8396,9090,3583,1829,2.7,-78.75
1785390159.16717,8386,9071,3602,1801,2.7,-80.94
1785390159.22576,8339,9005,3574,1820,0,-82.87
1785390159.2873,8368,9052,3583,1942,0,-86.56
1785390159.33675,8508,9062,3565,1848,0,-88.37
1785390159.37903,8386,9062,3593,1867,0,-88.37
1785390159.4185,8480,9071,3537,1820,0,-88.37
1785390159.45811,8443,9015,3565,1857,0,-88.37
1785390159.55493,8508,9005,3555,1801,0,-88.37
1785390159.60499,8508,9024,3593,1782,0,-88.37
1785390159.6544,8443,9015,3583,1857,0,-88.37
1785390159.7051,8508,9052,3612,1839,2.62,-90.37
1785390159.75679,8480,9024,3602,1839,48.68,-90.81
1785390159.81557,8546,9034,3602,1839,56.8,-90.44
1785390159.87343,8508,9005,3593,1829,70.32,-90.25
1785390159.9258,8471,9005,3527,1829,73.03,-89.87
1785390159.97801,8386,8977,3583,1829,81.14,-89.69
1785390160.03031,8443,8977,3593,1848,91.96,-89.37
1785390160.08835,8358,8977,3537,1867,71.59,-89.25
1785390160.14486,8424,9015,3574,1810,73.03,-89.44
1785390160.19833,8339,9015,3555,1839,78.44,-89.5
1785390160.24978,8405,9015,3565,1867,81.14,-89.56
1785390160.3032,8415,8987,3537,1801,83.85,-89.56
1785390160.35482,8386,9015,3546,1867,83.85,-89.62
1785390160.40702,8461,9024,3537,1839,83.85,-89.69
1785390160.45914,8377,9034,3537,1857,86.55,-89.87
1785390160.50719,8330,8987,3546,1801,83.85,-90
1785390160.5473,8358,8996,3555,1792,86.55,-90.19
1785390160.58645,8321,8959,3555,1839,86.55,-90.19
1785390160.62707,8321,8959,3555,1829,86.55,-90.25
1785390160.73019,8339,8968,3602,1820,91.96,-90.44
1785390160.7808,8339,8977,3593,1820,94.66,-90.5
1785390160.83163,8283,8977,3546,1773,92.81,-90.62
1785390160.88395,8274,8912,3555,1857,93.84,-90.75
1785390160.94045,8311,8930,3574,1810,94.66,-90.87
1785390160.9875,8321,8912,3574,1829,92.81,-91
1785390161.02675,8274,8930,3574,1810,99.36,-91.19
1785390161.06639,8255,8930,3555,1876,94.66,-91.31
1785390161.10925,8264,8977,3565,1848,100.07,-91.44
1785390161.15409,8293,9005,3602,1792,98.11,-91.56
1785390161.19224,8311,8977,3565,1895,98.11,-91.56
1785390161.23857,8218,8968,3518,1876,97.37,-91.69
1785390161.2832,8246,8940,3565,1848,94.66,-91.75
1785390161.3263,8246,8921,3574,1839,97.37,-91.75
1785390161.36912,8208,8902,3527,1886,100.07,-91.81
1785390161.4088,8227,8921,3593,1895,100.07,-91.87
1785390161.44862,8255,8949,3555,1867,102.78,-92
1785390161.48724,8227,8893,3593,1820,102.78,-92
1785390161.52934,8236,8949,3546,1839,97.37,-92
1785390161.57301,8255,8884,3565,1904,102.78,-92.12
1785390161.61842,8189,8855,3518,1829,100.07,-92.12
1785390161.6632,8180,8912,3537,1848,100.07,-92
1785390161.70907,8124,8930,3555,1886,102.78,-92
1785390161.75445,8142,8865,3537,1867,100.07,-92.06
1785390161.79788,8142,8893,3593,1829,102.78,-92.06
1785390161.84509,8142,8846,3555,1848,102.78,-92.06
1785390161.88799,8208,8874,3593,1876,102.78,-92.06
1785390161.93494,8114,8827,3583,1895,102.78,-92
1785390161.97876,8171,8846,3593,1848,108.19,-92
1785390162.02278,8142,8893,3583,1886,110.89,-91.94
1785390162.06937,8124,8818,3621,1857,108.19,-91.87
1785390162.12103,8124,8874,3593,1942,108.19,-91.87
1785390162.171,8152,8846,3612,1886,113.6,-91.87
1785390162.21577,8124,8855,3574,1867,113.6,-91.87
1785390162.26342,8161,8846,3583,1886,110.89,-91.87
1785390162.30975,8114,8771,3574,1932,113.6,-91.81
1785390162.35061,8199,8780,3574,1914,113.6,-91.81
1785390162.4012,8105,8837,3546,1867,116.3,-91.81
1785390162.45074,8152,8837,3574,1961,119.01,-91.81
1785390162.49782,8096,8818,3518,1923,121.71,-91.75
1785390162.54853,8105,8762,3565,1942,127.12,-91.69
1785390162.59103,8086,8762,3649,1914,127.12,-91.69
1785390162.63778,8133,8743,3583,1923,127.12,-91.69
1785390162.68548,8152,8762,3612,1923,127.12,-91.69
1785390162.73509,8124,8780,3621,1895,127.12,-91.69
1785390162.78093,8114,8743,3574,1951,129.83,-91.69
1785390162.82728,8114,8752,3583,1979,124.42,-91.75
1785390162.8731,8142,8752,3602,1961,129.83,-91.81
1785390162.91602,8077,8733,3537,2054,127.12,-91.75
1785390162.95659,8096,8715,3583,1886,129.83,-91.69
1785390162.99684,8058,8715,3612,1932,127.28,-91.56
1785390163.03691,8105,8705,3565,1914,127.28,-91.56
1785390163.0793,8067,8743,3555,1942,135.23,-91.56
1785390163.12135,8049,8818,3593,1961,132.58,-91.44
1785390163.16395,8049,8724,3621,1942,137.99,-91.44
1785390163.20546,8039,8705,3668,1904,146.05,-91.37
1785390163.24713,8049,8687,3630,1961,145.84,-91.31
1785390163.2871,8049,8696,3621,1979,145.84,-91.31
1785390163.33122,8021,8668,3593,2026,149.03,-91.31
1785390163.3757,8039,8677,3593,1979,148.76,-91.31
1785390163.42164,7955,8696,3583,2007,148.76,-91.31
1785390163.46705,8030,8640,3583,2026,154.17,-91.37
1785390163.51295,8002,8677,3574,1989,151.46,-91.37
1785390163.55901,8002,8696,3583,2083,151.46,-91.44
1785390163.6067,7964,8630,3574,2007,151.46,-91.44
1785390163.64991,7936,8621,3621,2036,156.87,-91.44
1785390163.69508,7945,8658,3640,2036,159.58,-91.5
1785390163.73907,7945,8658,3621,1970,159.58,-91.5
1785390163.78882,7955,8668,3583,2045,162.28,-91.5
1785390163.84583,7908,8611,3630,2120,164.4,-91.56
1785390163.89831,7936,8555,3583,2054,157.31,-91.56
1785390163.95059,7917,8555,3612,2045,170.4,-91.44
1785390164.00201,7927,8602,3612,2026,161.75,-91.31
1785390164.06256,7899,8593,3621,2054,173.87,-91.19
1785390164.11309,7964,8583,3565,2007,172.36,-91.06
1785390164.15386,7899,8583,3593,2045,176.63,-91.06
1785390164.1926,7899,8611,3649,2054,176.63,-91.06
1785390164.23616,7880,8527,3668,2073,175.8,-91.12
1785390164.27762,7899,8518,3630,2054,173.1,-91.19
1785390164.32288,7852,8574,3612,2073,173.1,-91.19
1785390164.38565,7870,8593,3583,2195,175.8,-91.12
1785390164.44203,7861,8555,3612,2092,178.51,-91.06
1785390164.49644,7824,8508,3583,2073,183.92,-91
1785390164.54749,7814,8536,3612,2092,183.92,-91
1785390164.60175,7805,8508,3593,2167,186.62,-91
1785390164.65578,7852,8480,3640,2167,189.33,-91
1785390164.70978,7786,8518,3630,2111,189.33,-91
1785390164.76141,7814,8490,3621,2111,194.74,-91
1785390164.81259,7767,8490,3630,2120,197.44,-91
1785390164.86402,7758,8424,3640,2186,194.74,-90.94
1785390164.91913,7795,8415,3640,2139,197.44,-90.87
1785390164.97623,7748,8424,3668,2167,200.15,-90.81
1785390165.02812,7805,8415,3677,2223,194.74,-90.75
1785390165.06894,7786,8396,3658,2167,194.74,-90.75
1785390165.10944,7777,8396,3668,2204,196.22,-90.75
1785390165.14991,7739,8349,3630,2176,201.47,-90.75
1785390165.25567,7645,8358,3658,2280,202.85,-90.69
1785390165.30662,7683,8302,3640,2270,194.74,-90.75
1785390165.3561,7655,8293,3705,2251,200.15,-90.87
1785390165.40757,7645,8321,3677,2298,194.74,-90.94
1785390165.45849,7655,8321,3658,2326,197.44,-91.06
1785390165.51183,7617,8321,3705,2270,188.27,-91.06
1785390165.56521,7627,8264,3724,2326,201.47,-90.94
1785390165.61778,7655,8264,3715,2355,197.44,-90.87
1785390165.6674,7598,8246,3734,2308,194.74,-90.87
1785390165.7177,7589,8293,3687,2289,200.15,-90.87
1785390165.76708,7608,8246,3724,2336,197.44,-90.87
1785390165.81619,7561,8283,3771,2261,193.57,-90.87
1785390165.87621,7570,8171,3715,2289,198.71,-90.94
1785390165.93339,7561,8189,3687,2383,194.74,-90.94
1785390165.98501,7533,8199,3705,2317,200.15,-90.94
1785390166.03742,7533,8199,3705,2383,194.74,-90.94
1785390166.09033,7542,8218,3696,2364,189.33,-90.87
1785390166.14738,7580,8227,3658,2317,183.92,-90.87
1785390166.2046,7551,8218,3696,2373,192.03,-90.81
1785390166.25571,7514,8161,3715,2373,194.74,-90.75
1785390166.29986,7514,8189,3705,2355,189.33,-90.75
1785390166.34161,7551,8208,3687,2364,189.33,-90.75
1785390166.38202,7467,8142,3724,2373,189.33,-90.81
1785390166.45915,7430,8086,3705,2439,189.33,-90.81
1785390166.50453,7392,8077,3752,2448,186.62,-90.81
1785390166.55151,7345,8030,3771,2430,189.33,-90.81
1785390166.59666,7383,8058,3762,2477,192.03,-90.75
1785390166.64571,7383,8114,3724,2392,183.92,-90.69
1785390166.68676,7364,8105,3734,2542,183.92,-90.69
1785390166.73062,7430,8058,3771,2533,186.62,-90.62
1785390166.7761,7373,8058,3762,2617,186.62,-90.5
1785390166.82167,7326,8067,3780,2655,189.33,-90.44
1785390166.86751,7354,8114,3771,2645,192.03,-90.37
1785390166.91169,7336,8124,3790,2448,190.92,-90.31
1785390166.95972,7345,8124,3790,2430,193.19,-90.31
1785390167.00861,7326,8049,3809,2542,192.03,-90.31
1785390167.05775,7326,8058,3809,2720,189.33,-90.25
1785390167.10286,7298,8058,3809,2636,189.33,-90.25
1785390167.145,7308,8058,3799,2636,192.03,-90.19
1785390167.18614,7317,8039,3799,2570,192.03,-90.19
1785390167.22975,7242,8002,3799,2711,186.62,-90.19
1785390167.27566,7336,8002,3771,2786,189.33,-90.19
1785390167.31911,7336,7983,3818,2655,186.62,-90.25
1785390167.36471,7186,7964,3799,2749,192.03,-90.19
1785390167.40958,7204,8002,3799,2927,189.33,-90.12
1785390167.45483,7204,7983,3790,2730,185.62,-90.12
1785390167.50165,7233,7955,3780,2861,187.67,-90.12
1785390167.54636,7204,7974,3799,2730,185.62,-90.19
1785390167.59052,7279,7983,3780,2842,190.43,-90.25
1785390167.63971,7157,8002,3846,2927,190.43,-90.25
1785390167.68515,7176,7974,3799,2889,186.62,-90.37
1785390167.72944,7195,7955,3809,2833,186.62,-90.44
1785390167.77646,7186,7927,3799,2833,189.33,-90.37
1785390167.82216,7139,7974,3846,2842,178.51,-90.44
1785390167.8688,7148,7955,3846,2805,173.1,-90.31
1785390167.91046,7176,7955,3809,2805,178.51,-90
1785390167.95336,7139,7945,3809,2899,178.51,-89.81
1785390167.99993,7139,7908,3846,2805,186.62,-89.75
1785390168.04475,7092,7889,3893,2833,186.62,-89.75
1785390168.09058,7148,7936,3865,2814,189.33,-89.69
1785390168.1459,7120,7889,3893,2861,189.33,-89.69
1785390168.19991,7129,7899,3874,2805,189.33,-89.69
1785390168.25332,7111,7889,3931,2777,189.33,-89.69
1785390168.30514,7129,7889,3902,2842,189.33,-89.75
1785390168.3596,7111,7889,3855,2739,192.03,-89.75
1785390168.41687,7054,7842,3893,2805,194.74,-89.75
1785390168.47278,7101,7899,3893,2786,194.74,-89.69
1785390168.5272,7092,7824,3912,2777,192.03,-89.56
1785390168.57962,7073,7880,3912,2777,194.74,-89.56
1785390168.63863,7073,7786,3921,2795,194.74,-89.62
1785390168.69469,7054,7852,3893,2777,192.03,-89.62
1785390168.74725,7036,7833,3884,2767,194.74,-89.62
1785390168.79913,7120,7805,3893,2861,192.03,-89.56
1785390168.8506,7073,7814,3921,2927,197.44,-89.5
1785390168.90117,7054,7786,3921,2861,189.33,-89.44
1785390168.95473,6989,7777,3893,2814,189.33,-89.37
1785390169.0092,7045,7758,3968,2861,192.03,-89.37
1785390169.05921,7017,7805,3959,2814,190.92,-89.31
1785390169.10015,7036,7777,3931,2805,195.95,-89.25
1785390169.14022,7036,7777,3931,2861,186.62,-89.19
1785390169.18172,6960,7730,3921,2842,186.62,-89.19
1785390169.28701,6951,7748,3949,2908,185.62,-89.19
1785390169.33881,6923,7711,3940,2917,198.71,-89.12
1785390169.39035,6942,7692,3959,2899,193.19,-89.06
1785390169.44064,6914,7683,3996,2899,193.19,-89.06
1785390169.50007,6904,7702,3912,2814,190.43,-89.19
1785390169.55567,6876,7730,3987,2842,190.92,-89.19
1785390169.6076,6848,7627,4015,2861,190.43,-89.19
1785390169.65735,6876,7664,3996,2880,197.44,-89.31
1785390169.70868,6904,7636,4006,2889,189.33,-89.56
1785390169.76034,6792,7636,4024,2992,186.62,-89.87
1785390169.81381,6914,7702,3996,2842,185.62,-90.12
1785390169.86749,6829,7645,4015,2889,190.43,-90.31
1785390169.91971,6726,7580,3996,2917,196.22,-90.37
1785390169.96878,6829,7570,3968,2880,198.71,-90.25
1785390170.02012,6792,7627,3977,2936,200.15,-90.12
1785390170.06992,6782,7589,4024,2927,188.27,-90.25
1785390170.12618,6801,7561,4043,2917,201.47,-90.37
1785390170.17931,6801,7523,4024,2974,192.03,-90.37
1785390170.23374,6782,7542,4071,2889,192.03,-90.31
1785390170.28396,6773,7523,4006,2946,192.03,-90.31
1785390170.32523,6745,7514,4071,2899,190.92,-90.31
1785390170.36784,6773,7523,4034,2992,187.67,-90.31
1785390170.41102,6792,7514,4081,2927,189.33,-90.25
1785390170.49162,6735,7420,4081,3039,193.19,-90.25
1785390170.53636,6735,7505,4090,3039,193.19,-90.25
1785390170.58217,6623,7448,4071,2964,186.62,-90.25
1785390170.62768,6670,7448,4081,3105,183.92,-90.25
1785390170.67212,6688,7439,4043,3011,183.92,-90.37
1785390170.71523,6670,7439,4081,3002,183.92,-90.44
1785390170.75873,6670,7476,4052,3039,192.03,-90.56
1785390170.80411,6670,7467,4081,3021,189.33,-90.62
1785390170.85065,6679,7420,4062,3011,192.03,-90.69
1785390170.89638,6651,7458,4062,3021,194.74,-90.75
1785390170.94013,6688,7392,4090,3096,190.92,-90.87
1785390170.98611,6688,7401,4128,3086,190.92,-90.87
1785390171.02967,6717,7383,4184,3011,194.74,-90.87
1785390171.07557,6642,7411,4184,3067,193.19,-90.81
1785390171.12215,6613,7420,4081,3105,185.62,-90.87
1785390171.1668,6679,7345,4071,3067,186.62,-90.94
1785390171.21249,6642,7373,4109,3058,189.33,-91
1785390171.25769,6642,7317,4071,3067,186.62,-91.06
1785390171.30347,6585,7373,4156,3077,195.95,-91
1785390171.34998,6585,7392,4090,3077,188.27,-91
1785390171.3948,6557,7308,4109,3086,194.74,-91
1785390171.4396,6538,7373,4118,3086,194.74,-91
1785390171.48455,6510,7317,4137,3161,189.33,-90.94
1785390171.53041,6566,7308,4128,3114,192.03,-90.87
1785390171.57599,6548,7308,4146,3171,194.74,-90.87
1785390171.62132,6557,7289,4165,3152,192.03,-90.81
1785390171.66666,6501,7261,4128,3171,192.03,-90.75
1785390171.71278,6501,7242,4174,3171,189.33,-90.69
1785390171.75735,6520,7289,4156,3152,194.74,-90.69
1785390171.80163,6501,7233,4174,3152,195.95,-90.75
1785390171.84707,6510,7195,4165,3152,194.74,-90.75
1785390171.89098,6463,7214,4203,3189,194.74,-90.75
1785390171.93615,6435,7242,4231,3283,190.92,-90.81
1785390171.98079,6557,7176,4165,3218,192.03,-90.94
1785390172.02698,6557,7195,4231,3246,200.15,-91
1785390172.07127,6473,7139,4231,3236,204.23,-91
1785390172.11654,6454,7195,4259,3264,190.92,-91.12
1785390172.16266,6491,7176,4184,3227,194.74,-91.19
1785390172.20801,6501,7157,4240,3236,195.95,-91.25
1785390172.25792,6482,7148,4296,3255,190.92,-91.31
1785390172.30009,6463,7176,4203,3264,198.71,-91.37
1785390172.34515,6510,7120,4231,3246,190.92,-91.44
1785390172.38911,6454,7101,4212,3330,190.92,-91.44
1785390172.43445,6435,7167,4278,3274,200.15,-91.44
1785390172.4795,6538,7139,4231,3311,202.85,-91.37
1785390172.52615,6520,7139,4249,3311,187.67,-91.37
1785390172.57117,6435,7120,4212,3330,193.57,-91.37
1785390172.61637,6435,7036,4240,3274,193.19,-91.31
1785390172.66148,6426,6989,4296,3302,194.74,-91.25
1785390172.70628,6379,7036,4268,3321,189.33,-91.25
1785390172.75308,6351,7082,4278,3358,197.44,-91.25
1785390172.80072,6463,7064,4287,3405,190.92,-91.19
1785390172.84507,6398,7017,4306,3358,194.74,-91.12
1785390172.88946,6360,7017,4296,3396,194.74,-91.12
1785390172.93584,6435,6979,4343,3340,194.74,-91.06
1785390172.97943,6416,7017,4343,3405,197.44,-91.06
1785390173.03122,6351,6932,4296,3405,194.74,-91.06
1785390173.08806,6341,7007,4343,3349,195.95,-91.19
1785390173.14178,6351,7007,4381,3405,193.57,-91.25
1785390173.19751,6276,6989,4296,3405,194.74,-91.31
1785390173.25348,6266,6942,4343,3433,195.95,-91.31
1785390173.30928,6360,6998,4343,3433,190.92,-91.25
1785390173.36637,6313,6951,4334,3405,194.74,-91.25
1785390173.41994,6257,6923,4418,3405,192.03,-91.25
1785390173.47765,6294,6998,4418,3461,189.33,-91.25
1785390173.53746,6266,6895,4390,3490,195.95,-91.19
1785390173.59233,6229,6895,4371,3471,198.71,-91.19
1785390173.64641,6276,6914,4381,3518,185.62,-91.19
1785390173.70018,6210,6932,4353,3461,194.74,-91.19
1785390173.75789,6257,6895,4390,3480,193.19,-91.19
1785390173.81349,6257,6885,4437,3471,190.92,-91.19
1785390173.85753,6266,6885,4390,3518,189.33,-91.19
1785390173.90312,6210,6876,4400,3555,192.03,-91.12
1785390173.94573,6210,6857,4418,3555,192.03,-91.12
1785390174.03001,6266,6792,4456,3565,200.15,-91.12
1785390174.0717,6182,6820,4465,3621,194.74,-91.12
1785390174.11537,6135,6801,4465,3546,189.33,-91.12
1785390174.16166,6173,6782,4475,3565,189.33,-91.37
1785390174.20609,6163,6810,4475,3546,204.23,-91.56
1785390174.25485,6173,6735,4446,3621,196.22,-91.69
1785390174.30111,6201,6735,4531,3593,194.74,-91.75
1785390174.34685,6163,6745,4550,3630,200.15,-91.75
1785390174.38774,6163,6839,4503,3630,200.15,-91.75
1785390174.43417,6107,6745,4531,3687,197.44,-91.62
1785390174.48026,6173,6773,4540,3593,192.03,-91.56
1785390174.52824,6116,6717,4522,3677,194.74,-91.5
1785390174.57259,6060,6707,4522,3705,197.44,-91.44
1785390174.61989,6135,6717,4550,3724,197.44,-91.37
1785390174.66321,6097,6698,4559,3687,194.74,-91.31
1785390174.70544,6079,6660,4550,3715,197.44,-91.25
1785390174.75567,6079,6707,4634,3752,192.03,-91.19
1785390174.79919,6022,6717,4568,3743,194.74,-91.19
1785390174.84383,6097,6688,4568,3696,194.74,-91.19
1785390174.88824,6041,6698,4568,3734,194.74,-91.12
1785390174.93471,6004,6670,4578,3705,194.74,-91.06
1785390174.97929,5966,6613,4615,3724,197.44,-91
1785390175.02511,5985,6688,4625,3705,194.74,-90.94
1785390175.07349,5994,6660,4615,3724,197.44,-90.87
1785390175.12233,6051,6613,4587,3799,194.74,-90.87
1785390175.16915,6022,6623,4625,3780,200.15,-90.87
1785390175.21925,6041,6566,4606,3818,196.22,-90.87
1785390175.26797,5929,6604,4625,3762,194.74,-90.94
1785390175.31301,5985,6604,4634,3827,201.47,-90.94
1785390175.35952,5976,6576,4662,3771,197.44,-90.94
1785390175.40685,5947,6585,4634,3809,194.74,-90.87
1785390175.45046,5976,6548,4709,3799,197.44,-90.87
1785390175.49903,5976,6510,4634,3818,190.92,-90.75
1785390175.53912,5957,6566,4681,3809,190.92,-90.75
1785390175.58579,5910,6623,4709,3884,198.71,-90.69
1785390175.62618,5910,6548,4643,3865,194.74,-90.69
1785390175.67237,5910,6679,4662,3846,192.03,-90.62
1785390175.71271,5854,6566,4681,3884,194.74,-90.69
1785390175.75418,5844,6557,4700,3874,197.44,-90.62
1785390175.79732,5854,6557,4700,3931,197.44,-90.56
1785390175.83915,5863,6548,4700,3968,197.44,-90.56
1785390175.88261,5835,6510,4700,3837,197.44,-90.56
1785390175.92509,5863,6501,4756,3902,192.03,-90.5
1785390175.96546,5816,6482,4718,3940,193.57,-90.44
1785390176.01167,5854,6529,4718,3912,198.71,-90.37
1785390176.0557,5835,6482,4737,3874,194.74,-90.31
1785390176.10386,5844,6491,4737,3931,197.44,-90.31
1785390176.1489,5816,6491,4747,3959,196.22,-90.19
1785390176.19947,5844,6463,4794,3855,193.19,-90.12
1785390176.2547,5769,6463,4756,3865,197.44,-90.12
1785390176.30537,5816,6454,4718,3865,192.03,-90.19
1785390176.35818,5788,6491,4775,3987,194.74,-90.25
1785390176.40876,5779,6435,4747,3921,194.74,-90.25
1785390176.46118,5760,6491,4812,3959,197.44,-90.31
1785390176.51673,5769,6435,4784,3959,194.74,-90.31
1785390176.56875,5741,6416,4803,3949,194.74,-90.25
1785390176.62134,5779,6416,4794,3968,189.33,-90.25
1785390176.67054,5760,6398,4812,3968,194.74,-90.25
1785390176.72493,5741,6388,4784,3996,194.74,-90.25
1785390176.78569,5732,6341,4803,3996,189.33,-90.25
1785390176.84532,5760,6341,4803,4015,192.03,-90.25
1785390176.89573,5713,6388,4803,4034,194.74,-90.25
1785390176.94707,5769,6360,4803,4052,193.57,-90.31
1785390177.00182,5703,6323,4812,4006,195.95,-90.25
1785390177.06112,5741,6323,4831,4043,194.74,-90.25
1785390177.11297,5647,6304,4822,4015,192.03,-90.25
1785390177.16277,5694,6323,4840,4071,190.92,-90.19
1785390177.20523,5713,6294,4850,4128,195.95,-90.25
1785390177.24813,5713,6266,4850,4099,192.03,-90.25
1785390177.29445,5703,6257,4850,4081,192.03,-90.19
1785390177.3914,5657,6285,4915,4128,198.71,-90.12
1785390177.44614,5619,6313,4915,4081,188.27,-90.12
1785390177.51234,5619,6238,4934,4090,195.95,-90.12
1785390177.57274,5600,6229,4925,4165,190.92,-90.12
1785390177.6235,5582,6257,4850,4174,193.19,-90.06
1785390177.67587,5572,6238,4925,4203,188.27,-90
1785390177.72415,5619,6201,4925,4156,194.74,-89.94
1785390177.76442,5600,6248,4962,4212,189.33,-89.94
1785390177.80469,5563,6201,4944,4174,194.74,-89.87
1785390177.84178,5525,6191,4962,4221,195.95,-89.81
1785390177.88118,5525,6163,4925,4203,195.95,-89.81
1785390177.92032,5497,6144,4991,4221,197.44,-89.81
1785390177.95871,5516,6191,5009,4249,190.92,-89.81
1785390177.99783,5516,6191,4991,4231,194.74,-89.81
1785390178.03706,5516,6191,4991,4231,194.74,-89.81
1785390178.0797,5516,6191,4991,4231,192.03,-89.75
1785390178.12008,5516,6191,4991,4231,192.03,-89.75
1785390178.16242,5516,6191,4991,4231,194.74,-89.75
1785390178.19943,5516,6191,4991,4231,192.03,-89.69
1785390178.23927,5516,6191,4991,4231,192.03,-89.69
1785390178.27929,5516,6191,4991,4231,198.71,-89.62
1785390178.3206,5516,6191,4991,4231,194.74,-89.62
1785390178.35987,5516,6163,4991,4231,194.74,-89.56
1785390178.40622,5516,6163,5019,4249,188.27,-89.5
1785390178.4465,5450,6126,5056,4287,195.95,-89.5
1785390178.49463,5441,6107,5019,4287,190.92,-89.44
1785390178.53734,5441,6079,5019,4287,190.92,-89.44
1785390178.57485,5441,6079,5019,4287,195.95,-89.44
1785390178.62077,5441,6079,5019,4287,194.74,-89.44
1785390178.66285,5441,6079,5019,4287,193.57,-89.44
1785390178.69836,5441,6079,5019,4287,194.74,-89.37
1785390178.73346,5441,6079,5019,4287,194.74,-89.37
1785390178.77091,5441,6079,5084,4325,193.19,-89.31
1785390178.8666,5319,6041,5112,4381,194.74,-89.19
1785390178.91798,5347,6079,5150,4371,197.44,-89.19
1785390178.96802,5356,6032,5131,4409,200.15,-89.12
1785390179.01825,5309,6032,5178,4409,198.71,-89.06
1785390179.06994,5328,5994,5150,4418,190.92,-89.06
1785390179.12338,5328,6004,5141,4428,194.74,-89.06
1785390179.17736,5328,6051,5122,4409,194.74,-89.12
1785390179.23256,5328,5985,5178,4400,194.74,-89.12
1785390179.28303,5291,5994,5169,4465,192.03,-89.12
1785390179.33825,5281,5994,5178,4493,194.74,-89.12
1785390179.39138,5281,5947,5206,4475,197.44,-89.19
1785390179.44957,5263,5985,5188,4606,197.44,-89.12
1785390179.50424,5291,5976,5206,4540,197.44,-89.12
1785390179.55645,5234,5910,5188,4512,194.74,-89.19
1785390179.60896,5216,5966,5188,4456,194.74,-89.19
1785390179.66098,5253,6013,5216,4493,197.44,-89.19
1785390179.70491,5272,5929,5225,4484,194.74,-89.19
1785390179.7469,5206,5919,5225,4503,194.74,-89.19
1785390179.78787,5225,5929,5225,4578,194.74,-89.19
1785390179.82866,5225,5919,5216,4540,194.74,-89.12
1785390179.8704,5197,5910,5272,4550,190.92,-89.06
1785390179.91131,5169,5910,5281,4531,193.19,-89.06
1785390179.953,5159,5919,5309,4531,190.92,-89.06
1785390179.99317,5178,5854,5291,4550,198.71,-89.12
1785390180.03542,5159,5872,5272,4606,198.71,-89.12
1785390180.07795,5159,5835,5281,4690,194.74,-89.12
1785390180.11969,5169,5900,5291,4606,192.03,-89.12
1785390180.16028,5150,5900,5300,4634,189.33,-89.19
1785390180.20574,5150,5891,5309,4625,194.74,-89.19
1785390180.25553,5131,5863,5281,4625,185.62,-89.19
1785390180.29761,5159,5825,5319,4606,193.19,-89.19
1785390180.33735,5075,5835,5300,4625,193.19,-89.19
1785390180.37932,5094,5854,5356,4662,192.03,-89.12
1785390180.42072,5122,5816,5328,4709,189.33,-89.19
1785390180.46568,5084,5882,5328,4662,192.03,-89.31
1785390180.51006,5047,5863,5356,4681,186.62,-89.25
1785390180.55465,5112,5844,5394,4709,189.33,-89.19
1785390180.59904,5037,5835,5356,4700,194.74,-89.19
1785390180.64013,5028,5797,5347,4672,194.74,-89.19
1785390180.68383,5047,5825,5338,4737,194.74,-89.19
1785390180.72838,5019,5825,5413,4700,190.92,-89.19
1785390180.77285,5009,5835,5394,4765,198.71,-89.19
1785390180.81462,5028,5816,5403,4747,189.33,-89.19
1785390180.85412,5000,5807,5450,4747,194.74,-89.12
1785390180.89224,5028,5722,5431,4784,194.74,-89.06
1785390180.93176,5009,5750,5422,4822,194.74,-89.06
1785390180.97128,5000,5750,5441,4784,194.74,-89
1785390181.01112,5037,5750,5460,4765,194.74,-89
1785390181.05105,4953,5741,5488,4822,194.74,-89.06
1785390181.08935,4991,5760,5460,4812,194.74,-89.06
1785390181.12878,4981,5732,5516,4859,192.03,-89.06
1785390181.17327,4991,5779,5488,4840,194.74,-89.12
1785390181.21968,4962,5769,5516,4812,194.74,-89.12
1785390181.26438,4944,5694,5497,4869,189.33,-89.19
1785390181.3117,4953,5732,5497,4859,194.74,-89.19
1785390181.35521,4869,5638,5460,4850,194.74,-89.19
1785390181.40191,4906,5675,5535,4850,192.03,-89.12
1785390181.4492,4869,5732,5506,4925,192.03,-89.12
1785390181.4926,4887,5703,5525,4925,192.03,-89.19
1785390181.53893,4850,5675,5497,4878,192.03,-89.19
1785390181.58637,4859,5666,5553,4925,194.74,-89.19
1785390181.62994,4859,5675,5553,4915,194.74,-89.19
1785390181.67522,4859,5666,5535,4915,194.74,-89.19
1785390181.71977,4887,5647,5582,4972,194.74,-89.19
1785390181.76598,4859,5647,5582,4934,197.44,-89.25
1785390181.81112,4878,5638,5610,4944,190.92,-89.25
1785390181.858,4887,5657,5563,4991,198.71,-89.31
1785390181.90184,4775,5685,5610,4991,197.44,-89.37
1785390181.94843,4840,5657,5600,4991,193.57,-89.31
1785390181.9917,4869,5619,5610,4981,197.44,-89.31
1785390182.03738,4859,5628,5619,5037,197.44,-89.31
1785390182.08407,4878,5628,5619,5028,194.74,-89.31
1785390182.1299,4812,5638,5628,5000,198.71,-89.31
1785390182.17545,4803,5591,5628,5037,193.57,-89.25
1785390182.22081,4756,5553,5675,5019,204.23,-89.25
1785390182.26502,4747,5544,5675,5009,190.92,-89.25
1785390182.31198,4803,5544,5703,5000,193.19,-89.25
1785390182.357,4803,5535,5685,5037,193.57,-89.31
1785390182.40465,4747,5563,5694,5075,194.74,-89.31
1785390182.45066,4765,5525,5713,5047,194.74,-89.37
1785390182.49905,4700,5525,5685,5056,195.95,-89.44
1785390182.54104,4662,5544,5722,5122,195.95,-89.44
1785390182.58478,4700,5525,5722,5084,204.18,-89.56
1785390182.62909,4690,5497,5722,5112,209.75,-89.44
1785390182.67502,4653,5497,5703,5169,196.22,-89.44
1785390182.72073,4643,5525,5760,5150,204.23,-89.37
1785390182.76916,4672,5497,5750,5169,202.85,-89.31
1785390182.81307,4681,5488,5750,5197,196.22,-89.37
1785390182.85844,4653,5469,5750,5206,202.85,-89.37
1785390182.90368,4681,5413,5769,5225,205.56,-89.44
1785390182.94135,4681,5413,5760,5225,205.56,-89.44
1785390182.98629,4653,5413,5779,5234,202.85,-89.5
1785390183.03258,4587,5431,5779,5225,204.23,-89.5
1785390183.07849,4606,5375,5816,5281,196.22,-89.5
1785390183.12459,4578,5422,5825,5328,202.85,-89.5
1785390183.17065,4578,5441,5835,5309,194.74,-89.44
1785390183.21719,4587,5422,5807,5309,200.15,-89.5
1785390183.26446,4568,5375,5816,5291,197.44,-89.44
1785390183.31928,4531,5394,5807,5319,198.71,-89.44
1785390183.36345,4522,5403,5825,5300,197.44,-89.37
1785390183.41322,4522,5366,5807,5338,196.22,-89.31
1785390183.46492,4503,5375,5825,5309,197.44,-89.31
1785390183.5153,4503,5422,5835,5338,198.71,-89.25
1785390183.56029,4456,5394,5863,5309,196.22,-89.25
1785390183.60538,4503,5413,5854,5309,197.44,-89.19
1785390183.64831,4503,5375,5825,5394,200.15,-89.19
1785390183.69073,4540,5309,5891,5375,194.74,-89.12
1785390183.73273,4503,5263,5882,5403,194.74,-89.12
1785390183.77621,4512,5319,5900,5431,201.47,-89.06
1785390183.81922,4475,5300,5919,5469,193.57,-89.06
1785390183.86164,4446,5338,5957,5422,201.47,-89.19
1785390183.9061,4465,5300,5938,5431,193.57,-89.25
1785390183.94818,4493,5263,5957,5441,201.47,-89.37
1785390183.99216,4493,5253,5947,5469,201.47,-89.37
1785390184.03733,4493,5356,5938,5535,196.22,-89.44
1785390184.0823,4484,5281,5919,5488,200.15,-89.44
1785390184.12878,4418,5300,5976,5469,194.74,-89.37
1785390184.17369,4381,5263,5947,5488,197.44,-89.31
1785390184.22242,4371,5263,5938,5535,197.44,-89.31
1785390184.27013,4371,5272,5976,5535,197.44,-89.31
1785390184.31606,4390,5244,5976,5516,200.15,-89.25
1785390184.35949,4353,5263,5976,5525,194.74,-89.25
1785390184.4045,4343,5206,5994,5582,194.74,-89.25
1785390184.45508,4371,5272,5994,5572,197.44,-89.25
1785390184.5067,4325,5225,6022,5600,194.74,-89.19
1785390184.55893,4371,5234,6004,5675,192.03,-89.12
1785390184.61,4371,5225,6013,5628,201.47,-89
1785390184.66005,4418,5225,6022,5610,188.27,-89
1785390184.71172,4381,5225,6060,5628,192.03,-89.06
1785390184.76937,4353,5225,6013,5619,186.62,-89.19
1785390184.82703,4362,5234,6013,5591,194.74,-89.25
1785390184.87748,4306,5197,6041,5591,194.74,-89.31
1785390184.92711,4278,5197,6022,5675,194.74,-89.31
1785390184.97663,4296,5206,6051,5647,197.44,-89.44
1785390185.02763,4259,5178,6088,5741,200.15,-89.56
1785390185.09079,4268,5141,6032,5703,202.85,-89.62
1785390185.14497,4325,5188,6079,5638,198.71,-89.69
1785390185.19676,4325,5131,6069,5703,197.44,-89.69
1785390185.24905,4325,5141,6126,5797,190.92,-89.69
1785390185.29994,4362,5131,6107,5779,194.74,-89.69
1785390185.35201,4400,5103,6116,5722,198.71,-89.75
1785390185.40577,4334,5084,6116,5769,194.74,-89.75
1785390185.45735,4296,5150,6163,5713,194.74,-89.75
1785390185.51253,4428,5169,6173,5666,192.03,-89.69
1785390185.55524,4306,5122,6154,5750,197.44,-89.69
1785390185.59785,4362,5159,6191,5807,192.03,-89.62
1785390185.63676,4334,5159,6182,5779,192.03,-89.62
1785390185.76556,4634,5103,6182,5797,192.03,-89.62
1785390185.8177,4634,5047,6182,5797,194.74,-89.62
1785390185.8693,4428,5047,6229,5760,194.74,-89.62
1785390185.91956,4559,5122,6229,5722,194.74,-89.56
1785390185.97309,4559,5047,6191,5863,197.44,-89.62
1785390186.02866,4653,5056,6238,5882,197.44,-89.62
1785390186.08154,4174,5056,6248,5844,194.74,-89.69
1785390186.13184,4062,5047,6238,5835,197.44,-89.75
1785390186.18306,3996,5056,6238,5854,197.44,-89.81
1785390186.23385,4081,5037,6266,5910,194.74,-89.87
1785390186.2852,4099,5000,6276,5938,197.44,-89.81
1785390186.33803,3949,5037,6285,5882,194.74,-89.81
1785390186.39155,4081,4981,6276,5825,197.44,-89.75
1785390186.44677,3949,4953,6257,5891,194.74,-89.81
1785390186.48584,3996,4953,6294,5900,194.74,-89.81
1785390186.52729,3940,5019,6304,5835,189.33,-90.06
1785390186.56767,3912,5019,6313,5863,194.74,-90.12
1785390186.67205,4193,4953,6351,5947,194.74,-90.19
1785390186.72325,3837,4934,6323,6032,188.27,-90.19
1785390186.77376,4231,4944,6379,5994,195.95,-90.25
1785390186.82433,3818,4887,6435,6022,197.44,-90.25
1785390186.87572,3790,4953,6388,5985,194.74,-90.25
1785390186.93015,3771,4915,6388,6032,193.57,-90.31
1785390186.98293,3743,4840,6407,5985,204.23,-90.31
1785390187.0374,3827,4869,6379,6032,200.15,-90.31
1785390187.08875,3780,4850,6398,6051,200.15,-90.31
1785390187.14079,3780,4850,6426,6004,200.15,-90.37
1785390187.20128,3818,4859,6407,6079,197.44,-90.5
1785390187.25648,3752,4869,6407,6022,197.44,-90.44
1785390187.31026,3780,4869,6407,6060,196.22,-90.44
1785390187.35399,3790,4878,6454,6013,195.95,-90.37
1785390187.39486,4090,4906,6491,6051,190.92,-90.31
1785390187.43588,3715,4897,6454,6051,190.92,-90.31
1785390187.47738,3658,4812,6426,6041,197.44,-90.31
1785390187.51983,4418,4850,6473,6069,195.95,-90.31
1785390187.56292,4071,4840,6491,6069,194.74,-90.25
1785390187.60655,4390,4812,6510,6079,194.74,-90.25
1785390187.64858,4062,4803,6520,6088,192.03,-90.25
1785390187.68936,3612,4812,6510,6097,192.03,-90.25
1785390187.73251,3696,4850,6491,6107,190.92,-90.19
1785390187.77635,3621,4831,6538,6191,192.03,-90.12
1785390187.81878,3583,4812,6529,6135,192.03,-90.12
1785390187.85962,3612,4794,6510,6229,193.19,-90.12
1785390187.89968,3621,4794,6576,6163,194.74,-90.12
1785390187.93991,3593,4794,6557,6182,194.74,-90.12
1785390187.98277,3583,4784,6557,6201,189.33,-90.12
1785390188.02541,3565,4765,6585,6191,192.03,-90.12
1785390188.06805,3583,4775,6566,6126,192.03,-90.06
1785390188.11185,3583,4756,6576,6163,194.74,-90.06
1785390188.15531,3574,4775,6604,6154,197.44,-90.06
1785390188.19809,3537,4756,6613,6154,194.74,-90
1785390188.23859,3565,4737,6604,6154,194.74,-90
1785390188.28023,3574,4737,6604,6173,194.74,-89.94
1785390188.32218,3583,4737,6604,6173,194.74,-89.94
1785390188.36334,3508,4737,6585,6191,194.74,-89.87
1785390188.40542,3574,4756,6670,6201,192.03,-89.81
1785390188.44683,3518,4718,6651,6191,190.92,-89.75
1785390188.48582,3574,4690,6670,6257,190.92,-89.75
1785390188.52753,3555,4756,6651,6276,189.33,-89.69
1785390188.56868,3527,4672,6679,6210,193.19,-89.69
1785390188.61102,3527,4672,6679,6266,194.74,-89.62
1785390188.65422,3508,4681,6707,6257,192.03,-89.56
1785390188.7006,3593,4672,6688,6285,197.44,-89.5
1785390188.74655,3565,4662,6660,6238,194.74,-89.5
1785390188.79088,3480,4625,6698,6332,197.44,-89.44
1785390188.84096,3555,4615,6688,6351,200.15,-89.37
1785390188.89216,3471,4653,6660,6341,200.15,-89.37
1785390188.94613,3461,4597,6679,6332,197.44,-89.31
1785390188.99673,3508,4625,6707,6313,192.03,-89.31
1785390189.04612,3461,4559,6726,6351,197.44,-89.25
1785390189.09542,3452,4540,6745,6341,192.03,-89.19
1785390189.14568,3452,4540,6745,6360,200.15,-89.19
1785390189.19852,3461,4653,6754,6332,205.56,-89.19
1785390189.25458,3471,4531,6754,6398,201.53,-89.19
1785390189.30744,3433,4625,6792,6370,201.47,-89.25
1785390189.35731,3490,4606,6792,6445,200.15,-89.31
1785390189.40623,3490,4550,6792,6501,200.15,-89.37
1785390189.45688,3415,4550,6754,6426,197.44,-89.37
1785390189.50728,3452,4493,6810,6426,198.87,-89.31
1785390189.55965,3461,4512,6792,6398,200.15,-89.25
1785390189.61625,3433,4512,6848,6463,204.23,-89.25
1785390189.66544,3415,4869,6829,6435,202.85,-89.19
1785390189.71814,3415,4512,6801,6520,198.87,-89.19
1785390189.76893,3386,4578,6810,6510,206.99,-89.12
1785390189.81901,3405,4456,6848,6501,200.15,-89.12
1785390189.8786,3386,4465,6829,6501,200.15,-89.12
1785390189.93499,3415,4484,6839,6491,200.15,-89.12
1785390189.98402,3424,4437,6867,6510,193.57,-89.06
1785390190.02402,3396,4428,6848,6529,197.44,-89.12
1785390190.06415,3386,4353,6876,6510,204.23,-89.06
1785390190.1042,3330,4362,6904,6501,194.74,-89.12
1785390190.20535,3349,4296,6960,6548,197.44,-89.19
1785390190.25644,3340,4259,6970,6623,197.44,-89.19
1785390190.30796,3255,4240,6960,6604,200.15,-89.19
1785390190.35917,3321,4306,6970,6651,196.22,-89.25
1785390190.41335,3293,4221,6970,6585,204.23,-89.25
1785390190.47167,3302,4287,7007,6623,198.87,-89.25
1785390190.52268,3264,4184,7007,6613,200.15,-89.19
1785390190.57342,3321,4249,6960,6623,201.47,-89.12
1785390190.62278,3264,4672,7045,6613,200.15,-89.06
1785390190.67343,3264,4268,7017,6632,196.22,-89.12
1785390190.72294,3264,4193,6998,6707,204.23,-89.19
1785390190.77486,3236,4203,7036,6642,200.15,-89.19
1785390190.82973,3264,4174,7045,6613,202.85,-89.12
1785390190.88343,3236,4137,7054,6679,200.15,-89.06
1785390190.93752,3264,4137,7045,6642,193.57,-89.06
1785390190.98909,3218,4203,7082,6651,197.44,-89.06
1785390191.03875,3189,4146,7073,6651,195.95,-89.12
1785390191.08709,3199,4137,7045,6707,194.74,-89.19
1785390191.13941,3171,4099,7073,6763,193.57,-89.19
1785390191.19183,3199,4118,7073,6688,200.15,-89.19
1785390191.24502,3143,4597,7111,6735,200.15,-89.19
1785390191.29679,3171,4606,7073,6688,202.85,-89.19
1785390191.33679,3152,4568,7101,6698,202.85,-89.19
1785390191.37737,3124,4099,7092,6754,190.92,-89.12
1785390191.4177,3152,4128,7082,6717,197.44,-89.19
1785390191.52435,3021,4081,7129,6801,197.44,-89.25
1785390191.57274,3077,4052,7157,6801,200.15,-89.25
1785390191.62097,3077,4109,7157,6829,194.74,-89.25
1785390191.67003,3096,4081,7176,6829,194.74,-89.19
1785390191.72308,3049,4062,7195,6792,200.15,-89.19
1785390191.78196,3030,4484,7233,6839,195.95,-89.12
1785390191.83859,3030,4006,7233,6820,192.03,-89.19
1785390191.88481,2992,3968,7204,6792,190.92,-89.25
1785390191.92496,2983,3959,7195,6857,194.74,-89.25
1785390191.9687,3002,3977,7251,6848,195.95,-89.31
1785390192.01088,3030,4437,7223,6857,190.92,-89.37
1785390192.05339,2992,4418,7242,6895,201.47,-89.37
1785390192.09986,2964,4371,7261,6867,193.57,-89.31
1785390192.14387,2992,4343,7242,6895,194.74,-89.31
1785390192.19634,2983,4381,7298,6914,204.23,-89.25
1785390192.23551,2964,3931,7279,6904,204.23,-89.25
1785390192.27548,2964,4353,7270,6885,193.57,-89.19
1785390192.31595,3011,3902,7279,6914,197.44,-89.19
1785390192.35695,3002,3940,7298,6904,197.44,-89.12
1785390192.39865,3058,4306,7308,6951,200.15,-89.12
1785390192.43947,3077,4325,7289,6960,197.44,-89.19
1785390192.48151,2964,3865,7326,6960,197.44,-89.19
1785390192.52435,2927,4296,7308,6960,198.71,-89.25
1785390192.5686,2917,4259,7345,7036,193.57,-89.31
1785390192.6205,2955,4278,7326,7036,198.71,-89.31
1785390192.6783,2946,4221,7364,7064,194.74,-89.37
1785390192.73451,2899,4212,7336,7036,190.92,-89.31
1785390192.78725,2927,4174,7364,7036,194.74,-89.25
1785390192.84067,2899,4165,7392,7007,201.47,-89.25
1785390192.89749,2946,4249,7401,7045,196.22,-89.25
1785390192.95305,2955,4597,7392,7026,198.71,-89.19
1785390193.0057,2852,4193,7420,7054,193.57,-89.25
1785390193.05623,2880,4184,7439,7082,195.95,-89.25
1785390193.10594,2889,4193,7430,7082,193.57,-89.25
1785390193.15627,2908,4578,7420,7111,194.74,-89.19
1785390193.20527,2908,4156,7383,7092,194.74,-89.19
1785390193.25759,2899,4109,7430,7073,198.71,-89.19
1785390193.31866,2870,4128,7439,7092,190.92,-89.19
1785390193.37163,2824,4146,7467,7157,194.74,-89.12
1785390193.41819,2861,4118,7448,7157,194.74,-89.12
1785390193.46226,2824,4137,7486,7186,200.15,-89.12
1785390193.50339,2805,3827,7476,7167,198.71,-89.12
1785390193.54183,2795,3790,7505,7148,193.57,-89.19
1785390193.62362,2805,3790,7505,7214,195.95,-89.31
1785390193.66919,2767,4043,7551,7195,194.74,-89.37
1785390193.71461,2730,4540,7542,7251,197.44,-89.44
1785390193.76014,2711,4568,7533,7298,193.57,-89.5
1785390193.80942,2711,4465,7598,7251,195.95,-89.44
1785390193.85922,2767,4522,7542,7279,193.57,-89.5
1785390193.91252,2711,4475,7570,7270,198.71,-89.44
1785390193.96195,2674,4465,7580,7298,197.44,-89.44
1785390194.01083,2739,4446,7570,7326,197.44,-89.44
1785390194.06052,2758,4456,7589,7298,193.57,-89.5
1785390194.11106,2683,4456,7589,7289,200.15,-89.44
1785390194.16404,2730,4418,7608,7308,194.74,-89.37
1785390194.2199,2664,4446,7608,7317,197.44,-89.37
1785390194.27223,2645,4428,7608,7298,193.19,-89.31
1785390194.32283,2645,4390,7645,7373,190.92,-89.31
1785390194.3752,2711,4400,7636,7317,192.03,-89.37
1785390194.42871,2608,4400,7617,7336,189.33,-89.37
1785390194.48747,2674,4418,7636,7401,189.33,-89.37
1785390194.54496,2645,4400,7692,7354,195.95,-89.44
1785390194.59587,2655,4362,7683,7383,185.62,-89.44
1785390194.64858,2674,4334,7683,7411,186.62,-89.5
1785390194.70281,2683,4343,7673,7364,186.62,-89.62
1785390194.75907,2636,4315,7664,7392,181.21,-89.69
1785390194.8147,2645,4315,7664,7392,183.92,-89.75
1785390194.86427,2683,4334,7702,7354,181.21,-89.75
1785390194.90739,2598,4296,7711,7439,178.51,-89.75
1785390194.94832,2683,4278,7720,7430,183.92,-89.75
1785390194.98701,2664,4315,7683,7392,183.92,-89.75
1785390195.07791,2627,4259,7786,7420,178.51,-89.75
1785390195.13199,2561,4362,7748,7392,181.21,-89.69
1785390195.17489,2533,4268,7748,7420,175.8,-89.69
1785390195.2268,2505,4315,7767,7476,178.51,-89.75
1785390195.27717,2495,4268,7758,7467,173.1,-89.75
1785390195.32717,2552,4268,7786,7448,179.39,-89.75
1785390195.38046,2561,4231,7730,7467,175.01,-89.69
1785390195.43522,2514,4268,7758,7458,175.8,-89.69
1785390195.48769,2505,4259,7777,7523,175.8,-89.62
1785390195.53975,2467,4249,7767,7495,179.39,-89.56
1785390195.59063,2514,4296,7795,7514,175.01,-89.56
1785390195.64304,2477,4203,7805,7523,170.4,-89.56
1785390195.6972,2495,4221,7852,7533,176.63,-89.62
1785390195.75396,2495,4212,7824,7542,167.05,-89.69
1785390195.80726,2448,4249,7842,7551,167.69,-89.75
1785390195.85963,2552,4184,7833,7551,164.99,-89.87
1785390195.91413,2401,4240,7814,7561,164.99,-89.87
1785390195.96886,2401,4240,7814,7561,164.99,-89.94
1785390196.02258,2505,4240,7880,7551,164.99,-90
1785390196.06553,2486,4165,7908,7570,162.83,-90.06
1785390196.10847,2430,4212,7927,7580,162.28,-90.06
1785390196.14936,2373,4203,7899,7608,159.58,-90.12
1785390196.23063,2430,4137,7936,7580,156.45,-90.12
1785390196.27588,2411,4231,7917,7617,159.58,-90.19
1785390196.32161,2430,4146,7964,7655,156.87,-90.19
1785390196.36753,2411,4174,7955,7598,156.87,-90.19
1785390196.41412,2373,4212,7974,7683,154.17,-90.25
1785390196.45941,2326,4165,8002,7655,157.31,-90.31
1785390196.50559,2326,4137,7955,7702,151.46,-90.37
1785390196.54626,2326,4146,7964,7702,151.14,-90.37
1785390196.59105,2326,4146,7992,7702,151.14,-90.37
1785390196.63187,2383,4081,7992,7692,156.87,-90.37
1785390196.67591,2336,4118,8011,7730,154.17,-90.37
1785390196.72324,2355,4118,7992,7692,151.79,-90.37
1785390196.77101,2326,4071,8030,7720,148.49,-90.37
1785390196.81261,2317,4071,8030,7748,154.17,-90.31
1785390196.85765,2308,4128,8002,7739,151.46,-90.37
1785390196.9046,2298,4099,8049,7758,151.46,-90.44
1785390196.95,2336,4128,8058,7786,148.76,-90.5
1785390196.98851,2308,4099,8058,7814,148.76,-90.5
1785390197.03001,2289,4099,8058,7814,148.76,-90.5
1785390197.07397,2289,4090,8058,7814,146.05,-90.56
1785390197.11344,2280,4090,8058,7814,149.03,-90.56
1785390197.15328,2261,4099,8039,7824,143.19,-90.62
1785390197.20022,2214,4128,8049,7805,148.76,-90.69
1785390197.24551,2233,4090,8058,7805,151.46,-90.69
1785390197.28597,2233,4137,8086,7805,151.46,-90.69
1785390197.3283,2261,4137,8049,7824,146.05,-90.75
1785390197.37485,2280,4090,8105,7805,148.76,-90.75
1785390197.42018,2270,4090,8077,7861,146.05,-90.81
1785390197.4653,2270,4071,8077,7833,149.03,-90.81
1785390197.5097,2345,4043,8086,7833,143.19,-90.75
1785390197.55516,2308,4109,8077,7824,146.05,-90.75
1785390197.60131,2270,4081,8124,7824,146.05,-90.69
1785390197.64658,2204,4052,8096,7814,143.35,-90.69
1785390197.69748,2251,4015,8133,7889,146.05,-90.69
1785390197.74903,2176,4052,8133,7824,140.64,-90.62
1785390197.79848,2167,4090,8171,7917,143.35,-90.56
1785390197.84763,2158,4062,8208,7899,140.64,-90.56
1785390197.89756,2158,4034,8142,7861,140.64,-90.56
1785390197.94744,2148,4062,8199,7908,135.23,-90.56
1785390198.00458,2195,4024,8218,7908,137.99,-90.5
1785390198.04522,2139,4034,8171,7861,129.93,-90.5
1785390198.08455,2204,3996,8227,7945,129.93,-90.5
1785390198.12518,2158,3987,8189,7899,140.64,-90.5
1785390198.1646,2158,3959,8199,7936,135.23,-90.44
1785390198.20446,2129,3987,8227,7964,137.94,-90.37
1785390198.24357,2176,4034,8227,7964,146.05,-90.37
1785390198.28238,2186,3987,8227,7955,146.05,-90.37
1785390198.32199,2120,4024,8264,8021,140.64,-90.31
1785390198.36737,2139,3987,8218,8039,135.23,-90.31
1785390198.41271,2148,3987,8246,8002,135.23,-90.31
1785390198.4574,2092,3996,8236,8030,137.99,-90.31
1785390198.50389,2167,4006,8227,7992,140.64,-90.31
1785390198.55213,2186,3987,8264,8011,135.23,-90.31
1785390198.59749,2139,4015,8255,8030,137.94,-90.31
1785390198.64097,2111,4006,8236,8011,135.23,-90.37
1785390198.68806,2167,3959,8293,8011,135.23,-90.37
1785390198.73237,2176,3987,8283,8077,132.58,-90.44
1785390198.77503,2176,3959,8283,8021,132.53,-90.5
1785390198.82027,2101,4006,8293,8114,135.23,-90.56
1785390198.86649,2148,3968,8264,8142,132.53,-90.56
1785390198.91213,2092,3931,8283,8096,129.71,-90.62
1785390198.9577,2083,3968,8255,8049,121.98,-90.62
1785390199.0022,2120,3996,8311,8189,121.71,-90.62
1785390199.04916,2129,3949,8283,8077,124.42,-90.75
1785390199.09723,2073,3996,8264,8114,121.71,-90.81
1785390199.14125,2073,3931,8293,8208,121.71,-90.81
1785390199.18449,2092,3987,8283,8142,124.42,-90.81
1785390199.22734,2148,3996,8293,8133,121.71,-90.87
1785390199.27341,2148,3949,8321,8208,121.71,-90.87
1785390199.3186,2101,3977,8311,8152,121.71,-90.87
1785390199.36523,2036,3921,8283,8161,119.01,-90.87
1785390199.41281,2129,3912,8321,8152,121.71,-90.87
1785390199.46028,2054,3931,8330,8218,121.71,-90.87
1785390199.50342,2026,3902,8311,8199,121.71,-90.87
1785390199.5466,2073,3968,8339,8152,119.01,-90.81
1785390199.58955,2083,3940,8358,8171,119.01,-90.81
1785390199.63686,2073,3940,8358,8255,113.6,-90.81
1785390199.68655,2054,3921,8339,8199,119.01,-90.81
1785390199.7376,2036,3959,8358,8246,113.6,-90.81
1785390199.7899,2036,3931,8377,8208,119.01,-90.81
1785390199.84103,2026,3921,8396,8189,116.3,-90.69
1785390199.8939,2054,3893,8405,8180,116.3,-90.69
1785390199.95109,2073,3921,8415,8218,119.01,-90.62
1785390200.00647,2083,3874,8405,8246,115.92,-90.62
1785390200.0606,1970,3884,8405,8236,114.02,-90.56
1785390200.11067,2036,3931,8452,8302,118.68,-90.62
1785390200.15974,2026,3931,8405,8283,119.32,-90.62
1785390200.20895,2007,3912,8452,8302,116.3,-90.56
1785390200.26383,2007,3912,8452,8274,119.01,-90.56
1785390200.31616,2026,3921,8471,8293,116.3,-90.56
1785390200.37082,2026,3912,8452,8311,115.92,-90.62
1785390200.42466,2007,3921,8527,8283,116.67,-90.62
1785390200.49031,2007,3874,8452,8339,113.6,-90.69
1785390200.54532,2158,3912,8480,8274,116.3,-90.69
1785390200.58258,2158,3912,8480,8274,116.3,-90.69
1785390200.62111,2026,3912,8480,8274,113.6,-90.62
1785390200.66078,1942,3827,8443,8293,110.89,-90.62
1785390200.75147,1932,3846,8471,8330,108.19,-90.56
1785390200.79869,1932,3846,8546,8339,110.89,-90.44
1785390200.84157,1961,3799,8480,8368,113.16,-90.37
1785390200.88946,1923,3771,8461,8386,106.07,-90.31
1785390200.93011,1951,3771,8508,8377,106.07,-90.31
1785390200.97673,1923,3799,8490,8377,108.19,-90.31
1785390201.02473,1923,3818,8490,8368,110.4,-90.31
1785390201.06811,1932,3884,8499,8396,108.19,-90.31
1785390201.11816,1951,3893,8480,8415,108.19,-90.25
1785390201.16216,1923,3827,8536,8349,111.37,-90.25
1785390201.2035,1932,3874,8546,8377,108.19,-90.25
1785390201.25018,1932,3874,8518,8433,105.48,-90.25
1785390201.29931,1904,3884,8518,8368,113.6,-90.19
1785390201.3456,1848,3837,8583,8433,102.78,-90.19
1785390201.39239,1895,3790,8555,8443,102.78,-90.19
1785390201.439,1876,3846,8565,8452,108.19,-90.19
1785390201.47965,1886,3855,8611,8433,104.88,-90.19
1785390201.52454,1886,3884,8555,8424,100.76,-90.19
1785390201.57265,1839,3799,8555,8433,102.78,-90.25
1785390201.61532,1932,3912,8574,8452,100.07,-90.19
1785390201.65811,1839,3893,8583,8452,102.78,-90.25
1785390201.70313,1904,3790,8565,8471,100.07,-90.25
1785390201.74941,1829,3762,8621,8471,100.07,-90.25
1785390201.79833,1829,3790,8565,8508,102.78,-90.25
1785390201.84537,1886,3996,8611,8527,100.07,-90.25
1785390201.89123,1923,3846,8611,8480,94.66,-90.25
1785390201.93122,1914,3921,8611,8499,94.66,-90.25
1785390201.97626,1876,3790,8593,8518,102.78,-90.25
1785390202.01823,1839,3855,8621,8490,94.66,-90.25
1785390202.06392,1923,3865,8677,8555,99.36,-90.25
1785390202.11283,1876,3846,8611,8518,95.46,-90.25
1785390202.16273,1876,3799,8649,8518,97.37,-90.25
1785390202.21162,1857,3780,8630,8480,97.37,-90.25
1785390202.26143,1914,3865,8658,8480,102.78,-90.25
1785390202.30818,1914,3752,8630,8480,97.37,-90.25
1785390202.35253,1876,3884,8658,8461,97.37,-90.25
1785390202.39635,1820,3827,8630,8536,94.66,-90.31
1785390202.44448,1857,3762,8668,8546,97.37,-90.31
1785390202.48669,1801,3846,8696,8508,97.37,-90.31
1785390202.53341,1923,3705,8649,8499,89.25,-90.37
1785390202.57313,1810,3874,8658,8555,91.96,-90.44
1785390202.62203,1857,3874,8658,8555,89.25,-90.44
1785390202.67099,1876,3734,8658,8518,91.96,-90.5
1785390202.71658,1829,3696,8640,8565,89.25,-90.5
1785390202.76219,1886,3855,8715,8565,91.96,-90.56
1785390202.80906,1820,3771,8687,8593,86.55,-90.56
1785390202.85104,1839,3884,8677,8583,90.16,-90.56
1785390202.8964,1820,3837,8696,8565,88.32,-90.56
1785390202.93511,1801,3762,8790,8546,88.32,-90.56
1785390202.98269,1810,3752,8715,8536,91.96,-90.56
1785390203.03264,1820,3715,8715,8593,83.85,-90.5
1785390203.08109,1792,3696,8780,8583,86.55,-90.56
1785390203.12825,1782,3724,8733,8583,89.25,-90.5
1785390203.17245,1773,3715,8762,8583,91.96,-90.5
1785390203.21537,1792,3771,8733,8593,86.55,-90.5
1785390203.2614,1773,3743,8733,8611,91.96,-90.5
1785390203.30921,1782,3743,8733,8565,86.55,-90.5
1785390203.35632,1801,3762,8762,8602,89.25,-90.44
1785390203.40499,1773,3790,8724,8546,84.85,-90.44
1785390203.4468,1745,3743,8705,8593,88.32,-90.44
1785390203.49177,1764,3734,8752,8602,88.32,-90.44
1785390203.53801,1754,3752,8771,8574,86.55,-90.44
1785390203.58408,1801,3705,8790,8621,86.55,-90.44
1785390203.62366,1773,3743,8799,8602,81.14,-90.44
1785390203.6637,1764,3734,8808,8583,86.55,-90.44
1785390203.70273,1698,3809,8724,8621,81.14,-90.44
1785390203.74202,1773,3734,8762,8621,78.44,-90.37
1785390203.78787,1773,3696,8827,8602,78.44,-90.37
1785390203.83263,1735,3715,8808,8658,78.44,-90.44
1785390203.87783,1754,3724,8771,8658,79.55,-90.44
1785390203.92261,1735,3705,8790,8602,77.28,-90.44
1785390203.96573,1698,3677,8818,8649,78.44,-90.5
1785390204.00978,1735,3658,8818,8649,73.03,-90.56
1785390204.05573,1717,3724,8808,8630,76.9,-90.62
1785390204.10224,1754,3687,8837,8583,82.8,-90.69
1785390204.14817,1679,3630,8818,8583,75.73,-90.69
1785390204.19009,1726,3696,8771,8621,81.14,-90.69
1785390204.23449,1735,3640,8808,8593,81.14,-90.69
1785390204.28123,1810,3762,8799,8602,78.44,-90.69
1785390204.32582,1707,3602,8790,8611,79.55,-90.69
1785390204.37121,1792,3583,8827,8630,77.28,-90.69
1785390204.42165,1689,3612,8808,8649,81.14,-90.69
1785390204.47316,1792,3668,8808,8658,74.25,-90.69
1785390204.51721,1773,3724,8799,8696,80.04,-90.69
1785390204.56007,1726,3687,8846,8621,78.44,-90.69
1785390204.60248,1764,3677,8808,8621,75.73,-90.69
1785390204.64866,1726,3640,8818,8640,79.55,-90.69
1785390204.68968,1810,3696,8790,8630,82.8,-90.69
1785390204.73682,1735,3630,8865,8649,82.8,-90.69
1785390204.78089,1764,3555,8837,8602,81.14,-90.69
1785390204.82456,1726,3658,8827,8602,74.25,-90.69
1785390204.87017,1707,3705,8837,8640,80.04,-90.69
1785390204.91464,1773,3705,8855,8649,75.73,-90.69
1785390204.9598,1773,3602,8846,8621,76.9,-90.69
1785390205.00575,1689,3696,8884,8621,77.28,-90.69
1785390205.05207,1782,3621,8884,8611,78.44,-90.69
1785390205.09667,1735,3696,8799,8649,78.44,-90.69
1785390205.14166,1801,3621,8855,8649,78.44,-90.69
1785390205.18675,1698,3583,8855,8677,78.44,-90.69
1785390205.23172,1754,3630,8893,8668,78.44,-90.69
1785390205.27668,1764,3602,8865,8640,78.44,-90.69
1785390205.32145,1717,3649,8855,8621,78.44,-90.69
1785390205.36635,1801,3546,8855,8658,78.44,-90.69
1785390205.4114,1689,3565,8855,8677,78.44,-90.69
1785390205.45355,1717,3649,8855,8640,12.23,-90.75
1785390205.50353,1754,3602,8855,8640,5.41,-92.19
1785390205.55038,1735,3752,8799,8687,10.82,-95.31
1785390205.59003,1782,3799,8790,8705,10.82,-99.56
1785390205.63657,1717,3799,8752,8621,0,-104.75
1785390205.68362,1717,3902,8733,8630,-5.41,-110.37
1785390205.72638,1782,3921,8696,8602,-2.7,-116.06
1785390205.76964,1764,3996,8715,8546,-2.7,-116.06
1785390205.81438,1810,3977,8696,8471,-2.7,-121.69
1785390205.861,1754,3705,8621,8480,-2.7,-127.12
1785390205.90234,1820,3283,8611,8480,-2.7,-132.25
1785390205.94757,1773,3330,8705,8461,-2.7,-137.12
1785390205.99251,1829,3396,8771,8480,-5.41,-141.75
1785390206.0386,1839,3424,8827,8424,-2.7,-146.19
1785390206.08596,1792,3405,8846,8415,0,-150.31
1785390206.13014,1839,3321,8874,8368,-2.7,-154.25
1785390206.17465,1876,3396,8902,8358,-2.7,-154.25
1785390206.22499,1932,3415,8799,8386,5.41,-157.69
1785390206.27051,1839,3368,8865,8405,2.7,-160.75
1785390206.31182,1857,3405,8790,8368,-2.7,-163.56
1785390206.35836,1876,3415,8799,8396,-2.7,-166.06
1785390206.40657,1839,3386,8771,8424,2.7,-168.5
1785390206.45137,1876,3377,8762,8433,0,-170.75
1785390206.50259,1848,3424,8780,8415,0,-172.87
1785390206.54418,1848,3358,8780,8415,0,-174.94
1785390206.58255,1848,3358,8780,8415,-5.41,-177
1785390206.61713,1848,3358,8780,8415,-5.41,-177
1785390206.65829,1839,3358,8780,8415,-5.41,-177
1785390206.70468,1970,3386,8902,8386,-5.41,-177
1785390206.7492,1942,3433,8884,8461,-5.41,-177
1785390206.79143,1895,3396,8884,8443,-5.41,-177
1785390206.8358,1932,3311,8846,8433,-5.41,-177
1785390206.87735,1904,3424,8921,8368,-5.41,-177
1785390206.91682,1942,3377,8827,8424,-5.41,-177
1785390206.95595,1867,3396,8827,8424,-5.41,-177
1785390206.99517,1886,3424,8846,8405,1.68,179.69
1785390207.03681,1932,3424,8940,8415,54.09,179.44
1785390207.08307,1923,3443,8884,8415,49.68,179.62
1785390207.12826,1886,3405,8902,8424,49.68,179.62
1785390207.17612,1820,3386,8846,8377,75.73,179.94
1785390207.22429,1857,3377,8884,8396,75.73,-179.62
1785390207.26958,1876,3405,8893,8386,84.85,-179.62
1785390207.31499,1951,3358,8930,8443,81.14,-179.69
1785390207.36033,1951,3377,8930,8443,84.85,-179.62
1785390207.3982,1951,3377,8930,8443,93.84,-179.62
1785390207.43759,1951,3377,8930,8443,86.55,-179.62
1785390207.48453,1914,3377,8837,8424,94.66,-179.69
1785390207.52625,1970,3340,8818,8415,94.66,-179.69
1785390207.56788,1932,3330,8855,8386,100.07,-179.75
1785390207.60748,2036,3386,8912,8386,94.66,-179.87
1785390207.64749,1914,3330,8846,8386,105.48,-179.94
1785390207.68732,1932,3321,8837,8368,106.07,179.87
1785390207.72567,2007,3321,8818,8368,106.07,179.87
1785390207.76769,1951,3283,8799,8368,107.64,179.75
1785390207.81254,1989,3311,8837,8377,110.89,179.69
1785390207.85886,1970,3340,8921,8396,113.6,179.62
1785390207.90374,1932,3368,8818,8415,119.32,179.56
1785390207.95023,2017,3321,8855,8339,126.95,179.56
1785390207.99565,1998,3302,8846,8405,129.83,179.56
1785390208.04306,1979,3321,8893,8396,132.58,179.56
1785390208.09351,2036,3311,8893,8368,132.47,179.62
1785390208.13824,1923,3283,8827,8386,137.89,179.56
1785390208.18705,1923,3321,8827,8386,143.51,179.5
1785390208.22891,1923,3321,8827,8386,143.51,179.5
1785390208.26611,1923,3321,8827,8386,135.23,179.37
1785390208.3002,1923,3321,8827,8386,151.46,179.19
1785390208.33766,1923,3321,8827,8386,151.46,179.06
1785390208.3738,1923,3321,8827,8386,151.46,179.06
1785390208.41218,1923,3321,8827,8386,156.87,178.87
1785390208.4487,1923,3321,8827,8386,159.58,178.75
1785390208.48584,1923,3321,8827,8386,164.99,178.81
1785390208.51812,1923,3321,8827,8386,164.99,178.81
1785390208.55372,1923,3321,8827,8386,170.4,178.81
1785390208.58924,1923,3321,8827,8386,167.69,178.87
1785390208.62379,1923,3321,8827,8386,167.69,178.87
1785390208.66165,1923,3321,8827,8386,183.92,178.87
1785390208.69706,1923,3321,8827,8386,186.62,178.87
1785390208.73189,1923,3321,8827,8386,188.27,178.87
1785390208.76841,1923,3321,8827,8386,188.27,178.87
1785390208.80227,1923,3321,8827,8386,194.74,179
1785390208.83914,1923,3321,8827,8386,197.44,179.06
1785390208.87395,1923,3321,8827,8386,197.44,179.06
1785390208.9093,1923,3321,8827,8386,198.71,179.12
1785390208.94713,1923,3321,8827,8386,198.87,179.25
1785390208.98007,1923,3321,8827,8386,198.87,179.25
1785390209.01698,1923,3321,8827,8386,198.71,179.31
1785390209.0586,2477,3321,8808,8471,202.85,179.44
1785390209.09995,2242,3199,8855,8452,194.74,179.44
1785390209.1416,2514,3171,8808,8424,200.15,179.5
1785390209.18163,2467,3143,8818,8452,200.15,179.56
1785390209.22333,2514,3161,8808,8461,200.15,179.56
1785390209.26479,2345,3143,8818,8424,197.44,179.56
1785390209.30671,2289,3152,8827,8424,197.44,179.69
1785390209.34836,2477,3133,8733,8405,193.57,179.81
1785390209.39493,2280,3086,8733,8424,198.71,179.81
1785390209.44649,2542,3096,8762,8396,190.92,179.75
1785390209.4955,2561,3180,8762,8461,195.95,179.75
1785390209.54291,2280,3124,8733,8424,197.44,179.75
1785390209.59274,2289,3124,8762,8415,194.74,179.81
1785390209.64423,2495,3058,8752,8452,190.92,179.81
1785390209.69777,2533,3086,8696,8443,198.71,179.94
1785390209.75471,2495,3049,8733,8424,193.57,-180
1785390209.8083,2533,3002,8743,8452,194.74,-179.87
1785390209.85916,2617,3030,8743,8433,194.74,-179.87
1785390209.91093,2589,3049,8705,8443,198.71,-179.81
1785390209.96308,2627,2983,8705,8405,190.92,-179.87
1785390210.01859,2561,3011,8733,8508,195.95,-179.87
1785390210.07689,2561,2964,8658,8461,197.44,-179.87
1785390210.13017,2570,2946,8780,8443,193.57,-179.94
1785390210.17065,2627,2983,8649,8461,193.57,-179.94
1785390210.21247,2598,2992,8640,8499,194.74,-179.94
1785390210.25411,2627,2983,8668,8471,194.74,-179.94
1785390210.35165,2720,2927,8696,8499,198.87,-179.94
1785390210.40118,2702,2946,8621,8490,204.23,-179.94
1785390210.45185,2674,2917,8696,8490,197.44,-180
1785390210.50155,2720,2908,8715,8471,200.15,179.87
1785390210.58592,2702,2927,8715,8461,201.47,179.75
1785390210.64976,2683,2899,8593,8424,192.03,179.62
1785390210.70283,2627,2842,8696,8518,197.44,179.56
1785390210.75437,2645,2899,8621,8461,193.57,179.56
1785390210.80493,2683,2870,8611,8527,194.74,179.56
1785390210.85525,2627,2842,8630,8490,195.95,179.56
1785390210.907,2655,2880,8630,8452,188.27,179.56
1785390210.96042,2739,2880,8649,8499,197.44,179.56
1785390211.01278,2683,2880,8668,8471,195.95,179.56
1785390211.06623,2627,2852,8649,8443,193.57,179.5
1785390211.11717,2627,2842,8640,8499,198.71,179.5
1785390211.1682,2570,2814,8630,8461,197.44,179.5
1785390211.21648,2589,2880,8640,8480,194.74,179.56
1785390211.25705,2598,2814,8640,8452,190.92,179.5
1785390211.29848,2636,2824,8583,8480,201.47,179.44
1785390211.34154,2589,2824,8611,8452,193.57,179.44
1785390211.4213,2598,2767,8640,8527,197.44,179.5
1785390211.46733,2580,2786,8630,8527,204.23,179.5
1785390211.51231,2645,2739,8658,8499,192.03,179.44
1785390211.5551,2645,2730,8630,8518,185.62,179.31
1785390211.59791,2608,2702,8640,8508,195.95,179.25
1785390211.6433,2683,2758,8649,8508,190.92,179.12
1785390211.68865,2580,2767,8602,8499,195.95,179
1785390211.73583,2655,2692,8574,8546,189.33,179
1785390211.78363,2664,2683,8611,8490,189.33,179
1785390211.82759,2664,2683,8555,8555,189.33,179
1785390211.87077,2645,2739,8630,8536,185.62,178.94
1785390211.91438,2636,2636,8649,8518,189.33,178.94
1785390211.9594,2608,2683,8546,8527,192.03,179
1785390212.00474,2627,2730,8527,8536,194.74,179.06
1785390212.04903,2636,2730,8621,8565,192.03,179.12
1785390212.09485,2655,2739,8555,8508,195.95,179.19
1785390212.14109,2702,2711,8546,8490,194.74,179.19
1785390212.1859,2617,2589,8527,8555,194.74,179.25
1785390212.23354,2711,2749,8508,8583,188.27,179.25
1785390212.27831,2664,2664,8452,8508,188.27,179.25
1785390212.32283,2617,2655,8471,8518,198.71,179.25
1785390212.36751,2664,2655,8480,8518,190.92,179.31
1785390212.41412,2636,2664,8471,8536,198.71,179.31
1785390212.45825,2683,2608,8471,8527,193.57,179.37
1785390212.50595,2683,2627,8518,8555,201.47,179.37
1785390212.54545,2683,2617,8490,8555,190.92,179.44
1785390212.58969,2674,2627,8536,8527,201.47,179.44
1785390212.63745,2739,2645,8508,8518,190.92,179.44
1785390212.6787,2711,2598,8508,8565,190.92,179.44
1785390212.72362,2692,2598,8527,8555,198.71,179.37
1785390212.76947,2711,2580,8490,8508,182.96,179.31
1785390212.8168,2749,2636,8518,8527,193.19,179.31
1785390212.86245,2683,2533,8499,8555,192.03,179.31
1785390212.90618,2664,2561,8499,8546,194.74,179.37
1785390212.94995,2674,2589,8508,8546,193.57,179.44
1785390212.99473,2702,2561,8471,8611,198.71,179.44
1785390213.03993,2692,2514,8471,8602,197.44,179.56
1785390213.08675,2720,2533,8415,8593,197.44,179.62
1785390213.13197,2720,2495,8452,8583,194.74,179.69
1785390213.17399,2702,2495,8452,8518,194.74,179.69
1785390213.22195,2692,2523,8368,8574,194.74,179.81
1785390213.26397,2720,2458,8396,8583,188.27,179.87
1785390213.30936,2730,2467,8433,8611,192.03,179.87
1785390213.35545,2711,2458,8508,8593,197.44,179.75
1785390213.4022,2720,2458,8415,8574,189.33,179.81
1785390213.44788,2720,2448,8405,8574,197.44,179.94
1785390213.49036,2749,2439,8508,8565,195.95,-180
1785390213.53756,2739,2458,8424,8536,190.92,-179.94
1785390213.58653,2767,2411,8452,8565,194.74,-179.87
1785390213.62621,2720,2392,8433,8583,194.74,-179.87
1785390213.67078,2758,2439,8433,8583,202.85,-179.81
1785390213.7137,2720,2392,8349,8621,192.03,-179.81
1785390213.7582,2786,2373,8424,8602,198.71,-179.81
1785390213.80457,2795,2326,8396,8546,190.92,-179.87
1785390213.84906,2852,2401,8396,8621,194.74,-179.87
1785390213.89463,2786,2373,8386,8574,189.33,-179.81
1785390213.9424,2814,2326,8386,8611,200.15,-179.81
1785390213.98756,2805,2355,8349,8640,195.95,-179.75
1785390214.03144,2842,2298,8424,8574,194.74,-179.75
1785390214.07773,2880,2383,8377,8621,194.74,-179.75
1785390214.12706,2833,2308,8424,8621,193.57,-179.69
1785390214.17199,2842,2289,8358,8555,194.74,-179.69
1785390214.22002,2861,2317,8405,8611,197.44,-179.62
1785390214.26644,2870,2289,8396,8621,198.71,-179.5
1785390214.31007,2870,2289,8386,8621,190.92,-179.44
1785390214.35073,2880,2326,8377,8611,197.44,-179.31
1785390214.39468,2983,2308,8415,8668,194.74,-179.25
1785390214.447,2964,2289,8396,8611,194.74,-179.12
1785390214.4898,2870,2280,8358,8621,198.71,-179
1785390214.53848,2955,2204,8377,8555,194.74,-178.94
1785390214.57718,2983,2242,8377,8649,194.74,-178.94
1785390214.6223,2955,2270,8377,8715,197.44,-178.94
1785390214.66909,2870,2261,8321,8687,193.57,-178.87
1785390214.71568,2936,2158,8339,8677,194.74,-178.87
1785390214.76481,2974,2223,8386,8668,194.74,-178.94
1785390214.82042,2936,2261,8321,8630,189.33,-178.94
1785390214.87159,2983,2280,8311,8705,194.74,-179
1785390214.92382,3002,2176,8302,8677,197.44,-179.06
1785390214.9766,2992,2261,8358,8649,189.33,-179.12
1785390215.03545,2983,2204,8330,8668,192.03,-179.12
1785390215.09467,3002,2129,8368,8640,194.74,-179.12
1785390215.14569,3030,2223,8302,8696,192.03,-179.06
1785390215.19492,3021,2158,8321,8696,194.74,-179
1785390215.24665,3058,2139,8311,8640,195.95,-178.94
1785390215.29796,3105,2167,8358,8658,188.27,-178.87
1785390215.35329,3086,2129,8293,8649,194.74,-178.87
1785390215.41138,3021,2148,8321,8658,194.74,-178.94
1785390215.45334,3086,2148,8330,8640,192.03,-178.94
1785390215.49473,3105,2148,8358,8649,194.74,-178.87
1785390215.53593,3096,2223,8339,8705,192.03,-178.94
1785390215.57523,3114,2148,8349,8668,192.03,-178.94
1785390215.61724,3086,2120,8321,8733,192.03,-178.94
1785390215.68642,3133,2092,8377,8649,194.74,-178.87
1785390215.74092,3124,2139,8339,8677,194.74,-178.81
1785390215.78258,3171,2120,8321,8705,192.03,-178.81
1785390215.82457,3143,2204,8236,8705,192.03,-178.81
1785390215.86674,3124,2158,8330,8724,189.33,-178.87
1785390215.91004,3189,2167,8349,8715,192.03,-178.94
1785390215.95014,3105,2111,8321,8696,192.03,-179
1785390215.99202,3133,2101,8358,8724,198.71,-179.12
1785390216.03117,3180,2167,8293,8696,198.71,-179.12
1785390216.07209,3171,2092,8321,8696,190.92,-179.19
1785390216.11395,3236,2101,8321,8790,200.15,-179.12
1785390216.15622,3208,2073,8311,8715,194.74,-179.12
1785390216.19657,3274,2083,8330,8658,204.23,-179.19
1785390216.23476,3189,2092,8330,8621,196.22,-179.12
1785390216.27395,3236,2064,8283,8733,196.22,-179.12
1785390216.31574,3199,2054,8283,8705,195.95,-179.06
1785390216.35713,3171,2073,8264,8780,196.22,-179
1785390216.39802,3246,2054,8283,8724,198.71,-179
1785390216.43871,3255,2092,8264,8733,190.92,-179
1785390216.48082,3283,2083,8264,8743,192.03,-179
1785390216.52131,3302,2129,8330,8724,192.03,-179
1785390216.56208,3246,2101,8302,8799,192.03,-179
1785390216.60302,3293,2073,8293,8752,198.71,-179
1785390216.64212,3255,2026,8255,8752,196.22,-179
1785390216.68248,3302,2064,8302,8762,194.74,-179
1785390216.72427,3274,2036,8283,8715,194.74,-179
1785390216.76608,3321,2017,8311,8743,197.44,-178.94
1785390216.80549,3274,1951,8321,8752,200.15,-178.94
1785390216.84716,3340,1989,8311,8771,200.15,-179
1785390216.88786,3293,2026,8246,8780,198.71,-179
1785390216.92872,3283,2017,8274,8771,198.71,-179
1785390216.97534,3293,1942,8255,8790,190.92,-179
1785390217.01885,3330,1970,8302,8715,194.74,-179
1785390217.06134,3386,1942,8283,8780,197.44,-179.06
1785390217.10619,3386,1886,8302,8780,189.33,-179.19
1785390217.1516,3358,1970,8274,8771,192.03,-179.19
1785390217.19772,3424,1886,8255,8799,189.33,-179.19
1785390217.24395,3424,1867,8274,8818,192.03,-179.19
1785390217.28611,3424,2007,8274,8818,192.03,-179.19
1785390217.3242,3424,1857,8274,8818,192.03,-179.19
1785390217.36591,3396,1857,8274,8752,200.15,-179.12
1785390217.40812,3396,1914,8246,8771,189.33,-179.06
1785390217.45404,3405,1904,8208,8771,194.74,-179
1785390217.498,3405,1895,8208,8808,195.95,-178.94
1785390217.54131,3424,1857,8274,8799,188.27,-179
1785390217.58545,3405,1820,8227,8808,192.03,-179.06
1785390217.62979,3480,1857,8283,8743,192.03,-179.06
1785390217.67468,3433,1848,8255,8790,192.03,-179.06
1785390217.71953,3508,1829,8246,8799,197.44,-179.06
1785390217.76438,3461,1792,8246,8780,197.44,-179.06
1785390217.81085,3490,1782,8283,8752,194.74,-179.06
1785390217.85615,3471,1782,8255,8799,197.44,-178.94
1785390217.90352,3471,1810,8283,8790,189.33,-178.87
1785390217.94918,3583,1792,8255,8799,192.03,-178.94
1785390217.9923,3508,1829,8218,8790,193.19,-178.94
1785390218.03849,3499,1848,8180,8818,182.96,-179
1785390218.08302,3499,1839,8189,8799,189.33,-179.12
1785390218.12799,3555,1801,8283,8818,189.33,-179.31
1785390218.17316,3630,1764,8293,8865,189.33,-179.31
1785390218.21868,3546,1820,8218,8790,189.33,-179.37
1785390218.26076,3537,1848,8302,8799,192.03,-179.44
1785390218.29876,3537,1820,8302,8799,194.74,-179.44
1785390218.33905,3537,1820,8302,8799,194.74,-179.5
1785390218.37968,3555,1820,8283,8855,181.21,-179.5
1785390218.42575,3593,1754,8293,8884,181.21,-179.5
1785390218.47004,3555,1810,8293,8884,189.33,-179.56
1785390218.51488,3593,1764,8199,8855,181.21,-179.5
1785390218.56086,3527,1764,8293,8865,183.92,-179.44
1785390218.60707,3640,1792,8293,8855,181.21,-179.44
1785390218.65087,3649,1764,8264,8874,178.51,-179.37
1785390218.69207,3630,1754,8293,8855,173.1,-179.37
1785390218.73558,3555,1773,8302,8865,175.8,-179.31
1785390218.78548,3630,1707,8236,8912,173.87,-179.31
1785390218.82533,3565,1698,8246,8865,173.87,-179.31
1785390218.87021,3649,1689,8264,8865,164.4,-179.25
1785390218.91751,3621,1745,8283,8884,167.69,-179.19
1785390218.96185,3565,1660,8321,8884,164.99,-179.12
1785390219.00596,3649,1651,8293,8865,165.59,-179.12
1785390219.05097,3640,1670,8246,8930,153.8,-179
1785390219.09749,3658,1670,8255,8884,162.83,-179
1785390219.14464,3621,1651,8208,8902,148.49,-178.94
1785390219.18943,3640,1679,8208,8921,157.31,-178.94
1785390219.23785,3687,1698,8283,8902,148.49,-179.06
1785390219.28559,3687,1707,8330,8912,148.76,-179.06
1785390219.32675,3658,1679,8302,8902,148.76,-179.06
1785390219.37725,3687,1689,8321,8855,146.05,-179.12
1785390219.41997,3687,1707,8218,8930,143.35,-179.12
1785390219.45864,3705,1679,8274,8865,140.64,-179.19
1785390219.50233,3687,1670,8208,8874,137.94,-179.25
1785390219.54988,3705,1698,8246,8874,140.64,-179.25
1785390219.60421,3705,1623,8227,8893,137.99,-179.25
1785390219.65629,3734,1707,8236,8930,132.58,-179.19
1785390219.70848,3734,1670,8255,8912,132.53,-179.19
1785390219.76066,3724,1679,8246,8902,129.83,-179.19
1785390219.81523,3752,1689,8208,8902,129.83,-179.12
1785390219.86956,3687,1642,8283,8930,127.12,-179.12
1785390219.92489,3771,1642,8264,8930,127.12,-179.06
1785390219.97787,3724,1642,8264,8930,121.98,-179
1785390220.03587,3724,1632,8199,8921,114.02,-179
1785390220.08802,3780,1585,8199,8968,119.01,-178.94
1785390220.14229,3743,1651,8274,8930,118.68,-178.94
1785390220.19819,3687,1623,8349,8902,113.6,-178.94
1785390220.2503,3724,1651,8293,8996,116.67,-178.94
1785390220.302,3724,1632,8302,8884,110.4,-178.87
1785390220.36633,3743,1604,8227,8912,108.72,-178.94
1785390220.42315,3809,1604,8246,8940,110.4,-178.94
1785390220.46369,3715,1585,8246,8893,106.07,-178.94
1785390220.50432,3780,1576,8208,8968,113.16,-179
1785390220.54539,3743,1567,8208,8902,111.37,-179
1785390220.65038,3762,1585,8227,8987,102.78,-179.06
1785390220.70186,3846,1585,8236,8968,102.78,-179
1785390220.77277,3790,1585,8208,8959,100.76,-179
1785390220.83385,3780,1595,8218,8940,97.37,-178.94
1785390220.88072,3780,1567,8189,8959,97.37,-178.94
1785390220.92485,3799,1529,8246,8977,94.66,-178.94
1785390220.96705,3771,1520,8283,8949,94.66,-179
1785390221.01542,3771,1585,8255,9034,91.96,-179
1785390221.06026,3809,1585,8283,8996,89.25,-179
1785390221.10713,3799,1567,8274,9034,89.25,-179.06
1785390221.15025,3762,1557,8330,8949,87.5,-179.12
1785390221.19716,3780,1642,8349,8968,88.32,-179.12
1785390221.24593,3799,1595,8311,8959,91.96,-179.12
1785390221.29427,3799,1557,8293,8987,86.55,-179.25
1785390221.34415,3799,1604,8293,8987,90.16,-179.37
1785390221.38605,3818,1576,8255,8987,91.96,-179.37
1785390221.42605,3818,1595,8152,8949,91.96,-179.37
1785390221.46818,3855,1651,8218,9015,91.96,-179.44
1785390221.50897,3827,1595,8246,8977,88.32,-179.44
1785390221.55673,3865,1548,8227,8959,81.14,-179.44
1785390221.59951,3893,1585,8218,9005,81.14,-179.44
1785390221.64466,3846,1623,8246,8987,76.9,-179.44
1785390221.68332,3799,1576,8218,9034,76.9,-179.44
1785390221.72425,3837,1557,8227,8996,76.9,-179.44
1785390221.76428,3865,1613,8218,9024,76.9,-179.44
1785390221.80289,3912,1585,8255,8987,76.9,-179.44
1785390221.84279,3902,1567,8236,9005,76.9,-179.44
1785390221.88354,3865,1567,8255,9034,76.9,-179.44
1785390221.92387,3818,1585,8255,8996,76.9,-179.44
1785390221.96589,3865,1623,8208,8996,76.9,-179.44
1785390222.01007,3884,1623,8283,9015,6.13,-179.5
1785390222.04872,3874,1567,8283,9034,5.41,178.62
1785390222.09014,3874,1595,8283,9024,2.7,175.56
1785390222.12947,3884,1632,8236,8977,2.7,175.56
1785390222.17009,3865,1642,8152,9024,8.11,171.56
1785390222.21032,3846,1632,8142,9052,5.41,166.62
1785390222.25296,3865,1660,8255,9052,5.41,161.19
1785390222.29961,3780,1613,8302,8949,-2.7,155.62
1785390222.34716,3771,1585,8358,8987,8.11,150.19
1785390222.3921,3762,1651,8189,8968,2.7,144.87
1785390222.43823,3780,1576,8124,9043,-2.7,139.56
1785390222.48222,3724,1613,8152,9043,-2.7,139.56
1785390222.52331,3762,1604,8142,9062,-5.41,134.69
1785390222.56503,3762,1698,8142,9062,-2.7,130
1785390222.60678,3762,1698,8142,9062,-2.7,125.62
1785390222.65203,3762,1698,8142,9062,0,121.44
1785390222.6992,3762,1698,8142,9062,2.7,117.5
1785390222.74852,3762,1698,8142,9062,0,113.62
1785390222.79573,3734,1698,8142,8949,0,110.06
1785390222.84798,3724,1773,8189,8912,2.7,106.81
1785390222.8996,3715,1660,8152,8884,2.7,103.87
1785390222.95208,3790,1689,8152,8940,0,101.44
1785390223.00708,3687,1660,8124,8959,0,99.31
1785390223.0647,3790,1792,8039,8902,0,97.37
1785390223.11804,3743,1717,8067,8846,2.7,95.69
1785390223.16765,3743,1773,8067,8930,2.7,94
1785390223.22022,3762,1698,7983,9005,0,92.25
1785390223.2732,3790,1754,7936,8977,0,92.25
1785390223.32485,3724,1820,8039,8940,0,92.25
1785390223.3765,3696,1810,7992,8940,0,92.25
1785390223.42788,3705,1745,7945,8968,0,92.25
1785390223.47812,3715,1773,7927,8968,0,92.25
1785390223.51895,3734,1717,7992,8987,0,92.25
1785390223.55742,3734,1792,8021,8930,0,92.25
1785390223.59789,3696,1726,7992,8921,2.14,90.12
1785390223.65066,3724,1792,7917,8968,50.38,89.75
1785390223.70361,3743,1764,7936,9005,60.72,90.25
1785390223.75472,3715,1782,8030,8949,78.44,90.75
1785390223.8056,3696,1745,7983,8912,81.14,90.75
1785390223.85655,3734,1745,7908,8977,76.9,90.69
1785390223.90979,3743,1726,7945,8940,85.56,90.75
1785390223.96319,3734,1782,7983,8921,81.14,90.81
1785390224.02155,3780,1782,7927,8940,86.55,90.87
1785390224.06203,3780,1810,7992,8940,86.55,90.87
1785390224.10462,3771,1764,7955,8921,86.55,90.87
1785390224.14885,3762,1764,7964,8893,84.85,90.87
1785390224.20051,3724,1801,8002,8940,91.08,90.87
1785390224.24823,3743,1782,7974,8912,86.55,91
1785390224.28949,3780,1810,7974,8902,81.14,91.19
1785390224.33273,3771,1839,7964,8884,91.96,91.37
1785390224.37508,3771,1829,7917,8930,86.55,91.44
1785390224.4198,3762,1904,8021,8893,86.55,91.37
1785390224.46202,3771,1876,7983,8865,86.55,91.37
1785390224.50684,3762,1886,8021,8874,89.25,91.31
1785390224.5506,3715,1914,7908,8884,91.96,91.25
1785390224.59282,3762,1923,7964,8921,95.46,91.19
1785390224.63587,3752,1895,7955,8912,93.84,91.12
1785390224.67696,3724,1970,7936,8865,92.81,91.12
1785390224.71841,3705,1942,8021,8884,93.84,91.06
1785390224.7596,3743,1914,8049,8855,93.84,91.06
1785390224.80316,3752,2026,8049,8827,97.37,91.06
1785390224.84681,3762,1951,8058,8846,95.46,91.06
1785390224.88932,3724,2064,8077,8846,96.6,91.12
1785390224.93197,3743,1989,8114,8846,95.46,91.12
1785390224.97602,3771,2045,8171,8808,99.36,91.19
1785390225.01555,3752,2007,8330,8846,100.76,91.19
1785390225.05758,3790,1989,8311,8846,100.76,91.19
1785390225.09898,3809,1961,8339,8865,100.07,91.19
1785390225.14243,3743,1970,8218,8808,105.48,91.19
1785390225.18906,3790,1961,7777,8818,102.12,91.12
1785390225.23448,3809,1970,7786,8818,106.07,91.19
1785390225.28018,3780,1979,8142,8827,104.88,91.12
1785390225.32599,3771,1970,8396,8733,108.19,91.06
1785390225.37279,3809,2045,8311,8818,110.89,91.06
1785390225.41888,3809,2036,8199,8818,114.02,91
1785390225.46122,3837,2064,7945,8762,114.02,91
1785390225.50705,3799,2045,7974,8780,110.89,91
1785390225.55198,3771,2064,7899,8771,115.92,90.94
1785390225.59907,3827,2007,7870,8762,110.89,90.87
1785390225.64272,3837,2036,7795,8762,114.02,90.87
1785390225.68938,3827,2045,7805,8799,119.01,90.81
1785390225.73459,3818,2026,7824,8762,119.01,90.75
1785390225.77842,3809,2083,7889,8762,119.01,90.69
1785390225.82742,3762,2007,7861,8762,119.01,90.69
1785390225.87431,3818,2007,7880,8715,118.68,90.62
1785390225.91872,3837,2054,7758,8687,127.12,90.62
1785390225.96511,3799,2054,7739,8677,119.32,90.56
1785390226.01293,3799,2045,7852,8752,119.32,90.56
1785390226.06111,3827,2017,7889,8715,127.12,90.5
1785390226.10876,3846,2036,7870,8715,127.12,90.5
1785390226.15701,3809,2064,7795,8752,129.71,90.5
1785390226.20585,3780,2092,7758,8743,129.83,90.44
1785390226.25041,3762,2064,7758,8724,129.93,90.44
1785390226.29806,3865,2073,7758,8677,132.47,90.37
1785390226.34276,3705,2064,7758,8715,132.53,90.31
1785390226.388,3799,2101,7786,8649,132.53,90.25
1785390226.433,3790,2101,7739,8668,132.53,90.31
1785390226.48068,3827,2101,7730,8649,132.53,90.31
1785390226.5229,3771,2092,7777,8649,135.23,90.31
1785390226.56434,3809,2139,7739,8630,137.94,90.31
1785390226.60651,3809,2158,7795,8630,137.94,90.31
1785390226.64598,3780,2120,7814,8649,140.54,90.25
1785390226.6888,3809,2092,7758,8640,143.51,90.31
1785390226.73456,3846,2167,7777,8677,140.54,90.37
1785390226.77983,3771,2101,7655,8668,143.51,90.44
1785390226.82714,3752,2101,7730,8677,148.76,90.5
1785390226.87334,3771,2120,7720,8593,148.76,90.5
1785390226.91774,3809,2139,7683,8546,148.76,90.56
1785390226.96156,3818,2148,7720,8621,148.76,90.56
1785390227.00675,3818,2176,7627,8555,151.46,90.62
1785390227.05288,3799,2167,7673,8555,153.8,90.69
1785390227.09841,3846,2158,7664,8555,157.31,90.75
1785390227.1433,3799,2139,7664,8536,156.87,90.75
1785390227.18951,3865,2139,7702,8536,156.87,90.81
1785390227.23391,3818,2186,7673,8396,159.1,90.81
1785390227.2791,3874,2195,7692,8771,160.07,90.87
1785390227.3254,3893,2186,7739,8715,162.28,90.94
1785390227.37201,3884,2204,7617,8640,159.58,91.06
1785390227.41718,3855,2223,7636,8593,162.28,91.12
1785390227.46107,3855,2223,7711,8527,162.28,91.12
1785390227.50736,3855,2214,7664,8490,167.69,91.12
1785390227.55385,3902,2186,7673,8518,167.69,91.19
1785390227.59859,3846,2120,7598,8536,167.69,91.25
1785390227.64471,3902,2129,7758,8499,173.1,91.25
1785390227.68988,3912,2111,7608,8518,170.4,91.25
1785390227.73552,3818,2129,7683,8452,173.1,91.25
1785390227.78156,3874,2148,7627,8461,170.4,91.25
1785390227.8277,3855,2120,7655,8471,178.51,91.31
1785390227.87459,3902,2158,7673,8452,175.8,91.31
1785390227.91978,3902,2186,7617,8480,177.66,91.25
1785390227.96449,3931,2233,7636,8508,177.66,91.25
1785390228.0142,3912,2242,7692,8443,179.39,91.31
1785390228.05597,4015,2439,7505,8452,181.21,91.37
1785390228.10026,3865,2683,7627,8452,181.21,91.37
1785390228.14752,3940,2355,7617,8443,183.92,91.44
1785390228.19614,3884,2608,7664,8443,183.92,91.44
1785390228.24043,3912,2645,7608,8368,192.03,91.44
1785390228.28124,3902,2645,7608,8386,189.33,91.44
1785390228.33071,3931,2561,7627,8415,194.74,91.44
1785390228.37471,3846,2655,7486,8415,197.44,91.44
1785390228.42408,3865,2552,7711,8452,194.74,91.44
1785390228.46634,3884,2542,7589,8339,197.44,91.44
1785390228.50717,3884,2617,7598,8405,197.44,91.44
1785390228.55392,3855,2495,7627,8311,200.15,91.44
1785390228.60175,3931,2542,7542,8396,190.92,91.5
1785390228.64762,3874,2477,7636,8415,198.71,91.5
1785390228.69938,3837,2486,7551,8339,197.44,91.44
1785390228.75291,3893,2458,7542,8311,200.15,91.44
1785390228.80531,3912,2505,7561,8283,194.74,91.37
1785390228.8556,3912,2411,7514,8293,200.15,91.37
1785390228.90597,3837,2420,7467,8293,197.44,91.37
1785390228.95537,3837,2561,7467,8274,194.74,91.31
1785390229.00831,3921,2420,7570,8302,194.74,91.25
1785390229.06745,3912,2505,7542,8302,196.22,91.25
1785390229.11895,4006,2430,7476,8330,200.15,91.31
1785390229.17088,3977,2401,7467,8274,204.23,91.31
1785390229.22244,3931,2430,7420,8293,196.22,91.37
1785390229.27448,3865,2458,7458,8274,204.23,91.44
1785390229.32451,3959,2411,7420,8227,205.56,91.5
1785390229.37649,3912,2467,7411,8246,200.15,91.5
1785390229.43016,3959,2392,7401,8255,196.22,91.5
1785390229.48051,3855,2448,7430,8246,201.47,91.5
1785390229.53118,3874,2420,7476,8264,193.57,91.44
1785390229.58178,3931,2448,7392,8189,204.23,91.44
1785390229.63769,3987,2411,7430,8199,200.15,91.44
1785390229.69317,3912,2411,7345,8218,200.15,91.31
1785390229.73536,3940,2448,7336,8180,202.85,91.19
1785390229.77871,3940,2477,7345,8180,194.74,91.19
1785390229.8174,3865,2477,7326,8161,194.74,91.12
1785390229.90921,3959,2477,7298,8152,197.44,91.06
1785390229.95665,3968,2495,7308,8152,194.74,91
1785390230.00001,3949,2430,7233,8124,194.74,91
1785390230.04357,3949,2467,7214,8077,193.57,91
1785390230.08323,3940,2383,7261,8096,194.74,90.94
1785390230.13157,3968,2495,7261,8133,192.03,90.94
1785390230.18537,3949,2411,7261,8067,198.71,90.94
1785390230.23588,3977,2401,7317,8086,197.44,91
1785390230.28578,3968,2458,7289,8049,194.74,91.06
1785390230.33672,3968,2411,7195,8039,196.22,91.06
1785390230.39135,3977,2467,7214,8039,198.71,91.06
1785390230.44799,4015,2439,7167,8077,194.74,91.06
1785390230.50445,4015,2430,7167,8030,192.03,91.06
1785390230.5573,4043,2439,7129,8039,194.74,91.12
1785390230.60663,4015,2448,7139,8021,194.74,91.12
1785390230.65488,4052,2477,7186,7992,194.74,91.19
1785390230.7088,4052,2495,7223,8058,194.74,91.25
1785390230.75829,4052,2514,7148,8002,190.92,91.31
1785390230.81717,3940,2598,7120,8030,200.15,91.19
1785390230.86823,4015,2589,7111,8011,197.44,91.12
1785390230.92195,4015,2411,7092,7983,196.22,91.12
1785390230.97399,4015,2495,7082,7983,198.71,91.12
1785390231.0279,4034,2495,7092,7964,194.74,91.06
1785390231.08039,4006,2589,7054,7945,197.44,91
1785390231.12118,4015,2580,7092,7936,194.74,90.94
1785390231.16004,4015,2702,7129,7964,194.74,90.94
1785390231.20194,4015,2570,7073,7964,194.74,90.94
1785390231.30754,4062,2598,7026,7889,192.03,91
1785390231.35726,4062,2608,7017,7917,194.74,91.06
1785390231.40798,4099,2758,7036,7852,201.47,91.06
1785390231.45878,4109,2627,6998,7852,193.57,91.12
1785390231.51458,4071,2636,6989,7824,198.71,91.12
1785390231.5729,4090,2749,6970,7889,194.74,91.25
1785390231.62496,4081,2692,6970,7814,193.19,91.25
1785390231.67929,4090,2758,6942,7833,193.57,91.31
1785390231.72934,4109,2617,6951,7852,194.74,91.31
1785390231.78101,4052,2683,6951,7870,198.71,91.25
1785390231.83504,4109,2702,6923,7824,202.85,91.19
1785390231.89023,4062,2692,6970,7833,193.57,91.19
1785390231.94495,4109,2749,6914,7833,197.44,91.19
1785390231.99736,4109,2608,6876,7824,198.71,91.12
1785390232.0471,4090,2758,6932,7824,200.15,91.12
1785390232.09888,4109,2674,6904,7786,197.44,91.06
1785390232.14944,4118,2692,6923,7739,197.44,90.94
1785390232.20156,4156,2702,6942,7758,197.44,90.94
1785390232.25623,4156,2720,6857,7758,190.92,90.87
1785390232.29794,4128,2627,6876,7795,198.71,90.87
1785390232.33995,4137,2664,6867,7720,196.22,90.94
1785390232.38069,4174,2711,6820,7683,201.47,91.06
1785390232.48713,4221,2758,6932,7720,194.74,91.12
1785390232.53939,4193,2786,6895,7655,196.22,91.19
1785390232.59361,4184,2749,6839,7711,200.15,91.25
1785390232.64698,4184,2777,6763,7636,194.74,91.31
1785390232.70164,4240,2805,6773,7683,197.44,91.31
1785390232.7552,4193,2777,6773,7664,197.44,91.44
1785390232.80615,4184,2739,6839,7673,198.71,91.5
1785390232.85655,4221,2777,6792,7636,190.92,91.5
1785390232.90742,4325,2824,6792,7664,198.71,91.5
1785390232.95808,4343,2852,6792,7673,194.74,91.44
1785390233.01151,4296,2814,6773,7636,194.74,91.31
1785390233.06598,4296,2842,6707,7683,194.74,91.19
1785390233.12054,4306,2880,6726,7589,197.44,91.12
1785390233.1761,4287,2842,6679,7645,197.44,91.06
1785390233.2167,4231,2824,6679,7627,190.92,91.06
1785390233.25623,4325,2842,6735,7551,190.92,91.06
1785390233.29541,4278,2927,6717,7589,194.74,91
1785390233.33688,4343,2880,6735,7533,198.71,91
1785390233.37957,4325,2861,6688,7551,189.33,91
1785390233.42191,4334,2880,6632,7561,196.22,91
1785390233.46146,4343,2889,6679,7580,196.22,91
1785390233.50349,4343,2889,6688,7551,189.33,91
1785390233.54397,4343,2889,6642,7561,198.71,91.06
1785390233.58698,4334,2899,6623,7476,200.15,91.06
1785390233.6294,4390,2880,6632,7476,200.15,91.12
1785390233.67215,4343,2936,6566,7476,197.44,91.19
1785390233.71381,4343,2955,6595,7533,198.87,91.31
1785390233.7589,4325,2917,6585,7448,198.87,91.31
1785390233.80929,4325,2946,6576,7467,198.71,91.37
1785390233.86782,4381,2983,6595,7495,197.44,91.44
1785390233.92797,4381,3011,6557,7476,197.44,91.44
1785390233.98264,4381,3021,6548,7420,194.74,91.37
1785390234.03405,4418,2974,6585,7458,197.44,91.31
1785390234.08551,4418,3002,6548,7401,194.74,91.31
1785390234.13715,4428,2992,6529,7448,194.74,91.31
1785390234.19027,4400,3133,6520,7439,200.15,91.31
1785390234.24747,4400,3049,6473,7458,197.44,91.25
1785390234.30384,4409,3096,6482,7364,190.92,91.19
1785390234.3454,4428,3133,6529,7420,201.47,91.19
1785390234.38673,4428,3058,6491,7383,194.74,91.19
1785390234.42832,4428,3124,6454,7373,188.27,91.19
1785390234.5366,4475,3161,6426,7336,196.22,91.25
1785390234.58912,4475,3264,6445,7364,198.71,91.31
1785390234.63904,4437,3171,6463,7326,200.15,91.37
1785390234.69228,4503,3227,6454,7326,200.15,91.44
1785390234.7472,4559,3161,6379,7326,197.44,91.44
1785390234.80114,4531,3255,6388,7270,200.15,91.44
1785390234.85351,4540,3180,6370,7308,194.74,91.37
1785390234.90436,4503,3218,6398,7261,201.53,91.37
1785390234.95472,4503,3283,6398,7270,201.47,91.44
1785390235.01264,4531,3236,6407,7242,200.15,91.5
1785390235.06691,4606,3330,6351,7308,197.44,91.37
1785390235.11967,4597,3340,6323,7251,198.87,91.31
1785390235.17031,4540,3302,6332,7251,201.47,91.19
1785390235.22093,4484,3255,6351,7214,198.87,91.12
1785390235.27323,4522,3264,6257,7214,201.47,91.12
1785390235.32549,4493,3283,6323,7242,200.15,91.12
1785390235.37924,4531,3264,6266,7204,197.44,91.12
1785390235.4346,4597,3274,6266,7195,197.44,91.19
1785390235.48399,4578,3330,6248,7157,194.74,91.25
1785390235.52575,4550,3358,6248,7186,198.87,91.31
1785390235.56763,4568,3293,6257,7186,201.47,91.31
1785390235.60634,4625,3340,6238,7176,201.47,91.31
1785390235.71244,4606,3358,6238,7176,190.92,91.5
1785390235.76817,4625,3358,6201,7148,194.74,91.5
1785390235.8218,4615,3293,6191,7129,193.57,91.5
1785390235.88003,4587,3330,6201,7139,198.71,91.5
1785390235.93712,4672,3368,6182,7120,197.44,91.5
1785390235.99087,4615,3415,6154,7139,200.15,91.5
1785390236.04277,4653,3405,6144,7148,194.74,91.44
1785390236.09886,4662,3415,6116,7092,189.33,91.44
1785390236.15686,4634,3358,6126,7120,192.03,91.37
1785390236.21455,4625,3415,6163,7082,194.74,91.25
1785390236.26409,4643,3433,6144,7082,194.74,91.25
1785390236.3194,4672,3405,6107,7073,194.74,91.19
1785390236.37157,4681,3415,6107,7045,197.44,91.06
1785390236.42325,4662,3452,6182,7092,192.03,91
1785390236.47464,4700,3452,6097,7120,192.03,90.94
1785390236.52687,4672,3443,5966,7036,194.74,90.87
1785390236.57549,4690,3424,6041,7007,189.33,90.81
1785390236.61809,4728,3480,6097,7064,194.74,90.81
1785390236.65904,4662,3424,6041,7045,194.74,90.81
1785390236.70004,4653,3443,6041,7054,194.74,90.81
1785390236.80117,4737,3471,5976,7017,189.33,90.81
1785390236.85189,4728,3452,6013,6942,185.62,90.81
1785390236.9055,4747,3461,5966,6970,193.19,90.87
1785390236.95716,4794,3443,5938,6960,194.74,90.94
1785390237.00975,4794,3443,5966,6951,194.74,91
1785390237.0656,4822,3471,5919,6951,193.57,91.12
1785390237.1195,4765,3480,5882,6951,197.44,91.12
1785390237.16887,4775,3433,5938,6932,194.74,91.19
1785390237.22197,4775,3424,5910,6914,194.74,91.19
1785390237.26642,4840,3480,5910,6914,198.71,91.19
1785390237.31821,4840,3499,5854,6942,194.74,91.19
1785390237.37364,4822,3508,5872,6895,193.57,91.19
1785390237.43171,4747,3555,5872,6932,201.47,91.19
1785390237.48717,4897,3574,5910,6914,192.03,91.19
1785390237.54201,4794,3546,5854,6923,196.22,91.19
1785390237.59666,4840,3612,5882,6923,195.95,91.19
1785390237.65134,4915,3602,5882,6895,196.22,91.25
1785390237.70522,4765,3574,5882,6848,195.95,91.25
1785390237.75559,4747,3649,5797,6839,189.33,91.37
1785390237.79758,4794,3640,5844,6867,192.03,91.37
1785390237.83922,4906,3696,5779,6885,193.57,91.44
1785390237.88321,4812,3649,5788,6829,195.95,91.44
1785390237.96446,4878,3677,5750,6773,197.44,91.5
1785390238.01221,4850,3696,5741,6820,197.44,91.5
1785390238.0556,4897,3715,5741,6773,194.74,91.5
1785390238.09994,4897,3743,5732,6782,197.44,91.5
1785390238.15178,4897,3743,5741,6773,198.87,91.5
1785390238.20621,4897,3752,5741,6745,198.71,91.5
1785390238.25732,4897,3734,5713,6763,200.15,91.5
1785390238.30996,4869,3752,5666,6773,189.33,91.56
1785390238.36099,4944,3734,5675,6782,196.22,91.56
1785390238.41373,4897,3724,5675,6726,197.44,91.5
1785390238.46891,4962,3715,5675,6745,197.44,91.44
1785390238.52384,4944,3705,5638,6688,196.22,91.44
1785390238.57734,4962,3827,5591,6707,195.95,91.37
1785390238.62829,4972,3799,5610,6679,194.74,91.37
1785390238.68706,4972,3780,5563,6679,194.74,91.44
1785390238.73971,4981,3780,5647,6688,188.27,91.44
1785390238.79017,4981,3799,5610,6670,195.95,91.44
1785390238.83963,5019,3752,5638,6670,188.27,91.5
1785390238.891,4962,3771,5525,6642,195.95,91.56
1785390238.94306,4981,3865,5572,6679,190.92,91.56
1785390239.0011,5000,3809,5572,6679,192.03,91.56
1785390239.04921,5000,3799,5544,6651,195.95,91.56
1785390239.08805,4981,3818,5657,6632,190.92,91.56
1785390239.12919,5047,3912,5535,6651,189.33,91.62
1785390239.17025,5047,3884,5553,6651,195.95,91.62
1785390239.25782,5103,3865,5478,6557,192.03,91.62
1785390239.30713,5131,3884,5497,6566,192.03,91.56
1785390239.35792,5094,3921,5441,6548,192.03,91.56
1785390239.40907,5084,3949,5488,6510,189.33,91.5
1785390239.46128,5075,3846,5469,6529,192.03,91.5
1785390239.5186,5103,3865,5450,6538,192.03,91.44
1785390239.5682,5094,3912,5488,6538,194.74,91.44
1785390239.6177,5084,3893,5413,6520,196.22,91.44
1785390239.6629,5075,3902,5422,6501,198.71,91.37
1785390239.70578,5159,3931,5431,6445,198.71,91.37
1785390239.74903,5150,3968,5488,6454,194.74,91.31
1785390239.79224,5112,3940,5441,6463,189.33,91.25
1785390239.83524,5131,3949,5394,6454,194.74,91.25
1785390239.87626,5084,3968,5385,6454,192.03,91.31
1785390239.91887,5094,3959,5403,6445,197.44,91.37
1785390239.9594,5178,3977,5403,6463,197.44,91.37
1785390240.00191,5178,4015,5385,6416,194.74,91.5
1785390240.0449,5216,4043,5356,6445,196.22,91.56
1785390240.08742,5188,3996,5375,6407,193.19,91.56
1785390240.12973,5131,4034,5281,6445,190.92,91.62
1785390240.1699,5141,4062,5431,6398,186.62,91.62
1785390240.21007,5263,4090,5366,6416,186.62,91.62
1785390240.25022,5253,4034,5328,6351,195.95,91.56
1785390240.29068,5244,4052,5338,6426,194.74,91.56
1785390240.33592,5234,4062,5356,6388,193.57,91.5
1785390240.38172,5244,4043,5328,6388,195.95,91.5
1785390240.42818,5263,4071,5319,6398,194.74,91.5
1785390240.47446,5253,4099,5338,6370,192.03,91.5
1785390240.51971,5263,4071,5356,6398,190.92,91.5
1785390240.56561,5216,4052,5263,6341,198.71,91.44
1785390240.60933,5263,4128,5319,6398,198.71,91.44
1785390240.65531,5338,4099,5281,6341,194.74,91.44
1785390240.70043,5319,4099,5263,6407,194.74,91.37
1785390240.74528,5253,4128,5319,6304,192.03,91.31
1785390240.79221,5328,4109,5253,6351,194.74,91.31
1785390240.83679,5272,4184,5216,6313,197.44,91.31
1785390240.88228,5234,4118,5225,6285,194.74,91.31
1785390240.92901,5300,4174,5188,6341,190.92,91.37
1785390240.97544,5319,4193,5244,6257,195.95,91.44
1785390241.02317,5375,4156,5188,6294,194.74,91.5
1785390241.06845,5356,4156,5169,6285,189.33,91.56
1785390241.11301,5366,4221,5197,6313,193.57,91.56
1785390241.15616,5272,4221,5150,6323,193.57,91.56
1785390241.20108,5356,4212,5216,6257,193.19,91.56
1785390241.2528,5338,4231,5159,6257,190.92,91.56
1785390241.31077,5356,4240,5178,6276,192.03,91.5
1785390241.36579,5385,4249,5122,6238,186.62,91.5
1785390241.41777,5385,4231,5131,6248,192.03,91.5
1785390241.47142,5356,4259,5103,6313,189.33,91.5
1785390241.52493,5394,4249,5075,6248,190.92,91.56
1785390241.57762,5422,4268,5094,6229,187.67,91.56
1785390241.63129,5403,4315,5066,6219,188.27,91.56
1785390241.68438,5394,4296,5075,6276,195.95,91.5
1785390241.73418,5422,4296,5075,6219,188.27,91.5
1785390241.78481,5469,4325,5112,6182,195.95,91.44
1785390241.83853,5413,4353,5103,6238,190.92,91.44
1785390241.89389,5469,4306,5084,6182,201.47,91.44
1785390241.94778,5422,4371,5112,6201,190.92,91.5
1785390242.00692,5497,4400,5075,6201,194.74,91.5
1785390242.04812,5497,4362,5122,6163,195.95,91.44
1785390242.08814,5450,4371,5037,6154,197.44,91.44
1785390242.12846,5478,4343,5094,6201,194.74,91.44
1785390242.17086,5497,4428,5000,6163,197.44,91.5
1785390242.21025,5441,4381,5000,6144,193.57,91.56
1785390242.25302,5497,4390,4944,6097,193.57,91.56
1785390242.29552,5516,4400,4972,6079,201.47,91.5
1785390242.34086,5497,4409,5037,6097,198.87,91.5
1785390242.3859,5516,4437,4981,6088,201.47,91.5
1785390242.43825,5525,4484,5047,6107,197.44,91.44
1785390242.48327,5544,4465,5000,6079,200.15,91.44
1785390242.52961,5525,4484,4962,6107,200.15,91.44
1785390242.57642,5563,4437,4944,6107,200.15,91.44
1785390242.62124,5628,4409,4906,6107,193.57,91.5
1785390242.66607,5619,4456,4962,6097,198.71,91.44
1785390242.7056,5582,4503,4944,6107,198.71,91.44
1785390242.74639,5572,4475,4944,6116,193.57,91.37
1785390242.79362,5582,4465,4934,6041,198.71,91.31
1785390242.83942,5544,4512,4944,6004,197.44,91.31
1785390242.8848,5544,4493,5000,6041,196.22,91.25
1785390242.93024,5544,4503,4906,6041,197.44,91.25
1785390242.97049,5591,4484,4887,6013,198.71,91.25
1785390243.00937,5591,4559,4887,6013,198.71,91.25
1785390243.04892,5610,4559,4897,6013,197.44,91.25
1785390243.09073,5563,4578,4887,6013,190.92,91.31
1785390243.13259,5600,4522,4897,6022,198.71,91.37
1785390243.17404,5619,4522,4897,6079,197.44,91.44
1785390243.21437,5666,4597,4897,5985,193.57,91.44
1785390243.25358,5610,4597,4887,6013,193.57,91.44
1785390243.29426,5628,4578,4859,5994,194.74,91.44
1785390243.33502,5703,4643,4859,5994,198.71,91.44
1785390243.37534,5694,4662,4831,5985,197.44,91.37
1785390243.41537,5713,4634,4775,5985,194.74,91.37
1785390243.45469,5657,4643,4775,6032,194.74,91.37
1785390243.49421,5741,4578,4747,6032,193.57,91.37
1785390243.53647,5694,4643,4756,5985,200.15,91.37
1785390243.57815,5694,4662,4728,5994,197.44,91.37
1785390243.6198,5694,4728,4681,5966,198.71,91.37
1785390243.66022,5685,4606,4737,5919,198.71,91.37
1785390243.70185,5685,4606,4765,5929,200.15,91.37
1785390243.74402,5675,4634,4672,5891,197.44,91.37
1785390243.78545,5722,4681,4709,5854,196.22,91.31
1785390243.82758,5703,4700,4672,5825,204.23,91.25
1785390243.8696,5741,4672,4672,5844,200.15,91.25
1785390243.90906,5732,4625,4700,5844,200.15,91.25
1785390243.96154,5732,4643,4690,5947,205.56,91.25
1785390244.0006,5788,4681,4681,5900,205.56,91.25
1785390244.04143,5769,4606,4662,5854,202.85,91.25
1785390244.08329,5769,4690,4700,5854,196.22,91.25
1785390244.12556,5741,4606,4606,5816,201.47,91.25
1785390244.16717,5769,4606,4643,5835,192.03,91.25
1785390244.21633,5779,4672,4615,5779,197.44,91.25
1785390244.25702,5825,4653,4615,5797,197.44,91.25
1785390244.3066,5816,4625,4634,5779,193.57,91.31
1785390244.35322,5835,4681,4606,5797,202.85,91.31
1785390244.39676,5835,4634,4597,5760,198.71,91.31
1785390244.43861,5835,4625,4587,5816,213.67,91.25
1785390244.48716,5844,4709,4643,5807,197.44,91.31
1785390244.52982,5807,5469,4540,5779,201.53,91.37
1785390244.57659,5797,4690,4587,5788,198.71,91.44
1785390244.62251,5872,4672,4568,5769,202.85,91.56
1785390244.66757,5835,5385,4559,5760,197.44,91.56
1785390244.71046,5910,5441,4550,5750,197.44,91.56
1785390244.75603,5835,5366,4531,5750,192.03,91.62
1785390244.80097,5854,5356,4540,5750,190.92,91.56
1785390244.84685,5844,5356,4559,5760,194.74,91.5
1785390244.89227,5872,5347,4512,5741,195.95,91.44
1785390244.9382,5891,5309,4465,5741,197.44,91.37
1785390244.98389,5910,5347,4493,5750,194.74,91.31
1785390245.02885,5891,5300,4503,5750,192.03,91.31
1785390245.08128,5891,5328,4465,5722,194.74,91.25
1785390245.12346,5929,5366,4512,5685,193.57,91.25
1785390245.16802,5966,5478,4475,5713,194.74,91.31
1785390245.21045,5938,5403,4437,5703,194.74,91.31
1785390245.25703,5947,5385,4437,5694,198.71,91.31
1785390245.30347,5938,5347,4437,5657,197.44,91.37
1785390245.3479,5966,5300,4400,5713,190.92,91.37
1785390245.39392,5966,5375,4428,5703,198.71,91.44
1785390245.43967,5947,5413,4437,5657,190.92,91.44
1785390245.48668,5976,5366,4428,5666,195.95,91.5
1785390245.53181,6041,5328,4400,5638,196.22,91.56
1785390245.57695,5985,5272,4418,5694,194.74,91.56
1785390245.6278,6022,5347,4343,5657,197.44,91.56
1785390245.68084,6051,5366,4325,5675,198.71,91.5
1785390245.73289,6032,5291,4325,5647,197.44,91.5
1785390245.79073,6060,5347,4400,5647,193.57,91.44
1785390245.84268,6013,5347,4334,5647,189.33,91.44
1785390245.89392,6041,5431,4362,5647,192.03,91.37
1785390245.94612,6051,5347,4362,5628,200.15,91.31
1785390246.00193,6051,5356,4400,5610,195.95,91.25
1785390246.0543,6041,5375,4268,5600,197.44,91.25
1785390246.10633,6041,5347,4268,5535,201.53,91.25
1785390246.16322,6088,5319,4325,5553,194.74,91.19
1785390246.21636,6116,5394,4268,5535,193.57,91.12
1785390246.27092,6069,5328,4249,5582,194.74,91.19
1785390246.32238,6041,5385,4259,5563,201.47,91.25
1785390246.37186,6097,5422,4193,5544,193.57,91.31
1785390246.42275,6088,5385,4203,5535,200.15,91.37
1785390246.47335,6097,5385,4193,5535,198.71,91.44
1785390246.5245,6154,5385,4193,5497,196.22,91.37
1785390246.57814,6097,5356,4231,5563,198.71,91.37
1785390246.62978,6107,5431,4156,5478,194.74,91.37
1785390246.68276,6116,5441,4090,5469,193.57,91.31
1785390246.72414,6135,5422,4165,5525,197.44,91.31
1785390246.76687,6163,5422,4109,5497,195.95,91.31
1785390246.80708,6144,5413,4071,5469,195.95,91.31
1785390246.90436,6219,5506,4062,5478,194.74,91.44
1785390246.94849,6191,5460,4015,5525,195.95,91.44
1785390246.99065,6201,5525,3968,5525,192.03,91.44
1785390247.03795,6210,5563,3987,5460,194.74,91.37
1785390247.08104,6266,5506,3931,5450,192.03,91.31
1785390247.12159,6201,5553,3940,5450,197.44,91.25
1785390247.16624,6229,5506,3949,5394,190.92,91.25
1785390247.2112,6257,5544,3940,5431,190.92,91.25
1785390247.25595,6229,5572,3977,5441,194.74,91.19
1785390247.30325,6238,5553,3940,5403,193.19,91.12
1785390247.3454,6238,5506,3921,5394,188.27,91.06
1785390247.39132,6276,5600,3921,5413,194.74,91.06
1785390247.43639,6266,5572,3921,5431,195.95,91.06
1785390247.48146,6257,5582,3865,5356,194.74,91.12
1785390247.52755,6294,5610,3884,5356,194.74,91.19
1785390247.57435,6285,5638,3855,5375,196.22,91.19
1785390247.63465,6313,5619,3809,5385,192.03,91.25
1785390247.68049,6341,5647,3752,5366,201.47,91.31
1785390247.72439,6351,5628,3799,5319,190.92,91.44
1785390247.76922,6294,5657,3780,5319,201.47,91.5
1785390247.81137,6294,5657,3855,5356,194.74,91.44
1785390247.85446,6304,5666,3809,5309,194.74,91.44
1785390247.89837,6360,5685,3799,5375,194.74,91.44
1785390247.94272,6332,5638,3799,5281,194.74,91.44
1785390247.98743,6332,5760,3790,5356,194.74,91.37
1785390248.03221,6323,5741,3827,5356,192.03,91.37
1785390248.07696,6379,5694,3827,5281,197.44,91.31
1785390248.12915,6370,5675,3752,5281,196.22,91.31
1785390248.17406,6360,5741,3780,5263,194.74,91.31
1785390248.21694,6388,5694,3799,5272,198.71,91.31
1785390248.26751,6370,5694,3837,5263,196.22,91.31
1785390248.3173,6388,5703,3809,5272,198.71,91.31
1785390248.36914,6426,5779,3809,5300,193.57,91.31
1785390248.41957,6407,5807,3809,5300,200.15,91.37
1785390248.4669,6454,5788,3893,5291,194.74,91.31
1785390248.5078,6426,5844,3809,5272,194.74,91.31
1785390248.5471,6426,5825,3921,5206,198.71,91.37
1785390248.58602,6426,5835,3837,5225,197.44,91.44
1785390248.62668,6435,5882,3912,5263,193.57,91.44
1785390248.66759,6426,5854,3855,5263,201.47,91.44
1785390248.70869,6510,5844,3855,5188,201.47,91.44
1785390248.7517,6445,5882,3865,5169,196.22,91.44
1785390248.7965,6501,5882,3818,5178,200.15,91.44
1785390248.84265,6473,5900,3790,5188,194.74,91.44
1785390248.8887,6482,5900,3780,5197,201.47,91.44
1785390248.93414,6473,5872,3809,5188,200.15,91.44
1785390248.98025,6473,5947,3734,5131,198.87,91.5
1785390249.02444,6473,5891,3790,5197,200.15,91.5
1785390249.07081,6529,5910,3780,5244,194.74,91.5
1785390249.11166,6529,5929,3724,5188,194.74,91.5
1785390249.15218,6529,5929,3724,5112,200.15,91.5
1785390249.19741,6566,5919,3724,5188,201.47,91.44
1785390249.24094,6566,6004,3668,5131,196.22,91.31
1785390249.28764,6548,5882,3715,5103,204.23,91.25
1785390249.33325,6566,5910,3687,5150,200.15,91.25
1785390249.37926,6538,5835,3649,5084,197.44,91.25
1785390249.42857,6623,5872,3696,5141,202.85,91.31
1785390249.48117,6623,5797,3668,5094,200.15,91.37
1785390249.53343,6604,5732,3677,5066,197.44,91.37
1785390249.58551,6595,5666,3677,5066,194.74,91.37
1785390249.63678,6548,5722,3612,5066,196.22,91.44
1785390249.68867,6642,5694,3612,5094,194.74,91.44
1785390249.74549,6642,5722,3649,5066,198.71,91.37
1785390249.80038,6642,5703,3630,5056,193.57,91.37
1785390249.85183,6604,5760,3630,5122,200.15,91.37
1785390249.90593,6604,5713,3621,5150,201.47,91.37
1785390249.95951,6698,5760,3612,5000,196.22,91.37
1785390250.01727,6688,5760,3537,5075,196.22,91.44
1785390250.07313,6623,5760,3630,5009,198.71,91.44
1785390250.1238,6651,5750,3527,5037,198.87,91.37
1785390250.18438,6651,5863,3555,5047,198.71,91.37
1785390250.23886,6707,5825,3574,5047,190.92,91.31
1785390250.28526,6642,5825,3537,5019,198.71,91.31
1785390250.32634,6642,5882,3518,5019,198.87,91.31
1785390250.36981,6679,5882,3499,5019,204.23,91.31
1785390250.46421,6773,6041,3471,4915,204.23,91.19
1785390250.5165,6773,6022,3452,4944,196.22,91.19
1785390250.57105,6773,6022,3490,4944,198.71,91.19
1785390250.63073,6717,5985,3471,4953,193.57,91.19
1785390250.68126,6717,6116,3443,4972,205.56,91.25
1785390250.72976,6745,6079,3443,4962,198.71,91.37
1785390250.78036,6792,6088,3508,4925,201.53,91.44
1785390250.83164,6782,6088,3405,4869,197.44,91.44
1785390250.88656,6782,6088,3452,4944,201.47,91.5
1785390250.94327,6763,6126,3386,4934,190.92,91.5
1785390250.99469,6801,6163,3424,4944,201.47,91.5
1785390251.04547,6867,6126,3396,5188,197.44,91.5
1785390251.09853,6857,6126,3377,4878,197.44,91.5
1785390251.14914,6801,6126,3377,4869,193.57,91.5
1785390251.20029,6848,6135,3358,4925,194.74,91.56
1785390251.2536,6867,6116,3377,4925,194.74,91.56
1785390251.30378,6810,6116,3358,4925,195.95,91.5
1785390251.34589,6829,6173,3340,4944,194.74,91.44
1785390251.38392,6895,6201,3340,4925,196.22,91.37
1785390251.42434,6876,6201,3377,4897,198.71,91.31
1785390251.52228,6923,6248,3311,4840,195.95,91.25
1785390251.57296,6932,6248,3283,4859,196.22,91.25
1785390251.62285,6914,6257,3236,4840,201.47,91.31
1785390251.67661,6970,6266,3330,4812,190.92,91.31
1785390251.72951,6932,6285,3330,4878,200.15,91.37
1785390251.78498,6960,6341,3208,4812,201.47,91.44
1785390251.83814,6932,6276,3311,4803,196.22,91.44
1785390251.88949,6923,6285,3208,4803,193.19,91.5
1785390251.9391,6942,6341,3236,4794,192.03,91.5
1785390251.98899,6942,6351,3264,4794,190.92,91.5
1785390252.05515,6942,6276,3161,4700,192.03,91.5
1785390252.10999,6942,6285,3189,4737,194.74,91.5
1785390252.16105,6942,6294,3161,4756,194.74,91.5
1785390252.21136,6942,6370,3152,4690,185.62,91.56
1785390252.27209,6942,6379,3152,4728,193.19,91.5
1785390252.32945,7036,6398,3124,4747,188.27,91.56
1785390252.37244,6998,6351,3152,4737,190.43,91.56
1785390252.41519,6998,6416,3133,4728,193.57,91.5
1785390252.45462,7036,6463,3180,4709,193.57,91.5
1785390252.54639,6979,6360,3096,5319,200.15,91.44
1785390252.59749,7054,6360,3096,5084,200.15,91.25
1785390252.64941,7073,6360,3124,4662,200.15,91.19
1785390252.70048,7054,6388,3105,4747,200.15,91.12
1785390252.7569,7054,6510,3086,4747,197.44,91.19
1785390252.80844,7139,6426,3105,4747,200.15,91.25
1785390252.86011,7148,6473,3049,4972,200.15,91.25
1785390252.91441,7111,6463,3086,4606,202.85,91.37
1785390252.9656,7111,6435,3114,4606,197.44,91.44
1785390253.01941,7111,6435,3039,5263,202.85,91.5
1785390253.0726,7111,6491,3030,5253,197.44,91.5
1785390253.13121,7167,6482,3096,4840,202.85,91.5
1785390253.18154,7148,6491,3049,4784,200.15,91.44
1785390253.231,7157,6463,3058,4428,202.85,91.5
1785390253.283,7148,6501,3039,4568,194.74,91.5
1785390253.33638,7157,6435,3077,4409,197.44,91.44
1785390253.39051,7204,6491,3030,4465,194.74,91.44
1785390253.44105,7204,6491,2983,4418,200.15,91.44
1785390253.487,7195,6538,3011,4381,197.44,91.37
1785390253.53016,7223,6529,2983,4353,200.15,91.31
1785390253.57403,7204,6566,2964,4353,205.56,91.25
1785390253.66933,7223,6538,2908,4934,202.85,91.12
1785390253.72238,7233,6557,2917,4381,200.15,91.12
1785390253.7753,7242,6585,2880,4428,194.74,91.12
1785390253.83239,7251,6595,2946,4343,202.85,91.19
1785390253.88654,7251,6623,2936,4390,202.85,91.25
1785390253.93808,7308,6595,2917,4390,202.85,91.31
1785390253.9865,7251,6642,2880,4756,202.85,91.37
1785390254.0388,7261,6642,2889,4456,201.53,91.44
1785390254.089,7326,6698,2927,4409,206.99,91.44
1785390254.14168,7326,6707,2908,4334,196.22,91.37
1785390254.19657,7336,6792,2889,4325,206.99,91.37
1785390254.24765,7326,6698,2899,4822,202.85,91.37
1785390254.29959,7326,6717,2861,4756,205.56,91.37
1785390254.34899,7345,6754,2936,4353,198.87,91.37
1785390254.40371,7345,6735,2833,4343,212.51,91.31
1785390254.46694,7345,6745,2880,4315,201.53,91.31
1785390254.51906,7336,6735,2870,5122,201.47,91.25
1785390254.55702,7458,6754,2842,4353,201.47,91.25
1785390254.59694,7458,6763,2814,4353,197.44,91.25
1785390254.63727,7364,6857,2814,4353,201.53,91.25
1785390254.73897,7420,6829,2842,4700,205.56,91.25
1785390254.78261,7439,6810,2730,5037,202.85,91.25
1785390254.82378,7467,6885,2786,5019,198.87,91.31
1785390254.86669,7476,6857,2805,5019,204.23,91.31
1785390254.90783,7551,6810,2739,4972,204.23,91.31
1785390254.95324,7476,6867,2711,4925,200.15,91.37
1785390254.99923,7486,6876,2824,4934,196.22,91.37
1785390255.04476,7542,6867,2730,4972,201.47,91.44
1785390255.09049,7533,6979,2730,4897,197.44,91.44
1785390255.13555,7486,6932,2655,4925,200.15,91.44
1785390255.1775,7486,6923,2739,4925,197.44,91.44
1785390255.22257,7467,6989,2711,4840,200.15,91.5
1785390255.27075,7467,6970,2636,4840,200.15,91.56
1785390255.31406,7551,6970,2674,4897,198.87,91.56
1785390255.35493,7551,6970,2692,4915,198.87,91.56
1785390255.39677,7514,6951,2683,4831,198.71,91.56
1785390255.43929,7608,7064,2683,4859,196.22,91.62
1785390255.48246,7580,6942,2711,4859,195.95,91.56
1785390255.52584,7580,6979,2664,4859,194.74,91.5
1785390255.57253,7580,7017,2627,4831,197.44,91.37
1785390255.61753,7551,6989,2655,4850,200.15,91.37
1785390255.66018,7551,7064,2683,4859,194.74,91.31
1785390255.70493,7589,7026,2627,4831,194.74,91.31
1785390255.74938,7589,7092,2617,4859,198.87,91.31
1785390255.79407,7627,7064,2589,4869,198.71,91.31
1785390255.83692,7627,7129,2608,4831,205.56,91.31
1785390255.88333,7598,7045,2570,4859,192.03,91.31
1785390255.92904,7636,7139,2552,4812,197.44,91.44
1785390255.97736,7645,7082,2561,4812,189.33,91.5
1785390256.02604,7655,7157,2533,4728,197.44,91.5
1785390256.07361,7645,7101,2580,4747,190.92,91.5
1785390256.12172,7645,7139,2561,4756,195.95,91.5
1785390256.17039,7692,7111,2486,4775,190.92,91.44
1785390256.22136,7692,7120,2477,4747,201.47,91.44
1785390256.26924,7692,7120,2542,4775,192.03,91.44
1785390256.31971,7711,7214,2542,4775,193.57,91.31
1785390256.36958,7748,7186,2552,4775,204.23,91.31
1785390256.40789,7777,7176,2477,4747,197.44,91.31
1785390256.44797,7786,7139,2448,4812,197.44,91.31
1785390256.4886,7786,7148,2467,4737,200.15,91.37
1785390256.53582,7767,7223,2458,4812,200.15,91.37
1785390256.58108,7786,7242,2458,4737,200.15,91.31
1785390256.6277,7814,7223,2458,4681,200.15,91.31
1785390256.66965,7758,7251,2411,4681,200.15,91.31
1785390256.7123,7758,7223,2420,4662,200.15,91.25
1785390256.75538,7777,7251,2420,4709,200.15,91.25
1785390256.79789,7777,7261,2448,4681,202.85,91.25
1785390256.84197,7777,7251,2411,4662,196.22,91.25
1785390256.88502,7805,7298,2355,4718,198.71,91.19
1785390256.92733,7786,7279,2364,4718,198.87,91.25
1785390256.96826,7852,7279,2355,4718,198.71,91.25
1785390257.00597,7824,7279,2364,4643,198.71,91.25
1785390257.04901,7795,7279,2317,4615,196.22,91.37
1785390257.09671,7880,7317,2336,4662,198.71,91.37
1785390257.14917,7870,7364,2317,4606,192.03,91.31
1785390257.20702,7870,7279,2336,4653,190.92,91.31
1785390257.25689,7852,7279,2336,4662,197.44,91.37
1785390257.31061,7861,7354,2355,4662,200.15,91.5
1785390257.36552,8002,7354,2270,4662,197.44,91.56
1785390257.42586,7889,7345,2298,4662,196.22,91.56
1785390257.47976,7889,7401,2251,4597,204.23,91.62
1785390257.52477,7889,7430,2345,4559,192.03,91.56
1785390257.56518,7889,7383,2317,4578,200.15,91.56
1785390257.60385,7889,7383,2261,4418,200.15,91.56
1785390257.64264,7899,7401,2280,4503,192.03,91.56
1785390257.68106,7917,7364,2373,4400,194.74,91.5
1785390257.72118,7955,7401,2214,4446,190.92,91.44
1785390257.75949,7936,7458,2251,4493,193.19,91.37
1785390257.79925,7955,7448,2214,4522,193.19,91.37
1785390257.83978,7992,7401,2214,4559,192.03,91.44
1785390257.88128,8039,7448,2223,4484,194.74,91.44
1785390257.92302,7945,7467,2251,4550,188.27,91.44
1785390257.96586,8030,7505,2214,4587,184.91,91.5
1785390258.0082,7964,7514,2233,4465,184.91,91.5
1785390258.05796,8030,7448,2242,4540,178.51,91.5
1785390258.10797,8049,7495,2223,4493,178.51,91.5
1785390258.15018,8058,7486,2223,4456,182.96,91.5
1785390258.20245,8067,7514,2195,4512,179.39,91.5
1785390258.25276,8067,7505,2195,4503,183.92,91.56
1785390258.2955,8030,7523,2223,4512,178.51,91.56
1785390258.33763,8058,7542,2223,4475,181.21,91.62
1785390258.38035,8058,7523,2148,4475,178.51,91.62
1785390258.42218,8096,7523,2139,4456,177.66,91.62
1785390258.46234,8086,7561,2176,4456,182.15,91.62
1785390258.5007,8086,7551,2186,4418,182.15,91.62
1785390258.54114,8086,7570,2158,4484,178.51,91.62
1785390258.58499,8096,7589,2129,4428,181.21,91.62
1785390258.62979,8096,7598,2158,4484,173.1,91.56
1785390258.67425,8133,7589,2148,4475,178.51,91.56
1785390258.72185,8096,7627,2139,4446,169.71,91.56
1785390258.76796,8096,7617,2186,4400,182.15,91.5
1785390258.81751,8142,7664,2261,4428,170.4,91.44
1785390258.86715,8096,7636,2158,4484,175.8,91.44
1785390258.91377,8086,7636,2158,4437,170.4,91.44
1785390258.95168,8124,7702,2223,4446,170.4,91.44
1785390258.99128,8189,7664,2120,4493,175.8,91.44
1785390259.03725,8133,7655,2195,4550,167.05,91.44
1785390259.08172,8171,7655,2148,4390,171.11,91.44
1785390259.1267,8171,7645,2148,4371,167.05,91.5
1785390259.17681,8171,7673,2158,4418,168.35,91.44
1785390259.2243,8161,7673,2148,4409,164.4,91.44
1785390259.27149,8161,7711,2195,4362,168.35,91.5
1785390259.31463,8199,7683,2120,4437,164.4,91.56
1785390259.35848,8199,7730,2139,4531,164.4,91.56
1785390259.40025,8199,7664,2120,4446,165.59,91.56
1785390259.44043,8180,7777,2129,4400,162.28,91.56
1785390259.48842,8189,7673,2111,4400,162.28,91.69
1785390259.53181,8227,7711,2064,4418,161.75,91.62
1785390259.57691,8283,7730,2101,4418,162.83,91.62
1785390259.62259,8246,7720,2073,4362,161.75,91.62
1785390259.66736,8283,7758,2036,4400,160.07,91.62
1785390259.71807,8218,7767,2111,4371,159.1,91.62
1785390259.77198,8218,7786,2036,4456,157.31,91.5
1785390259.82414,8274,7702,2007,4306,162.28,91.5
1785390259.87451,8283,7748,2054,4278,156.87,91.56
1785390259.92271,8264,7767,2036,4325,159.1,91.62
1785390259.97502,8264,7842,2045,4353,157.31,91.62
1785390260.02328,8264,7814,2007,4343,156.87,91.56
1785390260.06914,8293,7842,1998,4381,154.17,91.56
1785390260.10905,8311,7861,2073,4268,154.17,91.56
1785390260.15642,8293,7833,1998,4325,151.14,91.5
1785390260.19977,8339,7833,1979,4306,154.55,91.44
1785390260.24388,8339,7880,1970,4306,156.87,91.44
1785390260.28703,8302,7908,1979,4325,148.76,91.44
1785390260.32964,8311,7842,2064,4268,151.14,91.5
1785390260.37371,8311,7899,2017,4259,154.55,91.44
1785390260.41639,8330,7889,1979,4278,148.49,91.44
1785390260.45457,8349,7870,1904,4334,148.49,91.44
1785390260.49813,8368,7870,1961,4400,154.55,91.44
1785390260.545,8368,7908,1961,4325,148.49,91.44
1785390260.58732,8405,7861,1961,4343,146.05,91.44
1785390260.63073,8386,7945,1961,4343,154.55,91.37
1785390260.67562,8405,7945,1951,4353,143.19,91.37
1785390260.71817,8405,7927,2007,4306,151.79,91.44
1785390260.75968,8358,7945,1951,4353,146.05,91.44
1785390260.80131,8443,7945,1923,4371,146.05,91.44
1785390260.86434,8424,7955,2007,4334,146.05,91.5
1785390260.93138,8443,7927,1970,4325,143.19,91.56
1785390260.97889,8443,7936,1876,4240,143.51,91.62
1785390261.02729,8443,7955,1857,4325,143.19,91.62
1785390261.07401,8443,7974,1914,4249,146.27,91.56
1785390261.11733,8443,7936,1951,4221,143.35,91.56
1785390261.16345,8471,7945,1904,4268,140.64,91.62
1785390261.20361,8452,8021,1914,4268,140.64,91.62
1785390261.25267,8490,7974,1951,4296,140.64,91.62
1785390261.29684,8490,8030,1895,4315,137.94,91.56
1785390261.34055,8452,8021,1895,4184,137.89,91.62
1785390261.38447,8443,8039,1820,4193,137.99,91.56
1785390261.42653,8480,8039,1876,4268,135.23,91.56
1785390261.46638,8480,8030,1876,4231,140.75,91.56
1785390261.50512,8490,8030,1848,4240,140.75,91.56
1785390261.54533,8461,7992,1848,4249,140.64,91.5
1785390261.58494,8461,8049,1867,4287,135.23,91.5
1785390261.62485,8499,8067,1895,4240,137.94,91.44
1785390261.66432,8565,8086,1886,4287,137.99,91.44
1785390261.70309,8546,8067,1839,4268,137.99,91.44
1785390261.7431,8546,8049,1857,4212,135.23,91.44
1785390261.78408,8555,8058,1820,4249,137.99,91.44
1785390261.82612,8583,8096,1829,4203,135.23,91.5
1785390261.86732,8527,8133,1848,4249,135.23,91.5
1785390261.908,8536,8133,1829,4296,135.23,91.5
1785390261.95392,8565,8086,1782,4165,132.58,91.44
1785390261.99921,8536,8105,1820,4137,132.53,91.37
1785390262.04251,8536,8096,1829,4156,129.71,91.37
1785390262.08778,8565,8105,1773,4146,127.12,91.37
1785390262.13342,8583,8077,1782,4024,127.12,91.31
1785390262.17876,8611,8077,1848,4146,127.12,91.31
1785390262.22397,8593,8086,1773,4099,127.12,91.31
1785390262.27083,8611,8096,1764,4128,124.42,91.31
1785390262.31684,8583,8142,1773,4052,124.42,91.37
1785390262.35935,8583,8086,1754,4099,124.42,91.37
1785390262.40185,8583,8124,1773,4137,121.98,91.44
1785390262.44793,8630,8152,1773,4203,126.95,91.5
1785390262.49399,8602,8096,1820,4024,127.12,91.44
1785390262.53855,8687,8114,1764,4137,127.28,91.44
1785390262.58514,8649,8133,1773,3921,126.95,91.5
1785390262.62986,8649,8142,1773,4071,129.83,91.56
1785390262.67559,8677,8114,1754,4071,124.42,91.5
1785390262.72104,8677,8133,1754,4099,124.42,91.5
1785390262.76453,8658,8208,1735,4165,127.12,91.44
1785390262.80922,8640,8124,1726,4193,127.12,91.44
1785390262.85537,8668,8199,1735,4249,121.71,91.44
1785390262.90901,8677,8236,1745,4231,129.83,91.37
1785390262.96593,8668,8171,1773,4278,124.42,91.5
1785390263.01691,8696,8152,1745,4325,126.95,91.5
1785390263.06976,8677,8199,1726,4268,121.71,91.56
1785390263.12761,8696,8161,1745,4268,121.71,91.5
1785390263.19064,8752,8189,1773,4203,121.71,91.44
1785390263.2432,8752,8171,1745,4081,124.42,91.37
1785390263.29478,8705,8218,1717,4278,119.01,91.37
1785390263.33523,8724,8227,1717,4071,124.42,91.37
1785390263.37677,8715,8199,1717,3912,121.71,91.31
1785390263.42175,8743,8161,1726,4146,121.71,91.31
1785390263.46396,8762,8208,1754,4203,121.71,91.37
1785390263.50409,8705,8199,1707,4109,121.71,91.37
1785390263.55042,8687,8171,1782,4024,119.32,91.37
1785390263.59848,8687,8171,1698,4024,118.68,91.44
1785390263.64744,8733,8171,1717,4156,119.01,91.44
1785390263.69402,8762,8246,1707,4052,113.6,91.37
1785390263.74637,8762,8227,1726,4146,119.01,91.44
1785390263.78588,8762,8236,1773,4024,113.6,91.44
1785390263.83078,8780,8236,1839,4024,113.6,91.37
1785390263.87198,8780,8218,1764,4184,110.89,91.37
1785390263.91298,8733,8142,1754,3902,108.19,91.37
1785390263.95796,8762,8161,1707,3855,108.19,91.37
1785390264.01322,8762,8161,1764,3931,111.37,91.37
1785390264.05775,8752,8199,1679,3912,118.68,91.31
1785390264.10182,8780,8227,1754,3837,118.68,91.31
1785390264.14411,8771,8142,1717,3921,111.37,91.31
1785390264.18882,8762,8142,1735,3921,116.3,91.37
1785390264.23158,8762,8180,1670,4006,115.92,91.37
1785390264.28532,8855,8199,1660,3949,113.6,91.44
1785390264.33592,8855,8199,1679,3959,108.19,91.5
1785390264.37826,8855,8124,1754,3931,110.89,91.5
1785390264.42612,8855,8124,1632,3931,108.72,91.5
1785390264.47665,8855,8124,1735,3977,113.16,91.5
1785390264.5311,8837,8255,1679,3996,108.19,91.44
1785390264.58429,8808,8218,1698,3921,110.89,91.44
1785390264.63567,8799,8189,1754,3987,105.48,91.44
1785390264.68356,8855,8199,1707,3959,105.48,91.44
1785390264.73144,8818,8283,1698,4024,100.76,91.5
1785390264.77069,8827,8293,1660,4062,107.64,91.5
1785390264.80902,8837,8349,1698,3968,105.48,91.5
1785390264.84843,8874,8349,1679,3977,105.48,91.5
1785390264.94571,8884,8236,1745,4006,102.78,91.44
1785390264.99584,8855,8236,1679,3855,105.48,91.44
1785390265.0447,8884,8349,1679,3874,100.76,91.44
1785390265.09398,8902,8227,1670,3949,104.88,91.37
1785390265.14277,8893,8293,1604,3837,108.72,91.37
1785390265.18905,8912,8274,1632,4006,104.88,91.31
1785390265.23281,8930,8415,1670,3931,110.89,91.25
1785390265.28376,8893,8321,1670,3865,105.48,91.25
1785390265.33481,8912,8349,1623,3846,102.78,91.37
1785390265.37857,8921,8264,1642,3949,100.07,91.44
1785390265.42269,8921,8264,1642,3949,95.46,91.44
1785390265.46642,8940,8536,1613,3959,104.88,91.44
1785390265.50824,8902,8433,1660,3959,104.88,91.44
1785390265.56151,8968,8171,1632,3855,94.66,91.37
1785390265.60937,8912,8311,1632,3855,100.07,91.37
1785390265.65576,8940,8311,1754,3837,100.07,91.37
1785390265.70465,8930,8283,1548,3855,94.66,91.37
1785390265.75332,8949,8349,1632,3893,95.46,91.37
1785390265.79972,8930,8321,1623,3855,96.6,91.37
1785390265.83917,8949,8255,1623,3855,95.46,91.31
1785390265.88211,8959,8171,1576,3874,97.37,91.31
1785390265.92269,8977,8199,1651,3874,99.36,91.31
1785390265.96385,8987,8583,1604,3874,97.37,91.37
1785390266.00432,8949,8574,1595,3827,97.37,91.37
1785390266.04998,8949,8283,1529,3921,94.66,91.37
1785390266.09294,9062,9005,1595,3846,97.37,91.37
1785390266.13796,8959,8583,1595,3921,97.37,91.37
1785390266.18547,8968,8199,1576,3855,97.37,91.37
1785390266.22956,8987,8208,1651,3893,91.96,91.37
1785390266.27212,8996,8189,1632,3827,97.37,91.37
1785390266.31336,8959,8283,1660,3846,95.46,91.44
1785390266.35406,9024,8236,1623,3780,95.46,91.44
1785390266.39537,9015,8574,1604,3837,91.96,91.44
1785390266.43754,9024,8124,1613,3827,94.66,91.37
1785390266.48029,9062,8152,1585,3827,93.84,91.44
1785390266.52157,9034,8246,1604,3818,92.81,91.44
1785390266.56357,9005,8246,1604,3818,96.6,91.44
1785390266.60378,9005,8583,1623,3855,96.6,91.44
1785390266.64563,9043,8236,1557,3865,91.96,91.44
1785390266.68793,9015,8180,1529,3837,89.25,91.44
1785390266.73021,9099,8255,1595,3780,92.81,91.37
1785390266.77305,9071,8264,1585,3809,91.08,91.37
1785390266.81695,8996,8199,1548,3809,87.5,91.37
1785390266.86235,9052,8630,1538,3809,93.84,91.37
1785390266.90588,9090,8630,1557,3884,93.84,91.37
1785390266.95017,9043,8218,1510,3827,90.16,91.44
1785390266.99735,9146,8593,1520,3837,91.08,91.44
1785390267.04514,9099,8180,1548,3780,87.5,91.44
1785390267.09129,9099,8593,1576,3790,88.32,91.5
1785390267.13749,9090,8987,1548,3855,91.96,91.44
1785390267.18703,9062,8593,1548,3752,86.55,91.44
1785390267.2293,9062,8611,1595,3771,84.85,91.37
1785390267.27623,9099,8649,1567,3762,85.56,91.37
1785390267.32221,9109,8611,1520,3762,82.2,91.37
1785390267.36417,9109,8640,1557,3818,82.8,91.31
1785390267.4111,9071,8630,1501,3780,82.8,91.31
1785390267.45924,9099,8611,1520,3762,83.85,91.31
1785390267.50705,9099,8621,1501,3734,86.55,91.31
1785390267.55316,9109,9052,1576,3752,86.55,91.37
1785390267.5946,9127,9005,1529,3762,81.14,91.37
1785390267.64219,9137,9062,1510,3762,81.14,91.37
1785390267.68591,9081,8574,1538,3790,83.85,91.37
1785390267.7312,9137,9015,1557,3780,78.44,91.37
1785390267.77498,9137,9034,1529,3799,78.44,91.37
1785390267.81918,9127,9005,1538,3715,78.44,91.37
1785390267.86455,9137,9005,1567,3715,81.14,91.37
1785390267.90538,9165,9071,1529,3771,81.14,91.37
1785390267.95616,9137,9081,1576,3724,76.9,91.37
1785390268.00801,9165,9118,1548,3743,79.55,91.37
1785390268.06231,9137,9118,1557,3762,81.14,91.37
1785390268.1202,9146,9146,1557,3790,78.44,91.31
1785390268.17032,9146,9099,1576,3771,78.44,91.31
1785390268.21815,9146,9043,1529,3771,78.44,91.31
1785390268.26798,9146,9034,1557,3780,78.44,91.31
1785390268.31709,9165,9052,1585,3734,78.44,91.31
1785390268.36791,9174,8968,1567,3790,78.44,91.31
1785390268.41829,9146,8987,1567,3743,78.44,91.31
1785390268.47284,9156,9052,1567,3762,78.44,91.31
1785390268.52867,9184,9034,1538,3734,11.91,91.37
1785390268.58165,9165,9034,1623,3762,8.11,89.44
1785390268.63399,9165,8593,1595,3818,2.7,85.75
1785390268.68903,9156,8649,1585,3743,5.41,81.12
1785390268.74369,9156,8433,1595,3743,0,69.5
1785390268.78513,9127,8433,1548,3743,0,69.5
1785390268.82629,9127,8668,1567,3743,-2.7,63.63
1785390268.86715,9043,8687,1585,3668,-2.7,58.13
1785390268.96614,8949,8630,1651,3640,0,47.69
1785390269.01492,8921,8536,1623,3621,0,42.94
1785390269.06489,8968,8536,1623,3649,2.7,38.44
1785390269.11645,9184,8546,1595,3696,-5.41,34.06
1785390269.17171,9193,8480,1510,3780,0,29.75
1785390269.22594,9165,8499,2045,3780,0,25.69
1785390269.28333,9221,8443,1961,3780,-2.7,22
1785390269.33267,9146,8499,1886,3865,0,18.62
1785390269.3802,10019,8490,1782,3771,-2.7,15.63
1785390269.42873,9118,8518,1857,3762,0,13
1785390269.47774,9081,8452,1754,3837,0,10.69
1785390269.52559,9062,8490,1735,3855,2.7,8.63
1785390269.57656,9052,8490,1773,3809,0,6.69
1785390269.62729,9024,8452,1679,3771,2.7,4.69
1785390269.67905,8940,8452,1679,3790,2.7,2.87
1785390269.73277,8968,8471,1707,3790,2.7,2.87
1785390269.78202,9278,8443,1782,3771,2.7,2.87
1785390269.83047,9043,8490,1689,3762,2.7,2.87
1785390269.87808,8912,8499,1707,3762,2.7,2.87
1785390269.92459,8968,8461,1679,3752,2.7,2.87
1785390269.97597,9587,8452,1660,3752,2.7,2.87
