timestamp,d0,d1,d2,d3,v_mm_s,gz
1785392901.427728,9587,8480,1745,3630,0.0000,0.0000
1785392901.450695,9587,8518,1623,3593,0.0000,0.0000
1785392901.476654,9578,8499,1679,3621,0.0000,0.0000
1785392901.502155,9221,8536,1670,3649,18.2000,0.0000
1785392901.527288,9634,8490,1613,3593,48.6800,-0.4400
1785392901.552484,9625,8518,1717,3602,48.6800,-0.4400
1785392901.577323,9568,8536,1642,3649,48.6800,-0.4400
1785392901.602404,9587,8536,1660,3630,51.3900,-0.3100
1785392901.627366,9559,8602,1660,3565,51.3900,-0.3100
1785392901.653558,9268,8499,1698,3583,73.0300,-0.3100
1785392901.678338,9559,8518,1623,3602,75.7300,-0.3100
1785392901.703377,9540,8640,1660,3630,75.7300,-0.3100
1785392901.729256,9568,8611,1660,3640,75.7300,-0.3100
1785392901.754385,9174,8518,1651,3555,81.1400,-0.3700
1785392901.779448,9606,8518,1642,3602,81.1400,-0.5000
1785392901.805233,9540,8461,1660,3602,81.1400,-0.5000
1785392901.831091,9184,8490,1670,3574,83.8500,-0.5600
1785392901.855224,9221,8527,1660,3640,83.8500,-0.5600
1785392901.882668,9531,8499,1632,3583,86.5500,-0.5600
1785392901.906169,9559,8527,1660,3574,86.5500,-0.5600
1785392901.932449,9559,8518,1698,3583,81.1400,-0.6200
1785392901.957216,9587,8593,1623,3612,81.1400,-0.6200
1785392901.982883,9212,8583,1717,3602,86.5500,-0.5600
1785392902.007366,9550,8536,1679,3583,86.5500,-0.5600
1785392902.033090,9568,8499,1670,3574,89.2500,-0.6200
1785392902.058183,9484,8499,1754,3602,89.2500,-0.6200
1785392902.083134,9240,8546,1679,3602,94.6600,-0.6900
1785392902.109335,9240,8546,1689,3602,94.6600,-0.6900
1785392902.134113,9540,8518,1651,3593,94.6600,-0.8100
1785392902.159206,9193,8546,1745,3583,94.6600,-0.8100
1785392902.185134,9193,8565,1698,3583,97.3700,-0.8100
1785392902.210767,9634,8565,1642,3518,97.3700,-0.8100
1785392902.235554,9540,8536,1689,3537,97.3700,-0.8800
1785392902.261203,9550,8508,1670,3537,97.3700,-0.8800
1785392902.286153,9531,8508,1632,3537,102.7800,-1.0600
1785392902.311479,9550,8518,1689,3583,102.7800,-1.0600
1785392902.337838,9550,8518,1707,3518,108.1900,-1.1200
1785392902.362207,9550,8546,1689,3593,108.1900,-1.1200
1785392902.387635,9540,8527,1717,3537,119.3200,-1.3100
1785392902.413341,9550,8546,1689,3583,119.3200,-1.3100
1785392902.438699,9531,8480,1707,3537,121.4400,-1.3700
1785392902.464137,9568,8518,1670,3546,121.4400,-1.3700
1785392902.489541,9165,8546,1735,3546,119.0100,-1.3700
1785392902.514403,9165,8593,1726,3546,119.0100,-1.3700
1785392902.539520,9193,8546,1679,3555,121.7100,-1.3100
1785392902.565659,9531,8527,1707,3574,121.7100,-1.3100
1785392902.590266,9559,8536,1726,3546,127.1200,-1.3100
1785392902.615217,9118,8536,1735,3546,127.1200,-1.3100
1785392902.641201,9231,8527,1726,3518,132.5800,-1.3100
1785392902.666561,9540,8555,1726,3499,132.5800,-1.3100
1785392902.691686,9550,8555,1848,3480,132.4700,-1.3100
1785392902.717199,9550,8546,1764,3480,132.4700,-1.3100
1785392902.742149,9193,8536,1773,3508,132.5800,-1.3700
1785392902.767187,9165,8546,1782,3499,132.5800,-1.3700
1785392902.793598,9559,8565,1792,3471,143.3500,-1.2500
1785392902.818128,8790,8555,1810,3518,143.3500,-1.2500
1785392902.843180,9137,8593,1848,3480,143.3500,-1.1900
1785392902.869382,9137,8593,1754,3480,143.3500,-1.1900
1785392902.894717,9146,8574,1754,3499,157.3100,-1.1200
1785392902.919674,9221,8565,1867,3508,157.3100,-1.1200
1785392902.945209,9174,8527,1764,3443,153.8000,-1.1200
1785392902.970390,9137,8536,1848,3527,153.8000,-1.1200
1785392902.995499,9156,8602,1810,3480,165.5900,-1.0600
1785392903.020321,8865,8490,1820,3490,165.5900,-1.0600
1785392903.046180,8865,8490,1839,3490,169.7100,-1.0600
1785392903.071228,8724,8583,1829,3508,169.7100,-1.0600
1785392903.096194,9512,8593,1764,3480,176.6300,-1.1200
1785392903.122453,9512,8611,1848,3471,176.6300,-1.1200
1785392903.147953,9531,8555,1801,3452,177.6600,-1.0600
1785392903.172186,9531,8555,1932,3490,177.6600,-1.0600
1785392903.198160,9531,8555,1867,3424,187.6700,-1.0600
1785392903.223599,9531,8611,1857,3480,187.6700,-1.0600
1785392903.248423,9127,8602,1829,3480,192.0300,-1.0600
1785392903.274321,9127,8565,1886,3537,192.0300,-1.0600
1785392903.299233,8818,8527,1904,3424,194.7400,-1.0600
1785392903.324203,9146,8574,1820,3461,194.7400,-1.0600
1785392903.350744,8705,8527,1857,3433,196.2200,-1.0000
1785392903.375609,8733,8527,1895,3433,196.2200,-1.0000
1785392903.400225,8733,8480,1876,3415,198.7100,-0.8800
1785392903.426213,8715,8565,1895,3461,198.7100,-0.8800
1785392903.451220,8696,8433,1895,3433,196.2200,-0.8100
1785392903.476365,8705,8471,1895,3405,200.1500,-0.8100
1785392903.502219,8771,8536,1848,3396,200.1500,-0.8100
1785392903.527503,8696,8546,1951,3424,200.1500,-0.8100
1785392903.552178,8696,8555,1895,3377,201.4700,-0.8100
1785392903.578228,8771,8424,1932,3396,200.1500,-0.8100
1785392903.603498,8715,8443,1857,3415,200.1500,-0.8100
1785392903.628973,9165,8433,1932,3405,196.2200,-0.7500
1785392903.654169,8733,8386,1904,3415,196.2200,-0.7500
1785392903.679265,8762,8518,1942,3377,196.2200,-0.7500
1785392903.704695,8790,8518,1914,3405,201.4700,-0.8100
1785392903.731535,8705,8424,1989,3386,197.4400,-0.8100
1785392903.755471,8752,8433,1942,3368,197.4400,-0.8100
1785392903.781451,9146,8396,1989,3358,200.1500,-0.8100
1785392903.806741,8724,8396,1932,3340,200.1500,-0.8100
1785392903.833040,9174,8368,2045,3368,197.4400,-0.8100
1785392903.856486,8715,8415,2017,3349,197.4400,-0.8100
1785392903.882660,8724,8368,1904,3377,193.5700,-0.8800
1785392903.907529,9099,8415,1989,3396,193.5700,-0.8800
1785392903.932846,8677,8424,2007,3340,201.4700,-0.8800
1785392903.958148,8799,8396,1961,3386,201.4700,-0.8800
1785392903.983164,8687,8368,1979,3386,197.4400,-0.9400
1785392904.008181,8677,8396,2073,3377,197.4400,-0.9400
1785392904.033066,8677,8396,2111,3293,194.7400,-0.9400
1785392904.059612,8677,8396,2064,3386,194.7400,-0.9400
1785392904.084565,8677,8405,1979,3302,197.4400,-1.0000
1785392904.109550,8733,8424,1998,3358,197.4400,-1.0000
1785392904.135377,8733,8443,2007,3340,194.7400,-1.0000
1785392904.160813,8705,8443,1998,3293,194.7400,-1.0000
1785392904.185959,8687,8443,2054,3330,197.4400,-1.0600
1785392904.211409,8715,8424,2054,3330,197.4400,-1.0600
1785392904.236401,8677,8471,2036,3330,197.4400,-1.0600
1785392904.262163,9043,8433,2073,3321,197.4400,-1.0600
1785392904.288020,8668,8490,2054,3340,200.1500,-1.0600
1785392904.312601,8696,8443,2139,3302,200.1500,-1.0600
1785392904.337502,9043,8499,2092,3349,196.2200,-1.1200
1785392904.363429,8668,8490,2139,3349,196.2200,-1.1200
1785392904.388949,8705,8490,2111,3358,204.2300,-1.1200
1785392904.413735,8687,8480,2129,3274,204.2300,-1.1200
1785392904.439366,8724,8508,2139,3377,197.4400,-1.1200
1785392904.464436,9118,8480,2120,3321,197.4400,-1.1200
1785392904.489487,8649,8546,2148,3330,189.3300,-1.1200
1785392904.515933,8649,8527,2186,3311,189.3300,-1.1200
1785392904.540486,8696,8536,2111,3321,192.0300,-1.1900
1785392904.565485,8658,8536,2101,3274,192.0300,-1.1900
1785392904.591631,8658,8527,2129,3293,197.4400,-1.3100
1785392904.616667,8705,8583,2111,3330,197.4400,-1.3100
1785392904.642103,8696,8527,2158,3283,188.2700,-1.3700
1785392904.667288,8696,8574,2129,3264,188.2700,-1.3700
1785392904.692239,8687,8536,2158,3255,192.0300,-1.4400
1785392904.717161,8705,8574,2176,3274,192.0300,-1.4400
1785392904.743535,8677,8583,2158,3227,192.0300,-1.5600
1785392904.768202,8668,8593,2176,3236,192.0300,-1.5600
1785392904.793434,8668,8565,2167,3283,193.1900,-1.5600
1785392904.819291,8705,8640,2158,3274,193.1900,-1.5600
1785392904.844712,8715,8555,2139,3189,190.9200,-1.5000
1785392904.869746,8677,8555,2167,3236,190.9200,-1.5000
1785392904.896231,8715,8527,2129,3283,193.1900,-1.5000
1785392904.920413,8724,8536,2120,3255,193.1900,-1.5000
1785392904.946028,8752,8574,2129,3227,190.9200,-1.5000
1785392904.971864,8733,8536,2129,3236,190.9200,-1.5000
1785392904.996520,8668,8602,2120,3218,192.0300,-1.4400
1785392905.021669,8752,8546,2148,3236,192.0300,-1.4400
1785392905.047350,8743,8602,2148,3246,192.0300,-1.4400
1785392905.072649,8668,8602,2158,3218,192.0300,-1.4400
1785392905.097748,8715,8583,2158,3161,195.9500,-1.4400
1785392905.123496,8715,8611,2139,3255,195.9500,-1.4400
1785392905.150473,8762,8621,2186,3189,190.9200,-1.3700
1785392905.176138,8687,8593,2195,3152,190.9200,-1.3700
1785392905.200779,8687,8611,2242,3180,198.7100,-1.3700
1785392905.226646,8687,8640,2186,3199,198.7100,-1.3700
1785392905.250831,8696,8677,2204,3199,188.2700,-1.4400
1785392905.275963,9071,8611,2242,3143,188.2700,-1.4400
1785392905.303068,8687,8555,2242,3208,197.4400,-1.4400
1785392905.327464,8705,8555,2214,3114,197.4400,-1.4400
1785392905.352433,8696,8555,2204,3171,197.4400,-1.5000
1785392905.378301,8705,8611,2176,3236,198.7100,-1.5600
1785392905.404100,8687,8602,2214,3218,198.7100,-1.5600
1785392905.429133,8658,8611,2214,3133,188.2700,-1.5000
1785392905.453763,8668,8602,2204,3218,188.2700,-1.5000
1785392905.481471,8687,8602,2261,3124,193.1900,-1.5000
1785392905.503526,8705,8621,2204,3161,193.1900,-1.5000
1785392905.532198,8687,8640,2242,3114,192.0300,-1.4400
1785392905.555609,8696,8583,2317,3180,192.0300,-1.4400
1785392905.584031,8677,8621,2261,3161,192.0300,-1.3700
1785392905.607310,8705,8611,2289,3189,192.0300,-1.3700
1785392905.634715,8696,8687,2251,3124,192.0300,-1.3700
1785392905.657323,8630,8630,2214,3161,192.0300,-1.3700
1785392905.685799,8668,8649,2223,3152,193.5700,-1.4400
1785392905.707037,8668,8668,2223,3189,193.5700,-1.4400
1785392905.734944,8668,8621,2317,3161,194.7400,-1.5000
1785392905.758649,8687,8621,2251,3189,194.7400,-1.5000
1785392905.785542,8640,8687,2326,3152,194.7400,-1.5000
1785392905.808635,8649,8593,2336,3218,194.7400,-1.5000
1785392905.836882,8649,8658,2270,3133,194.7400,-1.5000
1785392905.860454,8640,8621,2317,3124,194.7400,-1.5000
1785392905.884815,8687,8630,2308,3189,193.1900,-1.5000
1785392905.909624,8621,8658,2326,3133,193.1900,-1.5000
1785392905.935235,8621,8630,2280,3124,193.5700,-1.5000
1785392905.961231,8621,8640,2298,3189,193.5700,-1.5000
1785392905.986823,8687,8705,2336,3189,194.7400,-1.5600
1785392906.011850,8621,8658,2336,3133,194.7400,-1.5600
1785392906.036478,8630,8696,2336,3133,189.3300,-1.5000
1785392906.060689,8649,8555,2280,3161,189.3300,-1.5000
1785392906.087359,8649,8668,2317,3105,192.0300,-1.5000
1785392906.112145,9043,8583,2317,3143,192.0300,-1.5000
1785392906.138140,8687,8546,2345,3133,189.3300,-1.5000
1785392906.162921,8658,8640,2308,3189,189.3300,-1.5000
1785392906.188918,8687,8658,2373,3114,193.1900,-1.5600
1785392906.214479,8696,8649,2308,3152,193.1900,-1.5600
1785392906.239795,8649,8602,2336,3039,188.2700,-1.5600
1785392906.264435,8677,8611,2383,3105,188.2700,-1.5600
1785392906.291618,8630,8640,2392,3086,189.3300,-1.5600
1785392906.315660,8668,8555,2336,3058,189.3300,-1.5600
1785392906.341267,8640,8499,2345,3105,189.3300,-1.5600
1785392906.365835,8611,8518,2430,3049,189.3300,-1.5600
1785392906.390795,8649,8611,2373,2983,186.6200,-1.6200
1785392906.416537,8602,8593,2355,2992,186.6200,-1.6200
1785392906.441370,8658,8565,2364,3021,192.0300,-1.6200
1785392906.467205,8658,8518,2364,3002,192.0300,-1.6200
1785392906.492429,8621,8555,2392,3002,186.6200,-1.6200
1785392906.517913,8649,8499,2392,2983,186.6200,-1.6200
1785392906.543800,8677,8536,2420,2917,194.7400,-1.6200
1785392906.568481,8687,8452,2420,2983,194.7400,-1.6200
1785392906.594171,8687,8518,2420,2936,189.3300,-1.5600
1785392906.619057,8687,8508,2430,2983,189.3300,-1.5600
1785392906.644289,8668,8508,2495,2992,197.4400,-1.4400
1785392906.670287,8611,8565,2467,2992,197.4400,-1.4400
1785392906.695827,9005,8461,2411,2974,189.3300,-1.3700
1785392906.720779,8630,8527,2411,3030,189.3300,-1.3700
1785392906.744990,8621,8518,2439,2992,194.7400,-1.3700
1785392906.772110,8640,8461,2420,2927,194.7400,-1.3700
1785392906.796368,8658,8555,2505,2983,197.4400,-1.3700
1785392906.821326,8602,8499,2430,2936,197.4400,-1.3700
1785392906.847322,8602,8518,2420,2917,190.9200,-1.4400
1785392906.872267,8640,8565,2420,2955,190.9200,-1.4400
1785392906.897513,8602,8527,2458,2974,193.1900,-1.4400
1785392906.923709,8574,8499,2486,2936,193.1900,-1.4400
1785392906.948216,8649,8471,2467,2983,196.2200,-1.5000
1785392906.973036,8574,8536,2505,2983,196.2200,-1.5000
1785392906.998170,8649,8461,2486,2917,193.1900,-1.5600
1785392907.024630,8649,8574,2505,2955,193.1900,-1.5600
1785392907.049722,8621,8527,2467,2974,198.8700,-1.5000
1785392907.074334,8583,8546,2448,2927,198.8700,-1.5000
1785392907.101455,8583,8546,2477,2917,198.7100,-1.5000
1785392907.126135,8583,8527,2486,2974,198.7100,-1.5000
1785392907.151503,8611,8565,2439,3002,193.5700,-1.4400
1785392907.176639,8583,8583,2533,2889,193.5700,-1.4400
1785392907.201842,8602,8593,2505,2889,193.1900,-1.5000
1785392907.226948,8658,8583,2495,2927,194.7400,-1.4400
1785392907.253311,8658,8621,2514,2870,194.7400,-1.4400
1785392907.276913,8555,8668,2477,2899,194.7400,-1.4400
1785392907.301576,8640,8658,2570,2880,193.5700,-1.3700
1785392907.327523,8611,8640,2542,2861,193.5700,-1.3700
1785392907.353069,8574,8602,2505,2889,194.7400,-1.3100
1785392907.378328,8565,8696,2561,2880,198.7100,-1.2500
1785392907.404317,8649,8668,2552,2870,198.7100,-1.2500
1785392907.429039,8621,8705,2495,2870,198.7100,-1.2500
1785392907.454722,8621,8658,2514,2852,200.1500,-1.2500
1785392907.481888,8630,8658,2533,2861,194.7400,-1.2500
1785392907.505844,8583,8687,2542,2795,194.7400,-1.2500
1785392907.530982,8630,8743,2523,2777,198.8700,-1.2500
1785392907.556185,8574,8649,2523,2870,198.8700,-1.2500
1785392907.584544,8565,8640,2552,2852,201.4700,-1.2500
1785392907.606706,8602,8696,2542,2805,201.4700,-1.2500
1785392907.635534,8602,8696,2542,2777,198.8700,-1.2500
1785392907.657334,8630,8668,2702,2814,198.8700,-1.2500
1785392907.684448,8630,8687,2542,2758,194.7400,-1.2500
1785392907.708261,8602,8752,2542,2767,194.7400,-1.2500
1785392907.735404,8658,8715,2627,2730,197.4400,-1.2500
1785392907.757637,8630,8658,2552,2767,197.4400,-1.2500
1785392907.787231,8658,8733,2655,2767,194.7400,-1.3100
1785392907.809685,8565,8818,2617,2655,194.7400,-1.3100
1785392907.837255,8996,8724,2561,2711,197.4400,-1.3100
1785392907.860187,8649,8752,2598,2730,197.4400,-1.3100
1785392907.885489,8630,8762,2674,2711,201.4700,-1.3700
1785392907.910065,8649,8677,2617,2580,201.4700,-1.3700
1785392907.936249,8574,8724,2674,2683,193.5700,-1.3700
1785392907.961293,8611,8696,2636,2692,193.5700,-1.3700
1785392907.985987,8611,8733,2655,2692,194.7400,-1.3700
1785392908.011120,8574,8696,2617,2711,194.7400,-1.3700
1785392908.037997,8574,8715,2645,2608,194.7400,-1.4400
1785392908.062924,8602,8771,2608,2627,194.7400,-1.4400
1785392908.087819,8593,8687,2598,2627,192.0300,-1.4400
1785392908.113104,8630,8771,2702,2683,192.0300,-1.4400
1785392908.138119,8593,8780,2580,2598,194.7400,-1.5000
1785392908.164073,8593,8743,2627,2627,194.7400,-1.5000
1785392908.189774,8621,8780,2674,2617,194.7400,-1.5600
1785392908.215693,8621,8733,2683,2608,194.7400,-1.5600
1785392908.239233,8611,8808,2645,2617,192.0300,-1.5600
1785392908.265399,8668,8808,2702,2598,192.0300,-1.5600
1785392908.290349,8668,8790,2692,2608,192.0300,-1.5000
1785392908.315943,8583,8780,2655,2608,192.0300,-1.5000
1785392908.340968,8668,8743,2777,2589,192.0300,-1.4400
1785392908.366138,8602,8733,2645,2627,192.0300,-1.4400
1785392908.391745,8630,8696,2739,2636,198.7100,-1.4400
1785392908.417548,8621,8762,2692,2580,198.7100,-1.4400
1785392908.441992,8621,8780,2683,2570,190.9200,-1.5000
1785392908.466894,8574,8705,2730,2561,190.9200,-1.5000
1785392908.493564,8640,8752,2655,2598,197.4400,-1.5000
1785392908.518628,8574,8818,2730,2580,197.4400,-1.5000
1785392908.543682,8959,8733,2711,2570,194.7400,-1.5000
1785392908.569088,8602,8780,2683,2542,194.7400,-1.5000
1785392908.594371,8640,8743,2711,2561,198.7100,-1.5600
1785392908.620244,8536,8743,2702,2617,198.7100,-1.5600
1785392908.646075,8546,8715,2767,2542,196.2200,-1.5000
1785392908.670870,8611,8790,2805,2542,196.2200,-1.5000
1785392908.695824,8518,8724,2739,2533,197.4400,-1.5000
1785392908.721957,8574,8818,2664,2580,197.4400,-1.5000
1785392908.746350,8574,8743,2749,2552,197.4400,-1.4400
1785392908.771800,8565,8733,2749,2542,197.4400,-1.4400
1785392908.797507,8546,8733,2702,2495,200.1500,-1.2500
1785392908.823476,8536,8733,2730,2505,200.1500,-1.2500
1785392908.849619,8508,8743,2711,2542,192.0300,-1.2500
1785392908.873781,8518,8762,2777,2514,192.0300,-1.2500
1785392908.898602,8546,8762,2655,2477,200.1500,-1.2500
1785392908.926035,8536,8780,2777,2486,200.1500,-1.2500
1785392908.950842,8583,8752,2749,2533,197.4400,-1.3700
1785392908.976036,8565,8715,2824,2580,197.4400,-1.3700
1785392908.999878,8574,8687,2767,2523,194.7400,-1.5000
1785392909.024705,8565,8733,2692,2477,194.7400,-1.5000
1785392909.049898,8546,8658,2777,2495,197.4400,-1.5600
1785392909.075656,8546,8715,2758,2458,197.4400,-1.5600
1785392909.101837,8555,8705,2767,2542,192.0300,-1.6200
1785392909.126199,8555,8696,2777,2477,192.0300,-1.6200
1785392909.150902,8593,8724,2767,2552,200.1500,-1.5600
1785392909.177195,8555,8705,2824,2495,192.0300,-1.4400
1785392909.202361,8593,8668,2749,2477,192.0300,-1.4400
1785392909.227798,8536,8687,2739,2514,192.0300,-1.4400
1785392909.254842,8536,8705,2720,2495,194.7400,-1.4400
1785392909.279658,8565,8705,2786,2448,194.7400,-1.4400
1785392909.304662,8527,8705,2805,2467,194.7400,-1.4400
1785392909.329542,8565,8705,2720,2505,194.7400,-1.4400
1785392909.354183,8565,8677,2767,2495,194.7400,-1.4400
1785392909.379334,8565,8668,2805,2458,194.7400,-1.4400
1785392909.405529,8555,8705,2786,2467,192.0300,-1.3700
1785392909.432836,8583,8687,2805,2458,194.7400,-1.3700
1785392909.455889,8555,8630,2833,2448,194.7400,-1.3700
1785392909.481477,8518,8658,2767,2458,194.7400,-1.3100
1785392909.506505,8574,8658,2786,2392,194.7400,-1.3100
1785392909.534578,8555,8658,2777,2495,200.1500,-1.3100
1785392909.557503,8527,8649,2824,2533,200.1500,-1.3100
1785392909.585836,8527,8649,2870,2439,197.4400,-1.2500
1785392909.607369,8546,8668,2833,2439,197.4400,-1.2500
1785392909.635195,8546,8640,2777,2383,194.7400,-1.1900
1785392909.658046,8555,8640,2777,2495,194.7400,-1.1900
1785392909.685817,8583,8658,2805,2411,202.8500,-1.0600
1785392909.708138,8602,8611,2880,2458,202.8500,-1.0600
1785392909.737437,8574,8640,2824,2430,205.5600,-0.9400
1785392909.759706,8583,8687,2824,2458,205.5600,-0.9400
1785392909.785898,8583,8677,2842,2364,202.8500,-0.8800
1785392909.809856,8611,8630,2861,2439,202.8500,-0.8800
1785392909.835259,8611,8611,2880,2448,202.8500,-0.8800
1785392909.860918,8555,8687,2795,2467,202.8500,-0.8800
1785392909.886277,8565,8640,2936,2383,200.1500,-0.8800
1785392909.911734,8574,8677,2824,2477,200.1500,-0.8800
1785392909.936842,8574,8668,2824,2401,202.8500,-0.8800
1785392909.962385,8583,8687,2870,2401,202.8500,-0.8800
1785392909.988027,8602,8677,2833,2467,200.1500,-0.8800
1785392910.012946,8565,8696,2880,2364,200.1500,-0.8800
1785392910.037900,8536,8649,2833,2420,202.8500,-0.9400
1785392910.062888,8536,8687,2861,2439,202.8500,-0.9400
1785392910.088177,8565,8677,2983,2392,200.1500,-1.0000
1785392910.114086,8611,8696,2880,2401,200.1500,-1.0000
1785392910.139208,8565,8724,2899,2373,200.1500,-1.0000
1785392910.163955,8555,8687,2880,2373,200.1500,-1.0000
1785392910.190833,8546,8743,2936,2458,200.1500,-1.0000
1785392910.215434,8555,8733,2992,2448,200.1500,-1.0000
1785392910.240758,8555,8715,3011,2392,200.1500,-1.0600
1785392910.266016,8536,8687,2917,2411,200.1500,-1.0600
1785392910.290851,8565,8762,2992,2392,200.1500,-1.0600
1785392910.316065,8546,8724,2964,2355,200.1500,-1.0600
1785392910.342074,8583,8752,2992,2392,202.8500,-1.0600
1785392910.368433,8508,8733,2908,2392,202.8500,-1.0600
1785392910.392035,8555,8762,2927,2364,197.4400,-1.1200
1785392910.417869,8555,8762,2917,2392,197.4400,-1.1200
1785392910.443956,8499,8743,2899,2420,200.1500,-1.1200
1785392910.468945,8527,8827,2917,2383,200.1500,-1.1200
1785392910.494359,8555,8715,2955,2392,197.4400,-1.1900
1785392910.518570,8546,8715,2974,2411,197.4400,-1.1900
1785392910.543715,8574,8818,3002,2401,200.1500,-1.1900
1785392910.569472,8565,8752,2946,2411,200.1500,-1.1900
1785392910.595191,8471,8733,3049,2383,197.4400,-1.3100
1785392910.620544,8565,8799,2983,2392,197.4400,-1.3100
1785392910.645515,8565,8818,2964,2336,197.4400,-1.3700
1785392910.672430,8583,8818,2955,2467,197.4400,-1.3700
1785392910.696326,8565,8762,2974,2373,197.4400,-1.4400
1785392910.721612,8536,8762,3011,2411,197.4400,-1.4400
1785392910.747760,8574,8874,2955,2336,200.1500,-1.5000
1785392910.771829,8527,8808,2992,2345,200.1500,-1.5000
1785392910.798141,8527,8874,2992,2373,190.9200,-1.5000
1785392910.823479,8546,8799,3021,2401,190.9200,-1.5000
1785392910.848415,8546,8827,3049,2317,194.7400,-1.3700
1785392910.873072,8536,8752,3049,2373,194.7400,-1.3700
1785392910.899674,8536,8827,3049,2326,194.7400,-1.3700
1785392910.924580,8536,8790,3011,2298,194.7400,-1.3700
1785392910.949523,8583,8790,3011,2373,198.7100,-1.3100
1785392910.975271,8518,8818,3011,2364,198.7100,-1.3100
1785392910.999936,8546,8818,3086,2317,190.9200,-1.3100
1785392911.025785,8527,8837,3096,2298,190.9200,-1.3100
1785392911.051368,8565,8818,3086,2383,197.4400,-1.3100
1785392911.075964,8527,8790,3021,2261,197.4400,-1.3100
1785392911.100918,8555,8799,3011,2317,197.4400,-1.3700
1785392911.127271,8555,8827,3086,2336,197.4400,-1.3700
1785392911.152094,8518,8846,3021,2355,197.4400,-1.3700
1785392911.178240,8536,8827,3096,2336,197.4400,-1.3700
1785392911.203231,8536,8865,3171,2392,194.7400,-1.4400
1785392911.228941,8536,8837,3086,2411,200.1500,-1.4400
1785392911.253943,8536,8874,3133,2448,200.1500,-1.4400
1785392911.279647,8536,8855,3143,2486,200.1500,-1.4400
1785392911.304557,8546,8855,3058,2430,197.4400,-1.4400
1785392911.328903,8480,8846,3105,2467,197.4400,-1.4400
1785392911.355690,8527,8865,3133,2439,194.7400,-1.3700
1785392911.380541,8527,8855,3180,2514,195.9500,-1.3700
1785392911.405506,8527,8884,3161,2439,195.9500,-1.3700
1785392911.430830,8490,8893,3105,2420,195.9500,-1.3700
1785392911.455874,8499,8846,3105,2486,193.5700,-1.3100
1785392911.481079,8480,8846,3218,2458,194.7400,-1.2500
1785392911.507194,8499,8884,3218,2401,194.7400,-1.2500
1785392911.533416,8508,8884,3171,2411,194.7400,-1.2500
1785392911.557435,8508,8921,3171,2383,192.0300,-1.2500
1785392911.585491,8508,8902,3199,2411,197.4400,-1.1900
1785392911.608692,8583,8893,3218,2411,197.4400,-1.1900
1785392911.635852,8555,8893,3264,2401,194.7400,-1.2500
1785392911.658860,8499,8846,3171,2345,194.7400,-1.2500
1785392911.687181,8480,8893,3124,2251,194.7400,-1.3700
1785392911.709624,8518,8855,3161,2373,194.7400,-1.3700
1785392911.737415,8518,8855,3105,2214,197.4400,-1.4400
1785392911.760489,8508,8902,3180,2308,197.4400,-1.4400
1785392911.787253,8508,8893,3293,2326,194.7400,-1.5000
1785392911.809912,8508,8846,3199,2467,194.7400,-1.5000
1785392911.836471,8508,8949,3246,2251,194.7400,-1.5000
1785392911.861484,8508,8893,3349,2467,194.7400,-1.5000
1785392911.886514,8499,8893,3199,2148,194.7400,-1.4400
1785392911.913943,8536,8968,3283,2401,194.7400,-1.4400
1785392911.937536,8705,8921,3199,2355,194.7400,-1.3700
1785392911.962281,8555,8949,3208,2251,194.7400,-1.3700
1785392911.988040,8546,8930,3255,2251,194.7400,-1.3100
1785392912.012987,8518,8893,3255,2326,194.7400,-1.3100
1785392912.039508,8555,8930,3358,2223,192.0300,-1.3100
1785392912.064603,8555,8874,3255,2364,192.0300,-1.3100
1785392912.089777,8574,8921,3189,2186,189.3300,-1.3700
1785392912.114397,8574,8893,3311,2101,189.3300,-1.3700
1785392912.140290,8555,8912,3311,2129,194.7400,-1.3700
1785392912.166309,8555,8921,3293,2036,194.7400,-1.3700
1785392912.190920,8555,8930,3264,2045,189.3300,-1.4400
1785392912.216249,8518,8949,3283,2073,189.3300,-1.4400
1785392912.240848,8527,8893,3321,2007,186.6200,-1.4400
1785392912.266495,8565,8921,3274,2054,186.6200,-1.4400
1785392912.292264,8536,8949,3283,2007,189.3300,-1.4400
1785392912.316774,8565,8893,3311,2054,189.3300,-1.4400
1785392912.341691,8555,8884,3302,2017,186.6200,-1.3700
1785392912.368125,8574,8884,3264,2007,186.6200,-1.3700
1785392912.393165,8565,8874,3321,2036,192.0300,-1.3700
1785392912.418118,8508,8940,3340,1970,192.0300,-1.3700
1785392912.444225,8574,8884,3302,1961,189.3300,-1.4400
1785392912.469273,8546,8902,3311,2007,189.3300,-1.4400
1785392912.494821,8555,8893,3330,2045,192.0300,-1.4400
1785392912.520577,8555,8912,3340,1979,192.0300,-1.4400
1785392912.545793,8546,8855,3311,1970,192.0300,-1.4400
1785392912.570865,8602,8912,3377,1886,192.0300,-1.4400
1785392912.597155,8602,8959,3311,1867,190.9200,-1.4400
1785392912.621937,8536,8968,3405,1886,190.9200,-1.4400
1785392912.646786,8499,8893,3405,1839,187.6700,-1.4400
1785392912.671649,8499,8837,3358,1923,187.6700,-1.4400
1785392912.696521,8490,8874,3330,1867,186.6200,-1.5000
1785392912.721428,8499,8940,3340,1820,186.6200,-1.5000
1785392912.747370,8527,8865,3368,1914,186.6200,-1.5000
1785392912.774009,8527,8874,3340,1961,186.6200,-1.5000
1785392912.799083,8480,8874,3377,1923,189.3300,-1.5000
1785392912.823735,8499,8874,3405,1895,189.3300,-1.5000
1785392912.849526,8471,8884,3386,1951,183.9200,-1.5000
1785392912.874587,8471,8874,3396,1942,183.9200,-1.5000
1785392912.899559,8471,8874,3415,1970,181.2100,-1.5000
1785392912.924972,8508,8865,3424,1970,181.2100,-1.5000
1785392912.950069,8518,8865,3461,1942,178.5100,-1.5000
1785392912.975169,8443,8808,3415,1970,178.5100,-1.5000
1785392913.001072,8443,8865,3396,1923,181.2100,-1.5000
1785392913.025896,8443,8865,3490,1970,181.2100,-1.5000
1785392913.051380,8490,8837,3443,1970,177.6600,-1.5000
1785392913.077882,8443,8874,3443,1970,177.6600,-1.5000
1785392913.103954,8452,8874,3480,1998,182.1500,-1.5600
1785392913.127754,8499,8837,3471,1932,182.1500,-1.5600
1785392913.153220,8499,8780,3480,1979,169.7100,-1.5600
1785392913.178131,8471,8837,3508,1961,170.4000,-1.5000
1785392913.203987,8499,8837,3490,1951,170.4000,-1.5000
1785392913.229314,8490,8837,3508,1942,170.4000,-1.5000
1785392913.255204,8452,8855,3499,2007,167.6900,-1.5600
1785392913.278903,8452,8827,3527,1932,167.6900,-1.5600
1785392913.305816,8480,8799,3555,1961,171.1100,-1.5000
1785392913.330750,8499,8808,3508,1951,164.9900,-1.5600
1785392913.356042,8443,8827,3565,2007,164.9900,-1.5600
1785392913.380925,8471,8846,3527,2045,164.9900,-1.5600
1785392913.406665,8471,8818,3583,2017,156.4500,-1.5600
1785392913.433261,8480,8808,3499,1961,162.8300,-1.5600
1785392913.458886,8490,8855,3612,1998,162.8300,-1.5600
1785392913.485021,8490,8846,3555,2007,153.8000,-1.5000
1785392913.509568,8471,8855,3518,1979,153.8000,-1.5000
1785392913.536396,8471,8902,3546,1951,154.1700,-1.4400
1785392913.559616,8499,8902,3518,1979,154.1700,-1.4400
1785392913.587607,8490,8893,3593,1970,160.0700,-1.4400
1785392913.609435,8490,8846,3508,2045,160.0700,-1.4400
1785392913.637064,8490,8855,3471,1895,148.4900,-1.5000
1785392913.659847,8518,8865,3527,1923,148.4900,-1.5000
1785392913.687181,8518,8893,3583,1998,151.4600,-1.5600
1785392913.710015,8518,8818,3546,1998,151.4600,-1.5600
1785392913.736560,8424,8893,3555,1970,146.0500,-1.6200
1785392913.761040,8499,8921,3546,1914,146.0500,-1.6200
1785392913.786695,8499,8930,3537,1923,143.5100,-1.6200
1785392913.811343,8471,8902,3527,1970,143.5100,-1.6200
1785392913.836890,8490,8893,3658,1970,140.6400,-1.5600
1785392913.862347,8452,8902,3527,1970,140.6400,-1.5600
1785392913.887314,8490,8930,3602,1923,137.8900,-1.5600
1785392913.913903,8480,8949,3565,1942,137.8900,-1.5600
1785392913.938586,8480,8884,3602,1961,140.6400,-1.5000
1785392913.962905,8443,8912,3527,1914,140.6400,-1.5000
1785392913.989577,8518,8893,3555,1970,135.2300,-1.5000
1785392914.014801,8518,8912,3555,1923,135.2300,-1.5000
1785392914.039743,8424,8912,3583,1914,135.2300,-1.5000
1785392914.064948,8499,8959,3612,1904,135.2300,-1.5000
1785392914.089893,8536,8987,3621,1923,135.2300,-1.5600
1785392914.115586,8471,8930,3630,1886,135.2300,-1.5600
1785392914.141485,8499,8987,3565,1895,132.5300,-1.6200
1785392914.165955,8527,9005,3658,1942,132.5300,-1.6200
1785392914.190812,8527,8968,3583,1867,132.5300,-1.6200
1785392914.217465,8480,8940,3621,1951,132.5300,-1.6200
1785392914.243291,8527,8921,3649,1867,127.1200,-1.6900
1785392914.267974,8490,9034,3555,1895,127.1200,-1.6900
1785392914.293660,8518,8968,3649,1923,129.8300,-1.6200
1785392914.318131,8518,8912,3602,1904,129.8300,-1.6200
1785392914.343077,8424,9005,3612,1914,129.7100,-1.5600
1785392914.368046,8527,9015,3668,1904,129.7100,-1.5600
1785392914.394130,8490,9024,3630,1923,124.6300,-1.5600
1785392914.418786,8443,9024,3640,1904,124.6300,-1.5600
1785392914.443803,8452,8949,3612,1848,129.7100,-1.5600
1785392914.470225,8499,9034,3593,1942,129.7100,-1.5600
1785392914.495197,8499,8996,3630,1886,121.7100,-1.5600
1785392914.520511,8499,8921,3649,1951,121.7100,-1.5600
1785392914.546631,8461,8996,3677,1923,119.0100,-1.5600
1785392914.571770,8461,9034,3658,1961,119.0100,-1.5600
1785392914.596962,8452,9015,3668,1886,116.6700,-1.6200
1785392914.622228,8480,9081,3687,1932,116.6700,-1.6200
1785392914.647594,8480,9062,3630,1942,118.6800,-1.6200
1785392914.671885,8480,9081,3649,1914,118.6800,-1.6200
1785392914.698161,8480,9034,3668,1932,111.3700,-1.6200
1785392914.723059,8480,9034,3734,2026,111.3700,-1.6200
1785392914.748631,8461,9005,3630,1998,110.8900,-1.6900
1785392914.774755,8443,8977,3649,1951,110.8900,-1.6900
1785392914.800008,8480,9146,3715,1895,113.6000,-1.6200
1785392914.824556,8480,9099,3752,1979,113.6000,-1.6200
1785392914.850604,8452,9071,3668,1914,108.1900,-1.6900
1785392914.875442,8471,9062,3743,1998,108.1900,-1.6900
1785392914.900206,8461,9015,3687,2026,108.1900,-1.6900
1785392914.926000,8461,9024,3724,1895,108.1900,-1.6900
1785392914.951891,8480,9081,3715,1942,107.6400,-1.7500
1785392914.977271,8480,9099,3658,1932,107.6400,-1.7500
1785392915.002214,8443,9052,3640,1932,103.4100,-1.7500
1785392915.027954,8405,9081,3734,1979,103.4100,-1.7500
1785392915.053366,8461,9081,3630,1904,105.4800,-1.8100
1785392915.078247,8461,9127,3677,1914,105.4800,-1.8100
1785392915.103590,8443,9099,3677,1857,102.1200,-1.8100
1785392915.129459,8396,9118,3705,1886,100.7600,-1.7500
1785392915.154715,8396,9109,3687,1857,100.7600,-1.7500
1785392915.179404,8396,9062,3715,1848,100.7600,-1.7500
1785392915.203927,8452,9071,3734,1848,102.7800,-1.7500
1785392915.229394,8386,9081,3658,1923,102.7800,-1.7500
1785392915.255591,8499,9062,3734,1820,100.0700,-1.8100
1785392915.280671,8499,9043,3752,1839,96.6000,-1.8100
1785392915.305642,8499,9081,3743,1829,96.6000,-1.8100
1785392915.331102,8490,9081,3734,1876,96.6000,-1.8100
1785392915.356227,8508,9081,3715,1904,94.6600,-1.8100
1785392915.382005,8415,9081,3734,2007,90.1600,-1.8100
1785392915.407895,8480,9109,3724,1867,90.1600,-1.8100
1785392915.432914,8480,9081,3743,1932,91.9600,-1.8700
1785392915.456978,8452,9099,3724,1904,91.9600,-1.8700
1785392915.485969,8405,9118,3724,1848,91.0800,-1.8700
1785392915.508679,8499,9109,3771,1886,91.0800,-1.8700
1785392915.537169,8461,9090,3743,1876,87.5000,-1.9400
1785392915.558893,8405,9090,3715,1876,87.5000,-1.9400
1785392915.587292,8461,9146,3734,1876,86.5500,-2.0000
1785392915.610436,8508,9090,3724,1923,86.5500,-2.0000
1785392915.639181,8471,9109,3734,1914,89.2500,-2.0000
1785392915.660389,8415,9118,3790,1867,89.2500,-2.0000
1785392915.688068,8480,9127,3743,1942,83.8500,-2.0000
1785392915.711216,8480,9137,3771,1857,83.8500,-2.0000
1785392915.737085,8471,9127,3762,1867,85.5600,-1.9400
1785392915.761619,8508,9118,3771,1895,85.5600,-1.9400
1785392915.787495,8490,9118,3724,1886,82.2000,-1.8700
1785392915.811879,8443,9099,3743,1923,82.2000,-1.8700
1785392915.838592,8471,9109,3752,1876,83.8500,-1.8700
1785392915.863845,8499,9062,3780,1848,83.8500,-1.8700
1785392915.888926,8518,9118,3762,1839,83.8500,-1.8700
1785392915.913591,8480,9118,3818,1801,83.8500,-1.8700
1785392915.939965,8461,9090,3734,1801,81.1400,-1.8700
1785392915.964826,8490,9127,3687,1801,81.1400,-1.8700
1785392915.989211,8499,9099,3752,1773,83.8500,-1.8700
1785392916.014917,8471,9109,3771,1810,83.8500,-1.8700
1785392916.041569,8480,9052,3780,1773,81.1400,-1.9400
1785392916.064926,8480,9099,3743,1848,81.1400,-1.9400
1785392916.091134,8490,9118,3762,1792,75.7300,-1.9400
1785392916.115909,8471,9118,3855,1801,75.7300,-1.9400
1785392916.140834,8471,9127,3762,1745,81.1400,-2.0000
1785392916.167572,8499,9081,3837,1764,81.1400,-2.0000
1785392916.192328,8490,9118,3780,1764,75.7300,-2.0000
1785392916.217454,8480,9081,3780,1745,75.7300,-2.0000
1785392916.242789,8480,9081,3780,1735,75.7300,-1.9400
1785392916.267853,8480,9081,3809,1773,75.7300,-1.9400
1785392916.293905,8480,9127,3724,1745,68.9400,-1.9400
1785392916.319772,8518,9099,3799,1726,68.9400,-1.9400
1785392916.344091,8536,9127,3771,1745,77.2800,-1.9400
1785392916.368958,8508,9118,3790,1735,77.2800,-1.9400
1785392916.395437,8508,9127,3780,1745,77.2800,-1.9400
1785392916.420117,8499,9146,3790,1754,77.2800,-1.9400
1785392916.445099,8518,9184,3818,1735,77.2800,-1.9400
1785392916.470813,8508,9109,3846,1735,77.2800,-1.9400
1785392916.495838,8499,9118,3771,1717,77.2800,-1.9400
1785392916.521622,8508,9127,3874,1735,77.2800,-1.9400
1785392916.547647,8508,9099,3809,1735,77.2800,-1.9400
1785392916.572065,8565,9109,3818,1726,77.2800,-1.9400
1785392916.597873,8508,9146,3752,1764,77.2800,-1.9400
1785392916.623913,8508,9156,3771,1754,77.2800,-1.9400
1785392916.649094,8536,9099,3799,1773,77.2800,-1.9400
1785392916.674309,8536,9109,3780,1754,77.2800,-1.9400
1785392916.699017,8499,9184,3790,1764,5.3600,-1.8100
1785392916.724580,8499,9118,3696,1773,5.3600,-1.8100
1785392916.749770,8499,9174,3752,1754,8.1100,-3.4400
1785392916.775102,8508,9127,3743,1735,8.1100,-3.4400
1785392916.800096,8461,9090,3743,1679,5.4100,-6.6900
1785392916.825252,8415,9109,3734,1717,5.4100,-6.6900
1785392916.851125,8452,9071,3724,1717,8.1100,-10.6900
1785392916.876583,8396,9090,3734,1717,8.1100,-10.6900
1785392916.902264,8368,9043,3649,1726,0.0000,-15.6900
1785392916.926898,8293,9081,3668,1707,0.0000,-15.6900
1785392916.951754,8311,8987,3630,1698,8.1100,-21.0600
1785392916.977224,8339,9005,3602,1707,8.1100,-21.0600
1785392917.002542,8274,8996,3583,1735,-2.7000,-26.5600
1785392917.028623,8349,9043,3602,1689,-2.7000,-26.5600
1785392917.053885,8415,9052,3602,1670,2.7000,-32.1300
1785392917.078306,8424,9109,3593,1698,2.7000,-32.1300
1785392917.104097,8855,9127,3537,1670,0.0000,-37.5600
1785392917.129013,8630,9137,3546,1689,0.0000,-37.5600
1785392917.154318,8593,9165,3583,1754,-2.7000,-42.8800
1785392917.180249,8658,9081,3527,1717,-2.7000,-42.8800
1785392917.205599,8527,9137,3537,1698,0.0000,-48.0600
1785392917.230583,8508,9043,3555,1735,0.0000,-48.0600
1785392917.256196,8508,9156,3518,1735,0.0000,-53.0000
1785392917.280818,8518,9081,3546,1764,0.0000,-53.0000
1785392917.305752,8490,9071,3593,1773,-2.7000,-57.5600
1785392917.332724,8471,9146,3565,1745,-2.7000,-61.7500
1785392917.358123,8490,9052,3583,1820,-2.7000,-61.7500
1785392917.382427,8433,9081,3593,1764,-2.7000,-61.7500
1785392917.408423,8433,9062,3640,1801,0.0000,-65.5600
1785392917.433078,8471,9127,3593,1820,0.0000,-69.1200
1785392917.459291,8452,9081,3565,1801,0.0000,-69.1200
1785392917.484176,8386,9090,3583,1782,0.0000,-69.1200
1785392917.509466,8415,9193,3593,1810,2.7000,-72.1900
1785392917.535956,8386,9081,3574,1773,2.7000,-74.8700
1785392917.560208,8415,9052,3574,1820,2.7000,-74.8700
1785392917.587493,8386,8996,3593,1810,2.7000,-77.2500
1785392917.610322,8452,9024,3602,1839,2.7000,-77.2500
1785392917.637186,8471,9034,3602,1792,2.7000,-79.5000
1785392917.661463,8424,9015,3574,1820,2.7000,-79.5000
1785392917.688031,8396,9052,3593,1848,2.7000,-81.6200
1785392917.712592,8396,9005,3593,1820,2.7000,-81.6200
1785392917.740039,8490,8996,3574,1820,2.7000,-83.6200
1785392917.762771,8480,8968,3574,1782,2.7000,-83.6200
1785392917.790541,8499,8977,3593,1773,2.7000,-85.4400
1785392917.813112,8443,8996,3574,1801,2.7000,-85.4400
1785392917.838857,8452,8959,3565,1820,2.7000,-87.1200
1785392917.863387,8490,8968,3555,1810,2.7000,-87.1200
1785392917.888468,8527,8959,3546,1773,2.7000,-87.1200
1785392917.914078,8499,8930,3574,1801,2.7000,-87.1200
1785392917.939880,8499,8940,3574,1782,2.7000,-87.1200
1785392917.964711,8499,8977,3574,1801,2.7000,-87.1200
1785392917.990618,8480,8987,3537,1810,2.7000,-87.1200
1785392918.016286,8490,8996,3565,1726,2.7000,-87.1200
1785392918.041429,8499,8977,3537,1726,2.7000,-87.1200
1785392918.066026,8499,9005,3555,1792,2.7000,-87.1200
1785392918.091681,8443,8968,3537,1839,2.7000,-87.1200
1785392918.116929,8471,9043,3612,1810,2.7000,-87.1200
1785392918.142052,8508,8959,3565,1810,2.7000,-87.1200
1785392918.168079,8527,9034,3555,1773,2.7000,-87.1200
1785392918.192833,8499,9024,3555,1792,2.7000,-87.1200
1785392918.217837,8461,8949,3574,1829,2.7000,-87.1200
1785392918.244396,8443,8977,3583,1792,2.0800,-89.9400
1785392918.269394,8490,8987,3574,1848,2.0800,-89.9400
1785392918.294292,8452,8987,3546,1810,56.8000,-90.2500
1785392918.320745,8480,8987,3527,1810,56.8000,-90.2500
1785392918.345885,8424,8987,3527,1801,59.5000,-90.0000
1785392918.370447,8433,8959,3574,1810,59.5000,-90.0000
1785392918.395551,8480,8977,3546,1848,74.2500,-89.9400
1785392918.421821,8480,8977,3621,1848,74.2500,-89.9400
1785392918.445643,8424,8959,3537,1801,74.5200,-90.1900
1785392918.471325,8405,8949,3527,1782,74.5200,-90.1900
1785392918.497196,8452,8968,3518,1829,79.5500,-90.3100
1785392918.522402,8452,8949,3546,1829,79.5500,-90.3100
1785392918.546642,8499,8949,3537,1801,75.7300,-90.3700
1785392918.573573,8405,8968,3537,1810,82.8000,-90.3100
1785392918.598503,8424,8996,3565,1820,82.8000,-90.3100
1785392918.623458,8396,8977,3546,1773,81.1400,-90.3100
1785392918.648700,8415,8987,3518,1810,81.1400,-90.3100
1785392918.674681,8490,8987,3555,1810,86.5500,-90.3100
1785392918.698842,8555,9062,3527,1820,86.5500,-90.3100
1785392918.724907,8349,8977,3527,1792,83.8500,-90.2500
1785392918.749730,8471,8977,3518,1829,83.8500,-90.2500
1785392918.775226,8424,8977,3555,1782,83.8500,-90.2500
1785392918.801401,8424,9015,3537,1810,84.8500,-90.1900
1785392918.827757,8433,8996,3602,1764,88.3200,-90.1900
1785392918.850873,8433,8968,3518,1810,88.3200,-90.1900
1785392918.880798,8452,8977,3583,1810,84.8500,-90.2500
1785392918.901744,8452,8987,3583,1773,84.8500,-90.2500
1785392918.929740,8490,8968,3583,1839,93.8400,-90.1900
1785392918.953472,8452,8940,3537,1839,93.8400,-90.1900
1785392918.981093,8405,8912,3527,1829,91.9600,-90.2500
1785392919.003219,8349,8921,3555,1810,91.9600,-90.2500
1785392919.031592,8358,8949,3546,1848,91.9600,-90.3100
1785392919.054170,8368,8930,3565,1829,91.9600,-90.3100
1785392919.082348,8386,8940,3555,1857,92.8100,-90.3700
1785392919.104710,8396,8921,3518,1886,92.8100,-90.3700
1785392919.131067,8386,8930,3527,1848,96.6000,-90.4400
1785392919.155518,8368,8874,3546,1848,96.6000,-90.4400
1785392919.181240,8386,8921,3565,1876,94.6600,-90.5000
1785392919.206191,8386,8921,3555,1876,94.6600,-90.5000
1785392919.230639,8386,8921,3546,1820,94.6600,-90.5000
1785392919.257137,8311,8912,3527,1886,94.6600,-90.5000
1785392919.282320,8386,8940,3527,1895,97.3700,-90.4400
1785392919.307595,8396,8940,3565,1886,97.3700,-90.4400
1785392919.332614,8368,8912,3546,1876,97.3700,-90.4400
1785392919.358145,8368,8874,3546,1839,97.3700,-90.4400
1785392919.382689,8330,8949,3527,1857,90.1600,-90.5600
1785392919.408967,8330,8893,3555,1848,90.1600,-90.5600
1785392919.434215,8321,8893,3508,1848,93.8400,-90.7500
1785392919.459182,8293,8921,3518,1876,93.8400,-90.7500
1785392919.485959,8264,8949,3537,1886,94.6600,-90.8100
1785392919.510513,8264,8865,3537,1914,94.6600,-90.8100
1785392919.535359,8236,8893,3565,1942,100.0700,-90.8700
1785392919.560712,8293,8893,3537,1904,100.0700,-90.8700
1785392919.587251,8264,8837,3565,1895,94.6600,-90.9400
1785392919.612428,8349,8921,3555,1857,94.6600,-90.9400
1785392919.636578,8321,8893,3565,1839,97.3700,-90.9400
1785392919.661858,8255,8902,3555,1886,97.3700,-90.9400
1785392919.686660,8311,8884,3593,1876,97.3700,-90.9400
1785392919.712628,8358,8874,3583,1848,97.3700,-90.9400
1785392919.738467,8349,8893,3555,1876,102.7800,-91.0000
1785392919.763211,8264,8846,3574,1904,102.7800,-91.0000
1785392919.788575,8246,8827,3565,1792,100.0700,-91.0000
1785392919.813635,8218,8865,3574,1951,100.0700,-91.0000
1785392919.839894,8264,8884,3555,1829,106.0700,-91.0600
1785392919.865535,8293,8846,3574,1886,106.0700,-91.0600
1785392919.890822,8274,8855,3555,1857,107.6400,-91.0600
1785392919.914658,8302,8818,3518,1886,107.6400,-91.0600
1785392919.939619,8339,8884,3555,1895,105.4800,-91.1900
1785392919.966139,8246,8790,3565,1857,105.4800,-91.1900
1785392919.991253,8330,8865,3537,1726,106.0700,-91.3100
1785392920.016346,8283,8808,3546,1876,106.0700,-91.3100
1785392920.042724,8293,8874,3583,1792,102.1200,-91.3100
1785392920.067554,8236,8827,3518,1829,102.1200,-91.3100
1785392920.092630,8246,8837,3555,1810,105.4800,-91.5600
1785392920.118272,8236,8818,3537,1867,105.4800,-91.5600
1785392920.142884,8189,8837,3583,1876,100.0700,-91.6200
1785392920.168057,8227,8808,3555,1848,100.0700,-91.6200
1785392920.194372,8218,8808,3574,1904,103.4100,-91.6200
1785392920.219621,8246,8799,3574,1801,103.4100,-91.6200
1785392920.244474,8208,8818,3565,1801,102.1200,-91.5600
1785392920.270665,8218,8818,3555,1810,105.4800,-91.5000
1785392920.295424,8171,8808,3537,1820,105.4800,-91.5000
1785392920.320239,8227,8752,3593,1867,105.4800,-91.5000
1785392920.346250,8180,8827,3602,1848,108.1900,-91.5000
1785392920.370163,8255,8780,3583,1810,108.1900,-91.5000
1785392920.395832,8227,8837,3574,1867,110.8900,-91.3700
1785392920.421507,8236,8827,3593,1857,110.8900,-91.3100
1785392920.446754,8208,8808,3583,1801,110.8900,-91.3100
1785392920.471803,8236,8799,3574,1829,110.8900,-91.3100
1785392920.497506,8189,8846,3555,1839,108.7200,-91.2500
1785392920.522780,8105,8790,3555,1848,115.9200,-91.2500
1785392920.548344,8114,8780,3565,1829,115.9200,-91.2500
1785392920.574323,8124,8762,3546,1839,115.9200,-91.2500
1785392920.599927,8161,8808,3537,1820,111.3700,-91.1900
1785392920.624906,8152,8752,3546,1848,118.6800,-91.2500
1785392920.649939,8058,8827,3508,1810,118.6800,-91.2500
1785392920.675838,8086,8818,3546,1810,124.4200,-91.2500
1785392920.701275,8180,8818,3527,1820,124.4200,-91.2500
1785392920.728455,8133,8780,3555,1848,119.0100,-91.1900
1785392920.750637,8096,8762,3593,1857,119.0100,-91.1900
1785392920.777667,8124,8762,3555,1867,119.0100,-91.2500
1785392920.801703,8180,8808,3555,1904,119.0100,-91.2500
1785392920.830120,8218,8790,3593,1867,124.4200,-91.3100
1785392920.851521,8142,8762,3612,1876,124.4200,-91.3100
1785392920.881014,8124,8799,3574,1867,124.4200,-91.3700
1785392920.903194,8086,8752,3593,1895,124.4200,-91.3700
1785392920.930805,8105,8771,3565,1895,124.4200,-91.5000
1785392920.953559,8142,8743,3555,1904,124.4200,-91.5000
1785392920.981090,8142,8771,3565,1867,121.9800,-91.5600
1785392921.003891,8142,8715,3612,1904,121.9800,-91.5600
1785392921.030154,8161,8762,3602,1904,126.9500,-91.6200
1785392921.054857,8086,8724,3574,1932,126.9500,-91.6200
1785392921.081501,8142,8733,3602,1914,124.6300,-91.6200
1785392921.105081,8161,8733,3574,1848,124.6300,-91.6200
1785392921.131114,8142,8752,3602,1810,129.7100,-91.6200
1785392921.156152,8114,8724,3583,1839,129.7100,-91.6200
1785392921.181144,8049,8743,3574,1876,124.4200,-91.6200
1785392921.207703,8171,8715,3574,1857,124.4200,-91.6200
1785392921.232682,8086,8733,3546,1914,124.6300,-91.5600
1785392921.257935,8058,8733,3537,1829,124.6300,-91.5600
1785392921.282338,8096,8705,3565,1857,132.4700,-91.5000
1785392921.307585,8180,8668,3583,1895,132.4700,-91.5000
1785392921.333193,8114,8687,3574,1886,129.8300,-91.4400
1785392921.359398,8067,8696,3555,1923,129.8300,-91.4400
1785392921.384956,8096,8733,3574,1895,132.5800,-91.3700
1785392921.409767,8077,8687,3537,1904,132.5800,-91.3700
1785392921.436160,8067,8677,3555,1876,135.2300,-91.3100
1785392921.459427,8086,8696,3555,1979,135.2300,-91.3100
1785392921.484338,8096,8733,3612,1876,132.5800,-91.2500
1785392921.510122,8077,8658,3574,1876,132.5800,-91.2500
1785392921.535153,8039,8696,3612,1942,135.2300,-91.1900
1785392921.560627,8030,8668,3593,1942,135.2300,-91.1900
1785392921.587560,8039,8687,3593,1923,137.8900,-91.1200
1785392921.612137,8067,8658,3593,1932,137.8900,-91.1200
1785392921.637130,8077,8677,3630,1970,143.5100,-91.1200
1785392921.663306,8077,8621,3574,1904,143.5100,-91.1200
1785392921.688713,8049,8621,3574,1895,148.7600,-91.1200
1785392921.713983,8086,8640,3537,1886,148.7600,-91.1200
1785392921.739055,8039,8630,3565,1886,146.0500,-91.1900
1785392921.765054,8086,8621,3565,1951,146.0500,-91.1900
1785392921.789856,8030,8677,3537,1942,145.8400,-91.2500
1785392921.815345,8021,8611,3555,1876,145.8400,-91.2500
1785392921.840576,7983,8640,3508,1942,151.4600,-91.3100
1785392921.864654,7974,8696,3583,1914,151.4600,-91.3100
1785392921.891547,7992,8621,3583,1904,149.0300,-91.3100
1785392921.916427,8039,8611,3583,1970,149.0300,-91.3100
1785392921.941353,8011,8640,3565,2007,151.4600,-91.2500
1785392921.967012,8058,8583,3640,1961,151.4600,-91.2500
1785392921.991585,8058,8593,3602,1951,151.1400,-91.2500
1785392922.017270,8002,8583,3640,1923,151.1400,-91.2500
1785392922.043507,7964,8593,3612,1951,154.5500,-91.1900
1785392922.068878,7945,8593,3621,1932,154.5500,-91.1900
1785392922.093466,7983,8593,3668,1998,156.8700,-91.1900
1785392922.119733,7936,8630,3537,1951,156.8700,-91.1900
1785392922.144416,7964,8621,3602,1970,151.4600,-91.1200
1785392922.169692,7983,8602,3537,1998,151.4600,-91.1200
1785392922.195057,7983,8546,3574,1998,156.4500,-91.1900
1785392922.220287,7964,8546,3546,1989,160.0700,-91.1900
1785392922.246596,7917,8527,3565,2007,160.0700,-91.1900
1785392922.270617,7917,8536,3593,1961,160.0700,-91.1900
1785392922.296153,7983,8583,3602,1961,162.2800,-91.1900
1785392922.321339,7936,8593,3555,1942,162.2800,-91.1900
1785392922.348003,7927,8518,3527,1979,162.2800,-91.3100
1785392922.372590,7927,8555,3546,1942,161.7500,-91.3100
1785392922.397301,7861,8499,3537,1961,161.7500,-91.3100
1785392922.422287,7908,8536,3583,1989,161.7500,-91.3100
1785392922.448068,7974,8527,3583,1989,165.5900,-91.3100
1785392922.473220,7945,8490,3574,1970,173.1000,-91.3700
1785392922.498364,7936,8499,3621,1998,173.1000,-91.3700
1785392922.523953,7917,8527,3612,1970,170.4000,-91.3700
1785392922.548943,7899,8508,3612,1970,170.4000,-91.3700
1785392922.574643,7899,8471,3537,1998,175.8000,-91.3100
1785392922.600109,7889,8518,3593,2017,175.8000,-91.3100
1785392922.627162,7880,8461,3574,2036,173.1000,-91.2500
1785392922.650249,7917,8480,3574,1989,173.1000,-91.2500
1785392922.678530,7899,8480,3649,1951,172.3600,-91.1200
1785392922.701197,7861,8480,3593,2017,172.3600,-91.1200
1785392922.729297,7861,8461,3658,2036,179.3900,-91.0600
1785392922.752281,7870,8490,3546,2007,179.3900,-91.0600
1785392922.780225,7861,8461,3555,2045,181.2100,-91.0600
1785392922.802394,7889,8490,3574,1998,181.2100,-91.0600
1785392922.831040,7861,8443,3621,1989,178.5100,-91.0000
1785392922.853738,7880,8443,3602,1970,178.5100,-91.0000
1785392922.881648,7908,8452,3574,2007,177.6600,-90.9400
1785392922.903799,7908,8461,3640,2026,177.6600,-90.9400
1785392922.931819,7852,8415,3583,1998,183.9200,-90.8700
1785392922.954060,7889,8452,3649,2017,183.9200,-90.8700
1785392922.980158,7824,8424,3593,2017,187.6700,-90.8700
1785392923.005233,7805,8461,3630,2036,187.6700,-90.8700
1785392923.031269,7889,8443,3574,2073,180.3100,-90.8700
1785392923.056497,7842,8433,3621,2054,180.3100,-90.8700
1785392923.081114,7833,8405,3574,2064,193.1900,-90.8100
1785392923.105941,7833,8461,3593,2026,193.1900,-90.8100
1785392923.131358,7795,8424,3593,2092,183.9200,-90.8100
1785392923.157317,7805,8405,3602,2054,183.9200,-90.8100
1785392923.182696,7852,8396,3593,2017,185.6200,-90.8700
1785392923.208295,7870,8424,3630,2017,185.6200,-90.8700
1785392923.233470,7861,8405,3583,2064,192.0300,-90.8700
1785392923.258798,7786,8480,3630,2073,192.0300,-90.8700
1785392923.283066,7777,8452,3602,2111,198.7100,-90.8700
1785392923.309554,7758,8415,3687,2073,198.7100,-90.8700
1785392923.334346,7833,8321,3612,2120,194.7400,-90.9400
1785392923.359364,7777,8358,3630,2073,194.7400,-90.9400
1785392923.385122,7767,8349,3621,2073,193.5700,-90.9400
1785392923.410822,7786,8358,3630,2101,193.5700,-90.9400
1785392923.435263,7739,8302,3593,2139,197.4400,-90.9400
1785392923.460619,7795,8358,3668,2129,197.4400,-90.9400
1785392923.486740,7758,8330,3658,2111,201.4700,-90.8700
1785392923.512220,7786,8330,3658,2158,201.4700,-90.8700
1785392923.537046,7748,8311,3593,2195,200.1500,-90.8700
1785392923.561928,7767,8349,3668,2092,200.1500,-90.8700
1785392923.587240,7748,8330,3677,2167,200.1500,-90.8100
1785392923.614344,7739,8293,3630,2167,200.1500,-90.8100
1785392923.638479,7711,8330,3668,2158,202.8500,-90.8700
1785392923.663769,7777,8349,3687,2223,202.8500,-90.8700
1785392923.688883,7711,8293,3630,2167,196.2200,-90.8700
1785392923.714762,7842,8311,3705,2204,196.2200,-90.8700
1785392923.739316,7711,8283,3658,2176,204.2300,-90.9400
1785392923.765396,7655,8264,3658,2195,204.2300,-90.9400
1785392923.789643,7739,8236,3687,2251,197.4400,-90.9400
1785392923.814678,7702,8274,3677,2195,197.4400,-90.9400
1785392923.840919,7720,8274,3715,2186,193.5700,-90.9400
1785392923.866064,7627,8264,3687,2204,193.5700,-90.9400
1785392923.891907,7617,8302,3649,2242,198.7100,-90.8700
1785392923.916877,7711,8293,3649,2308,198.7100,-90.8700
1785392923.941971,7636,8283,3687,2270,194.7400,-90.8100
1785392923.968139,7720,8255,3696,2167,194.7400,-90.8100
1785392923.992828,7655,8255,3658,2542,192.0300,-90.7500
1785392924.017739,7692,8246,3649,2308,192.0300,-90.7500
1785392924.042686,7627,8199,3649,2467,197.4400,-90.6200
1785392924.068581,7655,8208,3687,2167,197.4400,-90.6200
1785392924.094184,7627,8274,3687,2448,193.5700,-90.6200
1785392924.119276,7617,8283,3687,2383,193.5700,-90.6200
1785392924.144792,7627,8227,3649,2326,201.4700,-90.5600
1785392924.170941,7608,8227,3677,2326,197.4400,-90.5000
1785392924.196122,7598,8171,3687,2420,197.4400,-90.5000
1785392924.221580,7608,8189,3734,2514,197.4400,-90.5000
1785392924.246090,7570,8171,3743,2289,197.4400,-90.5000
1785392924.271890,7570,8189,3677,2617,197.4400,-90.5000
1785392924.297362,7561,8218,3790,2336,193.5700,-90.5000
1785392924.321304,7561,8189,3715,2345,193.5700,-90.5000
1785392924.346945,7617,8180,3696,2383,198.7100,-90.4400
1785392924.372243,7570,8161,3780,2270,198.7100,-90.4400
1785392924.399760,7589,8105,3743,2486,190.9200,-90.4400
1785392924.423955,7458,8124,3724,2280,198.7100,-90.4400
1785392924.449069,7523,8171,3734,2786,198.7100,-90.4400
1785392924.473978,7542,8086,3771,2467,194.7400,-90.3700
1785392924.498602,7505,8171,3715,2448,194.7400,-90.3700
1785392924.523649,7551,8152,3752,2401,194.7400,-90.3700
1785392924.550256,7551,8058,3743,2758,194.7400,-90.3100
1785392924.577378,7542,8067,3743,2795,200.1500,-90.3100
1785392924.600483,7495,8105,3715,2514,200.1500,-90.3100
1785392924.629132,7514,8124,3743,2214,194.7400,-90.3700
1785392924.652025,7505,8124,3705,2280,194.7400,-90.3700
1785392924.679758,7589,8096,3752,2495,200.1500,-90.4400
1785392924.702132,7467,8049,3696,2505,200.1500,-90.4400
1785392924.729740,7458,8105,3743,2636,197.4400,-90.5000
1785392924.752996,7486,8105,3752,2514,197.4400,-90.5000
1785392924.780424,7458,8133,3705,2514,196.2200,-90.5000
1785392924.803718,7401,8086,3705,2289,196.2200,-90.5000
1785392924.831077,7486,8086,3743,2270,194.7400,-90.5000
1785392924.854761,7467,8096,3771,2777,194.7400,-90.5000
1785392924.880780,7448,8142,3715,2289,200.1500,-90.4400
1785392924.905067,7411,8105,3715,2270,200.1500,-90.4400
1785392924.930056,7448,8021,3752,2214,201.4700,-90.3700
1785392924.955761,7420,8049,3668,2542,201.4700,-90.3700
1785392924.981179,7430,8124,3752,2392,197.4400,-90.3700
1785392925.006552,7420,8077,3752,2251,197.4400,-90.3700
1785392925.031911,7373,8039,3734,2223,194.7400,-90.3100
1785392925.056043,7458,8086,3705,2317,194.7400,-90.3100
1785392925.081572,7401,8152,3762,2542,196.2200,-90.3100
1785392925.107159,7439,8096,3809,2870,196.2200,-90.3100
1785392925.132657,7383,8030,3734,2870,193.1900,-90.2500
1785392925.158081,7411,8058,3780,2824,193.1900,-90.2500
1785392925.182713,7392,8105,3724,2336,190.9200,-90.2500
1785392925.207901,7373,8002,3743,2326,190.9200,-90.2500
1785392925.235025,7354,7992,3780,2326,198.7100,-90.3100
1785392925.260061,7317,8021,3809,2627,198.7100,-90.3100
1785392925.284362,7439,8039,3780,2702,192.0300,-90.3700
1785392925.309823,7383,8058,3780,2598,192.0300,-90.3700
1785392925.334866,7354,7974,3771,2326,189.3300,-90.5000
1785392925.360971,7326,8049,3762,2664,189.3300,-90.5000
1785392925.387059,7345,8039,3837,2889,192.0300,-90.6200
1785392925.410636,7336,7974,3827,2345,192.0300,-90.6200
1785392925.435770,7345,8030,3790,2645,192.0300,-90.8100
1785392925.462000,7298,8039,3865,2674,192.0300,-90.8100
1785392925.486889,7298,8011,3780,2908,194.7400,-91.0000
1785392925.512085,7289,7964,3790,2917,194.7400,-91.0000
1785392925.537622,7326,7983,3827,2927,192.0300,-91.1900
1785392925.563923,7270,8011,3837,2720,192.0300,-91.1900
1785392925.588253,7317,7974,3818,2636,197.4400,-91.3100
1785392925.613781,7326,7964,3818,2627,197.4400,-91.3100
1785392925.639216,7279,7899,3884,2917,189.3300,-91.3700
1785392925.664714,7354,7974,3799,2870,189.3300,-91.3700
1785392925.690412,7289,7945,3809,2702,194.7400,-91.3700
1785392925.715169,7317,7955,3865,2655,194.7400,-91.3700
1785392925.740289,7289,7974,3790,2852,186.6200,-91.4400
1785392925.764656,7251,7927,3827,2908,186.6200,-91.4400
1785392925.791233,7279,7945,3855,2946,194.7400,-91.5000
1785392925.816246,7242,7983,3846,2917,194.7400,-91.5000
1785392925.841069,7223,7983,3799,2842,186.6200,-91.5000
1785392925.866930,7317,7955,3790,2946,186.6200,-91.5000
1785392925.891962,7317,7917,3818,2889,182.9600,-91.5000
1785392925.917731,7270,7927,3799,2908,182.9600,-91.5000
1785392925.942671,7242,7917,3809,2683,184.9100,-91.4400
1785392925.968043,7186,7927,3827,2899,184.9100,-91.4400
1785392925.993329,7242,7936,3790,2692,182.9600,-91.3100
1785392926.019825,7261,7870,3846,2683,190.4300,-91.2500
1785392926.045033,7214,7955,3874,2861,190.4300,-91.2500
1785392926.069791,7186,7917,3818,2927,190.4300,-91.2500
1785392926.094861,7195,7861,3809,2946,182.9600,-91.1200
1785392926.119983,7204,7889,3771,2908,182.9600,-91.1200
1785392926.144772,7242,7917,3827,2946,190.4300,-91.0600
1785392926.170673,7176,7880,3874,2617,190.4300,-91.0600
1785392926.195308,7223,7917,3865,2955,192.0300,-91.0000
1785392926.220548,7204,7870,3874,2936,192.0300,-91.0000
1785392926.246861,7167,7889,3855,2917,189.3300,-91.0600
1785392926.271817,7167,7852,3874,2889,193.5700,-91.1900
1785392926.297153,7214,7861,3874,2861,193.5700,-91.1900
1785392926.323442,7167,7824,3846,2908,193.5700,-91.1900
1785392926.348180,7148,7824,3855,2908,192.0300,-91.3100
1785392926.373863,7092,7824,3865,2842,197.4400,-91.2500
1785392926.400228,7139,7814,3855,2861,197.4400,-91.2500
1785392926.425127,7148,7833,3799,2824,197.4400,-91.2500
1785392926.448680,7167,7880,3837,2842,195.9500,-91.1900
1785392926.475741,7129,7814,3893,2852,197.4400,-91.1200
1785392926.500034,7082,7842,3865,2824,197.4400,-91.1200
1785392926.528546,7148,7870,3837,2852,192.0300,-91.1200
1785392926.551293,7139,7824,3865,2824,192.0300,-91.1200
1785392926.579340,7073,7824,3846,2908,194.7400,-91.1200
1785392926.601480,7139,7870,3837,2870,194.7400,-91.1200
1785392926.629755,7064,7795,3921,2927,194.7400,-91.2500
1785392926.651675,7148,7795,3855,2786,194.7400,-91.2500
1785392926.678924,7101,7786,3884,2777,190.9200,-91.3100
1785392926.702603,7111,7833,3884,2833,190.9200,-91.3100
1785392926.730884,7157,7795,3893,2758,194.7400,-91.3700
1785392926.752904,7111,7777,3827,2777,194.7400,-91.3700
1785392926.780955,7073,7833,3968,2805,194.7400,-91.4400
1785392926.803530,7101,7786,3874,2795,194.7400,-91.4400
1785392926.831262,7092,7786,3855,2889,192.0300,-91.5600
1785392926.855283,7139,7777,3902,2824,192.0300,-91.5600
1785392926.880588,7073,7805,3921,2767,192.0300,-91.6900
1785392926.904993,7111,7795,3977,2758,192.0300,-91.6900
1785392926.930764,7073,7824,3893,2795,193.1900,-91.7500
1785392926.956051,7157,7777,3931,2842,193.1900,-91.7500
1785392926.981967,7073,7758,3987,2814,185.6200,-91.7500
1785392927.005898,7054,7720,3949,2786,185.6200,-91.7500
1785392927.031576,7120,7720,3874,2814,186.6200,-91.6900
1785392927.057086,7045,7711,3977,2824,186.6200,-91.6900
1785392927.082432,7054,7711,3921,2852,189.3300,-91.6200
1785392927.108065,7036,7777,3902,2889,189.3300,-91.6200
1785392927.132551,7036,7739,3940,2814,190.4300,-91.5000
1785392927.157648,7045,7739,3912,2786,190.4300,-91.5000
1785392927.183541,7064,7711,3921,2767,185.6200,-91.3700
1785392927.208674,7036,7758,3902,2861,185.6200,-91.3700
1785392927.234245,7036,7702,3884,2814,186.6200,-91.3100
1785392927.259729,7045,7655,3959,2833,186.6200,-91.3100
1785392927.285106,7054,7673,3921,2758,192.0300,-91.3700
1785392927.310409,7054,7730,3921,2786,192.0300,-91.3700
1785392927.336416,7045,7673,3968,2767,189.3300,-91.5000
1785392927.360999,6970,7683,3940,2861,189.3300,-91.5000
1785392927.386622,7073,7655,3921,2786,192.0300,-91.5600
1785392927.412390,7045,7702,3931,2880,192.0300,-91.5600
1785392927.436864,7026,7608,3977,2852,192.0300,-91.5600
1785392927.461935,7026,7645,3921,2842,192.0300,-91.5600
1785392927.487583,6998,7683,3921,2833,186.6200,-91.5000
1785392927.513006,7026,7598,3940,2833,186.6200,-91.5000
1785392927.538296,6942,7702,3959,2880,193.1900,-91.4400
1785392927.564085,6979,7655,3959,2824,193.1900,-91.4400
1785392927.588570,6998,7636,3940,2786,185.6200,-91.4400
1785392927.613607,7017,7627,4034,2814,185.6200,-91.4400
1785392927.640108,6932,7636,3987,2852,193.1900,-91.3700
1785392927.664722,6951,7645,3996,2880,193.1900,-91.3700
1785392927.690064,6932,7655,3977,2842,185.6200,-91.3700
1785392927.715785,6942,7673,4006,2824,185.6200,-91.3700
1785392927.741300,6989,7655,4015,2805,193.1900,-91.3700
1785392927.766467,6914,7673,3959,2833,193.1900,-91.3700
1785392927.791914,6914,7645,3987,2861,185.6200,-91.3700
1785392927.816978,7026,7598,3977,2824,185.6200,-91.3700
1785392927.842550,6970,7598,4024,2880,194.7400,-91.3700
1785392927.868260,6876,7580,3968,2908,194.7400,-91.3700
1785392927.893299,6970,7608,3987,2833,192.0300,-91.3700
1785392927.917886,6932,7598,3968,2852,192.0300,-91.3700
1785392927.943546,6904,7655,4006,2880,194.7400,-91.4400
1785392927.969083,6932,7598,3987,2889,194.7400,-91.4400
1785392927.995158,6923,7580,4015,2833,192.0300,-91.4400
1785392928.020415,6914,7608,4006,2917,192.0300,-91.4400
1785392928.044871,6932,7551,4006,2824,194.7400,-91.5000
1785392928.069781,6914,7561,3987,2936,194.7400,-91.5000
1785392928.096822,6942,7570,4006,2917,189.3300,-91.5000
1785392928.121650,6904,7598,3977,3030,189.3300,-91.5000
1785392928.146643,6857,7598,3968,2899,193.1900,-91.5000
1785392928.170148,6932,7523,3968,2861,193.1900,-91.5000
1785392928.196842,6923,7514,4015,2833,193.5700,-91.4400
1785392928.221704,6876,7561,3987,2852,194.7400,-91.3700
1785392928.247483,6904,7551,3977,2833,194.7400,-91.3700
1785392928.272539,6857,7533,3977,2833,194.7400,-91.3700
1785392928.298876,6904,7495,3968,2880,194.7400,-91.3100
1785392928.326116,6848,7467,3977,2908,189.3300,-91.2500
1785392928.348815,6867,7514,3987,2870,189.3300,-91.2500
1785392928.373747,6867,7505,3987,2908,197.4400,-91.2500
1785392928.398142,6867,7551,3968,2861,197.4400,-91.2500
1785392928.427686,6839,7523,4052,2880,194.7400,-91.3100
1785392928.450331,6820,7476,4006,2870,194.7400,-91.3100
1785392928.476069,6857,7439,3996,2917,194.7400,-91.3100
1785392928.500145,6820,7495,4006,2964,194.7400,-91.3100
1785392928.528764,6848,7486,4006,2908,189.3300,-91.3100
1785392928.551091,6867,7505,4043,2936,189.3300,-91.3100
1785392928.579209,6848,7505,4034,2974,192.0300,-91.1900
1785392928.601678,6810,7467,3987,2908,192.0300,-91.1900
1785392928.629704,6792,7420,4006,2880,194.7400,-91.1900
1785392928.653322,6829,7383,4043,2899,194.7400,-91.1900
1785392928.682288,6773,7448,4099,2974,194.7400,-91.1900
1785392928.703477,6735,7420,4034,2955,194.7400,-91.1900
1785392928.732852,6810,7401,4006,2936,194.7400,-91.0600
1785392928.753119,6792,7430,4052,2946,194.7400,-91.0600
1785392928.781018,6754,7476,4052,2955,190.9200,-90.8700
1785392928.804710,6782,7430,4071,2974,190.9200,-90.8700
1785392928.829680,6792,7439,4081,2974,201.4700,-90.7500
1785392928.854475,6726,7467,4081,3002,201.4700,-90.7500
1785392928.881137,6717,7439,4052,3002,194.7400,-90.6900
1785392928.906059,6717,7467,4099,3049,194.7400,-90.6900
1785392928.930853,6745,7439,4090,2974,198.8700,-90.6900
1785392928.956575,6717,7392,4099,2955,198.8700,-90.6900
1785392928.981401,6726,7392,4099,2983,198.7100,-90.6200
1785392929.006838,6735,7373,4118,3002,198.7100,-90.6200
1785392929.032845,6745,7430,4109,3011,192.0300,-90.6900
1785392929.057805,6717,7392,4090,2992,192.0300,-90.6900
1785392929.082442,6698,7392,4071,3030,192.0300,-90.8700
1785392929.108879,6670,7364,4128,3002,192.0300,-90.8700
1785392929.134004,6688,7373,4128,3049,190.9200,-91.0600
1785392929.159416,6707,7411,4137,2983,190.9200,-91.0600
1785392929.184760,6707,7354,4109,3002,197.4400,-91.3100
1785392929.211302,6670,7373,4099,3002,197.4400,-91.3100
1785392929.235276,6745,7364,4062,3030,195.9500,-91.5600
1785392929.260580,6707,7354,4062,3067,195.9500,-91.5600
1785392929.285618,6707,7354,4062,3067,192.0300,-91.6200
1785392929.311163,6735,7345,4090,3030,192.0300,-91.6200
1785392929.335061,6698,7383,4109,2974,192.0300,-91.5600
1785392929.361466,6679,7364,4081,3030,192.0300,-91.5600
1785392929.387064,6698,7336,4118,3030,185.6200,-91.5000
1785392929.412093,6660,7326,4118,3049,185.6200,-91.5000
1785392929.437363,6688,7308,4071,3067,187.6700,-91.3700
1785392929.464118,6613,7354,4118,3030,187.6700,-91.3700
1785392929.488054,6670,7326,4081,3030,188.2700,-91.3700
1785392929.513745,6642,7354,4137,3030,188.2700,-91.3700
1785392929.538496,6660,7289,4118,3124,192.0300,-91.4400
1785392929.563421,6632,7336,4137,3086,192.0300,-91.4400
1785392929.590583,6679,7326,4146,3067,189.3300,-91.5000
1785392929.614729,6595,7270,4118,3105,189.3300,-91.5000
1785392929.639716,6585,7308,4099,3058,187.6700,-91.5600
1785392929.666311,6642,7308,4128,3086,187.6700,-91.5600
1785392929.691003,6670,7270,4137,3133,188.2700,-91.5000
1785392929.715744,6670,7373,4071,3161,188.2700,-91.5000
1785392929.741646,6670,7233,4165,3086,187.6700,-91.5000
1785392929.766451,6604,7223,4193,3143,187.6700,-91.5000
1785392929.791425,6604,7279,4146,3180,185.6200,-91.5000
1785392929.818091,6604,7270,4146,3227,185.6200,-91.5000
1785392929.843363,6613,7270,4146,3105,187.6700,-91.4400
1785392929.868557,6585,7270,4146,3086,187.6700,-91.4400
1785392929.893513,6595,7204,4118,3114,180.3100,-91.3700
1785392929.919607,6538,7279,4156,3124,180.3100,-91.3700
1785392929.944072,6595,7270,4156,3124,184.9100,-91.3700
1785392929.969879,6623,7242,4156,3161,184.9100,-91.3700
1785392929.994657,6520,7261,4118,3114,185.6200,-91.3700
1785392930.021068,6538,7242,4128,3171,187.6700,-91.4400
1785392930.047036,6576,7214,4203,3143,187.6700,-91.4400
1785392930.071397,6585,7214,4193,3218,187.6700,-91.4400
1785392930.095947,6548,7204,4156,3114,188.2700,-91.4400
1785392930.122444,6520,7223,4231,3189,184.9100,-91.5600
1785392930.146704,6576,7195,4165,3105,184.9100,-91.5600
1785392930.172269,6538,7157,4212,3189,184.9100,-91.5600
1785392930.197865,6576,7186,4203,3199,182.9600,-91.6200
1785392930.223491,6566,7186,4146,3189,182.9600,-91.6200
1785392930.249902,6538,7167,4203,3152,178.5100,-91.7500
1785392930.273528,6538,7148,4184,3105,189.3300,-91.7500
1785392930.299438,6510,7204,4231,3199,189.3300,-91.7500
1785392930.327535,6510,7204,4193,3218,182.1500,-91.7500
1785392930.349445,6529,7186,4212,3133,182.1500,-91.7500
1785392930.376784,6501,7176,4203,3189,183.9200,-91.7500
1785392930.400218,6529,7139,4212,3236,183.9200,-91.7500
1785392930.427465,6538,7157,4231,3208,182.9600,-91.6200
1785392930.451074,6501,7120,4184,3227,182.9600,-91.6200
1785392930.479161,6473,7148,4212,3246,183.9200,-91.5600
1785392930.501380,6445,7186,4212,3274,183.9200,-91.5600
1785392930.530919,6435,7157,4240,3199,183.9200,-91.5000
1785392930.553063,6435,7120,4212,3274,183.9200,-91.5000
1785392930.581893,6501,7120,4249,3208,183.9200,-91.4400
1785392930.603701,6538,7120,4212,3227,183.9200,-91.4400
1785392930.631292,6510,7111,4287,3189,190.4300,-91.4400
1785392930.652825,6445,7111,4249,3189,190.4300,-91.4400
1785392930.681226,6463,7148,4240,3274,197.4400,-91.3700
1785392930.703425,6501,7082,4193,3255,197.4400,-91.3700
1785392930.730863,6491,7101,4212,3283,189.3300,-91.5000
1785392930.755272,6491,7120,4240,3208,189.3300,-91.5000
1785392930.782745,6473,7111,4287,3180,188.2700,-91.5000
1785392930.805392,6445,7111,4287,3227,188.2700,-91.5000
1785392930.831244,6491,7073,4268,3246,187.6700,-91.5600
1785392930.856429,6510,7129,4231,3227,187.6700,-91.5600
1785392930.880941,6445,7101,4231,3189,185.6200,-91.5600
1785392930.906424,6473,7129,4231,3246,185.6200,-91.5600
1785392930.931411,6510,7120,4259,3283,192.0300,-91.5000
1785392930.957140,6482,7036,4259,3302,192.0300,-91.5000
1785392930.983153,6510,7082,4259,3368,186.6200,-91.5000
1785392931.007982,6473,7054,4268,3283,186.6200,-91.5000
1785392931.033403,6473,7045,4278,3330,190.4300,-91.4400
1785392931.061220,6463,7092,4278,3368,190.4300,-91.4400
1785392931.083992,6454,7017,4268,3358,192.0300,-91.3700
1785392931.109973,6463,6989,4278,3349,192.0300,-91.3700
1785392931.134680,6473,6998,4259,3386,192.0300,-91.3100
1785392931.159335,6435,7082,4315,3386,192.0300,-91.3100
1785392931.186379,6435,7045,4315,3340,188.2700,-91.2500
1785392931.211825,6454,7017,4306,3311,188.2700,-91.2500
1785392931.236974,6454,7036,4287,3368,195.9500,-91.2500
1785392931.260938,6454,7017,4287,3349,195.9500,-91.2500
1785392931.286245,6454,6970,4278,3349,190.9200,-91.3700
1785392931.311654,6426,6979,4325,3386,190.9200,-91.3700
1785392931.337437,6407,6989,4287,3377,186.6200,-91.5000
1785392931.362553,6435,6960,4315,3311,186.6200,-91.5000
1785392931.387616,6473,7017,4278,3396,192.0300,-91.6200
1785392931.413749,6454,6960,4353,3349,192.0300,-91.6200
1785392931.439130,6323,6979,4306,3396,183.9200,-91.6900
1785392931.463992,6341,6979,4306,3330,183.9200,-91.6900
1785392931.488111,6398,6989,4325,3405,183.9200,-91.6900
1785392931.513545,6398,6979,4287,3443,183.9200,-91.6900
1785392931.539993,6435,7054,4381,3321,178.5100,-91.6900
1785392931.564734,6351,6979,4296,3330,178.5100,-91.6900
1785392931.590408,6351,7036,4381,3386,181.2100,-91.6200
1785392931.616333,6370,6932,4343,3340,181.2100,-91.6200
1785392931.641088,6341,6989,4334,3452,181.2100,-91.5000
1785392931.666271,6341,7017,4353,3349,181.2100,-91.5000
1785392931.692096,6379,6904,4371,3340,178.5100,-91.3700
1785392931.716890,6370,6914,4343,3415,178.5100,-91.3700
1785392931.741801,6388,6914,4362,3377,181.2100,-91.3100
1785392931.768244,6313,6876,4362,3461,181.2100,-91.3100
1785392931.794760,6323,6904,4353,3443,186.6200,-91.3100
1785392931.818091,6360,6923,4371,3386,186.6200,-91.3100
1785392931.843787,6313,6932,4371,3386,186.6200,-91.3700
1785392931.869339,6341,6942,4353,3424,186.6200,-91.3700
1785392931.893557,6304,6857,4353,3480,183.9200,-91.5000
1785392931.919251,6304,6857,4381,3461,183.9200,-91.5000
1785392931.944102,6285,6876,4381,3368,186.6200,-91.5000
1785392931.969095,6257,6932,4343,3471,186.6200,-91.5000
1785392931.996013,6351,6904,4409,3386,186.6200,-91.5600
1785392932.021301,6304,6904,4390,3555,186.6200,-91.5600
1785392932.046196,6285,6867,4390,3424,183.9200,-91.5600
1785392932.071809,6351,6885,4381,3490,183.9200,-91.5600
1785392932.097612,6266,6857,4400,3461,186.6200,-91.6200
1785392932.122491,6332,6867,4390,3424,186.6200,-91.6200
1785392932.148411,6332,6810,4381,3518,186.6200,-91.5600
1785392932.172934,6266,6876,4400,3461,186.6200,-91.5600
1785392932.197877,6248,6857,4390,3537,186.6200,-91.5600
1785392932.224062,6276,6895,4409,3461,190.4300,-91.4400
1785392932.248981,6248,6885,4400,3527,190.4300,-91.4400
1785392932.274092,6276,6857,4428,3546,190.4300,-91.4400
1785392932.299865,6304,6857,4400,3518,185.6200,-91.3700
1785392932.327110,6266,6857,4409,3443,194.7400,-91.3100
1785392932.350734,6210,6857,4428,3565,194.7400,-91.3100
1785392932.379625,6248,6829,4400,3508,194.7400,-91.4400
1785392932.400102,6229,6820,4428,3443,194.7400,-91.4400
1785392932.426650,6191,6923,4428,3537,189.3300,-91.5600
1785392932.451055,6248,6848,4437,3546,189.3300,-91.5600
1785392932.478906,6257,6735,4465,3508,189.3300,-91.6900
1785392932.502295,6266,6801,4493,3537,189.3300,-91.6900
1785392932.530370,6229,6820,4456,3499,189.3300,-91.6200
1785392932.553956,6219,6792,4512,3480,189.3300,-91.6200
1785392932.581246,6229,6763,4418,3527,183.9200,-91.6200
1785392932.602821,6154,6773,4475,3546,183.9200,-91.6200
1785392932.631280,6210,6735,4493,3555,186.6200,-91.6900
1785392932.653583,6266,6773,4390,3527,186.6200,-91.6900
1785392932.681399,6248,6754,4503,3630,186.6200,-91.6900
1785392932.705768,6219,6735,4493,3612,186.6200,-91.6900
1785392932.730589,6126,6763,4446,3527,186.6200,-91.5000
1785392932.755373,6126,6763,4484,3565,186.6200,-91.5000
1785392932.781376,6154,6782,4446,3593,189.3300,-91.3700
1785392932.805800,6154,6745,4437,3612,189.3300,-91.3700
1785392932.830930,6238,6782,4493,3602,183.9200,-91.3100
1785392932.856198,6238,6707,4522,3565,183.9200,-91.3100
1785392932.881593,6173,6782,4503,3565,192.0300,-91.3700
1785392932.907885,6191,6782,4475,3565,192.0300,-91.3700
1785392932.933427,6163,6726,4493,3630,186.6200,-91.4400
1785392932.958359,6191,6707,4522,3555,186.6200,-91.4400
1785392932.983049,6163,6670,4522,3602,192.0300,-91.5000
1785392933.008542,6229,6651,4465,3621,192.0300,-91.5000
1785392933.033636,6163,6679,4522,3555,189.3300,-91.5600
1785392933.058454,6201,6717,4484,3621,189.3300,-91.5600
1785392933.084103,6154,6717,4484,3612,186.6200,-91.6900
1785392933.109724,6154,6651,4559,3612,186.6200,-91.6900
1785392933.135183,6154,6660,4484,3574,183.9200,-91.7500
1785392933.161099,6135,6726,4531,3583,183.9200,-91.7500
1785392933.186289,6135,6670,4531,3565,182.9600,-91.7500
1785392933.210836,6107,6698,4568,3630,182.9600,-91.7500
1785392933.237150,6097,6698,4540,3640,178.5100,-91.6900
1785392933.262201,6097,6717,4531,3583,178.5100,-91.6900
1785392933.286725,6173,6632,4568,3818,190.4300,-91.5000
1785392933.312646,6107,6679,4531,3705,190.4300,-91.5000
1785392933.337531,6126,6670,4550,3621,186.6200,-91.2500
1785392933.363143,6126,6623,4540,3687,186.6200,-91.2500
1785392933.388594,6013,6698,4559,3668,192.0300,-91.1200
1785392933.413555,6126,6651,4559,3668,192.0300,-91.1200
1785392933.438677,6069,6698,4550,3649,192.0300,-91.1200
1785392933.465008,6079,6642,4550,3715,192.0300,-91.1200
1785392933.489436,6069,6642,4568,3649,197.4400,-91.1900
1785392933.514669,6079,6632,4606,3612,197.4400,-91.1900
1785392933.540455,6051,6642,4550,3752,192.0300,-91.3100
1785392933.565380,6022,6642,4643,3640,192.0300,-91.3100
1785392933.590612,6051,6632,4559,3762,193.5700,-91.3700
1785392933.616712,6041,6642,4597,3687,193.5700,-91.3700
1785392933.641915,6032,6670,4653,3715,193.1900,-91.4400
1785392933.666404,6051,6660,4634,3743,193.1900,-91.4400
1785392933.692359,6097,6604,4606,3696,194.7400,-91.4400
1785392933.717894,6060,6604,4587,3668,194.7400,-91.4400
1785392933.742632,6022,6604,4606,3762,189.3300,-91.4400
1785392933.768299,6032,6566,4672,3715,189.3300,-91.4400
1785392933.793370,6032,6538,4625,3771,192.0300,-91.3700
1785392933.819696,6013,6604,4615,3715,192.0300,-91.3700
1785392933.844028,6032,6529,4597,3790,192.0300,-91.3100
1785392933.869723,5994,6566,4615,3762,192.0300,-91.3100
1785392933.895552,5994,6566,4643,3771,188.2700,-91.2500
1785392933.919818,5957,6566,4597,3715,188.2700,-91.2500
1785392933.945560,5938,6557,4625,3752,189.3300,-91.1900
1785392933.970833,5966,6604,4578,3790,189.3300,-91.1900
1785392933.995751,6004,6510,4615,3809,194.7400,-91.1200
1785392934.021375,5985,6604,4625,3809,194.7400,-91.1200
1785392934.046646,5900,6557,4643,3818,193.1900,-91.1200
1785392934.071634,5910,6491,4653,3818,193.1900,-91.1200
1785392934.097706,5957,6557,4634,3790,190.9200,-91.1200
1785392934.122397,5919,6520,4625,3799,190.9200,-91.1200
1785392934.147402,5985,6548,4625,3752,194.7400,-91.1200
1785392934.174179,5891,6520,4672,3790,195.9500,-91.1200
1785392934.199222,5891,6520,4625,3762,195.9500,-91.1200
1785392934.224077,5882,6548,4625,3809,195.9500,-91.1200
1785392934.249482,5891,6482,4672,3837,194.7400,-91.1200
1785392934.277263,5929,6548,4681,3771,190.9200,-91.1900
1785392934.300244,5882,6604,4653,3809,190.9200,-91.1900
1785392934.327672,5891,6557,4643,3780,190.9200,-91.1900
1785392934.350496,5891,6585,4700,3818,198.7100,-91.2500
1785392934.377321,5910,6482,4709,3884,190.9200,-91.1900
1785392934.402434,5891,6548,4662,3827,190.9200,-91.1900
1785392934.429366,5863,6501,4681,3884,194.7400,-91.1900
1785392934.452575,5910,6501,4700,3809,194.7400,-91.1900
1785392934.480342,5910,6501,4681,3771,195.9500,-91.1200
1785392934.502785,5891,6454,4718,3837,195.9500,-91.1200
1785392934.529219,5844,6445,4653,3827,193.5700,-91.1200
1785392934.553260,5816,6454,4690,3790,193.5700,-91.1200
1785392934.580797,5854,6510,4690,3893,194.7400,-91.1200
1785392934.602936,5882,6501,4709,3837,194.7400,-91.1200
1785392934.632324,5872,6445,4700,3884,198.7100,-91.1200
1785392934.655820,5844,6407,4718,3846,198.7100,-91.1200
1785392934.683238,5797,6473,4718,3827,190.9200,-91.2500
1785392934.705163,5797,6435,4700,3799,190.9200,-91.2500
1785392934.730423,5825,6454,4718,3902,192.0300,-91.3100
1785392934.755934,5863,6445,4700,3827,192.0300,-91.3100
1785392934.781217,5779,6491,4709,3846,189.3300,-91.3100
1785392934.806352,5816,6416,4709,3865,189.3300,-91.3100
1785392934.833350,5882,6435,4747,3940,192.0300,-91.3700
1785392934.858257,5741,6454,4700,3893,192.0300,-91.3700
1785392934.883036,5741,6473,4765,3959,192.0300,-91.3100
1785392934.908191,5825,6473,4747,3921,192.0300,-91.3100
1785392934.932443,5797,6370,4747,3884,192.0300,-91.2500
1785392934.958513,5797,6407,4728,3855,192.0300,-91.2500
1785392934.983707,5779,6426,4728,3874,189.3300,-91.1200
1785392935.008854,5779,6416,4756,3931,189.3300,-91.1200
1785392935.034604,5760,6407,4756,3940,195.9500,-91.0600
1785392935.059382,5760,6398,4737,3874,195.9500,-91.0600
1785392935.085698,5779,6482,4784,3921,190.9200,-91.0600
1785392935.111268,5741,6416,4775,3921,190.9200,-91.0600
1785392935.135648,5788,6435,4756,3959,194.7400,-91.1200
1785392935.160999,5760,6379,4728,3931,194.7400,-91.1200
1785392935.186068,5816,6332,4756,3940,194.7400,-91.1200
1785392935.211389,5741,6426,4822,3940,194.7400,-91.1200
1785392935.236372,5713,6416,4803,3931,192.0300,-91.1900
1785392935.262375,5760,6398,4756,3959,192.0300,-91.1900
1785392935.287459,5741,6360,4737,3949,194.7400,-91.2500
1785392935.312589,5685,6313,4765,3968,194.7400,-91.2500
1785392935.339087,5694,6341,4784,3921,193.1900,-91.2500
1785392935.365998,5760,6332,4850,3931,193.1900,-91.2500
1785392935.389055,5703,6323,4831,3968,188.2700,-91.3100
1785392935.415241,5732,6341,4765,3987,188.2700,-91.3100
1785392935.440453,5675,6313,4765,3959,194.7400,-91.2500
1785392935.465556,5694,6332,4831,3959,194.7400,-91.2500
1785392935.490949,5685,6351,4831,3959,192.0300,-91.1900
1785392935.516272,5741,6294,4812,3949,192.0300,-91.1900
1785392935.541219,5760,6323,4784,3977,194.7400,-91.1900
1785392935.567903,5703,6360,4822,3959,194.7400,-91.1900
1785392935.592161,5675,6248,4859,4006,194.7400,-91.1200
1785392935.616950,5732,6238,4812,4090,194.7400,-91.1200
1785392935.643548,5685,6304,4812,4034,194.7400,-91.1900
1785392935.668705,5732,6285,4859,3977,194.7400,-91.1900
1785392935.693213,5713,6248,4840,3996,192.0300,-91.2500
1785392935.718094,5666,6238,4878,4062,192.0300,-91.2500
1785392935.743433,5685,6341,4859,4099,194.7400,-91.3100
1785392935.769015,5685,6266,4869,4006,194.7400,-91.3100
1785392935.794391,5685,6266,4869,4081,192.0300,-91.3700
1785392935.819986,5675,6276,4897,4034,192.0300,-91.3700
1785392935.844638,5628,6313,4840,4071,192.0300,-91.3700
1785392935.869442,5647,6285,4887,4090,192.0300,-91.3700
1785392935.895995,5647,6332,4869,4062,189.3300,-91.3100
1785392935.921008,5619,6266,4831,4024,189.3300,-91.3100
1785392935.946210,5572,6304,4878,4043,183.9200,-91.3100
1785392935.971466,5600,6248,4859,4118,183.9200,-91.3100
1785392935.998438,5638,6229,4850,4062,189.3300,-91.2500
1785392936.022158,5591,6201,4906,4109,189.3300,-91.2500
1785392936.047889,5638,6210,4869,4203,192.0300,-91.1200
1785392936.071754,5563,6276,4887,4203,192.0300,-91.1200
1785392936.096737,5657,6229,4944,4156,189.3300,-91.0600
1785392936.123008,5553,6201,4944,4137,189.3300,-91.0600
1785392936.148574,5535,6182,4878,4146,189.3300,-91.0600
1785392936.174804,5600,6210,4934,4081,189.3300,-91.0600
1785392936.199980,5619,6229,4915,4062,189.3300,-91.0600
1785392936.227125,5591,6173,4869,4099,195.9500,-91.1200
1785392936.250575,5619,6210,4915,4193,195.9500,-91.1200
1785392936.276094,5600,6238,4953,4156,190.9200,-91.1200
1785392936.300446,5582,6173,4925,4071,190.9200,-91.1200
1785392936.326188,5582,6097,4906,4090,194.7400,-91.1200
1785392936.351650,5563,6135,4934,4081,194.7400,-91.1200
1785392936.379620,5497,6144,4878,4193,197.4400,-91.1900
1785392936.402053,5525,6173,4953,4221,197.4400,-91.1900
1785392936.431067,5516,6088,4934,4221,189.3300,-91.1900
1785392936.453674,5535,6097,4972,4128,189.3300,-91.1900
1785392936.481725,5582,6154,4981,4174,194.7400,-91.2500
1785392936.503872,5544,6116,4962,4184,194.7400,-91.2500
1785392936.532290,5525,6079,4915,4156,192.0300,-91.1900
1785392936.553952,5516,6079,4981,4184,192.0300,-91.1900
1785392936.581777,5516,6116,4972,4193,194.7400,-91.1900
1785392936.604903,5488,6144,4981,4203,194.7400,-91.1900
1785392936.633546,5516,6088,4953,4203,194.7400,-91.1900
1785392936.655694,5525,6079,4944,4146,194.7400,-91.1900
1785392936.681476,5450,6163,4944,4165,200.1500,-91.1200
1785392936.705759,5506,6088,4962,4174,200.1500,-91.1200
1785392936.731828,5506,6079,4972,4203,194.7400,-91.0600
1785392936.756454,5497,6069,4887,4184,194.7400,-91.0600
1785392936.781936,5478,6079,4981,4203,200.1500,-91.1200
1785392936.808244,5460,6051,4981,4146,200.1500,-91.1200
1785392936.833467,5441,6051,4944,4231,194.7400,-91.1200
1785392936.859739,5460,6060,4962,4203,194.7400,-91.1200
1785392936.883428,5441,6079,4991,4184,197.4400,-91.1900
1785392936.909265,5450,6060,4981,4184,197.4400,-91.1900
1785392936.934509,5431,6051,4981,4259,194.7400,-91.2500
1785392936.959161,5497,6088,4953,4287,194.7400,-91.2500
1785392936.984767,5525,6032,5009,4203,197.4400,-91.3100
1785392937.009401,5422,6107,5019,4249,197.4400,-91.3100
1785392937.036004,5422,6051,5028,4249,194.7400,-91.3100
1785392937.061217,5394,6079,4991,4287,194.7400,-91.3100
1785392937.086257,5450,6069,5047,4240,200.1500,-91.2500
1785392937.110380,5394,6051,5037,4296,200.1500,-91.2500
1785392937.136954,5441,6069,5000,4315,193.5700,-91.2500
1785392937.161978,5441,6041,5000,4353,193.5700,-91.2500
1785392937.186627,5403,6041,5000,4278,198.7100,-91.1900
1785392937.212447,5394,6060,5028,4353,198.7100,-91.1900
1785392937.237347,5347,6022,5094,4287,194.7400,-91.1200
1785392937.263462,5366,6041,5094,4287,194.7400,-91.1200
1785392937.289312,5385,6051,5056,4259,190.9200,-91.0600
1785392937.313930,5375,6060,5037,4306,190.9200,-91.0600
1785392937.338384,5422,6041,5028,4390,198.7100,-91.0600
1785392937.365216,5441,6079,5075,4315,198.7100,-91.0600
1785392937.390013,5356,6079,5075,4400,194.7400,-91.0600
1785392937.415318,5403,6004,5047,4353,194.7400,-91.0600
1785392937.440400,5375,6022,5056,4362,194.7400,-91.1200
1785392937.465372,5366,6013,5075,4334,194.7400,-91.1200
1785392937.490670,5403,6004,5037,4418,197.4400,-91.1900
1785392937.517894,5300,6032,5056,4381,197.4400,-91.1900
1785392937.542104,5403,6013,5056,4315,197.4400,-91.2500
1785392937.566527,5300,5976,5103,4353,197.4400,-91.2500
1785392937.592018,5375,5985,5122,4362,194.7400,-91.2500
1785392937.618202,5356,5947,5103,4390,194.7400,-91.2500
1785392937.643136,5309,5947,5178,4296,193.5700,-91.1900
1785392937.668576,5347,5994,5159,4325,193.5700,-91.1900
1785392937.694342,5375,5957,5112,4343,194.7400,-91.1900
1785392937.718890,5347,5985,5075,4400,194.7400,-91.1900
1785392937.744749,5375,5957,5094,4437,201.4700,-91.0600
1785392937.769849,5347,5976,5150,4400,201.4700,-91.0600
1785392937.794397,5244,5957,5216,4400,200.1500,-91.0600
1785392937.820648,5291,6004,5150,4400,200.1500,-91.0600
1785392937.845675,5328,5966,5188,4428,194.7400,-91.0000
1785392937.871263,5300,5947,5150,4437,194.7400,-91.0000
1785392937.896453,5234,5966,5150,4409,200.1500,-91.0600
1785392937.921442,5291,5985,5122,4409,200.1500,-91.0600
1785392937.947415,5272,5957,5188,4400,197.4400,-91.1900
1785392937.973638,5263,5957,5197,4437,197.4400,-91.1900
1785392937.998212,5272,5919,5169,4437,200.1500,-91.2500
1785392938.023027,5263,5882,5169,4503,200.1500,-91.2500
1785392938.050028,5234,5929,5159,4418,193.5700,-91.3100
1785392938.073814,5206,5910,5150,4475,198.7100,-91.3100
1785392938.099639,5244,5947,5159,4409,198.7100,-91.3100
1785392938.124562,5234,5910,5141,4418,198.7100,-91.3100
1785392938.149683,5225,5891,5197,4465,197.4400,-91.3100
1785392938.175351,5197,5910,5188,4484,197.4400,-91.2500
1785392938.201071,5225,5947,5188,4484,197.4400,-91.2500
1785392938.229096,5206,5957,5197,4465,190.9200,-91.1200
1785392938.250442,5234,5872,5225,4522,190.9200,-91.1200
1785392938.278316,5169,5919,5225,4522,195.9500,-91.1200
1785392938.302470,5206,5882,5169,4446,195.9500,-91.1200
1785392938.331361,5225,5882,5206,4446,197.4400,-91.1200
1785392938.352317,5225,5910,5188,4446,197.4400,-91.1200
1785392938.381011,5197,5863,5197,4446,196.2200,-91.1200
1785392938.402092,5197,5863,5197,4568,196.2200,-91.1200
1785392938.428781,5197,5872,5197,4503,194.7400,-91.1900
1785392938.453613,5206,5891,5225,4512,194.7400,-91.1900
1785392938.481534,5188,5863,5244,4550,198.7100,-91.1900
1785392938.503454,5225,5835,5244,4465,198.7100,-91.1900
1785392938.532500,5178,5854,5244,4503,190.9200,-91.1900
1785392938.555752,5225,5835,5253,4484,190.9200,-91.1900
1785392938.581939,5206,5863,5234,4484,198.7100,-91.1900
1785392938.606452,5122,5807,5300,4550,198.7100,-91.1900
1785392938.632235,5122,5807,5281,4559,185.6200,-91.1900
1785392938.656341,5159,5825,5281,4559,185.6200,-91.1900
1785392938.681880,5150,5854,5263,4559,195.9500,-91.1200
1785392938.707144,5131,5816,5272,4550,195.9500,-91.1200
1785392938.731862,5122,5844,5300,4568,192.0300,-91.1900
1785392938.757851,5169,5816,5244,4587,192.0300,-91.1900
1785392938.783797,5122,5788,5300,4606,194.7400,-91.1900
1785392938.807976,5122,5807,5253,4634,194.7400,-91.1900
1785392938.833262,5150,5769,5272,4634,194.7400,-91.1900
1785392938.858878,5075,5788,5319,4606,194.7400,-91.1900
1785392938.883944,5084,5779,5291,4643,190.9200,-91.1200
1785392938.909941,5122,5797,5272,4587,190.9200,-91.1200
1785392938.934675,5131,5807,5281,4587,194.7400,-91.1200
1785392938.959895,5103,5769,5291,4587,194.7400,-91.1200
1785392938.986235,5112,5844,5309,4700,192.0300,-91.1900
1785392939.010576,5056,5797,5319,4662,192.0300,-91.1900
1785392939.035263,5094,5750,5338,4653,194.7400,-91.2500
1785392939.060956,5056,5807,5319,4625,194.7400,-91.2500
1785392939.086695,5112,5769,5356,4606,198.7100,-91.2500
1785392939.111768,5066,5760,5300,4662,198.7100,-91.2500
1785392939.137713,5019,5788,5338,4653,188.2700,-91.2500
1785392939.162460,5066,5760,5375,4634,188.2700,-91.2500
1785392939.187290,5056,5769,5394,4662,192.0300,-91.3700
1785392939.214050,5009,5722,5356,4643,192.0300,-91.3700
1785392939.238821,5037,5741,5347,4681,198.7100,-91.3700
1785392939.264010,5056,5779,5328,4643,198.7100,-91.3700
1785392939.289423,5019,5722,5356,4709,190.9200,-91.3100
1785392939.316433,5075,5769,5394,4690,190.9200,-91.3100
1785392939.340111,5000,5741,5394,4672,190.4300,-91.1900
1785392939.366483,5000,5722,5422,4681,190.4300,-91.1900
1785392939.390141,5037,5750,5375,4737,189.3300,-91.1200
1785392939.415233,5019,5703,5394,4681,189.3300,-91.1200
1785392939.441877,5037,5741,5385,4700,188.2700,-91.1200
1785392939.467270,5028,5666,5356,4718,188.2700,-91.1200
1785392939.492452,5000,5703,5403,4765,192.0300,-91.1200
1785392939.517133,4972,5732,5413,4672,192.0300,-91.1200
1785392939.543460,4981,5722,5488,4700,194.7400,-91.1200
1785392939.568028,5009,5703,5394,4756,194.7400,-91.1200
1785392939.594220,4944,5666,5375,4718,189.3300,-91.1200
1785392939.619169,4944,5722,5450,4775,189.3300,-91.1200
1785392939.644534,4962,5703,5356,4756,194.7400,-91.1200
1785392939.670263,4944,5713,5394,4737,194.7400,-91.1200
1785392939.695556,4944,5638,5460,4775,192.0300,-91.1200
1785392939.720492,4953,5638,5422,4775,192.0300,-91.1200
1785392939.745487,4944,5675,5413,4784,194.7400,-91.1900
1785392939.771484,4934,5675,5413,4822,194.7400,-91.1900
1785392939.796477,4953,5675,5413,4840,192.0300,-91.1900
1785392939.821332,4953,5647,5441,4794,192.0300,-91.1900
1785392939.845973,4934,5657,5441,4794,194.7400,-91.1900
1785392939.870837,4991,5694,5469,4850,194.7400,-91.1900
1785392939.896616,4981,5703,5460,4850,194.7400,-91.1200
1785392939.922524,4915,5647,5478,4812,194.7400,-91.1200
1785392939.947681,4962,5685,5478,4794,197.4400,-91.1200
1785392939.973279,4887,5619,5488,4822,197.4400,-91.1200
1785392939.998493,4915,5647,5460,4859,192.0300,-91.1900
1785392940.023529,4915,5610,5450,4831,198.7100,-91.2500
1785392940.048663,4897,5638,5488,4831,198.7100,-91.2500
1785392940.074377,4887,5666,5460,4859,198.7100,-91.2500
1785392940.099407,4897,5619,5488,4850,190.9200,-91.3100
1785392940.124544,4869,5619,5506,4887,192.0300,-91.3700
1785392940.150591,4925,5619,5488,4878,192.0300,-91.3700
1785392940.175683,4906,5610,5469,4869,189.3300,-91.3700
1785392940.200297,4897,5657,5525,4869,189.3300,-91.3700
1785392940.228156,4906,5572,5497,4869,189.3300,-91.4400
1785392940.252082,4925,5610,5525,4887,189.3300,-91.4400
1785392940.279327,4850,5610,5469,4915,186.6200,-91.4400
1785392940.302493,4812,5563,5516,4906,186.6200,-91.4400
1785392940.330609,4869,5647,5497,4897,192.0300,-91.3700
1785392940.353497,4887,5563,5497,4887,192.0300,-91.3700
1785392940.381991,4812,5610,5516,4906,195.9500,-91.3100
1785392940.403935,4878,5572,5544,4897,195.9500,-91.3100
1785392940.431155,4878,5572,5572,4906,190.9200,-91.1900
1785392940.455091,4869,5591,5544,4944,190.9200,-91.1900
1785392940.482705,4850,5582,5553,4915,189.3300,-91.1900
1785392940.505799,4831,5525,5582,4897,189.3300,-91.1900
1785392940.533268,4850,5600,5572,4962,197.4400,-91.1200
1785392940.556389,4803,5600,5563,4944,197.4400,-91.1200
1785392940.582611,4840,5553,5600,4953,198.7100,-91.1900
1785392940.607836,4812,5610,5619,4981,198.7100,-91.1900
1785392940.632227,4794,5516,5600,4953,193.5700,-91.2500
1785392940.656819,4784,5553,5600,4944,193.5700,-91.2500
1785392940.682986,4775,5516,5619,4972,197.4400,-91.2500
1785392940.707599,4794,5553,5582,4962,197.4400,-91.2500
1785392940.732491,4822,5497,5600,4972,194.7400,-91.3100
1785392940.757838,4831,5544,5591,4972,194.7400,-91.3100
1785392940.782704,4803,5516,5582,5028,194.7400,-91.3700
1785392940.808456,4822,5525,5591,4991,194.7400,-91.3700
1785392940.834446,4840,5506,5628,5019,192.0300,-91.3700
1785392940.859526,4803,5506,5619,5028,192.0300,-91.3700
1785392940.884627,4765,5497,5591,4991,194.7400,-91.3100
1785392940.910697,4737,5478,5638,5047,194.7400,-91.3100
1785392940.935884,4700,5506,5647,4972,194.7400,-91.3100
1785392940.961119,4765,5497,5657,4991,194.7400,-91.3100
1785392940.986868,4756,5469,5647,5000,194.7400,-91.2500
1785392941.011559,4784,5488,5647,5019,194.7400,-91.2500
1785392941.037517,4728,5497,5619,4981,197.4400,-91.1900
1785392941.062681,4747,5478,5638,5028,197.4400,-91.1900
1785392941.088068,4700,5422,5675,5028,194.7400,-91.2500
1785392941.112302,4718,5478,5638,5009,194.7400,-91.2500
1785392941.138939,4784,5460,5694,5009,197.4400,-91.3100
1785392941.163899,4672,5450,5675,5009,197.4400,-91.3100
1785392941.188602,4709,5394,5694,5028,197.4400,-91.3700
1785392941.214724,4690,5431,5675,5066,197.4400,-91.3700
1785392941.239513,4690,5422,5675,5047,194.7400,-91.5000
1785392941.266303,4700,5375,5732,5066,194.7400,-91.5000
1785392941.292829,4718,5394,5732,5103,200.1500,-91.5600
1785392941.316129,4728,5366,5732,5075,200.1500,-91.5600
1785392941.340787,4672,5394,5703,5094,202.8500,-91.7500
1785392941.366687,4653,5356,5713,5094,202.8500,-91.7500
1785392941.390913,4662,5385,5741,5112,197.4400,-91.3700
1785392941.416478,4653,5375,5703,5122,197.4400,-91.3700
1785392941.442151,4634,5375,5713,5150,194.7400,-91.2500
1785392941.467120,4634,5328,5779,5150,194.7400,-91.2500
1785392941.492310,4643,5328,5732,5141,197.4400,-91.1200
1785392941.519120,4681,5385,5750,5225,197.4400,-91.1200
1785392941.543793,4634,5366,5760,5178,194.7400,-91.1200
1785392941.568722,4634,5347,5741,5188,194.7400,-91.1200
1785392941.595303,4634,5338,5732,5206,193.5700,-91.1200
1785392941.620146,4681,5366,5788,5188,193.5700,-91.1200
1785392941.645273,4597,5319,5760,5216,204.2300,-91.1900
1785392941.670412,4625,5366,5769,5197,204.2300,-91.1900
1785392941.695152,4634,5394,5741,5197,200.1500,-91.1900
1785392941.720292,4634,5356,5769,5206,200.1500,-91.1900
1785392941.746750,4690,5309,5797,5216,198.8700,-91.1900
1785392941.771772,4559,5319,5797,5216,198.8700,-91.1900
1785392941.796752,4568,5319,5788,5188,197.4400,-91.1200
1785392941.821831,4587,5338,5788,5216,197.4400,-91.1200
1785392941.847599,4512,5319,5807,5206,201.4700,-91.1200
1785392941.872844,4578,5356,5779,5225,201.4700,-91.1200
1785392941.897929,4578,5347,5788,5225,200.1500,-91.1200
1785392941.923720,4512,5347,5816,5225,200.1500,-91.1200
1785392941.949492,4550,5375,5807,5216,200.1500,-91.1200
1785392941.974554,4531,5319,5788,5225,192.0300,-91.1200
1785392942.000454,4559,5319,5788,5234,192.0300,-91.1200
1785392942.025084,4540,5300,5816,5234,192.0300,-91.1200
1785392942.050313,4503,5309,5825,5225,197.4400,-91.1200
1785392942.077851,4578,5300,5797,5263,194.7400,-91.1200
1785392942.101509,4559,5338,5807,5263,194.7400,-91.1200
1785392942.128940,4559,5253,5844,5216,200.1500,-91.1200
1785392942.151762,4522,5291,5825,5253,200.1500,-91.1200
1785392942.179103,4484,5356,5854,5281,197.4400,-91.1200
1785392942.202476,4493,5338,5825,5244,197.4400,-91.1200
1785392942.228740,4475,5281,5844,5281,200.1500,-91.1900
1785392942.252868,4522,5272,5825,5328,200.1500,-91.1900
1785392942.281471,4503,5263,5882,5263,194.7400,-91.3100
1785392942.303607,4409,5309,5835,5300,194.7400,-91.3100
1785392942.330385,4456,5253,5797,5309,197.4400,-91.3700
1785392942.354167,4493,5300,5872,5347,197.4400,-91.3700
1785392942.381944,4465,5328,5910,5272,192.0300,-91.3700
1785392942.405385,4512,5234,5844,5328,192.0300,-91.3700
1785392942.433575,4475,5216,5835,5309,192.0300,-91.4400
1785392942.456772,4446,5197,5882,5319,192.0300,-91.4400
1785392942.481441,4465,5328,5891,5375,192.0300,-91.3700
1785392942.506755,4475,5234,5910,5338,192.0300,-91.3700
1785392942.531695,4409,5216,5910,5356,194.7400,-91.3100
1785392942.555834,4484,5234,5910,5413,194.7400,-91.3100
1785392942.581527,4484,5234,5947,5385,189.3300,-91.1900
1785392942.606467,4456,5225,5910,5356,189.3300,-91.1900
1785392942.632834,4343,5253,5882,5441,194.7400,-91.1200
1785392942.658558,4493,5216,5882,5431,194.7400,-91.1200
1785392942.683767,4390,5253,5919,5347,194.7400,-91.1200
1785392942.708590,4418,5281,5872,5431,194.7400,-91.1200
1785392942.732823,4371,5253,5929,5375,194.7400,-91.1200
1785392942.759155,4390,5178,5910,5431,194.7400,-91.1200
1785392942.784097,4381,5225,5900,5413,200.1500,-91.1900
1785392942.809622,4390,5197,5947,5385,200.1500,-91.1900
1785392942.834859,4362,5178,5929,5431,194.7400,-91.1900
1785392942.859921,4371,5272,5929,5469,194.7400,-91.1900
1785392942.885684,4418,5263,5929,5441,194.7400,-91.1900
1785392942.911550,4428,5169,5929,5450,194.7400,-91.1900
1785392942.936225,4428,5150,5929,5385,194.7400,-91.2500
1785392942.960883,4409,5178,5938,5497,194.7400,-91.2500
1785392942.987794,4371,5234,5957,5478,194.7400,-91.2500
1785392943.013015,4343,5225,5957,5506,194.7400,-91.2500
1785392943.037880,4343,5169,5957,5469,194.7400,-91.2500
1785392943.063130,4362,5122,5976,5497,194.7400,-91.2500
1785392943.089061,4334,5122,6004,5497,194.7400,-91.1900
1785392943.114177,4315,5131,5994,5488,194.7400,-91.1900
1785392943.139202,4343,5206,5994,5516,194.7400,-91.1900
1785392943.164044,4334,5169,5957,5544,194.7400,-91.1900
1785392943.188900,4362,5122,5976,5478,194.7400,-91.1200
1785392943.216335,4353,5150,6022,5516,194.7400,-91.1200
1785392943.242072,4278,5159,5994,5506,194.7400,-91.1200
1785392943.266080,4249,5150,6004,5506,194.7400,-91.1200
1785392943.290767,4306,5178,5976,5506,197.4400,-91.1900
1785392943.315948,4221,5159,5976,5516,197.4400,-91.1900
1785392943.341537,4343,5159,6013,5516,194.7400,-91.3100
1785392943.367598,4343,5159,6022,5544,194.7400,-91.3100
1785392943.392355,4343,5141,6013,5469,200.1500,-91.3700
1785392943.416818,4325,5159,6069,5544,200.1500,-91.3700
1785392943.443591,4353,5066,6032,5544,194.7400,-91.3700
1785392943.468333,4278,5103,6069,5460,194.7400,-91.3700
1785392943.493311,4268,5141,6022,5563,192.0300,-91.5000
1785392943.519056,4212,5122,6069,5544,192.0300,-91.5000
1785392943.544748,4334,5066,5994,5525,186.6200,-91.5600
1785392943.569468,4325,5075,6041,5506,186.6200,-91.5600
1785392943.595431,4249,5075,6051,5553,189.3300,-91.5600
1785392943.620616,4287,5112,6060,5553,189.3300,-91.5600
1785392943.645475,4268,5122,6060,5591,186.6200,-91.3700
1785392943.671354,4278,5103,6032,5600,186.6200,-91.3700
1785392943.697268,4325,5112,6069,5582,192.0300,-91.2500
1785392943.721595,4259,5056,6069,5572,192.0300,-91.2500
1785392943.747038,4268,5084,6051,5628,189.3300,-91.1900
1785392943.771864,4296,5066,6069,5610,189.3300,-91.1900
1785392943.797094,4278,5047,6088,5582,193.5700,-91.1900
1785392943.823046,4353,5084,6088,5675,193.5700,-91.1900
1785392943.848300,4325,5009,6107,5600,204.2300,-91.2500
1785392943.872728,4315,5056,6079,5600,204.2300,-91.2500
1785392943.899748,4249,5047,6079,5638,194.7400,-91.2500
1785392943.924922,4249,5009,6173,5619,194.7400,-91.1900
1785392943.949984,4249,5047,6069,5638,194.7400,-91.1900
1785392943.974912,4259,5009,6088,5591,194.7400,-91.1900
1785392944.000104,4184,5066,6135,5666,194.7400,-91.1900
1785392944.027564,4184,5103,6144,5666,192.0300,-91.1900
1785392944.051569,4221,5066,6088,5647,192.0300,-91.1900
1785392944.076300,4249,5094,6135,5666,190.9200,-91.2500
1785392944.101504,4259,5066,6135,5685,190.9200,-91.2500
1785392944.129532,4249,5056,6126,5666,198.7100,-91.2500
1785392944.152322,4259,5037,6163,5703,198.7100,-91.2500
1785392944.180625,4249,5028,6079,5666,194.7400,-91.2500
1785392944.202820,4184,5037,6097,5666,194.7400,-91.2500
1785392944.231439,4212,5009,6097,5666,188.2700,-91.1900
1785392944.252988,4165,5019,6107,5657,188.2700,-91.1900
1785392944.280629,4381,5009,6144,5685,198.7100,-91.1900
1785392944.303759,4381,5037,6191,5685,198.7100,-91.1900
1785392944.330456,4306,5019,6163,5732,194.7400,-91.1900
1785392944.355578,4334,4991,6173,5675,194.7400,-91.1900
1785392944.382045,4390,5019,6163,5694,197.4400,-91.3100
1785392944.405763,4090,4991,6182,5685,197.4400,-91.3100
1785392944.433017,4165,5009,6201,5703,193.5700,-91.3700
1785392944.455714,4259,5037,6182,5713,193.5700,-91.3700
1785392944.481972,4137,4981,6201,5685,194.7400,-91.4400
1785392944.507568,4174,4972,6182,5750,194.7400,-91.4400
1785392944.532350,4212,4953,6144,5703,192.0300,-91.5000
1785392944.556254,4296,4991,6201,5750,192.0300,-91.5000
1785392944.582864,4465,5009,6210,5713,193.1900,-91.5000
1785392944.608046,4334,5047,6201,5685,193.1900,-91.5000
1785392944.632953,4090,4972,6210,5685,192.0300,-91.4400
1785392944.658813,4249,4944,6191,5741,192.0300,-91.4400
1785392944.684028,4315,4953,6201,5769,188.2700,-91.3100
1785392944.709507,4099,4934,6219,5779,188.2700,-91.3100
1785392944.735485,4296,4953,6219,5750,194.7400,-91.1900
1785392944.760157,4221,5000,6248,5769,194.7400,-91.1900
1785392944.784635,4081,4915,6248,5769,193.1900,-91.1200
1785392944.811304,4099,4897,6248,5779,193.1900,-91.1200
1785392944.836932,4315,4944,6238,5750,194.7400,-91.1200
1785392944.862644,4325,4878,6229,5760,194.7400,-91.1200
1785392944.886585,4512,4944,6229,5760,190.9200,-91.1200
1785392944.911764,4306,4962,6201,5779,190.9200,-91.1200
1785392944.936886,4024,4925,6276,5825,195.9500,-91.1900
1785392944.962827,4156,4953,6238,5825,195.9500,-91.1900
1785392944.988134,4268,4972,6238,5807,190.9200,-91.2500
1785392945.013078,3921,5000,6266,5779,190.9200,-91.2500
1785392945.039958,4249,4962,6248,5835,194.7400,-91.3100
1785392945.064490,3949,4906,6323,5807,194.7400,-91.3100
1785392945.088792,3977,4915,6285,5854,195.9500,-91.3100
1785392945.114995,4203,4897,6304,5825,195.9500,-91.3100
1785392945.141024,3996,4981,6304,5844,192.0300,-91.3100
1785392945.166576,4024,4934,6238,5844,192.0300,-91.3100
1785392945.191493,4006,4869,6285,5910,190.9200,-91.2500
1785392945.216849,3921,4887,6276,5872,190.9200,-91.2500
1785392945.240538,3968,4803,6313,5910,194.7400,-91.2500
1785392945.266805,3940,4869,6294,5929,194.7400,-91.2500
1785392945.292110,3987,4850,6323,5872,194.7400,-91.2500
1785392945.317554,4118,4859,6304,5900,194.7400,-91.2500
1785392945.342600,3893,4850,6351,5854,193.1900,-91.2500
1785392945.367922,3931,4850,6323,5910,193.1900,-91.2500
1785392945.394325,3846,4822,6332,5900,194.7400,-91.2500
1785392945.419993,3893,4850,6276,5947,194.7400,-91.2500
1785392945.445138,4231,4840,6360,5882,188.2700,-91.3100
1785392945.468878,4249,4869,6379,5900,188.2700,-91.3100
1785392945.495728,3884,4869,6294,5929,194.7400,-91.3100
1785392945.520250,3799,4887,6332,5891,194.7400,-91.3100
1785392945.545360,3658,4803,6407,5919,195.9500,-91.4400
1785392945.571182,3734,4803,6341,5957,195.9500,-91.4400
1785392945.595942,3771,4897,6351,5919,190.9200,-91.5600
1785392945.622298,4156,4859,6388,5994,190.9200,-91.5600
1785392945.647024,3809,4840,6388,5929,192.0300,-91.5600
1785392945.672120,3780,4775,6388,5976,192.0300,-91.5600
1785392945.699803,3790,4812,6360,6004,193.1900,-91.6200
1785392945.722820,3752,4812,6351,5985,192.0300,-91.5000
1785392945.749285,3780,4840,6351,5947,192.0300,-91.5000
1785392945.774131,3790,4840,6398,5938,192.0300,-91.5000
1785392945.798578,3790,4784,6407,5976,192.0300,-91.4400
1785392945.824788,3799,4831,6426,5994,188.2700,-91.2500
1785392945.848977,3846,4822,6407,5976,188.2700,-91.2500
1785392945.873984,3902,4728,6379,5947,192.0300,-91.2500
1785392945.899850,4081,4794,6388,6013,192.0300,-91.2500
1785392945.924784,3762,4775,6388,5966,192.0300,-91.2500
1785392945.949653,3799,4803,6416,5985,189.3300,-91.3100
1785392945.976273,4071,4756,6416,5994,195.9500,-91.3100
1785392946.000935,3771,4747,6407,6004,195.9500,-91.3100
1785392946.025795,3790,4765,6501,6013,195.9500,-91.3100
1785392946.051621,3677,4775,6463,6022,197.4400,-91.3100
1785392946.077859,3715,4794,6445,5985,189.3300,-91.3100
1785392946.101805,3762,4765,6463,6013,189.3300,-91.3100
1785392946.130858,3846,4756,6426,6069,194.7400,-91.2500
1785392946.153081,4081,4756,6454,6013,194.7400,-91.2500
1785392946.181003,3743,4718,6426,6097,190.9200,-91.2500
1785392946.204030,4118,4672,6426,6041,190.9200,-91.2500
1785392946.231807,4137,4765,6398,6051,193.1900,-91.2500
1785392946.254672,4052,4747,6473,6022,193.1900,-91.2500
1785392946.283360,4034,4765,6482,6051,190.9200,-91.2500
1785392946.305594,4006,4700,6491,5994,190.9200,-91.2500
1785392946.332140,4381,4662,6510,6069,198.7100,-91.1900
1785392946.356314,3968,4728,6454,6097,198.7100,-91.1900
1785392946.381561,3537,4718,6454,6051,190.9200,-91.1200
1785392946.406247,4081,4672,6473,6051,190.9200,-91.1200
1785392946.432175,3612,4690,6510,6079,198.7100,-91.1200
1785392946.456834,3696,4756,6463,6097,198.7100,-91.1200
1785392946.482294,3780,4737,6473,6069,194.7400,-91.1900
1785392946.507572,3959,4709,6491,6088,194.7400,-91.1900
1785392946.532939,3621,4718,6482,6079,194.7400,-91.1900
1785392946.558233,3640,4690,6473,6060,194.7400,-91.1900
1785392946.584248,3621,4700,6482,6051,190.9200,-91.3100
1785392946.608942,3621,4662,6520,6041,190.9200,-91.3100
1785392946.633444,3621,4690,6463,6060,195.9500,-91.3700
1785392946.660246,4409,4709,6529,6079,195.9500,-91.3700
1785392946.685975,3630,4681,6529,6041,185.6200,-91.3700
1785392946.710872,3574,4653,6548,6069,185.6200,-91.3700
1785392946.735495,3583,4718,6538,6051,190.4300,-91.3700
1785392946.761328,3565,4615,6585,6069,190.4300,-91.3700
1785392946.786353,3565,4625,6548,6060,189.3300,-91.3700
1785392946.812044,3537,4615,6557,6097,189.3300,-91.3700
1785392946.836097,3537,4690,6529,6069,190.9200,-91.3700
1785392946.861079,3537,4625,6576,6069,190.9200,-91.3700
1785392946.888311,3499,4672,6557,6163,198.7100,-91.3100
1785392946.913211,3593,4615,6548,6163,198.7100,-91.3100
1785392946.938309,3490,4606,6548,6060,190.9200,-91.2500
1785392946.963542,3602,4662,6566,6097,190.9200,-91.2500
1785392946.989141,3565,4615,6566,6097,194.7400,-91.2500
1785392947.014392,3480,4615,6538,6107,194.7400,-91.2500
1785392947.040027,3527,4578,6595,6088,193.1900,-91.2500
1785392947.064989,3499,4615,6595,6107,193.1900,-91.2500
1785392947.091076,3583,4606,6585,6126,188.2700,-91.2500
1785392947.116173,3480,4634,6613,6116,188.2700,-91.2500
1785392947.142349,3480,4597,6623,6191,194.7400,-91.2500
1785392947.166433,3555,4615,6623,6135,194.7400,-91.2500
1785392947.191682,3574,4643,6595,6210,195.9500,-91.2500
1785392947.217991,3555,4578,6632,6163,195.9500,-91.2500
1785392947.243152,3443,4587,6632,6163,190.9200,-91.2500
1785392947.268289,3555,4625,6623,6210,190.9200,-91.2500
1785392947.295360,3565,4597,6623,6163,194.7400,-91.2500
1785392947.317977,3461,4643,6623,6182,194.7400,-91.2500
1785392947.344294,3471,4606,6679,6201,198.7100,-91.2500
1785392947.369649,3574,4662,6613,6238,198.7100,-91.2500
1785392947.394050,3574,4568,6595,6201,194.7400,-91.1900
1785392947.419601,3499,4634,6595,6219,194.7400,-91.1900
1785392947.445215,3480,4606,6707,6229,194.7400,-91.1900
1785392947.470357,3424,4615,6613,6266,194.7400,-91.1900
1785392947.496070,3461,4503,6660,6276,193.5700,-91.1200
1785392947.520732,3499,4597,6642,6332,193.5700,-91.1200
1785392947.545923,3471,4653,6632,6285,195.9500,-91.1200
1785392947.572149,3499,4503,6679,6285,195.9500,-91.1200
1785392947.596971,3461,4550,6670,6285,190.9200,-91.1900
1785392947.622072,3452,4568,6660,6323,190.9200,-91.1900
1785392947.647544,3452,4550,6670,6332,200.1500,-91.1900
1785392947.672882,3508,4587,6679,6370,200.1500,-91.2500
1785392947.698373,3471,4681,6735,6294,200.1500,-91.2500
1785392947.723962,3377,4522,6717,6370,200.1500,-91.2500
1785392947.748647,3424,4512,6679,6323,194.7400,-91.3100
1785392947.773837,3471,4484,6698,6285,194.7400,-91.3100
1785392947.799981,3480,4493,6698,6323,197.4400,-91.3100
1785392947.825127,3443,4512,6698,6341,197.4400,-91.3700
1785392947.850196,3405,4522,6745,6323,197.4400,-91.3700
1785392947.875568,3405,4559,6782,6304,197.4400,-91.3700
1785392947.901340,3415,4568,6754,6341,197.4400,-91.3100
1785392947.929082,3443,4522,6763,6341,197.4400,-91.3100
1785392947.951907,3424,4493,6726,6379,197.4400,-91.3100
1785392947.978452,3396,4475,6726,6332,200.1500,-91.2500
1785392948.000949,3443,4531,6754,6341,200.1500,-91.2500
1785392948.030328,3452,4578,6726,6360,200.1500,-91.1900
1785392948.052750,3443,4540,6726,6445,200.1500,-91.1900
1785392948.080968,3443,4578,6735,6313,202.8500,-91.1900
1785392948.103151,3452,4540,6754,6351,202.8500,-91.1900
1785392948.130815,3433,4465,6754,6351,201.4700,-91.1200
1785392948.153286,3415,4503,6745,6332,201.4700,-91.1200
1785392948.181968,3405,4437,6754,6388,193.5700,-91.1200
1785392948.205200,3405,4503,6745,6351,193.5700,-91.1200
1785392948.232755,3368,4531,6773,6379,200.1500,-91.1900
1785392948.256281,3396,4465,6773,6341,200.1500,-91.1900
1785392948.281631,3386,4409,6763,6454,198.7100,-91.2500
1785392948.306153,3358,4446,6763,6454,198.7100,-91.2500
1785392948.331124,3415,4418,6763,6454,190.9200,-91.3100
1785392948.356990,3405,4559,6820,6351,190.9200,-91.3100
1785392948.382919,3377,4353,6773,6416,194.7400,-91.3100
1785392948.407642,3377,4475,6848,6445,194.7400,-91.3100
1785392948.432019,3415,4418,6801,6416,194.7400,-91.3100
1785392948.456872,3377,4428,6792,6416,194.7400,-91.3100
1785392948.483299,3396,4362,6782,6398,189.3300,-91.3100
1785392948.508860,3415,4371,6801,6473,189.3300,-91.3100
1785392948.533975,3405,4381,6792,6473,194.7400,-91.2500
1785392948.559257,3377,4353,6810,6435,194.7400,-91.2500
1785392948.584742,3358,4381,6810,6416,194.7400,-91.2500
1785392948.609759,3340,4418,6820,6416,194.7400,-91.2500
1785392948.635765,3396,4475,6867,6435,194.7400,-91.2500
1785392948.660890,3358,4371,6839,6510,194.7400,-91.2500
1785392948.685310,3358,4381,6848,6445,194.7400,-91.2500
1785392948.711758,3311,4334,6820,6445,194.7400,-91.2500
1785392948.736979,3340,4325,6885,6435,197.4400,-91.3100
1785392948.762313,3349,4325,6904,6501,197.4400,-91.3100
1785392948.787484,3321,4334,6848,6491,194.7400,-91.3700
1785392948.813234,3321,4334,6885,6445,194.7400,-91.3700
1785392948.838852,3321,4662,6885,6491,194.7400,-91.4400
1785392948.863976,3349,4662,6885,6491,194.7400,-91.4400
1785392948.889389,3330,4371,6867,6529,194.7400,-91.4400
1785392948.913610,3321,4249,6885,6557,194.7400,-91.4400
1785392948.940810,3293,4212,6867,6491,193.1900,-91.5000
1785392948.964586,3330,4221,6914,6501,193.1900,-91.5000
1785392948.989740,3321,4306,6895,6548,190.9200,-91.3700
1785392949.015489,3340,4193,6989,6491,190.9200,-91.3700
1785392949.040894,3302,4306,6914,6491,192.0300,-91.2500
1785392949.065808,3311,4165,6914,6520,192.0300,-91.2500
1785392949.090599,3330,4221,6914,6548,189.3300,-91.1900
1785392949.116193,3255,4212,6895,6557,189.3300,-91.1900
1785392949.141073,3377,4221,6923,6538,194.7400,-91.1900
1785392949.166284,3283,4212,6989,6585,194.7400,-91.1900
1785392949.192728,3274,4137,6951,6632,192.0300,-91.1200
1785392949.217672,3293,4212,6932,6557,192.0300,-91.1200
1785392949.243056,3283,4287,6951,6548,192.0300,-91.1900
1785392949.268467,3255,4137,6932,6520,192.0300,-91.1900
1785392949.294002,3227,4212,6960,6576,192.0300,-91.1900
1785392949.319027,3246,4203,6989,6585,192.0300,-91.1900
1785392949.343966,3293,4249,6970,6538,189.3300,-91.2500
1785392949.368715,3199,4184,6970,6566,189.3300,-91.2500
1785392949.393729,3283,4165,7045,6585,194.7400,-91.1900
1785392949.421529,3302,4137,6979,6557,194.7400,-91.1900
1785392949.445708,3293,4156,6998,6557,189.3300,-91.2500
1785392949.470697,3255,4165,6979,6585,189.3300,-91.2500
1785392949.496958,3199,4090,6970,6557,192.0300,-91.2500
1785392949.521631,3218,4109,7036,6623,192.0300,-91.2500
1785392949.546405,3189,4184,6998,6623,189.3300,-91.3100
1785392949.571980,3218,4118,7017,6613,189.3300,-91.3100
1785392949.597031,3236,4071,7036,6679,194.7400,-91.2500
1785392949.622768,3199,4071,7036,6642,194.7400,-91.2500
1785392949.648413,3208,4137,7007,6576,194.7400,-91.2500
1785392949.673578,3218,4128,7026,6632,194.7400,-91.2500
1785392949.698511,3208,4024,7026,6623,197.4400,-91.1900
1785392949.724398,3208,4090,7017,6651,194.7400,-91.1200
1785392949.749941,3180,4052,7045,6679,194.7400,-91.1200
1785392949.774746,3161,4090,7120,6642,194.7400,-91.1200
1785392949.800246,3180,4090,7036,6688,194.7400,-91.1200
1785392949.827176,3236,4034,6998,6651,192.0300,-91.2500
1785392949.850658,3171,3996,7064,6670,192.0300,-91.2500
1785392949.877225,3152,4062,7092,6717,197.4400,-91.3700
1785392949.901285,3152,4109,7064,6632,197.4400,-91.3700
1785392949.929083,3161,4090,7036,6698,193.1900,-91.4400
1785392949.952492,3189,4034,7073,6679,193.1900,-91.4400
1785392949.980486,3180,4184,7073,6651,190.9200,-91.5000
1785392950.002440,3152,4146,7045,6745,190.9200,-91.5000
1785392950.031378,3161,4034,7064,6679,192.0300,-91.5000
1785392950.052948,3161,4034,7092,6679,192.0300,-91.5000
1785392950.080604,3171,4043,7101,6698,193.5700,-91.4400
1785392950.104165,3152,4024,7082,6726,193.5700,-91.4400
1785392950.132058,3124,3912,7101,6707,201.4700,-91.3100
1785392950.154357,3114,3921,7082,6651,201.4700,-91.3100
1785392950.183334,3152,3921,7064,6651,200.1500,-91.1900
1785392950.205237,3096,3987,7101,6735,200.1500,-91.1900
1785392950.232060,3077,3996,7026,6698,192.0300,-91.1200
1785392950.256053,3143,4015,7073,6698,192.0300,-91.1200
1785392950.282364,3086,4034,7101,6782,194.7400,-91.0600
1785392950.305821,3114,4015,7111,6782,194.7400,-91.0600
1785392950.332090,3105,3968,7148,6717,197.4400,-91.0600
1785392950.357166,3133,4015,7129,6726,197.4400,-91.0600
1785392950.382616,3096,3996,7157,6763,197.4400,-91.1200
1785392950.407903,3096,3987,7101,6773,197.4400,-91.1200
1785392950.433426,3124,3977,7120,6773,200.1500,-91.1900
1785392950.458223,3058,3921,7111,6763,200.1500,-91.1900
1785392950.484118,3096,3968,7157,6782,193.5700,-91.1900
1785392950.509419,3077,3921,7129,6810,193.5700,-91.1900
1785392950.535352,3133,3959,7092,6820,189.3300,-91.2500
1785392950.561118,3058,3968,7195,6763,189.3300,-91.2500
1785392950.585849,3049,3931,7176,6773,195.9500,-91.3100
1785392950.610292,3030,3931,7157,6754,195.9500,-91.3100
1785392950.636751,3030,3931,7129,6820,192.0300,-91.3100
1785392950.661521,3049,4371,7148,6848,192.0300,-91.3100
1785392950.686033,3030,3902,7233,6801,189.3300,-91.2500
1785392950.712471,3030,3865,7157,6820,189.3300,-91.2500
1785392950.736816,2974,3931,7157,6848,189.3300,-91.2500
1785392950.761801,3021,4006,7233,6848,189.3300,-91.2500
1785392950.788863,3011,4353,7195,6801,194.7400,-91.1900
1785392950.813472,3030,4325,7214,6820,194.7400,-91.1900
1785392950.838556,3021,3874,7214,6801,192.0300,-91.1900
1785392950.864060,2964,4315,7223,6820,192.0300,-91.1900
1785392950.889074,3002,4306,7186,6848,194.7400,-91.1900
1785392950.914512,3058,4306,7223,6839,194.7400,-91.1900
1785392950.940574,2992,3837,7233,6839,194.7400,-91.2500
1785392950.966690,3030,4259,7204,6867,194.7400,-91.2500
1785392950.991284,3039,3809,7214,6923,197.4400,-91.3700
1785392951.016112,3086,3771,7261,6848,197.4400,-91.3700
1785392951.041435,2992,4249,7214,6895,197.4400,-91.4400
1785392951.066483,3039,3790,7233,6885,197.4400,-91.4400
1785392951.093003,3002,4240,7223,6876,192.0300,-91.5000
1785392951.117856,3039,3790,7251,6923,192.0300,-91.5000
1785392951.142039,3011,4240,7251,6914,194.7400,-91.5000
1785392951.168036,2955,4231,7289,6923,194.7400,-91.5000
1785392951.193427,2992,4259,7261,6867,197.4400,-91.3700
1785392951.217734,2992,4165,7270,6951,197.4400,-91.3700
1785392951.244461,2927,3743,7270,6895,194.7400,-91.2500
1785392951.269442,2983,3771,7261,6885,194.7400,-91.2500
1785392951.294051,3058,3762,7289,6942,192.0300,-91.1200
1785392951.319450,2927,3762,7279,6923,192.0300,-91.1200
1785392951.345525,2983,3743,7298,6951,192.0300,-91.0600
1785392951.371001,3002,3715,7270,6960,192.0300,-91.0600
1785392951.396412,2992,4118,7251,6970,200.1500,-91.1200
1785392951.420820,2983,3771,7326,6914,200.1500,-91.1200
1785392951.447179,2983,4146,7364,6960,200.1500,-91.1200
1785392951.472649,2946,4137,7354,6942,200.1500,-91.1200
1785392951.496887,3002,3762,7354,6989,197.4400,-91.2500
1785392951.522449,2955,4128,7326,7026,197.4400,-91.2500
1785392951.547376,2946,4128,7317,6989,200.1500,-91.2500
1785392951.572987,2889,4128,7317,6951,194.7400,-91.2500
1785392951.598573,2927,4109,7317,6942,194.7400,-91.2500
1785392951.623771,2983,3715,7298,6989,194.7400,-91.2500
1785392951.648682,2908,4090,7308,7045,194.7400,-91.3100
1785392951.673687,2927,4099,7373,7036,194.7400,-91.3100
1785392951.700427,2908,4081,7364,7007,194.7400,-91.2500
1785392951.725469,2946,4231,7401,7026,197.4400,-91.2500
1785392951.750365,2889,4503,7345,7045,197.4400,-91.2500
1785392951.775809,2880,4081,7401,7064,197.4400,-91.2500
1785392951.801695,2936,4081,7336,7054,197.4400,-91.1900
1785392951.828860,2889,4052,7364,7082,194.7400,-91.1900
1785392951.851974,2927,4099,7364,7054,194.7400,-91.1900
1785392951.878903,2917,3855,7345,7101,196.2200,-91.1900
1785392951.902040,2936,4062,7364,7120,196.2200,-91.1900
1785392951.930918,2814,4081,7364,7064,195.9500,-91.1900
1785392951.953542,2908,4062,7345,7064,195.9500,-91.1900
1785392951.981416,2852,4456,7383,7139,194.7400,-91.1900
1785392952.003607,2861,4090,7448,7082,194.7400,-91.1900
1785392952.031168,2805,4043,7364,7092,197.4400,-91.3100
1785392952.055080,2795,4015,7392,7064,197.4400,-91.3100
1785392952.081657,2852,4043,7373,7129,185.6200,-91.3700
1785392952.105267,2805,4109,7401,7073,185.6200,-91.3700
1785392952.133453,2824,4062,7392,7092,192.0300,-91.4400
1785392952.155258,2767,4006,7401,7082,192.0300,-91.4400
1785392952.183178,2805,3640,7458,7129,193.1900,-91.4400
1785392952.206460,2795,3640,7430,7111,193.1900,-91.4400
1785392952.233718,2767,4081,7467,7120,186.6200,-91.3700
1785392952.257373,2842,4146,7411,7157,186.6200,-91.3700
1785392952.282759,2805,4418,7458,7157,185.6200,-91.1900
1785392952.307199,2767,4465,7420,7139,185.6200,-91.1900
1785392952.332795,2805,4428,7495,7148,195.9500,-91.0600
1785392952.358018,2749,4052,7448,7148,195.9500,-91.0600
1785392952.383329,2795,4090,7439,7157,194.7400,-91.0000
1785392952.409804,2814,4071,7486,7157,194.7400,-91.0000
1785392952.434639,2711,4522,7467,7167,193.5700,-90.9400
1785392952.458341,2795,4090,7467,7204,193.5700,-90.9400
1785392952.485065,2739,4446,7495,7157,195.9500,-90.9400
1785392952.509960,2749,4446,7505,7176,195.9500,-90.9400
1785392952.535140,2777,4484,7476,7186,194.7400,-90.9400
1785392952.561141,2814,4446,7486,7176,194.7400,-90.9400
1785392952.585982,2739,4475,7476,7204,194.7400,-90.9400
1785392952.612352,2767,4428,7495,7223,194.7400,-90.9400
1785392952.637464,2730,4465,7505,7204,188.2700,-90.9400
1785392952.661794,2711,4400,7505,7251,188.2700,-90.9400
1785392952.686641,2711,4437,7551,7242,195.9500,-90.9400
1785392952.712555,2655,4456,7523,7242,195.9500,-90.9400
1785392952.737744,2702,4390,7514,7233,188.2700,-91.0000
1785392952.763721,2692,4409,7514,7270,188.2700,-91.0000
1785392952.788731,2664,4465,7551,7214,195.9500,-91.0000
1785392952.813906,2664,4353,7514,7279,195.9500,-91.0000
1785392952.839557,2636,4437,7533,7279,188.2700,-91.1200
1785392952.865393,2683,4428,7523,7242,188.2700,-91.1200
1785392952.890712,2683,4400,7589,7279,192.0300,-91.1900
1785392952.914190,2749,4418,7598,7279,192.0300,-91.1900
1785392952.941501,2683,4006,7542,7214,195.9500,-91.2500
1785392952.966254,2758,4390,7570,7223,195.9500,-91.2500
1785392952.991876,2692,4334,7561,7298,185.6200,-91.2500
1785392953.016525,2767,4390,7533,7261,185.6200,-91.2500
1785392953.041530,2711,3940,7561,7261,190.4300,-91.3700
1785392953.068088,2608,4362,7551,7261,190.4300,-91.3700
1785392953.093048,2664,4006,7542,7242,188.2700,-91.3700
1785392953.118758,2683,4306,7589,7270,188.2700,-91.3700
1785392953.142515,2749,4325,7580,7326,186.6200,-91.5000
1785392953.168795,2683,4306,7580,7270,186.6200,-91.5000
1785392953.194100,2683,4278,7598,7289,190.4300,-91.5600
1785392953.219010,2655,4278,7589,7317,190.4300,-91.5600
1785392953.244488,2655,4325,7551,7279,180.3100,-91.5600
1785392953.269443,2655,4287,7608,7308,180.3100,-91.5600
1785392953.295240,2711,4287,7617,7354,184.9100,-91.5000
1785392953.321187,2683,4315,7570,7326,184.9100,-91.5000
1785392953.346131,2720,4315,7608,7289,177.6600,-91.4400
1785392953.370454,2645,4287,7608,7336,177.6600,-91.4400
1785392953.396553,2617,4203,7645,7364,178.5100,-91.2500
1785392953.421665,2627,4240,7570,7326,178.5100,-91.2500
1785392953.446532,2702,4306,7570,7373,183.9200,-91.1900
1785392953.472457,2702,4240,7598,7326,183.9200,-91.1900
1785392953.497433,2674,4212,7655,7430,182.1500,-91.1200
1785392953.522459,2617,4212,7617,7383,180.3100,-91.0600
1785392953.549291,2702,4212,7636,7326,180.3100,-91.0600
1785392953.573605,2598,4249,7664,7336,180.3100,-91.0600
1785392953.598445,2589,4240,7627,7317,182.1500,-91.0600
1785392953.624672,2645,4221,7627,7373,180.3100,-91.1200
1785392953.650799,2598,4146,7627,7373,180.3100,-91.1200
1785392953.674844,2627,4174,7636,7354,181.2100,-91.1200
1785392953.701190,2636,4221,7655,7354,181.2100,-91.1200
1785392953.725372,2664,4212,7683,7373,181.2100,-91.1200
1785392953.751202,2608,4184,7636,7345,182.1500,-91.1900
1785392953.778841,2514,4165,7720,7354,172.3600,-91.2500
1785392953.801523,2608,4203,7683,7383,172.3600,-91.2500
1785392953.826690,2570,4165,7673,7392,175.8000,-91.3100
1785392953.852881,2570,4156,7673,7373,175.8000,-91.3100
1785392953.881714,2542,4137,7683,7364,173.8700,-91.3700
1785392953.903545,2598,4156,7702,7401,173.8700,-91.3700
1785392953.932413,2533,4184,7702,7354,169.7100,-91.3100
1785392953.953381,2533,4118,7730,7354,169.7100,-91.3100
1785392953.981972,2523,4184,7692,7401,173.1000,-91.3100
1785392954.004647,2598,4156,7739,7392,173.1000,-91.3100
1785392954.033939,2514,4212,7683,7383,173.1000,-91.2500
1785392954.054862,2561,4156,7730,7411,173.1000,-91.2500
1785392954.081851,2570,4137,7730,7420,168.3500,-91.1900
1785392954.106422,2561,4118,7767,7411,168.3500,-91.1900
1785392954.132902,2495,4165,7748,7439,164.4000,-91.1200
1785392954.156811,2542,4156,7720,7411,164.4000,-91.1200
1785392954.183280,2486,4146,7758,7448,164.9900,-91.1900
1785392954.207616,2580,4109,7720,7467,164.9900,-91.1900
1785392954.233211,2505,4156,7795,7448,167.6900,-91.2500
1785392954.258494,2533,4165,7767,7495,167.6900,-91.2500
1785392954.282381,2439,4118,7758,7439,164.9900,-91.3100
1785392954.308702,2514,4137,7758,7467,164.9900,-91.3100
1785392954.333582,2598,4109,7739,7458,162.2800,-91.4400
1785392954.358517,2523,4109,7758,7476,162.2800,-91.4400
1785392954.384401,2514,4156,7795,7495,168.3500,-91.5600
1785392954.409332,2505,4109,7795,7514,168.3500,-91.5600
1785392954.434526,2505,4118,7758,7467,164.4000,-91.5600
1785392954.459486,2523,4146,7805,7514,164.4000,-91.5600
1785392954.485556,2486,4128,7786,7551,162.2800,-91.5600
1785392954.510344,2430,4146,7748,7505,162.2800,-91.5600
1785392954.535347,2448,4146,7739,7514,162.2800,-91.5600
1785392954.561727,2477,4128,7805,7551,162.2800,-91.5600
1785392954.586987,2486,4099,7805,7476,162.2800,-91.5000
1785392954.611961,2401,4118,7786,7505,162.2800,-91.5000
1785392954.637280,2448,4128,7795,7514,159.5800,-91.4400
1785392954.662856,2420,4146,7758,7551,159.5800,-91.4400
1785392954.687711,2420,4109,7833,7533,162.2800,-91.3700
1785392954.713983,2505,4109,7786,7514,162.2800,-91.3700
1785392954.738550,2401,4146,7786,7514,156.8700,-91.3700
1785392954.763329,2439,4109,7852,7458,156.8700,-91.3700
1785392954.789761,2439,4090,7814,7514,159.5800,-91.3700
1785392954.814809,2448,4090,7814,7551,159.5800,-91.3700
1785392954.839916,2411,4052,7805,7551,156.8700,-91.3700
1785392954.865264,2420,4099,7824,7570,156.8700,-91.3700
1785392954.891058,2411,4015,7833,7542,162.8300,-91.3700
1785392954.916106,2430,4071,7824,7570,162.8300,-91.3700
1785392954.942441,2392,4024,7833,7598,159.5800,-91.3700
1785392954.966269,2392,4043,7833,7570,159.5800,-91.3700
1785392954.991293,2533,4109,7852,7542,151.1400,-91.4400
1785392955.018281,2448,4071,7870,7580,151.1400,-91.4400
1785392955.043882,2392,4052,7833,7608,154.1700,-91.3700
1785392955.067648,2430,4062,7833,7570,154.1700,-91.3700
1785392955.093251,2420,4034,7833,7589,154.1700,-91.3700
1785392955.119388,2458,4034,7870,7589,154.1700,-91.3700
1785392955.143935,2420,4052,7870,7570,151.4600,-91.3100
1785392955.169511,2448,4090,7861,7561,151.4600,-91.3100
1785392955.194352,2364,4081,7842,7589,151.4600,-91.3100
1785392955.219267,2364,4052,7852,7636,151.4600,-91.3100
1785392955.245499,2401,4015,7833,7645,151.4600,-91.3700
1785392955.270464,2401,4034,7852,7589,151.4600,-91.3700
1785392955.295462,2430,4109,7889,7627,151.4600,-91.3100
1785392955.321271,2430,4062,7908,7720,151.4600,-91.3100
1785392955.346517,2392,4015,7927,7627,151.4600,-91.3100
1785392955.371670,2326,4034,7927,7636,151.4600,-91.3100
1785392955.397977,2345,4006,7936,7655,145.8400,-91.2500
1785392955.422858,2411,4006,7899,7655,145.8400,-91.2500
1785392955.447324,2411,4034,7927,7692,151.7900,-91.2500
1785392955.474249,2430,4071,7955,7627,151.7900,-91.2500
1785392955.498838,2430,4006,7927,7645,151.4600,-91.2500
1785392955.523979,2355,3977,7955,7608,151.4600,-91.2500
1785392955.549283,2383,3996,7945,7636,148.7600,-91.2500
1785392955.574932,2355,4015,7964,7636,146.0500,-91.2500
1785392955.599839,2355,4052,7945,7664,146.0500,-91.2500
1785392955.625869,2355,4052,8002,7664,146.0500,-91.2500
1785392955.650664,2345,4052,8002,7664,146.0500,-91.2500
1785392955.675277,2345,3996,7964,7720,146.0500,-91.2500
1785392955.701965,2345,4052,7964,7664,143.3500,-91.3100
1785392955.729415,2308,3977,7917,7683,143.3500,-91.3700
1785392955.752020,2308,3959,7917,7683,143.3500,-91.3700
1785392955.778354,2289,4090,7955,7748,140.5400,-91.3100
1785392955.802465,2383,3968,8002,7702,140.5400,-91.3100
1785392955.829642,2345,3996,7964,7702,140.7500,-91.3700
1785392955.853710,2373,3977,7964,7711,140.7500,-91.3700
1785392955.882331,2326,3987,7974,7711,140.6400,-91.4400
1785392955.903295,2270,3977,8030,7711,140.6400,-91.4400
1785392955.931411,2289,4034,7945,7739,140.6400,-91.4400
1785392955.955211,2345,4024,7974,7739,140.6400,-91.4400
1785392955.983976,2326,4024,7974,7730,140.6400,-91.3700
1785392956.004278,2317,4034,8002,7739,140.6400,-91.3700
1785392956.033166,2308,3977,8002,7767,146.0500,-91.3700
1785392956.056164,2298,3987,7992,7739,146.0500,-91.3700
1785392956.083460,2233,3996,7945,7767,137.8900,-91.3100
1785392956.106588,2204,4052,8039,7730,137.8900,-91.3100
1785392956.133739,2308,4043,8058,7730,143.5100,-91.3100
1785392956.157533,2242,4090,8021,7711,143.5100,-91.3100
1785392956.183035,2214,3968,8039,7739,137.8900,-91.2500
1785392956.208433,2214,3996,8021,7777,137.8900,-91.2500
1785392956.232405,2280,3987,8021,7758,140.7500,-91.2500
1785392956.258526,2223,3940,8039,7758,140.7500,-91.2500
1785392956.283910,2280,3968,8011,7730,137.9400,-91.2500
1785392956.309197,2298,4015,8011,7720,137.9400,-91.2500
1785392956.334570,2317,3931,8039,7739,132.5800,-91.2500
1785392956.359682,2261,4015,8011,7739,132.5800,-91.2500
1785392956.385309,2280,3931,8039,7739,137.9900,-91.2500
1785392956.411087,2289,3987,8049,7739,137.9900,-91.2500
1785392956.436512,2251,3977,8049,7739,135.2300,-91.2500
1785392956.461226,2270,3977,7992,7730,135.2300,-91.2500
1785392956.486621,2251,3968,8086,7720,137.8900,-91.2500
1785392956.511855,2261,3940,8086,7777,137.8900,-91.2500
1785392956.536894,2308,3996,8039,7833,137.9900,-91.2500
1785392956.562452,2176,3940,8114,7767,137.9900,-91.2500
1785392956.587620,2195,3931,8077,7767,137.9400,-91.3100
1785392956.612911,2270,3959,8049,7739,137.9400,-91.3100
1785392956.639354,2261,3977,8049,7739,132.5800,-91.3700
1785392956.663715,2261,3912,8067,7805,132.5800,-91.3700
1785392956.689065,2186,3959,8114,7814,137.9900,-91.3700
1785392956.715601,2176,3912,8114,7814,137.9900,-91.3700
1785392956.739074,2158,3940,8049,7814,137.8900,-91.3100
1785392956.764080,2298,3940,8049,7814,137.8900,-91.3100
1785392956.789776,2204,3874,8105,7824,137.9400,-91.2500
1785392956.815164,2195,3884,8105,7824,137.9400,-91.2500
1785392956.840899,2233,3884,8105,7824,132.4700,-91.1900
1785392956.866447,2204,3949,8086,7814,132.4700,-91.1900
1785392956.891923,2261,3959,8086,7814,132.5300,-91.1900
1785392956.916213,2186,3902,8086,7805,132.5300,-91.1900
1785392956.942862,2233,3902,8114,7889,132.5800,-91.1900
1785392956.967898,2148,3893,8114,7805,132.5800,-91.1900
1785392956.992773,2176,3902,8077,7870,135.2300,-91.1900
1785392957.018345,2167,3959,8105,7870,135.2300,-91.1900
1785392957.043268,2158,3968,8152,7889,137.9400,-91.2500
1785392957.068902,2195,3949,8142,7889,137.9400,-91.2500
1785392957.095292,2223,3940,8133,7908,135.2300,-91.2500
1785392957.120450,2158,3940,8133,7870,135.2300,-91.2500
1785392957.144760,2195,3837,8124,7880,135.2300,-91.3100
1785392957.171612,2120,3884,8142,7880,135.2300,-91.3100
1785392957.195804,2233,3921,8161,7908,140.7500,-91.3700
1785392957.220690,2280,3931,8161,7908,140.7500,-91.3700
1785392957.246554,2204,3874,8161,7899,132.5800,-91.5000
1785392957.271224,2129,3874,8142,7870,132.5800,-91.5000
1785392957.297084,2214,3846,8152,7870,140.7500,-91.5600
1785392957.322280,2214,3940,8152,7870,140.7500,-91.5600
1785392957.348074,2167,3865,8180,7908,132.5300,-91.5600
1785392957.372255,2195,3884,8161,7945,132.5300,-91.5600
1785392957.398783,2129,3865,8171,7917,137.8900,-91.5600
1785392957.424396,2167,3949,8189,7936,137.9900,-91.5600
1785392957.448577,2186,3855,8161,7964,137.9900,-91.5600
1785392957.474123,2326,3912,8161,7974,137.9900,-91.5600
1785392957.499083,2204,3921,8199,7927,135.2300,-91.5600
1785392957.524751,2101,3921,8199,7964,129.8300,-91.4400
1785392957.552769,2139,3912,8218,7945,129.8300,-91.4400
1785392957.576479,2261,3931,8208,8021,132.5300,-91.3700
1785392957.600963,2158,3893,8208,7992,132.5300,-91.3700
1785392957.626844,2167,3855,8227,8021,127.2800,-91.3100
1785392957.652020,2195,3893,8199,7955,127.2800,-91.3100
1785392957.678010,2195,3940,8180,7945,126.9500,-91.3100
1785392957.701875,2073,3893,8264,8021,126.9500,-91.3100
1785392957.729342,2195,3884,8246,7964,129.8300,-91.3100
1785392957.752241,2167,3855,8208,7974,129.8300,-91.3100
1785392957.779103,2129,3846,8208,7974,127.1200,-91.2500
1785392957.803781,2214,3846,8218,7983,127.1200,-91.2500
1785392957.832035,2101,3846,8218,7955,127.1200,-91.3100
1785392957.853096,2148,3865,8218,8002,127.1200,-91.3100
1785392957.882277,2120,3837,8218,7992,127.1200,-91.2500
1785392957.904794,2111,3865,8227,7992,127.1200,-91.2500
1785392957.932811,2129,3865,8274,8021,124.6300,-91.2500
1785392957.955109,2176,3893,8274,8021,124.6300,-91.2500
1785392957.983559,2214,3912,8274,8058,127.1200,-91.2500
1785392958.005735,2129,3827,8274,8049,127.1200,-91.2500
1785392958.031829,2148,3912,8274,7964,127.1200,-91.2500
1785392958.056149,2167,3884,8274,8039,127.1200,-91.2500
1785392958.081684,2167,3893,8293,8077,121.7100,-91.3100
1785392958.107401,2111,3846,8274,8067,121.7100,-91.3100
1785392958.133460,2120,3827,8264,8021,121.7100,-91.3100
1785392958.157955,2139,3846,8293,8058,121.7100,-91.3100
1785392958.183624,2195,3827,8302,8021,121.4400,-91.3100
1785392958.209236,2158,3865,8274,8058,121.4400,-91.3100
1785392958.235062,2092,3902,8283,8067,119.3200,-91.3100
1785392958.259896,2101,3846,8246,8077,119.3200,-91.3100
1785392958.285407,2139,3809,8349,8058,121.4400,-91.3100
1785392958.309911,2054,3818,8330,8002,121.4400,-91.3100
1785392958.335886,2111,3931,8255,8086,119.0100,-91.2500
1785392958.360883,2148,3902,8255,8058,119.0100,-91.2500
1785392958.385881,2242,3902,8274,8030,114.0200,-91.3100
1785392958.411071,2129,3884,8274,8030,114.0200,-91.3100
1785392958.436887,2101,3846,8283,8021,119.0100,-91.3100
1785392958.462001,2139,3846,8283,8086,119.0100,-91.3100
1785392958.487573,2129,3865,8311,8058,113.6000,-91.3100
1785392958.512306,2148,3893,8339,8030,113.6000,-91.3100
1785392958.537044,2195,3846,8293,8096,116.3000,-91.3700
1785392958.563771,2186,3799,8311,8096,116.3000,-91.3700
1785392958.588839,2139,3780,8311,8077,113.6000,-91.2500
1785392958.613685,2073,3762,8311,8077,113.6000,-91.2500
1785392958.639815,2120,3884,8302,8077,116.3000,-91.2500
1785392958.664157,2167,3865,8302,8067,116.3000,-91.2500
1785392958.690312,2092,3827,8311,8058,119.0100,-91.2500
1785392958.715607,2036,3846,8339,8086,119.0100,-91.2500
1785392958.740476,2073,3865,8396,8161,116.3000,-91.2500
1785392958.765033,2083,3874,8302,8096,116.3000,-91.2500
1785392958.791256,2054,3837,8293,8058,118.6800,-91.2500
1785392958.816253,2064,3827,8339,8105,118.6800,-91.2500
1785392958.841714,2054,3855,8283,8152,114.0200,-91.3100
1785392958.867570,2017,3818,8321,8133,114.0200,-91.3100
1785392958.892231,1998,3855,8302,8171,113.6000,-91.3100
1785392958.917474,2073,3874,8321,8142,113.6000,-91.3100
1785392958.943378,2045,3799,8339,8124,113.6000,-91.3700
1785392958.968509,1979,3809,8302,8180,113.6000,-91.3700
1785392958.993064,2073,3818,8311,8124,113.6000,-91.3700
1785392959.019254,2101,3884,8358,8105,113.6000,-91.3700
1785392959.044188,2111,3790,8368,8189,116.3000,-91.3700
1785392959.069689,2054,3846,8321,8077,116.3000,-91.3700
1785392959.095014,2045,3799,8330,8152,113.6000,-91.5000
1785392959.120022,2054,3780,8330,8152,113.6000,-91.5000
1785392959.145937,2139,3855,8330,8152,108.1900,-91.5000
1785392959.171920,2045,3799,8386,8105,108.1900,-91.5000
1785392959.196783,2054,3855,8358,8142,110.8900,-91.5000
1785392959.223236,2017,3865,8358,8171,110.8900,-91.5000
1785392959.247302,2017,3762,8358,8227,108.1900,-91.5000
1785392959.271909,2045,3780,8339,8189,108.1900,-91.5000
1785392959.296924,2007,3780,8330,8161,113.1600,-91.4400
1785392959.322494,2064,3762,8302,8171,113.1600,-91.4400
1785392959.347986,2007,3752,8339,8180,108.7200,-91.4400
1785392959.373122,1961,3743,8349,8189,108.7200,-91.4400
1785392959.399150,1970,3837,8396,8171,108.1900,-91.3700
1785392959.424080,1942,3734,8358,8152,108.1900,-91.3700
1785392959.448950,1951,3715,8349,8161,113.1600,-91.3100
1785392959.475890,2064,3715,8358,8142,106.0700,-91.3100
1785392959.500787,2017,3743,8405,8199,106.0700,-91.3100
1785392959.525606,2045,3696,8368,8199,108.1900,-91.3700
1785392959.550895,2026,3734,8349,8218,108.1900,-91.3700
1785392959.575799,1904,3771,8461,8246,108.1900,-91.3700
1785392959.601253,1998,3705,8405,8208,108.1900,-91.3700
1785392959.628928,1932,3724,8424,8189,110.8900,-91.3700
1785392959.652758,1932,3705,8452,8236,110.8900,-91.3700
1785392959.679587,1961,3790,8452,8208,105.4800,-91.3700
1785392959.703547,1989,3752,8405,8218,105.4800,-91.3700
1785392959.731767,1961,3687,8386,8199,110.8900,-91.3100
1785392959.753730,1951,3715,8461,8227,110.8900,-91.3100
1785392959.781145,1989,3743,8405,8274,110.8900,-91.3100
1785392959.804241,1951,3734,8405,8246,110.8900,-91.3100
1785392959.832580,1914,3687,8433,8274,108.1900,-91.2500
1785392959.855667,1979,3687,8443,8246,108.1900,-91.2500
1785392959.883927,1970,3752,8433,8218,110.4000,-91.2500
1785392959.906893,1998,3696,8433,8236,110.4000,-91.2500
1785392959.932567,1970,3780,8443,8274,106.0700,-91.2500
1785392959.956733,1923,3658,8415,8293,106.0700,-91.2500
1785392959.982142,1961,3705,8480,8302,108.1900,-91.3100
1785392960.006447,1923,3715,8490,8274,108.1900,-91.3100
1785392960.031392,1979,3771,8443,8274,105.4800,-91.3100
1785392960.057175,1970,3715,8452,8274,105.4800,-91.3100
1785392960.083009,1932,3668,8443,8274,102.7800,-91.1900
1785392960.108255,1895,3668,8461,8255,102.7800,-91.1900
1785392960.132831,1923,3687,8424,8311,102.7800,-91.2500
1785392960.158351,1904,3705,8490,8311,102.7800,-91.2500
1785392960.184735,1923,3734,8518,8302,100.0700,-91.2500
1785392960.209303,1970,3762,8490,8358,100.0700,-91.2500
1785392960.233814,1914,3677,8443,8274,100.0700,-91.3100
1785392960.259819,1914,3752,8490,8283,100.0700,-91.3100
1785392960.285046,1942,3724,8480,8293,100.0700,-91.3700
1785392960.310053,1914,3743,8461,8311,100.0700,-91.3700
1785392960.336088,1942,3715,8443,8321,100.0700,-91.3700
1785392960.361318,1942,3752,8490,8321,100.0700,-91.3700
1785392960.386558,2092,3771,8499,8339,100.0700,-91.4400
1785392960.412815,1904,3668,8490,8339,100.0700,-91.4400
1785392960.437675,1914,3705,8490,8349,97.3700,-91.4400
1785392960.461799,1951,3734,8508,8321,97.3700,-91.4400
1785392960.487845,1904,3771,8471,8321,97.3700,-91.4400
1785392960.513028,1932,3743,8480,8349,97.3700,-91.4400
1785392960.538024,1923,3762,8490,8368,102.7800,-91.3700
1785392960.564028,1923,3696,8499,8396,102.7800,-91.3700
1785392960.588775,1914,3827,8499,8386,97.3700,-91.3700
1785392960.613844,1914,3687,8499,8321,97.3700,-91.3700
1785392960.640671,1942,3818,8508,8377,97.3700,-91.3700
1785392960.665247,1923,3687,8527,8358,97.3700,-91.3700
1785392960.690158,1923,3743,8490,8405,97.3700,-91.3100
1785392960.716585,2017,3809,8490,8405,97.3700,-91.3100
1785392960.741790,1932,3752,8546,8461,100.0700,-91.3100
1785392960.767282,2017,3790,8546,8461,100.0700,-91.3100
1785392960.792285,2007,3790,8546,8461,97.3700,-91.3100
1785392960.817846,1961,3790,8546,8461,97.3700,-91.3100
1785392960.842383,1979,3771,8546,8461,97.3700,-91.3100
1785392960.869195,1867,3743,8546,8461,97.3700,-91.3100
1785392960.893449,1895,3705,8527,8405,97.3700,-91.3100
1785392960.918341,1989,3752,8546,8443,97.3700,-91.3100
1785392960.943883,1951,3687,8518,8377,94.6600,-91.3100
1785392960.969544,1895,3687,8518,8377,94.6600,-91.3100
1785392960.994397,1867,3668,8546,8424,91.9600,-91.3100
1785392961.020217,1904,3668,8546,8424,91.9600,-91.3100
1785392961.044802,1904,3649,8546,8405,91.9600,-91.3700
1785392961.069466,1904,3724,8555,8405,91.9600,-91.3700
1785392961.096008,1989,3724,8555,8415,97.3700,-91.3700
1785392961.121079,1848,3743,8518,8386,97.3700,-91.3700
1785392961.146097,1886,3780,8518,8386,89.2500,-91.4400
1785392961.172032,1932,3724,8565,8386,89.2500,-91.4400
1785392961.197423,1848,3724,8565,8386,91.9600,-91.5000
1785392961.222352,1876,3602,8565,8452,91.9600,-91.5000
1785392961.248559,1839,3668,8546,8386,94.6600,-91.5600
1785392961.273224,1857,3602,8574,8415,94.6600,-91.5600
1785392961.299558,1867,3649,8518,8433,89.2500,-91.5600
1785392961.324567,1876,3658,8555,8433,89.2500,-91.5600
1785392961.349606,1904,3612,8583,8424,89.2500,-91.5600
1785392961.374752,1867,3687,8583,8461,89.2500,-91.5600
1785392961.399997,1895,3687,8555,8461,91.9600,-91.5600
1785392961.425816,1857,3705,8546,8424,86.5500,-91.5000
1785392961.450800,1848,3658,8536,8480,86.5500,-91.5000
1785392961.476478,1932,3715,8593,8443,83.8500,-91.5000
1785392961.501108,1839,3874,8593,8415,83.8500,-91.5000
1785392961.526754,1876,3677,8621,8415,86.5500,-91.4400
1785392961.552484,1820,3743,8574,8480,86.5500,-91.4400
1785392961.578704,1820,3724,8593,8452,81.1400,-91.3700
1785392961.602374,1839,3621,8593,8471,81.1400,-91.3700
1785392961.630612,1857,3762,8536,8452,81.1400,-91.3100
1785392961.654068,1773,3724,8602,8499,81.1400,-91.3100
1785392961.680427,1820,3621,8593,8452,81.1400,-91.3100
1785392961.703505,1876,3780,8583,8471,81.1400,-91.3100
1785392961.731492,1773,3677,8630,8461,81.1400,-91.3100
1785392961.754870,1839,3677,8621,8499,81.1400,-91.3100
1785392961.785057,1810,3790,8602,8490,86.5500,-91.2500
1785392961.805298,1839,3668,8583,8499,86.5500,-91.2500
1785392961.833238,1820,3649,8611,8518,81.1400,-91.3100
1785392961.854713,1801,3687,8621,8508,81.1400,-91.3100
1785392961.882663,1820,3771,8602,8499,86.5500,-91.3100
1785392961.906507,1801,3715,8574,8499,86.5500,-91.3100
1785392961.932715,1820,3677,8611,8508,86.5500,-91.3700
1785392961.956837,1829,3696,8611,8527,86.5500,-91.3700
1785392961.983202,1839,3696,8611,8527,82.2000,-91.3100
1785392962.007622,1829,3771,8611,8480,82.2000,-91.3100
1785392962.033310,1839,3649,8621,8527,88.3200,-91.3700
1785392962.058036,1792,3734,8611,8499,88.3200,-91.3700
1785392962.082988,1839,3668,8611,8471,86.5500,-91.3700
1785392962.109752,1782,3715,8640,8499,86.5500,-91.3700
1785392962.134471,1792,3640,8640,8518,86.5500,-91.3700
1785392962.159272,1801,3705,8640,8452,86.5500,-91.3700
1785392962.184935,1810,3837,8640,8490,83.8500,-91.3700
1785392962.210086,1820,3687,8649,8490,83.8500,-91.3700
1785392962.235588,1782,3752,8658,8518,83.8500,-91.3700
1785392962.261241,1792,3734,8649,8518,83.8500,-91.3700
1785392962.286142,1782,3658,8649,8480,83.8500,-91.3700
1785392962.311337,1801,3762,8640,8508,83.8500,-91.3700
1785392962.337404,1792,3668,8658,8536,84.8500,-91.4400
1785392962.362477,1820,3696,8658,8499,84.8500,-91.4400
1785392962.387536,1754,3743,8640,8555,77.2800,-91.4400
1785392962.413544,1764,3715,8611,8518,77.2800,-91.4400
1785392962.438874,1820,3762,8640,8546,83.8500,-91.4400
1785392962.464304,1801,3743,8658,8518,83.8500,-91.4400
1785392962.489363,1792,3649,8658,8546,76.9000,-91.4400
1785392962.513908,1839,3630,8630,8565,76.9000,-91.4400
1785392962.539176,1726,3696,8705,8508,78.4400,-91.4400
1785392962.565452,1801,3621,8640,8527,78.4400,-91.4400
1785392962.590628,1745,3677,8687,8536,77.2800,-91.3700
1785392962.615510,1754,3743,8696,8555,77.2800,-91.3700
1785392962.640987,1773,3677,8640,8546,79.5500,-91.3700
1785392962.666540,1801,3790,8649,8536,79.5500,-91.3700
1785392962.692488,1839,3677,8658,8565,81.1400,-91.3700
1785392962.717622,1810,3771,8649,8527,81.1400,-91.3700
1785392962.742615,1764,3696,8677,8546,78.4400,-91.3700
1785392962.766746,1829,3649,8696,8546,78.4400,-91.3700
1785392962.793061,1754,3677,8696,8555,77.2800,-91.4400
1785392962.818171,1773,3705,8677,8555,77.2800,-91.4400
1785392962.843181,1773,3668,8687,8621,74.2500,-91.4400
1785392962.868800,1764,3649,8687,8593,74.2500,-91.4400
1785392962.893800,1773,3715,8705,8555,75.7300,-91.4400
1785392962.919098,1745,3743,8705,8602,75.7300,-91.4400
1785392962.945035,1848,3630,8705,8565,75.7300,-91.5000
1785392962.969963,1829,3649,8743,8546,75.7300,-91.5000
1785392962.994724,1801,3734,8696,8593,78.4400,-91.5000
1785392963.021030,1792,3762,8687,8527,78.4400,-91.5000
1785392963.046130,1801,3677,8687,8555,77.2800,-91.4400
1785392963.071151,1801,3715,8724,8593,77.2800,-91.4400
1785392963.095969,1848,3630,8696,8555,75.7300,-91.4400
1785392963.121819,1773,3705,8724,8555,75.7300,-91.4400
1785392963.146943,1792,3705,8705,8583,74.2500,-91.4400
1785392963.172053,1801,3724,8705,8583,74.2500,-91.4400
1785392963.198165,1782,3574,8705,8593,78.4400,-91.3700
1785392963.222805,1745,3583,8715,8621,78.4400,-91.3700
1785392963.247788,1792,3621,8687,8602,77.2800,-91.3700
1785392963.274483,1773,3602,8733,8583,77.2800,-91.3700
1785392963.299576,1792,3630,8677,8593,71.5900,-91.3700
1785392963.325905,1735,3602,8724,8593,71.5900,-91.3700
1785392963.351120,1735,3640,8724,8583,77.2800,-91.3700
1785392963.375473,1792,3612,8705,8640,74.2500,-91.4400
1785392963.399654,1801,3612,8696,8611,74.2500,-91.4400
1785392963.425504,1792,3677,8724,8611,74.2500,-91.4400
1785392963.450350,1773,3649,8705,8593,73.0300,-91.5600
1785392963.475616,1810,3602,8733,8574,73.0300,-91.5600
1785392963.502096,1810,3649,8677,8611,73.0300,-91.6200
1785392963.527200,1764,3593,8743,8640,71.7600,-91.6900
1785392963.552014,1792,3583,8743,8602,71.7600,-91.6900
1785392963.580034,1773,3734,8705,8621,74.2500,-91.6900
1785392963.603657,1754,3621,8724,8611,74.2500,-91.6900
1785392963.631364,1820,3602,8762,8611,71.7600,-91.7500
1785392963.654910,1773,3583,8724,8649,71.7600,-91.7500
1785392963.681820,1829,3640,8696,8630,70.3200,-91.7500
1785392963.703460,1782,3621,8715,8611,70.3200,-91.7500
1785392963.732409,1764,3696,8733,8649,75.7300,-91.7500
1785392963.755115,1801,3555,8733,8593,75.7300,-91.7500
1785392963.782431,1773,3602,8799,8593,64.9100,-91.6900
1785392963.805856,1857,3771,8799,8602,64.9100,-91.6900
1785392963.833612,1782,3677,8687,8668,68.9400,-91.7500
1785392963.856502,1745,3593,8733,8611,68.9400,-91.7500
1785392963.882880,1801,3612,8752,8611,70.3200,-91.7500
1785392963.907230,1754,3640,8762,8621,70.3200,-91.7500
1785392963.932793,1810,3640,8733,8583,66.2400,-91.7500
1785392963.958214,1764,3677,8752,8640,66.2400,-91.7500
1785392963.983547,1754,3583,8771,8630,67.6200,-91.8100
1785392964.008832,1782,3537,8752,8621,67.6200,-91.8100
1785392964.033924,1717,3696,8752,8621,68.9400,-91.7500
1785392964.060388,1726,3762,8743,8658,68.9400,-91.7500
1785392964.085101,1820,3518,8743,8621,69.0000,-91.7500
1785392964.110044,1829,3537,8743,8621,69.0000,-91.7500
1785392964.134846,1792,3546,8752,8649,66.2900,-91.6900
1785392964.160274,1679,3658,8780,8640,66.2900,-91.6900
1785392964.186537,1735,3696,8790,8668,66.2900,-91.6900
1785392964.211331,1745,3696,8790,8630,66.2900,-91.6900
1785392964.236065,1764,3593,8780,8640,66.2900,-91.6900
1785392964.261710,1773,3602,8780,8640,66.2900,-91.6900
1785392964.286667,1707,3630,8771,8677,66.2900,-91.6900
1785392964.312560,1717,3677,8762,8658,66.2900,-91.6900
1785392964.338569,1792,3537,8733,8677,66.2900,-91.6900
1785392964.364638,1754,3574,8780,8649,66.2900,-91.6900
1785392964.388595,1745,3565,8762,8658,66.2900,-91.6900
1785392964.414481,1820,3602,8762,8630,66.2900,-91.6900
1785392964.444176,1792,3640,8733,8640,66.2900,-91.6900
1785392964.464133,1745,3621,8724,8630,66.2900,-91.6900
1785392964.492578,1801,3565,8733,8593,4.8800,-91.6200
1785392964.514644,1754,3621,8705,8640,4.8800,-91.6200
1785392964.543221,1707,3630,8715,8621,8.1100,-93.3700
1785392964.566341,1745,3630,8705,8602,8.1100,-93.3700
1785392964.593036,1792,3724,8687,8593,2.7000,-96.6200
1785392964.615892,1698,3780,8658,8593,2.7000,-96.6200
1785392964.644158,1735,3855,8621,8593,5.4100,-101.0600
1785392964.667526,1754,3771,8640,8574,5.4100,-101.0600
1785392964.693398,1754,3771,8677,8518,10.8200,-106.3100
1785392964.717265,1764,3949,8677,8518,10.8200,-106.3100
1785392964.745252,1754,3565,8640,8518,0.0000,-112.1200
1785392964.768413,1773,3949,8640,8461,0.0000,-112.1200
1785392964.793310,1820,3555,8640,8433,2.7000,-118.0000
1785392964.819333,1735,3537,8593,8415,2.7000,-118.0000
1785392964.844285,1764,3105,8611,8368,0.0000,-123.5000
1785392964.868723,1782,3574,8593,8377,0.0000,-123.5000
1785392964.895619,1792,3171,8611,8368,2.7000,-128.6900
1785392964.920559,1782,3227,8593,8368,2.7000,-128.6900
1785392964.945689,1820,3302,8715,8377,0.0000,-133.7500
1785392964.971090,1801,3330,8640,8349,0.0000,-133.7500
1785392964.996535,1848,3302,8687,8358,0.0000,-138.3100
1785392965.021439,1810,3330,8752,8358,0.0000,-138.3100
1785392965.047407,1848,3358,8752,8339,5.4100,-142.5000
1785392965.071785,1792,3302,8790,8302,5.4100,-142.5000
1785392965.096748,1782,3330,8790,8358,2.7000,-146.3100
1785392965.123499,1839,3358,8762,8321,2.7000,-146.3100
1785392965.148542,1867,3302,8724,8302,5.4100,-149.9400
1785392965.173072,1848,3274,8762,8283,5.4100,-149.9400
1785392965.199054,1839,3255,8790,8283,5.4100,-153.5000
1785392965.224957,1810,3283,8771,8293,5.4100,-153.5000
1785392965.249463,1876,3321,8733,8321,2.7000,-156.7500
1785392965.275305,1876,3311,8724,8302,2.7000,-156.7500
1785392965.300103,1848,3330,8705,8283,0.0000,-159.6200
1785392965.325862,1792,3283,8733,8321,0.0000,-159.6200
1785392965.351225,1876,3255,8640,8321,2.7000,-162.3100
1785392965.376255,1867,3321,8696,8330,2.7000,-162.3100
1785392965.401964,1867,3274,8658,8358,5.4100,-164.8100
1785392965.426678,1895,3274,8649,8368,5.4100,-164.8100
1785392965.452568,1829,3311,8649,8405,0.0000,-167.1900
1785392965.477513,1857,3302,8687,8377,0.0000,-167.1900
1785392965.503938,1810,3293,8668,8339,5.4100,-169.4400
1785392965.527329,1857,3208,8696,8339,5.4100,-169.4400
1785392965.552329,1904,3255,8677,8283,2.7000,-171.4400
1785392965.578941,1886,3264,8780,8358,2.7000,-171.4400
1785392965.603931,1867,3302,8808,8368,5.4100,-173.3700
1785392965.629651,1876,3302,8808,8311,5.4100,-173.3700
1785392965.654665,1848,3264,8771,8330,0.0000,-175.1200
1785392965.680751,1886,3236,8884,8330,0.0000,-175.1200
1785392965.706043,1839,3302,8827,8274,8.1100,-176.9400
1785392965.731668,1839,3255,8818,8358,8.1100,-176.9400
1785392965.755300,1923,3274,8930,8274,5.4100,-178.5600
1785392965.780388,1886,3321,8865,8330,5.4100,-178.5600
1785392965.807317,1942,3227,8884,8311,5.4100,-178.5600
1785392965.832627,1895,3311,8912,8321,5.4100,-178.5600
1785392965.857322,2007,3255,8893,8368,5.4100,-178.5600
1785392965.883902,1867,3264,8855,8377,5.4100,-178.5600
1785392965.908930,1857,3246,8912,8377,5.4100,-178.5600
1785392965.933737,1923,3246,8884,8339,5.4100,-178.5600
1785392965.959253,1914,3274,8902,8339,5.4100,-178.5600
1785392965.984104,1829,3255,8884,8339,5.4100,-178.5600
1785392966.009414,1886,3227,8884,8339,5.4100,-178.5600
1785392966.034698,1932,3274,8846,8302,5.4100,-178.5600
1785392966.060294,1895,3302,8912,8339,5.4100,-178.5600
1785392966.086379,1895,3227,8902,8358,5.4100,-178.5600
1785392966.110295,1895,3274,8874,8377,2.6900,-179.9400
1785392966.136190,1839,3246,8837,8330,55.2000,179.6200
1785392966.160925,1923,3264,8865,8349,55.2000,179.6200
1785392966.186108,1914,3218,8884,8283,55.2000,179.6200
1785392966.211498,1857,3264,8865,8349,56.8000,179.6900
1785392966.237054,1932,3274,8874,8330,56.8000,179.6900
1785392966.262801,1867,3199,8874,8358,73.0300,179.7500
1785392966.288720,1876,3264,8884,8321,78.4400,179.5000
1785392966.313532,1914,3227,8902,8339,78.4400,179.5000
1785392966.338261,1857,3255,8902,8339,78.4400,179.5000
1785392966.364966,1867,3264,8893,8339,83.8500,179.1900
1785392966.391918,1895,3227,8837,8321,83.8500,179.0000
1785392966.414491,1914,3283,8884,8368,83.8500,179.0000
1785392966.440934,1904,3264,8865,8368,83.8500,179.0000
1785392966.464559,1876,3283,8855,8283,91.9600,178.9400
1785392966.492360,1923,3246,8865,8358,91.9600,178.9400
1785392966.516144,1857,3236,8855,8339,91.9600,178.9400
1785392966.544488,1923,3236,8893,8330,94.6600,178.8100
1785392966.566258,1979,3246,8893,8358,94.6600,178.8100
1785392966.594688,1961,3227,8930,8302,95.4600,178.7500
1785392966.617823,1904,3264,8827,8349,95.4600,178.7500
1785392966.645311,1923,3208,8827,8368,102.1200,178.6900
1785392966.667807,2017,3227,8874,8368,102.1200,178.6900
1785392966.695015,2007,3218,8808,8339,102.7800,178.6900
1785392966.720230,2007,3208,8808,8321,102.7800,178.6900
1785392966.744101,1857,3227,8865,8330,108.1900,178.6900
1785392966.769593,2083,3171,8818,8330,108.1900,178.6900
1785392966.794199,2007,3218,8818,8339,110.8900,178.6200
1785392966.820406,1998,3208,8827,8377,110.8900,178.6200
1785392966.845591,2092,3180,8827,8330,110.8900,178.6200
1785392966.870709,1961,3218,8846,8321,110.8900,178.6200
1785392966.895863,2045,3171,8818,8321,111.3700,178.5000
1785392966.920745,2101,3227,8893,8311,111.3700,178.5000
1785392966.946944,2101,3208,8855,8339,116.3000,178.4400
1785392966.971942,2073,3189,8884,8349,116.3000,178.4400
1785392966.996927,1998,3227,8846,8321,118.6800,178.5000
1785392967.022785,2289,3161,8837,8339,118.6800,178.5000
1785392967.048448,2026,3171,8827,8283,119.0100,178.4400
1785392967.073459,2204,3171,8818,8311,119.0100,178.4400
1785392967.098708,2120,3161,8902,8330,124.4200,178.5600
1785392967.123953,2073,3152,8846,8321,124.4200,178.5600
1785392967.150421,2167,3152,8808,8302,124.6300,178.6200
1785392967.175213,2036,3152,8846,8321,124.6300,178.6200
1785392967.200502,2167,3133,8818,8321,135.2300,178.6200
1785392967.226558,1951,3161,8799,8311,135.2300,178.6200
1785392967.249782,2251,3180,8893,8321,137.9400,178.5000
1785392967.275465,2139,3161,8865,8321,137.9400,178.5000
1785392967.301176,2411,3171,8780,8321,137.8900,178.5000
1785392967.326239,2139,3152,8846,8358,137.8900,178.5000
1785392967.352019,2233,3161,8855,8377,146.2700,178.5600
1785392967.376972,1989,3161,8837,8377,146.2700,178.5600
1785392967.402529,2158,3180,8808,8358,146.0500,178.6200
1785392967.428329,2036,3199,8808,8358,146.0500,178.6200
1785392967.453110,2083,3152,8790,8415,145.8400,178.6900
1785392967.478253,2430,3133,8790,8377,145.8400,178.6900
1785392967.504896,2383,3143,8790,8358,154.1700,178.6900
1785392967.530013,2017,3114,8827,8339,154.1700,178.6900
1785392967.553934,2148,3133,8724,8330,159.5800,178.6200
1785392967.579577,2392,3105,8724,8358,159.5800,178.6200
1785392967.604503,1979,3105,8808,8330,168.3500,178.6900
1785392967.629730,2233,3058,8818,8330,168.3500,178.6900
1785392967.656282,2158,3114,8846,8368,167.0500,178.6900
1785392967.681338,2223,3114,8780,8368,167.0500,178.6900
1785392967.706493,2195,3133,8790,8461,182.1500,178.7500
1785392967.732365,2280,3058,8808,8405,182.1500,178.7500
1785392967.757159,2458,3086,8921,8405,180.3100,178.7500
1785392967.782643,2251,3096,8921,8358,180.3100,178.7500
1785392967.807865,2233,3021,8752,8358,190.4300,178.6900
1785392967.832746,2261,3105,8818,8358,190.4300,178.6900
1785392967.857858,2298,3021,8799,8368,185.6200,178.6900
1785392967.883872,2289,3096,8808,8368,185.6200,178.6900
1785392967.908961,2289,3058,8733,8443,195.9500,178.6900
1785392967.934017,2308,3039,8893,8424,195.9500,178.6900
1785392967.959703,2270,3077,8827,8368,190.9200,178.6900
1785392967.985180,1998,3002,8771,8415,190.9200,178.6900
1785392968.010562,1970,3105,8771,8405,195.9500,178.6900
1785392968.034874,1979,3030,8705,8396,195.9500,178.6900
1785392968.060589,2007,3039,8762,8368,194.7400,178.6900
1785392968.085923,1876,3058,8762,8264,194.7400,178.6900
1785392968.110842,2195,3105,8771,8264,194.7400,178.6900
1785392968.136837,2561,2983,8771,8264,194.7400,178.6900
1785392968.161550,2214,3030,8893,8264,197.4400,178.7500
1785392968.186513,2214,3030,8743,8377,197.4400,178.7500
1785392968.212756,2233,3086,8743,8377,193.5700,178.6900
1785392968.238059,2308,3058,8855,8377,198.7100,178.6200
1785392968.262852,2439,3049,8799,8330,198.7100,178.6200
1785392968.291069,2589,3011,8799,8339,192.0300,178.5000
1785392968.313947,2270,3030,8799,8339,192.0300,178.5000
1785392968.339731,1989,2992,8799,8339,185.6200,178.4400
1785392968.365129,2533,2992,8808,8339,185.6200,178.4400
1785392968.393535,2345,2983,8771,8339,190.4300,178.5000
1785392968.414812,2561,2908,8771,8330,190.4300,178.5000
1785392968.443514,2542,3002,8733,8330,192.0300,178.5600
1785392968.466673,2645,2964,8808,8330,192.0300,178.5600
1785392968.494855,2580,3039,8808,8330,192.0300,178.6900
1785392968.516484,2355,3030,8808,8330,192.0300,178.6900
1785392968.544319,2298,3021,8808,8330,197.4400,178.7500
1785392968.567379,1839,3021,8733,8330,197.4400,178.7500
1785392968.594988,2589,2974,8733,8330,194.7400,178.7500
1785392968.617901,2223,2908,8799,8330,194.7400,178.7500
1785392968.644046,2486,2955,8752,8368,194.7400,178.7500
1785392968.669063,2383,2936,8752,8368,194.7400,178.7500
1785392968.694947,2655,3002,8818,8368,193.5700,178.6900
1785392968.719186,2580,2908,8818,8368,193.5700,178.6900
1785392968.744660,2617,2964,8780,8368,192.0300,178.6900
1785392968.770344,2627,2974,8771,8368,192.0300,178.6900
1785392968.795737,2242,2889,8780,8377,198.7100,178.7500
1785392968.821512,2195,2908,8780,8377,198.7100,178.7500
1785392968.845899,2195,2917,8780,8377,192.0300,178.7500
1785392968.871567,2627,2974,8658,8396,192.0300,178.7500
1785392968.897525,2655,2946,8752,8396,194.7400,178.6900
1785392968.922499,2289,2992,8752,8396,194.7400,178.6900
1785392968.947113,2373,2936,8771,8405,188.2700,178.6200
1785392968.972837,2627,2889,8762,8405,188.2700,178.6200
1785392968.998657,2617,2899,8752,8396,192.0300,178.5600
1785392969.023953,2655,2814,8762,8490,192.0300,178.5600
1785392969.049436,2627,2814,8846,8443,195.9500,178.5600
1785392969.073436,2683,2824,8762,8490,195.9500,178.5600
1785392969.098521,2645,2880,8743,8433,192.0300,178.6200
1785392969.124230,2373,2880,8790,8396,192.0300,178.6200
1785392969.150504,2645,2795,8724,8349,194.7400,178.6200
1785392969.175091,2720,2861,8724,8396,194.7400,178.6200
1785392969.199135,2720,2870,8696,8471,192.0300,178.6200
1785392969.225175,2383,2946,8818,8415,192.0300,178.6200
1785392969.250673,2683,2861,8818,8396,192.0300,178.6200
1785392969.277257,2692,2805,8677,8377,192.0300,178.6200
1785392969.302608,2608,2833,8696,8396,194.7400,178.6200
1785392969.327088,2683,2767,8696,8433,194.7400,178.6200
1785392969.352511,2674,2777,8733,8415,190.9200,178.5600
1785392969.377786,2608,2739,8743,8386,190.9200,178.5600
1785392969.403209,2552,2758,8762,8443,195.9500,178.5000
1785392969.427583,2645,2767,8780,8396,195.9500,178.5000
1785392969.454539,2636,2814,8780,8377,185.6200,178.4400
1785392969.479680,2711,2814,8790,8358,185.6200,178.4400
1785392969.505078,2702,2720,8752,8358,189.3300,178.4400
1785392969.529565,2627,2683,8780,8405,189.3300,178.4400
1785392969.554507,2664,2814,8705,8377,190.4300,178.4400
1785392969.580385,2655,2795,8780,8368,190.4300,178.4400
1785392969.606637,2683,2720,8715,8386,186.6200,178.4400
1785392969.631725,2627,2786,8724,8368,186.6200,178.4400
1785392969.655880,2589,2786,8733,8386,189.3300,178.5000
1785392969.681688,2589,2730,8733,8377,189.3300,178.5000
1785392969.706680,2655,2711,8668,8405,189.3300,178.6200
1785392969.731652,2683,2711,8696,8377,189.3300,178.6200
1785392969.757184,2570,2749,8677,8405,189.3300,178.6900
1785392969.782373,2570,2758,8687,8415,189.3300,178.6900
1785392969.808522,2692,2824,8762,8396,185.6200,178.6900
1785392969.834667,2570,2739,8668,8339,185.6200,178.6900
1785392969.859592,2561,2805,8658,8377,194.7400,178.6200
1785392969.883479,2589,2730,8790,8433,194.7400,178.6200
1785392969.910236,2561,2720,8696,8358,193.1900,178.6200
1785392969.935292,2589,2711,8696,8405,193.1900,178.6200
1785392969.960399,2627,2814,8715,8339,188.2700,178.5600
1785392969.986159,2692,2683,8649,8396,188.2700,178.5600
1785392970.010794,2570,2711,8705,8415,190.4300,178.5000
1785392970.036494,2617,2833,8705,8405,180.3100,178.4400
1785392970.062410,2645,2786,8715,8452,180.3100,178.4400
1785392970.087373,2627,2720,8762,8424,180.3100,178.4400
1785392970.111450,2767,2711,8790,8424,187.6700,178.5000
1785392970.138530,2692,2720,8649,8424,185.6200,178.5600
1785392970.163471,2570,2702,8658,8443,185.6200,178.5600
1785392970.190145,2561,2758,8611,8415,190.4300,178.6900
1785392970.213526,2636,2683,8658,8443,190.4300,178.6900
1785392970.238802,2674,2730,8602,8433,190.4300,178.6900
1785392970.263805,2636,2767,8668,8443,188.2700,178.7500
1785392970.292267,2636,2711,8743,8405,198.7100,178.7500
1785392970.314784,2608,2720,8621,8433,198.7100,178.7500
1785392970.342260,2589,2702,8687,8461,193.5700,178.6900
1785392970.365792,2636,2598,8649,8452,193.5700,178.6900
1785392970.394665,2542,2655,8621,8508,192.0300,178.6200
1785392970.416435,2561,2749,8640,8443,192.0300,178.6200
1785392970.445878,2552,2645,8574,8480,194.7400,178.5600
1785392970.466491,2570,2664,8621,8443,194.7400,178.5600
1785392970.495420,2664,2702,8611,8490,192.0300,178.6200
1785392970.517879,2645,2645,8611,8490,192.0300,178.6200
1785392970.544561,2580,2608,8621,8424,192.0300,178.6200
1785392970.567193,2664,2711,8640,8499,192.0300,178.6200
1785392970.594064,2627,2777,8574,8443,189.3300,178.6900
1785392970.619008,2608,2711,8583,8443,189.3300,178.6900
1785392970.645469,2674,2692,8621,8461,192.0300,178.6200
1785392970.669219,2664,2608,8621,8461,192.0300,178.6200
1785392970.694334,2627,2589,8490,8452,194.7400,178.6200
1785392970.719772,2580,2617,8630,8452,194.7400,178.6200
1785392970.744585,2608,2617,8771,8452,194.7400,178.6900
1785392970.770762,2636,2627,8593,8452,194.7400,178.6900
1785392970.795520,2692,2739,8696,8499,192.0300,178.7500
1785392970.820973,2570,2617,8649,8546,192.0300,178.7500
1785392970.846630,2627,2589,8677,8405,194.7400,178.7500
1785392970.871692,2617,2589,8621,8415,194.7400,178.7500
1785392970.897178,2617,2692,8583,8499,186.6200,178.7500
1785392970.922625,2598,2655,8649,8471,186.6200,178.7500
1785392970.948988,2674,2598,8658,8480,204.2300,178.6900
1785392970.974028,2749,2645,8583,8452,204.2300,178.6900
1785392970.999116,2683,2664,8508,8471,188.2700,178.6900
1785392971.023404,2702,2580,8593,8527,188.2700,178.6900
1785392971.047992,2655,2514,8668,8490,200.1500,178.7500
1785392971.074551,2561,2495,8640,8480,200.1500,178.7500
1785392971.100087,2608,2552,8621,8443,195.9500,178.7500
1785392971.125094,2683,2674,8490,8452,195.9500,178.7500
1785392971.150413,2730,2589,8555,8490,190.9200,178.7500
1785392971.176184,2702,2533,8565,8461,190.9200,178.7500
1785392971.201109,2627,2505,8452,8461,195.9500,178.7500
1785392971.226849,2636,2570,8574,8471,195.9500,178.7500
1785392971.251407,2692,2561,8677,8461,190.9200,178.7500
1785392971.276426,2758,2570,8377,8461,190.9200,178.7500
1785392971.303090,2655,2617,8630,8443,195.9500,178.7500
1785392971.328333,2683,2561,8630,8461,195.9500,178.7500
1785392971.353696,2664,2495,8583,8461,190.9200,178.7500
1785392971.378992,2636,2542,8452,8480,190.9200,178.7500
1785392971.404165,2664,2505,8536,8490,194.7400,178.7500
1785392971.429174,2664,2561,8330,8480,194.7400,178.7500
1785392971.454490,2674,2542,8658,8433,194.7400,178.7500
1785392971.479465,2636,2514,8433,8518,194.7400,178.7500
1785392971.504503,2655,2552,8339,8480,197.4400,178.8100
1785392971.529851,2683,2523,8555,8471,197.4400,178.8100
1785392971.556096,2692,2505,8490,8443,194.7400,178.7500
1785392971.581405,2692,2589,8396,8452,194.7400,178.7500
1785392971.606031,2645,2495,8621,8461,192.0300,178.6200
1785392971.632701,2739,2580,8536,8461,192.0300,178.6200
1785392971.657400,2749,2523,8536,8461,192.0300,178.5600
1785392971.682453,2767,2477,8536,8461,192.0300,178.5600
1785392971.708024,2692,2542,8649,8527,187.6700,178.5000
1785392971.732826,2664,2458,8583,8527,187.6700,178.5000
1785392971.758510,2664,2552,8471,8508,185.6200,178.3700
1785392971.784378,2674,2523,8621,8518,185.6200,178.3700
1785392971.809456,2711,2486,8433,8508,186.6200,178.4400
1785392971.833495,2692,2505,8321,8508,186.6200,178.4400
1785392971.859967,2711,2477,8471,8471,186.6200,178.5600
1785392971.884912,2777,2439,8339,8471,192.0300,178.6200
1785392971.910026,2749,2486,8339,8452,192.0300,178.6200
1785392971.935438,2758,2495,8396,8546,192.0300,178.6200
1785392971.960423,2767,2542,8358,8499,189.3300,178.6900
1785392971.985982,2777,2458,8321,8490,195.9500,178.6900
1785392972.012140,2786,2448,8583,8499,195.9500,178.6900
1785392972.036805,2749,2467,8433,8499,190.9200,178.7500
1785392972.062016,2777,2486,8565,8527,190.9200,178.7500
1785392972.089794,2749,2448,8386,8536,195.9500,178.8100
1785392972.113104,2711,2383,8490,8499,195.9500,178.8100
1785392972.137617,2739,2411,8377,8508,193.5700,178.8100
1785392972.163159,2777,2383,8490,8555,193.5700,178.8100
1785392972.188128,2870,2373,8321,8499,189.3300,178.8100
1785392972.213778,2758,2383,8443,8518,189.3300,178.8100
1785392972.243731,2833,2373,8293,8490,197.4400,178.7500
1785392972.264922,2795,2401,8396,8527,197.4400,178.7500
1785392972.292170,2749,2383,8490,8518,189.3300,178.6900
1785392972.315765,2627,2373,8368,8527,189.3300,178.6900
1785392972.343070,2720,2317,8433,8527,194.7400,178.6200
1785392972.366083,2758,2420,8302,8508,194.7400,178.6200
1785392972.394682,2730,2401,8311,8546,192.0300,178.5600
1785392972.416505,2814,2383,8293,8508,192.0300,178.5600
1785392972.444066,2720,2326,8368,8490,192.0300,178.6200
1785392972.467732,2824,2383,8377,8508,192.0300,178.6200
1785392972.495395,2749,2345,8358,8490,194.7400,178.6200
1785392972.518209,2795,2345,8255,8527,194.7400,178.6200
1785392972.544610,2805,2298,8274,8546,192.0300,178.6200
1785392972.568939,2824,2355,8302,8527,192.0300,178.6200
1785392972.594288,2833,2317,8283,8546,197.4400,178.6200
1785392972.618951,2833,2280,8311,8555,197.4400,178.6200
1785392972.645387,2842,2326,8330,8527,194.7400,178.6200
1785392972.670091,2767,2364,8330,8527,194.7400,178.6200
1785392972.695092,2786,2289,8396,8536,189.3300,178.6200
1785392972.721158,2852,2355,8368,8518,189.3300,178.6200
1785392972.745409,2795,2345,8358,8490,192.0300,178.5600
1785392972.770441,2974,2364,8236,8546,192.0300,178.5600
1785392972.796895,2777,2308,8274,8527,189.3300,178.4400
1785392972.821844,2861,2280,8264,8527,189.3300,178.4400
1785392972.847744,2795,2270,8264,8546,192.0300,178.4400
1785392972.872967,2795,2280,8246,8527,192.0300,178.4400
1785392972.898419,2833,2270,8227,8527,186.6200,178.5000
1785392972.924012,2852,2289,8199,8574,186.6200,178.5000
1785392972.949449,2833,2242,8330,8555,188.2700,178.6200
1785392972.973557,2824,2233,8264,8574,188.2700,178.6200
1785392972.998610,2711,2261,8283,8546,193.1900,178.6900
1785392973.024940,2889,2373,8246,8527,193.1900,178.6900
1785392973.050248,2889,2233,8255,8527,192.0300,178.6900
1785392973.075502,2870,2289,8246,8546,192.0300,178.6900
1785392973.100953,2870,2251,8264,8565,192.0300,178.6900
1785392973.126675,2852,2270,8264,8574,192.0300,178.6900
1785392973.151666,2927,2242,8255,8527,189.3300,178.6200
1785392973.177084,2861,2223,8218,8536,189.3300,178.6200
1785392973.201821,2899,2223,8311,8546,192.0300,178.6900
1785392973.226985,2927,2308,8311,8593,192.0300,178.6900
1785392973.253062,2889,2308,8255,8536,194.7400,178.6900
1785392973.278244,2786,2261,8330,8555,194.7400,178.6900
1785392973.303487,2927,2251,8283,8518,192.0300,178.8100
1785392973.328922,2946,2223,8255,8565,192.0300,178.8100
1785392973.355014,2946,2186,8227,8574,192.0300,178.8100
1785392973.379825,2908,2233,8274,8565,192.0300,178.8100
1785392973.405246,2899,2242,8293,8593,192.0300,178.7500
1785392973.430161,2833,2289,8264,8565,192.0300,178.7500
1785392973.454943,2899,2223,8302,8574,193.5700,178.6900
1785392973.481016,2889,2233,8302,8565,193.5700,178.6900
1785392973.505724,2983,2195,9878,8593,194.7400,178.7500
1785392973.530693,3021,2261,8293,8593,194.7400,178.7500
1785392973.556593,2992,2261,8274,8565,194.7400,178.8100
1785392973.581974,3002,2251,8339,8565,194.7400,178.8100
1785392973.607465,2917,2195,8311,8508,192.0300,178.7500
1785392973.633049,2964,2242,8311,8508,192.0300,178.7500
1785392973.658088,3011,2158,8246,8574,194.7400,178.6900
1785392973.684076,2964,2120,8227,8565,194.7400,178.6900
1785392973.708591,3030,2204,8246,8593,195.9500,178.6200
1785392973.734010,3039,2139,8246,8611,195.9500,178.6200
1785392973.758875,3067,2176,8199,8555,190.9200,178.5600
1785392973.783095,2983,2148,8199,8583,190.9200,178.5600
1785392973.809818,2927,2148,8189,8546,192.0300,178.5000
1785392973.835170,2899,2139,8255,8583,192.0300,178.5000
1785392973.860172,2992,2139,8227,8536,192.0300,178.5600
1785392973.885803,3058,2167,8227,8536,192.0300,178.5600
1785392973.910446,3030,2204,8227,8630,189.3300,178.5600
1785392973.935659,3021,2195,8227,8574,189.3300,178.5600
1785392973.961962,3030,2195,8227,8574,189.3300,178.5600
1785392973.986989,3077,2139,8227,8583,189.3300,178.5600
1785392974.011808,3058,2083,8124,8602,192.0300,178.5600
1785392974.038656,3002,2111,8105,8565,192.0300,178.5600
1785392974.064317,3049,2073,8133,8583,192.0300,178.5600
1785392974.087744,3077,2120,8142,8593,193.1900,178.5600
1785392974.113528,3021,2120,8161,8546,193.1900,178.5600
1785392974.138432,3067,2111,8142,8602,193.1900,178.5600
1785392974.163671,3067,2120,8208,8593,190.9200,178.6200
1785392974.191077,3058,2054,8180,8611,192.0300,178.6900
1785392974.215598,3086,2111,8114,8602,192.0300,178.6900
1785392974.243530,3039,2148,8171,8621,198.7100,178.7500
1785392974.266074,3049,2054,8142,8602,198.7100,178.7500
1785392974.294805,3067,2139,8124,8593,188.2700,178.7500
1785392974.318011,3049,2064,8180,8602,188.2700,178.7500
1785392974.344449,2992,2148,8218,8640,192.0300,178.8100
1785392974.366063,3077,2139,8142,8555,192.0300,178.8100
1785392974.393904,3096,2111,8133,8649,192.0300,178.8100
1785392974.417629,3199,2101,8152,8649,192.0300,178.8100
1785392974.447139,3086,2158,8152,8621,194.7400,178.7500
1785392974.469264,3030,2092,8114,8602,194.7400,178.7500
1785392974.495402,3077,2148,8199,8621,192.0300,178.7500
1785392974.519811,3105,2054,8189,8640,192.0300,178.7500
1785392974.545268,3086,2101,8152,8630,194.7400,178.7500
1785392974.569559,3114,2064,8142,8593,194.7400,178.7500
1785392974.593944,3086,2026,8124,8611,192.0300,178.6900
1785392974.620016,3180,2083,8189,8621,192.0300,178.6900
1785392974.646178,3152,2054,8096,8602,192.0300,178.6900
1785392974.671249,3208,2092,8124,8611,192.0300,178.6900
1785392974.695855,3143,2101,8152,8611,194.7400,178.6200
1785392974.722622,3124,2120,8124,8602,194.7400,178.6200
1785392974.746893,3171,2139,8124,8574,194.7400,178.6200
1785392974.772016,3143,2054,8152,8621,194.7400,178.6200
1785392974.797421,3199,2045,8189,8658,194.7400,178.6200
1785392974.822710,3161,2092,8189,8658,194.7400,178.6200
1785392974.847992,3133,2054,8142,8649,194.7400,178.6200
1785392974.873922,3152,2054,8152,8602,194.7400,178.6200
1785392974.899021,3246,2026,8133,8602,194.7400,178.5600
1785392974.923900,3218,2064,8142,8640,194.7400,178.5600
1785392974.950313,3264,2101,8133,8640,189.3300,178.5600
1785392974.975383,3302,2054,8114,8649,189.3300,178.5600
1785392975.000180,3264,2026,8077,8715,189.3300,178.5000
1785392975.025259,3218,2083,8077,8715,189.3300,178.5000
1785392975.050390,3236,2064,8077,8602,189.3300,178.5600
1785392975.075583,3227,2064,8152,8611,189.3300,178.5600
1785392975.100736,3246,2129,8114,8593,189.3300,178.5600
1785392975.126570,3264,2111,8152,8593,189.3300,178.5600
1785392975.151448,3208,2083,8077,8611,192.0300,178.6900
1785392975.176379,3236,1970,8124,8611,192.0300,178.6900
1785392975.202827,3264,2045,8142,8621,194.7400,178.7500
1785392975.227925,3208,2017,8161,8611,194.7400,178.7500
1785392975.253019,3236,2017,8142,8658,194.7400,178.7500
1785392975.278382,3274,1970,8086,8677,194.7400,178.7500
1785392975.304065,3283,2036,8161,8658,194.7400,178.7500
1785392975.329167,3311,2017,8171,8687,194.7400,178.7500
1785392975.355219,3236,1961,8133,8658,194.7400,178.7500
1785392975.379474,3218,2054,8133,8677,194.7400,178.7500
1785392975.404371,3246,1886,8124,8677,192.0300,178.8100
1785392975.430406,3218,2036,8067,8649,192.0300,178.8100
1785392975.456047,3227,1961,8171,8687,197.4400,178.8100
1785392975.481115,3274,2026,8133,8687,197.4400,178.8100
1785392975.506368,3283,2017,8133,8630,194.7400,178.8700
1785392975.532052,3274,1886,8096,8621,194.7400,178.8700
1785392975.557106,3311,1914,8096,8649,194.7400,178.8700
1785392975.583136,3321,1989,8124,8668,194.7400,178.8700
1785392975.607366,3396,1970,8124,8677,197.4400,178.8100
1785392975.632693,3330,1932,8077,8555,197.4400,178.8100
1785392975.658734,3311,1848,8114,8640,197.4400,178.7500
1785392975.683790,3246,1895,8161,8640,197.4400,178.7500
1785392975.708742,3236,1895,8067,8724,197.4400,178.6900
1785392975.735043,3274,1839,8067,8724,197.4400,178.6900
1785392975.760684,3283,1895,8096,8687,194.7400,178.6900
1785392975.785601,3246,1867,8096,8696,194.7400,178.6900
1785392975.811745,3377,1801,8086,8687,194.7400,178.6900
1785392975.835452,3377,1914,8114,8696,194.7400,178.6900
1785392975.860717,3349,1951,8096,8696,197.4400,178.6200
1785392975.887336,3311,1820,8096,8696,194.7400,178.5600
1785392975.912135,3358,1867,8105,8733,194.7400,178.5600
1785392975.937824,3349,1848,8161,8733,194.7400,178.5600
1785392975.962024,3368,1886,8086,8640,194.7400,178.5600
1785392975.986916,3321,1839,8161,8696,194.7400,178.5600
1785392976.012396,3302,1764,8114,8733,189.3300,178.5600
1785392976.038462,3340,1810,8067,8687,192.0300,178.5600
1785392976.063714,3396,1848,8114,8677,192.0300,178.5600
1785392976.088813,3311,1848,8049,8677,192.0300,178.5600
1785392976.115338,3368,1886,8049,8705,189.3300,178.5600
1785392976.142379,3396,1829,8077,8696,189.3300,178.5600
1785392976.165932,3490,1810,8077,8705,189.3300,178.5600
1785392976.194385,3415,1839,8114,8743,190.9200,178.6200
1785392976.216553,3396,1848,8114,8715,190.9200,178.6200
1785392976.243997,3311,1895,8077,8733,193.1900,178.6200
1785392976.266620,3386,1867,8096,8640,193.1900,178.6200
1785392976.294084,3396,1923,8096,8677,189.3300,178.5000
1785392976.317042,3396,1839,8067,8705,189.3300,178.5000
1785392976.345384,3377,1839,8067,8705,189.3300,178.5000
1785392976.368404,3415,1801,8152,8705,189.3300,178.5000
1785392976.396779,3461,1773,8039,8715,188.2700,178.6200
1785392976.418705,3452,1839,8124,8715,188.2700,178.6200
1785392976.446685,3396,1810,8096,8696,192.0300,178.6200
1785392976.468919,3377,1876,8105,8715,192.0300,178.6200
1785392976.496518,3415,1857,8067,8705,193.1900,178.6900
1785392976.519660,3386,1792,8987,8696,193.1900,178.6900
1785392976.546427,3368,1754,8067,8715,189.3300,178.7500
1785392976.569259,3443,1754,8058,8677,189.3300,178.7500
1785392976.596389,3546,1876,8049,8724,194.7400,178.8700
1785392976.620919,3490,1839,8105,8724,194.7400,178.8700
1785392976.645954,3424,1886,8114,8724,194.7400,178.8700
1785392976.671399,3415,1782,8096,8733,194.7400,178.8700
1785392976.697300,3433,1754,8096,8677,194.7400,178.8700
1785392976.722590,3565,1792,8124,8715,194.7400,178.8700
1785392976.751154,3527,1792,8077,8677,193.5700,178.8100
1785392976.772299,3471,1867,8105,8733,193.5700,178.8100
1785392976.798172,3443,1810,8133,8733,195.9500,178.7500
1785392976.824374,3480,1792,8058,8677,195.9500,178.7500
1785392976.848839,3471,1801,8058,8715,197.4400,178.6900
1785392976.874376,3433,1754,8189,8715,197.4400,178.6900
1785392976.900190,3574,1792,8021,8743,200.1500,178.6900
1785392976.925482,3612,1829,8039,8715,200.1500,178.6900
1785392976.949812,3452,1764,8011,8752,193.5700,178.6200
1785392976.975754,3508,1726,8002,8733,193.5700,178.6200
1785392977.000821,3508,1754,8058,8724,200.1500,178.6200
1785392977.025402,3574,1782,8021,8724,200.1500,178.6200
1785392977.051743,3574,1820,8049,8771,192.0300,178.6200
1785392977.076461,3527,1810,8039,8733,192.0300,178.6200
1785392977.101130,3546,1735,8058,8771,195.9500,178.5600
1785392977.127904,3527,1651,8030,8752,195.9500,178.5600
1785392977.153036,3527,1660,8180,8799,192.0300,178.5000
1785392977.178031,3527,1745,8058,8799,192.0300,178.5000
1785392977.203928,3574,1773,8096,8733,188.2700,178.5000
1785392977.228377,3593,1717,8021,8790,188.2700,178.5000
1785392977.253699,3649,1754,8002,8752,192.0300,178.5000
1785392977.279747,3537,1820,8058,8752,192.0300,178.5000
1785392977.304489,3518,1660,8086,8771,192.0300,178.6200
1785392977.329310,3499,1698,8096,8762,192.0300,178.6200
1785392977.355518,3583,1735,8133,8724,197.4400,178.6900
1785392977.380606,3593,1679,8058,8724,197.4400,178.6900
1785392977.406367,3527,1735,8105,8752,189.3300,178.7500
1785392977.431448,3527,1698,8096,8733,189.3300,178.7500
1785392977.456279,3583,1660,8086,8752,194.7400,178.7500
1785392977.481777,3602,1726,8077,8752,194.7400,178.7500
1785392977.507514,3583,1726,8096,8771,189.3300,178.7500
1785392977.532714,3602,1670,8030,8799,189.3300,178.7500
1785392977.557722,3640,1782,7974,8799,192.0300,178.6900
1785392977.583645,3668,1698,8021,8808,192.0300,178.6900
1785392977.609833,3583,1660,8161,8752,190.4300,178.7500
1785392977.634857,3640,1679,8302,8743,190.4300,178.7500
1785392977.659936,3640,1689,8218,8762,180.3100,178.7500
1785392977.684216,3630,1698,8189,8808,180.3100,178.7500
1785392977.708949,3621,1707,8818,8771,183.9200,178.8100
1785392977.734669,3508,1642,8471,8808,183.9200,178.8100
1785392977.761456,3555,1642,8433,8771,178.5100,178.8100
1785392977.785796,3640,1651,8105,8752,178.5100,178.8100
1785392977.810910,3630,1651,8152,8771,181.2100,178.7500
1785392977.837100,3677,1689,8058,8818,181.2100,178.7500
1785392977.862480,3630,1735,8058,8743,175.8000,178.7500
1785392977.887302,3640,1613,8171,8790,175.8000,178.7500
1785392977.912514,3612,1689,8180,8799,173.1000,178.8100
1785392977.938412,3612,1651,8086,8799,173.1000,178.8100
1785392977.963542,3621,1670,8133,8790,173.1000,178.8100
1785392977.988770,3640,1651,8124,8762,173.1000,178.8100
1785392978.014484,3621,1698,8096,8827,167.6900,178.8100
1785392978.038501,3668,1660,8105,8771,167.6900,178.8100
1785392978.065172,3687,1764,8067,8780,170.4000,178.8100
1785392978.092059,3649,1782,8067,8780,164.9900,178.6900
1785392978.115306,3640,1745,8049,8837,164.9900,178.6900
1785392978.142586,3658,1745,8067,8780,162.2800,178.6200
1785392978.166305,3630,1717,8058,8799,162.2800,178.6200
1785392978.193776,3668,1764,8030,8865,156.8700,178.5600
1785392978.216659,3649,1717,8133,8752,156.8700,178.5600
1785392978.244244,3658,1707,8161,8780,156.8700,178.5000
1785392978.266314,3640,1773,8133,8818,156.8700,178.5000
1785392978.295282,3687,1754,8086,8827,148.7600,178.4400
1785392978.317645,3668,1717,8021,8790,148.7600,178.4400
1785392978.345552,3705,1651,8124,8808,151.4600,178.5000
1785392978.368352,3705,1717,8077,8790,151.4600,178.5000
1785392978.396603,3687,1698,8039,8808,148.7600,178.5000
1785392978.418585,3687,1651,8030,8818,148.7600,178.5000
1785392978.446708,3705,1623,8058,8808,148.7600,178.5600
1785392978.469413,3715,1595,8058,8827,148.7600,178.5600
1785392978.496705,3668,1651,8030,8752,146.0500,178.5600
1785392978.519504,3715,1651,8058,8790,146.0500,178.5600
1785392978.546130,3696,1679,8058,8837,137.8900,178.6200
1785392978.570892,3696,1595,8105,8808,137.8900,178.6200
1785392978.595525,3677,1632,8030,8808,146.2700,178.6900
1785392978.622356,3715,1604,8011,8846,146.2700,178.6900
1785392978.647697,3705,1623,8011,8799,137.8900,178.6900
1785392978.672389,3734,1632,8021,8837,137.8900,178.6900
1785392978.697557,3743,1660,8011,8827,143.5100,178.7500
1785392978.722365,3724,1585,8077,8799,143.5100,178.7500
1785392978.747562,3780,1576,8011,8865,132.5800,178.7500
1785392978.774026,3799,1651,8058,8799,132.5800,178.7500
1785392978.799010,3818,1642,8021,8846,143.5100,178.6900
1785392978.823552,3696,1604,7983,8846,143.5100,178.6900
1785392978.849853,3687,1632,8002,8855,132.5800,178.6900
1785392978.874933,3715,1642,8030,8855,132.5800,178.6900
1785392978.900377,3696,1604,8021,8855,135.2300,178.7500
1785392978.925497,3752,1632,8039,8808,135.2300,178.7500
1785392978.950389,3724,1623,8039,8827,129.9300,178.8100
1785392978.976543,3705,1623,8058,8865,129.9300,178.8100
1785392979.001837,3734,1595,8058,8865,135.2300,178.8700
1785392979.026993,3762,1623,8077,8846,135.2300,178.8700
1785392979.052145,3780,1632,8030,8874,129.8300,178.8700
1785392979.078328,3734,1576,8067,8808,129.8300,178.8700
1785392979.103389,3743,1557,8011,8827,129.8300,178.8700
1785392979.128460,3724,1548,8039,8884,129.8300,178.8700
1785392979.153557,3724,1604,8058,8855,124.6300,178.8100
1785392979.178439,3715,1595,8039,8874,124.6300,178.8100
1785392979.204109,3771,1623,8114,8884,124.1900,178.7500
1785392979.229823,3790,1585,8021,8884,124.1900,178.7500
1785392979.255232,3752,1548,8039,8865,124.6300,178.7500
1785392979.279803,3780,1567,8039,8846,124.6300,178.7500
1785392979.305791,3734,1567,8105,8837,124.1900,178.6900
1785392979.330642,3809,1501,8096,8827,124.1900,178.6900
1785392979.355639,3799,1585,8067,8846,119.3200,178.6200
1785392979.381441,3809,1585,8096,8940,119.3200,178.6200
1785392979.406301,3762,1501,8086,8808,124.4200,178.5600
1785392979.431645,3752,1567,8067,8846,124.4200,178.5600
1785392979.457626,3818,1595,8114,8846,113.6000,178.6200
1785392979.482820,3780,1557,8067,8884,113.6000,178.6200
1785392979.507810,3752,1576,8077,8837,115.9200,178.6200
1785392979.532402,3799,1529,8049,8865,115.9200,178.6200
1785392979.558630,3790,1576,8067,8865,110.8900,178.6200
1785392979.583570,3771,1538,8021,8855,110.8900,178.6200
1785392979.608970,3790,1557,8058,8902,108.7200,178.6900
1785392979.634570,3790,1520,8039,8884,108.7200,178.6900
1785392979.659972,3780,1520,8077,8874,108.1900,178.6900
1785392979.685138,3771,1557,8039,8855,108.1900,178.6900
1785392979.710674,3809,1492,8049,8921,104.8800,178.6900
1785392979.735522,3827,1510,8002,8837,104.8800,178.6900
1785392979.760344,3771,1576,8021,8808,106.0700,178.6900
1785392979.786684,3818,1651,8011,8884,106.0700,178.6900
1785392979.811168,3809,1510,8049,8902,102.1200,178.6200
1785392979.836256,3865,1520,8096,8855,102.1200,178.6200
1785392979.861977,3799,1492,8067,8855,98.1100,178.6200
1785392979.886936,3818,1567,8058,8902,98.1100,178.6200
1785392979.913174,3780,1482,8049,8902,99.3600,178.5600
1785392979.940237,3799,1538,8030,8893,99.3600,178.5600
1785392979.964792,3818,1520,8077,8893,98.1100,178.5000
1785392979.990751,3827,1670,8030,8884,93.8400,178.5000
1785392980.015230,3846,1604,8002,8902,93.8400,178.5000
1785392980.039891,3799,1576,8049,8865,90.1600,178.4400
1785392980.065275,3827,1482,8039,8912,90.1600,178.4400
1785392980.091457,3827,1501,8077,8912,91.9600,178.4400
1785392980.116770,3837,1548,8011,8902,91.9600,178.4400
1785392980.143736,3818,1595,8002,8884,94.6600,178.4400
1785392980.167722,3884,1529,8049,8949,94.6600,178.4400
1785392980.195025,3884,1548,8011,8846,94.6600,178.4400
1785392980.216011,3827,1548,8030,8912,94.6600,178.4400
1785392980.244890,3940,1501,8030,8893,91.9600,178.4400
1785392980.267636,3837,1585,8011,8912,91.9600,178.4400
1785392980.294888,3837,1585,8030,8902,97.3700,178.5000
1785392980.318647,3893,1529,8021,8902,97.3700,178.5000
1785392980.346591,3865,1473,8030,8912,81.1400,178.5000
1785392980.369158,3837,1557,8199,8987,81.1400,178.5000
1785392980.396093,3846,1538,8021,8959,86.5500,178.4400
1785392980.419056,3846,1585,8058,8959,86.5500,178.4400
1785392980.444875,3884,1538,8096,8912,83.8500,178.3100
1785392980.469115,3874,1520,8058,8827,83.8500,178.3100
1785392980.495210,3846,1557,8049,8987,86.5500,178.3100
1785392980.521441,3921,1585,8067,8902,86.5500,178.3100
1785392980.546611,3912,1557,8077,8959,78.4400,178.3100
1785392980.573239,3940,1595,8058,8884,78.4400,178.3100
1785392980.597888,3940,1510,8077,8912,80.0400,178.2500
1785392980.623025,3949,1501,8067,8987,80.0400,178.2500
1785392980.647527,3940,1529,8077,8977,74.2500,178.2500
1785392980.672515,3940,1595,8067,8884,74.2500,178.2500
1785392980.699409,3949,1576,8058,8902,75.7300,178.2500
1785392980.724408,3921,1538,8152,8930,75.7300,178.2500
1785392980.749582,3968,1520,8067,8977,78.4400,178.2500
1785392980.774040,3902,1557,8039,8912,78.4400,178.2500
1785392980.800428,3912,1548,8096,8968,73.0300,178.3100
1785392980.825675,3940,1585,8105,8893,73.0300,178.3100
1785392980.850545,3940,1520,8030,8921,73.0300,178.3100
1785392980.876012,3921,1510,8096,8977,73.0300,178.3100
1785392980.901836,3940,1604,8011,8977,73.0300,178.3100
1785392980.927112,3968,1510,8124,9005,73.0300,178.3100
1785392980.954907,3912,1595,8049,8893,73.0300,178.3100
1785392980.977790,3902,1604,8086,8912,73.0300,178.3100
1785392981.002168,3912,1538,8030,8921,73.0300,178.3100
1785392981.027317,3884,1595,8077,8912,73.0300,178.3100
1785392981.053337,3912,1567,8077,8912,73.0300,178.3100
1785392981.078132,3874,1529,8086,8930,73.0300,178.3100
1785392981.103795,3893,1623,8049,8930,73.0300,178.3100
1785392981.129304,3902,1557,8049,8893,73.0300,178.3100
1785392981.154671,3921,1557,8096,8949,73.0300,178.3100
1785392981.179927,3893,1632,8077,8959,73.0300,178.3100
1785392981.205482,3884,1585,8030,8902,73.0300,178.3100
1785392981.229981,3865,1604,8077,8902,73.0300,178.3100
1785392981.256521,3912,1529,8039,8912,73.0300,178.3100
1785392981.280782,3874,1623,8039,8902,73.0300,178.3100
1785392981.306081,3949,1651,8039,8959,5.2600,178.5000
1785392981.331530,3959,1632,8030,8912,5.2600,178.5000
1785392981.357821,3931,1576,8030,8893,5.4100,176.5000
1785392981.382668,3902,1538,8021,8893,5.4100,176.5000
1785392981.408535,3912,1576,7992,8949,13.5200,173.2500
1785392981.433135,3977,1595,7889,8949,13.5200,173.2500
1785392981.457874,3940,1604,7945,8921,8.1100,169.1200
1785392981.483715,3959,1632,7870,8977,8.1100,169.1200
1785392981.508671,3874,1689,8189,8930,5.4100,164.1900
1785392981.534582,3931,1567,7870,8940,5.4100,164.1900
1785392981.558767,3818,1623,8218,8912,2.7000,158.8100
1785392981.584493,3884,1651,7945,8874,2.7000,158.8100
1785392981.610649,3846,1585,8021,8837,0.0000,153.3100
1785392981.636363,3837,1604,8837,8865,0.0000,153.3100
1785392981.661137,3790,1595,7992,8902,-2.7000,147.9400
1785392981.685616,3827,1567,7992,8977,-2.7000,147.9400
1785392981.710513,3827,1595,8077,8987,2.7000,142.6200
1785392981.737204,3837,1595,8067,9005,2.7000,142.6200
1785392981.762389,3809,1651,8077,9034,0.0000,137.5600
1785392981.787232,3827,1670,8086,8987,0.0000,137.5600
1785392981.812637,3818,1707,8152,9005,0.0000,132.6900
1785392981.838582,3799,1632,8133,8949,0.0000,132.6900
1785392981.862762,3874,1651,8039,8930,0.0000,128.0600
1785392981.887913,3743,1707,8039,8930,0.0000,128.0600
1785392981.913576,3790,1698,8021,8893,2.7000,123.5600
1785392981.938557,3771,1754,8030,8921,2.7000,123.5600
1785392981.963816,3780,1773,8021,8874,2.7000,119.3100
1785392981.989938,3696,1764,8039,8818,2.7000,119.3100
1785392982.015147,3696,1801,8039,8827,0.0000,115.1900
1785392982.039638,3724,1773,8011,8827,0.0000,115.1900
1785392982.065709,3752,1942,8096,8827,0.0000,111.3700
1785392982.091358,3734,1651,8049,8884,0.0000,111.3700
1785392982.116472,3762,1689,8002,8827,2.7000,107.9400
1785392982.141624,3677,2036,7992,8865,2.7000,107.9400
1785392982.166572,3724,1998,8039,8827,-2.7000,104.9400
1785392982.192374,3724,2036,7945,8827,-2.7000,104.9400
1785392982.218168,3752,1904,8021,8827,-2.7000,102.3700
1785392982.243761,3743,1914,7955,8884,-2.7000,102.3700
1785392982.267700,3799,1970,7974,8865,2.7000,100.1200
1785392982.294611,3743,1932,7945,8874,2.7000,100.1200
1785392982.319426,3752,1979,7945,8884,0.0000,98.0600
1785392982.344435,3799,1923,7945,8902,0.0000,98.0600
1785392982.369627,3827,1895,7899,8846,2.7000,96.1200
1785392982.396025,3752,1904,7899,8855,2.7000,96.1200
1785392982.419980,3743,1951,7917,8865,0.0000,94.2500
1785392982.446096,3809,1895,7908,8846,0.0000,94.2500
1785392982.471506,3715,1914,7852,8874,5.4100,92.6200
1785392982.495694,3799,1857,7852,8837,5.4100,92.6200
1785392982.522858,3752,1867,7917,8921,5.4100,92.6200
1785392982.547664,3734,1932,7889,8865,5.4100,92.6200
1785392982.572076,3734,1857,7908,8855,5.4100,92.6200
1785392982.597317,3734,1914,7908,8855,5.4100,92.6200
1785392982.622263,3771,1848,7908,8855,5.4100,92.6200
1785392982.647690,3734,1867,7889,8855,5.4100,92.6200
1785392982.674304,3771,1867,7889,8837,5.4100,92.6200
1785392982.698832,3790,1848,7880,8855,5.4100,92.6200
1785392982.723671,3752,1886,7908,8855,5.4100,92.6200
1785392982.750051,3752,1810,7880,8902,5.4100,92.6200
1785392982.774786,3752,1810,7917,8837,5.4100,92.6200
1785392982.801109,3762,1942,7908,8874,5.4100,92.6200
1785392982.824782,3809,1857,7945,8837,5.4100,92.6200
1785392982.850587,3799,1867,7852,8865,5.4100,92.6200
1785392982.876447,3780,1904,7861,8865,3.0400,89.7500
1785392982.903275,3743,1886,7899,8865,48.6800,89.3100
1785392982.927095,3809,1857,7870,8893,48.6800,89.3100
1785392982.952916,3771,1857,7889,8855,48.6800,89.3100
1785392982.976652,3771,1839,7889,8893,54.0900,89.3100
1785392983.005440,3734,1886,7880,8855,70.3200,89.1900
1785392983.028310,3771,1829,7861,8855,70.3200,89.1900
1785392983.056424,3762,1820,7889,8837,75.7300,89.1900
1785392983.078605,3771,1820,7880,8808,75.7300,89.1900
1785392983.106557,3734,1782,7880,8855,78.4400,89.1200
1785392983.129101,3752,1848,7852,8799,78.4400,89.1200
1785392983.158042,3752,1886,7899,8846,78.4400,89.0600
1785392983.179997,3771,1867,7833,8799,78.4400,89.0600
1785392983.207286,3734,1829,7861,8855,83.8500,89.0000
1785392983.231336,3752,1848,7889,8837,83.8500,89.0000
1785392983.257246,3752,2148,7861,8846,81.1400,89.0000
1785392983.281135,3743,1923,7880,8837,81.1400,89.0000
1785392983.306901,3752,1923,7880,8818,86.5500,88.9400
1785392983.332214,3780,1895,7899,8884,86.5500,88.9400
1785392983.358194,3771,1857,7852,8771,86.5500,88.9400
1785392983.383575,3771,1839,7870,8846,86.5500,88.9400
1785392983.408935,3762,1970,7889,8799,86.5500,88.8100
1785392983.432697,3771,1810,7889,8799,86.5500,88.8100
1785392983.458555,3809,1876,7861,8771,86.5500,88.7500
1785392983.484263,3780,1810,7861,8884,86.5500,88.7500
1785392983.509705,3752,1904,7842,8808,89.2500,88.6900
1785392983.534061,3771,1876,7805,8846,89.2500,88.6900
1785392983.561600,3799,1989,7842,8818,83.8500,88.6200
1785392983.585063,3809,1895,7842,8818,83.8500,88.6200
1785392983.610029,3780,1979,7861,8818,86.5500,88.5000
1785392983.635707,3780,1942,7842,8780,86.5500,88.5000
1785392983.663946,3799,1989,7842,8818,89.2500,88.5000
1785392983.687156,3855,1839,7852,8771,89.2500,88.5000
1785392983.712376,3827,1970,7899,8771,86.5500,88.4400
1785392983.737601,3734,1867,7861,8818,86.5500,88.4400
1785392983.761718,3799,1932,7852,8752,89.2500,88.4400
1785392983.788806,3771,1886,7870,8818,89.2500,88.4400
1785392983.813032,3780,1876,7805,8743,91.9600,88.5000
1785392983.838098,3799,1942,7833,8743,91.9600,88.5000
1785392983.863780,3780,1867,7852,8752,89.2500,88.4400
1785392983.888798,3780,1904,7833,8790,89.2500,88.4400
1785392983.914040,3799,1895,7852,8743,91.9600,88.3700
1785392983.940070,3827,1951,7795,8799,91.9600,88.3700
1785392983.965630,3790,1895,7795,8780,87.5000,88.3700
1785392983.989790,3790,1914,7786,8752,87.5000,88.3700
1785392984.016332,3780,1876,7805,8808,93.8400,88.3700
1785392984.041418,3799,1914,7805,8799,93.8400,88.3700
1785392984.066477,3780,2083,7748,8771,92.8100,88.4400
1785392984.091833,3771,2120,7861,8733,92.8100,88.4400
1785392984.116813,3846,1886,7824,8771,91.9600,88.4400
1785392984.142471,3855,1904,7899,8677,91.9600,88.4400
1785392984.168892,3809,1895,7861,8771,97.3700,88.5000
1785392984.192983,3809,1961,7833,8771,97.3700,88.5000
1785392984.217454,3818,1932,7842,8715,99.3600,88.5600
1785392984.242450,3790,1876,7777,8752,99.3600,88.5600
1785392984.269994,3771,2017,7861,8724,100.0700,88.5000
1785392984.294382,3780,1876,7795,8752,100.0700,88.5000
1785392984.319450,3809,1932,7805,8780,98.1100,88.5000
1785392984.344879,3818,1895,7824,8762,98.1100,88.5000
1785392984.370042,3827,1923,7786,8724,104.8800,88.5000
1785392984.395403,3799,1998,7786,8752,104.8800,88.5000
1785392984.421578,3790,1914,7824,8752,100.7600,88.4400
1785392984.445976,3846,1951,7739,8724,100.7600,88.4400
1785392984.472304,3762,1979,7767,8743,105.4800,88.3700
1785392984.498127,3827,1970,7833,8715,105.4800,88.3700
1785392984.522714,3827,1923,7767,8743,105.4800,88.3700
1785392984.547617,3790,1979,7833,8743,105.4800,88.3700
1785392984.573048,3837,1904,7777,8705,105.4800,88.3100
1785392984.598722,3837,1904,7814,8705,105.4800,88.3100
1785392984.623346,3771,1904,7880,8687,105.4800,88.3100
1785392984.649094,3799,1923,7814,8687,105.4800,88.3100
1785392984.674246,3762,1904,7777,8687,107.6400,88.1900
1785392984.699950,3762,1932,7814,8705,102.7800,88.1900
1785392984.725437,3818,1904,7777,8668,102.7800,88.1900
1785392984.750218,3884,2007,7833,8696,108.1900,88.1200
1785392984.775004,3846,1923,7767,8668,108.1900,88.1200
1785392984.799911,3827,1951,7758,8705,108.1900,88.1200
1785392984.826981,3790,1951,7786,8705,105.4800,88.1200
1785392984.851389,3827,1951,7730,8696,106.0700,88.1200
1785392984.877071,3865,2017,7767,8687,106.0700,88.1200
1785392984.903885,3790,1961,7739,8752,110.4000,88.1200
1785392984.928135,3846,1923,7720,8677,110.4000,88.1200
1785392984.954106,3790,1942,7730,8668,103.4100,88.1900
1785392984.978694,3865,2007,7795,8668,103.4100,88.1900
1785392985.007023,3827,1979,7767,8687,113.6000,88.3100
1785392985.028488,3799,1979,7767,8658,113.6000,88.3100
1785392985.057412,3818,2007,7795,8687,113.1600,88.3100
1785392985.079802,3855,1979,7795,8640,113.1600,88.3100
1785392985.108474,3790,1942,7720,8677,111.3700,88.3700
1785392985.130240,3809,1923,7739,8649,111.3700,88.3700
1785392985.158768,3855,1951,7777,8630,116.3000,88.3700
1785392985.180320,3809,1979,7730,8611,116.3000,88.3700
1785392985.207145,3865,1923,7730,8658,118.6800,88.3100
1785392985.230926,3827,2026,7730,8649,118.6800,88.3100
1785392985.258424,3893,1998,7730,8640,114.0200,88.2500
1785392985.282373,3837,1979,7702,8649,114.0200,88.2500
1785392985.308200,3837,1970,7664,8649,116.3000,88.1900
1785392985.332949,3818,1932,7720,8621,116.3000,88.1900
1785392985.358705,3874,1951,7720,8640,118.6800,88.1200
1785392985.383253,3874,1979,7683,8640,118.6800,88.1200
1785392985.408904,3780,1989,7683,8668,116.6700,88.1200
1785392985.434759,3837,1979,7739,8611,116.6700,88.1200
1785392985.459434,3837,1989,7655,8593,118.6800,88.0600
1785392985.483997,3855,1932,7702,8621,118.6800,88.0600
1785392985.510283,3809,1904,7683,8640,119.3200,88.0000
1785392985.535808,3846,2026,7683,8555,119.3200,88.0000
1785392985.561701,3846,1989,7683,8555,113.6000,88.0000
1785392985.585301,3818,1970,7664,8583,113.6000,88.0000
1785392985.610935,3827,2017,7664,8611,119.0100,87.9400
1785392985.636313,3846,2017,7664,8649,119.0100,87.9400
1785392985.661875,3837,1970,7673,8602,119.0100,87.9400
1785392985.687557,3799,2007,7645,8611,119.0100,87.9400
1785392985.712159,3855,2054,7655,8640,124.4200,88.0600
1785392985.738765,3846,1979,7664,8583,124.4200,88.0600
1785392985.763802,3771,1970,7673,8640,121.7100,88.1900
1785392985.788494,3827,2054,7655,8602,121.7100,88.1900
1785392985.813385,3799,1989,7655,8593,127.1200,88.2500
1785392985.839064,3818,1998,7645,8583,127.1200,88.2500
1785392985.864568,3771,2054,7664,8583,129.8300,88.3700
1785392985.889428,3790,2017,7664,8546,129.8300,88.3700
1785392985.915449,3865,2007,7664,8593,129.8300,88.4400
1785392985.940924,3809,2083,7608,8555,129.8300,88.4400
1785392985.965979,3771,2026,7645,8565,129.8300,88.4400
1785392985.992499,3771,2036,7627,8565,129.8300,88.4400
1785392986.017985,3827,2045,7627,8574,135.2300,88.4400
1785392986.041420,3884,2064,7617,8602,135.2300,88.4400
1785392986.067065,3827,2139,7542,8574,132.5300,88.3700
1785392986.092600,3837,2083,7542,8574,132.5300,88.3700
1785392986.117095,3827,2054,7617,8546,140.6400,88.3700
1785392986.142778,3827,1979,7655,8565,140.6400,88.3700
1785392986.168488,3827,2064,7598,8583,137.9400,88.3100
1785392986.192934,3846,2176,7598,8546,137.9400,88.3100
1785392986.219794,3799,2176,7608,8555,140.6400,88.3100
1785392986.245190,3799,2092,7598,8565,140.6400,88.3100
1785392986.270585,3865,2083,7627,8536,135.2300,88.2500
1785392986.293890,3865,2139,7570,8499,135.2300,88.2500
1785392986.320497,3837,2073,7645,8490,140.6400,88.2500
1785392986.345597,3884,2120,7608,8527,140.6400,88.2500
1785392986.370443,3818,2111,7617,8527,146.0500,88.2500
1785392986.395734,3771,2054,7589,8461,146.0500,88.2500
1785392986.420887,3855,2176,7505,8536,146.0500,88.3100
1785392986.446510,3884,2223,7589,8555,146.0500,88.3100
1785392986.472291,3902,2111,7598,8499,148.7600,88.3700
1785392986.497088,3874,2186,7570,8527,148.7600,88.3700
1785392986.522156,3818,2204,7598,8518,148.7600,88.4400
1785392986.548651,3846,2261,7598,8480,148.7600,88.4400
1785392986.573621,3827,2289,7580,8499,151.4600,88.5600
1785392986.598576,3846,2298,7598,8452,151.4600,88.5600
1785392986.624114,3865,2326,7598,8471,151.4600,88.5600
1785392986.649254,3865,2233,7561,8471,154.1700,88.5000
1785392986.674731,3912,2280,7627,8415,154.1700,88.5000
1785392986.700583,3912,2139,7636,8471,154.1700,88.5000
1785392986.725253,3902,2176,7598,8471,153.8000,88.5000
1785392986.750165,3837,2270,7570,8490,153.8000,88.5000
1785392986.776551,3874,2251,7589,8433,160.0700,88.5000
1785392986.802276,3884,2280,7589,8452,159.1000,88.5000
1785392986.827099,3884,2505,7589,8452,159.1000,88.5000
1785392986.852980,3902,2204,7533,8424,159.1000,88.5000
1785392986.877822,3874,2317,7570,8480,162.8300,88.3700
1785392986.905702,3884,2261,7627,8443,162.2800,88.2500
1785392986.928967,3902,2261,7570,8396,162.2800,88.2500
1785392986.956034,3902,2317,7561,8443,162.2800,88.1900
1785392986.978198,3893,2317,7561,8461,162.2800,88.1900
1785392987.005800,3884,2289,7561,8490,159.1000,88.1200
1785392987.030828,3874,2298,7561,8461,159.1000,88.1200
1785392987.056262,3855,2317,7580,8433,162.2800,88.1200
1785392987.078751,3902,2289,7542,8386,162.2800,88.1200
1785392987.108365,3902,2364,7551,8415,162.2800,88.1200
1785392987.131270,3865,2345,7523,8452,162.2800,88.1200
1785392987.158438,3893,2355,7476,8405,164.9900,88.1200
1785392987.181955,3902,2486,7514,8358,164.9900,88.1200
1785392987.209710,3921,2308,7467,8424,164.9900,88.1900
1785392987.232125,3837,2477,7533,8386,164.9900,88.1900
1785392987.259141,3837,2392,7495,8386,164.9900,88.3100
1785392987.283337,3902,2280,7551,8415,164.9900,88.3100
1785392987.307835,3893,2336,7514,8405,170.4000,88.3700
1785392987.333635,3940,2448,7523,8358,170.4000,88.3700
1785392987.358488,3846,2364,7523,8368,170.4000,88.3700
1785392987.383841,3874,2336,7598,8339,170.4000,88.3700
1785392987.409451,3874,2383,7533,8377,173.1000,88.3700
1785392987.435793,3893,2355,7439,8339,173.1000,88.3700
1785392987.460706,3912,2326,7486,8339,175.8000,88.3700
1785392987.485828,3987,2298,7523,8339,175.8000,88.3700
1785392987.510781,3893,2411,7514,8339,178.5100,88.3700
1785392987.535431,3874,2289,7476,8358,178.5100,88.3700
1785392987.563315,3902,2308,7439,8396,178.5100,88.3700
1785392987.587486,3827,2345,7551,8415,178.5100,88.3700
1785392987.612040,3912,2326,7486,8377,181.2100,88.3700
1785392987.637154,3959,2439,7505,8368,181.2100,88.3700
1785392987.662148,3902,2364,7486,8546,187.6700,88.3700
1785392987.688878,3940,2289,7514,8227,187.6700,88.3700
1785392987.713759,3931,2280,7476,8227,182.9600,88.3100
1785392987.739579,3921,2289,7523,8311,182.9600,88.3100
1785392987.763417,3931,2355,7570,8339,186.6200,88.3100
1785392987.790101,3902,2345,7458,8377,186.6200,88.3100
1785392987.814192,3902,2373,7420,8377,189.3300,88.3100
1785392987.839560,3884,2345,7439,8386,189.3300,88.3100
1785392987.864939,3949,2289,7476,8377,189.3300,88.3100
1785392987.890093,3912,2345,7439,8321,189.3300,88.3100
1785392987.916158,3912,2308,7467,8321,194.7400,88.3100
1785392987.941975,3940,2355,7439,8321,194.7400,88.3100
1785392987.967283,3931,2392,7392,8264,194.7400,88.3100
1785392987.992345,3902,2280,7467,8293,194.7400,88.3100
1785392988.018239,3959,2336,7476,8227,193.1900,88.3100
1785392988.043719,3940,2373,7448,8255,193.1900,88.3100
1785392988.068439,3959,2326,7467,8246,196.2200,88.3100
1785392988.093484,3959,2355,7448,8255,196.2200,88.3100
1785392988.118657,3921,2308,7430,8255,189.3300,88.2500
1785392988.144302,3987,2336,7430,8283,189.3300,88.2500
1785392988.169031,3977,2317,7392,8274,194.7400,88.1900
1785392988.194766,3874,2420,7420,8274,194.7400,88.1900
1785392988.220248,3931,2345,7411,8218,192.0300,88.1900
1785392988.244835,3959,2336,7430,8199,192.0300,88.1900
1785392988.270748,3940,2364,7364,8218,189.3300,88.1200
1785392988.295773,3977,2308,7401,8246,189.3300,88.1200
1785392988.320867,3931,2458,7551,8208,192.0300,88.1900
1785392988.346297,3912,2373,7326,8171,192.0300,88.1900
1785392988.371872,3921,2336,7354,8171,194.7400,88.3100
1785392988.397199,3921,2364,7326,8189,194.7400,88.3100
1785392988.423082,3949,2280,7308,8189,194.7400,88.3700
1785392988.447696,3949,2336,7345,8189,194.7400,88.3700
1785392988.472326,3921,2298,7383,8189,194.7400,88.4400
1785392988.499130,3874,2280,7326,8189,194.7400,88.4400
1785392988.524152,3949,2298,7326,8142,192.0300,88.4400
1785392988.548587,3940,2261,7289,8161,192.0300,88.4400
1785392988.574271,3912,2261,7345,8171,194.7400,88.4400
1785392988.599695,3949,2308,7298,8189,194.7400,88.4400
1785392988.624587,3987,2345,7336,8152,194.7400,88.4400
1785392988.650423,3912,2289,7317,8171,194.7400,88.4400
1785392988.675444,3921,2289,7279,8161,197.4400,88.4400
1785392988.700633,3912,2308,7326,8142,197.4400,88.4400
1785392988.727120,3940,2308,7270,8142,200.1500,88.4400
1785392988.751932,3940,2355,7270,8189,202.8500,88.4400
1785392988.776746,3959,2355,7270,8142,202.8500,88.4400
1785392988.802248,3940,2420,7279,8133,202.8500,88.4400
1785392988.827497,3902,2298,7326,8124,194.7400,88.4400
1785392988.852690,3912,2298,7298,8133,197.4400,88.4400
1785392988.879099,3931,2298,7308,8152,197.4400,88.4400
1785392988.905484,3893,2270,7289,8105,197.4400,88.4400
1785392988.928363,3912,2355,7289,8161,194.7400,88.5000
1785392988.957101,3921,2345,7270,8152,197.4400,88.5000
1785392988.980271,3949,2317,7251,8114,197.4400,88.5000
1785392989.008180,3996,2364,7233,8105,188.2700,88.5000
1785392989.029321,3996,2308,7242,8114,188.2700,88.5000
1785392989.058932,3949,2401,7233,8077,201.4700,88.4400
1785392989.080930,3977,2383,7223,8133,201.4700,88.4400
1785392989.108843,3940,2355,7251,8105,194.7400,88.4400
1785392989.131712,3940,2355,7167,8105,194.7400,88.4400
1785392989.160067,3977,2289,7195,8067,194.7400,88.3100
1785392989.181247,4015,2355,7195,8114,194.7400,88.3100
1785392989.209830,3977,2383,7214,8039,194.7400,88.1900
1785392989.232783,4006,2364,7242,8021,194.7400,88.1900
1785392989.260767,3949,2364,7214,8067,189.3300,88.1200
1785392989.284117,3940,2383,7279,8039,189.3300,88.1200
1785392989.309454,3977,2420,7195,8021,189.3300,88.0600
1785392989.334315,3977,2411,7186,8030,189.3300,88.0600
1785392989.359832,3977,2392,7176,8039,186.6200,88.1200
1785392989.384690,3968,2477,7176,8002,186.6200,88.1200
1785392989.409545,4015,2345,7157,8058,192.0300,88.1900
1785392989.435454,3987,2458,7157,8030,192.0300,88.1900
1785392989.460279,3987,2458,7129,8002,182.9600,88.3700
1785392989.484982,3977,2439,7129,8002,182.9600,88.3700
1785392989.510841,3968,2439,7120,8021,193.1900,88.4400
1785392989.537338,4006,2420,7167,7992,193.1900,88.4400
1785392989.561928,4015,2477,7101,8030,192.0300,88.5000
1785392989.587323,3977,2514,7101,8002,192.0300,88.5000
1785392989.612315,3968,2486,7139,8002,194.7400,88.5000
1785392989.636914,3968,2477,7186,8039,194.7400,88.5000
1785392989.663097,4034,2458,7139,7983,193.5700,88.5000
1785392989.688232,3996,2430,7139,8039,193.5700,88.5000
1785392989.713308,3996,2505,7045,8021,194.7400,88.5000
1785392989.739772,3931,2542,7082,7983,194.7400,88.5000
1785392989.764931,3987,2523,7101,7964,197.4400,88.5000
1785392989.790016,3968,2430,7073,7983,197.4400,88.5000
1785392989.815332,3977,2523,7054,7974,194.7400,88.4400
1785392989.840330,3996,2552,7073,7945,194.7400,88.4400
1785392989.866000,4006,2523,7139,7936,195.9500,88.4400
1785392989.891171,3968,2542,7073,7955,195.9500,88.4400
1785392989.917491,3968,2533,7036,7927,190.9200,88.3700
1785392989.941464,4024,2448,6989,7983,190.9200,88.3700
1785392989.966753,3987,2477,6998,7927,197.4400,88.4400
1785392989.993568,4015,2467,7036,7927,197.4400,88.4400
1785392990.018265,3977,2477,7064,7908,195.9500,88.3700
1785392990.042683,3996,2495,7017,7889,195.9500,88.3700
1785392990.068356,3996,2598,7082,7899,196.2200,88.3700
1785392990.092915,3987,2486,7073,7917,196.2200,88.3700
1785392990.118232,3996,2589,7026,7880,194.7400,88.4400
1785392990.144713,3996,2580,7092,7861,194.7400,88.4400
1785392990.169497,4015,2448,7139,7833,200.1500,88.3700
1785392990.194412,4062,2458,7251,7852,200.1500,88.3700
1785392990.220540,4052,2523,7627,7852,194.7400,88.3700
1785392990.245587,4006,2561,6904,7889,194.7400,88.3700
1785392990.270548,4024,2598,6932,7889,194.7400,88.3100
1785392990.296308,4052,2495,7007,7852,194.7400,88.3100
1785392990.321485,4052,2533,7101,7870,194.7400,88.1900
1785392990.347331,4034,2570,7073,7861,194.7400,88.1900
1785392990.372851,4052,2552,7045,7861,189.3300,88.1200
1785392990.397801,4034,2598,7007,7842,189.3300,88.1200
1785392990.422654,4052,2655,6998,7861,189.3300,88.1200
1785392990.448732,4146,2523,6970,7842,189.3300,88.1200
1785392990.474115,4052,2552,6960,7842,192.0300,88.1900
1785392990.499050,4052,2608,6970,7842,192.0300,88.1900
1785392990.524615,4071,2552,6960,7824,186.6200,88.2500
1785392990.550351,4015,2674,6960,7852,192.0300,88.3100
1785392990.575268,4081,2552,6951,7824,192.0300,88.3100
1785392990.600843,4090,2645,6942,7814,192.0300,88.3100
1785392990.625385,4043,2645,6960,7833,189.3300,88.3700
1785392990.650289,4034,2505,6932,7824,189.3300,88.3700
1785392990.676622,4071,2552,6923,7824,189.3300,88.4400
1785392990.701507,4052,2589,7007,7814,186.6200,88.4400
1785392990.727639,4071,2542,6942,7805,186.6200,88.4400
1785392990.752634,4071,2589,6904,7814,186.6200,88.4400
1785392990.778050,4109,2645,6904,7786,194.7400,88.4400
1785392990.803186,4015,2580,6942,7795,192.0300,88.4400
1785392990.828984,4071,2711,6960,7824,192.0300,88.4400
1785392990.854070,4109,2664,6951,7767,192.0300,88.4400
1785392990.878346,4043,2598,6914,7767,200.1500,88.3700
1785392990.906707,3996,2608,6904,7814,194.7400,88.4400
1785392990.929620,4081,2627,6951,7814,194.7400,88.4400
1785392990.957317,4090,2589,6885,7814,197.4400,88.3700
1785392990.979427,4052,2664,6829,7805,197.4400,88.3700
1785392991.008677,4109,2664,6839,7758,190.9200,88.3700
1785392991.031920,4062,2598,6914,7814,190.9200,88.3700
1785392991.057648,4024,2608,6904,7739,198.7100,88.3100
1785392991.081089,4099,2749,6867,7777,198.7100,88.3100
1785392991.109019,4034,2655,6867,7758,192.0300,88.3700
1785392991.130890,4034,2645,6857,7692,192.0300,88.3700
1785392991.160255,4146,2636,6801,7739,190.9200,88.3700
1785392991.183063,4071,2561,6801,7786,190.9200,88.3700
1785392991.210467,4146,2608,6801,7730,192.0300,88.3700
1785392991.233093,4128,2627,6839,7739,192.0300,88.3700
1785392991.260271,4137,2777,6885,7711,195.9500,88.3700
1785392991.284258,4137,2739,6867,7683,195.9500,88.3700
1785392991.309821,4118,2758,6810,7683,197.4400,88.3100
1785392991.334810,4118,2749,6810,7720,197.4400,88.3100
1785392991.360626,4165,2749,6782,7720,190.9200,88.2500
1785392991.386282,4165,2786,6782,7645,190.9200,88.2500
1785392991.411369,4165,2730,6782,7645,193.1900,88.1900
1785392991.436155,4165,2861,6876,7645,193.1900,88.1900
1785392991.461096,4165,2824,6792,7702,188.2700,88.1900
1785392991.487385,4146,2767,6820,7692,188.2700,88.1900
1785392991.512353,4165,2683,6848,7645,186.6200,88.1900
1785392991.537148,4146,2683,6848,7692,186.6200,88.1900
1785392991.562253,4156,2805,6801,7673,192.0300,88.2500
1785392991.588116,4146,2674,6773,7645,192.0300,88.2500
1785392991.613668,4146,2720,6801,7655,192.0300,88.3700
1785392991.638920,4128,2692,6763,7617,192.0300,88.3700
1785392991.663875,4109,2720,6754,7664,192.0300,88.5000
1785392991.689579,4184,2692,6735,7664,192.0300,88.5000
1785392991.714731,4137,2749,6754,7645,192.0300,88.5000
1785392991.739622,4128,2711,6754,7636,192.0300,88.5000
1785392991.764990,4165,2758,6763,7608,195.9500,88.5600
1785392991.790663,4193,2692,6763,7683,195.9500,88.5600
1785392991.815539,4184,2767,6763,7627,197.4400,88.5600
1785392991.841225,4146,2786,6792,7645,197.4400,88.5600
1785392991.866874,4165,2739,6707,7673,194.7400,88.5600
1785392991.891382,4240,2795,6754,7598,194.7400,88.5600
1785392991.916871,4203,2767,6801,7561,197.4400,88.5000
1785392991.942940,4221,2749,6773,7580,197.4400,88.5000
1785392991.967952,4249,2786,6679,7608,196.2200,88.4400
1785392991.993235,4268,2777,6717,7589,196.2200,88.4400
1785392992.018391,4240,2730,6717,7608,201.4700,88.4400
1785392992.043350,4221,2777,6670,7617,201.4700,88.4400
1785392992.069499,4259,2767,6698,7551,196.2200,88.4400
1785392992.094832,4249,2749,6679,7561,196.2200,88.4400
1785392992.119410,4156,2795,6688,7608,197.4400,88.4400
1785392992.144364,4268,2758,6670,7542,197.4400,88.4400
1785392992.171513,4287,2730,6651,7542,200.1500,88.4400
1785392992.196747,4212,2786,6670,7561,200.1500,88.4400
1785392992.221761,4193,2842,6679,7580,197.4400,88.5000
1785392992.246592,4315,2795,6670,7542,197.4400,88.5000
1785392992.272922,4259,2833,6632,7580,192.0300,88.4400
1785392992.297232,4231,2870,6642,7551,192.0300,88.4400
1785392992.323147,4221,2833,6632,7551,198.7100,88.3700
1785392992.347942,4268,2833,6613,7561,198.7100,88.3700
1785392992.373002,4268,2824,6632,7542,193.5700,88.3700
1785392992.400235,4240,2852,6651,7495,193.5700,88.3700
1785392992.424678,4212,2880,6707,7486,198.7100,88.3100
1785392992.450551,4268,2861,6660,7476,198.7100,88.3100
1785392992.474736,4278,2880,6642,7505,190.9200,88.3100
1785392992.499609,4296,2889,6613,7476,187.6700,88.2500
1785392992.525861,4193,2861,6651,7486,187.6700,88.2500
1785392992.550935,4249,2861,6632,7495,187.6700,88.2500
1785392992.575697,4296,2833,6604,7495,183.9200,88.1900
1785392992.600553,4249,2842,6613,7486,183.9200,88.1900
1785392992.626866,4268,2861,6585,7476,188.2700,88.1200
1785392992.651521,4315,2870,6566,7514,189.3300,88.2500
1785392992.676911,4306,2899,6538,7467,189.3300,88.2500
1785392992.702735,4296,2889,6548,7430,189.3300,88.2500
1785392992.729918,4278,2870,6604,7458,192.0300,88.4400
1785392992.753161,4278,2927,6566,7439,194.7400,88.5600
1785392992.778719,4362,2899,6604,7476,194.7400,88.5600
1785392992.803073,4334,2936,6632,7401,194.7400,88.6200
1785392992.828022,4353,2964,6604,7401,194.7400,88.6200
1785392992.853062,4334,2889,6538,7401,194.7400,88.6200
1785392992.880065,4287,2899,6538,7448,200.1500,88.6200
1785392992.908796,4334,2917,6557,7392,192.0300,88.5600
1785392992.929556,4381,2889,6566,7430,192.0300,88.5600
1785392992.958388,4315,2899,6548,7401,192.0300,88.5600
1785392992.981069,4306,2983,6529,7401,192.0300,88.5600
1785392993.008516,4362,2889,6510,7354,202.8500,88.5000
1785392993.031515,4306,2946,6538,7458,202.8500,88.5000
1785392993.059915,4325,2955,6520,7364,194.7400,88.5000
1785392993.082178,4334,2983,6482,7448,194.7400,88.5000
1785392993.110334,4334,2983,6491,7364,202.8500,88.5600
1785392993.132784,4315,3058,6473,7401,202.8500,88.5600
1785392993.161077,4381,2946,6463,7364,202.8500,88.5000
1785392993.184402,4353,3011,6445,7373,202.8500,88.5000
1785392993.210263,4287,2927,6463,7411,202.8500,88.5000
1785392993.234144,4371,2983,6482,7392,202.8500,88.5000
1785392993.259896,4400,3114,6520,7448,197.4400,88.4400
1785392993.284940,4400,3011,6473,7364,197.4400,88.4400
1785392993.308903,4381,3039,6435,7364,197.4400,88.4400
1785392993.335218,4390,3021,6482,7345,197.4400,88.4400
1785392993.360336,4437,3049,6445,7411,197.4400,88.4400
1785392993.385715,4381,3086,6501,7401,197.4400,88.4400
1785392993.411905,4353,3086,6501,7401,194.7400,88.4400
1785392993.436585,4428,3124,6445,7364,194.7400,88.4400
1785392993.461839,4409,3039,6463,7373,200.1500,88.3700
1785392993.487351,4381,3152,6435,7364,200.1500,88.3700
1785392993.512335,4353,3161,6482,7354,194.7400,88.3100
1785392993.537565,4456,3255,6426,7364,194.7400,88.3100
1785392993.563890,4437,3133,6398,7364,190.9200,88.3100
1785392993.589148,4400,3161,6416,7317,190.9200,88.3100
1785392993.613872,4400,3105,6398,7326,194.7400,88.1900
1785392993.640412,4371,3096,6435,7345,194.7400,88.1900
1785392993.665971,4446,3077,6426,7317,189.3300,88.1900
1785392993.690891,4428,3114,6407,7289,189.3300,88.1900
1785392993.715978,4428,3171,6445,7289,190.4300,88.1900
1785392993.740416,4409,3124,6388,7279,190.4300,88.1900
1785392993.766303,4428,3180,6388,7279,192.0300,88.2500
1785392993.791633,4409,3218,6360,7289,192.0300,88.2500
1785392993.816862,4390,3208,6407,7308,192.0300,88.3700
1785392993.840991,4409,3171,6379,7298,192.0300,88.3700
1785392993.867401,4437,3180,6416,7270,192.0300,88.5000
1785392993.893171,4428,3189,6398,7308,192.0300,88.5000
1785392993.918235,4409,3152,6360,7289,188.2700,88.5000
1785392993.943490,4446,3274,6388,7279,188.2700,88.5000
1785392993.968675,4390,3199,6370,7261,194.7400,88.5000
1785392993.994181,4493,3143,6370,7223,194.7400,88.5000
1785392994.019384,4353,3161,6313,7326,195.9500,88.5000
1785392994.045372,4465,3236,6294,7251,195.9500,88.5000
1785392994.069501,4475,3208,6341,7251,196.2200,88.5600
1785392994.094405,4522,3264,6304,7298,196.2200,88.5600
1785392994.120659,4484,3255,6294,7223,194.7400,88.5000
1785392994.145670,4446,3152,6313,7195,194.7400,88.5000
1785392994.171146,4446,3180,6332,7223,201.4700,88.5000
1785392994.196831,4456,3199,6341,7204,201.4700,88.5000
1785392994.221367,4540,3274,6285,7261,193.5700,88.5000
1785392994.247345,4503,3189,6323,7186,193.5700,88.5000
1785392994.272680,4615,3302,6360,7242,201.4700,88.4400
1785392994.297933,4531,3302,6248,7176,201.4700,88.4400
1785392994.322803,4512,3218,6257,7223,194.7400,88.3700
1785392994.349377,4568,3274,6257,7148,194.7400,88.3700
1785392994.374305,4540,3236,6257,7157,197.4400,88.3700
1785392994.398891,4512,3208,6266,7186,197.4400,88.3700
1785392994.424531,4503,3264,6266,7157,185.6200,88.4400
1785392994.449772,4540,3255,6219,7195,185.6200,88.4400
1785392994.474829,4587,3227,6285,7129,198.7100,88.4400
1785392994.501861,4559,3264,6257,7139,198.7100,88.4400
1785392994.525527,4484,3246,6229,7157,188.2700,88.3700
1785392994.550454,4484,3255,6219,7176,188.2700,88.3700
1785392994.576862,4522,3311,6201,7167,194.7400,88.3100
1785392994.601732,4568,3321,6144,7111,194.7400,88.3100
1785392994.627405,4578,3377,6163,7111,194.7400,88.2500
1785392994.653408,4578,3236,6219,7129,189.3300,88.1900
1785392994.678166,4493,3274,6182,7129,189.3300,88.1900
1785392994.703177,4522,3283,6210,7129,192.0300,88.1900
1785392994.729312,4578,3302,6173,7092,192.0300,88.1900
1785392994.753612,4531,3311,6201,7092,192.0300,88.1900
1785392994.778440,4531,3349,6182,7092,192.0300,88.2500
1785392994.806066,4587,3340,6154,7176,186.6200,88.3100
1785392994.830614,4559,3386,6201,7139,186.6200,88.3100
1785392994.856800,4540,3340,6182,7111,186.6200,88.3100
1785392994.880557,4522,3368,6144,7073,189.3300,88.3700
1785392994.908658,4597,3377,6182,7120,192.0300,88.4400
1785392994.931533,4615,3368,6144,7148,192.0300,88.4400
1785392994.959040,4587,3386,6173,7101,192.0300,88.5600
1785392994.981757,4578,3396,6144,7120,192.0300,88.5600
1785392995.009726,4531,3358,6144,7129,194.7400,88.5600
1785392995.032277,4559,3340,6144,7082,194.7400,88.5600
1785392995.060586,4606,3415,6144,7064,194.7400,88.6200
1785392995.083113,4615,3405,6173,7101,194.7400,88.6200
1785392995.110914,4587,3358,6144,7120,193.5700,88.6900
1785392995.134164,4550,3424,6116,7082,193.5700,88.6900
1785392995.161998,4643,3443,6116,7073,194.7400,88.6900
1785392995.183885,4559,3330,6107,7111,194.7400,88.6900
1785392995.211894,4606,3415,6163,7092,197.4400,88.6200
1785392995.234908,4606,3405,6069,7045,197.4400,88.6200
1785392995.262229,4615,3443,6107,7007,197.4400,88.6200
1785392995.287229,4559,3433,6201,7054,197.4400,88.6200
1785392995.310916,4559,3499,6088,7054,194.7400,88.5600
1785392995.335659,4578,3396,6069,7017,194.7400,88.5600
1785392995.362569,4634,3461,6079,6989,194.7400,88.5000
1785392995.387272,4634,3499,6107,7036,194.7400,88.5000
1785392995.412272,4625,3386,6060,7017,192.0300,88.5000
1785392995.437522,4643,3452,6032,6989,192.0300,88.5000
1785392995.462802,4625,3471,6060,6970,195.9500,88.5000
1785392995.488086,4625,3433,6013,6942,195.9500,88.5000
1785392995.514356,4615,3433,6079,6951,192.0300,88.5600
1785392995.539189,4578,3452,6022,6951,192.0300,88.5600
1785392995.563555,4672,3377,5994,6932,192.0300,88.5600
1785392995.590158,4643,3396,6069,6942,192.0300,88.5600
1785392995.615947,4625,3499,6013,6932,194.7400,88.5000
1785392995.642379,4690,3471,6041,6979,194.7400,88.5000
1785392995.665744,4662,3471,5957,6923,194.7400,88.4400
1785392995.690856,4634,3471,5947,6989,194.7400,88.4400
1785392995.715950,4672,3508,6013,6904,185.6200,88.3700
1785392995.741887,4737,3461,6013,6951,185.6200,88.3700
1785392995.767396,4653,3424,6069,6998,193.1900,88.3100
1785392995.791594,4587,3461,5976,6960,193.1900,88.3100
1785392995.818267,4728,3396,6004,6989,180.3100,88.1900
1785392995.843922,4690,3433,5938,6970,180.3100,88.1900
1785392995.869267,4709,3415,5994,6932,186.6200,88.1900
1785392995.894056,4709,3377,5947,6895,186.6200,88.1900
1785392995.918537,4653,3368,5938,6914,186.6200,88.1900
1785392995.943815,4625,3480,5994,6923,186.6200,88.1900
1785392995.968785,4681,3537,5938,6979,190.4300,88.3100
1785392995.995074,4690,3405,5957,6885,190.4300,88.3100
1785392996.019547,4653,3415,5919,6932,189.3300,88.4400
1785392996.044631,4775,3452,5910,6914,189.3300,88.4400
1785392996.070767,4718,3396,5929,6904,188.2700,88.5000
1785392996.095794,4643,3518,5929,6914,188.2700,88.5000
1785392996.120976,4718,3471,5985,6951,195.9500,88.5600
1785392996.146524,4681,3461,5947,6923,195.9500,88.5600
1785392996.171748,4625,3499,5919,6923,194.7400,88.5600
1785392996.196832,4690,3480,5929,6923,194.7400,88.5600
1785392996.222838,4700,3461,5910,6876,194.7400,88.5600
1785392996.247524,4690,3527,5872,6857,194.7400,88.5600
1785392996.272557,4643,3443,5891,6923,190.9200,88.5000
1785392996.298755,4643,3490,5825,6895,190.9200,88.5000
1785392996.323723,4681,3452,5844,6867,201.4700,88.4400
1785392996.348812,4775,3537,5872,6857,201.4700,88.4400
1785392996.374553,4718,3480,5872,6857,190.9200,88.3700
1785392996.399822,4728,3471,5807,6820,190.9200,88.3700
1785392996.424840,4690,3527,5844,6848,195.9500,88.3700
1785392996.450884,4784,3527,5816,6848,195.9500,88.3700
1785392996.475603,4747,3527,5825,6810,193.5700,88.3700
1785392996.501370,4709,3537,5816,6810,198.7100,88.4400
1785392996.527233,4747,3480,5872,6782,198.7100,88.4400
1785392996.552562,4737,3490,5844,6839,198.7100,88.4400
1785392996.577360,4859,3471,5844,6867,193.5700,88.4400
1785392996.602531,4794,3480,5816,6810,193.5700,88.4400
1785392996.628013,4765,3527,5854,6773,192.0300,88.5000
1785392996.652726,4709,3490,5844,6782,192.0300,88.4400
1785392996.679463,4784,3546,5854,6810,192.0300,88.4400
1785392996.703721,4747,3555,5825,6792,192.0300,88.4400
1785392996.728611,4784,3518,5816,6754,194.7400,88.3700
1785392996.755111,4822,3527,5835,6745,197.4400,88.2500
1785392996.779913,4803,3527,5788,6745,197.4400,88.2500
1785392996.805378,4775,3546,5779,6773,186.6200,88.1900
1785392996.830671,4859,3537,5797,6782,186.6200,88.1900
1785392996.858065,4803,3546,5835,6726,190.4300,88.1900
1785392996.881379,4784,3565,5779,6848,190.4300,88.1900
1785392996.909999,4765,3546,5797,6848,189.3300,88.2500
1785392996.931955,4812,3546,5779,6801,189.3300,88.2500
1785392996.959982,4803,3602,5741,6745,188.2700,88.2500
1785392996.983303,4822,3574,5797,6717,188.2700,88.2500
1785392997.010890,4747,3593,5788,6688,186.6200,88.3100
1785392997.033061,4784,3593,5732,6707,186.6200,88.3100
1785392997.060006,4859,3583,5750,6745,192.0300,88.3700
1785392997.084209,4859,3583,5713,6726,192.0300,88.3700
1785392997.112111,4728,3621,5722,6688,192.0300,88.4400
1785392997.134060,4794,3602,5750,6688,192.0300,88.4400
1785392997.162557,4794,3602,5741,6679,192.0300,88.5600
1785392997.184255,4831,3621,5675,6717,192.0300,88.5600
1785392997.210885,4878,3640,5703,6726,198.7100,88.5600
1785392997.235536,4831,3630,5732,6707,198.7100,88.5600
1785392997.260774,4765,3640,5713,6754,196.2200,88.6200
1785392997.285727,4784,3649,5722,6698,196.2200,88.6200
1785392997.312094,4840,3668,5713,6688,194.7400,88.5600
1785392997.337794,4915,3715,5657,6660,194.7400,88.5600
1785392997.361904,4812,3687,5685,6660,197.4400,88.5000
1785392997.387630,4878,3715,5666,6651,197.4400,88.5000
1785392997.412593,4812,3724,5675,6688,197.4400,88.4400
1785392997.438368,4887,3677,5638,6726,197.4400,88.4400
1785392997.464649,4850,3668,5628,6651,200.1500,88.4400
1785392997.489145,4831,3677,5647,6660,200.1500,88.4400
1785392997.513764,4869,3668,5628,6642,194.7400,88.4400
1785392997.538188,4869,3715,5703,6660,194.7400,88.4400
1785392997.563110,4840,3743,5610,6670,197.4400,88.4400
1785392997.589414,4822,3724,5591,6642,197.4400,88.4400
1785392997.614059,4831,3696,5628,6623,194.7400,88.4400
1785392997.639074,4831,3734,5553,6604,194.7400,88.4400
1785392997.664343,4869,3780,5582,6632,194.7400,88.5000
1785392997.690491,4925,3687,5591,6651,194.7400,88.5000
1785392997.715532,4887,3649,5610,6651,194.7400,88.5600
1785392997.739998,4831,3771,5657,6642,194.7400,88.5600
1785392997.765981,4878,3799,5600,6632,201.4700,88.6200
1785392997.790999,4878,3790,5563,6613,201.4700,88.6200
1785392997.816265,4869,3687,5572,6604,196.2200,88.6200
1785392997.841954,4878,3734,5610,6585,196.2200,88.6200
1785392997.867001,4925,3780,5572,6557,197.4400,88.5000
1785392997.891995,4869,3734,5572,6566,197.4400,88.5000
1785392997.918377,4906,3818,5563,6566,194.7400,88.4400
1785392997.943521,4953,3771,5600,6566,194.7400,88.4400
1785392997.968309,4925,3865,5563,6576,194.7400,88.3100
1785392997.993414,4897,3837,5591,6529,194.7400,88.3100
1785392998.019446,4906,3780,5591,6529,194.7400,88.2500
1785392998.044873,4953,3884,5563,6538,194.7400,88.2500
1785392998.069384,4953,3809,5516,6557,183.9200,88.2500
1785392998.095059,4925,3762,5544,6585,183.9200,88.2500
1785392998.120244,4972,3771,5525,6566,189.3300,88.2500
1785392998.145811,4934,3865,5544,6520,189.3300,88.2500
1785392998.171426,4906,3865,5525,6538,192.0300,88.3700
1785392998.196260,4897,3762,5525,6520,192.0300,88.3700
1785392998.221324,4991,3705,5506,6557,192.0300,88.4400
1785392998.247754,4972,3809,5525,6538,192.0300,88.4400
1785392998.272698,4981,3837,5488,6557,193.1900,88.5000
1785392998.297542,4972,3809,5525,6520,193.1900,88.5000
1785392998.323171,4944,3827,5525,6538,190.9200,88.5000
1785392998.348219,5047,3874,5488,6529,190.9200,88.5000
1785392998.373760,4953,3874,5497,6501,189.3300,88.5000
1785392998.399263,4934,3874,5469,6520,189.3300,88.5000
1785392998.424277,4915,3902,5478,6510,194.7400,88.5600
1785392998.449291,5037,3855,5506,6482,194.7400,88.5600
1785392998.475544,4962,3837,5488,6482,194.7400,88.5000
1785392998.500604,4991,3846,5516,6538,194.7400,88.5000
1785392998.525545,4962,3949,5441,6491,194.7400,88.5000
1785392998.551112,4991,3865,5478,6482,194.7400,88.5000
1785392998.576289,5037,3818,5488,6482,194.7400,88.5000
1785392998.601449,5066,3940,5478,6557,194.7400,88.5000
1785392998.627619,5028,3893,5478,6463,194.7400,88.5000
1785392998.652137,4925,3865,5422,6491,194.7400,88.5000
1785392998.676989,5047,3902,5431,6473,197.4400,88.5000
1785392998.703017,5028,3959,5488,6463,197.4400,88.5000
1785392998.728227,4981,3921,5431,6491,192.0300,88.5000
1785392998.753386,5047,3921,5478,6407,193.1900,88.5000
1785392998.779015,5000,3940,5403,6407,193.1900,88.5000
1785392998.803999,4953,3912,5441,6388,193.1900,88.5000
1785392998.829019,5009,4006,5385,6398,190.9200,88.5000
1785392998.856287,5019,3921,5469,6416,189.3300,88.5000
1785392998.879957,5028,3968,5403,6398,189.3300,88.5000
1785392998.905477,5028,3996,5375,6463,189.3300,88.5000
1785392998.931745,5047,4006,5422,6407,189.3300,88.5000
1785392998.957820,5019,3968,5375,6445,189.3300,88.4400
1785392998.981416,5037,3940,5403,6445,189.3300,88.4400
1785392999.008116,4962,3977,5413,6426,186.6200,88.3100
1785392999.032540,5009,3977,5375,6351,186.6200,88.3100
1785392999.058721,5019,3949,5375,6407,189.3300,88.2500
1785392999.083312,4991,3902,5431,6407,189.3300,88.2500
1785392999.107916,5075,3977,5366,6426,193.1900,88.1200
1785392999.133144,5028,3968,5394,6426,193.1900,88.1200
1785392999.159346,5009,3977,5366,6416,188.2700,88.1200
1785392999.184379,4981,3996,5366,6388,188.2700,88.1200
1785392999.209376,5075,3959,5356,6445,186.6200,88.1900
1785392999.235438,5084,3996,5422,6351,186.6200,88.1900
1785392999.260129,5112,4109,5366,6407,186.6200,88.2500
1785392999.285611,5084,4024,5413,6407,186.6200,88.2500
1785392999.311817,5084,4109,5338,6445,183.9200,88.3100
1785392999.336371,5103,4090,5394,6388,183.9200,88.3100
1785392999.363122,5103,4090,5394,6341,193.1900,88.3700
1785392999.387923,5084,4043,5441,6341,193.1900,88.3700
1785392999.412306,5084,4062,5309,6341,190.9200,88.4400
1785392999.438756,5056,4015,5347,6398,190.9200,88.4400
1785392999.463875,5094,4109,5328,6407,192.0300,88.4400
1785392999.488745,5112,4090,5347,6407,192.0300,88.4400
1785392999.513396,5112,4099,5328,6407,192.0300,88.3700
1785392999.538152,5103,4052,5300,6360,192.0300,88.3700
1785392999.564088,5075,4109,5272,6276,192.0300,88.3100
1785392999.589584,5141,4090,5309,6379,192.0300,88.3100
1785392999.614515,5066,4081,5291,6304,185.6200,88.2500
1785392999.642743,5112,4015,5263,6332,185.6200,88.2500
1785392999.665947,5122,4118,5263,6294,190.4300,88.2500
1785392999.690708,5066,4024,5234,6294,190.4300,88.2500
1785392999.717033,5103,4165,5319,6294,186.6200,88.2500
1785392999.741060,5159,4099,5281,6323,186.6200,88.2500
1785392999.766453,5159,4099,5281,6323,189.3300,88.2500
1785392999.791964,5150,4231,5234,6276,189.3300,88.2500
1785392999.817157,5131,4090,5253,6285,189.3300,88.2500
1785392999.842381,5112,4156,5244,6304,189.3300,88.2500
1785392999.868433,5141,4071,5291,6304,189.3300,88.3100
1785392999.893805,5169,4156,5244,6238,189.3300,88.3100
1785392999.918922,5122,4118,5197,6276,186.6200,88.3700
1785392999.944049,5169,4156,5281,6285,186.6200,88.3700
1785392999.969654,5084,4184,5263,6313,192.0300,88.4400
1785392999.994574,5122,4165,5225,6332,192.0300,88.4400
1785393000.020022,5122,4174,5263,6323,189.3300,88.5000
1785393000.044996,5122,4109,5272,6323,189.3300,88.5000
1785393000.069949,5216,4090,5216,6266,197.4400,88.4400
1785393000.096807,5281,4156,5197,6257,197.4400,88.4400
1785393000.121680,5291,4118,5253,6248,189.3300,88.3700
1785393000.146073,5263,4212,5234,6219,189.3300,88.3700
1785393000.172084,5263,4184,5197,6201,194.7400,88.2500
1785393000.198423,5206,4165,5188,6210,194.7400,88.2500
1785393000.224438,5197,4184,5178,6191,185.6200,88.1200
1785393000.248081,5216,4146,5178,6144,185.6200,88.1200
1785393000.273353,5216,4203,5197,6229,187.6700,88.0600
1785393000.298025,5319,4240,5216,6201,187.6700,88.0600
1785393000.325948,5291,4193,5169,6154,189.3300,88.1200
1785393000.349558,5291,4231,5159,6229,189.3300,88.1200
1785393000.373928,5188,4221,5141,6182,183.9200,88.1200
1785393000.399935,5244,4278,5178,6248,183.9200,88.1200
1785393000.425267,5244,4278,5206,6248,186.6200,88.2500
1785393000.451163,5206,4296,5188,6248,186.6200,88.2500
1785393000.476705,5234,4325,5150,6248,186.6200,88.3100
1785393000.500933,5234,4249,5112,6266,186.6200,88.3100
1785393000.525856,5234,4249,5206,6266,185.6200,88.3100
1785393000.552464,5272,4287,5122,6266,190.4300,88.3100
1785393000.577572,5225,4240,5112,6201,190.4300,88.3100
1785393000.602117,5188,4287,5094,6191,190.4300,88.3100
1785393000.628036,5328,4306,5112,6201,192.0300,88.3100
1785393000.653277,5375,4278,5122,6182,189.3300,88.3100
1785393000.678386,5263,4315,5066,6182,189.3300,88.3100
1785393000.703875,5291,4278,5037,6144,192.0300,88.3100
1785393000.729084,5291,4325,5056,6173,192.0300,88.3100
1785393000.753867,5309,4343,5066,6219,192.0300,88.3100
1785393000.780405,5338,4287,5084,6154,185.6200,88.3100
1785393000.805326,5319,4278,5094,6163,184.9100,88.2500
1785393000.829832,5394,4306,5028,6107,184.9100,88.2500
1785393000.856509,5291,4296,5056,6135,182.9600,88.1900
1785393000.880882,5300,4315,5019,6126,182.9600,88.1900
1785393000.907472,5394,4306,5075,6173,190.4300,88.2500
1785393000.931998,5338,4325,5056,6173,190.4300,88.2500
1785393000.958325,5338,4343,5047,6173,186.6200,88.3700
1785393000.982141,5309,4325,5047,6173,186.6200,88.3700
1785393001.009399,5328,4343,5056,6173,189.3300,88.4400
1785393001.033348,5347,4390,5056,6154,189.3300,88.4400
1785393001.059110,5300,4334,5037,6201,190.9200,88.4400
1785393001.082869,5366,4362,5037,6107,190.9200,88.4400
1785393001.108994,5253,4409,5037,6116,198.7100,88.4400
1785393001.134234,5385,4371,5103,6135,198.7100,88.4400
1785393001.159478,5291,4428,4981,6097,197.4400,88.3700
1785393001.184843,5328,4409,4962,6088,197.4400,88.3700
1785393001.210015,5422,4353,4991,6126,194.7400,88.3100
1785393001.235508,5422,4390,5037,6126,194.7400,88.3100
1785393001.261443,5385,4362,5019,6126,189.3300,88.2500
1785393001.286065,5347,4371,4981,6041,189.3300,88.2500
1785393001.310812,5366,4400,5000,6144,192.0300,88.1200
1785393001.336817,5422,4390,4981,6069,192.0300,88.1200
1785393001.362580,5375,4343,4934,6088,185.6200,88.1200
1785393001.387201,5403,4428,4972,6088,185.6200,88.1200
1785393001.412975,5441,4371,4962,6088,190.4300,88.1200
1785393001.438045,5431,4456,4906,6060,190.4300,88.1200
1785393001.463335,5460,4446,4972,6069,185.6200,88.1900
1785393001.489096,5385,4493,4915,6041,185.6200,88.1900
1785393001.516571,5469,4446,4934,6097,194.7400,88.3100
1785393001.539200,5431,4465,4925,6060,194.7400,88.3100
1785393001.564992,5488,4484,4981,5976,192.0300,88.4400
1785393001.590342,5497,4465,4972,6069,192.0300,88.4400
1785393001.615485,5403,4484,4944,6163,193.1900,88.4400
1785393001.641211,5469,4503,4915,6069,193.1900,88.4400
1785393001.666102,5441,4446,4962,6032,193.5700,88.4400
1785393001.692074,5478,4465,4944,5994,193.5700,88.4400
1785393001.717355,5525,4446,4897,6051,194.7400,88.4400
1785393001.742026,5506,4465,4887,6032,194.7400,88.4400
1785393001.766769,5413,4446,4934,6051,198.7100,88.5000
1785393001.792912,5385,4503,4934,6051,198.7100,88.5000
1785393001.818645,5497,4475,4906,5994,193.5700,88.5000
1785393001.843641,5497,4559,4897,6013,193.5700,88.5000
1785393001.868952,5506,4540,4925,5994,198.7100,88.4400
1785393001.894026,5506,4531,4925,5976,198.7100,88.4400
1785393001.918862,5488,4559,4915,5938,197.4400,88.4400
1785393001.945486,5460,4568,4944,5929,197.4400,88.4400
1785393001.969798,5478,4559,4878,6041,196.2200,88.4400
1785393001.994818,5431,4512,4925,5966,196.2200,88.4400
1785393002.020813,5431,4503,4934,5976,194.7400,88.4400
1785393002.046233,5460,4503,4897,5976,194.7400,88.4400
1785393002.071483,5497,4503,4897,5966,198.7100,88.5000
1785393002.096821,5450,4503,4906,5994,198.7100,88.5000
1785393002.121766,5450,4587,4869,5957,194.7400,88.5000
1785393002.146820,5506,4531,4906,5957,194.7400,88.5000
1785393002.173231,5460,4559,4831,5957,193.5700,88.5600
1785393002.197997,5516,4587,4850,5966,193.5700,88.5600
1785393002.223152,5610,4559,4859,5919,197.4400,88.6200
1785393002.248981,5535,4625,4812,5938,197.4400,88.6200
1785393002.273872,5572,4643,4831,5957,197.4400,88.5600
1785393002.298900,5535,4643,4784,5900,197.4400,88.5600
1785393002.324832,5591,4653,4822,5882,198.7100,88.4400
1785393002.349792,5563,4700,4822,5985,198.7100,88.4400
1785393002.374804,5460,4587,4887,5938,193.5700,88.3100
1785393002.400979,5563,4672,4822,5863,193.5700,88.3100
1785393002.425780,5553,4662,4784,5844,189.3300,88.1900
1785393002.450821,5572,4672,4812,5900,189.3300,88.1900
1785393002.475803,5582,4587,4822,5947,189.3300,88.1200
1785393002.501948,5563,4653,4812,5863,190.4300,88.1200
1785393002.528738,5544,4625,4784,5891,190.4300,88.1200
1785393002.553471,5572,4615,4794,5900,190.4300,88.1200
1785393002.579719,5610,4615,4775,5900,188.2700,88.2500
1785393002.605200,5600,4653,4756,5854,189.3300,88.3700
1785393002.629971,5610,4672,4775,5854,189.3300,88.3700
1785393002.655843,5582,4672,4765,5863,190.4300,88.5000
1785393002.680546,5563,4606,4728,5891,190.4300,88.5000
1785393002.707161,5600,4597,4737,5816,190.9200,88.5000
1785393002.731800,5657,4615,4756,5872,190.9200,88.5000
1785393002.760274,5647,4634,4709,5854,189.3300,88.5600
1785393002.781535,5582,4559,4775,5854,189.3300,88.5600
1785393002.810947,5582,4615,4747,5835,192.0300,88.5600
1785393002.833909,5582,4662,4747,5854,192.0300,88.5600
1785393002.861004,5572,4606,4672,5863,194.7400,88.5000
1785393002.883612,5628,4540,4643,5844,194.7400,88.5000
1785393002.911548,5619,4540,4643,5807,193.1900,88.4400
1785393002.934497,5591,4625,4643,5797,193.1900,88.4400
1785393002.962509,5582,4606,4690,5788,185.6200,88.4400
1785393002.984802,5628,4606,4700,5863,185.6200,88.4400
1785393003.012144,5628,4550,4681,5835,192.0300,88.4400
1785393003.036026,5572,4568,4672,5779,192.0300,88.4400
1785393003.061989,5647,4568,4643,5816,194.7400,88.4400
1785393003.086750,5535,4587,4690,5797,194.7400,88.4400
1785393003.111567,5535,4597,4747,5854,194.7400,88.5000
1785393003.136897,5619,4522,4681,5797,194.7400,88.5000
1785393003.161919,5666,4531,4634,5825,192.0300,88.4400
1785393003.188445,5685,4550,4625,5807,192.0300,88.4400
1785393003.213511,5666,4531,4578,5816,200.1500,88.4400
1785393003.237919,5657,4550,4615,5797,200.1500,88.4400
1785393003.264521,5685,4512,4643,5835,197.4400,88.4400
1785393003.289021,5675,4503,4625,5807,197.4400,88.4400
1785393003.313805,5675,4531,4606,5750,197.4400,88.5000
1785393003.339568,5703,4475,4578,5760,197.4400,88.5000
1785393003.364806,5666,4531,4615,5750,197.4400,88.5000
1785393003.390187,5722,4531,4625,5750,197.4400,88.5000
1785393003.415310,5741,4531,4597,5722,194.7400,88.5000
1785393003.441651,5703,4531,4606,5722,194.7400,88.5000
1785393003.466235,5713,4531,4606,5750,192.0300,88.4400
1785393003.491309,5694,4512,4578,5797,192.0300,88.4400
1785393003.517109,5713,4559,4606,5769,194.7400,88.3700
1785393003.541825,5788,4578,4606,5807,194.7400,88.3700
1785393003.567612,5694,4606,4653,5788,194.7400,88.3100
1785393003.592906,5722,4578,4578,5769,194.7400,88.3100
1785393003.618662,5685,4615,4606,5722,197.4400,88.3700
1785393003.644064,5741,4597,4568,5732,197.4400,88.3700
1785393003.669664,5722,4625,4568,5703,202.8500,88.4400
1785393003.693733,5769,4643,4568,5722,202.8500,88.4400
1785393003.718790,5722,4643,4531,5694,192.0300,88.6200
1785393003.745436,5750,4587,4578,5703,192.0300,88.6200
1785393003.770356,5750,5075,4578,5741,200.1500,88.6900
1785393003.795710,5779,4756,4531,5741,200.1500,88.6900
1785393003.820998,5797,5375,4606,5694,197.4400,88.6900
1785393003.846738,5788,5084,4540,5713,197.4400,88.6900
1785393003.871529,5825,5009,4522,5703,197.4400,88.6900
1785393003.897394,5769,5309,4512,5713,197.4400,88.6900
1785393003.922038,5779,5047,4531,5703,194.7400,88.6200
1785393003.946615,5797,5047,4493,5703,194.7400,88.6200
1785393003.973447,5844,4915,4531,5675,196.2200,88.6200
1785393003.998419,5807,5000,4559,5713,196.2200,88.6200
1785393004.024000,5807,5056,4522,5694,198.7100,88.6200
1785393004.048744,5807,4953,4512,5657,198.7100,88.6200
1785393004.074836,5788,4972,4512,5694,200.1500,88.6200
1785393004.099817,5788,4906,4484,5657,200.1500,88.6200
1785393004.125555,5891,4887,4465,5628,197.4400,88.6200
1785393004.150015,5844,4934,4475,5675,197.4400,88.6200
1785393004.176088,5825,4934,4446,5628,200.1500,88.5600
1785393004.201713,5844,4887,4456,5619,200.1500,88.5600
1785393004.226823,5816,4962,4446,5638,197.4400,88.5600
1785393004.251644,5835,4934,4484,5713,197.4400,88.5600
1785393004.277112,5816,4878,4465,5619,197.4400,88.6200
1785393004.302749,5844,4953,4475,5675,197.4400,88.6200
1785393004.328184,5844,4934,4428,5600,197.4400,88.6200
1785393004.353410,5844,4915,4484,5628,197.4400,88.6200
1785393004.378205,5854,4925,4437,5591,197.4400,88.6200
1785393004.404425,5882,4934,4446,5591,197.4400,88.5600
1785393004.429371,5882,4953,4428,5600,197.4400,88.5600
1785393004.454041,5863,4991,4428,5572,197.4400,88.5000
1785393004.479438,5891,4962,4446,5553,197.4400,88.5000
1785393004.504673,5872,4934,4400,5563,197.4400,88.5000
1785393004.530301,5844,5000,4409,5553,194.7400,88.3700
1785393004.555747,5947,5019,4409,5535,194.7400,88.1900
1785393004.580527,5844,4944,4465,5600,194.7400,88.1900
1785393004.605906,5910,5047,4400,5544,194.7400,88.1900
1785393004.630649,5854,5094,4418,5619,189.3300,88.1200
1785393004.656401,5854,5037,4400,5591,185.6200,88.1900
1785393004.682252,5863,5084,4428,5563,185.6200,88.1900
1785393004.710057,5882,5028,4381,5525,193.1900,88.2500
1785393004.731661,5957,5150,4400,5572,193.1900,88.2500
1785393004.761156,5872,5094,4390,5553,189.3300,88.4400
1785393004.783473,5863,5056,4418,5525,189.3300,88.4400
1785393004.811376,5910,5000,4362,5553,194.7400,88.5600
1785393004.833818,5947,5103,4315,5506,194.7400,88.5600
1785393004.861775,5872,5047,4362,5553,194.7400,88.6200
1785393004.884244,5910,5066,4315,5516,194.7400,88.6200
1785393004.912728,5919,5066,4296,5525,194.7400,88.6200
1785393004.934841,5966,5112,4296,5525,194.7400,88.6200
1785393004.962799,5957,5122,4287,5525,194.7400,88.6200
1785393004.986294,5900,5112,4334,5450,194.7400,88.6200
1785393005.011515,5919,5112,4306,5535,192.0300,88.6200
1785393005.036389,5938,5150,4306,5525,192.0300,88.6200
1785393005.062299,5957,5141,4315,5525,196.2200,88.5600
1785393005.087351,5938,5216,4325,5506,196.2200,88.5600
1785393005.112353,5910,5141,4334,5525,198.7100,88.5000
1785393005.138855,5882,5225,4315,5413,198.7100,88.5000
1785393005.163965,5947,5141,4371,5497,193.5700,88.3700
1785393005.188292,5976,5300,4315,5478,193.5700,88.3700
1785393005.214472,5966,5234,4334,5478,192.0300,88.3100
1785393005.239716,5966,5281,4278,5516,192.0300,88.3100
1785393005.264788,5957,5328,4249,5497,194.7400,88.3700
1785393005.289410,5966,5150,4212,5544,194.7400,88.3700
1785393005.314534,5966,5225,4259,5488,193.1900,88.3100
1785393005.340043,5994,5188,4231,5506,193.1900,88.3100
1785393005.366453,5966,5206,4268,5460,182.9600,88.3700
1785393005.391223,5985,5169,4240,5535,182.9600,88.3700
1785393005.416114,5985,5385,4221,5497,190.4300,88.3100
1785393005.443079,6013,5234,4259,5460,190.4300,88.3100
1785393005.467056,5966,5234,4268,5506,185.6200,88.2500
1785393005.491941,5985,5263,4212,5460,185.6200,88.2500
1785393005.517270,5994,5244,4231,5488,189.3300,88.1900
1785393005.542266,6032,5366,4249,5469,189.3300,88.1900
1785393005.568335,5966,5263,4240,5506,195.9500,88.1200
1785393005.593309,5985,5263,4240,5422,195.9500,88.1200
1785393005.619189,6060,5263,4268,5450,189.3300,88.0600
1785393005.644119,5994,5234,4212,5422,189.3300,88.0600
1785393005.668962,5966,5169,4184,5488,185.6200,88.1200
1785393005.695711,6013,5225,4193,5413,185.6200,88.1200
1785393005.720817,6013,5253,4174,5441,186.6200,88.1900
1785393005.745844,6032,5347,4174,5413,186.6200,88.1900
1785393005.770717,5985,5338,4203,5413,187.6700,88.1900
1785393005.796206,5985,5309,4184,5431,187.6700,88.1900
1785393005.821579,6069,5244,4156,5441,181.2100,88.2500
1785393005.847562,6022,5497,4118,5431,181.2100,88.2500
1785393005.872047,6022,5347,4109,5394,189.3300,88.3100
1785393005.896720,6022,5431,4090,5403,189.3300,88.3100
1785393005.923637,6041,5366,4128,5450,183.9200,88.3100
1785393005.947974,6051,5478,4128,5356,183.9200,88.3100
1785393005.973504,6032,5356,4099,5450,185.6200,88.3100
1785393005.999342,6079,5553,4099,5356,185.6200,88.3100
1785393006.023906,6116,5469,4081,5366,189.3300,88.3100
1785393006.049089,6041,5497,4099,5338,189.3300,88.3100
1785393006.074871,6032,5366,4099,5328,189.3300,88.2500
1785393006.100027,6088,5441,4099,5328,189.3300,88.2500
1785393006.126150,6069,5535,4015,5328,192.0300,88.1900
1785393006.151377,6022,5544,4015,5356,192.0300,88.1900
1785393006.177055,6041,5478,4015,5385,190.4300,88.1900
1785393006.201209,6116,5544,4071,5338,190.4300,88.1900
1785393006.228486,6116,5572,3968,5431,188.2700,88.1900
1785393006.252407,6144,5422,3968,5394,188.2700,88.1900
1785393006.277375,6097,5478,4006,5338,186.6200,88.1900
1785393006.302849,6135,5610,3959,5413,186.6200,88.1900
1785393006.327365,6135,5497,3996,5413,189.3300,88.1900
1785393006.352368,6135,5497,3996,5413,189.3300,88.1900
1785393006.379741,6135,5535,3996,5413,189.3300,88.1900
1785393006.403905,6144,5478,4006,5356,189.3300,88.1900
1785393006.428939,6154,5478,3987,5338,190.4300,88.1900
1785393006.454332,6088,5488,3977,5338,190.4300,88.1900
1785393006.481108,6088,5535,3959,5366,182.9600,88.2500
1785393006.505558,6088,5535,3959,5291,190.4300,88.2500
1785393006.532165,6144,5553,4015,5291,190.4300,88.2500
1785393006.555679,6163,5572,4015,5291,190.4300,88.2500
1785393006.580661,6163,5506,4015,5291,188.2700,88.2500
1785393006.610419,6163,5535,4024,5319,189.3300,88.2500
1785393006.632566,6163,5600,4024,5319,189.3300,88.2500
1785393006.660907,6163,5497,3959,5328,192.0300,88.1900
1785393006.682872,6144,5488,3959,5338,192.0300,88.1900
1785393006.710438,6107,5488,3959,5309,189.3300,88.1900
1785393006.733124,6116,5497,3921,5309,189.3300,88.1900
1785393006.761929,6144,5535,3921,5319,186.6200,88.1200
1785393006.783627,6154,5497,3921,5300,186.6200,88.1200
1785393006.812001,6163,5544,3940,5291,186.6200,88.0600
1785393006.834217,6163,5591,3940,5319,186.6200,88.0600
1785393006.861689,6163,5572,3884,5272,186.6200,88.0000
1785393006.885140,6191,5497,3855,5263,186.6200,88.0000
1785393006.912604,6219,5610,3855,5234,178.5100,88.0000
1785393006.936560,6219,5600,3884,5234,178.5100,88.0000
1785393006.962368,6219,5600,3884,5356,186.6200,88.0600
1785393006.986124,6219,5619,3855,5347,186.6200,88.0600
1785393007.011607,6219,5582,3855,5291,183.9200,88.1200
1785393007.037699,6219,5619,3818,5291,183.9200,88.1200
1785393007.062352,6219,5722,3818,5291,183.9200,88.1900
1785393007.089460,6219,5666,3912,5244,183.9200,88.1900
1785393007.114022,6229,5572,3846,5263,183.9200,88.2500
1785393007.138043,6219,5563,3827,5263,183.9200,88.2500
1785393007.164770,6219,5619,3855,5263,189.3300,88.3100
1785393007.189260,6191,5610,3837,5281,189.3300,88.3100
1785393007.214175,6266,5582,3837,5281,189.3300,88.3100
1785393007.239244,6266,5600,3846,5216,189.3300,88.3100
1785393007.264311,6266,5544,3799,5216,197.4400,88.2500
1785393007.289719,6238,5591,3827,5225,197.4400,88.2500
1785393007.315886,6294,5619,3809,5197,194.7400,88.2500
1785393007.341189,6219,5647,3837,5188,194.7400,88.2500
1785393007.366483,6323,5563,3799,5169,194.7400,88.2500
1785393007.391884,6323,5703,3790,5197,194.7400,88.2500
1785393007.416860,6323,5572,3818,5159,189.3300,88.2500
1785393007.441824,6323,5610,3818,5225,189.3300,88.2500
1785393007.467595,6266,5666,3865,5169,192.0300,88.2500
1785393007.492674,6341,5666,3837,5178,192.0300,88.2500
1785393007.517731,6276,5628,3837,5225,194.7400,88.2500
1785393007.543930,6304,5619,3762,5159,194.7400,88.2500
1785393007.569662,6266,5628,3715,5159,194.7400,88.3100
1785393007.594121,6313,5657,3762,5178,194.7400,88.3100
1785393007.620582,6294,5657,3762,5178,194.7400,88.3100
1785393007.645198,6323,5638,3780,5150,194.7400,88.3100
1785393007.670310,6248,5628,3790,5131,193.5700,88.3700
1785393007.695685,6248,5638,3780,5131,193.5700,88.3700
1785393007.720567,6248,5713,3762,5103,194.7400,88.3700
1785393007.746312,6304,5713,3752,5206,194.7400,88.3700
1785393007.772259,6294,5713,3799,5178,198.7100,88.3700
1785393007.797671,6238,5685,3771,5178,198.7100,88.3700
1785393007.821947,6238,5732,3799,5122,200.1500,88.2500
1785393007.848072,6332,5713,3799,5112,200.1500,88.2500
1785393007.873762,6332,5769,3790,5159,194.7400,88.1900
1785393007.898236,6341,5741,3677,5131,194.7400,88.1900
1785393007.923591,6341,5675,3743,5150,197.4400,88.1900
1785393007.948634,6341,5779,3762,5112,197.4400,88.1900
1785393007.974112,6341,5732,3705,5131,188.2700,88.2500
1785393008.001018,6370,5675,3705,5103,188.2700,88.2500
1785393008.025766,6370,5722,3705,5112,197.4400,88.3100
1785393008.049761,6370,5797,3762,5112,197.4400,88.3100
1785393008.076922,6370,5741,3696,5122,192.0300,88.3700
1785393008.100523,6360,5760,3724,5075,192.0300,88.3700
1785393008.125875,6360,5685,3724,5112,197.4400,88.5000
1785393008.151143,6370,5750,3743,5122,197.4400,88.5000
1785393008.177456,6370,5694,3743,5075,198.7100,88.6200
1785393008.202281,6435,5779,3705,5094,198.7100,88.6200
1785393008.228540,6379,5779,3734,5056,200.1500,88.6200
1785393008.253297,6416,5769,3715,5112,200.1500,88.6200
1785393008.278172,6398,5769,3724,5112,197.4400,88.6200
1785393008.303849,6435,5741,3762,5075,196.2200,88.6200
1785393008.329397,6435,5741,3743,5075,196.2200,88.6200
1785393008.354262,6435,5741,3677,5000,196.2200,88.6200
1785393008.379576,6370,5835,3705,5000,206.9900,88.6200
1785393008.404675,6379,5769,3696,5037,206.9900,88.6200
1785393008.431359,6379,5769,3724,5009,200.1500,88.6200
1785393008.455904,6416,5769,3696,5141,196.2200,88.6200
1785393008.481299,6416,5797,3743,5112,196.2200,88.6200
1785393008.506082,6416,5807,3705,5019,196.2200,88.6200
1785393008.530904,6360,5825,3658,5056,202.8500,88.6200
1785393008.558836,6370,5835,3687,4991,206.9900,88.5600
1785393008.582103,6370,5797,3640,5056,206.9900,88.5600
1785393008.610444,6463,5835,3658,5028,196.2200,88.5600
1785393008.632831,6463,5816,3602,5028,196.2200,88.5600
1785393008.660892,6463,5769,3658,5028,201.4700,88.5600
1785393008.682926,6407,5854,3668,4981,201.4700,88.5600
1785393008.711544,6454,5797,3649,5019,197.4400,88.5000
1785393008.733513,6426,5844,3640,4981,197.4400,88.5000
1785393008.761216,6473,5807,3668,5000,200.1500,88.5000
1785393008.784955,6473,5816,3630,5047,200.1500,88.5000
1785393008.812372,6445,5919,3612,4981,198.8700,88.5000
1785393008.834781,6445,5854,3649,4944,198.8700,88.5000
1785393008.863314,6501,5919,3687,4991,200.1500,88.4400
1785393008.885789,6463,5769,3649,4953,200.1500,88.4400
1785393008.912863,6463,5900,3677,4953,198.7100,88.3700
1785393008.936744,6501,5854,3630,4953,198.7100,88.3700
1785393008.962102,6501,5882,3574,4981,197.4400,88.3700
1785393008.986487,6482,5854,3583,4915,197.4400,88.3700
1785393009.012751,6491,5947,3602,4981,190.9200,88.3700
1785393009.037841,6491,5957,3555,4953,190.9200,88.3700
1785393009.062768,6482,5929,3583,4972,195.9500,88.3700
1785393009.088545,6538,5882,3602,4981,195.9500,88.3700
1785393009.113763,6454,5900,3565,4925,194.7400,88.3700
1785393009.138780,6510,5882,3555,4925,194.7400,88.3700
1785393009.164761,6491,5863,3527,4953,194.7400,88.4400
1785393009.189504,6548,5854,3565,4925,194.7400,88.4400
1785393009.214518,6529,5891,3555,4906,194.7400,88.5000
1785393009.240866,6576,5863,3565,4962,194.7400,88.5000
1785393009.265698,6538,5863,3537,4887,190.9200,88.5000
1785393009.290689,6501,5947,3565,4953,190.9200,88.5000
1785393009.316477,6548,5976,3583,4962,194.7400,88.5000
1785393009.341761,6576,5919,3527,5019,194.7400,88.5000
1785393009.366607,6538,5947,3565,4859,200.1500,88.5600
1785393009.392768,6538,5929,3555,4962,200.1500,88.5600
1785393009.417452,6557,6060,3518,4934,194.7400,88.5600
1785393009.442477,6566,5976,3527,4887,194.7400,88.5600
1785393009.468821,6576,5985,3555,4962,197.4400,88.5600
1785393009.493702,6510,5966,3499,4944,197.4400,88.5600
1785393009.518674,6548,5900,3490,4906,194.7400,88.6200
1785393009.544862,6538,6013,3527,4906,194.7400,88.6200
1785393009.570527,6538,6013,3508,4925,192.0300,88.6900
1785393009.595533,6613,5994,3508,4887,192.0300,88.6900
1785393009.619726,6595,6004,3555,4869,201.4700,88.6200
1785393009.645625,6623,6004,3499,4859,201.4700,88.6200
1785393009.670497,6585,6022,3537,4822,196.2200,88.6200
1785393009.695889,6595,6004,3490,4925,196.2200,88.6200
1785393009.722017,6623,5994,3527,4906,194.7400,88.5600
1785393009.747313,6613,5985,3480,4906,194.7400,88.5600
1785393009.772043,6642,5966,3518,4859,192.0300,88.5600
1785393009.798372,6642,6069,3480,4878,192.0300,88.5600
1785393009.822667,6642,6079,3405,4831,197.4400,88.5000
1785393009.848154,6585,6079,3471,4859,197.4400,88.5000
1785393009.873104,6623,6041,3452,4925,200.1500,88.3700
1785393009.898170,6623,6069,3461,4925,200.1500,88.3700
1785393009.924433,6623,6060,3471,4784,200.1500,88.3700
1785393009.950585,6632,6088,3443,4784,200.1500,88.3700
1785393009.975810,6642,6051,3461,4859,200.1500,88.3100
1785393010.001895,6688,6069,3452,4840,200.1500,88.3100
1785393010.026855,6688,6144,3461,4840,200.1500,88.2500
1785393010.051543,6707,6051,3443,4897,200.1500,88.2500
1785393010.077042,6604,6097,3424,4840,192.0300,88.3100
1785393010.101739,6679,6126,3405,4887,192.0300,88.3100
1785393010.126478,6707,6107,3415,4803,197.4400,88.3100
1785393010.153220,6688,6079,3415,4850,197.4400,88.3100
1785393010.177993,6698,6107,3415,4850,194.7400,88.3700
1785393010.203114,6717,6051,3405,4794,194.7400,88.3700
1785393010.228335,6679,6116,3368,4831,192.0300,88.4400
1785393010.254035,6745,6116,3377,4756,194.7400,88.5000
1785393010.281343,6670,6154,3349,4718,194.7400,88.5000
1785393010.305594,6717,6126,3349,4794,194.7400,88.5000
1785393010.329411,6745,6126,3349,4728,197.4400,88.5600
1785393010.354279,6745,6107,3358,4737,197.4400,88.5600
1785393010.379763,6754,6107,3368,4775,194.7400,88.6200
1785393010.405803,6735,6107,3302,4728,197.4400,88.6200
1785393010.430946,6717,6182,3349,4728,197.4400,88.6200
1785393010.455989,6660,6201,3321,4700,197.4400,88.6200
1785393010.482182,6717,6144,3349,4765,197.4400,88.6200
1785393010.507635,6717,6173,3368,4728,200.1500,88.6200
1785393010.532445,6754,6144,3330,4718,200.1500,88.6200
1785393010.558919,6754,6191,3358,4728,200.1500,88.6200
1785393010.582801,6745,6116,3377,4718,197.4400,88.6200
1785393010.610310,6801,6144,3340,4709,200.1500,88.6200
1785393010.633901,6754,6173,3302,4718,200.1500,88.6200
1785393010.659823,6735,6182,3321,4728,200.1500,88.6200
1785393010.684631,6717,6173,3311,4690,194.7400,88.5600
1785393010.712435,6820,6191,3340,4662,193.5700,88.5600
1785393010.735632,6857,6219,3330,4662,193.5700,88.5600
1785393010.763120,6735,6257,3330,4672,201.4700,88.5600
1785393010.785567,6735,6248,3264,4625,201.4700,88.5600
1785393010.813438,6726,6173,3227,4625,194.7400,88.6200
1785393010.836158,6810,6201,3358,4681,194.7400,88.6200
1785393010.864503,6707,6257,3227,4662,197.4400,88.6900
1785393010.887378,6754,6201,3227,4643,197.4400,88.6900
1785393010.914155,6904,6248,3227,4643,194.7400,88.6900
1785393010.937095,6763,6341,3264,4615,194.7400,88.6900
1785393010.963205,6763,6294,3283,4662,200.1500,88.6900
1785393010.989277,6763,6323,3236,4643,200.1500,88.6900
1785393011.013358,6792,6276,3330,4643,200.1500,88.6900
1785393011.038218,6867,6294,3236,4615,200.1500,88.6900
1785393011.062984,6867,6323,3255,4615,194.7400,88.6200
1785393011.089516,6801,6266,3246,4634,194.7400,88.6200
1785393011.115263,6829,6276,3236,4587,200.1500,88.5000
1785393011.140845,6839,6313,3246,4643,200.1500,88.5000
1785393011.164177,6895,6341,3199,4662,194.7400,88.4400
1785393011.190177,6829,6313,3274,4615,194.7400,88.4400
1785393011.215585,6820,6266,3218,4653,188.2700,88.4400
1785393011.241521,6810,6304,3180,4587,188.2700,88.4400
1785393011.266663,6810,6341,3189,4747,195.9500,88.4400
1785393011.292746,6904,6323,3236,4709,195.9500,88.4400
1785393011.318228,6895,6351,3199,4597,188.2700,88.4400
1785393011.343026,6895,6370,3199,4681,188.2700,88.4400
1785393011.367372,6885,6388,3208,4634,198.7100,88.4400
1785393011.392548,6885,6407,3208,4615,198.7100,88.4400
1785393011.418810,6932,6398,3218,4625,194.7400,88.5000
1785393011.444631,6885,6416,3246,4531,194.7400,88.5000
1785393011.469493,6895,6379,3199,4531,189.3300,88.5000
1785393011.495822,6867,6360,3208,4643,189.3300,88.5000
1785393011.520178,6951,6407,3171,4550,194.7400,88.5000
1785393011.544819,6942,6445,3208,4522,194.7400,88.5000
1785393011.570524,6923,6435,3161,4522,190.9200,88.5000
1785393011.595363,6942,6426,3208,4540,190.9200,88.5000
1785393011.620538,6914,6445,3199,4540,195.9500,88.4400
1785393011.646906,6932,6398,3180,4531,195.9500,88.4400
1785393011.672266,6932,6445,3189,4559,200.1500,88.4400
1785393011.697588,6923,6416,3133,4550,200.1500,88.4400
1785393011.722636,6876,6520,3133,4700,188.2700,88.4400
1785393011.747928,6914,6520,3152,4475,188.2700,88.4400
1785393011.773142,6970,6473,3124,4578,194.7400,88.4400
1785393011.798816,6932,6454,3105,4606,194.7400,88.4400
1785393011.823753,6942,6463,3161,4653,194.7400,88.5000
1785393011.848833,6998,6510,3105,4531,194.7400,88.5000
1785393011.874786,6932,6473,3105,4568,194.7400,88.5600
1785393011.899850,6914,6454,3067,4503,194.7400,88.5600
1785393011.925058,6914,6482,3133,4559,194.7400,88.6200
1785393011.950114,6998,6491,3077,4559,194.7400,88.6200
1785393011.976125,7007,6482,3114,4512,197.4400,88.6200
1785393012.001382,6942,6501,3096,4597,197.4400,88.6200
1785393012.026450,6970,6473,3133,4906,198.7100,88.6200
1785393012.051755,6998,6491,3143,4512,198.7100,88.6200
1785393012.076969,6970,6491,3077,4522,197.4400,88.6200
1785393012.102529,7007,6473,3114,4850,197.4400,88.6200
1785393012.128227,6989,6482,3096,4850,196.2200,88.5600
1785393012.153239,7007,6491,3124,4831,196.2200,88.5600
1785393012.177995,6951,6473,3067,5169,200.1500,88.5000
1785393012.204605,6932,6501,3039,4803,194.7400,88.5000
1785393012.228916,7007,6510,3077,4597,194.7400,88.5000
1785393012.254303,6979,6529,3002,5188,194.7400,88.5000
1785393012.279570,7017,6510,3039,5188,197.4400,88.5000
1785393012.304474,7017,6566,3021,4887,197.4400,88.5000
1785393012.329486,7026,6501,3086,4794,198.7100,88.5000
1785393012.355996,7054,6482,3067,4803,194.7400,88.5000
1785393012.381726,6960,6482,3011,4794,194.7400,88.5000
1785393012.405934,7045,6529,2974,5103,194.7400,88.5000
1785393012.432077,6998,6557,3039,4747,190.9200,88.5600
1785393012.457016,6998,6501,3105,4278,200.1500,88.6200
1785393012.481893,7073,6529,2983,4728,200.1500,88.6200
1785393012.508705,7082,6538,3030,4728,200.1500,88.6200
1785393012.532372,7073,6595,3011,4643,194.7400,88.5600
1785393012.558248,7082,6557,2974,4728,194.7400,88.5600
1785393012.584149,7036,6548,3058,4803,194.7400,88.5600
1785393012.612587,7082,6510,3002,5084,200.1500,88.5600
1785393012.634038,7007,6473,2983,4259,200.1500,88.5600
1785393012.662026,7064,6482,2946,4662,200.1500,88.5600
1785393012.685276,7036,6548,2936,4737,200.1500,88.5600
1785393012.712618,7120,6548,3002,4653,197.4400,88.6200
1785393012.735733,7129,6576,2992,4709,197.4400,88.6200
1785393012.763658,7111,6566,2992,4597,200.1500,88.5600
1785393012.785887,7167,6473,2974,4315,200.1500,88.5600
1785393012.813934,7082,6491,2927,4728,197.4400,88.5600
1785393012.836681,7073,6482,2974,5019,197.4400,88.5600
1785393012.865125,7092,6501,2974,4634,204.2300,88.6200
1785393012.887716,7073,6548,2946,4962,204.2300,88.6200
1785393012.914029,7073,6557,2936,4728,193.5700,88.5600
1785393012.938281,7092,6548,2927,5019,193.5700,88.5600
1785393012.963515,7129,6595,2955,4597,197.4400,88.6200
1785393012.988338,7111,6595,2946,4221,197.4400,88.6200
1785393013.014455,7111,6604,2936,4972,204.2300,88.6200
1785393013.040667,7148,6566,2908,4962,204.2300,88.6200
1785393013.065308,7111,6576,2927,4568,196.2200,88.6900
1785393013.089519,7101,6538,2927,4193,196.2200,88.6900
1785393013.116108,7139,6538,2917,4578,200.1500,88.6200
1785393013.140999,7176,6585,2917,4981,200.1500,88.6200
1785393013.166409,7204,6520,2880,4972,200.1500,88.6200
1785393013.191905,7176,6491,2870,4981,200.1500,88.6200
1785393013.216208,7157,6473,2899,4559,200.1500,88.5600
1785393013.242171,7148,6585,2946,4550,200.1500,88.5600
1785393013.268241,7167,6529,2908,4559,197.4400,88.5000
1785393013.293636,7186,6566,2908,4522,197.4400,88.5000
1785393013.317907,7204,6538,2870,4522,197.4400,88.4400
1785393013.343646,7195,6529,2908,4944,197.4400,88.4400
1785393013.369199,7204,6548,2880,4465,194.7400,88.3700
1785393013.394541,7186,6595,2870,4906,194.7400,88.3700
1785393013.419497,7223,6529,2852,4550,193.1900,88.3700
1785393013.444901,7204,6529,2852,4915,193.1900,88.3700
1785393013.468892,7195,6538,2861,4456,192.0300,88.5000
1785393013.494683,7204,6585,2852,4522,192.0300,88.5000
1785393013.520551,7204,6557,2833,4944,196.2200,88.5000
1785393013.545047,7242,6576,2870,4915,196.2200,88.5000
1785393013.570319,7251,6585,2861,4944,189.3300,88.5600
1785393013.598080,7223,6548,2824,4878,189.3300,88.5600
1785393013.622054,7261,6548,2880,4522,200.1500,88.5600
1785393013.647160,7251,6548,2861,4643,200.1500,88.5600
1785393013.672583,7251,6548,2824,4925,197.4400,88.5600
1785393013.698521,7279,6623,2861,4915,197.4400,88.5600
1785393013.723340,7242,6642,2795,4878,200.1500,88.5000
1785393013.748914,7242,6632,2814,4859,200.1500,88.5000
1785393013.773351,7242,6670,2833,4897,200.1500,88.4400
1785393013.798275,7289,6670,2805,4925,200.1500,88.4400
1785393013.824728,7270,6604,2833,4840,197.4400,88.4400
1785393013.849932,7261,6670,2805,4897,197.4400,88.4400
1785393013.875605,7289,6679,2852,4925,194.7400,88.4400
1785393013.900810,7204,6651,2795,4418,194.7400,88.4400
1785393013.926197,7308,6698,2786,4840,192.0300,88.4400
1785393013.950898,7298,6717,2814,4475,192.0300,88.4400
1785393013.976421,7279,6726,2795,4869,200.1500,88.4400
1785393014.001094,7261,6773,2786,4850,200.1500,88.4400
1785393014.025861,7317,6679,2767,4840,200.1500,88.5000
1785393014.052106,7298,6717,2730,4428,200.1500,88.5000
1785393014.077752,7326,6754,2739,4418,200.1500,88.5600
1785393014.102859,7251,6726,2852,4840,200.1500,88.5600
1785393014.128396,7289,6735,2739,4465,200.1500,88.5600
1785393014.153475,7336,6735,2720,4840,200.1500,88.5000
1785393014.178475,7289,6792,2702,4456,200.1500,88.5000
1785393014.204413,7298,6782,2711,4400,200.1500,88.5000
1785393014.229011,7317,6867,2786,4400,200.1500,88.4400
1785393014.253875,7308,6726,2730,4859,200.1500,88.4400
1785393014.280437,7326,6923,2767,4409,194.7400,88.3100
1785393014.305326,7373,6820,2683,4418,194.7400,88.3100
1785393014.331239,7298,6763,2795,4362,194.7400,88.2500
1785393014.356253,7345,6810,2702,4812,194.7400,88.2500
1785393014.381681,7364,6792,2720,4822,190.9200,88.1900
1785393014.406749,7383,6932,2777,4390,195.9500,88.2500
1785393014.432759,7383,6829,2683,4390,195.9500,88.2500
1785393014.457229,7383,6876,2758,4390,189.3300,88.3100
1785393014.482318,7354,6876,2720,4437,189.3300,88.3100
1785393014.511357,7364,6839,2692,4822,192.0300,88.4400
1785393014.533844,7411,6848,2702,3865,192.0300,88.4400
1785393014.562380,7420,6876,2711,4362,192.0300,88.5000
1785393014.584061,7364,6848,2692,4353,192.0300,88.5000
1785393014.610616,7364,6857,2683,4325,197.4400,88.5600
1785393014.635413,7411,6904,2720,4362,197.4400,88.5600
1785393014.662795,7373,6914,2664,4362,192.0300,88.5600
1785393014.685603,7392,6885,2711,4362,192.0300,88.5600
1785393014.713650,7392,6885,2608,4362,194.7400,88.5600
1785393014.737192,7411,6942,2702,4765,194.7400,88.5600
1785393014.764264,7392,6951,2645,4353,194.7400,88.5000
1785393014.787015,7448,6951,2674,4362,194.7400,88.5000
1785393014.813391,7486,6979,2645,4043,197.4400,88.5000
1785393014.837052,7439,7054,2692,4334,197.4400,88.5000
1785393014.862911,7448,6998,2683,4343,192.0300,88.5000
1785393014.888385,7458,6970,2617,4343,192.0300,88.5000
1785393014.914082,7505,6951,2692,4747,197.4400,88.5600
1785393014.938259,7505,6998,2617,4268,197.4400,88.5600
1785393014.963896,7458,6960,2617,4381,192.0300,88.5000
1785393014.990342,7430,6979,2598,4456,192.0300,88.5000
1785393015.014870,7495,6979,2598,4737,193.5700,88.4400
1785393015.040687,7448,7036,2580,4343,193.5700,88.4400
1785393015.066066,7486,7007,2636,4362,195.9500,88.4400
1785393015.091499,7439,7045,2561,4700,195.9500,88.4400
1785393015.116235,7495,6998,2664,4709,189.3300,88.5000
1785393015.141792,7476,7026,2636,4709,189.3300,88.5000
1785393015.166947,7542,6989,2617,4709,197.4400,88.5000
1785393015.192771,7495,7073,2608,4653,197.4400,88.5000
1785393015.218095,7486,7045,2589,4700,188.2700,88.5000
1785393015.243092,7458,7026,2627,4343,188.2700,88.5000
1785393015.267759,7476,7120,2589,4634,197.4400,88.4400
1785393015.293615,7495,7092,2580,4653,197.4400,88.4400
1785393015.320413,7533,7082,2645,4634,193.1900,88.4400
1785393015.344334,7514,7129,2542,4587,193.1900,88.4400
1785393015.370735,7514,7092,2580,4625,194.7400,88.3700
1785393015.395377,7486,7120,2608,4643,194.7400,88.3700
1785393015.419343,7514,7111,2636,4643,189.3300,88.2500
1785393015.446395,7514,7111,2608,4587,189.3300,88.2500
1785393015.470854,7514,7139,2533,4606,188.2700,88.1900
1785393015.495220,7533,7176,2598,4625,188.2700,88.1900
1785393015.521820,7533,7129,2617,4634,189.3300,88.2500
1785393015.546473,7533,7129,2580,4597,189.3300,88.2500
1785393015.571875,7505,7167,2627,4587,190.4300,88.3100
1785393015.597203,7551,7157,2561,4587,190.4300,88.3100
1785393015.622569,7627,7111,2589,4568,189.3300,88.4400
1785393015.647423,7561,7167,2552,4522,189.3300,88.4400
1785393015.673693,7627,7111,2580,4531,185.6200,88.5600
1785393015.698731,7561,7129,2570,4493,185.6200,88.5600
1785393015.723700,7655,7129,2495,4475,194.7400,88.6200
1785393015.748569,7570,7111,2514,4456,194.7400,88.6200
1785393015.775239,7570,7111,2523,4437,198.7100,88.6900
1785393015.801804,7580,7195,2533,4522,198.7100,88.6900
1785393015.825582,7598,7139,2523,4512,197.4400,88.7500
1785393015.850455,7636,7186,2514,4512,197.4400,88.7500
1785393015.876163,7636,7167,2523,4512,202.8500,88.7500
1785393015.901293,7636,7167,2486,4531,202.8500,88.7500
1785393015.926814,7636,7120,2486,4465,200.1500,88.6900
1785393015.951619,7636,7120,2505,4484,200.1500,88.6900
1785393015.976792,7598,7279,2523,4531,198.8700,88.6900
1785393016.003035,7627,7214,2495,4512,198.8700,88.6900
1785393016.028346,7645,7186,2495,4531,197.4400,88.6200
1785393016.053327,7617,7176,2467,4484,197.4400,88.6200
1785393016.078403,7636,7251,2467,4512,197.4400,88.5600
1785393016.103880,7636,7242,2439,4522,201.4700,88.5600
1785393016.129288,7645,7279,2495,4503,201.4700,88.5600
1785393016.155135,7645,7204,2458,4484,201.4700,88.5600
1785393016.179199,7664,7233,2458,4484,200.1500,88.5600
1785393016.204294,7655,7261,2458,4437,200.1500,88.5600
1785393016.230608,7645,7214,2430,4512,196.2200,88.6200
1785393016.256308,7683,7317,2439,4446,200.1500,88.6200
1785393016.281064,7683,7261,2467,4446,200.1500,88.6200
1785393016.306404,7683,7289,2467,4456,200.1500,88.6200
1785393016.332106,7683,7242,2448,4446,202.8500,88.6200
1785393016.357190,7692,7298,2448,4437,200.1500,88.5600
1785393016.382897,7692,7242,2373,4465,200.1500,88.5600
1785393016.408061,7711,7261,2411,4475,200.1500,88.5600
1785393016.432540,7702,7270,2439,4418,198.7100,88.5000
1785393016.460083,7692,7261,2345,4400,194.7400,88.3700
1785393016.484015,7692,7317,2401,4371,194.7400,88.3700
1785393016.510118,7739,7279,2373,4428,188.2700,88.3100
1785393016.534241,7730,7289,2401,4437,188.2700,88.3100
1785393016.563153,7767,7261,2345,4381,194.7400,88.3100
1785393016.585561,7786,7354,2401,4390,194.7400,88.3100
1785393016.612728,7748,7270,2373,4437,193.1900,88.3700
1785393016.635158,7748,7308,2355,4409,193.1900,88.3700
1785393016.663307,7777,7354,2326,4446,190.9200,88.4400
1785393016.686405,7786,7261,2364,4465,190.9200,88.4400
1785393016.714239,7758,7279,2355,4484,189.3300,88.5600
1785393016.737535,7748,7279,2383,4437,189.3300,88.5600
1785393016.763059,7786,7336,2345,4465,198.7100,88.6200
1785393016.788505,7739,7392,2355,4456,198.7100,88.6200
1785393016.814791,7758,7326,2355,4428,190.9200,88.6200
1785393016.838700,7777,7336,2364,4446,190.9200,88.6200
1785393016.863851,7805,7392,2383,4381,194.7400,88.5600
1785393016.888213,7795,7298,2336,4437,194.7400,88.5600
1785393016.915172,7814,7326,2308,4400,192.0300,88.5000
1785393016.939467,7786,7336,2336,4418,192.0300,88.5000
1785393016.965267,7777,7345,2383,4418,197.4400,88.5000
1785393016.989485,7814,7420,2326,4456,197.4400,88.5000
1785393017.015338,7814,7308,2355,4437,194.7400,88.5000
1785393017.040589,7824,7354,2280,4409,194.7400,88.5000
1785393017.066144,7861,7430,2392,4409,194.7400,88.6200
1785393017.091702,7852,7458,2242,4437,194.7400,88.6200
1785393017.116779,7861,7383,2326,4400,201.4700,88.5600
1785393017.142000,7842,7373,2280,4475,201.4700,88.5600
1785393017.168612,7833,7345,2270,4446,198.8700,88.5600
1785393017.192784,7842,7486,2280,4400,198.8700,88.5600
1785393017.217976,7833,7401,2270,4418,200.1500,88.5600
1785393017.243942,7833,7411,2317,4400,200.1500,88.5600
1785393017.269277,7833,7467,2261,4418,197.4400,88.5600
1785393017.294902,7805,7392,2242,4381,197.4400,88.5600
1785393017.319943,7824,7411,2261,4362,200.1500,88.5000
1785393017.345372,7805,7448,2251,4400,200.1500,88.5000
1785393017.369983,7833,7467,2270,4381,194.7400,88.5600
1785393017.395363,7833,7467,2270,4428,194.7400,88.5600
1785393017.421280,7852,7439,2270,4390,197.4400,88.5600
1785393017.446127,7870,7458,2251,4390,197.4400,88.5600
1785393017.471671,7899,7439,2233,4390,200.1500,88.5000
1785393017.496127,7908,7448,2251,4390,200.1500,88.5000
1785393017.522862,7899,7411,2167,4390,194.7400,88.5000
1785393017.548048,7899,7476,2280,4325,194.7400,88.5000
1785393017.572961,7917,7439,2195,4381,192.0300,88.5000
1785393017.597710,7889,7486,2204,4371,192.0300,88.5000
1785393017.623546,7908,7467,2251,4381,194.7400,88.4400
1785393017.648701,7908,7476,2176,4381,194.7400,88.4400
1785393017.673991,7889,7505,2214,4334,189.3300,88.3700
1785393017.699014,7908,7476,2195,4334,189.3300,88.3700
1785393017.724428,7927,7514,2167,4353,186.6200,88.3700
1785393017.750380,7908,7505,2214,4334,186.6200,88.3700
1785393017.775740,7899,7458,2233,4325,185.6200,88.5000
1785393017.800884,7917,7523,2233,4343,185.6200,88.5000
1785393017.825513,7917,7533,2139,4315,187.6700,88.5600
1785393017.851393,7936,7570,2148,4306,187.6700,88.5600
1785393017.876667,7870,7561,2204,4287,186.6200,88.6200
1785393017.901686,7974,7589,2139,4325,186.6200,88.6200
1785393017.927636,7936,7542,2195,4306,185.6200,88.6200
1785393017.952422,7974,7561,2195,4325,185.6200,88.6200
1785393017.977830,7945,7570,2129,4306,187.6700,88.6200
1785393018.003629,7955,7570,2186,4287,187.6700,88.6200
1785393018.028560,8021,7514,2139,4278,186.6200,88.6200
1785393018.053794,7974,7561,2186,4278,186.6200,88.6200
1785393018.078713,7974,7570,2176,4287,186.6200,88.6200
1785393018.104870,7992,7627,2129,4325,186.6200,88.6200
1785393018.130365,7992,7598,2176,4325,186.6200,88.6200
1785393018.155564,8021,7570,2129,4306,186.6200,88.6200
1785393018.180450,8039,7655,2186,4343,181.2100,88.7500
1785393018.205118,8058,7645,2204,4287,181.2100,88.7500
1785393018.230732,8030,7636,2176,4296,183.9200,88.7500
1785393018.256720,8011,7617,2139,4353,183.9200,88.7500
1785393018.281845,7992,7683,2167,4325,183.9200,88.7500
1785393018.306130,7974,7580,2186,4343,183.9200,88.7500
1785393018.332350,7974,7598,2129,4296,181.2100,88.6900
1785393018.357280,8002,7617,2139,4343,180.3100,88.7500
1785393018.382367,8058,7645,2176,4287,180.3100,88.7500
1785393018.408112,8039,7664,2148,4325,180.3100,88.7500
1785393018.434778,8021,7617,2158,4259,182.1500,88.8100
1785393018.460391,8049,7580,2148,4315,177.6600,88.8100
1785393018.485455,8049,7655,2129,4334,177.6600,88.8100
1785393018.513013,8049,7636,2129,4287,175.8000,88.8100
1785393018.534160,8049,7664,2129,4296,175.8000,88.8100
1785393018.564183,8086,7664,2129,4296,179.3900,88.8100
1785393018.586753,8086,7673,2139,4278,179.3900,88.8100
1785393018.614983,8077,7617,2129,4334,173.1000,88.8100
1785393018.636284,8067,7692,2129,4315,173.1000,88.8100
1785393018.664672,8058,7655,2101,4362,159.1000,88.7500
1785393018.687667,8067,7664,2120,4325,159.1000,88.7500
1785393018.715388,8096,7683,2120,4306,164.9900,88.6900
1785393018.738449,8086,7655,2129,4315,164.9900,88.6900
1785393018.766225,8086,7702,2083,4325,165.5900,88.5600
1785393018.789171,8077,7683,2120,4268,165.5900,88.5600
1785393018.815202,8105,7673,2176,4259,167.6900,88.4400
1785393018.838769,8105,7702,2167,3949,167.6900,88.4400
1785393018.863817,8105,7702,2167,3949,164.9900,88.3700
1785393018.888918,8086,7683,2129,4268,164.9900,88.3700
1785393018.915140,8086,7683,2129,4278,164.4000,88.3700
1785393018.941314,8152,7730,2101,4268,164.4000,88.3700
1785393018.966143,8161,7683,2129,4287,162.2800,88.3700
1785393018.990041,8124,7720,2073,4249,162.2800,88.3700
1785393019.016583,8124,7739,2064,4212,165.5900,88.4400
1785393019.041687,8114,7739,2120,4287,165.5900,88.4400
1785393019.066928,8161,7692,2073,4221,161.7500,88.5000
1785393019.092093,8142,7739,2101,4278,161.7500,88.5000
1785393019.118655,8105,7777,2120,4325,168.3500,88.5600
1785393019.143250,8152,7758,2054,4296,168.3500,88.5600
1785393019.168782,8180,7720,2073,4268,164.9900,88.6200
1785393019.193717,8142,7767,2064,4334,164.9900,88.6200
1785393019.218816,8171,7786,2007,4315,159.1000,88.6900
1785393019.245500,8161,7739,2120,4334,159.1000,88.6900
1785393019.269646,8161,7748,2045,4343,167.6900,88.7500
1785393019.294020,8180,7786,2026,4334,167.6900,88.7500
1785393019.319814,8189,7748,2083,4296,168.3500,88.7500
1785393019.345016,8189,7758,2101,4296,168.3500,88.7500
1785393019.370230,8152,7777,2045,4278,161.7500,88.8100
1785393019.395264,8152,7861,2007,4296,161.7500,88.8100
1785393019.422697,8152,7767,2054,4278,162.8300,88.8100
1785393019.446370,8255,7880,2007,4249,162.8300,88.8100
1785393019.471498,8171,7955,2054,4296,161.7500,88.8700
1785393019.499289,8208,7777,2054,4212,161.7500,88.8700
1785393019.523304,8302,7842,2054,4259,162.2800,88.8700
1785393019.547037,8199,7861,2017,4287,162.2800,88.8700
1785393019.575241,8218,7824,2073,4240,159.5800,88.9400
1785393019.599295,8199,7870,2036,4306,159.5800,88.9400
1785393019.624424,8246,7842,1979,4287,159.5800,89.0000
1785393019.649183,8236,7814,2045,4212,159.5800,89.0000
1785393019.674480,8189,7852,1979,4212,151.4600,89.1200
1785393019.699190,8218,7917,1979,4278,151.4600,89.1200
1785393019.725179,8218,7833,1979,4174,159.5800,89.1900
1785393019.750741,8218,7852,1998,4240,159.5800,89.1900
1785393019.775522,8246,7824,1979,4231,156.8700,89.1900
1785393019.801020,8189,7814,1989,4259,156.8700,89.1900
1785393019.826048,8189,7814,1961,4221,162.8300,89.2500
1785393019.853108,8283,7927,1970,4240,162.8300,89.2500
1785393019.877891,8218,7936,1998,4240,156.4500,89.2500
1785393019.902219,8218,7964,1979,4212,156.4500,89.2500
1785393019.927545,8255,7870,1951,4287,159.5800,89.2500
1785393019.953387,8255,7870,1998,4221,159.5800,89.2500
1785393019.978479,8255,7861,1951,4249,154.5500,89.1900
1785393020.003339,8283,7936,1961,4296,154.5500,89.1900
1785393020.028636,8236,7992,1979,4278,153.8000,89.1200
1785393020.054506,8283,7880,1979,4259,153.8000,89.1200
1785393020.079476,8311,7880,1951,4268,156.8700,89.0600
1785393020.105455,8246,7917,1961,4024,156.8700,89.0600
1785393020.130075,8274,7945,1951,3996,154.5500,88.9400
1785393020.155220,8264,7880,1942,4212,154.5500,88.9400
1785393020.182030,8302,7992,1951,3996,148.4900,88.8700
1785393020.206513,8218,7908,1989,4259,148.4900,88.8700
1785393020.231664,8283,7964,1914,3977,151.7900,88.8700
1785393020.258056,8302,7899,1961,4306,148.4900,88.8100
1785393020.282543,8358,7917,1904,4296,148.4900,88.8100
1785393020.307968,8358,7936,1923,3987,154.5500,88.7500
1785393020.334358,8264,7983,1942,4325,154.5500,88.7500
1785393020.359081,8311,7889,1895,4334,154.5500,88.7500
1785393020.383335,8339,7899,1923,4278,143.1900,88.8700
1785393020.412277,8349,7992,1886,3968,148.7600,88.9400
1785393020.434061,8349,7964,1923,3987,148.7600,88.9400
1785393020.462444,8293,8021,1867,4315,146.0500,88.9400
1785393020.485036,8293,7964,1876,4259,146.0500,88.9400
1785393020.513298,8339,7983,1951,4249,146.0500,89.0000
1785393020.536706,8396,8011,1895,4249,146.0500,89.0000
1785393020.564065,8339,7992,1932,3893,140.6400,89.0000
1785393020.586604,8339,8002,1961,3940,140.6400,89.0000
1785393020.615145,8330,8067,1857,4268,146.2700,89.0000
1785393020.637868,8377,8030,1886,4249,146.2700,89.0000
1785393020.663776,8405,8002,1886,3949,143.1900,89.0600
1785393020.687556,8330,8011,1886,4221,143.1900,89.0600
1785393020.713569,8377,7992,1867,4212,143.3500,89.0600
1785393020.738547,8358,8011,1904,3977,143.3500,89.0600
1785393020.766780,8377,7992,1904,3977,143.3500,89.1200
1785393020.789375,8377,7964,1914,4268,143.3500,89.1200
1785393020.816685,8358,8021,1857,4221,143.3500,89.1200
1785393020.839627,8358,8030,1895,4240,143.3500,89.1200
1785393020.864654,8302,8049,1895,4231,146.0500,89.1200
1785393020.890408,8358,8039,1876,4212,146.0500,89.1200
1785393020.915243,8358,8039,1839,4268,148.7600,89.1200
1785393020.940034,8358,8049,1848,3921,148.7600,89.1200
1785393020.966334,8433,8105,1876,4240,143.3500,89.1200
1785393020.991661,8405,8058,1914,4006,143.3500,89.1200
1785393021.016940,8396,8039,1848,4212,143.3500,89.1900
1785393021.041783,8443,8049,1839,4156,143.3500,89.1900
1785393021.066832,8405,8011,1895,3949,143.3500,89.2500
1785393021.092126,8405,8011,1792,3893,143.3500,89.2500
1785393021.118319,8424,8049,1810,4278,140.6400,89.3100
1785393021.143834,8433,8002,1857,4240,140.6400,89.3100
1785393021.168698,8443,8049,1801,3640,140.6400,89.3100
1785393021.194672,8443,8021,1904,4212,140.6400,89.3100
1785393021.220103,8386,8067,1782,3640,143.3500,89.3700
1785393021.245042,8433,8067,1810,4231,143.3500,89.3700
1785393021.269711,8499,8058,1829,3658,143.3500,89.3700
1785393021.294894,8405,8086,1839,4249,143.3500,89.3700
1785393021.320425,8424,8067,1820,3696,143.5100,89.3700
1785393021.346560,8443,8049,1745,3968,143.5100,89.3700
1785393021.372487,8471,8002,1773,3902,135.2300,89.3100
1785393021.396794,8405,8114,1829,4024,135.2300,89.3100
1785393021.422658,8452,8096,1886,3977,137.9400,89.3100
1785393021.448457,8461,8142,1839,3574,137.9400,89.3100
1785393021.473976,8433,8105,1857,3565,137.9400,89.2500
1785393021.498149,8433,8142,1895,3537,137.9400,89.2500
1785393021.524093,8433,8133,1801,3555,137.9400,89.2500
1785393021.549445,8490,8077,1839,3565,137.9400,89.2500
1785393021.574487,8508,8133,1829,3555,135.2300,89.1900
1785393021.600450,8461,8114,1754,3527,135.2300,89.1900
1785393021.626058,8461,8114,1829,3630,135.2300,89.1200
1785393021.651121,8518,8124,1801,3771,135.2300,89.1200
1785393021.676664,8490,8105,1782,3555,132.5300,89.0600
1785393021.700786,8490,8114,1801,3546,132.5300,89.0600
1785393021.725548,8480,8124,1857,3677,137.8900,89.0000
1785393021.750373,8424,8124,1764,3931,137.8900,89.0000
1785393021.776042,8518,8133,1801,3499,135.2300,89.0000
1785393021.801106,8480,8124,1792,3612,135.2300,89.0000
1785393021.827281,8499,8171,1810,3668,132.5300,89.0000
1785393021.852067,8527,8105,1801,3565,132.5300,89.0000
1785393021.877212,8565,8208,1801,3612,132.5300,89.0000
1785393021.903415,8490,8133,1735,3649,132.5300,89.0000
1785393021.928889,8499,8105,1764,4034,129.8300,89.0000
1785393021.953797,8518,8161,1735,3565,129.8300,89.0000
1785393021.979211,8536,8124,1717,3649,132.5300,89.0000
1785393022.004949,8518,8171,1754,3593,132.5300,89.0000
1785393022.029906,8499,8180,1764,3593,129.8300,89.0000
1785393022.055340,8499,8171,1726,3546,129.8300,89.0000
1785393022.079986,8555,8171,1726,3527,135.2300,89.0600
1785393022.106338,8555,8124,1773,3565,129.8300,89.0600
1785393022.131943,8518,8171,1698,3537,129.8300,89.0600
1785393022.156052,8546,8264,1773,3621,129.8300,89.0600
1785393022.181064,8546,8171,1726,3649,127.1200,89.0600
1785393022.206318,8574,8208,1773,3574,127.1200,89.0600
1785393022.231358,8527,8236,1782,3555,124.4200,89.0600
1785393022.257133,8565,8274,1754,3461,124.4200,89.0000
1785393022.283364,8583,8180,1698,3574,124.4200,89.0000
1785393022.308318,8536,8180,1698,3593,124.4200,89.0000
1785393022.333438,8583,8189,1745,3565,124.4200,89.0600
1785393022.358718,8583,8227,1735,3546,127.1200,89.0000
1785393022.383767,8602,8227,1698,3555,127.1200,89.0000
1785393022.409053,8574,8152,1707,3527,124.6300,89.0000
1785393022.435175,8593,8208,1754,3574,124.6300,89.0000
1785393022.463005,8611,8246,1735,3546,126.9500,89.0000
1785393022.484863,8630,8246,1698,3565,126.9500,89.0000
1785393022.513689,8555,8246,1717,3583,124.6300,89.0000
1785393022.536000,8565,8283,1764,3574,124.6300,89.0000
1785393022.563519,8583,8293,1745,3621,119.0100,88.9400
1785393022.586795,8583,8227,1754,3602,119.0100,88.9400
1785393022.615065,8565,8246,1735,3612,124.1900,88.9400
1785393022.638107,8630,8283,1679,3640,124.1900,88.9400
1785393022.665529,8621,8255,1689,3574,121.7100,89.0000
1785393022.688854,8574,8218,1745,3565,121.7100,89.0000
1785393022.716415,8611,8283,1764,3621,116.6700,89.0000
1785393022.739060,8583,8311,1670,3555,116.6700,89.0000
1785393022.764199,8649,8255,1754,3621,118.6800,89.0000
1785393022.789145,8630,8227,1726,3546,118.6800,89.0000
1785393022.814434,8630,8293,1707,3630,119.0100,89.0000
1785393022.839512,8649,8274,1754,3602,119.0100,89.0000
1785393022.865604,8649,8218,1717,3574,119.0100,88.9400
1785393022.892385,8630,8293,1754,3621,119.0100,88.9400
1785393022.916580,8668,8302,1679,3687,119.0100,88.9400
1785393022.940677,8640,8274,1707,3959,119.0100,88.9400
1785393022.967142,8668,8283,1745,3602,119.0100,88.8700
1785393022.992293,8705,8311,1726,3546,119.0100,88.8700
1785393023.017176,8621,8302,1707,3593,119.3200,88.8100
1785393023.042618,8630,8330,1660,3574,119.3200,88.8100
1785393023.067941,8687,8302,1735,3931,118.6800,88.7500
1785393023.094153,8658,8349,1726,3621,118.6800,88.7500
1785393023.119706,8705,8339,1726,3640,113.6000,88.6900
1785393023.144385,8715,8386,1698,3461,113.6000,88.6900
1785393023.169528,8677,8339,1679,3583,113.6000,88.5000
1785393023.194252,8621,8330,1717,3574,113.6000,88.5000
1785393023.219903,8630,8386,1717,3602,106.0700,88.4400
1785393023.245470,8668,8349,1707,3555,106.0700,88.4400
1785393023.270462,8640,8293,1707,3527,110.8900,88.3700
1785393023.295661,8677,8293,1698,3527,110.8900,88.3700
1785393023.321810,8677,8358,1745,3621,115.9200,88.3100
1785393023.347288,8649,8330,1726,3555,115.9200,88.3100
1785393023.372231,8649,8368,1726,3583,108.7200,88.3700
1785393023.397360,8621,8330,1764,3546,108.7200,88.3700
1785393023.422275,8715,8405,1754,3593,113.1600,88.3700
1785393023.448827,8658,8377,1726,3593,113.1600,88.3700
1785393023.473672,8705,8368,1726,3527,108.7200,88.3700
1785393023.499076,8724,8321,1726,3593,108.7200,88.3700
1785393023.523953,8687,8368,1717,3640,110.8900,88.3700
1785393023.549637,8640,8311,1698,3593,110.8900,88.3700
1785393023.574256,8677,8330,1689,3574,110.8900,88.3700
1785393023.600256,8705,8339,1679,3602,110.8900,88.3700
1785393023.625604,8687,8368,1726,3602,113.1600,88.4400
1785393023.650921,8752,8368,1689,3574,113.1600,88.4400
1785393023.676250,8715,8386,1707,3555,108.1900,88.4400
1785393023.700885,8705,8349,1679,3555,108.1900,88.4400
1785393023.725871,8696,8368,1660,3612,108.7200,88.5000
1785393023.751645,8677,8415,1642,3649,108.7200,88.5000
1785393023.778112,8677,8415,1717,3612,113.6000,88.5000
1785393023.802775,8733,8377,1698,3574,113.6000,88.5000
1785393023.828744,8733,8405,1660,3640,108.1900,88.3700
1785393023.854390,8687,8405,1707,3612,108.1900,88.3700
1785393023.877662,8715,8396,1670,3583,108.1900,88.3100
1785393023.904507,8743,8349,1670,3649,108.1900,88.3100
1785393023.929367,8752,8396,1670,3649,108.1900,88.3100
1785393023.954307,8752,8461,1689,3668,108.1900,88.3100
1785393023.979786,8724,8452,1689,3593,113.6000,88.3700
1785393024.005337,8715,8415,1689,3583,110.4000,88.3700
1785393024.030283,8715,8471,1689,3602,110.4000,88.3700
1785393024.057563,8743,8396,1726,3696,110.4000,88.3700
1785393024.081252,8743,8415,1660,3621,108.7200,88.5000
1785393024.106860,8715,8396,1698,3621,110.4000,88.5000
1785393024.131896,8743,8480,1670,3555,110.4000,88.5000
1785393024.157437,8715,8452,1698,3593,108.7200,88.5600
1785393024.182254,8733,8415,1660,3574,108.7200,88.5600
1785393024.206790,8752,8405,1670,3490,108.7200,88.5600
1785393024.234002,8724,8471,1679,3574,108.1900,88.5600
1785393024.258325,8733,8443,1660,3518,110.8900,88.5000
1785393024.283509,8790,8452,1698,3602,110.8900,88.5000
1785393024.309815,8705,8424,1670,3546,108.1900,88.5600
1785393024.334085,8705,8415,1660,3565,108.1900,88.5600
1785393024.361543,8762,8405,1651,3537,110.4000,88.5000
1785393024.385164,8752,8424,1651,3574,110.4000,88.5000
1785393024.411934,8780,8480,1670,3546,106.0700,88.5600
1785393024.435130,8780,8443,1651,3565,106.0700,88.5600
1785393024.463683,8771,8471,1623,3537,105.4800,88.5600
1785393024.486242,8790,8452,1623,3574,105.4800,88.5600
1785393024.514252,8771,8527,1642,3574,104.8800,88.5600
1785393024.536849,8790,8424,1632,3583,104.8800,88.5600
1785393024.564606,8771,8490,1660,3583,102.7800,88.5600
1785393024.587540,8799,8452,1660,3537,102.7800,88.5600
1785393024.615297,8743,8490,1679,3527,100.7600,88.5600
1785393024.638154,8790,8490,1698,3555,100.7600,88.5600
1785393024.665981,8808,8499,1632,3546,108.1900,88.5000
1785393024.689537,8799,8480,1679,3574,108.1900,88.5000
1785393024.716155,8818,8555,1670,3593,102.7800,88.5000
1785393024.739232,8799,8461,1651,3593,102.7800,88.5000
1785393024.765014,8808,8490,1623,3565,104.8800,88.5000
1785393024.789641,8808,8490,1604,3612,104.8800,88.5000
1785393024.814476,8771,8518,1632,3612,103.4100,88.5600
1785393024.841585,8790,8508,1585,3555,103.4100,88.5600
1785393024.866570,8893,8546,1604,3555,99.3600,88.5600
1785393024.890780,8808,8490,1660,3518,99.3600,88.5600
1785393024.917173,8846,8480,1623,3555,95.4600,88.4400
1785393024.942209,8865,8508,1632,3555,95.4600,88.4400
1785393024.967071,8818,8452,1660,3555,100.0700,88.3700
1785393024.992844,8808,8508,1632,3583,100.0700,88.3700
1785393025.017989,8827,8583,1623,3583,91.9600,88.2500
1785393025.044319,8808,8508,1623,3555,91.9600,88.2500
1785393025.069666,8799,8508,1623,3602,96.6000,88.1200
1785393025.094541,8874,8555,1651,3621,96.6000,88.1200
1785393025.120046,8837,8480,1623,3602,95.4600,88.0600
1785393025.144254,8799,8499,1660,3593,95.4600,88.0600
1785393025.170651,8865,8461,1726,3574,94.6600,88.1200
1785393025.195571,8827,8518,1679,3537,94.6600,88.1200
1785393025.219909,8837,8490,1660,3565,91.9600,88.1200
1785393025.245935,8818,8565,1642,3612,91.9600,88.1200
1785393025.271826,8855,8480,1660,3668,91.9600,88.1900
1785393025.297781,8846,8546,1660,3602,91.9600,88.1900
1785393025.322245,8846,8555,1623,3574,89.2500,88.1900
1785393025.346894,8855,8536,1613,3537,89.2500,88.1900
1785393025.371683,8884,8668,1632,3527,89.2500,88.1900
1785393025.398580,8884,8574,1642,3555,89.2500,88.1900
1785393025.423361,8893,8593,1632,3593,91.9600,88.1200
1785393025.448704,8818,8565,1660,3574,91.9600,88.1200
1785393025.474412,8837,8602,1679,3583,86.5500,88.1200
1785393025.499604,8837,8668,1632,3518,86.5500,88.1200
1785393025.525502,8865,8630,1632,3546,89.2500,88.1200
1785393025.550469,8865,8630,1651,3630,89.2500,88.1200
1785393025.574934,8865,8546,1651,3593,86.5500,88.1200
1785393025.599725,8893,8546,1670,3583,86.5500,88.1200
1785393025.625871,8837,8461,1642,3574,86.5500,88.1900
1785393025.650859,8912,8490,1623,3537,86.5500,88.1900
1785393025.676166,8865,8565,1632,3574,91.9600,88.2500
1785393025.701660,8818,8565,1679,3593,91.9600,88.2500
1785393025.726877,8855,8546,1689,3583,89.2500,88.3100
1785393025.751874,8855,8536,1670,3518,89.2500,88.3100
1785393025.777848,8827,8555,1679,3583,89.2500,88.3100
1785393025.802880,8808,8565,1623,3593,89.2500,88.3100
1785393025.827710,9353,8602,1604,3612,91.9600,88.3100
1785393025.854586,9296,8583,1623,3546,91.9600,88.3100
1785393025.879241,9165,8546,1642,3583,91.9600,88.3700
1785393025.904319,9118,8565,1670,3537,91.9600,88.3700
1785393025.929694,9081,8583,1632,3602,94.6600,88.3700
1785393025.954674,9081,8583,1689,3574,94.6600,88.3700
1785393025.981072,8930,8602,1698,3518,91.9600,88.4400
1785393026.006586,8996,8640,1632,3546,91.9600,88.4400
1785393026.031023,8912,8677,1623,3518,91.9600,88.4400
1785393026.055958,9052,8583,1623,3508,91.9600,88.4400
1785393026.082187,8949,8668,1613,3490,89.2500,88.4400
1785393026.107365,8912,8621,1651,3574,89.2500,88.4400
1785393026.132191,8912,8649,1623,3518,95.4600,88.3700
1785393026.156702,8949,8630,1604,3602,95.4600,88.3700
1785393026.183153,8865,8621,1642,3593,91.9600,88.4400
1785393026.208798,8893,8621,1642,3612,93.8400,88.3700
1785393026.233730,8874,8583,1632,3555,93.8400,88.3700
1785393026.258882,8874,8649,1623,3593,93.8400,88.3700
1785393026.284142,8902,8611,1660,3546,90.1600,88.3700
1785393026.310096,8893,8611,1726,3565,89.2500,88.3700
1785393026.335284,8921,8668,1613,3537,89.2500,88.3700
1785393026.362019,8912,8649,1642,3546,89.2500,88.3700
1785393026.385415,8968,8649,1642,3537,91.9600,88.3700
1785393026.414095,8977,8640,1623,3565,89.2500,88.3700
1785393026.436429,9024,8733,1623,3583,89.2500,88.3700
1785393026.465355,8949,8649,1651,3537,89.2500,88.3700
1785393026.486577,8930,8658,1642,3499,89.2500,88.3700
1785393026.514299,8959,8630,1651,3537,93.8400,88.4400
1785393026.536786,8987,8658,1660,3537,93.8400,88.4400
1785393026.565515,8940,8658,1613,3518,87.5000,88.3700
1785393026.588470,8968,8621,1613,3527,87.5000,88.3700
1785393026.616227,8940,8705,1613,3490,91.9600,88.4400
1785393026.638592,8996,8621,1642,3574,91.9600,88.4400
1785393026.666347,9015,8640,1604,3555,88.3200,88.4400
1785393026.689377,8959,8687,1604,3583,88.3200,88.4400
1785393026.716626,8996,8668,1604,3583,90.1600,88.4400
1785393026.739630,8949,8677,1660,3555,90.1600,88.4400
1785393026.768068,8987,8724,1679,3527,81.1400,88.4400
1785393026.791229,8996,8733,1632,3555,81.1400,88.4400
1785393026.816122,8959,8696,1623,3546,86.5500,88.4400
1785393026.841763,8977,8705,1642,3546,86.5500,88.4400
1785393026.867677,9015,8705,1670,3593,86.5500,88.5000
1785393026.891982,8977,8640,1632,3508,86.5500,88.5000
1785393026.916733,8996,8677,1623,3508,88.3200,88.5000
1785393026.942664,8996,8687,1623,3537,88.3200,88.5000
1785393026.967623,8987,8677,1632,3508,84.8500,88.5000
1785393026.992799,8968,8724,1642,3527,84.8500,88.5000
1785393027.018741,8996,8752,1632,3508,83.8500,88.5000
1785393027.043908,8987,8696,1623,3527,83.8500,88.5000
1785393027.068569,9015,8733,1613,3527,85.5600,88.5600
1785393027.093654,9005,8715,1642,3518,85.5600,88.5600
1785393027.119840,9024,8687,1642,3537,83.8500,88.5600
1785393027.144855,9005,8696,1660,3537,83.8500,88.5600
1785393027.169929,9071,8696,1632,3499,82.2000,88.5600
1785393027.196034,8977,8715,1613,3555,82.2000,88.5600
1785393027.221236,9005,8668,1613,3583,85.5600,88.5600
1785393027.246635,9005,8724,1595,3565,85.5600,88.5600
1785393027.272332,9052,8743,1632,3537,79.5500,88.5000
1785393027.296870,9005,8705,1613,3546,79.5500,88.5000
1785393027.321625,9043,8705,1651,3555,83.8500,88.5000
1785393027.348954,9005,8705,1604,3555,83.8500,88.5000
1785393027.373378,9024,8724,1613,3583,81.1400,88.5000
1785393027.398586,9005,8715,1642,3537,81.1400,88.5000
1785393027.423863,9043,8733,1623,3555,81.1400,88.3700
1785393027.449105,9034,8724,1632,3555,81.1400,88.3700
1785393027.473809,9081,8827,1632,3537,81.1400,88.3700
1785393027.499726,8996,8724,1632,3546,81.1400,88.3700
1785393027.524661,9071,8790,1595,3546,75.7300,88.3700
1785393027.549680,9052,8808,1679,3537,75.7300,88.3700
1785393027.576775,9071,8790,1613,3537,73.0300,88.3700
1785393027.601504,9005,8790,1585,3546,73.0300,88.3700
1785393027.626238,9005,8762,1613,3583,81.1400,88.3700
1785393027.651830,9034,8762,1623,3555,81.1400,88.3700
1785393027.677305,9062,8790,1642,3527,78.4400,88.3700
1785393027.702810,9034,8724,1632,3527,78.4400,88.3700
1785393027.728173,9062,8780,1604,3490,75.7300,88.3700
1785393027.752844,8987,8705,1604,3555,75.7300,88.3700
1785393027.778016,9081,8696,1585,3555,78.4400,88.3700
1785393027.804614,9043,8762,1567,3527,78.4400,88.3700
1785393027.829366,9071,8733,1613,3546,78.4400,88.3700
1785393027.854098,9015,8724,1623,3574,78.4400,88.3700
1785393027.878881,9109,8743,1585,3583,75.7300,88.3700
1785393027.905487,9043,8762,1660,3565,75.7300,88.3700
1785393027.931090,9043,8752,1613,3583,73.0300,88.3700
1785393027.956041,9043,8743,1604,3480,73.0300,88.3700
1785393027.980875,9043,8790,1585,3555,75.7300,88.3700
1785393028.005832,9099,8799,1585,3546,75.7300,88.3700
1785393028.030926,9090,8808,1585,3537,75.7300,88.3700
1785393028.057104,9015,8762,1623,3602,73.0300,88.3700
1785393028.082147,9118,8799,1595,3546,73.0300,88.3700
1785393028.106693,9062,8771,1595,3537,73.0300,88.3700
1785393028.133119,9118,8808,1595,3574,67.6200,88.3700
1785393028.158858,9090,8799,1576,3621,70.3200,88.3700
1785393028.184330,9052,8808,1595,3574,70.3200,88.3700
1785393028.209656,9090,8818,1604,3612,70.3200,88.3700
1785393028.234090,9062,8790,1604,3583,70.3200,88.3700
1785393028.259495,9081,8771,1623,3583,70.3200,88.3700
1785393028.285026,9062,8762,1595,3583,70.3200,88.3700
1785393028.311670,9081,8771,1642,3546,70.3200,88.3700
1785393028.335206,9109,8771,1604,3565,70.3200,88.3700
1785393028.363902,9090,8827,1623,3565,70.3200,88.4400
1785393028.386380,9090,8799,1585,3574,70.3200,88.4400
1785393028.411961,9099,8790,1623,3602,70.3200,88.4400
1785393028.436811,9071,8799,1595,3583,70.3200,88.4400
1785393028.462148,9090,8874,1613,3537,70.3200,88.4400
1785393028.488282,9043,8790,1642,3555,70.3200,88.4400
1785393028.514198,9062,8855,1623,3546,70.3200,88.4400
1785393028.539387,9052,8790,1632,3555,70.3200,88.4400
1785393028.563047,9099,8771,1585,3555,70.3200,88.4400
1785393028.589922,9118,8799,1604,3546,70.3200,88.4400
1785393028.614867,9081,8799,1604,3555,70.3200,88.4400
1785393028.639682,9118,8827,1585,3565,70.3200,88.4400
1785393028.665193,9062,8818,1604,3555,70.3200,88.4400
1785393028.690085,9118,8818,1623,3527,70.3200,88.4400
1785393028.715534,9118,8790,1642,3593,5.6500,88.4400
1785393028.740247,9118,8799,1604,3574,5.6500,88.4400
1785393028.766142,9043,8808,1613,3555,5.6500,88.4400
1785393028.790316,9118,8705,1604,3527,2.7000,86.6200
1785393028.815448,9024,8715,1632,3555,2.7000,86.6200
1785393028.842252,9034,8752,1613,3518,5.4100,83.3700
1785393028.867481,9034,8762,1613,3527,5.4100,79.0000
1785393028.892475,9062,8733,1623,3452,5.4100,79.0000
1785393028.918120,8977,8733,1660,3452,5.4100,79.0000
1785393028.943135,8977,8715,1642,3508,8.1100,73.6200
1785393028.969554,8987,8677,1613,3518,8.1100,67.7500
1785393028.994425,8987,8705,1679,3499,8.1100,67.7500
1785393029.019857,8996,8630,1660,3490,8.1100,67.7500
1785393029.043812,8959,8715,1679,3461,2.7000,61.7500
1785393029.071995,8977,8687,1660,3499,2.7000,55.9400
1785393029.095726,8977,8621,1660,3527,2.7000,55.9400
1785393029.122643,8949,8583,1623,3480,2.7000,50.5600
1785393029.145748,8940,8555,1642,3480,2.7000,50.5600
1785393029.172812,8921,8546,1604,3508,2.7000,45.3100
1785393029.197116,8855,8546,1886,3527,2.7000,45.3100
1785393029.223950,8968,8555,2186,3593,0.0000,40.2500
1785393029.247407,8968,8546,2186,3602,0.0000,40.2500
1785393029.275102,9090,8499,2092,3621,2.7000,35.5000
1785393029.298453,9081,8536,2054,3602,2.7000,35.5000
1785393029.324395,9118,8471,1979,3640,8.1100,31.1200
1785393029.348370,9118,8499,2017,3593,8.1100,31.1200
1785393029.373494,9090,8518,1923,3612,-2.7000,27.2500
1785393029.400609,9118,8424,1961,3602,-2.7000,27.2500
1785393029.424034,9137,8490,1895,3612,5.4100,23.6200
1785393029.451200,9156,8527,1932,3574,5.4100,23.6200
1785393029.474894,9146,8452,1904,3583,2.7000,20.3700
1785393029.500059,9099,8527,1876,3527,2.7000,20.3700
1785393029.527455,9052,8499,1914,3574,2.7000,17.5000
1785393029.551076,9071,8527,1867,3537,2.7000,17.5000
1785393029.576549,9015,8499,1848,3537,2.7000,14.8800
1785393029.600951,9005,8490,1829,3518,2.7000,14.8800
1785393029.626745,8987,8565,1839,3565,5.4100,12.5000
1785393029.652528,8996,8611,1848,3546,5.4100,12.5000
1785393029.677853,8996,8611,1839,3518,5.4100,10.4400
1785393029.702910,8949,8546,1810,3537,5.4100,10.4400
1785393029.727836,8959,8593,1848,3537,2.7000,8.4400
1785393029.753497,8921,8555,1848,3527,2.7000,8.4400
1785393029.779414,8874,8593,1810,3555,5.4100,6.5600
1785393029.804386,8949,8583,1829,3518,5.4100,6.5600
1785393029.828908,8884,8649,1810,3490,2.7000,4.8100
1785393029.855436,8818,8602,1764,3508,2.7000,4.8100
1785393029.880399,8818,8593,1754,3499,2.7000,3.3700
1785393029.905770,8837,8602,1735,3508,2.7000,3.3700
1785393029.930831,8808,8640,1726,3471,5.4100,1.9400
1785393029.956181,8874,8602,1810,3499,5.4100,1.9400
1785393029.981075,9005,8583,1717,3508,5.4100,1.9400
1785393030.007119,9212,8611,1717,3471,5.4100,1.9400
1785393030.032082,9240,8640,1735,3452,5.4100,1.9400
1785393030.057331,8818,8565,1792,3461,5.4100,1.9400
1785393030.083589,9587,8593,1764,3499,5.4100,1.9400
1785393030.109534,8799,8583,1754,3518,5.4100,1.9400
1785393030.133856,9184,8574,1726,3499,5.4100,1.9400
1785393030.158892,9202,8593,1745,3518,5.4100,1.9400
1785393030.183814,9221,8583,1717,3490,5.4100,1.9400
1785393030.209492,9202,8649,1801,3461,5.4100,1.9400
1785393030.235676,9165,8611,1764,3461,5.4100,1.9400
