timestamp,d0,d1,d2,d3,v_mm_s,gz
1784778307.499142,8996,8837,1773,3940,22.9600,-0.0600
1784778307.550728,8977,8799,1707,3893,67.6200,0.5600
1784778307.601923,9005,8771,1717,3921,78.4400,-2.6300
1784778307.653763,8959,8874,1735,3940,86.5500,0.6900
1784778307.705003,9024,8865,1792,3902,92.8100,-0.7500
1784778307.757179,8987,8837,1670,3931,100.0700,-0.1200
1784778307.808095,8940,8780,1745,3968,100.7600,0.5000
1784778307.859828,8940,8827,1810,3949,104.8800,0.8800
1784778307.911668,8977,8865,1792,3968,102.7800,2.1300
1784778307.962852,8977,8855,1754,3931,106.0700,-0.4400
1784778308.014737,8902,8808,1754,3912,106.0700,-0.4400
1784778308.066341,8893,8818,1726,3912,105.4800,1.7500
1784778308.117843,8921,8865,1735,3865,110.8900,1.9400
1784778308.169061,8921,8827,1707,3874,108.1900,-0.6300
1784778308.220788,8912,8837,1773,3874,108.1900,1.0000
1784778308.272068,8921,8771,1689,3893,116.6700,0.5000
1784778308.323828,8921,8808,1735,3893,113.6000,-1.2500
1784778308.375841,8949,8827,1745,3837,116.3000,0.3700
1784778308.427066,8949,8855,1754,3818,124.4200,-0.5000
1784778308.478722,8893,8846,1792,3837,127.1200,-0.3100
1784778308.530043,8987,8884,1745,3799,129.8300,0.0600
1784778308.581752,8912,8921,1745,3724,132.5300,-0.4400
1784778308.632974,8912,8902,1773,3780,129.8300,-2.0000
1784778308.684783,8940,8855,1764,3855,132.5800,0.5600
1784778308.736027,8930,8855,1792,3818,137.9900,-0.3100
1784778308.788055,8884,8902,1754,3799,140.6400,0.9400
1784778308.839680,8884,8893,1735,3780,143.3500,-1.1900
1784778308.890848,8968,8977,1745,3715,146.0500,0.3100
1784778308.942755,8968,8949,1754,3734,151.4600,-0.8800
1784778308.993867,8940,8949,1773,3649,156.8700,1.1900
1784778309.045729,8912,8771,1773,3537,159.1000,0.7500
1784778309.097028,8912,8949,1792,3612,165.5900,0.4400
1784778309.148784,8874,8884,1829,3593,164.4000,0.4400
1784778309.200616,8921,8874,1764,3537,167.6900,0.2500
1784778309.251804,8884,8930,1801,3555,175.8000,-2.1300
1784778309.303805,8865,8827,1829,3555,179.3900,-1.0000
1784778309.354826,8893,8912,1839,3602,175.8000,-0.8100
1784778309.406707,8949,9062,1904,3555,172.3600,0.3700
1784778309.458068,8912,8780,1857,3518,178.5100,0.6300
1784778309.509807,8893,8780,1961,3565,181.2100,1.6900
1784778309.561033,8893,8696,1857,3555,181.2100,0.2500
1784778309.612746,8846,8705,1876,3565,178.5100,2.1900
1784778309.663997,8884,8668,1876,3574,182.1500,0.3700
1784778309.715786,8865,8630,1876,3593,178.5100,-0.0600
1784778309.767653,8912,8630,1932,3583,180.3100,0.5600
1784778309.818983,8921,8602,1867,3452,184.9100,0.3700
1784778309.870670,8902,8602,1876,3480,177.6600,-0.6900
1784778309.922009,8902,8630,1942,3527,182.1500,0.7500
1784778309.973761,8874,8630,1857,3574,178.5100,0.6900
1784778310.024861,8884,8658,1895,3555,177.6600,1.1200
1784778310.076728,8874,8724,1979,3527,175.8000,-1.1200
1784778310.128098,8837,8668,1914,3527,182.1500,0.1200
1784778310.179995,8837,8715,1932,3490,169.7100,1.1200
1784778310.231633,8902,8743,1942,3471,176.6300,-0.1900
1784778310.282811,8902,8743,1951,3565,169.7100,0.4400
1784778310.334656,8799,8771,2036,3443,170.4000,0.2500
1784778310.385977,8846,8715,1970,3490,173.1000,-0.2500
1784778310.437696,8921,8780,1998,3499,167.6900,-2.0600
1784778310.488975,8893,8855,2036,3555,170.4000,-0.4400
1784778310.541054,8790,8808,1942,3527,173.1000,-1.6300
1784778310.591979,8827,8771,2017,3621,173.1000,1.0600
1784778310.643764,8780,8818,2054,3499,167.6900,-0.3700
1784778310.695600,8827,8799,2045,3452,175.8000,1.6300
1784778310.746787,8808,8827,2101,3358,170.4000,0.3100
1784778310.798656,8752,8837,2036,3311,170.4000,1.6900
1784778310.849983,8752,8855,2036,3255,164.9900,1.0600
1784778310.901783,8799,8884,2083,3264,173.1000,2.1300
1784778310.953009,8837,8930,2083,3311,167.6900,1.5600
1784778311.004704,8846,8846,2054,3311,167.6900,-0.5600
1784778311.056574,8780,8930,2111,3321,162.2800,-0.5000
1784778311.107820,8865,8893,1876,3321,162.2800,-0.3700
1784778311.159587,8874,8837,2148,3340,164.9900,-0.3700
1784778311.210982,8874,8884,2111,3274,164.9900,-0.1200
1784778311.262618,8799,8902,2036,3311,167.6900,0.8100
1784778311.313966,8827,8865,2045,3274,164.9900,-2.3100
1784778311.365665,8780,8846,2045,3264,167.6900,-0.3700
1784778311.416819,8818,8874,2045,3283,167.6900,-0.3700
1784778311.468689,8771,8874,2045,3264,167.6900,1.2500
1784778311.519934,8837,8884,2045,3208,167.6900,-0.3100
1784778311.571980,8762,8912,2054,3311,170.4000,0.5000
1784778311.623582,8780,8884,1998,3311,167.6900,-0.8100
1784778311.674752,8799,8884,1998,3264,170.4000,-1.9400
1784778311.726620,8799,8912,1932,3302,170.4000,-1.5000
1784778311.777799,8902,8930,2411,3227,167.0500,-0.3700
1784778311.829639,8865,8884,2214,3330,176.6300,0.1900
1784778311.880923,8762,8940,2026,3283,173.1000,0.6300
1784778311.932659,8827,8921,2026,3274,169.7100,1.7500
1784778311.984503,8762,8912,2204,3283,173.8700,-0.4400
1784778312.036187,8762,8940,2261,3189,170.4000,1.5600
1784778312.087578,8705,8949,2204,3246,164.9900,1.0600
1784778312.138728,8705,9005,2280,3246,167.6900,1.6900
1784778312.190599,8762,8968,2317,3161,162.2800,1.0600
1784778312.241919,8743,8977,2458,3199,170.4000,-0.6300
1784778312.293811,8630,9024,2486,3189,164.9900,-1.3700
1784778312.344910,8921,8959,2627,3180,167.6900,1.0600
1784778312.396666,8818,9005,2139,3227,167.6900,-1.4400
1784778312.448547,8771,9005,2214,3171,167.6900,2.0000
1784778312.499684,8771,8968,2186,3114,170.4000,-1.6900
1784778312.551570,8959,8930,2242,3208,167.6900,-0.6300
1784778312.603067,8902,8940,2214,3152,170.4000,-0.7500
1784778312.654613,8865,9099,2251,3180,167.6900,0.9400
1784778312.705914,8884,8996,2242,3096,167.6900,-1.3100
1784778312.757666,8827,8921,2214,3171,164.4000,0.4400
1784778312.809669,8827,8818,2270,3086,171.1100,0.0600
1784778312.860661,8808,8715,2401,3077,167.0500,0.5600
1784778312.912601,8762,8855,2345,3096,167.6900,-0.7500
1784778312.963897,8827,8780,2270,3077,171.1100,-1.7500
1784778313.015622,8696,8743,2392,3067,169.7100,-1.5600
1784778313.066928,8668,8733,2692,3039,167.6900,-0.5600
1784778313.118581,8780,8602,2655,3011,176.6300,-0.2500
1784778313.169785,8780,8677,2495,3077,175.8000,0.5600
1784778313.221636,8884,8733,2430,3049,169.7100,-0.3100
1784778313.273462,8884,8743,2467,3030,176.6300,2.5000
1784778313.324987,8715,8743,2467,3049,169.7100,-0.3700
1784778313.376842,8808,8687,2448,3011,173.1000,2.0600
1784778313.427768,8743,8687,2477,3011,170.4000,-0.6900
1784778313.479531,8790,8733,2552,3058,179.3900,1.8100
1784778313.530725,8743,8771,2617,2955,178.5100,-1.0600
1784778313.582619,8696,8771,2636,2927,172.3600,1.5000
1784778313.633903,8733,8808,2786,3021,176.6300,-0.3700
1784778313.686116,8743,8855,2786,2992,167.0500,0.8800
1784778313.737486,8743,8855,2608,2889,176.6300,1.1200
1784778313.788725,8696,8968,2486,2899,169.7100,1.0600
1784778313.840511,8696,8949,2486,2889,176.6300,0.6900
1784778313.891675,8677,9005,2448,2955,175.0100,1.8100
1784778313.943575,8677,9015,2439,2955,170.4000,1.0600
1784778313.994842,8677,8996,2448,2880,176.6300,0.2500
1784778314.046576,8724,9071,2561,2842,173.1000,0.4400
1784778314.098435,8846,9043,2308,2917,169.7100,0.2500
1784778314.149607,8780,9024,2495,2842,173.8700,-1.0600
1784778314.201481,8715,8921,2533,2842,175.8000,-0.4400
1784778314.252626,8546,9024,2589,2870,169.7100,0.4400
1784778314.304835,8640,9184,2805,2795,173.8700,-0.4400
1784778314.355820,8705,9024,2589,2777,169.7100,0.5600
1784778314.407544,8715,8874,2589,2777,173.1000,0.5600
1784778314.458842,8752,9043,2598,2739,170.4000,1.8100
1784778314.510591,8762,9296,2711,2777,170.4000,0.3100
1784778314.562411,8808,9296,2870,2833,167.6900,-1.0000
1784778314.613593,8893,9296,2927,2805,164.9900,-0.1200
1784778314.665457,9005,9296,2739,2777,164.9900,1.0000
1784778314.716831,9503,8949,2749,2795,164.9900,1.0000
1784778314.768491,8874,9296,2730,2777,165.5900,0.6300
1784778314.819864,8874,8996,2739,2739,164.4000,-0.5600
1784778314.871713,8874,9184,2711,2758,170.4000,1.1900
1784778314.922670,8874,9456,2749,2739,171.1100,0.6900
1784778314.974558,8846,9081,2805,2767,169.7100,0.7500
1784778315.025811,8846,8977,2870,2711,170.4000,-0.8800
1784778315.077878,8827,8977,2861,2711,167.6900,1.4400
1784778315.129428,8884,9118,2767,2702,167.6900,-1.0000
1784778315.180611,8771,8996,2842,2720,171.1100,1.3700
1784778315.232502,8696,9071,2842,2636,167.0500,-0.3100
1784778315.283689,8621,8977,2805,2683,173.8700,1.3100
1784778315.335634,8658,9015,2842,2645,167.0500,-0.2500
1784778315.386847,8621,9043,2758,2645,170.4000,-2.3100
1784778315.438525,8668,9156,2739,2655,179.3900,-5.1300
1784778315.490399,8733,9118,2786,2674,177.6600,-1.3100
1784778315.541584,8752,8968,2758,2645,173.1000,-1.1900
1784778315.593808,8621,9184,2861,2674,178.5100,0.2500
1784778315.644616,8621,9156,2842,2711,175.8000,1.0600
1784778315.696476,8574,9043,2870,3030,170.4000,0.2500
1784778315.747813,8583,8902,2870,3236,173.1000,1.2500
1784778315.799513,8640,8968,2824,2917,170.4000,0.0600
1784778315.850857,8583,8902,2842,2749,175.8000,1.1200
1784778315.902560,8602,8855,2777,2833,173.1000,-0.1200
1784778315.954385,8602,8799,2880,2749,179.3900,0.8800
1784778316.005548,8583,8808,2936,2927,177.6600,-0.8800
1784778316.057453,8687,8790,2908,2655,170.4000,0.5000
1784778316.108823,8696,8846,2786,2636,173.1000,-1.9400
1784778316.160462,8733,8865,2824,2692,167.6900,0.4400
1784778316.211890,8733,8827,2824,2598,167.6900,0.3100
1784778316.263492,9034,8762,2917,2598,164.9900,-0.7500
1784778316.314775,9015,8743,2870,2533,164.9900,-0.5000
1784778316.366792,8780,8808,2908,2617,164.9900,-0.5000
1784778316.418447,8977,8743,2880,2627,167.6900,-0.6300
1784778316.469839,9005,8818,2870,2514,164.9900,0.3700
1784778316.521450,8715,8724,2861,2561,167.6900,-0.8800
1784778316.572635,8743,8724,2917,2533,164.9900,1.5000
1784778316.626081,8780,8743,2767,2580,170.4000,-2.6300
1784778316.675911,8780,8780,2899,2552,164.9900,0.2500
1784778316.727905,8808,8808,2805,2514,161.7500,-1.5000
1784778316.779358,8846,8780,2833,2523,168.3500,0.8800
1784778316.830633,8846,8780,3011,2477,161.7500,1.0000
1784778316.882379,8752,8799,2974,2430,167.6900,1.8800
1784778316.933482,8687,8808,2833,2486,165.5900,1.6300
1784778316.985463,8649,8837,2852,2448,164.9900,0.5000
1784778317.036672,8668,9184,2833,2477,167.0500,1.9400
1784778317.088645,8611,8930,2870,2486,165.5900,0.5000
1784778317.139656,8611,8893,3039,2411,164.4000,0.2500
1784778317.191433,8677,9212,2936,2458,168.3500,-0.3700
1784778317.243365,8658,9202,2936,2467,162.2800,0.6300
1784778317.294444,8611,8818,3058,2477,164.9900,-1.1200
1784778317.346363,8677,9015,3227,2448,162.2800,1.0000
1784778317.397602,8677,8987,2908,2364,164.9900,-0.1900
1784778317.449378,8677,8987,2899,2448,162.2800,1.2500
1784778317.500621,8696,9099,2805,2439,167.6900,-0.5600
1784778317.552415,8696,8912,3152,2336,164.4000,0.1900
1784778317.603816,8724,8959,3283,2345,171.1100,0.8100
1784778317.655453,8724,9034,3124,2411,164.9900,1.1200
1784778317.707340,8724,9109,3171,2401,164.9900,1.6300
1784778317.758603,8677,9034,3114,2392,164.9900,1.1900
1784778317.810356,8687,8996,3067,2345,162.2800,0.2500
1784778317.861785,8630,9052,3199,2355,164.9900,0.1900
1784778317.913362,8593,9146,3133,2392,159.5800,-1.0000
1784778317.964523,8536,9090,3030,2411,161.7500,-1.2500
1784778318.016420,8536,8987,3096,2392,161.7500,-1.2500
1784778318.068297,8546,9127,3161,2401,165.5900,0.0600
1784778318.119647,8546,9005,3218,2430,164.4000,0.5600
1784778318.171315,8649,9005,3039,2420,171.1100,0.3100
1784778318.222434,8658,9062,3180,2448,170.4000,0.6900
1784778318.274354,8583,9146,3124,2345,170.4000,0.0600
1784778318.325486,8640,9156,3161,2364,170.4000,0.6300
1784778318.377380,8640,9118,3246,2336,170.4000,1.2500
1784778318.428601,8640,9202,3180,2355,175.0100,0.7500
1784778318.480386,8621,9156,3227,2383,179.3900,-0.0600
1784778318.532322,8602,9127,3227,2345,172.3600,-0.9400
1784778318.583410,8611,9278,3208,2326,173.1000,0.1900
1784778318.635348,8574,9212,3283,2401,175.8000,0.1200
1784778318.686441,8658,9118,3368,2392,178.5100,0.6900
1784778318.738587,8658,8940,3321,2355,178.5100,-1.1200
1784778318.789571,8443,9090,3236,2317,173.8700,2.5000
1784778318.841355,8433,9146,3236,2336,172.3600,-0.8800
1784778318.892595,8405,9174,3246,2317,171.1100,2.0000
1784778318.944364,8358,9024,3283,2298,169.7100,0.0000
1784778318.996232,8405,9231,3264,2280,171.1100,-0.4400
1784778319.047393,8424,9296,3274,2289,169.7100,0.0600
1784778319.099300,9156,9296,3283,2261,173.8700,0.7500
1784778319.150540,8368,9193,3330,2195,167.6900,-1.3100
1784778319.202312,8368,9249,3424,2214,164.4000,-0.6900
1784778319.253559,8921,9334,3340,2223,167.6900,-0.5000
1784778319.305351,8959,9362,3368,2204,170.4000,-0.0600
1784778319.356521,8949,9043,3330,2214,165.5900,1.3100
1784778319.408540,9034,9127,3349,2308,164.9900,0.6300
1784778319.460261,11341,9137,3330,2251,164.4000,-0.0600
1784778319.511549,8733,9015,3386,2280,164.9900,0.7500
1784778319.563279,8668,9071,3490,2233,162.2800,0.0000
1784778319.614404,8621,9165,3415,2195,161.7500,0.5600
1784778319.666302,8687,9184,3490,2158,161.7500,0.5600
1784778319.717672,8846,9390,3480,2101,173.8700,0.0600
1784778319.769537,8715,9202,3433,2101,169.7100,-0.1200
1784778319.821208,8658,9156,3377,2092,170.4000,0.6300
1784778319.872506,8658,9324,3461,2092,173.1000,2.3100
1784778319.924252,8696,9287,3499,2167,170.4000,0.3700
1784778319.975400,8696,9071,3471,2111,173.1000,-0.0600
1784778320.027342,8696,9071,3461,2195,171.1100,-0.5000
1784778320.078411,8677,9081,3508,2120,167.6900,-0.4400
1784778320.130551,8752,9071,3415,2148,169.7100,-0.9400
1784778320.181533,8668,9034,3480,2092,171.1100,1.3700
1784778320.233309,8630,9005,3508,2167,159.1000,-2.1300
1784778320.285186,8649,8949,3565,2158,159.5800,1.0600
1784778320.336347,8640,8940,3555,2120,159.5800,-0.5000
1784778320.388274,8602,9024,3518,2083,159.5800,1.0000
1784778320.439356,8555,8902,3593,2064,154.1700,-1.4400
1784778320.491530,8565,9034,3555,2204,154.1700,-1.6900
1784778320.542665,8593,8996,3565,2223,151.4600,-0.0600
1784778320.594331,8565,8977,3621,2270,157.3100,0.8100
1784778320.645841,8668,9024,3649,2730,151.1400,0.5000
1784778320.697296,8762,8977,3612,2261,151.4600,0.6300
1784778320.749268,8780,8940,3593,2204,146.0500,0.0000
1784778320.800541,8846,8949,3640,2242,146.0500,0.4400
1784778320.852235,8874,8977,3583,2242,140.6400,-0.3700
1784778320.903548,8893,8949,3668,2242,137.9900,1.0000
1784778320.955268,8790,8977,3630,2345,137.8900,0.8100
1784778321.006516,8865,8996,3546,2364,135.2300,-0.0600
1784778321.058313,8762,8977,3508,2186,132.5300,0.5600
1784778321.110154,8808,8987,3771,2148,135.2300,-1.6900
1784778321.161464,8818,8959,3687,2298,132.5300,1.5000
1784778321.213203,8771,8977,3537,2251,135.2300,-1.6300
1784778321.264458,8733,9005,3677,2111,132.5300,1.1900
1784778321.316344,8743,9005,3696,2064,132.5300,1.1900
1784778321.367580,8705,9034,3677,1998,132.4700,0.6300
1784778321.419273,8705,9024,3677,2007,127.2800,0.3100
1784778321.470403,8705,9081,3612,1979,127.1200,-0.5000
1784778321.522431,8640,9062,3743,1895,127.1200,0.5600
1784778321.574245,8621,9043,3687,1961,121.7100,0.1900
1784778321.625477,8602,9081,3827,1923,121.7100,0.8800
1784778321.677239,8611,9127,3640,2092,119.0100,-0.8100
1784778321.728367,8640,9090,3602,2045,113.6000,-0.1200
1784778321.780247,8640,9118,3311,1961,110.8900,0.0600
1784778321.831404,8715,9043,3621,2007,113.6000,-0.4400
1784778321.883569,8733,9127,3724,1998,113.6000,0.6900
1784778321.934612,8696,9109,3630,2045,108.1900,-0.8100
1784778321.986431,8733,9109,3602,2083,110.8900,-3.1900
1784778322.038159,8602,9165,3668,2007,108.1900,0.1900
1784778322.089323,8630,9099,3677,1989,113.6000,-2.3800
1784778322.141223,8611,9137,3602,1914,108.1900,1.4400
1784778322.192375,8583,9146,3490,1942,105.4800,-0.1900
1784778322.244553,8555,9099,3630,1961,108.1900,1.0600
1784778322.295544,8649,9127,3518,1942,108.1900,-0.5000
1784778322.347270,8602,9184,3593,1970,108.1900,0.7500
1784778322.399139,8593,9146,3630,1979,108.1900,-0.1200
1784778322.450298,8583,9081,3490,1895,102.7800,0.5000
1784778322.502170,8640,9156,3396,1961,105.4800,-0.5000
1784778322.553337,8574,9174,3518,1979,103.4100,-0.6900
1784778322.605215,8508,9156,3537,1942,104.8800,1.5000
1784778322.656665,8508,9174,3799,1970,100.0700,0.4400
1784778322.708222,8574,9127,3780,1970,100.0700,0.2500
1784778322.759538,8518,9240,3677,1979,95.4600,0.2500
1784778322.811242,8518,9174,3621,2017,102.1200,1.1200
1784778322.863094,8480,9259,3677,1961,90.1600,-0.5600
1784778322.914532,8461,9259,3790,1932,100.0700,0.0000
1784778322.966147,8461,9221,3743,1998,100.0700,0.0000
1784778323.017589,8452,9221,3724,1951,94.6600,0.2500
1784778323.069181,8415,9381,3677,1932,93.8400,0.4400
1784778323.120506,8499,9278,3649,1923,94.6600,1.1900
1784778323.172232,8508,9259,3640,1932,91.9600,-1.6900
1784778323.223396,8443,9221,3583,1904,89.2500,1.0600
1784778323.275515,8490,9146,3527,1914,89.2500,-0.5600
1784778323.327077,8508,9109,3527,1857,86.5500,1.6300
1784778323.378647,8518,8987,3846,1914,84.8500,0.1900
1784778323.430144,8574,9850,3734,1932,85.5600,0.4400
1784778323.481293,8536,9512,3809,1904,86.5500,0.0000
1784778323.533189,8461,9306,3790,1923,82.2000,-1.1900
1784778323.584525,8499,9306,3762,1970,85.5600,-0.3100
1784778323.636530,8490,9212,3415,1951,81.1400,0.6900
1784778323.687562,8508,9146,3415,1932,78.4400,0.2500
1784778323.739226,8499,9221,3987,1914,71.5900,1.3700
1784778323.791095,8527,9259,3884,1914,71.7600,-0.3100
1784778323.842254,8536,9221,3949,1979,66.2900,1.3100
1784778323.894130,8583,9465,3865,1886,73.0300,-0.5600
1784778323.945482,8490,9503,3874,1923,67.6200,0.3700
1784778323.997154,8555,9550,3921,1857,67.6200,0.3700
1784778324.048557,8452,9362,3893,1867,67.6200,0.3700
1784778324.100192,8555,9381,4024,1867,67.6200,0.3700
1784778324.151551,8565,9418,4024,1914,67.6200,0.3700
1784778324.203225,8536,9456,3855,1923,67.6200,0.3700
1784778324.255089,8536,9606,3893,1886,67.6200,0.3700
1784778324.306438,8565,9221,3837,1792,6.9800,0.1900
1784778324.358123,8583,9371,3518,1801,10.8200,8.0600
1784778324.409475,8386,9475,3799,1895,21.6400,14.5000
1784778324.461143,8386,9127,3809,1979,16.2300,11.0000
1784778324.512290,8705,9475,3912,1857,21.6400,13.5600
1784778324.564192,8199,9409,3921,1810,24.3400,8.9400
1784778324.615427,8199,9390,3809,1820,18.9300,13.6300
1784778324.667500,8640,9390,3752,1820,13.5200,11.4400
1784778324.719076,8283,9399,3752,1867,13.5200,14.4400
1784778324.770233,8424,9437,3583,1857,16.2300,15.5600
1784778324.822116,8264,9521,3658,1867,10.8200,10.1300
1784778324.873263,8396,9315,3649,1876,10.8200,14.5000
1784778324.925146,8518,9231,3640,1829,8.1100,13.6300
1784778324.976445,8536,9268,3612,1876,13.5200,11.8800
1784778325.028446,8443,9221,3846,1876,10.8200,10.5600
1784778325.080044,8358,9109,3668,1782,8.1100,9.3100
1784778325.131198,8330,9390,3602,1857,10.8200,12.9400
1784778325.183069,8321,8996,3537,1876,8.1100,11.6900
1784778325.234246,8339,8996,3490,1848,8.1100,11.6900
1784778325.286595,8396,9625,3527,1876,8.1100,10.5000
1784778325.337395,8377,9090,3555,1886,10.8200,10.7500
1784778325.389129,8405,9212,3546,1820,5.4100,7.6900
1784778325.440466,8396,9099,3461,1895,10.8200,9.5600
1784778325.492158,8433,9109,3527,1895,5.4100,7.2500
1784778325.544029,8424,9099,3499,1867,5.4100,7.2500
1784778325.595246,8405,9324,3508,1998,5.4100,7.2500
1784778325.647059,8415,9775,3574,2036,5.4100,7.2500
1784778325.698421,8415,9127,3490,2148,5.4100,7.2500
1784778325.750093,8396,9240,3443,1998,5.4100,7.2500
1784778325.801424,8424,9278,3593,1979,5.4100,7.2500
1784778325.853188,8424,9137,3461,1961,5.4100,7.2500
1784778325.904330,8433,9296,3490,1998,4.0400,1.6300
1784778325.956417,8424,9296,3480,2036,70.3200,5.2500
1784778326.008018,8396,9184,3490,1970,75.7300,0.6300
1784778326.059424,8377,9052,3471,2083,100.0700,1.8800
1784778326.111115,8386,9625,3508,2148,108.1900,2.0600
1784778326.162221,8415,9137,3452,1970,102.7800,0.2500
1784778326.214112,8424,9296,3490,1904,105.4800,-0.0600
1784778326.265396,8490,9399,3527,1904,108.1900,0.3700
1784778326.317405,8368,9306,3555,1876,108.1900,0.2500
1784778326.368377,8358,9109,3461,1923,108.1900,1.0600
1784778326.420143,8349,9212,3480,1923,105.4800,0.6300
1784778326.472053,8424,9146,3574,1876,102.7800,1.0000
1784778326.523154,8358,9118,3537,1886,100.0700,-1.4400
1784778326.575047,8349,9231,3546,1886,91.9600,0.8800
1784778326.626403,8461,9109,3565,1989,97.3700,0.1200
1784778326.678066,8321,9015,3537,1942,89.2500,1.9400
1784778326.729490,8358,9146,3527,1951,89.2500,-0.0600
1784778326.781157,8283,9184,3518,1989,89.2500,1.2500
1784778326.832462,8302,9118,3527,1961,89.2500,-0.8800
1784778326.884161,8377,9127,3593,1961,91.9600,0.4400
1784778326.936011,8339,9118,3668,1932,91.9600,1.7500
1784778326.987568,8246,9109,3630,2073,91.9600,-1.3100
1784778327.039026,8339,9071,3621,1979,89.2500,0.9400
1784778327.090393,8349,9109,3518,1923,91.9600,-0.4400
1784778327.142096,8330,9381,3527,1979,86.5500,-0.9400
1784778327.193363,8218,9465,3537,2045,86.5500,0.6900
1784778327.245437,8264,8884,3490,1961,89.2500,0.3700
1784778327.296423,8246,9137,3518,1970,89.2500,-1.0000
1784778327.348374,8283,9099,3565,1970,91.9600,2.2500
1784778327.399969,8274,9109,3555,1923,91.9600,-2.2500
1784778327.451206,8330,9099,3677,1989,92.8100,1.0600
1784778327.503039,8246,8912,3612,1951,93.8400,-1.9400
1784778327.554187,8283,9034,3499,1970,98.1100,2.0600
1784778327.606387,8293,9052,3546,1970,97.3700,0.6300
1784778327.657407,8255,9034,3527,1979,96.6000,0.5000
1784778327.709069,8218,9043,3546,1951,98.1100,1.1900
1784778327.760946,8236,9090,3499,1932,102.1200,-0.6900
1784778327.812098,8302,9099,3537,1923,100.0700,1.5600
1784778327.864008,8189,8949,3537,1942,102.7800,-1.0000
1784778327.915282,8208,9043,3527,1998,105.4800,-1.1900
1784778327.966991,8264,8968,3574,1961,105.4800,0.4400
1784778328.018371,8330,9015,3574,1979,100.0700,0.3700
1784778328.070032,8264,8968,3583,1979,105.4800,0.5600
1784778328.121477,8339,8940,3574,1989,108.1900,0.0600
1784778328.173162,8283,8940,3574,2083,100.7600,0.8800
1784778328.224939,8246,8940,3555,2186,105.4800,-1.8100
1784778328.276352,8255,8930,3555,2223,102.7800,1.5000
1784778328.327967,8264,8884,3518,2383,104.8800,-1.7500
1784778328.379441,8236,8902,3565,1717,105.4800,1.0600
1784778328.430998,8283,8940,3461,2420,108.1900,-1.4400
1784778328.482190,8208,8921,3527,2195,105.4800,0.5000
1784778328.534019,8311,8893,3527,2073,106.0700,-0.0600
1784778328.585414,8377,8893,3480,2083,110.4000,-0.0600
1784778328.637425,8236,8902,3593,2186,106.0700,-0.2500
1784778328.688916,8255,8884,3574,2251,110.8900,-0.1900
1784778328.740145,8208,8865,3518,2448,115.9200,0.0000
1784778328.791938,8274,8921,3565,2561,116.3000,-0.4400
1784778328.843130,8189,8874,3602,2083,116.3000,-1.1900
1784778328.895072,8189,8987,3537,1979,113.6000,0.3100
1784778328.946350,8114,8771,3546,2420,119.0100,-2.5000
1784778328.998333,8311,8930,3555,2242,116.3000,1.1200
1784778329.049896,8283,8818,3499,2139,111.3700,-1.3100
1784778329.101058,8180,8874,3508,2158,121.4400,-1.1900
1784778329.152966,8236,8865,3527,2204,119.3200,1.0000
1784778329.204077,8152,8968,3602,2214,127.1200,-1.5600
1784778329.256024,8255,9399,3593,2120,129.7100,0.8800
1784778329.307438,8189,9475,3546,2129,124.4200,-0.6300
1784778329.358990,8161,9353,3593,2120,129.8300,0.3700
1784778329.410408,8161,9456,3574,2111,132.5300,-1.1900
1784778329.462164,8096,9315,3565,2176,140.6400,-2.3100
1784778329.513947,8124,9118,3546,2120,143.3500,-0.4400
1784778329.565053,8133,9118,3508,2129,146.0500,-1.0600
1784778329.616930,8142,8977,3555,2167,146.0500,0.1900
1784778329.668308,8133,9005,3518,2148,148.4900,-2.0600
1784778329.719982,8189,9024,3518,2148,149.0300,1.3700
1784778329.771325,8124,8996,3612,2176,145.8400,-0.4400
1784778329.822985,8124,8959,3555,2120,146.0500,0.6900
1784778329.874408,8142,8874,3546,2129,149.0300,0.6900
1784778329.926040,8124,8893,3565,2111,148.7600,0.1900
1784778329.977894,8049,8818,3583,2045,151.4600,-0.3700
1784778330.029315,8077,8846,3574,2186,148.4900,0.6300
1784778330.080933,8086,8799,3546,2204,156.8700,-1.3100
1784778330.132140,8086,8827,3565,2326,162.8300,1.6900
1784778330.183998,8049,8790,3649,2176,148.4900,0.3700
1784778330.235191,8011,8799,3640,2167,154.1700,-0.1200
1784778330.287606,8002,8621,3705,2195,154.1700,0.1200
1784778330.338836,7983,8593,3621,2176,156.8700,0.1900
1784778330.390286,7992,8546,3424,2186,151.4600,0.0600
1784778330.441926,7917,8621,3743,2158,154.1700,0.0600
1784778330.493046,7983,8593,3630,2186,156.8700,-0.0600
1784778330.544914,7936,8611,3668,2233,157.3100,0.1900
1784778330.596266,7945,8536,3780,2186,159.1000,0.1900
1784778330.647976,7983,8583,3893,2176,159.5800,0.4400
1784778330.699305,7983,8593,3574,2261,165.5900,-0.8100
1784778330.750959,7927,8583,3640,2204,159.1000,0.5600
1784778330.802797,7908,8602,3630,2214,162.2800,-1.1900
1784778330.854040,7964,8611,3668,2233,162.8300,-0.3100
1784778330.905881,7974,8611,3574,2195,159.1000,-0.9400
1784778330.957247,7870,8611,3612,2186,171.1100,0.7500
1784778331.008891,7917,8649,3630,2176,167.0500,-3.1900
1784778331.060281,7964,8621,3668,2233,170.4000,0.0600
1784778331.111978,7870,8593,3649,2280,173.1000,-0.3100
1784778331.163578,7899,8621,3696,2280,179.3900,1.2500
1784778331.215031,7899,8649,3715,2355,175.0100,0.4400
1784778331.266822,7833,8433,3762,2392,175.8000,0.2500
1784778331.318229,7833,8696,3705,2355,178.5100,-0.2500
1784778331.369855,7805,8733,3677,2308,178.5100,1.2500
1784778331.421232,7795,8715,3649,2355,183.9200,1.0000
1784778331.472916,7805,8724,3630,2589,175.8000,0.2500
1784778331.524130,7824,8743,3640,2326,175.8000,0.5600
1784778331.576064,7795,8611,3658,2730,182.1500,-0.3100
1784778331.627239,7748,8611,3649,2308,175.0100,0.6300
1784778331.679218,7777,8611,3677,2204,175.8000,1.1900
1784778331.730768,7777,8687,3658,2214,173.1000,0.1900
1784778331.782022,7711,8658,3668,2242,170.4000,-0.7500
1784778331.833860,7673,8658,3696,2308,173.1000,-0.5000
1784778331.884998,7730,8555,3696,2186,170.4000,-1.8100
1784778331.937892,7720,8499,3658,2214,167.6900,1.4400
1784778331.988208,7692,8536,3677,2298,170.4000,-2.3100
1784778332.039947,7683,8574,3649,2223,175.8000,1.5600
1784778332.091245,7655,8518,3705,2317,170.4000,-0.2500
1784778332.142928,7655,8508,3677,2317,179.3900,-1.8100
1784778332.194833,7673,8443,3677,2251,169.7100,-2.1900
1784778332.245973,7617,8461,3705,2580,173.1000,3.8800
1784778332.297892,7570,8433,3734,2317,173.1000,-1.6900
1784778332.349879,7627,8424,3687,2270,170.4000,2.6900
1784778332.401160,7645,8471,3724,2261,173.1000,0.6300
1784778332.452176,7702,8433,3715,2270,175.8000,1.6300
1784778332.503921,7702,8527,3687,2242,178.5100,-1.4400
1784778332.555784,7664,8471,3696,2251,175.8000,1.4400
1784778332.607199,7655,8480,3687,2298,175.8000,0.5000
1784778332.658794,7580,8480,3734,2298,173.1000,1.0600
1784778332.710181,7627,8396,3752,2355,175.8000,0.3100
1784778332.761850,7580,8377,3752,2355,178.5100,-0.1200
1784778332.813124,7580,8377,3715,2355,178.5100,-0.4400
1784778332.864880,7570,8302,3752,2280,173.1000,-0.5000
1784778332.916182,7589,8302,3790,2233,178.5100,-1.1900
1784778332.968156,7627,8302,3734,2326,175.8000,-1.0000
1784778333.019785,7598,8208,3715,2664,173.1000,-0.1900
1784778333.071108,7608,8274,3762,2336,175.8000,0.9400
1784778333.122793,7533,8386,3818,2326,173.1000,-0.7500
1784778333.173990,7533,8611,3724,2655,175.8000,0.2500
1784778333.225830,7523,8443,3752,2345,170.4000,-2.1300
1784778333.277130,7523,8499,3734,2692,170.4000,-0.3700
1784778333.329090,7580,8302,3724,2617,173.1000,-1.3100
1784778333.380162,7580,8283,3771,2439,175.8000,0.6300
1784778333.431889,7580,8283,3771,2861,175.8000,-2.0000
1784778333.483747,7533,8264,3799,2730,173.1000,-0.3700
1784778333.534942,7533,8227,3752,2936,167.0500,0.0000
1784778333.586793,7495,8218,3743,2992,167.0500,0.0000
1784778333.638162,7476,8255,3780,2749,170.4000,0.8100
1784778333.689841,7467,8424,3752,2467,167.0500,-1.3100
1784778333.741094,7580,8377,3771,2739,168.3500,0.1900
1784778333.792834,7505,8358,3752,2936,173.1000,-0.3100
1784778333.844025,7467,8246,3752,2880,173.1000,0.7500
1784778333.896119,7514,8696,3771,2617,170.4000,0.8100
1784778333.947955,7420,8396,3818,2645,170.4000,-0.1900
1784778333.999125,7430,8330,3809,3021,169.7100,0.7500
1784778334.050786,7354,8246,3780,2983,171.1100,0.9400
1784778334.102070,7373,8227,3790,2964,173.1000,0.8800
1784778334.153797,7345,8321,3762,2964,164.9900,-0.1900
1784778334.205514,7345,8133,3827,2899,167.0500,1.4400
1784778334.257151,7373,8189,3846,2824,176.6300,1.3700
1784778334.308172,7401,8274,3837,2767,170.4000,7.1900
1784778334.359859,7298,8236,3799,2749,178.5100,-1.8800
1784778334.411769,7298,8199,3827,2805,172.3600,1.3100
1784778334.462932,7289,8180,3818,2749,179.3900,-2.3100
1784778334.514741,7401,8133,3809,2824,173.1000,0.8800
1784778334.566063,7279,8171,3809,2758,175.8000,-1.8100
1784778334.617770,7279,8255,3771,2861,178.5100,-0.1900
1784778334.669141,7364,8105,3809,2899,175.0100,-1.3700
1784778334.720800,7298,8086,3884,3058,178.5100,1.6900
1784778334.772178,7270,8133,3884,2880,182.1500,-0.5600
1784778334.823883,7289,8058,3818,2739,178.5100,3.6900
1784778334.875700,7261,8067,3827,2739,181.2100,-0.7500
1784778334.927131,7214,8133,3855,2749,169.7100,0.0000
1784778334.978725,7308,8067,3809,2749,175.8000,-0.6300
1784778335.030109,7242,8058,3874,2777,173.1000,3.1900
1784778335.081820,7223,8011,3818,2852,176.6300,-0.5000
1784778335.133072,7289,8011,3855,2805,175.0100,2.3800
1784778335.184786,7270,8030,3949,2852,175.0100,-0.5600
1784778335.236046,7233,8077,3940,2899,173.8700,0.7500
1784778335.288080,7176,8058,3940,2908,173.1000,-0.5000
1784778335.339754,7204,7992,3902,2795,170.4000,0.3700
1784778335.391076,7157,8058,3977,2852,172.3600,-0.2500
1784778335.442720,7139,8011,3912,2927,179.3900,1.3100
1784778335.493919,7148,8002,3921,2927,175.8000,-1.3100
1784778335.545825,7120,8002,3959,2870,169.7100,0.1900
1784778335.597149,7082,7908,4015,2880,179.3900,-1.0600
1784778335.648765,7101,7983,4006,2870,175.8000,-0.0600
1784778335.700155,7129,7983,3968,2908,169.7100,-0.3700
1784778335.751811,7082,7917,4062,2917,181.2100,-0.6900
1784778335.803699,7092,7861,4043,2889,178.5100,-1.0000
1784778335.854834,7120,7936,4006,2842,178.5100,0.0600
1784778335.906691,7082,7908,3893,2955,173.1000,1.8100
1784778335.958109,7111,7824,3921,2908,173.8700,0.3700
1784778336.009739,7082,7880,3977,2955,170.4000,0.4400
1784778336.061239,7082,7917,3996,2908,167.0500,2.2500
1784778336.112772,7064,7964,3996,2964,167.6900,0.1900
1784778336.164609,7073,7927,3977,2992,167.6900,-0.4400
1784778336.215982,7036,7824,3996,2936,164.9900,0.3700
1784778336.267652,7036,7870,3921,2964,171.1100,0.5000
1784778336.319045,7007,7889,3987,2946,164.4000,-0.7500
1784778336.370698,6998,7814,4024,3030,173.1000,1.1200
1784778336.422063,6998,7824,4024,3002,171.1100,-0.3700
1784778336.473800,6998,7880,4043,2974,169.7100,-0.2500
1784778336.525120,6989,7786,4006,2955,167.6900,-1.4400
1784778336.577076,6989,7767,4034,2964,167.6900,-0.2500
1784778336.628605,6923,7842,4015,3030,167.6900,-0.6300
1784778336.680035,6942,7767,4006,3021,167.6900,0.1200
1784778336.731745,6970,7758,3977,3039,167.0500,-1.1900
1784778336.782812,6970,7917,4024,3039,167.0500,-1.1900
1784778336.834666,6970,7945,4043,3096,170.4000,-0.4400
1784778336.886124,6960,8152,4062,3039,173.8700,0.0000
1784778336.938013,6970,7992,4015,3002,167.0500,0.8100
1784778336.989206,6979,7861,3996,3058,173.1000,-0.1900
1784778337.040733,6979,7814,4024,3039,173.1000,-0.8800
1784778337.092122,6932,7814,4071,3067,175.8000,0.1900
1784778337.143840,6923,7786,4099,3058,173.1000,1.3700
1784778337.195687,6904,7758,4071,2992,179.3900,2.0600
1784778337.247061,6951,7730,4062,3067,169.7100,1.8800
1784778337.298689,6904,7720,4081,3067,175.8000,1.8800
1784778337.350106,6885,7692,4024,3058,170.4000,-0.2500
1784778337.401723,6885,7673,4062,3039,170.4000,0.8100
1784778337.453068,6885,7636,4062,3114,170.4000,1.0600
1784778337.504762,6885,7608,4081,3096,175.8000,0.7500
1784778337.556565,6867,7551,4052,3077,167.6900,0.2500
1784778337.608046,6867,7589,4109,3105,171.1100,1.0000
1784778337.659603,6820,7570,4128,3058,169.7100,0.0600
1784778337.710999,6839,7533,4071,3124,173.1000,0.3100
1784778337.762670,6820,7533,4099,3124,173.1000,0.0000
1784778337.813827,6792,7542,4109,3171,173.1000,0.5000
1784778337.865896,6782,7505,4090,3152,173.1000,-0.6300
1784778337.917021,6820,7570,4146,3161,178.5100,-0.4400
1784778337.969031,6801,7561,4128,3133,173.1000,1.6300
1784778338.020595,6782,7505,4146,3255,178.5100,-0.9400
1784778338.071792,6763,7505,4128,3171,172.3600,1.1200
1784778338.123823,6867,7514,4137,3518,176.6300,-1.6900
1784778338.174772,6782,7430,4165,3311,175.8000,0.0600
1784778338.227036,6763,7430,4249,3330,178.5100,-0.7500
1784778338.278013,6773,7420,4193,3612,181.2100,0.3700
1784778338.329672,6679,7467,4165,3583,175.0100,-0.9400
1784778338.382044,6698,7411,4156,3396,176.6300,-0.6300
1784778338.432736,6698,7448,4231,3574,178.5100,-0.0600
1784778338.484538,6717,7486,4231,3480,170.4000,0.2500
1784778338.535944,6651,7439,4240,3330,170.4000,0.2500
1784778338.587831,6604,7420,4203,3283,170.4000,-0.7500
1784778338.639130,6576,7401,4249,3302,173.1000,0.5600
1784778338.690627,6576,7411,4184,3293,173.1000,-1.2500
1784778338.742053,6604,7430,4231,3602,169.7100,-0.5000
1784778338.793685,6585,7383,4287,3696,173.1000,1.6300
1784778338.844872,6613,7401,4259,3480,173.8700,-0.9400
1784778338.896954,6613,7364,4221,3565,173.1000,0.4400
1784778338.948628,6604,7420,4259,3452,173.1000,-1.2500
1784778339.000041,6576,7326,4315,3452,167.6900,-0.8100
1784778339.051580,6538,7354,4325,3424,173.1000,-0.9400
1784778339.102762,6576,7364,4249,3452,170.4000,-4.8100
1784778339.154617,6529,7336,4240,3537,175.0100,5.7500
1784778339.205946,6548,7345,4278,3471,173.8700,-2.9400
1784778339.257694,6576,7336,4240,3433,173.1000,2.6900
1784778339.308938,6529,7345,4296,3499,170.4000,-2.1900
1784778339.360677,6520,7289,4268,3480,172.3600,0.5000
1784778339.412549,6548,7383,4325,3480,176.6300,-1.0000
1784778339.463728,6529,7373,4287,3480,170.4000,0.8800
1784778339.515978,6501,7345,4315,3490,175.8000,-0.8800
1784778339.566909,6463,7233,4296,3555,177.6600,0.1200
1784778339.618608,6473,7326,4306,3555,187.6700,-1.1900
1784778339.670079,6473,7242,4343,3780,181.2100,0.5600
1784778339.721666,6435,7242,4334,3658,175.8000,0.9400
1784778339.773561,6473,7251,4325,3574,169.7100,-0.2500
1784778339.824699,6426,7233,4334,3649,182.1500,-1.0600
1784778339.876526,6388,7261,4390,3490,169.7100,-1.0000
1784778339.927898,6426,7214,4315,3537,173.8700,0.5600
1784778339.979579,6398,7214,4400,3518,175.0100,-0.5000
1784778340.030914,6379,7176,4400,3537,173.1000,2.0600
1784778340.082608,6388,7176,4334,3565,173.8700,-1.2500
1784778340.133906,6360,7223,4381,3583,169.7100,-0.6300
1784778340.185895,6351,7223,4390,3696,173.1000,0.3100
1784778340.237468,6332,7176,4381,3555,167.6900,-0.5600
1784778340.288913,6398,7167,4343,3621,176.6300,-0.4400
1784778340.340528,6360,7242,4353,3593,173.1000,0.1900
1784778340.391708,6332,7186,4381,3602,169.7100,-1.2500
1784778340.443553,6313,7120,4390,3565,170.4000,1.2500
1784778340.494740,6294,7204,4418,3687,176.6300,-1.4400
1784778340.546894,6323,7139,4400,3612,172.3600,0.1200
1784778340.597898,6276,7148,4390,3593,175.8000,-0.5600
1784778340.649635,6313,7101,4437,3583,182.1500,0.0600
1784778340.701451,6276,7092,4437,3687,175.0100,-2.1300
1784778340.752722,6332,7129,4428,3658,175.8000,0.1200
1784778340.804586,6266,7167,4493,3705,176.6300,-0.2500
1784778340.855905,6219,7111,4418,3658,169.7100,0.6900
1784778340.907593,6210,7129,4446,3630,179.3900,2.1900
1784778340.958887,6219,7064,4446,3752,167.0500,-0.7500
1784778341.010588,6229,7101,4409,3752,170.4000,-0.6900
1784778341.061987,6201,7082,4343,3640,173.8700,2.4400
1784778341.113667,6219,7036,4362,3734,164.4000,-0.8100
1784778341.165571,6210,7036,4390,3715,173.1000,2.3800
1784778341.216860,6201,7054,4334,3687,173.1000,-0.2500
1784778341.268512,6201,7045,4353,3668,173.8700,3.2500
1784778341.319867,6201,7045,4653,3640,172.3600,-1.5000
1784778341.371579,6163,7036,4568,3677,176.6300,-0.3700
1784778341.422788,6173,7045,4568,3649,169.7100,-0.6900
1784778341.474577,6154,7036,4568,3668,167.6900,1.2500
1784778341.526107,6182,7054,4568,3696,176.6300,-1.8100
1784778341.577958,6126,6979,4606,3677,172.3600,-0.9400
1784778341.629526,6135,6951,4587,3649,176.6300,1.1900
1784778341.681106,6079,6970,4606,3715,178.5100,0.7500
1784778341.732559,6079,6979,4625,3762,178.5100,0.7500
1784778341.783828,6126,6960,4597,3809,176.6300,-0.2500
1784778341.835586,6069,7007,4756,3752,175.0100,-1.2500
1784778341.887186,6126,6951,4840,3696,175.8000,-0.3100
1784778341.938880,6051,6867,4784,3687,178.5100,-0.7500
1784778341.990412,6041,6895,4794,3752,175.8000,0.3100
1784778342.041771,6022,6895,4756,3780,176.6300,1.8100
1784778342.093473,6116,6867,4756,3855,169.7100,0.1900
1784778342.144609,5994,6876,4709,3771,178.5100,1.5600
1784778342.196488,5994,6951,4531,3780,178.5100,-1.7500
1784778342.247815,5994,6914,4615,3874,178.5100,1.4400
1784778342.299520,6004,6904,4662,3846,178.5100,0.0000
1784778342.350806,5994,6839,4606,3855,182.1500,0.5000
1784778342.402561,6004,6942,4578,3818,172.3600,0.8800
1784778342.454457,5976,6801,4643,3874,182.1500,0.3700
1784778342.505569,6004,6867,4625,3874,175.0100,0.2500
1784778342.557507,5957,6839,4718,3931,178.5100,-0.1200
1784778342.608797,5957,6810,4728,3893,178.5100,0.4400
1784778342.660469,5957,6754,4718,3893,178.5100,-0.3700
1784778342.711810,5938,6839,4765,3893,176.6300,0.8100
1784778342.763510,5957,6942,4794,3874,175.0100,0.8100
1784778342.814708,5947,6839,4869,3921,181.2100,0.5600
1784778342.866666,5938,6820,4840,3949,178.5100,1.1900
1784778342.917884,5929,6829,4812,3884,181.2100,-1.2500
1784778342.969832,5929,6801,4794,3940,182.1500,0.7500
1784778343.021436,5929,6754,4822,3959,180.3100,0.5600
1784778343.072602,5947,6745,5009,3912,183.9200,-1.0000
1784778343.124452,5919,6726,4972,3987,181.2100,0.0000
1784778343.175637,5882,6735,4934,3968,182.1500,0.8100
1784778343.227789,5919,6820,4840,3977,181.2100,-0.5600
1784778343.278777,5807,6754,4878,4034,180.3100,1.7500
1784778343.330517,5863,6688,4934,3959,183.9200,0.8100
1784778343.381945,5835,6726,4953,4034,183.9200,0.5000
1784778343.433606,5816,6754,4850,4043,182.1500,0.5000
1784778343.485430,5807,6782,4850,4034,172.3600,-0.4400
1784778343.536927,5807,6792,5028,3987,178.5100,0.9400
1784778343.588443,5788,6763,5150,4071,175.8000,0.1200
1784778343.639765,5779,6763,4681,4024,173.1000,-0.1900
1784778343.691554,5807,6735,4634,4052,175.8000,-2.7500
1784778343.742768,5760,6829,4690,4081,170.4000,0.3100
1784778343.794520,5760,6717,4653,4090,167.6900,-0.5600
1784778343.846360,5722,6782,4681,4099,170.4000,-0.1900
1784778343.897791,5779,6754,4775,4015,173.1000,-0.1900
1784778343.949444,5694,6792,4803,4090,175.8000,0.4400
1784778344.000762,5675,6848,4718,4081,178.5100,-0.3100
1784778344.052436,5741,6792,4794,4090,178.5100,1.3700
1784778344.103590,5657,6754,4775,4128,179.3900,-0.8800
1784778344.155510,5741,6773,4775,4099,172.3600,1.5600
1784778344.206745,5647,6735,4803,4062,175.8000,-1.1200
1784778344.258750,5703,6735,4869,4071,181.2100,0.0600
1784778344.310323,5703,6707,4869,4137,175.8000,-1.6300
1784778344.361531,5694,6698,4878,4071,178.5100,0.9400
1784778344.413405,5647,6660,4869,4090,173.1000,-1.6300
1784778344.464569,5647,6726,4812,4118,175.8000,1.6900
1784778344.516465,5657,6660,4812,4156,175.8000,-0.1900
1784778344.567857,5628,6651,4840,4174,173.1000,2.0600
1784778344.619445,5647,6651,4803,4315,164.9900,-1.1200
1784778344.670716,5572,6632,4869,4156,170.4000,-0.0600
1784778344.722497,5582,6566,4803,4165,167.6900,0.4400
1784778344.774326,5647,6576,4812,4231,164.9900,-0.6300
1784778344.825519,5582,6595,4775,4137,170.4000,1.5600
1784778344.877360,5572,6595,4803,4156,164.9900,0.3700
1784778344.928691,5572,6491,4803,4231,173.1000,0.4400
1784778344.980419,5553,6548,4803,4306,167.6900,-1.5000
1784778345.031778,5525,6482,4822,4259,171.1100,-0.3100
1784778345.083428,5525,6482,4869,4184,167.6900,0.0600
1784778345.134614,5582,6445,4869,4184,167.6900,0.1900
1784778345.186882,5535,6473,4859,4240,175.8000,0.6300
1784778345.238426,5525,6398,4934,4268,173.1000,0.1200
1784778345.289739,5535,6416,4934,4362,175.8000,0.8800
1784778345.341383,5469,6426,4906,4296,173.1000,-0.2500
1784778345.392511,5488,6407,4934,4353,178.5100,0.8100
1784778345.444402,5469,6454,4906,4306,178.5100,-1.6900
1784778345.495549,5478,6388,4953,4325,181.2100,-2.4400
1784778345.547736,5469,6388,4897,4306,175.8000,1.5000
1784778345.598735,5441,6379,4897,4315,175.8000,-1.9400
1784778345.650461,5450,6351,4887,4334,175.8000,0.4400
1784778345.702298,5450,6388,4925,4400,173.1000,-1.2500
1784778345.753468,5431,6388,4953,4418,170.4000,1.1200
1784778345.805353,5450,6351,4991,4418,170.4000,-0.7500
1784778345.856709,5394,6379,4981,4343,171.1100,0.8800
1784778345.908383,5431,6388,4981,4371,167.0500,0.0600
1784778345.959793,5431,6341,4991,4400,175.8000,0.9400
1784778346.011399,5450,6351,4991,4296,173.8700,-0.5000
1784778346.062689,5422,6313,5019,4296,172.3600,2.4400
1784778346.114498,5300,6360,5047,4475,170.4000,-0.6300
1784778346.166312,5413,6285,5066,4456,175.8000,-0.5000
1784778346.217723,5356,6323,5037,4559,173.1000,-0.4400
1784778346.269332,5375,6313,5066,4484,175.8000,-0.1200
1784778346.320782,5385,6313,5019,4550,175.8000,0.0600
1784778346.372371,5356,6266,5019,4475,178.5100,1.0000
1784778346.423542,5394,6248,5094,4484,178.5100,0.1900
1784778346.475545,5375,6341,5028,4456,181.2100,-0.0600
1784778346.526675,5319,6285,5075,4512,181.2100,-0.1200
1784778346.578696,5338,6210,5056,4559,178.5100,0.3100
1784778346.630317,5319,6276,5056,4587,181.2100,-0.3700
1784778346.681460,5375,6276,5066,4606,183.9200,-1.0000
1784778346.733334,5319,6210,5112,4578,183.9200,0.2500
1784778346.784485,5309,6182,5066,4578,175.0100,-0.6300
1784778346.836729,5263,6201,5084,4540,179.3900,0.3700
1784778346.887636,5300,6163,5112,4578,175.0100,-0.5000
1784778346.939427,5291,6163,5103,4559,173.8700,0.8800
1784778346.990662,5253,6182,5122,4531,173.1000,-0.5600
1784778347.042413,5253,6144,5103,4568,167.6900,0.8800
1784778347.094295,5253,6182,5103,4672,170.4000,-0.5600
1784778347.145440,5244,6248,5131,4643,173.1000,0.1900
1784778347.197364,5253,6191,5150,4681,170.4000,0.1900
1784778347.248820,5188,6219,5112,4747,175.8000,0.4400
1784778347.300328,5197,6173,5141,4690,170.4000,-0.7500
1784778347.351646,5169,6163,5141,4728,173.1000,0.2500
1784778347.403371,5169,6173,5159,4737,173.1000,-0.2500
1784778347.454556,5159,6266,5169,4737,173.1000,0.1200
1784778347.506498,5225,6191,5234,4690,170.4000,-0.6900
1784778347.558887,5150,6154,5263,4775,173.1000,1.1200
1784778347.609648,5112,6210,5253,4850,175.8000,0.8800
1784778347.661292,5141,6266,5300,4775,167.6900,0.3100
1784778347.712479,5131,6163,5309,4794,173.1000,1.1900
1784778347.764338,5150,6060,5291,4737,173.1000,-1.3700
1784778347.815532,5103,6135,5403,4728,173.1000,1.2500
1784778347.867640,5159,6079,5385,4718,175.8000,-1.3700
1784778347.918621,5084,6107,5403,4700,170.4000,-0.4400
1784778347.970403,5094,6154,5385,4747,175.8000,-0.8100
1784778348.022298,5094,6257,5150,4756,173.1000,0.8100
1784778348.073413,5075,6163,5084,4775,173.1000,0.7500
1784778348.125288,5084,6135,5122,4747,178.5100,1.5600
1784778348.176438,5037,6126,5178,4822,175.8000,-0.1900
1784778348.228337,5066,6126,5263,4747,175.8000,1.7500
1784778348.279717,5028,6069,5131,4765,173.1000,-0.3700
1784778348.331334,5112,6069,5225,4840,178.5100,1.6900
1784778348.383007,5028,6079,5206,4850,173.1000,0.7500
1784778348.434379,5009,5985,5216,4850,178.5100,1.7500
1784778348.486236,4953,6051,5225,4906,173.1000,0.0600
1784778348.537397,4991,5929,5281,4906,178.5100,0.3700
1784778348.589283,4981,5919,5319,4906,173.1000,-1.2500
1784778348.640597,5009,5994,5309,5000,170.4000,1.8800
1784778348.692379,5009,5957,5347,4981,173.1000,-1.1200
1784778348.743613,4925,5938,5347,5000,173.1000,1.4400
1784778348.795320,4915,5966,5366,5000,177.6600,-0.4400
1784778348.846513,4925,5938,5319,5000,179.3900,0.0600
1784778348.898603,4981,5891,5394,4925,175.8000,1.2500
1784778348.950218,4906,5863,5328,5094,170.4000,-1.0600
1784778349.001593,4953,5882,5356,5225,181.2100,1.8800
1784778349.053260,4878,5966,5375,5338,175.8000,-1.0600
1784778349.104468,4878,5872,5309,4728,183.9200,-0.8100
1784778349.156425,4878,5854,5385,4747,178.5100,-0.7500
1784778349.207569,4869,5872,5347,4850,183.9200,1.3700
1784778349.259598,4831,5882,5319,4906,175.0100,-0.3100
1784778349.311162,4915,5854,5272,4906,179.3900,1.5600
1784778349.362392,4869,5900,5328,4869,175.8000,1.0600
1784778349.414238,4850,5816,5309,4775,178.5100,0.6300
1784778349.465389,4878,5863,5328,4756,169.7100,-0.5600
1784778349.517242,4859,5788,5328,4840,173.8700,0.9400
1784778349.568538,4850,5760,5356,4869,173.1000,0.1200
1784778349.620293,4794,5816,5535,4869,170.4000,1.1900
1784778349.671568,4784,5807,5441,5159,175.8000,1.4400
1784778349.723308,4869,5788,5994,5159,169.7100,0.1900
1784778349.775180,4840,5788,5938,5075,179.3900,-0.1200
1784778349.826350,4840,5769,5666,5375,173.1000,-0.4400
1784778349.878230,4840,5807,5535,5356,175.0100,0.3100
1784778349.929550,4775,5797,5666,5188,179.3900,-0.1200
1784778349.981234,4831,5788,5657,5150,180.3100,2.0600
1784778350.032557,4775,5788,5563,5150,182.1500,-0.5600
1784778350.084286,4728,5713,5525,5150,182.1500,-0.6300
1784778350.135881,4747,5713,5628,5150,177.6600,-0.3100
1784778350.187323,4775,5732,5638,5150,181.2100,0.0600
1784778350.239177,4747,5741,5610,5141,187.6700,-0.3100
1784778350.290557,4728,5741,5685,5131,183.9200,-1.1900
1784778350.342200,4775,5694,5600,5094,186.6200,-1.0600
1784778350.393571,4756,5657,5516,5094,178.5100,0.5600
1784778350.445221,4728,5713,5506,5094,175.8000,0.4400
1784778350.496399,4625,5675,5722,4934,181.2100,1.6300
1784778350.548443,4672,5694,5722,5291,178.5100,1.0000
1784778350.599560,4690,5713,5835,5319,172.3600,1.7500
1784778350.651566,4709,5713,6013,5188,173.1000,0.1200
1784778350.703152,4784,5628,6060,5206,176.6300,1.0000
1784778350.754338,4794,5694,6079,5159,170.4000,4.2500
1784778350.806211,4794,5694,6079,5197,177.6600,0.8800
1784778350.857357,4643,5675,6135,5244,178.5100,0.8100
1784778350.909557,4606,5628,6097,5206,183.9200,-0.4400
1784778350.960522,4597,5600,6097,5253,181.2100,0.1900
1784778351.012247,4850,5722,6144,5281,181.2100,-0.3700
1784778351.063501,4700,5657,6144,5338,184.9100,-0.0600
1784778351.115272,4615,5703,6135,5347,178.5100,0.6900
1784778351.167145,4625,5703,5919,5309,181.2100,1.0000
1784778351.218308,4625,5647,5863,5309,180.3100,-0.7500
1784778351.270190,4625,5610,5919,5281,183.9200,0.6900
1784778351.321574,4587,5563,5760,5281,183.9200,-2.2500
1784778351.373207,4643,5563,6126,5347,183.9200,-0.3100
1784778351.424525,4587,5497,6107,5347,187.6700,-1.1200
1784778351.476239,4606,5516,6238,5535,181.2100,-1.1900
1784778351.527437,4606,5525,6238,5488,180.3100,-1.5000
1784778351.579504,4606,5544,6238,5347,179.3900,-0.1900
1784778351.631129,4606,5553,5919,5835,177.6600,-1.7500
1784778351.682589,4615,5591,5966,5478,178.5100,0.1200
1784778351.734414,4625,5563,6210,5713,182.1500,0.2500
1784778351.785968,4578,5535,5844,5732,175.0100,-0.3100
1784778351.837195,4559,5469,5741,5403,176.6300,1.6300
1784778351.888391,4484,5535,5797,5000,175.8000,-0.1900
1784778351.940514,4446,5460,5788,5966,175.8000,0.7500
1784778351.991541,4381,5478,5769,5732,172.3600,0.3100
1784778352.043255,4446,5469,5769,5497,179.3900,-0.0600
1784778352.095219,4390,5497,5769,5675,175.0100,0.0000
1784778352.146282,4400,5553,5769,6032,173.8700,-1.1900
1784778352.198164,4409,5497,5760,5722,172.3600,0.5000
1784778352.249482,4456,5506,5835,5976,179.3900,-1.3100
1784778352.301522,4428,5450,5882,6032,178.5100,1.6300
1784778352.352484,4231,5422,5872,6097,181.2100,-0.5000
1784778352.404240,4475,5450,5769,6004,181.2100,0.7500
1784778352.456209,4418,5450,5788,5938,181.2100,0.3700
1784778352.507380,4456,5422,5882,5863,180.3100,-0.5000
1784778352.559133,4390,5422,5985,5863,182.1500,0.8100
1784778352.610642,4381,5469,6013,5872,175.0100,0.1900
1784778352.662197,4371,5403,5938,5797,183.9200,-1.6900
1784778352.713498,4409,5413,5900,6201,181.2100,-0.9400
1784778352.765166,4024,5385,5891,5947,183.9200,0.3700
1784778352.816564,4456,5413,5919,6173,184.9100,0.7500
1784778352.868215,4381,5366,5919,6173,175.0100,0.0600
1784778352.920099,4437,5403,5947,5872,175.8000,-0.1200
1784778352.971466,4371,5385,5976,5844,178.5100,1.0000
1784778353.023113,4371,5385,5938,5769,173.1000,1.1200
1784778353.074532,4390,5394,5938,5769,175.8000,3.6300
1784778353.126144,4249,5319,5966,5732,181.2100,-6.5600
1784778353.177351,4278,5394,5919,5854,184.9100,3.8800
1784778353.229208,4306,5356,5985,5891,177.6600,-1.5600
1784778353.280551,4343,5328,5985,5929,170.4000,1.6900
1784778353.332493,4259,5394,6051,5900,175.8000,-1.4400
1784778353.385240,4221,5431,6051,5900,167.6900,-0.5000
1784778353.435436,4249,5441,6088,5788,170.4000,-0.9400
1784778353.487108,4109,5478,5966,5769,173.1000,0.8100
1784778353.538340,4212,5347,6032,5816,178.5100,-1.0600
1784778353.590537,4165,5366,5966,5779,181.2100,0.9400
1784778353.641460,4156,5366,6032,5769,170.4000,-1.9400
1784778353.693212,4174,5506,6004,5788,175.8000,0.3700
1784778353.744543,4109,5375,5985,5882,173.1000,0.6900
1784778353.796232,4146,5356,6013,5825,175.8000,0.5000
1784778353.848103,4118,5366,6051,5882,178.5100,-2.3100
1784778353.899259,4099,5328,6022,5882,178.5100,1.0000
1784778353.951097,4128,5300,6126,5835,182.1500,-1.0600
1784778354.002448,4146,5366,6004,5835,181.2100,1.4400
1784778354.054177,4137,5385,6013,5929,177.6600,0.1200
1784778354.105480,4099,5309,6051,5863,178.5100,1.8100
1784778354.157248,4043,5272,6116,5854,175.8000,-0.5000
1784778354.209009,4015,5225,6097,5891,175.8000,0.0600
1784778354.260416,4071,5197,6126,5891,173.1000,-0.5600
1784778354.312076,4015,5141,6107,5938,176.6300,-0.1200
1784778354.363374,4024,5188,6163,5947,172.3600,-0.3100
1784778354.415081,3921,5197,6173,5882,178.5100,2.7500
1784778354.466259,4137,5150,6107,5863,178.5100,-0.8800
1784778354.518103,4090,5263,6135,5919,173.1000,-0.8100
1784778354.569311,3968,5150,6163,5957,178.5100,-2.0000
1784778354.621414,4146,5216,6182,5947,178.5100,0.1200
1784778354.673009,4052,5131,6144,6004,175.8000,0.2500
1784778354.724174,3977,5141,6154,6041,178.5100,0.8800
1784778354.776065,3959,5178,6210,5976,175.8000,-0.2500
1784778354.827269,4006,5159,6182,6004,175.8000,1.0600
1784778354.879078,3996,5131,6210,6004,178.5100,-0.5000
1784778354.930408,4024,5103,6201,6088,178.5100,0.8800
1784778354.982111,3931,5103,6201,6032,175.0100,-0.8800
1784778355.033403,3940,5075,6201,6079,178.5100,-4.2500
1784778355.085301,3931,5131,6219,6144,181.2100,2.1300
1784778355.136983,3874,5150,6229,6144,181.2100,-0.6900
1784778355.188214,3846,5112,6351,6041,178.5100,1.1200
1784778355.240049,3809,5103,6173,6097,183.9200,-0.0600
1784778355.291425,3818,5084,6266,6004,175.8000,0.5000
1784778355.343072,3827,5103,6276,5985,178.5100,-0.5600
1784778355.394372,3799,5103,6248,6097,175.0100,3.0000
1784778355.446106,3846,5159,6257,6088,176.6300,1.0000
1784778355.497268,3855,5094,6313,6154,178.5100,0.0000
1784778355.549142,3818,5075,6266,6041,170.4000,3.1900
1784778355.601174,3818,5056,6407,6041,170.4000,0.7500
1784778355.652368,3818,5019,6313,6116,173.1000,-2.0000
1784778355.704032,3790,5066,6360,6097,167.6900,-1.3700
1784778355.755182,3790,5066,6360,6135,173.1000,0.3100
1784778355.807082,3790,5066,6388,6135,167.0500,-0.1900
1784778355.858231,3780,5047,6416,6144,176.6300,-0.1900
1784778355.910363,3743,5084,6416,6097,175.8000,0.5600
1784778355.961442,3752,5112,6416,6041,175.8000,-0.3100
1784778356.013098,3771,5112,6435,6041,175.8000,0.1200
1784778356.064978,3724,5122,6435,6135,173.1000,-2.1300
1784778356.116145,3752,5056,6398,6051,173.1000,1.6300
1784778356.168010,3752,5084,6388,6051,173.1000,-2.1900
1784778356.219183,3752,5037,6388,6219,173.1000,-0.0600
1784778356.271027,3705,5009,6388,6191,178.5100,-3.6900
1784778356.322381,3705,4972,6360,6379,175.0100,0.2500
1784778356.374038,3640,4981,6482,6257,175.8000,-0.2500
1784778356.425301,3649,4981,6426,6257,178.5100,-0.1900
1784778356.477120,3677,4953,6463,6135,175.8000,-0.7500
1784778356.528964,3696,4915,6435,6182,173.1000,0.5000
1784778356.580486,3705,4934,6463,6229,176.6300,-0.5600
1784778356.631988,3649,4934,6566,6201,169.7100,1.5600
1784778356.683327,3705,4887,6585,6229,167.0500,0.3700
1784778356.735311,3668,4906,6482,6219,173.1000,-0.1200
1784778356.786265,3612,4878,6473,6154,173.8700,0.5000
1784778356.838070,3658,4944,6482,6154,167.0500,-1.3700
1784778356.889321,3593,4897,6482,6154,173.1000,-1.3700
1784778356.941380,3574,4906,6548,6219,167.6900,0.1900
1784778356.992971,3593,4878,6520,6201,173.1000,0.1900
1784778357.044132,3602,4953,6473,6219,170.4000,-0.2500
1784778357.095976,3583,4887,6463,6201,173.1000,0.7500
1784778357.147174,3565,4878,6416,6182,170.4000,-0.6300
1784778357.199164,3537,4915,6435,6182,178.5100,1.3100
1784778357.250406,3508,4878,6463,6304,170.4000,-0.8800
1784778357.302377,3490,4803,6351,6332,178.5100,0.2500
1784778357.353470,3565,4822,6510,6407,175.8000,-0.1900
1784778357.405106,3508,4859,6463,6341,181.2100,-0.5600
1784778357.456944,3537,4887,6501,6416,178.5100,-2.4400
1784778357.508100,3480,4878,6473,6379,182.1500,1.1900
1784778357.560019,3499,4850,6529,6332,177.6600,-2.1300
1784778357.611333,3508,4869,6557,6370,175.8000,0.8100
1784778357.663003,3480,4878,6538,6388,179.3900,0.7500
1784778357.714379,3527,4878,6595,6463,175.0100,1.8100
1784778357.766046,3461,4831,6576,6463,170.4000,-1.0000
1784778357.817403,3508,4831,6529,6482,173.8700,0.3100
1784778357.869111,3452,4794,6529,6501,173.1000,0.4400
1784778357.920930,3415,4822,6632,6510,170.4000,-0.3700
1784778357.972307,3508,4784,6642,6576,170.4000,-0.1200
1784778358.023956,3490,4794,6604,6576,169.7100,1.6900
1784778358.075373,3433,4775,6651,6538,178.5100,-0.8100
1784778358.127098,3424,4747,6613,6557,173.1000,0.4400
1784778358.178217,3424,4812,6529,6520,175.8000,-1.0600
1784778358.230320,3386,4775,7157,6501,178.5100,-0.3700
1784778358.281869,3368,4803,7036,6435,178.5100,0.5000
1784778358.333277,3377,4765,6904,6491,178.5100,-1.3100
1784778358.385097,3368,4747,6885,6529,178.5100,1.1900
1784778358.436100,3443,4765,6848,6529,175.8000,-1.1900
1784778358.488234,3368,4765,6829,6529,173.1000,1.1900
1784778358.539125,3283,4728,6820,6510,173.8700,-0.7500
1784778358.591334,3311,4690,6895,6520,178.5100,-0.6300
1784778358.642355,3349,4718,6839,6566,172.3600,-2.5600
1784778358.694061,3330,4728,6839,6548,178.5100,1.3100
1784778358.745932,3368,4756,6885,6557,170.4000,-0.9400
1784778358.797044,3293,4672,6867,6566,176.6300,-0.7500
1784778358.848918,3283,4672,6876,6623,175.0100,0.6300
1784778358.900095,3283,4672,6876,6585,178.5100,-1.0600
1784778358.951990,3293,4700,6895,6642,178.5100,1.5600
1784778359.003350,3349,4672,6867,6632,173.1000,-0.6300
1784778359.054996,3321,4643,6914,6642,175.8000,2.1900
1784778359.106364,3368,4709,6867,6623,178.5100,-2.4400
1784778359.158020,3386,4643,6914,6623,170.4000,2.0000
1784778359.209924,3274,4568,6914,6651,173.1000,0.1200
1784778359.261334,3218,4625,7036,6679,170.4000,1.0600
1784778359.312973,3218,4578,6923,6679,169.7100,-2.0600
1784778359.364271,3246,4672,6923,6707,171.1100,0.4400
1784778359.415920,3208,4662,6989,6679,173.1000,-1.5600
1784778359.467208,3171,4662,6979,6688,167.0500,0.8100
1784778359.519036,3199,4615,6960,6735,176.6300,0.2500
1784778359.570347,3189,4690,7129,6688,170.4000,1.1200
1784778359.622301,3199,4606,7101,6707,178.5100,-0.2500
1784778359.673836,3199,4597,7073,6707,173.1000,1.1200
1784778359.725034,3180,4587,7026,6801,170.4000,-0.9400
1784778359.776979,3180,4643,7017,6735,169.7100,2.0600
1784778359.829233,3199,4634,6998,6717,173.8700,-0.6300
1784778359.879935,3189,4522,6979,6773,173.1000,-0.4400
1784778359.931135,3180,4559,7026,6782,175.8000,-0.3100
1784778359.982948,3124,4568,7026,6763,169.7100,2.1900
1784778360.034182,3189,4587,7036,6773,169.7100,2.1900
1784778360.086016,3208,4606,7054,6792,182.1500,1.2500
1784778360.137812,3161,4587,7073,6801,170.4000,0.4400
1784778360.188951,3124,4522,6951,6820,170.4000,0.3100
1784778360.240863,3124,4503,7026,6829,164.4000,1.6300
1784778360.292094,3105,4484,6989,6876,176.6300,0.0600
1784778360.343874,3114,4456,7026,6876,170.4000,0.9400
1784778360.395168,3067,4446,7007,6895,175.8000,0.6300
1784778360.446905,3086,4465,7026,6801,175.8000,0.8100
1784778360.498078,3039,4484,7064,6876,173.1000,-0.1200
1784778360.549926,3058,4428,7073,6885,170.4000,-0.7500
1784778360.601874,3058,4484,7082,6914,169.7100,-1.3700
1784778360.653141,3096,4446,7101,6942,173.1000,0.5000
1784778360.704861,3002,4409,7120,6989,168.3500,0.1200
1784778360.756128,3067,4362,7120,6895,167.0500,1.3100
1784778360.807864,2992,4306,7148,6914,167.6900,-1.2500
1784778360.859013,3011,4212,7092,6914,167.6900,1.1900
1784778360.911125,3030,4221,7148,6932,170.4000,-1.0000
1784778360.962143,3011,4728,7148,6932,167.6900,-0.3700
1784778361.014112,2964,4775,7195,6904,167.6900,0.8100
1784778361.065826,2983,4737,7148,6942,173.1000,-2.1300
1784778361.116925,2974,4475,7157,7026,170.4000,-2.0000
1784778361.168846,3011,4437,7167,7017,175.8000,-1.1900
1784778361.219967,3021,4390,7233,7064,176.6300,0.3100
1784778361.272108,2955,4371,7233,7082,172.3600,0.0000
1784778361.323135,2946,4371,7214,7036,170.4000,3.0000
1784778361.374885,2983,4465,7204,7082,175.8000,0.1200
1784778361.426809,2936,4400,7214,7017,167.6900,-1.3700
1784778361.477905,2889,4400,7195,7026,170.4000,2.7500
1784778361.529845,2899,4409,7214,7007,164.9900,-1.1200
1784778361.581065,2889,4362,7251,6989,167.6900,2.5600
1784778361.632833,2927,4446,7242,7054,167.6900,0.1900
1784778361.684073,2870,4456,7279,7045,167.6900,0.1900
1784778361.735949,2927,4484,7233,7054,164.9900,-0.3100
1784778361.787122,2889,4428,7279,7073,167.6900,-1.1200
1784778361.838909,2889,4390,7233,7139,167.6900,0.3100
1784778361.890790,2852,4381,7251,7082,173.1000,0.0600
1784778361.942088,2908,4315,7279,7129,164.9900,0.3100
1784778361.993935,2917,4325,7261,7129,173.1000,1.2500
1784778362.045155,2992,4362,7233,7251,171.1100,-0.7500
1784778362.096823,2908,4306,7308,7129,169.7100,1.5000
1784778362.148011,2917,4249,7270,7157,170.4000,-1.0600
1784778362.199845,2842,4287,7345,7176,170.4000,0.1900
1784778362.251083,2870,4287,7317,7176,176.6300,-0.6900
1784778362.303096,2917,4249,7373,7204,169.7100,-0.9400
1784778362.354780,2908,4306,7373,7186,175.8000,-1.5600
1784778362.405906,2908,4296,7317,7176,175.8000,-0.8800
1784778362.457791,2842,4221,7373,7186,173.1000,-0.8100
1784778362.508902,2814,4231,7345,7270,173.1000,-0.6300
1784778362.560809,2777,4278,7317,7261,173.1000,0.6300
1784778362.612133,2758,4287,7336,7233,173.1000,-0.5000
1784778362.663917,2805,4212,7411,7233,167.6900,-0.1200
1784778362.715088,2758,4184,7373,7176,162.2800,-0.5000
1784778362.766897,2795,4212,7373,7261,162.2800,0.3100
1784778362.818769,2824,4203,7401,7251,162.2800,-1.0600
1784778362.869894,2711,4193,7411,7289,164.9900,0.3100
1784778362.921817,2730,4249,7420,7279,167.6900,0.0000
1784778362.973073,2758,4249,7458,7279,167.6900,0.3700
1784778363.024808,2730,4156,7439,7308,175.8000,-1.0000
1784778363.076064,2786,4203,7467,7289,178.5100,-0.1900
1784778363.127837,2730,4221,7448,7279,170.4000,-0.3100
1784778363.179142,2720,4203,7486,7354,175.8000,1.5000
1784778363.230844,2730,4184,7514,7279,170.4000,0.8800
1784778363.282753,2702,4221,7514,7345,170.4000,-0.1900
1784778363.334029,2795,4203,7486,7298,170.4000,-0.1900
1784778363.386175,2739,4174,7505,7289,167.6900,0.4400
1784778363.437075,2767,4184,7533,7326,173.1000,1.3100
1784778363.488790,2627,4184,7495,7354,167.6900,0.5000
1784778363.540005,2702,4146,7514,7251,164.9900,1.3700
1784778363.591826,2636,4212,7505,7317,170.4000,-3.9400
1784778363.643700,2608,4193,7420,7354,170.4000,1.8100
1784778363.695083,2655,4146,7533,7383,173.1000,-1.0600
1784778363.746748,2674,4184,7523,7308,167.6900,1.1200
1784778363.798027,2636,4165,7495,7345,173.1000,-0.3700
1784778363.849813,2627,4174,7533,7298,167.6900,-0.6300
1784778363.900917,2561,4231,7514,7298,167.6900,0.2500
1784778363.952835,2627,4156,7561,7345,164.9900,0.7500
1784778364.004149,2589,4128,7542,7401,159.1000,-0.1900
1784778364.056046,2561,4071,7598,7439,160.0700,-0.5000
1784778364.107756,2580,4062,7561,7373,164.9900,0.0000
1784778364.158833,2514,4775,7608,7373,156.4500,1.3700
1784778364.210974,2533,4653,7636,7476,168.3500,0.6900
1784778364.261925,2552,4550,7589,7430,164.9900,-0.5600
1784778364.313763,2542,4400,7627,7392,164.9900,-0.7500
1784778364.364985,2598,4625,7598,7486,164.9900,-1.6300
1784778364.416775,2561,4146,7627,7523,161.7500,0.4400
1784778364.467963,2495,4231,7645,7476,165.5900,-0.1900
1784778364.519867,2477,4249,7673,7467,170.4000,1.7500
1784778364.571737,2514,4174,7664,7551,170.4000,-0.1200
1784778364.622814,2477,4118,7758,7580,162.2800,1.7500
1784778364.674732,2514,4259,7786,7580,161.7500,-1.0000
1784778364.725988,2552,4137,7730,7505,168.3500,1.3100
1784778364.777747,2467,4137,7730,7655,162.2800,-1.3700
1784778364.829178,2411,4024,7777,7542,164.9900,-0.9400
1784778364.880796,2467,4090,7739,7636,162.2800,-2.7500
1784778364.932205,2420,4052,7786,7580,159.5800,0.2500
1784778364.983832,2430,3996,7720,7645,159.5800,0.2500
1784778365.035731,2383,4015,7777,7608,153.8000,-0.4400
1784778365.087146,2458,4006,7748,7598,154.1700,0.6900
1784778365.138780,2411,4024,7748,7598,154.1700,-1.0000
1784778365.190141,2373,4043,7814,7570,156.8700,0.4400
1784778365.241753,2448,4015,7777,7551,156.8700,0.6300
1784778365.292960,2420,3977,7777,7664,162.8300,0.4400
1784778365.345091,2364,3931,7786,7711,156.4500,1.1200
1784778365.396152,2383,3912,7739,7608,156.8700,0.1200
1784778365.448115,2401,3949,7777,8133,159.5800,0.8800
1784778365.499707,2317,3987,7842,7889,160.0700,-1.2500
1784778365.550876,2308,3987,7833,7683,148.4900,0.6300
1784778365.602775,2336,3855,7814,7702,151.7900,-1.0000
1784778365.653911,2326,3912,7777,7664,153.8000,-0.6300
1784778365.705874,2308,4006,7814,7673,151.4600,-0.8800
1784778365.757135,2317,3874,7824,7692,148.7600,1.6300
1784778365.808795,2317,3893,7861,7692,149.0300,0.0000
1784778365.860327,2261,3931,7833,7758,143.1900,0.8100
1784778365.911824,2336,3931,7852,7758,146.0500,0.0600
1784778365.963731,2317,3912,7870,7795,146.0500,0.5000
1784778366.014891,2345,3949,7852,7824,137.9400,-0.6900
1784778366.066729,2345,3931,7870,7824,140.6400,-0.3100
1784778366.118093,2214,3902,7870,7814,137.9400,0.6900
1784778366.169737,2214,3884,7870,7777,143.3500,0.8100
1784778366.221321,2261,3884,7870,7777,140.6400,-0.1900
1784778366.272778,2270,3884,7880,8415,135.2300,-1.7500
1784778366.324107,2242,3921,7899,8058,140.6400,-0.1900
1784778366.375801,2289,3931,7880,8058,140.6400,-1.5600
1784778366.427692,2280,3846,7899,7833,143.5100,0.1900
1784778366.479105,2261,3893,7870,7945,135.2300,-0.7500
1784778366.530700,2317,3818,7927,7936,137.9400,0.3700
1784778366.582060,2223,3818,7945,7936,135.2300,-0.2500
1784778366.633768,2204,3968,7852,7908,135.2300,-0.2500
1784778366.685135,2280,3884,7852,7852,132.5300,1.3100
1784778366.736788,2270,3846,7899,7833,132.5300,-0.3700
1784778366.788653,2214,3865,7936,7833,132.5300,0.5000
1784778366.840063,2251,3902,7927,7795,132.5300,-0.0600
1784778366.891669,2214,3855,7927,7814,129.8300,0.9400
1784778366.942839,2176,3827,7974,7852,129.8300,0.8100
1784778366.994712,2195,3874,7974,7870,135.2300,0.5000
1784778367.045922,2223,3837,7974,7880,132.5300,-0.1200
1784778367.098056,2214,3809,8049,7880,129.8300,0.0600
1784778367.149005,2176,3780,8067,7880,132.5300,0.0000
1784778367.200774,2280,3780,8077,7880,129.8300,-1.0600
1784778367.252652,2223,3855,8030,7945,129.8300,-0.1200
1784778367.303801,2214,3818,8021,8021,124.4200,0.5600
1784778367.355749,2251,3818,8021,7983,129.8300,0.5600
1784778367.406885,2242,3809,8002,7983,129.8300,1.1200
1784778367.458724,2148,3809,8049,8039,124.4200,0.1900
1784778367.510007,2176,3799,8049,7983,129.8300,-0.0600
1784778367.561756,2195,3809,8011,7983,124.4200,0.0600
1784778367.613682,2176,3865,8049,7983,124.4200,-0.9400
1784778367.664793,2186,3837,8058,7983,121.9800,-0.3100
1784778367.716640,2167,3724,8086,7974,121.4400,-1.0600
1784778367.767964,2223,3799,8030,7983,124.4200,-0.1200
1784778367.819675,2204,3837,8086,8058,127.1200,0.1200
1784778367.871069,2233,3809,8096,8002,124.4200,-0.3700
1784778367.922705,2148,3780,8114,8058,129.8300,-2.1900
1784778367.974000,2139,3818,8114,8067,129.8300,-0.8100
1784778368.025797,2167,3809,8152,8058,132.5300,0.3700
1784778368.077627,2186,3780,8161,8086,127.2800,-1.5000
1784778368.129046,2261,3734,8161,8105,132.4700,0.8800
1784778368.180649,2261,3734,8161,8189,124.4200,-0.1900
1784778368.231977,2261,3743,8189,8405,124.4200,-0.2500
1784778368.283676,2261,3762,8189,8077,124.4200,-0.2500
1784778368.334847,2430,3818,8199,8077,124.4200,1.3100
1784778368.386795,2448,3705,8199,7964,121.9800,-1.0600
1784778368.438571,2355,3715,8152,7964,124.1900,1.0000
1784778368.489968,2336,3724,8218,7955,127.2800,-1.0000
1784778368.541608,2326,3705,8227,8030,132.4700,0.9400
1784778368.592773,2317,3752,8227,8077,132.5300,0.6900
1784778368.644666,2430,3771,8227,8114,132.5800,0.1200
1784778368.695830,2326,3696,8330,8124,124.4200,0.0000
1784778368.747714,2214,3734,8377,8274,135.2300,1.0600
1784778368.798958,2176,3734,8236,8152,124.4200,-0.8800
1784778368.850977,2158,3734,8236,8246,121.7100,-0.6900
1784778368.902592,2204,3743,8142,8133,124.6300,0.0000
1784778368.953759,2111,3640,8227,8386,124.4200,0.6300
1784778369.005632,2195,3668,8199,8180,121.7100,-0.1200
1784778369.056767,2111,3677,8218,8124,121.7100,1.3700
1784778369.108996,2036,3677,8180,8086,121.7100,-1.0600
1784778369.159953,2092,3696,8142,8002,124.4200,0.0600
1784778369.211680,2092,3696,8171,8011,121.4400,0.5000
1784778369.263134,1998,3640,8189,8142,121.9800,-1.1200
1784778369.314713,2139,3724,8171,8199,119.0100,0.5600
1784778369.366582,2064,3649,8246,8096,124.4200,0.0600
1784778369.417768,2054,3687,8274,8152,124.4200,0.2500
1784778369.469614,1979,3705,8274,8142,124.1900,-0.8100
1784778369.520981,2045,3724,8274,8114,119.0100,-1.3100
1784778369.572666,2026,3658,8443,8142,116.6700,-0.5600
1784778369.623998,2054,3705,8461,8039,116.3000,-0.6900
1784778369.675669,2007,3687,8443,8030,118.6800,-0.3700
1784778369.727540,1998,3696,8443,8039,113.6000,-0.8800
1784778369.778952,2026,3640,8499,8114,111.3700,1.0000
1784778369.830900,2007,3630,8499,8077,113.1600,0.5000
1784778369.882086,2045,3687,8527,8133,110.8900,-0.5000
1784778369.933604,2054,3668,8546,8105,110.8900,-0.5000
1784778369.984822,1961,3668,8508,8152,113.6000,0.8100
1784778370.036671,2017,3677,8499,8124,108.1900,0.2500
1784778370.087826,2017,3640,8499,8124,115.9200,2.0600
1784778370.140016,2007,3687,8339,8114,106.0700,-1.0600
1784778370.191545,2054,3612,8349,8940,110.8900,0.8100
1784778370.242700,2007,3658,8405,8311,110.4000,0.3700
1784778370.294581,2017,3612,8405,8283,106.0700,0.5600
1784778370.345765,1989,3649,8461,8283,108.1900,1.3700
1784778370.397803,2036,3640,8527,8199,105.4800,-1.4400
1784778370.448908,1979,3658,8527,8049,108.1900,1.3700
1784778370.500912,2045,3677,8490,8358,102.7800,-0.5600
1784778370.551908,1998,3649,8499,8893,105.4800,-0.8100
1784778370.603693,1979,3687,8518,8302,100.0700,-0.0600
1784778370.655535,1951,3658,8630,8471,105.4800,-0.1900
1784778370.706698,1961,3621,8527,8349,102.7800,-0.1200
1784778370.758657,1951,3612,8386,8433,102.7800,-0.4400
1784778370.809992,1923,3696,8255,8386,104.8800,0.0000
1784778370.861611,1970,3593,8443,8386,98.1100,-0.5000
1784778370.913364,1961,3583,8405,8386,97.3700,1.6900
1784778370.964871,1942,3583,8555,8283,94.6600,-0.5600
1784778371.016505,1932,3593,8443,8358,99.3600,0.3700
1784778371.067672,1961,3593,8255,8302,90.1600,-0.8100
1784778371.119579,1904,3649,8593,8349,97.3700,0.5000
1784778371.171003,1951,3602,8490,8330,89.2500,-0.1900
1784778371.222566,1876,3583,8396,8415,94.6600,-0.2500
1784778371.274043,1857,3593,8574,8433,97.3700,0.0600
1784778371.325608,1970,3621,8086,8415,97.3700,0.5000
1784778371.376977,1867,3687,8527,8415,97.3700,-0.6300
1784778371.428687,1951,3602,8583,8330,102.7800,0.7500
1784778371.480513,1876,3602,8565,8386,97.3700,-2.2500
1784778371.531917,1942,3593,8565,8386,91.9600,-2.4400
1784778371.583853,1942,3546,8415,8396,91.9600,-2.4400
1784778371.635025,1932,3574,8433,8311,94.6600,-1.1200
1784778371.686588,1876,3602,8518,8311,94.6600,0.3100
1784778371.737844,1848,3555,8677,8855,100.0700,-0.1200
1784778371.789733,1914,3658,8668,8855,97.3700,0.5000
1784778371.840944,1942,3668,8443,8855,95.4600,0.5000
1784778371.892906,1942,3640,8311,8302,99.3600,-0.8100
1784778371.944528,1923,3658,8733,8293,97.3700,-0.6900
1784778371.995757,1876,3612,8696,8293,97.3700,0.4400
1784778372.047596,1867,3565,8733,8443,94.6600,-0.8800
1784778372.098727,1867,3527,8733,8405,97.3700,-0.2500
1784778372.150907,1923,3546,8668,8536,97.3700,0.6300
1784778372.201942,1886,3555,8658,9118,97.3700,0.5000
1784778372.253687,1848,3499,8996,8424,97.3700,0.5000
1784778372.305460,1876,3593,8668,8443,100.0700,0.3700
1784778372.356627,1810,3527,8508,8677,94.6600,-0.0600
1784778372.408505,1829,3499,8733,8358,94.6600,0.8100
1784778372.459654,1857,3630,8733,8330,97.3700,-0.3700
1784778372.511585,1839,3574,8687,8368,89.2500,0.9400
1784778372.562959,1810,3593,8677,8443,91.9600,-0.2500
1784778372.614635,1820,3574,8621,8386,89.2500,1.2500
1784778372.665978,1839,3583,8461,8424,87.5000,0.2500
1784778372.717704,1792,3537,8555,8321,80.0400,0.1200
1784778372.769609,1820,3490,8555,8968,81.1400,-0.6900
1784778372.820941,1820,3508,8555,8377,76.9000,1.3100
1784778372.872490,1857,3527,8480,8377,74.5200,0.7500
1784778372.923989,1904,3583,8480,8377,75.7300,0.4400
1784778372.975534,1792,3527,8649,8386,81.1400,0.0600
1784778373.026861,1886,3508,8602,8471,81.1400,-0.1900
1784778373.078607,1801,3621,8621,8499,81.1400,-0.6900
1784778373.130429,1923,3555,8649,8499,81.1400,-0.2500
1784778373.181956,1801,3565,8649,8499,81.1400,1.3100
1784778373.233479,1820,3480,8649,8480,81.1400,1.3100
1784778373.284867,1810,3555,8715,8565,86.5500,-0.2500
1784778373.336524,1895,3555,8893,8565,83.8500,0.4400
1784778373.387858,1839,3499,8846,8508,83.8500,-0.1900
1784778373.439743,1745,3527,8715,8508,86.5500,-0.1900
1784778373.490772,1829,3499,8546,8433,81.1400,0.3700
1784778373.542596,1735,3583,8583,8536,83.8500,0.0600
1784778373.594445,1773,3630,8583,8415,81.1400,0.1200
1784778373.645673,1792,3546,8658,8536,86.5500,0.5000
1784778373.697589,1820,3593,8574,8480,83.8500,0.0600
1784778373.748624,1735,3593,8499,8480,81.1400,-0.0600
1784778373.800838,1792,3527,8452,8452,74.2500,0.0600
1784778373.851820,1773,3555,8471,8433,80.0400,1.3700
1784778373.903539,1726,3537,8649,8339,73.0300,-1.0600
1784778373.954918,1792,3499,8668,8433,78.4400,0.0000
1784778374.006561,1745,3518,8649,8780,75.7300,-0.3100
1784778374.058443,1717,3537,8574,8846,75.7300,-0.5600
1784778374.109616,1745,3499,8574,8771,76.9000,0.8100
1784778374.161480,1707,3518,8593,8611,80.0400,-1.5000
1784778374.212787,1735,3583,8565,8536,81.1400,0.2500
1784778374.264600,1717,3583,8602,8630,67.6200,-2.0600
1784778374.315859,1745,3508,8602,8762,74.2500,1.1200
1784778374.367549,1782,3499,8574,8846,77.2800,-1.3100
1784778374.419404,1773,3499,8658,8546,73.0300,0.5600
1784778374.470783,1764,3471,8715,8621,78.4400,0.3700
1784778374.522435,1726,3527,8668,8790,75.7300,-0.3700
1784778374.573938,1735,3499,8696,8827,79.5500,-0.0600
1784778374.625573,1754,3490,8677,8808,78.4400,-0.1900
1784778374.676884,1801,3490,8658,8724,80.0400,-0.0600
1784778374.728516,1745,3546,8658,8640,75.7300,0.3700
1784778374.779828,1745,3480,8724,8555,78.4400,-0.4400
1784778374.832119,1735,3555,8677,8471,75.7300,-1.0000
1784778374.883418,1698,3480,8752,8565,75.7300,-1.0000
1784778374.934836,1726,3405,8733,8602,74.2500,0.1200
1784778374.986464,1745,3537,8715,8649,73.0300,0.2500
1784778375.037706,1745,3546,8724,8602,74.5200,1.1200
1784778375.089570,1754,3471,8715,8555,70.3200,-1.0000
1784778375.140832,1754,3471,8705,8499,74.2500,1.5600
1784778375.192833,1745,3499,8743,8490,77.2800,-0.5000
1784778375.244404,1764,3508,8668,8490,75.7300,0.1900
1784778375.295631,1707,3433,8724,8611,70.3200,-0.7500
1784778375.347534,1735,3471,8668,8649,68.9400,0.1900
1784778375.398594,1726,3508,8696,8630,70.3200,0.3100
1784778375.450499,1707,3490,8677,8621,66.2400,-0.7500
1784778375.501860,1792,3499,8696,8621,68.9400,0.1900
1784778375.553534,1829,3499,8696,8611,66.2400,-0.7500
1784778375.605499,1857,3574,8696,8583,70.3200,0.1200
1784778375.656542,1782,3518,8705,8583,71.5900,-0.1900
1784778375.708409,1735,3527,8705,8677,67.6200,-0.0600
1784778375.759592,1726,3527,8762,8602,71.7600,0.2500
1784778375.811465,1717,3490,8724,9231,71.5900,-0.6300
1784778375.862811,1735,3461,8715,8912,70.3200,1.1900
1784778375.914465,1689,3480,8790,8921,71.7600,0.9400
1784778375.965874,1698,3508,8790,9071,70.3200,-0.5000
1784778376.017496,1698,3405,8818,9071,68.9400,-0.1200
1784778376.069411,1717,3518,8780,9071,71.7600,0.1200
1784778376.120633,1735,3471,8837,8855,67.6200,0.7500
1784778376.172427,1754,3452,8846,8855,67.6200,-0.3100
1784778376.223977,1726,3490,8790,8583,67.6200,-0.3100
1784778376.275502,1764,3461,8827,8565,67.6200,-0.3100
1784778376.326812,1698,3583,8790,8583,67.6200,-0.3100
1784778376.378554,1717,3443,8808,8583,67.6200,-0.3100
1784778376.430353,1735,3490,8837,8640,67.6200,-0.3100
1784778376.481820,1679,3518,8818,8640,67.6200,-0.3100
1784778376.533385,1679,3555,8818,8687,6.9400,-0.0600
1784778376.584769,1735,3499,8827,8621,8.1100,6.0600
1784778376.636419,1717,3546,8827,8602,10.8200,15.8800
1784778376.687684,1820,3518,8827,8602,16.2300,6.6300
1784778376.739569,1764,3518,8827,8602,16.2300,23.5600
1784778376.791303,1801,3518,8827,8583,16.2300,4.0000
1784778376.842770,1745,3443,8827,8611,21.6400,21.1900
1784778376.894374,1792,3443,8827,8611,10.8200,12.1900
1784778376.945808,1839,3499,8593,8499,13.5200,16.0000
1784778376.997493,1829,3396,8555,8471,10.8200,11.3100
1784778377.048659,1876,3518,8555,8415,5.4100,10.6300
1784778377.100489,1839,3480,8555,8415,5.4100,13.6900
1784778377.151772,1829,3424,8602,8499,10.8200,10.4400
1784778377.203828,1839,3480,8602,8499,10.8200,9.3100
1784778377.255369,1914,3555,8733,8480,10.8200,11.1300
1784778377.306502,1867,3480,8733,8443,10.8200,10.1900
1784778377.358375,1857,3527,8827,8443,10.8200,12.5000
1784778377.409549,1867,3471,8780,8480,10.8200,10.0600
1784778377.461565,1848,3396,8780,8433,10.8200,10.1300
1784778377.512757,1848,3490,8780,8433,10.8200,8.9400
1784778377.564433,1876,3518,8724,8452,8.1100,9.1300
1784778377.616293,1886,3471,8705,8415,5.4100,9.3800
1784778377.667509,2073,3349,8687,8490,8.1100,9.0000
1784778377.719371,2036,3480,8762,8508,8.1100,6.1900
1784778377.770543,2026,3443,8921,8583,10.8200,7.2500
1784778377.822766,2092,3358,8987,8546,10.8200,7.2500
1784778377.873999,2073,3471,8987,8565,10.8200,7.2500
1784778377.925415,2026,3461,8921,8593,10.8200,7.2500
1784778377.976769,2017,3396,8977,8640,10.8200,7.2500
1784778378.028511,1979,3415,8818,8536,10.8200,7.2500
1784778378.080278,2007,3471,8827,8536,10.8200,7.2500
1784778378.131552,2083,3433,8780,8574,3.6500,1.3700
1784778378.183389,2007,3461,8715,8574,67.6200,3.7500
1784778378.234747,1979,3443,8752,8546,59.5000,1.8100
1784778378.286385,1979,3443,8649,8546,89.2500,4.7500
1784778378.337736,2007,3386,8696,8583,97.3700,-8.9400
1784778378.389418,1942,3368,8630,8574,102.7800,2.2500
1784778378.440721,2036,3396,8565,8527,102.7800,-1.4400
1784778378.492677,2054,3405,8593,8546,102.7800,4.0000
1784778378.544308,2017,3424,8555,8546,105.4800,-0.3700
1784778378.595718,2036,3349,8640,8555,105.4800,2.8800
1784778378.647362,2083,3358,8499,8574,102.7800,-0.1900
1784778378.698586,2092,3386,8490,8602,108.1900,1.5600
1784778378.750402,2054,3377,9371,8621,102.7800,0.5000
1784778378.801587,2036,3330,8546,8602,108.1900,0.9400
1784778378.853742,2054,3415,8555,8621,108.1900,-0.3100
1784778378.905249,2073,3396,8977,8611,108.1900,-0.2500
1784778378.956425,2120,3396,8621,8574,110.4000,-0.0600
1784778379.008315,2129,3424,8621,8611,111.3700,1.2500
1784778379.059470,2148,3377,8649,8583,119.0100,-0.3100
1784778379.111411,2129,3358,8762,8583,116.3000,0.9400
1784778379.162699,2083,3293,8846,8574,121.7100,0.7500
1784778379.214723,2120,3368,8912,8574,119.0100,-0.6300
1784778379.265938,2083,3368,8884,8593,124.1900,0.5000
1784778379.317393,2064,3293,8893,8536,124.6300,-0.1200
1784778379.369277,2073,3330,8846,8555,129.8300,-0.1200
1784778379.420440,2101,3311,8808,8649,129.8300,0.0000
1784778379.472306,2129,3302,8818,8546,129.8300,2.5000
1784778379.523686,2101,3330,8780,8546,140.6400,-0.3700
1784778379.575330,2158,3274,8771,8602,140.6400,-0.5600
1784778379.626709,2101,3293,8818,8602,146.0500,-0.9400
1784778379.678560,2129,3377,8865,8593,151.4600,-0.7500
1784778379.730222,2101,3264,8837,8583,156.8700,-1.3700
1784778379.781410,2054,3264,8687,8565,159.5800,-0.5600
1784778379.833273,2083,3264,8611,8508,167.6900,-0.1200
1784778379.884654,2139,3218,8565,8508,170.4000,0.1900
1784778379.936396,2214,3255,8574,8508,170.4000,0.3700
1784778379.987669,2139,3218,8677,8508,170.4000,-1.7500
1784778380.039334,2176,3189,8621,8461,167.6900,1.8100
1784778380.090543,2111,3189,8705,8546,167.6900,-0.9400
1784778380.142381,2120,3171,8696,8508,167.6900,1.5600
1784778380.194232,2214,3180,8621,8508,164.9900,-0.5000
1784778380.245691,2186,3189,8790,8536,167.6900,1.1200
1784778380.297308,2158,3143,8808,8565,164.9900,-0.8100
1784778380.348445,2176,3199,8827,8508,167.6900,0.3700
1784778380.400324,2176,3227,9127,8480,167.6900,-1.7500
1784778380.451596,2261,3161,8630,8687,167.6900,1.3700
1784778380.503672,2242,3218,8602,8752,170.4000,-1.0000
1784778380.554718,2251,3086,8621,8593,167.6900,1.4400
1784778380.606386,2233,3124,8565,8536,170.4000,-1.1900
1784778380.658256,2223,3180,8508,8762,167.6900,1.5600
1784778380.709437,2280,3114,8518,8565,170.4000,-0.3100
1784778380.761319,2289,3180,8508,8705,167.6900,0.8800
1784778380.812655,2308,3171,8508,8658,170.4000,-0.7500
1784778380.864307,2308,3105,8396,8715,167.6900,-0.8100
1784778380.915918,2308,3114,8499,8762,173.1000,-0.6300
1784778380.967461,2233,3096,8480,8949,164.9900,0.3100
1784778381.019298,2289,3049,8508,8790,167.6900,-1.2500
1784778381.070387,2298,3058,8536,8790,170.4000,0.6900
1784778381.122257,2317,3096,8527,8733,167.6900,-0.6300
1784778381.173783,2336,3105,8471,9174,170.4000,0.5000
1784778381.225402,2326,3086,8536,8696,167.6900,0.7500
1784778381.276734,2289,3039,8565,8715,159.5800,-1.3100
1784778381.328375,2289,3077,8565,8658,162.2800,-1.0600
1784778381.380172,2336,3143,8630,8640,164.9900,1.3100
1784778381.431416,2336,3114,8630,8640,164.9900,-0.5000
1784778381.483241,2364,3021,8602,8668,167.6900,0.7500
1784778381.534654,2364,2974,8565,8630,162.2800,-0.5000
1784778381.586462,2364,3011,8640,8621,167.6900,2.7500
1784778381.637633,2392,3049,8640,8471,164.9900,-2.4400
1784778381.689308,2373,3058,8433,8583,164.9900,4.2500
1784778381.740542,2420,3021,8527,8574,170.4000,-1.3100
1784778381.792634,2383,2992,8555,8640,170.4000,1.7500
1784778381.844210,2373,2983,8611,8658,164.9900,-2.0600
1784778381.897787,2458,3039,8480,8640,167.6900,1.1200
1784778381.947250,2448,2964,8471,8658,165.5900,-0.1900
1784778381.998423,2364,2964,8471,8583,161.7500,1.6900
1784778382.050266,2514,3021,8443,8593,170.4000,-1.4400
1784778382.101569,2495,2983,8452,8640,164.9900,-0.8100
1784778382.153709,2458,2974,8452,8593,173.1000,-2.1300
1784778382.205163,2495,2974,8443,8630,167.6900,-0.9400
1784778382.256344,2458,3030,8565,8621,173.1000,-1.5600
1784778382.308238,2467,2946,8546,8546,167.6900,0.2500
1784778382.359386,2523,2870,8499,8630,173.1000,0.0600
1784778382.411269,2439,2899,8499,8649,170.4000,0.0000
1784778382.462625,2467,2899,8499,8640,167.6900,-0.3100
1784778382.514293,2542,2917,8499,8640,170.4000,-0.4400
1784778382.565672,2477,2880,8415,8649,171.1100,0.3100
1784778382.617416,2552,2880,8452,8658,161.7500,-0.6900
1784778382.669199,2561,2795,8368,8621,162.2800,1.0600
1784778382.720358,2589,2899,8424,8668,159.5800,0.3700
1784778382.772221,2542,2824,8424,8658,162.2800,0.6300
1784778382.823592,2580,2805,8415,8668,167.6900,0.3100
1784778382.875262,2608,2795,8377,8696,170.4000,0.1200
1784778382.926605,2589,2861,8339,8677,170.4000,0.1200
1784778382.978479,2542,2814,8339,8677,173.1000,-0.6900
1784778383.030140,2589,2758,8452,8687,175.8000,0.3100
1784778383.081367,2580,2795,8377,8808,178.5100,-2.3100
1784778383.133176,2561,2833,8283,8696,173.1000,1.2500
1784778383.184564,2580,2720,8311,8724,181.2100,-2.1300
1784778383.236224,2636,2758,8386,8724,176.6300,1.2500
1784778383.287410,2664,2749,8377,8677,177.6600,-1.5000
1784778383.339264,2627,2795,8405,8780,182.1500,0.5600
1784778383.390526,2655,2739,8377,8799,172.3600,-1.7500
1784778383.442580,2636,2711,8377,8696,179.3900,0.8100
1784778383.494164,2645,2711,8433,8705,175.0100,-2.6900
1784778383.545571,2655,2730,8396,8705,170.4000,2.2500
1784778383.597191,2683,2683,8293,8705,173.1000,-1.5600
1784778383.648465,2683,2692,8415,8705,173.1000,1.3700
1784778383.700267,2645,2674,8405,8705,173.1000,-1.0000
1784778383.751580,2664,2683,8443,8705,170.4000,-0.9400
1784778383.803598,2692,2702,8377,8705,173.1000,-0.4400
1784778383.854617,2702,2561,8415,8780,167.6900,-1.4400
1784778383.906441,2692,2702,8415,8780,167.6900,1.2500
1784778383.958192,2702,2645,8424,8743,164.9900,-2.3800
1784778384.009328,2674,2598,8368,8715,164.9900,0.8800
1784778384.061476,2683,2655,8368,8790,164.9900,-1.8100
1784778384.112546,2720,2608,8424,8808,164.9900,0.3700
1784778384.164288,2730,2627,8396,8865,162.2800,-1.4400
1784778384.215629,2758,2561,8424,8743,162.2800,0.8800
1784778384.267323,2786,2542,8377,8743,164.9900,0.2500
1784778384.319129,2739,2674,8311,8733,164.9900,0.2500
1784778384.370347,2692,2589,8349,8715,162.2800,0.5600
1784778384.422148,2730,2598,8377,8696,170.4000,-1.4400
1784778384.473546,2702,2580,8405,8752,167.6900,2.2500
1784778384.525193,2795,2486,8396,8743,167.6900,-1.1200
1784778384.576540,2786,2505,8396,8724,170.4000,0.1900
1784778384.628335,2795,2523,8396,8696,170.4000,-1.0000
1784778384.679464,2786,2580,8424,8724,167.6900,0.1200
1784778384.731432,2805,2598,8424,8724,170.4000,-1.1200
1784778384.783146,2824,2598,8311,8715,170.4000,-0.7500
1784778384.834517,2814,2523,8424,8724,175.8000,0.5000
1784778384.886192,2861,2580,8368,8677,164.4000,-1.3100
1784778384.937527,2899,2570,8339,8677,171.1100,0.9400
1784778384.989196,2917,2570,8283,8640,164.9900,-1.1900
1784778385.040397,2899,2580,8302,8630,164.9900,-0.5600
1784778385.092533,2842,2589,8283,8715,162.2800,-1.0000
1784778385.144069,2861,2561,8264,8733,164.9900,-0.4400
1784778385.195580,2955,2486,8283,8762,164.9900,0.7500
1784778385.247131,2861,2552,8293,8762,164.4000,0.6300
1784778385.298325,2917,2477,8321,8677,170.4000,0.4400
1784778385.350174,2992,2505,8358,8733,171.1100,0.6300
1784778385.401354,2946,2523,8311,8677,167.6900,0.5600
1784778385.453590,2936,2448,8321,8724,173.1000,-0.3100
1784778385.504586,2983,2467,8339,8677,173.1000,0.8100
1784778385.556257,2964,2495,8283,8752,173.1000,-1.1900
1784778385.608135,2974,2514,8339,8752,170.4000,-0.1900
1784778385.659289,2983,2505,8358,8752,170.4000,0.2500
1784778385.711178,3011,2477,8396,8799,161.7500,-0.5600
1784778385.762527,2983,2430,8349,8799,173.8700,1.6300
1784778385.814229,3030,2401,8377,8733,164.9900,-0.8800
1784778385.865567,2983,2495,8293,8705,162.2800,-0.0600
1784778385.917285,3067,2477,8293,8790,167.6900,-0.6900
1784778385.968564,3030,2486,8415,8733,164.9900,0.3700
1784778386.020244,3039,2448,8396,8724,170.4000,-1.1200
1784778386.072115,2955,2383,8311,8752,167.6900,0.1200
1784778386.123713,3058,2401,8236,8724,167.6900,0.1900
1784778386.175146,3086,2430,8264,8715,167.6900,-0.3700
1784778386.226547,3086,2364,8264,8715,164.9900,-0.1900
1784778386.278292,3011,2383,8349,8705,159.5800,-0.0600
1784778386.329532,3096,2345,8311,8780,162.2800,-0.5600
1784778386.381230,3077,2411,8264,8818,162.2800,0.6900
1784778386.433079,3049,2420,8349,8808,162.2800,1.4400
1784778386.484462,3161,2430,8358,8715,167.6900,0.3100
1784778386.536110,3086,2420,8339,8715,167.6900,1.8100
1784778386.587481,3086,2401,8358,8602,167.6900,-0.5000
1784778386.639158,3086,2364,8358,8593,170.4000,1.2500
1784778386.690358,3114,2411,8358,8593,159.5800,0.1900
1784778386.742363,3096,2401,8293,8593,162.2800,0.2500
1784778386.794031,3171,2373,8339,8705,167.6900,-1.6900
1784778386.845485,3077,2317,8255,8733,167.6900,-1.6900
1784778386.897080,3124,2280,8330,8837,169.7100,-0.6900
1784778386.948287,3096,2298,8302,8837,168.3500,0.0000
1784778387.000140,3218,2251,8349,8837,167.6900,0.1900
1784778387.051317,3124,2308,8349,8799,167.6900,-0.2500
1784778387.103548,3124,2204,8321,8818,167.6900,0.1900
1784778387.154542,3161,2204,8208,8790,170.4000,-0.8800
1784778387.206176,3152,2298,8255,8874,169.7100,0.3100
1784778387.258064,3133,2261,8246,8855,176.6300,-1.3700
1784778387.309214,3143,2242,8283,8855,175.8000,-0.8100
1784778387.361084,3180,2270,8283,8855,178.5100,0.7500
1784778387.412564,3124,2242,8283,8846,181.2100,0.6900
1784778387.464119,3255,2223,8246,8818,175.0100,0.7500
1784778387.515810,3199,2204,8274,8855,176.6300,-0.5600
1784778387.567151,3199,2233,8264,8855,167.6900,-0.3700
1784778387.618560,3199,2317,8283,8874,170.4000,1.2500
1784778387.670181,3208,2280,8321,8874,167.0500,0.1200
1784778387.722055,3218,2176,8255,8846,170.4000,-1.0600
1784778387.773810,3199,2242,8302,8780,170.4000,0.9400
1784778387.825135,3227,2186,8302,8902,170.4000,-0.6300
1784778387.876474,3227,2139,8283,8884,170.4000,0.5000
1784778387.928112,3302,2242,8274,8799,175.8000,-0.1900
1784778387.979428,3274,2270,8227,8743,173.1000,-0.3100
1784778388.031165,3274,2167,8274,8743,175.8000,0.5000
1784778388.082610,3255,2158,8283,8743,169.7100,-0.4400
1784778388.134456,3283,2214,8302,8790,173.8700,1.1200
1784778388.186041,3321,2176,8293,8808,173.1000,-0.7500
1784778388.237219,3274,2167,8293,8846,167.0500,1.6900
1784778388.289081,3293,2167,8311,8827,168.3500,-0.7500
1784778388.340260,3283,2158,8339,8846,167.6900,-0.3100
1784778388.392495,3293,2270,8246,8846,167.6900,1.0600
1784778388.443463,3321,2120,8255,8837,164.9900,-0.4400
1784778388.495477,3340,2214,8302,8818,161.7500,-0.7500
1784778388.547104,3349,2064,8283,8733,168.3500,-0.7500
1784778388.598206,3349,2176,8274,8658,167.6900,1.3700
1784778388.650115,3433,2148,8218,8855,175.8000,0.3700
1784778388.701248,3415,2083,8311,8780,173.1000,0.5600
1784778388.753458,3405,2083,8218,8940,167.0500,1.0600
1784778388.804458,3340,2036,8283,8930,171.1100,1.3700
1784778388.856161,3386,2017,8274,8799,170.4000,1.3100
1784778388.907999,3396,2026,8264,8733,167.6900,1.7500
1784778388.959176,3405,1989,8227,8884,167.0500,1.5000
1784778389.011060,3415,2073,8218,8977,171.1100,1.0600
1784778389.062414,3396,2036,8227,8977,167.6900,1.8100
1784778389.114112,3386,1961,8293,8968,170.4000,-0.6900
1784778389.165444,3405,1961,8208,8940,170.4000,2.2500
1784778389.217182,3452,1923,8208,8940,169.7100,-1.8800
1784778389.268490,3424,1923,8246,8827,173.1000,-2.7500
1784778389.320155,3433,1989,8264,8930,173.1000,-2.3800
1784778389.372005,3499,1979,8199,8930,164.9900,-2.8100
1784778389.423832,3424,2026,8302,8874,167.6900,-1.3700
1784778389.475030,3471,2026,8208,8837,164.9900,1.1900
1784778389.526418,3471,2092,8227,8808,167.0500,-0.8800
1784778389.578085,3461,2073,8236,8808,171.1100,0.1200
1784778389.629311,3546,2045,8283,8921,167.0500,-0.5000
1784778389.681120,3490,2064,8339,8921,173.8700,0.1900
1784778389.733017,3574,1914,8189,8874,178.5100,-1.1200
1784778389.784420,3621,1914,8180,9024,178.5100,-0.1200
1784778389.836007,3452,1961,8236,8705,181.2100,0.6300
1784778389.887175,3574,1904,8171,8846,169.7100,-0.8800
1784778389.939041,3602,1914,8227,8940,173.8700,0.3700
1784778389.990256,3602,1895,8227,8865,170.4000,-0.3700
1784778390.042422,3649,1923,8189,8987,170.4000,-0.9400
1784778390.093477,3114,1989,8264,9034,167.6900,-0.1200
1784778390.145422,3452,1979,8246,8799,164.4000,0.3700
1784778390.197053,3471,1914,8180,9052,165.5900,0.0000
1784778390.248169,3480,1942,8161,8846,159.1000,0.8100
1784778390.300032,3415,1951,8218,8865,167.6900,0.3100
1784778390.351202,3940,1979,8142,8865,165.5900,1.4400
1784778390.403411,3518,1932,8199,8865,167.6900,0.9400
1784778390.454366,3480,1932,8227,8827,170.4000,-0.2500
1784778390.506106,3546,1914,8255,8827,164.9900,-0.7500
1784778390.558017,3612,1989,8218,8799,173.1000,-1.5000
1784778390.609359,3705,1895,8218,8930,164.9900,-0.4400
1784778390.661003,3621,1857,8199,8930,170.4000,0.3100
1784778390.712329,3527,1914,8171,8996,167.6900,-0.2500
1784778390.764066,3630,1904,8180,9034,170.4000,0.6900
1784778390.815354,3602,1839,8199,9034,167.0500,-0.5600
1784778390.867157,3555,1904,8274,9034,170.4000,-0.8800
1784778390.918920,3687,1848,8199,8977,167.6900,1.1900
1784778390.970101,3630,1876,8133,9005,171.1100,-0.4400
1784778391.021968,3884,1857,8255,8893,162.2800,0.7500
1784778391.073822,3715,1895,8255,8874,161.7500,0.6300
1784778391.125004,3715,1895,8227,8902,164.9900,1.0600
1784778391.176353,3574,1867,8171,8902,160.0700,-0.7500
1784778391.228043,3583,1857,8171,8912,153.8000,-0.3700
1784778391.279196,3574,1895,8180,8921,160.0700,0.7500
1784778391.331104,3583,1876,8161,8959,156.8700,-0.1200
1784778391.382915,3687,1932,8227,8959,156.8700,-0.3700
1784778391.434336,3668,1895,8180,8968,154.1700,0.7500
1784778391.485975,3809,1895,8189,8940,148.7600,-0.6900
1784778391.537147,3827,1895,8199,8902,151.4600,1.0000
1784778391.589027,3827,1914,8199,9015,151.4600,0.1900
1784778391.640172,3771,1867,8264,8874,145.8400,1.0600
1784778391.692330,3762,1820,8236,8808,148.7600,1.0600
1784778391.743895,3780,1810,8218,9165,148.7600,0.9400
1784778391.795349,3837,1792,8189,9446,160.0700,-1.6300
1784778391.846956,3809,1782,8218,9165,151.4600,0.8800
1784778391.898119,3874,1839,8161,9081,146.0500,0.0000
1784778391.949996,3874,1876,8124,8968,143.3500,-0.6900
1784778392.001317,3799,1810,8161,8968,137.8900,1.3700
1784778392.053359,3809,1773,8161,8968,140.7500,-0.8800
1784778392.104310,3874,1810,8199,8940,146.0500,1.3700
1784778392.156048,3921,1773,8180,9475,137.9400,-0.8100
1784778392.207941,3874,1810,8246,9512,135.2300,-0.5600
1784778392.259090,3827,1801,8189,9512,137.9900,-0.9400
1784778392.310945,3818,1820,8218,9456,140.6400,-0.1200
1784778392.362344,3893,1810,8264,8902,137.9400,-1.1900
1784778392.414023,3846,1810,8180,8902,137.9400,0.3100
1784778392.465384,3855,1867,8152,8930,137.9400,-4.0600
1784778392.517034,3790,1764,8189,8968,129.8300,2.3100
1784778392.568377,3837,1801,8227,8987,124.4200,-0.2500
1784778392.620055,3799,1829,8236,8987,121.7100,0.5000
1784778392.672030,3855,1801,8264,8987,119.0100,0.5600
1784778392.723515,3912,1792,8227,9024,116.3000,0.0000
1784778392.774966,3893,1801,8246,8996,113.6000,0.1900
1784778392.826311,3846,1754,8208,8996,110.8900,-0.5000
1784778392.878005,3855,1801,8171,8977,108.1900,2.0600
1784778392.929251,3865,1764,8142,8968,110.8900,-0.1200
1784778392.981082,3884,1801,8189,8987,108.1900,1.7500
1784778393.032934,3884,1792,8152,8949,105.4800,-0.2500
1784778393.084332,3996,1745,8199,8959,100.0700,1.2500
1784778393.135925,3968,1754,8171,8977,100.0700,-1.1900
1784778393.187313,3968,1895,8133,8977,95.4600,1.0600
1784778393.239014,3921,1792,8189,9034,97.3700,-0.0600
1784778393.290157,3931,1689,8161,9015,99.3600,0.3100
1784778393.342292,3959,1792,8152,9081,94.6600,-0.5600
1784778393.393412,3931,1782,8199,9081,91.9600,1.1200
1784778393.445270,3949,1810,8180,9052,92.8100,-0.3100
1784778393.496960,3968,1707,8199,9081,94.6600,1.9400
1784778393.548071,4006,1782,8171,9043,96.6000,-1.5600
1784778393.599955,4090,1810,8180,8987,94.6600,1.3100
1784778393.651121,4146,1773,8218,8996,97.3700,-1.1900
1784778393.703379,4128,1764,8171,9043,94.6600,1.1900
1784778393.754271,4221,1735,8152,9071,94.6600,-1.3700
1784778393.806020,4128,1726,8152,9137,91.9600,2.2500
1784778393.858100,4184,1801,8227,9184,89.2500,-0.9400
1784778393.909090,4043,1792,8171,9146,91.9600,0.8100
1784778393.960943,4062,1735,8180,9099,91.9600,-0.5600
1784778394.012259,4118,1895,8171,9052,94.6600,0.7500
1784778394.063949,4090,1801,8199,9052,91.9600,1.9400
1784778394.115342,4193,1717,8199,9240,87.5000,1.1200
1784778394.166994,4353,1801,8171,9118,88.3200,-1.1900
1784778394.218272,4221,1764,8161,9090,83.8500,-0.2500
1784778394.270136,4024,1745,8171,9165,83.8500,-0.2500
1784778394.321885,3968,1726,8142,9343,84.8500,-1.1200
1784778394.373318,4043,1726,8114,9343,88.3200,0.8100
1784778394.424902,3959,1698,8180,9184,82.2000,-1.4400
1784778394.476259,3959,1717,8133,9165,85.5600,0.3700
1784778394.527938,3968,1726,8133,9174,86.5500,-0.8100
1784778394.579125,3977,1670,8152,9174,86.5500,-0.8100
1784778394.631088,3931,1764,8152,9174,86.5500,-0.8100
1784778394.682863,3949,1735,8133,9137,86.5500,-0.8100
1784778394.734257,3949,1801,8152,9099,86.5500,-0.8100
1784778394.785873,3940,1829,8199,9099,86.5500,-0.8100
1784778394.837047,3940,1801,8199,9446,86.5500,-0.8100
1784778394.888970,3705,1782,8133,9446,86.5500,-0.8100
1784778394.940078,4240,1726,8208,9287,12.6100,-0.1200
1784778394.992337,4099,1792,8142,9399,21.6400,8.9400
1784778395.043219,3996,1773,8189,9399,8.1100,6.7500
1784778395.094981,3949,1820,8180,9475,18.9300,11.5600
1784778395.146857,4109,1745,8049,9390,10.8200,17.3700
1784778395.198046,3865,1904,8002,9381,8.1100,16.4400
1784778395.249888,3931,1867,7945,9249,10.8200,11.9400
1784778395.301071,3949,1792,8002,9278,8.1100,11.8100
1784778395.352903,3799,1839,8067,9259,8.1100,11.5600
1784778395.404317,3912,1820,8067,9240,8.1100,15.5000
1784778395.455953,3846,1820,8218,9015,8.1100,11.8100
1784778395.507505,3780,1848,8199,9024,10.8200,11.5000
1784778395.559136,3762,1970,8077,9015,8.1100,13.5600
1784778395.610851,3809,2101,8105,9174,10.8200,14.0600
1784778395.662211,3799,2317,8096,9174,10.8200,13.0600
1784778395.713906,3884,2308,8049,9137,10.8200,14.0600
1784778395.765284,3912,2345,8077,9174,10.8200,12.0000
1784778395.816907,3996,2383,8086,9174,8.1100,15.0600
1784778395.868240,3931,2345,8114,9174,8.1100,9.3800
1784778395.919953,3884,2420,8096,9240,10.8200,10.2500
1784778395.971828,3855,2336,8152,9184,8.1100,8.3800
1784778396.023259,3912,2401,8142,9193,5.4100,9.5000
1784778396.074861,3902,2495,8124,9212,10.8200,6.1900
1784778396.126215,3921,2514,8124,9212,8.1100,7.6900
1784778396.177894,3893,2467,8124,9146,8.1100,7.6900
1784778396.229035,3865,2495,8114,9174,8.1100,7.6900
1784778396.280982,3809,2495,8152,9278,8.1100,7.6900
1784778396.332446,3827,2158,8105,9156,8.1100,7.6900
1784778396.384207,3809,2148,8142,9231,8.1100,7.6900
1784778396.435832,3818,2458,8105,9165,8.1100,7.6900
1784778396.486978,3855,2111,8124,9193,8.1100,7.6900
1784778396.538872,3818,2430,8152,9174,4.4800,2.3100
1784778396.590044,3809,2092,8077,9127,67.6200,5.8800
1784778396.642202,3818,2542,8133,9212,67.6200,-6.5000
1784778396.693180,3818,2552,8142,9184,89.2500,7.9400
1784778396.744924,3837,2514,8058,9165,108.1900,-5.7500
1784778396.797393,3884,2570,8114,9156,97.3700,-3.6900
1784778396.848012,3827,2233,8086,9212,100.0700,-1.0600
1784778396.899854,3874,2186,8077,9146,97.3700,0.8100
1784778396.951272,3902,1867,8114,9137,100.7600,1.3700
1784778397.002875,3884,2326,8086,9165,96.6000,-2.0600
1784778397.054251,3949,2026,8030,9174,100.7600,1.1900
1784778397.106301,3902,2280,8077,9090,96.6000,1.3100
1784778397.157841,3780,2270,8105,9127,91.9600,2.5000
1784778397.208946,3790,2317,8030,9127,94.6600,-1.9400
1784778397.260849,3818,2204,8096,9118,89.2500,4.3800
1784778397.312169,3874,2270,8049,9156,89.2500,-1.1900
1784778397.363877,3809,2270,8049,9127,89.2500,2.3800
1784778397.415272,3809,2242,7992,9081,91.9600,-2.1900
1784778397.466908,3752,2139,8030,9052,94.6600,1.2500
1784778397.518746,3752,2355,8002,9052,98.1100,-1.9400
1784778397.569938,3809,2364,8011,9071,97.3700,0.7500
1784778397.621830,3762,2383,8058,9062,102.7800,-1.3700
1784778397.673230,3780,2336,8002,9099,100.0700,-1.0600
1784778397.724839,3799,2336,8002,9090,102.7800,-0.6900
1784778397.776171,3780,2308,8030,9071,103.4100,-1.0000
1784778397.827884,3790,2298,7983,9062,108.1900,-0.3700
1784778397.879067,3809,2280,8021,9081,108.1900,-0.4400
1784778397.931001,3799,2308,8011,9034,108.1900,0.0000
1784778397.982771,3790,2355,7992,9081,108.1900,0.8100
1784778398.034174,3771,2364,7964,9062,105.4800,-0.7500
1784778398.085822,3855,2317,8002,8987,105.4800,0.6900
1784778398.137141,3780,2439,8002,9052,108.1900,-0.0600
1784778398.189103,3743,2270,7927,9024,110.8900,0.9400
1784778398.240054,3771,2223,7927,9015,110.8900,1.5600
1784778398.292174,3799,2261,7964,9015,113.6000,0.3100
1784778398.343729,3809,2251,7964,8996,108.1900,0.0000
1784778398.395303,3799,2111,7964,8968,113.6000,-0.8100
1784778398.446835,3780,2195,7955,9043,108.1900,0.1900
1784778398.497972,3818,2129,7936,8940,110.8900,-0.3100
1784778398.549838,3771,2158,7908,8987,110.8900,-0.7500
1784778398.601343,3809,2233,7917,9005,110.8900,0.6900
1784778398.653107,3809,2298,7889,9015,113.6000,0.6900
1784778398.704727,3809,2233,7899,9024,114.0200,-0.1200
1784778398.755901,3780,2280,7861,9024,119.0100,1.2500
1784778398.807775,3809,2261,7917,8949,119.0100,-1.0600
1784778398.858943,3799,2233,7870,8968,118.6800,1.0600
1784778398.910804,3827,2326,7861,8921,119.3200,-0.8800
1784778398.962124,3846,2430,7861,8977,121.4400,2.4400
1784778399.013859,3799,2364,7833,8959,121.9800,-1.5600
1784778399.065145,3790,2261,7842,8921,124.1900,1.6900
1784778399.116871,3837,2392,7852,8977,124.4200,-0.3100
1784778399.169254,3780,2317,7870,8968,124.4200,-1.2500
1784778399.219907,3827,2411,7908,8912,127.1200,-1.2500
1784778399.271794,3846,2176,7842,8949,129.8300,-0.5000
1784778399.323143,3874,2251,7833,8959,127.1200,0.0000
1784778399.374830,3809,2308,7842,8884,124.6300,0.3100
1784778399.426143,3818,2326,7777,8949,121.7100,-0.6900
1784778399.477850,3818,2317,7852,8949,124.1900,-0.9400
1784778399.529728,3818,2251,7852,8884,127.2800,0.1200
1784778399.580930,3827,2345,7852,8996,129.8300,-0.1200
1784778399.632758,3874,2401,7805,8940,132.5300,0.8100
1784778399.684138,3902,2401,7861,8902,143.5100,-1.5600
1784778399.735784,3855,2533,7805,9278,132.5800,0.7500
1784778399.787096,3855,2645,7767,9559,140.6400,-0.0600
1784778399.838880,3884,2467,7786,9559,137.9900,0.8800
1784778399.890031,3940,2495,7777,8705,137.9400,0.0000
1784778399.942143,3827,2411,7786,8715,135.2300,1.3700
1784778399.993727,3865,2448,7777,8799,140.7500,-0.1200
1784778400.045089,3874,2448,7758,8837,140.5400,0.9400
1784778400.096758,3818,2392,7758,8827,135.2300,-0.8100
1784778400.147934,3855,2364,7692,8827,146.0500,1.5000
1784778400.199824,3818,2336,7692,8780,154.5500,-0.5000
1784778400.251415,3855,2448,7692,8771,146.0500,0.3700
1784778400.303066,3874,2570,7683,8762,156.8700,1.0600
1784778400.354687,3874,2392,7739,8771,146.0500,-0.9400
1784778400.405876,3893,2251,7720,8715,148.4900,0.0000
1784778400.457745,3912,2251,7664,8705,149.0300,1.3100
1784778400.508917,3912,2223,7692,8696,145.8400,1.8100
1784778400.561076,3874,2251,7683,8696,149.0300,0.5000
1784778400.612076,3912,2289,7655,8752,145.8400,0.6900
1784778400.663834,3912,2233,7702,8724,148.7600,0.3100
1784778400.715109,3987,2148,7692,8724,146.0500,0.6900
1784778400.766829,3893,2148,7673,8640,151.4600,-0.0600
1784778400.818713,3893,2195,7720,8668,154.5500,-0.6300
1784778400.869870,3959,2523,7627,8621,151.4600,-0.3100
1784778400.921782,3884,2758,7608,8611,151.4600,-1.0600
1784778400.973100,3977,2580,7589,8490,156.4500,-0.5600
1784778401.024775,3912,2129,7608,8752,160.0700,-0.3100
1784778401.076077,3977,2467,7645,8471,162.2800,-0.8100
1784778401.127831,3968,2720,7598,8508,159.1000,-0.4400
1784778401.178991,3921,2711,7570,8621,159.5800,-0.6900
1784778401.230865,3940,2805,7570,8611,165.5900,-0.0600
1784778401.282712,3912,2251,7570,8602,162.2800,0.1200
1784778401.334133,3865,2448,7589,8743,161.7500,2.1300
1784778401.385745,4043,2148,7589,8752,168.3500,0.6900
1784778401.437058,4203,2505,7551,8752,167.6900,-0.0600
1784778401.488789,4184,2336,7551,8658,162.2800,-1.1900
1784778401.539969,4024,2233,7561,8724,164.4000,0.8800
1784778401.592066,4062,2186,7570,8621,168.3500,-2.2500
1784778401.643689,4034,2289,7505,8574,169.7100,1.1200
1784778401.695051,3996,2674,7551,8508,173.1000,-0.1200
1784778401.746741,3931,2542,7551,8536,176.6300,-0.3100
1784778401.797971,3940,2523,7533,8508,178.5100,-0.4400
1784778401.849833,3921,2345,7505,8546,175.8000,1.0000
1784778401.901265,3949,2514,7505,8461,178.5100,0.7500
1784778401.953027,4090,2720,7505,8508,173.1000,1.3700
1784778402.004019,4071,2683,7514,8471,170.4000,-0.0600
1784778402.055838,4043,2814,7495,8490,175.8000,0.8100
1784778402.107713,4034,2636,7430,8490,175.8000,-0.6300
1784778402.158844,3959,2824,7392,8424,176.6300,0.0600
1784778402.210739,3996,2655,7448,8415,175.8000,-0.2500
1784778402.262049,3940,2664,7458,8471,175.0100,-4.5600
1784778402.313755,3949,2702,7430,8415,183.9200,1.6900
1784778402.365041,3996,2692,7420,8452,178.5100,-0.1900
1784778402.416787,3912,2589,7392,8480,182.1500,-1.0000
1784778402.468621,3996,2664,7345,8480,175.8000,1.4400
1784778402.519826,4043,2589,7383,8452,181.2100,2.4400
1784778402.571723,4062,2730,7345,8452,172.3600,0.7500
1784778402.623118,3912,2777,7317,8415,178.5100,0.0600
1784778402.674724,3968,2608,7354,8339,173.1000,-0.6900
1784778402.726064,3996,2627,7345,8424,178.5100,-0.3100
1784778402.777749,4034,2655,7326,8433,178.5100,1.5600
1784778402.829060,3996,2627,7289,8339,178.5100,-0.9400
1784778402.880797,3996,2542,7270,8358,178.5100,1.6900
1784778402.932645,4043,2645,7261,8368,175.8000,0.5000
1784778402.984069,4043,2730,7270,8415,179.3900,0.5600
1784778403.035683,4052,2674,7233,8405,172.3600,0.7500
1784778403.087033,4043,2674,7261,8330,176.6300,1.8100
1784778403.138719,4043,2608,7242,8321,172.3600,0.7500
1784778403.189932,4081,2608,7251,8311,173.8700,0.9400
1784778403.241913,4081,2674,7233,8405,167.0500,-0.4400
1784778403.293041,4043,2645,7233,8377,164.9900,0.8100
1784778403.346088,4052,2645,7270,8358,167.6900,-0.9400
1784778403.396669,4052,2720,7251,8302,164.9900,-0.1200
1784778403.447805,4071,2720,7186,8358,161.7500,0.0600
1784778403.499766,4081,2664,7270,8339,164.9900,-1.6300
1784778403.551148,4081,2683,7204,8293,173.1000,0.2500
1784778403.603016,4099,2645,7223,8246,173.1000,-0.7500
1784778403.653995,4146,2692,7204,8311,171.1100,-1.1200
1784778403.705766,4043,2758,7176,8321,167.6900,-1.1900
1784778403.757607,4071,2758,7176,8255,164.9900,-0.4400
1784778403.808778,4109,2739,7157,8302,164.9900,1.8100
1784778403.860637,4146,2795,7157,8302,164.4000,-1.6300
1784778403.911824,4118,2833,7073,8218,162.2800,0.5000
1784778403.963685,4165,2767,7101,8283,167.6900,-1.1200
1784778404.015045,4184,2795,7120,8274,168.3500,-0.1200
1784778404.066706,4240,2805,7129,8236,167.6900,-0.5600
1784778404.118042,4174,2795,7064,8171,162.2800,1.9400
1784778404.169728,4184,2777,7148,8171,159.1000,0.0600
1784778404.220953,4146,2739,7092,8180,162.2800,-0.4400
1784778404.273051,4128,2720,7082,8208,168.3500,0.3700
1784778404.324622,4203,2739,7073,8161,161.7500,0.5600
1784778404.376005,4137,2795,7045,8161,156.8700,-1.0000
1784778404.427650,4193,2777,7064,8142,156.8700,1.4400
1784778404.478839,4278,2814,7007,8218,156.8700,-0.8100
1784778404.530720,4278,2758,6989,8133,156.8700,0.6900
1784778404.581948,4287,2833,6989,8096,154.1700,-1.0000
1784778404.634053,4287,2795,7007,8124,160.0700,-0.4400
1784778404.685567,4353,2814,6970,8096,153.8000,-0.6300
1784778404.736749,4231,2842,6998,8171,160.0700,-1.8800
1784778404.788621,4221,2870,7036,8142,161.7500,1.0600
1784778404.839852,4221,2777,7036,8096,162.2800,-1.8100
1784778404.891753,4174,2739,7017,8152,159.5800,-0.5600
1784778404.942833,4259,2767,7026,8133,164.9900,-1.6300
1784778404.995001,4174,2749,6923,8142,159.5800,-1.8800
1784778405.046051,4231,2739,6960,8096,162.2800,-1.0000
1784778405.097752,4231,2749,7007,8039,170.4000,-1.8800
1784778405.149674,4249,2720,6932,8030,175.8000,-0.1200
1784778405.200763,4231,2720,6979,8067,175.8000,-2.3800
1784778405.252653,4278,2824,6904,8039,173.1000,0.9400
1784778405.303952,4259,2814,6942,8002,176.6300,-2.0000
1784778405.355664,4268,2767,6895,7983,169.7100,0.3700
1784778405.407038,4278,2795,6895,7983,173.1000,-1.1900
1784778405.458711,4193,2749,6904,7992,176.6300,0.7500
1784778405.510585,4268,2749,6867,7964,169.7100,0.1900
1784778405.561757,4259,2739,6829,7964,175.8000,2.1900
1784778405.613612,4268,2692,6904,7974,173.1000,0.6900
1784778405.665011,4325,2730,6867,7955,175.8000,0.8100
1784778405.716636,4306,2795,6839,8021,173.1000,1.1900
1784778405.767979,4362,2786,6839,8105,173.1000,-1.0600
1784778405.819673,4362,3152,6820,7955,175.8000,0.5600
1784778405.870958,4334,2908,6876,7992,171.1100,-0.3100
1784778405.922705,4306,2880,6857,7936,173.1000,0.0000
1784778405.974810,4343,3133,6829,7974,172.3600,0.8800
1784778406.026052,4362,3058,6829,7880,170.4000,-0.8100
1784778406.077612,4371,3264,6848,7917,179.3900,-0.5000
1784778406.128967,4353,3058,6857,7936,173.1000,1.0600
1784778406.180645,4381,3133,6820,7899,175.8000,0.3100
1784778406.231869,4343,3218,6763,7899,173.1000,0.0000
1784778406.283807,4334,3114,6782,7964,169.7100,1.0600
1784778406.335547,4381,3189,6745,7983,173.8700,0.0000
1784778406.386944,4409,3096,6745,7852,169.7100,2.4400
1784778406.438601,4390,3171,6745,7880,170.4000,-1.0600
1784778406.489796,4409,3124,6735,7880,170.4000,1.5600
1784778406.541678,4418,3161,6754,7964,173.1000,0.5000
1784778406.592833,4512,3171,6717,7870,167.6900,1.0000
1784778406.644955,4400,3124,6717,7880,170.4000,0.1200
1784778406.695915,4418,3086,6735,7814,173.8700,0.4400
1784778406.747701,4475,3218,6735,7814,171.1100,1.4400
1784778406.799815,4428,3161,6726,7842,172.3600,-0.3100
1784778406.850847,4409,3208,6754,7795,170.4000,1.5600
1784778406.902607,4475,3208,6726,7786,170.4000,0.5600
1784778406.953822,4437,3180,6688,7795,173.1000,-1.0000
1784778407.005992,4475,3246,6707,7795,167.6900,1.6900
1784778407.056937,4475,3114,6670,7777,167.6900,-0.4400
1784778407.108659,4465,3236,6660,7758,167.6900,3.1900
1784778407.160533,4512,3227,6632,7805,164.9900,-2.5600
1784778407.211707,4493,3208,6642,7720,167.6900,0.1200
1784778407.263557,4475,3218,6670,7748,167.6900,-2.2500
1784778407.314939,4522,3171,6632,7748,170.4000,-0.5000
1784778407.366588,4456,3246,6632,7720,176.6300,-1.4400
1784778407.417974,4531,3208,6660,7702,169.7100,-0.1900
1784778407.469640,4522,3208,6660,7739,175.8000,-0.8100
1784778407.520914,4522,3293,6660,7683,176.6300,2.0600
1784778407.572692,4512,3246,6670,7673,169.7100,0.5000
1784778407.624536,4475,3180,6613,7702,175.8000,2.0000
1784778407.675942,4522,3255,6623,7645,173.8700,-1.1900
1784778407.727573,4540,3283,6557,7673,170.4000,1.6300
1784778407.778915,4484,3255,6557,7655,170.4000,-0.9400
1784778407.830625,4568,3311,6529,7702,173.1000,-0.0600
1784778407.881808,4512,3293,6491,7664,172.3600,-0.3700
1784778407.933703,4531,3302,6520,7608,167.6900,-0.3700
1784778407.985481,4540,3293,6501,7636,170.4000,-1.3100
1784778408.036906,4559,3461,6454,7598,170.4000,1.4400
1784778408.088570,4568,3349,6463,7627,175.8000,0.3100
1784778408.139728,4522,3321,6473,7598,167.6900,2.4400
1784778408.191642,4559,3283,6445,7608,176.6300,0.6300
1784778408.242766,4615,3330,6454,7561,167.0500,-0.4400
1784778408.294915,4578,3311,6398,7608,176.6300,0.6900
1784778408.346487,4587,3396,6388,7627,164.4000,0.6900
1784778408.397968,4587,3330,6388,7589,173.1000,0.6900
1784778408.449727,4606,3415,6313,7551,173.1000,-0.3700
1784778408.500685,4568,3386,6294,7570,173.1000,1.2500
1784778408.552579,4615,3340,6370,7542,173.1000,-0.9400
1784778408.603743,4597,3368,6313,7533,173.1000,0.0000
1784778408.655920,4653,3396,6370,7570,179.3900,1.1200
1784778408.707069,4615,3396,6323,7448,169.7100,0.3100
1784778408.758750,4653,3311,6313,7486,173.1000,2.7500
1784778408.810511,4643,3330,6388,7458,170.4000,-0.7500
1784778408.861669,4672,3358,6304,7514,173.1000,0.3700
1784778408.913550,4681,3424,6173,7476,173.1000,-1.7500
1784778408.964877,4653,3349,6304,7561,182.1500,0.0600
1784778409.016574,4662,3386,6257,7589,175.8000,0.8100
1784778409.067979,4681,3443,6257,7617,177.6600,-1.7500
1784778409.120111,4690,3443,6285,7458,178.5100,1.0600
1784778409.171492,4672,3452,6201,7523,181.2100,-3.8100
1784778409.222712,4662,3452,6276,7505,184.9100,2.6900
1784778409.274529,4681,3508,6210,7589,175.0100,-1.2500
1784778409.325924,4681,3424,6248,7495,182.1500,2.3800
1784778409.377599,4690,3443,6229,7458,175.0100,1.7500
1784778409.428878,4672,3433,6229,7448,179.3900,1.9400
1784778409.480612,4672,3452,6219,7439,175.8000,-1.9400
1784778409.532448,4662,3433,6210,7392,172.3600,-0.8100
1784778409.583870,4700,3461,6238,7448,173.1000,-1.8800
1784778409.635488,4700,3443,6201,7383,175.8000,-0.0600
1784778409.687040,4728,3452,6173,7420,176.6300,-0.8800
1784778409.738560,4728,3386,6182,7420,175.0100,0.3700
1784778409.789903,4728,3490,6191,7392,176.6300,-0.1900
1784778409.841730,4747,3405,6116,7364,175.0100,0.8100
1784778409.892781,4690,3433,6135,7383,173.8700,0.1200
1784778409.944902,4700,3471,6173,7308,169.7100,2.5600
1784778409.996490,4718,3490,6210,7308,173.1000,1.1200
1784778410.047875,4728,3537,6154,7326,164.4000,-1.5600
1784778410.099539,4775,3508,6219,7326,175.8000,-0.0600
1784778410.150692,4747,3518,6182,7261,168.3500,-0.2500
1784778410.202555,4784,3537,6154,7261,167.0500,-0.3700
1784778410.253859,4784,3555,6126,7242,173.1000,-0.7500
1784778410.305898,4747,3602,6182,7270,175.8000,0.5600
1784778410.357541,4756,3593,6107,7270,176.6300,-2.0000
1784778410.408596,4794,3621,6126,7233,172.3600,1.8100
1784778410.460532,4747,3696,6107,7233,175.8000,-1.3700
1784778410.511630,4794,3612,6135,7195,176.6300,1.6300
1784778410.563543,4812,3762,6097,7242,170.4000,0.6300
1784778410.614847,4840,3658,6088,7242,169.7100,0.0000
1784778410.666672,4794,3630,6041,7233,173.1000,-0.3100
1784778410.717906,4822,3762,6088,7270,176.6300,-0.5600
1784778410.769636,4859,3752,6116,7214,173.1000,-0.7500
1784778410.821474,4878,3687,6051,7167,169.7100,-0.5600
1784778410.872652,4850,3752,6051,7176,173.1000,-0.1200
1784778410.924495,4859,3668,6022,7186,178.5100,-0.3700
1784778410.975895,4859,3668,6022,7176,173.1000,-1.3700
1784778411.027519,4822,3705,6032,7195,178.5100,-0.3700
1784778411.078831,4906,3696,6013,7120,173.1000,-0.1200
1784778411.130582,4887,3705,6032,7129,173.1000,1.0600
1784778411.182405,4897,3762,5957,7148,173.1000,1.5000
1784778411.234085,4878,3752,5929,7129,176.6300,-0.5600
1784778411.285474,4869,3743,5891,7129,173.1000,-0.2500
1784778411.336820,4850,3780,5910,7129,173.1000,-0.8800
1784778411.388527,4906,3743,5854,7139,173.1000,0.6300
1784778411.439875,4915,3780,5882,7111,175.0100,0.0000
1784778411.491627,4925,3743,5910,7120,175.8000,0.6300
1784778411.543395,4897,3696,5882,7148,182.1500,-0.3100
1784778411.594806,4934,3762,5891,7120,173.1000,-0.4400
1784778411.646475,4953,3799,5900,7120,172.3600,0.8100
1784778411.697839,4944,3762,5882,7129,170.4000,1.1200
1784778411.749506,4953,3790,5882,7120,170.4000,1.4400
1784778411.800667,4925,3734,5825,7092,164.9900,0.2500
1784778411.852529,4906,3809,5863,7064,178.5100,-0.1200
1784778411.904431,4934,3827,5797,7129,167.6900,-0.4400
1784778411.955816,4934,3818,5769,7120,170.4000,-0.3700
1784778412.007762,4944,3827,5825,7101,171.1100,-1.5600
1784778412.058597,4944,3846,5816,7129,169.7100,0.0600
1784778412.110479,4981,3799,5722,7082,173.1000,-0.9400
1784778412.161656,4944,3865,5694,7064,176.6300,-0.9400
1784778412.213519,4953,3865,5713,7045,173.1000,0.2500
1784778412.264794,5037,3827,5694,7101,175.0100,0.3700
1784778412.316534,5000,3837,5713,6989,176.6300,-0.6300
1784778412.368392,4981,3837,5666,7007,177.6600,0.5000
1784778412.419571,5000,3855,5647,7045,175.8000,0.5000
1784778412.471467,5019,3921,5666,7036,173.1000,0.3100
1784778412.522638,5028,3921,5619,6998,173.8700,0.8800
1784778412.574789,5019,3921,5610,7026,169.7100,1.1200
1784778412.625973,5019,3912,5657,7054,170.4000,1.6900
1784778412.677534,4981,3874,5657,7007,175.8000,-1.1200
1784778412.729408,5037,3996,5647,6951,173.1000,0.8800
1784778412.780566,5009,4015,5647,7017,170.4000,-2.0600
1784778412.832424,4981,3921,5628,6998,173.1000,1.4400
1784778412.883644,5000,3949,5563,7026,175.8000,-0.1900
1784778412.935460,4953,3949,5591,7026,176.6300,0.8800
1784778412.986782,5000,4015,5619,7007,164.4000,-0.4400
1784778413.038513,5028,4034,5638,6998,175.8000,1.4400
1784778413.089803,4991,3996,5591,6970,173.1000,-1.4400
1784778413.141581,5009,3987,5525,6951,173.1000,0.0600
1784778413.193410,4962,3996,5506,6942,167.6900,-1.3700
1784778413.244771,5009,3996,5572,6857,173.1000,-0.5600
1784778413.296443,5028,4034,5535,6867,173.1000,-0.8100
1784778413.347752,5056,4062,5544,6876,173.8700,-1.0600
1784778413.399777,5009,4043,5553,6857,169.7100,0.0600
1784778413.450736,5075,4099,5525,6867,170.4000,-0.6900
1784778413.502546,5028,4090,5544,6876,173.1000,0.2500
1784778413.554407,5066,4118,5488,6932,173.1000,0.0600
1784778413.605779,5066,4090,5478,6857,170.4000,0.8800
1784778413.657443,5075,4081,5516,6857,173.1000,-1.3700
1784778413.708791,5056,4099,5497,6876,170.4000,0.5600
1784778413.760445,5094,4109,5525,6792,173.1000,-0.2500
1784778413.811615,5047,4128,5516,6801,171.1100,1.0600
1784778413.863500,5066,4137,5469,6763,172.3600,-0.2500
1784778413.915395,5056,4137,5478,6745,173.1000,1.6900
1784778413.966791,5066,4184,5431,6810,170.4000,0.1200
1784778414.018397,5056,4184,5422,6792,175.8000,-0.4400
1784778414.069563,5075,4165,5431,6773,175.8000,1.6900
1784778414.121439,5084,4156,5450,6754,173.8700,-0.3700
1784778414.172647,5150,4203,5431,6763,172.3600,4.0600
1784778414.224468,5141,4174,5375,6792,170.4000,2.9400
1784778414.275773,5131,4193,5375,6670,167.6900,1.5000
1784778414.327755,5169,4231,5403,6642,167.6900,0.2500
1784778414.379386,5131,4156,5375,6698,167.6900,-0.5600
1784778414.430848,5131,4240,5347,6660,170.4000,-0.8800
1784778414.482412,5159,4240,5394,6698,167.6900,-0.5600
1784778414.533636,5131,4165,5328,6707,173.1000,-0.1900
1784778414.585786,5169,4231,5338,6717,173.1000,-0.9400
1784778414.636721,5178,4240,5319,6707,175.0100,-1.6900
1784778414.688506,5141,4268,5300,6679,175.8000,-0.7500
1784778414.740366,5159,4306,5385,6670,176.6300,0.3700
1784778414.791574,5141,4240,5375,6688,173.1000,0.8100
1784778414.843389,5150,4334,5281,6623,170.4000,0.5000
1784778414.894559,5141,4278,5309,6632,175.8000,0.1200
1784778414.946449,5197,4259,5338,6604,169.7100,-0.3100
1784778414.997760,5206,4268,5300,6604,167.6900,-0.6900
1784778415.049751,5197,4287,5319,6632,169.7100,-0.1900
1784778415.101349,5197,4306,5225,6566,165.5900,-0.3100
1784778415.152541,5225,4343,5244,6538,173.1000,-0.8800
1784778415.204437,5206,4371,5272,6557,167.6900,1.7500
1784778415.255743,5188,4343,5281,6585,170.4000,-1.4400
1784778415.307428,5197,4325,5244,6595,173.1000,1.3700
1784778415.358717,5169,4475,5300,6595,167.0500,0.5600
1784778415.410457,5188,4400,5281,6585,173.8700,1.0000
1784778415.461766,5188,4418,5225,6548,170.4000,2.6900
1784778415.513512,5197,4428,5150,6501,167.6900,0.0000
1784778415.565358,5244,4371,5197,6538,164.9900,0.3700
1784778415.616722,5253,4456,5188,6585,167.6900,0.4400
1784778415.668395,5253,4437,5234,6538,167.6900,-1.6300
1784778415.719719,5263,4381,5178,6538,170.4000,0.0600
1784778415.771410,5300,4456,5225,6529,167.6900,-0.9400
1784778415.822602,5272,4437,5150,6520,170.4000,0.3100
1784778415.874475,5272,4484,5150,6520,170.4000,-0.6900
1784778415.926361,5281,4465,5141,6529,173.1000,-0.1900
1784778415.977728,5253,4568,5037,6576,170.4000,0.5000
1784778416.029352,5272,4503,5075,6520,170.4000,0.3700
1784778416.080742,5234,4531,5103,6491,170.4000,0.5000
1784778416.132423,5263,4493,5122,6520,170.4000,-0.4400
1784778416.183582,5263,4503,5122,6473,167.0500,-0.4400
1784778416.235737,5300,4531,5103,6482,171.1100,0.0000
1784778416.286700,5272,4531,5122,6501,167.6900,-1.3100
1784778416.338717,5216,4615,5178,6482,167.6900,0.3700
1784778416.390334,5347,4643,5150,6520,170.4000,-0.2500
1784778416.441504,5319,4587,5188,6463,164.4000,-1.0000
1784778416.493387,5347,4615,5188,6435,171.1100,0.5000
1784778416.544559,5356,4606,5225,6491,176.6300,-0.2500
1784778416.596732,5328,4559,5131,6454,176.6300,-0.2500
1784778416.647702,5394,4643,5178,6454,170.4000,2.5600
1784778416.699448,5366,4615,5122,6473,171.1100,-0.8100
1784778416.751311,5366,4634,5131,6463,170.4000,1.8100
1784778416.802471,5309,4672,5122,6426,170.4000,-1.6900
1784778416.854345,5366,4737,5122,6501,167.0500,1.0600
1784778416.905514,5338,4728,5094,6435,168.3500,-2.4400
1784778416.957367,5403,4709,5094,6435,167.6900,0.1900
1784778417.008688,5385,4728,5112,6426,164.4000,0.1900
1784778417.060471,5403,4709,5047,6360,176.6300,-0.3700
1784778417.111701,5356,4728,5084,6360,169.7100,-1.4400
1784778417.163465,5394,4718,5084,6294,170.4000,-5.2500
1784778417.215327,5375,4784,5056,6313,173.8700,0.4400
1784778417.266684,5338,4775,5056,6341,170.4000,0.2500
1784778417.318347,5385,4784,5000,6323,178.5100,0.2500
1784778417.369696,5385,4803,5000,6294,173.1000,-0.2500
1784778417.421390,5441,4840,4991,6323,178.5100,-1.6900
1784778417.472695,5450,4840,4878,6341,178.5100,-1.3100
1784778417.524419,5497,4803,4887,6351,175.0100,0.0600
1784778417.576280,5497,4859,4878,6351,182.1500,0.1900
1784778417.627678,5450,4831,4869,6304,175.0100,0.0000
1784778417.679338,5431,4822,4934,6332,178.5100,-1.0000
1784778417.730655,5478,4934,4925,6285,178.5100,0.1200
1784778417.782362,5413,4944,4915,6313,175.8000,1.0600
1784778417.833546,5516,4840,4906,6351,179.3900,-1.4400
1784778417.885404,5525,5075,4869,6276,178.5100,1.6900
1784778417.936682,5450,4840,4850,6323,167.0500,0.8100
1784778417.988680,5497,4991,4840,6341,183.9200,2.0000
1784778418.040290,5497,4850,4887,6323,173.1000,-0.5600
1784778418.091479,5525,5225,4822,6304,178.5100,1.4400
1784778418.143342,5497,5075,4840,6248,173.1000,-1.3700
1784778418.194711,5516,5000,4784,6248,175.8000,-0.3100
1784778418.246709,5544,5272,4747,6294,175.8000,-0.3100
1784778418.297693,5422,5084,4784,6238,175.0100,-0.9400
1784778418.349416,5525,5244,4765,6201,179.3900,-0.3100
1784778418.401285,5497,5206,4747,6219,172.3600,-0.3100
1784778418.452469,5553,5272,4737,6229,181.2100,2.1300
1784778418.504316,5525,5197,4728,6238,178.5100,1.1200
1784778418.555559,5544,5197,4700,6210,182.1500,0.0600
1784778418.607354,5553,5253,4690,6219,177.6600,0.9400
1784778418.658650,5572,5338,4747,6201,182.1500,0.0600
1784778418.710430,5553,5338,4690,6248,178.5100,1.2500
1784778418.762339,5600,5309,4747,6182,178.5100,1.0600
1784778418.813451,5572,5141,4803,6154,180.3100,0.9400
1784778418.865298,5657,4981,4775,6144,181.2100,1.5600
1784778418.916638,5628,5385,4709,6144,183.9200,0.3700
1784778418.968347,5628,4747,4700,6191,179.3900,0.8800
1784778419.019653,5619,5309,4700,6229,183.9200,-1.7500
1784778419.071378,5807,5103,4681,6173,185.6200,3.2500
1784778419.122665,5553,4944,4568,6219,178.5100,0.5000
1784778419.174465,5741,5141,4568,6219,181.2100,0.4400
1784778419.226308,5835,5263,4700,6210,179.3900,0.0000
1784778419.277644,5741,5356,4615,6210,175.0100,0.6300
1784778419.329299,5694,5422,4587,6097,176.6300,-0.5000
1784778419.380731,5929,5375,4587,6069,172.3600,-0.7500
1784778419.432342,5525,5403,4578,6097,173.1000,0.6300
1784778419.483537,5750,5469,4578,6097,184.9100,-0.8800
1784778419.535388,5610,5413,4578,6088,186.6200,0.3700
1784778419.587216,6144,5328,4578,6069,175.0100,-0.8800
1784778419.638649,6060,5347,4578,6032,181.2100,1.0000
1784778419.690266,6060,5385,4550,6004,183.9200,0.5600
1784778419.741462,6060,5272,4522,6004,181.2100,0.6300
1784778419.793309,5647,5197,4531,5976,181.2100,-1.5000
1784778419.844476,5657,5234,4540,6032,175.0100,-0.3700
1784778419.896648,5647,5234,4522,6051,175.0100,-0.3700
1784778419.947872,5703,5281,4493,6004,176.6300,-0.5600
1784778419.999375,5694,5347,4475,5947,178.5100,-0.6900
1784778420.051261,5685,5169,4493,5929,167.0500,-0.9400
1784778420.102433,5722,5478,4456,5957,170.4000,-0.0600
1784778420.154272,5722,5582,4456,6013,179.3900,-0.3700
1784778420.205447,5713,5478,4409,5957,167.0500,0.6300
1784778420.257603,6257,5375,4475,5929,176.6300,1.0000
1784778420.308609,5919,5450,4446,5947,173.1000,0.6900
1784778420.360392,5966,5431,4362,5919,169.7100,-0.5600
1784778420.412252,5882,5450,4362,5938,173.1000,-0.1200
1784778420.463420,5779,5460,4409,5919,173.1000,0.0000
1784778420.515267,5779,5478,4418,5900,173.1000,-1.4400
1784778420.566618,5835,5469,4456,5929,173.1000,0.5000
1784778420.618305,5835,5478,4381,5919,170.4000,-0.1900
1784778420.669606,5910,5460,4343,5900,176.6300,-1.0600
1784778420.721342,5985,5478,4381,5910,169.7100,-0.6900
1784778420.772598,5938,5431,4325,5919,176.6300,-2.1300
1784778420.824376,5976,5441,4353,5919,169.7100,0.6900
1784778420.876230,5938,5478,4390,5919,170.4000,-0.7500
1784778420.927619,5910,5431,4325,5854,173.8700,1.6900
1784778420.979267,5891,5460,4343,5891,164.4000,-0.3100
1784778421.030795,5919,5488,4334,5863,171.1100,0.5000
1784778421.082300,5891,5506,4315,5844,167.0500,-0.8800
1784778421.133616,5844,5516,4362,5854,171.1100,1.0000
1784778421.185327,5994,5506,4343,5788,161.7500,-0.6900
1784778421.237183,6351,5488,4325,5816,173.8700,0.5000
1784778421.288668,6351,5535,4362,5788,167.0500,0.0000
1784778421.340239,5947,5535,4325,5769,165.5900,0.7500
1784778421.391424,6069,5572,4287,5779,167.0500,-0.6300
1784778421.443272,5872,5506,4268,5750,173.8700,-0.9400
1784778421.494455,6004,5553,4249,5750,170.4000,-0.6300
1784778421.547175,5976,5516,4306,5788,169.7100,1.9400
1784778421.597861,5976,5506,4240,5750,173.1000,-1.4400
1784778421.649328,6032,5685,4203,5769,178.5100,0.8800
1784778421.701206,6022,5572,4165,5722,175.8000,-1.4400
1784778421.752392,6051,5628,4128,5732,182.1500,-0.2500
1784778421.804352,6060,5591,4184,5722,175.0100,-0.5000
1784778421.855580,6041,5666,4193,5694,183.9200,0.9400
1784778421.907340,6051,5638,4137,5760,182.1500,-1.8800
1784778421.958627,6051,5628,4156,5732,175.0100,0.0600
1784778422.010374,6051,5619,4137,5694,173.1000,-1.0000
1784778422.061711,6041,5647,4174,5638,178.5100,1.4400
1784778422.113355,6079,5638,4128,5675,170.4000,1.0000
1784778422.165406,6041,5722,4146,5619,173.1000,1.0000
1784778422.216582,6079,5685,4090,5647,173.1000,-1.0600
1784778422.268266,6144,5741,4118,5591,173.1000,0.5600
1784778422.319617,6069,5750,4099,5694,167.6900,-2.0600
1784778422.371327,6107,5703,4156,5675,173.1000,0.6300
1784778422.422697,6079,5816,4090,5703,171.1100,-1.1200
1784778422.474418,6088,5732,4090,5694,167.0500,-0.2500
1784778422.526255,6107,5816,4043,5713,173.1000,-0.1200
1784778422.577602,6154,5779,4081,5675,170.4000,-0.1200
1784778422.629252,6173,5844,4024,5675,173.1000,-0.6900
1784778422.680705,6154,5863,3977,5703,164.9900,-0.9400
1784778422.732269,6323,5825,4034,5619,170.4000,1.4400
1784778422.783556,6294,5863,4015,5619,164.9900,0.3100
1784778422.835311,6238,5844,3996,5619,167.6900,0.4400
1784778422.887172,6238,5825,4034,5675,162.2800,0.0600
1784778422.938585,6248,5854,3959,5628,162.2800,0.5000
1784778422.990218,6257,5891,3940,5610,164.9900,-1.3700
1784778423.041404,6313,5919,3893,5619,164.9900,0.8800
1784778423.093263,6313,5910,3893,5619,167.6900,0.0600
1784778423.144489,6238,5910,3921,5685,173.1000,-2.1300
1784778423.196582,6294,5910,3921,5685,173.1000,-2.1300
1784778423.248130,6285,5938,3884,5722,173.1000,0.3700
1784778423.299334,6276,5854,3949,5619,175.8000,0.3700
1784778423.351199,6276,5957,3931,5619,173.1000,1.2500
1784778423.402416,6313,5872,4006,5760,175.0100,-0.6300
1784778423.454220,6294,5900,3855,5703,176.6300,0.1900
1784778423.505617,6304,5910,3902,5657,173.1000,0.2500
1784778423.557569,6285,5919,3799,5657,173.1000,0.5000
1784778423.608678,6332,5891,3855,5563,167.0500,-0.0600
1784778423.660641,6360,5957,3912,5525,179.3900,0.5000
1784778423.712204,6332,5957,3855,5478,170.4000,2.3800
1784778423.763400,6360,6022,3846,5488,173.1000,-0.0600
1784778423.815264,6313,5985,3846,5469,173.1000,-0.1200
1784778423.866566,6351,5985,3790,5478,178.5100,-0.6900
1784778423.918288,6426,6069,3837,5394,173.1000,-0.5600
1784778423.969579,6398,6079,3809,5450,181.2100,1.6300
1784778424.021334,6388,6088,3837,5497,175.8000,-0.0600
1784778424.073152,6388,6079,3855,5563,178.5100,-0.4400
1784778424.124329,6445,6079,3818,5431,178.5100,0.3100
1784778424.176217,6445,6107,3809,5413,178.5100,-0.2500
1784778424.227558,6445,6107,3790,5394,178.5100,0.1200
1784778424.279218,6388,6135,3818,5328,178.5100,-0.3100
1784778424.330586,6445,6116,3771,5385,175.8000,0.7500
1784778424.382241,6501,6173,3734,5338,175.8000,-1.2500
1784778424.433488,6501,6201,3780,5328,178.5100,1.0600
1784778424.485569,6473,6229,3724,5356,178.5100,-1.5000
1784778424.537159,6426,6248,3743,5366,173.1000,1.7500
1784778424.588548,6473,6210,3752,5356,173.1000,-1.5600
1784778424.640188,6510,6229,3687,5366,178.5100,0.7500
1784778424.691383,6445,6266,3687,5319,169.7100,0.7500
1784778424.743220,6445,6248,3687,5338,173.1000,0.1200
1784778424.794534,6501,6276,3687,5385,176.6300,0.1200
1784778424.846554,6426,6266,3658,5385,176.6300,0.1200
1784778424.898131,6885,6351,3677,5356,170.4000,-1.8800
1784778424.949520,7045,6294,3658,5319,176.6300,0.0600
1784778425.001161,6773,6351,3668,5319,172.3600,-0.2500
1784778425.052402,6566,6379,3668,5347,182.1500,0.0600
1784778425.104237,6595,6370,3762,5375,173.1000,0.6300
1784778425.155495,6660,6445,3696,5309,172.3600,0.4400
1784778425.207571,6642,6398,3668,5385,178.5100,-0.3100
1784778425.259077,6670,6416,3668,5300,176.6300,-0.2500
1784778425.310306,6839,6445,3649,5291,173.1000,-0.2500
1784778425.362144,6538,6463,3668,5253,175.0100,-0.3700
1784778425.413333,6613,6445,3668,5385,179.3900,-0.6900
1784778425.465176,6632,6510,3668,5263,172.3600,0.1900
1784778425.516536,6585,6501,3668,5244,183.9200,0.4400
1784778425.568245,6651,6529,3612,5300,178.5100,-1.2500
1784778425.619596,6585,6173,3602,5263,182.1500,0.3100
1784778425.671400,6679,6501,3555,5244,177.6600,0.1200
1784778425.723125,6623,6229,3565,5234,176.6300,2.3800
1784778425.774276,6717,6585,3555,5263,175.0100,-0.6300
1784778425.826192,6670,6548,3555,5206,179.3900,1.0000
1784778425.877440,6698,6548,3527,5225,172.3600,-2.5000
1784778425.929217,6773,6576,3508,5206,173.1000,0.5600
1784778425.980532,6670,6585,3443,5178,176.6300,-2.3800
1784778426.032223,6698,6604,3461,5234,173.1000,0.7500
1784778426.084102,6726,6360,3415,5188,167.0500,0.3700
1784778426.135246,6707,6642,3443,5281,170.4000,-0.8800
1784778426.187172,6707,6623,3424,5188,173.1000,0.0000
1784778426.238691,6707,6116,3377,5197,182.1500,2.9400
1784778426.290161,6707,6651,3405,5206,178.5100,-0.5000
1784778426.341510,6717,6642,3377,5141,172.3600,1.3100
1784778426.393194,6867,6435,3396,5197,181.2100,0.2500
1784778426.444461,6773,6660,3368,5188,181.2100,-1.4400
1784778426.496243,6754,6613,3358,5131,181.2100,-1.4400
1784778426.548086,6820,6604,3405,5169,173.8700,-1.1200
1784778426.599484,6773,6585,3349,5159,172.3600,0.4400
1784778426.651118,6867,6510,3358,5103,178.5100,0.5600
1784778426.702338,6876,6501,3386,5150,175.8000,-0.3700
1784778426.754174,6820,6529,3377,5131,179.3900,-0.9400
1784778426.805423,6867,6529,3340,5159,173.1000,-0.7500
1784778426.857507,6829,6482,3340,5141,172.3600,0.8800
1784778426.909070,6857,6473,3293,5141,175.8000,-0.3100
1784778426.960554,6895,6379,3321,5122,176.6300,0.8100
1784778427.012125,6876,6463,3274,5075,173.1000,-0.1200
1784778427.063343,6989,6463,3340,5094,169.7100,-0.3100
1784778427.115155,6895,6473,3321,5056,173.1000,1.5600
1784778427.166389,6867,6416,3330,5047,171.1100,-1.3100
1784778427.218518,6829,6463,3330,5037,169.7100,1.2500
1784778427.269537,6932,6501,3293,5028,173.8700,0.7500
1784778427.321237,6923,6473,3264,5000,175.0100,1.7500
1784778427.373088,6942,6482,3246,5094,173.1000,-0.1900
1784778427.424316,6942,6510,3264,5075,176.6300,1.4400
1784778427.476151,6857,6491,3236,5056,173.1000,0.5000
1784778427.527308,6857,6501,3293,5103,169.7100,0.4400
1784778427.579707,6951,6566,3199,5075,176.6300,2.8100
1784778427.630618,7026,6482,3199,5009,172.3600,-0.3100
1784778427.682207,6970,6651,3218,5084,173.1000,1.2500
1784778427.734073,6970,6548,3236,5075,173.8700,-1.1900
1784778427.785258,6970,6566,3246,5122,172.3600,0.8100
1784778427.837103,7026,6566,3171,5084,171.1100,-1.5600
1784778427.888471,7064,6623,3246,4991,169.7100,0.2500
1784778427.940112,7026,6632,3152,5019,173.1000,-0.6300
1784778427.992197,7036,6576,3152,5028,173.1000,-0.2500
1784778428.043168,7026,6548,3199,4981,176.6300,-0.6300
1784778428.094555,7007,6566,3171,5000,178.5100,0.0600
1784778428.146205,7007,6566,3161,5009,178.5100,0.0600
1784778428.198085,7017,6548,3077,4981,176.6300,-0.5600
1784778428.249445,7073,6538,3152,4915,172.3600,-0.2500
1784778428.301087,7073,6576,3030,4925,173.1000,-0.3700
1784778428.352442,7073,6623,3124,4962,173.1000,0.6900
1784778428.404146,7017,6642,3161,5019,170.4000,-1.8800
1784778428.455474,7045,6642,3086,4981,173.1000,0.2500
1784778428.507223,7111,6623,3058,5009,176.6300,-2.2500
1784778428.559022,7129,6688,3096,4953,175.0100,-0.5600
1784778428.610549,7054,6679,3114,4953,173.1000,0.1200
1784778428.662073,7064,6679,3086,4981,170.4000,-1.8100
1784778428.713464,7157,6660,3189,5000,178.5100,0.3700
1784778428.765108,7101,6726,3114,4944,175.8000,0.0000
1784778428.816384,7064,6688,3180,4906,170.4000,0.1900
1784778428.868209,7139,6679,3049,4972,173.1000,-0.8100
1784778428.919693,7195,6745,3124,4887,173.1000,-0.7500
1784778428.971451,7176,6688,3030,4878,175.8000,-0.2500
1784778429.023044,7176,6698,3067,4906,173.8700,-1.6900
1784778429.074227,7167,6717,3067,4915,172.3600,0.1900
1784778429.126127,7167,6726,3049,4925,175.8000,-0.3100
1784778429.177277,7251,6679,3021,4897,178.5100,-1.5600
1784778429.229142,7186,6717,3049,4906,173.1000,0.1200
1784778429.280512,7186,6763,2992,4840,181.2100,-1.3700
1784778429.332420,7326,6735,3021,4897,176.6300,1.2500
1784778429.384036,7223,6707,3011,4915,177.6600,-1.8100
1784778429.435213,7195,6782,2955,4906,181.2100,2.0600
1784778429.487065,7214,6726,3021,4878,178.5100,-4.1300
1784778429.538357,7261,6717,2946,4878,175.8000,1.5600
1784778429.590527,7233,6754,2974,4887,175.8000,-3.1300
1784778429.641459,7233,6735,3021,4822,178.5100,1.8100
1784778429.693154,7251,6810,3002,4822,178.5100,-1.6900
1784778429.744991,7251,6820,2955,4869,181.2100,-1.5600
1784778429.796188,7233,6820,3011,4850,181.2100,-1.5600
1784778429.848361,7233,6848,2946,4803,178.5100,-0.8800
1784778429.899220,7289,6839,2983,4812,178.5100,0.6300
1784778429.951415,7336,6895,2870,4737,181.2100,0.5000
1784778430.002401,7336,6885,2880,4887,175.8000,0.9400
1784778430.054118,7326,6867,2936,4794,173.1000,0.4400
1784778430.105402,7326,6932,2889,4803,181.2100,-0.3700
1784778430.157160,7308,6848,2936,4840,173.1000,-1.3100
1784778430.209042,7326,6904,2889,4887,178.5100,0.6300
1784778430.260177,7420,6895,2861,4878,178.5100,-0.6300
1784778430.312052,7420,6867,2824,4887,178.5100,0.3700
1784778430.363377,7354,6904,2814,4887,183.9200,-2.9400
1784778430.415092,7364,6970,2824,4812,181.2100,0.8800
1784778430.466408,7383,6914,2833,4831,183.9200,-0.6900
1784778430.518146,7383,6942,2861,4765,189.3300,2.6300
1784778430.570007,7401,6923,2861,4822,183.9200,1.1900
1784778430.621157,7383,6932,2786,4784,183.9200,-0.2500
1784778430.673029,7467,6989,2824,4775,177.6600,0.9400
1784778430.724388,7458,6989,2833,4784,182.1500,-0.7500
1784778430.777262,7373,7007,2861,4784,186.6200,-0.8800
1784778430.827437,7439,7017,2786,4728,181.2100,3.0000
1784778430.879114,7448,7026,2805,4718,181.2100,0.5000
1784778430.930318,7467,7007,2842,4728,178.5100,0.5000
1784778430.982400,7430,6979,2730,4690,178.5100,0.9400
1784778431.034011,7411,6998,2758,4690,178.5100,-1.0600
1784778431.085390,7486,7082,2749,4672,183.9200,2.0600
1784778431.137047,7458,7064,2824,4662,178.5100,-2.3100
1784778431.188209,7476,7101,2739,4709,180.3100,3.0000
1784778431.240090,7486,7148,2720,4643,183.9200,-1.5000
1784778431.291273,7505,7073,2702,4625,187.6700,-1.3700
1784778431.343392,7448,7129,2749,4672,175.8000,-1.1900
1784778431.395007,7467,7101,2674,4597,177.6600,-0.8100
1784778431.446388,7505,7064,2608,4578,177.6600,-0.8100
1784778431.498016,7514,7064,2580,4606,175.8000,-3.1300
1784778431.549330,7514,7148,2655,4615,173.1000,-1.2500
1784778431.601059,7636,7092,2655,4587,178.5100,-1.2500
1784778431.652277,7495,7148,2589,4672,175.8000,1.1200
1784778431.704364,7533,7167,2655,4653,173.1000,0.1200
1784778431.755967,7533,7195,2608,4662,175.8000,-0.5000
1784778431.807374,7617,7167,2589,4662,173.1000,0.6900
1784778431.859040,7523,7195,2589,4568,169.7100,0.6900
1784778431.910186,7589,7214,2570,4615,171.1100,0.3100
1784778431.962051,7589,7233,2589,4578,173.1000,-0.4400
1784778432.013355,7636,7204,2598,4615,173.1000,-1.1900
1784778432.065381,7636,7214,2523,4568,173.1000,1.0600
1784778432.116353,7598,7167,2617,4531,175.8000,-1.2500
1784778432.168151,7589,7251,2533,4634,173.1000,0.0000
1784778432.219985,7580,7233,2495,4522,178.5100,0.0600
1784778432.271141,7645,7195,2439,4522,175.8000,0.3100
1784778432.323027,7664,7242,2439,4568,175.8000,0.5000
1784778432.374341,7636,7261,2486,4568,173.1000,1.1900
1784778432.426086,7636,7289,2477,4559,167.6900,0.2500
1784778432.477349,7664,7317,2448,4540,170.4000,0.5600
1784778432.529101,7664,7326,2505,4559,167.6900,0.1200
1784778432.581066,7664,7289,2430,4503,170.4000,-1.1900
1784778432.632128,7645,7317,2477,4531,167.6900,1.1200
1784778432.684028,7758,7289,2439,4475,173.1000,0.6900
1784778432.735344,7739,7364,2420,4456,167.6900,-0.6300
1784778432.787042,7730,7308,2439,4531,172.3600,0.8100
1784778432.838353,7627,7345,2486,4493,173.8700,-0.8800
1784778432.890112,7730,7383,2411,4493,173.1000,0.7500
1784778432.941957,7702,7336,2420,4484,170.4000,3.3800
1784778432.993109,7664,7298,2420,4475,175.8000,0.3100
1784778433.044971,7720,7364,2411,4503,170.4000,-0.9400
1784778433.096345,7767,7364,2411,4484,170.4000,-0.9400
1784778433.148030,7786,7401,2439,4484,173.1000,-1.4400
1784778433.199382,7824,7430,2420,4475,173.1000,1.5600
1784778433.251049,7777,7364,2364,4446,175.8000,0.3700
1784778433.302262,7786,7430,2420,4465,175.8000,-0.3700
1784778433.354098,7805,7467,2355,4484,178.5100,-0.1200
1784778433.405975,7814,7495,2326,4531,170.4000,2.8100
1784778433.457345,7777,7495,2336,4456,170.4000,2.8100
1784778433.508989,7748,7439,2373,4465,167.6900,-0.6900
1784778433.560301,7786,7467,2345,4437,167.6900,3.3800
1784778433.612040,7777,7486,2383,4428,159.5800,-1.2500
1784778433.663206,7814,7495,2477,4390,164.9900,0.3700
1784778433.715358,7833,7458,2467,4484,164.9900,-2.9400
1784778433.766897,7861,7561,2645,4465,170.4000,-0.8100
1784778433.818319,7870,7533,2683,4456,167.6900,0.1200
1784778433.869979,7880,7542,2833,4418,170.4000,-0.6300
1784778433.921146,7917,7551,2674,4475,167.6900,2.3800
1784778433.973028,7917,7551,2617,4437,173.1000,-1.2500
1784778434.024349,7917,7561,2720,4418,170.4000,-0.9400
1784778434.076315,7889,7580,2495,4456,173.1000,-1.4400
1784778434.127893,7908,7542,2364,4437,175.8000,-0.5600
1784778434.179107,7889,7598,2298,4343,172.3600,2.3800
1784778434.230964,7908,7598,2270,4371,165.5900,1.0000
1784778434.282148,7861,7617,2214,4315,159.1000,-1.6900
1784778434.333994,7908,7627,2242,4287,160.0700,-1.6900
1784778434.385317,7899,7598,2270,4325,164.9900,-0.0600
1784778434.437187,7927,7617,2223,4343,167.6900,-2.5600
1784778434.488430,7964,7645,2298,4325,170.4000,2.5600
1784778434.540094,7983,7664,2242,4353,170.4000,-0.9400
1784778434.591923,7992,7645,2242,4343,173.1000,1.0600
1784778434.643137,7964,7627,2261,4390,173.1000,-0.1200
1784778434.694975,7992,7655,2186,4343,173.1000,-0.1200
1784778434.746323,7992,7739,2242,4353,173.8700,-1.6900
1784778434.798121,7992,7673,2233,4306,175.8000,2.1300
1784778434.849299,7992,7673,2251,4296,167.6900,-0.6300
1784778434.901177,8002,7673,2204,4325,167.6900,2.8100
1784778434.952876,8021,7673,2167,4343,164.9900,-1.1200
1784778435.004068,7992,7730,2186,4325,167.6900,0.1900
1784778435.056481,8124,7739,2186,4343,164.4000,-2.5600
1784778435.107294,8096,7636,2186,4353,171.1100,-0.6900
1784778435.158973,8077,7692,2195,4334,167.6900,1.1200
1784778435.210286,8142,7730,2148,4296,167.6900,-2.6300
1784778435.262001,8124,7748,2073,4268,164.9900,0.2500
1784778435.313211,8077,7777,2111,4315,170.4000,-0.2500
1784778435.365048,8161,7748,2158,4268,167.6900,2.5600
1784778435.416924,8227,7739,2111,4362,161.7500,0.3700
1784778435.468303,8208,7758,2158,4231,171.1100,0.3700
1784778435.519971,8133,7805,2111,4249,170.4000,-0.3700
1784778435.571290,8152,7842,2054,4325,164.9900,-1.6300
1784778435.622997,8114,7833,2111,4268,162.2800,1.0600
1784778435.674225,8161,7833,2129,4287,167.6900,-0.1200
1784778435.726294,8133,7852,2139,4259,162.2800,1.0000
1784778435.777909,8142,7852,2111,4268,162.2800,-0.1200
1784778435.829297,8142,7842,2045,4287,164.9900,-0.1900
1784778435.880926,8152,7880,2054,4325,162.2800,-0.6300
1784778435.932234,8142,7824,2092,4287,161.7500,1.7500
1784778435.983967,8114,7805,2139,4315,168.3500,0.5600
1784778436.035147,8039,7861,2120,4231,161.7500,-1.1900
1784778436.087297,8152,7870,1989,4278,164.9900,2.1300
1784778436.138891,8086,7927,2026,4287,164.9900,0.1200
1784778436.190137,8105,7908,2083,4296,156.8700,-0.1900
1784778436.241904,8086,7955,2092,4296,157.3100,-0.6300
1784778436.293084,8142,7927,2036,4287,154.1700,0.2500
1784778436.344955,8161,7945,2158,4268,154.1700,0.2500
1784778436.396519,8199,7964,1989,4306,154.1700,2.0000
1784778436.448085,8171,7974,2017,4259,151.1400,-0.7500
1784778436.499230,8227,7945,2036,4325,154.5500,-0.3100
1784778436.551025,8255,7927,1998,4325,154.1700,-0.7500
1784778436.602894,8274,7992,1970,4325,151.1400,1.0000
1784778436.654090,8293,7983,1989,4353,151.4600,-0.5000
1784778436.706001,8255,8077,1979,4353,154.5500,0.9400
1784778436.757275,8311,8105,1979,4287,151.4600,0.2500
1784778436.808975,8377,8058,1970,4249,151.4600,-0.1900
1784778436.860300,8274,8067,1998,4325,148.7600,0.3100
1784778436.912027,8321,8133,1970,4362,151.4600,-1.1900
1784778436.963934,8330,8105,1942,4400,143.1900,0.6300
1784778437.015044,8358,8096,1895,4456,143.3500,0.3100
1784778437.066923,8377,8105,1961,4437,143.3500,-1.7500
1784778437.118250,8386,8199,2026,4334,146.2700,1.9400
1784778437.169949,8405,8199,1961,4400,140.6400,-1.4400
1784778437.221390,8386,8180,1923,4362,143.1900,0.7500
1784778437.272976,8396,8189,1876,4362,143.3500,0.6900
1784778437.324286,8358,8189,1923,4409,140.6400,1.0600
1784778437.376034,8471,8208,1998,4634,140.7500,-1.5600
1784778437.427903,8424,8171,1914,4690,137.8900,-0.5600
1784778437.479273,8424,8133,1932,4296,137.9400,0.1900
1784778437.530909,8377,8171,1839,4325,143.3500,1.2500
1784778437.582416,8330,8133,1810,4343,137.9400,-0.6300
1784778437.633942,8339,8133,1923,4278,140.6400,0.6900
1784778437.685124,8311,8133,1886,4249,135.2300,-0.3700
1784778437.737251,8377,8189,1895,4203,140.7500,0.9400
1784778437.789065,8405,8171,1839,4174,135.2300,-2.5600
1784778437.840312,8405,8218,1886,4128,135.2300,1.1900
1784778437.891885,8386,8199,1801,4212,135.2300,-0.0600
1784778437.943048,8377,8171,1810,4184,140.6400,-1.6300
1784778437.994922,8396,8133,1810,4184,140.6400,-1.6300
1784778438.046318,8368,8199,1839,4184,140.7500,0.0000
1784778438.098346,8358,8227,1867,4203,132.5800,-0.6300
1784778438.149199,8339,8246,1820,4212,143.5100,0.2500
1784778438.201053,8433,8227,1810,4193,137.9400,1.4400
1784778438.252866,8527,8218,1801,4184,140.6400,3.0000
1784778438.304056,8480,8236,1810,4203,137.8900,0.1200
1784778438.355916,8490,8236,1839,4184,135.2300,1.5000
1784778438.407080,8443,8274,1810,4184,132.5300,-2.2500
1784778438.459247,8480,8236,1829,4212,132.5300,2.0000
1784778438.510212,8518,8189,1810,4137,127.1200,-0.8800
1784778438.561974,8555,8218,1810,4146,135.2300,0.9400
1784778438.613832,8471,8227,1839,4231,132.5300,-0.6300
1784778438.665014,8480,8208,1773,4174,127.2800,0.8100
1784778438.716883,8452,8246,1810,4221,132.5300,-0.6900
1784778438.768392,8480,8293,1754,4184,127.1200,0.2500
1784778438.819887,8452,8339,1801,4146,132.4700,-0.0600
1784778438.871236,8461,8274,1810,4156,129.8300,-0.6900
1784778438.922971,8508,8302,1792,4184,124.6300,-0.5600
1784778438.974224,8565,8311,1782,4118,129.7100,-0.3100
1784778439.025932,8593,8330,1829,4109,119.0100,1.0000
1784778439.077853,8640,8330,1754,4128,119.3200,0.2500
1784778439.129106,8574,8377,1745,4118,116.3000,1.4400
1784778439.180849,8527,8283,1745,4052,116.3000,0.8100
1784778439.232163,8471,8330,1773,4128,113.6000,0.4400
1784778439.283899,8490,8339,1782,4099,116.3000,0.8100
1784778439.335101,8602,8386,1735,4137,113.6000,-1.5000
1784778439.386904,8583,8358,1735,4118,119.0100,0.2500
1784778439.438780,8649,8368,1717,4118,113.6000,-1.1200
1784778439.490157,8649,8358,1745,4081,121.7100,0.0000
1784778439.541837,8677,8321,1735,4128,124.1900,0.3100
1784778439.593091,8649,8377,1745,4090,119.0100,-0.4400
1784778439.644867,8630,8349,1735,4128,119.0100,-0.4400
1784778439.696508,8574,8349,1717,4118,113.6000,-1.6300
1784778439.747993,8518,8424,1670,4090,116.3000,-0.9400
1784778439.799043,8555,8452,1689,4128,119.0100,-0.5600
1784778439.851112,8565,8424,1726,4090,121.7100,1.6300
1784778439.902830,8658,8377,1707,4081,119.0100,1.0000
1784778439.953933,8715,8368,1679,4062,124.4200,-0.2500
1784778440.005846,8837,8415,1679,4099,119.0100,2.3800
1784778440.056955,8790,8415,1707,4062,124.4200,-2.3800
1784778440.109116,8818,8433,1679,4052,116.3000,1.7500
1784778440.160074,8884,8405,1632,4052,116.3000,-0.8100
1784778440.211893,8865,8433,1642,4118,119.0100,1.6300
1784778440.263284,8930,8424,1689,4024,116.3000,-1.2500
1784778440.314920,8874,8452,1679,4099,119.0100,1.6300
1784778440.366833,8808,8508,1632,4118,116.3000,-0.8100
1784778440.418363,8808,8443,1632,4081,116.3000,1.0000
1784778440.471914,8846,8508,1679,4081,113.6000,-0.8100
1784778440.522398,8874,8555,1670,4043,113.6000,1.1900
1784778440.572852,8874,8499,1660,4099,113.6000,-0.8100
1784778440.624088,8808,8480,1585,4071,116.3000,2.1300
1784778440.675898,8790,8471,1623,4062,119.0100,-1.5600
1784778440.727802,8696,8480,1735,4034,113.6000,1.4400
1784778440.779059,9137,8490,1632,4024,113.6000,-0.1200
1784778440.830823,9165,8499,1698,4043,110.8900,0.8800
1784778440.882112,9071,8527,1651,4043,113.6000,0.1900
1784778440.933842,9052,8499,1660,4128,115.9200,1.2500
1784778440.985026,8912,8536,1670,4024,108.7200,-0.3100
1784778441.036881,8827,8518,1707,4034,105.4800,0.3100
1784778441.088793,8837,8508,1689,3987,113.6000,-1.4400
1784778441.140062,8884,8480,1651,3996,102.7800,0.2500
1784778441.191802,8865,8490,1660,4090,108.1900,-0.2500
1784778441.243032,8865,8518,1623,4034,105.4800,0.0000
1784778441.294827,8762,8480,1660,3987,105.4800,0.0000
1784778441.346081,8808,8527,1651,4062,105.4800,1.1200
1784778441.397864,8987,8527,1623,4006,105.4800,-0.4400
1784778441.449004,8930,8527,1642,3996,100.0700,2.0600
1784778441.501040,9043,8565,1698,4081,100.0700,-1.1900
1784778441.552838,9062,8602,1632,3977,91.9600,-0.5600
1784778441.603889,9296,8574,1613,4024,102.7800,1.8800
1784778441.655859,9212,8583,1717,3996,91.9600,0.0600
1784778441.706913,9109,8555,1726,3996,100.0700,0.6300
1784778441.758830,9109,8574,1632,4043,105.4800,1.5600
1784778441.810025,9062,8621,1585,4006,97.3700,3.0600
1784778441.861858,8940,8630,1623,3968,108.1900,0.1900
1784778441.913752,8902,8611,1632,4024,100.0700,1.3100
1784778441.964871,8930,8640,1613,3987,102.7800,-1.4400
1784778442.016783,8968,8593,1595,4024,100.0700,0.0600
1784778442.067912,8968,8640,1585,4006,97.3700,-0.5000
1784778442.120068,9005,8621,1623,3959,100.0700,0.5600
1784778442.171024,9005,8593,1623,3996,95.4600,0.8100
1784778442.222850,8940,8621,1604,4006,104.8800,0.7500
1784778442.274047,8893,8621,1642,4062,97.3700,0.5000
1784778442.325857,8977,8602,1660,4052,97.3700,0.1900
1784778442.377788,8940,8621,1660,4052,91.9600,1.5600
1784778442.428895,9005,8630,1651,4099,94.6600,0.9400
1784778442.480788,9024,8687,1613,4052,97.3700,-0.8100
1784778442.532025,9024,8687,1660,4062,94.6600,-0.2500
1784778442.583811,9081,8687,1557,4052,97.3700,-1.2500
1784778442.635007,9043,8668,1538,4052,100.0700,1.2500
1784778442.686839,9024,8677,1632,4062,105.4800,0.1900
1784778442.738755,8855,8724,1510,4024,100.0700,0.0600
1784778442.790080,8762,8696,1557,4024,102.7800,0.0600
1784778442.841768,8780,8649,1538,3987,105.4800,-1.3700
1784778442.892998,8752,8677,1632,4034,100.0700,0.8800
1784778442.944792,8818,8762,1613,4034,100.0700,0.8800
1784778442.996100,8762,8715,1642,4006,100.0700,-0.3700
1784778443.047875,9202,8752,1613,4071,94.6600,-0.5000
1784778443.099703,9362,8715,1510,4062,97.3700,-0.6300
1784778443.150990,9334,8724,1623,4052,100.0700,-0.5000
1784778443.202757,8780,8724,1660,4062,99.3600,1.1200
1784778443.254029,9362,8743,1576,4034,97.3700,-0.9400
1784778443.305810,8846,8733,1576,4034,97.3700,-0.1900
1784778443.356904,8846,8743,1632,3968,102.7800,0.2500
1784778443.408851,9240,8668,1613,3968,100.0700,-1.0600
1784778443.459997,9296,8780,1604,4043,95.4600,1.3100
1784778443.512017,9231,8724,1595,4024,100.0700,-0.9400
1784778443.563828,9278,8762,1576,3996,97.3700,0.0000
1784778443.614848,9315,8762,1595,4006,97.3700,-0.1200
1784778443.666782,9315,8724,1613,3987,99.3600,-0.3100
1784778443.717872,9109,8865,1576,3987,97.3700,-0.2500
1784778443.769831,9109,8752,1623,4006,97.3700,0.0000
1784778443.821051,9109,8762,1613,4043,95.4600,-0.9400
1784778443.873080,9081,8771,1613,3996,96.6000,-0.5600
1784778443.924697,9071,8771,1604,4006,100.0700,0.8800
1784778443.975894,9071,8818,1623,3996,94.6600,-0.3700
1784778444.027782,9052,8790,1576,4081,97.3700,0.6300
1784778444.078906,9052,8855,1632,4052,92.8100,-0.6900
1784778444.131140,9052,8818,1604,4015,94.6600,-0.6300
1784778444.182092,9052,8846,1651,4043,94.6600,-0.6300
1784778444.233824,8987,8846,1651,4015,93.8400,0.0600
1784778444.285141,8949,8846,1510,3968,94.6600,1.5000
1784778444.336834,8996,8855,1576,4043,89.2500,0.4400
1784778444.388691,9062,8855,1642,3996,95.4600,0.7500
1784778444.439960,9034,8893,1520,3968,91.9600,0.5000
1784778444.491755,8959,8752,1604,4024,97.3700,1.8100
1784778444.543108,8987,8912,1623,4024,97.3700,1.4400
1784778444.594793,9005,8865,1576,3987,97.3700,1.4400
1784778444.646441,9005,8893,1613,4034,96.6000,1.6300
1784778444.697833,9015,8902,1557,4006,91.9600,-0.3100
1784778444.749016,9043,8893,1557,4024,90.1600,-0.6900
1784778444.800878,9034,8902,1557,3940,91.9600,0.6900
1784778444.852854,9043,8884,1501,4099,89.2500,0.6300
1784778444.904124,8996,8893,1585,3987,91.9600,-0.4400
1784778444.955793,9090,8968,1538,4015,91.9600,-0.2500
1784778445.007129,9015,8865,1604,3968,91.9600,-0.7500
1784778445.058821,9015,8930,1576,3931,86.5500,0.0000
1784778445.109989,8987,8987,1595,3987,91.9600,-0.4400
1784778445.162125,8996,8996,1595,3959,91.9600,0.2500
1784778445.213682,9043,8930,1623,3968,89.2500,0.3700
1784778445.265104,9099,8912,1576,3931,89.2500,0.0000
1784778445.316741,9081,8921,1529,3959,89.2500,-0.1200
1784778445.367906,8987,8902,1576,3893,86.5500,-0.0600
1784778445.419787,8959,8865,1548,3977,86.5500,0.1900
1784778445.471001,8949,8940,1585,3912,86.5500,-0.7500
1784778445.523116,8968,8940,1585,4006,83.8500,-0.4400
1784778445.574204,9034,8968,1557,3940,78.4400,-0.4400
1784778445.625831,9034,8987,1510,3987,83.8500,-0.4400
1784778445.677731,9071,9005,1548,3949,83.8500,0.7500
1784778445.728877,9062,8968,1567,3940,83.8500,-0.6300
1784778445.780743,9062,8996,1538,3959,86.5500,1.2500
1784778445.832006,9193,9015,1548,3949,86.5500,-0.7500
1784778445.883802,9071,8959,1576,3940,83.8500,1.1900
1784778445.935135,9146,8968,1604,3912,83.8500,1.1900
1784778445.986820,9090,9015,1529,4043,83.8500,1.1900
1784778446.038186,9062,9024,1520,3968,83.8500,1.1900
1784778446.089941,9118,8968,1576,3912,83.8500,1.1900
1784778446.141778,9109,9024,1538,3987,83.8500,1.1900
1784778446.193119,9165,9034,1567,3987,83.8500,1.1900
1784778446.244757,9071,9052,1557,3921,8.7700,0.5000
1784778446.296146,9109,8996,1538,3996,16.2300,5.7500
1784778446.347818,9156,9005,1613,3996,16.2300,9.5600
1784778446.399150,9174,8930,1632,4015,24.3400,7.9400
1784778446.451023,9240,8884,1632,3949,29.7500,17.3100
1784778446.502666,9475,8930,1632,3940,18.9300,8.5000
1784778446.554107,9062,8902,1623,4006,24.3400,15.3800
1784778446.605806,9034,8921,1604,3987,10.8200,13.6900
1784778446.657091,8987,8949,1613,3996,13.5200,11.9400
1784778446.708811,9043,8912,1651,3968,5.4100,13.6300
1784778446.759956,8996,8780,1567,3968,10.8200,13.8100
1784778446.811823,8959,8715,1613,3977,5.4100,12.1900
1784778446.863660,8977,8602,1595,3949,5.4100,11.0600
1784778446.915100,8987,8687,1520,3968,10.8200,12.0600
1784778446.966763,8987,8668,1510,3959,8.1100,10.6900
1784778447.017869,9127,8715,1501,3977,8.1100,12.0000
1784778447.069776,9109,8818,1501,3949,13.5200,13.7500
1784778447.121093,9146,8790,2158,3977,5.4100,10.4400
1784778447.173104,9127,8771,2120,4034,10.8200,10.1900
1784778447.224236,9127,8818,1970,4024,8.1100,8.6300
1784778447.275837,9165,8780,1923,4043,8.1100,8.9400
1784778447.327732,9184,8771,1914,3987,5.4100,8.6900
1784778447.379064,9259,8855,1857,4024,8.1100,8.0600
1784778447.430710,9109,8799,1857,4006,2.7000,9.3800
1784778447.481884,8996,8799,1735,3949,10.8200,6.7500
1784778447.534060,8893,8724,1754,3977,10.8200,6.7500
1784778447.585039,8893,8818,1782,3968,10.8200,6.7500
1784778447.636836,8902,8790,1792,4043,10.8200,6.7500
1784778447.688641,8987,8818,1745,3987,10.8200,6.7500
1784778447.740144,8912,8827,1764,3987,10.8200,6.7500
1784778447.791682,8884,8808,1829,3987,10.8200,6.7500
